source,setting,n_clusters,n_noise,silhouette,davies_bouldin,calinski_harabasz,nmi_vs_cat34,ari_vs_cat34,va_spread
brain.brain_jepa,agglomerative_ward_K10,10,0,0.03144524618983269,2.5096534746059826,142.2081383625595,0.053204010355365206,0.009236741184944096,1.4020593166351318
brain.brain_jepa,agglomerative_ward_K11,11,0,0.032961152493953705,2.6202452443287814,134.35121729806738,0.0605893228631651,0.009873762360274204,1.4033417701721191
brain.brain_jepa,agglomerative_ward_K12,12,0,0.03174036368727684,2.6000843913728855,127.64275543373103,0.06440913731435051,0.011009460114218793,1.3871769905090332
brain.brain_jepa,agglomerative_ward_K13,13,0,0.03175431862473488,2.661124834632727,121.53357151764332,0.06652105235409866,0.011602846872039345,1.3867523670196533
brain.brain_jepa,agglomerative_ward_K14,14,0,0.03186502680182457,2.6565984328446355,115.83732787794361,0.06900341212035291,0.009625489659340214,1.3891353607177734
brain.brain_jepa,agglomerative_ward_K15,15,0,0.03429706022143364,2.643254033608953,111.01094605316577,0.07124062628261052,0.009013404966799742,1.3844406604766846
brain.brain_jepa,agglomerative_ward_K16,16,0,0.034213341772556305,2.668810428835874,106.73752769160875,0.07328812663815999,0.010290944775142322,1.3850278854370117
brain.brain_jepa,agglomerative_ward_K17,17,0,0.03279954195022583,2.6342207833828537,102.99564498949303,0.07589126079262538,0.010653584004892136,1.384709358215332
brain.brain_jepa,agglomerative_ward_K18,18,0,0.034489624202251434,2.5273240909174994,99.61588977735687,0.07722455039703786,0.010450321271996178,1.3730062246322632
brain.brain_jepa,agglomerative_ward_K19,19,0,0.028107019141316414,2.503131858511156,96.39148496461232,0.07920526785688699,0.010734063580459134,1.3740826845169067
brain.brain_jepa,agglomerative_ward_K2,2,0,0.11555519700050354,2.719313819104905,271.0729887309018,0.020816269273626852,0.0052404766987024535,1.4292187690734863
brain.brain_jepa,agglomerative_ward_K20,20,0,0.030399514362215996,2.5330501478031193,93.53209095346017,0.08167969561488375,0.010714136218748987,1.3769911527633667
brain.brain_jepa,agglomerative_ward_K21,21,0,0.030487971380352974,2.495632592894833,90.99261900902543,0.08353319669257059,0.010987051323499246,1.3733757734298706
brain.brain_jepa,agglomerative_ward_K22,22,0,0.031996775418519974,2.463115693092863,88.70012902851282,0.0845823460128447,0.009642556488275581,1.3795148134231567
brain.brain_jepa,agglomerative_ward_K23,23,0,0.0326417051255703,2.464959254529923,86.27466083034088,0.08775840947252825,0.010599295436666501,1.3714511394500732
brain.brain_jepa,agglomerative_ward_K24,24,0,0.030546559020876884,2.502999698111577,84.06523420566879,0.09012497740377232,0.008971789259761161,1.368086338043213
brain.brain_jepa,agglomerative_ward_K25,25,0,0.031761836260557175,2.4442296384231406,82.05665005428371,0.09068113866138383,0.008872888999491143,1.344516396522522
brain.brain_jepa,agglomerative_ward_K26,26,0,0.030736105516552925,2.4817885676716553,79.96647867592941,0.09214744083091721,0.009015136755504227,1.3473238945007324
brain.brain_jepa,agglomerative_ward_K27,27,0,0.02678707428276539,2.4758050056248693,78.04775733124686,0.0945401093842491,0.008355028405653645,1.343475580215454
brain.brain_jepa,agglomerative_ward_K28,28,0,0.02703201211988926,2.4673644472373093,76.2526462583738,0.0972399148638198,0.008712821021569391,1.346524953842163
brain.brain_jepa,agglomerative_ward_K29,29,0,0.02730407752096653,2.454121432819569,74.54579798296157,0.09974311605580795,0.007340928397255557,1.3481261730194092
brain.brain_jepa,agglomerative_ward_K3,3,0,0.10070295631885529,2.3118115398082857,255.2739195087693,0.028606995064497313,0.01218276565163484,1.4001997709274292
brain.brain_jepa,agglomerative_ward_K30,30,0,0.02836250327527523,2.443765560665965,72.89149802016296,0.10161630970362812,0.007191237351577581,1.3441535234451294
brain.brain_jepa,agglomerative_ward_K31,31,0,0.028807837516069412,2.4628142368541313,71.32568818826167,0.10363408724680782,0.007157202922191059,1.3374803066253662
brain.brain_jepa,agglomerative_ward_K32,32,0,0.028736568987369537,2.4959248793522884,69.85731038476979,0.10509802810463256,0.00716767894490722,1.3355611562728882
brain.brain_jepa,agglomerative_ward_K33,33,0,0.030286911875009537,2.4961468853038675,68.44848930753419,0.10772038972089765,0.0074610066260612255,1.3400055170059204
brain.brain_jepa,agglomerative_ward_K34,34,0,0.030054517090320587,2.498269928512997,67.11096525485493,0.10924984194805867,0.0076656455705064784,1.340714454650879
brain.brain_jepa,agglomerative_ward_K35,35,0,0.028764430433511734,2.4931185937238634,65.84289065474847,0.11069556463775376,0.007685970882446769,1.3361600637435913
brain.brain_jepa,agglomerative_ward_K36,36,0,0.028595518320798874,2.4952587572359044,64.63201391108213,0.1116632483310253,0.007970857278025842,1.3376067876815796
brain.brain_jepa,agglomerative_ward_K37,37,0,0.028249870985746384,2.482516453021827,63.48849232241638,0.11240211137482016,0.007047335494696447,1.3434975147247314
brain.brain_jepa,agglomerative_ward_K38,38,0,0.028237080201506615,2.493571003572891,62.37440651037568,0.11343795567311582,0.006450084640982232,1.3444900512695312
brain.brain_jepa,agglomerative_ward_K39,39,0,0.029568985104560852,2.4927791806850483,61.31005560221218,0.11455459914957346,0.006602210158847664,1.3456339836120605
brain.brain_jepa,agglomerative_ward_K4,4,0,0.1043432205915451,2.2185693983855637,228.20903378667353,0.03760335147174891,0.014657370724543201,1.4126455783843994
brain.brain_jepa,agglomerative_ward_K40,40,0,0.02948232740163803,2.4656548724087286,60.290212296825764,0.11784826978407796,0.0069015981786493584,1.3440709114074707
brain.brain_jepa,agglomerative_ward_K41,41,0,0.029883526265621185,2.445383889498265,59.31982485021413,0.1199047487443481,0.006539293734038005,1.3423819541931152
brain.brain_jepa,agglomerative_ward_K42,42,0,0.029580436646938324,2.428473115847381,58.39095845378571,0.12195097255828669,0.006117843861032672,1.341591477394104
brain.brain_jepa,agglomerative_ward_K43,43,0,0.028091562911868095,2.449761440095557,57.50537045066509,0.12334129907735028,0.005808667718736741,1.3402082920074463
brain.brain_jepa,agglomerative_ward_K44,44,0,0.028055740520358086,2.420498172218007,56.66477059336284,0.12422502063308248,0.005750633880466438,1.3390761613845825
brain.brain_jepa,agglomerative_ward_K45,45,0,0.028763366863131523,2.429491249528404,55.85867973645077,0.12555142737597097,0.0057419942220474,1.3389371633529663
brain.brain_jepa,agglomerative_ward_K46,46,0,0.028925810009241104,2.4309810210449316,55.08938706795728,0.1270643748931678,0.005796548891095572,1.3421822786331177
brain.brain_jepa,agglomerative_ward_K47,47,0,0.027719859033823013,2.4388925689301457,54.35682412100431,0.12840105321124368,0.005870042771763718,1.3406089544296265
brain.brain_jepa,agglomerative_ward_K48,48,0,0.028542988002300262,2.415064344359642,53.658678460503324,0.12910558294846236,0.005795355017058608,1.3303076028823853
brain.brain_jepa,agglomerative_ward_K49,49,0,0.027622327208518982,2.411227809844698,52.96322506576341,0.13112561896486938,0.005386483118936938,1.3305494785308838
brain.brain_jepa,agglomerative_ward_K5,5,0,0.09022217243909836,2.2059029177261196,212.1493389511987,0.040005337543642355,0.01276481971212396,1.414549469947815
brain.brain_jepa,agglomerative_ward_K50,50,0,0.028480209410190582,2.412278806885252,52.298530567632035,0.1330528270315947,0.005838745840054569,1.3319746255874634
brain.brain_jepa,agglomerative_ward_K6,6,0,0.053749941289424896,2.5470830600811287,194.20318302927467,0.0433978973295768,0.013122799276706391,1.4109944105148315
brain.brain_jepa,agglomerative_ward_K7,7,0,0.053128231316804886,2.4370525600304274,175.74671898064383,0.04610546280091323,0.013296717969930871,1.4190597534179688
brain.brain_jepa,agglomerative_ward_K8,8,0,0.04461916536092758,2.469310054678792,163.08845544628045,0.04878985659120049,0.011111646886780097,1.4172708988189697
brain.brain_jepa,agglomerative_ward_K9,9,0,0.028591345995664597,2.518890208796096,151.39114570069472,0.05050143380616686,0.00957124104695819,1.4097989797592163
brain.brain_jepa,gmm_K10,10,0,-0.03632547706365585,3.393164519781893,82.63073763489665,0.06216347950994384,0.01251532915379349,1.399227261543274
brain.brain_jepa,gmm_K11,11,0,-0.031050169840455055,3.475558056139739,74.43776369117712,0.06222825674031234,0.005998611296468083,1.4024885892868042
brain.brain_jepa,gmm_K12,12,0,-0.016300903633236885,3.45928900476448,83.7761002174951,0.070086320467794,0.01428960599985346,1.4120367765426636
brain.brain_jepa,gmm_K13,13,0,-0.03428007662296295,3.2253688838258134,73.05221743851051,0.06302744155968033,0.00494539529368515,1.4072716236114502
brain.brain_jepa,gmm_K14,14,0,-0.02843393385410309,3.1035426509490613,76.11260521143143,0.06615314959980811,0.00658658933146119,1.4081274271011353
brain.brain_jepa,gmm_K15,15,0,-0.022854899987578392,3.4802597261412163,78.10328291555442,0.07040698741368852,0.010585667970751125,1.4036961793899536
brain.brain_jepa,gmm_K16,16,0,-0.019397104158997536,3.0941827825919077,76.78165991497423,0.07467858525322746,0.008435889010475168,1.4159455299377441
brain.brain_jepa,gmm_K17,17,0,-0.008937034755945206,3.0889245666979908,76.28507166369738,0.07895565094568112,0.011515579235691556,1.4010494947433472
brain.brain_jepa,gmm_K18,18,0,-0.014336501248180866,3.462451822010608,73.82925989933986,0.08156712009167792,0.00995921217176696,1.4033712148666382
brain.brain_jepa,gmm_K19,19,0,-0.014776921831071377,3.115167168151828,72.08724621092033,0.08271010937278746,0.009327793773813759,1.4075528383255005
brain.brain_jepa,gmm_K2,2,0,0.13977636396884918,3.4252795680945995,164.23400757927848,0.011783693747084838,0.007972374892879922,1.4468382596969604
brain.brain_jepa,gmm_K20,20,0,-0.019188297912478447,3.05035661138207,65.8782998628187,0.08433200893029823,0.009467990385427954,1.4002259969711304
brain.brain_jepa,gmm_K21,21,0,-0.0037293776404112577,2.894016353485689,70.4875709877787,0.08719519760751583,0.00941725668234259,1.3877760171890259
brain.brain_jepa,gmm_K22,22,0,0.002500690519809723,2.9044515726215003,71.64261816239402,0.0907226635841964,0.01098694457593595,1.3949843645095825
brain.brain_jepa,gmm_K23,23,0,0.0014639750588685274,3.0215874534649236,68.64359577102748,0.0909440960666178,0.0091693620621127,1.395362138748169
brain.brain_jepa,gmm_K24,24,0,-0.00020242758910171688,2.9902210299842147,67.75624588678534,0.08846551843993138,0.008731294581072004,1.401841163635254
brain.brain_jepa,gmm_K25,25,0,0.003159299958497286,2.9130706787575313,66.31837584960027,0.10225120624487449,0.009816283723817867,1.3910272121429443
brain.brain_jepa,gmm_K26,26,0,-0.001173255150206387,2.9507087771910543,62.9864375569597,0.09577899788292092,0.007355661224198088,1.401246190071106
brain.brain_jepa,gmm_K27,27,0,0.006035822909325361,2.9062879803902724,64.2136380508612,0.10037923529837053,0.009731759327022936,1.3909766674041748
brain.brain_jepa,gmm_K28,28,0,0.0007031114073470235,2.8313242397412886,60.601671072026434,0.10077464063761206,0.008540929486162767,1.3777159452438354
brain.brain_jepa,gmm_K29,29,0,0.0014662928879261017,2.8359160382057045,60.035734102370284,0.10329091412153965,0.0077923626812517,1.3764870166778564
brain.brain_jepa,gmm_K3,3,0,0.03370758891105652,3.878934084775402,118.23203500657111,0.01662915328087435,-0.0011650305999178845,1.4303885698318481
brain.brain_jepa,gmm_K30,30,0,0.0008679497404955328,2.8512756103734516,59.14779572550357,0.10377878522390462,0.008808641675839118,1.3830381631851196
brain.brain_jepa,gmm_K31,31,0,-0.004568921867758036,2.753455170048023,57.43658968917214,0.1045969520068727,0.012166562342056285,1.383088231086731
brain.brain_jepa,gmm_K32,32,0,0.0030377660878002644,2.852914032276497,58.653850474742086,0.11121675887422827,0.00930099222758158,1.3725557327270508
brain.brain_jepa,gmm_K33,33,0,0.004238108638674021,2.801706771052662,58.284526452309606,0.11395157630856571,0.009690619412443044,1.3731099367141724
brain.brain_jepa,gmm_K34,34,0,-0.0018271325388923287,2.8667372433005176,55.70217803810711,0.10954497889643004,0.00749893373072321,1.3740216493606567
brain.brain_jepa,gmm_K35,35,0,0.0044136131182312965,2.7320745788372593,55.67113859134527,0.11688002581335226,0.010214814540503252,1.3747082948684692
brain.brain_jepa,gmm_K36,36,0,0.004850356373935938,2.699580589188473,54.73776463714266,0.11636186990179981,0.00796170197860656,1.374558448791504
brain.brain_jepa,gmm_K37,37,0,0.012087798677384853,2.7050885052892535,56.90285465042406,0.12281029182550723,0.00895465881713084,1.3781672716140747
brain.brain_jepa,gmm_K38,38,0,0.007477786857634783,2.7479807016843867,53.542522415152106,0.12264828545762861,0.0088599622934323,1.3779256343841553
brain.brain_jepa,gmm_K39,39,0,0.01031948160380125,2.674715624136678,54.53645129473792,0.11792499818612122,0.007821701585806548,1.368654727935791
brain.brain_jepa,gmm_K4,4,0,-0.026587868109345436,4.254290209896198,91.28366474049014,0.027282767321823703,-0.0022325697929143034,1.4135898351669312
brain.brain_jepa,gmm_K40,40,0,0.00764613738283515,2.725692677804178,52.84835163929731,0.11671027995101475,0.007222473784460251,1.3683748245239258
brain.brain_jepa,gmm_K41,41,0,0.007522637490183115,2.7567111309123855,51.62881885756492,0.12403375773044117,0.008719233264181541,1.3690346479415894
brain.brain_jepa,gmm_K42,42,0,0.011838188394904137,2.6728710899745645,52.382278552571265,0.1233928103192234,0.007543630449835621,1.3729567527770996
brain.brain_jepa,gmm_K43,43,0,0.01578923501074314,2.592628013664258,52.74091457611982,0.1302294330742528,0.0073522934902446905,1.364335298538208
brain.brain_jepa,gmm_K44,44,0,0.009980070404708385,2.6754854553736447,50.651258212693094,0.13430024087661835,0.009631920891262144,1.3592509031295776
brain.brain_jepa,gmm_K45,45,0,0.013037147931754589,2.691825664620331,50.79473419968878,0.12972012777207165,0.009089104125282297,1.3601770401000977
brain.brain_jepa,gmm_K46,46,0,0.012927142903208733,2.620097514472468,49.996329167166245,0.1342421447218333,0.009334527496121332,1.3619153499603271
brain.brain_jepa,gmm_K47,47,0,0.007456919644027948,2.6636961343420187,48.00828686707394,0.13454954009545775,0.008315380492615819,1.3612886667251587
brain.brain_jepa,gmm_K48,48,0,0.0092308996245265,2.6758609362290287,47.45173150424315,0.13541564324712196,0.008403084760419264,1.371474266052246
brain.brain_jepa,gmm_K49,49,0,0.01394994743168354,2.5790455392021356,47.95904388869317,0.1327142556578474,0.008038574470360098,1.3722039461135864
brain.brain_jepa,gmm_K5,5,0,-0.02539115957915783,4.015073692126341,93.15364938704381,0.031134534471510197,-0.00020408922346017638,1.4261072874069214
brain.brain_jepa,gmm_K50,50,0,0.01863834075629711,2.54988804824724,47.92065243271321,0.13521522932010396,0.007336615944624903,1.3748167753219604
brain.brain_jepa,gmm_K6,6,0,-0.022435199469327927,3.7150292951300528,95.33092462123547,0.039560811417139075,0.00031349460032980365,1.4202731847763062
brain.brain_jepa,gmm_K7,7,0,-0.029533276334404945,3.855458361712524,85.93061535140896,0.04254684553835199,0.011809006587109282,1.4120017290115356
brain.brain_jepa,gmm_K8,8,0,-0.03544024005532265,3.4930082030379506,77.74470463519185,0.047180290178436925,0.005412987004262933,1.408477783203125
brain.brain_jepa,gmm_K9,9,0,-0.02775067836046219,3.397820874624097,81.53098775827445,0.05400484903411869,0.007399011553978095,1.405300498008728
brain.brain_jepa,hdbscan_auto,0,2185,,,,,,
brain.brain_jepa,kmeans_K10,10,0,0.07434438169002533,2.201414097393787,178.3073641510514,0.06247750362120665,0.010208311693881962,1.4038865566253662
brain.brain_jepa,kmeans_K11,11,0,0.07153686881065369,2.1902878484437367,167.61728978904355,0.058460692931476536,0.009104809917131104,1.4051021337509155
brain.brain_jepa,kmeans_K12,12,0,0.07252451777458191,2.2023305574335503,158.0238928312881,0.06926278656596067,0.012017640961343789,1.3990651369094849
brain.brain_jepa,kmeans_K13,13,0,0.07125651836395264,2.1849133929497144,150.10454893273683,0.06658264767667521,0.009252600985229967,1.394524097442627
brain.brain_jepa,kmeans_K14,14,0,0.07204558700323105,2.2091945754698474,142.62780714160573,0.07467072009625128,0.012297833936540898,1.3983176946640015
brain.brain_jepa,kmeans_K15,15,0,0.07214134931564331,2.2115507723168464,136.8636616388028,0.07277417920804782,0.009801576838777684,1.3977826833724976
brain.brain_jepa,kmeans_K16,16,0,0.07153048366308212,2.224615076928163,130.76982437121103,0.07310878083096446,0.00916222247223396,1.4014041423797607
brain.brain_jepa,kmeans_K17,17,0,0.06770376116037369,2.203192079684752,125.90265880619629,0.0757683332898675,0.009544950637697995,1.3960027694702148
brain.brain_jepa,kmeans_K18,18,0,0.06293674558401108,2.272126500621382,120.49393927045246,0.08208005858861607,0.010988140994305843,1.3841606378555298
brain.brain_jepa,kmeans_K19,19,0,0.06594923138618469,2.19486693093621,115.83285530549657,0.07594630472740858,0.007867363586037419,1.3938169479370117
brain.brain_jepa,kmeans_K2,2,0,0.15372969210147858,2.193929085688067,387.8439702673614,0.016530296756580177,0.008544410901146307,1.4187623262405396
brain.brain_jepa,kmeans_K20,20,0,0.06418060511350632,2.2090721135856937,111.88644442196843,0.08675552040300152,0.009493928292594671,1.3864843845367432
brain.brain_jepa,kmeans_K21,21,0,0.06393643468618393,2.2834718453132106,108.61516771315048,0.08593209630448027,0.009177646642784747,1.3922622203826904
brain.brain_jepa,kmeans_K22,22,0,0.06492744386196136,2.2277603382090585,105.06694253902297,0.09119197207090365,0.01024122906564865,1.3908990621566772
brain.brain_jepa,kmeans_K23,23,0,0.06420958787202835,2.302607719020133,101.46358323735373,0.0909768170454554,0.010084829075969672,1.3868266344070435
brain.brain_jepa,kmeans_K24,24,0,0.060691431164741516,2.2723571864014533,98.57146613136413,0.09308778350594259,0.011047873021673857,1.3850685358047485
brain.brain_jepa,kmeans_K25,25,0,0.06147221103310585,2.259573518018956,95.98220291256376,0.09762761080707684,0.00999971071363497,1.3870611190795898
brain.brain_jepa,kmeans_K26,26,0,0.05935986340045929,2.2357314599167313,93.5288331512842,0.09057278806350441,0.0070760293773574545,1.380712628364563
brain.brain_jepa,kmeans_K27,27,0,0.061633672565221786,2.246448554822835,91.31938264566736,0.09662332831813183,0.008623426701321928,1.3877066373825073
brain.brain_jepa,kmeans_K28,28,0,0.062344323843717575,2.276029833787329,88.83000017640818,0.10234165514367942,0.00886130325379777,1.372393250465393
brain.brain_jepa,kmeans_K29,29,0,0.06113847717642784,2.3034627118747135,86.69957945334494,0.09967612722822403,0.006605904164315564,1.3784714937210083
brain.brain_jepa,kmeans_K3,3,0,0.14405514299869537,2.0682109240876287,351.39677177180505,0.027472110064348586,0.010753380721114262,1.4241762161254883
brain.brain_jepa,kmeans_K30,30,0,0.061018820852041245,2.2355815197515736,84.93356956431467,0.10124638140586098,0.008307251700330883,1.3865077495574951
brain.brain_jepa,kmeans_K31,31,0,0.05771477520465851,2.3145770098789935,82.64521117164378,0.10930086319934057,0.008788243582422448,1.3807704448699951
brain.brain_jepa,kmeans_K32,32,0,0.05979252606630325,2.2868707349544777,80.75071332979937,0.10929220525465559,0.00754812803272213,1.3738811016082764
brain.brain_jepa,kmeans_K33,33,0,0.06037895381450653,2.2924595067697506,79.27172898400094,0.10797998849789173,0.00831328224581158,1.3748830556869507
brain.brain_jepa,kmeans_K34,34,0,0.059948600828647614,2.2853669165632664,77.38878159430823,0.1074527345940844,0.007411621257663744,1.3639227151870728
brain.brain_jepa,kmeans_K35,35,0,0.05710567533969879,2.2578223183225794,75.72115605120446,0.10985181960568552,0.006917303142482539,1.374858021736145
brain.brain_jepa,kmeans_K36,36,0,0.06029381975531578,2.215131261517124,74.353188044077,0.1171346086261466,0.008512043788619526,1.351616382598877
brain.brain_jepa,kmeans_K37,37,0,0.05787394568324089,2.2876382456674187,72.9710720591127,0.11585996358460554,0.008259064478886692,1.3526432514190674
brain.brain_jepa,kmeans_K38,38,0,0.06016109511256218,2.2639584564596564,71.75845722682331,0.11631805375643864,0.008214005271651982,1.3716211318969727
brain.brain_jepa,kmeans_K39,39,0,0.055181149393320084,2.2626030408722024,70.21780704424404,0.11947751045957301,0.0075304481695901496,1.3605406284332275
brain.brain_jepa,kmeans_K4,4,0,0.11967623233795166,2.1036076170766185,300.44011431213465,0.037324035074839106,0.014563649915450484,1.4303357601165771
brain.brain_jepa,kmeans_K40,40,0,0.06031588837504387,2.2758577162381313,69.06111960259172,0.11619252168917271,0.007053642061701088,1.356331467628479
brain.brain_jepa,kmeans_K41,41,0,0.05831252411007881,2.2863881683943093,67.73782042343159,0.12162030788118676,0.008137524496809873,1.3563512563705444
brain.brain_jepa,kmeans_K42,42,0,0.05761239305138588,2.235549923733029,67.00571627493366,0.12375642055556513,0.007490261688311502,1.3752669095993042
brain.brain_jepa,kmeans_K43,43,0,0.059144191443920135,2.236862985691196,65.75498335374508,0.12716006023283571,0.006027107564574635,1.3540043830871582
brain.brain_jepa,kmeans_K44,44,0,0.056863345205783844,2.2738589077848173,64.6046423881415,0.12885546096393682,0.007784309965848038,1.3549917936325073
brain.brain_jepa,kmeans_K45,45,0,0.05948134511709213,2.2456267897273574,63.80226523251597,0.12697760878448242,0.008381430506782228,1.3497852087020874
brain.brain_jepa,kmeans_K46,46,0,0.05539867281913757,2.2903721309783576,62.423458140209874,0.1328931041003186,0.00856395789065165,1.3506104946136475
brain.brain_jepa,kmeans_K47,47,0,0.05716302618384361,2.316979453917831,61.72485543184583,0.13401033453327868,0.008349082159411516,1.3506066799163818
brain.brain_jepa,kmeans_K48,48,0,0.056064002215862274,2.3062182973949845,60.82851656420271,0.12805481776347322,0.006475795797207067,1.3632049560546875
brain.brain_jepa,kmeans_K49,49,0,0.05565287172794342,2.269598118317315,59.86423424095023,0.13393363051110577,0.007436428863754832,1.3511912822723389
brain.brain_jepa,kmeans_K5,5,0,0.10456240177154541,2.0649566723676354,272.81696742074166,0.03281682771486473,0.006541953993671217,1.4228421449661255
brain.brain_jepa,kmeans_K50,50,0,0.055366311222314835,2.272509536621687,58.94313258896948,0.13207975121956916,0.006165294096412445,1.3597891330718994
brain.brain_jepa,kmeans_K6,6,0,0.08791366219520569,2.1542694714137016,243.54579762957215,0.04009538529074345,0.007702910680489354,1.4206255674362183
brain.brain_jepa,kmeans_K7,7,0,0.08811064064502716,2.127443140428261,221.81863478626067,0.04454903914533663,0.007292432723512665,1.4234033823013306
brain.brain_jepa,kmeans_K8,8,0,0.08270417153835297,2.0923354425599454,205.15810795846386,0.0539678189584868,0.00975595933656849,1.4215054512023926
brain.brain_jepa,kmeans_K9,9,0,0.07644720375537872,2.187625091087281,190.4764510178077,0.05464611353489662,0.009188063873392277,1.4121671915054321
brain.roi_mean,agglomerative_ward_K10,10,0,0.0294266976416111,2.8657059357469996,152.2294880266775,0.07936810345415786,0.01993378920349436,1.3850620985031128
brain.roi_mean,agglomerative_ward_K11,11,0,0.02828262187540531,2.883440156551787,142.28409413346947,0.08414316826601179,0.021151257733716018,1.3885445594787598
brain.roi_mean,agglomerative_ward_K12,12,0,0.028672851622104645,2.817577689276046,134.22173639198667,0.08605469566474322,0.020599205093339953,1.385154366493225
brain.roi_mean,agglomerative_ward_K13,13,0,0.030184607952833176,2.785951531676539,126.6900361446778,0.08739068102673396,0.020151065149118262,1.3931077718734741
brain.roi_mean,agglomerative_ward_K14,14,0,0.028047926723957062,2.79649738286052,120.15816542370536,0.09251651531093151,0.02076433498216573,1.3889904022216797
brain.roi_mean,agglomerative_ward_K15,15,0,0.02749515138566494,2.8133029728646943,114.52209205298473,0.09608712319782739,0.021736210660309736,1.3934054374694824
brain.roi_mean,agglomerative_ward_K16,16,0,0.026466133072972298,2.870940764048602,109.5331600631301,0.10011353236653885,0.018442070730656714,1.3948358297348022
brain.roi_mean,agglomerative_ward_K17,17,0,0.0276433527469635,2.8409701015615654,105.00376227541099,0.10439017396540161,0.019603201090308747,1.3870874643325806
brain.roi_mean,agglomerative_ward_K18,18,0,0.028950218111276627,2.8182726072379336,100.9013037061616,0.10731200510896542,0.01872284626251623,1.3877652883529663
brain.roi_mean,agglomerative_ward_K19,19,0,0.029163844883441925,2.7717754248955826,96.97489086833251,0.1105834264685872,0.017437333130008132,1.3881287574768066
brain.roi_mean,agglomerative_ward_K2,2,0,0.1605294793844223,1.925979708277445,554.8183471850056,0.01578313385778592,0.0030754340010110837,1.4287501573562622
brain.roi_mean,agglomerative_ward_K20,20,0,0.024354564025998116,2.8196843339189774,93.4374238951893,0.1141066094860966,0.020962219074886077,1.388797402381897
brain.roi_mean,agglomerative_ward_K21,21,0,0.025112072005867958,2.7928938294698007,90.12660997755995,0.1153879183487093,0.0187336041966145,1.3833544254302979
brain.roi_mean,agglomerative_ward_K22,22,0,0.023882096633315086,2.793577116163282,87.07469306737117,0.11727305608791036,0.018290559833300878,1.3799370527267456
brain.roi_mean,agglomerative_ward_K23,23,0,0.025428656488656998,2.7851480158463193,84.19241970936667,0.11818118737698888,0.018228826577746788,1.3689839839935303
brain.roi_mean,agglomerative_ward_K24,24,0,0.02472000941634178,2.79265451314267,81.55241667138158,0.12269771698694153,0.019269416291429354,1.3597911596298218
brain.roi_mean,agglomerative_ward_K25,25,0,0.022807728499174118,2.7852753378994133,79.10634109487965,0.12480570619054879,0.019022905427472002,1.3579552173614502
brain.roi_mean,agglomerative_ward_K26,26,0,0.020919613540172577,2.8622523046645307,76.83083727642776,0.12806520687685904,0.01921640192367029,1.358007550239563
brain.roi_mean,agglomerative_ward_K27,27,0,0.020249541848897934,2.853781494104887,74.72926781186969,0.129743420998766,0.019291857393029965,1.3525141477584839
brain.roi_mean,agglomerative_ward_K28,28,0,0.02023726888000965,2.8639586304906612,72.7845936909476,0.13252592831045365,0.0199879113259579,1.3515300750732422
brain.roi_mean,agglomerative_ward_K29,29,0,0.01915714144706726,2.8929757430814282,70.96835950317346,0.13489408252546614,0.017833504988063537,1.3505467176437378
brain.roi_mean,agglomerative_ward_K3,3,0,0.07750493288040161,2.5908186290842603,357.2331760416525,0.02906208548026767,0.014454221840428017,1.407430648803711
brain.roi_mean,agglomerative_ward_K30,30,0,0.01988670974969864,2.847866761637397,69.28471525691718,0.1384058343901567,0.01819427804153445,1.3451581001281738
brain.roi_mean,agglomerative_ward_K31,31,0,0.01954014040529728,2.9175140057786955,67.68009369274013,0.14196238781846654,0.019125930544917263,1.3460907936096191
brain.roi_mean,agglomerative_ward_K32,32,0,0.019226402044296265,2.895628379686418,66.17777880011381,0.1431979352883031,0.019203717600141175,1.34269380569458
brain.roi_mean,agglomerative_ward_K33,33,0,0.019661815837025642,2.8908949096608247,64.77209455755641,0.1463548583133906,0.0195704493038341,1.3456361293792725
brain.roi_mean,agglomerative_ward_K34,34,0,0.01783696375787258,2.9539831331119615,63.36393415704114,0.14795809930331363,0.01669208978355667,1.3496699333190918
brain.roi_mean,agglomerative_ward_K35,35,0,0.018300415948033333,2.9447498068021503,62.01773581185448,0.14884011225733773,0.01640317815591994,1.3518415689468384
brain.roi_mean,agglomerative_ward_K36,36,0,0.017333798110485077,2.9661602194141223,60.73763654643313,0.14983550616499358,0.016995807127268454,1.3535734415054321
brain.roi_mean,agglomerative_ward_K37,37,0,0.018312398344278336,2.943051951260679,59.52470150340805,0.15112513970687633,0.016939078001632656,1.341645359992981
brain.roi_mean,agglomerative_ward_K38,38,0,0.0189743060618639,2.9364644480564537,58.37171771948583,0.1541278070539322,0.01729503832876405,1.3414114713668823
brain.roi_mean,agglomerative_ward_K39,39,0,0.017611365765333176,2.917108310163162,57.279675875323015,0.15648822655339645,0.01813023935732498,1.3413450717926025
brain.roi_mean,agglomerative_ward_K4,4,0,0.059866104274988174,2.7137986214372747,293.2027721281495,0.030279225932410798,0.01127088444226767,1.4215946197509766
brain.roi_mean,agglomerative_ward_K40,40,0,0.014248733408749104,2.9254024247408315,56.24496967551186,0.1596287005121566,0.018452276634198243,1.342748761177063
brain.roi_mean,agglomerative_ward_K41,41,0,0.014211006462574005,2.933424236227913,55.26017027179107,0.16144570833691385,0.016747975308553244,1.3396953344345093
brain.roi_mean,agglomerative_ward_K42,42,0,0.01416584849357605,2.9475337333640836,54.302641948428224,0.1638276018381928,0.01734452654569453,1.3430086374282837
brain.roi_mean,agglomerative_ward_K43,43,0,0.014666035771369934,2.946293964768405,53.39019918483671,0.1657906480569323,0.017451046673999042,1.3396812677383423
brain.roi_mean,agglomerative_ward_K44,44,0,0.015827283263206482,2.9144099777095103,52.516592105201546,0.1687966098003548,0.01753687777073624,1.3390480279922485
brain.roi_mean,agglomerative_ward_K45,45,0,0.016186393797397614,2.9069226242309862,51.68151205174864,0.1703030122535735,0.017453282337493367,1.3408015966415405
brain.roi_mean,agglomerative_ward_K46,46,0,0.01669677346944809,2.878857649458678,50.88015062981768,0.17225171281862017,0.017622452079826496,1.3414905071258545
brain.roi_mean,agglomerative_ward_K47,47,0,0.017057912424206734,2.8596369465201206,50.113742963228546,0.17356990496196653,0.01780027856553441,1.337808609008789
brain.roi_mean,agglomerative_ward_K48,48,0,0.015640513971447945,2.8460494430575363,49.378729950456496,0.17425824511950497,0.016420403969464377,1.3380762338638306
brain.roi_mean,agglomerative_ward_K49,49,0,0.01554794143885374,2.831138564138356,48.67081482821703,0.17633614651647644,0.01690375406934611,1.3334850072860718
brain.roi_mean,agglomerative_ward_K5,5,0,0.06028721109032631,2.6118492293999838,256.6168609603146,0.04289153731370385,0.007447956332659827,1.4254499673843384
brain.roi_mean,agglomerative_ward_K50,50,0,0.015192425809800625,2.810710391848288,47.99062377551455,0.17768187810927075,0.01637023193972149,1.3265022039413452
brain.roi_mean,agglomerative_ward_K6,6,0,0.047782935202121735,2.8308143994472323,220.00121396428742,0.04599988119042911,0.0101826550057139,1.4158977270126343
brain.roi_mean,agglomerative_ward_K7,7,0,0.036353230476379395,2.8258969507410296,195.9465750045773,0.05859664900023262,0.010051224622360185,1.4228742122650146
brain.roi_mean,agglomerative_ward_K8,8,0,0.038059622049331665,2.8009206237554833,178.28579963056552,0.07309619691404831,0.019693653684006315,1.3967971801757812
brain.roi_mean,agglomerative_ward_K9,9,0,0.033878061920404434,2.8771402659760543,164.6627163820506,0.07625259084665821,0.017795592393784025,1.392800211906433
brain.roi_mean,gmm_K10,10,0,-0.19934482872486115,7.958176721338471,20.62363433215855,0.06095506613741139,0.01351325694763458,1.396220088005066
brain.roi_mean,gmm_K11,11,0,-0.18424201011657715,6.137919408276947,29.929542866517775,0.06571892883843669,0.019515397576058142,1.4046934843063354
brain.roi_mean,gmm_K12,12,0,-0.17578977346420288,6.751375581466992,31.63787700027545,0.07746656359126636,0.02382024971062147,1.4099944829940796
brain.roi_mean,gmm_K13,13,0,-0.18853366374969482,6.7169173514091876,26.614288379002076,0.07407359547763415,0.020709581197042696,1.4099622964859009
brain.roi_mean,gmm_K14,14,0,-0.15623439848423004,5.298641626140383,40.07631346041299,0.08665660743125521,0.029194654429605692,1.3961066007614136
brain.roi_mean,gmm_K15,15,0,-0.15034210681915283,5.2048994929571215,51.198483809898434,0.0772740332319773,0.019664783235205402,1.3943105936050415
brain.roi_mean,gmm_K16,16,0,-0.1387403905391693,5.164439859927057,48.23043258710348,0.09243699793569143,0.025910100563005283,1.3866159915924072
brain.roi_mean,gmm_K17,17,0,-0.13257436454296112,4.854238261437398,50.42908049761483,0.09638527223102125,0.025847408795107475,1.3917962312698364
brain.roi_mean,gmm_K18,18,0,-0.14111697673797607,5.418106059925978,43.75142720236264,0.09930043034516081,0.028448220273085797,1.3905243873596191
brain.roi_mean,gmm_K19,19,0,-0.13515755534172058,5.063332541702626,43.7637214854988,0.09286497912170735,0.02929939146562881,1.4055124521255493
brain.roi_mean,gmm_K2,2,0,0.03177020698785782,14.1563948265722,9.980447105748858,0.012644703531592034,0.006338705723769129,1.4358164072036743
brain.roi_mean,gmm_K20,20,0,-0.13538411259651184,5.083446047737194,46.42608881254255,0.09807398253110719,0.025045801675582298,1.394777536392212
brain.roi_mean,gmm_K21,21,0,-0.11846897751092911,4.310649970603755,52.72245138956303,0.1034608309376253,0.02510950816598893,1.3897736072540283
brain.roi_mean,gmm_K22,22,0,-0.10621101409196854,4.19739890675112,55.09895065424445,0.10075069367083324,0.022554231752254968,1.3834540843963623
brain.roi_mean,gmm_K23,23,0,-0.11650657653808594,4.434179050362199,47.34493750854824,0.11285538260663905,0.01912889616092883,1.3831429481506348
brain.roi_mean,gmm_K24,24,0,-0.09757496416568756,3.964291952118632,55.01137034490133,0.11529788811759283,0.024787246782664227,1.4005123376846313
brain.roi_mean,gmm_K25,25,0,-0.10069845616817474,3.9638750205947906,49.16794976887453,0.1148372906075297,0.027208402436063303,1.4014238119125366
brain.roi_mean,gmm_K26,26,0,-0.10076674073934555,4.02767702653214,50.1080305067407,0.11737426106720862,0.019555529843534585,1.3894309997558594
brain.roi_mean,gmm_K27,27,0,-0.09088492393493652,4.097112843296966,50.35001466131547,0.12115745713874891,0.022970193327279693,1.3827741146087646
brain.roi_mean,gmm_K28,28,0,-0.09510844200849533,3.9662184132844187,47.07414156018259,0.11888994213696222,0.020734255641513363,1.3867591619491577
brain.roi_mean,gmm_K29,29,0,-0.08726120740175247,3.869367939657009,48.48253838229791,0.12581171477047332,0.019397488678685064,1.3772261142730713
brain.roi_mean,gmm_K3,3,0,-0.0620722770690918,6.36990244190077,26.50380539798054,0.02394515553757627,-0.013329883596297934,1.415919303894043
brain.roi_mean,gmm_K30,30,0,-0.08239390701055527,3.7898675128452695,47.938735666069164,0.12810149510200888,0.026378721363939383,1.3789864778518677
brain.roi_mean,gmm_K31,31,0,-0.08094757050275803,3.722038304438275,47.59855863380612,0.13539044965916447,0.027427405582086523,1.3738949298858643
brain.roi_mean,gmm_K32,32,0,-0.08230682462453842,3.840492497760067,48.055410219093375,0.13151629469598194,0.021486902823639343,1.3671667575836182
brain.roi_mean,gmm_K33,33,0,-0.08295446634292603,3.780323273069318,46.84983227215322,0.13036740434083405,0.025652285678561083,1.37588632106781
brain.roi_mean,gmm_K34,34,0,-0.07980258017778397,3.640076270565938,46.20343495443411,0.13739583749212148,0.020213749573601184,1.3680291175842285
brain.roi_mean,gmm_K35,35,0,-0.08444060385227203,3.850617140826281,44.72885271646503,0.1359557744493357,0.0200341606525134,1.375652551651001
brain.roi_mean,gmm_K36,36,0,-0.08463682234287262,3.6372461954544693,43.338655016567316,0.14451840027721424,0.02063258113333095,1.3660359382629395
brain.roi_mean,gmm_K37,37,0,-0.07659811526536942,3.753536673959286,43.02099623608637,0.13926535041490448,0.020539837291307636,1.384461522102356
brain.roi_mean,gmm_K38,38,0,-0.07621969282627106,3.5371325871997037,42.561455143852626,0.14222446564977956,0.025571591147192617,1.3721377849578857
brain.roi_mean,gmm_K39,39,0,-0.07487036287784576,3.4473460167369936,42.025559725644484,0.1497150050354835,0.02914063437040462,1.374631643295288
brain.roi_mean,gmm_K4,4,0,-0.08636721968650818,9.062477644638445,21.018590796197945,0.03126968612102185,-0.0013710035624333718,1.4061970710754395
brain.roi_mean,gmm_K40,40,0,-0.07918301224708557,3.730416111167731,39.5820259798186,0.1470383587286683,0.025895154043876132,1.3635368347167969
brain.roi_mean,gmm_K41,41,0,-0.07685422152280807,3.555641318899963,40.37203251454521,0.14840087437773225,0.02705868519030638,1.3508967161178589
brain.roi_mean,gmm_K42,42,0,-0.02097254805266857,3.301202423054074,42.03539169579213,0.147446208256609,0.01612308444211799,1.3559166193008423
brain.roi_mean,gmm_K43,43,0,-0.07008420675992966,3.408168678195577,39.60945744093087,0.15559842176426045,0.02428388272147898,1.3530361652374268
brain.roi_mean,gmm_K44,44,0,-0.06891155987977982,3.4076450143659787,40.86257248220566,0.15530160108575194,0.027128370703727752,1.3602372407913208
brain.roi_mean,gmm_K45,45,0,-0.06139631196856499,3.489121557887562,40.20125228319282,0.15674686584236028,0.027767103129219862,1.3604350090026855
brain.roi_mean,gmm_K46,46,0,-0.06353392452001572,3.471860470317146,38.564210517129354,0.16297726858263079,0.021917886934399722,1.3532700538635254
brain.roi_mean,gmm_K47,47,0,-0.06483069062232971,3.5720849063216336,38.78097632415212,0.1669133904849814,0.019729290645302704,1.3515018224716187
brain.roi_mean,gmm_K48,48,0,-0.06338440626859665,3.3885439014643217,38.71195286632113,0.17346723901322095,0.026396856123466924,1.34567129611969
brain.roi_mean,gmm_K49,49,0,-0.07025253027677536,3.4486379980297674,36.07228851008369,0.18060856636938868,0.030274177298231175,1.3466676473617554
brain.roi_mean,gmm_K5,5,0,-0.2127905637025833,10.075770117108078,15.277353006940276,0.0359501407789587,-0.003956126424999393,1.3983408212661743
brain.roi_mean,gmm_K50,50,0,-0.06253381073474884,3.372521033243607,37.41117156479255,0.1747996361033648,0.025514565150886345,1.351088523864746
brain.roi_mean,gmm_K6,6,0,-0.2095407098531723,7.175535978852262,18.013707420774434,0.037244515581942875,-0.0017378078070947774,1.4130727052688599
brain.roi_mean,gmm_K7,7,0,-0.19882556796073914,8.670476313564505,29.732469753768022,0.04826824475187044,0.009618773470622842,1.4019445180892944
brain.roi_mean,gmm_K8,8,0,-0.20387932658195496,7.558842537265539,22.286404792006394,0.053897275067867643,0.015804046881947705,1.407565712928772
brain.roi_mean,gmm_K9,9,0,-0.08002012223005295,6.059375548315395,40.445104141707475,0.06691035059688412,0.015916117260097413,1.3902113437652588
brain.roi_mean,hdbscan_auto,0,2185,,,,,,
brain.roi_mean,kmeans_K10,10,0,0.06742959469556808,2.4645801779667997,184.45764514202028,0.08705615995773158,0.02347186283397012,1.408311128616333
brain.roi_mean,kmeans_K11,11,0,0.0636180192232132,2.4785940410237943,171.33587452566198,0.08546993681141371,0.02126256369872915,1.398563265800476
brain.roi_mean,kmeans_K12,12,0,0.06319528073072433,2.464064365781208,161.34942681584158,0.09559802599951024,0.025344337366325104,1.4006704092025757
brain.roi_mean,kmeans_K13,13,0,0.060744594782590866,2.515712756255771,150.93390990387624,0.10404446609150274,0.022718805889272376,1.3958059549331665
brain.roi_mean,kmeans_K14,14,0,0.05760718509554863,2.4690952530627146,143.4018565292725,0.10102338533484784,0.020893205443129816,1.3891726732254028
brain.roi_mean,kmeans_K15,15,0,0.05287587642669678,2.5009395898022238,135.34075876803246,0.10567382242127564,0.022219569105039274,1.3971275091171265
brain.roi_mean,kmeans_K16,16,0,0.05609223619103432,2.5135134580554492,129.02361576851462,0.11029967192873491,0.024452393428003077,1.3887758255004883
brain.roi_mean,kmeans_K17,17,0,0.05593520775437355,2.442445359751905,123.58585042617474,0.11337208110974914,0.021169482965676764,1.389601230621338
brain.roi_mean,kmeans_K18,18,0,0.05324007570743561,2.5367176496193444,118.19464471504712,0.11554306748866644,0.021190693052016076,1.3859401941299438
brain.roi_mean,kmeans_K19,19,0,0.053306762129068375,2.4896242818889327,113.44317741447016,0.1145771640087159,0.01938870284341697,1.3892443180084229
brain.roi_mean,kmeans_K2,2,0,0.1759239137172699,1.8366725218121118,610.6457581114154,0.017734295769777985,0.004197806715330358,1.4260523319244385
brain.roi_mean,kmeans_K20,20,0,0.05182235687971115,2.51419423518842,109.17462450953325,0.11855849957368614,0.02016673248720834,1.3898359537124634
brain.roi_mean,kmeans_K21,21,0,0.049538884311914444,2.56741947036043,104.39169151890982,0.1341728878301103,0.02481666326835353,1.363228440284729
brain.roi_mean,kmeans_K22,22,0,0.0500551275908947,2.6427392176793525,101.03854467458005,0.12198117348601692,0.01908723608851685,1.381349802017212
brain.roi_mean,kmeans_K23,23,0,0.0459405854344368,2.6140866002003436,97.36987741608735,0.1310413711393356,0.019224595396925552,1.378717303276062
brain.roi_mean,kmeans_K24,24,0,0.04850388318300247,2.54338184396711,94.62323260214521,0.1289547187025942,0.017715708638197505,1.3708066940307617
brain.roi_mean,kmeans_K25,25,0,0.04774089902639389,2.575485849765341,91.44037757180106,0.13964961114823474,0.01894668527396646,1.3784797191619873
brain.roi_mean,kmeans_K26,26,0,0.04491357505321503,2.6361392936749892,88.89378709105725,0.13620190154645595,0.01848129125382352,1.3670583963394165
brain.roi_mean,kmeans_K27,27,0,0.04101652279496193,2.6295361509306563,85.87828558259406,0.13646666283117811,0.020095915573760097,1.377053141593933
brain.roi_mean,kmeans_K28,28,0,0.04511362686753273,2.6323103500198677,83.62314536798968,0.1408693366547301,0.01924275271118169,1.373941421508789
brain.roi_mean,kmeans_K29,29,0,0.04526150971651077,2.6072160486450153,81.55728536306393,0.1429530927731648,0.020899474497080885,1.3727244138717651
brain.roi_mean,kmeans_K3,3,0,0.11671790480613708,2.1780901309831253,435.7241516006613,0.01893796741131524,0.005979981241883143,1.430120825767517
brain.roi_mean,kmeans_K30,30,0,0.043468836694955826,2.6444050219661945,79.49510826870402,0.14204219397983794,0.021051701494659632,1.377571702003479
brain.roi_mean,kmeans_K31,31,0,0.044904351234436035,2.629718039553618,77.37203792112679,0.1447224200066236,0.01888906584173825,1.367400884628296
brain.roi_mean,kmeans_K32,32,0,0.0445399284362793,2.575599533735218,75.75223490620492,0.15181463978108228,0.02146579141670804,1.3610458374023438
brain.roi_mean,kmeans_K33,33,0,0.04166257008910179,2.6285091993866265,73.88747387168341,0.15770084418491764,0.019504815752599804,1.361520767211914
brain.roi_mean,kmeans_K34,34,0,0.04457845166325569,2.613581601731988,72.01857608557502,0.15738760584576597,0.019837730426868778,1.3616666793823242
brain.roi_mean,kmeans_K35,35,0,0.03940203785896301,2.622701638194696,70.26166035869016,0.1507076805147226,0.016352824830781175,1.376571536064148
brain.roi_mean,kmeans_K36,36,0,0.043170083314180374,2.6614161421177815,68.63972188304949,0.1532402283809826,0.018346778672677262,1.364298939704895
brain.roi_mean,kmeans_K37,37,0,0.039478689432144165,2.6563305174813983,67.01665872547274,0.15834088834321994,0.018008875951631812,1.3602077960968018
brain.roi_mean,kmeans_K38,38,0,0.03962785750627518,2.698289215969926,65.80803738776692,0.16438427981557813,0.018825711077360488,1.353606939315796
brain.roi_mean,kmeans_K39,39,0,0.03815572336316109,2.6129535041696963,64.86573381711905,0.16356202258982452,0.017042449913790562,1.3567686080932617
brain.roi_mean,kmeans_K4,4,0,0.1070086881518364,2.164780525707087,363.06992088518314,0.033868616743588105,0.010678664787016942,1.4209519624710083
brain.roi_mean,kmeans_K40,40,0,0.04186072573065758,2.582133420298641,63.46793050389222,0.1563546074892437,0.013900670703346982,1.3615655899047852
brain.roi_mean,kmeans_K41,41,0,0.04205665737390518,2.6141987279928,62.46520647571698,0.16855002806004846,0.018827013810537818,1.352752685546875
brain.roi_mean,kmeans_K42,42,0,0.03835010528564453,2.652797690777457,60.9905557740503,0.16705114803897952,0.017793784257677806,1.3592976331710815
brain.roi_mean,kmeans_K43,43,0,0.03754626587033272,2.682070815764885,59.90723077956574,0.1705994650525658,0.01902763902310452,1.3581392765045166
brain.roi_mean,kmeans_K44,44,0,0.041705422103405,2.59345300552527,59.20153840013837,0.16888852922257216,0.017498982183765326,1.354463815689087
brain.roi_mean,kmeans_K45,45,0,0.036736756563186646,2.656421360320762,57.90934480409468,0.16954170089227513,0.016611907340361866,1.3576815128326416
brain.roi_mean,kmeans_K46,46,0,0.03807511925697327,2.6116864001640647,56.824594847181544,0.1705229059400181,0.01758272750982907,1.3548595905303955
brain.roi_mean,kmeans_K47,47,0,0.04247777536511421,2.5902675481553885,55.81797787357925,0.18060956944037282,0.018781043535402733,1.3595199584960938
brain.roi_mean,kmeans_K48,48,0,0.03703412041068077,2.656754086566511,54.799019900700785,0.1737223408946627,0.018275870416514645,1.3493908643722534
brain.roi_mean,kmeans_K49,49,0,0.04049062356352806,2.6071617931800986,53.865061277890305,0.17915076942504643,0.017365799956394416,1.3350768089294434
brain.roi_mean,kmeans_K5,5,0,0.08911668509244919,2.3078173861220943,306.1052023278259,0.04170700482144316,0.01113331849746862,1.411102533340454
brain.roi_mean,kmeans_K50,50,0,0.03901631757616997,2.66919012960699,53.20181303296964,0.1806036244683187,0.016703505471431967,1.352445363998413
brain.roi_mean,kmeans_K6,6,0,0.08381138741970062,2.3566359865798256,267.5531085639194,0.06442688944264985,0.01866062376391843,1.4080162048339844
brain.roi_mean,kmeans_K7,7,0,0.0804109126329422,2.324388012233456,240.78539438986306,0.06805600670215925,0.020886470527060875,1.40803062915802
brain.roi_mean,kmeans_K8,8,0,0.07566839456558228,2.3513652659621025,218.7783893804844,0.0787098378619105,0.022850215460903,1.407779574394226
brain.roi_mean,kmeans_K9,9,0,0.06813997775316238,2.4221520533766725,199.13981926034114,0.07892594446862479,0.02018092240436345,1.4005780220031738
brain.swift,agglomerative_ward_K10,10,0,0.08741538971662521,1.8408326743683154,354.15799429525254,0.03629866519705013,0.006897994266998728,1.437129259109497
brain.swift,agglomerative_ward_K11,11,0,0.0755530297756195,1.8413132092249607,332.261075279861,0.03828148785086101,0.009883943448018507,1.4348658323287964
brain.swift,agglomerative_ward_K12,12,0,0.06657169759273529,1.8713031560511977,314.6469545365352,0.040314072252260594,0.00673642522482384,1.4314680099487305
brain.swift,agglomerative_ward_K13,13,0,0.06729250401258469,1.8690860305758674,300.1005966491056,0.04303337185070414,0.008792292049844693,1.4307242631912231
brain.swift,agglomerative_ward_K14,14,0,0.0640004426240921,1.911491708858945,287.088378847313,0.04497319549155026,0.004324211605542674,1.4303922653198242
brain.swift,agglomerative_ward_K15,15,0,0.06426256895065308,1.8842583554105685,275.1499126405161,0.046360971529332155,0.004763866025193915,1.4274287223815918
brain.swift,agglomerative_ward_K16,16,0,0.06364244967699051,1.9296347206744882,264.24293281687665,0.048827239704652435,0.005483224135635295,1.4242185354232788
brain.swift,agglomerative_ward_K17,17,0,0.05992520600557327,1.9373022858461866,253.8231408063537,0.052643787170742556,0.0019887119632832494,1.4259135723114014
brain.swift,agglomerative_ward_K18,18,0,0.0558738112449646,2.0208058298353877,244.50923036943246,0.05501554844722018,0.00241145560149412,1.4225728511810303
brain.swift,agglomerative_ward_K19,19,0,0.05525178089737892,2.047316861414594,236.24926445285445,0.05671993369716299,0.0029311630212275944,1.4232213497161865
brain.swift,agglomerative_ward_K2,2,0,0.17101062834262848,1.5773585313468619,545.2884843513046,0.00957547342178201,-0.005339391769416263,1.4375884532928467
brain.swift,agglomerative_ward_K20,20,0,0.055969756096601486,2.118361781749942,228.4965411524031,0.05786417252988033,0.0031260486367844357,1.424277663230896
brain.swift,agglomerative_ward_K21,21,0,0.05340258404612541,2.165638146579253,221.50401645436034,0.058553449238499686,0.005251815244125799,1.4198002815246582
brain.swift,agglomerative_ward_K22,22,0,0.05394168198108673,2.1318564568750116,215.11590946622005,0.06066692887326268,0.006192463073467054,1.4165898561477661
brain.swift,agglomerative_ward_K23,23,0,0.052829332649707794,2.1167920094066663,209.21833906547755,0.06199623719381465,0.0061967117832859514,1.4256032705307007
brain.swift,agglomerative_ward_K24,24,0,0.053608786314725876,2.116151129876037,203.84955327427912,0.0639171597924872,0.006179280524689751,1.421582579612732
brain.swift,agglomerative_ward_K25,25,0,0.054016660898923874,2.082364648453484,198.869070982795,0.06502003375414189,0.006165689173398864,1.4105055332183838
brain.swift,agglomerative_ward_K26,26,0,0.054957617074251175,2.0347262365255485,194.0843482292141,0.06689397692654797,0.0061564574799984305,1.407409906387329
brain.swift,agglomerative_ward_K27,27,0,0.05526099354028702,2.003599533954459,189.59893920639465,0.06792371467755873,0.006141350671369604,1.4045130014419556
brain.swift,agglomerative_ward_K28,28,0,0.056512847542762756,1.9661993953720007,185.41708514737047,0.06963728675312983,0.006269541776334578,1.4112337827682495
brain.swift,agglomerative_ward_K29,29,0,0.05368313565850258,1.9661434138947749,181.5339105005133,0.07146732544821023,0.007029399812297757,1.4108834266662598
brain.swift,agglomerative_ward_K3,3,0,0.20195583999156952,1.2707266314653156,645.1604716793698,0.012762979644049384,-0.006959631221376489,1.4444106817245483
brain.swift,agglomerative_ward_K30,30,0,0.052397727966308594,1.9961448856924762,177.88205729526953,0.07304624606345397,0.005469079309103384,1.4074290990829468
brain.swift,agglomerative_ward_K31,31,0,0.0526135116815567,1.9807010599581518,174.30209669936283,0.07405052267582062,0.005432156986381394,1.4062966108322144
brain.swift,agglomerative_ward_K32,32,0,0.05068475008010864,2.0172368581581264,170.91522771090462,0.07503788781904232,0.0025070245647109577,1.4071612358093262
brain.swift,agglomerative_ward_K33,33,0,0.05221361666917801,2.020639489810207,167.7625887613265,0.07645233521184827,0.003011136137801784,1.4043728113174438
brain.swift,agglomerative_ward_K34,34,0,0.04958476126194,2.035622161127871,164.76733458204643,0.07815762005846379,0.00401136524372318,1.4039114713668823
brain.swift,agglomerative_ward_K35,35,0,0.05147910863161087,2.0328186541437443,161.93960978535114,0.07999390871533942,0.004384862915060566,1.4054076671600342
brain.swift,agglomerative_ward_K36,36,0,0.05106816813349724,2.053671993561315,159.15934590356542,0.08140722035774534,0.0040225194674166,1.4048572778701782
brain.swift,agglomerative_ward_K37,37,0,0.05039375275373459,2.041193100116949,156.47255215133308,0.08287460449347572,0.003929261051303414,1.4042465686798096
brain.swift,agglomerative_ward_K38,38,0,0.051395196467638016,2.0253253959710253,153.9397523386392,0.08429907600687864,0.003804533202997299,1.4036270380020142
brain.swift,agglomerative_ward_K39,39,0,0.04834478348493576,2.0612513351073125,151.52236664448378,0.0865526097242491,0.004535802219145481,1.4028942584991455
brain.swift,agglomerative_ward_K4,4,0,0.16220898926258087,1.611173616067538,594.5491732525824,0.017772636800925206,0.0012794013869898444,1.4372309446334839
brain.swift,agglomerative_ward_K40,40,0,0.04954969882965088,2.0910511420692792,149.1644285265846,0.0876699452081294,0.004036722175384886,1.4026401042938232
brain.swift,agglomerative_ward_K41,41,0,0.05054444447159767,2.102399942897965,146.7072614960787,0.08921570152038724,0.004276428641060173,1.402516484260559
brain.swift,agglomerative_ward_K42,42,0,0.05071286857128143,2.0938835072468143,144.33830262982346,0.09106299671622352,0.0042206392635949315,1.4012662172317505
brain.swift,agglomerative_ward_K43,43,0,0.04895792528986931,2.105661263682831,142.07252218908434,0.09189619290034612,0.003526487460747692,1.4012948274612427
brain.swift,agglomerative_ward_K44,44,0,0.04911837354302406,2.1187615698592563,139.85494818618668,0.09378199755634947,0.003945614667846752,1.398476243019104
brain.swift,agglomerative_ward_K45,45,0,0.04861826077103615,2.103890470539444,137.72226163647431,0.09434000141600234,0.003927413203561244,1.3951157331466675
brain.swift,agglomerative_ward_K46,46,0,0.046945855021476746,2.11108083406848,135.57759196268128,0.09587125715996274,0.0032797210167518276,1.388676643371582
brain.swift,agglomerative_ward_K47,47,0,0.04636009782552719,2.1187257739619567,133.53120281130646,0.0968865656722359,0.003256649145606417,1.3857219219207764
brain.swift,agglomerative_ward_K48,48,0,0.046485889703035355,2.1105474538133646,131.57425142225148,0.09757518386178765,0.003284504998068977,1.386386513710022
brain.swift,agglomerative_ward_K49,49,0,0.04675058647990227,2.1315166319672856,129.6952758440106,0.09919904018657671,0.003302704343293776,1.3866723775863647
brain.swift,agglomerative_ward_K5,5,0,0.1651691347360611,1.4217578384281957,545.4943843900274,0.020717858603181573,0.0024409104474067576,1.4341256618499756
brain.swift,agglomerative_ward_K50,50,0,0.045753587037324905,2.1134074776708354,127.87080059547948,0.10023071440894225,0.003298124744267457,1.3863189220428467
brain.swift,agglomerative_ward_K6,6,0,0.114191435277462,1.8853036091592112,485.62206607724767,0.02387900138892246,0.010832562607613712,1.4285422563552856
brain.swift,agglomerative_ward_K7,7,0,0.09398116171360016,1.939736685953316,444.8774107814218,0.02823617713128096,0.00927173195816809,1.430861234664917
brain.swift,agglomerative_ward_K8,8,0,0.0901554748415947,1.927032921176318,416.1163156139428,0.03251546868635666,0.009368866299396808,1.428977608680725
brain.swift,agglomerative_ward_K9,9,0,0.08802060037851334,1.8756741342961294,381.04548519090804,0.03530540150071631,0.007007620249776292,1.4364672899246216
brain.swift,gmm_K10,10,0,0.015773028135299683,2.824526082633522,259.7088606881041,0.04403130626891317,0.00814779987617134,1.426278829574585
brain.swift,gmm_K11,11,0,-0.013068445026874542,2.9115773022902967,215.75284681880188,0.0511613501560303,0.004398585782699111,1.4138498306274414
brain.swift,gmm_K12,12,0,-0.009240275248885155,2.852036151553063,217.77657085167755,0.04995045683097324,0.010613068749180265,1.4131258726119995
brain.swift,gmm_K13,13,0,-0.0099428566172719,2.778952028799119,210.665637455886,0.05270748025339983,0.011344404049915657,1.415579080581665
brain.swift,gmm_K14,14,0,-0.02146495319902897,3.067038649949205,191.0178292443626,0.05702262653063929,0.012422580483764647,1.4173063039779663
brain.swift,gmm_K15,15,0,-0.021243112161755562,2.9441954282244267,183.967380866038,0.05702568001623983,0.01259116326402233,1.4193207025527954
brain.swift,gmm_K16,16,0,-0.010924221016466618,2.6961576746114826,190.62730274930283,0.057620706738327844,0.012016706742633483,1.4183685779571533
brain.swift,gmm_K17,17,0,-0.026881100609898567,2.779333206878946,170.02488270065933,0.06099253718593775,0.010763735715078177,1.4221681356430054
brain.swift,gmm_K18,18,0,-0.01994934491813183,2.7919107007894115,168.18121553809925,0.06271451784929315,0.013793905432810885,1.4150038957595825
brain.swift,gmm_K19,19,0,-0.0130359698086977,2.637616903037172,167.19275894650417,0.06260285493965657,0.013968630233367864,1.4156826734542847
brain.swift,gmm_K2,2,0,0.13492490351200104,2.769423772884416,240.3794695284965,0.011310969782629068,0.006958709116484331,1.442744255065918
brain.swift,gmm_K20,20,0,-0.01352974958717823,2.7193527932294588,167.46434043680637,0.0614812999029304,0.006027280551345037,1.4114868640899658
brain.swift,gmm_K21,21,0,-0.029212020337581635,2.807107094630614,151.84622287329066,0.06393626086618714,0.008485132277666643,1.4201527833938599
brain.swift,gmm_K22,22,0,-0.005246344488114119,2.8132417476428624,167.2599989375516,0.0697073886380716,0.008354882529374245,1.4123395681381226
brain.swift,gmm_K23,23,0,-0.014066637493669987,2.7449168569465185,153.82214787658836,0.07237055744396628,0.009431650134353108,1.419243574142456
brain.swift,gmm_K24,24,0,-0.013074207119643688,2.8259232079169796,151.7775405672707,0.071602494859833,0.00917925322599917,1.4032775163650513
brain.swift,gmm_K25,25,0,-0.016334233805537224,2.6498824002247066,145.4139611543431,0.07243365778025947,0.00900400162654885,1.4027562141418457
brain.swift,gmm_K26,26,0,-0.014376281760632992,2.6651675536053165,144.9763429198059,0.07287324648928584,0.00754196814083542,1.4000757932662964
brain.swift,gmm_K27,27,0,-0.010766944848001003,2.632996951591442,144.04983448821653,0.0729900831594443,0.007659530350803075,1.4045557975769043
brain.swift,gmm_K28,28,0,-0.01909089833498001,2.70639675340885,135.28885028402058,0.07234387027904227,0.013052327567149332,1.406864047050476
brain.swift,gmm_K29,29,0,-0.007474508136510849,2.556756531035898,138.89798364676747,0.0784768308933936,0.009319230922831854,1.4084235429763794
brain.swift,gmm_K3,3,0,-0.00879318080842495,2.8008968401635195,288.2211949379744,0.025439978831786305,-0.010236367412662279,1.4213050603866577
brain.swift,gmm_K30,30,0,-0.010367142036557198,2.4802321407634054,136.8105101542087,0.080223127664076,0.009186349196995541,1.4026987552642822
brain.swift,gmm_K31,31,0,-0.006743402685970068,2.5584179580670536,134.50191131392506,0.08185903291546495,0.009901557716861936,1.4076476097106934
brain.swift,gmm_K32,32,0,-0.0038205315358936787,2.5673775884634384,135.26530752587666,0.0839302882232305,0.007300097225067432,1.3969025611877441
brain.swift,gmm_K33,33,0,-0.004125261679291725,2.532844385142845,131.73904635167,0.08496657430850667,0.007317908856360249,1.3930954933166504
brain.swift,gmm_K34,34,0,-0.0025838296860456467,2.472615287768226,131.08740932910152,0.08568463972898971,0.0065597806763273625,1.3875566720962524
brain.swift,gmm_K35,35,0,-0.013322530314326286,2.5417275586352908,123.66084480214472,0.0891838786909967,0.004809412619378885,1.3923810720443726
brain.swift,gmm_K36,36,0,-0.00632494455203414,2.526489358527676,123.89870579570619,0.08961752922551905,0.005902945077209391,1.3977437019348145
brain.swift,gmm_K37,37,0,-0.004014281090348959,2.456222013588473,122.02191300444484,0.0893092960339218,0.00812531113546844,1.3929539918899536
brain.swift,gmm_K38,38,0,-0.008293798193335533,2.4627180583547945,122.65179811175939,0.09197464452354735,0.011736331085972008,1.3966150283813477
brain.swift,gmm_K39,39,0,-0.008460821583867073,2.4913085983215035,118.34357413398997,0.0939668668353134,0.009469154940089812,1.3907227516174316
brain.swift,gmm_K4,4,0,0.012375167571008205,3.529647391612703,345.13959373289094,0.03335326242884865,-0.0015205554389793772,1.4177570343017578
brain.swift,gmm_K40,40,0,-0.0028099282644689083,2.4125078078502993,119.85029384702787,0.09282261447046279,0.005286700883260087,1.3967478275299072
brain.swift,gmm_K41,41,0,-0.0077474163845181465,2.4551471440152186,115.79208631409391,0.09860621200189332,0.007286775464958359,1.3823537826538086
brain.swift,gmm_K42,42,0,-0.016735943034291267,2.513702615535407,111.49522957805644,0.09768813975114501,0.005861895510788147,1.3891206979751587
brain.swift,gmm_K43,43,0,-0.01261004339903593,2.5147103869233387,113.03011555717042,0.10118157424318568,0.00829122050418759,1.3916668891906738
brain.swift,gmm_K44,44,0,0.003390799043700099,2.4064064099092257,116.75393246067523,0.0978408604308555,0.005377320656043017,1.3805875778198242
brain.swift,gmm_K45,45,0,0.004604113753885031,2.450592899139594,114.00883802560283,0.1015121373753616,0.006708462932643719,1.3838725090026855
brain.swift,gmm_K46,46,0,0.00028297590324655175,2.332150388727685,111.56787166134364,0.1024558126483022,0.008428869512284425,1.379698395729065
brain.swift,gmm_K47,47,0,-0.006448047701269388,2.455734122788834,106.09262153975179,0.10513595304432424,0.009779747959307302,1.3864500522613525
brain.swift,gmm_K48,48,0,-0.007640462834388018,2.4872568752408615,106.15128601745924,0.10454275197388213,0.008914449516655177,1.3900350332260132
brain.swift,gmm_K49,49,0,0.0011254497803747654,2.492459613327489,108.10341732924174,0.10802398980672662,0.008501952427738189,1.386519193649292
brain.swift,gmm_K5,5,0,0.020247962325811386,2.988103813109573,352.4333476433689,0.033670902257911896,0.004551146070546715,1.4180654287338257
brain.swift,gmm_K50,50,0,0.0033710412681102753,2.4772358292150765,108.23767867663514,0.10622551840183479,0.00538302153638813,1.382253885269165
brain.swift,gmm_K6,6,0,0.02741868980228901,2.2531872182176014,345.4828366375747,0.03420912084911719,0.004066387266494267,1.4304522275924683
brain.swift,gmm_K7,7,0,0.016762539744377136,2.6210185982932863,311.3168342753576,0.035200683003126676,0.0013854471592177995,1.431720495223999
brain.swift,gmm_K8,8,0,0.007806254085153341,2.8518660256498514,274.8751018057865,0.03411044896806814,0.0039010850470460375,1.4308770895004272
brain.swift,gmm_K9,9,0,0.006206071935594082,3.2052902527871425,262.9039763157596,0.0376146784501711,0.005128323159358023,1.426527500152588
brain.swift,hdbscan_auto,0,2185,,,,,,
brain.swift,kmeans_K10,10,0,0.13053138554096222,1.6684932063247395,417.75548382552967,0.036147695256380445,0.00934042865241781,1.4249210357666016
brain.swift,kmeans_K11,11,0,0.12144461274147034,1.675222023010742,394.7795295585876,0.03389261754875524,0.004419508738158239,1.4175666570663452
brain.swift,kmeans_K12,12,0,0.11633910983800888,1.6734085070529199,373.48258453354657,0.037440894261730535,0.005592806674268068,1.4117951393127441
brain.swift,kmeans_K13,13,0,0.11541568487882614,1.72915367915567,356.1933824265797,0.043175801013243,0.005430922805896636,1.4102486371994019
brain.swift,kmeans_K14,14,0,0.10892637819051743,1.7614399123811695,338.7632517308805,0.04643694134969309,0.005485251352620974,1.413169026374817
brain.swift,kmeans_K15,15,0,0.10530128329992294,1.764627181764109,321.05690478656095,0.05027101385284874,0.006006326457612158,1.4120924472808838
brain.swift,kmeans_K16,16,0,0.10746464878320694,1.7532870195309704,311.3940530529879,0.0487505390240685,0.004383286460466601,1.423956036567688
brain.swift,kmeans_K17,17,0,0.10417941212654114,1.7513067861817317,298.16547460939427,0.053401641159422655,0.005017774272209919,1.4107556343078613
brain.swift,kmeans_K18,18,0,0.10119034349918365,1.7943254110622564,285.53442149743125,0.05642825643730437,0.0059046999393991394,1.410963535308838
brain.swift,kmeans_K19,19,0,0.09950347989797592,1.8034425569685721,276.19790865199394,0.057918668614653404,0.0059170369802453195,1.4087003469467163
brain.swift,kmeans_K2,2,0,0.25904127955436707,1.520832782524352,780.508364867285,0.012282183191749898,0.008929362785420593,1.423980712890625
brain.swift,kmeans_K20,20,0,0.09606091678142548,1.8255646418029343,267.03507666941596,0.055937009311194955,0.003993763556520534,1.4075841903686523
brain.swift,kmeans_K21,21,0,0.09846058487892151,1.8050315554253762,258.3303315051873,0.05569787375995194,0.004373131154221765,1.411186933517456
brain.swift,kmeans_K22,22,0,0.09632939100265503,1.8109588009947037,250.6324998943457,0.05990412921828824,0.0037207361845610215,1.4127968549728394
brain.swift,kmeans_K23,23,0,0.0948968157172203,1.828062909302606,243.7606378289826,0.06400535279610714,0.004057505769399597,1.4166582822799683
brain.swift,kmeans_K24,24,0,0.09476837515830994,1.864381438148893,237.70692013922547,0.06358181350058431,0.0052487486560064784,1.4132400751113892
brain.swift,kmeans_K25,25,0,0.09274066239595413,1.8212038055885693,230.7136826965222,0.0667250235109897,0.004236110477476955,1.4054269790649414
brain.swift,kmeans_K26,26,0,0.0921478420495987,1.86730327593538,224.20713101676452,0.06637524512178683,0.003203390193501753,1.4078713655471802
brain.swift,kmeans_K27,27,0,0.09119448810815811,1.8562676699370533,218.340779680295,0.06951600034605757,0.004171476423169761,1.4059733152389526
brain.swift,kmeans_K28,28,0,0.08840291202068329,1.8970315817030003,212.97524243111965,0.07087772085733243,0.0027276525745509313,1.4186710119247437
brain.swift,kmeans_K29,29,0,0.09138590097427368,1.8251956601449282,206.2114705595903,0.07135999647847371,0.003980407829964256,1.4026570320129395
brain.swift,kmeans_K3,3,0,0.24769973754882812,1.2788960992298686,776.1358510829602,0.014053848770638292,0.0031054676904844576,1.4272576570510864
brain.swift,kmeans_K30,30,0,0.08791813999414444,1.888487465618648,203.12889126919757,0.0740983261739173,0.003140381139929357,1.41106116771698
brain.swift,kmeans_K31,31,0,0.08640608191490173,1.866376483673499,197.84087849274817,0.07605323490723852,0.003830991670621013,1.4078538417816162
brain.swift,kmeans_K32,32,0,0.08529865741729736,1.9073854096062242,194.0365605530814,0.07628958636481432,0.003151635046750605,1.4083709716796875
brain.swift,kmeans_K33,33,0,0.08434116840362549,1.911990440954292,189.66408927383,0.08251783175389504,0.003527356317079333,1.403011679649353
brain.swift,kmeans_K34,34,0,0.0816420391201973,1.9400294415471753,185.31982947699234,0.08154509370169005,0.003949216009258863,1.4078675508499146
brain.swift,kmeans_K35,35,0,0.08250723034143448,1.9125987813263154,180.5668745728019,0.0815304786811214,0.0026642636159264262,1.4043068885803223
brain.swift,kmeans_K36,36,0,0.08237557113170624,1.9261423806747113,178.0903173482488,0.08692821615620096,0.0031891337302303114,1.3939958810806274
brain.swift,kmeans_K37,37,0,0.07858264446258545,2.0102034136939877,174.0077162906712,0.08677550286578521,0.004300227562351102,1.4055827856063843
brain.swift,kmeans_K38,38,0,0.08087004721164703,2.01248958043135,170.79908742289624,0.08753848506299232,0.002493341707523179,1.3974138498306274
brain.swift,kmeans_K39,39,0,0.07885202020406723,1.9704251250532718,167.55390744519724,0.08712589002668998,0.002038672461164174,1.3896533250808716
brain.swift,kmeans_K4,4,0,0.16683430969715118,1.5062359869896274,680.831619072513,0.016937299719714978,0.00330152312418793,1.4298412799835205
brain.swift,kmeans_K40,40,0,0.07763966917991638,2.015315947300646,164.62122683580444,0.08900170853135413,0.0023014875548190697,1.3933451175689697
brain.swift,kmeans_K41,41,0,0.08009907603263855,1.927181268372715,161.64659655189084,0.09156169456274782,0.002998710791883127,1.400368332862854
brain.swift,kmeans_K42,42,0,0.0804537683725357,1.9998860261160947,159.40599835704825,0.09252943233834536,0.002473884331756414,1.396885871887207
brain.swift,kmeans_K43,43,0,0.07953205704689026,1.9507052037428512,155.860312911081,0.09516959533065732,0.0038273771446777085,1.398017406463623
brain.swift,kmeans_K44,44,0,0.07936973124742508,1.9960358266531961,153.69528884850484,0.09722119053907609,0.002938412147007483,1.3983505964279175
brain.swift,kmeans_K45,45,0,0.07774858176708221,2.0211536745366074,151.96116729047267,0.09825348335965865,0.003000359452251797,1.392296552658081
brain.swift,kmeans_K46,46,0,0.07570511847734451,2.012594871668871,148.18514896656254,0.09624271214795263,0.0025657410084521126,1.3872144222259521
brain.swift,kmeans_K47,47,0,0.0718158408999443,2.0375343396185834,145.65632092898883,0.10081419092266686,0.003220079637834737,1.3911068439483643
brain.swift,kmeans_K48,48,0,0.07519812136888504,1.969853428585416,143.70671939151723,0.1017402863448799,0.003357869507285219,1.394281029701233
brain.swift,kmeans_K49,49,0,0.07234324514865875,2.0501724566783746,141.37146272163935,0.10399573596585394,0.0034527279752912124,1.383877158164978
brain.swift,kmeans_K5,5,0,0.1743485927581787,1.4213803111951493,640.7443972842975,0.024432220411515826,0.007301809645872012,1.4237897396087646
brain.swift,kmeans_K50,50,0,0.07081279158592224,2.049734270798827,139.03559576968001,0.10085729751157657,0.003062682659273742,1.3719059228897095
brain.swift,kmeans_K6,6,0,0.148014634847641,1.5441763518950282,574.7721971830064,0.024093978286083263,0.008670040047052859,1.4324268102645874
brain.swift,kmeans_K7,7,0,0.1420467346906662,1.6155316356482883,521.8930948948018,0.029110441454082075,0.012335502029101553,1.431548833847046
brain.swift,kmeans_K8,8,0,0.13835003972053528,1.5926140408479128,481.5867620731594,0.0302773368921839,0.008712075240506678,1.427107572555542
brain.swift,kmeans_K9,9,0,0.12739640474319458,1.6408605369897584,444.6439471367778,0.0329188255105204,0.008416723969200613,1.4233365058898926
video.clip,agglomerative_ward_K10,10,0,0.040985818952322006,3.2738883164094035,65.07910457451057,0.29365409052144764,0.13877143813675738,1.2913447618484497
video.clip,agglomerative_ward_K11,11,0,0.04452825337648392,3.272468906691049,62.88935205079783,0.30074819898227345,0.13874813641119205,1.2899953126907349
video.clip,agglomerative_ward_K12,12,0,0.0468924455344677,3.1821960562139213,60.25366063005743,0.3090395597074025,0.14028343850591724,1.2955979108810425
video.clip,agglomerative_ward_K13,13,0,0.050563860684633255,3.186611509742102,58.09149354611128,0.3137657412342492,0.146067248315107,1.2930279970169067
video.clip,agglomerative_ward_K14,14,0,0.05340820923447609,3.123725348887445,56.16700325497793,0.3259398313007759,0.15170881595803018,1.2917934656143188
video.clip,agglomerative_ward_K15,15,0,0.055890776216983795,3.128953837664961,54.11016159882812,0.33345391872022917,0.15995650022158242,1.2960600852966309
video.clip,agglomerative_ward_K16,16,0,0.05649826303124428,3.074784568014596,52.33457519641358,0.3333528228309505,0.1539485395054581,1.2905805110931396
video.clip,agglomerative_ward_K17,17,0,0.05820506438612938,3.0082209956833172,50.7833475628952,0.3361303901587273,0.15377769540448585,1.2760021686553955
video.clip,agglomerative_ward_K18,18,0,0.04881475120782852,3.0713879772917982,49.421303091982715,0.3361048734302693,0.14029793858475503,1.2793678045272827
video.clip,agglomerative_ward_K19,19,0,0.050118111073970795,3.0511859704840543,48.1014452075137,0.3429653563425043,0.1426343799778922,1.2693891525268555
video.clip,agglomerative_ward_K2,2,0,0.04764169827103615,4.1533859254094825,120.98454269084273,0.09685280275736707,0.04007655979227619,1.434391975402832
video.clip,agglomerative_ward_K20,20,0,0.05006014183163643,3.0464695686788184,46.80006213749201,0.3444441365610624,0.13584600951571704,1.2671096324920654
video.clip,agglomerative_ward_K21,21,0,0.050753239542245865,3.0747904417880574,45.64305171218439,0.34238919369301635,0.11199563177322672,1.259997010231018
video.clip,agglomerative_ward_K22,22,0,0.05139550939202309,3.048742257852283,44.58632614166188,0.344478767219483,0.11073152956075218,1.2525784969329834
video.clip,agglomerative_ward_K23,23,0,0.053049150854349136,2.9997605379175805,43.63050630500377,0.34923718065772197,0.11183457785289302,1.2245250940322876
video.clip,agglomerative_ward_K24,24,0,0.054460134357213974,3.0143561710979605,42.616065070503986,0.3513331133186182,0.11432494505667883,1.2237614393234253
video.clip,agglomerative_ward_K25,25,0,0.05648983642458916,2.988064882653289,41.66533155044273,0.3518129036427988,0.1144435810093283,1.226189374923706
video.clip,agglomerative_ward_K26,26,0,0.058225370943546295,2.9621236279339844,40.757124911211115,0.355120687195653,0.11798740115815701,1.2225065231323242
video.clip,agglomerative_ward_K27,27,0,0.05604373291134834,2.943840940874683,39.92651259877211,0.3562772731972233,0.11521116791830648,1.2172685861587524
video.clip,agglomerative_ward_K28,28,0,0.05765848234295845,2.9117558271406585,39.121247174258556,0.35848380302444705,0.11605457300338522,1.2231048345565796
video.clip,agglomerative_ward_K29,29,0,0.055910978466272354,2.9078152191440116,38.38067279219364,0.3589154745449255,0.1142399914885813,1.209776520729065
video.clip,agglomerative_ward_K3,3,0,0.057713549584150314,3.7563548731701744,114.28307542920378,0.18271046742936414,0.07641379547120303,1.41035795211792
video.clip,agglomerative_ward_K30,30,0,0.05422231927514076,2.8724154146134158,37.6878031022062,0.3589923144541366,0.11275973888967974,1.1908705234527588
video.clip,agglomerative_ward_K31,31,0,0.05518375709652901,2.849411829970187,37.022936519843775,0.36084899259631653,0.11373086461152203,1.1899937391281128
video.clip,agglomerative_ward_K32,32,0,0.053965743631124496,2.827033173801905,36.39364779265973,0.3593016003815456,0.10132659530733368,1.1806142330169678
video.clip,agglomerative_ward_K33,33,0,0.05518649145960808,2.8348968186666337,35.78001826004137,0.3601697989400379,0.1018912077474814,1.1807576417922974
video.clip,agglomerative_ward_K34,34,0,0.05204630270600319,2.829873958628667,35.184184576631694,0.35969308208410544,0.10234410038854524,1.1761842966079712
video.clip,agglomerative_ward_K35,35,0,0.05330127850174904,2.8008635720297663,34.58694223248239,0.3627290494886406,0.10268227414415772,1.15471613407135
video.clip,agglomerative_ward_K36,36,0,0.05420970916748047,2.789294634093473,34.01710076084137,0.36564892472745675,0.1033759254580488,1.148484230041504
video.clip,agglomerative_ward_K37,37,0,0.055206503719091415,2.837103898895962,33.48076430760075,0.3678397071822042,0.10356593008801028,1.1514346599578857
video.clip,agglomerative_ward_K38,38,0,0.05447539687156677,2.8714854893165724,32.974884627581936,0.37059907584282686,0.10289013113336076,1.1541470289230347
video.clip,agglomerative_ward_K39,39,0,0.05491030216217041,2.8683239215728626,32.48756946197023,0.3710922410306809,0.10279680957408635,1.1556322574615479
video.clip,agglomerative_ward_K4,4,0,0.039504844695329666,3.4948157189737326,98.62937776981049,0.1925554644142971,0.046694466886101946,1.38616943359375
video.clip,agglomerative_ward_K40,40,0,0.05606311559677124,2.840053508212713,32.011623237734604,0.3713632187706786,0.10272369491820617,1.1543152332305908
video.clip,agglomerative_ward_K41,41,0,0.054967109113931656,2.817093954524988,31.53980944451311,0.37210544691708486,0.10284240993218464,1.1546887159347534
video.clip,agglomerative_ward_K42,42,0,0.05517971143126488,2.8216146081869455,31.086349400608125,0.3716012204700539,0.09688444412111087,1.1515538692474365
video.clip,agglomerative_ward_K43,43,0,0.051286324858665466,2.8023597380836685,30.655304513370695,0.3710244653568672,0.09393384748050367,1.161426305770874
video.clip,agglomerative_ward_K44,44,0,0.052235472947359085,2.7865756327756426,30.231476402115455,0.37144486271513105,0.09380542798922445,1.1626602411270142
video.clip,agglomerative_ward_K45,45,0,0.05308500677347183,2.7617690012246925,29.822550531030053,0.37239390475056217,0.09332326422415292,1.1533267498016357
video.clip,agglomerative_ward_K46,46,0,0.053370870649814606,2.7544903936707117,29.430855604455008,0.3724162957499878,0.09226053294409196,1.1486858129501343
video.clip,agglomerative_ward_K47,47,0,0.053379714488983154,2.7538108085889066,29.049592286149664,0.3726055746240383,0.08981115963457818,1.1465966701507568
video.clip,agglomerative_ward_K48,48,0,0.05156482756137848,2.777860483585332,28.679538827658885,0.3737754229120219,0.08561274959616977,1.1463749408721924
video.clip,agglomerative_ward_K49,49,0,0.05206494778394699,2.7695506096836593,28.322570202569885,0.37368539963437714,0.08534618042733084,1.143784523010254
video.clip,agglomerative_ward_K5,5,0,0.04425952956080437,3.4199603603332727,89.58631733384082,0.22498754957592354,0.07650160531667047,1.3934803009033203
video.clip,agglomerative_ward_K50,50,0,0.05180880427360535,2.7610690080244673,27.976374382611198,0.37386973669834106,0.0846962731050609,1.1422489881515503
video.clip,agglomerative_ward_K6,6,0,0.032157640904188156,3.386657314322456,81.14512211713173,0.24512090723394464,0.08885478494306087,1.3523153066635132
video.clip,agglomerative_ward_K7,7,0,0.03332795575261116,3.165024910482883,75.01038117433004,0.252827886364163,0.08921219131216243,1.2967334985733032
video.clip,agglomerative_ward_K8,8,0,0.03166451305150986,3.000260299037203,70.82972968319615,0.26026509835211653,0.08580266728924775,1.2930994033813477
video.clip,agglomerative_ward_K9,9,0,0.036296844482421875,3.048387076174976,67.77211520511223,0.2756496609333584,0.09876385509830335,1.2750089168548584
video.clip,gmm_K10,10,0,0.01609843038022518,3.628598051419157,56.998915965802404,0.22203897926829952,0.0521827171685779,1.2753254175186157
video.clip,gmm_K11,11,0,0.03156046196818352,3.204955108673151,60.05978010734566,0.27441144161304626,0.08796932359841013,1.2173861265182495
video.clip,gmm_K12,12,0,0.021546047180891037,3.6321957560087212,55.18786978646593,0.26941966785881727,0.08106519943817661,1.2206557989120483
video.clip,gmm_K13,13,0,0.02521570585668087,3.5671530224965817,54.010339215332365,0.2734645410771708,0.08528305163256383,1.2279369831085205
video.clip,gmm_K14,14,0,0.02242126129567623,3.5172821014077056,51.39694382770794,0.28054847807603683,0.08695266809586903,1.2344483137130737
video.clip,gmm_K15,15,0,0.024528220295906067,3.476104386604811,49.55985402977976,0.2819753812258112,0.0801006592424866,1.2220741510391235
video.clip,gmm_K16,16,0,0.026539988815784454,3.4389345009194625,47.96860676891958,0.2868808952913984,0.08626553901942573,1.21543288230896
video.clip,gmm_K17,17,0,0.029660504311323166,3.3546874594822524,47.49454954518661,0.2964226778655539,0.09109805464589932,1.2050714492797852
video.clip,gmm_K18,18,0,0.03364691138267517,3.195394560263367,46.76912335935759,0.3047311096202175,0.08891748877282633,1.193080186843872
video.clip,gmm_K19,19,0,0.03440512344241142,3.234718187254543,45.2833393307205,0.31485509171148224,0.09955022434727367,1.2112388610839844
video.clip,gmm_K2,2,0,0.02386048063635826,5.669859797781559,64.09270030915789,0.042373893364468465,0.007740859047514727,1.4274394512176514
video.clip,gmm_K20,20,0,0.03575466200709343,3.3178971216170865,43.98395168195343,0.31125950638040567,0.09670774357636355,1.2287226915359497
video.clip,gmm_K21,21,0,0.043119266629219055,3.2282522315207918,43.17912534901771,0.31786196362082225,0.09484629102798067,1.1753301620483398
video.clip,gmm_K22,22,0,0.04071309044957161,3.285015473607146,42.043245791223654,0.3217080267349341,0.09929001207746199,1.1550812721252441
video.clip,gmm_K23,23,0,0.041024476289749146,3.212368241775032,40.68803206027029,0.324734981276499,0.09025600551369811,1.1681842803955078
video.clip,gmm_K24,24,0,0.04471644014120102,3.158616007499182,40.5867137392419,0.33017510143334317,0.09990514803997481,1.1824047565460205
video.clip,gmm_K25,25,0,0.04642879590392113,3.13798599865373,39.723352060305345,0.3300031781794297,0.0943098288597464,1.1908990144729614
video.clip,gmm_K26,26,0,0.04314105957746506,3.1337899903809263,39.18101105078422,0.33224796193258693,0.09328254364089285,1.1707643270492554
video.clip,gmm_K27,27,0,0.04520779848098755,3.0857340042112593,38.55529855293763,0.3296829522730568,0.09205320456330743,1.1748778820037842
video.clip,gmm_K28,28,0,0.04420112073421478,3.0665543507125053,37.88344904557933,0.33208831516574966,0.09299426537375546,1.1819961071014404
video.clip,gmm_K29,29,0,0.042777031660079956,2.9958347529459783,36.16875529677544,0.3219984196242775,0.07617775848652787,1.1680591106414795
video.clip,gmm_K3,3,0,0.0010136705823242664,5.933923501889805,55.35638043006535,0.0695296991328452,0.023979395976685493,1.4208850860595703
video.clip,gmm_K30,30,0,0.05165095627307892,3.0813194058728723,37.2706717473992,0.33475955167620347,0.09096764757146472,1.1533329486846924
video.clip,gmm_K31,31,0,0.05102017894387245,2.9120880646844767,37.051729214916755,0.3382372260350267,0.09235250275451157,1.15581214427948
video.clip,gmm_K32,32,0,0.050448451191186905,2.9660420422630365,36.00598479812344,0.34856524695743485,0.09245990587230368,1.150039553642273
video.clip,gmm_K33,33,0,0.05020150914788246,2.917384156159633,35.57271019969807,0.35394395269348655,0.09337787235269498,1.1366853713989258
video.clip,gmm_K34,34,0,0.05019446089863777,2.893796842793295,35.94033375478021,0.34772251146462424,0.08744276302237912,1.1599595546722412
video.clip,gmm_K35,35,0,0.05347076803445816,2.8462203604958347,35.72791454240864,0.35116112302932023,0.08566828216458457,1.1543892621994019
video.clip,gmm_K36,36,0,0.05614464730024338,2.889448790251468,35.40899614655635,0.35192471516783114,0.08812890919759693,1.14841628074646
video.clip,gmm_K37,37,0,0.053189851343631744,2.93238595418894,34.39232909383374,0.34837584930283994,0.0833651684413875,1.1570918560028076
video.clip,gmm_K38,38,0,0.05293790251016617,2.937963673218004,33.43883863412872,0.3534136995098093,0.0831298938438966,1.1405333280563354
video.clip,gmm_K39,39,0,0.04777958244085312,2.931332406069358,32.72070936577306,0.3539461761704117,0.08497568499583534,1.166175127029419
video.clip,gmm_K4,4,0,0.003928177058696747,4.770747773236703,78.55606837972908,0.12561711608728707,0.03600302934757164,1.400007724761963
video.clip,gmm_K40,40,0,0.05472925677895546,2.8687269891497356,32.57191015551778,0.35775699173375164,0.08622469058023982,1.1511627435684204
video.clip,gmm_K41,41,0,0.053771913051605225,2.9678511450768243,31.84157821998003,0.35393200730306673,0.08110017312296697,1.1440503597259521
video.clip,gmm_K42,42,0,0.050137460231781006,2.9336856756495884,31.090277401206865,0.35778843459208287,0.08675132989071267,1.1382801532745361
video.clip,gmm_K43,43,0,0.0526132807135582,2.9276608256477377,31.084592924625955,0.3564394176642043,0.08421319760109067,1.1373177766799927
video.clip,gmm_K44,44,0,0.05658823251724243,2.8786393211034498,30.668220183481672,0.36152785931454345,0.08636315767027859,1.1517853736877441
video.clip,gmm_K45,45,0,0.055048104375600815,2.851924536693594,30.675191302791852,0.3627232486914062,0.08445893236184929,1.1562058925628662
video.clip,gmm_K46,46,0,0.05111725628376007,2.89776735376169,30.041341986221347,0.36366950650545127,0.08437879069424753,1.1430728435516357
video.clip,gmm_K47,47,0,0.052763957530260086,2.822421536819216,29.64034212984109,0.36084971540450317,0.08055781758408737,1.1396615505218506
video.clip,gmm_K48,48,0,0.05479283630847931,2.797217697934537,29.815973983264925,0.3714099912206514,0.08506107402171771,1.1472126245498657
video.clip,gmm_K49,49,0,0.05517902970314026,2.778087234120581,29.29611233231054,0.3732728723200296,0.08299497235271135,1.141795039176941
video.clip,gmm_K5,5,0,0.019137458875775337,3.7147546704083494,76.26858044909389,0.1781274957569631,0.02255751752156064,1.3195719718933105
video.clip,gmm_K50,50,0,0.05422317609190941,2.8301130882993943,28.87706710104907,0.368687316190375,0.08017796429575673,1.1365020275115967
video.clip,gmm_K6,6,0,0.029145848006010056,4.215007998880092,72.21603564694136,0.20014891081680503,0.08702279478106865,1.3749289512634277
video.clip,gmm_K7,7,0,0.015382930636405945,4.140278993049194,61.98530835161245,0.1933239614832472,0.042608613572445865,1.3205749988555908
video.clip,gmm_K8,8,0,0.022870386019349098,3.410429428946765,63.13040264039635,0.20887255263168575,0.038005813187311104,1.2313246726989746
video.clip,gmm_K9,9,0,0.01598753035068512,3.8357394514879775,58.273566866220975,0.2082784504550551,0.04792220453473131,1.253664255142212
video.clip,hdbscan_auto,2,1729,0.30597585439682007,1.3260072000786731,131.01589039857856,0.26545031805636227,0.10719836952799115,1.3146061897277832
video.clip,kmeans_K10,10,0,0.05594053491950035,2.907517140945272,78.04735431410475,0.2660312035997992,0.11476613617135877,1.3144763708114624
video.clip,kmeans_K11,11,0,0.061264097690582275,2.9609593573053057,74.59171589595114,0.2795701789481644,0.1317984849693344,1.303348183631897
video.clip,kmeans_K12,12,0,0.06219929829239845,2.9832418872596977,70.88493390095738,0.2917994050382925,0.13737005285731232,1.3073097467422485
video.clip,kmeans_K13,13,0,0.06418068706989288,3.043619407557659,67.31598021576228,0.2924504980058147,0.12127907477093346,1.2946429252624512
video.clip,kmeans_K14,14,0,0.0665966048836708,2.883573536279631,65.08361884921267,0.3062734874129301,0.12333360183711942,1.2714084386825562
video.clip,kmeans_K15,15,0,0.06124694645404816,2.9603210014966232,61.78236508884043,0.31586175230482694,0.1389554000265316,1.2647271156311035
video.clip,kmeans_K16,16,0,0.0638790875673294,2.8942319282669335,59.46022555757457,0.3228159430998091,0.1304679090599501,1.2669668197631836
video.clip,kmeans_K17,17,0,0.06624780595302582,2.916498757064041,57.89166657596394,0.32967865863839235,0.1235843832746539,1.2614305019378662
video.clip,kmeans_K18,18,0,0.06254956126213074,2.9110707335922723,55.890011042305204,0.3181984288790258,0.11293971004060996,1.2618536949157715
video.clip,kmeans_K19,19,0,0.07048968225717545,2.7729241107762745,55.23694390853468,0.33604657117544384,0.12464107963853448,1.2589802742004395
video.clip,kmeans_K2,2,0,0.07740798592567444,3.4323010577574142,181.78469330773092,0.07197312167827502,0.039702381052562095,1.4301173686981201
video.clip,kmeans_K20,20,0,0.07215060293674469,2.809178643285565,53.5924500994407,0.3469709580693364,0.12478626288588528,1.2299023866653442
video.clip,kmeans_K21,21,0,0.06640401482582092,2.733057657857883,51.354629616477915,0.3545291776198016,0.15454754889144554,1.2042105197906494
video.clip,kmeans_K22,22,0,0.06833241879940033,2.826528984647601,50.105505261502955,0.3488236880646132,0.1238876862796128,1.2363284826278687
video.clip,kmeans_K23,23,0,0.06816871464252472,2.89903706441701,49.199924639944335,0.35220397420257415,0.1264760679094238,1.2202987670898438
video.clip,kmeans_K24,24,0,0.07377173006534576,2.740277475040465,48.18748791175665,0.353228952348898,0.10897689212108422,1.2018781900405884
video.clip,kmeans_K25,25,0,0.07217295467853546,2.7732846613822,47.0560850881904,0.3525332992828384,0.11191642951536726,1.2220852375030518
video.clip,kmeans_K26,26,0,0.0700131505727768,2.803180945707307,45.97142393363918,0.3573874766450467,0.12268795567307868,1.1927831172943115
video.clip,kmeans_K27,27,0,0.06974337995052338,2.7545694303616637,45.240810843702604,0.3660019160798481,0.11708947513126146,1.1965502500534058
video.clip,kmeans_K28,28,0,0.06904923170804977,2.8551965243940214,43.69008524094076,0.3643824014598806,0.11154275833455862,1.1947356462478638
video.clip,kmeans_K29,29,0,0.06867414712905884,2.698620673616551,43.15035169651571,0.37289175238243066,0.11775276183186155,1.171919345855713
video.clip,kmeans_K3,3,0,0.08726843446493149,3.0299262638394726,151.18594401564883,0.14068897677059475,0.058970673649258724,1.4223699569702148
video.clip,kmeans_K30,30,0,0.07263898104429245,2.7904366776120932,42.059890758846244,0.3698468173130935,0.11751218327798724,1.2011276483535767
video.clip,kmeans_K31,31,0,0.06661099940538406,2.832441092073106,41.26267529207112,0.3648844892862781,0.1068530050023923,1.1964412927627563
video.clip,kmeans_K32,32,0,0.06846063584089279,2.657955029137594,40.48449072152464,0.36839502827749115,0.10613123152800497,1.1967439651489258
video.clip,kmeans_K33,33,0,0.0689481794834137,2.737835219774088,39.827450594337954,0.37105764384017026,0.10791003741992929,1.167311668395996
video.clip,kmeans_K34,34,0,0.06167735904455185,2.7811372526366673,38.918227298571274,0.3591116808825725,0.10033930349919157,1.170776128768921
video.clip,kmeans_K35,35,0,0.06316275149583817,2.792405205889342,38.20857416119127,0.3617491416537374,0.09469430010708674,1.1707462072372437
video.clip,kmeans_K36,36,0,0.06858853250741959,2.694372496017057,37.661324698557145,0.36857656127933097,0.10260137110252544,1.1615967750549316
video.clip,kmeans_K37,37,0,0.06632725894451141,2.6881066693246494,37.165282261371985,0.37060270913466276,0.09556226552597036,1.1757900714874268
video.clip,kmeans_K38,38,0,0.06815719604492188,2.8399251862117865,35.9806463370098,0.3638291675044329,0.0945006146614417,1.1525031328201294
video.clip,kmeans_K39,39,0,0.06880094110965729,2.707377373575243,35.8574961072401,0.3739697617576783,0.10202179678063317,1.1575993299484253
video.clip,kmeans_K4,4,0,0.052117202430963516,3.2691318963077416,125.46705596106841,0.17812130568306944,0.07194993192677429,1.386067271232605
video.clip,kmeans_K40,40,0,0.06636235862970352,2.73539117564217,35.19834950264479,0.37539339268346233,0.09848940062706076,1.1344982385635376
video.clip,kmeans_K41,41,0,0.061554692685604095,2.820783599629166,34.371750957797815,0.37006945299542354,0.09244611710961999,1.1639641523361206
video.clip,kmeans_K42,42,0,0.06193733960390091,2.718020698649282,33.84637025739195,0.36782314124997784,0.09087988244056475,1.1582247018814087
video.clip,kmeans_K43,43,0,0.06402278691530228,2.7539436963550536,33.715114265981654,0.3680756178392679,0.09327297305866665,1.1613329648971558
video.clip,kmeans_K44,44,0,0.06516265869140625,2.7317097018599354,32.92272436386086,0.3725741083531504,0.08843686234749305,1.1548243761062622
video.clip,kmeans_K45,45,0,0.06421950459480286,2.7485695041575577,32.52633063646276,0.377883103273615,0.08941562892156378,1.1453360319137573
video.clip,kmeans_K46,46,0,0.06809832900762558,2.679444003283123,32.21197640671578,0.368963386935861,0.08474268958814546,1.1483137607574463
video.clip,kmeans_K47,47,0,0.0670933872461319,2.714801308130755,31.565218408613006,0.3747535906841828,0.09455929591110028,1.1401176452636719
video.clip,kmeans_K48,48,0,0.06549554318189621,2.6587417701885836,31.236546763375216,0.3719247772516428,0.07964567456822452,1.1455131769180298
video.clip,kmeans_K49,49,0,0.0639062449336052,2.7195584667861152,30.60719684117718,0.37425530308062904,0.0838554735143313,1.1217552423477173
video.clip,kmeans_K5,5,0,0.05704541876912117,3.308792498417948,111.76445745781675,0.19431726498986102,0.0619563425518782,1.3760782480239868
video.clip,kmeans_K50,50,0,0.06319678574800491,2.6707966679696677,30.326117394377935,0.3769606614745366,0.08289086925007322,1.1282001733779907
video.clip,kmeans_K6,6,0,0.06379163265228271,3.1106369800278237,102.18317899650282,0.23197170698507583,0.08872035421440899,1.3752542734146118
video.clip,kmeans_K7,7,0,0.06059521436691284,3.168410095529989,93.8625971934248,0.24716118836925666,0.1091140429066539,1.374522089958191
video.clip,kmeans_K8,8,0,0.06174640730023384,3.0238399702273178,87.59883166399959,0.26164961950067583,0.11486712284568397,1.3589050769805908
video.clip,kmeans_K9,9,0,0.05380873754620552,3.036088121262179,82.18249998108547,0.26034730501105774,0.12087616139243273,1.32450532913208
video.vjepa2,agglomerative_ward_K10,10,0,0.015139011666178703,4.15176965073873,40.237757144301945,0.16740819740740367,0.05158366741579545,1.3107506036758423
video.vjepa2,agglomerative_ward_K11,11,0,0.011981138028204441,4.086701624247983,38.45866561703049,0.1710037520274314,0.05723014364971357,1.3119632005691528
video.vjepa2,agglomerative_ward_K12,12,0,0.013741143979132175,3.9600174426030414,36.53739315812439,0.1737256072192254,0.05303000494874082,1.3038922548294067
video.vjepa2,agglomerative_ward_K13,13,0,0.014134690165519714,3.867840359564406,34.93622277964403,0.18026946537281413,0.05518384842881675,1.3077373504638672
video.vjepa2,agglomerative_ward_K14,14,0,0.013068931177258492,3.9272856579025834,33.47761685831773,0.18981553155056485,0.05591864403786541,1.3175283670425415
video.vjepa2,agglomerative_ward_K15,15,0,0.013742456212639809,3.8260547812811487,32.23328874935007,0.19225396155047783,0.056302043761749195,1.30980384349823
video.vjepa2,agglomerative_ward_K16,16,0,0.01563134789466858,3.98188167167313,31.11791377886085,0.19617376952361712,0.059963662778394405,1.3158729076385498
video.vjepa2,agglomerative_ward_K17,17,0,0.01647897996008396,3.893954141439512,30.11887064905563,0.19813727672356288,0.06015631342983035,1.3062925338745117
video.vjepa2,agglomerative_ward_K18,18,0,0.016918236389756203,3.8780624469662266,29.201508427311886,0.20271317320671792,0.060993597987029455,1.314429521560669
video.vjepa2,agglomerative_ward_K19,19,0,0.018579797819256783,3.7535130109410346,28.391350428595274,0.20238312750627702,0.059939129778363714,1.2831159830093384
video.vjepa2,agglomerative_ward_K2,2,0,0.025112411007285118,4.4350807309205456,87.40251389051068,0.04657167450212468,0.001851004550537902,1.4089159965515137
video.vjepa2,agglomerative_ward_K20,20,0,0.020195137709379196,3.6968459727311127,27.604363541297815,0.2055642327902273,0.06054207950716017,1.2905000448226929
video.vjepa2,agglomerative_ward_K21,21,0,0.019485462456941605,3.6230281789841556,26.893507501906473,0.20801035661080394,0.060302726073802417,1.2828254699707031
video.vjepa2,agglomerative_ward_K22,22,0,0.007698011118918657,3.5951937193135817,26.23109889493165,0.21290307922051635,0.06141997033466876,1.2895411252975464
video.vjepa2,agglomerative_ward_K23,23,0,0.008682473562657833,3.5536657338977906,25.598736678605288,0.21587530138835806,0.060280334417353185,1.2957037687301636
video.vjepa2,agglomerative_ward_K24,24,0,0.009587411768734455,3.5438462313126693,25.00067281245531,0.2164222470685665,0.05961350359237421,1.2788950204849243
video.vjepa2,agglomerative_ward_K25,25,0,0.007995509542524815,3.5786350507311506,24.444976048619374,0.2179046485372975,0.06396400695697556,1.2795482873916626
video.vjepa2,agglomerative_ward_K26,26,0,0.008980287238955498,3.543375768911307,23.936749495274253,0.21809518030589303,0.06435333701991346,1.2879315614700317
video.vjepa2,agglomerative_ward_K27,27,0,0.009512025862932205,3.5249240455113684,23.451168515558535,0.21863657066817868,0.061224784911092366,1.2875391244888306
video.vjepa2,agglomerative_ward_K28,28,0,0.010988442227244377,3.5244074641772505,23.003906547638028,0.21867844546909648,0.056854005185325886,1.2888816595077515
video.vjepa2,agglomerative_ward_K29,29,0,0.01169976033270359,3.506473791392191,22.588875984780465,0.22103231470600906,0.057009106786920734,1.292457103729248
video.vjepa2,agglomerative_ward_K3,3,0,0.03131585940718651,4.0175740609403485,70.18373159664428,0.060910134454965924,0.01230078789676693,1.4615565538406372
video.vjepa2,agglomerative_ward_K30,30,0,0.012911742553114891,3.496743913528639,22.19848958017645,0.22311449438797396,0.05753935085294441,1.28835928440094
video.vjepa2,agglomerative_ward_K31,31,0,0.011286966502666473,3.5752055679964196,21.831610877444163,0.2237356705965509,0.056709058349793354,1.291322946548462
video.vjepa2,agglomerative_ward_K32,32,0,0.012127893976867199,3.531213628793644,21.48592062202621,0.2246426703581885,0.056583901512806664,1.2818061113357544
video.vjepa2,agglomerative_ward_K33,33,0,0.01302765216678381,3.4972227650688703,21.15757423207335,0.22515450870534748,0.05640100763648163,1.2753294706344604
video.vjepa2,agglomerative_ward_K34,34,0,0.013529547490179539,3.475794390301421,20.820939821418797,0.2273830131295281,0.056407349720245664,1.2751628160476685
video.vjepa2,agglomerative_ward_K35,35,0,0.014570235274732113,3.434873304687368,20.50251501621598,0.2290956682265392,0.05652131297625605,1.2736525535583496
video.vjepa2,agglomerative_ward_K36,36,0,0.005371983628720045,3.4146497065519488,20.20339518260733,0.23103230390702165,0.05634775616086126,1.2752201557159424
video.vjepa2,agglomerative_ward_K37,37,0,0.005820733029395342,3.415885007169142,19.919516121808332,0.23299624101055044,0.05707879802747163,1.2775304317474365
video.vjepa2,agglomerative_ward_K38,38,0,0.006498931907117367,3.446072599312032,19.65165074636121,0.23422212086702762,0.04856915435468411,1.270094871520996
video.vjepa2,agglomerative_ward_K39,39,0,0.006000850815325975,3.469406916190533,19.388514644832703,0.23474230729548437,0.043346267436739486,1.2711857557296753
video.vjepa2,agglomerative_ward_K4,4,0,0.02262459509074688,4.425581097799626,65.21587354588658,0.11076752562406379,0.05338952823386559,1.4588491916656494
video.vjepa2,agglomerative_ward_K40,40,0,0.006826520897448063,3.4173639089668244,19.13970304852788,0.2366284867589023,0.043445394026593635,1.2663695812225342
video.vjepa2,agglomerative_ward_K41,41,0,0.007921328768134117,3.3839077997488474,18.90238704487084,0.23703633072579008,0.04243005013603725,1.2666361331939697
video.vjepa2,agglomerative_ward_K42,42,0,0.008407842367887497,3.326460795318584,18.655932445753542,0.23804673507709107,0.04248808484894801,1.243586540222168
video.vjepa2,agglomerative_ward_K43,43,0,0.009027477353811264,3.3521729965498523,18.422371670125052,0.24077029386826546,0.043011815640437115,1.2465029954910278
video.vjepa2,agglomerative_ward_K44,44,0,0.009473961777985096,3.3188652418117695,18.198284933331408,0.24194272865484906,0.04312602085050812,1.2454661130905151
video.vjepa2,agglomerative_ward_K45,45,0,0.010460416786372662,3.319314203061455,17.982380008311328,0.24613202067360385,0.043724996609112034,1.2488009929656982
video.vjepa2,agglomerative_ward_K46,46,0,0.011223890818655491,3.2759590447279696,17.77547214811732,0.24689152948869492,0.043414875625624315,1.245259165763855
video.vjepa2,agglomerative_ward_K47,47,0,0.0114972572773695,3.25848275175004,17.57341799792529,0.2482991880529575,0.04347825564418681,1.2493668794631958
video.vjepa2,agglomerative_ward_K48,48,0,0.011712336912751198,3.2503528419654906,17.373592926453068,0.2488157372204273,0.04229031304995063,1.2477283477783203
video.vjepa2,agglomerative_ward_K49,49,0,0.010119707323610783,3.281382849530835,17.182852412617525,0.249863922522708,0.04243095068607039,1.2494597434997559
video.vjepa2,agglomerative_ward_K5,5,0,0.011277034878730774,4.341387593104021,56.42316785794533,0.12050150290408725,0.06046723458130843,1.4595167636871338
video.vjepa2,agglomerative_ward_K50,50,0,0.011080242693424225,3.2667569994235053,16.995736937227456,0.25040704130893277,0.04247634086150241,1.2516592741012573
video.vjepa2,agglomerative_ward_K6,6,0,0.015778977423906326,4.238578668590248,50.94779454774808,0.131686349200375,0.06281892917717129,1.3871105909347534
video.vjepa2,agglomerative_ward_K7,7,0,0.01946711167693138,4.104684488724101,47.27693941034315,0.1426548017501728,0.06209100844107594,1.331920862197876
video.vjepa2,agglomerative_ward_K8,8,0,0.01683339662849903,4.154446478031673,44.41195947681633,0.14640976912416437,0.05642121831228657,1.3270297050476074
video.vjepa2,agglomerative_ward_K9,9,0,0.020154735073447227,4.116400455862675,42.16703463711372,0.16183545029978316,0.06623743075634214,1.3011553287506104
video.vjepa2,gmm_K10,10,0,-0.012730395421385765,4.438006170908666,34.748942419286315,0.14079052029455655,0.030870038436980156,1.3389389514923096
video.vjepa2,gmm_K11,11,0,-0.01948619820177555,4.529915081724948,32.840701039648714,0.14641924638473044,0.027761099923695604,1.3141506910324097
video.vjepa2,gmm_K12,12,0,-0.014772793278098106,4.5122634298993995,33.228353392630474,0.16285235839312204,0.044431735759342596,1.310732126235962
video.vjepa2,gmm_K13,13,0,-0.013690116815268993,4.408447845092153,33.033206121637555,0.17301199147675161,0.04488172822695642,1.331371784210205
video.vjepa2,gmm_K14,14,0,-0.009131099097430706,4.211122133500222,32.00166889787884,0.17368157733752734,0.05321636496552638,1.2951343059539795
video.vjepa2,gmm_K15,15,0,-0.010812255553901196,4.037176450833363,31.22247347480042,0.18622429761517661,0.056904935355276035,1.3259131908416748
video.vjepa2,gmm_K16,16,0,-0.0092204874381423,4.185040968345995,30.312311638689668,0.1787532649815456,0.054269946800238986,1.335031270980835
video.vjepa2,gmm_K17,17,0,-0.007741954643279314,3.9724106017803376,28.897262497300932,0.17407246355347775,0.026615515610747136,1.3130606412887573
video.vjepa2,gmm_K18,18,0,-0.004325123503804207,3.8731336574398503,28.347671722192473,0.1958848202787645,0.051080121229460686,1.3159704208374023
video.vjepa2,gmm_K19,19,0,-0.00987407099455595,3.9979960383736994,27.173418528281136,0.19052134773970872,0.045388900192563544,1.3155038356781006
video.vjepa2,gmm_K2,2,0,0.06421004235744476,5.882584615710065,61.19299381713923,0.04445931550151472,0.0344945933304307,1.434586524963379
video.vjepa2,gmm_K20,20,0,-0.006581129506230354,3.988801088337934,27.10127834004934,0.1915506896000408,0.044867047670141325,1.3204102516174316
video.vjepa2,gmm_K21,21,0,-0.0044933585450053215,4.018616784521481,26.46457661015737,0.19287935007289764,0.03846677648576298,1.2746481895446777
video.vjepa2,gmm_K22,22,0,-0.004455117508769035,3.9116330114986537,26.312316701099707,0.19951061806047102,0.03962496642091367,1.2660988569259644
video.vjepa2,gmm_K23,23,0,-0.003509912872686982,3.9334784469131803,25.440318943177097,0.20861581585427927,0.04638898101773937,1.2745612859725952
video.vjepa2,gmm_K24,24,0,-0.005588701460510492,3.9567524028108054,24.826677533683686,0.20954139586197176,0.0450799449166356,1.281131386756897
video.vjepa2,gmm_K25,25,0,-0.003883070545271039,3.8630778445080862,24.174819235766027,0.21104291756464377,0.043981689989771956,1.2853246927261353
video.vjepa2,gmm_K26,26,0,-0.0012818354880437255,3.908019530307465,23.77869891073695,0.21673596985755061,0.04816780085001332,1.288809895515442
video.vjepa2,gmm_K27,27,0,-0.0019257018575444818,3.8202764854491855,23.34292050735797,0.21240244013600496,0.04558385629281745,1.292792797088623
video.vjepa2,gmm_K28,28,0,-0.0011867592111229897,3.897421769117403,22.65706408272507,0.2216836384050657,0.04852392820982695,1.2777392864227295
video.vjepa2,gmm_K29,29,0,-0.0013291480718180537,3.857720656188558,22.357541560139747,0.21629225780061695,0.044949803820630886,1.2941720485687256
video.vjepa2,gmm_K3,3,0,-0.008577469736337662,6.7565119842240735,42.664450125113156,0.06324365339605845,0.026080401491568046,1.409172534942627
video.vjepa2,gmm_K30,30,0,-0.0036888376343995333,3.822621072546722,21.741334306113796,0.2269642365929149,0.049787558868563286,1.2902414798736572
video.vjepa2,gmm_K31,31,0,-0.003334461711347103,3.6910840490003216,21.43289089658372,0.22278426803722856,0.04309982972323316,1.285406470298767
video.vjepa2,gmm_K32,32,0,0.0034893390256911516,3.600569589462692,21.689529831193777,0.23713491400863487,0.04979227900592271,1.2944526672363281
video.vjepa2,gmm_K33,33,0,0.0047897701151669025,3.6611541989128598,21.24655153058675,0.24019435136146294,0.05446674076132918,1.2818057537078857
video.vjepa2,gmm_K34,34,0,0.005666721146553755,3.649228996164143,21.04812976172568,0.24183791782129016,0.05485806143376172,1.293257236480713
video.vjepa2,gmm_K35,35,0,0.00763079384341836,3.547160918675015,21.06988114851363,0.24489929822889847,0.05762052203800019,1.2767925262451172
video.vjepa2,gmm_K36,36,0,0.009461111389100552,3.5503259588156264,20.670493856753346,0.24842716909665452,0.05630007083898296,1.2702280282974243
video.vjepa2,gmm_K37,37,0,0.009198267012834549,3.5546196291208165,20.278254658039433,0.24679658271777397,0.053605363284672525,1.2796322107315063
video.vjepa2,gmm_K38,38,0,0.008518042042851448,3.4933791756797454,20.012196175318035,0.2455531104240837,0.052840539620087494,1.2816026210784912
video.vjepa2,gmm_K39,39,0,0.010096189565956593,3.4063724775564688,20.134628141557027,0.24794394018524038,0.050104009182786687,1.29196035861969
video.vjepa2,gmm_K4,4,0,-0.010822053998708725,6.196286463049623,38.673183679105094,0.08084090541299073,0.025097783714665554,1.3492223024368286
video.vjepa2,gmm_K40,40,0,0.01087941788136959,3.3442239819925335,19.9277119525194,0.2504788686908402,0.051772438375663955,1.2997363805770874
video.vjepa2,gmm_K41,41,0,0.01228677574545145,3.3552304058487508,19.852992962979695,0.25050347620616,0.049532262641922786,1.2797983884811401
video.vjepa2,gmm_K42,42,0,0.015442497096955776,3.350323357019673,19.703807362832933,0.2545216798604308,0.05052854677646569,1.2780535221099854
video.vjepa2,gmm_K43,43,0,0.013736207969486713,3.3545965298158076,19.23887122045467,0.2495889026806423,0.04542411452389565,1.2898383140563965
video.vjepa2,gmm_K44,44,0,0.013895747251808643,3.2875459644932565,19.005284414144587,0.25260554620745745,0.0478911524464614,1.2812561988830566
video.vjepa2,gmm_K45,45,0,0.014669323340058327,3.2765053138587956,18.637559029825123,0.25103274112088175,0.048824709714551065,1.2892428636550903
video.vjepa2,gmm_K46,46,0,0.016151797026395798,3.2398835545946127,18.389648241426485,0.2545345145658985,0.04899493666370218,1.285762906074524
video.vjepa2,gmm_K47,47,0,0.014266225509345531,3.2323741074844135,18.22356751844413,0.2614272992448313,0.048887536063608995,1.288724422454834
video.vjepa2,gmm_K48,48,0,0.0146371154114604,3.206897078800273,18.22395350312962,0.26229707929186896,0.04863307147158648,1.2909282445907593
video.vjepa2,gmm_K49,49,0,0.015872318297624588,3.177706342653111,18.01508489410698,0.2631456015460697,0.047353616689324085,1.2675683498382568
video.vjepa2,gmm_K5,5,0,-0.02854648232460022,6.696963681329959,35.01042690546962,0.09203207458477128,0.036992834993522725,1.404905080795288
video.vjepa2,gmm_K50,50,0,0.014184156432747841,3.2691778289540974,17.482996835241032,0.2626424439589432,0.04718098422704662,1.2780288457870483
video.vjepa2,gmm_K6,6,0,-0.028429081663489342,5.561602665200347,39.48850611474958,0.1201158719587737,0.0403762805786883,1.4029812812805176
video.vjepa2,gmm_K7,7,0,-0.02361982688307762,5.500291571750958,38.500197818152785,0.11380310140838035,0.030630278038729364,1.3772926330566406
video.vjepa2,gmm_K8,8,0,-0.020086634904146194,4.83528650987737,38.344622958616874,0.11963479220857229,0.04785819130892377,1.4126603603363037
video.vjepa2,gmm_K9,9,0,-0.02277013473212719,4.850866688146428,34.60335882920728,0.1331628740001518,0.04268348643258328,1.3911243677139282
video.vjepa2,hdbscan_auto,0,2185,,,,,,
video.vjepa2,kmeans_K10,10,0,0.029771463945508003,3.706256512202369,50.16772986797735,0.1685353381330092,0.060056427074583134,1.3571735620498657
video.vjepa2,kmeans_K11,11,0,0.026937419548630714,3.7461293894019714,47.20879990043708,0.19122746228581958,0.07202060294895335,1.3653429746627808
video.vjepa2,kmeans_K12,12,0,0.02772604301571846,3.527090824995474,45.65901619900996,0.18388773212113907,0.06619378069103012,1.3438447713851929
video.vjepa2,kmeans_K13,13,0,0.02912021428346634,3.5056100265084402,43.5179361262004,0.19249091918665084,0.06627629916630078,1.3318626880645752
video.vjepa2,kmeans_K14,14,0,0.03043166734278202,3.508667270724998,41.48130880693968,0.21066874758950666,0.07588491846013136,1.339249849319458
video.vjepa2,kmeans_K15,15,0,0.02341642417013645,3.5891877601581066,39.721535620008574,0.20251239015987896,0.06927582893897942,1.3288205862045288
video.vjepa2,kmeans_K16,16,0,0.021182190626859665,3.5671607754227153,38.35248477917698,0.21172196864501788,0.07330335780647676,1.3431892395019531
video.vjepa2,kmeans_K17,17,0,0.026122309267520905,3.5351512819615,36.87067269061993,0.21709391165612704,0.07449011767297554,1.3146220445632935
video.vjepa2,kmeans_K18,18,0,0.023565368726849556,3.523051853322693,35.63364771263943,0.21550791592551466,0.06725917547507372,1.341338038444519
video.vjepa2,kmeans_K19,19,0,0.02302459068596363,3.600325294382274,34.48827508314407,0.22161449823231907,0.06920130069140432,1.330101490020752
video.vjepa2,kmeans_K2,2,0,0.05047192797064781,4.039810117576541,126.58636369927194,0.05618911054058799,0.018718203077488442,1.4249927997589111
video.vjepa2,kmeans_K20,20,0,0.02180800586938858,3.546632859224835,33.2670676193218,0.2195215497103898,0.060633815755252334,1.3390766382217407
video.vjepa2,kmeans_K21,21,0,0.022543692961335182,3.5209223283920585,32.194765559459405,0.22378657156853812,0.06362018585258873,1.2967658042907715
video.vjepa2,kmeans_K22,22,0,0.0237298384308815,3.449752607745216,31.112466179803842,0.22203773262118812,0.06876277998580842,1.2967753410339355
video.vjepa2,kmeans_K23,23,0,0.02192302793264389,3.527308956411565,30.41230056370437,0.21717898549218825,0.05656362051354644,1.3065181970596313
video.vjepa2,kmeans_K24,24,0,0.019664892926812172,3.5314558644249647,29.683190537435767,0.2163479755495125,0.061923593724785,1.3277288675308228
video.vjepa2,kmeans_K25,25,0,0.02608131431043148,3.400468925584992,28.895172114143467,0.2281277285166469,0.06275047725778914,1.315791368484497
video.vjepa2,kmeans_K26,26,0,0.018215244635939598,3.5131310218455973,28.08941781098664,0.2257600417541569,0.05655841641246145,1.3253941535949707
video.vjepa2,kmeans_K27,27,0,0.025100523605942726,3.414681370581787,27.637677265628927,0.23870326742555825,0.06056962402780187,1.325539469718933
video.vjepa2,kmeans_K28,28,0,0.03072107397019863,3.3586560701588946,26.77151176321582,0.22092237843865808,0.055847680066755605,1.3047304153442383
video.vjepa2,kmeans_K29,29,0,0.019725007936358452,3.3715677011320566,26.147299489246624,0.2282565128067976,0.05623491244016872,1.3143128156661987
video.vjepa2,kmeans_K3,3,0,0.04042071849107742,4.409197222674257,94.17413036205528,0.12218078585120253,0.056777340114287325,1.4247031211853027
video.vjepa2,kmeans_K30,30,0,0.022850675508379936,3.3804006666325663,25.79212553241551,0.23919234674612525,0.060920409567084804,1.310714840888977
video.vjepa2,kmeans_K31,31,0,0.02455558441579342,3.2802960555122054,25.32487661445883,0.2372345811889027,0.06177405059617625,1.2967214584350586
video.vjepa2,kmeans_K32,32,0,0.023106910288333893,3.381995829359255,24.725741622916917,0.2371536983018834,0.053868112718642364,1.2955100536346436
video.vjepa2,kmeans_K33,33,0,0.021396948024630547,3.3604750512454618,24.333042345971634,0.2498193700318815,0.053901627112929146,1.2969365119934082
video.vjepa2,kmeans_K34,34,0,0.025092838332057,3.3412223062049016,23.88762064877026,0.23682160566681523,0.05383872524229034,1.3017178773880005
video.vjepa2,kmeans_K35,35,0,0.025617992505431175,3.3216471925294555,23.44352586543543,0.2392071885436776,0.04390906988222349,1.2908599376678467
video.vjepa2,kmeans_K36,36,0,0.0246212687343359,3.278764965404299,23.00708172954756,0.24553825840687904,0.05327634962870929,1.3030192852020264
video.vjepa2,kmeans_K37,37,0,0.025310330092906952,3.2747808419404096,22.69165290199761,0.23744987478532223,0.04746460488982761,1.2641795873641968
video.vjepa2,kmeans_K38,38,0,0.025210892781615257,3.2987785613336142,22.130262192680878,0.2420441011108478,0.05247398808177639,1.290565013885498
video.vjepa2,kmeans_K39,39,0,0.027396880090236664,3.1954735006875543,21.909345048203814,0.2517436027941978,0.062410060683076835,1.2543822526931763
video.vjepa2,kmeans_K4,4,0,0.03817396238446236,3.9662060314275447,81.95874520210164,0.12541220022957308,0.06637335922465863,1.4547853469848633
video.vjepa2,kmeans_K40,40,0,0.027465827763080597,3.293212759968452,21.564934059848834,0.24086989468808986,0.04523736092539406,1.319518804550171
video.vjepa2,kmeans_K41,41,0,0.026243804022669792,3.1897310330298554,21.19165899650684,0.25378925334782404,0.05097570555030727,1.279287338256836
video.vjepa2,kmeans_K42,42,0,0.025729620829224586,3.1697330152516825,20.887869204446897,0.25412350246395765,0.0503614489921875,1.2791410684585571
video.vjepa2,kmeans_K43,43,0,0.023620720952749252,3.1988666765338545,20.654235648664933,0.2535811741699689,0.04418969232873932,1.2814593315124512
video.vjepa2,kmeans_K44,44,0,0.022744568064808846,3.1988851469143595,20.529419293360924,0.25780413622671583,0.048876079506044806,1.2967264652252197
video.vjepa2,kmeans_K45,45,0,0.026732277125120163,3.2139352650828976,20.05362923678972,0.2557456502988672,0.04755496349262002,1.2705681324005127
video.vjepa2,kmeans_K46,46,0,0.024160189554095268,3.2349088766634173,19.651325286828698,0.25380913009051037,0.04282775704756879,1.2778692245483398
video.vjepa2,kmeans_K47,47,0,0.02570844627916813,3.199318416799841,19.32180119480631,0.2544365045170639,0.049358908566699194,1.2792173624038696
video.vjepa2,kmeans_K48,48,0,0.025535237044095993,3.1662525500939935,19.273389551476555,0.25981361511316575,0.04798570032195701,1.2606405019760132
video.vjepa2,kmeans_K49,49,0,0.026866205036640167,3.1146834123884406,18.972607272493644,0.2583071616364959,0.049135981146387835,1.2650206089019775
video.vjepa2,kmeans_K5,5,0,0.024590862914919853,4.060557688828262,73.26073916837689,0.13147869601239,0.06675065138740534,1.4388501644134521
video.vjepa2,kmeans_K50,50,0,0.027772190049290657,3.2042560241017544,18.71244316595383,0.26455900941935395,0.044626993823937235,1.246233344078064
video.vjepa2,kmeans_K6,6,0,0.025059117004275322,3.990373099701871,65.78107158510194,0.14549157669435553,0.07771709408091929,1.4310070276260376
video.vjepa2,kmeans_K7,7,0,0.03191068023443222,3.7537437386758463,60.27860877002128,0.15531895419291608,0.0669534401227443,1.365622878074646
video.vjepa2,kmeans_K8,8,0,0.02797657810151577,3.7789212941145154,56.028025821565784,0.16917081784413687,0.06957854808444427,1.3687105178833008
video.vjepa2,kmeans_K9,9,0,0.030121974647045135,3.816013041031088,52.889993294760494,0.16318300047888323,0.06072625022910467,1.343470811843872
