source,setting,emotion_idx,K,top1_cluster_count,top1_cluster_pct,top3_cluster_pct,entropy,null_mean,p_perm
voxel__sub-01,kmeans_K15,0,15,14,0.12844036697247707,0.3119266055045872,2.60946049572413,2.642012596130371,0.10459
voxel__sub-01,kmeans_K15,1,15,15,0.13761467889908258,0.3577981651376147,2.5431149362633,2.642012596130371,0.00164
voxel__sub-01,kmeans_K15,2,15,18,0.1651376146788991,0.42201834862385323,2.502533632352826,2.642012596130371,7e-05
voxel__sub-01,kmeans_K15,3,15,16,0.14678899082568808,0.3669724770642202,2.526631296230716,2.642012596130371,0.00056
voxel__sub-01,kmeans_K15,4,15,22,0.2018348623853211,0.41284403669724773,2.4495444211881217,2.642012596130371,0.0
voxel__sub-01,kmeans_K15,5,15,13,0.11926605504587157,0.3486238532110092,2.5358159762845105,2.642012596130371,0.00106
voxel__sub-01,kmeans_K15,6,15,16,0.14678899082568808,0.3577981651376147,2.6096159910820136,2.642012596130371,0.10542
voxel__sub-01,kmeans_K15,7,15,16,0.14678899082568808,0.3394495412844037,2.560309720523846,2.642012596130371,0.00577
voxel__sub-01,kmeans_K15,8,15,15,0.13761467889908258,0.3486238532110092,2.5425730243706903,2.642012596130371,0.00161
voxel__sub-01,kmeans_K15,9,15,15,0.13761467889908258,0.3944954128440367,2.5544494685201498,2.642012596130371,0.00389
voxel__sub-01,kmeans_K15,10,15,14,0.12844036697247707,0.3577981651376147,2.606232485482675,2.642012596130371,0.08782
voxel__sub-01,kmeans_K15,11,15,16,0.14678899082568808,0.3577981651376147,2.593735288708991,2.642012596130371,0.04385
voxel__sub-01,kmeans_K15,12,15,17,0.1559633027522936,0.3486238532110092,2.540836498143002,2.642012596130371,0.00145
voxel__sub-01,kmeans_K15,13,15,19,0.1743119266055046,0.3853211009174312,2.532062434023073,2.642012596130371,0.00082
voxel__sub-01,kmeans_K15,14,15,23,0.21100917431192662,0.45871559633027525,2.4050562578288646,2.642012596130371,0.0
voxel__sub-01,kmeans_K15,15,15,22,0.2018348623853211,0.45871559633027525,2.379003253178349,2.642012596130371,0.0
voxel__sub-01,kmeans_K15,16,15,19,0.1743119266055046,0.45871559633027525,2.493273641729634,2.642012596130371,5e-05
voxel__sub-01,kmeans_K15,17,15,19,0.1743119266055046,0.3853211009174312,2.5782645480238737,2.642012596130371,0.01731
voxel__sub-01,kmeans_K15,18,15,14,0.12844036697247707,0.3302752293577982,2.5866439365055083,2.642012596130371,0.02888
voxel__sub-01,kmeans_K15,19,15,12,0.11009174311926606,0.3211009174311927,2.556055748733389,2.642012596130371,0.00435
voxel__sub-01,kmeans_K15,20,15,14,0.12844036697247707,0.3486238532110092,2.5674164082254394,2.642012596130371,0.00882
voxel__sub-01,kmeans_K15,21,15,21,0.1926605504587156,0.45871559633027525,2.442053875503749,2.642012596130371,0.0
voxel__sub-01,kmeans_K15,22,15,15,0.13761467889908258,0.3577981651376147,2.5521027885444827,2.642012596130371,0.0033
voxel__sub-01,kmeans_K15,23,15,19,0.1743119266055046,0.3669724770642202,2.535372549423813,2.642012596130371,0.00102
voxel__sub-01,kmeans_K15,24,15,16,0.14678899082568808,0.3669724770642202,2.5023605944018437,2.642012596130371,7e-05
voxel__sub-01,kmeans_K15,25,15,13,0.11926605504587157,0.3119266055045872,2.5998750259978163,2.642012596130371,0.0619
voxel__sub-01,kmeans_K15,26,15,22,0.2018348623853211,0.45871559633027525,2.3759209100621197,2.642012596130371,0.0
voxel__sub-01,kmeans_K15,27,15,25,0.22935779816513763,0.5688073394495413,2.3446932777760856,2.642012596130371,0.0
voxel__sub-01,kmeans_K15,28,15,15,0.13761467889908258,0.3761467889908257,2.505698215508181,2.642012596130371,8e-05
voxel__sub-01,kmeans_K15,29,15,13,0.11926605504587157,0.3211009174311927,2.633634297221277,2.642012596130371,0.32701
voxel__sub-01,kmeans_K15,30,15,34,0.3119266055045872,0.5412844036697247,2.2287198358121185,2.642012596130371,0.0
voxel__sub-01,kmeans_K15,31,15,17,0.1559633027522936,0.3761467889908257,2.5204466808692554,2.642012596130371,0.00033
voxel__sub-01,kmeans_K15,32,15,16,0.14678899082568808,0.3761467889908257,2.4592501323838087,2.642012596130371,0.0
voxel__sub-01,kmeans_K15,33,15,16,0.14678899082568808,0.3577981651376147,2.593171348558017,2.642012596130371,0.04224
voxel__sub-01,kmeans_K27,0,27,9,0.08256880733944955,0.23853211009174313,3.070254881399298,3.1689705848693848,0.00907
voxel__sub-01,kmeans_K27,1,27,10,0.09174311926605505,0.24770642201834864,3.0763693839830912,3.1689705848693848,0.01261
voxel__sub-01,kmeans_K27,2,27,16,0.14678899082568808,0.3302752293577982,2.9414143274935025,3.1689705848693848,0.0
voxel__sub-01,kmeans_K27,3,27,11,0.10091743119266056,0.28440366972477066,2.9972615854313904,3.1689705848693848,0.00012
voxel__sub-01,kmeans_K27,4,27,17,0.1559633027522936,0.3302752293577982,2.8969795173189214,3.1689705848693848,0.0
voxel__sub-01,kmeans_K27,5,27,10,0.09174311926605505,0.24770642201834864,3.033781969130035,3.1689705848693848,0.00108
voxel__sub-01,kmeans_K27,6,27,10,0.09174311926605505,0.26605504587155965,3.1404930525984467,3.1689705848693848,0.204
voxel__sub-01,kmeans_K27,7,27,12,0.11009174311926606,0.25688073394495414,3.082559219058622,3.1689705848693848,0.01735
voxel__sub-01,kmeans_K27,8,27,10,0.09174311926605505,0.22935779816513763,3.1080672977374584,3.1689705848693848,0.05768
voxel__sub-01,kmeans_K27,9,27,12,0.11009174311926606,0.30275229357798167,2.971384905182489,3.1689705848693848,1e-05
voxel__sub-01,kmeans_K27,10,27,8,0.07339449541284404,0.21100917431192662,3.1853361137385354,3.1689705848693848,0.64935
voxel__sub-01,kmeans_K27,11,27,11,0.10091743119266056,0.25688073394495414,3.0919072463224637,3.1689705848693848,0.02737
voxel__sub-01,kmeans_K27,12,27,11,0.10091743119266056,0.25688073394495414,3.009420521163914,3.1689705848693848,0.00029
voxel__sub-01,kmeans_K27,13,27,16,0.14678899082568808,0.3211009174311927,2.953821540341521,3.1689705848693848,1e-05
voxel__sub-01,kmeans_K27,14,27,15,0.13761467889908258,0.3761467889908257,2.8037028308484406,3.1689705848693848,0.0
voxel__sub-01,kmeans_K27,15,27,12,0.11009174311926606,0.30275229357798167,2.8497131354978533,3.1689705848693848,0.0
voxel__sub-01,kmeans_K27,16,27,12,0.11009174311926606,0.27522935779816515,2.9531206038615077,3.1689705848693848,1e-05
voxel__sub-01,kmeans_K27,17,27,14,0.12844036697247707,0.29357798165137616,3.00407921734836,3.1689705848693848,0.00022
voxel__sub-01,kmeans_K27,18,27,12,0.11009174311926606,0.26605504587155965,3.032098940963304,3.1689705848693848,0.00103
voxel__sub-01,kmeans_K27,19,27,11,0.10091743119266056,0.26605504587155965,2.975431012827793,3.1689705848693848,1e-05
voxel__sub-01,kmeans_K27,20,27,11,0.10091743119266056,0.28440366972477066,2.9774425743033897,3.1689705848693848,2e-05
voxel__sub-01,kmeans_K27,21,27,15,0.13761467889908258,0.3577981651376147,2.86680607334303,3.1689705848693848,0.0
voxel__sub-01,kmeans_K27,22,27,12,0.11009174311926606,0.29357798165137616,2.9930700758592845,3.1689705848693848,9e-05
voxel__sub-01,kmeans_K27,23,27,11,0.10091743119266056,0.24770642201834864,3.017338376369008,3.1689705848693848,0.00045
voxel__sub-01,kmeans_K27,24,27,12,0.11009174311926606,0.27522935779816515,2.9602042345314112,3.1689705848693848,1e-05
voxel__sub-01,kmeans_K27,25,27,10,0.09174311926605505,0.23853211009174313,3.10998992505036,3.1689705848693848,0.06269
voxel__sub-01,kmeans_K27,26,27,16,0.14678899082568808,0.3119266055045872,2.959568125419432,3.1689705848693848,1e-05
voxel__sub-01,kmeans_K27,27,27,19,0.1743119266055046,0.3761467889908257,2.744642590985546,3.1689705848693848,0.0
voxel__sub-01,kmeans_K27,28,27,11,0.10091743119266056,0.24770642201834864,3.0578113545577725,3.1689705848693848,0.00443
voxel__sub-01,kmeans_K27,29,27,10,0.09174311926605505,0.23853211009174313,3.074299939281633,3.1689705848693848,0.01113
voxel__sub-01,kmeans_K27,30,27,27,0.24770642201834864,0.45871559633027525,2.6222541251068763,3.1689705848693848,0.0
voxel__sub-01,kmeans_K27,31,27,13,0.11926605504587157,0.3211009174311927,2.9618004852191455,3.1689705848693848,1e-05
voxel__sub-01,kmeans_K27,32,27,10,0.09174311926605505,0.25688073394495414,3.0336975929701864,3.1689705848693848,0.00108
voxel__sub-01,kmeans_K27,33,27,10,0.09174311926605505,0.22018348623853212,3.101556285187856,3.1689705848693848,0.04295
voxel__sub-01,kmeans_K50,0,50,8,0.07339449541284404,0.21100917431192662,3.4090960488219175,3.6574621200561523,2e-05
voxel__sub-01,kmeans_K50,1,50,7,0.06422018348623854,0.1834862385321101,3.494740621459636,3.6574621200561523,0.0014
voxel__sub-01,kmeans_K50,2,50,8,0.07339449541284404,0.22018348623853212,3.359741622770184,3.6574621200561523,0.0
voxel__sub-01,kmeans_K50,3,50,8,0.07339449541284404,0.1926605504587156,3.5258788083567314,3.6574621200561523,0.00668
voxel__sub-01,kmeans_K50,4,50,13,0.11926605504587157,0.29357798165137616,3.3794655441486467,3.6574621200561523,0.0
voxel__sub-01,kmeans_K50,5,50,9,0.08256880733944955,0.22935779816513763,3.433955466480787,3.6574621200561523,5e-05
voxel__sub-01,kmeans_K50,6,50,9,0.08256880733944955,0.1926605504587156,3.487741366949582,3.6574621200561523,0.001
voxel__sub-01,kmeans_K50,7,50,9,0.08256880733944955,0.21100917431192662,3.4804585710934957,3.6574621200561523,0.00069
voxel__sub-01,kmeans_K50,8,50,7,0.06422018348623854,0.1651376146788991,3.4654047374208723,3.6574621200561523,0.0003
voxel__sub-01,kmeans_K50,9,50,10,0.09174311926605505,0.23853211009174313,3.3367030069984915,3.6574621200561523,0.0
voxel__sub-01,kmeans_K50,10,50,8,0.07339449541284404,0.1743119266055046,3.539662523331338,3.6574621200561523,0.0126
voxel__sub-01,kmeans_K50,11,50,7,0.06422018348623854,0.1926605504587156,3.4054464511424216,3.6574621200561523,1e-05
voxel__sub-01,kmeans_K50,12,50,7,0.06422018348623854,0.1926605504587156,3.466084788732713,3.6574621200561523,0.00034
voxel__sub-01,kmeans_K50,13,50,12,0.11009174311926606,0.23853211009174313,3.3851956658180757,3.6574621200561523,0.0
voxel__sub-01,kmeans_K50,14,50,19,0.1743119266055046,0.3394495412844037,3.1058214376998454,3.6574621200561523,0.0
voxel__sub-01,kmeans_K50,15,50,11,0.10091743119266056,0.24770642201834864,3.411174171492702,3.6574621200561523,2e-05
voxel__sub-01,kmeans_K50,16,50,7,0.06422018348623854,0.1834862385321101,3.4373839640429584,3.6574621200561523,7e-05
voxel__sub-01,kmeans_K50,17,50,9,0.08256880733944955,0.21100917431192662,3.483292443266645,3.6574621200561523,0.00081
voxel__sub-01,kmeans_K50,18,50,7,0.06422018348623854,0.1834862385321101,3.5112113912188345,3.6574621200561523,0.00336
voxel__sub-01,kmeans_K50,19,50,9,0.08256880733944955,0.23853211009174313,3.321089446468596,3.6574621200561523,0.0
voxel__sub-01,kmeans_K50,20,50,10,0.09174311926605505,0.22018348623853212,3.4967071909724003,3.6574621200561523,0.00159
voxel__sub-01,kmeans_K50,21,50,10,0.09174311926605505,0.23853211009174313,3.304867319523679,3.6574621200561523,0.0
voxel__sub-01,kmeans_K50,22,50,9,0.08256880733944955,0.21100917431192662,3.4663069386130076,3.6574621200561523,0.00036
voxel__sub-01,kmeans_K50,23,50,9,0.08256880733944955,0.1926605504587156,3.43949735094428,3.6574621200561523,7e-05
voxel__sub-01,kmeans_K50,24,50,7,0.06422018348623854,0.1834862385321101,3.4288310494888545,3.6574621200561523,5e-05
voxel__sub-01,kmeans_K50,25,50,8,0.07339449541284404,0.1834862385321101,3.4377518815488397,3.6574621200561523,7e-05
voxel__sub-01,kmeans_K50,26,50,10,0.09174311926605505,0.23853211009174313,3.359124012687051,3.6574621200561523,0.0
voxel__sub-01,kmeans_K50,27,50,9,0.08256880733944955,0.23853211009174313,3.3949168736444717,3.6574621200561523,0.0
voxel__sub-01,kmeans_K50,28,50,8,0.07339449541284404,0.1743119266055046,3.641244631804971,3.6574621200561523,0.35749
voxel__sub-01,kmeans_K50,29,50,7,0.06422018348623854,0.1926605504587156,3.513840562777564,3.6574621200561523,0.00384
voxel__sub-01,kmeans_K50,30,50,18,0.1651376146788991,0.3302752293577982,3.239566313967919,3.6574621200561523,0.0
voxel__sub-01,kmeans_K50,31,50,10,0.09174311926605505,0.25688073394495414,3.347986918537049,3.6574621200561523,0.0
voxel__sub-01,kmeans_K50,32,50,7,0.06422018348623854,0.1559633027522936,3.6101064449078755,3.6574621200561523,0.16568
voxel__sub-01,kmeans_K50,33,50,8,0.07339449541284404,0.1926605504587156,3.383659455039901,3.6574621200561523,0.0
voxel__sub-02,kmeans_K15,0,15,15,0.13761467889908258,0.3394495412844037,2.5899369313477996,2.642012596130371,0.0351
voxel__sub-02,kmeans_K15,1,15,15,0.13761467889908258,0.3761467889908257,2.562100181882118,2.642012596130371,0.00635
voxel__sub-02,kmeans_K15,2,15,13,0.11926605504587157,0.3394495412844037,2.480667795518692,2.642012596130371,0.0
voxel__sub-02,kmeans_K15,3,15,18,0.1651376146788991,0.3669724770642202,2.571472049378879,2.642012596130371,0.01117
voxel__sub-02,kmeans_K15,4,15,18,0.1651376146788991,0.42201834862385323,2.5216926146252105,2.642012596130371,0.00038
voxel__sub-02,kmeans_K15,5,15,21,0.1926605504587156,0.42201834862385323,2.4916562603055805,2.642012596130371,5e-05
voxel__sub-02,kmeans_K15,6,15,15,0.13761467889908258,0.3394495412844037,2.5884333481008106,2.642012596130371,0.03206
voxel__sub-02,kmeans_K15,7,15,20,0.1834862385321101,0.3761467889908257,2.5049339183550745,2.642012596130371,8e-05
voxel__sub-02,kmeans_K15,8,15,14,0.12844036697247707,0.3577981651376147,2.566330183121071,2.642012596130371,0.00827
voxel__sub-02,kmeans_K15,9,15,19,0.1743119266055046,0.3853211009174312,2.491594906367323,2.642012596130371,5e-05
voxel__sub-02,kmeans_K15,10,15,23,0.21100917431192662,0.44036697247706424,2.4434511133468453,2.642012596130371,0.0
voxel__sub-02,kmeans_K15,11,15,14,0.12844036697247707,0.3486238532110092,2.580758685176982,2.642012596130371,0.02005
voxel__sub-02,kmeans_K15,12,15,17,0.1559633027522936,0.43119266055045874,2.4137938463254924,2.642012596130371,0.0
voxel__sub-02,kmeans_K15,13,15,13,0.11926605504587157,0.3302752293577982,2.595279284926322,2.642012596130371,0.04757
voxel__sub-02,kmeans_K15,14,15,23,0.21100917431192662,0.47706422018348627,2.362330860789378,2.642012596130371,0.0
voxel__sub-02,kmeans_K15,15,15,20,0.1834862385321101,0.44036697247706424,2.473768554459807,2.642012596130371,0.0
voxel__sub-02,kmeans_K15,16,15,28,0.25688073394495414,0.5596330275229358,2.137395627343421,2.642012596130371,0.0
voxel__sub-02,kmeans_K15,17,15,17,0.1559633027522936,0.3944954128440367,2.507003404609151,2.642012596130371,0.0001
voxel__sub-02,kmeans_K15,18,15,19,0.1743119266055046,0.3761467889908257,2.5579849987649768,2.642012596130371,0.00499
voxel__sub-02,kmeans_K15,19,15,17,0.1559633027522936,0.41284403669724773,2.532192707133064,2.642012596130371,0.00084
voxel__sub-02,kmeans_K15,20,15,19,0.1743119266055046,0.3761467889908257,2.5529472289334576,2.642012596130371,0.00351
voxel__sub-02,kmeans_K15,21,15,17,0.1559633027522936,0.3669724770642202,2.585326098986975,2.642012596130371,0.0267
voxel__sub-02,kmeans_K15,22,15,23,0.21100917431192662,0.43119266055045874,2.4030521160936393,2.642012596130371,0.0
voxel__sub-02,kmeans_K15,23,15,20,0.1834862385321101,0.43119266055045874,2.446408967666104,2.642012596130371,0.0
voxel__sub-02,kmeans_K15,24,15,15,0.13761467889908258,0.3944954128440367,2.4219774502649174,2.642012596130371,0.0
voxel__sub-02,kmeans_K15,25,15,19,0.1743119266055046,0.4036697247706422,2.503110695518472,2.642012596130371,7e-05
voxel__sub-02,kmeans_K15,26,15,23,0.21100917431192662,0.42201834862385323,2.4867007645470807,2.642012596130371,4e-05
voxel__sub-02,kmeans_K15,27,15,22,0.2018348623853211,0.5229357798165137,2.297777263694662,2.642012596130371,0.0
voxel__sub-02,kmeans_K15,28,15,13,0.11926605504587157,0.3394495412844037,2.541177130685088,2.642012596130371,0.00145
voxel__sub-02,kmeans_K15,29,15,14,0.12844036697247707,0.3761467889908257,2.5451890238628256,2.642012596130371,0.00188
voxel__sub-02,kmeans_K15,30,15,26,0.23853211009174313,0.5504587155963303,2.2341006735922253,2.642012596130371,0.0
voxel__sub-02,kmeans_K15,31,15,17,0.1559633027522936,0.4036697247706422,2.492218064335832,2.642012596130371,5e-05
voxel__sub-02,kmeans_K15,32,15,13,0.11926605504587157,0.3486238532110092,2.502031168562809,2.642012596130371,7e-05
voxel__sub-02,kmeans_K15,33,15,16,0.14678899082568808,0.3761467889908257,2.535053856804745,2.642012596130371,0.001
voxel__sub-02,kmeans_K27,0,27,12,0.11009174311926606,0.26605504587155965,3.1267267868897153,3.1689705848693848,0.12347
voxel__sub-02,kmeans_K27,1,27,10,0.09174311926605505,0.22935779816513763,3.124125158027943,3.1689705848693848,0.11185
voxel__sub-02,kmeans_K27,2,27,10,0.09174311926605505,0.26605504587155965,2.8763619647520247,3.1689705848693848,0.0
voxel__sub-02,kmeans_K27,3,27,11,0.10091743119266056,0.24770642201834864,3.0359050837636525,3.1689705848693848,0.00132
voxel__sub-02,kmeans_K27,4,27,11,0.10091743119266056,0.25688073394495414,3.0508570920105518,3.1689705848693848,0.0029
voxel__sub-02,kmeans_K27,5,27,15,0.13761467889908258,0.30275229357798167,2.9142103293849053,3.1689705848693848,0.0
voxel__sub-02,kmeans_K27,6,27,11,0.10091743119266056,0.26605504587155965,2.9516509542785223,3.1689705848693848,1e-05
voxel__sub-02,kmeans_K27,7,27,16,0.14678899082568808,0.28440366972477066,3.058935021566019,3.1689705848693848,0.0047
voxel__sub-02,kmeans_K27,8,27,12,0.11009174311926606,0.28440366972477066,2.996821498964505,3.1689705848693848,0.00011
voxel__sub-02,kmeans_K27,9,27,12,0.11009174311926606,0.3211009174311927,2.8230785919788217,3.1689705848693848,0.0
voxel__sub-02,kmeans_K27,10,27,16,0.14678899082568808,0.29357798165137616,3.051136441052525,3.1689705848693848,0.00293
voxel__sub-02,kmeans_K27,11,27,10,0.09174311926605505,0.25688073394495414,3.0713642416827587,3.1689705848693848,0.00954
voxel__sub-02,kmeans_K27,12,27,14,0.12844036697247707,0.3394495412844037,2.861207355416645,3.1689705848693848,0.0
voxel__sub-02,kmeans_K27,13,27,8,0.07339449541284404,0.21100917431192662,3.113355981383823,3.1689705848693848,0.07221
voxel__sub-02,kmeans_K27,14,27,14,0.12844036697247707,0.27522935779816515,2.944323532158389,3.1689705848693848,1e-05
voxel__sub-02,kmeans_K27,15,27,11,0.10091743119266056,0.23853211009174313,3.0696285000196153,3.1689705848693848,0.00881
voxel__sub-02,kmeans_K27,16,27,19,0.1743119266055046,0.45871559633027525,2.635022202351888,3.1689705848693848,0.0
voxel__sub-02,kmeans_K27,17,27,12,0.11009174311926606,0.26605504587155965,3.032201816151998,3.1689705848693848,0.00103
voxel__sub-02,kmeans_K27,18,27,13,0.11926605504587157,0.29357798165137616,3.020760373635194,3.1689705848693848,0.00054
voxel__sub-02,kmeans_K27,19,27,15,0.13761467889908258,0.3302752293577982,2.950690869860524,3.1689705848693848,1e-05
voxel__sub-02,kmeans_K27,20,27,10,0.09174311926605505,0.23853211009174313,3.1367405797302563,3.1689705848693848,0.17884
voxel__sub-02,kmeans_K27,21,27,9,0.08256880733944955,0.22018348623853212,3.0899888323032654,3.1689705848693848,0.02498
voxel__sub-02,kmeans_K27,22,27,17,0.1559633027522936,0.3853211009174312,2.7311084238125307,3.1689705848693848,0.0
voxel__sub-02,kmeans_K27,23,27,11,0.10091743119266056,0.28440366972477066,3.0903260435814564,3.1689705848693848,0.02531
voxel__sub-02,kmeans_K27,24,27,10,0.09174311926605505,0.26605504587155965,2.9650835169489373,3.1689705848693848,1e-05
voxel__sub-02,kmeans_K27,25,27,9,0.08256880733944955,0.21100917431192662,3.133166314542498,3.1689705848693848,0.15686
voxel__sub-02,kmeans_K27,26,27,15,0.13761467889908258,0.3486238532110092,2.895055732277425,3.1689705848693848,0.0
voxel__sub-02,kmeans_K27,27,27,18,0.1651376146788991,0.3394495412844037,2.8735291423418445,3.1689705848693848,0.0
voxel__sub-02,kmeans_K27,28,27,9,0.08256880733944955,0.22018348623853212,3.0960593926871964,3.1689705848693848,0.0332
voxel__sub-02,kmeans_K27,29,27,11,0.10091743119266056,0.24770642201834864,3.0867782713276855,3.1689705848693848,0.02151
voxel__sub-02,kmeans_K27,30,27,20,0.1834862385321101,0.3944954128440367,2.7619858611968597,3.1689705848693848,0.0
voxel__sub-02,kmeans_K27,31,27,10,0.09174311926605505,0.26605504587155965,3.0547466545350037,3.1689705848693848,0.00371
voxel__sub-02,kmeans_K27,32,27,10,0.09174311926605505,0.22018348623853212,3.0654983819132475,3.1689705848693848,0.00688
voxel__sub-02,kmeans_K27,33,27,14,0.12844036697247707,0.27522935779816515,3.0518175421273357,3.1689705848693848,0.00304
voxel__sub-02,kmeans_K50,0,50,10,0.09174311926605505,0.21100917431192662,3.486040889516975,3.6574621200561523,0.00092
voxel__sub-02,kmeans_K50,1,50,7,0.06422018348623854,0.14678899082568808,3.6464140407597356,3.6574621200561523,0.39392
voxel__sub-02,kmeans_K50,2,50,13,0.11926605504587157,0.29357798165137616,3.191946643721937,3.6574621200561523,0.0
voxel__sub-02,kmeans_K50,3,50,10,0.09174311926605505,0.2018348623853211,3.3776063439218458,3.6574621200561523,0.0
voxel__sub-02,kmeans_K50,4,50,8,0.07339449541284404,0.1926605504587156,3.5114774832989912,3.6574621200561523,0.0034
voxel__sub-02,kmeans_K50,5,50,11,0.10091743119266056,0.25688073394495414,3.3012612983452603,3.6574621200561523,0.0
voxel__sub-02,kmeans_K50,6,50,14,0.12844036697247707,0.21100917431192662,3.526247775625583,3.6574621200561523,0.00673
voxel__sub-02,kmeans_K50,7,50,14,0.12844036697247707,0.23853211009174313,3.4617725890072517,3.6574621200561523,0.00023
voxel__sub-02,kmeans_K50,8,50,9,0.08256880733944955,0.21100917431192662,3.439022000246858,3.6574621200561523,7e-05
voxel__sub-02,kmeans_K50,9,50,13,0.11926605504587157,0.26605504587155965,3.3295692062043036,3.6574621200561523,0.0
voxel__sub-02,kmeans_K50,10,50,10,0.09174311926605505,0.21100917431192662,3.4456118535280726,3.6574621200561523,0.00011
voxel__sub-02,kmeans_K50,11,50,7,0.06422018348623854,0.1559633027522936,3.6307425970039784,3.6574621200561523,0.28182
voxel__sub-02,kmeans_K50,12,50,13,0.11926605504587157,0.25688073394495414,3.3148439058405446,3.6574621200561523,0.0
voxel__sub-02,kmeans_K50,13,50,7,0.06422018348623854,0.1743119266055046,3.5750689677540324,3.6574621200561523,0.05306
voxel__sub-02,kmeans_K50,14,50,10,0.09174311926605505,0.24770642201834864,3.3712522421918822,3.6574621200561523,0.0
voxel__sub-02,kmeans_K50,15,50,9,0.08256880733944955,0.21100917431192662,3.499660337837149,3.6574621200561523,0.0019
voxel__sub-02,kmeans_K50,16,50,21,0.1926605504587156,0.3577981651376147,3.0582155860571607,3.6574621200561523,0.0
voxel__sub-02,kmeans_K50,17,50,8,0.07339449541284404,0.2018348623853211,3.4023290376232405,3.6574621200561523,0.0
voxel__sub-02,kmeans_K50,18,50,13,0.11926605504587157,0.23853211009174313,3.457285409037669,3.6574621200561523,0.0002
voxel__sub-02,kmeans_K50,19,50,10,0.09174311926605505,0.23853211009174313,3.416378844678003,3.6574621200561523,2e-05
voxel__sub-02,kmeans_K50,20,50,8,0.07339449541284404,0.1834862385321101,3.5719515542348503,3.6574621200561523,0.04717
voxel__sub-02,kmeans_K50,21,50,7,0.06422018348623854,0.1743119266055046,3.4943716541907843,3.6574621200561523,0.00138
voxel__sub-02,kmeans_K50,22,50,15,0.13761467889908258,0.3302752293577982,3.1951187130306695,3.6574621200561523,0.0
voxel__sub-02,kmeans_K50,23,50,9,0.08256880733944955,0.2018348623853211,3.479144510195616,3.6574621200561523,0.00066
voxel__sub-02,kmeans_K50,24,50,9,0.08256880733944955,0.21100917431192662,3.497177983666976,3.6574621200561523,0.00166
voxel__sub-02,kmeans_K50,25,50,9,0.08256880733944955,0.1926605504587156,3.4857298054739863,3.6574621200561523,0.0009
voxel__sub-02,kmeans_K50,26,50,10,0.09174311926605505,0.22935779816513763,3.3207030299338687,3.6574621200561523,0.0
voxel__sub-02,kmeans_K50,27,50,12,0.11009174311926606,0.26605504587155965,3.278915990847224,3.6574621200561523,0.0
voxel__sub-02,kmeans_K50,28,50,6,0.05504587155963303,0.1651376146788991,3.5449337577118274,3.6574621200561523,0.01595
voxel__sub-02,kmeans_K50,29,50,6,0.05504587155963303,0.1651376146788991,3.4850947461249766,3.6574621200561523,0.00088
voxel__sub-02,kmeans_K50,30,50,13,0.11926605504587157,0.3211009174311927,3.0685600898799086,3.6574621200561523,0.0
voxel__sub-02,kmeans_K50,31,50,8,0.07339449541284404,0.2018348623853211,3.501343366003881,3.6574621200561523,0.0021
voxel__sub-02,kmeans_K50,32,50,7,0.06422018348623854,0.1743119266055046,3.6344950698721687,3.6574621200561523,0.30708
voxel__sub-02,kmeans_K50,33,50,7,0.06422018348623854,0.1559633027522936,3.4461450874513573,3.6574621200561523,0.00011
voxel__sub-03,kmeans_K15,0,15,12,0.11009174311926606,0.3211009174311927,2.599721472933073,2.642012596130371,0.06151
voxel__sub-03,kmeans_K15,1,15,13,0.11926605504587157,0.3302752293577982,2.5989124831029127,2.642012596130371,0.05895
voxel__sub-03,kmeans_K15,2,15,14,0.12844036697247707,0.3669724770642202,2.4589096272563005,2.642012596130371,0.0
voxel__sub-03,kmeans_K15,3,15,14,0.12844036697247707,0.3577981651376147,2.5227219764484636,2.642012596130371,0.00039
voxel__sub-03,kmeans_K15,4,15,14,0.12844036697247707,0.3486238532110092,2.5433099730510005,2.642012596130371,0.00165
voxel__sub-03,kmeans_K15,5,15,22,0.2018348623853211,0.45871559633027525,2.3854003112507822,2.642012596130371,0.0
voxel__sub-03,kmeans_K15,6,15,15,0.13761467889908258,0.3577981651376147,2.5979544343052767,2.642012596130371,0.05566
voxel__sub-03,kmeans_K15,7,15,16,0.14678899082568808,0.3394495412844037,2.600960201339215,2.642012596130371,0.06557
voxel__sub-03,kmeans_K15,8,15,14,0.12844036697247707,0.3302752293577982,2.625278756868445,2.642012596130371,0.22772
voxel__sub-03,kmeans_K15,9,15,18,0.1651376146788991,0.43119266055045874,2.3901928669971784,2.642012596130371,0.0
voxel__sub-03,kmeans_K15,10,15,16,0.14678899082568808,0.3761467889908257,2.5607947989535638,2.642012596130371,0.00593
voxel__sub-03,kmeans_K15,11,15,18,0.1651376146788991,0.3394495412844037,2.617894135586633,2.642012596130371,0.16101
voxel__sub-03,kmeans_K15,12,15,17,0.1559633027522936,0.3944954128440367,2.4067573852917628,2.642012596130371,0.0
voxel__sub-03,kmeans_K15,13,15,16,0.14678899082568808,0.3302752293577982,2.6237240470614243,2.642012596130371,0.21225
voxel__sub-03,kmeans_K15,14,15,16,0.14678899082568808,0.3669724770642202,2.5725998153639624,2.642012596130371,0.01215
voxel__sub-03,kmeans_K15,15,15,14,0.12844036697247707,0.3577981651376147,2.5878510871434344,2.642012596130371,0.031
voxel__sub-03,kmeans_K15,16,15,32,0.29357798165137616,0.5229357798165137,2.2835589976814066,2.642012596130371,0.0
voxel__sub-03,kmeans_K15,17,15,17,0.1559633027522936,0.3669724770642202,2.5745149224361326,2.642012596130371,0.0136
voxel__sub-03,kmeans_K15,18,15,14,0.12844036697247707,0.3486238532110092,2.551038420223854,2.642012596130371,0.00298
voxel__sub-03,kmeans_K15,19,15,17,0.1559633027522936,0.3944954128440367,2.4653260428003936,2.642012596130371,0.0
voxel__sub-03,kmeans_K15,20,15,12,0.11009174311926606,0.3211009174311927,2.631891229144985,2.642012596130371,0.30341
voxel__sub-03,kmeans_K15,21,15,13,0.11926605504587157,0.3577981651376147,2.495629082813905,2.642012596130371,5e-05
voxel__sub-03,kmeans_K15,22,15,21,0.1926605504587156,0.45871559633027525,2.357618799023362,2.642012596130371,0.0
voxel__sub-03,kmeans_K15,23,15,14,0.12844036697247707,0.3302752293577982,2.6071694918793384,2.642012596130371,0.09247
voxel__sub-03,kmeans_K15,24,15,14,0.12844036697247707,0.3486238532110092,2.526333146366689,2.642012596130371,0.00056
voxel__sub-03,kmeans_K15,25,15,14,0.12844036697247707,0.3394495412844037,2.6064228793723085,2.642012596130371,0.08872
voxel__sub-03,kmeans_K15,26,15,28,0.25688073394495414,0.44954128440366975,2.404219112541826,2.642012596130371,0.0
voxel__sub-03,kmeans_K15,27,15,20,0.1834862385321101,0.42201834862385323,2.493023625436833,2.642012596130371,5e-05
voxel__sub-03,kmeans_K15,28,15,16,0.14678899082568808,0.3669724770642202,2.5074295294870623,2.642012596130371,0.0001
voxel__sub-03,kmeans_K15,29,15,15,0.13761467889908258,0.3853211009174312,2.4938624289645146,2.642012596130371,5e-05
voxel__sub-03,kmeans_K15,30,15,28,0.25688073394495414,0.4954128440366973,2.2769475751678354,2.642012596130371,0.0
voxel__sub-03,kmeans_K15,31,15,19,0.1743119266055046,0.3761467889908257,2.492896781056001,2.642012596130371,5e-05
voxel__sub-03,kmeans_K15,32,15,12,0.11009174311926606,0.3119266055045872,2.6128045237992286,2.642012596130371,0.12449
voxel__sub-03,kmeans_K15,33,15,20,0.1834862385321101,0.3669724770642202,2.57523033847887,2.642012596130371,0.01422
voxel__sub-03,kmeans_K27,0,27,13,0.11926605504587157,0.27522935779816515,3.0627695626021336,3.1689705848693848,0.00601
voxel__sub-03,kmeans_K27,1,27,12,0.11009174311926606,0.29357798165137616,3.0392446471631285,3.1689705848693848,0.00151
voxel__sub-03,kmeans_K27,2,27,12,0.11009174311926606,0.3119266055045872,2.815839372623813,3.1689705848693848,0.0
voxel__sub-03,kmeans_K27,3,27,12,0.11009174311926606,0.28440366972477066,3.0527350930594075,3.1689705848693848,0.00325
voxel__sub-03,kmeans_K27,4,27,17,0.1559633027522936,0.3577981651376147,2.915444399287841,3.1689705848693848,0.0
voxel__sub-03,kmeans_K27,5,27,15,0.13761467889908258,0.3211009174311927,2.9334699793544203,3.1689705848693848,0.0
voxel__sub-03,kmeans_K27,6,27,13,0.11926605504587157,0.27522935779816515,3.0487811470131088,3.1689705848693848,0.00256
voxel__sub-03,kmeans_K27,7,27,13,0.11926605504587157,0.27522935779816515,3.0543809147024628,3.1689705848693848,0.00365
voxel__sub-03,kmeans_K27,8,27,13,0.11926605504587157,0.27522935779816515,2.983670901045768,3.1689705848693848,4e-05
voxel__sub-03,kmeans_K27,9,27,11,0.10091743119266056,0.28440366972477066,2.8960662591912705,3.1689705848693848,0.0
voxel__sub-03,kmeans_K27,10,27,11,0.10091743119266056,0.27522935779816515,3.0941813916383416,3.1689705848693848,0.03034
voxel__sub-03,kmeans_K27,11,27,21,0.1926605504587156,0.3394495412844037,2.9468693773202395,3.1689705848693848,1e-05
voxel__sub-03,kmeans_K27,12,27,12,0.11009174311926606,0.3119266055045872,2.9033972105409225,3.1689705848693848,0.0
voxel__sub-03,kmeans_K27,13,27,19,0.1743119266055046,0.3394495412844037,3.0355996660036033,3.1689705848693848,0.0013
voxel__sub-03,kmeans_K27,14,27,13,0.11926605504587157,0.28440366972477066,2.9874498668479457,3.1689705848693848,5e-05
voxel__sub-03,kmeans_K27,15,27,12,0.11009174311926606,0.26605504587155965,3.0637703617836833,3.1689705848693848,0.00631
voxel__sub-03,kmeans_K27,16,27,29,0.26605504587155965,0.46788990825688076,2.651362269487885,3.1689705848693848,0.0
voxel__sub-03,kmeans_K27,17,27,11,0.10091743119266056,0.26605504587155965,3.040456882635284,3.1689705848693848,0.00161
voxel__sub-03,kmeans_K27,18,27,11,0.10091743119266056,0.23853211009174313,3.0373394691161026,3.1689705848693848,0.00139
voxel__sub-03,kmeans_K27,19,27,11,0.10091743119266056,0.25688073394495414,2.9903655718088173,3.1689705848693848,5e-05
voxel__sub-03,kmeans_K27,20,27,11,0.10091743119266056,0.26605504587155965,3.10976740947128,3.1689705848693848,0.06213
voxel__sub-03,kmeans_K27,21,27,11,0.10091743119266056,0.24770642201834864,3.0984485994009705,3.1689705848693848,0.03737
voxel__sub-03,kmeans_K27,22,27,14,0.12844036697247707,0.3211009174311927,2.9970068080199095,3.1689705848693848,0.00011
voxel__sub-03,kmeans_K27,23,27,12,0.11009174311926606,0.29357798165137616,2.975669927909779,3.1689705848693848,1e-05
voxel__sub-03,kmeans_K27,24,27,15,0.13761467889908258,0.3577981651376147,2.8299552140423803,3.1689705848693848,0.0
voxel__sub-03,kmeans_K27,25,27,13,0.11926605504587157,0.27522935779816515,2.9990762527213684,3.1689705848693848,0.00015
voxel__sub-03,kmeans_K27,26,27,18,0.1651376146788991,0.3577981651376147,2.9265736000330604,3.1689705848693848,0.0
voxel__sub-03,kmeans_K27,27,27,12,0.11009174311926606,0.28440366972477066,2.964608166251516,3.1689705848693848,1e-05
voxel__sub-03,kmeans_K27,28,27,10,0.09174311926605505,0.25688073394495414,3.0556303566982934,3.1689705848693848,0.00392
voxel__sub-03,kmeans_K27,29,27,9,0.08256880733944955,0.2018348623853211,3.089842014914708,3.1689705848693848,0.02476
voxel__sub-03,kmeans_K27,30,27,21,0.1926605504587156,0.3853211009174312,2.764343490142417,3.1689705848693848,0.0
voxel__sub-03,kmeans_K27,31,27,11,0.10091743119266056,0.23853211009174313,3.0930130983660487,3.1689705848693848,0.02888
voxel__sub-03,kmeans_K27,32,27,11,0.10091743119266056,0.23853211009174313,3.102982949006727,3.1689705848693848,0.04579
voxel__sub-03,kmeans_K27,33,27,12,0.11009174311926606,0.26605504587155965,3.05521744722958,3.1689705848693848,0.0038
voxel__sub-03,kmeans_K50,0,50,8,0.07339449541284404,0.1834862385321101,3.5300441906936357,3.6574621200561523,0.00811
voxel__sub-03,kmeans_K50,1,50,9,0.08256880733944955,0.1926605504587156,3.596193361810587,3.6574621200561523,0.10924
voxel__sub-03,kmeans_K50,2,50,9,0.08256880733944955,0.22018348623853212,3.3153704040876413,3.6574621200561523,0.0
voxel__sub-03,kmeans_K50,3,50,9,0.08256880733944955,0.21100917431192662,3.461506496927094,3.6574621200561523,0.00023
voxel__sub-03,kmeans_K50,4,50,7,0.06422018348623854,0.1834862385321101,3.458490908833637,3.6574621200561523,0.00022
voxel__sub-03,kmeans_K50,5,50,12,0.11009174311926606,0.22018348623853212,3.404148789747448,3.6574621200561523,0.0
voxel__sub-03,kmeans_K50,6,50,8,0.07339449541284404,0.1834862385321101,3.514061662894889,3.6574621200561523,0.00391
voxel__sub-03,kmeans_K50,7,50,9,0.08256880733944955,0.2018348623853211,3.4272498467478476,3.6574621200561523,5e-05
voxel__sub-03,kmeans_K50,8,50,8,0.07339449541284404,0.1834862385321101,3.5067788670388023,3.6574621200561523,0.00274
voxel__sub-03,kmeans_K50,9,50,8,0.07339449541284404,0.21100917431192662,3.3857114504754837,3.6574621200561523,0.0
voxel__sub-03,kmeans_K50,10,50,8,0.07339449541284404,0.1926605504587156,3.602823649051789,3.6574621200561523,0.13485
voxel__sub-03,kmeans_K50,11,50,12,0.11009174311926606,0.22018348623853212,3.4115784029920904,3.6574621200561523,2e-05
voxel__sub-03,kmeans_K50,12,50,11,0.10091743119266056,0.24770642201834864,3.159290587842712,3.6574621200561523,0.0
voxel__sub-03,kmeans_K50,13,50,7,0.06422018348623854,0.1743119266055046,3.592321614250797,3.6574621200561523,0.09586
voxel__sub-03,kmeans_K50,14,50,12,0.11009174311926606,0.22018348623853212,3.425832910661273,3.6574621200561523,5e-05
voxel__sub-03,kmeans_K50,15,50,7,0.06422018348623854,0.1651376146788991,3.5108424239499825,3.6574621200561523,0.00331
voxel__sub-03,kmeans_K50,16,50,22,0.2018348623853211,0.42201834862385323,2.899062982557097,3.6574621200561523,0.0
voxel__sub-03,kmeans_K50,17,50,10,0.09174311926605505,0.2018348623853211,3.3949608158443345,3.6574621200561523,0.0
voxel__sub-03,kmeans_K50,18,50,10,0.09174311926605505,0.1834862385321101,3.3869850774133776,3.6574621200561523,0.0
voxel__sub-03,kmeans_K50,19,50,8,0.07339449541284404,0.1926605504587156,3.4442977926301928,3.6574621200561523,0.00011
voxel__sub-03,kmeans_K50,20,50,7,0.06422018348623854,0.1743119266055046,3.5533848468402063,3.6574621200561523,0.02243
voxel__sub-03,kmeans_K50,21,50,7,0.06422018348623854,0.1834862385321101,3.4961750068120856,3.6574621200561523,0.00153
voxel__sub-03,kmeans_K50,22,50,14,0.12844036697247707,0.28440366972477066,3.3287237603276583,3.6574621200561523,0.0
voxel__sub-03,kmeans_K50,23,50,8,0.07339449541284404,0.2018348623853211,3.507458918350644,3.6574621200561523,0.00276
voxel__sub-03,kmeans_K50,24,50,9,0.08256880733944955,0.21100917431192662,3.3386531770083496,3.6574621200561523,0.0
voxel__sub-03,kmeans_K50,25,50,8,0.07339449541284404,0.1926605504587156,3.5217134260198266,3.6574621200561523,0.0055
voxel__sub-03,kmeans_K50,26,50,12,0.11009174311926606,0.26605504587155965,3.4154327012860053,3.6574621200561523,2e-05
voxel__sub-03,kmeans_K50,27,50,10,0.09174311926605505,0.21100917431192662,3.3740585716680744,3.6574621200561523,0.0
voxel__sub-03,kmeans_K50,28,50,7,0.06422018348623854,0.1743119266055046,3.459703144305793,3.6574621200561523,0.00022
voxel__sub-03,kmeans_K50,29,50,6,0.05504587155963303,0.1559633027522936,3.54885049723445,3.6574621200561523,0.01874
voxel__sub-03,kmeans_K50,30,50,12,0.11009174311926606,0.23853211009174313,3.264247523946357,3.6574621200561523,0.0
voxel__sub-03,kmeans_K50,31,50,8,0.07339449541284404,0.1834862385321101,3.533649846173269,3.6574621200561523,0.00943
voxel__sub-03,kmeans_K50,32,50,7,0.06422018348623854,0.1743119266055046,3.5502674333210242,3.6574621200561523,0.0198
voxel__sub-03,kmeans_K50,33,50,6,0.05504587155963303,0.1651376146788991,3.531744668126243,3.6574621200561523,0.00871
voxel__sub-04,kmeans_K15,0,15,12,0.11009174311926606,0.3119266055045872,2.6308774747948296,2.642012596130371,0.29052
voxel__sub-04,kmeans_K15,1,15,16,0.14678899082568808,0.3944954128440367,2.4626530295421625,2.642012596130371,0.0
voxel__sub-04,kmeans_K15,2,15,16,0.14678899082568808,0.3669724770642202,2.5146104999174237,2.642012596130371,0.00018
voxel__sub-04,kmeans_K15,3,15,14,0.12844036697247707,0.3486238532110092,2.57492135396182,2.642012596130371,0.01398
voxel__sub-04,kmeans_K15,4,15,19,0.1743119266055046,0.43119266055045874,2.50231489874455,2.642012596130371,7e-05
voxel__sub-04,kmeans_K15,5,15,13,0.11926605504587157,0.3394495412844037,2.559855025538967,2.642012596130371,0.00568
voxel__sub-04,kmeans_K15,6,15,16,0.14678899082568808,0.3944954128440367,2.4775068054984337,2.642012596130371,0.0
voxel__sub-04,kmeans_K15,7,15,14,0.12844036697247707,0.3211009174311927,2.6282001477425334,2.642012596130371,0.25871
voxel__sub-04,kmeans_K15,8,15,14,0.12844036697247707,0.3211009174311927,2.637286296219921,2.642012596130371,0.37734
voxel__sub-04,kmeans_K15,9,15,16,0.14678899082568808,0.42201834862385323,2.371718880727909,2.642012596130371,0.0
voxel__sub-04,kmeans_K15,10,15,12,0.11009174311926606,0.30275229357798167,2.6526905981325513,2.642012596130371,0.62585
voxel__sub-04,kmeans_K15,11,15,15,0.13761467889908258,0.3394495412844037,2.587864259210029,2.642012596130371,0.03102
voxel__sub-04,kmeans_K15,12,15,13,0.11926605504587157,0.3394495412844037,2.548001039252235,2.642012596130371,0.00233
voxel__sub-04,kmeans_K15,13,15,16,0.14678899082568808,0.3853211009174312,2.549012552023472,2.642012596130371,0.00252
voxel__sub-04,kmeans_K15,14,15,16,0.14678899082568808,0.3944954128440367,2.459783366307093,2.642012596130371,0.0
voxel__sub-04,kmeans_K15,15,15,21,0.1926605504587156,0.44954128440366975,2.360950388147974,2.642012596130371,0.0
voxel__sub-04,kmeans_K15,16,15,25,0.22935779816513763,0.4036697247706422,2.4431800009889013,2.642012596130371,0.0
voxel__sub-04,kmeans_K15,17,15,14,0.12844036697247707,0.3394495412844037,2.5643261717044292,2.642012596130371,0.00738
voxel__sub-04,kmeans_K15,18,15,13,0.11926605504587157,0.3119266055045872,2.6187667584614496,2.642012596130371,0.16797
voxel__sub-04,kmeans_K15,19,15,14,0.12844036697247707,0.3669724770642202,2.507160143557588,2.642012596130371,0.0001
voxel__sub-04,kmeans_K15,20,15,19,0.1743119266055046,0.3944954128440367,2.560223289113357,2.642012596130371,0.00575
voxel__sub-04,kmeans_K15,21,15,18,0.1651376146788991,0.44954128440366975,2.357229779236069,2.642012596130371,0.0
voxel__sub-04,kmeans_K15,22,15,18,0.1651376146788991,0.3761467889908257,2.5276042509220997,2.642012596130371,0.00059
voxel__sub-04,kmeans_K15,23,15,16,0.14678899082568808,0.3486238532110092,2.5478006822501027,2.642012596130371,0.00228
voxel__sub-04,kmeans_K15,24,15,16,0.14678899082568808,0.3394495412844037,2.57799377551817,2.642012596130371,0.01702
voxel__sub-04,kmeans_K15,25,15,15,0.13761467889908258,0.3486238532110092,2.597283060962763,2.642012596130371,0.05351
voxel__sub-04,kmeans_K15,26,15,17,0.1559633027522936,0.4036697247706422,2.5108830040211045,2.642012596130371,0.00013
voxel__sub-04,kmeans_K15,27,15,20,0.1834862385321101,0.43119266055045874,2.4785689961457202,2.642012596130371,0.0
voxel__sub-04,kmeans_K15,28,15,13,0.11926605504587157,0.3394495412844037,2.609745228886111,2.642012596130371,0.10607
voxel__sub-04,kmeans_K15,29,15,12,0.11009174311926606,0.29357798165137616,2.630775649369104,2.642012596130371,0.28933
voxel__sub-04,kmeans_K15,30,15,16,0.14678899082568808,0.3577981651376147,2.4900659205692386,2.642012596130371,5e-05
voxel__sub-04,kmeans_K15,31,15,17,0.1559633027522936,0.41284403669724773,2.546054062591333,2.642012596130371,0.00204
voxel__sub-04,kmeans_K15,32,15,12,0.11009174311926606,0.30275229357798167,2.58909911367751,2.642012596130371,0.03332
voxel__sub-04,kmeans_K15,33,15,14,0.12844036697247707,0.3486238532110092,2.5970247543217617,2.642012596130371,0.05271
voxel__sub-04,kmeans_K27,0,27,9,0.08256880733944955,0.24770642201834864,3.110065257542097,3.1689705848693848,0.0628
voxel__sub-04,kmeans_K27,1,27,14,0.12844036697247707,0.29357798165137616,2.9274758012251962,3.1689705848693848,0.0
voxel__sub-04,kmeans_K27,2,27,11,0.10091743119266056,0.26605504587155965,3.051962944054137,3.1689705848693848,0.00307
voxel__sub-04,kmeans_K27,3,27,9,0.08256880733944955,0.23853211009174313,3.07568933267125,3.1689705848693848,0.01215
voxel__sub-04,kmeans_K27,4,27,16,0.14678899082568808,0.3211009174311927,2.9664380118068046,3.1689705848693848,1e-05
voxel__sub-04,kmeans_K27,5,27,17,0.1559633027522936,0.30275229357798167,3.0421115835405135,3.1689705848693848,0.00171
voxel__sub-04,kmeans_K27,6,27,10,0.09174311926605505,0.25688073394495414,3.0115831133217705,3.1689705848693848,0.00032
voxel__sub-04,kmeans_K27,7,27,9,0.08256880733944955,0.22935779816513763,3.1018234270309835,3.1689705848693848,0.04351
voxel__sub-04,kmeans_K27,8,27,8,0.07339449541284404,0.22018348623853212,3.1482466411491092,3.1689705848693848,0.26294
voxel__sub-04,kmeans_K27,9,27,12,0.11009174311926606,0.28440366972477066,2.848350919106406,3.1689705848693848,0.0
voxel__sub-04,kmeans_K27,10,27,9,0.08256880733944955,0.2018348623853211,3.1546457348419046,3.1689705848693848,0.31863
voxel__sub-04,kmeans_K27,11,27,10,0.09174311926605505,0.22935779816513763,3.120225867771195,3.1689705848693848,0.09602
voxel__sub-04,kmeans_K27,12,27,10,0.09174311926605505,0.24770642201834864,3.0960015094613342,3.1689705848693848,0.03312
voxel__sub-04,kmeans_K27,13,27,11,0.10091743119266056,0.29357798165137616,2.9857115818126756,3.1689705848693848,4e-05
voxel__sub-04,kmeans_K27,14,27,11,0.10091743119266056,0.24770642201834864,2.997604425465041,3.1689705848693848,0.00012
voxel__sub-04,kmeans_K27,15,27,13,0.11926605504587157,0.3211009174311927,2.8258159589406775,3.1689705848693848,0.0
voxel__sub-04,kmeans_K27,16,27,19,0.1743119266055046,0.3577981651376147,2.8727538883229657,3.1689705848693848,0.0
voxel__sub-04,kmeans_K27,17,27,10,0.09174311926605505,0.22018348623853212,3.1897850374214727,3.1689705848693848,0.69841
voxel__sub-04,kmeans_K27,18,27,9,0.08256880733944955,0.22018348623853212,3.1086584148866043,3.1689705848693848,0.05923
voxel__sub-04,kmeans_K27,19,27,13,0.11926605504587157,0.29357798165137616,3.0426087612034527,3.1689705848693848,0.00177
voxel__sub-04,kmeans_K27,20,27,13,0.11926605504587157,0.24770642201834864,3.094632792773903,3.1689705848693848,0.03095
voxel__sub-04,kmeans_K27,21,27,12,0.11009174311926606,0.3119266055045872,2.930388420802736,3.1689705848693848,0.0
voxel__sub-04,kmeans_K27,22,27,16,0.14678899082568808,0.30275229357798167,2.9981094326271833,3.1689705848693848,0.00014
voxel__sub-04,kmeans_K27,23,27,9,0.08256880733944955,0.23853211009174313,2.9787444489920682,3.1689705848693848,2e-05
voxel__sub-04,kmeans_K27,24,27,12,0.11009174311926606,0.27522935779816515,2.978392930989092,3.1689705848693848,2e-05
voxel__sub-04,kmeans_K27,25,27,9,0.08256880733944955,0.22935779816513763,3.103874372703597,3.1689705848693848,0.04773
voxel__sub-04,kmeans_K27,26,27,16,0.14678899082568808,0.3669724770642202,2.912787849438092,3.1689705848693848,0.0
voxel__sub-04,kmeans_K27,27,27,12,0.11009174311926606,0.28440366972477066,3.0325292996978934,3.1689705848693848,0.00106
voxel__sub-04,kmeans_K27,28,27,9,0.08256880733944955,0.23853211009174313,3.027134232622958,3.1689705848693848,0.00081
voxel__sub-04,kmeans_K27,29,27,10,0.09174311926605505,0.25688073394495414,3.094420306720327,3.1689705848693848,0.03066
voxel__sub-04,kmeans_K27,30,27,11,0.10091743119266056,0.25688073394495414,3.0666303611920345,3.1689705848693848,0.00732
voxel__sub-04,kmeans_K27,31,27,13,0.11926605504587157,0.3211009174311927,2.8976409616362924,3.1689705848693848,0.0
voxel__sub-04,kmeans_K27,32,27,9,0.08256880733944955,0.22018348623853212,3.0899888323032654,3.1689705848693848,0.02498
voxel__sub-04,kmeans_K27,33,27,11,0.10091743119266056,0.26605504587155965,3.070693918103214,3.1689705848693848,0.00929
voxel__sub-04,kmeans_K50,0,50,7,0.06422018348623854,0.1743119266055046,3.582822556304695,3.6574621200561523,0.07056
voxel__sub-04,kmeans_K50,1,50,7,0.06422018348623854,0.1926605504587156,3.4189640740368707,3.6574621200561523,2e-05
voxel__sub-04,kmeans_K50,2,50,7,0.06422018348623854,0.1834862385321101,3.416912078601287,3.6574621200561523,2e-05
voxel__sub-04,kmeans_K50,3,50,7,0.06422018348623854,0.1834862385321101,3.500975448497999,3.6574621200561523,0.00205
voxel__sub-04,kmeans_K50,4,50,9,0.08256880733944955,0.22018348623853212,3.4516384717121413,3.6574621200561523,0.00015
voxel__sub-04,kmeans_K50,5,50,14,0.12844036697247707,0.23853211009174313,3.358591828526736,3.6574621200561523,0.0
voxel__sub-04,kmeans_K50,6,50,8,0.07339449541284404,0.1834862385321101,3.4147976419369965,3.6574621200561523,2e-05
voxel__sub-04,kmeans_K50,7,50,9,0.08256880733944955,0.2018348623853211,3.5992933260638935,3.6574621200561523,0.12021
voxel__sub-04,kmeans_K50,8,50,6,0.05504587155963303,0.14678899082568808,3.515908957716053,3.6574621200561523,0.00422
voxel__sub-04,kmeans_K50,9,50,9,0.08256880733944955,0.22018348623853212,3.2808651110941125,3.6574621200561523,0.0
voxel__sub-04,kmeans_K50,10,50,8,0.07339449541284404,0.1743119266055046,3.5370159025067327,3.6574621200561523,0.01106
voxel__sub-04,kmeans_K50,11,50,6,0.05504587155963303,0.14678899082568808,3.665162464074688,3.6574621200561523,0.54669
voxel__sub-04,kmeans_K50,12,50,7,0.06422018348623854,0.1743119266055046,3.5202790406673765,3.6574621200561523,0.00508
voxel__sub-04,kmeans_K50,13,50,11,0.10091743119266056,0.2018348623853211,3.5020495445509234,3.6574621200561523,0.0022
voxel__sub-04,kmeans_K50,14,50,8,0.07339449541284404,0.21100917431192662,3.470675971801362,3.6574621200561523,0.00042
voxel__sub-04,kmeans_K50,15,50,14,0.12844036697247707,0.27522935779816515,3.2406418254825993,3.6574621200561523,0.0
voxel__sub-04,kmeans_K50,16,50,13,0.11926605504587157,0.28440366972477066,3.2703345477387704,3.6574621200561523,0.0
voxel__sub-04,kmeans_K50,17,50,7,0.06422018348623854,0.1743119266055046,3.6478484261121857,3.6574621200561523,0.4046
voxel__sub-04,kmeans_K50,18,50,6,0.05504587155963303,0.1559633027522936,3.5450980243662595,3.6574621200561523,0.01601
voxel__sub-04,kmeans_K50,19,50,12,0.11009174311926606,0.29357798165137616,3.406302610608755,3.6574621200561523,1e-05
voxel__sub-04,kmeans_K50,20,50,7,0.06422018348623854,0.1743119266055046,3.60514173656753,3.6574621200561523,0.14414
voxel__sub-04,kmeans_K50,21,50,10,0.09174311926605505,0.22018348623853212,3.429363233649169,3.6574621200561523,5e-05
voxel__sub-04,kmeans_K50,22,50,12,0.11009174311926606,0.22018348623853212,3.4289503241804544,3.6574621200561523,5e-05
voxel__sub-04,kmeans_K50,23,50,9,0.08256880733944955,0.2018348623853211,3.514181987349459,3.6574621200561523,0.00391
voxel__sub-04,kmeans_K50,24,50,11,0.10091743119266056,0.22935779816513763,3.4217386475224028,3.6574621200561523,3e-05
voxel__sub-04,kmeans_K50,25,50,9,0.08256880733944955,0.1743119266055046,3.5680522639781036,3.6574621200561523,0.04109
voxel__sub-04,kmeans_K50,26,50,13,0.11926605504587157,0.28440366972477066,3.4085256083749575,3.6574621200561523,2e-05
voxel__sub-04,kmeans_K50,27,50,10,0.09174311926605505,0.2018348623853211,3.4403985023734456,3.6574621200561523,8e-05
voxel__sub-04,kmeans_K50,28,50,7,0.06422018348623854,0.1743119266055046,3.501388357966713,3.6574621200561523,0.0021
voxel__sub-04,kmeans_K50,29,50,6,0.05504587155963303,0.1559633027522936,3.584300883857007,3.6574621200561523,0.07403
voxel__sub-04,kmeans_K50,30,50,10,0.09174311926605505,0.21100917431192662,3.4545337353510286,3.6574621200561523,0.00018
voxel__sub-04,kmeans_K50,31,50,10,0.09174311926605505,0.22018348623853212,3.4512695044432893,3.6574621200561523,0.00015
voxel__sub-04,kmeans_K50,32,50,9,0.08256880733944955,0.1651376146788991,3.5741228243620338,3.6574621200561523,0.05104
voxel__sub-04,kmeans_K50,33,50,11,0.10091743119266056,0.22018348623853212,3.509288398207147,3.6574621200561523,0.00307
voxel__sub-05,kmeans_K15,0,15,10,0.09174311926605505,0.27522935779816515,2.653729888980948,2.642012596130371,0.64402
voxel__sub-05,kmeans_K15,1,15,13,0.11926605504587157,0.3394495412844037,2.5311280736140103,2.642012596130371,0.00073
voxel__sub-05,kmeans_K15,2,15,17,0.1559633027522936,0.3944954128440367,2.450760451088222,2.642012596130371,0.0
voxel__sub-05,kmeans_K15,3,15,16,0.14678899082568808,0.3853211009174312,2.5412997631315823,2.642012596130371,0.00146
voxel__sub-05,kmeans_K15,4,15,19,0.1743119266055046,0.3761467889908257,2.543103744017326,2.642012596130371,0.00164
voxel__sub-05,kmeans_K15,5,15,30,0.27522935779816515,0.46788990825688076,2.3360253018240855,2.642012596130371,0.0
voxel__sub-05,kmeans_K15,6,15,15,0.13761467889908258,0.3944954128440367,2.5666311737329797,2.642012596130371,0.00843
voxel__sub-05,kmeans_K15,7,15,19,0.1743119266055046,0.3944954128440367,2.5179358790148165,2.642012596130371,0.00023
voxel__sub-05,kmeans_K15,8,15,17,0.1559633027522936,0.3761467889908257,2.515493051817384,2.642012596130371,0.00019
voxel__sub-05,kmeans_K15,9,15,16,0.14678899082568808,0.4036697247706422,2.395761523117462,2.642012596130371,0.0
voxel__sub-05,kmeans_K15,10,15,18,0.1651376146788991,0.3761467889908257,2.591005341487506,2.642012596130371,0.03739
voxel__sub-05,kmeans_K15,11,15,14,0.12844036697247707,0.3302752293577982,2.602560493846028,2.642012596130371,0.07177
voxel__sub-05,kmeans_K15,12,15,18,0.1651376146788991,0.3944954128440367,2.4143181370810254,2.642012596130371,0.0
voxel__sub-05,kmeans_K15,13,15,15,0.13761467889908258,0.3486238532110092,2.5722328837154733,2.642012596130371,0.0118
voxel__sub-05,kmeans_K15,14,15,22,0.2018348623853211,0.43119266055045874,2.4883357866719105,2.642012596130371,4e-05
voxel__sub-05,kmeans_K15,15,15,16,0.14678899082568808,0.3944954128440367,2.504800357928332,2.642012596130371,8e-05
voxel__sub-05,kmeans_K15,16,15,14,0.12844036697247707,0.3669724770642202,2.4195576793764313,2.642012596130371,0.0
voxel__sub-05,kmeans_K15,17,15,14,0.12844036697247707,0.3486238532110092,2.5371968220233856,2.642012596130371,0.00111
voxel__sub-05,kmeans_K15,18,15,15,0.13761467889908258,0.3944954128440367,2.475212667544553,2.642012596130371,0.0
voxel__sub-05,kmeans_K15,19,15,29,0.26605504587155965,0.5045871559633027,2.3461716652960414,2.642012596130371,0.0
voxel__sub-05,kmeans_K15,20,15,13,0.11926605504587157,0.3119266055045872,2.6423288804241314,2.642012596130371,0.45503
voxel__sub-05,kmeans_K15,21,15,16,0.14678899082568808,0.3944954128440367,2.571766576686163,2.642012596130371,0.01141
voxel__sub-05,kmeans_K15,22,15,16,0.14678899082568808,0.3944954128440367,2.5359482725577234,2.642012596130371,0.00106
voxel__sub-05,kmeans_K15,23,15,17,0.1559633027522936,0.3577981651376147,2.5331187645598368,2.642012596130371,0.00087
voxel__sub-05,kmeans_K15,24,15,15,0.13761467889908258,0.3853211009174312,2.436269399837978,2.642012596130371,0.0
voxel__sub-05,kmeans_K15,25,15,14,0.12844036697247707,0.3394495412844037,2.593025580932429,2.642012596130371,0.04191
voxel__sub-05,kmeans_K15,26,15,25,0.22935779816513763,0.5229357798165137,2.346822021165161,2.642012596130371,0.0
voxel__sub-05,kmeans_K15,27,15,16,0.14678899082568808,0.41284403669724773,2.424690997983497,2.642012596130371,0.0
voxel__sub-05,kmeans_K15,28,15,12,0.11009174311926606,0.30275229357798167,2.6603249119916135,2.642012596130371,0.75231
voxel__sub-05,kmeans_K15,29,15,14,0.12844036697247707,0.3394495412844037,2.6231546563774346,2.642012596130371,0.20672
voxel__sub-05,kmeans_K15,30,15,18,0.1651376146788991,0.43119266055045874,2.4047172537091988,2.642012596130371,0.0
voxel__sub-05,kmeans_K15,31,15,18,0.1651376146788991,0.3944954128440367,2.529076078178427,2.642012596130371,0.00067
voxel__sub-05,kmeans_K15,32,15,16,0.14678899082568808,0.3944954128440367,2.525122262450712,2.642012596130371,0.00047
voxel__sub-05,kmeans_K15,33,15,13,0.11926605504587157,0.3302752293577982,2.5972555821713827,2.642012596130371,0.05343
voxel__sub-05,kmeans_K27,0,27,9,0.08256880733944955,0.22935779816513763,3.1135781312641178,3.1689705848693848,0.07287
voxel__sub-05,kmeans_K27,1,27,12,0.11009174311926606,0.26605504587155965,3.0158503210843994,3.1689705848693848,0.00043
voxel__sub-05,kmeans_K27,2,27,13,0.11926605504587157,0.3394495412844037,2.8534723440422294,3.1689705848693848,0.0
voxel__sub-05,kmeans_K27,3,27,11,0.10091743119266056,0.27522935779816515,3.0117560579455294,3.1689705848693848,0.00032
voxel__sub-05,kmeans_K27,4,27,14,0.12844036697247707,0.3394495412844037,2.9313084369595326,3.1689705848693848,0.0
voxel__sub-05,kmeans_K27,5,27,18,0.1651376146788991,0.3669724770642202,2.8938321821365935,3.1689705848693848,0.0
voxel__sub-05,kmeans_K27,6,27,13,0.11926605504587157,0.30275229357798167,3.0324122026796347,3.1689705848693848,0.00105
voxel__sub-05,kmeans_K27,7,27,15,0.13761467889908258,0.3302752293577982,2.9242063072607842,3.1689705848693848,0.0
voxel__sub-05,kmeans_K27,8,27,17,0.1559633027522936,0.3302752293577982,2.8943953377230236,3.1689705848693848,0.0
voxel__sub-05,kmeans_K27,9,27,12,0.11009174311926606,0.29357798165137616,2.8630271075408524,3.1689705848693848,0.0
voxel__sub-05,kmeans_K27,10,27,9,0.08256880733944955,0.21100917431192662,3.1906872386136085,3.1689705848693848,0.70771
voxel__sub-05,kmeans_K27,11,27,14,0.12844036697247707,0.27522935779816515,3.0496626715030573,3.1689705848693848,0.0027
voxel__sub-05,kmeans_K27,12,27,13,0.11926605504587157,0.3211009174311927,2.8180669493825046,3.1689705848693848,0.0
voxel__sub-05,kmeans_K27,13,27,12,0.11009174311926606,0.27522935779816515,2.9864126116199117,3.1689705848693848,4e-05
voxel__sub-05,kmeans_K27,14,27,16,0.14678899082568808,0.3394495412844037,2.8228114501356956,3.1689705848693848,0.0
voxel__sub-05,kmeans_K27,15,27,14,0.12844036697247707,0.30275229357798167,2.885594930617969,3.1689705848693848,0.0
voxel__sub-05,kmeans_K27,16,27,10,0.09174311926605505,0.26605504587155965,2.8851241379233925,3.1689705848693848,0.0
voxel__sub-05,kmeans_K27,17,27,10,0.09174311926605505,0.25688073394495414,3.1037725472778717,3.1689705848693848,0.04757
voxel__sub-05,kmeans_K27,18,27,13,0.11926605504587157,0.28440366972477066,3.0763311276964465,3.1689705848693848,0.01257
voxel__sub-05,kmeans_K27,19,27,17,0.1559633027522936,0.3669724770642202,2.907793685925873,3.1689705848693848,0.0
voxel__sub-05,kmeans_K27,20,27,15,0.13761467889908258,0.28440366972477066,3.053681236451405,3.1689705848693848,0.00348
voxel__sub-05,kmeans_K27,21,27,12,0.11009174311926606,0.26605504587155965,3.0141948356146253,3.1689705848693848,0.00039
voxel__sub-05,kmeans_K27,22,27,12,0.11009174311926606,0.29357798165137616,2.9018431847980874,3.1689705848693848,0.0
voxel__sub-05,kmeans_K27,23,27,13,0.11926605504587157,0.28440366972477066,2.960184477273611,3.1689705848693848,1e-05
voxel__sub-05,kmeans_K27,24,27,16,0.14678899082568808,0.3119266055045872,2.8652074213361467,3.1689705848693848,0.0
voxel__sub-05,kmeans_K27,25,27,12,0.11009174311926606,0.30275229357798167,3.0582417132923623,3.1689705848693848,0.00452
voxel__sub-05,kmeans_K27,26,27,19,0.1743119266055046,0.3761467889908257,2.811102846145487,3.1689705848693848,0.0
voxel__sub-05,kmeans_K27,27,27,16,0.14678899082568808,0.3761467889908257,2.8176355408849454,3.1689705848693848,0.0
voxel__sub-05,kmeans_K27,28,27,14,0.12844036697247707,0.30275229357798167,2.9921417474319476,3.1689705848693848,8e-05
voxel__sub-05,kmeans_K27,29,27,14,0.12844036697247707,0.30275229357798167,3.013421636846386,3.1689705848693848,0.00035
voxel__sub-05,kmeans_K27,30,27,12,0.11009174311926606,0.3211009174311927,2.824200843525313,3.1689705848693848,0.0
voxel__sub-05,kmeans_K27,31,27,11,0.10091743119266056,0.30275229357798167,2.899090159555268,3.1689705848693848,0.0
voxel__sub-05,kmeans_K27,32,27,11,0.10091743119266056,0.26605504587155965,3.0520253852828443,3.1689705848693848,0.00308
voxel__sub-05,kmeans_K27,33,27,10,0.09174311926605505,0.24770642201834864,3.0235634756750756,3.1689705848693848,0.00062
voxel__sub-05,kmeans_K50,0,50,6,0.05504587155963303,0.1559633027522936,3.584935943206016,3.6574621200561523,0.07592
voxel__sub-05,kmeans_K50,1,50,11,0.10091743119266056,0.22935779816513763,3.4124892821535524,3.6574621200561523,2e-05
voxel__sub-05,kmeans_K50,2,50,10,0.09174311926605505,0.22935779816513763,3.4239277326142474,3.6574621200561523,4e-05
voxel__sub-05,kmeans_K50,3,50,8,0.07339449541284404,0.2018348623853211,3.455270620125762,3.6574621200561523,0.00019
voxel__sub-05,kmeans_K50,4,50,12,0.11009174311926606,0.23853211009174313,3.4081499054299194,3.6574621200561523,2e-05
voxel__sub-05,kmeans_K50,5,50,11,0.10091743119266056,0.23853211009174313,3.3026956836977095,3.6574621200561523,0.0
voxel__sub-05,kmeans_K50,6,50,10,0.09174311926605505,0.22018348623853212,3.5457330837152687,3.6574621200561523,0.0164
voxel__sub-05,kmeans_K50,7,50,7,0.06422018348623854,0.1743119266055046,3.4772393321485904,3.6574621200561523,0.00058
voxel__sub-05,kmeans_K50,8,50,7,0.06422018348623854,0.1834862385321101,3.45865517548807,3.6574621200561523,0.00022
voxel__sub-05,kmeans_K50,9,50,10,0.09174311926605505,0.22018348623853212,3.384560606469067,3.6574621200561523,0.0
voxel__sub-05,kmeans_K50,10,50,7,0.06422018348623854,0.1559633027522936,3.5992933260638935,3.6574621200561523,0.12021
voxel__sub-05,kmeans_K50,11,50,7,0.06422018348623854,0.1743119266055046,3.457486882215777,3.6574621200561523,0.0002
voxel__sub-05,kmeans_K50,12,50,8,0.07339449541284404,0.1926605504587156,3.4687707937543357,3.6574621200561523,0.00038
voxel__sub-05,kmeans_K50,13,50,6,0.05504587155963303,0.1559633027522936,3.558229230725982,3.6574621200561523,0.02766
voxel__sub-05,kmeans_K50,14,50,9,0.08256880733944955,0.21100917431192662,3.472376449233969,3.6574621200561523,0.00044
voxel__sub-05,kmeans_K50,15,50,7,0.06422018348623854,0.1559633027522936,3.5260430750111635,3.6574621200561523,0.0067
voxel__sub-05,kmeans_K50,16,50,11,0.10091743119266056,0.23853211009174313,3.3166087667949986,3.6574621200561523,0.0
voxel__sub-05,kmeans_K50,17,50,9,0.08256880733944955,0.1834862385321101,3.5442986983628186,3.6574621200561523,0.0157
voxel__sub-05,kmeans_K50,18,50,6,0.05504587155963303,0.1559633027522936,3.5367093764665887,3.6574621200561523,0.01084
voxel__sub-05,kmeans_K50,19,50,11,0.10091743119266056,0.22935779816513763,3.396772846434963,3.6574621200561523,0.0
voxel__sub-05,kmeans_K50,20,50,7,0.06422018348623854,0.1559633027522936,3.5854691771293004,3.6574621200561523,0.07691
voxel__sub-05,kmeans_K50,21,50,7,0.06422018348623854,0.1743119266055046,3.503559628093897,3.6574621200561523,0.00233
voxel__sub-05,kmeans_K50,22,50,7,0.06422018348623854,0.1743119266055046,3.501876599927165,3.6574621200561523,0.00215
voxel__sub-05,kmeans_K50,23,50,12,0.11009174311926606,0.21100917431192662,3.4355980606875325,3.6574621200561523,7e-05
voxel__sub-05,kmeans_K50,24,50,7,0.06422018348623854,0.1651376146788991,3.421015019709485,3.6574621200561523,3e-05
voxel__sub-05,kmeans_K50,25,50,6,0.05504587155963303,0.1651376146788991,3.586370328558466,3.6574621200561523,0.07926
voxel__sub-05,kmeans_K50,26,50,9,0.08256880733944955,0.22018348623853212,3.278280931498215,3.6574621200561523,0.0
voxel__sub-05,kmeans_K50,27,50,9,0.08256880733944955,0.21100917431192662,3.4538547338021566,3.6574621200561523,0.00016
voxel__sub-05,kmeans_K50,28,50,7,0.06422018348623854,0.1743119266055046,3.51242362669099,3.6574621200561523,0.00361
voxel__sub-05,kmeans_K50,29,50,7,0.06422018348623854,0.1834862385321101,3.533530571481669,3.6574621200561523,0.00937
voxel__sub-05,kmeans_K50,30,50,8,0.07339449541284404,0.21100917431192662,3.31631549771667,3.6574621200561523,0.0
voxel__sub-05,kmeans_K50,31,50,10,0.09174311926605505,0.22935779816513763,3.4170139040270127,3.6574621200561523,2e-05
voxel__sub-05,kmeans_K50,32,50,7,0.06422018348623854,0.1743119266055046,3.4776522416173044,3.6574621200561523,0.0006
voxel__sub-05,kmeans_K50,33,50,9,0.08256880733944955,0.21100917431192662,3.4913745651261725,3.6574621200561523,0.00119
voxel_selected__sub-01,kmeans_K15,0,15,16,0.14678899082568808,0.3944954128440367,2.5098100582315106,2.642012596130371,0.00012
voxel_selected__sub-01,kmeans_K15,1,15,18,0.1651376146788991,0.45871559633027525,2.377111332093138,2.642012596130371,0.0
voxel_selected__sub-01,kmeans_K15,2,15,24,0.22018348623853212,0.5412844036697247,2.1811009085780624,2.642012596130371,0.0
voxel_selected__sub-01,kmeans_K15,3,15,17,0.1559633027522936,0.44036697247706424,2.4919880285160203,2.642012596130371,5e-05
voxel_selected__sub-01,kmeans_K15,4,15,17,0.1559633027522936,0.4036697247706422,2.5122999401076793,2.642012596130371,0.00014
voxel_selected__sub-01,kmeans_K15,5,15,21,0.1926605504587156,0.47706422018348627,2.360685453796411,2.642012596130371,0.0
voxel_selected__sub-01,kmeans_K15,6,15,15,0.13761467889908258,0.3853211009174312,2.50901815196844,2.642012596130371,0.00011
voxel_selected__sub-01,kmeans_K15,7,15,14,0.12844036697247707,0.3669724770642202,2.492199457341362,2.642012596130371,5e-05
voxel_selected__sub-01,kmeans_K15,8,15,13,0.11926605504587157,0.3486238532110092,2.4950047370545856,2.642012596130371,5e-05
voxel_selected__sub-01,kmeans_K15,9,15,23,0.21100917431192662,0.46788990825688076,2.344246025377785,2.642012596130371,0.0
voxel_selected__sub-01,kmeans_K15,10,15,20,0.1834862385321101,0.41284403669724773,2.524494924635283,2.642012596130371,0.00047
voxel_selected__sub-01,kmeans_K15,11,15,16,0.14678899082568808,0.3119266055045872,2.638716489268311,2.642012596130371,0.39823
voxel_selected__sub-01,kmeans_K15,12,15,24,0.22018348623853212,0.46788990825688076,2.356270479382616,2.642012596130371,0.0
voxel_selected__sub-01,kmeans_K15,13,15,15,0.13761467889908258,0.3761467889908257,2.583993195714423,2.642012596130371,0.0244
voxel_selected__sub-01,kmeans_K15,14,15,27,0.24770642201834864,0.5137614678899083,2.3407839789834775,2.642012596130371,0.0
voxel_selected__sub-01,kmeans_K15,15,15,21,0.1926605504587156,0.45871559633027525,2.3577708990988704,2.642012596130371,0.0
voxel_selected__sub-01,kmeans_K15,16,15,36,0.3302752293577982,0.6605504587155964,2.0115494691812494,2.642012596130371,0.0
voxel_selected__sub-01,kmeans_K15,17,15,22,0.2018348623853211,0.3853211009174312,2.514929896230954,2.642012596130371,0.00018
voxel_selected__sub-01,kmeans_K15,18,15,16,0.14678899082568808,0.3944954128440367,2.5155685487150596,2.642012596130371,0.00019
voxel_selected__sub-01,kmeans_K15,19,15,20,0.1834862385321101,0.47706422018348627,2.344330966672704,2.642012596130371,0.0
voxel_selected__sub-01,kmeans_K15,20,15,16,0.14678899082568808,0.42201834862385323,2.5269828142336914,2.642012596130371,0.00057
voxel_selected__sub-01,kmeans_K15,21,15,19,0.1743119266055046,0.43119266055045874,2.488628523530402,2.642012596130371,5e-05
voxel_selected__sub-01,kmeans_K15,22,15,19,0.1743119266055046,0.42201834862385323,2.3499394932014677,2.642012596130371,0.0
voxel_selected__sub-01,kmeans_K15,23,15,17,0.1559633027522936,0.3761467889908257,2.4341143353861163,2.642012596130371,0.0
voxel_selected__sub-01,kmeans_K15,24,15,17,0.1559633027522936,0.42201834862385323,2.4025077571135927,2.642012596130371,0.0
voxel_selected__sub-01,kmeans_K15,25,15,14,0.12844036697247707,0.3669724770642202,2.560635325682179,2.642012596130371,0.00589
voxel_selected__sub-01,kmeans_K15,26,15,27,0.24770642201834864,0.5321100917431193,2.2546618779749954,2.642012596130371,0.0
voxel_selected__sub-01,kmeans_K15,27,15,35,0.3211009174311927,0.6055045871559633,2.135845001874837,2.642012596130371,0.0
voxel_selected__sub-01,kmeans_K15,28,15,18,0.1651376146788991,0.3944954128440367,2.575261728770745,2.642012596130371,0.01423
voxel_selected__sub-01,kmeans_K15,29,15,16,0.14678899082568808,0.3761467889908257,2.560832240857442,2.642012596130371,0.00594
voxel_selected__sub-01,kmeans_K15,30,15,47,0.43119266055045874,0.6330275229357798,1.963185138562964,2.642012596130371,0.0
voxel_selected__sub-01,kmeans_K15,31,15,24,0.22018348623853212,0.5137614678899083,2.2934949856323468,2.642012596130371,0.0
voxel_selected__sub-01,kmeans_K15,32,15,22,0.2018348623853211,0.42201834862385323,2.504246145509654,2.642012596130371,8e-05
voxel_selected__sub-01,kmeans_K15,33,15,18,0.1651376146788991,0.41284403669724773,2.4755818701936065,2.642012596130371,0.0
voxel_selected__sub-01,kmeans_K27,0,27,10,0.09174311926605505,0.25688073394495414,3.0827234857130543,3.1689705848693848,0.0175
voxel_selected__sub-01,kmeans_K27,1,27,11,0.10091743119266056,0.30275229357798167,2.9616162259267105,3.1689705848693848,1e-05
voxel_selected__sub-01,kmeans_K27,2,27,16,0.14678899082568808,0.4036697247706422,2.6810870744555038,3.1689705848693848,0.0
voxel_selected__sub-01,kmeans_K27,3,27,13,0.11926605504587157,0.3119266055045872,2.93243847394518,3.1689705848693848,0.0
voxel_selected__sub-01,kmeans_K27,4,27,18,0.1651376146788991,0.3669724770642202,2.9070304087175134,3.1689705848693848,0.0
voxel_selected__sub-01,kmeans_K27,5,27,18,0.1651376146788991,0.3669724770642202,2.680369581239785,3.1689705848693848,0.0
voxel_selected__sub-01,kmeans_K27,6,27,15,0.13761467889908258,0.3211009174311927,2.9684056310825384,3.1689705848693848,1e-05
voxel_selected__sub-01,kmeans_K27,7,27,15,0.13761467889908258,0.30275229357798167,3.0206103288103265,3.1689705848693848,0.00054
voxel_selected__sub-01,kmeans_K27,8,27,10,0.09174311926605505,0.24770642201834864,3.0279785505892316,3.1689705848693848,0.00085
voxel_selected__sub-01,kmeans_K27,9,27,16,0.14678899082568808,0.3761467889908257,2.860324781163726,3.1689705848693848,0.0
voxel_selected__sub-01,kmeans_K27,10,27,17,0.1559633027522936,0.3486238532110092,3.0018500416423555,3.1689705848693848,0.00018
voxel_selected__sub-01,kmeans_K27,11,27,12,0.11009174311926606,0.28440366972477066,3.0402926159808517,3.1689705848693848,0.00159
voxel_selected__sub-01,kmeans_K27,12,27,11,0.10091743119266056,0.28440366972477066,2.867484709193116,3.1689705848693848,0.0
voxel_selected__sub-01,kmeans_K27,13,27,14,0.12844036697247707,0.28440366972477066,3.031979666271704,3.1689705848693848,0.00103
voxel_selected__sub-01,kmeans_K27,14,27,20,0.1834862385321101,0.46788990825688076,2.56808221132962,3.1689705848693848,0.0
voxel_selected__sub-01,kmeans_K27,15,27,17,0.1559633027522936,0.3853211009174312,2.796722247238434,3.1689705848693848,0.0
voxel_selected__sub-01,kmeans_K27,16,27,25,0.22935779816513763,0.5137614678899083,2.4242422710747658,3.1689705848693848,0.0
voxel_selected__sub-01,kmeans_K27,17,27,12,0.11009174311926606,0.24770642201834864,3.1543172015330403,3.1689705848693848,0.31532
voxel_selected__sub-01,kmeans_K27,18,27,12,0.11009174311926606,0.29357798165137616,2.9232779788334478,3.1689705848693848,0.0
voxel_selected__sub-01,kmeans_K27,19,27,15,0.13761467889908258,0.3486238532110092,2.8067445461770992,3.1689705848693848,0.0
voxel_selected__sub-01,kmeans_K27,20,27,14,0.12844036697247707,0.30275229357798167,3.034690905998358,3.1689705848693848,0.00117
voxel_selected__sub-01,kmeans_K27,21,27,16,0.14678899082568808,0.3302752293577982,2.8871311413961434,3.1689705848693848,0.0
voxel_selected__sub-01,kmeans_K27,22,27,13,0.11926605504587157,0.3486238532110092,2.734316841202124,3.1689705848693848,0.0
voxel_selected__sub-01,kmeans_K27,23,27,9,0.08256880733944955,0.23853211009174313,3.031050972145581,3.1689705848693848,0.00101
voxel_selected__sub-01,kmeans_K27,24,27,14,0.12844036697247707,0.3302752293577982,2.8628695765626064,3.1689705848693848,0.0
voxel_selected__sub-01,kmeans_K27,25,27,12,0.11009174311926606,0.28440366972477066,2.9285227202799495,3.1689705848693848,0.0
voxel_selected__sub-01,kmeans_K27,26,27,22,0.2018348623853211,0.42201834862385323,2.6872394676271565,3.1689705848693848,0.0
voxel_selected__sub-01,kmeans_K27,27,27,24,0.22018348623853212,0.4036697247706422,2.816153985896322,3.1689705848693848,0.0
voxel_selected__sub-01,kmeans_K27,28,27,18,0.1651376146788991,0.3486238532110092,2.9970242572857853,3.1689705848693848,0.00011
voxel_selected__sub-01,kmeans_K27,29,27,10,0.09174311926605505,0.22935779816513763,3.090357799572117,3.1689705848693848,0.02533
voxel_selected__sub-01,kmeans_K27,30,27,27,0.24770642201834864,0.5504587155963303,2.507916621184184,3.1689705848693848,0.0
voxel_selected__sub-01,kmeans_K27,31,27,21,0.1926605504587156,0.4036697247706422,2.6619446063994676,3.1689705848693848,0.0
voxel_selected__sub-01,kmeans_K27,32,27,17,0.1559633027522936,0.3577981651376147,2.9342956977914874,3.1689705848693848,0.0
voxel_selected__sub-01,kmeans_K27,33,27,12,0.11009174311926606,0.29357798165137616,2.897797442851568,3.1689705848693848,0.0
voxel_selected__sub-01,kmeans_K50,0,50,7,0.06422018348623854,0.1834862385321101,3.5366479850008505,3.6574621200561523,0.01083
voxel_selected__sub-01,kmeans_K50,1,50,9,0.08256880733944955,0.1926605504587156,3.4162320272894466,3.6574621200561523,2e-05
voxel_selected__sub-01,kmeans_K50,2,50,9,0.08256880733944955,0.23853211009174313,3.1277308135075756,3.6574621200561523,0.0
voxel_selected__sub-01,kmeans_K50,3,50,11,0.10091743119266056,0.25688073394495414,3.39804296513298,3.6574621200561523,0.0
voxel_selected__sub-01,kmeans_K50,4,50,11,0.10091743119266056,0.26605504587155965,3.304525529252999,3.6574621200561523,0.0
voxel_selected__sub-01,kmeans_K50,5,50,9,0.08256880733944955,0.23853211009174313,3.2967008215043028,3.6574621200561523,0.0
voxel_selected__sub-01,kmeans_K50,6,50,8,0.07339449541284404,0.1926605504587156,3.4278849060968564,3.6574621200561523,5e-05
voxel_selected__sub-01,kmeans_K50,7,50,10,0.09174311926605505,0.22018348623853212,3.36218459274334,3.6574621200561523,0.0
voxel_selected__sub-01,kmeans_K50,8,50,8,0.07339449541284404,0.2018348623853211,3.3992290733699333,3.6574621200561523,0.0
voxel_selected__sub-01,kmeans_K50,9,50,9,0.08256880733944955,0.23853211009174313,3.3553450468848727,3.6574621200561523,0.0
voxel_selected__sub-01,kmeans_K50,10,50,13,0.11926605504587157,0.24770642201834864,3.5194599574061356,3.6574621200561523,0.00492
voxel_selected__sub-01,kmeans_K50,11,50,11,0.10091743119266056,0.22018348623853212,3.500735483653043,3.6574621200561523,0.00203
voxel_selected__sub-01,kmeans_K50,12,50,9,0.08256880733944955,0.22018348623853212,3.296950514081554,3.6574621200561523,0.0
voxel_selected__sub-01,kmeans_K50,13,50,10,0.09174311926605505,0.1926605504587156,3.5278279286036205,3.6574621200561523,0.00722
voxel_selected__sub-01,kmeans_K50,14,50,17,0.1559633027522936,0.3669724770642202,3.0875140058390884,3.6574621200561523,0.0
voxel_selected__sub-01,kmeans_K50,15,50,14,0.12844036697247707,0.26605504587155965,3.214836264431731,3.6574621200561523,0.0
voxel_selected__sub-01,kmeans_K50,16,50,16,0.14678899082568808,0.3577981651376147,2.9306022584124896,3.6574621200561523,0.0
voxel_selected__sub-01,kmeans_K50,17,50,9,0.08256880733944955,0.22018348623853212,3.4818755071800704,3.6574621200561523,0.00076
voxel_selected__sub-01,kmeans_K50,18,50,9,0.08256880733944955,0.21100917431192662,3.4607071709236528,3.6574621200561523,0.00023
voxel_selected__sub-01,kmeans_K50,19,50,10,0.09174311926605505,0.25688073394495414,3.269047965632271,3.6574621200561523,0.0
voxel_selected__sub-01,kmeans_K50,20,50,12,0.11009174311926606,0.2018348623853211,3.570370351493844,3.6574621200561523,0.0445
voxel_selected__sub-01,kmeans_K50,21,50,14,0.12844036697247707,0.26605504587155965,3.2812790703257964,3.6574621200561523,0.0
voxel_selected__sub-01,kmeans_K50,22,50,11,0.10091743119266056,0.22935779816513763,3.3143935544679524,3.6574621200561523,0.0
voxel_selected__sub-01,kmeans_K50,23,50,9,0.08256880733944955,0.2018348623853211,3.2858298194344586,3.6574621200561523,0.0
voxel_selected__sub-01,kmeans_K50,24,50,10,0.09174311926605505,0.25688073394495414,3.1652506448315916,3.6574621200561523,0.0
voxel_selected__sub-01,kmeans_K50,25,50,7,0.06422018348623854,0.1834862385321101,3.532731245478228,3.6574621200561523,0.00904
voxel_selected__sub-01,kmeans_K50,26,50,15,0.13761467889908258,0.29357798165137616,3.226772684585174,3.6574621200561523,0.0
voxel_selected__sub-01,kmeans_K50,27,50,25,0.22935779816513763,0.3944954128440367,2.979502291272553,3.6574621200561523,0.0
voxel_selected__sub-01,kmeans_K50,28,50,15,0.13761467889908258,0.24770642201834864,3.3273682157068216,3.6574621200561523,0.0
voxel_selected__sub-01,kmeans_K50,29,50,8,0.07339449541284404,0.1926605504587156,3.60514173656753,3.6574621200561523,0.14414
voxel_selected__sub-01,kmeans_K50,30,50,27,0.24770642201834864,0.45871559633027525,2.7878406275042633,3.6574621200561523,0.0
voxel_selected__sub-01,kmeans_K50,31,50,13,0.11926605504587157,0.28440366972477066,3.2498626622971005,3.6574621200561523,0.0
voxel_selected__sub-01,kmeans_K50,32,50,13,0.11926605504587157,0.25688073394495414,3.4105950530764164,3.6574621200561523,2e-05
voxel_selected__sub-01,kmeans_K50,33,50,9,0.08256880733944955,0.2018348623853211,3.431801645619479,3.6574621200561523,5e-05
voxel_selected__sub-02,kmeans_K15,0,15,14,0.12844036697247707,0.3577981651376147,2.5919340356136296,2.642012596130371,0.03934
voxel_selected__sub-02,kmeans_K15,1,15,16,0.14678899082568808,0.3853211009174312,2.4988754987569823,2.642012596130371,7e-05
voxel_selected__sub-02,kmeans_K15,2,15,29,0.26605504587155965,0.5779816513761468,2.1115756266745658,2.642012596130371,0.0
voxel_selected__sub-02,kmeans_K15,3,15,17,0.1559633027522936,0.44954128440366975,2.4834173994976165,2.642012596130371,0.0
voxel_selected__sub-02,kmeans_K15,4,15,20,0.1834862385321101,0.41284403669724773,2.4468316048671137,2.642012596130371,0.0
voxel_selected__sub-02,kmeans_K15,5,15,20,0.1834862385321101,0.48623853211009177,2.337506172748525,2.642012596130371,0.0
voxel_selected__sub-02,kmeans_K15,6,15,18,0.1651376146788991,0.3944954128440367,2.519411625667521,2.642012596130371,0.00028
voxel_selected__sub-02,kmeans_K15,7,15,21,0.1926605504587156,0.43119266055045874,2.460043772474033,2.642012596130371,0.0
voxel_selected__sub-02,kmeans_K15,8,15,17,0.1559633027522936,0.3944954128440367,2.529201068601467,2.642012596130371,0.00067
voxel_selected__sub-02,kmeans_K15,9,15,34,0.3119266055045872,0.5412844036697247,2.300338550956934,2.642012596130371,0.0
voxel_selected__sub-02,kmeans_K15,10,15,19,0.1743119266055046,0.3944954128440367,2.5134290721060166,2.642012596130371,0.00016
voxel_selected__sub-02,kmeans_K15,11,15,17,0.1559633027522936,0.3853211009174312,2.563221347070855,2.642012596130371,0.00687
voxel_selected__sub-02,kmeans_K15,12,15,23,0.21100917431192662,0.45871559633027525,2.34488782040298,2.642012596130371,0.0
voxel_selected__sub-02,kmeans_K15,13,15,15,0.13761467889908258,0.3944954128440367,2.5325935099032937,2.642012596130371,0.00086
voxel_selected__sub-02,kmeans_K15,14,15,25,0.22935779816513763,0.4954128440366973,2.367457123498295,2.642012596130371,0.0
voxel_selected__sub-02,kmeans_K15,15,15,22,0.2018348623853211,0.44036697247706424,2.468040375083518,2.642012596130371,0.0
voxel_selected__sub-02,kmeans_K15,16,15,37,0.3394495412844037,0.6605504587155964,2.0129933536452236,2.642012596130371,0.0
voxel_selected__sub-02,kmeans_K15,17,15,18,0.1651376146788991,0.41284403669724773,2.5311019463788087,2.642012596130371,0.00073
voxel_selected__sub-02,kmeans_K15,18,15,17,0.1559633027522936,0.3944954128440367,2.4715708329512553,2.642012596130371,0.0
voxel_selected__sub-02,kmeans_K15,19,15,19,0.1743119266055046,0.46788990825688076,2.4443081051466105,2.642012596130371,0.0
voxel_selected__sub-02,kmeans_K15,20,15,17,0.1559633027522936,0.3669724770642202,2.5771421517017226,2.642012596130371,0.01607
voxel_selected__sub-02,kmeans_K15,21,15,16,0.14678899082568808,0.3853211009174312,2.4904801151811244,2.642012596130371,5e-05
voxel_selected__sub-02,kmeans_K15,22,15,31,0.28440366972477066,0.5321100917431193,2.3326874081954303,2.642012596130371,0.0
voxel_selected__sub-02,kmeans_K15,23,15,15,0.13761467889908258,0.3853211009174312,2.5229619412934197,2.642012596130371,0.00039
voxel_selected__sub-02,kmeans_K15,24,15,19,0.1743119266055046,0.42201834862385323,2.33587088532465,2.642012596130371,0.0
voxel_selected__sub-02,kmeans_K15,25,15,15,0.13761467889908258,0.3853211009174312,2.5306091254258676,2.642012596130371,0.00072
voxel_selected__sub-02,kmeans_K15,26,15,25,0.22935779816513763,0.5688073394495413,2.312748195186317,2.642012596130371,0.0
voxel_selected__sub-02,kmeans_K15,27,15,32,0.29357798165137616,0.5779816513761468,2.127276638865121,2.642012596130371,0.0
voxel_selected__sub-02,kmeans_K15,28,15,18,0.1651376146788991,0.3944954128440367,2.4780564389246234,2.642012596130371,0.0
voxel_selected__sub-02,kmeans_K15,29,15,17,0.1559633027522936,0.4036697247706422,2.5221221887952554,2.642012596130371,0.00038
voxel_selected__sub-02,kmeans_K15,30,15,33,0.30275229357798167,0.5779816513761468,2.0852262260234995,2.642012596130371,0.0
voxel_selected__sub-02,kmeans_K15,31,15,16,0.14678899082568808,0.43119266055045874,2.473146386373828,2.642012596130371,0.0
voxel_selected__sub-02,kmeans_K15,32,15,18,0.1651376146788991,0.3944954128440367,2.494902676248658,2.642012596130371,5e-05
voxel_selected__sub-02,kmeans_K15,33,15,18,0.1651376146788991,0.3944954128440367,2.54687198812398,2.642012596130371,0.00213
voxel_selected__sub-02,kmeans_K27,0,27,8,0.07339449541284404,0.22018348623853212,3.1502986365846923,3.1689705848693848,0.27974
voxel_selected__sub-02,kmeans_K27,1,27,10,0.09174311926605505,0.22935779816513763,3.021211539390554,3.1689705848693848,0.00055
voxel_selected__sub-02,kmeans_K27,2,27,15,0.13761467889908258,0.3761467889908257,2.6472289698624274,3.1689705848693848,0.0
voxel_selected__sub-02,kmeans_K27,3,27,12,0.11009174311926606,0.28440366972477066,3.0032962908478242,3.1689705848693848,0.00019
voxel_selected__sub-02,kmeans_K27,4,27,12,0.11009174311926606,0.29357798165137616,2.8700699385519832,3.1689705848693848,0.0
voxel_selected__sub-02,kmeans_K27,5,27,13,0.11926605504587157,0.3302752293577982,2.748735615525739,3.1689705848693848,0.0
voxel_selected__sub-02,kmeans_K27,6,27,12,0.11009174311926606,0.25688073394495414,3.0481832941877753,3.1689705848693848,0.00247
voxel_selected__sub-02,kmeans_K27,7,27,12,0.11009174311926606,0.30275229357798167,3.045940539163772,3.1689705848693848,0.0022
voxel_selected__sub-02,kmeans_K27,8,27,11,0.10091743119266056,0.27522935779816515,2.9284745647863835,3.1689705848693848,0.0
voxel_selected__sub-02,kmeans_K27,9,27,16,0.14678899082568808,0.3577981651376147,2.8081429832348284,3.1689705848693848,0.0
voxel_selected__sub-02,kmeans_K27,10,27,15,0.13761467889908258,0.29357798165137616,3.014478376960658,3.1689705848693848,0.00039
voxel_selected__sub-02,kmeans_K27,11,27,11,0.10091743119266056,0.25688073394495414,3.0212376666257557,3.1689705848693848,0.00055
voxel_selected__sub-02,kmeans_K27,12,27,17,0.1559633027522936,0.3761467889908257,2.749710093644503,3.1689705848693848,0.0
voxel_selected__sub-02,kmeans_K27,13,27,9,0.08256880733944955,0.22935779816513763,3.1008598343731095,3.1689705848693848,0.04178
voxel_selected__sub-02,kmeans_K27,14,27,18,0.1651376146788991,0.3944954128440367,2.863422202044905,3.1689705848693848,0.0
voxel_selected__sub-02,kmeans_K27,15,27,12,0.11009174311926606,0.28440366972477066,3.0827321636823806,3.1689705848693848,0.0175
voxel_selected__sub-02,kmeans_K27,16,27,40,0.3669724770642202,0.5596330275229358,2.3476422323367747,3.1689705848693848,0.0
voxel_selected__sub-02,kmeans_K27,17,27,16,0.14678899082568808,0.30275229357798167,2.946170826979553,3.1689705848693848,1e-05
voxel_selected__sub-02,kmeans_K27,18,27,16,0.14678899082568808,0.30275229357798167,2.873879610581852,3.1689705848693848,0.0
voxel_selected__sub-02,kmeans_K27,19,27,15,0.13761467889908258,0.3394495412844037,2.830248784913918,3.1689705848693848,0.0
voxel_selected__sub-02,kmeans_K27,20,27,10,0.09174311926605505,0.23853211009174313,3.1202698099710577,3.1689705848693848,0.0961
voxel_selected__sub-02,kmeans_K27,21,27,9,0.08256880733944955,0.22018348623853212,3.071302850217021,3.1689705848693848,0.00953
voxel_selected__sub-02,kmeans_K27,22,27,21,0.1926605504587156,0.3944954128440367,2.7561595428571657,3.1689705848693848,0.0
voxel_selected__sub-02,kmeans_K27,23,27,13,0.11926605504587157,0.24770642201834864,3.0110852075346,3.1689705848693848,0.00029
voxel_selected__sub-02,kmeans_K27,24,27,15,0.13761467889908258,0.3669724770642202,2.782502738601363,3.1689705848693848,0.0
voxel_selected__sub-02,kmeans_K27,25,27,11,0.10091743119266056,0.28440366972477066,2.978831967693008,3.1689705848693848,2e-05
voxel_selected__sub-02,kmeans_K27,26,27,16,0.14678899082568808,0.3577981651376147,2.9156294431448204,3.1689705848693848,0.0
voxel_selected__sub-02,kmeans_K27,27,27,27,0.24770642201834864,0.44954128440366975,2.6483697204377634,3.1689705848693848,0.0
voxel_selected__sub-02,kmeans_K27,28,27,12,0.11009174311926606,0.26605504587155965,3.0054951036719646,3.1689705848693848,0.00022
voxel_selected__sub-02,kmeans_K27,29,27,13,0.11926605504587157,0.28440366972477066,3.092948714844202,3.1689705848693848,0.02873
voxel_selected__sub-02,kmeans_K27,30,27,26,0.23853211009174313,0.5137614678899083,2.42956595777838,3.1689705848693848,0.0
voxel_selected__sub-02,kmeans_K27,31,27,9,0.08256880733944955,0.24770642201834864,3.0557506811528636,3.1689705848693848,0.00395
voxel_selected__sub-02,kmeans_K27,32,27,10,0.09174311926605505,0.23853211009174313,3.056838034167604,3.1689705848693848,0.00421
voxel_selected__sub-02,kmeans_K27,33,27,9,0.08256880733944955,0.23853211009174313,2.9848764008417366,3.1689705848693848,4e-05
voxel_selected__sub-02,kmeans_K50,0,50,6,0.05504587155963303,0.1651376146788991,3.5862060619040337,3.6574621200561523,0.0789
voxel_selected__sub-02,kmeans_K50,1,50,9,0.08256880733944955,0.21100917431192662,3.337440941536194,3.6574621200561523,0.0
voxel_selected__sub-02,kmeans_K50,2,50,14,0.12844036697247707,0.29357798165137616,2.999113459245044,3.6574621200561523,0.0
voxel_selected__sub-02,kmeans_K50,3,50,10,0.09174311926605505,0.22935779816513763,3.3350025295658843,3.6574621200561523,0.0
voxel_selected__sub-02,kmeans_K50,4,50,10,0.09174311926605505,0.22935779816513763,3.2396377988647393,3.6574621200561523,0.0
voxel_selected__sub-02,kmeans_K50,5,50,9,0.08256880733944955,0.23853211009174313,3.1882048844434348,3.6574621200561523,0.0
voxel_selected__sub-02,kmeans_K50,6,50,11,0.10091743119266056,0.22935779816513763,3.5730267000507454,3.6574621200561523,0.04932
voxel_selected__sub-02,kmeans_K50,7,50,14,0.12844036697247707,0.28440366972477066,3.3246023201906163,3.6574621200561523,0.0
voxel_selected__sub-02,kmeans_K50,8,50,9,0.08256880733944955,0.22935779816513763,3.379182988660007,3.6574621200561523,0.0
voxel_selected__sub-02,kmeans_K50,9,50,18,0.1651376146788991,0.3119266055045872,3.1543172015330394,3.6574621200561523,0.0
voxel_selected__sub-02,kmeans_K50,10,50,17,0.1559633027522936,0.23853211009174313,3.4154141017567996,3.6574621200561523,2e-05
voxel_selected__sub-02,kmeans_K50,11,50,9,0.08256880733944955,0.21100917431192662,3.464622860683306,3.6574621200561523,0.00027
voxel_selected__sub-02,kmeans_K50,12,50,14,0.12844036697247707,0.27522935779816515,3.225871533156008,3.6574621200561523,0.0
voxel_selected__sub-02,kmeans_K50,13,50,6,0.05504587155963303,0.1559633027522936,3.507107400347668,3.6574621200561523,0.00276
voxel_selected__sub-02,kmeans_K50,14,50,16,0.14678899082568808,0.30275229357798167,3.2091915047795445,3.6574621200561523,0.0
voxel_selected__sub-02,kmeans_K50,15,50,9,0.08256880733944955,0.21100917431192662,3.42841814002014,3.6574621200561523,5e-05
voxel_selected__sub-02,kmeans_K50,16,50,21,0.1926605504587156,0.42201834862385323,2.776555730108313,3.6574621200561523,0.0
voxel_selected__sub-02,kmeans_K50,17,50,10,0.09174311926605505,0.22018348623853212,3.4712705971903834,3.6574621200561523,0.00043
voxel_selected__sub-02,kmeans_K50,18,50,7,0.06422018348623854,0.1743119266055046,3.508995129128819,3.6574621200561523,0.003
voxel_selected__sub-02,kmeans_K50,19,50,8,0.07339449541284404,0.21100917431192662,3.3024299573163387,3.6574621200561523,0.0
voxel_selected__sub-02,kmeans_K50,20,50,8,0.07339449541284404,0.1926605504587156,3.479970329133044,3.6574621200561523,0.00067
voxel_selected__sub-02,kmeans_K50,21,50,9,0.08256880733944955,0.21100917431192662,3.4212821615526114,3.6574621200561523,3e-05
voxel_selected__sub-02,kmeans_K50,22,50,13,0.11926605504587157,0.27522935779816515,3.3274603773058278,3.6574621200561523,0.0
voxel_selected__sub-02,kmeans_K50,23,50,8,0.07339449541284404,0.21100917431192662,3.298100308325002,3.6574621200561523,0.0
voxel_selected__sub-02,kmeans_K50,24,50,11,0.10091743119266056,0.27522935779816515,3.1837416540357126,3.6574621200561523,0.0
voxel_selected__sub-02,kmeans_K50,25,50,7,0.06422018348623854,0.1834862385321101,3.513058686039998,3.6574621200561523,0.00372
voxel_selected__sub-02,kmeans_K50,26,50,12,0.11009174311926606,0.3119266055045872,3.1974726555139075,3.6574621200561523,0.0
voxel_selected__sub-02,kmeans_K50,27,50,21,0.1926605504587156,0.3853211009174312,2.969730469475684,3.6574621200561523,0.0
voxel_selected__sub-02,kmeans_K50,28,50,7,0.06422018348623854,0.1834862385321101,3.4676209995108875,3.6574621200561523,0.00038
voxel_selected__sub-02,kmeans_K50,29,50,6,0.05504587155963303,0.1651376146788991,3.5594993494239997,3.6574621200561523,0.02933
voxel_selected__sub-02,kmeans_K50,30,50,15,0.13761467889908258,0.3577981651376147,2.937431710839875,3.6574621200561523,0.0
voxel_selected__sub-02,kmeans_K50,31,50,9,0.08256880733944955,0.21100917431192662,3.4338536410550624,3.6574621200561523,5e-05
voxel_selected__sub-02,kmeans_K50,32,50,9,0.08256880733944955,0.21100917431192662,3.4633527419852888,3.6574621200561523,0.00027
voxel_selected__sub-02,kmeans_K50,33,50,8,0.07339449541284404,0.2018348623853211,3.480587939216178,3.6574621200561523,0.0007
voxel_selected__sub-03,kmeans_K15,0,15,19,0.1743119266055046,0.44036697247706424,2.446750880359485,2.642012596130371,0.0
voxel_selected__sub-03,kmeans_K15,1,15,20,0.1834862385321101,0.47706422018348627,2.4505296232386007,2.642012596130371,0.0
voxel_selected__sub-03,kmeans_K15,2,15,27,0.24770642201834864,0.5871559633027523,2.1596093395969342,2.642012596130371,0.0
voxel_selected__sub-03,kmeans_K15,3,15,16,0.14678899082568808,0.42201834862385323,2.4520142707836943,2.642012596130371,0.0
voxel_selected__sub-03,kmeans_K15,4,15,19,0.1743119266055046,0.44954128440366975,2.4288892012485532,2.642012596130371,0.0
voxel_selected__sub-03,kmeans_K15,5,15,20,0.1834862385321101,0.5229357798165137,2.2449825570978224,2.642012596130371,0.0
voxel_selected__sub-03,kmeans_K15,6,15,21,0.1926605504587156,0.4036697247706422,2.5095517515905095,2.642012596130371,0.00012
voxel_selected__sub-03,kmeans_K15,7,15,23,0.21100917431192662,0.42201834862385323,2.498307601628689,2.642012596130371,6e-05
voxel_selected__sub-03,kmeans_K15,8,15,19,0.1743119266055046,0.44036697247706424,2.4039651646876345,2.642012596130371,0.0
voxel_selected__sub-03,kmeans_K15,9,15,25,0.22935779816513763,0.6055045871559633,2.242254515675313,2.642012596130371,0.0
voxel_selected__sub-03,kmeans_K15,10,15,17,0.1559633027522936,0.3577981651376147,2.558932047144284,2.642012596130371,0.00537
voxel_selected__sub-03,kmeans_K15,11,15,22,0.2018348623853211,0.42201834862385323,2.4395038170481955,2.642012596130371,0.0
voxel_selected__sub-03,kmeans_K15,12,15,23,0.21100917431192662,0.5321100917431193,2.181550631842704,2.642012596130371,0.0
voxel_selected__sub-03,kmeans_K15,13,15,14,0.12844036697247707,0.3761467889908257,2.518308316996063,2.642012596130371,0.00025
voxel_selected__sub-03,kmeans_K15,14,15,19,0.1743119266055046,0.41284403669724773,2.3878921602191934,2.642012596130371,0.0
voxel_selected__sub-03,kmeans_K15,15,15,16,0.14678899082568808,0.3944954128440367,2.5060608127996313,2.642012596130371,9e-05
voxel_selected__sub-03,kmeans_K15,16,15,40,0.3669724770642202,0.7064220183486238,1.8705073644694763,2.642012596130371,0.0
voxel_selected__sub-03,kmeans_K15,17,15,15,0.13761467889908258,0.3944954128440367,2.540145389895646,2.642012596130371,0.0014
voxel_selected__sub-03,kmeans_K15,18,15,19,0.1743119266055046,0.46788990825688076,2.408076877092381,2.642012596130371,0.0
voxel_selected__sub-03,kmeans_K15,19,15,19,0.1743119266055046,0.46788990825688076,2.3139681437600492,2.642012596130371,0.0
voxel_selected__sub-03,kmeans_K15,20,15,14,0.12844036697247707,0.3761467889908257,2.527465584671485,2.642012596130371,0.00059
voxel_selected__sub-03,kmeans_K15,21,15,14,0.12844036697247707,0.3761467889908257,2.4533096241867436,2.642012596130371,0.0
voxel_selected__sub-03,kmeans_K15,22,15,28,0.25688073394495414,0.48623853211009177,2.293331567448036,2.642012596130371,0.0
voxel_selected__sub-03,kmeans_K15,23,15,23,0.21100917431192662,0.47706422018348627,2.3800532502177494,2.642012596130371,0.0
voxel_selected__sub-03,kmeans_K15,24,15,26,0.23853211009174313,0.5871559633027523,2.2882747834372226,2.642012596130371,0.0
voxel_selected__sub-03,kmeans_K15,25,15,25,0.22935779816513763,0.5045871559633027,2.332612483105853,2.642012596130371,0.0
voxel_selected__sub-03,kmeans_K15,26,15,28,0.25688073394495414,0.5871559633027523,2.2608356792464064,2.642012596130371,0.0
voxel_selected__sub-03,kmeans_K15,27,15,29,0.26605504587155965,0.5596330275229358,2.230294371917154,2.642012596130371,0.0
voxel_selected__sub-03,kmeans_K15,28,15,14,0.12844036697247707,0.3669724770642202,2.5189061698213964,2.642012596130371,0.00026
voxel_selected__sub-03,kmeans_K15,29,15,15,0.13761467889908258,0.3486238532110092,2.5782727378717127,2.642012596130371,0.01731
voxel_selected__sub-03,kmeans_K15,30,15,48,0.44036697247706424,0.6972477064220184,1.8699038842480502,2.642012596130371,0.0
voxel_selected__sub-03,kmeans_K15,31,15,22,0.2018348623853211,0.44036697247706424,2.4621654716458945,2.642012596130371,0.0
voxel_selected__sub-03,kmeans_K15,32,15,16,0.14678899082568808,0.3944954128440367,2.479189833665165,2.642012596130371,0.0
voxel_selected__sub-03,kmeans_K15,33,15,19,0.1743119266055046,0.4954128440366973,2.2412587352066824,2.642012596130371,0.0
voxel_selected__sub-03,kmeans_K27,0,27,12,0.11009174311926606,0.27522935779816515,2.9545943734109743,3.1689705848693848,1e-05
voxel_selected__sub-03,kmeans_K27,1,27,21,0.1926605504587156,0.3577981651376147,2.873480986848279,3.1689705848693848,0.0
voxel_selected__sub-03,kmeans_K27,2,27,16,0.14678899082568808,0.3944954128440367,2.6817431762054844,3.1689705848693848,0.0
voxel_selected__sub-03,kmeans_K27,3,27,13,0.11926605504587157,0.3394495412844037,2.882173168731985,3.1689705848693848,0.0
voxel_selected__sub-03,kmeans_K27,4,27,13,0.11926605504587157,0.28440366972477066,2.9993423448015255,3.1689705848693848,0.00015
voxel_selected__sub-03,kmeans_K27,5,27,20,0.1834862385321101,0.44954128440366975,2.6328537720398897,3.1689705848693848,0.0
voxel_selected__sub-03,kmeans_K27,6,27,14,0.12844036697247707,0.28440366972477066,2.9823776471686583,3.1689705848693848,2e-05
voxel_selected__sub-03,kmeans_K27,7,27,15,0.13761467889908258,0.3119266055045872,2.9844142861164866,3.1689705848693848,4e-05
voxel_selected__sub-03,kmeans_K27,8,27,11,0.10091743119266056,0.28440366972477066,2.9918260843964686,3.1689705848693848,8e-05
voxel_selected__sub-03,kmeans_K27,9,27,16,0.14678899082568808,0.3761467889908257,2.8581063414003696,3.1689705848693848,0.0
voxel_selected__sub-03,kmeans_K27,10,27,11,0.10091743119266056,0.24770642201834864,3.1047852518650583,3.1689705848693848,0.04975
voxel_selected__sub-03,kmeans_K27,11,27,13,0.11926605504587157,0.27522935779816515,3.0384873210664107,3.1689705848693848,0.00145
voxel_selected__sub-03,kmeans_K27,12,27,10,0.09174311926605505,0.25688073394495414,2.8728490910300035,3.1689705848693848,0.0
voxel_selected__sub-03,kmeans_K27,13,27,11,0.10091743119266056,0.27522935779816515,3.0283736450932848,3.1689705848693848,0.00088
voxel_selected__sub-03,kmeans_K27,14,27,17,0.1559633027522936,0.3669724770642202,2.901025624964226,3.1689705848693848,0.0
voxel_selected__sub-03,kmeans_K27,15,27,14,0.12844036697247707,0.29357798165137616,2.97341077338287,3.1689705848693848,1e-05
voxel_selected__sub-03,kmeans_K27,16,27,36,0.3302752293577982,0.5229357798165137,2.4224953486900906,3.1689705848693848,0.0
voxel_selected__sub-03,kmeans_K27,17,27,10,0.09174311926605505,0.22935779816513763,3.0997365330636493,3.1689705848693848,0.03957
voxel_selected__sub-03,kmeans_K27,18,27,17,0.1559633027522936,0.3486238532110092,2.9140853464271284,3.1689705848693848,0.0
voxel_selected__sub-03,kmeans_K27,19,27,17,0.1559633027522936,0.3944954128440367,2.814479900897341,3.1689705848693848,0.0
voxel_selected__sub-03,kmeans_K27,20,27,10,0.09174311926605505,0.22935779816513763,3.094936091377736,3.1689705848693848,0.03143
voxel_selected__sub-03,kmeans_K27,21,27,13,0.11926605504587157,0.26605504587155965,2.990035096206813,3.1689705848693848,5e-05
voxel_selected__sub-03,kmeans_K27,22,27,18,0.1651376146788991,0.3302752293577982,2.880399028729217,3.1689705848693848,0.0
voxel_selected__sub-03,kmeans_K27,23,27,14,0.12844036697247707,0.3577981651376147,2.820965205077501,3.1689705848693848,0.0
voxel_selected__sub-03,kmeans_K27,24,27,22,0.2018348623853211,0.44954128440366975,2.737366999119906,3.1689705848693848,0.0
voxel_selected__sub-03,kmeans_K27,25,27,15,0.13761467889908258,0.3577981651376147,2.764799976112209,3.1689705848693848,0.0
voxel_selected__sub-03,kmeans_K27,26,27,17,0.1559633027522936,0.3853211009174312,2.6895502702823677,3.1689705848693848,0.0
voxel_selected__sub-03,kmeans_K27,27,27,17,0.1559633027522936,0.3944954128440367,2.758952958717369,3.1689705848693848,0.0
voxel_selected__sub-03,kmeans_K27,28,27,9,0.08256880733944955,0.23853211009174313,3.076488658674691,3.1689705848693848,0.01268
voxel_selected__sub-03,kmeans_K27,29,27,10,0.09174311926605505,0.24770642201834864,3.0671364181171463,3.1689705848693848,0.00758
voxel_selected__sub-03,kmeans_K27,30,27,22,0.2018348623853211,0.5321100917431193,2.4522221139392038,3.1689705848693848,0.0
voxel_selected__sub-03,kmeans_K27,31,27,10,0.09174311926605505,0.27522935779816515,2.96765024727896,3.1689705848693848,1e-05
voxel_selected__sub-03,kmeans_K27,32,27,11,0.10091743119266056,0.27522935779816515,2.9990827530173534,3.1689705848693848,0.00015
voxel_selected__sub-03,kmeans_K27,33,27,16,0.14678899082568808,0.3394495412844037,2.8004385999407018,3.1689705848693848,0.0
voxel_selected__sub-03,kmeans_K50,0,50,8,0.07339449541284404,0.2018348623853211,3.3372187916559,3.6574621200561523,0.0
voxel_selected__sub-03,kmeans_K50,1,50,10,0.09174311926605505,0.21100917431192662,3.3922123695940045,3.6574621200561523,0.0
voxel_selected__sub-03,kmeans_K50,2,50,15,0.13761467889908258,0.3486238532110092,2.9689649922410237,3.6574621200561523,0.0
voxel_selected__sub-03,kmeans_K50,3,50,9,0.08256880733944955,0.21100917431192662,3.369791363905445,3.6574621200561523,0.0
voxel_selected__sub-03,kmeans_K50,4,50,8,0.07339449541284404,0.22018348623853212,3.418963024273901,3.6574621200561523,2e-05
voxel_selected__sub-03,kmeans_K50,5,50,14,0.12844036697247707,0.3119266055045872,3.0936045812139805,3.6574621200561523,0.0
voxel_selected__sub-03,kmeans_K50,6,50,10,0.09174311926605505,0.2018348623853211,3.4796013618641926,3.6574621200561523,0.00066
voxel_selected__sub-03,kmeans_K50,7,50,8,0.07339449541284404,0.21100917431192662,3.4833942686923702,3.6574621200561523,0.00081
voxel_selected__sub-03,kmeans_K50,8,50,9,0.08256880733944955,0.22018348623853212,3.3373380663475,3.6574621200561523,0.0
voxel_selected__sub-03,kmeans_K50,9,50,14,0.12844036697247707,0.3211009174311927,3.2456326610581465,3.6574621200561523,0.0
voxel_selected__sub-03,kmeans_K50,10,50,9,0.08256880733944955,0.2018348623853211,3.454120825882314,3.6574621200561523,0.00017
voxel_selected__sub-03,kmeans_K50,11,50,9,0.08256880733944955,0.2018348623853211,3.5152299561671816,3.6574621200561523,0.00409
voxel_selected__sub-03,kmeans_K50,12,50,9,0.08256880733944955,0.22935779816513763,3.2145251803887414,3.6574621200561523,0.0
voxel_selected__sub-03,kmeans_K50,13,50,8,0.07339449541284404,0.2018348623853211,3.5236625462667153,3.6574621200561523,0.00611
voxel_selected__sub-03,kmeans_K50,14,50,12,0.11009174311926606,0.29357798165137616,3.2174378932935044,3.6574621200561523,0.0
voxel_selected__sub-03,kmeans_K50,15,50,11,0.10091743119266056,0.1926605504587156,3.6002655966910933,3.6574621200561523,0.12398
voxel_selected__sub-03,kmeans_K50,16,50,24,0.22018348623853212,0.46788990825688076,2.766650687205392,3.6574621200561523,0.0
voxel_selected__sub-03,kmeans_K50,17,50,7,0.06422018348623854,0.1743119266055046,3.659296604305176,3.6574621200561523,0.49678
voxel_selected__sub-03,kmeans_K50,18,50,12,0.11009174311926606,0.24770642201834864,3.269829842369836,3.6574621200561523,0.0
voxel_selected__sub-03,kmeans_K50,19,50,12,0.11009174311926606,0.29357798165137616,3.1308569049960835,3.6574621200561523,0.0
voxel_selected__sub-03,kmeans_K50,20,50,8,0.07339449541284404,0.2018348623853211,3.5969577892822775,3.6574621200561523,0.11163
voxel_selected__sub-03,kmeans_K50,21,50,8,0.07339449541284404,0.1834862385321101,3.54366363901381,3.6574621200561523,0.01509
voxel_selected__sub-03,kmeans_K50,22,50,15,0.13761467889908258,0.29357798165137616,3.2052967725256427,3.6574621200561523,0.0
voxel_selected__sub-03,kmeans_K50,23,50,8,0.07339449541284404,0.21100917431192662,3.4034962811325626,3.6574621200561523,0.0
voxel_selected__sub-03,kmeans_K50,24,50,18,0.1651376146788991,0.3669724770642202,3.072387895239836,3.6574621200561523,0.0
voxel_selected__sub-03,kmeans_K50,25,50,12,0.11009174311926606,0.25688073394495414,3.2628131385939074,3.6574621200561523,0.0
voxel_selected__sub-03,kmeans_K50,26,50,13,0.11926605504587157,0.29357798165137616,3.2281610921173987,3.6574621200561523,0.0
voxel_selected__sub-03,kmeans_K50,27,50,13,0.11926605504587157,0.28440366972477066,3.1478230180907065,3.6574621200561523,0.0
voxel_selected__sub-03,kmeans_K50,28,50,7,0.06422018348623854,0.1834862385321101,3.4302654348413046,3.6574621200561523,5e-05
voxel_selected__sub-03,kmeans_K50,29,50,9,0.08256880733944955,0.2018348623853211,3.3778110445362652,3.6574621200561523,0.0
voxel_selected__sub-03,kmeans_K50,30,50,19,0.1743119266055046,0.45871559633027525,2.7236199218543558,3.6574621200561523,0.0
voxel_selected__sub-03,kmeans_K50,31,50,12,0.11009174311926606,0.22935779816513763,3.377175985187257,3.6574621200561523,0.0
voxel_selected__sub-03,kmeans_K50,32,50,7,0.06422018348623854,0.1743119266055046,3.4734868592803996,3.6574621200561523,0.00048
voxel_selected__sub-03,kmeans_K50,33,50,10,0.09174311926605505,0.23853211009174313,3.285665552780026,3.6574621200561523,0.0
voxel_selected__sub-04,kmeans_K15,0,15,14,0.12844036697247707,0.3486238532110092,2.499098764813253,2.642012596130371,7e-05
voxel_selected__sub-04,kmeans_K15,1,15,32,0.29357798165137616,0.5412844036697247,2.280650901296614,2.642012596130371,0.0
voxel_selected__sub-04,kmeans_K15,2,15,35,0.3211009174311927,0.6238532110091743,2.133906960916422,2.642012596130371,0.0
voxel_selected__sub-04,kmeans_K15,3,15,21,0.1926605504587156,0.45871559633027525,2.4547725380935432,2.642012596130371,0.0
voxel_selected__sub-04,kmeans_K15,4,15,16,0.14678899082568808,0.3944954128440367,2.4580879737087153,2.642012596130371,0.0
voxel_selected__sub-04,kmeans_K15,5,15,25,0.22935779816513763,0.5963302752293578,2.0245473518577466,2.642012596130371,0.0
voxel_selected__sub-04,kmeans_K15,6,15,29,0.26605504587155965,0.4954128440366973,2.3104880495047158,2.642012596130371,0.0
voxel_selected__sub-04,kmeans_K15,7,15,25,0.22935779816513763,0.47706422018348627,2.427885417906777,2.642012596130371,0.0
voxel_selected__sub-04,kmeans_K15,8,15,30,0.27522935779816515,0.4954128440366973,2.354390536040622,2.642012596130371,0.0
voxel_selected__sub-04,kmeans_K15,9,15,42,0.3853211009174312,0.5688073394495413,2.132676910479605,2.642012596130371,0.0
voxel_selected__sub-04,kmeans_K15,10,15,15,0.13761467889908258,0.3486238532110092,2.5667799334146757,2.642012596130371,0.00849
voxel_selected__sub-04,kmeans_K15,11,15,18,0.1651376146788991,0.3944954128440367,2.5318070751628814,2.642012596130371,0.00079
voxel_selected__sub-04,kmeans_K15,12,15,23,0.21100917431192662,0.48623853211009177,2.263980097959137,2.642012596130371,0.0
voxel_selected__sub-04,kmeans_K15,13,15,17,0.1559633027522936,0.4036697247706422,2.4931903349630318,2.642012596130371,5e-05
voxel_selected__sub-04,kmeans_K15,14,15,25,0.22935779816513763,0.5321100917431193,2.284717176532974,2.642012596130371,0.0
voxel_selected__sub-04,kmeans_K15,15,15,16,0.14678899082568808,0.4036697247706422,2.377350311080701,2.642012596130371,0.0
voxel_selected__sub-04,kmeans_K15,16,15,37,0.3394495412844037,0.6513761467889908,1.9774318551499435,2.642012596130371,0.0
voxel_selected__sub-04,kmeans_K15,17,15,25,0.22935779816513763,0.42201834862385323,2.482605010359944,2.642012596130371,0.0
voxel_selected__sub-04,kmeans_K15,18,15,21,0.1926605504587156,0.44954128440366975,2.4306575329154025,2.642012596130371,0.0
voxel_selected__sub-04,kmeans_K15,19,15,23,0.21100917431192662,0.5596330275229358,2.2053719213736476,2.642012596130371,0.0
voxel_selected__sub-04,kmeans_K15,20,15,16,0.14678899082568808,0.3669724770642202,2.55270399912471,2.642012596130371,0.0035
voxel_selected__sub-04,kmeans_K15,21,15,16,0.14678899082568808,0.4036697247706422,2.4917974699283216,2.642012596130371,5e-05
voxel_selected__sub-04,kmeans_K15,22,15,28,0.25688073394495414,0.5229357798165137,2.3819756304695145,2.642012596130371,0.0
voxel_selected__sub-04,kmeans_K15,23,15,20,0.1834862385321101,0.5137614678899083,2.2840507478817336,2.642012596130371,0.0
voxel_selected__sub-04,kmeans_K15,24,15,28,0.25688073394495414,0.5688073394495413,2.194264312213742,2.642012596130371,0.0
voxel_selected__sub-04,kmeans_K15,25,15,19,0.1743119266055046,0.47706422018348627,2.32513900853143,2.642012596130371,0.0
voxel_selected__sub-04,kmeans_K15,26,15,25,0.22935779816513763,0.6146788990825688,2.1837774300761703,2.642012596130371,0.0
voxel_selected__sub-04,kmeans_K15,27,15,25,0.22935779816513763,0.5504587155963303,2.231782631499848,2.642012596130371,0.0
voxel_selected__sub-04,kmeans_K15,28,15,20,0.1834862385321101,0.44036697247706424,2.430269958652081,2.642012596130371,0.0
voxel_selected__sub-04,kmeans_K15,29,15,12,0.11009174311926606,0.30275229357798167,2.603353621346693,2.642012596130371,0.07533
voxel_selected__sub-04,kmeans_K15,30,15,26,0.23853211009174313,0.5963302752293578,2.0612399038564133,2.642012596130371,0.0
voxel_selected__sub-04,kmeans_K15,31,15,18,0.1651376146788991,0.45871559633027525,2.4331123443886185,2.642012596130371,0.0
voxel_selected__sub-04,kmeans_K15,32,15,18,0.1651376146788991,0.44954128440366975,2.45996702452054,2.642012596130371,0.0
voxel_selected__sub-04,kmeans_K15,33,15,18,0.1651376146788991,0.44036697247706424,2.381125777075005,2.642012596130371,0.0
voxel_selected__sub-04,kmeans_K27,0,27,11,0.10091743119266056,0.26605504587155965,2.9846814279596137,3.1689705848693848,4e-05
voxel_selected__sub-04,kmeans_K27,1,27,19,0.1743119266055046,0.3761467889908257,2.746973548774673,3.1689705848693848,0.0
voxel_selected__sub-04,kmeans_K27,2,27,22,0.2018348623853211,0.5137614678899083,2.453492232637221,3.1689705848693848,0.0
voxel_selected__sub-04,kmeans_K27,3,27,14,0.12844036697247707,0.3119266055045872,2.965892570684675,3.1689705848693848,1e-05
voxel_selected__sub-04,kmeans_K27,4,27,16,0.14678899082568808,0.3761467889908257,2.792567914371781,3.1689705848693848,0.0
voxel_selected__sub-04,kmeans_K27,5,27,21,0.1926605504587156,0.45871559633027525,2.369339401746431,3.1689705848693848,0.0
voxel_selected__sub-04,kmeans_K27,6,27,19,0.1743119266055046,0.42201834862385323,2.712299954055452,3.1689705848693848,0.0
voxel_selected__sub-04,kmeans_K27,7,27,14,0.12844036697247707,0.3577981651376147,2.881494167183113,3.1689705848693848,0.0
voxel_selected__sub-04,kmeans_K27,8,27,15,0.13761467889908258,0.3394495412844037,2.8898423811227976,3.1689705848693848,0.0
voxel_selected__sub-04,kmeans_K27,9,27,29,0.26605504587155965,0.5871559633027523,2.362807751472642,3.1689705848693848,0.0
voxel_selected__sub-04,kmeans_K27,10,27,10,0.09174311926605505,0.24770642201834864,3.0877725702132497,3.1689705848693848,0.02248
voxel_selected__sub-04,kmeans_K27,11,27,12,0.11009174311926606,0.30275229357798167,3.013234385497842,3.1689705848693848,0.00035
voxel_selected__sub-04,kmeans_K27,12,27,16,0.14678899082568808,0.3302752293577982,2.781116508742479,3.1689705848693848,0.0
voxel_selected__sub-04,kmeans_K27,13,27,16,0.14678899082568808,0.3211009174311927,2.964515018795117,3.1689705848693848,1e-05
voxel_selected__sub-04,kmeans_K27,14,27,18,0.1651376146788991,0.3761467889908257,2.740644580316684,3.1689705848693848,0.0
voxel_selected__sub-04,kmeans_K27,15,27,10,0.09174311926605505,0.26605504587155965,2.876277588592175,3.1689705848693848,0.0
voxel_selected__sub-04,kmeans_K27,16,27,30,0.27522935779816515,0.5412844036697247,2.4692988237561,3.1689705848693848,0.0
voxel_selected__sub-04,kmeans_K27,17,27,14,0.12844036697247707,0.3119266055045872,3.02564264810883,3.1689705848693848,0.00073
voxel_selected__sub-04,kmeans_K27,18,27,16,0.14678899082568808,0.3669724770642202,2.850472027541307,3.1689705848693848,0.0
voxel_selected__sub-04,kmeans_K27,19,27,17,0.1559633027522936,0.43119266055045874,2.601874509229836,3.1689705848693848,0.0
voxel_selected__sub-04,kmeans_K27,20,27,11,0.10091743119266056,0.26605504587155965,3.045404141709755,3.1689705848693848,0.00212
voxel_selected__sub-04,kmeans_K27,21,27,15,0.13761467889908258,0.30275229357798167,2.9308279165326607,3.1689705848693848,0.0
voxel_selected__sub-04,kmeans_K27,22,27,23,0.21100917431192662,0.41284403669724773,2.8280177858438886,3.1689705848693848,0.0
voxel_selected__sub-04,kmeans_K27,23,27,12,0.11009174311926606,0.30275229357798167,2.93169380373129,3.1689705848693848,0.0
voxel_selected__sub-04,kmeans_K27,24,27,15,0.13761467889908258,0.3761467889908257,2.7147461071896197,3.1689705848693848,0.0
voxel_selected__sub-04,kmeans_K27,25,27,14,0.12844036697247707,0.3211009174311927,2.9145179051880183,3.1689705848693848,0.0
voxel_selected__sub-04,kmeans_K27,26,27,17,0.1559633027522936,0.46788990825688076,2.644175032447229,3.1689705848693848,0.0
voxel_selected__sub-04,kmeans_K27,27,27,18,0.1651376146788991,0.4036697247706422,2.800807567209554,3.1689705848693848,0.0
voxel_selected__sub-04,kmeans_K27,28,27,16,0.14678899082568808,0.3486238532110092,2.8748257539738495,3.1689705848693848,0.0
voxel_selected__sub-04,kmeans_K27,29,27,9,0.08256880733944955,0.22018348623853212,3.109088773621194,3.1689705848693848,0.06024
voxel_selected__sub-04,kmeans_K27,30,27,23,0.21100917431192662,0.46788990825688076,2.52748488529596,3.1689705848693848,0.0
voxel_selected__sub-04,kmeans_K27,31,27,13,0.11926605504587157,0.3119266055045872,2.824772569115444,3.1689705848693848,0.0
voxel_selected__sub-04,kmeans_K27,32,27,11,0.10091743119266056,0.27522935779816515,3.021787300051945,3.1689705848693848,0.00056
voxel_selected__sub-04,kmeans_K27,33,27,12,0.11009174311926606,0.29357798165137616,2.8872601438200394,3.1689705848693848,0.0
voxel_selected__sub-04,kmeans_K50,0,50,9,0.08256880733944955,0.2018348623853211,3.4334846737862104,3.6574621200561523,5e-05
voxel_selected__sub-04,kmeans_K50,1,50,15,0.13761467889908258,0.28440366972477066,3.2370700187717474,3.6574621200561523,0.0
voxel_selected__sub-04,kmeans_K50,2,50,20,0.1834862385321101,0.3944954128440367,2.906357093081859,3.6574621200561523,0.0
voxel_selected__sub-04,kmeans_K50,3,50,9,0.08256880733944955,0.22935779816513763,3.4336489404406434,3.6574621200561523,5e-05
voxel_selected__sub-04,kmeans_K50,4,50,12,0.11009174311926606,0.25688073394495414,3.199590621407718,3.6574621200561523,0.0
voxel_selected__sub-04,kmeans_K50,5,50,15,0.13761467889908258,0.3577981651376147,2.869130530836171,3.6574621200561523,0.0
voxel_selected__sub-04,kmeans_K50,6,50,20,0.1834862385321101,0.3211009174311927,3.2018682749634717,3.6574621200561523,0.0
voxel_selected__sub-04,kmeans_K50,7,50,15,0.13761467889908258,0.3119266055045872,3.2351208985248574,3.6574621200561523,0.0
voxel_selected__sub-04,kmeans_K50,8,50,13,0.11926605504587157,0.28440366972477066,3.2123428309730846,3.6574621200561523,0.0
voxel_selected__sub-04,kmeans_K50,9,50,23,0.21100917431192662,0.42201834862385323,2.9036100739742183,3.6574621200561523,0.0
voxel_selected__sub-04,kmeans_K50,10,50,7,0.06422018348623854,0.1743119266055046,3.505242656260628,3.6574621200561523,0.00252
voxel_selected__sub-04,kmeans_K50,11,50,12,0.11009174311926606,0.23853211009174313,3.3851956658180757,3.6574621200561523,0.0
voxel_selected__sub-04,kmeans_K50,12,50,10,0.09174311926605505,0.22018348623853212,3.2765804540656083,3.6574621200561523,0.0
voxel_selected__sub-04,kmeans_K50,13,50,12,0.11009174311926606,0.22018348623853212,3.4036605477869957,3.6574621200561523,0.0
voxel_selected__sub-04,kmeans_K50,14,50,12,0.11009174311926606,0.28440366972477066,3.2124731849531587,3.6574621200561523,0.0
voxel_selected__sub-04,kmeans_K50,15,50,8,0.07339449541284404,0.21100917431192662,3.3506739733216415,3.6574621200561523,0.0
voxel_selected__sub-04,kmeans_K50,16,50,17,0.1559633027522936,0.3577981651376147,2.967005950434255,3.6574621200561523,0.0
voxel_selected__sub-04,kmeans_K50,17,50,8,0.07339449541284404,0.1834862385321101,3.5765877292663317,3.6574621200561523,0.05597
voxel_selected__sub-04,kmeans_K50,18,50,11,0.10091743119266056,0.26605504587155965,3.295337555349886,3.6574621200561523,0.0
voxel_selected__sub-04,kmeans_K50,19,50,12,0.11009174311926606,0.29357798165137616,3.025881563190816,3.6574621200561523,0.0
voxel_selected__sub-04,kmeans_K50,20,50,9,0.08256880733944955,0.1834862385321101,3.56093373477645,3.6574621200561523,0.03112
voxel_selected__sub-04,kmeans_K50,21,50,11,0.10091743119266056,0.23853211009174313,3.240667952717801,3.6574621200561523,0.0
voxel_selected__sub-04,kmeans_K50,22,50,12,0.11009174311926606,0.27522935779816515,3.375594782446249,3.6574621200561523,0.0
voxel_selected__sub-04,kmeans_K50,23,50,10,0.09174311926605505,0.24770642201834864,3.209786130168567,3.6574621200561523,0.0
voxel_selected__sub-04,kmeans_K50,24,50,16,0.14678899082568808,0.27522935779816515,3.200904682305598,3.6574621200561523,0.0
voxel_selected__sub-04,kmeans_K50,25,50,10,0.09174311926605505,0.22018348623853212,3.3295220365681297,3.6574621200561523,0.0
voxel_selected__sub-04,kmeans_K50,26,50,14,0.12844036697247707,0.3302752293577982,3.161534026930899,3.6574621200561523,0.0
voxel_selected__sub-04,kmeans_K50,27,50,15,0.13761467889908258,0.3302752293577982,3.2252626010422007,3.6574621200561523,0.0
voxel_selected__sub-04,kmeans_K50,28,50,10,0.09174311926605505,0.21100917431192662,3.335268621646041,3.6574621200561523,0.0
voxel_selected__sub-04,kmeans_K50,29,50,8,0.07339449541284404,0.1926605504587156,3.428297815565571,3.6574621200561523,5e-05
voxel_selected__sub-04,kmeans_K50,30,50,14,0.12844036697247707,0.3119266055045872,2.977730758547489,3.6574621200561523,0.0
voxel_selected__sub-04,kmeans_K50,31,50,8,0.07339449541284404,0.21100917431192662,3.3169955490285106,3.6574621200561523,0.0
voxel_selected__sub-04,kmeans_K50,32,50,6,0.05504587155963303,0.14678899082568808,3.5027198681304688,3.6574621200561523,0.00226
voxel_selected__sub-04,kmeans_K50,33,50,8,0.07339449541284404,0.21100917431192662,3.3319869414724272,3.6574621200561523,0.0
voxel_selected__sub-05,kmeans_K15,0,15,12,0.11009174311926606,0.3119266055045872,2.5957740271827587,2.642012596130371,0.0489
voxel_selected__sub-05,kmeans_K15,1,15,33,0.30275229357798167,0.5229357798165137,2.3491878051484596,2.642012596130371,0.0
voxel_selected__sub-05,kmeans_K15,2,15,41,0.3761467889908257,0.6605504587155964,1.9621750284474457,2.642012596130371,0.0
voxel_selected__sub-05,kmeans_K15,3,15,18,0.1651376146788991,0.4036697247706422,2.431045335093662,2.642012596130371,0.0
voxel_selected__sub-05,kmeans_K15,4,15,16,0.14678899082568808,0.4036697247706422,2.486240386209875,2.642012596130371,3e-05
voxel_selected__sub-05,kmeans_K15,5,15,27,0.24770642201834864,0.6697247706422018,2.0245076425818653,2.642012596130371,0.0
voxel_selected__sub-05,kmeans_K15,6,15,31,0.28440366972477066,0.5412844036697247,2.309448476974224,2.642012596130371,0.0
voxel_selected__sub-05,kmeans_K15,7,15,16,0.14678899082568808,0.3577981651376147,2.520983007349009,2.642012596130371,0.00034
voxel_selected__sub-05,kmeans_K15,8,15,27,0.24770642201834864,0.5412844036697247,2.3182007422608475,2.642012596130371,0.0
voxel_selected__sub-05,kmeans_K15,9,15,38,0.3486238532110092,0.6330275229357798,2.082608530940191,2.642012596130371,0.0
voxel_selected__sub-05,kmeans_K15,10,15,17,0.1559633027522936,0.3486238532110092,2.60174092781345,2.642012596130371,0.06867
voxel_selected__sub-05,kmeans_K15,11,15,27,0.24770642201834864,0.44036697247706424,2.4508718323750407,2.642012596130371,0.0
voxel_selected__sub-05,kmeans_K15,12,15,22,0.2018348623853211,0.4954128440366973,2.277776293370269,2.642012596130371,0.0
voxel_selected__sub-05,kmeans_K15,13,15,14,0.12844036697247707,0.3577981651376147,2.552877993511439,2.642012596130371,0.00351
voxel_selected__sub-05,kmeans_K15,14,15,18,0.1651376146788991,0.44036697247706424,2.443057218057426,2.642012596130371,0.0
voxel_selected__sub-05,kmeans_K15,15,15,21,0.1926605504587156,0.42201834862385323,2.4825711615911628,2.642012596130371,0.0
voxel_selected__sub-05,kmeans_K15,16,15,24,0.22018348623853212,0.6422018348623854,2.10283286998979,2.642012596130371,0.0
voxel_selected__sub-05,kmeans_K15,17,15,25,0.22935779816513763,0.42201834862385323,2.5029269148823228,2.642012596130371,7e-05
voxel_selected__sub-05,kmeans_K15,18,15,23,0.21100917431192662,0.47706422018348627,2.401498657342437,2.642012596130371,0.0
voxel_selected__sub-05,kmeans_K15,19,15,23,0.21100917431192662,0.5963302752293578,2.1790121479041007,2.642012596130371,0.0
voxel_selected__sub-05,kmeans_K15,20,15,14,0.12844036697247707,0.3211009174311927,2.6031150719634932,2.642012596130371,0.07434
voxel_selected__sub-05,kmeans_K15,21,15,18,0.1651376146788991,0.41284403669724773,2.523246640368046,2.642012596130371,0.0004
voxel_selected__sub-05,kmeans_K15,22,15,22,0.2018348623853211,0.48623853211009177,2.3260385926544926,2.642012596130371,0.0
voxel_selected__sub-05,kmeans_K15,23,15,28,0.25688073394495414,0.5045871559633027,2.2484371443677142,2.642012596130371,0.0
voxel_selected__sub-05,kmeans_K15,24,15,28,0.25688073394495414,0.5229357798165137,2.3714547309408913,2.642012596130371,0.0
voxel_selected__sub-05,kmeans_K15,25,15,22,0.2018348623853211,0.41284403669724773,2.4782630608425373,2.642012596130371,0.0
voxel_selected__sub-05,kmeans_K15,26,15,30,0.27522935779816515,0.5963302752293578,2.142847700719189,2.642012596130371,0.0
voxel_selected__sub-05,kmeans_K15,27,15,29,0.26605504587155965,0.6238532110091743,2.2141007735265874,2.642012596130371,0.0
voxel_selected__sub-05,kmeans_K15,28,15,19,0.1743119266055046,0.4036697247706422,2.510093722000245,2.642012596130371,0.00012
voxel_selected__sub-05,kmeans_K15,29,15,18,0.1651376146788991,0.47706422018348627,2.3979470150742097,2.642012596130371,0.0
voxel_selected__sub-05,kmeans_K15,30,15,25,0.22935779816513763,0.5596330275229358,2.1232821364361345,2.642012596130371,0.0
voxel_selected__sub-05,kmeans_K15,31,15,24,0.22018348623853212,0.44036697247706424,2.461890017532227,2.642012596130371,0.0
voxel_selected__sub-05,kmeans_K15,32,15,19,0.1743119266055046,0.41284403669724773,2.5390059829806058,2.642012596130371,0.00127
voxel_selected__sub-05,kmeans_K15,33,15,18,0.1651376146788991,0.3761467889908257,2.5205584278548603,2.642012596130371,0.00033
voxel_selected__sub-05,kmeans_K27,0,27,11,0.10091743119266056,0.26605504587155965,3.0356114489865385,3.1689705848693848,0.0013
voxel_selected__sub-05,kmeans_K27,1,27,22,0.2018348623853211,0.46788990825688076,2.651180514589578,3.1689705848693848,0.0
voxel_selected__sub-05,kmeans_K27,2,27,37,0.3394495412844037,0.5229357798165137,2.452654301595725,3.1689705848693848,0.0
voxel_selected__sub-05,kmeans_K27,3,27,14,0.12844036697247707,0.3211009174311927,2.8953436811413225,3.1689705848693848,0.0
voxel_selected__sub-05,kmeans_K27,4,27,13,0.11926605504587157,0.3302752293577982,2.9333202338153312,3.1689705848693848,0.0
voxel_selected__sub-05,kmeans_K27,5,27,22,0.2018348623853211,0.41284403669724773,2.5826954409922256,3.1689705848693848,0.0
voxel_selected__sub-05,kmeans_K27,6,27,29,0.26605504587155965,0.3944954128440367,2.8325843606735335,3.1689705848693848,0.0
voxel_selected__sub-05,kmeans_K27,7,27,11,0.10091743119266056,0.29357798165137616,2.933136867053066,3.1689705848693848,0.0
voxel_selected__sub-05,kmeans_K27,8,27,18,0.1651376146788991,0.3577981651376147,2.7966596341385244,3.1689705848693848,0.0
voxel_selected__sub-05,kmeans_K27,9,27,34,0.3119266055045872,0.47706422018348627,2.6538963407739855,3.1689705848693848,0.0
voxel_selected__sub-05,kmeans_K27,10,27,9,0.08256880733944955,0.22935779816513763,3.143961984120604,3.1689705848693848,0.22874
voxel_selected__sub-05,kmeans_K27,11,27,18,0.1651376146788991,0.3486238532110092,2.9212671014220346,3.1689705848693848,0.0
voxel_selected__sub-05,kmeans_K27,12,27,16,0.14678899082568808,0.3669724770642202,2.812686104137134,3.1689705848693848,0.0
voxel_selected__sub-05,kmeans_K27,13,27,14,0.12844036697247707,0.28440366972477066,3.0149491696552335,3.1689705848693848,0.0004
voxel_selected__sub-05,kmeans_K27,14,27,15,0.13761467889908258,0.3944954128440367,2.78817925424421,3.1689705848693848,0.0
voxel_selected__sub-05,kmeans_K27,15,27,12,0.11009174311926606,0.26605504587155965,3.0619230669625197,3.1689705848693848,0.0057
voxel_selected__sub-05,kmeans_K27,16,27,20,0.1834862385321101,0.44954128440366975,2.6118300531457286,3.1689705848693848,0.0
voxel_selected__sub-05,kmeans_K27,17,27,17,0.1559633027522936,0.3302752293577982,2.9364669679186712,3.1689705848693848,0.0
voxel_selected__sub-05,kmeans_K27,18,27,15,0.13761467889908258,0.3394495412844037,2.9167945089808023,3.1689705848693848,0.0
voxel_selected__sub-05,kmeans_K27,19,27,18,0.1651376146788991,0.3577981651376147,2.807895390183517,3.1689705848693848,0.0
voxel_selected__sub-05,kmeans_K27,20,27,10,0.09174311926605505,0.23853211009174313,3.1222768134438086,3.1689705848693848,0.10387
voxel_selected__sub-05,kmeans_K27,21,27,10,0.09174311926605505,0.24770642201834864,3.0783185042299803,3.1689705848693848,0.01409
voxel_selected__sub-05,kmeans_K27,22,27,16,0.14678899082568808,0.3119266055045872,2.9052664402932282,3.1689705848693848,0.0
voxel_selected__sub-05,kmeans_K27,23,27,22,0.2018348623853211,0.48623853211009177,2.548165070526465,3.1689705848693848,0.0
voxel_selected__sub-05,kmeans_K27,24,27,22,0.2018348623853211,0.47706422018348627,2.6128174150622585,3.1689705848693848,0.0
voxel_selected__sub-05,kmeans_K27,25,27,17,0.1559633027522936,0.3302752293577982,2.9941915428412305,3.1689705848693848,9e-05
voxel_selected__sub-05,kmeans_K27,26,27,21,0.1926605504587156,0.45871559633027525,2.611452552683211,3.1689705848693848,0.0
voxel_selected__sub-05,kmeans_K27,27,27,20,0.1834862385321101,0.4954128440366973,2.5379547867265715,3.1689705848693848,0.0
voxel_selected__sub-05,kmeans_K27,28,27,14,0.12844036697247707,0.27522935779816515,3.0754682325539258,3.1689705848693848,0.01188
voxel_selected__sub-05,kmeans_K27,29,27,14,0.12844036697247707,0.3119266055045872,2.9776825391483452,3.1689705848693848,2e-05
voxel_selected__sub-05,kmeans_K27,30,27,16,0.14678899082568808,0.42201834862385323,2.3837965744096703,3.1689705848693848,0.0
voxel_selected__sub-05,kmeans_K27,31,27,10,0.09174311926605505,0.26605504587155965,3.019544910726728,3.1689705848693848,0.00051
voxel_selected__sub-05,kmeans_K27,32,27,10,0.09174311926605505,0.24770642201834864,3.1284098150564477,3.1689705848693848,0.13178
voxel_selected__sub-05,kmeans_K27,33,27,12,0.11009174311926606,0.27522935779816515,2.94348482195793,3.1689705848693848,0.0
voxel_selected__sub-05,kmeans_K50,0,50,6,0.05504587155963303,0.1559633027522936,3.6026189484373696,3.6574621200561523,0.1338
voxel_selected__sub-05,kmeans_K50,1,50,16,0.14678899082568808,0.3302752293577982,3.1882959962794715,3.6574621200561523,0.0
voxel_selected__sub-05,kmeans_K50,2,50,33,0.30275229357798167,0.48623853211009177,2.785655641389256,3.6574621200561523,0.0
voxel_selected__sub-05,kmeans_K50,3,50,9,0.08256880733944955,0.21100917431192662,3.3466728576391693,3.6574621200561523,0.0
voxel_selected__sub-05,kmeans_K50,4,50,10,0.09174311926605505,0.24770642201834864,3.347986918537049,3.6574621200561523,0.0
voxel_selected__sub-05,kmeans_K50,5,50,16,0.14678899082568808,0.3853211009174312,2.9062136334481967,3.6574621200561523,0.0
voxel_selected__sub-05,kmeans_K50,6,50,22,0.2018348623853211,0.3211009174311927,3.224592277462655,3.6574621200561523,0.0
voxel_selected__sub-05,kmeans_K50,7,50,9,0.08256880733944955,0.22935779816513763,3.3474097424139027,3.6574621200561523,0.0
voxel_selected__sub-05,kmeans_K50,8,50,10,0.09174311926605505,0.26605504587155965,3.361770633511656,3.6574621200561523,0.0
voxel_selected__sub-05,kmeans_K50,9,50,26,0.23853211009174313,0.44954128440366975,2.921707788967908,3.6574621200561523,0.0
voxel_selected__sub-05,kmeans_K50,10,50,7,0.06422018348623854,0.1834862385321101,3.483292443266645,3.6574621200561523,0.00081
voxel_selected__sub-05,kmeans_K50,11,50,11,0.10091743119266056,0.25688073394495414,3.469064062832664,3.6574621200561523,0.00038
voxel_selected__sub-05,kmeans_K50,12,50,12,0.11009174311926606,0.27522935779816515,3.1679990910819216,3.6574621200561523,0.0
voxel_selected__sub-05,kmeans_K50,13,50,7,0.06422018348623854,0.1743119266055046,3.488523243687148,3.6574621200561523,0.00105
voxel_selected__sub-05,kmeans_K50,14,50,18,0.1651376146788991,0.3394495412844037,3.1863258336316105,3.6574621200561523,0.0
voxel_selected__sub-05,kmeans_K50,15,50,7,0.06422018348623854,0.1834862385321101,3.546883927721686,3.6574621200561523,0.01738
voxel_selected__sub-05,kmeans_K50,16,50,15,0.13761467889908258,0.3761467889908257,2.9352154487498594,3.6574621200561523,0.0
voxel_selected__sub-05,kmeans_K50,17,50,12,0.11009174311926606,0.26605504587155965,3.4246917943871518,3.6574621200561523,5e-05
voxel_selected__sub-05,kmeans_K50,18,50,10,0.09174311926605505,0.23853211009174313,3.3164358221712398,3.6574621200561523,0.0
voxel_selected__sub-05,kmeans_K50,19,50,12,0.11009174311926606,0.30275229357798167,3.0961786673787968,3.6574621200561523,0.0
voxel_selected__sub-05,kmeans_K50,20,50,7,0.06422018348623854,0.1651376146788991,3.554432815657929,3.6574621200561523,0.02362
voxel_selected__sub-05,kmeans_K50,21,50,12,0.11009174311926606,0.23853211009174313,3.3664068085431365,3.6574621200561523,0.0
voxel_selected__sub-05,kmeans_K50,22,50,10,0.09174311926605505,0.24770642201834864,3.319921153196303,3.6574621200561523,0.0
voxel_selected__sub-05,kmeans_K50,23,50,13,0.11926605504587157,0.29357798165137616,3.073848773526273,3.6574621200561523,0.0
voxel_selected__sub-05,kmeans_K50,24,50,13,0.11926605504587157,0.29357798165137616,3.1792544740661306,3.6574621200561523,0.0
voxel_selected__sub-05,kmeans_K50,25,50,11,0.10091743119266056,0.24770642201834864,3.402785523593031,3.6574621200561523,0.0
voxel_selected__sub-05,kmeans_K50,26,50,14,0.12844036697247707,0.3486238532110092,2.9601931552429366,3.6574621200561523,0.0
voxel_selected__sub-05,kmeans_K50,27,50,21,0.1926605504587156,0.3394495412844037,3.107774712723314,3.6574621200561523,0.0
voxel_selected__sub-05,kmeans_K50,28,50,9,0.08256880733944955,0.22018348623853212,3.4651386453407147,3.6574621200561523,0.0003
voxel_selected__sub-05,kmeans_K50,29,50,10,0.09174311926605505,0.21100917431192662,3.395329783113186,3.6574621200561523,0.0
voxel_selected__sub-05,kmeans_K50,30,50,17,0.1559633027522936,0.42201834862385323,2.7700254339653214,3.6574621200561523,0.0
voxel_selected__sub-05,kmeans_K50,31,50,10,0.09174311926605505,0.25688073394495414,3.3229367412897597,3.6574621200561523,0.0
voxel_selected__sub-05,kmeans_K50,32,50,8,0.07339449541284404,0.21100917431192662,3.488358977032715,3.6574621200561523,0.00105
voxel_selected__sub-05,kmeans_K50,33,50,10,0.09174311926605505,0.23853211009174313,3.2441895977363706,3.6574621200561523,0.0
