stim_idx,stim_num_int,stimulus_num,video_path,video_exists,score_0,score_1,score_2,score_3,score_4,score_5,score_6,score_7,score_8,score_9,score_10,score_11,score_12,score_13,score_14,score_15,score_16,score_17,score_18,score_19,score_20,score_21,score_22,score_23,score_24,score_25,score_26,score_27,score_28,score_29,score_30,score_31,score_32,score_33,arousal_score,dominance_score,valence_score,approach_score,attention_score,certainty_score,commitment_score,control_score,effort_score,fairness_score,identity_score,obstruction_score,safety_score,upswing_score
0,1,stimulus_1,/pscratch/sd/s/sjmoon/EmoFM/videos/CowenEmotionVideos/0001.mp4,True,0.0,0.0,0.083333,0.0,0.083333,0.083333,0.083333,0.0,0.0,0.0,0.16667,0.0,0.0,0.16667,0.0,0.0,0.0,0.0,0.0,0.33333,0.083333,0.083333,0.41667,0.0,0.0,0.0,0.0,0.0,0.16667,0.0,0.0,0.25,0.0,0.0,5.5556,4.5556,2.2222,1.6667,6.1111,3.0,4.0,1.5556,4.1111,2.1111,4.3333,2.8889,1.3333,1.6667
1,2,stimulus_2,/pscratch/sd/s/sjmoon/EmoFM/videos/CowenEmotionVideos/0002.mp4,True,0.0,0.0,0.0,0.25,0.0,0.0,0.0,0.0,0.083333,0.0,0.25,0.0,0.0,0.0,0.0,0.0,0.0,0.0,0.083333,0.0,0.0,0.0,0.16667,0.0,0.5,0.0,0.0,0.083333,0.0,0.0,0.25,0.0,0.0,0.0,5.3333,5.1111,3.6667,3.7778,6.2222,4.6667,4.2222,4.7778,3.1111,4.2222,4.3333,4.1111,4.0,3.0
2,3,stimulus_3,/pscratch/sd/s/sjmoon/EmoFM/videos/CowenEmotionVideos/0003.mp4,True,0.083333,0.0,0.083333,0.66667,0.0,0.0,0.0,0.083333,0.0,0.0,0.0,0.0,0.0,0.0,0.0,0.0,0.0,0.0,0.0,0.0,0.0,0.0,0.0,0.0,0.0,0.0,0.0,0.0,0.0,0.0,0.33333,0.16667,0.33333,0.0,6.5556,4.8889,6.4444,6.1111,7.2222,6.0,6.0,4.5556,2.4444,4.1111,5.1111,3.2222,5.6667,5.2222
3,4,stimulus_4,/pscratch/sd/s/sjmoon/EmoFM/videos/CowenEmotionVideos/0004.mp4,True,0.0,0.0,0.0,0.75,0.0,0.0,0.0,0.083333,0.0,0.0,0.25,0.0,0.0,0.0,0.0,0.0,0.0,0.0,0.0,0.0,0.0,0.0,0.0,0.0,0.0,0.0,0.0,0.0,0.0,0.0,0.0,0.083333,0.0,0.0,4.3333,3.8889,5.1111,4.2222,5.1111,5.2222,4.2222,5.5556,2.3333,5.2222,5.6667,2.2222,6.2222,4.8889
4,5,stimulus_5,/pscratch/sd/s/sjmoon/EmoFM/videos/CowenEmotionVideos/0005.mp4,True,0.0,0.0,0.0,0.0,0.0,0.33333,0.0,0.0,0.0,0.0,0.41667,0.0,0.0,0.0,0.0,0.083333,0.0,0.0,0.0,0.083333,0.0,0.083333,0.083333,0.0,0.0,0.0,0.0,0.0,0.25,0.0,0.0,0.33333,0.0,0.0,6.7778,3.7778,2.5556,1.0,7.5556,3.0,4.4444,1.1111,4.0,3.2222,3.6667,4.0,1.0,1.3333
5,6,stimulus_6,/pscratch/sd/s/sjmoon/EmoFM/videos/CowenEmotionVideos/0006.mp4,True,0.0,0.083333,0.0,0.5,0.0,0.0,0.0,0.0,0.083333,0.0,0.083333,0.0,0.0,0.0,0.0,0.0,0.0,0.0,0.0,0.0,0.0,0.0,0.083333,0.25,0.66667,0.0,0.0,0.0,0.0,0.0,0.0,0.0,0.0,0.0,5.6667,5.4444,6.4444,5.7778,6.0,5.5556,5.3333,4.6667,2.7778,5.3333,4.6667,3.4444,5.8889,6.1111
6,7,stimulus_7,/pscratch/sd/s/sjmoon/EmoFM/videos/CowenEmotionVideos/0007.mp4,True,0.083333,0.0,0.41667,0.0,0.0,0.0,0.25,0.0,0.0,0.083333,0.25,0.0,0.0,0.0,0.083333,0.0,0.083333,0.0,0.0,0.0,0.0,0.0,0.33333,0.0,0.0,0.0,0.0,0.0,0.0,0.0,0.0,0.0,0.0,0.0,4.5556,4.3333,4.5556,3.3333,7.1111,5.4444,4.4444,5.5556,2.6667,4.6667,2.7778,2.4444,4.5556,5.0
7,8,stimulus_8,/pscratch/sd/s/sjmoon/EmoFM/videos/CowenEmotionVideos/0008.mp4,True,0.0,0.0,0.66667,0.0,0.0,0.083333,0.083333,0.0,0.083333,0.25,0.0,0.0,0.0,0.083333,0.083333,0.0,0.083333,0.0,0.0,0.0,0.0,0.0,0.25,0.0,0.0,0.0,0.0,0.0,0.083333,0.0,0.0,0.0,0.0,0.0,4.0,3.2222,6.7778,6.3333,6.1111,6.4444,4.1111,8.1111,1.7778,6.1111,3.8889,2.4444,7.7778,5.2222
8,9,stimulus_9,/pscratch/sd/s/sjmoon/EmoFM/videos/CowenEmotionVideos/0009.mp4,True,0.0,0.083333,0.0,0.0,0.0,0.0,0.0,0.0,0.083333,0.0,0.0,0.0,0.0,0.0,0.0,0.083333,0.0,0.0,0.0,0.0,0.0,0.083333,0.0,0.083333,0.0,0.0,0.083333,0.0,0.66667,0.083333,0.0,0.16667,0.33333,0.0,5.0,3.5556,3.3333,3.3333,6.6667,4.3333,6.5556,3.8889,4.4444,1.5556,4.5556,3.8889,3.1111,5.7778
9,10,stimulus_10,/pscratch/sd/s/sjmoon/EmoFM/videos/CowenEmotionVideos/0010.mp4,True,0.083333,0.0,0.0,0.0,0.0,0.0,0.0,0.0,0.0,0.0,0.0,0.0,0.0,0.0,0.0,0.0,0.0,0.0,0.16667,0.0,0.0,0.0,0.16667,0.0,0.0,0.0,0.0,0.25,0.0,0.083333,0.91667,0.083333,0.0,0.0,7.6667,5.7778,7.8889,7.3333,7.4444,6.3333,6.0,6.2222,3.2222,7.0,6.0,4.4444,6.2222,6.6667
10,11,stimulus_11,/pscratch/sd/s/sjmoon/EmoFM/videos/CowenEmotionVideos/0011.mp4,True,0.16667,0.16667,0.0,0.5,0.0,0.0,0.16667,0.0,0.0,0.0,0.0,0.0,0.0,0.0,0.0,0.0,0.083333,0.0,0.083333,0.0,0.0,0.0,0.083333,0.16667,0.0,0.0,0.0,0.0,0.0,0.16667,0.0,0.16667,0.0,0.0,6.7778,5.1111,7.6667,6.7778,6.6667,5.3333,5.1111,7.1111,2.0,6.0,4.3333,1.7778,6.2222,6.5556
11,12,stimulus_12,/pscratch/sd/s/sjmoon/EmoFM/videos/CowenEmotionVideos/0012.mp4,True,0.0,0.083333,0.0,0.33333,0.0,0.0,0.083333,0.0,0.0,0.0,0.083333,0.0,0.0,0.0,0.0,0.0,0.0,0.083333,0.25,0.0,0.0,0.0,0.16667,0.16667,0.16667,0.16667,0.0,0.0,0.0,0.083333,0.0,0.083333,0.0,0.16667,5.2222,6.2222,6.6667,5.6667,6.0,6.2222,5.0,7.0,1.3333,6.2222,7.1111,1.3333,6.4444,5.2222
12,13,stimulus_13,/pscratch/sd/s/sjmoon/EmoFM/videos/CowenEmotionVideos/0013.mp4,True,0.0,0.33333,0.0,0.58333,0.0,0.0,0.25,0.0,0.0,0.0,0.083333,0.0,0.0,0.083333,0.0,0.16667,0.0,0.0,0.0,0.0,0.0,0.0,0.083333,0.083333,0.0,0.0,0.0,0.0,0.083333,0.0,0.0,0.0,0.16667,0.0,6.8889,4.5556,8.4444,8.0,7.0,6.6667,7.1111,8.1111,2.1111,7.2222,4.8889,1.4444,7.5556,6.7778
13,14,stimulus_14,/pscratch/sd/s/sjmoon/EmoFM/videos/CowenEmotionVideos/0014.mp4,True,0.083333,0.083333,0.0,0.0,0.0,0.0,0.083333,0.0,0.0,0.0,0.0,0.0,0.0,0.0,0.0,0.083333,0.0,0.0,0.0,0.0,0.0,0.0,0.0,0.33333,0.0,0.083333,0.25,0.0,0.25,0.16667,0.0,0.0,0.41667,0.16667,5.8889,4.8889,6.0,6.5556,6.3333,6.2222,7.4444,6.5556,2.8889,6.0,5.8889,2.5556,6.2222,7.1111
14,15,stimulus_15,/pscratch/sd/s/sjmoon/EmoFM/videos/CowenEmotionVideos/0015.mp4,True,0.0,0.0,0.0,0.083333,0.0,0.41667,0.0,0.0,0.0,0.0,0.083333,0.0,0.0,0.0,0.0,0.083333,0.0,0.0,0.0,0.58333,0.0,0.16667,0.083333,0.0,0.0,0.0,0.16667,0.0,0.0,0.0,0.0,0.16667,0.083333,0.0,6.6667,4.5556,3.3333,1.8889,6.4444,4.5556,5.0,2.1111,2.4444,4.0,5.0,4.6667,3.1111,4.7778
15,16,stimulus_16,/pscratch/sd/s/sjmoon/EmoFM/videos/CowenEmotionVideos/0016.mp4,True,0.0,0.0,0.58333,0.0,0.0,0.16667,0.5,0.0,0.0,0.083333,0.0,0.0,0.0,0.0,0.0,0.0,0.083333,0.0,0.0,0.16667,0.0,0.0,0.25,0.0,0.0,0.0,0.0,0.0,0.0,0.0,0.0,0.0,0.0,0.0,7.1111,4.5556,6.8889,4.4444,7.3333,5.2222,4.4444,5.5556,2.3333,6.8889,4.0,1.6667,5.4444,6.0
16,17,stimulus_17,/pscratch/sd/s/sjmoon/EmoFM/videos/CowenEmotionVideos/0017.mp4,True,0.0,0.0,0.0,0.16667,0.0,0.0,0.0,0.0,0.083333,0.0,0.25,0.0,0.0,0.083333,0.0,0.0,0.0,0.0,0.16667,0.0,0.0,0.0,0.083333,0.25,0.0,0.083333,0.0,0.0,0.0,0.16667,0.0,0.0,0.0,0.16667,6.3333,5.2222,7.1111,7.5556,6.6667,5.5556,5.6667,7.5556,1.2222,8.0,6.8889,1.1111,7.2222,7.0
17,18,stimulus_18,/pscratch/sd/s/sjmoon/EmoFM/videos/CowenEmotionVideos/0018.mp4,True,0.0,0.0,0.0,0.16667,0.0,0.0,0.0,0.0,0.0,0.0,0.41667,0.0,0.0,0.0,0.33333,0.0,0.0,0.0,0.083333,0.083333,0.0,0.0,0.0,0.0,0.0,0.0,0.0,0.0,0.0,0.0,0.5,0.083333,0.0,0.0,6.2222,4.8889,3.1111,1.7778,4.0,3.1111,2.1111,4.2222,3.7778,4.7778,2.4444,3.1111,4.3333,3.5556
18,19,stimulus_19,/pscratch/sd/s/sjmoon/EmoFM/videos/CowenEmotionVideos/0019.mp4,True,0.0,0.0,0.083333,0.0,0.0,0.0,0.0,0.0,0.16667,0.083333,0.0,0.0,0.41667,0.0,0.0,0.0,0.16667,0.0,0.0,0.0,0.0,0.0,0.083333,0.0,0.0,0.0,0.0,0.0,0.0,0.083333,0.0,0.0,0.0,0.0,6.1111,4.5556,6.7778,6.8889,6.3333,6.6667,5.1111,8.4444,1.0,7.7778,6.0,2.4444,7.2222,6.2222
19,20,stimulus_20,/pscratch/sd/s/sjmoon/EmoFM/videos/CowenEmotionVideos/0020.mp4,True,0.0,0.0,0.58333,0.0,0.0,0.0,0.0,0.0,0.0,0.0,0.083333,0.0,0.0,0.0,0.0,0.0,0.41667,0.0,0.0,0.0,0.0,0.0,0.5,0.0,0.0,0.0,0.0,0.0,0.0,0.0,0.0,0.083333,0.0,0.0,6.4444,4.2222,6.4444,6.6667,7.1111,4.7778,4.8889,7.5556,2.3333,6.5556,5.1111,2.2222,6.6667,6.6667
20,21,stimulus_21,/pscratch/sd/s/sjmoon/EmoFM/videos/CowenEmotionVideos/0021.mp4,True,0.0,0.0,0.0,0.0,0.0,0.0,0.0,0.083333,0.083333,0.0,0.083333,0.0,0.0,0.0,0.41667,0.33333,0.0,0.0,0.0,0.25,0.0,0.33333,0.0,0.0,0.0,0.0,0.0,0.0,0.083333,0.0,0.0,0.16667,0.0,0.0,6.3333,4.7778,1.7778,1.0,5.3333,3.6667,3.6667,1.4444,6.2222,3.1111,3.3333,4.1111,2.3333,1.5556
21,22,stimulus_22,/pscratch/sd/s/sjmoon/EmoFM/videos/CowenEmotionVideos/0022.mp4,True,0.083333,0.0,0.083333,0.083333,0.0,0.0,0.16667,0.0,0.0,0.0,0.0,0.0,0.0,0.0,0.0,0.16667,0.16667,0.0,0.25,0.083333,0.0,0.0,0.083333,0.0,0.0,0.0,0.0,0.0,0.0,0.083333,0.0,0.083333,0.083333,0.33333,7.3333,6.3333,4.7778,3.1111,6.2222,5.8889,4.1111,5.8889,1.8889,5.7778,3.7778,1.7778,5.0,5.7778
22,23,stimulus_23,/pscratch/sd/s/sjmoon/EmoFM/videos/CowenEmotionVideos/0023.mp4,True,0.0,0.0,0.41667,0.0,0.0,0.0,0.083333,0.0,0.0,0.0,0.0,0.0,0.0,0.0,0.0,0.0,0.25,0.0,0.0,0.0,0.0,0.0,0.33333,0.0,0.0,0.0,0.0,0.0,0.0,0.083333,0.0,0.083333,0.0,0.0,6.2222,4.8889,7.3333,7.1111,7.2222,7.0,4.8889,7.8889,1.1111,6.3333,4.5556,1.2222,7.5556,6.6667
23,24,stimulus_24,/pscratch/sd/s/sjmoon/EmoFM/videos/CowenEmotionVideos/0024.mp4,True,0.0,0.083333,0.0,0.083333,0.083333,0.0,0.0,0.0,0.0,0.0,0.25,0.0,0.0,0.0,0.0,0.16667,0.0,0.0,0.0,0.083333,0.0,0.16667,0.0,0.083333,0.0,0.0,0.16667,0.0,0.25,0.083333,0.0,0.16667,0.083333,0.083333,5.7778,4.8889,3.8889,3.8889,5.8889,3.5556,4.0,3.3333,3.3333,4.2222,3.3333,3.6667,3.6667,3.2222
24,25,stimulus_25,/pscratch/sd/s/sjmoon/EmoFM/videos/CowenEmotionVideos/0025.mp4,True,0.0,0.0,0.0,0.0,0.0,0.58333,0.0,0.083333,0.0,0.0,0.0,0.0,0.0,0.0,0.0,0.0,0.25,0.0,0.083333,0.75,0.0,0.0,0.0,0.0,0.0,0.0,0.083333,0.0,0.0,0.0,0.0,0.0,0.0,0.0,5.4444,4.2222,2.8889,2.0,6.6667,2.8889,2.4444,4.3333,5.4444,3.8889,2.0,5.2222,1.7778,6.2222
25,26,stimulus_26,/pscratch/sd/s/sjmoon/EmoFM/videos/CowenEmotionVideos/0026.mp4,True,0.0,0.083333,0.66667,0.0,0.0,0.083333,0.25,0.0,0.0,0.33333,0.0,0.0,0.0,0.0,0.0,0.0,0.25,0.0,0.083333,0.0,0.0,0.0,0.0,0.16667,0.0,0.0,0.083333,0.0,0.0,0.25,0.0,0.0,0.0,0.0,5.2222,4.8889,8.0,8.1111,7.3333,7.2222,4.5556,7.8889,1.5556,7.0,4.5556,4.0,7.0,7.2222
26,27,stimulus_27,/pscratch/sd/s/sjmoon/EmoFM/videos/CowenEmotionVideos/0027.mp4,True,0.0,0.0,0.0,0.58333,0.0,0.0,0.0,0.16667,0.0,0.0,0.0,0.0,0.0,0.0,0.0,0.25,0.0,0.0,0.0,0.16667,0.083333,0.0,0.0,0.0,0.0,0.0,0.0,0.0,0.083333,0.0,0.0,0.25,0.41667,0.0,5.8889,4.1111,2.7778,2.6667,5.0,3.6667,5.5556,2.1111,3.6667,2.8889,4.7778,4.6667,2.5556,1.8889
27,28,stimulus_28,/pscratch/sd/s/sjmoon/EmoFM/videos/CowenEmotionVideos/0028.mp4,True,0.0,0.0,0.0,0.0,0.0,0.083333,0.0,0.0,0.0,0.0,0.33333,0.0,0.0,0.0,0.83333,0.16667,0.0,0.0,0.0,0.25,0.0,0.25,0.0,0.0,0.0,0.0,0.0,0.0,0.0,0.0,0.0,0.0,0.0,0.0,5.3333,3.2222,1.4444,1.6667,4.0,3.3333,2.1111,3.1111,6.7778,3.3333,1.6667,4.3333,1.4444,2.3333
28,29,stimulus_29,/pscratch/sd/s/sjmoon/EmoFM/videos/CowenEmotionVideos/0029.mp4,True,0.0,0.0,0.41667,0.33333,0.0,0.0,0.5,0.0,0.0,0.0,0.0,0.0,0.0,0.0,0.0,0.0,0.0,0.0,0.25,0.0,0.0,0.0,0.25,0.083333,0.0,0.0,0.0,0.0,0.0,0.083333,0.0,0.16667,0.0,0.0,6.3333,5.2222,6.8889,7.0,6.7778,5.8889,5.3333,6.6667,1.7778,6.4444,4.8889,3.6667,4.7778,7.4444
29,30,stimulus_30,/pscratch/sd/s/sjmoon/EmoFM/videos/CowenEmotionVideos/0030.mp4,True,0.0,0.0,0.0,0.083333,0.0,0.16667,0.0,0.0,0.0,0.0,0.16667,0.0,0.0,0.0,0.83333,0.0,0.0,0.0,0.0,0.25,0.0,0.16667,0.0,0.0,0.0,0.0,0.0,0.0,0.0,0.0,0.083333,0.25,0.0,0.0,6.1111,3.2222,1.8889,1.5556,5.1111,3.1111,3.2222,3.3333,6.5556,4.3333,2.4444,5.7778,2.5556,3.5556
30,31,stimulus_31,/pscratch/sd/s/sjmoon/EmoFM/videos/CowenEmotionVideos/0031.mp4,True,0.0,0.0,0.0,0.1,0.1,0.3,0.0,0.0,0.1,0.0,0.1,0.1,0.0,0.0,0.1,0.0,0.0,0.0,0.0,0.0,0.0,0.1,0.2,0.0,0.0,0.0,0.1,0.0,0.0,0.0,0.0,0.3,0.0,0.0,6.0,3.8889,3.2222,2.0,6.1111,2.7778,5.1111,2.8889,4.1111,3.6667,5.1111,5.2222,1.8889,4.6667
31,32,stimulus_32,/pscratch/sd/s/sjmoon/EmoFM/videos/CowenEmotionVideos/0032.mp4,True,0.3,0.0,0.1,0.4,0.0,0.0,0.3,0.1,0.1,0.0,0.1,0.0,0.0,0.0,0.0,0.0,0.0,0.0,0.0,0.0,0.0,0.0,0.2,0.0,0.0,0.0,0.0,0.0,0.0,0.2,0.0,0.1,0.0,0.2,5.8889,4.6667,5.8889,5.1111,6.1111,4.6667,5.5556,6.7778,3.0,5.2222,5.2222,3.5556,4.3333,6.6667
32,33,stimulus_33,/pscratch/sd/s/sjmoon/EmoFM/videos/CowenEmotionVideos/0033.mp4,True,0.0,0.0,0.1,0.0,0.0,0.0,0.0,0.0,0.3,0.0,0.1,0.0,0.0,0.0,0.0,0.0,0.0,0.0,0.0,0.0,0.0,0.0,0.5,0.0,0.0,0.0,0.0,0.0,0.0,0.0,0.0,0.0,0.0,0.0,5.8889,4.4444,6.3333,6.5556,6.2222,5.8889,5.3333,6.8889,2.6667,6.8889,5.5556,2.7778,6.7778,6.4444
33,34,stimulus_34,/pscratch/sd/s/sjmoon/EmoFM/videos/CowenEmotionVideos/0034.mp4,True,0.0,0.0,0.0,0.0,0.0,0.0,0.0,0.0,0.3,0.0,0.0,0.0,0.0,0.0,0.0,0.0,0.1,0.0,0.0,0.0,0.0,0.0,0.6,0.0,0.0,0.0,0.0,0.0,0.0,0.1,0.0,0.1,0.0,0.0,5.8889,4.6667,6.1111,6.0,6.6667,6.3333,5.8889,8.1111,2.0,6.6667,5.3333,3.7778,7.3333,6.8889
34,35,stimulus_35,/pscratch/sd/s/sjmoon/EmoFM/videos/CowenEmotionVideos/0035.mp4,True,0.0,0.7,0.2,0.2,0.0,0.0,0.3,0.0,0.0,0.1,0.0,0.0,0.0,0.0,0.0,0.0,0.0,0.0,0.0,0.0,0.0,0.0,0.1,0.6,0.0,0.0,0.0,0.0,0.0,0.0,0.0,0.0,0.0,0.0,5.8889,3.7778,7.0,6.4444,6.0,7.1111,7.3333,7.0,1.8889,6.8889,4.3333,2.8889,6.5556,6.7778
35,36,stimulus_36,/pscratch/sd/s/sjmoon/EmoFM/videos/CowenEmotionVideos/0036.mp4,True,0.0,0.1,0.0,0.1,0.0,0.0,0.0,0.1,0.0,0.0,0.0,0.0,0.0,0.0,0.0,0.0,0.0,0.0,0.0,0.0,0.0,0.0,0.0,0.1,0.1,0.0,0.0,0.8,0.0,0.0,0.2,0.0,0.0,0.0,5.4444,5.1111,5.7778,4.8889,5.3333,5.5556,6.2222,6.8889,3.1111,6.0,6.1111,3.7778,6.4444,6.1111
36,37,stimulus_37,/pscratch/sd/s/sjmoon/EmoFM/videos/CowenEmotionVideos/0037.mp4,True,0.0,0.2,0.0,0.6,0.0,0.0,0.0,0.0,0.3,0.0,0.0,0.0,0.0,0.0,0.0,0.0,0.0,0.0,0.0,0.0,0.0,0.0,0.0,0.2,0.0,0.0,0.0,0.0,0.0,0.1,0.0,0.0,0.0,0.0,6.4444,4.5556,7.1111,5.7778,6.2222,6.2222,6.0,7.4444,1.7778,6.4444,5.1111,2.3333,7.0,5.8889
37,38,stimulus_38,/pscratch/sd/s/sjmoon/EmoFM/videos/CowenEmotionVideos/0038.mp4,True,0.1,0.0,0.1,0.3,0.0,0.0,0.1,0.0,0.2,0.0,0.0,0.0,0.0,0.0,0.0,0.0,0.0,0.0,0.2,0.0,0.0,0.0,0.0,0.0,0.0,0.0,0.0,0.0,0.0,0.1,0.0,0.0,0.0,0.3,6.1111,5.1111,5.8889,6.3333,5.7778,5.4444,5.1111,7.6667,3.3333,5.8889,6.3333,3.3333,6.1111,7.2222
38,39,stimulus_39,/pscratch/sd/s/sjmoon/EmoFM/videos/CowenEmotionVideos/0039.mp4,True,0.1,0.0,0.0,0.0,0.0,0.0,0.4,0.0,0.2,0.0,0.0,0.0,0.0,0.0,0.0,0.0,0.1,0.0,0.1,0.0,0.0,0.0,0.4,0.1,0.2,0.1,0.0,0.0,0.0,0.2,0.0,0.1,0.0,0.0,5.1111,4.3333,5.8889,4.4444,5.2222,4.0,4.0,6.4444,3.4444,5.6667,4.3333,3.0,3.2222,6.1111
39,40,stimulus_40,/pscratch/sd/s/sjmoon/EmoFM/videos/CowenEmotionVideos/0040.mp4,True,0.0,0.2,0.0,0.4,0.0,0.0,0.2,0.0,0.0,0.0,0.0,0.0,0.0,0.0,0.0,0.0,0.0,0.0,0.1,0.0,0.0,0.0,0.2,0.1,0.0,0.1,0.0,0.0,0.0,0.3,0.0,0.3,0.0,0.0,5.7778,4.4444,7.5556,6.6667,5.7778,5.2222,5.8889,7.7778,3.0,6.5556,4.8889,3.3333,6.1111,6.7778
40,41,stimulus_41,/pscratch/sd/s/sjmoon/EmoFM/videos/CowenEmotionVideos/0041.mp4,True,0.1,0.0,0.1,0.2,0.0,0.0,0.4,0.0,0.1,0.0,0.0,0.0,0.0,0.0,0.0,0.0,0.0,0.0,0.3,0.0,0.0,0.0,0.0,0.0,0.1,0.0,0.0,0.0,0.0,0.2,0.0,0.1,0.0,0.4,5.6667,5.4444,6.7778,5.5556,5.8889,5.0,5.7778,6.8889,3.0,6.6667,5.7778,3.1111,6.1111,7.4444
41,42,stimulus_42,/pscratch/sd/s/sjmoon/EmoFM/videos/CowenEmotionVideos/0042.mp4,True,0.0,0.0,0.4,0.1,0.0,0.0,0.2,0.0,0.0,0.0,0.0,0.0,0.0,0.0,0.0,0.0,0.0,0.0,0.0,0.0,0.0,0.0,0.4,0.0,0.0,0.0,0.0,0.0,0.0,0.0,0.0,0.1,0.0,0.0,5.4444,4.0,4.8889,4.8889,5.8889,5.0,3.3333,6.5556,4.0,4.3333,4.0,3.2222,4.6667,5.0
42,43,stimulus_43,/pscratch/sd/s/sjmoon/EmoFM/videos/CowenEmotionVideos/0043.mp4,True,0.0,0.1,0.0,0.4,0.0,0.0,0.1,0.0,0.1,0.0,0.0,0.0,0.0,0.0,0.0,0.0,0.0,0.1,0.1,0.0,0.0,0.0,0.0,0.6,0.0,0.0,0.0,0.2,0.0,0.1,0.0,0.3,0.0,0.1,5.8889,4.0,6.7778,6.3333,6.3333,5.3333,5.7778,7.7778,3.0,6.3333,4.8889,3.3333,6.5556,7.2222
43,44,stimulus_44,/pscratch/sd/s/sjmoon/EmoFM/videos/CowenEmotionVideos/0044.mp4,True,0.0,0.1,0.2,0.0,0.0,0.0,0.0,0.0,0.0,0.0,0.0,0.0,0.0,0.0,0.0,0.0,0.0,0.0,0.1,0.0,0.0,0.0,0.1,0.0,0.0,0.0,0.0,0.8,0.0,0.0,0.5,0.0,0.0,0.0,6.3333,5.4444,6.2222,6.0,6.3333,5.8889,5.8889,7.2222,2.7778,6.1111,5.7778,3.3333,6.7778,5.8889
44,45,stimulus_45,/pscratch/sd/s/sjmoon/EmoFM/videos/CowenEmotionVideos/0045.mp4,True,0.0,0.0,0.0,0.1,0.2,0.6,0.0,0.0,0.0,0.0,0.1,0.1,0.0,0.0,0.2,0.0,0.0,0.0,0.1,0.3,0.0,0.0,0.0,0.0,0.0,0.0,0.2,0.0,0.0,0.1,0.0,0.0,0.0,0.0,5.6667,5.4444,3.0,1.7778,6.6667,3.7778,3.0,3.3333,3.8889,3.7778,2.6667,5.1111,1.3333,6.1111
45,46,stimulus_46,/pscratch/sd/s/sjmoon/EmoFM/videos/CowenEmotionVideos/0046.mp4,True,0.0,0.0,0.0,0.0,0.0,0.7,0.0,0.0,0.0,0.0,0.1,0.0,0.0,0.0,0.0,0.0,0.0,0.0,0.0,0.6,0.0,0.2,0.0,0.0,0.0,0.0,0.0,0.0,0.0,0.0,0.0,0.0,0.0,0.0,5.3333,3.8889,2.7778,1.0,6.0,3.4444,3.2222,3.1111,5.1111,4.4444,2.5556,5.1111,1.5556,3.5556
46,47,stimulus_47,/pscratch/sd/s/sjmoon/EmoFM/videos/CowenEmotionVideos/0047.mp4,True,0.1,0.2,0.0,0.8,0.0,0.0,0.1,0.0,0.0,0.0,0.1,0.0,0.0,0.0,0.1,0.0,0.0,0.0,0.0,0.0,0.0,0.0,0.0,0.0,0.0,0.0,0.0,0.0,0.1,0.0,0.0,0.0,0.0,0.0,4.3333,4.3333,4.1111,2.6667,6.1111,3.4444,3.2222,3.7778,5.7778,3.4444,3.0,4.0,3.1111,2.7778
47,48,stimulus_48,/pscratch/sd/s/sjmoon/EmoFM/videos/CowenEmotionVideos/0048.mp4,True,0.0,0.0,0.0,0.0,0.0,0.0,0.0,0.0,0.0,0.0,0.1,0.0,0.0,0.0,0.9,0.0,0.0,0.0,0.0,0.1,0.0,0.2,0.0,0.0,0.0,0.0,0.0,0.0,0.0,0.0,0.0,0.0,0.0,0.0,4.5556,3.2222,2.0,1.6667,4.1111,3.3333,2.3333,4.0,5.2222,3.1111,2.2222,4.6667,2.8889,2.2222
48,49,stimulus_49,/pscratch/sd/s/sjmoon/EmoFM/videos/CowenEmotionVideos/0049.mp4,True,0.0,0.0,0.0,0.2,0.0,0.0,0.0,0.0,0.2,0.0,0.0,0.1,0.0,0.1,0.1,0.0,0.0,0.0,0.1,0.0,0.0,0.0,0.1,0.1,0.6,0.0,0.0,0.0,0.0,0.0,0.0,0.0,0.1,0.1,5.1111,5.6667,5.6667,5.6667,7.0,6.2222,6.3333,5.8889,3.1111,6.7778,6.2222,2.7778,5.4444,6.0
49,50,stimulus_50,/pscratch/sd/s/sjmoon/EmoFM/videos/CowenEmotionVideos/0050.mp4,True,0.0,0.2,0.0,0.6,0.0,0.0,0.0,0.1,0.1,0.0,0.0,0.0,0.0,0.3,0.0,0.0,0.0,0.0,0.0,0.0,0.0,0.0,0.0,0.2,0.0,0.0,0.0,0.0,0.1,0.1,0.0,0.0,0.0,0.0,5.3333,6.2222,6.1111,7.1111,6.1111,6.1111,6.0,6.8889,3.3333,6.6667,5.5556,3.1111,7.2222,5.8889
50,51,stimulus_51,/pscratch/sd/s/sjmoon/EmoFM/videos/CowenEmotionVideos/0051.mp4,True,0.0,0.0,0.0,0.0,0.2,0.1,0.0,0.0,0.0,0.0,0.0,0.1,0.0,0.0,0.6,0.3,0.0,0.0,0.0,0.1,0.1,0.4,0.0,0.0,0.0,0.0,0.0,0.0,0.8,0.0,0.0,0.0,0.2,0.0,5.1111,4.4444,2.7778,2.7778,4.8889,3.2222,6.1111,2.7778,6.7778,3.0,5.8889,4.0,2.5556,2.1111
51,52,stimulus_52,/pscratch/sd/s/sjmoon/EmoFM/videos/CowenEmotionVideos/0052.mp4,True,0.0,0.0,0.0,0.3,0.0,0.0,0.0,0.6,0.1,0.0,0.0,0.0,0.0,0.0,0.0,0.0,0.0,0.0,0.0,0.0,0.0,0.0,0.0,0.1,0.1,0.0,0.0,0.0,0.0,0.0,0.0,0.0,0.0,0.0,5.4444,4.7778,5.2222,5.0,6.2222,5.7778,5.8889,6.5556,4.1111,5.7778,5.7778,2.6667,6.6667,5.5556
52,53,stimulus_53,/pscratch/sd/s/sjmoon/EmoFM/videos/CowenEmotionVideos/0053.mp4,True,0.0,0.0,0.0,0.3,0.0,0.0,0.0,0.1,0.0,0.0,0.1,0.0,0.0,0.0,0.6,0.0,0.0,0.0,0.0,0.0,0.0,0.2,0.0,0.1,0.0,0.0,0.0,0.0,0.0,0.0,0.0,0.1,0.0,0.0,4.8889,5.1111,4.1111,4.0,6.1111,6.0,4.3333,5.2222,3.4444,5.5556,4.4444,2.0,5.6667,6.4444
53,54,stimulus_54,/pscratch/sd/s/sjmoon/EmoFM/videos/CowenEmotionVideos/0054.mp4,True,0.2,0.2,0.0,0.0,0.3,0.0,0.1,0.0,0.0,0.0,0.0,0.0,0.0,0.0,0.0,0.0,0.0,0.0,0.0,0.0,0.1,0.0,0.0,0.2,0.0,0.0,0.1,0.0,0.3,0.1,0.0,0.0,0.2,0.0,5.7778,4.3333,4.6667,4.0,5.7778,5.3333,6.4444,5.0,4.4444,4.4444,5.2222,4.3333,4.8889,4.7778
54,55,stimulus_55,/pscratch/sd/s/sjmoon/EmoFM/videos/CowenEmotionVideos/0055.mp4,True,0.0,0.0,0.7,0.0,0.0,0.0,0.7,0.0,0.0,0.0,0.0,0.0,0.0,0.0,0.0,0.0,0.0,0.0,0.1,0.1,0.0,0.1,0.1,0.0,0.0,0.0,0.0,0.0,0.0,0.0,0.0,0.0,0.0,0.0,6.6667,5.6667,6.4444,5.3333,6.3333,5.4444,4.7778,5.4444,3.1111,5.8889,4.4444,2.7778,5.4444,6.6667
55,56,stimulus_56,/pscratch/sd/s/sjmoon/EmoFM/videos/CowenEmotionVideos/0056.mp4,True,0.0,0.0,0.0,0.7,0.0,0.0,0.0,0.0,0.1,0.0,0.0,0.0,0.0,0.0,0.0,0.0,0.0,0.0,0.1,0.0,0.0,0.0,0.2,0.0,0.0,0.0,0.0,0.0,0.0,0.0,0.0,0.0,0.0,0.0,5.6667,5.3333,4.8889,3.7778,5.6667,5.7778,5.4444,4.2222,3.1111,4.5556,5.3333,2.8889,6.0,4.6667
56,57,stimulus_57,/pscratch/sd/s/sjmoon/EmoFM/videos/CowenEmotionVideos/0057.mp4,True,0.0,0.0,0.2,0.0,0.0,0.0,0.0,0.1,0.0,0.0,0.0,0.0,0.2,0.0,0.1,0.0,0.0,0.0,0.2,0.0,0.0,0.0,0.1,0.0,0.0,0.0,0.0,0.0,0.0,0.1,0.9,0.1,0.0,0.0,7.1111,6.1111,6.2222,6.8889,6.8889,6.5556,6.6667,7.0,3.3333,7.3333,5.2222,2.4444,6.2222,6.8889
57,58,stimulus_58,/pscratch/sd/s/sjmoon/EmoFM/videos/CowenEmotionVideos/0058.mp4,True,0.0,0.0,0.6,0.0,0.0,0.1,0.5,0.0,0.0,0.4,0.0,0.0,0.0,0.0,0.0,0.0,0.0,0.0,0.0,0.0,0.0,0.0,0.0,0.0,0.0,0.0,0.0,0.0,0.0,0.0,0.0,0.0,0.0,0.0,6.7778,5.3333,7.4444,7.2222,5.4444,5.2222,5.3333,7.3333,2.6667,7.1111,3.7778,2.5556,6.0,7.2222
58,59,stimulus_59,/pscratch/sd/s/sjmoon/EmoFM/videos/CowenEmotionVideos/0059.mp4,True,0.0,0.0,0.0,0.0,0.2,0.0,0.0,0.0,0.0,0.0,0.0,0.1,0.0,0.1,0.1,0.1,0.0,0.0,0.0,0.0,0.0,0.1,0.0,0.0,0.0,0.0,0.0,0.0,0.8,0.0,0.0,0.0,0.7,0.0,5.1111,4.1111,3.1111,4.0,6.4444,5.1111,7.1111,5.3333,5.7778,3.5556,3.5556,2.8889,4.2222,3.2222
59,60,stimulus_60,/pscratch/sd/s/sjmoon/EmoFM/videos/CowenEmotionVideos/0060.mp4,True,0.0,0.0,0.4,0.1,0.0,0.0,0.6,0.0,0.0,0.1,0.0,0.0,0.0,0.0,0.0,0.0,0.0,0.0,0.1,0.1,0.0,0.0,0.2,0.0,0.0,0.0,0.0,0.0,0.0,0.0,0.0,0.1,0.0,0.0,6.3333,4.4444,5.0,3.1111,7.0,5.1111,5.2222,3.6667,3.7778,5.6667,4.7778,4.1111,4.7778,5.3333
60,61,stimulus_61,/pscratch/sd/s/sjmoon/EmoFM/videos/CowenEmotionVideos/0061.mp4,True,0.0,0.0,0.55556,0.11111,0.0,0.0,0.0,0.0,0.055556,0.22222,0.0,0.0,0.0,0.11111,0.0,0.0,0.27778,0.0,0.0,0.0,0.0,0.0,0.11111,0.0,0.0,0.0,0.0,0.0,0.0,0.11111,0.0,0.22222,0.0,0.0,4.3333,3.0,4.6667,4.5556,5.4444,3.4444,3.1111,5.0,3.5556,4.6667,3.4444,3.4444,6.2222,4.4444
61,62,stimulus_62,/pscratch/sd/s/sjmoon/EmoFM/videos/CowenEmotionVideos/0062.mp4,True,0.0,0.0,0.0,0.0,0.11111,0.0,0.0,0.0,0.0,0.0,0.0,0.0,0.0,0.11111,0.38889,0.0,0.0,0.0,0.0,0.0,0.0,0.66667,0.0,0.0,0.0,0.0,0.0,0.0,0.16667,0.0,0.0,0.11111,0.0,0.0,4.0,2.1111,1.4444,1.2222,4.8889,3.7778,3.1111,1.6667,4.4444,1.2222,2.4444,4.2222,1.7778,1.6667
62,63,stimulus_63,/pscratch/sd/s/sjmoon/EmoFM/videos/CowenEmotionVideos/0063.mp4,True,0.0,0.0,0.22222,0.0,0.0,0.11111,0.11111,0.0,0.11111,0.0,0.0,0.0,0.0,0.0,0.0,0.0,0.22222,0.0,0.0,0.0,0.0,0.0,0.44444,0.0,0.0,0.0,0.0,0.0,0.0,0.0,0.0,0.0,0.0,0.0,4.5556,4.3333,4.6667,3.5556,4.6667,4.3333,2.4444,5.5556,3.1111,4.3333,2.6667,1.8889,3.6667,3.8889
63,64,stimulus_64,/pscratch/sd/s/sjmoon/EmoFM/videos/CowenEmotionVideos/0064.mp4,True,0.0,0.0,0.44444,0.11111,0.0,0.0,0.33333,0.0,0.0,0.0,0.0,0.0,0.0,0.0,0.0,0.0,0.22222,0.11111,0.055556,0.0,0.0,0.0,0.22222,0.0,0.0,0.0,0.0,0.0,0.0,0.16667,0.22222,0.0,0.0,0.0,4.8889,4.2222,5.1111,4.5556,5.1111,5.0,4.5556,6.6667,2.8889,5.7778,3.7778,1.8889,5.4444,4.6667
64,65,stimulus_65,/pscratch/sd/s/sjmoon/EmoFM/videos/CowenEmotionVideos/0065.mp4,True,0.0,0.0,0.22222,0.22222,0.0,0.22222,0.11111,0.0,0.11111,0.0,0.0,0.0,0.0,0.0,0.0,0.0,0.0,0.0,0.0,0.33333,0.0,0.0,0.11111,0.22222,0.0,0.0,0.22222,0.0,0.0,0.0,0.0,0.0,0.0,0.0,6.3333,4.5556,4.7778,2.7778,6.0,4.4444,3.6667,4.4444,3.6667,5.2222,2.8889,2.5556,2.2222,4.8889
65,66,stimulus_66,/pscratch/sd/s/sjmoon/EmoFM/videos/CowenEmotionVideos/0066.mp4,True,0.0,0.11111,0.0,0.83333,0.0,0.0,0.0,0.055556,0.11111,0.0,0.0,0.0,0.0,0.0,0.0,0.0,0.0,0.0,0.0,0.0,0.0,0.0,0.0,0.0,0.0,0.0,0.0,0.0,0.0,0.0,0.0,0.0,0.11111,0.0,4.6667,4.7778,5.4444,4.0,5.8889,5.3333,3.4444,4.1111,3.1111,4.4444,3.0,4.1111,4.6667,4.6667
66,67,stimulus_67,/pscratch/sd/s/sjmoon/EmoFM/videos/CowenEmotionVideos/0067.mp4,True,0.0,0.0,0.0,0.0,0.11111,0.11111,0.0,0.11111,0.0,0.0,0.0,0.0,0.0,0.0,0.22222,0.0,0.0,0.0,0.0,0.0,0.0,0.55556,0.0,0.0,0.0,0.0,0.0,0.0,0.77778,0.0,0.0,0.0,0.33333,0.0,3.0,2.0,1.3333,1.7778,3.5556,2.4444,4.3333,2.6667,6.2222,1.4444,3.7778,3.1111,1.6667,1.8889
67,68,stimulus_68,/pscratch/sd/s/sjmoon/EmoFM/videos/CowenEmotionVideos/0068.mp4,True,0.11111,0.0,0.22222,0.11111,0.0,0.0,0.16667,0.0,0.0,0.0,0.0,0.0,0.0,0.0,0.0,0.0,0.0,0.0,0.16667,0.33333,0.0,0.0,0.22222,0.22222,0.0,0.0,0.0,0.0,0.0,0.0,0.0,0.0,0.0,0.11111,5.1111,4.6667,5.5556,4.1111,5.4444,4.7778,4.1111,5.6667,3.2222,5.7778,3.4444,2.4444,3.7778,5.5556
68,69,stimulus_69,/pscratch/sd/s/sjmoon/EmoFM/videos/CowenEmotionVideos/0069.mp4,True,0.0,0.0,0.0,0.33333,0.0,0.0,0.0,0.0,0.33333,0.11111,0.16667,0.0,0.0,0.0,0.0,0.0,0.0,0.0,0.0,0.0,0.0,0.0,0.11111,0.16667,0.0,0.0,0.0,0.11111,0.0,0.0,0.0,0.0,0.0,0.0,5.5556,4.2222,6.0,6.1111,5.5556,5.0,5.5556,6.7778,4.4444,6.5556,5.8889,4.5556,6.1111,6.3333
69,70,stimulus_70,/pscratch/sd/s/sjmoon/EmoFM/videos/CowenEmotionVideos/0070.mp4,True,0.0,0.0,0.11111,0.66667,0.0,0.0,0.0,0.11111,0.0,0.0,0.0,0.0,0.0,0.0,0.0,0.0,0.0,0.0,0.0,0.0,0.0,0.0,0.0,0.11111,0.11111,0.0,0.0,0.0,0.11111,0.11111,0.0,0.11111,0.22222,0.0,4.7778,3.0,5.5556,3.0,4.4444,4.3333,3.3333,2.2222,2.2222,2.1111,4.0,2.7778,4.6667,2.6667
70,71,stimulus_71,/pscratch/sd/s/sjmoon/EmoFM/videos/CowenEmotionVideos/0071.mp4,True,0.0,0.0,0.0,0.44444,0.0,0.22222,0.0,0.0,0.0,0.0,0.0,0.0,0.0,0.0,0.0,0.11111,0.0,0.0,0.0,0.44444,0.0,0.11111,0.0,0.0,0.0,0.0,0.11111,0.0,0.0,0.0,0.0,0.22222,0.0,0.0,4.7778,3.5556,3.2222,3.6667,5.4444,3.8889,4.4444,5.3333,3.0,3.6667,3.3333,2.6667,4.1111,4.0
71,72,stimulus_72,/pscratch/sd/s/sjmoon/EmoFM/videos/CowenEmotionVideos/0072.mp4,True,0.0,0.0,0.22222,0.66667,0.0,0.0,0.0,0.0,0.11111,0.0,0.22222,0.0,0.0,0.0,0.0,0.0,0.0,0.0,0.0,0.0,0.0,0.0,0.0,0.0,0.0,0.0,0.0,0.0,0.0,0.0,0.0,0.0,0.0,0.0,4.1111,3.2222,4.1111,4.0,5.0,3.5556,3.1111,5.2222,3.2222,4.4444,2.8889,3.1111,3.6667,4.5556
72,73,stimulus_73,/pscratch/sd/s/sjmoon/EmoFM/videos/CowenEmotionVideos/0073.mp4,True,0.0,0.0,0.0,0.0,0.0,0.22222,0.0,0.11111,0.0,0.0,0.0,0.0,0.0,0.0,0.55556,0.33333,0.0,0.0,0.0,0.11111,0.0,0.22222,0.0,0.0,0.0,0.0,0.0,0.0,0.11111,0.0,0.0,0.0,0.0,0.0,5.7778,3.8889,2.2222,3.2222,5.8889,4.0,4.0,4.6667,6.4444,5.1111,4.5556,4.4444,2.5556,3.5556
73,74,stimulus_74,/pscratch/sd/s/sjmoon/EmoFM/videos/CowenEmotionVideos/0074.mp4,True,0.0,0.11111,0.0,0.88889,0.0,0.0,0.11111,0.0,0.0,0.0,0.0,0.0,0.0,0.0,0.0,0.0,0.0,0.0,0.0,0.0,0.0,0.0,0.0,0.11111,0.0,0.0,0.0,0.0,0.0,0.11111,0.0,0.22222,0.11111,0.0,6.2222,6.2222,7.3333,6.1111,6.1111,4.8889,6.3333,4.6667,2.0,3.8889,5.0,2.8889,5.1111,5.3333
74,75,stimulus_75,/pscratch/sd/s/sjmoon/EmoFM/videos/CowenEmotionVideos/0075.mp4,True,0.0,0.11111,0.0,0.0,0.0,0.0,0.0,0.0,0.11111,0.11111,0.0,0.0,0.0,0.0,0.0,0.0,0.0,0.0,0.0,0.0,0.0,0.0,0.0,0.11111,0.0,0.0,0.16667,0.38889,0.22222,0.0,0.0,0.0,0.11111,0.0,5.2222,5.5556,6.1111,6.6667,6.1111,5.2222,6.3333,6.4444,2.3333,5.6667,6.3333,2.8889,5.6667,5.6667
75,76,stimulus_76,/pscratch/sd/s/sjmoon/EmoFM/videos/CowenEmotionVideos/0076.mp4,True,0.0,0.0,0.11111,0.11111,0.0,0.055556,0.11111,0.0,0.16667,0.11111,0.0,0.0,0.0,0.0,0.0,0.0,0.0,0.0,0.0,0.0,0.0,0.0,0.22222,0.0,0.0,0.0,0.0,0.0,0.0,0.22222,0.0,0.11111,0.0,0.0,5.4444,5.2222,5.2222,4.6667,5.4444,5.0,5.3333,5.7778,2.4444,5.3333,5.1111,4.5556,5.1111,5.4444
76,77,stimulus_77,/pscratch/sd/s/sjmoon/EmoFM/videos/CowenEmotionVideos/0077.mp4,True,0.0,0.0,0.22222,0.11111,0.0,0.11111,0.0,0.0,0.11111,0.0,0.11111,0.0,0.0,0.0,0.0,0.0,0.055556,0.0,0.0,0.11111,0.0,0.11111,0.27778,0.0,0.0,0.0,0.0,0.0,0.22222,0.0,0.0,0.0,0.0,0.0,4.4444,4.5556,4.0,3.2222,5.2222,3.4444,5.5556,3.4444,5.7778,3.4444,3.7778,5.3333,3.4444,3.4444
77,78,stimulus_78,/pscratch/sd/s/sjmoon/EmoFM/videos/CowenEmotionVideos/0078.mp4,True,0.0,0.0,0.44444,0.0,0.0,0.0,0.0,0.0,0.0,0.0,0.27778,0.0,0.0,0.0,0.0,0.0,0.38889,0.0,0.0,0.0,0.0,0.0,0.11111,0.0,0.0,0.0,0.0,0.0,0.0,0.0,0.0,0.11111,0.0,0.0,5.4444,5.1111,7.2222,5.7778,6.4444,5.5556,5.1111,7.0,2.7778,6.4444,5.3333,3.0,5.7778,6.1111
78,79,stimulus_79,/pscratch/sd/s/sjmoon/EmoFM/videos/CowenEmotionVideos/0079.mp4,True,0.0,0.0,0.0,0.0,0.0,0.11111,0.0,0.11111,0.0,0.0,0.22222,0.0,0.0,0.11111,0.44444,0.0,0.0,0.0,0.0,0.11111,0.0,0.0,0.0,0.0,0.0,0.0,0.0,0.0,0.22222,0.0,0.0,0.11111,0.22222,0.0,4.1111,4.5556,2.1111,2.6667,5.4444,3.1111,3.3333,3.4444,6.5556,4.4444,2.7778,3.3333,2.5556,3.4444
79,80,stimulus_80,/pscratch/sd/s/sjmoon/EmoFM/videos/CowenEmotionVideos/0080.mp4,True,0.0,0.0,0.0,0.88889,0.0,0.0,0.0,0.0,0.0,0.0,0.11111,0.0,0.0,0.0,0.0,0.0,0.0,0.0,0.0,0.0,0.0,0.0,0.0,0.11111,0.0,0.0,0.0,0.0,0.0,0.0,0.0,0.22222,0.0,0.0,5.3333,5.2222,5.3333,4.8889,5.6667,4.2222,4.8889,4.6667,2.2222,5.1111,4.7778,3.4444,6.2222,4.7778
80,81,stimulus_81,/pscratch/sd/s/sjmoon/EmoFM/videos/CowenEmotionVideos/0081.mp4,True,0.0,0.0,0.0,0.0,0.0,0.11111,0.0,0.0,0.0,0.0,0.0,0.0,0.0,0.0,0.55556,0.27778,0.0,0.0,0.0,0.0,0.0,0.5,0.0,0.0,0.0,0.0,0.0,0.0,0.11111,0.0,0.0,0.0,0.11111,0.0,6.3333,3.6667,1.4444,1.7778,6.2222,3.6667,5.6667,3.7778,7.6667,3.4444,4.5556,5.5556,2.3333,3.6667
81,82,stimulus_82,/pscratch/sd/s/sjmoon/EmoFM/videos/CowenEmotionVideos/0082.mp4,True,0.0,0.11111,0.0,0.66667,0.0,0.0,0.22222,0.055556,0.0,0.0,0.0,0.0,0.0,0.0,0.0,0.0,0.0,0.0,0.11111,0.0,0.0,0.0,0.0,0.16667,0.0,0.0,0.0,0.0,0.0,0.11111,0.0,0.0,0.33333,0.11111,5.7778,5.1111,6.1111,7.0,6.2222,5.0,7.0,5.6667,2.4444,5.3333,6.1111,3.1111,4.5556,6.5556
82,83,stimulus_83,/pscratch/sd/s/sjmoon/EmoFM/videos/CowenEmotionVideos/0083.mp4,True,0.0,0.22222,0.22222,0.55556,0.0,0.0,0.11111,0.0,0.0,0.0,0.0,0.0,0.0,0.0,0.0,0.0,0.22222,0.0,0.0,0.0,0.0,0.0,0.0,0.33333,0.0,0.0,0.0,0.0,0.0,0.0,0.0,0.0,0.0,0.0,4.8889,4.3333,7.7778,7.8889,6.4444,6.4444,6.7778,7.8889,1.4444,6.3333,6.0,2.4444,6.7778,6.4444
83,84,stimulus_84,/pscratch/sd/s/sjmoon/EmoFM/videos/CowenEmotionVideos/0084.mp4,True,0.0,0.0,0.44444,0.0,0.0,0.0,0.0,0.0,0.11111,0.22222,0.0,0.0,0.0,0.0,0.0,0.0,0.16667,0.0,0.0,0.0,0.0,0.0,0.27778,0.0,0.0,0.0,0.0,0.0,0.0,0.0,0.0,0.0,0.0,0.0,5.5556,4.6667,6.2222,6.1111,6.8889,6.1111,4.8889,7.3333,2.0,6.2222,5.4444,3.3333,7.0,5.8889
84,85,stimulus_85,/pscratch/sd/s/sjmoon/EmoFM/videos/CowenEmotionVideos/0085.mp4,True,0.11111,0.0,0.0,0.22222,0.0,0.0,0.11111,0.0,0.11111,0.0,0.0,0.0,0.0,0.0,0.0,0.0,0.11111,0.0,0.11111,0.11111,0.0,0.0,0.44444,0.11111,0.0,0.0,0.0,0.0,0.0,0.22222,0.0,0.0,0.0,0.11111,5.6667,5.4444,6.0,5.4444,6.0,5.0,5.1111,5.8889,3.1111,6.1111,4.2222,3.8889,4.8889,7.1111
85,86,stimulus_86,/pscratch/sd/s/sjmoon/EmoFM/videos/CowenEmotionVideos/0086.mp4,True,0.0,0.11111,0.0,0.44444,0.0,0.11111,0.11111,0.0,0.11111,0.0,0.0,0.0,0.0,0.0,0.0,0.0,0.0,0.0,0.0,0.11111,0.0,0.0,0.055556,0.055556,0.0,0.0,0.11111,0.0,0.0,0.11111,0.0,0.11111,0.0,0.0,5.5556,5.6667,5.5556,5.8889,6.2222,5.6667,6.3333,6.2222,2.6667,5.8889,4.8889,3.1111,4.8889,5.8889
86,87,stimulus_87,/pscratch/sd/s/sjmoon/EmoFM/videos/CowenEmotionVideos/0087.mp4,True,0.0,0.22222,0.0,0.55556,0.0,0.0,0.11111,0.0,0.0,0.0,0.0,0.0,0.0,0.0,0.0,0.0,0.0,0.0,0.0,0.0,0.0,0.0,0.11111,0.55556,0.0,0.0,0.0,0.0,0.0,0.0,0.0,0.22222,0.0,0.0,5.3333,5.0,7.0,8.0,7.1111,5.8889,6.7778,7.7778,3.3333,6.7778,5.7778,3.7778,6.8889,7.2222
87,88,stimulus_88,/pscratch/sd/s/sjmoon/EmoFM/videos/CowenEmotionVideos/0088.mp4,True,0.11111,0.0,0.0,0.55556,0.0,0.0,0.0,0.0,0.0,0.0,0.0,0.0,0.0,0.22222,0.0,0.0,0.0,0.0,0.0,0.0,0.0,0.0,0.11111,0.0,0.0,0.0,0.0,0.0,0.0,0.22222,0.0,0.11111,0.22222,0.33333,5.5556,4.6667,6.1111,6.4444,6.0,5.5556,5.6667,6.1111,3.1111,5.7778,5.3333,2.6667,5.8889,6.0
88,89,stimulus_89,/pscratch/sd/s/sjmoon/EmoFM/videos/CowenEmotionVideos/0089.mp4,True,0.0,0.0,0.0,0.11111,0.0,0.0,0.0,0.0,0.0,0.0,0.0,0.0,0.0,0.0,0.0,0.55556,0.0,0.0,0.0,0.11111,0.0,0.44444,0.0,0.0,0.0,0.0,0.0,0.0,0.22222,0.0,0.0,0.11111,0.0,0.0,5.4444,4.2222,2.7778,1.6667,3.6667,3.4444,4.5556,2.3333,5.5556,3.1111,3.1111,5.2222,2.2222,2.3333
89,90,stimulus_90,/pscratch/sd/s/sjmoon/EmoFM/videos/CowenEmotionVideos/0090.mp4,True,0.0,0.0,0.55556,0.0,0.0,0.0,0.0,0.0,0.0,0.55556,0.0,0.0,0.0,0.0,0.0,0.0,0.11111,0.0,0.0,0.0,0.0,0.0,0.11111,0.0,0.0,0.0,0.0,0.0,0.0,0.11111,0.0,0.0,0.0,0.0,5.5556,5.0,7.3333,7.5556,6.8889,6.3333,4.7778,7.5556,2.6667,6.4444,5.7778,2.6667,6.3333,6.8889
90,91,stimulus_91,/pscratch/sd/s/sjmoon/EmoFM/videos/CowenEmotionVideos/0091.mp4,True,0.0,0.0,0.0,0.38462,0.0,0.0,0.0,0.30769,0.076923,0.0,0.30769,0.0,0.0,0.076923,0.0,0.0,0.0,0.0,0.0,0.0,0.0,0.0,0.15385,0.15385,0.0,0.0,0.0,0.0,0.0,0.0,0.0,0.0,0.0,0.0,5.5556,5.2222,6.1111,5.5556,5.1111,6.1111,4.2222,7.1111,3.1111,6.1111,4.7778,2.6667,6.6667,6.7778
91,92,stimulus_92,/pscratch/sd/s/sjmoon/EmoFM/videos/CowenEmotionVideos/0092.mp4,True,0.0,0.0,0.30769,0.076923,0.0,0.0,0.23077,0.0,0.15385,0.0,0.0,0.0,0.0,0.0,0.0,0.0,0.38462,0.0,0.0,0.0,0.0,0.0,0.30769,0.0,0.076923,0.0,0.0,0.0,0.0,0.076923,0.0,0.0,0.0,0.0,5.7778,4.6667,6.0,6.6667,5.3333,5.5556,4.5556,6.8889,3.2222,5.2222,4.6667,3.0,5.7778,5.6667
92,93,stimulus_93,/pscratch/sd/s/sjmoon/EmoFM/videos/CowenEmotionVideos/0093.mp4,True,0.0,0.0,0.0,0.30769,0.0,0.0,0.0,0.076923,0.0,0.0,0.076923,0.0,0.0,0.0,0.0,0.0,0.0,0.0,0.0,0.0,0.0,0.076923,0.15385,0.23077,0.0,0.0,0.0,0.0,0.0,0.0,0.0,0.38462,0.0,0.0,6.2222,4.8889,5.5556,5.4444,5.3333,4.6667,5.0,5.5556,3.0,5.3333,4.1111,3.6667,4.7778,6.1111
93,94,stimulus_94,/pscratch/sd/s/sjmoon/EmoFM/videos/CowenEmotionVideos/0094.mp4,True,0.0,0.38462,0.0,0.53846,0.0,0.0,0.30769,0.0,0.076923,0.076923,0.0,0.0,0.076923,0.0,0.0,0.0,0.0,0.0,0.0,0.0,0.0,0.0,0.0,0.38462,0.0,0.0,0.0,0.0,0.0,0.0,0.0,0.0,0.0,0.0,4.8889,4.5556,6.7778,7.5556,5.8889,5.5556,6.6667,6.3333,2.6667,5.6667,4.4444,2.8889,6.2222,6.4444
94,95,stimulus_95,/pscratch/sd/s/sjmoon/EmoFM/videos/CowenEmotionVideos/0095.mp4,True,0.0,0.076923,0.0,0.076923,0.076923,0.076923,0.0,0.0,0.0,0.0,0.076923,0.0,0.0,0.076923,0.23077,0.38462,0.076923,0.0,0.0,0.076923,0.15385,0.15385,0.0,0.0,0.0,0.0,0.0,0.0,0.0,0.0,0.0,0.076923,0.15385,0.0,5.7778,4.6667,2.0,2.1111,6.1111,4.6667,5.4444,3.6667,6.3333,2.3333,2.5556,5.0,2.7778,2.8889
95,96,stimulus_96,/pscratch/sd/s/sjmoon/EmoFM/videos/CowenEmotionVideos/0096.mp4,True,0.0,0.0,0.0,0.0,0.0,0.53846,0.0,0.15385,0.076923,0.0,0.0,0.0,0.0,0.076923,0.0,0.0,0.15385,0.0,0.15385,0.30769,0.0,0.076923,0.076923,0.0,0.0,0.0,0.0,0.0,0.0,0.0,0.0,0.0,0.0,0.0,6.6667,4.5556,2.6667,2.7778,6.3333,3.5556,4.0,3.1111,5.0,3.5556,3.3333,5.5556,2.4444,4.1111
96,97,stimulus_97,/pscratch/sd/s/sjmoon/EmoFM/videos/CowenEmotionVideos/0097.mp4,True,0.0,0.0,0.0,0.0,0.0,0.61538,0.0,0.0,0.0,0.0,0.0,0.0,0.0,0.15385,0.0,0.0,0.0,0.0,0.15385,0.46154,0.0,0.15385,0.076923,0.0,0.0,0.0,0.0,0.0,0.0,0.0,0.0,0.0,0.076923,0.0,6.1111,5.1111,4.0,1.4444,7.1111,4.8889,4.6667,5.1111,3.3333,4.7778,3.0,4.5556,2.0,6.7778
97,98,stimulus_98,/pscratch/sd/s/sjmoon/EmoFM/videos/CowenEmotionVideos/0098.mp4,True,0.0,0.53846,0.0,0.38462,0.076923,0.0,0.15385,0.0,0.076923,0.076923,0.0,0.0,0.0,0.0,0.076923,0.0,0.0,0.0,0.0,0.0,0.0,0.0,0.0,0.076923,0.0,0.0,0.076923,0.0,0.0,0.0,0.0,0.0,0.0,0.076923,5.3333,5.0,7.7778,6.6667,7.0,6.2222,6.3333,7.5556,1.0,6.6667,5.6667,2.6667,6.7778,7.4444
98,99,stimulus_99,/pscratch/sd/s/sjmoon/EmoFM/videos/CowenEmotionVideos/0099.mp4,True,0.0,0.0,0.0,0.30769,0.0,0.0,0.076923,0.0,0.0,0.0,0.0,0.076923,0.0,0.0,0.0,0.15385,0.076923,0.0,0.076923,0.076923,0.0,0.0,0.076923,0.23077,0.0,0.0,0.076923,0.0,0.0,0.0,0.0,0.23077,0.076923,0.076923,6.0,5.3333,5.5556,3.5556,6.2222,6.1111,4.7778,3.7778,1.8889,4.5556,4.8889,4.6667,4.4444,6.5556
99,100,stimulus_100,/pscratch/sd/s/sjmoon/EmoFM/videos/CowenEmotionVideos/0100.mp4,True,0.076923,0.30769,0.0,0.38462,0.0,0.0,0.0,0.076923,0.0,0.0,0.076923,0.0,0.0,0.0,0.0,0.0,0.0,0.0,0.0,0.0,0.0,0.0,0.076923,0.46154,0.0,0.0,0.0,0.0,0.0,0.0,0.0,0.076923,0.15385,0.0,7.1111,5.7778,8.0,7.1111,7.5556,6.1111,6.7778,6.7778,1.1111,7.4444,7.1111,3.1111,5.8889,7.6667
100,101,stimulus_101,/pscratch/sd/s/sjmoon/EmoFM/videos/CowenEmotionVideos/0101.mp4,True,0.0,0.15385,0.23077,0.69231,0.0,0.0,0.15385,0.0,0.076923,0.076923,0.15385,0.0,0.0,0.0,0.0,0.0,0.0,0.0,0.0,0.0,0.076923,0.0,0.076923,0.15385,0.0,0.0,0.0,0.0,0.0,0.0,0.0,0.076923,0.0,0.0,6.8889,4.7778,8.0,6.3333,7.3333,6.4444,6.4444,7.6667,1.2222,7.2222,5.5556,2.6667,7.0,7.0
101,102,stimulus_102,/pscratch/sd/s/sjmoon/EmoFM/videos/CowenEmotionVideos/0102.mp4,True,0.0,0.076923,0.0,0.76923,0.0,0.076923,0.0,0.0,0.076923,0.0,0.0,0.076923,0.0,0.0,0.0,0.0,0.0,0.0,0.0,0.0,0.0,0.0,0.076923,0.15385,0.076923,0.0,0.0,0.0,0.0,0.0,0.0,0.076923,0.0,0.0,5.8889,5.0,6.7778,4.6667,7.2222,6.5556,5.8889,6.2222,1.4444,5.7778,6.4444,2.1111,6.0,6.3333
102,103,stimulus_103,/pscratch/sd/s/sjmoon/EmoFM/videos/CowenEmotionVideos/0103.mp4,True,0.0,0.0,0.15385,0.15385,0.0,0.0,0.076923,0.0,0.15385,0.076923,0.23077,0.076923,0.0,0.0,0.0,0.0,0.076923,0.0,0.0,0.0,0.0,0.0,0.23077,0.0,0.0,0.0,0.0,0.076923,0.0,0.0,0.0,0.15385,0.076923,0.0,4.5556,4.8889,5.4444,4.4444,5.5556,4.8889,5.1111,7.2222,1.3333,5.5556,5.5556,3.0,6.3333,5.5556
103,104,stimulus_104,/pscratch/sd/s/sjmoon/EmoFM/videos/CowenEmotionVideos/0104.mp4,True,0.0,0.0,0.0,0.076923,0.0,0.0,0.0,0.0,0.0,0.0,0.0,0.0,0.0,0.076923,0.0,0.38462,0.0,0.0,0.0,0.076923,0.0,0.23077,0.0,0.0,0.0,0.0,0.0,0.076923,0.38462,0.0,0.0,0.15385,0.23077,0.0,4.5556,3.8889,1.7778,1.5556,7.0,5.3333,5.4444,2.8889,3.1111,3.5556,4.4444,3.4444,2.2222,2.3333
104,105,stimulus_105,/pscratch/sd/s/sjmoon/EmoFM/videos/CowenEmotionVideos/0105.mp4,True,0.0,0.0,0.0,0.38462,0.0,0.076923,0.0,0.0,0.0,0.0,0.076923,0.0,0.0,0.076923,0.0,0.076923,0.076923,0.0,0.0,0.15385,0.076923,0.0,0.0,0.0,0.0,0.0,0.0,0.0,0.0,0.076923,0.0,0.076923,0.23077,0.0,5.4444,5.6667,4.1111,1.6667,6.1111,4.5556,4.4444,3.1111,1.6667,5.0,4.7778,4.3333,3.4444,3.6667
105,106,stimulus_106,/pscratch/sd/s/sjmoon/EmoFM/videos/CowenEmotionVideos/0106.mp4,True,0.076923,0.0,0.0,0.0,0.076923,0.0,0.0,0.30769,0.076923,0.0,0.0,0.0,0.0,0.076923,0.46154,0.0,0.0,0.0,0.0,0.15385,0.0,0.076923,0.0,0.0,0.0,0.0,0.0,0.0,0.076923,0.0,0.0,0.0,0.0,0.0,4.6667,5.2222,3.7778,2.8889,7.0,6.5556,4.3333,3.8889,2.7778,3.7778,5.6667,4.2222,4.8889,4.4444
106,107,stimulus_107,/pscratch/sd/s/sjmoon/EmoFM/videos/CowenEmotionVideos/0107.mp4,True,0.0,0.0,0.0,0.0,0.0,0.15385,0.076923,0.0,0.0,0.076923,0.0,0.0,0.0,0.0,0.0,0.076923,0.076923,0.0,0.076923,0.30769,0.0,0.46154,0.0,0.0,0.0,0.0,0.23077,0.0,0.15385,0.0,0.0,0.30769,0.076923,0.0,5.7778,5.3333,1.2222,1.8889,7.3333,4.3333,5.6667,1.8889,5.0,4.5556,4.8889,5.2222,1.6667,4.8889
107,108,stimulus_108,/pscratch/sd/s/sjmoon/EmoFM/videos/CowenEmotionVideos/0108.mp4,True,0.0,0.076923,0.0,0.30769,0.0,0.0,0.0,0.61538,0.0,0.15385,0.0,0.0,0.0,0.0,0.0,0.0,0.0,0.0,0.0,0.0,0.0,0.076923,0.076923,0.0,0.0,0.15385,0.076923,0.0,0.0,0.0,0.0,0.0,0.0,0.0,6.1111,5.3333,6.0,5.2222,6.6667,5.1111,5.4444,5.0,1.3333,6.1111,5.3333,3.2222,5.4444,5.4444
108,109,stimulus_109,/pscratch/sd/s/sjmoon/EmoFM/videos/CowenEmotionVideos/0109.mp4,True,0.0,0.0,0.0,0.0,0.0,0.30769,0.076923,0.0,0.0,0.0,0.0,0.0,0.076923,0.0,0.0,0.076923,0.0,0.0,0.0,0.38462,0.0,0.38462,0.076923,0.0,0.0,0.0,0.30769,0.0,0.0,0.0,0.0,0.23077,0.076923,0.0,6.3333,4.2222,2.4444,1.8889,6.6667,4.0,4.2222,3.2222,4.4444,4.2222,4.7778,4.8889,3.4444,6.1111
109,110,stimulus_110,/pscratch/sd/s/sjmoon/EmoFM/videos/CowenEmotionVideos/0110.mp4,True,0.076923,0.0,0.076923,0.0,0.076923,0.0,0.076923,0.0,0.076923,0.0,0.0,0.076923,0.84615,0.0,0.0,0.0,0.0,0.0,0.0,0.0,0.0,0.0,0.0,0.076923,0.0,0.0,0.0,0.0,0.0,0.076923,0.0,0.0,0.0,0.0,5.7778,4.7778,7.0,6.8889,4.7778,6.0,5.5556,6.1111,2.0,5.6667,5.8889,5.1111,6.3333,5.6667
110,111,stimulus_111,/pscratch/sd/s/sjmoon/EmoFM/videos/CowenEmotionVideos/0111.mp4,True,0.0,0.23077,0.0,0.0,0.0,0.0,0.0,0.0,0.076923,0.0,0.0,0.0,0.076923,0.0,0.0,0.0,0.076923,0.15385,0.076923,0.0,0.0,0.0,0.0,0.0,0.076923,0.0,0.076923,0.53846,0.076923,0.0,0.38462,0.0,0.0,0.0,6.1111,4.6667,6.7778,6.5556,5.4444,6.4444,6.4444,7.1111,2.0,6.2222,6.0,3.7778,6.6667,6.3333
111,112,stimulus_112,/pscratch/sd/s/sjmoon/EmoFM/videos/CowenEmotionVideos/0112.mp4,True,0.0,0.0,0.0,0.0,0.0,0.0,0.0,0.15385,0.0,0.0,0.0,0.0,0.0,0.0,0.076923,0.0,0.0,0.15385,0.0,0.0,0.0,0.0,0.0,0.0,0.0,0.0,0.0,0.0,0.0,0.0,0.84615,0.0,0.0,0.0,6.7778,6.0,6.1111,5.3333,5.8889,5.8889,5.5556,6.4444,3.6667,5.2222,5.2222,5.0,5.5556,5.5556
112,113,stimulus_113,/pscratch/sd/s/sjmoon/EmoFM/videos/CowenEmotionVideos/0113.mp4,True,0.0,0.46154,0.0,0.23077,0.0,0.0,0.38462,0.0,0.0,0.0,0.0,0.076923,0.0,0.0,0.0,0.0,0.0,0.0,0.076923,0.0,0.0,0.0,0.0,0.30769,0.076923,0.0,0.0,0.0,0.0,0.0,0.0,0.0,0.076923,0.0,5.5556,3.7778,7.2222,6.7778,5.8889,6.3333,5.8889,7.5556,2.4444,3.4444,6.8889,4.3333,6.1111,6.0
113,114,stimulus_114,/pscratch/sd/s/sjmoon/EmoFM/videos/CowenEmotionVideos/0114.mp4,True,0.0,0.0,0.0,0.38462,0.0,0.0,0.0,0.076923,0.15385,0.0,0.076923,0.0,0.0,0.0,0.076923,0.0,0.0,0.0,0.0,0.0,0.0,0.0,0.15385,0.076923,0.23077,0.0,0.0,0.0,0.0,0.0,0.0,0.0,0.0,0.076923,5.7778,5.2222,5.6667,5.2222,4.8889,5.4444,5.2222,5.5556,2.1111,5.2222,5.6667,3.6667,5.1111,5.2222
114,115,stimulus_115,/pscratch/sd/s/sjmoon/EmoFM/videos/CowenEmotionVideos/0115.mp4,True,0.0,0.0,0.0,0.30769,0.0,0.15385,0.076923,0.0,0.15385,0.0,0.076923,0.076923,0.0,0.0,0.0,0.0,0.0,0.0,0.23077,0.076923,0.0,0.0,0.076923,0.0,0.0,0.0,0.076923,0.0,0.0,0.076923,0.0,0.076923,0.0,0.076923,6.0,5.2222,5.3333,3.4444,5.4444,4.2222,3.4444,5.0,4.1111,5.1111,3.3333,3.8889,3.4444,6.0
115,116,stimulus_116,/pscratch/sd/s/sjmoon/EmoFM/videos/CowenEmotionVideos/0116.mp4,True,0.0,0.076923,0.076923,0.0,0.0,0.0,0.076923,0.0,0.076923,0.0,0.0,0.0,0.0,0.0,0.0,0.0,0.0,0.15385,0.0,0.0,0.0,0.0,0.0,0.076923,0.0,0.0,0.0,0.84615,0.0,0.0,0.0,0.0,0.076923,0.0,5.7778,4.8889,6.8889,6.0,4.8889,5.5556,6.5556,7.0,2.1111,6.1111,5.8889,4.1111,5.8889,6.0
116,117,stimulus_117,/pscratch/sd/s/sjmoon/EmoFM/videos/CowenEmotionVideos/0117.mp4,True,0.0,0.0,0.0,0.15385,0.076923,0.076923,0.0,0.076923,0.30769,0.0,0.30769,0.0,0.0,0.076923,0.0,0.076923,0.0,0.0,0.0,0.15385,0.076923,0.0,0.0,0.076923,0.0,0.0,0.0,0.0,0.0,0.076923,0.0,0.076923,0.0,0.0,4.0,4.3333,4.6667,4.2222,3.4444,4.3333,4.4444,5.5556,2.8889,3.5556,5.0,5.2222,4.1111,4.3333
117,118,stimulus_118,/pscratch/sd/s/sjmoon/EmoFM/videos/CowenEmotionVideos/0118.mp4,True,0.0,0.0,0.23077,0.0,0.0,0.0,0.15385,0.0,0.0,0.0,0.23077,0.0,0.0,0.23077,0.0,0.0,0.076923,0.0,0.0,0.076923,0.0,0.076923,0.076923,0.0,0.0,0.0,0.0,0.0,0.15385,0.0,0.0,0.0,0.076923,0.0,5.4444,4.4444,4.4444,3.8889,4.8889,4.3333,4.7778,4.2222,2.7778,4.8889,3.6667,4.2222,4.5556,4.1111
118,119,stimulus_119,/pscratch/sd/s/sjmoon/EmoFM/videos/CowenEmotionVideos/0119.mp4,True,0.0,0.0,0.0,0.23077,0.076923,0.076923,0.0,0.15385,0.076923,0.0,0.0,0.0,0.0,0.076923,0.30769,0.0,0.0,0.0,0.0,0.0,0.0,0.0,0.0,0.0,0.0,0.0,0.0,0.076923,0.15385,0.0,0.0,0.076923,0.0,0.0,5.3333,5.4444,3.4444,2.7778,5.1111,5.4444,4.0,4.6667,4.3333,4.3333,3.2222,4.4444,4.6667,4.7778
119,120,stimulus_120,/pscratch/sd/s/sjmoon/EmoFM/videos/CowenEmotionVideos/0120.mp4,True,0.0,0.0,0.076923,0.38462,0.0,0.0,0.0,0.0,0.15385,0.0,0.0,0.0,0.0,0.0,0.0,0.0,0.0,0.0,0.0,0.076923,0.0,0.0,0.0,0.0,0.0,0.0,0.076923,0.0,0.15385,0.0,0.0,0.38462,0.076923,0.0,4.3333,5.0,5.7778,5.4444,5.5556,4.7778,5.8889,6.3333,2.8889,5.0,5.6667,4.4444,5.7778,6.6667
120,121,stimulus_121,/pscratch/sd/s/sjmoon/EmoFM/videos/CowenEmotionVideos/0121.mp4,True,0.0,0.066667,0.0,0.13333,0.0,0.13333,0.2,0.0,0.13333,0.0,0.0,0.0,0.0,0.0,0.0,0.0,0.0,0.0,0.13333,0.2,0.0,0.0,0.066667,0.26667,0.0,0.0,0.0,0.0,0.0,0.0,0.0,0.26667,0.066667,0.066667,5.3333,4.1111,5.8889,4.5556,5.1111,4.4444,5.0,6.0,3.7778,5.0,4.5556,2.1111,3.5556,6.2222
121,122,stimulus_122,/pscratch/sd/s/sjmoon/EmoFM/videos/CowenEmotionVideos/0122.mp4,True,0.0,0.0,0.0,0.33333,0.0,0.13333,0.0,0.13333,0.0,0.0,0.0,0.0,0.0,0.0,0.0,0.066667,0.0,0.0,0.066667,0.26667,0.066667,0.0,0.0,0.0,0.0,0.0,0.0,0.0,0.13333,0.0,0.0,0.2,0.13333,0.0,5.5556,3.8889,3.7778,2.6667,6.2222,4.6667,3.3333,1.6667,2.8889,2.8889,4.5556,2.6667,1.8889,2.1111
122,123,stimulus_123,/pscratch/sd/s/sjmoon/EmoFM/videos/CowenEmotionVideos/0123.mp4,True,0.0,0.13333,0.0,0.46667,0.0,0.0,0.2,0.0,0.066667,0.0,0.0,0.0,0.0,0.0,0.0,0.0,0.0,0.0,0.0,0.0,0.0,0.0,0.2,0.46667,0.066667,0.0,0.0,0.0,0.0,0.0,0.0,0.0,0.0,0.0,5.2222,4.0,7.6667,7.7778,6.4444,6.2222,5.7778,7.6667,2.6667,6.2222,6.3333,2.1111,6.8889,6.3333
123,124,stimulus_124,/pscratch/sd/s/sjmoon/EmoFM/videos/CowenEmotionVideos/0124.mp4,True,0.0,0.0,0.0,0.0,0.26667,0.066667,0.0,0.0,0.0,0.0,0.2,0.2,0.0,0.2,0.4,0.066667,0.0,0.0,0.0,0.066667,0.0,0.066667,0.0,0.0,0.0,0.0,0.0,0.0,0.26667,0.0,0.0,0.2,0.066667,0.0,3.7778,3.0,2.8889,1.7778,5.6667,4.1111,3.5556,3.0,3.5556,2.4444,3.6667,3.3333,1.8889,2.3333
124,125,stimulus_125,/pscratch/sd/s/sjmoon/EmoFM/videos/CowenEmotionVideos/0125.mp4,True,0.0,0.0,0.0,0.13333,0.0,0.066667,0.0,0.0,0.066667,0.13333,0.0,0.0,0.0,0.0,0.0,0.0,0.0,0.0,0.0,0.0,0.0,0.0,0.0,0.26667,0.13333,0.0,0.0,0.6,0.0,0.066667,0.33333,0.0,0.066667,0.0,5.8889,3.5556,7.0,7.2222,6.1111,6.1111,4.4444,8.0,1.1111,7.4444,6.1111,2.0,7.3333,7.0
125,126,stimulus_126,/pscratch/sd/s/sjmoon/EmoFM/videos/CowenEmotionVideos/0126.mp4,True,0.2,0.2,0.0,0.0,0.0,0.0,0.13333,0.0,0.0,0.0,0.0,0.0,0.0,0.0,0.0,0.0,0.0,0.066667,0.13333,0.0,0.0,0.0,0.13333,0.53333,0.0,0.0,0.0,0.13333,0.066667,0.2,0.0,0.2,0.13333,0.0,6.3333,4.2222,8.3333,7.7778,6.2222,6.8889,6.0,8.0,1.5556,7.1111,6.0,1.3333,8.0,8.1111
126,127,stimulus_127,/pscratch/sd/s/sjmoon/EmoFM/videos/CowenEmotionVideos/0127.mp4,True,0.0,0.0,0.0,0.0,0.0,0.0,0.0,0.0,0.0,0.0,0.13333,0.0,0.0,0.0,0.0,0.4,0.066667,0.0,0.0,0.4,0.0,0.4,0.0,0.0,0.0,0.0,0.0,0.0,0.26667,0.0,0.0,0.2,0.066667,0.0,6.5556,2.7778,2.1111,1.2222,6.8889,4.2222,3.4444,1.0,5.0,1.4444,4.8889,3.4444,1.2222,2.1111
127,128,stimulus_128,/pscratch/sd/s/sjmoon/EmoFM/videos/CowenEmotionVideos/0128.mp4,True,0.0,0.0,0.0,0.066667,0.0,0.066667,0.066667,0.0,0.0,0.0,0.066667,0.0,0.0,0.066667,0.066667,0.53333,0.0,0.0,0.066667,0.26667,0.0,0.33333,0.0,0.0,0.0,0.0,0.0,0.0,0.0,0.0,0.0,0.2,0.2,0.0,5.7778,3.8889,2.6667,1.3333,6.1111,3.6667,3.2222,1.6667,4.0,3.4444,3.6667,3.3333,1.0,1.4444
128,129,stimulus_129,/pscratch/sd/s/sjmoon/EmoFM/videos/CowenEmotionVideos/0129.mp4,True,0.0,0.0,0.0,0.066667,0.0,0.0,0.0,0.066667,0.0,0.0,0.066667,0.066667,0.0,0.2,0.0,0.13333,0.0,0.0,0.0,0.33333,0.0,0.26667,0.0,0.066667,0.0,0.0,0.0,0.0,0.13333,0.0,0.0,0.13333,0.13333,0.0,5.8889,3.3333,1.6667,1.6667,5.8889,4.3333,3.1111,1.1111,4.0,4.6667,1.7778,2.7778,1.3333,2.0
129,130,stimulus_130,/pscratch/sd/s/sjmoon/EmoFM/videos/CowenEmotionVideos/0130.mp4,True,0.0,0.0,0.0,0.0,0.0,0.0,0.0,0.13333,0.066667,0.0,0.0,0.066667,0.0,0.0,0.066667,0.0,0.0,0.0,0.066667,0.0,0.0,0.0,0.0,0.0,0.0,0.0,0.0,0.066667,0.0,0.0,0.66667,0.0,0.0,0.0,6.3333,3.0,5.8889,6.0,5.8889,5.7778,4.2222,7.2222,2.7778,5.6667,4.5556,3.1111,5.8889,6.1111
130,131,stimulus_131,/pscratch/sd/s/sjmoon/EmoFM/videos/CowenEmotionVideos/0131.mp4,True,0.0,0.066667,0.0,0.26667,0.0,0.0,0.0,0.13333,0.26667,0.066667,0.066667,0.0,0.0,0.0,0.0,0.0,0.0,0.0,0.0,0.0,0.0,0.0,0.0,0.066667,0.13333,0.0,0.0,0.0,0.0,0.0,0.0,0.0,0.0,0.0,4.5556,3.8889,5.7778,4.2222,5.0,5.0,3.8889,7.0,2.4444,6.1111,4.0,2.1111,6.3333,5.4444
131,132,stimulus_132,/pscratch/sd/s/sjmoon/EmoFM/videos/CowenEmotionVideos/0132.mp4,True,0.066667,0.0,0.0,0.0,0.0,0.2,0.0,0.066667,0.0,0.0,0.0,0.0,0.0,0.0,0.2,0.33333,0.0,0.066667,0.066667,0.2,0.0,0.2,0.0,0.0,0.0,0.0,0.0,0.0,0.066667,0.0,0.0,0.26667,0.13333,0.0,4.8889,3.5556,1.8889,1.3333,4.8889,4.2222,3.7778,2.2222,3.5556,3.1111,3.5556,4.5556,1.8889,1.7778
132,133,stimulus_133,/pscratch/sd/s/sjmoon/EmoFM/videos/CowenEmotionVideos/0133.mp4,True,0.0,0.0,0.0,0.13333,0.066667,0.13333,0.0,0.0,0.066667,0.0,0.0,0.0,0.0,0.0,0.066667,0.0,0.0,0.0,0.0,0.4,0.0,0.4,0.0,0.0,0.0,0.0,0.0,0.0,0.0,0.0,0.0,0.066667,0.0,0.0,5.1111,3.4444,1.6667,2.0,3.6667,3.1111,2.4444,2.5556,4.5556,3.2222,3.8889,4.7778,3.1111,2.1111
133,134,stimulus_134,/pscratch/sd/s/sjmoon/EmoFM/videos/CowenEmotionVideos/0134.mp4,True,0.0,0.0,0.2,0.33333,0.0,0.0,0.0,0.066667,0.066667,0.0,0.26667,0.0,0.0,0.0,0.066667,0.0,0.2,0.0,0.0,0.0,0.0,0.066667,0.13333,0.0,0.0,0.0,0.0,0.0,0.0,0.0,0.0,0.0,0.0,0.0,5.8889,5.1111,4.3333,6.3333,5.7778,4.4444,3.6667,6.7778,4.1111,5.7778,5.2222,4.8889,6.3333,5.5556
134,135,stimulus_135,/pscratch/sd/s/sjmoon/EmoFM/videos/CowenEmotionVideos/0135.mp4,True,0.0,0.0,0.0,0.0,0.13333,0.066667,0.0,0.0,0.0,0.0,0.0,0.066667,0.0,0.066667,0.53333,0.13333,0.0,0.0,0.0,0.2,0.066667,0.4,0.0,0.0,0.0,0.0,0.0,0.0,0.26667,0.0,0.0,0.0,0.0,0.0,4.2222,3.8889,1.6667,1.6667,2.6667,1.4444,4.3333,1.5556,7.7778,2.3333,2.1111,4.2222,1.5556,1.5556
135,136,stimulus_136,/pscratch/sd/s/sjmoon/EmoFM/videos/CowenEmotionVideos/0136.mp4,True,0.0,0.0,0.13333,0.0,0.0,0.13333,0.33333,0.0,0.0,0.0,0.2,0.066667,0.0,0.066667,0.0,0.0,0.0,0.0,0.0,0.066667,0.0,0.2,0.066667,0.0,0.0,0.066667,0.0,0.0,0.13333,0.0,0.0,0.0,0.0,0.0,3.6667,2.7778,2.2222,2.0,5.0,2.8889,4.4444,3.1111,4.3333,2.1111,3.4444,5.1111,2.6667,3.1111
136,137,stimulus_137,/pscratch/sd/s/sjmoon/EmoFM/videos/CowenEmotionVideos/0137.mp4,True,0.0,0.0,0.0,0.0,0.0,0.13333,0.13333,0.066667,0.0,0.0,0.0,0.0,0.0,0.0,0.0,0.13333,0.0,0.0,0.0,0.73333,0.0,0.53333,0.0,0.0,0.0,0.0,0.0,0.0,0.13333,0.0,0.0,0.066667,0.13333,0.0,3.2222,3.2222,2.2222,1.5556,4.1111,2.6667,4.6667,1.6667,5.6667,2.3333,3.6667,5.0,2.6667,1.8889
137,138,stimulus_138,/pscratch/sd/s/sjmoon/EmoFM/videos/CowenEmotionVideos/0138.mp4,True,0.0,0.0,0.0,0.066667,0.0,0.0,0.0,0.2,0.0,0.0,0.0,0.0,0.0,0.0,0.13333,0.0,0.0,0.0,0.066667,0.0,0.0,0.0,0.0,0.0,0.0,0.0,0.0,0.0,0.0,0.0,0.66667,0.0,0.0,0.0,4.8889,4.7778,4.7778,4.3333,3.2222,4.3333,4.4444,6.1111,3.6667,5.7778,4.5556,3.4444,5.3333,5.0
138,139,stimulus_139,/pscratch/sd/s/sjmoon/EmoFM/videos/CowenEmotionVideos/0139.mp4,True,0.0,0.0,0.0,0.0,0.0,0.0,0.0,0.13333,0.066667,0.0,0.0,0.066667,0.0,0.0,0.066667,0.0,0.0,0.0,0.0,0.0,0.0,0.0,0.0,0.0,0.0,0.0,0.0,0.46667,0.0,0.0,0.53333,0.0,0.0,0.0,5.7778,5.1111,4.6667,5.3333,5.3333,5.4444,6.0,7.1111,3.3333,5.3333,4.6667,3.5556,5.4444,6.7778
139,140,stimulus_140,/pscratch/sd/s/sjmoon/EmoFM/videos/CowenEmotionVideos/0140.mp4,True,0.0,0.0,0.0,0.066667,0.0,0.0,0.0,0.066667,0.066667,0.0,0.0,0.0,0.0,0.0,0.066667,0.0,0.0,0.0,0.13333,0.066667,0.0,0.0,0.0,0.0,0.0,0.0,0.0,0.066667,0.0,0.0,0.6,0.0,0.0,0.0,7.3333,4.3333,6.0,6.4444,4.5556,5.7778,5.7778,5.6667,2.4444,5.3333,4.6667,3.5556,5.3333,5.1111
140,141,stimulus_141,/pscratch/sd/s/sjmoon/EmoFM/videos/CowenEmotionVideos/0141.mp4,True,0.0,0.0,0.0,0.0,0.0,0.066667,0.0,0.066667,0.0,0.0,0.0,0.0,0.0,0.0,0.53333,0.2,0.066667,0.0,0.0,0.26667,0.0,0.26667,0.0,0.0,0.0,0.0,0.0,0.0,0.066667,0.0,0.0,0.0,0.0,0.0,3.3333,2.7778,1.6667,1.4444,4.3333,2.7778,3.7778,4.2222,6.4444,1.7778,3.0,4.3333,2.4444,1.5556
141,142,stimulus_142,/pscratch/sd/s/sjmoon/EmoFM/videos/CowenEmotionVideos/0142.mp4,True,0.0,0.0,0.0,0.4,0.0,0.0,0.0,0.0,0.13333,0.0,0.0,0.0,0.0,0.0,0.066667,0.0,0.0,0.0,0.0,0.0,0.0,0.0,0.066667,0.13333,0.46667,0.0,0.0,0.0,0.0,0.066667,0.0,0.0,0.0,0.0,4.8889,4.3333,6.2222,6.4444,4.3333,5.4444,6.1111,7.1111,2.4444,6.3333,5.4444,3.7778,7.0,4.8889
142,143,stimulus_143,/pscratch/sd/s/sjmoon/EmoFM/videos/CowenEmotionVideos/0143.mp4,True,0.0,0.0,0.0,0.2,0.066667,0.13333,0.066667,0.0,0.0,0.0,0.066667,0.0,0.0,0.13333,0.0,0.066667,0.066667,0.0,0.066667,0.33333,0.0,0.066667,0.066667,0.0,0.0,0.0,0.0,0.0,0.0,0.0,0.0,0.2,0.13333,0.0,4.8889,3.7778,4.2222,2.6667,6.2222,4.8889,5.0,3.4444,3.1111,3.8889,4.2222,4.5556,3.0,3.8889
143,144,stimulus_144,/pscratch/sd/s/sjmoon/EmoFM/videos/CowenEmotionVideos/0144.mp4,True,0.0,0.0,0.066667,0.0,0.0,0.0,0.066667,0.0,0.2,0.0,0.0,0.0,0.46667,0.0,0.066667,0.0,0.0,0.13333,0.0,0.0,0.0,0.0,0.13333,0.0,0.066667,0.0,0.0,0.0,0.0,0.0,0.0,0.0,0.0,0.0,4.0,4.5556,5.0,6.1111,4.4444,4.2222,4.0,7.0,1.8889,5.8889,4.5556,3.4444,6.1111,5.4444
144,145,stimulus_145,/pscratch/sd/s/sjmoon/EmoFM/videos/CowenEmotionVideos/0145.mp4,True,0.0,0.0,0.066667,0.066667,0.0,0.13333,0.26667,0.0,0.0,0.0,0.0,0.0,0.0,0.0,0.0,0.0,0.0,0.0,0.066667,0.46667,0.0,0.13333,0.26667,0.0,0.0,0.0,0.0,0.0,0.0,0.0,0.0,0.13333,0.0,0.0,7.0,4.5556,4.0,3.1111,6.1111,5.2222,5.0,3.5556,2.8889,4.4444,4.3333,3.8889,2.2222,5.4444
145,146,stimulus_146,/pscratch/sd/s/sjmoon/EmoFM/videos/CowenEmotionVideos/0146.mp4,True,0.13333,0.0,0.4,0.13333,0.0,0.13333,0.46667,0.0,0.066667,0.0,0.0,0.0,0.0,0.0,0.0,0.0,0.13333,0.066667,0.2,0.0,0.0,0.0,0.13333,0.13333,0.0,0.0,0.0,0.0,0.0,0.0,0.0,0.26667,0.0,0.0,7.5556,5.1111,7.2222,6.6667,7.7778,6.3333,6.5556,6.3333,2.4444,6.1111,5.2222,3.8889,4.6667,6.3333
146,147,stimulus_147,/pscratch/sd/s/sjmoon/EmoFM/videos/CowenEmotionVideos/0147.mp4,True,0.0,0.0,0.33333,0.26667,0.0,0.0,0.0,0.0,0.066667,0.13333,0.13333,0.0,0.0,0.0,0.0,0.0,0.13333,0.0,0.0,0.0,0.0,0.0,0.066667,0.0,0.0,0.0,0.0,0.0,0.0,0.066667,0.0,0.2,0.0,0.0,6.2222,5.6667,6.5556,6.5556,7.0,5.5556,4.8889,6.6667,2.1111,6.1111,4.1111,4.1111,5.5556,6.2222
147,148,stimulus_148,/pscratch/sd/s/sjmoon/EmoFM/videos/CowenEmotionVideos/0148.mp4,True,0.0,0.0,0.0,0.0,0.0,0.066667,0.46667,0.0,0.0,0.0,0.26667,0.0,0.0,0.0,0.0,0.0,0.2,0.0,0.066667,0.13333,0.0,0.0,0.066667,0.0,0.0,0.0,0.0,0.0,0.0,0.0,0.0,0.2,0.0,0.0,7.1111,4.8889,5.2222,5.1111,7.1111,4.7778,4.8889,4.4444,2.8889,4.7778,4.8889,4.4444,4.1111,6.1111
148,149,stimulus_149,/pscratch/sd/s/sjmoon/EmoFM/videos/CowenEmotionVideos/0149.mp4,True,0.13333,0.066667,0.66667,0.0,0.0,0.0,0.4,0.0,0.066667,0.2,0.0,0.0,0.0,0.0,0.0,0.0,0.066667,0.0,0.0,0.0,0.0,0.0,0.066667,0.066667,0.0,0.0,0.0,0.0,0.0,0.066667,0.0,0.0,0.0,0.0,6.3333,4.2222,8.3333,7.7778,7.4444,7.0,6.1111,7.5556,1.6667,6.4444,5.5556,3.1111,7.2222,6.3333
149,150,stimulus_150,/pscratch/sd/s/sjmoon/EmoFM/videos/CowenEmotionVideos/0150.mp4,True,0.066667,0.33333,0.066667,0.13333,0.0,0.0,0.13333,0.0,0.066667,0.13333,0.0,0.0,0.0,0.0,0.0,0.0,0.0,0.0,0.0,0.066667,0.0,0.0,0.26667,0.26667,0.0,0.0,0.0,0.0,0.066667,0.0,0.0,0.0,0.0,0.0,5.8889,3.6667,5.8889,7.0,6.4444,5.2222,7.0,6.8889,3.1111,5.0,5.3333,4.0,5.6667,6.2222
150,151,stimulus_151,/pscratch/sd/s/sjmoon/EmoFM/videos/CowenEmotionVideos/0151.mp4,True,0.0,0.15385,0.0,0.53846,0.0,0.0,0.30769,0.0,0.0,0.0,0.0,0.0,0.0,0.0,0.0,0.0,0.0,0.0,0.0,0.0,0.0,0.0,0.0,0.23077,0.0,0.0,0.0,0.0,0.0,0.15385,0.0,0.15385,0.0,0.0,5.8889,4.8889,8.0,7.6667,6.1111,7.0,6.5556,7.1111,2.2222,6.2222,4.8889,3.4444,6.7778,7.0
151,152,stimulus_152,/pscratch/sd/s/sjmoon/EmoFM/videos/CowenEmotionVideos/0152.mp4,True,0.0,0.0,0.38462,0.0,0.0,0.0,0.0,0.0,0.0,0.0,0.0,0.0,0.69231,0.0,0.0,0.0,0.15385,0.0,0.076923,0.0,0.0,0.0,0.076923,0.076923,0.0,0.0,0.0,0.0,0.0,0.15385,0.0,0.0,0.0,0.0,7.1111,4.6667,8.3333,7.4444,7.2222,7.4444,5.0,7.5556,1.8889,7.1111,5.2222,2.7778,6.5556,7.2222
152,153,stimulus_153,/pscratch/sd/s/sjmoon/EmoFM/videos/CowenEmotionVideos/0153.mp4,True,0.0,0.0,0.0,0.0,0.076923,0.15385,0.0,0.0,0.0,0.0,0.30769,0.0,0.0,0.0,0.15385,0.15385,0.0,0.0,0.076923,0.30769,0.15385,0.38462,0.0,0.0,0.0,0.0,0.0,0.0,0.30769,0.0,0.0,0.076923,0.0,0.076923,5.1111,4.8889,1.7778,1.2222,4.8889,3.6667,4.4444,2.4444,5.0,2.2222,3.7778,4.6667,1.6667,4.4444
153,154,stimulus_154,/pscratch/sd/s/sjmoon/EmoFM/videos/CowenEmotionVideos/0154.mp4,True,0.0,0.0,0.0,0.0,0.0,0.15385,0.076923,0.0,0.0,0.0,0.076923,0.0,0.0,0.0,0.076923,0.30769,0.0,0.0,0.15385,0.23077,0.076923,0.30769,0.0,0.0,0.0,0.0,0.0,0.0,0.30769,0.0,0.0,0.38462,0.15385,0.0,5.0,3.5556,1.2222,1.2222,5.1111,2.4444,4.0,1.3333,5.8889,2.2222,2.8889,4.6667,1.3333,1.2222
154,155,stimulus_155,/pscratch/sd/s/sjmoon/EmoFM/videos/CowenEmotionVideos/0155.mp4,True,0.076923,0.0,0.0,0.30769,0.0,0.0,0.23077,0.076923,0.0,0.0,0.38462,0.0,0.0,0.0,0.15385,0.0,0.0,0.0,0.076923,0.0,0.0,0.076923,0.15385,0.076923,0.0,0.0,0.0,0.0,0.0,0.076923,0.0,0.23077,0.0,0.0,5.0,4.5556,4.4444,4.0,6.0,4.8889,4.4444,5.3333,2.6667,5.0,4.0,2.7778,3.6667,6.7778
155,156,stimulus_156,/pscratch/sd/s/sjmoon/EmoFM/videos/CowenEmotionVideos/0156.mp4,True,0.0,0.0,0.23077,0.23077,0.0,0.0,0.23077,0.0,0.0,0.0,0.0,0.0,0.0,0.0,0.0,0.0,0.15385,0.0,0.38462,0.076923,0.0,0.0,0.15385,0.076923,0.0,0.0,0.0,0.0,0.0,0.15385,0.0,0.076923,0.0,0.0,6.7778,5.4444,5.2222,4.7778,6.4444,5.0,4.5556,5.4444,2.3333,5.8889,4.2222,3.5556,3.5556,6.2222
156,157,stimulus_157,/pscratch/sd/s/sjmoon/EmoFM/videos/CowenEmotionVideos/0157.mp4,True,0.076923,0.0,0.15385,0.0,0.0,0.0,0.076923,0.0,0.0,0.0,0.076923,0.0,0.0,0.0,0.0,0.0,0.0,0.0,0.15385,0.076923,0.0,0.0,0.53846,0.076923,0.0,0.0,0.0,0.0,0.0,0.0,0.0,0.46154,0.0,0.0,6.8889,5.3333,5.2222,4.5556,7.4444,4.0,4.8889,3.4444,4.0,5.8889,4.7778,4.4444,5.1111,3.7778
157,158,stimulus_158,/pscratch/sd/s/sjmoon/EmoFM/videos/CowenEmotionVideos/0158.mp4,True,0.0,0.0,0.0,0.0,0.15385,0.15385,0.0,0.0,0.0,0.0,0.30769,0.076923,0.0,0.076923,0.30769,0.0,0.0,0.0,0.076923,0.30769,0.0,0.0,0.0,0.0,0.0,0.0,0.0,0.0,0.38462,0.0,0.0,0.15385,0.0,0.0,5.4444,4.3333,1.8889,1.4444,6.3333,4.1111,5.0,1.7778,4.5556,2.7778,3.7778,4.2222,2.6667,1.8889
158,159,stimulus_159,/pscratch/sd/s/sjmoon/EmoFM/videos/CowenEmotionVideos/0159.mp4,True,0.0,0.0,0.0,0.38462,0.0,0.0,0.076923,0.076923,0.0,0.0,0.15385,0.0,0.0,0.0,0.0,0.0,0.0,0.0,0.076923,0.0,0.0,0.0,0.0,0.076923,0.0,0.0,0.076923,0.0,0.0,0.076923,0.0,0.30769,0.15385,0.0,5.4444,4.7778,3.4444,3.0,6.3333,4.0,4.1111,3.7778,2.6667,4.4444,4.8889,2.7778,3.8889,4.8889
159,160,stimulus_160,/pscratch/sd/s/sjmoon/EmoFM/videos/CowenEmotionVideos/0160.mp4,True,0.0,0.076923,0.0,0.38462,0.0,0.0,0.15385,0.076923,0.0,0.0,0.15385,0.0,0.0,0.0,0.0,0.0,0.0,0.0,0.076923,0.38462,0.0,0.076923,0.0,0.15385,0.0,0.0,0.076923,0.0,0.0,0.0,0.0,0.15385,0.0,0.0,5.8889,5.2222,4.6667,4.0,7.3333,4.3333,5.3333,4.1111,2.7778,4.6667,4.3333,3.4444,5.6667,4.8889
160,161,stimulus_161,/pscratch/sd/s/sjmoon/EmoFM/videos/CowenEmotionVideos/0161.mp4,True,0.0,0.076923,0.0,0.38462,0.0,0.0,0.076923,0.0,0.0,0.0,0.0,0.0,0.0,0.0,0.0,0.0,0.0,0.0,0.076923,0.0,0.0,0.0,0.0,0.38462,0.0,0.0,0.0,0.0,0.0,0.15385,0.0,0.30769,0.0,0.0,5.8889,5.1111,8.1111,7.3333,6.4444,5.8889,6.3333,7.4444,2.3333,7.2222,5.8889,3.5556,7.2222,7.2222
161,162,stimulus_162,/pscratch/sd/s/sjmoon/EmoFM/videos/CowenEmotionVideos/0162.mp4,True,0.0,0.0,0.0,0.0,0.0,0.076923,0.0,0.0,0.0,0.0,0.0,0.0,0.0,0.0,0.0,0.0,0.0,0.0,0.076923,0.0,0.0,0.0,0.15385,0.0,0.0,0.0,0.0,0.15385,0.0,0.0,0.92308,0.0,0.0,0.0,7.5556,5.2222,7.1111,5.7778,6.4444,6.0,4.1111,7.0,3.5556,6.4444,5.3333,4.6667,7.1111,7.1111
162,163,stimulus_163,/pscratch/sd/s/sjmoon/EmoFM/videos/CowenEmotionVideos/0163.mp4,True,0.0,0.076923,0.0,0.38462,0.0,0.0,0.15385,0.0,0.076923,0.0,0.076923,0.0,0.0,0.0,0.0,0.0,0.0,0.0,0.0,0.0,0.0,0.0,0.23077,0.15385,0.0,0.0,0.0,0.0,0.0,0.0,0.0,0.30769,0.0,0.0,6.4444,5.3333,8.1111,7.3333,7.4444,4.7778,6.0,7.3333,2.2222,7.2222,5.3333,3.5556,6.7778,7.3333
163,164,stimulus_164,/pscratch/sd/s/sjmoon/EmoFM/videos/CowenEmotionVideos/0164.mp4,True,0.15385,0.076923,0.0,0.076923,0.076923,0.0,0.076923,0.0,0.076923,0.0,0.0,0.076923,0.0,0.0,0.0,0.0,0.0,0.0,0.15385,0.0,0.0,0.0,0.076923,0.30769,0.15385,0.0,0.0,0.0,0.0,0.076923,0.0,0.076923,0.0,0.076923,5.4444,5.0,7.4444,6.6667,6.7778,6.6667,6.5556,8.1111,1.2222,7.7778,6.3333,2.2222,7.4444,6.8889
164,165,stimulus_165,/pscratch/sd/s/sjmoon/EmoFM/videos/CowenEmotionVideos/0165.mp4,True,0.076923,0.076923,0.0,0.38462,0.0,0.0,0.30769,0.0,0.0,0.0,0.0,0.0,0.0,0.0,0.0,0.0,0.0,0.076923,0.23077,0.0,0.0,0.0,0.0,0.61538,0.0,0.0,0.0,0.0,0.0,0.23077,0.0,0.0,0.0,0.0,6.1111,4.5556,8.3333,7.3333,7.2222,6.3333,6.4444,7.6667,2.4444,8.2222,6.5556,3.3333,6.1111,7.3333
165,166,stimulus_166,/pscratch/sd/s/sjmoon/EmoFM/videos/CowenEmotionVideos/0166.mp4,True,0.0,0.0,0.0,0.0,0.0,0.076923,0.0,0.0,0.0,0.0,0.0,0.0,0.0,0.0,0.0,0.30769,0.0,0.0,0.076923,0.46154,0.0,0.46154,0.0,0.0,0.0,0.0,0.0,0.0,0.23077,0.0,0.0,0.23077,0.15385,0.0,6.2222,4.4444,1.1111,1.7778,7.4444,3.3333,5.4444,2.2222,4.8889,3.6667,4.7778,3.8889,2.4444,1.7778
166,167,stimulus_167,/pscratch/sd/s/sjmoon/EmoFM/videos/CowenEmotionVideos/0167.mp4,True,0.23077,0.0,0.0,0.46154,0.0,0.0,0.15385,0.0,0.0,0.0,0.076923,0.0,0.0,0.0,0.0,0.0,0.0,0.0,0.15385,0.0,0.0,0.0,0.23077,0.076923,0.0,0.0,0.0,0.0,0.0,0.076923,0.38462,0.30769,0.0,0.076923,6.4444,5.5556,8.1111,7.3333,6.8889,6.3333,5.0,7.6667,2.7778,7.1111,5.1111,2.7778,6.8889,7.8889
167,168,stimulus_168,/pscratch/sd/s/sjmoon/EmoFM/videos/CowenEmotionVideos/0168.mp4,True,0.0,0.23077,0.0,0.53846,0.0,0.0,0.38462,0.0,0.0,0.0,0.0,0.0,0.0,0.0,0.0,0.0,0.0,0.0,0.0,0.0,0.0,0.0,0.0,0.38462,0.0,0.0,0.0,0.0,0.0,0.0,0.0,0.076923,0.0,0.0,5.0,5.5556,6.2222,5.7778,5.1111,5.4444,5.7778,5.8889,2.4444,6.2222,5.8889,3.2222,7.3333,5.8889
168,169,stimulus_169,/pscratch/sd/s/sjmoon/EmoFM/videos/CowenEmotionVideos/0169.mp4,True,0.0,0.0,0.076923,0.23077,0.0,0.0,0.15385,0.15385,0.076923,0.0,0.0,0.0,0.0,0.0,0.15385,0.0,0.0,0.0,0.0,0.0,0.0,0.0,0.30769,0.0,0.0,0.0,0.0,0.0,0.0,0.0,0.0,0.23077,0.0,0.0,5.5556,5.2222,4.1111,2.5556,6.3333,5.0,5.6667,6.3333,3.8889,5.2222,4.0,3.0,4.6667,5.2222
169,170,stimulus_170,/pscratch/sd/s/sjmoon/EmoFM/videos/CowenEmotionVideos/0170.mp4,True,0.0,0.0,0.076923,0.0,0.0,0.076923,0.0,0.0,0.0,0.0,0.076923,0.0,0.0,0.0,0.0,0.0,0.076923,0.0,0.23077,0.23077,0.0,0.23077,0.15385,0.0,0.0,0.0,0.15385,0.0,0.076923,0.15385,0.0,0.38462,0.0,0.076923,7.7778,4.3333,3.4444,2.4444,7.7778,4.7778,6.4444,2.5556,3.4444,4.4444,4.5556,3.7778,2.8889,4.6667
170,171,stimulus_171,/pscratch/sd/s/sjmoon/EmoFM/videos/CowenEmotionVideos/0171.mp4,True,0.076923,0.076923,0.53846,0.076923,0.0,0.0,0.23077,0.0,0.0,0.15385,0.0,0.0,0.0,0.0,0.0,0.0,0.076923,0.0,0.0,0.0,0.0,0.0,0.23077,0.076923,0.0,0.0,0.0,0.0,0.0,0.076923,0.0,0.0,0.0,0.0,6.1111,4.7778,6.2222,4.4444,6.8889,6.2222,5.0,6.4444,2.0,5.4444,4.4444,3.5556,5.3333,6.2222
171,172,stimulus_172,/pscratch/sd/s/sjmoon/EmoFM/videos/CowenEmotionVideos/0172.mp4,True,0.0,0.23077,0.0,0.53846,0.0,0.0,0.23077,0.0,0.0,0.076923,0.0,0.0,0.0,0.0,0.0,0.0,0.076923,0.0,0.0,0.0,0.0,0.0,0.23077,0.23077,0.0,0.0,0.0,0.0,0.0,0.076923,0.0,0.0,0.0,0.0,5.7778,3.3333,7.6667,7.6667,5.8889,5.8889,5.8889,8.2222,2.0,6.6667,4.6667,2.6667,7.3333,7.5556
172,173,stimulus_173,/pscratch/sd/s/sjmoon/EmoFM/videos/CowenEmotionVideos/0173.mp4,True,0.0,0.0,0.0,0.15385,0.0,0.0,0.076923,0.0,0.076923,0.0,0.15385,0.0,0.0,0.0,0.0,0.0,0.0,0.0,0.15385,0.0,0.0,0.0,0.0,0.23077,0.0,0.0,0.0,0.0,0.0,0.23077,0.0,0.23077,0.0,0.30769,5.8889,5.7778,6.5556,5.8889,7.2222,4.6667,5.4444,7.6667,3.2222,5.5556,5.8889,2.6667,6.5556,5.8889
173,174,stimulus_174,/pscratch/sd/s/sjmoon/EmoFM/videos/CowenEmotionVideos/0174.mp4,True,0.0,0.0,0.0,0.38462,0.0,0.0,0.23077,0.0,0.0,0.0,0.076923,0.0,0.0,0.0,0.0,0.0,0.076923,0.0,0.076923,0.0,0.0,0.0,0.0,0.15385,0.0,0.0,0.0,0.0,0.0,0.30769,0.0,0.30769,0.0,0.076923,5.5556,5.3333,5.2222,4.4444,5.7778,5.3333,4.1111,5.7778,4.0,5.6667,5.3333,3.5556,4.4444,6.3333
174,175,stimulus_175,/pscratch/sd/s/sjmoon/EmoFM/videos/CowenEmotionVideos/0175.mp4,True,0.0,0.0,0.53846,0.0,0.0,0.0,0.15385,0.0,0.076923,0.076923,0.076923,0.0,0.0,0.0,0.0,0.0,0.15385,0.0,0.0,0.0,0.0,0.0,0.30769,0.076923,0.0,0.0,0.0,0.0,0.0,0.076923,0.0,0.076923,0.0,0.0,6.5556,5.4444,5.7778,5.3333,6.7778,5.0,4.5556,6.7778,3.1111,5.6667,4.2222,2.8889,5.8889,5.5556
175,176,stimulus_176,/pscratch/sd/s/sjmoon/EmoFM/videos/CowenEmotionVideos/0176.mp4,True,0.0,0.0,0.0,0.23077,0.0,0.0,0.0,0.0,0.076923,0.0,0.0,0.0,0.0,0.0,0.0,0.0,0.0,0.0,0.0,0.0,0.0,0.0,0.15385,0.076923,0.61538,0.0,0.076923,0.0,0.0,0.076923,0.0,0.0,0.0,0.0,7.7778,6.3333,7.3333,7.5556,8.2222,6.2222,6.3333,7.3333,2.7778,6.4444,6.2222,2.1111,6.8889,7.1111
176,177,stimulus_177,/pscratch/sd/s/sjmoon/EmoFM/videos/CowenEmotionVideos/0177.mp4,True,0.0,0.0,0.0,0.61538,0.0,0.0,0.0,0.0,0.0,0.0,0.0,0.076923,0.0,0.0,0.0,0.0,0.0,0.0,0.0,0.076923,0.076923,0.0,0.0,0.30769,0.0,0.0,0.0,0.0,0.0,0.0,0.0,0.23077,0.15385,0.0,6.3333,5.5556,6.4444,3.6667,7.2222,5.0,6.2222,3.0,3.1111,4.8889,4.0,2.6667,5.4444,5.1111
177,178,stimulus_178,/pscratch/sd/s/sjmoon/EmoFM/videos/CowenEmotionVideos/0178.mp4,True,0.0,0.0,0.0,0.38462,0.0,0.0,0.0,0.0,0.30769,0.0,0.076923,0.076923,0.0,0.0,0.0,0.0,0.0,0.0,0.076923,0.0,0.0,0.0,0.0,0.076923,0.38462,0.0,0.0,0.0,0.0,0.0,0.0,0.0,0.0,0.0,4.3333,5.1111,6.3333,6.6667,5.0,5.3333,4.3333,7.2222,2.7778,5.5556,5.1111,2.5556,6.7778,6.4444
178,179,stimulus_179,/pscratch/sd/s/sjmoon/EmoFM/videos/CowenEmotionVideos/0179.mp4,True,0.0,0.076923,0.0,0.15385,0.0,0.0,0.076923,0.0,0.0,0.0,0.0,0.0,0.0,0.0,0.61538,0.0,0.0,0.0,0.0,0.076923,0.0,0.0,0.0,0.15385,0.0,0.0,0.0,0.0,0.0,0.0,0.0,0.23077,0.076923,0.0,4.0,2.8889,3.8889,3.5556,5.8889,4.4444,4.8889,4.6667,3.4444,4.8889,4.6667,4.5556,5.5556,3.3333
179,180,stimulus_180,/pscratch/sd/s/sjmoon/EmoFM/videos/CowenEmotionVideos/0180.mp4,True,0.0,0.0,0.69231,0.0,0.0,0.0,0.38462,0.0,0.0,0.23077,0.0,0.0,0.0,0.0,0.0,0.0,0.23077,0.0,0.0,0.0,0.0,0.0,0.15385,0.0,0.0,0.0,0.0,0.0,0.0,0.15385,0.0,0.0,0.0,0.0,6.3333,5.6667,6.3333,6.4444,7.1111,5.5556,4.6667,5.8889,3.7778,5.5556,4.7778,2.6667,6.1111,6.5556
180,181,stimulus_181,/pscratch/sd/s/sjmoon/EmoFM/videos/CowenEmotionVideos/0181.mp4,True,0.0,0.0,0.0,0.0,0.0,0.35714,0.0,0.0,0.0,0.0,0.0,0.0,0.0,0.071429,0.28571,0.0,0.071429,0.0,0.0,0.35714,0.0,0.35714,0.0,0.0,0.0,0.0,0.0,0.0,0.71429,0.0,0.0,0.14286,0.071429,0.0,5.3333,2.4444,1.0,1.1111,5.8889,4.1111,6.0,1.1111,5.7778,1.7778,3.3333,5.7778,2.2222,1.0
181,182,stimulus_182,/pscratch/sd/s/sjmoon/EmoFM/videos/CowenEmotionVideos/0182.mp4,True,0.14286,0.0,0.0,0.42857,0.0,0.0,0.35714,0.0,0.0,0.0,0.0,0.0,0.0,0.0,0.0,0.0,0.0,0.0,0.071429,0.0,0.0,0.0,0.21429,0.0,0.0,0.0,0.0,0.0,0.0,0.14286,0.0,0.35714,0.0,0.0,7.5556,6.1111,7.5556,7.2222,7.6667,6.6667,4.7778,7.7778,1.8889,6.2222,5.2222,2.2222,6.1111,8.1111
182,183,stimulus_183,/pscratch/sd/s/sjmoon/EmoFM/videos/CowenEmotionVideos/0183.mp4,True,0.28571,0.0,0.0,0.64286,0.0,0.0,0.0,0.0,0.071429,0.0,0.0,0.0,0.0,0.0,0.071429,0.0,0.0,0.071429,0.071429,0.0,0.0,0.0,0.071429,0.14286,0.0,0.0,0.0,0.0,0.0,0.0,0.0,0.14286,0.0,0.0,6.7778,5.0,6.4444,5.1111,6.5556,5.6667,4.7778,6.3333,3.1111,6.5556,5.1111,3.5556,4.5556,8.2222
183,184,stimulus_184,/pscratch/sd/s/sjmoon/EmoFM/videos/CowenEmotionVideos/0184.mp4,True,0.071429,0.5,0.0,0.14286,0.0,0.0,0.35714,0.0,0.0,0.14286,0.0,0.0,0.0,0.0,0.0,0.0,0.0,0.0,0.0,0.0,0.0,0.0,0.071429,0.5,0.071429,0.0,0.0,0.0,0.0,0.071429,0.0,0.0,0.0,0.0,6.7778,4.5556,8.7778,6.8889,7.3333,7.2222,7.6667,8.4444,1.7778,8.3333,7.5556,2.2222,7.8889,8.4444
184,185,stimulus_185,/pscratch/sd/s/sjmoon/EmoFM/videos/CowenEmotionVideos/0185.mp4,True,0.21429,0.0,0.0,0.14286,0.0,0.14286,0.35714,0.0,0.0,0.071429,0.0,0.0,0.0,0.0,0.0,0.0,0.071429,0.0,0.14286,0.071429,0.0,0.0,0.21429,0.071429,0.0,0.0,0.0,0.0,0.0,0.21429,0.0,0.14286,0.0,0.0,6.7778,4.7778,6.6667,5.4444,7.6667,6.1111,5.6667,6.8889,3.1111,6.2222,4.1111,2.4444,4.8889,6.8889
185,186,stimulus_186,/pscratch/sd/s/sjmoon/EmoFM/videos/CowenEmotionVideos/0186.mp4,True,0.0,0.0,0.0,0.0,0.0,0.14286,0.0,0.0,0.0,0.0,0.28571,0.0,0.0,0.0,0.42857,0.14286,0.0,0.0,0.0,0.21429,0.0,0.42857,0.0,0.0,0.0,0.0,0.0,0.0,0.14286,0.0,0.0,0.0,0.071429,0.0,3.6667,2.8889,1.3333,1.0,3.8889,2.6667,1.5556,1.4444,6.8889,1.3333,1.1111,5.5556,1.2222,1.6667
186,187,stimulus_187,/pscratch/sd/s/sjmoon/EmoFM/videos/CowenEmotionVideos/0187.mp4,True,0.0,0.0,0.0,0.0,0.0,0.071429,0.0,0.14286,0.0,0.0,0.071429,0.0,0.0,0.0,1.0,0.0,0.0,0.0,0.0,0.0,0.0,0.14286,0.0,0.0,0.0,0.0,0.0,0.0,0.071429,0.0,0.0,0.14286,0.071429,0.0,5.0,2.5556,1.0,1.0,3.4444,2.8889,1.5556,1.2222,5.8889,1.6667,1.3333,6.0,2.3333,1.2222
187,188,stimulus_188,/pscratch/sd/s/sjmoon/EmoFM/videos/CowenEmotionVideos/0188.mp4,True,0.14286,0.071429,0.0,0.64286,0.0,0.0,0.071429,0.071429,0.14286,0.071429,0.071429,0.0,0.0,0.0,0.0,0.0,0.0,0.0,0.0,0.0,0.0,0.0,0.21429,0.28571,0.0,0.071429,0.0,0.0,0.0,0.071429,0.0,0.071429,0.0,0.0,5.3333,5.0,7.4444,6.4444,6.8889,6.5556,6.5556,7.2222,2.5556,5.6667,7.1111,3.8889,5.8889,6.0
188,189,stimulus_189,/pscratch/sd/s/sjmoon/EmoFM/videos/CowenEmotionVideos/0189.mp4,True,0.0,0.0,0.0,0.21429,0.0,0.14286,0.071429,0.0,0.0,0.0,0.0,0.0,0.0,0.071429,0.071429,0.14286,0.0,0.0,0.21429,0.071429,0.0,0.14286,0.21429,0.0,0.0,0.0,0.0,0.0,0.14286,0.071429,0.0,0.14286,0.071429,0.0,7.4444,6.4444,2.2222,1.8889,7.0,5.1111,2.7778,3.1111,3.4444,4.2222,3.2222,4.3333,2.7778,4.2222
189,190,stimulus_190,/pscratch/sd/s/sjmoon/EmoFM/videos/CowenEmotionVideos/0190.mp4,True,0.0,0.0,0.0,0.0,0.0,0.64286,0.0,0.071429,0.0,0.0,0.071429,0.0,0.0,0.0,0.0,0.0,0.0,0.0,0.0,0.71429,0.0,0.071429,0.0,0.0,0.0,0.0,0.0,0.0,0.0,0.0,0.0,0.071429,0.0,0.0,6.2222,3.2222,1.7778,2.0,6.6667,3.1111,2.1111,1.6667,4.8889,3.5556,2.4444,5.2222,1.0,4.0
190,191,stimulus_191,/pscratch/sd/s/sjmoon/EmoFM/videos/CowenEmotionVideos/0191.mp4,True,0.0,0.0,0.0,0.21429,0.071429,0.0,0.14286,0.071429,0.071429,0.071429,0.0,0.071429,0.0,0.0,0.071429,0.0,0.0,0.0,0.21429,0.0,0.0,0.0,0.21429,0.21429,0.0,0.0,0.0,0.0,0.0,0.14286,0.0,0.0,0.0,0.071429,6.0,6.0,6.7778,6.4444,6.7778,6.8889,4.4444,7.2222,3.0,7.4444,5.7778,4.2222,7.1111,8.1111
191,192,stimulus_192,/pscratch/sd/s/sjmoon/EmoFM/videos/CowenEmotionVideos/0192.mp4,True,0.28571,0.35714,0.0,0.28571,0.0,0.0,0.21429,0.0,0.0,0.0,0.0,0.0,0.0,0.0,0.0,0.0,0.0,0.0,0.14286,0.0,0.0,0.0,0.14286,0.35714,0.071429,0.0,0.0,0.0,0.071429,0.0,0.0,0.14286,0.0,0.0,6.8889,4.8889,8.2222,8.3333,7.1111,7.1111,6.0,8.0,2.3333,7.5556,6.4444,2.3333,7.7778,7.8889
192,193,stimulus_193,/pscratch/sd/s/sjmoon/EmoFM/videos/CowenEmotionVideos/0193.mp4,True,0.071429,0.21429,0.071429,0.14286,0.0,0.0,0.071429,0.071429,0.071429,0.071429,0.0,0.0,0.0,0.0,0.0,0.0,0.071429,0.0,0.0,0.0,0.0,0.0,0.0,0.28571,0.64286,0.0,0.0,0.0,0.0,0.071429,0.0,0.0,0.0,0.071429,5.2222,4.7778,6.6667,5.7778,5.1111,4.5556,6.0,6.3333,2.4444,5.0,5.4444,3.6667,6.3333,5.7778
193,194,stimulus_194,/pscratch/sd/s/sjmoon/EmoFM/videos/CowenEmotionVideos/0194.mp4,True,0.0,0.28571,0.0,0.71429,0.0,0.0,0.14286,0.0,0.0,0.0,0.0,0.0,0.0,0.0,0.0,0.0,0.0,0.0,0.0,0.0,0.0,0.0,0.14286,0.14286,0.0,0.0,0.0,0.0,0.0,0.0,0.0,0.071429,0.0,0.0,5.1111,5.6667,6.5556,6.8889,5.5556,6.0,6.2222,6.7778,2.3333,6.6667,5.4444,3.4444,7.0,6.7778
194,195,stimulus_195,/pscratch/sd/s/sjmoon/EmoFM/videos/CowenEmotionVideos/0195.mp4,True,0.0,0.0,0.0,0.0,0.0,0.28571,0.071429,0.0,0.0,0.0,0.0,0.0,0.0,0.0,0.0,0.14286,0.071429,0.0,0.0,0.42857,0.0,0.5,0.071429,0.0,0.0,0.0,0.0,0.0,0.28571,0.0,0.0,0.28571,0.071429,0.0,5.5556,4.4444,1.3333,1.6667,6.0,3.6667,5.4444,1.8889,4.8889,2.4444,4.3333,4.7778,2.3333,2.0
195,196,stimulus_196,/pscratch/sd/s/sjmoon/EmoFM/videos/CowenEmotionVideos/0196.mp4,True,0.0,0.0,0.21429,0.071429,0.0,0.0,0.14286,0.0,0.0,0.0,0.071429,0.0,0.28571,0.0,0.0,0.0,0.28571,0.0,0.0,0.0,0.0,0.0,0.28571,0.0,0.0,0.0,0.0,0.0,0.0,0.071429,0.0,0.14286,0.0,0.0,5.8889,5.5556,7.7778,6.2222,6.5556,6.5556,4.4444,6.0,2.3333,6.0,5.1111,3.0,6.7778,6.7778
196,197,stimulus_197,/pscratch/sd/s/sjmoon/EmoFM/videos/CowenEmotionVideos/0197.mp4,True,0.0,0.0,0.0,0.0,0.35714,0.21429,0.0,0.0,0.0,0.0,0.071429,0.071429,0.0,0.35714,0.78571,0.071429,0.0,0.0,0.0,0.14286,0.0,0.21429,0.071429,0.0,0.0,0.0,0.0,0.0,0.57143,0.0,0.0,0.071429,0.071429,0.0,6.6667,5.1111,1.2222,1.8889,6.6667,5.8889,5.1111,1.5556,4.8889,1.7778,5.0,5.5556,1.6667,1.7778
197,198,stimulus_198,/pscratch/sd/s/sjmoon/EmoFM/videos/CowenEmotionVideos/0198.mp4,True,0.14286,0.0,0.71429,0.0,0.0,0.0,0.21429,0.0,0.0,0.42857,0.0,0.0,0.0,0.0,0.0,0.0,0.14286,0.0,0.0,0.0,0.0,0.0,0.071429,0.071429,0.0,0.0,0.0,0.0,0.0,0.071429,0.0,0.0,0.0,0.0,5.1111,5.0,7.2222,7.1111,5.4444,6.0,4.8889,6.7778,2.3333,6.0,4.8889,3.0,6.4444,6.2222
198,199,stimulus_199,/pscratch/sd/s/sjmoon/EmoFM/videos/CowenEmotionVideos/0199.mp4,True,0.0,0.0,0.28571,0.28571,0.0,0.0,0.21429,0.0,0.071429,0.0,0.14286,0.0,0.0,0.0,0.0,0.0,0.28571,0.0,0.0,0.0,0.0,0.0,0.21429,0.0,0.0,0.0,0.0,0.0,0.0,0.21429,0.0,0.14286,0.0,0.0,6.2222,5.1111,6.6667,5.7778,6.7778,5.2222,4.1111,7.0,3.4444,5.3333,4.4444,2.3333,6.0,5.7778
199,200,stimulus_200,/pscratch/sd/s/sjmoon/EmoFM/videos/CowenEmotionVideos/0200.mp4,True,0.071429,0.0,0.0,0.57143,0.071429,0.14286,0.0,0.0,0.0,0.0,0.0,0.071429,0.0,0.0,0.14286,0.0,0.0,0.0,0.071429,0.0,0.0,0.071429,0.071429,0.071429,0.0,0.0,0.21429,0.0,0.071429,0.21429,0.0,0.21429,0.0,0.14286,7.0,6.2222,5.8889,3.4444,6.7778,6.3333,5.7778,6.0,4.3333,7.3333,5.3333,4.3333,6.0,7.4444
200,201,stimulus_201,/pscratch/sd/s/sjmoon/EmoFM/videos/CowenEmotionVideos/0201.mp4,True,0.21429,0.14286,0.0,0.14286,0.0,0.0,0.14286,0.071429,0.14286,0.0,0.0,0.071429,0.0,0.0,0.071429,0.0,0.0,0.0,0.0,0.0,0.0,0.0,0.0,0.071429,0.5,0.0,0.0,0.0,0.071429,0.071429,0.0,0.0,0.14286,0.0,5.5556,6.1111,6.3333,7.0,5.8889,5.7778,6.0,7.2222,2.2222,5.2222,5.4444,3.3333,6.7778,6.0
201,202,stimulus_202,/pscratch/sd/s/sjmoon/EmoFM/videos/CowenEmotionVideos/0202.mp4,True,0.0,0.0,0.0,0.42857,0.0,0.21429,0.0,0.0,0.071429,0.0,0.14286,0.0,0.0,0.0,0.0,0.0,0.0,0.0,0.42857,0.071429,0.0,0.0,0.071429,0.0,0.0,0.0,0.0,0.0,0.0,0.071429,0.0,0.0,0.0,0.0,6.6667,5.6667,5.4444,3.6667,6.1111,4.3333,5.1111,3.8889,3.6667,5.6667,5.0,4.0,4.0,6.2222
202,203,stimulus_203,/pscratch/sd/s/sjmoon/EmoFM/videos/CowenEmotionVideos/0203.mp4,True,0.0,0.0,0.0,0.0,0.0,0.21429,0.0,0.071429,0.64286,0.071429,0.071429,0.0,0.0,0.0,0.0,0.0,0.0,0.0,0.0,0.0,0.0,0.0,0.0,0.0,0.0,0.0,0.0,0.0,0.0,0.0,0.0,0.0,0.0,0.0,3.7778,4.3333,5.1111,5.5556,4.2222,3.6667,4.2222,6.4444,2.7778,5.2222,4.7778,4.4444,6.3333,4.6667
203,204,stimulus_204,/pscratch/sd/s/sjmoon/EmoFM/videos/CowenEmotionVideos/0204.mp4,True,0.071429,0.14286,0.071429,0.071429,0.0,0.0,0.071429,0.0,0.0,0.0,0.0,0.0,0.0,0.0,0.0,0.0,0.0,0.071429,0.071429,0.0,0.0,0.0,0.071429,0.28571,0.14286,0.0,0.0,0.85714,0.0,0.0,0.0,0.0,0.0,0.071429,5.7778,5.0,8.0,7.2222,5.6667,6.2222,6.6667,6.8889,2.5556,7.1111,5.2222,2.6667,6.6667,6.7778
204,205,stimulus_205,/pscratch/sd/s/sjmoon/EmoFM/videos/CowenEmotionVideos/0205.mp4,True,0.0,0.0,0.071429,0.21429,0.0,0.0,0.0,0.0,0.071429,0.071429,0.071429,0.0,0.0,0.0,0.0,0.0,0.21429,0.0,0.0,0.0,0.0,0.0,0.57143,0.0,0.0,0.0,0.0,0.0,0.0,0.071429,0.0,0.071429,0.0,0.0,7.0,5.1111,6.8889,7.0,7.5556,5.8889,5.0,7.5556,2.2222,7.0,4.8889,2.5556,6.7778,6.8889
205,206,stimulus_206,/pscratch/sd/s/sjmoon/EmoFM/videos/CowenEmotionVideos/0206.mp4,True,0.14286,0.14286,0.0,0.21429,0.0,0.0,0.071429,0.0,0.071429,0.071429,0.0,0.071429,0.0,0.0,0.0,0.0,0.0,0.0,0.071429,0.0,0.0,0.0,0.14286,0.14286,0.071429,0.28571,0.0,0.0,0.0,0.0,0.0,0.0,0.0,0.21429,6.6667,6.2222,7.4444,6.6667,6.8889,6.6667,5.8889,8.1111,1.2222,7.2222,6.4444,2.3333,6.7778,6.7778
206,207,stimulus_207,/pscratch/sd/s/sjmoon/EmoFM/videos/CowenEmotionVideos/0207.mp4,True,0.14286,0.21429,0.0,0.0,0.0,0.0,0.21429,0.0,0.14286,0.14286,0.14286,0.0,0.0,0.0,0.0,0.0,0.071429,0.0,0.0,0.0,0.0,0.0,0.0,0.5,0.071429,0.0,0.0,0.0,0.0,0.071429,0.0,0.0,0.0,0.0,6.5556,4.1111,7.1111,6.1111,6.8889,6.1111,5.6667,8.0,2.1111,6.7778,6.0,3.3333,5.8889,6.4444
207,208,stimulus_208,/pscratch/sd/s/sjmoon/EmoFM/videos/CowenEmotionVideos/0208.mp4,True,0.0,0.0,0.0,0.0,0.0,0.21429,0.0,0.0,0.0,0.0,0.0,0.0,0.0,0.35714,0.0,0.14286,0.071429,0.0,0.0,0.14286,0.0,0.28571,0.0,0.0,0.0,0.0,0.0,0.0,0.64286,0.0,0.0,0.0,0.21429,0.0,5.5556,4.0,1.8889,1.5556,6.6667,2.8889,3.7778,1.6667,6.0,2.4444,3.4444,4.2222,1.6667,2.2222
208,209,stimulus_209,/pscratch/sd/s/sjmoon/EmoFM/videos/CowenEmotionVideos/0209.mp4,True,0.0,0.0,0.0,0.28571,0.14286,0.14286,0.0,0.0,0.0,0.0,0.14286,0.14286,0.0,0.21429,0.21429,0.21429,0.0,0.0,0.071429,0.071429,0.0,0.0,0.14286,0.0,0.0,0.0,0.0,0.0,0.21429,0.0,0.0,0.071429,0.071429,0.0,6.3333,4.5556,4.7778,3.5556,6.1111,3.8889,4.0,4.1111,4.3333,4.1111,3.6667,4.4444,4.3333,3.6667
209,210,stimulus_210,/pscratch/sd/s/sjmoon/EmoFM/videos/CowenEmotionVideos/0210.mp4,True,0.0,0.0,0.0,0.5,0.0,0.0,0.0,0.0,0.21429,0.0,0.35714,0.0,0.0,0.0,0.071429,0.0,0.0,0.0,0.071429,0.0,0.0,0.0,0.21429,0.071429,0.0,0.0,0.0,0.0,0.0,0.071429,0.0,0.0,0.0,0.0,6.0,5.1111,5.4444,4.6667,5.8889,3.8889,3.6667,5.1111,4.0,4.7778,4.4444,2.6667,5.2222,6.2222
210,211,stimulus_211,/pscratch/sd/s/sjmoon/EmoFM/videos/CowenEmotionVideos/0211.mp4,True,0.0,0.0,0.0,0.11538,0.0,0.0,0.0,0.0,0.0,0.0,0.0,0.0,0.0,0.076923,0.0,0.46154,0.076923,0.0,0.0,0.0,0.0,0.15385,0.0,0.0,0.0,0.0,0.0,0.0,0.076923,0.0,0.0,0.30769,0.15385,0.0,5.5556,4.6667,3.0,2.5556,6.8889,4.4444,4.6667,3.5556,3.2222,4.5556,4.5556,5.2222,4.0,3.1111
211,212,stimulus_212,/pscratch/sd/s/sjmoon/EmoFM/videos/CowenEmotionVideos/0212.mp4,True,0.0,0.0,0.0,0.0,0.0,0.0,0.0,0.0,0.076923,0.0,0.076923,0.0,0.61538,0.0,0.15385,0.0,0.0,0.0,0.0,0.0,0.0,0.0,0.076923,0.0,0.0,0.0,0.0,0.0,0.0,0.0,0.0,0.0,0.0,0.0,5.4444,4.4444,5.5556,4.8889,5.7778,6.1111,3.8889,6.7778,2.3333,5.5556,3.4444,4.3333,5.4444,5.1111
212,213,stimulus_213,/pscratch/sd/s/sjmoon/EmoFM/videos/CowenEmotionVideos/0213.mp4,True,0.0,0.0,0.0,0.0,0.19231,0.076923,0.076923,0.0,0.0,0.0,0.0,0.076923,0.0,0.0,0.30769,0.0,0.0,0.0,0.076923,0.076923,0.0,0.42308,0.0,0.0,0.0,0.0,0.0,0.0,0.15385,0.0,0.0,0.076923,0.15385,0.0,5.4444,4.8889,1.2222,1.2222,6.1111,3.4444,2.5556,1.3333,7.1111,1.6667,1.8889,5.2222,2.0,1.4444
213,214,stimulus_214,/pscratch/sd/s/sjmoon/EmoFM/videos/CowenEmotionVideos/0214.mp4,True,0.0,0.0,0.0,0.30769,0.0,0.076923,0.0,0.076923,0.0,0.0,0.0,0.0,0.0,0.0,0.84615,0.0,0.0,0.0,0.0,0.0,0.0,0.076923,0.076923,0.0,0.0,0.0,0.0,0.0,0.0,0.0,0.0,0.23077,0.0,0.0,4.8889,3.4444,2.8889,2.2222,5.2222,4.2222,5.6667,3.1111,6.0,4.5556,4.7778,4.3333,5.4444,2.5556
214,215,stimulus_215,/pscratch/sd/s/sjmoon/EmoFM/videos/CowenEmotionVideos/0215.mp4,True,0.0,0.23077,0.0,0.53846,0.0,0.076923,0.11538,0.0,0.0,0.0,0.0,0.0,0.0,0.0,0.0,0.0,0.0,0.076923,0.076923,0.0,0.0,0.0,0.15385,0.19231,0.0,0.0,0.0,0.0,0.0,0.0,0.0,0.076923,0.0,0.0,6.4444,5.6667,7.0,5.8889,6.6667,6.7778,5.3333,5.8889,1.7778,6.5556,4.4444,2.4444,6.1111,6.4444
215,216,stimulus_216,/pscratch/sd/s/sjmoon/EmoFM/videos/CowenEmotionVideos/0216.mp4,True,0.0,0.0,0.0,0.0,0.0,0.11538,0.0,0.0,0.0,0.0,0.0,0.0,0.0,0.0,0.61538,0.38462,0.0,0.0,0.0,0.076923,0.0,0.30769,0.0,0.0,0.0,0.0,0.0,0.0,0.076923,0.0,0.0,0.0,0.0,0.0,6.1111,4.6667,1.8889,1.7778,6.0,4.0,3.6667,3.4444,5.5556,3.6667,2.7778,4.1111,3.0,2.3333
216,217,stimulus_217,/pscratch/sd/s/sjmoon/EmoFM/videos/CowenEmotionVideos/0217.mp4,True,0.076923,0.0,0.38462,0.0,0.0,0.076923,0.46154,0.0,0.0,0.42308,0.0,0.0,0.0,0.0,0.0,0.0,0.19231,0.0,0.0,0.0,0.0,0.0,0.0,0.0,0.0,0.0,0.0,0.0,0.0,0.0,0.0,0.0,0.0,0.0,6.5556,4.5556,7.2222,5.6667,6.3333,6.2222,6.3333,7.1111,2.6667,6.2222,5.6667,3.2222,4.2222,6.2222
217,218,stimulus_218,/pscratch/sd/s/sjmoon/EmoFM/videos/CowenEmotionVideos/0218.mp4,True,0.0,0.0,0.0,0.0,0.5,0.0,0.0,0.0,0.0,0.0,0.038462,0.15385,0.0,0.0,0.65385,0.0,0.0,0.0,0.0,0.15385,0.076923,0.15385,0.0,0.0,0.0,0.0,0.0,0.0,0.15385,0.0,0.0,0.076923,0.19231,0.0,6.2222,3.1111,1.2222,2.4444,5.6667,2.5556,6.4444,1.4444,7.2222,1.7778,6.2222,4.6667,1.6667,2.0
218,219,stimulus_219,/pscratch/sd/s/sjmoon/EmoFM/videos/CowenEmotionVideos/0219.mp4,True,0.0,0.0,0.57692,0.076923,0.0,0.0,0.53846,0.0,0.0,0.34615,0.0,0.0,0.0,0.0,0.0,0.0,0.15385,0.0,0.0,0.0,0.0,0.0,0.076923,0.076923,0.0,0.0,0.0,0.0,0.0,0.0,0.0,0.0,0.0,0.0,7.3333,5.1111,8.3333,8.2222,5.8889,6.5556,5.2222,8.0,1.5556,6.8889,4.8889,2.4444,7.4444,7.2222
219,220,stimulus_220,/pscratch/sd/s/sjmoon/EmoFM/videos/CowenEmotionVideos/0220.mp4,True,0.0,0.0,0.15385,0.0,0.0,0.0,0.46154,0.0,0.0,0.0,0.0,0.0,0.0,0.0,0.0,0.0,0.34615,0.0,0.076923,0.0,0.0,0.0,0.38462,0.0,0.0,0.0,0.0,0.0,0.0,0.076923,0.0,0.076923,0.0,0.0,7.0,5.1111,6.5556,6.2222,6.6667,5.8889,4.1111,7.5556,2.6667,6.1111,4.0,3.3333,5.6667,7.0
220,221,stimulus_221,/pscratch/sd/s/sjmoon/EmoFM/videos/CowenEmotionVideos/0221.mp4,True,0.0,0.0,0.0,0.46154,0.0,0.0,0.076923,0.0,0.15385,0.0,0.38462,0.0,0.0,0.0,0.076923,0.0,0.076923,0.0,0.0,0.0,0.0,0.0,0.19231,0.0,0.0,0.0,0.0,0.0,0.0,0.0,0.0,0.076923,0.0,0.0,6.2222,4.5556,5.0,2.4444,7.0,4.1111,3.5556,3.4444,4.5556,2.7778,3.7778,5.3333,4.1111,5.6667
221,222,stimulus_222,/pscratch/sd/s/sjmoon/EmoFM/videos/CowenEmotionVideos/0222.mp4,True,0.0,0.0,0.0,0.46154,0.0,0.076923,0.0,0.15385,0.0,0.0,0.0,0.0,0.0,0.0,0.0,0.076923,0.0,0.0,0.0,0.15385,0.0,0.30769,0.0,0.0,0.0,0.0,0.0,0.0,0.076923,0.0,0.0,0.076923,0.076923,0.0,6.5556,3.4444,2.5556,2.2222,5.7778,2.7778,4.5556,1.6667,4.6667,1.8889,4.1111,5.0,2.5556,1.5556
222,223,stimulus_223,/pscratch/sd/s/sjmoon/EmoFM/videos/CowenEmotionVideos/0223.mp4,True,0.0,0.0,0.0,0.0,0.0,0.15385,0.076923,0.0,0.0,0.0,0.0,0.0,0.0,0.0,0.53846,0.0,0.0,0.0,0.0,0.0,0.0,0.23077,0.19231,0.0,0.0,0.0,0.0,0.0,0.0,0.0,0.0,0.076923,0.0,0.0,6.7778,3.7778,2.8889,3.0,5.7778,3.7778,3.0,4.6667,6.0,4.0,3.0,4.6667,3.0,3.8889
223,224,stimulus_224,/pscratch/sd/s/sjmoon/EmoFM/videos/CowenEmotionVideos/0224.mp4,True,0.0,0.15385,0.0,0.38462,0.0,0.076923,0.11538,0.076923,0.0,0.0,0.0,0.0,0.0,0.0,0.0,0.0,0.0,0.0,0.0,0.0,0.0,0.0,0.15385,0.15385,0.0,0.0,0.076923,0.0,0.0,0.0,0.0,0.19231,0.0,0.0,6.1111,4.4444,6.2222,4.0,6.0,4.2222,6.5556,6.5556,2.6667,5.7778,5.4444,3.6667,4.5556,6.7778
224,225,stimulus_225,/pscratch/sd/s/sjmoon/EmoFM/videos/CowenEmotionVideos/0225.mp4,True,0.0,0.0,0.0,0.0,0.26923,0.0,0.0,0.0,0.076923,0.0,0.0,0.34615,0.0,0.076923,0.69231,0.0,0.0,0.0,0.0,0.0,0.11538,0.076923,0.0,0.0,0.076923,0.0,0.0,0.0,0.15385,0.0,0.0,0.0,0.0,0.0,3.4444,3.8889,3.2222,2.3333,5.3333,3.5556,3.3333,3.7778,4.1111,2.7778,3.7778,4.7778,3.6667,2.8889
225,226,stimulus_226,/pscratch/sd/s/sjmoon/EmoFM/videos/CowenEmotionVideos/0226.mp4,True,0.0,0.11538,0.0,0.0,0.076923,0.0,0.0,0.0,0.0,0.0,0.0,0.0,0.0,0.0,0.23077,0.0,0.0,0.0,0.0,0.0,0.076923,0.15385,0.0,0.0,0.0,0.0,0.0,0.0,0.76923,0.0,0.0,0.0,0.34615,0.0,4.8889,3.2222,1.3333,5.3333,6.1111,2.6667,7.1111,1.7778,7.2222,1.2222,3.8889,5.0,2.1111,1.4444
226,227,stimulus_227,/pscratch/sd/s/sjmoon/EmoFM/videos/CowenEmotionVideos/0227.mp4,True,0.0,0.0,0.0,0.42308,0.0,0.0,0.0,0.42308,0.15385,0.0,0.038462,0.0,0.0,0.0,0.0,0.0,0.0,0.0,0.0,0.0,0.0,0.0,0.038462,0.076923,0.0,0.0,0.0,0.0,0.0,0.076923,0.0,0.0,0.0,0.0,5.4444,3.8889,6.0,5.8889,5.3333,3.6667,6.2222,6.2222,2.7778,5.7778,6.3333,3.4444,5.2222,5.4444
227,228,stimulus_228,/pscratch/sd/s/sjmoon/EmoFM/videos/CowenEmotionVideos/0228.mp4,True,0.0,0.0,0.23077,0.15385,0.0,0.0,0.53846,0.0,0.0,0.0,0.0,0.0,0.0,0.0,0.0,0.0,0.038462,0.0,0.15385,0.0,0.0,0.0,0.076923,0.076923,0.0,0.076923,0.0,0.0,0.0,0.0,0.0,0.15385,0.0,0.0,7.7778,4.8889,7.8889,7.5556,6.6667,5.5556,5.8889,7.6667,2.5556,7.0,6.8889,3.0,5.8889,7.3333
228,229,stimulus_229,/pscratch/sd/s/sjmoon/EmoFM/videos/CowenEmotionVideos/0229.mp4,True,0.23077,0.076923,0.076923,0.23077,0.0,0.076923,0.46154,0.0,0.0,0.0,0.0,0.0,0.0,0.0,0.0,0.0,0.0,0.0,0.076923,0.076923,0.0,0.0,0.23077,0.0,0.0,0.0,0.076923,0.0,0.0,0.0,0.0,0.038462,0.0,0.15385,7.1111,5.3333,5.6667,2.6667,7.1111,3.8889,6.4444,5.4444,2.4444,5.1111,5.8889,2.8889,2.4444,6.6667
229,230,stimulus_230,/pscratch/sd/s/sjmoon/EmoFM/videos/CowenEmotionVideos/0230.mp4,True,0.0,0.0,0.19231,0.076923,0.0,0.0,0.46154,0.0,0.0,0.0,0.076923,0.0,0.0,0.0,0.0,0.0,0.30769,0.0,0.0,0.0,0.0,0.0,0.30769,0.0,0.0,0.0,0.0,0.0,0.0,0.0,0.0,0.0,0.0,0.0,7.5556,4.6667,7.4444,7.7778,7.3333,6.2222,6.6667,7.4444,1.7778,5.8889,6.4444,2.3333,6.0,8.0
230,231,stimulus_231,/pscratch/sd/s/sjmoon/EmoFM/videos/CowenEmotionVideos/0231.mp4,True,0.076923,0.0,0.0,0.15385,0.0,0.15385,0.15385,0.0,0.0,0.0,0.0,0.0,0.0,0.0,0.0,0.0,0.0,0.0,0.23077,0.0,0.0,0.0,0.30769,0.0,0.0,0.0,0.19231,0.0,0.0,0.0,0.0,0.30769,0.0,0.0,6.4444,5.2222,3.8889,1.7778,5.7778,4.1111,4.5556,2.8889,2.6667,3.7778,5.3333,5.2222,2.5556,5.0
231,232,stimulus_232,/pscratch/sd/s/sjmoon/EmoFM/videos/CowenEmotionVideos/0232.mp4,True,0.0,0.0,0.0,0.30769,0.0,0.0,0.19231,0.0,0.11538,0.0,0.076923,0.0,0.0,0.0,0.0,0.0,0.0,0.0,0.076923,0.0,0.0,0.0,0.23077,0.076923,0.076923,0.0,0.0,0.0,0.0,0.076923,0.0,0.19231,0.0,0.076923,6.7778,7.0,7.3333,7.2222,7.5556,5.7778,6.1111,7.2222,2.2222,6.0,6.0,3.7778,7.2222,7.8889
232,233,stimulus_233,/pscratch/sd/s/sjmoon/EmoFM/videos/CowenEmotionVideos/0233.mp4,True,0.0,0.0,0.38462,0.0,0.0,0.0,0.076923,0.0,0.076923,0.0,0.076923,0.0,0.0,0.0,0.0,0.0,0.42308,0.0,0.0,0.0,0.0,0.0,0.23077,0.0,0.0,0.0,0.0,0.0,0.0,0.0,0.0,0.0,0.0,0.0,6.7778,4.5556,5.2222,5.0,5.8889,4.8889,4.2222,5.4444,3.2222,5.3333,3.4444,4.5556,4.7778,6.3333
233,234,stimulus_234,/pscratch/sd/s/sjmoon/EmoFM/videos/CowenEmotionVideos/0234.mp4,True,0.0,0.0,0.038462,0.0,0.0,0.30769,0.0,0.0,0.0,0.0,0.0,0.0,0.0,0.0,0.0,0.0,0.0,0.0,0.0,0.38462,0.0,0.84615,0.0,0.0,0.0,0.0,0.0,0.0,0.0,0.0,0.0,0.0,0.0,0.0,7.7778,4.1111,2.0,2.3333,5.6667,3.7778,3.2222,2.7778,4.1111,3.2222,3.0,6.3333,2.1111,2.3333
234,235,stimulus_235,/pscratch/sd/s/sjmoon/EmoFM/videos/CowenEmotionVideos/0235.mp4,True,0.0,0.0,0.0,0.0,0.0,0.0,0.0,0.0,0.076923,0.0,0.0,0.0,0.0,0.0,1.0,0.0,0.0,0.0,0.0,0.0,0.0,0.076923,0.0,0.0,0.0,0.0,0.0,0.0,0.0,0.0,0.0,0.0,0.0,0.0,5.2222,5.0,1.4444,1.7778,4.3333,4.3333,4.2222,5.1111,6.4444,3.0,3.8889,6.4444,4.0,2.4444
235,236,stimulus_236,/pscratch/sd/s/sjmoon/EmoFM/videos/CowenEmotionVideos/0236.mp4,True,0.0,0.0,0.0,0.0,0.0,0.15385,0.0,0.0,0.0,0.0,0.15385,0.0,0.0,0.0,0.15385,0.0,0.0,0.0,0.0,0.15385,0.0,0.57692,0.0,0.0,0.0,0.0,0.0,0.0,0.30769,0.0,0.0,0.0,0.15385,0.0,4.5556,3.3333,1.5556,1.3333,5.6667,3.0,4.6667,1.1111,5.7778,1.8889,3.1111,6.6667,2.2222,2.0
236,237,stimulus_237,/pscratch/sd/s/sjmoon/EmoFM/videos/CowenEmotionVideos/0237.mp4,True,0.076923,0.0,0.0,0.76923,0.0,0.0,0.0,0.0,0.0,0.0,0.0,0.0,0.0,0.0,0.0,0.0,0.0,0.0,0.0,0.0,0.0,0.0,0.23077,0.15385,0.0,0.0,0.0,0.0,0.0,0.0,0.0,0.076923,0.0,0.076923,7.1111,5.7778,7.3333,5.7778,6.5556,5.7778,6.8889,5.8889,2.2222,6.1111,6.4444,2.6667,6.0,7.2222
237,238,stimulus_238,/pscratch/sd/s/sjmoon/EmoFM/videos/CowenEmotionVideos/0238.mp4,True,0.0,0.0,0.0,0.0,0.11538,0.076923,0.0,0.0,0.0,0.0,0.0,0.0,0.0,0.0,0.076923,0.0,0.0,0.0,0.0,0.30769,0.0,0.53846,0.0,0.0,0.0,0.0,0.0,0.0,0.30769,0.0,0.0,0.30769,0.15385,0.0,6.4444,2.8889,1.1111,1.4444,5.1111,3.8889,5.3333,1.4444,6.8889,2.1111,3.3333,7.0,1.5556,1.7778
238,239,stimulus_239,/pscratch/sd/s/sjmoon/EmoFM/videos/CowenEmotionVideos/0239.mp4,True,0.26923,0.038462,0.0,0.0,0.0,0.076923,0.26923,0.0,0.076923,0.0,0.0,0.0,0.0,0.0,0.0,0.0,0.0,0.0,0.076923,0.23077,0.0,0.076923,0.076923,0.15385,0.0,0.0,0.076923,0.0,0.076923,0.076923,0.0,0.076923,0.0,0.15385,7.1111,5.2222,4.5556,2.6667,7.4444,5.5556,8.2222,5.0,3.7778,5.6667,8.1111,5.5556,2.5556,6.4444
239,240,stimulus_240,/pscratch/sd/s/sjmoon/EmoFM/videos/CowenEmotionVideos/0240.mp4,True,0.0,0.0,0.0,0.0,0.15385,0.076923,0.076923,0.0,0.076923,0.0,0.15385,0.0,0.0,0.0,0.38462,0.0,0.0,0.0,0.0,0.23077,0.0,0.57692,0.0,0.0,0.0,0.0,0.0,0.0,0.30769,0.0,0.0,0.38462,0.076923,0.0,6.1111,3.7778,1.4444,1.8889,5.1111,3.0,3.6667,1.1111,5.8889,1.5556,3.2222,6.7778,1.7778,1.6667
240,241,stimulus_241,/pscratch/sd/s/sjmoon/EmoFM/videos/CowenEmotionVideos/0241.mp4,True,0.0,0.42857,0.0,0.60714,0.0,0.0,0.25,0.071429,0.0,0.0,0.0,0.0,0.0,0.0,0.0,0.071429,0.0,0.0,0.0,0.0,0.0,0.0,0.0,0.21429,0.0,0.0,0.0,0.0,0.071429,0.0,0.0,0.0,0.14286,0.0,5.7778,4.5556,5.7778,5.6667,5.6667,4.7778,6.3333,4.8889,2.5556,5.3333,4.6667,4.0,5.0,4.6667
241,242,stimulus_242,/pscratch/sd/s/sjmoon/EmoFM/videos/CowenEmotionVideos/0242.mp4,True,0.0,0.071429,0.071429,0.0,0.0,0.0,0.0,0.071429,0.071429,0.071429,0.0,0.0,0.0,0.0,0.0,0.0,0.071429,0.0,0.21429,0.0,0.0,0.0,0.071429,0.0,0.0,0.0,0.0,0.21429,0.0,0.071429,0.57143,0.0,0.0,0.0,5.7778,4.3333,5.4444,5.3333,5.8889,5.3333,4.5556,5.6667,2.8889,5.4444,4.3333,4.3333,5.5556,6.0
242,243,stimulus_243,/pscratch/sd/s/sjmoon/EmoFM/videos/CowenEmotionVideos/0243.mp4,True,0.0,0.0,0.0,0.0,0.0,0.071429,0.0,0.0,0.0,0.0,0.035714,0.071429,0.0,0.0,0.64286,0.071429,0.0,0.0,0.0,0.14286,0.0,0.57143,0.0,0.0,0.0,0.0,0.0,0.0,0.0,0.0,0.0,0.14286,0.0,0.0,5.5556,4.8889,2.1111,1.8889,5.2222,3.4444,2.2222,1.4444,7.4444,2.1111,1.7778,5.4444,1.5556,1.6667
243,244,stimulus_244,/pscratch/sd/s/sjmoon/EmoFM/videos/CowenEmotionVideos/0244.mp4,True,0.0,0.0,0.0,0.10714,0.14286,0.0,0.0,0.035714,0.0,0.0,0.071429,0.0,0.0,0.0,0.85714,0.0,0.0,0.0,0.071429,0.071429,0.0,0.25,0.071429,0.0,0.0,0.0,0.0,0.0,0.0,0.0,0.0,0.071429,0.0,0.0,5.2222,3.8889,2.3333,1.6667,4.4444,3.8889,2.8889,2.6667,6.1111,3.1111,2.2222,6.0,4.2222,2.0
244,245,stimulus_245,/pscratch/sd/s/sjmoon/EmoFM/videos/CowenEmotionVideos/0245.mp4,True,0.071429,0.17857,0.0,0.67857,0.0,0.0,0.071429,0.0,0.071429,0.071429,0.0,0.0,0.0,0.0,0.0,0.0,0.071429,0.0,0.10714,0.0,0.0,0.0,0.0,0.035714,0.071429,0.0,0.0,0.0,0.0,0.17857,0.0,0.0,0.0,0.10714,5.3333,5.1111,5.8889,6.1111,5.0,5.5556,5.8889,6.5556,3.0,5.5556,4.5556,4.4444,5.8889,6.5556
245,246,stimulus_246,/pscratch/sd/s/sjmoon/EmoFM/videos/CowenEmotionVideos/0246.mp4,True,0.28571,0.0,0.0,0.28571,0.0,0.17857,0.10714,0.0,0.071429,0.0,0.0,0.0,0.0,0.0,0.0,0.0,0.071429,0.071429,0.14286,0.0,0.0,0.0,0.39286,0.0,0.0,0.0,0.0,0.0,0.0,0.10714,0.0,0.14286,0.0,0.14286,6.2222,5.5556,6.0,5.0,7.0,4.8889,5.7778,6.4444,4.0,6.2222,4.7778,4.2222,3.1111,7.1111
246,247,stimulus_247,/pscratch/sd/s/sjmoon/EmoFM/videos/CowenEmotionVideos/0247.mp4,True,0.0,0.0,0.035714,0.64286,0.0,0.0,0.14286,0.0,0.071429,0.0,0.14286,0.0,0.0,0.0,0.0,0.0,0.071429,0.0,0.071429,0.0,0.0,0.0,0.0,0.0,0.0,0.0,0.0,0.0,0.0,0.071429,0.0,0.10714,0.0,0.0,5.7778,5.1111,6.1111,6.2222,6.0,5.8889,5.3333,6.5556,3.0,6.3333,5.6667,3.8889,5.5556,6.7778
247,248,stimulus_248,/pscratch/sd/s/sjmoon/EmoFM/videos/CowenEmotionVideos/0248.mp4,True,0.0,0.0,0.35714,0.0,0.0,0.0,0.035714,0.071429,0.0,0.071429,0.21429,0.0,0.0,0.0,0.0,0.0,0.21429,0.0,0.071429,0.0,0.0,0.0,0.46429,0.0,0.0,0.0,0.0,0.0,0.0,0.0,0.071429,0.0,0.0,0.0,6.4444,5.5556,5.8889,5.4444,6.4444,5.7778,5.3333,7.2222,3.0,5.4444,4.1111,3.2222,5.5556,5.5556
248,249,stimulus_249,/pscratch/sd/s/sjmoon/EmoFM/videos/CowenEmotionVideos/0249.mp4,True,0.0,0.0,0.0,0.071429,0.0,0.25,0.035714,0.0,0.0,0.0,0.0,0.0,0.0,0.0,0.0,0.0,0.0,0.0,0.17857,0.5,0.0,0.14286,0.071429,0.0,0.0,0.0,0.071429,0.0,0.0,0.0,0.0,0.071429,0.071429,0.0,5.8889,4.4444,2.4444,2.2222,5.5556,4.0,5.4444,3.2222,4.2222,3.8889,4.1111,5.4444,2.1111,4.6667
249,250,stimulus_250,/pscratch/sd/s/sjmoon/EmoFM/videos/CowenEmotionVideos/0250.mp4,True,0.0,0.0,0.21429,0.35714,0.0,0.0,0.0,0.0,0.0,0.0,0.14286,0.0,0.0,0.0,0.0,0.0,0.14286,0.0,0.0,0.0,0.0,0.0,0.42857,0.0,0.0,0.0,0.0,0.0,0.0,0.0,0.071429,0.39286,0.0,0.0,5.5556,4.5556,4.5556,5.1111,5.6667,4.4444,5.0,5.8889,3.6667,5.2222,4.5556,4.3333,5.2222,5.3333
250,251,stimulus_251,/pscratch/sd/s/sjmoon/EmoFM/videos/CowenEmotionVideos/0251.mp4,True,0.071429,0.0,0.42857,0.071429,0.0,0.0,0.14286,0.0,0.0,0.071429,0.071429,0.0,0.0,0.0,0.0,0.0,0.21429,0.0,0.071429,0.0,0.0,0.0,0.5,0.071429,0.0,0.0,0.0,0.0,0.0,0.0,0.0,0.17857,0.0,0.0,7.0,5.3333,7.0,6.7778,6.6667,4.2222,4.4444,6.6667,4.1111,5.6667,3.8889,4.7778,6.0,6.7778
251,252,stimulus_252,/pscratch/sd/s/sjmoon/EmoFM/videos/CowenEmotionVideos/0252.mp4,True,0.0,0.0,0.0,0.14286,0.25,0.14286,0.0,0.0,0.0,0.0,0.071429,0.071429,0.0,0.071429,0.14286,0.28571,0.0,0.0,0.071429,0.071429,0.0,0.17857,0.0,0.0,0.0,0.0,0.0,0.0,0.14286,0.0,0.0,0.28571,0.071429,0.0,5.6667,4.8889,1.8889,1.7778,5.6667,4.5556,4.7778,2.1111,5.8889,2.5556,3.7778,5.6667,1.8889,2.2222
252,253,stimulus_253,/pscratch/sd/s/sjmoon/EmoFM/videos/CowenEmotionVideos/0253.mp4,True,0.071429,0.0,0.17857,0.21429,0.0,0.0,0.17857,0.0,0.0,0.0,0.071429,0.071429,0.0,0.0,0.0,0.0,0.0,0.0,0.0,0.0,0.0,0.0,0.5,0.0,0.0,0.0,0.0,0.0,0.0,0.14286,0.0,0.14286,0.0,0.0,7.0,6.3333,7.2222,7.4444,7.1111,6.3333,5.4444,7.3333,2.0,7.4444,5.6667,3.0,6.4444,7.4444
253,254,stimulus_254,/pscratch/sd/s/sjmoon/EmoFM/videos/CowenEmotionVideos/0254.mp4,True,0.0,0.0,0.0,0.39286,0.0,0.071429,0.0,0.0,0.071429,0.0,0.035714,0.0,0.0,0.0,0.0,0.071429,0.0,0.0,0.071429,0.14286,0.0,0.10714,0.071429,0.0,0.0,0.0,0.071429,0.0,0.14286,0.0,0.0,0.25,0.17857,0.0,5.2222,4.3333,4.7778,4.0,5.3333,3.8889,4.8889,3.5556,3.5556,4.2222,4.0,4.8889,4.1111,5.6667
254,255,stimulus_255,/pscratch/sd/s/sjmoon/EmoFM/videos/CowenEmotionVideos/0255.mp4,True,0.071429,0.28571,0.14286,0.0,0.0,0.035714,0.14286,0.0,0.21429,0.071429,0.035714,0.0,0.0,0.0,0.071429,0.0,0.0,0.0,0.0,0.035714,0.0,0.071429,0.0,0.071429,0.0,0.0,0.0,0.0,0.071429,0.0,0.0,0.0,0.035714,0.0,4.7778,4.3333,7.0,6.1111,5.7778,6.6667,5.8889,6.8889,2.6667,7.1111,5.4444,2.7778,6.8889,7.2222
255,256,stimulus_256,/pscratch/sd/s/sjmoon/EmoFM/videos/CowenEmotionVideos/0256.mp4,True,0.0,0.10714,0.0,0.60714,0.0,0.0,0.0,0.0,0.071429,0.0,0.0,0.0,0.0,0.0,0.0,0.0,0.071429,0.0,0.14286,0.0,0.0,0.0,0.071429,0.10714,0.071429,0.0,0.0,0.0,0.0,0.035714,0.0,0.0,0.0,0.0,6.8889,5.7778,7.4444,6.7778,7.0,6.3333,6.2222,7.5556,2.1111,7.1111,7.1111,2.4444,6.6667,6.8889
256,257,stimulus_257,/pscratch/sd/s/sjmoon/EmoFM/videos/CowenEmotionVideos/0257.mp4,True,0.071429,0.32143,0.0,0.5,0.0,0.071429,0.21429,0.035714,0.0,0.0,0.0,0.0,0.0,0.0,0.10714,0.0,0.0,0.0,0.0,0.0,0.0,0.0,0.0,0.28571,0.0,0.0,0.0,0.0,0.14286,0.0,0.0,0.071429,0.21429,0.0,5.5556,4.2222,5.7778,6.2222,4.5556,5.0,5.8889,6.5556,2.4444,6.4444,4.8889,3.7778,5.1111,5.8889
257,258,stimulus_258,/pscratch/sd/s/sjmoon/EmoFM/videos/CowenEmotionVideos/0258.mp4,True,0.0,0.32143,0.0,0.85714,0.0,0.0,0.10714,0.0,0.0,0.0,0.0,0.0,0.0,0.0,0.0,0.0,0.0,0.035714,0.0,0.0,0.0,0.0,0.071429,0.39286,0.0,0.0,0.0,0.0,0.0,0.14286,0.0,0.17857,0.0,0.0,6.7778,5.2222,7.7778,7.5556,6.5556,6.4444,7.0,7.2222,1.8889,7.6667,5.6667,2.4444,6.4444,7.3333
258,259,stimulus_259,/pscratch/sd/s/sjmoon/EmoFM/videos/CowenEmotionVideos/0259.mp4,True,0.0,0.0,0.0,0.0,0.21429,0.14286,0.0,0.0,0.0,0.0,0.0,0.071429,0.0,0.0,0.25,0.28571,0.071429,0.0,0.14286,0.32143,0.0,0.35714,0.0,0.0,0.0,0.0,0.0,0.0,0.35714,0.0,0.0,0.14286,0.071429,0.0,6.6667,4.6667,1.8889,2.3333,4.1111,3.8889,5.1111,2.3333,6.3333,2.0,4.6667,5.5556,2.5556,2.6667
259,260,stimulus_260,/pscratch/sd/s/sjmoon/EmoFM/videos/CowenEmotionVideos/0260.mp4,True,0.0,0.25,0.071429,0.57143,0.0,0.0,0.17857,0.0,0.0,0.071429,0.0,0.0,0.0,0.0,0.0,0.0,0.0,0.071429,0.0,0.0,0.0,0.0,0.035714,0.21429,0.0,0.0,0.0,0.0,0.0,0.035714,0.0,0.17857,0.0,0.0,6.6667,6.3333,6.8889,6.6667,5.7778,4.7778,5.6667,6.8889,2.7778,6.2222,4.3333,3.2222,5.4444,5.7778
260,261,stimulus_261,/pscratch/sd/s/sjmoon/EmoFM/videos/CowenEmotionVideos/0261.mp4,True,0.071429,0.0,0.071429,0.5,0.0,0.0,0.0,0.0,0.0,0.0,0.14286,0.0,0.0,0.0,0.0,0.0,0.071429,0.0,0.0,0.0,0.0,0.0,0.32143,0.0,0.0,0.0,0.0,0.0,0.0,0.0,0.0,0.25,0.0,0.0,6.4444,6.4444,7.0,6.8889,6.8889,6.1111,5.4444,6.8889,2.8889,6.8889,5.2222,3.8889,5.8889,7.4444
261,262,stimulus_262,/pscratch/sd/s/sjmoon/EmoFM/videos/CowenEmotionVideos/0262.mp4,True,0.0,0.0,0.0,0.071429,0.0,0.25,0.10714,0.0,0.0,0.0,0.14286,0.0,0.0,0.071429,0.0,0.071429,0.071429,0.0,0.21429,0.28571,0.0,0.21429,0.17857,0.0,0.0,0.0,0.0,0.0,0.0,0.071429,0.0,0.071429,0.14286,0.0,6.6667,7.1111,4.5556,4.1111,6.5556,4.8889,4.8889,4.4444,3.2222,6.5556,5.2222,4.8889,4.0,6.5556
262,263,stimulus_263,/pscratch/sd/s/sjmoon/EmoFM/videos/CowenEmotionVideos/0263.mp4,True,0.0,0.0,0.0,0.25,0.0,0.0,0.0,0.0,0.28571,0.0,0.071429,0.0,0.0,0.0,0.0,0.0,0.0,0.0,0.0,0.0,0.0,0.0,0.0,0.14286,0.42857,0.0,0.0,0.0,0.0,0.0,0.0,0.071429,0.0,0.0,4.6667,5.2222,6.4444,7.0,5.4444,6.3333,6.0,6.8889,2.3333,6.6667,6.6667,3.5556,6.8889,6.7778
263,264,stimulus_264,/pscratch/sd/s/sjmoon/EmoFM/videos/CowenEmotionVideos/0264.mp4,True,0.39286,0.0,0.035714,0.39286,0.0,0.0,0.21429,0.0,0.0,0.0,0.0,0.071429,0.0,0.0,0.0,0.0,0.0,0.071429,0.25,0.0,0.0,0.0,0.17857,0.0,0.0,0.0,0.0,0.0,0.0,0.17857,0.0,0.17857,0.0,0.32143,6.6667,5.7778,7.1111,5.8889,7.3333,4.6667,6.0,6.3333,2.1111,6.5556,5.2222,3.6667,4.1111,7.8889
264,265,stimulus_265,/pscratch/sd/s/sjmoon/EmoFM/videos/CowenEmotionVideos/0265.mp4,True,0.0,0.0,0.0,0.42857,0.0,0.0,0.071429,0.0,0.14286,0.0,0.035714,0.0,0.0,0.0,0.0,0.0,0.0,0.0,0.32143,0.0,0.0,0.0,0.071429,0.0,0.0,0.0,0.0,0.0,0.0,0.071429,0.0,0.10714,0.0,0.10714,5.7778,5.1111,6.2222,6.2222,6.2222,5.1111,5.7778,7.0,2.6667,4.7778,6.1111,4.1111,6.0,6.8889
265,266,stimulus_266,/pscratch/sd/s/sjmoon/EmoFM/videos/CowenEmotionVideos/0266.mp4,True,0.0,0.0,0.0,0.0,0.0,0.17857,0.0,0.0,0.0,0.0,0.0,0.0,0.0,0.0,0.75,0.0,0.0,0.0,0.0,0.21429,0.0,0.57143,0.0,0.0,0.0,0.0,0.0,0.0,0.035714,0.0,0.0,0.0,0.0,0.0,7.4444,3.7778,1.2222,1.2222,6.3333,4.0,2.8889,1.7778,6.7778,2.0,2.0,6.5556,1.5556,2.0
266,267,stimulus_267,/pscratch/sd/s/sjmoon/EmoFM/videos/CowenEmotionVideos/0267.mp4,True,0.0,0.0,0.0,0.071429,0.0,0.0,0.0,0.0,0.21429,0.14286,0.071429,0.0,0.0,0.0,0.0,0.0,0.0,0.10714,0.17857,0.0,0.0,0.0,0.0,0.25,0.035714,0.0,0.0,0.42857,0.0,0.0,0.0,0.0,0.0,0.0,5.5556,5.0,6.7778,7.1111,5.8889,6.0,7.0,7.7778,1.7778,6.4444,6.3333,3.4444,6.3333,6.3333
267,268,stimulus_268,/pscratch/sd/s/sjmoon/EmoFM/videos/CowenEmotionVideos/0268.mp4,True,0.0,0.0,0.0,0.0,0.0,0.035714,0.0,0.035714,0.21429,0.0,0.035714,0.0,0.0,0.0,0.28571,0.0,0.0,0.0,0.0,0.0,0.0,0.0,0.071429,0.0,0.0,0.0,0.0,0.14286,0.0,0.0,0.28571,0.0,0.0,0.0,4.0,4.3333,2.8889,3.1111,3.7778,4.4444,4.6667,5.6667,4.8889,4.4444,3.7778,4.2222,4.1111,3.5556
268,269,stimulus_269,/pscratch/sd/s/sjmoon/EmoFM/videos/CowenEmotionVideos/0269.mp4,True,0.0,0.0,0.0,0.10714,0.071429,0.17857,0.0,0.0,0.0,0.0,0.0,0.0,0.0,0.0,0.0,0.0,0.14286,0.0,0.25,0.5,0.0,0.25,0.0,0.0,0.0,0.0,0.46429,0.0,0.071429,0.035714,0.0,0.10714,0.071429,0.035714,7.7778,4.6667,3.5556,2.3333,6.2222,3.8889,6.3333,2.7778,4.7778,5.3333,3.7778,4.8889,2.1111,7.8889
269,270,stimulus_270,/pscratch/sd/s/sjmoon/EmoFM/videos/CowenEmotionVideos/0270.mp4,True,0.0,0.0,0.0,0.64286,0.0,0.0,0.0,0.0,0.0,0.0,0.071429,0.0,0.0,0.0,0.0,0.14286,0.0,0.0,0.071429,0.0,0.0,0.035714,0.0,0.071429,0.0,0.0,0.0,0.0,0.0,0.0,0.0,0.25,0.0,0.0,6.7778,4.3333,5.2222,2.8889,6.0,5.0,5.1111,3.0,2.6667,3.5556,4.8889,3.4444,3.1111,3.4444
270,271,stimulus_271,/pscratch/sd/s/sjmoon/EmoFM/videos/CowenEmotionVideos/0271.mp4,True,0.0,0.0,0.0,0.0,0.0,0.083333,0.0,0.083333,0.0,0.0,0.0,0.0,0.0,0.0,0.91667,0.0,0.0,0.0,0.0,0.083333,0.0,0.16667,0.0,0.0,0.0,0.0,0.0,0.0,0.0,0.0,0.0,0.16667,0.0,0.0,6.4444,2.3333,1.3333,1.6667,3.3333,3.1111,3.0,4.6667,6.5556,3.1111,2.4444,5.3333,3.0,2.3333
271,272,stimulus_272,/pscratch/sd/s/sjmoon/EmoFM/videos/CowenEmotionVideos/0272.mp4,True,0.0,0.083333,0.0,0.33333,0.0,0.0,0.0,0.16667,0.0,0.0,0.41667,0.0,0.0,0.0,0.083333,0.0,0.083333,0.0,0.0,0.083333,0.0,0.16667,0.083333,0.083333,0.0,0.0,0.0,0.0,0.0,0.0,0.0,0.16667,0.0,0.0,6.1111,4.7778,3.6667,2.8889,6.5556,4.3333,4.1111,4.1111,5.5556,4.3333,3.3333,3.4444,4.1111,3.6667
272,273,stimulus_273,/pscratch/sd/s/sjmoon/EmoFM/videos/CowenEmotionVideos/0273.mp4,True,0.16667,0.25,0.0,0.5,0.0,0.0,0.16667,0.0,0.0,0.0,0.0,0.0,0.0,0.0,0.0,0.0,0.0,0.0,0.0,0.0,0.0,0.0,0.0,0.41667,0.0,0.0,0.0,0.0,0.0,0.0,0.0,0.083333,0.0,0.0,6.5556,4.0,7.4444,6.6667,6.5556,6.6667,7.1111,8.1111,2.3333,6.6667,7.1111,2.3333,7.5556,6.2222
273,274,stimulus_274,/pscratch/sd/s/sjmoon/EmoFM/videos/CowenEmotionVideos/0274.mp4,True,0.0,0.33333,0.0,0.083333,0.0,0.0,0.66667,0.0,0.0,0.083333,0.0,0.0,0.0,0.0,0.0,0.0,0.0,0.0,0.0,0.0,0.0,0.0,0.083333,0.41667,0.0,0.0,0.0,0.0,0.0,0.0,0.0,0.0,0.0,0.0,5.0,4.4444,7.2222,7.5556,6.2222,5.5556,6.4444,7.3333,2.6667,5.5556,4.3333,3.3333,6.2222,6.5556
274,275,stimulus_275,/pscratch/sd/s/sjmoon/EmoFM/videos/CowenEmotionVideos/0275.mp4,True,0.083333,0.0,0.25,0.25,0.0,0.0,0.083333,0.0,0.0,0.0,0.0,0.0,0.0,0.0,0.0,0.0,0.0,0.0,0.33333,0.0,0.0,0.0,0.25,0.083333,0.0,0.0,0.0,0.0,0.0,0.083333,0.0,0.25,0.0,0.0,6.7778,5.4444,7.4444,7.3333,7.3333,5.6667,5.7778,6.4444,3.0,5.4444,6.2222,2.5556,5.3333,6.7778
275,276,stimulus_276,/pscratch/sd/s/sjmoon/EmoFM/videos/CowenEmotionVideos/0276.mp4,True,0.0,0.0,0.0,0.083333,0.0,0.083333,0.083333,0.0,0.0,0.0,0.0,0.0,0.0,0.083333,0.0,0.083333,0.0,0.0,0.0,0.0,0.083333,0.0,0.0,0.25,0.0,0.0,0.0,0.0,0.58333,0.0,0.0,0.0,0.16667,0.0,5.7778,4.0,3.2222,4.7778,6.6667,3.8889,5.3333,4.5556,4.0,2.8889,5.5556,5.4444,5.0,4.5556
276,277,stimulus_277,/pscratch/sd/s/sjmoon/EmoFM/videos/CowenEmotionVideos/0277.mp4,True,0.083333,0.16667,0.0,0.58333,0.0,0.0,0.25,0.083333,0.0,0.0,0.0,0.0,0.0,0.0,0.0,0.0,0.0,0.0,0.0,0.0,0.0,0.0,0.0,0.33333,0.083333,0.0,0.0,0.25,0.0,0.0,0.0,0.083333,0.0,0.0,6.1111,5.4444,6.8889,6.8889,6.3333,6.2222,6.4444,6.7778,2.2222,5.6667,6.4444,4.3333,6.3333,6.4444
277,278,stimulus_278,/pscratch/sd/s/sjmoon/EmoFM/videos/CowenEmotionVideos/0278.mp4,True,0.0,0.0,0.0,0.0,0.0,0.16667,0.0,0.16667,0.0,0.0,0.16667,0.083333,0.0,0.0,0.083333,0.25,0.0,0.0,0.0,0.16667,0.0,0.33333,0.083333,0.083333,0.0,0.0,0.0,0.0,0.16667,0.0,0.0,0.0,0.083333,0.0,4.8889,4.7778,2.3333,1.6667,6.0,4.5556,3.5556,2.7778,4.7778,5.2222,2.8889,4.8889,2.2222,2.6667
278,279,stimulus_279,/pscratch/sd/s/sjmoon/EmoFM/videos/CowenEmotionVideos/0279.mp4,True,0.0,0.0,0.0,0.0,0.083333,0.25,0.0,0.0,0.0,0.0,0.25,0.0,0.0,0.083333,0.0,0.083333,0.0,0.0,0.0,0.58333,0.0,0.41667,0.0,0.0,0.0,0.0,0.0,0.0,0.33333,0.0,0.0,0.0,0.083333,0.0,4.7778,4.7778,2.0,2.5556,5.5556,4.4444,5.5556,1.6667,4.7778,3.1111,4.3333,5.0,1.7778,3.3333
279,280,stimulus_280,/pscratch/sd/s/sjmoon/EmoFM/videos/CowenEmotionVideos/0280.mp4,True,0.0,0.0,0.16667,0.083333,0.0,0.0,0.41667,0.0,0.0,0.083333,0.0,0.0,0.0,0.0,0.0,0.0,0.0,0.0,0.33333,0.0,0.0,0.0,0.33333,0.0,0.0,0.083333,0.0,0.0,0.0,0.0,0.0,0.0,0.0,0.16667,7.2222,5.3333,6.5556,4.5556,6.5556,4.7778,4.3333,6.8889,1.7778,5.2222,5.0,4.1111,4.6667,6.8889
280,281,stimulus_281,/pscratch/sd/s/sjmoon/EmoFM/videos/CowenEmotionVideos/0281.mp4,True,0.0,0.16667,0.0,0.75,0.0,0.0,0.083333,0.0,0.0,0.0,0.0,0.0,0.0,0.0,0.0,0.0,0.0,0.0,0.0,0.0,0.0,0.0,0.083333,0.41667,0.0,0.0,0.0,0.0,0.0,0.0,0.0,0.16667,0.0,0.0,6.5556,5.3333,6.4444,5.6667,5.8889,6.1111,6.6667,5.8889,1.6667,4.1111,5.5556,2.7778,6.1111,5.3333
281,282,stimulus_282,/pscratch/sd/s/sjmoon/EmoFM/videos/CowenEmotionVideos/0282.mp4,True,0.0,0.0,0.0,0.58333,0.0,0.0,0.0,0.0,0.083333,0.0,0.0,0.0,0.0,0.083333,0.083333,0.0,0.0,0.0,0.083333,0.0,0.0,0.0,0.16667,0.0,0.0,0.0,0.0,0.0,0.0,0.25,0.0,0.25,0.083333,0.16667,5.1111,5.1111,4.1111,3.7778,6.3333,5.0,4.1111,4.4444,3.3333,5.0,4.2222,3.7778,4.0,4.1111
282,283,stimulus_283,/pscratch/sd/s/sjmoon/EmoFM/videos/CowenEmotionVideos/0283.mp4,True,0.0,0.083333,0.0,0.41667,0.0,0.16667,0.16667,0.16667,0.0,0.0,0.0,0.0,0.0,0.0,0.0,0.0,0.0,0.0,0.0,0.0,0.0,0.0,0.083333,0.0,0.0,0.0,0.0,0.5,0.0,0.0,0.0,0.16667,0.16667,0.0,6.2222,5.0,5.5556,3.8889,6.5556,5.2222,5.1111,4.3333,2.6667,5.0,4.3333,3.5556,3.4444,3.6667
283,284,stimulus_284,/pscratch/sd/s/sjmoon/EmoFM/videos/CowenEmotionVideos/0284.mp4,True,0.0,0.0,0.083333,0.0,0.0,0.0,0.0,0.0,0.083333,0.0,0.083333,0.0,0.66667,0.0,0.083333,0.0,0.0,0.0,0.0,0.0,0.0,0.0,0.16667,0.0,0.0,0.0,0.0,0.0,0.0,0.083333,0.0,0.0,0.0,0.0,5.6667,4.7778,5.6667,6.2222,6.0,5.0,4.5556,6.7778,2.1111,6.1111,5.0,3.4444,6.2222,6.5556
284,285,stimulus_285,/pscratch/sd/s/sjmoon/EmoFM/videos/CowenEmotionVideos/0285.mp4,True,0.0,0.0,0.0,0.16667,0.0,0.083333,0.0,0.33333,0.0,0.0,0.083333,0.083333,0.0,0.083333,0.083333,0.0,0.0,0.0,0.0,0.0,0.0,0.0,0.083333,0.16667,0.0,0.083333,0.0,0.0,0.083333,0.0,0.0,0.0,0.0,0.0,4.0,5.0,4.3333,3.8889,5.2222,5.0,5.0,5.6667,3.7778,5.0,4.7778,4.1111,5.3333,4.8889
285,286,stimulus_286,/pscratch/sd/s/sjmoon/EmoFM/videos/CowenEmotionVideos/0286.mp4,True,0.16667,0.25,0.083333,0.41667,0.0,0.0,0.66667,0.0,0.0,0.083333,0.0,0.0,0.0,0.0,0.0,0.0,0.0,0.0,0.0,0.0,0.0,0.0,0.083333,0.16667,0.0,0.0,0.0,0.0,0.0,0.0,0.0,0.0,0.0,0.0,6.0,5.4444,6.5556,5.3333,6.0,5.7778,6.4444,6.7778,2.0,6.2222,4.1111,3.2222,6.0,6.1111
286,287,stimulus_287,/pscratch/sd/s/sjmoon/EmoFM/videos/CowenEmotionVideos/0287.mp4,True,0.0,0.0,0.25,0.0,0.0,0.0,0.0,0.0,0.0,0.083333,0.16667,0.0,0.0,0.0,0.0,0.0,0.58333,0.0,0.0,0.0,0.0,0.0,0.16667,0.0,0.0,0.0,0.0,0.0,0.0,0.0,0.0,0.0,0.0,0.0,6.8889,5.5556,6.5556,6.0,7.3333,5.8889,5.2222,6.4444,3.8889,5.7778,4.7778,3.7778,6.4444,5.2222
287,288,stimulus_288,/pscratch/sd/s/sjmoon/EmoFM/videos/CowenEmotionVideos/0288.mp4,True,0.0,0.0,0.0,0.16667,0.16667,0.0,0.0,0.16667,0.0,0.0,0.16667,0.083333,0.0,0.16667,0.66667,0.0,0.0,0.0,0.0,0.0,0.0,0.0,0.0,0.0,0.0,0.0,0.0,0.0,0.083333,0.0,0.0,0.0,0.0,0.0,2.7778,4.5556,1.3333,1.3333,4.7778,4.6667,2.7778,2.8889,6.1111,3.6667,2.6667,5.1111,3.4444,2.3333
288,289,stimulus_289,/pscratch/sd/s/sjmoon/EmoFM/videos/CowenEmotionVideos/0289.mp4,True,0.083333,0.0,0.41667,0.0,0.0,0.0,0.25,0.0,0.0,0.41667,0.0,0.0,0.0,0.0,0.0,0.0,0.25,0.0,0.0,0.0,0.0,0.0,0.25,0.083333,0.0,0.0,0.0,0.0,0.0,0.16667,0.0,0.0,0.0,0.083333,6.8889,4.2222,7.8889,6.7778,6.6667,7.5556,5.1111,7.3333,2.5556,6.4444,5.0,3.2222,5.0,7.3333
289,290,stimulus_290,/pscratch/sd/s/sjmoon/EmoFM/videos/CowenEmotionVideos/0290.mp4,True,0.0,0.0,0.0,0.5,0.0,0.0,0.0,0.0,0.16667,0.0,0.0,0.083333,0.0,0.0,0.083333,0.0,0.083333,0.0,0.0,0.0,0.0,0.0,0.0,0.083333,0.0,0.0,0.0,0.0,0.0,0.0,0.0,0.0,0.0,0.0,4.3333,4.6667,6.1111,4.5556,5.0,5.3333,5.0,5.6667,2.3333,6.1111,4.8889,3.0,5.2222,5.6667
290,291,stimulus_291,/pscratch/sd/s/sjmoon/EmoFM/videos/CowenEmotionVideos/0291.mp4,True,0.0,0.0,0.0,0.66667,0.0,0.0,0.16667,0.0,0.0,0.0,0.0,0.0,0.0,0.0,0.0,0.0,0.0,0.0,0.0,0.0,0.0,0.0,0.33333,0.0,0.0,0.0,0.0,0.0,0.0,0.083333,0.0,0.083333,0.0,0.0,6.6667,4.4444,7.7778,7.2222,6.6667,6.7778,5.4444,8.1111,2.2222,6.7778,6.3333,2.2222,7.0,7.1111
291,292,stimulus_292,/pscratch/sd/s/sjmoon/EmoFM/videos/CowenEmotionVideos/0292.mp4,True,0.0,0.16667,0.0,0.75,0.0,0.0,0.33333,0.0,0.0,0.0,0.0,0.0,0.0,0.0,0.0,0.0,0.0,0.0,0.0,0.0,0.0,0.0,0.083333,0.33333,0.0,0.0,0.0,0.0,0.0,0.083333,0.0,0.083333,0.0,0.0,5.8889,4.6667,8.2222,7.7778,6.5556,6.4444,6.2222,7.5556,1.4444,7.3333,3.8889,1.8889,6.6667,6.7778
292,293,stimulus_293,/pscratch/sd/s/sjmoon/EmoFM/videos/CowenEmotionVideos/0293.mp4,True,0.083333,0.0,0.0,0.0,0.0,0.0,0.0,0.0,0.083333,0.0,0.0,0.0,0.0,0.0,0.0,0.0,0.0,0.083333,0.25,0.0,0.0,0.0,0.25,0.083333,0.0,0.0,0.0,0.0,0.0,0.25,0.0,0.083333,0.0,0.33333,6.1111,5.0,7.3333,5.4444,5.1111,6.0,4.6667,6.8889,2.8889,7.2222,4.8889,2.5556,6.6667,7.5556
293,294,stimulus_294,/pscratch/sd/s/sjmoon/EmoFM/videos/CowenEmotionVideos/0294.mp4,True,0.0,0.0,0.0,0.66667,0.0,0.0,0.0,0.083333,0.16667,0.0,0.083333,0.0,0.0,0.0,0.0,0.0,0.0,0.0,0.16667,0.0,0.0,0.0,0.083333,0.0,0.0,0.0,0.0,0.0,0.0,0.0,0.0,0.16667,0.0,0.0,6.2222,5.2222,5.7778,3.8889,6.2222,5.7778,3.4444,4.2222,3.2222,4.8889,4.1111,2.8889,5.0,5.2222
294,295,stimulus_295,/pscratch/sd/s/sjmoon/EmoFM/videos/CowenEmotionVideos/0295.mp4,True,0.083333,0.0,0.25,0.16667,0.0,0.0,0.083333,0.0,0.0,0.0,0.16667,0.0,0.0,0.0,0.0,0.0,0.083333,0.0,0.0,0.0,0.0,0.0,0.33333,0.0,0.0,0.0,0.0,0.0,0.0,0.0,0.0,0.5,0.0,0.0,6.7778,3.6667,7.7778,8.0,7.4444,5.1111,5.8889,8.2222,3.6667,6.2222,5.7778,3.5556,7.6667,7.8889
295,296,stimulus_296,/pscratch/sd/s/sjmoon/EmoFM/videos/CowenEmotionVideos/0296.mp4,True,0.083333,0.0,0.0,0.83333,0.0,0.0,0.33333,0.0,0.0,0.0,0.0,0.0,0.0,0.0,0.0,0.0,0.083333,0.0,0.0,0.0,0.0,0.0,0.16667,0.083333,0.0,0.0,0.0,0.0,0.0,0.083333,0.0,0.083333,0.0,0.0,5.6667,5.4444,7.3333,6.7778,5.4444,5.5556,6.3333,8.2222,2.6667,6.3333,4.3333,4.1111,6.6667,6.5556
296,297,stimulus_297,/pscratch/sd/s/sjmoon/EmoFM/videos/CowenEmotionVideos/0297.mp4,True,0.0,0.0,0.0,0.41667,0.0,0.0,0.16667,0.083333,0.0,0.083333,0.0,0.0,0.0,0.0,0.0,0.0,0.0,0.0,0.0,0.0,0.0,0.0,0.0,0.33333,0.0,0.16667,0.0,0.0,0.0,0.0,0.0,0.25,0.0,0.16667,5.7778,4.6667,6.7778,6.4444,6.0,5.7778,5.4444,7.8889,2.0,7.6667,6.5556,3.1111,7.0,8.3333
297,298,stimulus_298,/pscratch/sd/s/sjmoon/EmoFM/videos/CowenEmotionVideos/0298.mp4,True,0.16667,0.083333,0.083333,0.083333,0.0,0.0,0.083333,0.0,0.083333,0.0,0.0,0.0,0.0,0.0,0.0,0.0,0.0,0.0,0.16667,0.0,0.0,0.0,0.25,0.083333,0.0,0.0,0.0,0.0,0.0,0.083333,0.0,0.0,0.0,0.41667,4.5556,5.0,6.4444,6.4444,5.6667,5.4444,4.3333,7.8889,1.7778,7.2222,5.8889,3.5556,6.7778,7.4444
298,299,stimulus_299,/pscratch/sd/s/sjmoon/EmoFM/videos/CowenEmotionVideos/0299.mp4,True,0.083333,0.0,0.0,0.0,0.0,0.16667,0.083333,0.0,0.0,0.0,0.0,0.0,0.0,0.0,0.0,0.16667,0.0,0.0,0.0,0.083333,0.083333,0.33333,0.083333,0.0,0.0,0.083333,0.0,0.0,0.58333,0.0,0.0,0.0,0.33333,0.0,5.1111,3.2222,2.4444,3.4444,5.8889,5.4444,7.2222,3.6667,5.0,2.3333,5.2222,3.4444,3.2222,4.3333
299,300,stimulus_300,/pscratch/sd/s/sjmoon/EmoFM/videos/CowenEmotionVideos/0300.mp4,True,0.0,0.0,0.0,0.083333,0.0,0.0,0.083333,0.0,0.0,0.083333,0.0,0.0,0.0,0.0,0.0,0.16667,0.0,0.0,0.083333,0.0,0.083333,0.0,0.0,0.5,0.083333,0.0,0.0,0.0,0.41667,0.0,0.0,0.083333,0.16667,0.0,4.7778,4.0,4.7778,4.8889,5.2222,6.0,6.0,8.1111,3.2222,4.8889,5.6667,3.3333,7.2222,6.2222
300,301,stimulus_301,/pscratch/sd/s/sjmoon/EmoFM/videos/CowenEmotionVideos/0301.mp4,True,0.0,0.0,0.0,0.30769,0.0,0.0,0.0,0.038462,0.0,0.0,0.0,0.0,0.0,0.0,0.0,0.0,0.0,0.0,0.076923,0.0,0.0,0.0,0.076923,0.15385,0.53846,0.0,0.0,0.0,0.0,0.0,0.0,0.0,0.0,0.076923,5.6667,5.2222,7.0,7.4444,6.1111,6.1111,5.0,8.0,2.1111,7.0,6.8889,3.2222,7.1111,6.5556
301,302,stimulus_302,/pscratch/sd/s/sjmoon/EmoFM/videos/CowenEmotionVideos/0302.mp4,True,0.11538,0.076923,0.0,0.076923,0.0,0.15385,0.23077,0.0,0.0,0.0,0.0,0.0,0.0,0.0,0.0,0.0,0.0,0.0,0.0,0.076923,0.0,0.0,0.23077,0.0,0.0,0.076923,0.0,0.0,0.0,0.076923,0.0,0.076923,0.0,0.0,6.6667,3.7778,6.6667,4.6667,7.1111,6.6667,5.0,7.6667,3.8889,5.7778,4.8889,3.0,4.4444,7.7778
302,303,stimulus_303,/pscratch/sd/s/sjmoon/EmoFM/videos/CowenEmotionVideos/0303.mp4,True,0.0,0.0,0.11538,0.0,0.0,0.0,0.0,0.0,0.46154,0.0,0.15385,0.0,0.0,0.0,0.0,0.0,0.38462,0.0,0.0,0.0,0.0,0.0,0.076923,0.0,0.0,0.0,0.0,0.0,0.0,0.0,0.0,0.0,0.0,0.0,5.2222,3.7778,5.7778,4.8889,5.8889,5.1111,3.5556,6.4444,3.3333,5.7778,4.1111,3.3333,5.7778,4.6667
303,304,stimulus_304,/pscratch/sd/s/sjmoon/EmoFM/videos/CowenEmotionVideos/0304.mp4,True,0.0,0.0,0.38462,0.076923,0.0,0.0,0.34615,0.0,0.0,0.38462,0.0,0.0,0.0,0.0,0.0,0.0,0.11538,0.0,0.15385,0.0,0.0,0.0,0.15385,0.0,0.076923,0.0,0.0,0.0,0.0,0.0,0.0,0.0,0.0,0.0,5.3333,4.0,7.2222,6.3333,6.5556,4.6667,4.5556,7.4444,2.1111,6.1111,4.0,3.2222,6.5556,7.1111
304,305,stimulus_305,/pscratch/sd/s/sjmoon/EmoFM/videos/CowenEmotionVideos/0305.mp4,True,0.0,0.076923,0.0,0.38462,0.0,0.0,0.076923,0.076923,0.0,0.0,0.15385,0.0,0.0,0.0,0.076923,0.0,0.0,0.0,0.0,0.0,0.0,0.0,0.15385,0.0,0.0,0.0,0.0,0.0,0.076923,0.076923,0.0,0.15385,0.0,0.0,5.1111,4.0,6.1111,4.8889,5.7778,5.5556,6.4444,6.0,3.1111,5.8889,5.0,2.5556,5.0,5.1111
305,306,stimulus_306,/pscratch/sd/s/sjmoon/EmoFM/videos/CowenEmotionVideos/0306.mp4,True,0.0,0.0,0.0,0.0,0.0,0.0,0.076923,0.0,0.0,0.0,0.23077,0.0,0.0,0.0,0.38462,0.0,0.0,0.0,0.0,0.076923,0.0,0.23077,0.076923,0.0,0.0,0.0,0.0,0.0,0.0,0.0,0.0,0.15385,0.0,0.0,4.7778,3.4444,2.2222,2.0,6.1111,3.7778,4.5556,4.1111,6.4444,2.8889,4.2222,5.6667,3.0,2.8889
306,307,stimulus_307,/pscratch/sd/s/sjmoon/EmoFM/videos/CowenEmotionVideos/0307.mp4,True,0.0,0.46154,0.0,0.23077,0.0,0.0,0.30769,0.0,0.0,0.15385,0.0,0.0,0.0,0.0,0.0,0.0,0.0,0.0,0.076923,0.0,0.0,0.0,0.0,0.11538,0.0,0.0,0.0,0.076923,0.0,0.0,0.0,0.0,0.076923,0.0,6.0,4.1111,8.2222,8.2222,6.4444,6.5556,7.2222,8.0,2.0,7.4444,5.8889,2.3333,7.8889,7.2222
307,308,stimulus_308,/pscratch/sd/s/sjmoon/EmoFM/videos/CowenEmotionVideos/0308.mp4,True,0.0,0.0,0.076923,0.0,0.0,0.076923,0.0,0.076923,0.0,0.0,0.0,0.0,0.0,0.0,0.46154,0.0,0.0,0.0,0.0,0.23077,0.0,0.23077,0.0,0.0,0.0,0.0,0.0,0.0,0.0,0.0,0.0,0.0,0.0,0.0,6.7778,4.2222,2.4444,1.8889,6.1111,4.6667,3.2222,3.7778,6.5556,4.0,4.0,5.4444,2.7778,2.4444
308,309,stimulus_309,/pscratch/sd/s/sjmoon/EmoFM/videos/CowenEmotionVideos/0309.mp4,True,0.0,0.0,0.0,0.0,0.0,0.0,0.0,0.0,0.0,0.0,0.0,0.0,0.0,0.0,0.0,0.0,0.0,0.0,0.076923,0.0,0.0,0.0,0.076923,0.0,0.0,0.0,0.0,0.076923,0.0,0.0,0.92308,0.0,0.0,0.0,6.5556,4.7778,6.2222,5.8889,6.5556,6.5556,5.3333,7.6667,4.0,5.6667,5.4444,3.3333,5.2222,6.3333
309,310,stimulus_310,/pscratch/sd/s/sjmoon/EmoFM/videos/CowenEmotionVideos/0310.mp4,True,0.0,0.0,0.0,0.19231,0.0,0.0,0.0,0.076923,0.26923,0.0,0.0,0.0,0.0,0.076923,0.076923,0.0,0.0,0.076923,0.23077,0.0,0.0,0.0,0.0,0.0,0.0,0.0,0.0,0.0,0.0,0.076923,0.076923,0.0,0.0,0.076923,6.3333,4.7778,5.7778,4.1111,5.3333,4.5556,4.2222,5.8889,3.5556,5.6667,5.2222,3.7778,4.5556,6.2222
310,311,stimulus_311,/pscratch/sd/s/sjmoon/EmoFM/videos/CowenEmotionVideos/0311.mp4,True,0.0,0.0,0.15385,0.076923,0.0,0.0,0.0,0.0,0.0,0.0,0.076923,0.0,0.69231,0.0,0.076923,0.0,0.0,0.0,0.0,0.0,0.0,0.0,0.076923,0.0,0.0,0.076923,0.0,0.0,0.0,0.076923,0.0,0.0,0.0,0.0,6.1111,5.7778,6.2222,6.0,6.7778,5.5556,4.2222,7.0,3.3333,5.6667,6.7778,2.4444,5.4444,5.8889
311,312,stimulus_312,/pscratch/sd/s/sjmoon/EmoFM/videos/CowenEmotionVideos/0312.mp4,True,0.0,0.076923,0.0,0.076923,0.15385,0.076923,0.076923,0.076923,0.0,0.0,0.15385,0.0,0.0,0.0,0.076923,0.0,0.0,0.0,0.0,0.0,0.0,0.30769,0.0,0.0,0.0,0.0,0.0,0.0,0.30769,0.0,0.0,0.0,0.0,0.0,6.2222,4.8889,3.3333,1.3333,7.2222,4.0,5.5556,2.1111,5.6667,2.7778,3.6667,5.0,2.7778,2.4444
312,313,stimulus_313,/pscratch/sd/s/sjmoon/EmoFM/videos/CowenEmotionVideos/0313.mp4,True,0.0,0.0,0.0,0.30769,0.0,0.076923,0.076923,0.0,0.0,0.0,0.0,0.0,0.0,0.0,0.0,0.46154,0.0,0.0,0.0,0.0,0.076923,0.076923,0.0,0.076923,0.0,0.0,0.0,0.0,0.076923,0.0,0.0,0.19231,0.076923,0.0,6.3333,4.7778,3.7778,2.6667,6.0,4.2222,5.2222,2.8889,4.5556,4.0,5.0,4.6667,3.6667,2.3333
313,314,stimulus_314,/pscratch/sd/s/sjmoon/EmoFM/videos/CowenEmotionVideos/0314.mp4,True,0.076923,0.076923,0.0,0.0,0.0,0.076923,0.23077,0.0,0.0,0.0,0.0,0.0,0.0,0.0,0.0,0.0,0.0,0.0,0.076923,0.076923,0.0,0.0,0.0,0.15385,0.0,0.0,0.15385,0.0,0.076923,0.23077,0.0,0.0,0.23077,0.0,6.2222,6.4444,5.8889,5.7778,7.0,5.7778,7.2222,5.8889,2.3333,6.3333,5.5556,4.2222,5.3333,7.3333
314,315,stimulus_315,/pscratch/sd/s/sjmoon/EmoFM/videos/CowenEmotionVideos/0315.mp4,True,0.0,0.0,0.0,0.11538,0.0,0.076923,0.0,0.0,0.076923,0.076923,0.0,0.0,0.0,0.0,0.0,0.0,0.076923,0.0,0.0,0.0,0.0,0.0,0.076923,0.076923,0.69231,0.0,0.0,0.0,0.0,0.0,0.0,0.0,0.0,0.0,5.5556,5.4444,6.8889,6.5556,6.6667,7.4444,6.1111,7.1111,2.1111,7.0,5.1111,2.5556,6.6667,5.6667
315,316,stimulus_316,/pscratch/sd/s/sjmoon/EmoFM/videos/CowenEmotionVideos/0316.mp4,True,0.0,0.0,0.0,0.038462,0.0,0.15385,0.076923,0.0,0.0,0.0,0.15385,0.0,0.0,0.0,0.0,0.076923,0.076923,0.0,0.0,0.23077,0.0,0.15385,0.076923,0.0,0.0,0.0,0.26923,0.0,0.0,0.0,0.0,0.23077,0.076923,0.0,7.5556,4.0,2.7778,2.3333,6.3333,4.2222,5.7778,2.0,4.0,3.5556,4.3333,4.4444,1.6667,5.3333
316,317,stimulus_317,/pscratch/sd/s/sjmoon/EmoFM/videos/CowenEmotionVideos/0317.mp4,True,0.0,0.0,0.30769,0.0,0.0,0.0,0.076923,0.0,0.0,0.076923,0.23077,0.0,0.0,0.0,0.0,0.0,0.42308,0.0,0.076923,0.0,0.0,0.0,0.30769,0.0,0.076923,0.0,0.0,0.0,0.0,0.23077,0.0,0.0,0.0,0.0,6.4444,4.8889,6.8889,6.0,6.6667,5.2222,4.4444,6.5556,1.6667,6.1111,4.3333,3.2222,5.8889,6.4444
317,318,stimulus_318,/pscratch/sd/s/sjmoon/EmoFM/videos/CowenEmotionVideos/0318.mp4,True,0.0,0.0,0.38462,0.076923,0.0,0.0,0.0,0.0,0.076923,0.0,0.15385,0.0,0.0,0.0,0.0,0.0,0.30769,0.0,0.0,0.0,0.0,0.0,0.15385,0.0,0.0,0.0,0.0,0.0,0.0,0.0,0.0,0.0,0.0,0.0,6.0,5.4444,5.3333,4.5556,5.5556,5.0,4.4444,4.3333,3.4444,5.3333,4.1111,4.0,5.0,5.6667
318,319,stimulus_319,/pscratch/sd/s/sjmoon/EmoFM/videos/CowenEmotionVideos/0319.mp4,True,0.23077,0.46154,0.0,0.076923,0.0,0.0,0.23077,0.0,0.038462,0.0,0.0,0.0,0.0,0.0,0.0,0.0,0.0,0.0,0.0,0.0,0.0,0.0,0.0,0.15385,0.076923,0.0,0.0,0.0,0.0,0.076923,0.0,0.0,0.076923,0.0,5.7778,5.5556,7.7778,6.7778,5.8889,6.6667,6.5556,8.2222,1.5556,7.1111,5.2222,1.6667,6.2222,6.5556
319,320,stimulus_320,/pscratch/sd/s/sjmoon/EmoFM/videos/CowenEmotionVideos/0320.mp4,True,0.0,0.0,0.0,0.0,0.0,0.0,0.0,0.0,0.0,0.0,0.0,0.0,0.0,0.0,0.076923,0.0,0.0,0.0,0.11538,0.0,0.0,0.0,0.0,0.0,0.0,0.0,0.0,0.26923,0.0,0.0,0.84615,0.0,0.0,0.0,7.4444,6.2222,7.3333,6.8889,7.0,7.5556,6.8889,7.7778,2.2222,6.8889,5.6667,1.8889,6.6667,6.4444
320,321,stimulus_321,/pscratch/sd/s/sjmoon/EmoFM/videos/CowenEmotionVideos/0321.mp4,True,0.0,0.15385,0.0,0.23077,0.0,0.0,0.23077,0.0,0.15385,0.0,0.076923,0.0,0.0,0.0,0.0,0.0,0.0,0.0,0.076923,0.0,0.0,0.0,0.15385,0.0,0.0,0.0,0.0,0.0,0.0,0.0,0.0,0.30769,0.0,0.0,6.7778,5.4444,7.8889,4.6667,6.7778,6.2222,5.7778,6.0,1.7778,6.3333,4.4444,2.7778,5.5556,7.4444
321,322,stimulus_322,/pscratch/sd/s/sjmoon/EmoFM/videos/CowenEmotionVideos/0322.mp4,True,0.15385,0.38462,0.0,0.0,0.0,0.0,0.076923,0.0,0.076923,0.0,0.076923,0.0,0.0,0.0,0.0,0.0,0.0,0.0,0.076923,0.0,0.0,0.0,0.0,0.23077,0.076923,0.076923,0.0,0.0,0.0,0.0,0.0,0.0,0.0,0.0,6.1111,4.5556,7.8889,7.6667,6.4444,5.6667,7.1111,8.3333,1.2222,7.0,6.1111,2.6667,7.2222,6.7778
322,323,stimulus_323,/pscratch/sd/s/sjmoon/EmoFM/videos/CowenEmotionVideos/0323.mp4,True,0.0,0.076923,0.15385,0.30769,0.0,0.076923,0.23077,0.0,0.076923,0.0,0.0,0.0,0.0,0.0,0.0,0.0,0.0,0.0,0.23077,0.0,0.0,0.0,0.076923,0.076923,0.0,0.0,0.0,0.0,0.0,0.15385,0.0,0.0,0.0,0.0,6.3333,5.3333,7.3333,6.7778,7.1111,6.2222,6.2222,7.2222,1.5556,6.4444,4.6667,2.5556,6.2222,7.3333
323,324,stimulus_324,/pscratch/sd/s/sjmoon/EmoFM/videos/CowenEmotionVideos/0324.mp4,True,0.0,0.0,0.0,0.26923,0.0,0.30769,0.0,0.0,0.0,0.0,0.076923,0.0,0.0,0.0,0.0,0.0,0.0,0.0,0.11538,0.23077,0.0,0.15385,0.0,0.076923,0.0,0.0,0.23077,0.0,0.0,0.0,0.0,0.076923,0.0,0.0,7.0,4.7778,4.0,3.3333,6.4444,4.4444,5.1111,3.6667,3.2222,4.4444,5.0,4.1111,2.7778,4.6667
324,325,stimulus_325,/pscratch/sd/s/sjmoon/EmoFM/videos/CowenEmotionVideos/0325.mp4,True,0.076923,0.0,0.11538,0.076923,0.0,0.0,0.15385,0.0,0.0,0.0,0.0,0.0,0.0,0.0,0.0,0.0,0.38462,0.076923,0.15385,0.0,0.0,0.0,0.19231,0.0,0.0,0.0,0.0,0.0,0.0,0.15385,0.0,0.0,0.0,0.076923,6.6667,5.7778,7.3333,7.0,7.6667,6.3333,5.2222,8.1111,2.4444,7.5556,6.1111,1.7778,7.0,7.6667
325,326,stimulus_326,/pscratch/sd/s/sjmoon/EmoFM/videos/CowenEmotionVideos/0326.mp4,True,0.0,0.0,0.076923,0.38462,0.0,0.076923,0.076923,0.076923,0.0,0.0,0.076923,0.0,0.0,0.0,0.076923,0.15385,0.0,0.0,0.0,0.0,0.0,0.0,0.0,0.0,0.0,0.0,0.0,0.0,0.0,0.0,0.0,0.15385,0.15385,0.0,4.6667,4.5556,3.8889,2.4444,6.1111,4.3333,4.6667,3.1111,5.0,4.4444,3.8889,4.6667,4.1111,3.8889
326,327,stimulus_327,/pscratch/sd/s/sjmoon/EmoFM/videos/CowenEmotionVideos/0327.mp4,True,0.0,0.0,0.0,0.0,0.0,0.0,0.0,0.0,0.0,0.0,0.0,0.0,0.076923,0.0,0.0,0.0,0.0,0.0,0.0,0.0,0.0,0.0,0.076923,0.0,0.0,0.0,0.0,0.57692,0.0,0.0,0.46154,0.0,0.0,0.0,6.6667,5.0,5.8889,6.4444,5.5556,6.4444,4.6667,7.1111,3.5556,5.7778,4.3333,3.3333,5.6667,7.2222
327,328,stimulus_328,/pscratch/sd/s/sjmoon/EmoFM/videos/CowenEmotionVideos/0328.mp4,True,0.0,0.38462,0.0,0.46154,0.0,0.0,0.15385,0.0,0.0,0.0,0.0,0.0,0.0,0.0,0.0,0.0,0.0,0.0,0.0,0.0,0.0,0.0,0.0,0.23077,0.0,0.0,0.076923,0.0,0.0,0.076923,0.0,0.076923,0.0,0.0,6.5556,4.8889,7.7778,7.5556,6.6667,6.5556,6.8889,6.2222,2.3333,7.2222,5.5556,2.4444,7.5556,7.0
328,329,stimulus_329,/pscratch/sd/s/sjmoon/EmoFM/videos/CowenEmotionVideos/0329.mp4,True,0.0,0.0,0.0,0.0,0.0,0.46154,0.0,0.0,0.0,0.0,0.076923,0.0,0.0,0.0,0.0,0.0,0.0,0.0,0.076923,0.23077,0.0,0.076923,0.076923,0.0,0.0,0.076923,0.0,0.0,0.0,0.0,0.0,0.0,0.0,0.0,5.8889,3.8889,3.0,2.8889,7.5556,4.8889,4.6667,4.3333,5.2222,5.0,3.4444,4.4444,3.1111,6.6667
329,330,stimulus_330,/pscratch/sd/s/sjmoon/EmoFM/videos/CowenEmotionVideos/0330.mp4,True,0.0,0.0,0.038462,0.0,0.0,0.0,0.42308,0.0,0.0,0.23077,0.076923,0.0,0.0,0.0,0.0,0.0,0.23077,0.0,0.076923,0.0,0.0,0.0,0.15385,0.0,0.0,0.0,0.0,0.0,0.0,0.076923,0.0,0.15385,0.0,0.0,6.6667,4.7778,6.3333,5.5556,6.4444,5.8889,3.3333,6.8889,3.3333,5.7778,3.5556,2.6667,6.1111,7.1111
330,331,stimulus_331,/pscratch/sd/s/sjmoon/EmoFM/videos/CowenEmotionVideos/0331.mp4,True,0.15385,0.23077,0.0,0.38462,0.0,0.0,0.15385,0.0,0.0,0.0,0.0,0.0,0.0,0.0,0.0,0.0,0.0,0.076923,0.30769,0.0,0.0,0.0,0.0,0.46154,0.0,0.0,0.076923,0.0,0.0,0.076923,0.0,0.15385,0.076923,0.0,6.2222,5.3333,8.2222,8.0,6.7778,6.8889,7.6667,8.0,1.3333,8.2222,5.8889,1.6667,8.0,7.3333
331,332,stimulus_332,/pscratch/sd/s/sjmoon/EmoFM/videos/CowenEmotionVideos/0332.mp4,True,0.0,0.0,0.0,0.0,0.076923,0.0,0.0,0.0,0.38462,0.0,0.46154,0.076923,0.0,0.0,0.0,0.0,0.0,0.0,0.0,0.0,0.0,0.23077,0.076923,0.0,0.0,0.0,0.0,0.0,0.0,0.0,0.0,0.076923,0.0,0.0,5.8889,3.4444,2.6667,2.1111,5.3333,3.6667,4.1111,2.7778,6.1111,3.5556,4.3333,5.6667,3.4444,2.2222
332,333,stimulus_333,/pscratch/sd/s/sjmoon/EmoFM/videos/CowenEmotionVideos/0333.mp4,True,0.076923,0.076923,0.0,0.0,0.0,0.0,0.15385,0.0,0.0,0.0,0.0,0.076923,0.0,0.0,0.15385,0.15385,0.0,0.0,0.0,0.0,0.076923,0.076923,0.0,0.076923,0.0,0.076923,0.0,0.0,0.61538,0.076923,0.0,0.0,0.53846,0.0,5.5556,4.6667,4.4444,4.6667,6.5556,5.7778,6.6667,5.5556,5.1111,3.4444,5.5556,3.2222,5.0,5.3333
333,334,stimulus_334,/pscratch/sd/s/sjmoon/EmoFM/videos/CowenEmotionVideos/0334.mp4,True,0.076923,0.0,0.0,0.076923,0.076923,0.23077,0.0,0.0,0.0,0.0,0.0,0.076923,0.0,0.0,0.15385,0.0,0.0,0.0,0.0,0.30769,0.0,0.0,0.15385,0.0,0.15385,0.076923,0.0,0.0,0.23077,0.0,0.0,0.076923,0.23077,0.23077,5.2222,5.2222,4.1111,2.7778,6.6667,4.0,6.5556,4.7778,4.2222,2.5556,4.7778,4.8889,3.0,5.0
334,335,stimulus_335,/pscratch/sd/s/sjmoon/EmoFM/videos/CowenEmotionVideos/0335.mp4,True,0.0,0.0,0.0,0.076923,0.0,0.15385,0.15385,0.0,0.0,0.0,0.0,0.0,0.0,0.0,0.30769,0.0,0.0,0.0,0.0,0.23077,0.076923,0.076923,0.23077,0.0,0.0,0.0,0.0,0.0,0.15385,0.15385,0.0,0.076923,0.076923,0.0,4.2222,4.5556,2.8889,2.5556,6.1111,5.8889,5.0,4.5556,4.5556,3.6667,3.5556,5.3333,3.2222,3.1111
335,336,stimulus_336,/pscratch/sd/s/sjmoon/EmoFM/videos/CowenEmotionVideos/0336.mp4,True,0.0,0.076923,0.0,0.30769,0.0,0.076923,0.0,0.076923,0.23077,0.076923,0.0,0.0,0.0,0.15385,0.0,0.0,0.0,0.0,0.15385,0.0,0.0,0.0,0.23077,0.15385,0.0,0.0,0.0,0.0,0.0,0.076923,0.0,0.0,0.0,0.076923,6.4444,5.8889,5.8889,6.3333,6.5556,4.5556,6.2222,5.0,3.3333,5.4444,4.5556,2.8889,6.4444,4.0
336,337,stimulus_337,/pscratch/sd/s/sjmoon/EmoFM/videos/CowenEmotionVideos/0337.mp4,True,0.076923,0.0,0.15385,0.0,0.0,0.0,0.0,0.0,0.0,0.0,0.0,0.0,0.076923,0.0,0.0,0.0,0.076923,0.076923,0.15385,0.0,0.0,0.0,0.15385,0.0,0.0,0.0,0.0,0.15385,0.0,0.076923,0.92308,0.0,0.0,0.0,7.3333,6.4444,6.7778,7.2222,6.0,6.4444,6.0,7.6667,2.5556,6.2222,4.4444,3.3333,6.3333,7.0
337,338,stimulus_338,/pscratch/sd/s/sjmoon/EmoFM/videos/CowenEmotionVideos/0338.mp4,True,0.15385,0.0,0.0,0.15385,0.0,0.23077,0.076923,0.0,0.0,0.0,0.23077,0.0,0.0,0.076923,0.0,0.15385,0.0,0.0,0.15385,0.15385,0.0,0.23077,0.0,0.0,0.0,0.0,0.0,0.0,0.076923,0.076923,0.0,0.30769,0.076923,0.0,6.4444,5.4444,3.6667,1.4444,5.7778,3.4444,5.2222,2.0,4.7778,4.1111,3.2222,4.3333,2.6667,2.7778
338,339,stimulus_339,/pscratch/sd/s/sjmoon/EmoFM/videos/CowenEmotionVideos/0339.mp4,True,0.0,0.0,0.46154,0.0,0.0,0.0,0.38462,0.0,0.0,0.69231,0.0,0.0,0.0,0.0,0.0,0.0,0.076923,0.0,0.0,0.0,0.0,0.0,0.0,0.076923,0.0,0.0,0.0,0.0,0.0,0.0,0.0,0.0,0.0,0.0,4.1111,4.3333,7.2222,7.2222,5.7778,6.6667,4.6667,6.5556,1.6667,7.0,4.3333,2.8889,7.0,6.1111
339,340,stimulus_340,/pscratch/sd/s/sjmoon/EmoFM/videos/CowenEmotionVideos/0340.mp4,True,0.0,0.15385,0.0,0.23077,0.0,0.0,0.23077,0.0,0.15385,0.0,0.0,0.0,0.0,0.0,0.15385,0.0,0.076923,0.0,0.0,0.0,0.0,0.0,0.23077,0.0,0.0,0.0,0.0,0.0,0.0,0.076923,0.0,0.23077,0.0,0.0,5.1111,5.2222,5.1111,5.1111,5.8889,4.5556,5.5556,6.2222,3.5556,6.0,4.1111,3.8889,5.1111,6.4444
340,341,stimulus_341,/pscratch/sd/s/sjmoon/EmoFM/videos/CowenEmotionVideos/0341.mp4,True,0.0,0.0,0.0,0.15385,0.0,0.15385,0.076923,0.0,0.076923,0.0,0.0,0.0,0.0,0.0,0.0,0.0,0.0,0.0,0.23077,0.0,0.0,0.0,0.30769,0.15385,0.0,0.0,0.15385,0.0,0.0,0.15385,0.0,0.30769,0.076923,0.076923,5.6667,5.4444,5.0,6.2222,6.4444,4.6667,5.7778,7.1111,3.2222,6.1111,5.0,4.1111,5.2222,7.5556
341,342,stimulus_342,/pscratch/sd/s/sjmoon/EmoFM/videos/CowenEmotionVideos/0342.mp4,True,0.0,0.076923,0.0,0.23077,0.0,0.30769,0.0,0.0,0.0,0.0,0.0,0.0,0.0,0.0,0.0,0.0,0.0,0.0,0.15385,0.076923,0.0,0.0,0.076923,0.38462,0.0,0.0,0.0,0.0,0.0,0.0,0.0,0.30769,0.0,0.15385,6.3333,5.5556,5.7778,6.0,6.4444,4.5556,6.3333,6.8889,3.0,6.1111,5.3333,3.0,4.1111,7.1111
342,343,stimulus_343,/pscratch/sd/s/sjmoon/EmoFM/videos/CowenEmotionVideos/0343.mp4,True,0.076923,0.0,0.0,0.15385,0.0,0.0,0.15385,0.0,0.076923,0.076923,0.0,0.0,0.0,0.0,0.0,0.0,0.0,0.0,0.076923,0.0,0.0,0.0,0.30769,0.15385,0.0,0.0,0.0,0.0,0.0,0.076923,0.0,0.30769,0.0,0.15385,5.7778,5.5556,5.8889,5.7778,6.4444,5.7778,5.7778,6.4444,2.4444,5.8889,5.2222,4.1111,5.5556,6.8889
343,344,stimulus_344,/pscratch/sd/s/sjmoon/EmoFM/videos/CowenEmotionVideos/0344.mp4,True,0.076923,0.76923,0.0,0.15385,0.0,0.0,0.38462,0.0,0.0,0.15385,0.0,0.0,0.0,0.0,0.0,0.0,0.0,0.0,0.0,0.0,0.0,0.0,0.076923,0.23077,0.076923,0.0,0.076923,0.0,0.0,0.0,0.0,0.0,0.15385,0.0,4.8889,4.8889,7.5556,6.2222,4.7778,5.4444,6.3333,7.2222,1.7778,5.5556,5.1111,2.5556,7.0,7.0
344,345,stimulus_345,/pscratch/sd/s/sjmoon/EmoFM/videos/CowenEmotionVideos/0345.mp4,True,0.0,0.0,0.0,0.0,0.23077,0.076923,0.0,0.0,0.0,0.0,0.0,0.076923,0.0,0.0,0.84615,0.0,0.0,0.0,0.0,0.15385,0.076923,0.46154,0.0,0.0,0.0,0.0,0.0,0.0,0.38462,0.0,0.0,0.0,0.15385,0.0,5.2222,5.7778,1.2222,2.2222,5.0,3.3333,5.6667,3.0,7.3333,1.5556,1.5556,6.6667,2.3333,1.6667
345,346,stimulus_346,/pscratch/sd/s/sjmoon/EmoFM/videos/CowenEmotionVideos/0346.mp4,True,0.0,0.076923,0.076923,0.38462,0.0,0.0,0.23077,0.076923,0.076923,0.076923,0.076923,0.0,0.0,0.0,0.0,0.0,0.0,0.076923,0.0,0.0,0.0,0.0,0.076923,0.076923,0.0,0.0,0.0,0.0,0.0,0.076923,0.0,0.076923,0.15385,0.0,5.2222,4.7778,6.3333,6.0,6.1111,5.8889,6.1111,6.4444,2.3333,5.8889,5.3333,3.6667,5.6667,6.4444
346,347,stimulus_347,/pscratch/sd/s/sjmoon/EmoFM/videos/CowenEmotionVideos/0347.mp4,True,0.0,0.0,0.076923,0.46154,0.0,0.0,0.076923,0.0,0.0,0.0,0.15385,0.0,0.0,0.0,0.0,0.0,0.30769,0.0,0.076923,0.0,0.0,0.0,0.076923,0.076923,0.0,0.076923,0.0,0.0,0.0,0.076923,0.0,0.076923,0.0,0.076923,6.4444,5.5556,6.5556,6.0,6.0,5.4444,4.4444,7.3333,3.2222,5.6667,5.0,4.2222,5.5556,6.8889
347,348,stimulus_348,/pscratch/sd/s/sjmoon/EmoFM/videos/CowenEmotionVideos/0348.mp4,True,0.076923,0.0,0.53846,0.0,0.0,0.0,0.30769,0.0,0.0,0.69231,0.0,0.0,0.0,0.0,0.0,0.0,0.076923,0.0,0.0,0.0,0.0,0.0,0.0,0.076923,0.0,0.0,0.076923,0.0,0.0,0.0,0.0,0.0,0.0,0.0,4.4444,4.3333,7.8889,7.4444,6.2222,6.3333,5.2222,7.6667,1.4444,6.5556,4.5556,2.6667,7.0,6.5556
348,349,stimulus_349,/pscratch/sd/s/sjmoon/EmoFM/videos/CowenEmotionVideos/0349.mp4,True,0.0,0.0,0.61538,0.0,0.0,0.23077,0.30769,0.0,0.0,0.15385,0.0,0.0,0.0,0.0,0.0,0.0,0.15385,0.0,0.30769,0.15385,0.0,0.0,0.23077,0.0,0.0,0.0,0.0,0.0,0.0,0.0,0.0,0.076923,0.0,0.0,6.5556,4.2222,6.3333,3.8889,6.4444,4.8889,5.5556,4.1111,2.3333,5.5556,4.1111,2.6667,3.5556,4.8889
349,350,stimulus_350,/pscratch/sd/s/sjmoon/EmoFM/videos/CowenEmotionVideos/0350.mp4,True,0.0,0.076923,0.0,0.0,0.0,0.0,0.0,0.0,0.23077,0.0,0.076923,0.0,0.0,0.0,0.0,0.0,0.076923,0.0,0.076923,0.0,0.0,0.0,0.076923,0.23077,0.0,0.0,0.0,0.61538,0.0,0.076923,0.15385,0.0,0.0,0.0,4.6667,3.7778,5.4444,5.7778,5.8889,5.0,4.5556,6.1111,3.5556,6.0,4.6667,2.7778,6.1111,4.8889
350,351,stimulus_351,/pscratch/sd/s/sjmoon/EmoFM/videos/CowenEmotionVideos/0351.mp4,True,0.0,0.0,0.0,0.076923,0.15385,0.15385,0.0,0.0,0.23077,0.076923,0.076923,0.076923,0.0,0.15385,0.15385,0.0,0.0,0.0,0.0,0.0,0.0,0.0,0.0,0.0,0.0,0.0,0.0,0.0,0.076923,0.0,0.0,0.0,0.0,0.0,4.3333,3.4444,3.6667,3.5556,5.6667,4.8889,3.0,3.4444,2.5556,3.7778,3.4444,3.5556,4.7778,3.5556
351,352,stimulus_352,/pscratch/sd/s/sjmoon/EmoFM/videos/CowenEmotionVideos/0352.mp4,True,0.0,0.0,0.0,0.0,0.0,0.076923,0.076923,0.0,0.076923,0.0,0.0,0.0,0.0,0.076923,0.076923,0.0,0.0,0.0,0.0,0.0,0.0,0.076923,0.38462,0.0,0.0,0.0,0.0,0.0,0.15385,0.076923,0.0,0.15385,0.15385,0.076923,5.7778,3.4444,3.1111,2.6667,5.0,4.2222,4.2222,3.3333,4.3333,3.7778,3.1111,4.7778,3.4444,3.4444
352,353,stimulus_353,/pscratch/sd/s/sjmoon/EmoFM/videos/CowenEmotionVideos/0353.mp4,True,0.23077,0.0,0.0,0.076923,0.0,0.15385,0.23077,0.0,0.0,0.0,0.0,0.0,0.0,0.0,0.0,0.0,0.0,0.076923,0.30769,0.076923,0.0,0.0,0.15385,0.0,0.0,0.076923,0.076923,0.0,0.0,0.23077,0.0,0.38462,0.0,0.15385,7.3333,4.8889,8.1111,5.1111,8.0,5.1111,4.7778,6.0,2.5556,6.1111,4.8889,3.5556,4.6667,7.6667
353,354,stimulus_354,/pscratch/sd/s/sjmoon/EmoFM/videos/CowenEmotionVideos/0354.mp4,True,0.0,0.076923,0.0,0.076923,0.0,0.0,0.0,0.0,0.0,0.15385,0.0,0.0,0.0,0.0,0.0,0.0,0.0,0.0,0.0,0.0,0.0,0.0,0.0,0.23077,0.69231,0.0,0.0,0.0,0.0,0.0,0.0,0.0,0.0,0.0,4.6667,4.1111,7.8889,7.1111,5.1111,6.0,6.1111,7.1111,2.7778,7.6667,5.3333,2.2222,7.7778,6.5556
354,355,stimulus_355,/pscratch/sd/s/sjmoon/EmoFM/videos/CowenEmotionVideos/0355.mp4,True,0.0,0.0,0.0,0.0,0.0,0.15385,0.0,0.0,0.0,0.0,0.0,0.0,0.0,0.0,0.92308,0.076923,0.0,0.0,0.0,0.076923,0.0,0.38462,0.0,0.0,0.0,0.0,0.0,0.0,0.0,0.0,0.0,0.076923,0.0,0.0,6.5556,3.0,1.3333,1.5556,3.3333,2.8889,2.0,1.4444,6.7778,1.7778,1.7778,5.4444,1.2222,1.6667
355,356,stimulus_356,/pscratch/sd/s/sjmoon/EmoFM/videos/CowenEmotionVideos/0356.mp4,True,0.0,0.076923,0.0,0.076923,0.0,0.0,0.0,0.0,0.0,0.076923,0.0,0.0,0.0,0.0,0.0,0.0,0.0,0.0,0.0,0.0,0.0,0.0,0.076923,0.15385,0.69231,0.0,0.0,0.0,0.0,0.15385,0.0,0.0,0.076923,0.076923,5.8889,4.5556,7.6667,6.8889,6.6667,6.8889,5.6667,6.7778,2.2222,7.4444,4.8889,2.1111,7.0,7.1111
356,357,stimulus_357,/pscratch/sd/s/sjmoon/EmoFM/videos/CowenEmotionVideos/0357.mp4,True,0.0,0.076923,0.076923,0.38462,0.0,0.0,0.46154,0.0,0.0,0.0,0.0,0.0,0.0,0.0,0.0,0.0,0.0,0.0,0.15385,0.0,0.0,0.0,0.15385,0.076923,0.0,0.0,0.0,0.0,0.0,0.0,0.0,0.23077,0.076923,0.076923,6.2222,4.4444,6.6667,6.2222,6.5556,6.1111,6.0,6.1111,3.3333,6.6667,3.8889,3.7778,5.6667,7.2222
357,358,stimulus_358,/pscratch/sd/s/sjmoon/EmoFM/videos/CowenEmotionVideos/0358.mp4,True,0.15385,0.0,0.076923,0.38462,0.076923,0.0,0.0,0.0,0.0,0.0,0.0,0.0,0.0,0.0,0.0,0.0,0.0,0.076923,0.076923,0.0,0.0,0.0,0.076923,0.076923,0.0,0.15385,0.15385,0.0,0.0,0.076923,0.0,0.23077,0.076923,0.23077,6.5556,6.1111,7.2222,3.5556,7.2222,6.3333,5.5556,6.3333,2.7778,6.3333,4.6667,1.8889,5.8889,7.0
358,359,stimulus_359,/pscratch/sd/s/sjmoon/EmoFM/videos/CowenEmotionVideos/0359.mp4,True,0.0,0.0,0.076923,0.0,0.0,0.0,0.0,0.0,0.076923,0.0,0.0,0.0,0.0,0.0,0.0,0.0,0.0,0.0,0.076923,0.0,0.0,0.0,0.076923,0.0,0.0,0.0,0.0,0.15385,0.0,0.15385,0.84615,0.0,0.0,0.0,5.8889,3.8889,5.3333,5.2222,5.8889,5.5556,4.5556,6.2222,5.2222,4.8889,4.8889,3.0,5.4444,4.7778
359,360,stimulus_360,/pscratch/sd/s/sjmoon/EmoFM/videos/CowenEmotionVideos/0360.mp4,True,0.0,0.0,0.38462,0.15385,0.0,0.0,0.0,0.0,0.30769,0.0,0.0,0.076923,0.0,0.0,0.0,0.0,0.23077,0.0,0.0,0.0,0.0,0.0,0.23077,0.076923,0.0,0.0,0.0,0.0,0.0,0.30769,0.0,0.0,0.0,0.0,5.0,4.5556,6.4444,5.5556,5.3333,6.3333,3.0,7.1111,4.2222,7.2222,2.7778,2.6667,6.6667,6.2222
360,361,stimulus_361,/pscratch/sd/s/sjmoon/EmoFM/videos/CowenEmotionVideos/0361.mp4,True,0.0,0.083333,0.0,0.83333,0.0,0.0,0.16667,0.0,0.0,0.0,0.083333,0.0,0.0,0.0,0.0,0.0,0.0,0.0,0.0,0.0,0.0,0.0,0.083333,0.58333,0.0,0.0,0.0,0.0,0.0,0.083333,0.0,0.083333,0.0,0.0,5.1111,3.4444,5.7778,4.6667,5.3333,6.3333,4.3333,6.6667,2.6667,4.8889,5.1111,3.5556,6.1111,6.4444
361,362,stimulus_362,/pscratch/sd/s/sjmoon/EmoFM/videos/CowenEmotionVideos/0362.mp4,True,0.0,0.0,0.0,0.0,0.0,0.0,0.0,0.0,0.083333,0.083333,0.0,0.0,0.0,0.0,0.0,0.0,0.0,0.083333,0.0,0.0,0.0,0.0,0.083333,0.16667,0.0,0.0,0.0,0.375,0.0,0.0,0.70833,0.0,0.0,0.0,6.3333,5.5556,7.1111,7.1111,6.6667,6.5556,5.1111,6.3333,2.0,4.6667,5.2222,4.5556,5.3333,6.1111
362,363,stimulus_363,/pscratch/sd/s/sjmoon/EmoFM/videos/CowenEmotionVideos/0363.mp4,True,0.0,0.0,0.0,0.083333,0.0,0.41667,0.0,0.0,0.0,0.0,0.16667,0.0,0.0,0.0,0.083333,0.0,0.0,0.0,0.083333,0.33333,0.0,0.33333,0.0,0.083333,0.0,0.0,0.58333,0.0,0.083333,0.0,0.0,0.25,0.0,0.0,5.5556,4.4444,2.4444,4.5556,7.1111,3.6667,5.8889,2.7778,5.2222,4.2222,6.2222,3.1111,2.2222,6.2222
363,364,stimulus_364,/pscratch/sd/s/sjmoon/EmoFM/videos/CowenEmotionVideos/0364.mp4,True,0.0,0.0,0.0,0.0,0.0,0.41667,0.0,0.0,0.0,0.0,0.083333,0.0,0.0,0.0,0.0,0.125,0.0,0.0,0.083333,0.58333,0.0,0.58333,0.0,0.0,0.0,0.0,0.0,0.0,0.375,0.0,0.0,0.25,0.33333,0.0,5.8889,4.2222,1.4444,4.5556,6.5556,4.0,5.8889,2.3333,5.1111,3.5556,6.0,3.1111,2.2222,2.1111
364,365,stimulus_365,/pscratch/sd/s/sjmoon/EmoFM/videos/CowenEmotionVideos/0365.mp4,True,0.0,0.0,0.083333,0.0,0.0,0.0,0.0,0.0,0.083333,0.0,0.0,0.0,0.70833,0.0,0.083333,0.0,0.0,0.083333,0.083333,0.0,0.0,0.0,0.16667,0.041667,0.0,0.0,0.0,0.0,0.0,0.083333,0.0,0.0,0.0,0.0,6.2222,5.1111,7.2222,6.8889,6.5556,6.2222,5.3333,6.8889,2.4444,5.3333,5.4444,3.1111,5.4444,6.8889
365,366,stimulus_366,/pscratch/sd/s/sjmoon/EmoFM/videos/CowenEmotionVideos/0366.mp4,True,0.0,0.70833,0.0,0.29167,0.0,0.0,0.41667,0.0,0.0,0.083333,0.0,0.0,0.0,0.0,0.0,0.0,0.0,0.083333,0.083333,0.0,0.0,0.0,0.0,0.5,0.0,0.0,0.083333,0.0,0.0,0.083333,0.0,0.0,0.083333,0.0,5.8889,4.7778,7.1111,6.5556,6.6667,6.0,6.4444,7.3333,1.8889,5.4444,4.7778,3.1111,7.0,6.3333
366,367,stimulus_367,/pscratch/sd/s/sjmoon/EmoFM/videos/CowenEmotionVideos/0367.mp4,True,0.0,0.083333,0.083333,0.083333,0.0,0.083333,0.083333,0.0,0.0,0.0,0.66667,0.0,0.0,0.0,0.0,0.0,0.0,0.0,0.0,0.0,0.0,0.0,0.20833,0.0,0.0,0.0,0.0,0.0,0.0,0.0,0.0,0.41667,0.0,0.0,5.3333,4.3333,4.5556,5.0,6.0,3.7778,5.0,5.0,2.0,4.5556,4.6667,3.3333,6.0,4.6667
367,368,stimulus_368,/pscratch/sd/s/sjmoon/EmoFM/videos/CowenEmotionVideos/0368.mp4,True,0.0,0.083333,0.0,0.25,0.0,0.0,0.0,0.0,0.16667,0.0,0.0,0.0,0.0,0.0,0.0,0.0,0.0,0.0,0.083333,0.0,0.0,0.0,0.083333,0.20833,0.79167,0.0,0.0,0.0,0.0,0.083333,0.0,0.0,0.0,0.0,4.8889,4.7778,5.7778,5.3333,5.7778,5.3333,4.3333,4.7778,3.3333,4.3333,5.2222,2.8889,4.7778,5.3333
368,369,stimulus_369,/pscratch/sd/s/sjmoon/EmoFM/videos/CowenEmotionVideos/0369.mp4,True,0.083333,0.0,0.0,0.083333,0.0,0.0,0.083333,0.0,0.083333,0.0,0.0,0.0,0.0,0.0,0.0,0.0,0.0,0.16667,0.0,0.0,0.0,0.0,0.083333,0.16667,0.0,0.0,0.0,0.83333,0.083333,0.0,0.25,0.0,0.0,0.0,5.6667,4.8889,6.4444,5.4444,5.6667,5.2222,4.4444,6.4444,4.0,5.6667,4.4444,3.6667,5.6667,5.2222
369,370,stimulus_370,/pscratch/sd/s/sjmoon/EmoFM/videos/CowenEmotionVideos/0370.mp4,True,0.0,0.0,0.0,0.0,0.083333,0.58333,0.25,0.0,0.083333,0.0,0.0,0.0,0.0,0.0,0.0,0.0,0.0,0.0,0.16667,0.25,0.0,0.083333,0.083333,0.083333,0.0,0.083333,0.33333,0.0,0.0,0.0,0.0,0.16667,0.0,0.0,5.8889,5.0,4.2222,4.2222,6.7778,5.1111,5.2222,4.7778,4.3333,4.7778,4.8889,2.7778,2.7778,6.3333
370,371,stimulus_371,/pscratch/sd/s/sjmoon/EmoFM/videos/CowenEmotionVideos/0371.mp4,True,0.0,0.16667,0.0,0.75,0.0,0.0,0.083333,0.083333,0.0,0.0,0.41667,0.0,0.0,0.0,0.0,0.0,0.0,0.0,0.0,0.0,0.0,0.0,0.0,0.25,0.0,0.0,0.0,0.0,0.0,0.083333,0.0,0.083333,0.0,0.0,5.1111,4.5556,3.8889,3.4444,4.1111,3.6667,4.3333,5.0,5.3333,4.7778,4.7778,4.1111,4.6667,4.5556
371,372,stimulus_372,/pscratch/sd/s/sjmoon/EmoFM/videos/CowenEmotionVideos/0372.mp4,True,0.0,0.0,0.0,0.0,0.0,0.625,0.0,0.0,0.0,0.0,0.083333,0.0,0.0,0.0,0.083333,0.0,0.0,0.0,0.20833,0.5,0.0,0.16667,0.083333,0.0,0.0,0.0,0.083333,0.0,0.0,0.083333,0.0,0.083333,0.0,0.0,5.8889,4.1111,4.0,4.8889,5.8889,4.7778,4.6667,5.1111,3.7778,5.2222,4.8889,3.4444,2.8889,5.3333
372,373,stimulus_373,/pscratch/sd/s/sjmoon/EmoFM/videos/CowenEmotionVideos/0373.mp4,True,0.083333,0.0,0.0,0.0,0.0,0.0,0.0,0.083333,0.083333,0.0,0.16667,0.0,0.0,0.0,0.25,0.0,0.0,0.083333,0.0,0.0,0.0,0.0,0.083333,0.0,0.0,0.0,0.0,0.125,0.0,0.0,0.33333,0.20833,0.0,0.0,5.3333,5.6667,4.3333,4.6667,5.1111,5.6667,4.0,6.8889,3.0,5.4444,4.6667,5.4444,4.5556,5.0
373,374,stimulus_374,/pscratch/sd/s/sjmoon/EmoFM/videos/CowenEmotionVideos/0374.mp4,True,0.0,0.0,0.16667,0.0,0.0,0.58333,0.33333,0.0,0.0,0.0,0.0,0.0,0.0,0.0,0.0,0.0,0.0,0.0,0.083333,0.66667,0.0,0.16667,0.083333,0.0,0.0,0.0,0.0,0.0,0.0,0.0,0.0,0.083333,0.0,0.0,5.4444,3.4444,2.4444,3.1111,6.2222,3.5556,3.3333,2.8889,3.3333,4.0,3.7778,6.2222,2.2222,3.1111
374,375,stimulus_375,/pscratch/sd/s/sjmoon/EmoFM/videos/CowenEmotionVideos/0375.mp4,True,0.0,0.0,0.25,0.0,0.0,0.58333,0.33333,0.0,0.0,0.0,0.083333,0.0,0.0,0.0,0.0,0.0,0.0,0.0,0.083333,0.5,0.0,0.0,0.16667,0.0,0.0,0.0,0.0,0.0,0.0,0.0,0.0,0.0,0.0,0.083333,6.7778,5.2222,5.1111,3.8889,6.0,5.0,3.8889,4.7778,1.8889,5.4444,3.7778,4.0,3.2222,5.8889
375,376,stimulus_376,/pscratch/sd/s/sjmoon/EmoFM/videos/CowenEmotionVideos/0376.mp4,True,0.083333,0.0,0.0,0.16667,0.0,0.0,0.0,0.083333,0.083333,0.0,0.083333,0.0,0.083333,0.0,0.0,0.0,0.0,0.083333,0.16667,0.0,0.0,0.0,0.083333,0.0,0.0,0.0,0.0,0.0,0.0,0.083333,0.91667,0.0,0.0,0.0,5.2222,5.1111,5.5556,5.4444,4.8889,6.1111,4.1111,6.2222,2.5556,4.6667,5.1111,3.3333,5.6667,5.7778
376,377,stimulus_377,/pscratch/sd/s/sjmoon/EmoFM/videos/CowenEmotionVideos/0377.mp4,True,0.0,0.0,0.0,0.0,0.0,0.70833,0.083333,0.0,0.0,0.0,0.083333,0.0,0.0,0.0,0.0,0.0,0.0,0.0,0.0,0.625,0.0,0.083333,0.083333,0.0,0.0,0.0,0.0,0.0,0.0,0.0,0.0,0.0,0.0,0.0,6.0,4.4444,3.2222,3.1111,5.4444,3.6667,3.3333,3.7778,4.5556,5.1111,3.6667,3.7778,2.1111,7.4444
377,378,stimulus_378,/pscratch/sd/s/sjmoon/EmoFM/videos/CowenEmotionVideos/0378.mp4,True,0.0,0.0,0.0,0.25,0.0,0.0,0.0,0.0,0.20833,0.083333,0.0,0.0,0.0,0.0,0.0,0.0,0.0,0.0,0.0,0.0,0.0,0.0,0.0,0.29167,0.66667,0.0,0.0,0.0,0.0,0.083333,0.0,0.0,0.0,0.0,5.1111,4.7778,5.3333,6.2222,3.6667,6.0,5.4444,6.7778,1.6667,5.7778,6.4444,3.3333,6.5556,5.6667
378,379,stimulus_379,/pscratch/sd/s/sjmoon/EmoFM/videos/CowenEmotionVideos/0379.mp4,True,0.0,0.0,0.0,0.083333,0.0,0.5,0.083333,0.0,0.0,0.0,0.0,0.0,0.0,0.0,0.16667,0.0,0.0,0.0,0.0,0.66667,0.0,0.33333,0.0,0.083333,0.0,0.0,0.0,0.0,0.0,0.0,0.0,0.25,0.0,0.0,5.6667,4.2222,2.7778,2.2222,6.5556,2.8889,4.2222,2.1111,4.0,4.7778,4.1111,5.3333,2.0,5.4444
379,380,stimulus_380,/pscratch/sd/s/sjmoon/EmoFM/videos/CowenEmotionVideos/0380.mp4,True,0.0,0.25,0.0,0.66667,0.0,0.0,0.33333,0.0,0.0,0.0,0.0,0.0,0.0,0.0,0.0,0.0,0.0,0.0,0.083333,0.0,0.0,0.0,0.083333,0.66667,0.0,0.0,0.0,0.0,0.0,0.083333,0.0,0.16667,0.0,0.0,6.4444,5.2222,6.7778,6.2222,5.7778,5.0,4.7778,6.6667,2.7778,5.5556,4.8889,3.1111,5.5556,7.3333
380,381,stimulus_381,/pscratch/sd/s/sjmoon/EmoFM/videos/CowenEmotionVideos/0381.mp4,True,0.083333,0.0,0.33333,0.083333,0.0,0.16667,0.58333,0.0,0.0,0.16667,0.0,0.0,0.0,0.0,0.0,0.0,0.0,0.0,0.083333,0.083333,0.0,0.0,0.33333,0.083333,0.0,0.0,0.0,0.0,0.0,0.0,0.0,0.25,0.0,0.0,6.1111,4.7778,7.1111,5.0,6.7778,5.3333,5.5556,6.1111,3.2222,5.2222,5.6667,4.3333,4.8889,6.7778
381,382,stimulus_382,/pscratch/sd/s/sjmoon/EmoFM/videos/CowenEmotionVideos/0382.mp4,True,0.0,0.0,0.0,0.083333,0.0,0.0,0.0,0.33333,0.0,0.0,0.58333,0.0,0.0,0.083333,0.25,0.0,0.0,0.0,0.0,0.0,0.0,0.083333,0.083333,0.0,0.0,0.0,0.0,0.0,0.0,0.0,0.0,0.16667,0.0,0.0,4.5556,5.1111,3.7778,3.3333,5.4444,3.7778,2.5556,5.0,4.5556,4.1111,2.8889,4.7778,3.4444,4.7778
382,383,stimulus_383,/pscratch/sd/s/sjmoon/EmoFM/videos/CowenEmotionVideos/0383.mp4,True,0.0,0.0,0.0,0.0,0.25,0.16667,0.0,0.0,0.0,0.0,0.16667,0.0,0.0,0.0,0.66667,0.083333,0.0,0.0,0.0,0.16667,0.125,0.41667,0.0,0.0,0.0,0.0,0.0,0.0,0.54167,0.0,0.0,0.083333,0.16667,0.0,5.3333,3.0,1.1111,1.5556,5.0,3.2222,4.1111,2.3333,7.6667,1.6667,3.5556,6.0,2.1111,1.7778
383,384,stimulus_384,/pscratch/sd/s/sjmoon/EmoFM/videos/CowenEmotionVideos/0384.mp4,True,0.0,0.083333,0.58333,0.0,0.0,0.083333,0.0,0.0,0.083333,0.16667,0.083333,0.0,0.0,0.0,0.0,0.0,0.16667,0.0,0.083333,0.083333,0.0,0.0,0.16667,0.0,0.0,0.0,0.0,0.0,0.083333,0.0,0.0,0.0,0.0,0.0,5.6667,4.4444,3.2222,2.0,5.3333,4.4444,3.7778,3.2222,2.8889,4.0,3.8889,4.8889,2.5556,4.6667
384,385,stimulus_385,/pscratch/sd/s/sjmoon/EmoFM/videos/CowenEmotionVideos/0385.mp4,True,0.0,0.0,0.16667,0.0,0.0,0.75,0.25,0.0,0.0,0.0,0.16667,0.0,0.0,0.0,0.0,0.0,0.0,0.0,0.125,0.45833,0.0,0.0,0.16667,0.0,0.0,0.083333,0.083333,0.0,0.0,0.0,0.0,0.0,0.0,0.083333,7.4444,5.6667,4.3333,3.0,7.5556,4.5556,4.2222,5.6667,4.4444,5.7778,4.3333,5.0,3.3333,6.1111
385,386,stimulus_386,/pscratch/sd/s/sjmoon/EmoFM/videos/CowenEmotionVideos/0386.mp4,True,0.29167,0.083333,0.25,0.0,0.0,0.083333,0.41667,0.0,0.083333,0.0,0.0,0.0,0.0,0.0,0.0,0.0,0.0,0.083333,0.083333,0.0,0.0,0.0,0.33333,0.0,0.0,0.0,0.083333,0.0,0.0,0.083333,0.083333,0.083333,0.0,0.20833,5.1111,5.6667,6.1111,5.5556,6.3333,6.6667,5.2222,7.5556,1.5556,7.1111,4.5556,3.1111,5.7778,6.8889
386,387,stimulus_387,/pscratch/sd/s/sjmoon/EmoFM/videos/CowenEmotionVideos/0387.mp4,True,0.0,0.0,0.0,0.0,0.0,0.33333,0.0,0.0,0.0,0.0,0.083333,0.0,0.0,0.0,0.083333,0.083333,0.0,0.0,0.0,0.25,0.0,0.58333,0.0,0.0,0.0,0.0,0.0,0.0,0.41667,0.0,0.0,0.25,0.16667,0.0,5.6667,5.1111,1.4444,2.1111,6.0,5.1111,5.6667,2.1111,5.0,2.7778,5.5556,3.8889,2.2222,2.5556
387,388,stimulus_388,/pscratch/sd/s/sjmoon/EmoFM/videos/CowenEmotionVideos/0388.mp4,True,0.0,0.16667,0.0,0.58333,0.0,0.0,0.25,0.0,0.0,0.0,0.0,0.0,0.0,0.0,0.0,0.0,0.0,0.0,0.0,0.0,0.0,0.0,0.0,0.25,0.0,0.0,0.0,0.0,0.083333,0.0,0.0,0.16667,0.0,0.0,6.2222,4.8889,7.5556,7.0,5.6667,6.1111,7.4444,7.8889,1.3333,7.0,6.1111,1.6667,7.2222,7.3333
388,389,stimulus_389,/pscratch/sd/s/sjmoon/EmoFM/videos/CowenEmotionVideos/0389.mp4,True,0.0,0.0,0.0,0.0,0.0,0.5,0.083333,0.0,0.0,0.0,0.0,0.0,0.0,0.0,0.0,0.0,0.0,0.0,0.0,0.58333,0.0,0.25,0.0,0.083333,0.0,0.0,0.25,0.0,0.083333,0.083333,0.0,0.16667,0.0,0.0,7.1111,5.5556,2.1111,1.4444,7.3333,4.2222,5.1111,1.3333,3.7778,3.0,5.8889,4.2222,2.1111,3.6667
389,390,stimulus_390,/pscratch/sd/s/sjmoon/EmoFM/videos/CowenEmotionVideos/0390.mp4,True,0.0,0.0,0.25,0.083333,0.0,0.0,0.083333,0.0,0.20833,0.16667,0.125,0.0,0.0,0.0,0.0,0.0,0.0,0.0,0.0,0.0,0.0,0.0,0.33333,0.0,0.0,0.0,0.0,0.0,0.0,0.16667,0.0,0.16667,0.0,0.0,4.2222,4.6667,5.3333,4.8889,4.7778,5.8889,4.4444,7.0,2.2222,6.2222,4.6667,2.6667,6.4444,6.2222
390,391,stimulus_391,/pscratch/sd/s/sjmoon/EmoFM/videos/CowenEmotionVideos/0391.mp4,True,0.0,0.0,0.65385,0.076923,0.0,0.0,0.15385,0.0,0.076923,0.0,0.0,0.0,0.0,0.0,0.0,0.0,0.30769,0.0,0.0,0.0,0.0,0.0,0.11538,0.076923,0.0,0.0,0.0,0.0,0.0,0.076923,0.0,0.0,0.0,0.0,6.7778,4.5556,7.6667,7.5556,6.7778,5.8889,4.2222,7.4444,1.5556,7.3333,4.7778,2.2222,7.5556,6.3333
391,392,stimulus_392,/pscratch/sd/s/sjmoon/EmoFM/videos/CowenEmotionVideos/0392.mp4,True,0.0,0.53846,0.0,0.42308,0.0,0.0,0.30769,0.0,0.0,0.15385,0.0,0.0,0.0,0.0,0.0,0.0,0.0,0.0,0.0,0.0,0.0,0.0,0.0,0.38462,0.0,0.0,0.0,0.0,0.0,0.076923,0.0,0.0,0.0,0.0,6.1111,4.5556,8.4444,8.1111,5.2222,7.1111,7.2222,7.7778,1.4444,7.7778,6.1111,1.6667,7.1111,7.3333
392,393,stimulus_393,/pscratch/sd/s/sjmoon/EmoFM/videos/CowenEmotionVideos/0393.mp4,True,0.0,0.0,0.0,0.076923,0.0,0.0,0.0,0.15385,0.076923,0.0,0.0,0.0,0.0,0.0,0.84615,0.0,0.0,0.0,0.0,0.0,0.0,0.038462,0.0,0.0,0.0,0.0,0.0,0.0,0.0,0.0,0.0,0.0,0.0,0.0,4.8889,5.1111,2.7778,1.3333,4.7778,5.0,3.7778,3.6667,4.5556,5.1111,2.4444,4.2222,4.1111,3.0
393,394,stimulus_394,/pscratch/sd/s/sjmoon/EmoFM/videos/CowenEmotionVideos/0394.mp4,True,0.0,0.0,0.23077,0.11538,0.0,0.0,0.19231,0.0,0.076923,0.076923,0.0,0.0,0.0,0.0,0.0,0.0,0.076923,0.0,0.0,0.0,0.0,0.0,0.53846,0.076923,0.0,0.0,0.0,0.0,0.0,0.076923,0.0,0.15385,0.0,0.0,5.5556,5.3333,6.5556,6.5556,6.4444,6.5556,5.0,7.6667,2.3333,7.5556,4.5556,2.3333,6.8889,6.3333
394,395,stimulus_395,/pscratch/sd/s/sjmoon/EmoFM/videos/CowenEmotionVideos/0395.mp4,True,0.0,0.0,0.038462,0.0,0.0,0.69231,0.076923,0.0,0.0,0.0,0.0,0.0,0.0,0.0,0.0,0.0,0.0,0.0,0.15385,0.76923,0.0,0.076923,0.0,0.0,0.0,0.0,0.0,0.0,0.0,0.0,0.0,0.0,0.0,0.0,7.0,4.4444,3.7778,1.0,7.6667,3.6667,4.0,4.2222,4.4444,5.7778,3.2222,3.4444,1.6667,6.3333
395,396,stimulus_396,/pscratch/sd/s/sjmoon/EmoFM/videos/CowenEmotionVideos/0396.mp4,True,0.0,0.0,0.38462,0.076923,0.0,0.0,0.15385,0.0,0.076923,0.15385,0.0,0.0,0.0,0.0,0.076923,0.0,0.23077,0.0,0.0,0.0,0.0,0.0,0.23077,0.076923,0.0,0.0,0.0,0.0,0.0,0.0,0.0,0.076923,0.0,0.0,5.7778,4.3333,7.0,6.3333,6.1111,6.1111,5.5556,7.4444,1.7778,6.6667,4.6667,1.8889,7.0,6.6667
396,397,stimulus_397,/pscratch/sd/s/sjmoon/EmoFM/videos/CowenEmotionVideos/0397.mp4,True,0.0,0.0,0.61538,0.0,0.0,0.0,0.38462,0.0,0.076923,0.30769,0.0,0.0,0.0,0.0,0.0,0.0,0.076923,0.0,0.0,0.0,0.0,0.0,0.076923,0.076923,0.0,0.0,0.0,0.0,0.0,0.0,0.0,0.0,0.0,0.0,4.2222,3.6667,6.3333,6.1111,3.6667,5.1111,4.0,6.5556,3.3333,6.1111,3.5556,2.6667,5.7778,5.1111
397,398,stimulus_398,/pscratch/sd/s/sjmoon/EmoFM/videos/CowenEmotionVideos/0398.mp4,True,0.076923,0.076923,0.0,0.076923,0.076923,0.076923,0.0,0.0,0.0,0.0,0.15385,0.19231,0.0,0.076923,0.19231,0.0,0.0,0.0,0.076923,0.0,0.0,0.076923,0.076923,0.0,0.0,0.076923,0.076923,0.0,0.30769,0.076923,0.0,0.15385,0.0,0.15385,5.0,5.0,4.3333,4.0,5.4444,4.4444,4.2222,4.1111,3.6667,6.1111,5.0,3.3333,3.6667,6.5556
398,399,stimulus_399,/pscratch/sd/s/sjmoon/EmoFM/videos/CowenEmotionVideos/0399.mp4,True,0.19231,0.11538,0.0,0.30769,0.0,0.0,0.076923,0.0,0.0,0.0,0.0,0.0,0.0,0.0,0.0,0.0,0.076923,0.038462,0.076923,0.0,0.0,0.0,0.0,0.15385,0.0,0.076923,0.0,0.0,0.0,0.076923,0.0,0.30769,0.0,0.26923,4.1111,5.2222,6.6667,6.2222,5.5556,5.6667,5.7778,6.6667,3.6667,6.6667,6.1111,3.7778,6.2222,6.0
399,400,stimulus_400,/pscratch/sd/s/sjmoon/EmoFM/videos/CowenEmotionVideos/0400.mp4,True,0.0,0.0,0.0,0.0,0.0,0.0,0.0,0.0,0.0,0.0,0.0,0.0,0.0,0.0,0.0,0.0,0.0,0.076923,0.0,0.0,0.0,0.0,0.0,0.0,0.0,0.0,0.0,0.73077,0.0,0.0,0.42308,0.0,0.0,0.0,6.2222,5.3333,7.2222,7.6667,5.7778,6.2222,5.6667,7.2222,3.6667,6.2222,6.5556,4.0,7.0,6.1111
400,401,stimulus_401,/pscratch/sd/s/sjmoon/EmoFM/videos/CowenEmotionVideos/0401.mp4,True,0.34615,0.076923,0.0,0.0,0.0,0.0,0.26923,0.0,0.0,0.0,0.076923,0.0,0.0,0.0,0.0,0.15385,0.0,0.0,0.0,0.0,0.0,0.038462,0.0,0.26923,0.0,0.15385,0.076923,0.0,0.23077,0.076923,0.0,0.0,0.38462,0.19231,5.4444,3.5556,5.4444,6.3333,6.1111,4.6667,6.7778,6.8889,4.3333,6.4444,5.4444,5.0,5.5556,8.1111
401,402,stimulus_402,/pscratch/sd/s/sjmoon/EmoFM/videos/CowenEmotionVideos/0402.mp4,True,0.0,0.0,0.076923,0.15385,0.0,0.15385,0.15385,0.0,0.0,0.0,0.0,0.0,0.0,0.0,0.0,0.0,0.0,0.0,0.46154,0.30769,0.0,0.0,0.30769,0.038462,0.0,0.0,0.0,0.0,0.0,0.076923,0.0,0.076923,0.0,0.076923,5.3333,4.5556,6.4444,5.8889,6.0,5.1111,5.7778,7.2222,4.0,6.4444,6.1111,2.8889,4.1111,7.3333
402,403,stimulus_403,/pscratch/sd/s/sjmoon/EmoFM/videos/CowenEmotionVideos/0403.mp4,True,0.0,0.5,0.0,0.61538,0.0,0.0,0.23077,0.0,0.0,0.0,0.0,0.0,0.0,0.0,0.0,0.0,0.0,0.0,0.0,0.0,0.0,0.0,0.0,0.26923,0.076923,0.0,0.0,0.0,0.0,0.0,0.0,0.0,0.0,0.0,4.5556,3.5556,7.5556,6.8889,5.7778,6.1111,6.4444,7.5556,3.4444,6.5556,6.4444,3.2222,8.2222,6.6667
403,404,stimulus_404,/pscratch/sd/s/sjmoon/EmoFM/videos/CowenEmotionVideos/0404.mp4,True,0.30769,0.076923,0.0,0.19231,0.0,0.0,0.26923,0.0,0.0,0.0,0.076923,0.0,0.0,0.0,0.0,0.0,0.0,0.0,0.076923,0.0,0.0,0.0,0.42308,0.26923,0.0,0.0,0.0,0.0,0.076923,0.30769,0.0,0.0,0.15385,0.076923,5.2222,4.4444,6.5556,6.0,5.2222,4.0,6.2222,7.5556,4.5556,5.5556,4.8889,3.0,5.5556,6.2222
404,405,stimulus_405,/pscratch/sd/s/sjmoon/EmoFM/videos/CowenEmotionVideos/0405.mp4,True,0.11538,0.15385,0.0,0.15385,0.0,0.26923,0.30769,0.0,0.0,0.0,0.0,0.0,0.0,0.0,0.0,0.0,0.0,0.0,0.15385,0.38462,0.0,0.076923,0.15385,0.076923,0.0,0.0,0.076923,0.0,0.0,0.038462,0.0,0.076923,0.0,0.0,5.0,4.7778,6.7778,4.2222,6.4444,4.5556,5.6667,6.4444,5.0,6.0,4.5556,4.7778,4.3333,7.7778
405,406,stimulus_406,/pscratch/sd/s/sjmoon/EmoFM/videos/CowenEmotionVideos/0406.mp4,True,0.0,0.0,0.0,0.0,0.34615,0.23077,0.0,0.0,0.0,0.0,0.0,0.23077,0.0,0.076923,0.42308,0.076923,0.0,0.0,0.0,0.19231,0.0,0.65385,0.0,0.0,0.0,0.0,0.0,0.0,0.46154,0.0,0.0,0.0,0.30769,0.0,4.5556,3.4444,1.5556,1.5556,5.6667,3.6667,1.6667,1.7778,6.6667,1.5556,1.5556,4.8889,2.5556,1.6667
406,407,stimulus_407,/pscratch/sd/s/sjmoon/EmoFM/videos/CowenEmotionVideos/0407.mp4,True,0.0,0.0,0.0,0.69231,0.0,0.0,0.0,0.0,0.0,0.0,0.076923,0.0,0.0,0.076923,0.0,0.0,0.0,0.0,0.076923,0.0,0.0,0.0,0.0,0.15385,0.076923,0.0,0.0,0.0,0.0,0.076923,0.0,0.076923,0.076923,0.0,5.0,4.5556,6.0,6.1111,5.7778,5.3333,4.6667,7.1111,3.5556,5.6667,6.0,4.1111,5.3333,5.5556
407,408,stimulus_408,/pscratch/sd/s/sjmoon/EmoFM/videos/CowenEmotionVideos/0408.mp4,True,0.0,0.0,0.076923,0.038462,0.0,0.46154,0.0,0.0,0.0,0.0,0.0,0.0,0.0,0.0,0.0,0.0,0.0,0.0,0.076923,0.5,0.0,0.076923,0.038462,0.0,0.0,0.0,0.30769,0.0,0.038462,0.076923,0.0,0.23077,0.0,0.076923,5.7778,3.5556,4.0,2.2222,7.3333,4.6667,3.4444,3.1111,4.2222,3.1111,4.5556,4.7778,2.4444,6.2222
408,409,stimulus_409,/pscratch/sd/s/sjmoon/EmoFM/videos/CowenEmotionVideos/0409.mp4,True,0.19231,0.038462,0.0,0.15385,0.0,0.0,0.5,0.0,0.0,0.0,0.0,0.0,0.0,0.0,0.0,0.0,0.11538,0.0,0.076923,0.0,0.0,0.0,0.34615,0.23077,0.0,0.0,0.0,0.0,0.076923,0.23077,0.0,0.038462,0.0,0.076923,7.2222,4.7778,7.0,6.6667,6.7778,5.2222,5.0,6.3333,3.0,6.4444,5.5556,2.8889,5.7778,7.4444
409,410,stimulus_410,/pscratch/sd/s/sjmoon/EmoFM/videos/CowenEmotionVideos/0410.mp4,True,0.0,0.0,0.0,0.30769,0.0,0.0,0.076923,0.0,0.15385,0.0,0.076923,0.0,0.0,0.0,0.0,0.0,0.0,0.0,0.0,0.0,0.0,0.0,0.0,0.23077,0.46154,0.0,0.0,0.0,0.0,0.076923,0.0,0.0,0.0,0.0,4.5556,4.6667,6.7778,7.3333,5.1111,5.6667,6.6667,7.4444,2.3333,7.1111,6.8889,2.8889,6.1111,6.4444
410,411,stimulus_411,/pscratch/sd/s/sjmoon/EmoFM/videos/CowenEmotionVideos/0411.mp4,True,0.26923,0.46154,0.0,0.26923,0.0,0.0,0.26923,0.0,0.0,0.0,0.0,0.0,0.0,0.0,0.0,0.0,0.0,0.0,0.0,0.0,0.0,0.0,0.11538,0.30769,0.0,0.0,0.0,0.0,0.0,0.30769,0.0,0.076923,0.0,0.0,6.5556,5.0,7.2222,6.6667,6.1111,5.7778,6.7778,7.8889,1.6667,7.1111,7.3333,3.0,6.0,7.6667
411,412,stimulus_412,/pscratch/sd/s/sjmoon/EmoFM/videos/CowenEmotionVideos/0412.mp4,True,0.26923,0.0,0.0,0.42308,0.0,0.0,0.34615,0.0,0.076923,0.038462,0.076923,0.0,0.0,0.0,0.0,0.0,0.076923,0.0,0.0,0.0,0.0,0.0,0.0,0.0,0.0,0.0,0.0,0.0,0.0,0.15385,0.0,0.15385,0.076923,0.0,5.6667,5.1111,5.6667,4.2222,6.5556,5.2222,6.0,6.6667,2.6667,5.5556,5.5556,3.3333,5.1111,7.7778
412,413,stimulus_413,/pscratch/sd/s/sjmoon/EmoFM/videos/CowenEmotionVideos/0413.mp4,True,0.0,0.57692,0.076923,0.11538,0.0,0.0,0.26923,0.0,0.0,0.38462,0.0,0.0,0.0,0.0,0.0,0.0,0.0,0.0,0.0,0.0,0.0,0.0,0.0,0.30769,0.0,0.0,0.0,0.0,0.0,0.076923,0.0,0.0,0.0,0.0,3.8889,3.7778,6.7778,7.2222,5.3333,5.7778,5.6667,6.7778,1.8889,5.5556,4.2222,2.6667,6.5556,5.3333
413,414,stimulus_414,/pscratch/sd/s/sjmoon/EmoFM/videos/CowenEmotionVideos/0414.mp4,True,0.0,0.0,0.0,0.0,0.42308,0.19231,0.0,0.0,0.0,0.0,0.15385,0.23077,0.0,0.076923,0.53846,0.076923,0.0,0.0,0.0,0.076923,0.076923,0.15385,0.076923,0.0,0.0,0.0,0.0,0.0,0.19231,0.0,0.0,0.0,0.11538,0.0,4.6667,4.8889,2.0,2.7778,7.0,4.1111,6.8889,3.0,3.6667,2.6667,6.1111,5.4444,2.5556,2.6667
414,415,stimulus_415,/pscratch/sd/s/sjmoon/EmoFM/videos/CowenEmotionVideos/0415.mp4,True,0.42308,0.23077,0.0,0.42308,0.0,0.0,0.076923,0.0,0.0,0.076923,0.0,0.0,0.0,0.0,0.0,0.0,0.0,0.0,0.0,0.0,0.0,0.0,0.19231,0.30769,0.0,0.0,0.0,0.0,0.0,0.0,0.0,0.076923,0.0,0.0,4.8889,4.1111,6.4444,6.3333,6.2222,5.6667,6.6667,7.7778,2.0,6.5556,5.6667,3.0,6.7778,6.8889
415,416,stimulus_416,/pscratch/sd/s/sjmoon/EmoFM/videos/CowenEmotionVideos/0416.mp4,True,0.0,0.0,0.0,0.76923,0.0,0.0,0.0,0.15385,0.0,0.0,0.0,0.0,0.0,0.0,0.0,0.0,0.076923,0.0,0.0,0.0,0.0,0.0,0.0,0.23077,0.0,0.0,0.0,0.0,0.0,0.0,0.0,0.038462,0.076923,0.0,5.7778,5.2222,6.1111,5.2222,5.2222,4.8889,5.1111,4.3333,2.4444,5.7778,5.7778,3.2222,5.8889,6.1111
416,417,stimulus_417,/pscratch/sd/s/sjmoon/EmoFM/videos/CowenEmotionVideos/0417.mp4,True,0.038462,0.0,0.0,0.076923,0.0,0.11538,0.0,0.0,0.0,0.0,0.0,0.0,0.0,0.076923,0.38462,0.46154,0.076923,0.0,0.0,0.076923,0.0,0.15385,0.15385,0.0,0.0,0.0,0.0,0.0,0.34615,0.0,0.0,0.15385,0.23077,0.0,6.7778,4.8889,2.1111,3.2222,5.1111,4.3333,6.5556,2.8889,5.7778,3.0,4.8889,3.7778,4.2222,2.2222
417,418,stimulus_418,/pscratch/sd/s/sjmoon/EmoFM/videos/CowenEmotionVideos/0418.mp4,True,0.076923,0.0,0.42308,0.0,0.0,0.0,0.46154,0.0,0.076923,0.26923,0.0,0.0,0.0,0.0,0.0,0.0,0.15385,0.0,0.0,0.0,0.0,0.0,0.0,0.15385,0.0,0.0,0.0,0.0,0.0,0.23077,0.0,0.0,0.0,0.0,3.8889,4.6667,7.4444,8.1111,5.4444,6.3333,4.7778,6.8889,1.5556,7.0,5.1111,2.8889,7.0,6.5556
418,419,stimulus_419,/pscratch/sd/s/sjmoon/EmoFM/videos/CowenEmotionVideos/0419.mp4,True,0.076923,0.0,0.15385,0.0,0.0,0.65385,0.19231,0.0,0.0,0.0,0.0,0.0,0.0,0.0,0.0,0.0,0.0,0.0,0.076923,0.61538,0.0,0.038462,0.0,0.0,0.0,0.0,0.0,0.0,0.0,0.0,0.0,0.076923,0.0,0.0,6.8889,4.7778,5.3333,2.5556,6.0,4.4444,4.4444,5.6667,3.6667,4.8889,4.1111,3.2222,3.1111,5.4444
419,420,stimulus_420,/pscratch/sd/s/sjmoon/EmoFM/videos/CowenEmotionVideos/0420.mp4,True,0.0,0.076923,0.0,0.80769,0.0,0.0,0.076923,0.0,0.0,0.0,0.076923,0.0,0.0,0.0,0.0,0.0,0.0,0.0,0.0,0.0,0.0,0.0,0.0,0.0,0.46154,0.0,0.0,0.0,0.0,0.0,0.0,0.11538,0.0,0.0,6.1111,4.7778,6.7778,4.0,5.8889,5.3333,5.1111,5.3333,2.2222,5.4444,4.0,3.2222,6.3333,4.6667
420,421,stimulus_421,/pscratch/sd/s/sjmoon/EmoFM/videos/CowenEmotionVideos/0421.mp4,True,0.076923,0.23077,0.0,0.23077,0.0,0.0,0.15385,0.0,0.0,0.15385,0.0,0.0,0.0,0.0,0.0,0.0,0.0,0.0,0.0,0.0,0.0,0.0,0.0,0.42308,0.53846,0.0,0.0,0.0,0.0,0.0,0.0,0.0,0.076923,0.0,3.1111,3.8889,7.3333,7.0,5.4444,6.6667,6.8889,7.7778,2.0,8.1111,6.0,2.1111,7.6667,7.2222
421,422,stimulus_422,/pscratch/sd/s/sjmoon/EmoFM/videos/CowenEmotionVideos/0422.mp4,True,0.0,0.0,0.0,0.15385,0.0,0.38462,0.15385,0.0,0.0,0.0,0.0,0.0,0.0,0.0,0.0,0.0,0.0,0.0,0.23077,0.61538,0.0,0.15385,0.038462,0.0,0.0,0.0,0.0,0.0,0.0,0.0,0.0,0.0,0.0,0.0,6.6667,3.2222,2.2222,1.3333,7.3333,2.2222,4.5556,4.3333,6.3333,4.5556,3.4444,6.3333,1.1111,4.7778
422,423,stimulus_423,/pscratch/sd/s/sjmoon/EmoFM/videos/CowenEmotionVideos/0423.mp4,True,0.0,0.0,0.0,0.076923,0.0,0.0,0.0,0.0,0.0,0.0,0.15385,0.0,0.11538,0.0,0.15385,0.0,0.0,0.0,0.11538,0.0,0.0,0.0,0.15385,0.0,0.0,0.0,0.0,0.0,0.0,0.0,0.76923,0.0,0.0,0.0,5.7778,5.3333,3.3333,3.6667,4.4444,5.3333,3.7778,5.2222,5.3333,4.6667,3.4444,4.8889,4.6667,4.4444
423,424,stimulus_424,/pscratch/sd/s/sjmoon/EmoFM/videos/CowenEmotionVideos/0424.mp4,True,0.0,0.0,0.0,0.34615,0.0,0.076923,0.23077,0.0,0.076923,0.0,0.0,0.0,0.0,0.0,0.0,0.0,0.15385,0.076923,0.076923,0.0,0.0,0.0,0.076923,0.076923,0.0,0.0,0.076923,0.0,0.0,0.0,0.0,0.23077,0.076923,0.15385,5.7778,5.8889,5.4444,5.7778,7.4444,4.4444,5.3333,6.6667,4.1111,5.6667,4.2222,4.3333,4.6667,8.0
424,425,stimulus_425,/pscratch/sd/s/sjmoon/EmoFM/videos/CowenEmotionVideos/0425.mp4,True,0.0,0.26923,0.0,0.46154,0.0,0.076923,0.15385,0.076923,0.0,0.076923,0.0,0.0,0.0,0.076923,0.0,0.0,0.0,0.0,0.0,0.0,0.0,0.0,0.15385,0.15385,0.0,0.0,0.0,0.0,0.0,0.0,0.0,0.0,0.0,0.0,6.2222,5.1111,7.8889,7.4444,7.1111,4.7778,7.3333,6.5556,2.5556,4.6667,4.4444,4.0,7.8889,6.2222
425,426,stimulus_426,/pscratch/sd/s/sjmoon/EmoFM/videos/CowenEmotionVideos/0426.mp4,True,0.076923,0.076923,0.0,0.34615,0.0,0.0,0.23077,0.0,0.0,0.15385,0.0,0.0,0.0,0.0,0.0,0.0,0.15385,0.0,0.0,0.0,0.0,0.0,0.42308,0.26923,0.076923,0.0,0.076923,0.0,0.0,0.0,0.0,0.23077,0.0,0.0,6.8889,4.5556,8.1111,7.7778,7.1111,6.7778,6.6667,8.2222,2.6667,7.2222,3.8889,3.1111,7.1111,7.8889
426,427,stimulus_427,/pscratch/sd/s/sjmoon/EmoFM/videos/CowenEmotionVideos/0427.mp4,True,0.0,0.0,0.0,0.0,0.0,0.0,0.0,0.0,0.076923,0.076923,0.0,0.0,0.076923,0.0,0.0,0.0,0.0,0.0,0.076923,0.0,0.0,0.0,0.15385,0.0,0.0,0.0,0.0,0.19231,0.0,0.0,0.69231,0.0,0.0,0.0,5.5556,4.4444,6.3333,6.6667,6.4444,5.8889,5.5556,8.0,1.6667,6.2222,6.0,2.0,7.6667,7.3333
427,428,stimulus_428,/pscratch/sd/s/sjmoon/EmoFM/videos/CowenEmotionVideos/0428.mp4,True,0.0,0.0,0.0,0.19231,0.0,0.076923,0.11538,0.0,0.15385,0.0,0.23077,0.0,0.0,0.076923,0.076923,0.0,0.0,0.0,0.11538,0.0,0.0,0.0,0.38462,0.076923,0.0,0.0,0.0,0.0,0.0,0.0,0.0,0.15385,0.0,0.0,6.3333,6.1111,5.4444,5.6667,6.7778,4.0,5.1111,7.5556,4.8889,5.4444,4.7778,4.0,4.7778,4.8889
428,429,stimulus_429,/pscratch/sd/s/sjmoon/EmoFM/videos/CowenEmotionVideos/0429.mp4,True,0.0,0.0,0.0,0.0,0.0,0.0,0.0,0.0,0.076923,0.15385,0.0,0.076923,0.69231,0.0,0.076923,0.0,0.076923,0.076923,0.076923,0.0,0.0,0.0,0.23077,0.0,0.0,0.0,0.0,0.0,0.0,0.0,0.0,0.0,0.0,0.0,6.4444,5.8889,7.4444,7.3333,6.6667,6.7778,5.3333,7.7778,2.6667,6.4444,5.0,2.6667,6.7778,7.0
429,430,stimulus_430,/pscratch/sd/s/sjmoon/EmoFM/videos/CowenEmotionVideos/0430.mp4,True,0.076923,0.19231,0.076923,0.46154,0.0,0.076923,0.26923,0.0,0.0,0.0,0.0,0.0,0.0,0.076923,0.076923,0.0,0.0,0.0,0.23077,0.076923,0.0,0.076923,0.0,0.23077,0.076923,0.0,0.0,0.0,0.0,0.076923,0.0,0.076923,0.076923,0.076923,6.6667,5.0,6.0,5.7778,6.5556,5.8889,6.8889,7.4444,3.3333,6.3333,5.1111,3.0,5.2222,7.0
430,431,stimulus_431,/pscratch/sd/s/sjmoon/EmoFM/videos/CowenEmotionVideos/0431.mp4,True,0.0,0.23077,0.0,0.30769,0.0,0.0,0.076923,0.0,0.076923,0.0,0.23077,0.0,0.0,0.0,0.0,0.0,0.0,0.0,0.076923,0.15385,0.0,0.0,0.076923,0.0,0.0,0.0,0.0,0.0,0.076923,0.0,0.0,0.0,0.15385,0.0,6.4444,4.7778,6.7778,6.3333,7.0,6.1111,6.2222,7.4444,2.3333,5.4444,5.6667,2.3333,6.8889,6.6667
431,432,stimulus_432,/pscratch/sd/s/sjmoon/EmoFM/videos/CowenEmotionVideos/0432.mp4,True,0.0,0.0,0.0,0.42308,0.0,0.076923,0.0,0.0,0.0,0.0,0.076923,0.0,0.0,0.0,0.0,0.0,0.0,0.0,0.076923,0.0,0.0,0.0,0.11538,0.34615,0.0,0.076923,0.0,0.0,0.0,0.15385,0.0,0.11538,0.0,0.15385,6.4444,6.0,7.0,6.7778,6.5556,6.3333,6.4444,7.4444,2.4444,6.7778,6.2222,3.2222,6.5556,7.0
432,433,stimulus_433,/pscratch/sd/s/sjmoon/EmoFM/videos/CowenEmotionVideos/0433.mp4,True,0.076923,0.076923,0.0,0.15385,0.0,0.0,0.0,0.0,0.0,0.0,0.0,0.0,0.076923,0.0,0.0,0.0,0.0,0.0,0.0,0.0,0.0,0.0,0.076923,0.38462,0.076923,0.0,0.0,0.57692,0.0,0.076923,0.076923,0.0,0.076923,0.076923,6.4444,6.2222,6.2222,7.0,5.6667,6.5556,6.7778,7.6667,3.1111,7.0,6.4444,3.2222,7.1111,6.8889
433,434,stimulus_434,/pscratch/sd/s/sjmoon/EmoFM/videos/CowenEmotionVideos/0434.mp4,True,0.0,0.0,0.0,0.0,0.076923,0.076923,0.0,0.0,0.0,0.0,0.0,0.0,0.076923,0.0,0.65385,0.0,0.0,0.0,0.0,0.0,0.0,0.19231,0.0,0.0,0.0,0.0,0.0,0.0,0.0,0.0,0.0,0.0,0.0,0.0,5.3333,3.7778,1.3333,1.5556,4.3333,3.1111,1.8889,1.3333,5.4444,2.2222,2.4444,4.4444,1.5556,1.8889
434,435,stimulus_435,/pscratch/sd/s/sjmoon/EmoFM/videos/CowenEmotionVideos/0435.mp4,True,0.0,0.0,0.0,0.0,0.0,0.42308,0.15385,0.0,0.0,0.0,0.0,0.0,0.0,0.0,0.0,0.0,0.0,0.0,0.23077,0.30769,0.0,0.0,0.15385,0.076923,0.0,0.076923,0.0,0.0,0.0,0.0,0.0,0.0,0.0,0.0,6.3333,4.4444,2.8889,1.7778,5.8889,3.6667,5.2222,4.1111,3.6667,3.6667,3.5556,4.0,2.8889,6.6667
435,436,stimulus_436,/pscratch/sd/s/sjmoon/EmoFM/videos/CowenEmotionVideos/0436.mp4,True,0.0,0.0,0.076923,0.0,0.0,0.46154,0.23077,0.0,0.0,0.0,0.0,0.0,0.0,0.0,0.0,0.0,0.0,0.0,0.26923,0.30769,0.0,0.038462,0.15385,0.0,0.0,0.0,0.15385,0.0,0.0,0.0,0.0,0.0,0.0,0.0,6.0,3.5556,3.3333,1.8889,5.5556,3.5556,5.3333,3.8889,4.7778,5.1111,3.6667,4.0,3.1111,5.3333
436,437,stimulus_437,/pscratch/sd/s/sjmoon/EmoFM/videos/CowenEmotionVideos/0437.mp4,True,0.0,0.0,0.0,0.0,0.0,0.11538,0.15385,0.0,0.076923,0.0,0.0,0.0,0.0,0.0,0.0,0.15385,0.076923,0.0,0.038462,0.53846,0.076923,0.42308,0.076923,0.0,0.0,0.0,0.0,0.0,0.19231,0.0,0.0,0.076923,0.0,0.0,6.3333,3.7778,1.6667,1.3333,5.4444,3.1111,4.2222,1.4444,5.3333,1.7778,4.8889,5.0,1.6667,1.8889
437,438,stimulus_438,/pscratch/sd/s/sjmoon/EmoFM/videos/CowenEmotionVideos/0438.mp4,True,0.0,0.30769,0.0,0.42308,0.0,0.0,0.38462,0.0,0.076923,0.0,0.0,0.0,0.0,0.0,0.0,0.0,0.0,0.0,0.0,0.0,0.0,0.0,0.15385,0.076923,0.0,0.0,0.0,0.0,0.0,0.076923,0.0,0.0,0.076923,0.0,5.0,5.3333,6.8889,8.1111,6.6667,6.3333,7.5556,7.4444,2.1111,7.3333,6.5556,2.4444,7.6667,7.7778
438,439,stimulus_439,/pscratch/sd/s/sjmoon/EmoFM/videos/CowenEmotionVideos/0439.mp4,True,0.0,0.0,0.15385,0.076923,0.0,0.0,0.076923,0.0,0.076923,0.0,0.30769,0.076923,0.0,0.0,0.0,0.0,0.19231,0.0,0.0,0.076923,0.0,0.30769,0.076923,0.0,0.076923,0.0,0.0,0.0,0.0,0.0,0.0,0.076923,0.0,0.0,5.5556,3.2222,2.2222,1.7778,4.7778,2.8889,3.2222,2.8889,5.6667,3.7778,3.2222,4.1111,2.5556,2.6667
439,440,stimulus_440,/pscratch/sd/s/sjmoon/EmoFM/videos/CowenEmotionVideos/0440.mp4,True,0.0,0.0,0.0,0.46154,0.0,0.0,0.0,0.076923,0.15385,0.0,0.15385,0.0,0.0,0.0,0.0,0.0,0.0,0.0,0.0,0.0,0.0,0.0,0.076923,0.076923,0.38462,0.0,0.0,0.0,0.0,0.0,0.0,0.076923,0.0,0.0,4.8889,5.0,4.8889,2.7778,5.1111,4.7778,4.3333,3.5556,4.5556,4.2222,4.3333,4.3333,3.2222,5.1111
440,441,stimulus_441,/pscratch/sd/s/sjmoon/EmoFM/videos/CowenEmotionVideos/0441.mp4,True,0.0,0.0,0.0,0.076923,0.0,0.0,0.0,0.26923,0.0,0.0,0.38462,0.0,0.0,0.0,0.46154,0.0,0.0,0.0,0.0,0.076923,0.0,0.076923,0.0,0.0,0.0,0.0,0.0,0.0,0.0,0.0,0.0,0.23077,0.0,0.0,3.1111,2.7778,1.4444,1.4444,3.0,3.2222,3.3333,3.0,5.7778,2.5556,2.8889,3.5556,2.6667,2.3333
441,442,stimulus_442,/pscratch/sd/s/sjmoon/EmoFM/videos/CowenEmotionVideos/0442.mp4,True,0.0,0.0,0.0,0.61538,0.0,0.0,0.0,0.0,0.076923,0.0,0.038462,0.0,0.0,0.0,0.0,0.0,0.0,0.0,0.0,0.0,0.0,0.0,0.076923,0.30769,0.0,0.0,0.0,0.0,0.0,0.0,0.0,0.0,0.0,0.0,6.5556,5.6667,5.3333,4.2222,5.3333,5.6667,5.0,7.3333,4.1111,5.5556,5.1111,4.5556,5.1111,5.8889
442,443,stimulus_443,/pscratch/sd/s/sjmoon/EmoFM/videos/CowenEmotionVideos/0443.mp4,True,0.0,0.0,0.0,0.076923,0.0,0.30769,0.15385,0.0,0.0,0.0,0.0,0.076923,0.0,0.0,0.0,0.0,0.0,0.0,0.11538,0.38462,0.0,0.23077,0.076923,0.0,0.0,0.0,0.0,0.0,0.038462,0.0,0.0,0.23077,0.0,0.0,6.2222,2.1111,2.2222,2.1111,5.6667,2.6667,3.0,2.3333,5.2222,3.0,2.1111,3.3333,1.8889,2.0
443,444,stimulus_444,/pscratch/sd/s/sjmoon/EmoFM/videos/CowenEmotionVideos/0444.mp4,True,0.0,0.0,0.0,0.076923,0.0,0.076923,0.0,0.0,0.0,0.0,0.0,0.0,0.0,0.0,0.57692,0.15385,0.0,0.0,0.0,0.0,0.0,0.19231,0.076923,0.0,0.0,0.0,0.0,0.0,0.15385,0.0,0.0,0.23077,0.038462,0.0,5.3333,3.7778,2.5556,1.4444,4.4444,2.6667,3.0,3.0,4.2222,2.4444,3.0,4.3333,2.3333,2.8889
444,445,stimulus_445,/pscratch/sd/s/sjmoon/EmoFM/videos/CowenEmotionVideos/0445.mp4,True,0.076923,0.26923,0.0,0.15385,0.0,0.0,0.19231,0.0,0.0,0.0,0.0,0.0,0.0,0.0,0.0,0.0,0.0,0.0,0.0,0.0,0.0,0.0,0.076923,0.23077,0.0,0.0,0.0,0.0,0.38462,0.076923,0.0,0.0,0.38462,0.0,6.5556,4.0,7.5556,5.7778,6.1111,5.4444,6.8889,5.4444,4.4444,4.8889,6.4444,4.2222,5.4444,7.4444
445,446,stimulus_446,/pscratch/sd/s/sjmoon/EmoFM/videos/CowenEmotionVideos/0446.mp4,True,0.0,0.0,0.30769,0.0,0.0,0.0,0.038462,0.0,0.076923,0.30769,0.0,0.0,0.0,0.0,0.076923,0.0,0.19231,0.0,0.0,0.0,0.0,0.076923,0.30769,0.0,0.0,0.0,0.0,0.0,0.0,0.0,0.0,0.076923,0.0,0.0,5.6667,4.6667,6.7778,6.6667,5.6667,5.8889,5.2222,7.3333,2.7778,5.7778,4.7778,3.1111,5.5556,6.6667
446,447,stimulus_447,/pscratch/sd/s/sjmoon/EmoFM/videos/CowenEmotionVideos/0447.mp4,True,0.0,0.23077,0.0,0.57692,0.0,0.076923,0.15385,0.0,0.0,0.076923,0.0,0.0,0.0,0.0,0.0,0.0,0.0,0.0,0.0,0.0,0.0,0.0,0.23077,0.23077,0.0,0.076923,0.0,0.0,0.0,0.0,0.0,0.30769,0.076923,0.0,6.3333,5.2222,5.6667,6.5556,5.8889,5.4444,6.6667,5.3333,3.2222,5.4444,5.2222,4.1111,5.0,5.5556
447,448,stimulus_448,/pscratch/sd/s/sjmoon/EmoFM/videos/CowenEmotionVideos/0448.mp4,True,0.0,0.0,0.0,0.076923,0.076923,0.26923,0.11538,0.0,0.0,0.0,0.0,0.076923,0.0,0.0,0.0,0.0,0.076923,0.0,0.23077,0.30769,0.0,0.0,0.23077,0.0,0.0,0.0,0.0,0.0,0.0,0.0,0.0,0.038462,0.076923,0.0,6.6667,5.4444,5.0,4.4444,5.7778,3.7778,4.3333,4.6667,4.5556,5.0,4.4444,4.6667,3.1111,6.4444
448,449,stimulus_449,/pscratch/sd/s/sjmoon/EmoFM/videos/CowenEmotionVideos/0449.mp4,True,0.0,0.0,0.15385,0.15385,0.0,0.0,0.0,0.15385,0.0,0.076923,0.0,0.076923,0.0,0.0,0.0,0.0,0.30769,0.0,0.0,0.0,0.0,0.0,0.23077,0.076923,0.15385,0.0,0.0,0.0,0.0,0.0,0.0,0.0,0.0,0.0,6.3333,4.7778,6.4444,5.7778,5.2222,5.1111,4.7778,5.8889,2.7778,5.1111,4.2222,2.3333,5.0,5.4444
449,450,stimulus_450,/pscratch/sd/s/sjmoon/EmoFM/videos/CowenEmotionVideos/0450.mp4,True,0.0,0.0,0.0,0.0,0.38462,0.15385,0.0,0.0,0.0,0.0,0.0,0.076923,0.0,0.0,0.30769,0.0,0.0,0.0,0.0,0.46154,0.0,0.19231,0.0,0.0,0.0,0.0,0.0,0.0,0.15385,0.0,0.0,0.0,0.0,0.0,6.0,4.5556,1.6667,1.4444,5.8889,3.5556,3.1111,2.2222,4.8889,2.7778,2.7778,4.7778,2.3333,3.1111
450,451,stimulus_451,/pscratch/sd/s/sjmoon/EmoFM/videos/CowenEmotionVideos/0451.mp4,True,0.0,0.0,0.0,0.16667,0.0,0.16667,0.083333,0.0,0.0,0.0,0.083333,0.0,0.0,0.0,0.0,0.25,0.0,0.0,0.16667,0.41667,0.0,0.25,0.083333,0.0,0.0,0.0,0.0,0.0,0.0,0.0,0.0,0.5,0.0,0.0,6.6667,4.2222,2.2222,2.3333,6.0,3.1111,5.1111,2.7778,5.3333,4.8889,4.2222,4.8889,1.6667,2.0
451,452,stimulus_452,/pscratch/sd/s/sjmoon/EmoFM/videos/CowenEmotionVideos/0452.mp4,True,0.0,0.0,0.0,0.66667,0.0,0.0,0.25,0.0,0.0,0.0,0.083333,0.0,0.0,0.0,0.0,0.0,0.0,0.0,0.083333,0.0,0.0,0.0,0.083333,0.16667,0.0,0.0,0.0,0.0,0.0,0.083333,0.0,0.5,0.0,0.0,7.0,5.3333,7.1111,6.5556,6.2222,5.2222,6.2222,6.0,2.6667,5.6667,5.3333,4.2222,5.2222,7.4444
452,453,stimulus_453,/pscratch/sd/s/sjmoon/EmoFM/videos/CowenEmotionVideos/0453.mp4,True,0.0,0.0,0.0,0.41667,0.0,0.0,0.0,0.0,0.0,0.0,0.75,0.0,0.0,0.0,0.083333,0.0,0.16667,0.0,0.0,0.0,0.0,0.0,0.0,0.0,0.0,0.0,0.0,0.0,0.0,0.0,0.0,0.0,0.0,0.0,4.7778,4.1111,4.8889,4.6667,5.1111,4.5556,4.4444,4.6667,3.4444,4.2222,4.4444,4.3333,5.0,5.2222
453,454,stimulus_454,/pscratch/sd/s/sjmoon/EmoFM/videos/CowenEmotionVideos/0454.mp4,True,0.16667,0.16667,0.0,0.0,0.0,0.0,0.083333,0.0,0.0,0.0,0.0,0.0,0.0,0.0,0.0,0.0,0.0,0.0,0.083333,0.0,0.0,0.0,0.16667,0.41667,0.0,0.16667,0.0,0.0,0.0,0.16667,0.0,0.0,0.0,0.41667,6.3333,5.5556,7.1111,7.2222,5.6667,6.1111,6.8889,7.6667,2.3333,7.0,6.4444,4.0,7.3333,7.0
454,455,stimulus_455,/pscratch/sd/s/sjmoon/EmoFM/videos/CowenEmotionVideos/0455.mp4,True,0.083333,0.0,0.0,0.0,0.0,0.0,0.083333,0.25,0.0,0.0,0.0,0.0,0.0,0.0,0.16667,0.0,0.0,0.083333,0.0,0.0,0.0,0.0,0.0,0.0,0.0,0.0,0.0,0.41667,0.0,0.0,0.16667,0.0,0.0,0.0,4.3333,4.6667,4.1111,4.2222,4.6667,4.4444,4.5556,6.1111,4.0,5.4444,4.1111,4.4444,5.2222,5.1111
455,456,stimulus_456,/pscratch/sd/s/sjmoon/EmoFM/videos/CowenEmotionVideos/0456.mp4,True,0.0,0.0,0.0,0.0,0.0,0.0,0.083333,0.0,0.0,0.083333,0.0,0.0,0.083333,0.0,0.0,0.0,0.0,0.083333,0.0,0.0,0.0,0.0,0.0,0.0,0.083333,0.0,0.0,0.75,0.083333,0.0,0.25,0.0,0.0,0.0,6.2222,5.2222,6.4444,6.5556,6.0,6.2222,6.1111,7.7778,2.0,6.5556,6.0,3.3333,6.4444,6.7778
456,457,stimulus_457,/pscratch/sd/s/sjmoon/EmoFM/videos/CowenEmotionVideos/0457.mp4,True,0.16667,0.0,0.083333,0.41667,0.0,0.0,0.0,0.0,0.16667,0.0,0.0,0.0,0.0,0.0,0.0,0.0,0.0,0.0,0.0,0.083333,0.0,0.0,0.083333,0.0,0.083333,0.0,0.0,0.16667,0.083333,0.0,0.16667,0.0,0.0,0.0,5.3333,5.0,5.3333,5.1111,5.7778,5.1111,4.6667,5.5556,3.4444,4.6667,4.4444,3.1111,4.7778,5.0
457,458,stimulus_458,/pscratch/sd/s/sjmoon/EmoFM/videos/CowenEmotionVideos/0458.mp4,True,0.0,0.0,0.083333,0.0,0.0,0.0,0.0,0.0,0.0,0.0,0.0,0.0,1.0,0.0,0.0,0.0,0.0,0.0,0.083333,0.0,0.0,0.0,0.0,0.0,0.083333,0.0,0.0,0.0,0.0,0.0,0.0,0.0,0.0,0.0,6.8889,5.1111,8.3333,7.4444,6.7778,6.7778,5.6667,7.7778,3.0,6.3333,5.7778,3.2222,6.6667,7.5556
458,459,stimulus_459,/pscratch/sd/s/sjmoon/EmoFM/videos/CowenEmotionVideos/0459.mp4,True,0.0,0.0,0.16667,0.41667,0.0,0.0,0.083333,0.0,0.0,0.0,0.083333,0.0,0.0,0.0,0.0,0.0,0.0,0.0,0.0,0.083333,0.0,0.0,0.16667,0.0,0.0,0.0,0.0,0.0,0.0,0.0,0.0,0.33333,0.0,0.0,6.1111,4.8889,4.4444,2.1111,5.7778,4.1111,5.2222,2.5556,4.6667,3.7778,2.6667,4.7778,3.2222,3.0
459,460,stimulus_460,/pscratch/sd/s/sjmoon/EmoFM/videos/CowenEmotionVideos/0460.mp4,True,0.083333,0.0,0.083333,0.0,0.0,0.58333,0.0,0.0,0.0,0.0,0.0,0.0,0.0,0.0,0.0,0.0,0.0,0.0,0.083333,0.58333,0.0,0.0,0.0,0.0,0.0,0.0,0.0,0.0,0.0,0.0,0.0,0.0,0.0,0.0,6.5556,4.4444,2.7778,1.4444,6.8889,3.1111,2.7778,5.2222,5.7778,4.7778,2.6667,4.1111,1.8889,5.1111
460,461,stimulus_461,/pscratch/sd/s/sjmoon/EmoFM/videos/CowenEmotionVideos/0461.mp4,True,0.0,0.0,0.0,0.083333,0.0,0.16667,0.0,0.0,0.0,0.0,0.083333,0.0,0.0,0.0,0.0,0.16667,0.0,0.0,0.0,0.5,0.0,0.58333,0.0,0.083333,0.0,0.0,0.0,0.0,0.33333,0.0,0.0,0.16667,0.0,0.0,6.4444,3.4444,1.6667,1.6667,6.0,4.1111,5.2222,1.5556,5.1111,1.5556,3.7778,4.2222,1.2222,1.3333
461,462,stimulus_462,/pscratch/sd/s/sjmoon/EmoFM/videos/CowenEmotionVideos/0462.mp4,True,0.0,0.16667,0.0,0.5,0.0,0.0,0.16667,0.0,0.0,0.0,0.0,0.0,0.0,0.0,0.0,0.0,0.0,0.0,0.0,0.0,0.0,0.0,0.083333,0.16667,0.0,0.0,0.0,0.0,0.0,0.0,0.0,0.0,0.0,0.0,6.2222,4.0,7.2222,5.5556,6.2222,5.1111,5.7778,6.7778,2.6667,5.8889,3.0,2.7778,7.0,6.6667
462,463,stimulus_463,/pscratch/sd/s/sjmoon/EmoFM/videos/CowenEmotionVideos/0463.mp4,True,0.25,0.0,0.0,0.41667,0.0,0.0,0.33333,0.0,0.0,0.0,0.0,0.0,0.0,0.0,0.0,0.0,0.0,0.0,0.083333,0.083333,0.0,0.0,0.41667,0.0,0.0,0.0,0.0,0.0,0.0,0.083333,0.0,0.0,0.0,0.083333,5.5556,4.8889,6.6667,5.1111,6.0,5.0,5.3333,7.2222,3.7778,7.2222,4.6667,3.3333,4.2222,7.6667
463,464,stimulus_464,/pscratch/sd/s/sjmoon/EmoFM/videos/CowenEmotionVideos/0464.mp4,True,0.0,0.0,0.0,0.0,0.0,0.0,0.0,0.083333,0.0,0.0,0.083333,0.0,0.0,0.0,0.66667,0.0,0.0,0.0,0.0,0.16667,0.0,0.16667,0.0,0.0,0.0,0.0,0.0,0.0,0.0,0.0,0.0,0.083333,0.0,0.0,5.1111,4.3333,1.6667,1.7778,5.0,3.1111,3.7778,2.7778,6.5556,2.5556,2.2222,4.2222,2.7778,2.0
464,465,stimulus_465,/pscratch/sd/s/sjmoon/EmoFM/videos/CowenEmotionVideos/0465.mp4,True,0.0,0.0,0.0,0.083333,0.0,0.0,0.0,0.083333,0.0,0.0,0.0,0.0,0.083333,0.0,0.0,0.0,0.0,0.0,0.083333,0.0,0.0,0.0,0.0,0.0,0.0,0.0,0.0,0.41667,0.0,0.0,0.75,0.0,0.0,0.0,8.0,6.8889,7.4444,7.2222,7.5556,6.0,6.2222,6.4444,3.7778,6.8889,6.3333,2.6667,6.3333,6.6667
465,466,stimulus_466,/pscratch/sd/s/sjmoon/EmoFM/videos/CowenEmotionVideos/0466.mp4,True,0.0,0.0,0.083333,0.0,0.0,0.0,0.083333,0.083333,0.0,0.0,0.33333,0.0,0.0,0.0,0.0,0.0,0.083333,0.0,0.0,0.16667,0.0,0.0,0.41667,0.0,0.0,0.0,0.0,0.0,0.0,0.0,0.0,0.0,0.0,0.0,5.3333,4.2222,2.8889,3.1111,5.2222,3.1111,4.2222,6.1111,5.2222,5.5556,3.0,3.2222,4.7778,4.1111
466,467,stimulus_467,/pscratch/sd/s/sjmoon/EmoFM/videos/CowenEmotionVideos/0467.mp4,True,0.0,0.0,0.0,0.58333,0.0,0.0,0.0,0.083333,0.0,0.0,0.0,0.0,0.0,0.0,0.0,0.0,0.0,0.0,0.0,0.0,0.0,0.0,0.083333,0.16667,0.58333,0.0,0.0,0.0,0.0,0.0,0.0,0.0,0.0,0.0,6.0,4.8889,6.1111,5.8889,7.0,5.1111,5.5556,7.3333,3.1111,6.5556,5.8889,2.3333,7.0,6.5556
467,468,stimulus_468,/pscratch/sd/s/sjmoon/EmoFM/videos/CowenEmotionVideos/0468.mp4,True,0.083333,0.0,0.33333,0.083333,0.0,0.0,0.083333,0.0,0.0,0.0,0.083333,0.0,0.0,0.0,0.0,0.0,0.16667,0.0,0.0,0.0,0.0,0.0,0.083333,0.0,0.0,0.0,0.0,0.0,0.0,0.0,0.0,0.58333,0.0,0.0,5.5556,5.0,5.7778,5.3333,7.1111,5.0,6.1111,7.0,3.8889,5.7778,3.6667,3.3333,6.2222,6.6667
468,469,stimulus_469,/pscratch/sd/s/sjmoon/EmoFM/videos/CowenEmotionVideos/0469.mp4,True,0.0,0.16667,0.0,0.5,0.0,0.0,0.083333,0.0,0.0,0.0,0.083333,0.0,0.0,0.0,0.0,0.0,0.0,0.0,0.0,0.0,0.0,0.0,0.16667,0.083333,0.0,0.0,0.0,0.0,0.0,0.0,0.0,0.0,0.083333,0.0,7.0,5.2222,6.6667,6.1111,5.8889,4.5556,6.0,5.5556,2.8889,5.4444,4.4444,3.7778,5.3333,6.8889
469,470,stimulus_470,/pscratch/sd/s/sjmoon/EmoFM/videos/CowenEmotionVideos/0470.mp4,True,0.0,0.0,0.16667,0.16667,0.0,0.0,0.25,0.0,0.083333,0.16667,0.25,0.0,0.0,0.0,0.0,0.0,0.0,0.0,0.0,0.0,0.0,0.0,0.083333,0.083333,0.0,0.0,0.0,0.0,0.0,0.0,0.0,0.0,0.0,0.0,5.7778,3.6667,5.3333,4.6667,5.8889,3.8889,4.4444,5.0,4.2222,5.4444,3.4444,5.3333,4.8889,5.4444
470,471,stimulus_471,/pscratch/sd/s/sjmoon/EmoFM/videos/CowenEmotionVideos/0471.mp4,True,0.0,0.0,0.5,0.083333,0.0,0.0,0.0,0.0,0.0,0.083333,0.0,0.0,0.0,0.0,0.0,0.0,0.33333,0.0,0.0,0.0,0.0,0.0,0.5,0.0,0.0,0.0,0.0,0.0,0.0,0.0,0.0,0.083333,0.0,0.0,5.3333,4.6667,6.2222,6.4444,6.5556,6.0,4.4444,7.3333,3.1111,6.1111,4.0,2.8889,6.4444,5.8889
471,472,stimulus_472,/pscratch/sd/s/sjmoon/EmoFM/videos/CowenEmotionVideos/0472.mp4,True,0.25,0.25,0.0,0.33333,0.0,0.0,0.25,0.0,0.083333,0.0,0.0,0.0,0.0,0.0,0.0,0.0,0.0,0.0,0.0,0.0,0.0,0.0,0.083333,0.16667,0.083333,0.0,0.0,0.0,0.0,0.0,0.0,0.0,0.0,0.0,5.8889,4.1111,7.8889,7.5556,6.7778,6.1111,6.2222,7.5556,2.4444,6.3333,5.5556,3.3333,6.8889,7.4444
472,473,stimulus_473,/pscratch/sd/s/sjmoon/EmoFM/videos/CowenEmotionVideos/0473.mp4,True,0.083333,0.0,0.16667,0.0,0.0,0.0,0.0,0.25,0.16667,0.0,0.0,0.083333,0.0,0.0,0.0,0.0,0.0,0.0,0.0,0.0,0.083333,0.0,0.0,0.0,0.0,0.0,0.0,0.0,0.0,0.0,0.33333,0.0,0.0,0.0,6.2222,6.4444,5.8889,6.1111,6.2222,5.2222,4.6667,6.2222,3.4444,5.8889,5.7778,4.2222,6.1111,6.3333
473,474,stimulus_474,/pscratch/sd/s/sjmoon/EmoFM/videos/CowenEmotionVideos/0474.mp4,True,0.0,0.0,0.0,0.0,0.16667,0.25,0.0,0.0,0.0,0.0,0.0,0.0,0.0,0.0,0.16667,0.083333,0.0,0.0,0.0,0.41667,0.0,0.33333,0.0,0.0,0.0,0.0,0.25,0.0,0.16667,0.0,0.0,0.083333,0.0,0.0,6.6667,4.4444,1.2222,1.8889,7.0,3.1111,5.8889,2.1111,5.8889,2.5556,5.5556,5.5556,1.5556,2.1111
474,475,stimulus_475,/pscratch/sd/s/sjmoon/EmoFM/videos/CowenEmotionVideos/0475.mp4,True,0.16667,0.0,0.41667,0.0,0.0,0.25,0.16667,0.0,0.0,0.0,0.0,0.0,0.0,0.0,0.0,0.0,0.083333,0.0,0.0,0.33333,0.0,0.083333,0.16667,0.0,0.0,0.0,0.0,0.0,0.0,0.0,0.0,0.0,0.0,0.0,6.3333,3.8889,4.4444,3.0,6.0,4.4444,4.5556,4.0,3.8889,4.6667,3.6667,5.6667,3.8889,5.5556
475,476,stimulus_476,/pscratch/sd/s/sjmoon/EmoFM/videos/CowenEmotionVideos/0476.mp4,True,0.0,0.0,0.41667,0.0,0.0,0.0,0.25,0.0,0.0,0.083333,0.0,0.0,0.0,0.0,0.0,0.0,0.33333,0.0,0.0,0.0,0.0,0.0,0.25,0.0,0.0,0.0,0.0,0.0,0.0,0.0,0.0,0.083333,0.0,0.0,7.1111,6.1111,6.4444,5.4444,7.2222,5.5556,4.1111,6.2222,3.0,5.7778,4.4444,2.7778,4.8889,6.2222
476,477,stimulus_477,/pscratch/sd/s/sjmoon/EmoFM/videos/CowenEmotionVideos/0477.mp4,True,0.0,0.0,0.0,0.16667,0.0,0.0,0.083333,0.0,0.0,0.0,0.0,0.083333,0.0,0.0,0.16667,0.0,0.0,0.0,0.0,0.0,0.0,0.083333,0.083333,0.083333,0.16667,0.0,0.0,0.0,0.25,0.0,0.0,0.0,0.16667,0.0,5.5556,3.3333,3.8889,5.0,5.8889,4.6667,4.8889,6.1111,3.4444,4.8889,5.4444,3.7778,4.5556,4.8889
477,478,stimulus_478,/pscratch/sd/s/sjmoon/EmoFM/videos/CowenEmotionVideos/0478.mp4,True,0.0,0.0,0.41667,0.083333,0.0,0.0,0.0,0.0,0.0,0.0,0.083333,0.0,0.0,0.0,0.0,0.0,0.41667,0.0,0.0,0.0,0.0,0.0,0.16667,0.0,0.0,0.0,0.0,0.0,0.0,0.083333,0.0,0.083333,0.0,0.0,7.2222,4.0,6.3333,5.4444,5.6667,5.0,4.0,5.8889,4.6667,6.1111,4.2222,3.2222,5.7778,5.1111
478,479,stimulus_479,/pscratch/sd/s/sjmoon/EmoFM/videos/CowenEmotionVideos/0479.mp4,True,0.0,0.5,0.0,0.41667,0.0,0.0,0.33333,0.0,0.0,0.083333,0.0,0.0,0.0,0.0,0.0,0.0,0.0,0.0,0.0,0.0,0.0,0.0,0.083333,0.33333,0.0,0.0,0.0,0.0,0.0,0.083333,0.0,0.0,0.0,0.0,5.7778,4.5556,8.5556,8.2222,7.2222,7.2222,7.3333,7.8889,2.8889,8.1111,5.4444,2.3333,7.5556,7.7778
479,480,stimulus_480,/pscratch/sd/s/sjmoon/EmoFM/videos/CowenEmotionVideos/0480.mp4,True,0.16667,0.083333,0.0,0.0,0.0,0.0,0.33333,0.0,0.0,0.0,0.0,0.0,0.0,0.0,0.0,0.0,0.0,0.0,0.25,0.083333,0.0,0.0,0.0,0.5,0.0,0.083333,0.0,0.0,0.0,0.083333,0.0,0.16667,0.0,0.16667,7.0,6.0,8.6667,7.8889,6.8889,7.2222,7.8889,7.7778,3.2222,7.5556,7.0,3.3333,6.7778,7.4444
480,481,stimulus_481,/pscratch/sd/s/sjmoon/EmoFM/videos/CowenEmotionVideos/0481.mp4,True,0.0,0.0,0.0,0.0,0.0,0.15,0.0,0.0,0.0,0.0,0.0,0.0,0.0,0.0,0.55,0.1,0.0,0.0,0.0,0.1,0.0,0.65,0.0,0.0,0.2,0.0,0.0,0.0,0.5,0.0,0.0,0.1,0.1,0.0,6.0,4.6667,2.1111,2.4444,6.6667,4.4444,5.4444,2.4444,6.3333,2.2222,5.0,5.1111,1.8889,2.6667
481,482,stimulus_482,/pscratch/sd/s/sjmoon/EmoFM/videos/CowenEmotionVideos/0482.mp4,True,0.1,0.0,0.0,0.0,0.0,0.45,0.15,0.0,0.0,0.0,0.0,0.0,0.0,0.0,0.0,0.0,0.0,0.0,0.1,0.6,0.0,0.1,0.1,0.0,0.0,0.0,0.0,0.0,0.0,0.0,0.0,0.0,0.0,0.0,6.0,5.1111,2.3333,2.5556,6.7778,3.4444,6.0,3.7778,6.8889,3.8889,3.8889,4.5556,2.3333,4.3333
482,483,stimulus_483,/pscratch/sd/s/sjmoon/EmoFM/videos/CowenEmotionVideos/0483.mp4,True,0.0,0.6,0.0,0.3,0.0,0.0,0.35,0.0,0.0,0.0,0.0,0.0,0.0,0.0,0.0,0.0,0.0,0.0,0.0,0.0,0.0,0.0,0.0,0.5,0.0,0.0,0.0,0.0,0.0,0.0,0.0,0.0,0.0,0.0,5.7778,4.8889,7.4444,6.1111,6.4444,6.6667,6.5556,6.8889,2.7778,7.2222,5.4444,3.1111,7.5556,6.1111
483,484,stimulus_484,/pscratch/sd/s/sjmoon/EmoFM/videos/CowenEmotionVideos/0484.mp4,True,0.0,0.0,0.2,0.1,0.0,0.0,0.0,0.0,0.4,0.1,0.1,0.0,0.0,0.0,0.0,0.0,0.3,0.0,0.0,0.0,0.0,0.0,0.1,0.0,0.0,0.0,0.0,0.0,0.0,0.1,0.0,0.0,0.0,0.0,5.2222,5.4444,4.7778,4.8889,5.1111,5.1111,4.2222,5.1111,3.7778,6.2222,4.5556,4.5556,4.5556,5.1111
484,485,stimulus_485,/pscratch/sd/s/sjmoon/EmoFM/videos/CowenEmotionVideos/0485.mp4,True,0.0,0.0,0.0,0.35,0.0,0.0,0.05,0.1,0.0,0.0,0.2,0.1,0.0,0.0,0.0,0.0,0.0,0.0,0.0,0.0,0.0,0.0,0.4,0.3,0.0,0.0,0.0,0.0,0.0,0.0,0.0,0.0,0.1,0.1,5.6667,4.7778,4.7778,6.5556,5.3333,4.6667,5.5556,7.4444,4.1111,5.6667,4.4444,4.0,6.0,6.2222
485,486,stimulus_486,/pscratch/sd/s/sjmoon/EmoFM/videos/CowenEmotionVideos/0486.mp4,True,0.0,0.2,0.0,0.7,0.0,0.0,0.1,0.2,0.0,0.0,0.0,0.0,0.0,0.0,0.0,0.0,0.0,0.0,0.0,0.0,0.0,0.0,0.0,0.1,0.0,0.0,0.0,0.0,0.0,0.0,0.0,0.0,0.0,0.0,5.7778,4.7778,5.5556,7.2222,6.5556,5.7778,6.4444,6.5556,2.1111,5.8889,5.3333,3.8889,5.7778,6.0
486,487,stimulus_487,/pscratch/sd/s/sjmoon/EmoFM/videos/CowenEmotionVideos/0487.mp4,True,0.0,0.25,0.15,0.45,0.0,0.0,0.6,0.0,0.0,0.0,0.0,0.0,0.0,0.0,0.0,0.0,0.0,0.0,0.0,0.0,0.0,0.0,0.2,0.2,0.0,0.0,0.0,0.0,0.0,0.0,0.0,0.0,0.0,0.0,6.5556,4.4444,6.6667,6.8889,6.4444,6.6667,6.8889,7.2222,2.5556,6.4444,5.2222,2.8889,6.2222,7.1111
487,488,stimulus_488,/pscratch/sd/s/sjmoon/EmoFM/videos/CowenEmotionVideos/0488.mp4,True,0.1,0.2,0.0,0.1,0.0,0.0,0.45,0.0,0.0,0.0,0.0,0.0,0.0,0.0,0.05,0.0,0.0,0.0,0.0,0.0,0.0,0.0,0.25,0.2,0.0,0.0,0.0,0.0,0.0,0.1,0.0,0.0,0.0,0.0,5.0,4.8889,5.1111,6.3333,5.6667,6.6667,6.4444,7.2222,3.3333,6.3333,5.1111,3.4444,5.7778,6.2222
488,489,stimulus_489,/pscratch/sd/s/sjmoon/EmoFM/videos/CowenEmotionVideos/0489.mp4,True,0.0,0.0,0.0,0.0,0.0,0.7,0.0,0.0,0.0,0.0,0.1,0.0,0.0,0.0,0.0,0.0,0.0,0.0,0.0,0.6,0.0,0.2,0.0,0.0,0.0,0.0,0.0,0.0,0.0,0.0,0.0,0.15,0.0,0.0,6.8889,4.5556,2.0,3.0,6.3333,3.7778,5.6667,3.0,6.0,3.3333,4.8889,5.4444,2.3333,3.5556
489,490,stimulus_490,/pscratch/sd/s/sjmoon/EmoFM/videos/CowenEmotionVideos/0490.mp4,True,0.2,0.0,0.0,0.0,0.0,0.3,0.0,0.0,0.0,0.0,0.0,0.0,0.0,0.0,0.0,0.0,0.0,0.0,0.0,0.3,0.0,0.2,0.0,0.0,0.0,0.2,0.3,0.0,0.35,0.0,0.0,0.1,0.1,0.0,5.3333,5.4444,2.0,2.6667,5.5556,3.8889,6.4444,3.3333,3.5556,3.4444,5.1111,4.4444,2.7778,4.7778
490,491,stimulus_491,/pscratch/sd/s/sjmoon/EmoFM/videos/CowenEmotionVideos/0491.mp4,True,0.0,0.0,0.1,0.5,0.0,0.15,0.1,0.0,0.1,0.1,0.0,0.0,0.0,0.0,0.0,0.0,0.1,0.0,0.0,0.05,0.0,0.05,0.0,0.0,0.0,0.0,0.15,0.0,0.0,0.0,0.0,0.5,0.0,0.0,5.4444,4.3333,5.7778,6.4444,5.6667,4.2222,4.8889,6.6667,4.1111,5.6667,5.0,3.1111,5.6667,7.0
491,492,stimulus_492,/pscratch/sd/s/sjmoon/EmoFM/videos/CowenEmotionVideos/0492.mp4,True,0.0,0.0,0.0,0.0,0.2,0.3,0.0,0.0,0.0,0.0,0.2,0.0,0.0,0.3,0.25,0.0,0.0,0.0,0.0,0.2,0.0,0.05,0.0,0.0,0.0,0.0,0.0,0.0,0.3,0.0,0.0,0.15,0.0,0.0,4.7778,4.5556,3.0,3.0,5.3333,3.6667,4.8889,2.6667,5.1111,2.4444,4.7778,6.5556,3.5556,3.8889
492,493,stimulus_493,/pscratch/sd/s/sjmoon/EmoFM/videos/CowenEmotionVideos/0493.mp4,True,0.0,0.0,0.5,0.0,0.0,0.0,0.5,0.0,0.1,0.5,0.0,0.0,0.0,0.0,0.0,0.0,0.1,0.0,0.0,0.0,0.0,0.0,0.0,0.2,0.0,0.0,0.0,0.0,0.0,0.1,0.0,0.0,0.0,0.0,5.7778,6.7778,6.6667,5.8889,6.0,5.7778,4.0,6.1111,2.1111,6.5556,4.6667,2.6667,6.5556,6.8889
493,494,stimulus_494,/pscratch/sd/s/sjmoon/EmoFM/videos/CowenEmotionVideos/0494.mp4,True,0.0,0.0,0.0,0.0,0.15,0.1,0.0,0.0,0.0,0.0,0.3,0.0,0.0,0.3,0.5,0.0,0.0,0.0,0.0,0.3,0.0,0.0,0.1,0.0,0.0,0.0,0.1,0.0,0.25,0.0,0.0,0.0,0.0,0.0,5.3333,4.4444,2.3333,3.2222,5.7778,4.5556,4.5556,3.0,5.6667,2.8889,5.8889,4.8889,3.3333,3.1111
494,495,stimulus_495,/pscratch/sd/s/sjmoon/EmoFM/videos/CowenEmotionVideos/0495.mp4,True,0.0,0.0,0.0,0.0,0.0,0.1,0.0,0.2,0.0,0.0,0.9,0.0,0.0,0.0,0.1,0.0,0.1,0.0,0.0,0.1,0.0,0.3,0.0,0.0,0.0,0.0,0.0,0.0,0.0,0.0,0.0,0.0,0.1,0.0,4.5556,4.0,3.1111,3.7778,4.8889,4.3333,4.2222,4.6667,4.7778,3.6667,4.2222,2.6667,3.8889,4.8889
495,496,stimulus_496,/pscratch/sd/s/sjmoon/EmoFM/videos/CowenEmotionVideos/0496.mp4,True,0.2,0.0,0.4,0.3,0.0,0.0,0.2,0.0,0.0,0.0,0.0,0.0,0.0,0.0,0.0,0.0,0.3,0.0,0.2,0.0,0.0,0.0,0.2,0.0,0.0,0.0,0.0,0.0,0.0,0.1,0.0,0.0,0.0,0.0,6.1111,4.8889,5.4444,6.2222,6.1111,5.0,4.8889,5.5556,3.3333,5.2222,5.1111,2.4444,6.4444,5.4444
496,497,stimulus_497,/pscratch/sd/s/sjmoon/EmoFM/videos/CowenEmotionVideos/0497.mp4,True,0.0,0.0,0.0,0.35,0.0,0.0,0.0,0.15,0.3,0.0,0.0,0.0,0.0,0.0,0.2,0.0,0.0,0.0,0.0,0.0,0.0,0.0,0.0,0.0,0.0,0.0,0.1,0.0,0.0,0.0,0.0,0.0,0.0,0.0,5.7778,6.0,4.7778,4.0,5.1111,4.7778,4.6667,5.4444,4.5556,5.4444,4.7778,3.8889,4.7778,4.8889
497,498,stimulus_498,/pscratch/sd/s/sjmoon/EmoFM/videos/CowenEmotionVideos/0498.mp4,True,0.1,0.0,0.0,0.45,0.0,0.1,0.0,0.0,0.1,0.0,0.15,0.0,0.0,0.0,0.0,0.0,0.0,0.0,0.2,0.0,0.0,0.0,0.0,0.0,0.0,0.0,0.0,0.0,0.0,0.1,0.0,0.1,0.0,0.3,5.4444,5.8889,5.0,6.1111,5.6667,5.0,4.7778,5.5556,2.2222,6.3333,5.6667,2.8889,4.8889,6.0
498,499,stimulus_499,/pscratch/sd/s/sjmoon/EmoFM/videos/CowenEmotionVideos/0499.mp4,True,0.0,0.0,0.5,0.0,0.0,0.0,0.0,0.0,0.2,0.3,0.0,0.0,0.0,0.0,0.0,0.0,0.6,0.0,0.0,0.0,0.0,0.0,0.0,0.0,0.0,0.0,0.0,0.0,0.0,0.0,0.0,0.0,0.0,0.0,5.8889,4.5556,4.7778,5.4444,5.5556,5.0,3.7778,5.6667,4.3333,5.2222,4.2222,3.0,5.4444,5.0
499,500,stimulus_500,/pscratch/sd/s/sjmoon/EmoFM/videos/CowenEmotionVideos/0500.mp4,True,0.0,0.0,0.1,0.0,0.0,0.4,0.4,0.0,0.0,0.0,0.0,0.0,0.0,0.0,0.0,0.0,0.0,0.0,0.2,0.4,0.0,0.0,0.55,0.0,0.0,0.0,0.0,0.0,0.0,0.0,0.0,0.1,0.0,0.0,6.7778,6.3333,4.0,3.6667,6.1111,5.5556,4.0,3.3333,4.1111,4.0,4.8889,3.0,3.6667,6.0
500,501,stimulus_501,/pscratch/sd/s/sjmoon/EmoFM/videos/CowenEmotionVideos/0501.mp4,True,0.0,0.0,0.0,0.0,0.0,0.1,0.0,0.1,0.1,0.0,0.0,0.0,0.1,0.0,0.0,0.0,0.0,0.0,0.2,0.0,0.0,0.0,0.1,0.0,0.0,0.0,0.0,0.0,0.0,0.1,0.9,0.1,0.0,0.0,7.0,5.3333,7.1111,6.5556,6.2222,6.1111,5.8889,6.2222,2.8889,6.2222,5.2222,3.0,5.6667,5.7778
501,502,stimulus_502,/pscratch/sd/s/sjmoon/EmoFM/videos/CowenEmotionVideos/0502.mp4,True,0.0,0.0,0.1,0.0,0.0,0.1,0.2,0.0,0.1,0.0,0.0,0.0,0.0,0.0,0.0,0.0,0.1,0.0,0.0,0.0,0.0,0.1,0.4,0.0,0.0,0.0,0.0,0.0,0.1,0.1,0.0,0.1,0.2,0.0,5.6667,5.8889,4.8889,4.0,6.0,5.3333,5.8889,5.2222,2.7778,5.0,4.2222,3.3333,4.1111,4.8889
502,503,stimulus_503,/pscratch/sd/s/sjmoon/EmoFM/videos/CowenEmotionVideos/0503.mp4,True,0.0,0.25,0.0,0.8,0.0,0.0,0.1,0.0,0.0,0.0,0.0,0.0,0.0,0.0,0.0,0.0,0.0,0.0,0.0,0.0,0.0,0.0,0.1,0.1,0.0,0.0,0.0,0.0,0.0,0.0,0.0,0.1,0.0,0.0,6.4444,5.1111,6.5556,5.1111,5.8889,5.6667,6.1111,5.2222,1.5556,4.8889,5.0,2.7778,6.0,6.4444
503,504,stimulus_504,/pscratch/sd/s/sjmoon/EmoFM/videos/CowenEmotionVideos/0504.mp4,True,0.0,0.0,0.0,0.1,0.0,0.45,0.1,0.0,0.0,0.0,0.0,0.0,0.0,0.0,0.0,0.0,0.0,0.0,0.1,0.7,0.0,0.1,0.0,0.0,0.0,0.0,0.0,0.0,0.0,0.0,0.0,0.1,0.0,0.0,6.4444,5.7778,3.8889,2.8889,6.2222,4.4444,4.8889,4.2222,4.3333,4.5556,3.3333,3.7778,3.0,4.6667
504,505,stimulus_505,/pscratch/sd/s/sjmoon/EmoFM/videos/CowenEmotionVideos/0505.mp4,True,0.0,0.0,0.0,0.4,0.0,0.0,0.0,0.1,0.1,0.0,0.7,0.0,0.0,0.0,0.1,0.0,0.0,0.0,0.0,0.0,0.0,0.0,0.1,0.0,0.0,0.0,0.1,0.0,0.05,0.0,0.0,0.1,0.0,0.0,5.4444,3.5556,4.2222,2.0,5.1111,4.4444,2.6667,2.2222,4.0,4.3333,2.1111,4.3333,2.8889,3.0
505,506,stimulus_506,/pscratch/sd/s/sjmoon/EmoFM/videos/CowenEmotionVideos/0506.mp4,True,0.2,0.0,0.0,0.1,0.0,0.0,0.25,0.0,0.0,0.0,0.0,0.0,0.0,0.0,0.0,0.0,0.0,0.1,0.1,0.0,0.0,0.0,0.0,0.2,0.0,0.1,0.0,0.0,0.0,0.3,0.0,0.0,0.0,0.35,6.4444,4.8889,6.3333,6.2222,6.0,6.4444,5.4444,6.8889,3.0,6.4444,5.3333,4.1111,6.6667,6.3333
506,507,stimulus_507,/pscratch/sd/s/sjmoon/EmoFM/videos/CowenEmotionVideos/0507.mp4,True,0.1,0.2,0.25,0.0,0.0,0.0,0.0,0.0,0.0,0.0,0.0,0.1,0.0,0.0,0.0,0.0,0.0,0.2,0.0,0.0,0.0,0.0,0.0,0.1,0.0,0.0,0.0,0.7,0.0,0.0,0.0,0.0,0.0,0.0,5.2222,4.8889,7.2222,5.8889,5.7778,6.3333,6.4444,7.2222,2.3333,6.6667,6.8889,3.4444,7.0,6.5556
507,508,stimulus_508,/pscratch/sd/s/sjmoon/EmoFM/videos/CowenEmotionVideos/0508.mp4,True,0.0,0.0,0.0,0.0,0.0,0.0,0.0,0.1,0.2,0.0,0.0,0.0,0.0,0.0,0.3,0.0,0.0,0.0,0.1,0.0,0.0,0.0,0.0,0.0,0.0,0.0,0.0,0.0,0.0,0.0,0.5,0.0,0.0,0.0,5.0,3.6667,4.5556,4.4444,5.2222,4.5556,3.8889,6.3333,3.7778,4.8889,4.2222,4.0,5.5556,4.7778
508,509,stimulus_509,/pscratch/sd/s/sjmoon/EmoFM/videos/CowenEmotionVideos/0509.mp4,True,0.0,0.0,0.0,0.0,0.0,0.2,0.15,0.0,0.0,0.0,0.0,0.0,0.0,0.0,0.0,0.0,0.0,0.0,0.0,0.35,0.0,0.05,0.1,0.0,0.0,0.0,0.1,0.0,0.0,0.0,0.0,0.75,0.0,0.0,6.3333,4.3333,5.3333,4.5556,5.7778,4.3333,5.4444,4.2222,3.3333,6.3333,5.8889,4.1111,2.8889,5.0
509,510,stimulus_510,/pscratch/sd/s/sjmoon/EmoFM/videos/CowenEmotionVideos/0510.mp4,True,0.0,0.0,0.0,0.0,0.0,0.1,0.0,0.1,0.0,0.0,0.9,0.0,0.0,0.0,0.0,0.0,0.0,0.0,0.0,0.1,0.0,0.15,0.25,0.0,0.0,0.0,0.0,0.0,0.0,0.0,0.0,0.0,0.0,0.0,5.0,4.5556,3.6667,3.4444,5.6667,4.0,4.8889,4.5556,5.0,4.6667,3.2222,3.4444,4.0,4.4444
510,511,stimulus_511,/pscratch/sd/s/sjmoon/EmoFM/videos/CowenEmotionVideos/0511.mp4,True,0.0,0.0,0.0,0.0,0.0,0.0,0.0,0.083333,0.083333,0.083333,0.0,0.083333,0.16667,0.0,0.0,0.0,0.0,0.0,0.083333,0.0,0.0,0.0,0.0,0.0,0.0,0.0,0.0,0.0,0.0,0.0,0.83333,0.083333,0.0,0.0,6.6667,4.6667,6.7778,7.2222,6.2222,6.5556,5.8889,7.2222,2.6667,6.5556,6.5556,3.6667,6.3333,6.8889
511,512,stimulus_512,/pscratch/sd/s/sjmoon/EmoFM/videos/CowenEmotionVideos/0512.mp4,True,0.0,0.0,0.0,0.16667,0.0,0.083333,0.0,0.25,0.083333,0.083333,0.58333,0.0,0.0,0.0,0.16667,0.0,0.0,0.0,0.0,0.16667,0.083333,0.083333,0.083333,0.0,0.0,0.0,0.0,0.0,0.083333,0.0,0.0,0.0,0.0,0.0,4.6667,4.0,1.7778,1.5556,4.7778,3.2222,1.2222,2.4444,4.8889,3.2222,1.7778,5.1111,2.5556,3.4444
512,513,stimulus_513,/pscratch/sd/s/sjmoon/EmoFM/videos/CowenEmotionVideos/0513.mp4,True,0.0,0.083333,0.0,0.0,0.25,0.25,0.083333,0.0,0.083333,0.0,0.083333,0.083333,0.0,0.16667,0.5,0.41667,0.0,0.0,0.0,0.16667,0.16667,0.16667,0.0,0.0,0.0,0.0,0.0,0.0,0.41667,0.0,0.0,0.0,0.33333,0.0,5.0,3.4444,2.6667,4.5556,4.7778,3.7778,5.7778,3.0,5.1111,2.0,3.4444,4.7778,2.7778,2.5556
513,514,stimulus_514,/pscratch/sd/s/sjmoon/EmoFM/videos/CowenEmotionVideos/0514.mp4,True,0.0,0.0,0.0,0.083333,0.0,0.083333,0.0,0.083333,0.0,0.0,0.25,0.0,0.0,0.0,0.58333,0.083333,0.0,0.0,0.0,0.5,0.0,0.33333,0.0,0.0,0.0,0.0,0.0,0.0,0.083333,0.0,0.0,0.25,0.083333,0.0,5.1111,3.2222,1.6667,1.5556,4.2222,4.1111,1.8889,1.8889,6.0,3.0,2.2222,4.5556,2.5556,2.0
514,515,stimulus_515,/pscratch/sd/s/sjmoon/EmoFM/videos/CowenEmotionVideos/0515.mp4,True,0.16667,0.083333,0.58333,0.083333,0.0,0.0,0.33333,0.0,0.0,0.33333,0.0,0.0,0.0,0.0,0.0,0.0,0.0,0.0,0.0,0.083333,0.0,0.0,0.25,0.0,0.16667,0.0,0.0,0.0,0.083333,0.0,0.0,0.0,0.0,0.0,5.4444,4.5556,7.5556,5.8889,5.6667,5.6667,4.5556,6.7778,1.5556,5.4444,4.4444,3.3333,6.2222,6.3333
515,516,stimulus_516,/pscratch/sd/s/sjmoon/EmoFM/videos/CowenEmotionVideos/0516.mp4,True,0.0,0.0,0.33333,0.083333,0.0,0.083333,0.0,0.0,0.16667,0.16667,0.16667,0.0,0.0,0.0,0.0,0.0,0.33333,0.0,0.0,0.0,0.0,0.0,0.083333,0.0,0.0,0.0,0.0,0.0,0.0,0.0,0.0,0.083333,0.0,0.0,7.0,4.6667,6.7778,5.2222,5.7778,5.2222,4.5556,5.8889,3.4444,6.4444,4.3333,3.5556,6.1111,6.3333
516,517,stimulus_517,/pscratch/sd/s/sjmoon/EmoFM/videos/CowenEmotionVideos/0517.mp4,True,0.0,0.0,0.0,0.083333,0.0,0.5,0.0,0.083333,0.083333,0.0,0.083333,0.083333,0.0,0.0,0.0,0.0,0.0,0.083333,0.16667,0.66667,0.0,0.16667,0.083333,0.0,0.0,0.0,0.0,0.0,0.0,0.0,0.0,0.0,0.0,0.0,7.0,4.3333,4.0,3.1111,7.4444,4.1111,3.8889,4.8889,4.2222,5.0,3.8889,4.2222,2.4444,4.5556
517,518,stimulus_518,/pscratch/sd/s/sjmoon/EmoFM/videos/CowenEmotionVideos/0518.mp4,True,0.083333,0.5,0.083333,0.5,0.0,0.0,0.25,0.0,0.083333,0.16667,0.0,0.0,0.0,0.0,0.083333,0.0,0.0,0.0,0.0,0.0,0.0,0.0,0.083333,0.33333,0.0,0.083333,0.0,0.0,0.0,0.083333,0.0,0.083333,0.0,0.0,5.0,4.8889,7.2222,6.4444,6.3333,5.8889,6.7778,7.1111,1.8889,6.5556,6.6667,2.3333,7.0,6.4444
518,519,stimulus_519,/pscratch/sd/s/sjmoon/EmoFM/videos/CowenEmotionVideos/0519.mp4,True,0.16667,0.083333,0.58333,0.083333,0.0,0.0,0.33333,0.0,0.0,0.41667,0.0,0.0,0.0,0.0,0.0,0.0,0.083333,0.0,0.0,0.0,0.0,0.0,0.33333,0.083333,0.16667,0.0,0.083333,0.0,0.0,0.0,0.0,0.0,0.0,0.0,4.5556,4.8889,8.1111,7.1111,6.0,6.1111,5.0,7.8889,1.3333,6.2222,3.8889,2.2222,6.6667,5.4444
519,520,stimulus_520,/pscratch/sd/s/sjmoon/EmoFM/videos/CowenEmotionVideos/0520.mp4,True,0.25,0.083333,0.083333,0.16667,0.0,0.0,0.083333,0.0,0.16667,0.0,0.0,0.0,0.16667,0.0,0.0,0.0,0.16667,0.0,0.16667,0.0,0.0,0.0,0.083333,0.0,0.0,0.0,0.0,0.083333,0.0,0.0,0.83333,0.083333,0.0,0.0,5.4444,5.5556,6.2222,6.1111,5.8889,5.2222,4.2222,7.2222,1.8889,5.3333,5.7778,2.5556,5.1111,5.3333
520,521,stimulus_521,/pscratch/sd/s/sjmoon/EmoFM/videos/CowenEmotionVideos/0521.mp4,True,0.083333,0.5,0.0,0.58333,0.0,0.0,0.33333,0.0,0.083333,0.0,0.0,0.0,0.0,0.0,0.0,0.0,0.0,0.0,0.0,0.0,0.0,0.0,0.0,0.16667,0.0,0.0,0.0,0.0,0.0,0.0,0.0,0.16667,0.0,0.0,5.4444,5.2222,7.2222,7.2222,5.4444,6.0,6.2222,7.6667,1.3333,6.3333,5.5556,2.8889,6.2222,5.2222
521,522,stimulus_522,/pscratch/sd/s/sjmoon/EmoFM/videos/CowenEmotionVideos/0522.mp4,True,0.0,0.083333,0.0,0.083333,0.0,0.16667,0.0,0.083333,0.083333,0.0,0.083333,0.0,0.0,0.083333,0.16667,0.5,0.0,0.0,0.083333,0.083333,0.083333,0.16667,0.0,0.0,0.0,0.0,0.0,0.0,0.25,0.0,0.0,0.083333,0.41667,0.0,6.4444,4.4444,2.2222,2.2222,5.5556,4.5556,5.0,2.6667,5.8889,2.7778,5.0,4.1111,3.0,2.1111
522,523,stimulus_523,/pscratch/sd/s/sjmoon/EmoFM/videos/CowenEmotionVideos/0523.mp4,True,0.083333,0.0,0.0,0.33333,0.16667,0.083333,0.0,0.0,0.16667,0.0,0.0,0.25,0.0,0.16667,0.25,0.0,0.0,0.0,0.0,0.083333,0.0,0.0,0.0,0.0,0.083333,0.0,0.0,0.0,0.0,0.0,0.0,0.0,0.0,0.0,4.2222,4.6667,4.2222,3.7778,5.3333,5.3333,4.8889,5.6667,3.2222,4.2222,5.8889,3.5556,4.7778,4.3333
523,524,stimulus_524,/pscratch/sd/s/sjmoon/EmoFM/videos/CowenEmotionVideos/0524.mp4,True,0.0,0.0,0.0,0.16667,0.083333,0.16667,0.0,0.0,0.0,0.0,0.0,0.0,0.0,0.083333,0.0,0.33333,0.0,0.0,0.0,0.41667,0.083333,0.41667,0.0,0.0,0.0,0.0,0.0,0.0,0.16667,0.0,0.0,0.16667,0.33333,0.0,6.8889,4.2222,1.3333,1.2222,7.1111,4.0,4.8889,1.5556,5.8889,2.7778,4.1111,4.0,1.7778,1.5556
524,525,stimulus_525,/pscratch/sd/s/sjmoon/EmoFM/videos/CowenEmotionVideos/0525.mp4,True,0.083333,0.5,0.0,0.41667,0.0,0.0,0.41667,0.0,0.083333,0.0,0.083333,0.0,0.0,0.0,0.0,0.0,0.0,0.0,0.083333,0.0,0.0,0.0,0.083333,0.0,0.0,0.0,0.0,0.0,0.0,0.0,0.0,0.0,0.083333,0.0,5.6667,5.4444,6.4444,6.0,6.0,6.3333,6.6667,7.1111,1.6667,6.3333,4.1111,3.0,6.1111,6.2222
525,526,stimulus_526,/pscratch/sd/s/sjmoon/EmoFM/videos/CowenEmotionVideos/0526.mp4,True,0.0,0.0,0.083333,0.0,0.0,0.0,0.0,0.083333,0.083333,0.0,0.0,0.0,0.083333,0.0,0.083333,0.0,0.0,0.0,0.16667,0.0,0.0,0.0,0.16667,0.0,0.0,0.0,0.0,0.083333,0.0,0.0,0.83333,0.083333,0.0,0.0,6.2222,5.5556,6.3333,6.0,6.3333,5.7778,5.7778,7.7778,2.1111,5.6667,5.8889,3.2222,5.7778,6.1111
526,527,stimulus_527,/pscratch/sd/s/sjmoon/EmoFM/videos/CowenEmotionVideos/0527.mp4,True,0.083333,0.0,0.0,0.083333,0.0,0.0,0.0,0.0,0.25,0.25,0.0,0.16667,0.083333,0.0,0.0,0.0,0.0,0.0,0.083333,0.0,0.0,0.0,0.083333,0.0,0.25,0.0,0.083333,0.16667,0.0,0.083333,0.0,0.0,0.0,0.0,4.8889,5.0,6.5556,6.8889,5.2222,4.8889,5.5556,6.7778,1.6667,6.0,6.3333,2.8889,5.5556,5.4444
527,528,stimulus_528,/pscratch/sd/s/sjmoon/EmoFM/videos/CowenEmotionVideos/0528.mp4,True,0.083333,0.5,0.0,0.0,0.0,0.0,0.33333,0.0,0.083333,0.083333,0.25,0.0,0.0,0.0,0.0,0.0,0.0,0.0,0.083333,0.0,0.0,0.0,0.083333,0.16667,0.0,0.0,0.0,0.0,0.0,0.0,0.0,0.083333,0.0,0.0,4.2222,4.2222,6.7778,6.7778,5.8889,6.1111,6.8889,7.5556,1.3333,6.6667,6.5556,2.0,6.4444,6.1111
528,529,stimulus_529,/pscratch/sd/s/sjmoon/EmoFM/videos/CowenEmotionVideos/0529.mp4,True,0.0,0.0,0.0,0.0,0.083333,0.083333,0.0,0.16667,0.083333,0.0,0.41667,0.083333,0.0,0.16667,0.75,0.0,0.0,0.0,0.0,0.083333,0.083333,0.083333,0.0,0.0,0.0,0.0,0.0,0.0,0.0,0.0,0.0,0.0,0.083333,0.0,5.1111,3.5556,1.2222,1.0,5.3333,3.3333,4.0,3.6667,3.6667,2.7778,2.8889,3.4444,3.5556,2.4444
529,530,stimulus_530,/pscratch/sd/s/sjmoon/EmoFM/videos/CowenEmotionVideos/0530.mp4,True,0.16667,0.16667,0.66667,0.083333,0.0,0.0,0.16667,0.0,0.083333,0.58333,0.0,0.0,0.083333,0.0,0.0,0.0,0.16667,0.0,0.0,0.0,0.0,0.0,0.25,0.083333,0.083333,0.0,0.16667,0.16667,0.0,0.16667,0.0,0.0,0.0,0.0,6.0,4.8889,8.6667,8.4444,7.7778,7.6667,4.2222,8.7778,1.6667,7.7778,4.5556,2.4444,8.2222,7.0
530,531,stimulus_531,/pscratch/sd/s/sjmoon/EmoFM/videos/CowenEmotionVideos/0531.mp4,True,0.083333,0.0,0.16667,0.0,0.0,0.0,0.0,0.0,0.083333,0.083333,0.16667,0.0,0.75,0.0,0.083333,0.0,0.0,0.0,0.0,0.0,0.0,0.0,0.33333,0.16667,0.083333,0.0,0.0,0.0,0.0,0.16667,0.0,0.0,0.0,0.0,6.1111,4.6667,7.1111,7.3333,6.8889,6.6667,3.6667,8.6667,1.5556,7.0,4.5556,1.8889,6.7778,6.4444
531,532,stimulus_532,/pscratch/sd/s/sjmoon/EmoFM/videos/CowenEmotionVideos/0532.mp4,True,0.0,0.0,0.0,0.0,0.083333,0.16667,0.0,0.0,0.0,0.0,0.083333,0.0,0.0,0.083333,0.16667,0.25,0.083333,0.0,0.0,0.5,0.16667,0.33333,0.0,0.0,0.0,0.0,0.0,0.0,0.083333,0.0,0.0,0.33333,0.083333,0.0,5.0,3.4444,2.1111,1.0,6.2222,2.8889,3.5556,1.4444,4.5556,2.3333,2.6667,5.2222,1.4444,1.6667
532,533,stimulus_533,/pscratch/sd/s/sjmoon/EmoFM/videos/CowenEmotionVideos/0533.mp4,True,0.083333,0.0,0.083333,0.0,0.0,0.083333,0.0,0.0,0.25,0.083333,0.0,0.083333,0.0,0.0,0.0,0.0,0.41667,0.0,0.0,0.083333,0.0,0.0,0.25,0.0,0.083333,0.0,0.0,0.083333,0.0,0.0,0.0,0.083333,0.0,0.0,6.7778,5.1111,5.5556,4.7778,5.7778,4.0,3.0,5.2222,3.4444,5.7778,3.3333,2.5556,4.7778,6.1111
533,534,stimulus_534,/pscratch/sd/s/sjmoon/EmoFM/videos/CowenEmotionVideos/0534.mp4,True,0.33333,0.33333,0.0,0.41667,0.0,0.083333,0.25,0.0,0.083333,0.0,0.0,0.083333,0.0,0.0,0.0,0.0,0.0,0.0,0.25,0.0,0.0,0.0,0.0,0.33333,0.0,0.083333,0.16667,0.0,0.0,0.083333,0.0,0.33333,0.0,0.0,6.5556,5.5556,8.0,7.4444,6.6667,7.5556,7.1111,7.3333,2.6667,6.7778,6.1111,2.0,7.2222,7.3333
534,535,stimulus_535,/pscratch/sd/s/sjmoon/EmoFM/videos/CowenEmotionVideos/0535.mp4,True,0.083333,0.16667,0.75,0.083333,0.0,0.0,0.16667,0.0,0.0,0.33333,0.0,0.0,0.0,0.0,0.0,0.0,0.25,0.0,0.083333,0.0,0.0,0.0,0.25,0.0,0.0,0.0,0.0,0.0,0.0,0.0,0.0,0.0,0.0,0.0,5.4444,5.0,7.4444,7.5556,6.6667,7.0,4.3333,7.5556,1.5556,7.1111,4.3333,3.3333,6.6667,6.6667
535,536,stimulus_536,/pscratch/sd/s/sjmoon/EmoFM/videos/CowenEmotionVideos/0536.mp4,True,0.0,0.0,0.0,0.0,0.16667,0.25,0.0,0.0,0.0,0.0,0.083333,0.0,0.0,0.083333,0.083333,0.083333,0.0,0.0,0.0,0.16667,0.0,0.083333,0.0,0.0,0.0,0.0,0.5,0.0,0.0,0.0,0.0,0.16667,0.0,0.0,6.6667,4.2222,2.7778,2.7778,6.8889,3.2222,4.3333,3.0,3.6667,5.3333,4.0,4.2222,2.7778,7.7778
536,537,stimulus_537,/pscratch/sd/s/sjmoon/EmoFM/videos/CowenEmotionVideos/0537.mp4,True,0.083333,0.0,0.25,0.083333,0.0,0.0,0.083333,0.0,0.41667,0.0,0.0,0.0,0.0,0.0,0.0,0.0,0.083333,0.0,0.083333,0.0,0.0,0.0,0.25,0.0,0.0,0.0,0.0,0.0,0.0,0.083333,0.0,0.083333,0.0,0.0,6.0,4.8889,6.1111,5.8889,5.6667,5.0,3.3333,7.6667,2.3333,6.4444,3.4444,2.5556,6.3333,5.4444
537,538,stimulus_538,/pscratch/sd/s/sjmoon/EmoFM/videos/CowenEmotionVideos/0538.mp4,True,0.083333,0.33333,0.083333,0.16667,0.0,0.25,0.41667,0.0,0.083333,0.0,0.0,0.0,0.0,0.0,0.083333,0.25,0.0,0.0,0.0,0.16667,0.0,0.0,0.083333,0.16667,0.0,0.0,0.33333,0.0,0.33333,0.083333,0.0,0.083333,0.25,0.16667,6.1111,5.0,6.0,7.1111,7.0,4.8889,6.3333,6.5556,2.3333,5.6667,4.7778,2.1111,6.2222,7.5556
538,539,stimulus_539,/pscratch/sd/s/sjmoon/EmoFM/videos/CowenEmotionVideos/0539.mp4,True,0.0,0.0,0.0,0.0,0.0,0.0,0.0,0.0,0.083333,0.083333,0.0,0.0,0.16667,0.0,0.0,0.0,0.0,0.0,0.16667,0.0,0.0,0.0,0.083333,0.0,0.083333,0.0,0.0,0.41667,0.0,0.0,0.83333,0.0,0.0,0.0,7.7778,6.0,7.8889,7.5556,7.1111,7.7778,7.3333,8.6667,2.0,8.1111,5.7778,2.0,7.7778,7.1111
539,540,stimulus_540,/pscratch/sd/s/sjmoon/EmoFM/videos/CowenEmotionVideos/0540.mp4,True,0.083333,0.0,0.0,0.16667,0.0,0.0,0.083333,0.0,0.25,0.0,0.0,0.16667,0.0,0.0,0.0,0.0,0.0,0.0,0.5,0.083333,0.0,0.0,0.16667,0.0,0.083333,0.0,0.0,0.0,0.0,0.25,0.0,0.0,0.0,0.0,6.8889,6.3333,7.4444,6.8889,6.7778,7.8889,6.0,8.4444,2.4444,7.2222,5.8889,1.6667,6.8889,6.6667
540,541,stimulus_541,/pscratch/sd/s/sjmoon/EmoFM/videos/CowenEmotionVideos/0541.mp4,True,0.076923,0.0,0.53846,0.0,0.0,0.0,0.15385,0.0,0.0,0.076923,0.076923,0.0,0.0,0.0,0.0,0.0,0.38462,0.0,0.0,0.0,0.0,0.0,0.23077,0.0,0.0,0.0,0.0,0.0,0.0,0.11538,0.0,0.0,0.0,0.0,5.6667,4.1111,6.0,5.6667,6.6667,5.1111,3.4444,7.2222,3.1111,5.0,3.4444,2.5556,4.8889,6.1111
541,542,stimulus_542,/pscratch/sd/s/sjmoon/EmoFM/videos/CowenEmotionVideos/0542.mp4,True,0.076923,0.0,0.076923,0.0,0.0,0.0,0.0,0.076923,0.076923,0.0,0.0,0.076923,0.46154,0.0,0.15385,0.0,0.0,0.076923,0.15385,0.0,0.0,0.0,0.15385,0.0,0.076923,0.0,0.0,0.0,0.0,0.0,0.0,0.0,0.0,0.0,5.1111,4.8889,6.3333,6.6667,5.8889,6.3333,4.5556,7.5556,2.3333,6.2222,4.1111,2.8889,6.1111,6.0
542,543,stimulus_543,/pscratch/sd/s/sjmoon/EmoFM/videos/CowenEmotionVideos/0543.mp4,True,0.076923,0.076923,0.0,0.38462,0.0,0.0,0.076923,0.076923,0.076923,0.076923,0.076923,0.076923,0.0,0.0,0.0,0.076923,0.0,0.0,0.076923,0.0,0.0,0.076923,0.11538,0.30769,0.0,0.0,0.0,0.46154,0.0,0.15385,0.0,0.076923,0.0,0.076923,5.2222,5.6667,7.3333,6.7778,6.0,6.1111,5.8889,7.6667,2.4444,6.4444,6.1111,3.1111,6.7778,7.1111
543,544,stimulus_544,/pscratch/sd/s/sjmoon/EmoFM/videos/CowenEmotionVideos/0544.mp4,True,0.0,0.15385,0.0,0.46154,0.0,0.076923,0.076923,0.0,0.076923,0.0,0.0,0.076923,0.0,0.0,0.0,0.0,0.0,0.0,0.15385,0.076923,0.0,0.0,0.0,0.38462,0.076923,0.0,0.0,0.11538,0.0,0.15385,0.0,0.15385,0.0,0.0,5.8889,5.6667,5.1111,5.0,6.1111,5.1111,5.0,4.3333,3.6667,5.3333,4.6667,4.1111,4.1111,4.5556
544,545,stimulus_545,/pscratch/sd/s/sjmoon/EmoFM/videos/CowenEmotionVideos/0545.mp4,True,0.076923,0.30769,0.0,0.46154,0.0,0.0,0.0,0.15385,0.15385,0.076923,0.076923,0.0,0.0,0.0,0.076923,0.0,0.0,0.0,0.0,0.0,0.0,0.0,0.076923,0.15385,0.0,0.0,0.0,0.0,0.0,0.0,0.0,0.0,0.0,0.0,5.4444,5.5556,6.1111,6.8889,5.7778,5.5556,6.1111,7.3333,2.4444,6.2222,6.2222,2.5556,6.8889,6.7778
545,546,stimulus_546,/pscratch/sd/s/sjmoon/EmoFM/videos/CowenEmotionVideos/0546.mp4,True,0.23077,0.0,0.11538,0.15385,0.0,0.0,0.5,0.0,0.0,0.076923,0.0,0.0,0.076923,0.0,0.0,0.0,0.076923,0.0,0.34615,0.076923,0.0,0.0,0.11538,0.076923,0.0,0.076923,0.0,0.0,0.0,0.23077,0.0,0.0,0.0,0.0,7.0,6.2222,6.6667,5.0,7.3333,6.4444,5.0,6.8889,3.3333,5.7778,4.2222,4.7778,4.4444,5.8889
546,547,stimulus_547,/pscratch/sd/s/sjmoon/EmoFM/videos/CowenEmotionVideos/0547.mp4,True,0.076923,0.0,0.38462,0.0,0.0,0.0,0.076923,0.15385,0.0,0.0,0.30769,0.076923,0.0,0.0,0.076923,0.0,0.30769,0.0,0.0,0.0,0.0,0.0,0.23077,0.0,0.0,0.0,0.0,0.0,0.0,0.0,0.0,0.0,0.0,0.0,5.4444,4.0,3.1111,2.5556,4.7778,3.8889,3.3333,3.6667,5.7778,5.1111,2.3333,5.8889,3.8889,3.7778
547,548,stimulus_548,/pscratch/sd/s/sjmoon/EmoFM/videos/CowenEmotionVideos/0548.mp4,True,0.0,0.0,0.0,0.0,0.076923,0.46154,0.0,0.0,0.0,0.0,0.076923,0.076923,0.0,0.0,0.0,0.0,0.0,0.0,0.076923,0.53846,0.0,0.15385,0.076923,0.0,0.0,0.0,0.0,0.0,0.076923,0.0,0.0,0.0,0.076923,0.0,5.5556,5.1111,2.7778,1.4444,6.7778,3.6667,3.2222,2.5556,5.5556,4.5556,2.4444,3.0,1.2222,4.8889
548,549,stimulus_549,/pscratch/sd/s/sjmoon/EmoFM/videos/CowenEmotionVideos/0549.mp4,True,0.076923,0.0,0.076923,0.23077,0.0,0.0,0.15385,0.076923,0.076923,0.15385,0.076923,0.0,0.0,0.0,0.0,0.0,0.076923,0.076923,0.15385,0.0,0.0,0.0,0.15385,0.076923,0.0,0.0,0.0,0.0,0.0,0.15385,0.0,0.076923,0.0,0.076923,5.3333,4.3333,6.2222,6.4444,6.5556,6.1111,4.6667,7.2222,1.7778,5.8889,5.3333,3.1111,6.2222,6.3333
549,550,stimulus_550,/pscratch/sd/s/sjmoon/EmoFM/videos/CowenEmotionVideos/0550.mp4,True,0.11538,0.0,0.038462,0.30769,0.0,0.19231,0.11538,0.0,0.0,0.0,0.0,0.0,0.0,0.0,0.0,0.0,0.0,0.076923,0.46154,0.23077,0.0,0.0,0.076923,0.0,0.0,0.0,0.0,0.0,0.0,0.15385,0.0,0.0,0.0,0.0,7.8889,7.0,6.1111,5.3333,7.2222,5.5556,5.7778,4.7778,3.5556,6.2222,5.4444,4.1111,3.5556,6.7778
550,551,stimulus_551,/pscratch/sd/s/sjmoon/EmoFM/videos/CowenEmotionVideos/0551.mp4,True,0.0,0.0,0.0,0.0,0.0,0.0,0.0,0.0,0.076923,0.076923,0.0,0.0,0.0,0.0,0.92308,0.0,0.0,0.0,0.076923,0.0,0.0,0.30769,0.0,0.0,0.0,0.0,0.0,0.0,0.0,0.076923,0.0,0.0,0.0,0.0,3.6667,4.2222,1.4444,1.6667,4.8889,4.4444,1.6667,2.8889,6.8889,3.3333,1.6667,3.1111,3.3333,3.0
551,552,stimulus_552,/pscratch/sd/s/sjmoon/EmoFM/videos/CowenEmotionVideos/0552.mp4,True,0.076923,0.0,0.0,0.0,0.0,0.076923,0.11538,0.076923,0.30769,0.0,0.0,0.0,0.0,0.0,0.23077,0.0,0.0,0.076923,0.11538,0.0,0.0,0.0,0.0,0.076923,0.0,0.0,0.0,0.0,0.0,0.0,0.38462,0.0,0.0,0.0,4.5556,5.0,4.1111,3.8889,4.6667,5.3333,4.6667,6.4444,3.6667,5.7778,4.0,3.1111,5.1111,5.4444
552,553,stimulus_553,/pscratch/sd/s/sjmoon/EmoFM/videos/CowenEmotionVideos/0553.mp4,True,0.076923,0.0,0.26923,0.0,0.0,0.0,0.5,0.0,0.0,0.46154,0.0,0.076923,0.076923,0.0,0.0,0.0,0.0,0.0,0.11538,0.0,0.0,0.0,0.11538,0.15385,0.076923,0.076923,0.0,0.0,0.0,0.15385,0.0,0.0,0.0,0.0,6.2222,5.1111,6.7778,6.7778,5.7778,5.0,5.3333,6.8889,1.8889,5.4444,4.2222,3.7778,5.0,6.5556
553,554,stimulus_554,/pscratch/sd/s/sjmoon/EmoFM/videos/CowenEmotionVideos/0554.mp4,True,0.0,0.0,0.0,0.0,0.15385,0.15385,0.0,0.0,0.0,0.0,0.15385,0.15385,0.0,0.076923,0.15385,0.23077,0.0,0.0,0.15385,0.30769,0.0,0.26923,0.0,0.0,0.0,0.0,0.23077,0.0,0.19231,0.0,0.0,0.15385,0.15385,0.0,5.1111,3.3333,2.3333,1.8889,6.3333,5.0,5.4444,2.0,3.8889,2.4444,4.3333,4.0,2.1111,3.6667
554,555,stimulus_555,/pscratch/sd/s/sjmoon/EmoFM/videos/CowenEmotionVideos/0555.mp4,True,0.0,0.076923,0.46154,0.076923,0.0,0.0,0.076923,0.0,0.23077,0.15385,0.076923,0.0,0.0,0.0,0.0,0.0,0.30769,0.0,0.0,0.0,0.0,0.0,0.0,0.0,0.0,0.0,0.0,0.0,0.0,0.11538,0.0,0.0,0.0,0.0,6.6667,4.5556,6.7778,5.3333,6.3333,6.0,4.4444,7.2222,3.1111,5.8889,3.5556,3.6667,6.2222,5.6667
555,556,stimulus_556,/pscratch/sd/s/sjmoon/EmoFM/videos/CowenEmotionVideos/0556.mp4,True,0.0,0.0,0.076923,0.076923,0.0,0.0,0.0,0.15385,0.0,0.0,0.076923,0.0,0.0,0.0,0.076923,0.0,0.0,0.0,0.076923,0.0,0.0,0.0,0.15385,0.0,0.0,0.0,0.0,0.038462,0.0,0.0,1.0,0.0,0.0,0.0,5.1111,5.6667,5.4444,5.4444,5.8889,6.3333,4.8889,6.1111,3.5556,5.7778,5.1111,4.5556,6.0,6.3333
556,557,stimulus_557,/pscratch/sd/s/sjmoon/EmoFM/videos/CowenEmotionVideos/0557.mp4,True,0.0,0.076923,0.15385,0.15385,0.0,0.15385,0.15385,0.0,0.0,0.0,0.076923,0.0,0.0,0.0,0.23077,0.0,0.15385,0.0,0.0,0.23077,0.0,0.15385,0.23077,0.0,0.0,0.0,0.0,0.0,0.0,0.076923,0.0,0.23077,0.0,0.0,5.4444,4.1111,4.8889,2.2222,6.5556,5.1111,4.2222,5.4444,3.5556,4.5556,4.1111,3.5556,4.1111,4.7778
557,558,stimulus_558,/pscratch/sd/s/sjmoon/EmoFM/videos/CowenEmotionVideos/0558.mp4,True,0.0,0.0,0.0,0.0,0.076923,0.42308,0.0,0.0,0.0,0.0,0.076923,0.0,0.0,0.076923,0.076923,0.0,0.0,0.0,0.076923,0.53846,0.0,0.30769,0.076923,0.0,0.0,0.0,0.0,0.0,0.23077,0.076923,0.0,0.076923,0.0,0.0,6.4444,3.8889,3.1111,1.6667,7.3333,4.5556,4.3333,2.2222,4.0,2.8889,2.5556,4.5556,2.1111,4.2222
558,559,stimulus_559,/pscratch/sd/s/sjmoon/EmoFM/videos/CowenEmotionVideos/0559.mp4,True,0.0,0.0,0.0,0.38462,0.0,0.076923,0.0,0.038462,0.15385,0.0,0.23077,0.0,0.0,0.0,0.0,0.0,0.0,0.0,0.076923,0.0,0.0,0.0,0.076923,0.19231,0.0,0.0,0.0,0.0,0.0,0.076923,0.0,0.38462,0.0,0.0,5.7778,4.4444,5.5556,3.2222,5.5556,4.6667,4.8889,5.4444,2.8889,5.1111,4.0,4.2222,4.4444,6.0
559,560,stimulus_560,/pscratch/sd/s/sjmoon/EmoFM/videos/CowenEmotionVideos/0560.mp4,True,0.076923,0.076923,0.0,0.0,0.0,0.0,0.076923,0.0,0.076923,0.076923,0.0,0.0,0.076923,0.0,0.0,0.0,0.0,0.076923,0.076923,0.0,0.0,0.0,0.076923,0.0,0.0,0.0,0.0,0.76923,0.076923,0.15385,0.34615,0.0,0.0,0.076923,6.3333,5.0,7.8889,6.6667,6.3333,6.4444,6.2222,7.5556,1.6667,6.8889,6.7778,3.5556,7.5556,6.7778
560,561,stimulus_561,/pscratch/sd/s/sjmoon/EmoFM/videos/CowenEmotionVideos/0561.mp4,True,0.076923,0.0,0.15385,0.0,0.0,0.0,0.076923,0.076923,0.0,0.076923,0.0,0.0,0.46154,0.0,0.076923,0.0,0.0,0.076923,0.076923,0.0,0.0,0.0,0.23077,0.076923,0.0,0.0,0.0,0.0,0.0,0.11538,0.0,0.0,0.0,0.0,6.3333,5.7778,7.1111,7.0,6.6667,5.8889,5.5556,8.3333,1.4444,6.4444,5.3333,3.3333,6.4444,5.8889
561,562,stimulus_562,/pscratch/sd/s/sjmoon/EmoFM/videos/CowenEmotionVideos/0562.mp4,True,0.076923,0.076923,0.0,0.076923,0.0,0.0,0.0,0.076923,0.0,0.0,0.076923,0.0,0.076923,0.0,0.0,0.0,0.076923,0.0,0.076923,0.0,0.0,0.0,0.076923,0.076923,0.076923,0.0,0.0,0.61538,0.0,0.15385,0.69231,0.11538,0.0,0.0,5.5556,5.4444,6.0,4.7778,5.6667,5.7778,5.2222,7.3333,2.3333,6.3333,4.8889,4.5556,6.3333,6.7778
562,563,stimulus_563,/pscratch/sd/s/sjmoon/EmoFM/videos/CowenEmotionVideos/0563.mp4,True,0.076923,0.0,0.30769,0.0,0.076923,0.0,0.15385,0.0,0.076923,0.0,0.0,0.076923,0.0,0.076923,0.23077,0.0,0.0,0.0,0.0,0.38462,0.0,0.076923,0.0,0.0,0.0,0.0,0.0,0.0,0.11538,0.076923,0.0,0.0,0.076923,0.23077,5.1111,3.8889,3.5556,3.0,6.5556,4.8889,5.1111,4.6667,2.6667,4.3333,4.8889,4.0,3.3333,4.6667
563,564,stimulus_564,/pscratch/sd/s/sjmoon/EmoFM/videos/CowenEmotionVideos/0564.mp4,True,0.0,0.0,0.0,0.0,0.0,0.30769,0.0,0.0,0.0,0.0,0.0,0.0,0.0,0.0,0.38462,0.0,0.0,0.0,0.0,0.69231,0.0,0.38462,0.0,0.0,0.0,0.0,0.0,0.0,0.0,0.0,0.0,0.15385,0.0,0.0,4.3333,3.6667,2.6667,2.0,7.1111,4.4444,2.4444,4.2222,4.8889,3.3333,4.3333,4.6667,2.3333,3.5556
564,565,stimulus_565,/pscratch/sd/s/sjmoon/EmoFM/videos/CowenEmotionVideos/0565.mp4,True,0.0,0.0,0.0,0.0,0.11538,0.19231,0.0,0.0,0.0,0.0,0.076923,0.076923,0.0,0.15385,0.38462,0.076923,0.0,0.0,0.076923,0.38462,0.0,0.69231,0.0,0.0,0.0,0.0,0.0,0.0,0.26923,0.0,0.0,0.076923,0.0,0.0,5.6667,3.6667,1.1111,1.3333,4.5556,2.3333,4.5556,3.0,7.8889,2.4444,4.0,4.4444,1.5556,1.2222
565,566,stimulus_566,/pscratch/sd/s/sjmoon/EmoFM/videos/CowenEmotionVideos/0566.mp4,True,0.0,0.0,0.0,0.0,0.0,0.0,0.0,0.076923,0.0,0.076923,0.15385,0.0,0.0,0.0,0.69231,0.076923,0.0,0.0,0.0,0.076923,0.0,0.15385,0.0,0.0,0.0,0.0,0.0,0.0,0.076923,0.076923,0.0,0.076923,0.0,0.0,6.1111,5.3333,2.3333,2.2222,5.0,4.6667,2.8889,6.4444,6.8889,5.4444,3.4444,4.7778,4.8889,4.4444
566,567,stimulus_567,/pscratch/sd/s/sjmoon/EmoFM/videos/CowenEmotionVideos/0567.mp4,True,0.0,0.076923,0.0,0.0,0.0,0.0,0.076923,0.076923,0.0,0.0,0.0,0.0,0.076923,0.0,0.0,0.0,0.076923,0.0,0.076923,0.0,0.0,0.0,0.076923,0.0,0.0,0.0,0.0,0.61538,0.0,0.076923,0.76923,0.0,0.0,0.0,6.7778,5.6667,6.1111,5.0,5.4444,6.1111,4.8889,6.6667,2.7778,6.1111,6.6667,3.6667,5.8889,6.4444
567,568,stimulus_568,/pscratch/sd/s/sjmoon/EmoFM/videos/CowenEmotionVideos/0568.mp4,True,0.0,0.0,0.076923,0.076923,0.0,0.38462,0.15385,0.0,0.0,0.0,0.076923,0.076923,0.0,0.0,0.076923,0.0,0.0,0.0,0.15385,0.46154,0.0,0.30769,0.076923,0.0,0.076923,0.0,0.23077,0.0,0.0,0.0,0.0,0.076923,0.0,0.0,6.7778,4.2222,3.7778,2.5556,6.7778,2.8889,6.1111,3.4444,3.3333,5.8889,4.8889,4.3333,2.5556,5.7778
568,569,stimulus_569,/pscratch/sd/s/sjmoon/EmoFM/videos/CowenEmotionVideos/0569.mp4,True,0.26923,0.0,0.34615,0.15385,0.0,0.0,0.34615,0.0,0.15385,0.0,0.0,0.076923,0.0,0.0,0.0,0.0,0.15385,0.076923,0.0,0.0,0.0,0.0,0.11538,0.076923,0.0,0.0,0.0,0.0,0.0,0.30769,0.0,0.0,0.0,0.0,4.8889,5.1111,5.5556,5.6667,6.0,5.7778,5.0,7.5556,2.0,6.3333,4.2222,6.0,6.4444,5.7778
569,570,stimulus_570,/pscratch/sd/s/sjmoon/EmoFM/videos/CowenEmotionVideos/0570.mp4,True,0.30769,0.15385,0.0,0.076923,0.0,0.11538,0.15385,0.0,0.0,0.0,0.0,0.076923,0.0,0.0,0.038462,0.076923,0.0,0.0,0.076923,0.15385,0.076923,0.15385,0.15385,0.0,0.0,0.076923,0.53846,0.0,0.26923,0.15385,0.0,0.076923,0.46154,0.23077,6.7778,6.0,7.4444,6.5556,7.3333,3.1111,8.0,6.3333,4.4444,6.1111,7.4444,3.8889,4.3333,7.8889
570,571,stimulus_571,/pscratch/sd/s/sjmoon/EmoFM/videos/CowenEmotionVideos/0571.mp4,True,0.0,0.0,0.4375,0.0,0.0,0.0,0.0,0.0,0.0,0.0,0.0625,0.0,0.625,0.0,0.1875,0.0,0.0,0.0,0.0625,0.0,0.0,0.0,0.1875,0.0625,0.0,0.0,0.0,0.0,0.0,0.1875,0.0,0.0,0.0,0.0,5.6667,6.2222,6.8889,7.7778,6.3333,6.8889,5.0,7.7778,1.7778,6.2222,5.0,3.2222,7.1111,6.5556
571,572,stimulus_572,/pscratch/sd/s/sjmoon/EmoFM/videos/CowenEmotionVideos/0572.mp4,True,0.0,0.0,0.0,0.46875,0.0,0.0,0.0625,0.0625,0.0,0.0,0.0,0.0,0.0,0.0625,0.0,0.25,0.0,0.0,0.0,0.0625,0.125,0.0,0.0625,0.0,0.0,0.0,0.0,0.0,0.0,0.125,0.0,0.28125,0.1875,0.0,6.0,5.1111,4.8889,4.6667,6.0,5.0,5.6667,4.8889,2.7778,5.2222,3.8889,4.1111,5.6667,4.1111
572,573,stimulus_573,/pscratch/sd/s/sjmoon/EmoFM/videos/CowenEmotionVideos/0573.mp4,True,0.125,0.5625,0.0625,0.34375,0.0,0.0,0.40625,0.0,0.0,0.0625,0.0,0.0,0.0,0.0,0.0,0.0,0.0,0.0,0.0,0.0,0.0,0.0,0.125,0.25,0.0,0.0625,0.0625,0.0,0.0,0.0625,0.0,0.0,0.0,0.0,5.4444,4.2222,8.2222,5.0,6.1111,6.1111,6.8889,7.6667,1.7778,6.5556,4.6667,3.2222,7.2222,6.5556
573,574,stimulus_574,/pscratch/sd/s/sjmoon/EmoFM/videos/CowenEmotionVideos/0574.mp4,True,0.0,0.1875,0.0,0.875,0.0,0.0,0.1875,0.0,0.0,0.0625,0.0,0.0,0.0,0.0,0.0,0.0,0.0,0.0,0.0,0.0,0.0,0.0,0.25,0.0625,0.0,0.0,0.0,0.0,0.0,0.0625,0.0,0.0,0.0625,0.0,7.1111,5.3333,8.3333,6.4444,5.7778,6.0,7.1111,7.4444,1.6667,5.7778,4.6667,2.5556,7.1111,7.6667
574,575,stimulus_575,/pscratch/sd/s/sjmoon/EmoFM/videos/CowenEmotionVideos/0575.mp4,True,0.0,0.0,0.0,0.3125,0.0,0.0,0.0625,0.3125,0.0,0.0,0.4375,0.0,0.0,0.0,0.0,0.0625,0.0625,0.0,0.0625,0.0,0.0,0.0,0.125,0.0,0.0,0.0,0.0,0.0,0.0,0.0625,0.0625,0.3125,0.0,0.0,6.0,4.6667,5.2222,3.5556,3.8889,4.2222,3.2222,6.5556,3.2222,5.4444,3.3333,3.8889,5.6667,5.8889
575,576,stimulus_576,/pscratch/sd/s/sjmoon/EmoFM/videos/CowenEmotionVideos/0576.mp4,True,0.125,0.125,0.0,0.4375,0.0,0.0,0.25,0.0,0.0,0.25,0.0,0.0,0.0,0.0,0.0,0.0,0.0625,0.0,0.0,0.0,0.0,0.0,0.125,0.40625,0.1875,0.0,0.0,0.0,0.0,0.0625,0.0,0.125,0.0,0.0625,6.7778,4.8889,7.6667,7.4444,6.3333,5.3333,7.3333,7.6667,2.3333,7.0,7.0,3.1111,6.8889,7.2222
576,577,stimulus_577,/pscratch/sd/s/sjmoon/EmoFM/videos/CowenEmotionVideos/0577.mp4,True,0.0,0.4375,0.0,0.5,0.0,0.0,0.1875,0.0,0.0,0.25,0.0,0.0,0.0,0.0,0.0,0.0,0.0,0.0,0.0,0.0,0.0,0.0,0.0,0.34375,0.0,0.0,0.0625,0.0,0.0,0.1875,0.0,0.0,0.0,0.0,4.4444,3.3333,7.4444,7.2222,5.7778,5.8889,5.3333,6.5556,2.5556,6.7778,4.3333,2.0,7.0,6.8889
577,578,stimulus_578,/pscratch/sd/s/sjmoon/EmoFM/videos/CowenEmotionVideos/0578.mp4,True,0.09375,0.0,0.0,0.875,0.0,0.0,0.125,0.0,0.0,0.0,0.125,0.0,0.0,0.0,0.0,0.0,0.125,0.0625,0.0625,0.0,0.0,0.0,0.1875,0.15625,0.0625,0.0,0.0,0.0,0.0,0.0625,0.0,0.3125,0.0,0.0,5.3333,4.0,5.7778,3.8889,5.3333,4.7778,4.4444,4.7778,4.1111,5.1111,2.8889,3.2222,4.2222,6.5556
578,579,stimulus_579,/pscratch/sd/s/sjmoon/EmoFM/videos/CowenEmotionVideos/0579.mp4,True,0.0625,0.34375,0.0,0.5625,0.0,0.0,0.1875,0.0,0.0,0.125,0.0,0.0,0.0,0.0,0.0,0.0,0.0,0.0,0.0625,0.0,0.0,0.0,0.1875,0.34375,0.0,0.0,0.0,0.0,0.0,0.0625,0.0,0.1875,0.0625,0.0,5.8889,3.8889,7.5556,5.7778,6.1111,5.6667,6.0,6.0,2.8889,6.7778,3.5556,2.3333,5.3333,7.2222
579,580,stimulus_580,/pscratch/sd/s/sjmoon/EmoFM/videos/CowenEmotionVideos/0580.mp4,True,0.0,0.0,0.5625,0.0,0.0,0.0,0.375,0.0,0.0,0.5625,0.0,0.0,0.0,0.0,0.0,0.0,0.1875,0.0,0.0,0.0,0.0,0.0,0.125,0.1875,0.0,0.0,0.0,0.0625,0.0,0.0625,0.0,0.0,0.0,0.0,5.4444,3.6667,6.4444,6.6667,6.4444,5.6667,3.8889,6.8889,3.0,6.2222,3.3333,2.2222,6.6667,5.7778
580,581,stimulus_581,/pscratch/sd/s/sjmoon/EmoFM/videos/CowenEmotionVideos/0581.mp4,True,0.15625,0.0625,0.0,0.4375,0.0,0.0,0.53125,0.0,0.0,0.0,0.0625,0.0,0.0,0.0,0.0,0.0,0.0,0.0,0.1875,0.0,0.0,0.0,0.3125,0.0,0.0,0.0625,0.0,0.0,0.0,0.0625,0.0,0.3125,0.0,0.125,4.7778,4.6667,5.7778,5.0,6.2222,5.7778,5.1111,6.3333,3.3333,5.6667,3.8889,2.2222,6.4444,6.4444
581,582,stimulus_582,/pscratch/sd/s/sjmoon/EmoFM/videos/CowenEmotionVideos/0582.mp4,True,0.0625,0.09375,0.0,0.625,0.0,0.125,0.125,0.0,0.0,0.0,0.125,0.0,0.0,0.0,0.0,0.125,0.0,0.0,0.125,0.0625,0.0,0.0,0.1875,0.0,0.0,0.0625,0.0,0.0,0.0,0.125,0.0,0.5,0.0,0.03125,5.0,3.5556,4.6667,4.6667,5.0,4.3333,5.4444,6.8889,2.4444,5.8889,5.7778,2.0,5.0,6.5556
582,583,stimulus_583,/pscratch/sd/s/sjmoon/EmoFM/videos/CowenEmotionVideos/0583.mp4,True,0.0,0.0,0.1875,0.0625,0.0,0.125,0.46875,0.0,0.0625,0.0,0.0,0.0,0.0,0.0,0.0,0.0,0.0625,0.0,0.0625,0.1875,0.0,0.0,0.3125,0.0,0.0,0.0,0.0,0.0,0.0,0.0625,0.0,0.3125,0.0,0.0,5.3333,4.6667,4.0,2.5556,6.1111,4.8889,2.7778,3.7778,3.3333,4.5556,2.3333,3.1111,2.4444,4.3333
583,584,stimulus_584,/pscratch/sd/s/sjmoon/EmoFM/videos/CowenEmotionVideos/0584.mp4,True,0.0625,0.5625,0.0,0.3125,0.0,0.0,0.34375,0.0,0.0,0.0,0.0,0.0,0.0,0.0,0.0,0.0,0.0,0.0625,0.0,0.0,0.0,0.0,0.0625,0.4375,0.0625,0.0625,0.0,0.0,0.0,0.0,0.0,0.0,0.0,0.0,4.6667,3.0,7.5556,7.2222,5.4444,5.8889,5.6667,7.1111,1.6667,6.5556,6.4444,1.8889,7.7778,6.1111
584,585,stimulus_585,/pscratch/sd/s/sjmoon/EmoFM/videos/CowenEmotionVideos/0585.mp4,True,0.0,0.0,0.3125,0.0,0.0,0.125,0.0,0.0625,0.125,0.0625,0.25,0.0625,0.0,0.0,0.0,0.0,0.0625,0.0,0.0,0.0,0.0,0.0,0.25,0.0,0.0,0.0,0.0,0.0,0.0,0.0625,0.0,0.0625,0.0,0.0,5.7778,3.4444,4.4444,4.8889,5.4444,4.8889,3.4444,6.1111,4.1111,5.2222,4.1111,2.4444,5.6667,4.1111
585,586,stimulus_586,/pscratch/sd/s/sjmoon/EmoFM/videos/CowenEmotionVideos/0586.mp4,True,0.25,0.0,0.0,0.375,0.0,0.0,0.4375,0.0,0.0,0.0,0.0,0.0,0.0,0.0,0.0,0.0,0.0,0.0,0.1875,0.0,0.0,0.0,0.125,0.0625,0.0,0.0625,0.0,0.0,0.0,0.125,0.0,0.3125,0.0,0.1875,4.8889,3.5556,5.4444,3.2222,5.8889,4.6667,4.4444,6.7778,3.2222,5.4444,3.1111,3.1111,4.0,7.0
586,587,stimulus_587,/pscratch/sd/s/sjmoon/EmoFM/videos/CowenEmotionVideos/0587.mp4,True,0.0625,0.0,0.15625,0.1875,0.0,0.0,0.0625,0.0,0.0,0.0,0.0625,0.0625,0.0,0.0,0.0,0.0,0.0625,0.125,0.125,0.0,0.0,0.0,0.1875,0.0,0.0,0.0,0.0,0.0,0.0,0.0625,0.6875,0.125,0.0,0.0,5.7778,4.7778,6.2222,4.1111,5.5556,5.1111,3.1111,5.6667,3.2222,4.6667,4.0,2.6667,5.4444,4.8889
587,588,stimulus_588,/pscratch/sd/s/sjmoon/EmoFM/videos/CowenEmotionVideos/0588.mp4,True,0.0,0.0,0.1875,0.0,0.0,0.125,0.21875,0.0625,0.125,0.0625,0.1875,0.0,0.0,0.0,0.0,0.0,0.0,0.0,0.125,0.0625,0.0,0.0,0.1875,0.0,0.0,0.0,0.0625,0.0,0.0,0.0,0.0,0.25,0.0,0.0,5.4444,2.8889,3.4444,3.2222,6.0,4.0,3.3333,4.0,4.4444,5.1111,3.6667,3.5556,3.2222,5.7778
588,589,stimulus_589,/pscratch/sd/s/sjmoon/EmoFM/videos/CowenEmotionVideos/0589.mp4,True,0.0,0.0,0.375,0.0,0.0,0.0625,0.5,0.0,0.0,0.0625,0.3125,0.0,0.0,0.0,0.0,0.0,0.125,0.0,0.0625,0.0625,0.0,0.0625,0.3125,0.0,0.0,0.0,0.0,0.0,0.0,0.0,0.0,0.0,0.0,0.0,6.8889,4.0,4.0,3.2222,5.5556,4.4444,4.3333,5.0,4.4444,4.8889,4.3333,4.4444,3.6667,5.4444
589,590,stimulus_590,/pscratch/sd/s/sjmoon/EmoFM/videos/CowenEmotionVideos/0590.mp4,True,0.0625,0.0,0.375,0.0625,0.0,0.0,0.125,0.0,0.0625,0.5,0.0,0.0,0.0,0.0,0.0,0.0,0.0,0.0,0.125,0.0,0.0,0.0,0.0625,0.125,0.1875,0.0,0.0,0.0,0.0625,0.0,0.0,0.0625,0.0,0.0,4.2222,5.3333,7.2222,8.2222,5.7778,5.7778,5.3333,6.6667,2.1111,6.0,5.4444,1.6667,6.8889,6.3333
590,591,stimulus_591,/pscratch/sd/s/sjmoon/EmoFM/videos/CowenEmotionVideos/0591.mp4,True,0.21875,0.1875,0.0,0.3125,0.0,0.0,0.125,0.0,0.0625,0.0,0.125,0.0,0.0,0.0,0.0,0.0,0.0625,0.0,0.0625,0.0,0.0,0.0,0.125,0.3125,0.0625,0.0,0.0,0.0,0.0,0.0625,0.0,0.0,0.0,0.0,5.4444,5.3333,6.8889,7.0,6.6667,6.5556,6.5556,6.4444,2.6667,6.8889,6.4444,2.2222,6.7778,7.1111
591,592,stimulus_592,/pscratch/sd/s/sjmoon/EmoFM/videos/CowenEmotionVideos/0592.mp4,True,0.0625,0.0,0.03125,0.46875,0.0,0.0625,0.28125,0.0,0.0,0.0,0.0,0.0,0.0,0.0,0.0,0.0,0.0,0.0,0.0,0.0625,0.0,0.0,0.375,0.0,0.0,0.0,0.0,0.0,0.0,0.0,0.0,0.125,0.0,0.0625,5.7778,4.4444,6.3333,5.3333,5.8889,5.6667,5.0,5.8889,2.7778,6.1111,4.4444,2.5556,5.1111,7.2222
592,593,stimulus_593,/pscratch/sd/s/sjmoon/EmoFM/videos/CowenEmotionVideos/0593.mp4,True,0.28125,0.0,0.0,0.03125,0.0,0.0,0.0625,0.0,0.0,0.0,0.0,0.0,0.0,0.0,0.0,0.0,0.0,0.0,0.1875,0.0,0.0,0.0,0.1875,0.65625,0.0,0.1875,0.0,0.0,0.0,0.0625,0.0,0.1875,0.0,0.34375,6.3333,5.3333,7.5556,6.7778,6.4444,6.5556,5.2222,7.1111,2.1111,7.3333,5.5556,2.5556,7.3333,7.5556
593,594,stimulus_594,/pscratch/sd/s/sjmoon/EmoFM/videos/CowenEmotionVideos/0594.mp4,True,0.0,0.0,0.0,0.0625,0.0,0.0,0.0,0.3125,0.1875,0.0,0.125,0.0,0.0625,0.125,0.25,0.0,0.0,0.0,0.0,0.0,0.0,0.0,0.0,0.0,0.0,0.0,0.0,0.0,0.0,0.0,0.25,0.0,0.0,0.0,5.6667,4.3333,5.0,4.2222,5.3333,5.4444,5.4444,6.4444,3.1111,5.7778,4.7778,2.2222,6.0,5.7778
594,595,stimulus_595,/pscratch/sd/s/sjmoon/EmoFM/videos/CowenEmotionVideos/0595.mp4,True,0.0,0.0,0.0,0.0625,0.375,0.21875,0.03125,0.0,0.0,0.0,0.25,0.125,0.0,0.125,0.25,0.0625,0.0,0.0,0.0,0.25,0.0,0.125,0.0,0.0625,0.0,0.0,0.0,0.0,0.25,0.0,0.0,0.25,0.15625,0.0,6.8889,4.6667,1.8889,3.3333,7.0,5.2222,5.3333,2.5556,4.4444,2.0,3.8889,4.6667,1.8889,2.2222
595,596,stimulus_596,/pscratch/sd/s/sjmoon/EmoFM/videos/CowenEmotionVideos/0596.mp4,True,0.0,0.0,0.0625,0.0,0.0,0.3125,0.0,0.0,0.0625,0.0,0.5,0.0,0.0,0.0,0.0,0.25,0.0,0.0,0.0,0.1875,0.0,0.25,0.0625,0.0,0.0,0.0,0.0,0.0,0.21875,0.0,0.0,0.0,0.25,0.0,3.4444,2.4444,2.2222,2.4444,4.0,3.5556,5.0,4.1111,4.6667,3.2222,2.8889,4.6667,3.2222,3.7778
596,597,stimulus_597,/pscratch/sd/s/sjmoon/EmoFM/videos/CowenEmotionVideos/0597.mp4,True,0.3125,0.375,0.0625,0.25,0.0,0.0,0.1875,0.0625,0.0,0.0625,0.0,0.0,0.0,0.0,0.0,0.0,0.0,0.0,0.1875,0.0,0.0,0.0,0.0625,0.5625,0.0,0.0,0.0,0.0,0.0,0.125,0.0,0.0625,0.0,0.0,6.6667,4.6667,8.6667,7.7778,6.1111,6.2222,8.0,6.6667,2.2222,6.7778,5.5556,3.2222,7.3333,7.1111
597,598,stimulus_598,/pscratch/sd/s/sjmoon/EmoFM/videos/CowenEmotionVideos/0598.mp4,True,0.0,0.0,0.0,0.0,0.0,0.59375,0.09375,0.0,0.0,0.0,0.0,0.0,0.0,0.0,0.0,0.0,0.0,0.0,0.0625,0.4375,0.0,0.15625,0.125,0.0,0.0,0.0,0.4375,0.0,0.0,0.0,0.0,0.5,0.0,0.0,7.3333,4.4444,3.8889,3.5556,6.6667,4.2222,5.6667,2.7778,4.0,6.5556,5.0,4.3333,2.5556,7.6667
598,599,stimulus_599,/pscratch/sd/s/sjmoon/EmoFM/videos/CowenEmotionVideos/0599.mp4,True,0.0625,0.0,0.0,0.0,0.0,0.0,0.0,0.0625,0.0,0.0,0.0,0.0,0.0,0.0,0.375,0.0,0.0,0.0625,0.1875,0.0,0.0,0.0,0.0625,0.0,0.0,0.0,0.0625,0.0,0.0,0.0625,0.5625,0.1875,0.0,0.0,6.5556,4.3333,4.1111,4.3333,5.4444,6.3333,4.2222,4.8889,5.0,5.3333,4.4444,3.2222,5.5556,6.1111
599,600,stimulus_600,/pscratch/sd/s/sjmoon/EmoFM/videos/CowenEmotionVideos/0600.mp4,True,0.0,0.0,0.0,0.46875,0.0,0.0,0.09375,0.0,0.0,0.0,0.125,0.0,0.0,0.125,0.0,0.1875,0.0,0.0,0.0,0.0,0.0,0.0625,0.125,0.0,0.0,0.0,0.0,0.0,0.21875,0.0,0.0,0.3125,0.40625,0.0,5.1111,5.1111,3.7778,3.7778,5.5556,4.6667,5.1111,2.2222,2.8889,4.0,4.3333,4.6667,3.6667,4.2222
600,601,stimulus_601,/pscratch/sd/s/sjmoon/EmoFM/videos/CowenEmotionVideos/0601.mp4,True,0.0,0.0,0.75,0.0,0.0,0.083333,0.0,0.0,0.083333,0.25,0.0,0.0,0.0,0.0,0.0,0.0,0.083333,0.0,0.083333,0.0,0.0,0.0,0.0,0.0,0.083333,0.0,0.0,0.0,0.0,0.16667,0.0,0.0,0.0,0.0,5.5556,5.0,5.5556,6.8889,5.8889,5.4444,4.7778,6.3333,3.3333,6.1111,4.4444,3.3333,5.0,5.7778
601,602,stimulus_602,/pscratch/sd/s/sjmoon/EmoFM/videos/CowenEmotionVideos/0602.mp4,True,0.0,0.0,0.0,0.41667,0.0,0.0,0.0,0.083333,0.0,0.0,0.33333,0.0,0.0,0.0,0.0,0.0,0.0,0.0,0.0,0.0,0.0,0.0,0.0,0.0,0.0,0.0,0.0,0.0,0.0,0.0,0.0,0.58333,0.0,0.0,5.3333,5.5556,5.1111,5.0,5.2222,5.8889,5.2222,6.1111,2.7778,5.7778,4.6667,4.4444,5.6667,6.6667
602,603,stimulus_603,/pscratch/sd/s/sjmoon/EmoFM/videos/CowenEmotionVideos/0603.mp4,True,0.16667,0.0,0.16667,0.083333,0.0,0.41667,0.25,0.083333,0.0,0.0,0.0,0.0,0.0,0.0,0.0,0.0,0.083333,0.0,0.16667,0.33333,0.0,0.0,0.41667,0.0,0.0,0.0,0.0,0.0,0.0,0.0,0.0,0.083333,0.0,0.0,7.1111,4.0,3.6667,2.0,6.7778,3.7778,3.4444,3.0,4.3333,4.7778,3.5556,5.6667,3.6667,5.5556
603,604,stimulus_604,/pscratch/sd/s/sjmoon/EmoFM/videos/CowenEmotionVideos/0604.mp4,True,0.083333,0.0,0.0,0.0,0.0,0.91667,0.083333,0.0,0.0,0.0,0.0,0.0,0.0,0.0,0.0,0.0,0.0,0.0,0.083333,0.33333,0.0,0.25,0.0,0.0,0.0,0.0,0.0,0.0,0.0,0.0,0.0,0.0,0.0,0.0,7.0,4.4444,2.5556,1.4444,6.2222,3.7778,5.7778,3.7778,5.2222,5.0,4.4444,5.4444,2.4444,5.7778
604,605,stimulus_605,/pscratch/sd/s/sjmoon/EmoFM/videos/CowenEmotionVideos/0605.mp4,True,0.083333,0.41667,0.083333,0.25,0.0,0.0,0.25,0.0,0.0,0.16667,0.0,0.0,0.0,0.0,0.0,0.0,0.0,0.083333,0.0,0.0,0.0,0.0,0.0,0.58333,0.0,0.0,0.0,0.0,0.0,0.16667,0.0,0.0,0.0,0.0,5.7778,5.1111,7.0,8.3333,6.1111,6.8889,6.4444,7.8889,2.0,6.5556,5.5556,2.8889,7.4444,7.5556
605,606,stimulus_606,/pscratch/sd/s/sjmoon/EmoFM/videos/CowenEmotionVideos/0606.mp4,True,0.0,0.0,0.0,0.0,0.33333,0.25,0.0,0.0,0.0,0.0,0.083333,0.16667,0.0,0.16667,0.66667,0.083333,0.0,0.0,0.0,0.25,0.16667,0.91667,0.0,0.0,0.0,0.0,0.0,0.0,0.41667,0.0,0.0,0.083333,0.083333,0.0,7.0,3.2222,1.2222,1.2222,5.6667,4.4444,4.7778,1.3333,8.0,1.8889,3.8889,7.4444,1.8889,2.0
606,607,stimulus_607,/pscratch/sd/s/sjmoon/EmoFM/videos/CowenEmotionVideos/0607.mp4,True,0.0,0.0,0.0,0.25,0.0,0.33333,0.0,0.0,0.0,0.0,0.33333,0.0,0.0,0.0,0.0,0.0,0.0,0.0,0.0,0.16667,0.0,0.083333,0.0,0.0,0.0,0.0,0.0,0.0,0.0,0.0,0.0,0.5,0.0,0.0,5.7778,4.5556,3.8889,1.7778,6.7778,4.6667,5.4444,2.1111,5.4444,3.5556,3.8889,4.6667,2.6667,2.8889
607,608,stimulus_608,/pscratch/sd/s/sjmoon/EmoFM/videos/CowenEmotionVideos/0608.mp4,True,0.083333,0.41667,0.0,0.083333,0.0,0.0,0.25,0.0,0.0,0.0,0.0,0.0,0.0,0.0,0.0,0.0,0.0,0.0,0.083333,0.083333,0.0,0.0,0.083333,0.33333,0.0,0.0,0.083333,0.0,0.0,0.083333,0.0,0.33333,0.083333,0.083333,6.0,5.2222,5.5556,4.8889,6.0,5.8889,6.3333,6.3333,3.0,6.2222,4.4444,3.8889,5.8889,6.2222
608,609,stimulus_609,/pscratch/sd/s/sjmoon/EmoFM/videos/CowenEmotionVideos/0609.mp4,True,0.0,0.41667,0.0,0.66667,0.0,0.0,0.16667,0.0,0.0,0.0,0.0,0.0,0.0,0.0,0.0,0.0,0.083333,0.0,0.083333,0.0,0.0,0.0,0.083333,0.33333,0.0,0.0,0.0,0.0,0.0,0.0,0.0,0.25,0.083333,0.0,6.8889,4.3333,6.7778,6.8889,6.1111,6.0,7.1111,6.7778,3.0,6.3333,5.5556,3.1111,5.8889,7.0
609,610,stimulus_610,/pscratch/sd/s/sjmoon/EmoFM/videos/CowenEmotionVideos/0610.mp4,True,0.0,0.0,0.083333,0.0,0.0,0.0,0.0,0.0,0.66667,0.0,0.25,0.0,0.0,0.0,0.0,0.0,0.0,0.0,0.0,0.0,0.0,0.0,0.083333,0.0,0.0,0.0,0.0,0.0,0.0,0.0,0.0,0.083333,0.0,0.0,4.4444,4.4444,3.7778,2.4444,6.3333,4.3333,4.2222,3.2222,5.6667,3.3333,3.7778,4.3333,3.7778,4.1111
610,611,stimulus_611,/pscratch/sd/s/sjmoon/EmoFM/videos/CowenEmotionVideos/0611.mp4,True,0.25,0.083333,0.0,0.0,0.0,0.16667,0.0,0.0,0.0,0.0,0.33333,0.0,0.0,0.0,0.0,0.33333,0.0,0.0,0.0,0.0,0.0,0.0,0.083333,0.083333,0.0,0.0,0.0,0.083333,0.75,0.0,0.0,0.0,0.41667,0.0,6.2222,2.8889,3.5556,2.5556,5.3333,3.2222,6.2222,3.3333,5.2222,2.5556,6.6667,5.5556,4.3333,3.4444
611,612,stimulus_612,/pscratch/sd/s/sjmoon/EmoFM/videos/CowenEmotionVideos/0612.mp4,True,0.083333,0.0,0.5,0.25,0.0,0.0,0.083333,0.0,0.083333,0.0,0.33333,0.0,0.0,0.0,0.0,0.0,0.25,0.0,0.083333,0.0,0.0,0.0,0.33333,0.083333,0.0,0.0,0.0,0.0,0.0,0.083333,0.0,0.083333,0.0,0.0,6.5556,3.7778,5.7778,6.5556,5.8889,4.7778,4.2222,6.5556,2.6667,5.1111,4.6667,3.3333,6.1111,6.2222
612,613,stimulus_613,/pscratch/sd/s/sjmoon/EmoFM/videos/CowenEmotionVideos/0613.mp4,True,0.0,0.0,0.33333,0.25,0.0,0.0,0.083333,0.0,0.16667,0.0,0.0,0.0,0.0,0.0,0.0,0.0,0.16667,0.0,0.083333,0.0,0.0,0.0,0.33333,0.083333,0.0,0.0,0.0,0.0,0.0,0.083333,0.0,0.0,0.0,0.0,6.3333,4.6667,5.8889,5.0,6.0,4.3333,3.2222,5.0,4.0,5.3333,3.8889,3.7778,5.4444,5.5556
613,614,stimulus_614,/pscratch/sd/s/sjmoon/EmoFM/videos/CowenEmotionVideos/0614.mp4,True,0.25,0.083333,0.0,0.5,0.0,0.0,0.5,0.0,0.0,0.0,0.0,0.0,0.0,0.0,0.0,0.0,0.0,0.0,0.083333,0.0,0.0,0.0,0.25,0.16667,0.0,0.0,0.0,0.0,0.0,0.33333,0.0,0.41667,0.0,0.16667,6.1111,4.4444,5.3333,4.3333,5.8889,5.4444,5.0,6.1111,4.2222,5.0,3.5556,4.2222,4.6667,6.4444
614,615,stimulus_615,/pscratch/sd/s/sjmoon/EmoFM/videos/CowenEmotionVideos/0615.mp4,True,0.083333,0.0,0.0,0.083333,0.0,0.75,0.083333,0.0,0.083333,0.0,0.16667,0.0,0.0,0.0,0.0,0.0,0.0,0.0,0.083333,0.083333,0.0,0.33333,0.0,0.0,0.0,0.0,0.0,0.0,0.0,0.0,0.0,0.0,0.0,0.0,5.3333,4.7778,2.3333,1.8889,6.1111,3.4444,4.5556,4.8889,4.4444,5.5556,2.6667,2.6667,2.1111,5.4444
615,616,stimulus_616,/pscratch/sd/s/sjmoon/EmoFM/videos/CowenEmotionVideos/0616.mp4,True,0.0,0.0,0.33333,0.33333,0.0,0.0,0.083333,0.0,0.16667,0.0,0.16667,0.0,0.0,0.0,0.0,0.0,0.16667,0.0,0.0,0.0,0.0,0.0,0.25,0.083333,0.0,0.0,0.0,0.0,0.0,0.16667,0.0,0.083333,0.0,0.0,5.8889,4.4444,7.0,5.7778,6.2222,5.3333,4.7778,6.3333,2.2222,6.0,4.7778,2.3333,5.5556,6.8889
616,617,stimulus_617,/pscratch/sd/s/sjmoon/EmoFM/videos/CowenEmotionVideos/0617.mp4,True,0.083333,0.5,0.0,0.0,0.0,0.083333,0.25,0.0,0.0,0.25,0.0,0.0,0.0,0.0,0.0,0.0,0.0,0.0,0.0,0.0,0.0,0.0,0.25,0.5,0.083333,0.0,0.0,0.0,0.083333,0.16667,0.0,0.0,0.083333,0.0,5.3333,3.7778,7.5556,5.3333,5.6667,5.8889,5.8889,6.0,2.1111,6.0,5.0,2.6667,6.1111,6.2222
617,618,stimulus_618,/pscratch/sd/s/sjmoon/EmoFM/videos/CowenEmotionVideos/0618.mp4,True,0.083333,0.25,0.0,0.66667,0.0,0.0,0.0,0.0,0.0,0.0,0.0,0.0,0.0,0.0,0.0,0.0,0.0,0.0,0.083333,0.0,0.0,0.0,0.0,0.5,0.083333,0.0,0.0,0.0,0.0,0.083333,0.0,0.083333,0.0,0.0,5.4444,4.7778,6.7778,5.5556,5.6667,5.8889,5.4444,5.7778,2.2222,5.7778,4.2222,3.3333,5.4444,6.7778
618,619,stimulus_619,/pscratch/sd/s/sjmoon/EmoFM/videos/CowenEmotionVideos/0619.mp4,True,0.0,0.33333,0.16667,0.083333,0.0,0.0,0.41667,0.0,0.0,0.33333,0.0,0.0,0.0,0.0,0.0,0.0,0.0,0.0,0.0,0.0,0.0,0.0,0.16667,0.083333,0.0,0.0,0.083333,0.0,0.0,0.0,0.0,0.16667,0.0,0.0,6.0,4.6667,6.2222,6.4444,6.7778,6.2222,5.1111,6.2222,1.8889,5.6667,4.0,3.4444,5.2222,6.2222
619,620,stimulus_620,/pscratch/sd/s/sjmoon/EmoFM/videos/CowenEmotionVideos/0620.mp4,True,0.0,0.25,0.0,0.58333,0.0,0.0,0.16667,0.0,0.0,0.0,0.083333,0.0,0.0,0.0,0.0,0.0,0.0,0.0,0.0,0.0,0.0,0.0,0.083333,0.25,0.0,0.0,0.0,0.0,0.0,0.16667,0.0,0.33333,0.0,0.0,5.1111,3.8889,6.5556,5.8889,5.8889,6.1111,5.1111,6.1111,2.4444,5.5556,3.5556,3.4444,5.1111,5.8889
620,621,stimulus_621,/pscratch/sd/s/sjmoon/EmoFM/videos/CowenEmotionVideos/0621.mp4,True,0.083333,0.0,0.083333,0.33333,0.0,0.083333,0.0,0.0,0.083333,0.0,0.16667,0.0,0.0,0.0,0.0,0.0,0.0,0.0,0.083333,0.083333,0.0,0.0,0.5,0.0,0.0,0.0,0.083333,0.0,0.0,0.083333,0.0,0.16667,0.0,0.0,6.3333,3.8889,5.7778,5.5556,5.3333,5.3333,5.0,6.6667,2.8889,4.5556,4.0,3.1111,4.3333,6.3333
621,622,stimulus_622,/pscratch/sd/s/sjmoon/EmoFM/videos/CowenEmotionVideos/0622.mp4,True,0.0,0.083333,0.0,0.41667,0.0,0.0,0.0,0.25,0.16667,0.0,0.0,0.0,0.0,0.0,0.083333,0.0,0.0,0.0,0.083333,0.0,0.0,0.0,0.0,0.16667,0.0,0.0,0.0,0.0,0.0,0.16667,0.0,0.083333,0.0,0.16667,5.1111,5.3333,5.7778,4.6667,5.2222,5.1111,4.3333,5.3333,3.4444,5.3333,3.8889,3.6667,4.5556,5.7778
622,623,stimulus_623,/pscratch/sd/s/sjmoon/EmoFM/videos/CowenEmotionVideos/0623.mp4,True,0.083333,0.0,0.16667,0.0,0.0,0.083333,0.25,0.0,0.0,0.0,0.16667,0.0,0.0,0.0,0.0,0.0,0.083333,0.0,0.16667,0.0,0.0,0.083333,0.083333,0.0,0.083333,0.0,0.0,0.0,0.0,0.0,0.0,0.25,0.0,0.0,5.4444,6.1111,5.0,4.2222,6.2222,4.7778,4.6667,5.6667,3.7778,5.3333,3.1111,2.3333,3.6667,6.1111
623,624,stimulus_624,/pscratch/sd/s/sjmoon/EmoFM/videos/CowenEmotionVideos/0624.mp4,True,0.083333,0.0,0.083333,0.083333,0.0,0.16667,0.16667,0.083333,0.0,0.0,0.16667,0.0,0.0,0.0,0.0,0.0,0.0,0.0,0.16667,0.16667,0.0,0.0,0.16667,0.083333,0.0,0.0,0.0,0.0,0.16667,0.0,0.0,0.0,0.16667,0.0,5.3333,4.8889,3.7778,3.1111,6.2222,4.2222,4.8889,4.8889,3.6667,4.2222,2.2222,3.5556,2.8889,4.4444
624,625,stimulus_625,/pscratch/sd/s/sjmoon/EmoFM/videos/CowenEmotionVideos/0625.mp4,True,0.0,0.5,0.0,0.5,0.0,0.0,0.083333,0.0,0.0,0.0,0.0,0.0,0.0,0.0,0.0,0.0,0.0,0.0,0.0,0.0,0.0,0.0,0.0,0.5,0.0,0.0,0.0,0.0,0.0,0.083333,0.0,0.0,0.0,0.0,5.7778,5.1111,6.8889,6.1111,5.3333,5.3333,5.7778,6.3333,3.6667,5.4444,4.5556,3.3333,5.2222,5.8889
625,626,stimulus_626,/pscratch/sd/s/sjmoon/EmoFM/videos/CowenEmotionVideos/0626.mp4,True,0.16667,0.0,0.083333,0.25,0.0,0.33333,0.16667,0.0,0.0,0.0,0.083333,0.0,0.0,0.0,0.0,0.0,0.083333,0.0,0.0,0.083333,0.0,0.0,0.16667,0.0,0.0,0.0,0.0,0.0,0.0,0.083333,0.0,0.0,0.0,0.0,6.6667,5.6667,6.3333,3.2222,7.2222,4.4444,4.4444,5.6667,6.3333,5.0,4.6667,4.5556,3.7778,7.6667
626,627,stimulus_627,/pscratch/sd/s/sjmoon/EmoFM/videos/CowenEmotionVideos/0627.mp4,True,0.33333,0.41667,0.0,0.25,0.0,0.0,0.25,0.0,0.0,0.0,0.083333,0.0,0.0,0.0,0.0,0.0,0.083333,0.0,0.0,0.0,0.0,0.0,0.0,0.41667,0.0,0.0,0.0,0.0,0.0,0.25,0.0,0.0,0.083333,0.0,6.8889,5.5556,8.3333,7.6667,6.0,7.1111,8.1111,8.2222,3.0,8.1111,7.1111,3.8889,8.0,7.5556
627,628,stimulus_628,/pscratch/sd/s/sjmoon/EmoFM/videos/CowenEmotionVideos/0628.mp4,True,0.0,0.33333,0.083333,0.16667,0.0,0.0,0.25,0.0,0.0,0.16667,0.083333,0.0,0.0,0.0,0.083333,0.0,0.0,0.0,0.0,0.0,0.0,0.0,0.33333,0.41667,0.0,0.0,0.0,0.0,0.083333,0.0,0.0,0.0,0.16667,0.0,4.2222,4.4444,7.2222,7.2222,5.6667,5.4444,5.8889,6.4444,2.8889,5.7778,4.1111,4.5556,6.1111,6.5556
628,629,stimulus_629,/pscratch/sd/s/sjmoon/EmoFM/videos/CowenEmotionVideos/0629.mp4,True,0.083333,0.083333,0.16667,0.083333,0.0,0.0,0.16667,0.0,0.083333,0.0,0.0,0.0,0.0,0.083333,0.0,0.0,0.25,0.0,0.083333,0.0,0.0,0.0,0.41667,0.0,0.0,0.0,0.0,0.0,0.0,0.0,0.0,0.083333,0.0,0.0,5.6667,5.4444,4.4444,4.6667,6.5556,5.2222,4.7778,5.6667,5.2222,5.5556,4.1111,4.4444,4.5556,5.2222
629,630,stimulus_630,/pscratch/sd/s/sjmoon/EmoFM/videos/CowenEmotionVideos/0630.mp4,True,0.0,0.0,0.0,0.33333,0.0,0.0,0.0,0.0,0.25,0.0,0.083333,0.0,0.0,0.0,0.0,0.0,0.0,0.0,0.0,0.0,0.0,0.0,0.0,0.083333,0.41667,0.0,0.0,0.0,0.0,0.0,0.0,0.0,0.0,0.0,6.4444,6.2222,7.5556,6.6667,6.5556,7.0,5.7778,6.7778,3.5556,5.6667,6.4444,3.6667,6.0,6.7778
630,631,stimulus_631,/pscratch/sd/s/sjmoon/EmoFM/videos/CowenEmotionVideos/0631.mp4,True,0.0,0.0,0.53846,0.23077,0.0,0.0,0.15385,0.0,0.0,0.076923,0.0,0.0,0.0,0.0,0.0,0.0,0.30769,0.0,0.0,0.0,0.0,0.0,0.38462,0.0,0.0,0.0,0.0,0.0,0.0,0.0,0.0,0.0,0.0,0.0,5.5556,5.2222,6.3333,6.5556,6.8889,5.5556,4.2222,6.6667,3.3333,5.2222,4.1111,3.6667,5.5556,5.8889
631,632,stimulus_632,/pscratch/sd/s/sjmoon/EmoFM/videos/CowenEmotionVideos/0632.mp4,True,0.0,0.0,0.0,0.076923,0.15385,0.15385,0.0,0.0,0.0,0.076923,0.23077,0.076923,0.0,0.076923,0.11538,0.0,0.0,0.0,0.0,0.15385,0.0,0.46154,0.076923,0.0,0.0,0.0,0.0,0.0,0.11538,0.0,0.0,0.23077,0.0,0.0,5.5556,5.2222,2.7778,3.5556,6.4444,4.5556,4.0,2.4444,6.8889,3.6667,3.5556,5.0,1.6667,3.7778
632,633,stimulus_633,/pscratch/sd/s/sjmoon/EmoFM/videos/CowenEmotionVideos/0633.mp4,True,0.0,0.0,0.0,0.61538,0.0,0.0,0.0,0.038462,0.0,0.076923,0.15385,0.0,0.0,0.0,0.0,0.0,0.0,0.0,0.0,0.0,0.0,0.0,0.076923,0.0,0.0,0.0,0.0,0.0,0.0,0.0,0.5,0.0,0.0,0.0,5.6667,4.0,4.1111,2.6667,4.0,3.4444,3.6667,3.6667,5.1111,4.2222,3.2222,4.6667,3.7778,4.0
633,634,stimulus_634,/pscratch/sd/s/sjmoon/EmoFM/videos/CowenEmotionVideos/0634.mp4,True,0.0,0.0,0.0,0.076923,0.0,0.19231,0.0,0.0,0.0,0.076923,0.0,0.076923,0.0,0.0,0.46154,0.0,0.0,0.0,0.0,0.19231,0.0,0.38462,0.0,0.0,0.0,0.0,0.0,0.0,0.0,0.0,0.0,0.0,0.0,0.0,6.3333,4.1111,1.2222,1.7778,6.2222,2.8889,2.5556,2.2222,7.1111,3.2222,4.2222,5.5556,2.2222,2.3333
634,635,stimulus_635,/pscratch/sd/s/sjmoon/EmoFM/videos/CowenEmotionVideos/0635.mp4,True,0.0,0.15385,0.0,0.38462,0.0,0.0,0.0,0.0,0.0,0.076923,0.0,0.0,0.0,0.0,0.0,0.0,0.0,0.0,0.0,0.0,0.0,0.0,0.0,0.076923,0.0,0.0,0.0,0.61538,0.0,0.076923,0.0,0.0,0.0,0.0,5.3333,4.6667,8.2222,6.0,5.7778,6.2222,6.8889,7.3333,3.3333,6.7778,6.6667,3.2222,7.0,6.8889
635,636,stimulus_636,/pscratch/sd/s/sjmoon/EmoFM/videos/CowenEmotionVideos/0636.mp4,True,0.0,0.0,0.69231,0.0,0.0,0.0,0.15385,0.0,0.0,0.30769,0.076923,0.0,0.0,0.0,0.0,0.0,0.15385,0.0,0.0,0.0,0.0,0.0,0.076923,0.0,0.0,0.0,0.0,0.0,0.0,0.0,0.0,0.0,0.0,0.0,4.5556,5.2222,6.4444,6.4444,5.7778,4.5556,3.8889,5.7778,3.5556,5.5556,4.0,4.6667,5.4444,5.6667
636,637,stimulus_637,/pscratch/sd/s/sjmoon/EmoFM/videos/CowenEmotionVideos/0637.mp4,True,0.19231,0.15385,0.0,0.15385,0.0,0.076923,0.076923,0.076923,0.0,0.0,0.15385,0.0,0.0,0.0,0.076923,0.0,0.0,0.0,0.076923,0.0,0.0,0.0,0.0,0.19231,0.0,0.15385,0.0,0.0,0.0,0.076923,0.0,0.0,0.0,0.30769,5.8889,5.3333,7.2222,6.4444,6.3333,6.0,6.2222,7.3333,2.6667,7.1111,5.4444,2.6667,7.0,6.7778
637,638,stimulus_638,/pscratch/sd/s/sjmoon/EmoFM/videos/CowenEmotionVideos/0638.mp4,True,0.0,0.30769,0.0,0.38462,0.076923,0.0,0.076923,0.076923,0.0,0.076923,0.0,0.0,0.0,0.076923,0.0,0.076923,0.0,0.0,0.076923,0.0,0.0,0.0,0.0,0.15385,0.0,0.0,0.0,0.0,0.076923,0.0,0.0,0.076923,0.15385,0.0,6.1111,5.1111,7.5556,7.3333,6.4444,6.0,7.2222,7.7778,2.6667,5.2222,4.5556,3.7778,6.3333,6.1111
638,639,stimulus_639,/pscratch/sd/s/sjmoon/EmoFM/videos/CowenEmotionVideos/0639.mp4,True,0.0,0.0,0.23077,0.0,0.0,0.0,0.46154,0.0,0.0,0.076923,0.0,0.0,0.0,0.0,0.0,0.0,0.15385,0.0,0.076923,0.0,0.0,0.0,0.46154,0.0,0.0,0.0,0.0,0.0,0.0,0.23077,0.0,0.0,0.0,0.0,5.7778,5.6667,6.0,5.2222,6.3333,6.6667,4.8889,7.4444,2.6667,6.8889,5.2222,2.6667,5.5556,5.8889
639,640,stimulus_640,/pscratch/sd/s/sjmoon/EmoFM/videos/CowenEmotionVideos/0640.mp4,True,0.0,0.0,0.0,0.61538,0.0,0.0,0.0,0.0,0.15385,0.15385,0.076923,0.0,0.0,0.0,0.0,0.0,0.0,0.0,0.0,0.0,0.0,0.0,0.076923,0.0,0.15385,0.0,0.0,0.0,0.0,0.0,0.0,0.0,0.0,0.0,5.6667,5.6667,6.8889,6.4444,6.0,6.5556,5.1111,8.0,3.1111,7.2222,6.0,3.4444,6.2222,6.0
640,641,stimulus_641,/pscratch/sd/s/sjmoon/EmoFM/videos/CowenEmotionVideos/0641.mp4,True,0.076923,0.15385,0.076923,0.0,0.0,0.0,0.076923,0.0,0.076923,0.076923,0.0,0.0,0.076923,0.0,0.0,0.0,0.0,0.0,0.076923,0.0,0.0,0.0,0.076923,0.0,0.0,0.0,0.0,0.0,0.0,0.0,0.92308,0.0,0.0,0.0,6.6667,4.5556,7.2222,7.3333,7.1111,6.6667,5.8889,7.1111,2.0,7.5556,6.5556,2.6667,6.7778,6.6667
641,642,stimulus_642,/pscratch/sd/s/sjmoon/EmoFM/videos/CowenEmotionVideos/0642.mp4,True,0.0,0.0,0.0,0.69231,0.0,0.076923,0.0,0.0,0.0,0.076923,0.15385,0.0,0.0,0.0,0.0,0.076923,0.0,0.0,0.0,0.0,0.0,0.0,0.0,0.076923,0.0,0.0,0.0,0.0,0.0,0.076923,0.0,0.30769,0.0,0.0,7.1111,5.1111,6.4444,5.6667,6.0,3.6667,4.8889,3.8889,2.2222,5.0,4.7778,4.2222,4.5556,5.6667
642,643,stimulus_643,/pscratch/sd/s/sjmoon/EmoFM/videos/CowenEmotionVideos/0643.mp4,True,0.0,0.0,0.0,0.0,0.19231,0.26923,0.076923,0.0,0.0,0.076923,0.076923,0.0,0.0,0.0,0.46154,0.26923,0.23077,0.0,0.0,0.15385,0.0,0.61538,0.0,0.0,0.0,0.0,0.0,0.0,0.23077,0.0,0.0,0.076923,0.0,0.0,5.7778,3.2222,1.4444,1.5556,5.1111,3.6667,6.2222,1.4444,7.1111,1.5556,6.3333,5.3333,2.2222,1.4444
643,644,stimulus_644,/pscratch/sd/s/sjmoon/EmoFM/videos/CowenEmotionVideos/0644.mp4,True,0.0,0.0,0.0,0.0,0.11538,0.0,0.0,0.0,0.0,0.0,0.0,0.15385,0.0,0.076923,0.69231,0.15385,0.0,0.0,0.0,0.0,0.076923,0.30769,0.076923,0.0,0.0,0.0,0.0,0.0,0.23077,0.0,0.0,0.0,0.076923,0.0,5.1111,3.6667,1.2222,2.5556,6.3333,4.3333,6.3333,4.6667,5.5556,3.1111,3.0,5.1111,3.0,2.2222
644,645,stimulus_645,/pscratch/sd/s/sjmoon/EmoFM/videos/CowenEmotionVideos/0645.mp4,True,0.0,0.076923,0.69231,0.0,0.0,0.076923,0.46154,0.0,0.0,0.46154,0.0,0.0,0.0,0.0,0.0,0.0,0.076923,0.0,0.0,0.0,0.0,0.0,0.076923,0.0,0.0,0.0,0.0,0.0,0.0,0.0,0.0,0.0,0.0,0.0,6.7778,4.2222,7.6667,8.1111,6.6667,7.3333,4.3333,6.5556,1.4444,7.0,4.4444,2.1111,6.3333,6.1111
645,646,stimulus_646,/pscratch/sd/s/sjmoon/EmoFM/videos/CowenEmotionVideos/0646.mp4,True,0.0,0.0,0.0,0.076923,0.0,0.038462,0.0,0.0,0.0,0.15385,0.0,0.0,0.0,0.0,0.34615,0.15385,0.076923,0.0,0.0,0.076923,0.0,0.5,0.15385,0.0,0.0,0.0,0.0,0.0,0.0,0.0,0.0,0.076923,0.076923,0.0,6.5556,4.4444,1.1111,1.8889,5.6667,4.6667,6.2222,1.4444,7.1111,3.1111,5.2222,5.1111,2.3333,2.5556
646,647,stimulus_647,/pscratch/sd/s/sjmoon/EmoFM/videos/CowenEmotionVideos/0647.mp4,True,0.0,0.0,0.0,0.15385,0.0,0.11538,0.0,0.0,0.0,0.076923,0.0,0.0,0.0,0.0,0.38462,0.0,0.0,0.0,0.0,0.26923,0.0,0.5,0.076923,0.0,0.0,0.0,0.0,0.0,0.0,0.0,0.0,0.0,0.076923,0.0,7.1111,3.7778,1.2222,2.3333,7.0,4.0,5.7778,2.0,5.5556,2.3333,5.4444,5.1111,2.2222,4.4444
647,648,stimulus_648,/pscratch/sd/s/sjmoon/EmoFM/videos/CowenEmotionVideos/0648.mp4,True,0.0,0.0,0.0,0.076923,0.0,0.42308,0.15385,0.0,0.076923,0.076923,0.0,0.0,0.076923,0.076923,0.0,0.0,0.0,0.0,0.30769,0.38462,0.0,0.0,0.076923,0.0,0.076923,0.0,0.0,0.0,0.0,0.0,0.0,0.0,0.0,0.0,8.0,4.4444,5.6667,5.2222,7.1111,4.8889,5.7778,5.6667,3.6667,7.1111,6.0,3.2222,4.2222,5.6667
648,649,stimulus_649,/pscratch/sd/s/sjmoon/EmoFM/videos/CowenEmotionVideos/0649.mp4,True,0.15385,0.0,0.076923,0.46154,0.0,0.23077,0.15385,0.0,0.0,0.076923,0.0,0.0,0.0,0.0,0.0,0.0,0.076923,0.0,0.076923,0.0,0.0,0.0,0.30769,0.0,0.0,0.0,0.0,0.0,0.0,0.0,0.0,0.15385,0.0,0.076923,6.5556,5.0,6.0,2.6667,7.5556,5.1111,4.8889,5.8889,2.6667,5.8889,3.6667,2.5556,2.4444,8.2222
649,650,stimulus_650,/pscratch/sd/s/sjmoon/EmoFM/videos/CowenEmotionVideos/0650.mp4,True,0.0,0.23077,0.0,0.11538,0.0,0.0,0.076923,0.0,0.076923,0.076923,0.0,0.0,0.0,0.0,0.0,0.0,0.0,0.0,0.0,0.0,0.0,0.0,0.0,0.53846,0.076923,0.0,0.0,0.0,0.0,0.15385,0.0,0.0,0.076923,0.0,5.3333,3.8889,6.1111,6.2222,6.3333,5.1111,6.1111,7.0,2.3333,6.6667,5.2222,2.8889,7.1111,7.2222
650,651,stimulus_651,/pscratch/sd/s/sjmoon/EmoFM/videos/CowenEmotionVideos/0651.mp4,True,0.076923,0.0,0.53846,0.076923,0.0,0.0,0.0,0.0,0.038462,0.19231,0.0,0.0,0.0,0.0,0.0,0.0,0.30769,0.0,0.0,0.0,0.0,0.0,0.34615,0.0,0.0,0.0,0.0,0.0,0.0,0.0,0.0,0.0,0.0,0.0,6.1111,4.3333,5.6667,5.0,6.7778,5.5556,5.0,7.7778,3.8889,5.7778,4.8889,2.5556,6.6667,6.3333
651,652,stimulus_652,/pscratch/sd/s/sjmoon/EmoFM/videos/CowenEmotionVideos/0652.mp4,True,0.0,0.0,0.46154,0.0,0.0,0.076923,0.0,0.0,0.0,0.15385,0.23077,0.0,0.0,0.0,0.076923,0.076923,0.076923,0.0,0.0,0.076923,0.0,0.38462,0.076923,0.0,0.076923,0.0,0.0,0.0,0.23077,0.0,0.0,0.0,0.076923,0.0,4.7778,2.8889,2.2222,2.0,5.8889,3.4444,4.2222,3.6667,4.8889,2.7778,3.1111,4.1111,2.5556,4.2222
652,653,stimulus_653,/pscratch/sd/s/sjmoon/EmoFM/videos/CowenEmotionVideos/0653.mp4,True,0.0,0.076923,0.0,0.76923,0.0,0.0,0.0,0.076923,0.076923,0.076923,0.076923,0.0,0.0,0.0,0.0,0.0,0.0,0.0,0.0,0.0,0.0,0.0,0.076923,0.0,0.0,0.0,0.0,0.0,0.0,0.0,0.0,0.0,0.0,0.0,6.2222,4.7778,6.6667,5.2222,7.0,6.1111,6.6667,5.1111,3.6667,4.8889,5.5556,3.1111,5.6667,6.4444
653,654,stimulus_654,/pscratch/sd/s/sjmoon/EmoFM/videos/CowenEmotionVideos/0654.mp4,True,0.0,0.15385,0.0,0.61538,0.0,0.0,0.0,0.0,0.0,0.076923,0.0,0.0,0.0,0.0,0.15385,0.0,0.0,0.0,0.076923,0.0,0.0,0.0,0.0,0.15385,0.0,0.0,0.0,0.15385,0.0,0.076923,0.076923,0.076923,0.076923,0.0,5.5556,4.5556,6.4444,4.3333,5.6667,4.7778,6.0,6.3333,2.0,5.2222,5.1111,2.5556,6.0,5.8889
654,655,stimulus_655,/pscratch/sd/s/sjmoon/EmoFM/videos/CowenEmotionVideos/0655.mp4,True,0.0,0.0,0.0,0.0,0.0,0.038462,0.0,0.0,0.0,0.076923,0.0,0.0,0.0,0.0,0.19231,0.0,0.0,0.0,0.076923,0.0,0.0,0.0,0.0,0.0,0.0,0.0,0.0,0.0,0.0,0.0,0.76923,0.0,0.0,0.0,7.6667,6.8889,5.6667,5.3333,6.1111,4.7778,6.0,7.6667,3.7778,6.4444,5.8889,4.0,5.6667,6.1111
655,656,stimulus_656,/pscratch/sd/s/sjmoon/EmoFM/videos/CowenEmotionVideos/0656.mp4,True,0.0,0.076923,0.0,0.84615,0.0,0.0,0.0,0.0,0.0,0.076923,0.0,0.0,0.0,0.0,0.0,0.0,0.0,0.0,0.076923,0.0,0.0,0.0,0.15385,0.076923,0.0,0.0,0.0,0.0,0.0,0.0,0.0,0.23077,0.0,0.0,6.3333,5.4444,6.1111,5.3333,7.7778,6.0,6.8889,5.4444,2.3333,4.3333,4.1111,2.6667,5.6667,5.5556
656,657,stimulus_657,/pscratch/sd/s/sjmoon/EmoFM/videos/CowenEmotionVideos/0657.mp4,True,0.23077,0.0,0.076923,0.53846,0.0,0.0,0.23077,0.0,0.0,0.076923,0.0,0.0,0.0,0.0,0.0,0.0,0.076923,0.0,0.0,0.0,0.0,0.0,0.30769,0.0,0.0,0.0,0.0,0.0,0.0,0.076923,0.0,0.076923,0.0,0.0,5.2222,4.1111,6.0,7.0,7.1111,5.2222,5.8889,8.3333,3.0,7.3333,6.1111,2.7778,7.2222,7.3333
657,658,stimulus_658,/pscratch/sd/s/sjmoon/EmoFM/videos/CowenEmotionVideos/0658.mp4,True,0.0,0.0,0.23077,0.0,0.0,0.076923,0.076923,0.0,0.23077,0.076923,0.15385,0.0,0.0,0.076923,0.0,0.076923,0.15385,0.0,0.0,0.076923,0.0,0.0,0.23077,0.0,0.0,0.0,0.0,0.0,0.0,0.0,0.0,0.0,0.0,0.0,5.0,4.2222,4.1111,2.2222,6.3333,4.0,3.8889,4.2222,4.2222,4.1111,3.6667,2.8889,3.0,4.4444
658,659,stimulus_659,/pscratch/sd/s/sjmoon/EmoFM/videos/CowenEmotionVideos/0659.mp4,True,0.0,0.0,0.38462,0.038462,0.0,0.0,0.15385,0.0,0.076923,0.076923,0.076923,0.0,0.0,0.0,0.0,0.0,0.15385,0.0,0.0,0.0,0.0,0.0,0.26923,0.0,0.0,0.0,0.0,0.0,0.0,0.23077,0.0,0.0,0.0,0.0,5.5556,4.1111,5.8889,6.4444,7.1111,6.8889,4.6667,7.8889,1.8889,6.6667,4.1111,1.8889,6.5556,6.7778
659,660,stimulus_660,/pscratch/sd/s/sjmoon/EmoFM/videos/CowenEmotionVideos/0660.mp4,True,0.23077,0.23077,0.076923,0.76923,0.0,0.0,0.23077,0.0,0.0,0.076923,0.0,0.0,0.0,0.0,0.0,0.0,0.076923,0.0,0.076923,0.0,0.0,0.0,0.23077,0.0,0.0,0.0,0.0,0.0,0.0,0.076923,0.0,0.076923,0.0,0.076923,6.3333,4.5556,7.6667,6.6667,7.1111,6.0,6.6667,8.2222,2.1111,6.5556,5.7778,2.4444,6.8889,7.4444
660,661,stimulus_661,/pscratch/sd/s/sjmoon/EmoFM/videos/CowenEmotionVideos/0661.mp4,True,0.0,0.0,0.0,0.0,0.0,0.0,0.0,0.18182,0.0,0.0,0.0,0.0,0.0,0.0,0.0,0.0,0.0,0.090909,0.18182,0.0,0.090909,0.0,0.090909,0.0,0.0,0.0,0.0,0.090909,0.0,0.0,0.81818,0.090909,0.0,0.0,5.4444,5.4444,4.4444,4.3333,5.3333,5.3333,4.3333,6.4444,4.3333,4.7778,4.7778,3.3333,4.5556,5.3333
661,662,stimulus_662,/pscratch/sd/s/sjmoon/EmoFM/videos/CowenEmotionVideos/0662.mp4,True,0.0,0.0,0.0,0.36364,0.0,0.0,0.36364,0.0,0.0,0.0,0.045455,0.0,0.0,0.0,0.0,0.0,0.18182,0.0,0.0,0.0,0.0,0.0,0.5,0.0,0.0,0.0,0.0,0.0,0.0,0.090909,0.0,0.0,0.0,0.0,6.5556,5.1111,6.7778,6.2222,6.2222,5.6667,4.7778,6.8889,4.7778,5.5556,4.5556,4.2222,5.5556,6.6667
662,663,stimulus_663,/pscratch/sd/s/sjmoon/EmoFM/videos/CowenEmotionVideos/0663.mp4,True,0.0,0.0,0.27273,0.0,0.0,0.0,0.40909,0.0,0.18182,0.22727,0.0,0.090909,0.0,0.0,0.0,0.0,0.090909,0.0,0.0,0.0,0.0,0.0,0.090909,0.0,0.090909,0.0,0.0,0.0,0.0,0.0,0.0,0.0,0.0,0.0,6.2222,5.2222,6.6667,5.4444,6.2222,6.2222,4.8889,5.8889,4.0,5.7778,5.5556,5.1111,5.8889,5.8889
663,664,stimulus_664,/pscratch/sd/s/sjmoon/EmoFM/videos/CowenEmotionVideos/0664.mp4,True,0.0,0.0,0.18182,0.0,0.0,0.0,0.090909,0.0,0.18182,0.18182,0.090909,0.0,0.0,0.0,0.0,0.0,0.13636,0.0,0.0,0.0,0.0,0.0,0.31818,0.0,0.0,0.0,0.0,0.0,0.0,0.0,0.0,0.0,0.0,0.0,5.4444,5.3333,5.5556,6.0,6.2222,5.2222,4.6667,6.4444,3.4444,6.0,4.4444,4.5556,5.6667,5.5556
664,665,stimulus_665,/pscratch/sd/s/sjmoon/EmoFM/videos/CowenEmotionVideos/0665.mp4,True,0.0,0.090909,0.0,0.13636,0.0,0.0,0.090909,0.0,0.0,0.0,0.22727,0.0,0.0,0.0,0.45455,0.0,0.0,0.0,0.0,0.0,0.0,0.090909,0.090909,0.0,0.0,0.0,0.0,0.0,0.0,0.0,0.0,0.18182,0.0,0.0,5.1111,3.7778,4.5556,3.3333,5.3333,3.2222,4.4444,3.3333,3.4444,4.7778,4.1111,3.8889,4.0,4.3333
665,666,stimulus_666,/pscratch/sd/s/sjmoon/EmoFM/videos/CowenEmotionVideos/0666.mp4,True,0.090909,0.27273,0.0,0.45455,0.0,0.0,0.090909,0.0,0.0,0.090909,0.0,0.0,0.0,0.0,0.0,0.0,0.0,0.0,0.0,0.0,0.0,0.0,0.090909,0.54545,0.090909,0.090909,0.0,0.0,0.0,0.0,0.0,0.090909,0.0,0.0,6.1111,5.3333,8.3333,6.7778,6.5556,6.3333,7.1111,7.3333,3.4444,6.7778,7.1111,2.7778,7.1111,6.3333
666,667,stimulus_667,/pscratch/sd/s/sjmoon/EmoFM/videos/CowenEmotionVideos/0667.mp4,True,0.0,0.0,0.0,0.0,0.0,0.090909,0.090909,0.0,0.0,0.0,0.090909,0.0,0.0,0.0,0.63636,0.090909,0.0,0.0,0.0,0.0,0.0,0.36364,0.0,0.0,0.0,0.0,0.0,0.0,0.36364,0.0,0.0,0.18182,0.27273,0.0,4.8889,4.0,1.4444,2.4444,4.6667,4.4444,5.0,3.3333,4.4444,2.5556,3.5556,3.2222,3.3333,2.7778
667,668,stimulus_668,/pscratch/sd/s/sjmoon/EmoFM/videos/CowenEmotionVideos/0668.mp4,True,0.0,0.0,0.0,0.36364,0.0,0.090909,0.0,0.045455,0.18182,0.0,0.090909,0.0,0.0,0.045455,0.0,0.18182,0.0,0.0,0.0,0.090909,0.0,0.0,0.0,0.0,0.0,0.0,0.0,0.0,0.0,0.090909,0.0,0.090909,0.27273,0.0,5.1111,3.3333,3.5556,3.7778,4.4444,4.1111,4.2222,2.3333,3.5556,3.1111,4.0,4.6667,3.2222,3.7778
668,669,stimulus_669,/pscratch/sd/s/sjmoon/EmoFM/videos/CowenEmotionVideos/0669.mp4,True,0.0,0.0,0.36364,0.090909,0.0,0.0,0.36364,0.0,0.0,0.18182,0.18182,0.0,0.0,0.0,0.0,0.0,0.36364,0.0,0.0,0.0,0.0,0.0,0.18182,0.0,0.0,0.0,0.0,0.0,0.0,0.0,0.0,0.0,0.0,0.0,6.1111,4.5556,5.7778,5.3333,4.8889,4.3333,4.1111,4.8889,3.3333,5.1111,4.2222,3.4444,5.0,5.1111
669,670,stimulus_670,/pscratch/sd/s/sjmoon/EmoFM/videos/CowenEmotionVideos/0670.mp4,True,0.0,0.13636,0.18182,0.54545,0.0,0.0,0.090909,0.0,0.090909,0.0,0.0,0.0,0.0,0.0,0.0,0.0,0.0,0.0,0.18182,0.0,0.0,0.0,0.090909,0.40909,0.090909,0.0,0.0,0.0,0.0,0.0,0.0,0.090909,0.0,0.090909,5.7778,5.3333,7.1111,6.7778,5.7778,6.1111,6.6667,7.0,2.7778,6.0,5.5556,3.6667,6.8889,6.4444
670,671,stimulus_671,/pscratch/sd/s/sjmoon/EmoFM/videos/CowenEmotionVideos/0671.mp4,True,0.0,0.090909,0.36364,0.0,0.0,0.0,0.54545,0.0,0.0,0.45455,0.0,0.0,0.0,0.0,0.0,0.0,0.18182,0.0,0.090909,0.0,0.0,0.0,0.090909,0.0,0.0,0.0,0.0,0.0,0.090909,0.0,0.0,0.0,0.0,0.0,4.8889,4.5556,6.6667,5.7778,5.2222,5.2222,3.6667,5.6667,1.5556,5.2222,4.1111,2.3333,5.7778,5.0
671,672,stimulus_672,/pscratch/sd/s/sjmoon/EmoFM/videos/CowenEmotionVideos/0672.mp4,True,0.0,0.090909,0.0,0.090909,0.0,0.090909,0.27273,0.090909,0.0,0.090909,0.0,0.0,0.0,0.0,0.090909,0.0,0.36364,0.0,0.045455,0.090909,0.0,0.0,0.13636,0.090909,0.0,0.0,0.0,0.0,0.0,0.0,0.0,0.090909,0.0,0.0,6.3333,4.8889,6.5556,5.0,6.3333,5.6667,6.4444,6.5556,3.3333,6.1111,5.0,3.2222,5.7778,6.5556
672,673,stimulus_673,/pscratch/sd/s/sjmoon/EmoFM/videos/CowenEmotionVideos/0673.mp4,True,0.0,0.0,0.0,0.0,0.090909,0.0,0.0,0.0,0.0,0.0,0.0,0.0,0.0,0.0,0.0,0.18182,0.0,0.0,0.0,0.090909,0.0,0.0,0.0,0.0,0.0,0.090909,0.0,0.0,0.72727,0.0,0.0,0.0,0.54545,0.0,5.0,4.5556,2.6667,4.3333,5.6667,4.5556,5.6667,5.0,4.3333,2.4444,6.2222,2.4444,3.2222,4.2222
673,674,stimulus_674,/pscratch/sd/s/sjmoon/EmoFM/videos/CowenEmotionVideos/0674.mp4,True,0.0,0.0,0.0,0.0,0.27273,0.18182,0.0,0.0,0.0,0.0,0.090909,0.090909,0.0,0.090909,0.45455,0.31818,0.0,0.0,0.0,0.36364,0.0,0.63636,0.0,0.0,0.0,0.0,0.0,0.0,0.22727,0.0,0.0,0.0,0.36364,0.0,6.7778,4.3333,1.5556,1.5556,6.0,3.2222,4.0,2.4444,6.5556,2.0,3.0,2.7778,2.0,1.6667
674,675,stimulus_675,/pscratch/sd/s/sjmoon/EmoFM/videos/CowenEmotionVideos/0675.mp4,True,0.0,0.0,0.0,0.090909,0.0,0.0,0.090909,0.0,0.090909,0.0,0.0,0.0,0.0,0.0,0.0,0.0,0.0,0.090909,0.36364,0.0,0.0,0.0,0.090909,0.0,0.0,0.0,0.0,0.0,0.0,0.27273,0.0,0.0,0.0,0.54545,6.7778,6.0,6.6667,5.8889,6.1111,5.2222,6.1111,6.7778,2.7778,6.4444,5.5556,2.3333,5.8889,6.4444
675,676,stimulus_676,/pscratch/sd/s/sjmoon/EmoFM/videos/CowenEmotionVideos/0676.mp4,True,0.0,0.0,0.27273,0.0,0.0,0.18182,0.36364,0.0,0.0,0.090909,0.0,0.0,0.0,0.0,0.0,0.0,0.36364,0.090909,0.0,0.090909,0.0,0.0,0.22727,0.0,0.0,0.0,0.0,0.0,0.0,0.18182,0.0,0.27273,0.0,0.045455,7.4444,5.3333,7.3333,6.7778,7.0,5.1111,4.5556,7.4444,1.8889,6.2222,4.7778,2.3333,5.0,6.8889
676,677,stimulus_677,/pscratch/sd/s/sjmoon/EmoFM/videos/CowenEmotionVideos/0677.mp4,True,0.0,0.090909,0.0,0.18182,0.090909,0.045455,0.18182,0.090909,0.13636,0.0,0.0,0.0,0.0,0.0,0.090909,0.0,0.0,0.0,0.090909,0.0,0.090909,0.0,0.18182,0.0,0.0,0.0,0.0,0.0,0.090909,0.0,0.0,0.27273,0.18182,0.0,6.3333,4.6667,4.3333,5.5556,6.3333,5.7778,5.7778,5.1111,3.0,4.4444,3.6667,3.3333,5.2222,5.2222
677,678,stimulus_678,/pscratch/sd/s/sjmoon/EmoFM/videos/CowenEmotionVideos/0678.mp4,True,0.090909,0.0,0.27273,0.0,0.0,0.0,0.090909,0.0,0.090909,0.090909,0.0,0.0,0.45455,0.0,0.0,0.0,0.0,0.18182,0.090909,0.0,0.0,0.0,0.18182,0.0,0.0,0.0,0.0,0.0,0.0,0.18182,0.0,0.0,0.0,0.0,6.2222,6.0,7.2222,7.7778,6.7778,6.6667,5.5556,7.1111,1.5556,7.3333,5.3333,1.8889,7.2222,6.2222
678,679,stimulus_679,/pscratch/sd/s/sjmoon/EmoFM/videos/CowenEmotionVideos/0679.mp4,True,0.18182,0.090909,0.0,0.0,0.090909,0.0,0.0,0.0,0.27273,0.27273,0.090909,0.090909,0.0,0.0,0.0,0.0,0.0,0.0,0.0,0.0,0.0,0.0,0.090909,0.0,0.27273,0.18182,0.0,0.0,0.090909,0.090909,0.0,0.0,0.0,0.090909,4.5556,5.5556,4.0,3.8889,5.5556,5.3333,4.0,4.5556,4.4444,4.4444,4.1111,4.1111,4.4444,4.4444
679,680,stimulus_680,/pscratch/sd/s/sjmoon/EmoFM/videos/CowenEmotionVideos/0680.mp4,True,0.0,0.18182,0.0,0.45455,0.0,0.0,0.090909,0.0,0.0,0.0,0.0,0.0,0.0,0.0,0.0,0.0,0.0,0.0,0.090909,0.0,0.0,0.0,0.18182,0.36364,0.090909,0.0,0.0,0.0,0.0,0.090909,0.0,0.090909,0.0,0.090909,5.8889,5.4444,7.4444,7.7778,6.5556,5.0,6.8889,6.5556,2.0,6.6667,6.0,2.7778,5.8889,8.0
680,681,stimulus_681,/pscratch/sd/s/sjmoon/EmoFM/videos/CowenEmotionVideos/0681.mp4,True,0.0,0.0,0.0,0.0,0.45455,0.090909,0.0,0.0,0.0,0.0,0.0,0.090909,0.0,0.090909,0.45455,0.090909,0.0,0.0,0.0,0.36364,0.0,0.18182,0.0,0.0,0.0,0.0,0.0,0.0,0.27273,0.0,0.0,0.0,0.27273,0.0,5.5556,3.8889,2.0,2.2222,5.7778,3.8889,5.1111,2.5556,5.7778,1.7778,4.8889,2.8889,2.1111,2.5556
681,682,stimulus_682,/pscratch/sd/s/sjmoon/EmoFM/videos/CowenEmotionVideos/0682.mp4,True,0.0,0.5,0.090909,0.090909,0.0,0.0,0.36364,0.0,0.0,0.18182,0.0,0.0,0.0,0.0,0.0,0.0,0.0,0.0,0.0,0.0,0.0,0.0,0.090909,0.5,0.0,0.0,0.0,0.0,0.0,0.090909,0.0,0.0,0.0,0.0,5.6667,4.8889,7.7778,7.8889,5.5556,6.0,6.8889,7.3333,1.8889,7.6667,3.8889,1.8889,7.2222,6.3333
682,683,stimulus_683,/pscratch/sd/s/sjmoon/EmoFM/videos/CowenEmotionVideos/0683.mp4,True,0.0,0.5,0.0,0.31818,0.0,0.0,0.090909,0.0,0.0,0.36364,0.0,0.0,0.0,0.0,0.0,0.0,0.090909,0.0,0.0,0.0,0.0,0.0,0.0,0.27273,0.0,0.0,0.0,0.0,0.0,0.0,0.0,0.090909,0.0,0.0,6.1111,4.5556,7.7778,7.2222,6.5556,5.8889,7.4444,8.0,2.1111,7.4444,5.8889,3.0,7.5556,6.4444
683,684,stimulus_684,/pscratch/sd/s/sjmoon/EmoFM/videos/CowenEmotionVideos/0684.mp4,True,0.0,0.0,0.18182,0.0,0.0,0.090909,0.54545,0.0,0.090909,0.0,0.090909,0.090909,0.0,0.0,0.0,0.0,0.36364,0.0,0.18182,0.0,0.0,0.0,0.090909,0.0,0.0,0.0,0.0,0.0,0.0,0.0,0.0,0.090909,0.0,0.0,6.1111,5.5556,4.8889,3.8889,5.8889,5.3333,3.7778,4.1111,3.3333,5.5556,3.8889,4.0,4.2222,5.4444
684,685,stimulus_685,/pscratch/sd/s/sjmoon/EmoFM/videos/CowenEmotionVideos/0685.mp4,True,0.090909,0.27273,0.0,0.31818,0.0,0.0,0.18182,0.0,0.18182,0.090909,0.0,0.0,0.0,0.0,0.0,0.0,0.090909,0.0,0.0,0.0,0.0,0.0,0.090909,0.18182,0.0,0.0,0.0,0.0,0.0,0.045455,0.0,0.090909,0.0,0.0,5.8889,4.0,6.5556,6.4444,5.0,5.2222,5.5556,6.0,2.8889,5.6667,3.6667,4.2222,4.2222,6.1111
685,686,stimulus_686,/pscratch/sd/s/sjmoon/EmoFM/videos/CowenEmotionVideos/0686.mp4,True,0.0,0.0,0.090909,0.090909,0.0,0.090909,0.27273,0.0,0.18182,0.0,0.090909,0.0,0.090909,0.0,0.0,0.0,0.0,0.0,0.27273,0.0,0.0,0.0,0.36364,0.0,0.0,0.045455,0.0,0.0,0.0,0.045455,0.0,0.090909,0.0,0.0,6.5556,5.8889,5.0,5.2222,7.0,5.0,4.4444,5.7778,3.8889,4.8889,4.1111,4.8889,4.5556,5.6667
686,687,stimulus_687,/pscratch/sd/s/sjmoon/EmoFM/videos/CowenEmotionVideos/0687.mp4,True,0.0,0.0,0.0,0.0,0.0,0.36364,0.090909,0.0,0.0,0.0,0.0,0.0,0.0,0.0,0.0,0.090909,0.0,0.0,0.0,0.72727,0.0,0.0,0.0,0.0,0.0,0.0,0.27273,0.0,0.0,0.0,0.0,0.090909,0.0,0.0,5.6667,3.8889,4.0,3.5556,5.2222,5.1111,4.1111,3.6667,4.1111,4.5556,3.8889,3.4444,2.4444,6.0
687,688,stimulus_688,/pscratch/sd/s/sjmoon/EmoFM/videos/CowenEmotionVideos/0688.mp4,True,0.090909,0.27273,0.090909,0.27273,0.0,0.0,0.18182,0.0,0.0,0.090909,0.0,0.0,0.0,0.0,0.0,0.0,0.0,0.0,0.090909,0.0,0.0,0.0,0.090909,0.72727,0.18182,0.0,0.0,0.0,0.0,0.090909,0.0,0.090909,0.0,0.0,6.5556,4.3333,7.6667,6.6667,5.5556,4.8889,6.3333,6.2222,3.5556,6.3333,5.7778,4.1111,5.3333,5.6667
688,689,stimulus_689,/pscratch/sd/s/sjmoon/EmoFM/videos/CowenEmotionVideos/0689.mp4,True,0.0,0.36364,0.0,0.45455,0.0,0.0,0.090909,0.0,0.090909,0.0,0.0,0.0,0.0,0.0,0.0,0.0,0.0,0.090909,0.0,0.0,0.0,0.0,0.0,0.45455,0.090909,0.0,0.0,0.0,0.0,0.0,0.0,0.0,0.0,0.0,5.4444,4.2222,6.4444,5.5556,4.4444,5.4444,5.3333,5.4444,3.0,5.2222,4.8889,4.3333,5.4444,5.6667
689,690,stimulus_690,/pscratch/sd/s/sjmoon/EmoFM/videos/CowenEmotionVideos/0690.mp4,True,0.0,0.0,0.0,0.0,0.0,0.36364,0.090909,0.090909,0.0,0.0,0.090909,0.0,0.0,0.0,0.0,0.18182,0.0,0.0,0.18182,0.36364,0.0,0.090909,0.090909,0.0,0.0,0.0,0.18182,0.0,0.0,0.0,0.0,0.18182,0.0,0.0,6.7778,4.1111,2.7778,3.3333,6.0,4.0,4.4444,3.7778,4.7778,4.8889,4.0,3.7778,2.3333,4.4444
690,691,stimulus_691,/pscratch/sd/s/sjmoon/EmoFM/videos/CowenEmotionVideos/0691.mp4,True,0.0,0.0,0.0,0.5,0.0,0.0,0.0,0.375,0.0,0.0,0.083333,0.0,0.0,0.083333,0.0,0.0,0.0,0.0,0.083333,0.0,0.0,0.0,0.16667,0.083333,0.0,0.0,0.0,0.0,0.0,0.0,0.0,0.083333,0.0,0.0,4.6667,4.6667,6.3333,5.5556,5.3333,5.3333,4.8889,5.7778,3.1111,4.0,5.0,5.2222,5.1111,5.4444
691,692,stimulus_692,/pscratch/sd/s/sjmoon/EmoFM/videos/CowenEmotionVideos/0692.mp4,True,0.0,0.0,0.0,0.0,0.0,0.0,0.0,0.0,0.33333,0.083333,0.375,0.0,0.0,0.083333,0.0,0.0,0.0,0.0,0.0,0.0,0.0,0.0,0.125,0.0,0.0,0.0,0.0,0.0,0.0,0.0,0.0,0.083333,0.0,0.0,4.1111,4.5556,3.7778,4.0,3.8889,4.3333,4.0,4.4444,4.2222,3.8889,3.7778,4.2222,3.5556,3.5556
692,693,stimulus_693,/pscratch/sd/s/sjmoon/EmoFM/videos/CowenEmotionVideos/0693.mp4,True,0.0,0.0,0.0,0.0,0.0,0.0,0.0,0.083333,0.33333,0.083333,0.29167,0.0,0.0,0.083333,0.0,0.0,0.0,0.0,0.0,0.0,0.0,0.0,0.125,0.0,0.0,0.0,0.0,0.0,0.0,0.0,0.0,0.083333,0.0,0.0,4.0,4.1111,3.5556,4.3333,3.7778,4.5556,3.8889,4.7778,4.0,4.1111,3.6667,4.5556,4.0,4.2222
693,694,stimulus_694,/pscratch/sd/s/sjmoon/EmoFM/videos/CowenEmotionVideos/0694.mp4,True,0.0,0.0,0.0,0.0,0.0,0.0,0.0,0.0,0.33333,0.0,0.29167,0.0,0.0,0.083333,0.0,0.0,0.0,0.0,0.0,0.0,0.0,0.0,0.20833,0.0,0.0,0.0,0.0,0.0,0.0,0.0,0.0,0.083333,0.0,0.0,4.7778,4.3333,3.7778,4.2222,3.4444,5.0,4.5556,3.7778,3.8889,4.4444,4.7778,3.7778,3.7778,4.1111
694,695,stimulus_695,/pscratch/sd/s/sjmoon/EmoFM/videos/CowenEmotionVideos/0695.mp4,True,0.0,0.0,0.0,0.0,0.0,0.0,0.0,0.0,0.25,0.16667,0.33333,0.0,0.0,0.083333,0.0,0.0,0.0,0.0,0.0,0.0,0.0,0.0,0.16667,0.0,0.0,0.0,0.0,0.0,0.0,0.0,0.0,0.083333,0.0,0.0,3.5556,4.4444,3.8889,3.8889,5.0,4.7778,3.4444,4.7778,4.2222,4.1111,4.3333,4.2222,4.2222,4.6667
695,696,stimulus_696,/pscratch/sd/s/sjmoon/EmoFM/videos/CowenEmotionVideos/0696.mp4,True,0.0,0.0,0.0,0.083333,0.0,0.0,0.0,0.0,0.25,0.0,0.375,0.0,0.0,0.083333,0.0,0.0,0.0,0.0,0.0,0.0,0.0,0.0,0.125,0.0,0.0,0.0,0.0,0.0,0.0,0.0,0.0,0.16667,0.0,0.0,4.4444,3.5556,4.4444,4.0,4.6667,4.4444,4.1111,4.0,4.2222,3.7778,3.5556,4.3333,4.5556,3.3333
696,697,stimulus_697,/pscratch/sd/s/sjmoon/EmoFM/videos/CowenEmotionVideos/0697.mp4,True,0.0,0.0,0.0,0.0,0.0,0.0,0.0,0.083333,0.41667,0.0,0.25,0.0,0.0,0.0,0.0,0.0,0.041667,0.0,0.0,0.0,0.0,0.0,0.125,0.0,0.0,0.0,0.0,0.0,0.0,0.0,0.0,0.083333,0.0,0.0,5.1111,4.5556,4.7778,4.7778,5.0,4.2222,4.8889,5.2222,4.8889,5.1111,5.0,5.1111,4.6667,5.0
697,698,stimulus_698,/pscratch/sd/s/sjmoon/EmoFM/videos/CowenEmotionVideos/0698.mp4,True,0.0,0.0,0.083333,0.0,0.0,0.0,0.33333,0.0,0.0,0.0,0.0,0.0,0.0,0.0,0.083333,0.0,0.0,0.0,0.33333,0.0,0.0,0.041667,0.083333,0.0,0.0,0.0,0.0,0.0,0.041667,0.0,0.0,0.33333,0.0,0.0,6.7778,4.8889,3.5556,2.6667,6.2222,3.0,3.8889,5.6667,3.3333,5.0,3.3333,3.4444,3.0,4.6667
698,699,stimulus_699,/pscratch/sd/s/sjmoon/EmoFM/videos/CowenEmotionVideos/0699.mp4,True,0.0,0.0,0.0,0.0,0.041667,0.20833,0.0,0.0,0.0,0.0,0.0,0.0,0.0,0.0,0.0,0.083333,0.0,0.0,0.0,0.16667,0.0,0.83333,0.0,0.0,0.0,0.0,0.0,0.0,0.5,0.0,0.0,0.16667,0.083333,0.0,5.8889,3.2222,1.3333,1.6667,6.4444,2.2222,6.5556,2.3333,7.1111,1.8889,5.7778,4.7778,1.3333,1.2222
699,700,stimulus_700,/pscratch/sd/s/sjmoon/EmoFM/videos/CowenEmotionVideos/0700.mp4,True,0.125,0.29167,0.0,0.041667,0.0,0.0,0.25,0.0,0.0,0.0,0.0,0.0,0.0,0.0,0.0,0.0,0.0,0.0,0.0,0.0,0.0,0.0,0.0,0.041667,0.0,0.0,0.0,0.0,0.41667,0.0,0.0,0.0,0.41667,0.20833,5.0,3.6667,3.6667,5.8889,6.4444,4.0,6.7778,6.1111,4.0,3.5556,5.3333,3.2222,5.7778,5.2222
700,701,stimulus_701,/pscratch/sd/s/sjmoon/EmoFM/videos/CowenEmotionVideos/0701.mp4,True,0.0,0.0,0.125,0.083333,0.0,0.041667,0.0,0.0,0.0,0.0,0.0,0.0,0.0,0.0,0.0,0.0,0.25,0.0,0.58333,0.16667,0.0,0.0,0.083333,0.25,0.0,0.0,0.0,0.0,0.0,0.0,0.0,0.0,0.0,0.0,7.8889,3.7778,6.0,5.1111,6.1111,4.0,4.1111,5.2222,4.0,5.6667,4.1111,3.8889,4.1111,5.6667
701,702,stimulus_702,/pscratch/sd/s/sjmoon/EmoFM/videos/CowenEmotionVideos/0702.mp4,True,0.0,0.45833,0.0,0.66667,0.0,0.0,0.41667,0.0,0.0,0.0,0.083333,0.0,0.0,0.0,0.0,0.0,0.0,0.0,0.0,0.0,0.0,0.0,0.16667,0.25,0.0,0.0,0.0,0.0,0.0,0.0,0.0,0.0,0.0,0.0,5.5556,5.1111,7.5556,6.7778,6.5556,5.4444,6.5556,8.0,2.4444,6.7778,4.3333,2.1111,7.3333,6.0
702,703,stimulus_703,/pscratch/sd/s/sjmoon/EmoFM/videos/CowenEmotionVideos/0703.mp4,True,0.0,0.0,0.0,0.0,0.0,0.16667,0.16667,0.0,0.0,0.0,0.0,0.0,0.0,0.0,0.0,0.0,0.0,0.0,0.0,0.41667,0.0,0.20833,0.083333,0.0,0.0,0.0,0.0,0.0,0.16667,0.0,0.0,0.083333,0.083333,0.0,4.1111,3.3333,4.0,2.3333,4.6667,3.0,3.2222,3.3333,5.2222,4.0,2.7778,5.3333,3.0,4.1111
703,704,stimulus_704,/pscratch/sd/s/sjmoon/EmoFM/videos/CowenEmotionVideos/0704.mp4,True,0.0,0.0,0.083333,0.0,0.0,0.083333,0.0,0.0,0.58333,0.0,0.0,0.0,0.0,0.0,0.0,0.0,0.25,0.0,0.0,0.083333,0.0,0.0,0.0,0.0,0.0,0.0,0.0,0.0,0.0,0.0,0.0,0.0,0.0,0.0,4.0,4.4444,5.7778,5.5556,5.3333,4.3333,4.8889,6.1111,2.2222,5.8889,5.0,3.2222,5.4444,6.3333
704,705,stimulus_705,/pscratch/sd/s/sjmoon/EmoFM/videos/CowenEmotionVideos/0705.mp4,True,0.083333,0.0,0.083333,0.5,0.0,0.0,0.0,0.0,0.0,0.0,0.16667,0.0,0.0,0.0,0.0,0.0,0.0,0.0,0.25,0.0,0.0,0.0,0.45833,0.0,0.0,0.0,0.0,0.0,0.0,0.0,0.0,0.0,0.0,0.0,5.7778,5.1111,6.3333,3.8889,6.3333,5.3333,5.4444,5.8889,4.1111,5.6667,4.7778,3.7778,3.7778,7.5556
705,706,stimulus_706,/pscratch/sd/s/sjmoon/EmoFM/videos/CowenEmotionVideos/0706.mp4,True,0.0,0.0,0.0,0.0,0.0,0.16667,0.083333,0.0,0.0,0.0,0.0,0.0,0.0,0.0,0.0,0.0,0.0,0.0,0.0,0.625,0.0,0.41667,0.0,0.0,0.0,0.0,0.20833,0.0,0.0,0.0,0.0,0.33333,0.083333,0.0,6.5556,3.6667,2.3333,1.3333,5.8889,3.0,5.6667,2.8889,6.1111,3.0,4.3333,6.2222,1.5556,2.6667
706,707,stimulus_707,/pscratch/sd/s/sjmoon/EmoFM/videos/CowenEmotionVideos/0707.mp4,True,0.0,0.0,0.0,0.083333,0.0,0.0,0.0,0.25,0.0,0.0,0.083333,0.0,0.0,0.083333,0.33333,0.0,0.0,0.0,0.0,0.0,0.0,0.0,0.0,0.0,0.0,0.0,0.0,0.0,0.0,0.0,0.33333,0.16667,0.0,0.0,3.7778,3.4444,2.7778,2.3333,4.6667,4.7778,2.0,5.2222,6.0,4.7778,2.4444,3.3333,4.0,3.7778
707,708,stimulus_708,/pscratch/sd/s/sjmoon/EmoFM/videos/CowenEmotionVideos/0708.mp4,True,0.0,0.29167,0.0,0.54167,0.0,0.0,0.25,0.0,0.0,0.083333,0.0,0.0,0.0,0.0,0.0,0.0,0.0,0.0,0.083333,0.0,0.0,0.0,0.0,0.20833,0.0,0.0,0.083333,0.0,0.0,0.083333,0.0,0.0,0.0,0.0,5.8889,4.2222,7.6667,7.1111,6.0,6.1111,7.1111,7.2222,2.0,7.0,4.0,2.3333,7.2222,7.1111
708,709,stimulus_709,/pscratch/sd/s/sjmoon/EmoFM/videos/CowenEmotionVideos/0709.mp4,True,0.0,0.0,0.0,0.0,0.0,0.083333,0.0,0.083333,0.0,0.0,0.0,0.0,0.0,0.0,0.16667,0.0,0.0,0.0,0.0,0.0,0.0,0.083333,0.083333,0.0,0.0,0.0,0.0,0.0,0.0,0.0,0.75,0.083333,0.0,0.0,7.5556,4.7778,6.5556,6.8889,7.2222,6.6667,3.6667,8.0,2.3333,5.6667,5.2222,3.3333,5.3333,6.4444
709,710,stimulus_710,/pscratch/sd/s/sjmoon/EmoFM/videos/CowenEmotionVideos/0710.mp4,True,0.0,0.0,0.125,0.041667,0.0,0.0,0.0,0.0,0.33333,0.0,0.0,0.0,0.0,0.0,0.0,0.0,0.0,0.0,0.083333,0.0,0.0,0.0,0.0,0.083333,0.5,0.0,0.0,0.0,0.0,0.0,0.0,0.0,0.0,0.0,3.2222,5.1111,5.7778,4.4444,5.0,4.5556,4.2222,6.6667,3.1111,5.5556,5.0,3.5556,6.3333,5.1111
710,711,stimulus_711,/pscratch/sd/s/sjmoon/EmoFM/videos/CowenEmotionVideos/0711.mp4,True,0.0,0.0,0.0,0.0,0.0,0.0,0.0,0.0,0.16667,0.0,0.0,0.0,0.0,0.0,0.0,0.0,0.0,0.0,0.083333,0.0,0.0,0.0,0.083333,0.083333,0.0,0.0,0.0,0.75,0.0,0.0,0.125,0.0,0.0,0.0,5.7778,4.6667,6.5556,6.6667,6.1111,6.0,6.0,7.3333,2.2222,6.5556,5.8889,3.0,5.5556,6.4444
711,712,stimulus_712,/pscratch/sd/s/sjmoon/EmoFM/videos/CowenEmotionVideos/0712.mp4,True,0.083333,0.0,0.0,0.25,0.0,0.0,0.0,0.0,0.083333,0.083333,0.083333,0.0,0.0,0.083333,0.0,0.0,0.083333,0.0,0.083333,0.0,0.0,0.0,0.083333,0.083333,0.66667,0.0,0.0,0.0,0.0,0.0,0.0,0.0,0.0,0.0,6.7778,5.1111,6.7778,6.5556,6.5556,6.0,6.1111,3.6667,2.5556,5.6667,5.8889,2.6667,5.3333,4.6667
712,713,stimulus_713,/pscratch/sd/s/sjmoon/EmoFM/videos/CowenEmotionVideos/0713.mp4,True,0.0,0.0,0.0,0.0,0.0,0.0,0.0,0.083333,0.0,0.0,0.0,0.0,0.0,0.0,1.0,0.0,0.0,0.0,0.0,0.0,0.0,0.083333,0.083333,0.0,0.0,0.0,0.0,0.0,0.0,0.0,0.0,0.083333,0.0,0.0,4.0,3.3333,1.7778,1.4444,3.8889,3.4444,3.4444,5.2222,5.6667,4.8889,3.8889,4.2222,4.8889,2.5556
713,714,stimulus_714,/pscratch/sd/s/sjmoon/EmoFM/videos/CowenEmotionVideos/0714.mp4,True,0.083333,0.125,0.0,0.66667,0.0,0.0,0.16667,0.0,0.083333,0.0,0.0,0.0,0.0,0.083333,0.0,0.0,0.0,0.0,0.083333,0.0,0.0,0.0,0.16667,0.083333,0.0,0.0,0.0,0.0,0.0,0.083333,0.0,0.16667,0.0,0.0,5.5556,5.0,6.0,7.0,5.8889,5.2222,6.1111,4.7778,2.4444,3.0,4.4444,3.5556,6.3333,5.0
714,715,stimulus_715,/pscratch/sd/s/sjmoon/EmoFM/videos/CowenEmotionVideos/0715.mp4,True,0.0,0.0,0.0,0.83333,0.0,0.0,0.16667,0.0,0.0,0.083333,0.0,0.0,0.0,0.0,0.0,0.0,0.0,0.0,0.0,0.0,0.0,0.0,0.16667,0.083333,0.0,0.0,0.0,0.0,0.0,0.0,0.0,0.0,0.0,0.0,4.8889,6.1111,7.1111,4.8889,6.1111,5.8889,6.1111,7.0,2.5556,5.8889,4.3333,3.7778,5.5556,5.6667
715,716,stimulus_716,/pscratch/sd/s/sjmoon/EmoFM/videos/CowenEmotionVideos/0716.mp4,True,0.0,0.0,0.0,0.70833,0.0,0.083333,0.083333,0.0,0.0,0.0,0.0,0.0,0.0,0.0,0.0,0.0,0.0,0.0,0.0,0.0,0.0,0.041667,0.0,0.083333,0.0,0.0,0.0,0.0,0.0,0.0,0.0,0.083333,0.083333,0.0,4.7778,4.8889,4.8889,4.1111,5.2222,4.6667,6.0,3.8889,2.5556,3.8889,5.8889,3.0,3.8889,4.7778
716,717,stimulus_717,/pscratch/sd/s/sjmoon/EmoFM/videos/CowenEmotionVideos/0717.mp4,True,0.0,0.0,0.0,0.0,0.083333,0.16667,0.0,0.0,0.0,0.0,0.083333,0.083333,0.0,0.0,0.083333,0.083333,0.0,0.0,0.0,0.0,0.083333,0.041667,0.25,0.041667,0.0,0.0,0.0,0.0,0.54167,0.0,0.0,0.0,0.25,0.0,5.6667,3.8889,1.6667,5.4444,6.7778,4.8889,6.7778,2.0,4.0,2.2222,5.3333,5.7778,3.3333,2.8889
717,718,stimulus_718,/pscratch/sd/s/sjmoon/EmoFM/videos/CowenEmotionVideos/0718.mp4,True,0.20833,0.0,0.083333,0.041667,0.0,0.0,0.41667,0.0,0.16667,0.0,0.0,0.0,0.0,0.0,0.0,0.0,0.083333,0.0,0.083333,0.083333,0.0,0.0,0.25,0.041667,0.0,0.083333,0.0,0.0,0.0,0.0,0.0,0.0,0.0,0.20833,3.0,4.4444,5.8889,2.4444,5.0,5.0,4.6667,7.1111,3.4444,5.7778,3.1111,4.3333,3.7778,4.8889
718,719,stimulus_719,/pscratch/sd/s/sjmoon/EmoFM/videos/CowenEmotionVideos/0719.mp4,True,0.125,0.0,0.0,0.0,0.16667,0.083333,0.0,0.0,0.0,0.0,0.25,0.0,0.0,0.0,0.083333,0.083333,0.0,0.0,0.083333,0.083333,0.083333,0.125,0.0,0.0,0.0,0.0,0.20833,0.0,0.0,0.083333,0.0,0.25,0.083333,0.0,7.0,5.3333,3.3333,4.2222,7.1111,5.0,5.6667,4.0,4.3333,3.6667,5.6667,4.7778,4.2222,5.3333
719,720,stimulus_720,/pscratch/sd/s/sjmoon/EmoFM/videos/CowenEmotionVideos/0720.mp4,True,0.083333,0.0,0.0,0.33333,0.0,0.16667,0.0,0.0,0.0,0.0,0.083333,0.0,0.0,0.083333,0.0,0.083333,0.0,0.0,0.0,0.0,0.0,0.041667,0.083333,0.0,0.0,0.0,0.0,0.0,0.29167,0.083333,0.0,0.25,0.25,0.0,5.3333,4.6667,3.0,4.6667,6.8889,4.3333,6.4444,2.5556,4.2222,3.5556,4.0,4.2222,4.1111,3.6667
720,721,stimulus_721,/pscratch/sd/s/sjmoon/EmoFM/videos/CowenEmotionVideos/0721.mp4,True,0.071429,0.071429,0.0,0.21429,0.0,0.21429,0.42857,0.0,0.0,0.0,0.0,0.0,0.0,0.0,0.0,0.0,0.0,0.0,0.071429,0.0,0.0,0.0,0.14286,0.0,0.0,0.0,0.0,0.0,0.0,0.0,0.0,0.14286,0.0,0.0,6.0,4.6667,6.1111,4.8889,6.1111,5.5556,4.8889,6.3333,2.7778,6.2222,3.6667,3.2222,4.3333,7.2222
721,722,stimulus_722,/pscratch/sd/s/sjmoon/EmoFM/videos/CowenEmotionVideos/0722.mp4,True,0.21429,0.0,0.071429,0.0,0.0,0.5,0.14286,0.0,0.0,0.0,0.0,0.0,0.0,0.0,0.0,0.0,0.0,0.0,0.0,0.42857,0.0,0.071429,0.14286,0.0,0.0,0.0,0.0,0.0,0.0,0.0,0.0,0.0,0.0,0.071429,6.2222,5.3333,4.0,2.2222,6.6667,4.4444,4.7778,5.1111,3.3333,5.2222,3.2222,2.6667,2.4444,6.2222
722,723,stimulus_723,/pscratch/sd/s/sjmoon/EmoFM/videos/CowenEmotionVideos/0723.mp4,True,0.071429,0.0,0.0,0.071429,0.0,0.0,0.28571,0.0,0.0,0.0,0.071429,0.0,0.0,0.0,0.14286,0.0,0.0,0.0,0.0,0.0,0.0,0.0,0.57143,0.0,0.0,0.0,0.0,0.0,0.0,0.0,0.0,0.071429,0.0,0.0,5.1111,4.1111,4.2222,3.6667,5.6667,5.3333,5.1111,6.4444,3.6667,5.0,4.5556,3.6667,5.3333,5.2222
723,724,stimulus_724,/pscratch/sd/s/sjmoon/EmoFM/videos/CowenEmotionVideos/0724.mp4,True,0.0,0.0,0.0,0.071429,0.0,0.5,0.071429,0.0,0.071429,0.0,0.21429,0.0,0.0,0.0,0.0,0.0,0.0,0.0,0.0,0.35714,0.0,0.14286,0.21429,0.0,0.0,0.0,0.0,0.0,0.0,0.0,0.0,0.28571,0.0,0.0,5.8889,3.7778,2.6667,2.6667,6.4444,3.7778,3.4444,4.7778,3.3333,4.5556,2.3333,3.6667,2.2222,5.3333
724,725,stimulus_725,/pscratch/sd/s/sjmoon/EmoFM/videos/CowenEmotionVideos/0725.mp4,True,0.071429,0.0,0.071429,0.35714,0.0,0.0,0.35714,0.0,0.071429,0.0,0.0,0.0,0.0,0.0,0.0,0.0,0.071429,0.0,0.0,0.0,0.0,0.0,0.35714,0.0,0.0,0.0,0.071429,0.0,0.0,0.071429,0.0,0.21429,0.0,0.071429,5.7778,4.7778,6.7778,5.5556,6.2222,6.4444,4.6667,7.1111,2.8889,6.3333,3.8889,2.8889,5.8889,6.8889
725,726,stimulus_726,/pscratch/sd/s/sjmoon/EmoFM/videos/CowenEmotionVideos/0726.mp4,True,0.0,0.0,0.0,0.78571,0.0,0.0,0.0,0.14286,0.0,0.0,0.071429,0.0,0.0,0.071429,0.0,0.071429,0.0,0.0,0.0,0.0,0.0,0.0,0.071429,0.14286,0.0,0.0,0.0,0.14286,0.071429,0.0,0.0,0.21429,0.14286,0.0,4.0,4.1111,5.3333,4.4444,4.8889,4.4444,4.5556,5.1111,2.7778,4.8889,4.0,2.3333,5.3333,3.0
726,727,stimulus_727,/pscratch/sd/s/sjmoon/EmoFM/videos/CowenEmotionVideos/0727.mp4,True,0.0,0.0,0.0,0.42857,0.0,0.14286,0.0,0.0,0.0,0.0,0.0,0.0,0.0,0.0,0.21429,0.0,0.0,0.0,0.0,0.42857,0.0,0.21429,0.071429,0.0,0.0,0.0,0.0,0.0,0.0,0.0,0.0,0.21429,0.0,0.0,5.6667,3.6667,2.0,2.3333,6.1111,3.8889,5.1111,1.8889,5.6667,3.7778,5.3333,3.1111,2.2222,1.8889
727,728,stimulus_728,/pscratch/sd/s/sjmoon/EmoFM/videos/CowenEmotionVideos/0728.mp4,True,0.0,0.0,0.0,0.5,0.0,0.0,0.0,0.28571,0.21429,0.0,0.28571,0.0,0.0,0.0,0.0,0.0,0.0,0.0,0.0,0.0,0.0,0.0,0.0,0.0,0.0,0.0,0.0,0.0,0.0,0.0,0.0,0.0,0.0,0.0,4.4444,5.0,5.6667,4.4444,5.2222,4.4444,5.0,4.7778,2.5556,5.1111,3.5556,3.2222,5.6667,6.4444
728,729,stimulus_729,/pscratch/sd/s/sjmoon/EmoFM/videos/CowenEmotionVideos/0729.mp4,True,0.0,0.0,0.0,0.071429,0.0,0.0,0.0,0.0,0.071429,0.071429,0.071429,0.0,0.14286,0.0,0.57143,0.0,0.0,0.0,0.0,0.0,0.0,0.0,0.14286,0.0,0.0,0.0,0.0,0.0,0.0,0.0,0.0,0.0,0.0,0.0,4.2222,4.1111,4.5556,4.3333,5.1111,4.4444,4.0,7.0,3.1111,5.4444,3.4444,3.0,5.4444,4.8889
729,730,stimulus_730,/pscratch/sd/s/sjmoon/EmoFM/videos/CowenEmotionVideos/0730.mp4,True,0.0,0.0,0.0,0.0,0.071429,0.42857,0.0,0.0,0.0,0.0,0.0,0.0,0.0,0.0,0.071429,0.071429,0.0,0.0,0.0,0.5,0.0,0.21429,0.0,0.0,0.0,0.0,0.14286,0.0,0.0,0.0,0.0,0.28571,0.0,0.071429,6.2222,4.2222,2.5556,2.2222,7.0,5.8889,4.3333,3.3333,3.8889,3.6667,4.0,4.0,2.0,5.1111
730,731,stimulus_731,/pscratch/sd/s/sjmoon/EmoFM/videos/CowenEmotionVideos/0731.mp4,True,0.0,0.0,0.0,0.64286,0.0,0.0,0.0,0.0,0.071429,0.0,0.21429,0.0,0.0,0.0,0.0,0.0,0.0,0.0,0.071429,0.0,0.0,0.071429,0.0,0.071429,0.0,0.0,0.0,0.0,0.0,0.071429,0.0,0.28571,0.071429,0.0,6.1111,4.0,5.1111,3.5556,6.1111,4.0,4.5556,4.4444,4.5556,4.2222,5.1111,3.7778,3.5556,3.8889
731,732,stimulus_732,/pscratch/sd/s/sjmoon/EmoFM/videos/CowenEmotionVideos/0732.mp4,True,0.0,0.0,0.0,0.0,0.0,0.0,0.0,0.071429,0.0,0.0,0.0,0.0,0.071429,0.0,0.35714,0.0,0.0,0.0,0.071429,0.0,0.0,0.0,0.14286,0.0,0.0,0.0,0.0,0.0,0.0,0.071429,0.5,0.0,0.0,0.0,6.6667,5.0,6.2222,5.6667,6.4444,5.7778,5.8889,7.1111,2.3333,6.0,5.5556,3.0,6.0,6.7778
732,733,stimulus_733,/pscratch/sd/s/sjmoon/EmoFM/videos/CowenEmotionVideos/0733.mp4,True,0.0,0.0,0.0,0.0,0.42857,0.071429,0.0,0.0,0.071429,0.071429,0.071429,0.071429,0.0,0.071429,0.071429,0.0,0.0,0.0,0.0,0.21429,0.0,0.0,0.0,0.071429,0.0,0.0,0.0,0.0,0.21429,0.0,0.0,0.071429,0.0,0.0,5.5556,4.8889,3.8889,3.2222,5.6667,4.8889,3.0,4.2222,4.0,3.0,3.8889,4.5556,3.6667,3.8889
733,734,stimulus_734,/pscratch/sd/s/sjmoon/EmoFM/videos/CowenEmotionVideos/0734.mp4,True,0.14286,0.071429,0.0,0.35714,0.0,0.0,0.0,0.0,0.21429,0.0,0.0,0.0,0.0,0.071429,0.0,0.0,0.0,0.0,0.21429,0.0,0.0,0.0,0.21429,0.0,0.0,0.0,0.0,0.0,0.0,0.0,0.0,0.071429,0.071429,0.071429,6.0,5.3333,5.5556,5.2222,6.3333,4.6667,4.2222,6.1111,2.6667,4.1111,3.8889,3.7778,5.6667,5.2222
734,735,stimulus_735,/pscratch/sd/s/sjmoon/EmoFM/videos/CowenEmotionVideos/0735.mp4,True,0.0,0.0,0.0,0.42857,0.0,0.0,0.14286,0.0,0.0,0.0,0.14286,0.0,0.0,0.0,0.071429,0.0,0.14286,0.0,0.0,0.0,0.0,0.0,0.64286,0.0,0.0,0.0,0.0,0.0,0.0,0.0,0.0,0.0,0.0,0.0,5.0,4.0,5.5556,4.8889,6.5556,5.0,4.6667,6.7778,2.8889,4.8889,3.3333,3.3333,4.5556,5.7778
735,736,stimulus_736,/pscratch/sd/s/sjmoon/EmoFM/videos/CowenEmotionVideos/0736.mp4,True,0.0,0.0,0.0,0.14286,0.071429,0.21429,0.0,0.0,0.0,0.0,0.071429,0.0,0.0,0.14286,0.0,0.14286,0.0,0.0,0.0,0.0,0.071429,0.21429,0.071429,0.0,0.0,0.0,0.0,0.0,0.64286,0.0,0.0,0.071429,0.35714,0.0,6.0,4.1111,2.7778,3.8889,6.2222,3.6667,5.3333,2.7778,4.8889,3.0,3.5556,5.0,3.4444,3.0
736,737,stimulus_737,/pscratch/sd/s/sjmoon/EmoFM/videos/CowenEmotionVideos/0737.mp4,True,0.071429,0.35714,0.0,0.28571,0.0,0.0,0.28571,0.0,0.071429,0.071429,0.0,0.071429,0.0,0.0,0.071429,0.0,0.0,0.0,0.0,0.0,0.0,0.0,0.0,0.35714,0.14286,0.0,0.0,0.0,0.0,0.0,0.0,0.0,0.0,0.0,5.2222,4.6667,5.6667,6.5556,5.6667,6.0,6.0,7.0,1.7778,6.3333,5.8889,2.2222,6.6667,5.8889
737,738,stimulus_738,/pscratch/sd/s/sjmoon/EmoFM/videos/CowenEmotionVideos/0738.mp4,True,0.0,0.0,0.071429,0.071429,0.0,0.0,0.071429,0.0,0.21429,0.071429,0.0,0.0,0.0,0.0,0.0,0.0,0.0,0.0,0.0,0.0,0.0,0.0,0.5,0.0,0.0,0.0,0.0,0.0,0.0,0.14286,0.0,0.0,0.0,0.0,6.1111,4.8889,5.2222,4.6667,6.8889,5.6667,4.5556,5.0,2.8889,4.5556,4.3333,4.3333,3.8889,4.7778
738,739,stimulus_739,/pscratch/sd/s/sjmoon/EmoFM/videos/CowenEmotionVideos/0739.mp4,True,0.0,0.42857,0.071429,0.42857,0.0,0.0,0.35714,0.0,0.0,0.21429,0.0,0.0,0.0,0.0,0.0,0.0,0.0,0.0,0.0,0.0,0.0,0.0,0.071429,0.28571,0.0,0.0,0.071429,0.0,0.0,0.14286,0.0,0.0,0.0,0.0,6.3333,4.1111,7.4444,6.5556,5.3333,5.2222,6.0,6.2222,1.8889,6.1111,4.4444,2.3333,6.0,5.4444
739,740,stimulus_740,/pscratch/sd/s/sjmoon/EmoFM/videos/CowenEmotionVideos/0740.mp4,True,0.0,0.0,0.0,0.78571,0.0,0.0,0.0,0.071429,0.071429,0.0,0.0,0.071429,0.0,0.0,0.0,0.0,0.0,0.0,0.0,0.0,0.0,0.0,0.071429,0.071429,0.0,0.0,0.0,0.0,0.0,0.0,0.0,0.0,0.0,0.0,4.2222,4.8889,5.2222,4.4444,5.5556,4.4444,4.3333,5.3333,2.8889,5.6667,6.0,3.5556,4.7778,5.2222
740,741,stimulus_741,/pscratch/sd/s/sjmoon/EmoFM/videos/CowenEmotionVideos/0741.mp4,True,0.0,0.0,0.0,0.85714,0.0,0.0,0.0,0.0,0.071429,0.0,0.0,0.0,0.0,0.0,0.0,0.0,0.0,0.0,0.0,0.0,0.0,0.0,0.071429,0.14286,0.0,0.071429,0.0,0.0,0.071429,0.0,0.0,0.0,0.0,0.0,5.2222,5.2222,5.2222,4.2222,5.3333,5.8889,4.5556,4.8889,3.5556,4.4444,4.4444,3.2222,4.4444,4.6667
741,742,stimulus_742,/pscratch/sd/s/sjmoon/EmoFM/videos/CowenEmotionVideos/0742.mp4,True,0.21429,0.0,0.0,0.35714,0.0,0.071429,0.35714,0.0,0.0,0.071429,0.0,0.0,0.0,0.0,0.0,0.0,0.0,0.0,0.14286,0.071429,0.0,0.0,0.071429,0.0,0.0,0.0,0.21429,0.0,0.0,0.0,0.0,0.21429,0.0,0.071429,6.1111,4.8889,5.8889,4.0,6.0,4.3333,4.3333,5.0,4.1111,4.2222,5.2222,3.6667,3.1111,6.8889
742,743,stimulus_743,/pscratch/sd/s/sjmoon/EmoFM/videos/CowenEmotionVideos/0743.mp4,True,0.071429,0.0,0.42857,0.0,0.0,0.0,0.21429,0.0,0.0,0.42857,0.0,0.0,0.0,0.0,0.0,0.0,0.21429,0.0,0.0,0.0,0.0,0.0,0.21429,0.071429,0.071429,0.0,0.14286,0.0,0.0,0.21429,0.0,0.0,0.0,0.0,5.0,4.2222,7.1111,6.6667,5.5556,6.0,3.3333,7.0,2.3333,6.0,3.6667,3.1111,5.7778,4.8889
743,744,stimulus_744,/pscratch/sd/s/sjmoon/EmoFM/videos/CowenEmotionVideos/0744.mp4,True,0.0,0.0,0.0,0.0,0.071429,0.21429,0.0,0.0,0.0,0.0,0.071429,0.0,0.0,0.0,0.14286,0.21429,0.0,0.0,0.0,0.28571,0.0,0.57143,0.0,0.0,0.0,0.0,0.0,0.0,0.21429,0.0,0.0,0.14286,0.28571,0.0,6.1111,4.7778,1.7778,2.6667,6.5556,3.4444,4.0,2.7778,4.7778,2.5556,3.8889,4.7778,1.6667,3.1111
744,745,stimulus_745,/pscratch/sd/s/sjmoon/EmoFM/videos/CowenEmotionVideos/0745.mp4,True,0.0,0.14286,0.21429,0.071429,0.0,0.071429,0.57143,0.0,0.071429,0.0,0.0,0.0,0.0,0.0,0.0,0.0,0.0,0.0,0.14286,0.0,0.0,0.0,0.071429,0.14286,0.0,0.0,0.0,0.0,0.0,0.0,0.0,0.071429,0.0,0.0,7.0,3.8889,6.8889,4.8889,6.6667,5.4444,6.0,5.7778,2.7778,6.0,4.4444,5.1111,4.1111,6.6667
745,746,stimulus_746,/pscratch/sd/s/sjmoon/EmoFM/videos/CowenEmotionVideos/0746.mp4,True,0.0,0.0,0.0,0.0,0.21429,0.21429,0.0,0.0,0.0,0.0,0.071429,0.0,0.0,0.0,0.071429,0.28571,0.0,0.0,0.0,0.28571,0.0,0.28571,0.071429,0.0,0.0,0.0,0.071429,0.0,0.21429,0.0,0.0,0.21429,0.21429,0.0,5.6667,3.6667,1.1111,1.3333,5.4444,4.1111,4.8889,1.5556,5.5556,2.1111,4.1111,3.8889,1.2222,3.2222
746,747,stimulus_747,/pscratch/sd/s/sjmoon/EmoFM/videos/CowenEmotionVideos/0747.mp4,True,0.0,0.071429,0.071429,0.57143,0.0,0.071429,0.0,0.0,0.0,0.14286,0.071429,0.0,0.0,0.0,0.071429,0.0,0.0,0.0,0.0,0.0,0.0,0.0,0.071429,0.0,0.0,0.0,0.0,0.0,0.0,0.0,0.0,0.28571,0.0,0.0,5.1111,4.7778,4.7778,4.0,6.0,4.5556,4.4444,5.0,4.0,4.6667,3.3333,4.3333,5.1111,5.7778
747,748,stimulus_748,/pscratch/sd/s/sjmoon/EmoFM/videos/CowenEmotionVideos/0748.mp4,True,0.0,0.0,0.0,0.21429,0.071429,0.071429,0.0,0.071429,0.21429,0.071429,0.071429,0.071429,0.0,0.14286,0.071429,0.0,0.0,0.0,0.0,0.0,0.0,0.0,0.0,0.0,0.21429,0.0,0.0,0.0,0.0,0.0,0.0,0.0,0.0,0.0,4.8889,4.6667,4.0,2.8889,4.4444,3.5556,3.8889,5.6667,3.3333,3.1111,6.1111,4.6667,3.2222,5.0
748,749,stimulus_749,/pscratch/sd/s/sjmoon/EmoFM/videos/CowenEmotionVideos/0749.mp4,True,0.0,0.0,0.14286,0.071429,0.0,0.0,0.0,0.0,0.0,0.0,0.0,0.0,0.071429,0.0,0.071429,0.0,0.14286,0.071429,0.14286,0.0,0.0,0.0,0.28571,0.0,0.0,0.0,0.0,0.071429,0.0,0.071429,0.71429,0.14286,0.0,0.0,8.4444,6.7778,8.0,7.6667,6.8889,7.4444,6.3333,8.3333,2.4444,6.8889,6.7778,2.2222,6.4444,7.3333
749,750,stimulus_750,/pscratch/sd/s/sjmoon/EmoFM/videos/CowenEmotionVideos/0750.mp4,True,0.0,0.0,0.0,0.0,0.0,0.28571,0.0,0.0,0.0,0.0,0.071429,0.0,0.0,0.0,0.0,0.0,0.0,0.0,0.0,0.57143,0.0,0.57143,0.0,0.0,0.0,0.0,0.0,0.0,0.21429,0.0,0.0,0.28571,0.14286,0.0,7.2222,4.4444,1.0,1.1111,5.6667,3.5556,4.3333,1.1111,5.8889,2.2222,4.0,5.2222,1.2222,1.7778
750,751,stimulus_751,/pscratch/sd/s/sjmoon/EmoFM/videos/CowenEmotionVideos/0751.mp4,True,0.0,0.0,0.27273,0.0,0.0,0.0,0.0,0.0,0.18182,0.090909,0.090909,0.0,0.0,0.0,0.0,0.0,0.18182,0.0,0.0,0.0,0.0,0.0,0.18182,0.18182,0.0,0.090909,0.0,0.0,0.0,0.090909,0.090909,0.0,0.0,0.0,5.4444,5.4444,7.8889,7.3333,6.3333,6.3333,6.2222,7.7778,2.4444,7.1111,6.6667,3.0,6.8889,6.3333
751,752,stimulus_752,/pscratch/sd/s/sjmoon/EmoFM/videos/CowenEmotionVideos/0752.mp4,True,0.0,0.0,0.0,0.27273,0.0,0.0,0.0,0.0,0.27273,0.0,0.0,0.0,0.0,0.0,0.0,0.0,0.0,0.090909,0.0,0.0,0.0,0.0,0.090909,0.090909,0.45455,0.0,0.0,0.0,0.0,0.090909,0.0,0.0,0.0,0.0,4.1111,4.7778,5.5556,5.2222,4.3333,5.8889,4.6667,6.7778,2.4444,5.4444,6.1111,3.2222,6.8889,6.3333
752,753,stimulus_753,/pscratch/sd/s/sjmoon/EmoFM/videos/CowenEmotionVideos/0753.mp4,True,0.13636,0.18182,0.0,0.31818,0.0,0.0,0.27273,0.0,0.0,0.0,0.090909,0.0,0.0,0.0,0.0,0.0,0.0,0.0,0.0,0.0,0.0,0.0,0.36364,0.27273,0.0,0.0,0.0,0.0,0.0,0.090909,0.0,0.27273,0.0,0.0,8.1111,5.3333,8.1111,8.4444,7.4444,6.3333,6.6667,8.0,2.6667,7.2222,5.1111,3.3333,7.5556,7.3333
753,754,stimulus_754,/pscratch/sd/s/sjmoon/EmoFM/videos/CowenEmotionVideos/0754.mp4,True,0.0,0.090909,0.36364,0.090909,0.0,0.0,0.090909,0.0,0.0,0.0,0.18182,0.0,0.0,0.0,0.0,0.0,0.36364,0.0,0.0,0.0,0.0,0.0,0.36364,0.090909,0.0,0.0,0.0,0.0,0.0,0.0,0.0,0.0,0.0,0.0,5.8889,4.4444,4.5556,4.2222,5.5556,3.4444,4.1111,5.8889,3.2222,5.5556,3.3333,4.7778,4.7778,6.0
754,755,stimulus_755,/pscratch/sd/s/sjmoon/EmoFM/videos/CowenEmotionVideos/0755.mp4,True,0.0,0.0,0.0,0.45455,0.0,0.090909,0.0,0.0,0.0,0.0,0.090909,0.0,0.0,0.0,0.0,0.0,0.0,0.0,0.0,0.0,0.0,0.0,0.0,0.18182,0.36364,0.0,0.0,0.0,0.0,0.090909,0.0,0.0,0.0,0.0,6.0,4.8889,5.7778,4.1111,5.4444,4.8889,4.2222,5.2222,2.7778,5.4444,5.0,3.6667,6.7778,6.3333
755,756,stimulus_756,/pscratch/sd/s/sjmoon/EmoFM/videos/CowenEmotionVideos/0756.mp4,True,0.0,0.0,0.0,0.0,0.0,0.090909,0.0,0.0,0.0,0.0,0.0,0.0,0.0,0.0,0.0,0.27273,0.0,0.0,0.0,0.18182,0.0,0.18182,0.0,0.0,0.0,0.0,0.0,0.0,0.90909,0.0,0.0,0.0,0.0,0.0,5.6667,3.1111,1.5556,1.7778,4.1111,2.6667,6.3333,3.4444,7.2222,1.5556,4.7778,5.7778,2.2222,2.6667
756,757,stimulus_757,/pscratch/sd/s/sjmoon/EmoFM/videos/CowenEmotionVideos/0757.mp4,True,0.18182,0.0,0.45455,0.0,0.0,0.0,0.13636,0.0,0.090909,0.27273,0.0,0.0,0.0,0.0,0.0,0.0,0.18182,0.0,0.090909,0.0,0.0,0.0,0.045455,0.18182,0.0,0.0,0.090909,0.0,0.0,0.090909,0.0,0.0,0.0,0.0,5.5556,4.4444,6.8889,6.6667,5.8889,6.0,4.1111,5.8889,3.7778,5.8889,4.0,3.7778,6.6667,6.0
757,758,stimulus_758,/pscratch/sd/s/sjmoon/EmoFM/videos/CowenEmotionVideos/0758.mp4,True,0.0,0.0,0.0,0.54545,0.0,0.090909,0.0,0.090909,0.045455,0.0,0.18182,0.0,0.0,0.0,0.090909,0.0,0.0,0.0,0.0,0.0,0.0,0.0,0.0,0.18182,0.045455,0.0,0.090909,0.0,0.0,0.090909,0.0,0.090909,0.0,0.0,3.6667,4.2222,3.7778,3.6667,4.0,4.2222,4.1111,4.6667,4.7778,4.5556,4.0,4.8889,4.5556,4.3333
758,759,stimulus_759,/pscratch/sd/s/sjmoon/EmoFM/videos/CowenEmotionVideos/0759.mp4,True,0.0,0.0,0.0,0.0,0.18182,0.18182,0.0,0.0,0.0,0.0,0.0,0.0,0.0,0.18182,0.18182,0.18182,0.0,0.0,0.0,0.45455,0.0,0.54545,0.0,0.0,0.0,0.0,0.090909,0.0,0.36364,0.0,0.0,0.090909,0.0,0.0,5.6667,3.3333,2.3333,3.0,4.4444,3.5556,4.8889,3.0,5.5556,3.0,4.2222,4.7778,2.1111,4.5556
759,760,stimulus_760,/pscratch/sd/s/sjmoon/EmoFM/videos/CowenEmotionVideos/0760.mp4,True,0.0,0.0,0.0,0.0,0.0,0.18182,0.0,0.0,0.0,0.0,0.0,0.0,0.0,0.0,0.81818,0.18182,0.0,0.0,0.0,0.18182,0.0,0.45455,0.0,0.0,0.0,0.0,0.0,0.0,0.0,0.0,0.0,0.090909,0.090909,0.0,6.1111,4.1111,2.4444,2.0,5.4444,3.3333,2.8889,2.4444,7.1111,2.7778,2.5556,5.6667,2.0,2.5556
760,761,stimulus_761,/pscratch/sd/s/sjmoon/EmoFM/videos/CowenEmotionVideos/0761.mp4,True,0.0,0.0,0.27273,0.090909,0.0,0.0,0.090909,0.090909,0.0,0.090909,0.22727,0.0,0.0,0.0,0.0,0.0,0.31818,0.0,0.0,0.0,0.0,0.0,0.27273,0.090909,0.0,0.0,0.0,0.0,0.0,0.090909,0.0,0.0,0.0,0.0,6.3333,5.0,5.0,3.5556,6.5556,4.4444,4.1111,4.0,5.5556,5.4444,3.7778,4.5556,4.3333,5.0
761,762,stimulus_762,/pscratch/sd/s/sjmoon/EmoFM/videos/CowenEmotionVideos/0762.mp4,True,0.0,0.31818,0.0,0.59091,0.0,0.0,0.18182,0.0,0.0,0.0,0.090909,0.0,0.0,0.0,0.0,0.0,0.0,0.0,0.0,0.0,0.0,0.0,0.0,0.36364,0.0,0.0,0.0,0.0,0.0,0.090909,0.0,0.0,0.0,0.0,6.3333,5.0,6.7778,6.6667,6.1111,5.4444,6.4444,5.7778,4.3333,6.2222,4.8889,3.1111,5.1111,6.1111
762,763,stimulus_763,/pscratch/sd/s/sjmoon/EmoFM/videos/CowenEmotionVideos/0763.mp4,True,0.18182,0.0,0.0,0.0,0.0,0.0,0.090909,0.0,0.22727,0.22727,0.0,0.090909,0.0,0.0,0.0,0.0,0.18182,0.0,0.0,0.0,0.0,0.0,0.27273,0.18182,0.0,0.0,0.0,0.0,0.0,0.18182,0.0,0.0,0.0,0.0,4.0,4.5556,5.7778,5.5556,5.2222,5.5556,4.5556,6.2222,3.6667,6.1111,4.7778,3.6667,5.4444,6.1111
763,764,stimulus_764,/pscratch/sd/s/sjmoon/EmoFM/videos/CowenEmotionVideos/0764.mp4,True,0.0,0.0,0.36364,0.0,0.0,0.090909,0.40909,0.0,0.0,0.045455,0.0,0.0,0.0,0.0,0.0,0.0,0.090909,0.0,0.0,0.27273,0.0,0.0,0.27273,0.090909,0.0,0.0,0.0,0.0,0.0,0.090909,0.0,0.090909,0.0,0.0,6.5556,4.8889,4.1111,3.0,5.3333,3.6667,4.2222,3.8889,4.8889,4.6667,3.2222,5.3333,3.3333,4.5556
764,765,stimulus_765,/pscratch/sd/s/sjmoon/EmoFM/videos/CowenEmotionVideos/0765.mp4,True,0.0,0.0,0.0,0.27273,0.0,0.27273,0.0,0.0,0.0,0.0,0.0,0.0,0.0,0.0,0.0,0.0,0.0,0.0,0.18182,0.45455,0.0,0.090909,0.18182,0.090909,0.0,0.0,0.0,0.0,0.0,0.0,0.0,0.18182,0.0,0.0,6.2222,4.5556,4.1111,4.4444,5.7778,5.0,4.0,4.4444,4.4444,4.8889,4.4444,4.4444,3.7778,5.2222
765,766,stimulus_766,/pscratch/sd/s/sjmoon/EmoFM/videos/CowenEmotionVideos/0766.mp4,True,0.090909,0.0,0.54545,0.0,0.0,0.0,0.63636,0.0,0.0,0.27273,0.0,0.0,0.090909,0.0,0.0,0.0,0.090909,0.0,0.0,0.0,0.0,0.0,0.090909,0.18182,0.090909,0.0,0.0,0.0,0.0,0.0,0.0,0.0,0.0,0.0,6.2222,4.5556,7.1111,6.3333,6.0,6.1111,3.7778,5.5556,2.4444,6.0,4.0,3.7778,4.8889,6.2222
766,767,stimulus_767,/pscratch/sd/s/sjmoon/EmoFM/videos/CowenEmotionVideos/0767.mp4,True,0.0,0.0,0.0,0.0,0.0,0.40909,0.0,0.0,0.0,0.0,0.36364,0.0,0.0,0.0,0.0,0.0,0.0,0.0,0.0,0.36364,0.0,0.27273,0.13636,0.0,0.0,0.0,0.0,0.0,0.090909,0.0,0.0,0.090909,0.0,0.0,5.7778,3.7778,2.6667,2.1111,6.1111,3.6667,3.6667,2.7778,6.0,3.1111,2.8889,4.2222,2.6667,2.2222
767,768,stimulus_768,/pscratch/sd/s/sjmoon/EmoFM/videos/CowenEmotionVideos/0768.mp4,True,0.0,0.090909,0.0,0.0,0.0,0.090909,0.13636,0.0,0.0,0.0,0.27273,0.0,0.0,0.0,0.45455,0.0,0.090909,0.0,0.0,0.090909,0.0,0.0,0.31818,0.0,0.0,0.0,0.0,0.0,0.0,0.0,0.0,0.0,0.0,0.0,5.2222,3.7778,3.3333,2.4444,4.3333,4.3333,5.1111,4.7778,4.6667,5.4444,4.4444,5.2222,4.5556,5.0
768,769,stimulus_769,/pscratch/sd/s/sjmoon/EmoFM/videos/CowenEmotionVideos/0769.mp4,True,0.0,0.18182,0.0,0.63636,0.0,0.0,0.27273,0.0,0.0,0.0,0.0,0.0,0.0,0.0,0.0,0.0,0.0,0.0,0.0,0.0,0.0,0.0,0.0,0.090909,0.18182,0.0,0.0,0.0,0.0,0.0,0.0,0.090909,0.0,0.0,5.3333,4.3333,7.3333,7.7778,5.8889,6.4444,7.4444,7.7778,2.1111,6.6667,7.0,2.7778,7.1111,6.4444
769,770,stimulus_770,/pscratch/sd/s/sjmoon/EmoFM/videos/CowenEmotionVideos/0770.mp4,True,0.0,0.0,0.0,0.54545,0.0,0.0,0.0,0.63636,0.090909,0.0,0.090909,0.0,0.0,0.0,0.0,0.090909,0.0,0.0,0.0,0.0,0.0,0.0,0.0,0.18182,0.0,0.0,0.0,0.0,0.090909,0.0,0.0,0.0,0.0,0.0,5.4444,4.2222,4.4444,5.0,4.6667,4.2222,5.6667,5.7778,2.4444,4.1111,5.1111,4.3333,5.7778,3.8889
770,771,stimulus_771,/pscratch/sd/s/sjmoon/EmoFM/videos/CowenEmotionVideos/0771.mp4,True,0.0,0.0,0.36364,0.0,0.0,0.0,0.0,0.0,0.0,0.090909,0.13636,0.0,0.0,0.0,0.0,0.0,0.22727,0.0,0.0,0.0,0.0,0.0,0.27273,0.090909,0.0,0.0,0.0,0.0,0.0,0.18182,0.0,0.0,0.0,0.0,5.4444,4.8889,7.2222,6.6667,6.0,5.0,4.5556,6.7778,2.5556,5.6667,4.3333,2.6667,5.7778,5.7778
771,772,stimulus_772,/pscratch/sd/s/sjmoon/EmoFM/videos/CowenEmotionVideos/0772.mp4,True,0.0,0.090909,0.0,0.18182,0.0,0.0,0.0,0.0,0.090909,0.0,0.090909,0.0,0.0,0.0,0.090909,0.0,0.090909,0.0,0.0,0.0,0.0,0.0,0.18182,0.18182,0.0,0.0,0.0,0.0,0.0,0.0,0.72727,0.0,0.0,0.0,7.3333,6.0,7.6667,7.2222,7.0,6.1111,5.0,6.8889,2.1111,5.5556,5.7778,2.5556,6.7778,5.0
772,773,stimulus_773,/pscratch/sd/s/sjmoon/EmoFM/videos/CowenEmotionVideos/0773.mp4,True,0.090909,0.090909,0.0,0.0,0.0,0.0,0.18182,0.0,0.0,0.0,0.0,0.090909,0.0,0.0,0.0,0.0,0.090909,0.0,0.0,0.0,0.0,0.0,0.090909,0.18182,0.090909,0.0,0.0,0.63636,0.0,0.0,0.090909,0.0,0.0,0.0,5.4444,4.5556,7.1111,6.8889,6.4444,6.8889,6.5556,7.7778,2.4444,6.5556,6.1111,3.4444,7.4444,6.3333
773,774,stimulus_774,/pscratch/sd/s/sjmoon/EmoFM/videos/CowenEmotionVideos/0774.mp4,True,0.0,0.0,0.0,0.36364,0.0,0.090909,0.0,0.045455,0.090909,0.0,0.18182,0.0,0.0,0.0,0.0,0.090909,0.0,0.0,0.090909,0.0,0.0,0.0,0.0,0.0,0.0,0.0,0.0,0.0,0.090909,0.22727,0.0,0.45455,0.0,0.18182,6.5556,5.3333,5.6667,5.0,5.5556,4.3333,5.7778,5.1111,2.6667,5.0,5.1111,5.3333,4.6667,4.3333
774,775,stimulus_775,/pscratch/sd/s/sjmoon/EmoFM/videos/CowenEmotionVideos/0775.mp4,True,0.090909,0.0,0.090909,0.18182,0.0,0.0,0.090909,0.090909,0.0,0.090909,0.0,0.0,0.0,0.0,0.0,0.0,0.090909,0.0,0.18182,0.0,0.0,0.0,0.18182,0.18182,0.0,0.0,0.0,0.0,0.0,0.090909,0.090909,0.0,0.0,0.0,5.8889,5.5556,6.7778,5.7778,6.1111,5.8889,6.1111,8.0,2.7778,6.1111,5.6667,2.7778,7.0,6.1111
775,776,stimulus_776,/pscratch/sd/s/sjmoon/EmoFM/videos/CowenEmotionVideos/0776.mp4,True,0.090909,0.0,0.0,0.0,0.0,0.090909,0.0,0.0,0.0,0.0,0.18182,0.0,0.0,0.13636,0.27273,0.0,0.0,0.0,0.0,0.27273,0.0,0.18182,0.090909,0.0,0.0,0.0,0.090909,0.0,0.22727,0.0,0.0,0.27273,0.0,0.090909,6.5556,4.5556,1.8889,1.4444,6.3333,3.2222,4.3333,1.6667,4.6667,2.0,4.6667,5.2222,1.3333,3.0
776,777,stimulus_777,/pscratch/sd/s/sjmoon/EmoFM/videos/CowenEmotionVideos/0777.mp4,True,0.0,0.0,0.0,0.0,0.0,0.36364,0.0,0.0,0.0,0.0,0.0,0.0,0.0,0.090909,0.27273,0.27273,0.0,0.0,0.0,0.36364,0.0,0.45455,0.0,0.0,0.0,0.0,0.0,0.0,0.63636,0.0,0.0,0.0,0.090909,0.0,6.8889,4.0,1.1111,1.1111,5.6667,2.4444,6.6667,1.2222,6.8889,1.5556,5.8889,5.1111,1.4444,1.2222
777,778,stimulus_778,/pscratch/sd/s/sjmoon/EmoFM/videos/CowenEmotionVideos/0778.mp4,True,0.0,0.0,0.0,0.45455,0.0,0.0,0.0,0.090909,0.0,0.0,0.090909,0.0,0.0,0.045455,0.090909,0.090909,0.0,0.0,0.045455,0.090909,0.0,0.0,0.18182,0.18182,0.0,0.0,0.0,0.0,0.0,0.090909,0.0,0.27273,0.0,0.0,5.6667,4.7778,2.4444,2.0,5.1111,4.2222,3.0,2.2222,3.5556,4.6667,2.7778,5.5556,2.1111,2.3333
778,779,stimulus_779,/pscratch/sd/s/sjmoon/EmoFM/videos/CowenEmotionVideos/0779.mp4,True,0.0,0.27273,0.0,0.0,0.0,0.0,0.090909,0.0,0.0,0.0,0.090909,0.090909,0.0,0.0,0.0,0.0,0.0,0.0,0.090909,0.0,0.0,0.0,0.090909,0.31818,0.045455,0.0,0.090909,0.090909,0.090909,0.090909,0.0,0.0,0.090909,0.0,4.1111,4.2222,7.0,6.7778,5.7778,7.1111,5.7778,8.1111,2.0,6.3333,6.3333,2.7778,7.5556,5.6667
779,780,stimulus_780,/pscratch/sd/s/sjmoon/EmoFM/videos/CowenEmotionVideos/0780.mp4,True,0.0,0.0,0.090909,0.0,0.0,0.0,0.0,0.0,0.0,0.0,0.0,0.0,0.90909,0.0,0.0,0.0,0.0,0.090909,0.0,0.0,0.0,0.0,0.090909,0.0,0.090909,0.0,0.0,0.0,0.0,0.0,0.0,0.0,0.0,0.0,5.6667,5.2222,7.3333,7.6667,5.6667,6.6667,4.7778,8.2222,1.6667,7.0,5.7778,1.7778,7.2222,5.4444
780,781,stimulus_781,/pscratch/sd/s/sjmoon/EmoFM/videos/CowenEmotionVideos/0781.mp4,True,0.0,0.0,0.076923,0.076923,0.23077,0.076923,0.0,0.15385,0.076923,0.0,0.076923,0.15385,0.0,0.38462,0.46154,0.076923,0.0,0.0,0.0,0.076923,0.076923,0.15385,0.0,0.0,0.0,0.0,0.0,0.0,0.23077,0.0,0.076923,0.0,0.076923,0.0,4.5556,3.8889,1.6667,1.2222,6.0,5.0,1.4444,3.2222,5.1111,1.8889,1.4444,3.2222,3.5556,3.3333
781,782,stimulus_782,/pscratch/sd/s/sjmoon/EmoFM/videos/CowenEmotionVideos/0782.mp4,True,0.0,0.0,0.076923,0.15385,0.0,0.076923,0.0,0.0,0.076923,0.0,0.15385,0.0,0.0,0.076923,0.076923,0.076923,0.0,0.0,0.0,0.23077,0.076923,0.61538,0.0,0.0,0.0,0.0,0.0,0.0,0.0,0.0,0.076923,0.23077,0.0,0.0,6.8889,4.5556,4.0,1.8889,7.1111,3.6667,3.6667,4.0,3.8889,4.2222,3.2222,3.5556,3.7778,5.2222
782,783,stimulus_783,/pscratch/sd/s/sjmoon/EmoFM/videos/CowenEmotionVideos/0783.mp4,True,0.076923,0.0,0.076923,0.23077,0.0,0.0,0.0,0.076923,0.076923,0.0,0.46154,0.076923,0.0,0.076923,0.23077,0.076923,0.0,0.0,0.076923,0.0,0.076923,0.0,0.0,0.0,0.0,0.0,0.0,0.0,0.0,0.0,0.15385,0.15385,0.076923,0.0,5.2222,4.6667,4.3333,3.5556,5.2222,4.4444,2.8889,4.3333,4.4444,4.0,2.5556,3.0,4.2222,5.4444
783,784,stimulus_784,/pscratch/sd/s/sjmoon/EmoFM/videos/CowenEmotionVideos/0784.mp4,True,0.23077,0.0,0.076923,0.0,0.0,0.0,0.0,0.0,0.076923,0.076923,0.0,0.0,0.0,0.0,0.0,0.076923,0.0,0.0,0.0,0.0,0.0,0.0,0.076923,0.076923,0.15385,0.38462,0.076923,0.0,0.0,0.15385,0.076923,0.0,0.0,0.38462,5.7778,5.2222,6.3333,5.6667,6.0,5.1111,5.2222,7.1111,3.0,5.7778,5.5556,2.8889,6.8889,5.7778
784,785,stimulus_785,/pscratch/sd/s/sjmoon/EmoFM/videos/CowenEmotionVideos/0785.mp4,True,0.0,0.0,0.076923,0.15385,0.0,0.0,0.0,0.0,0.23077,0.0,0.076923,0.0,0.0,0.076923,0.0,0.076923,0.0,0.0,0.076923,0.0,0.0,0.0,0.076923,0.0,0.46154,0.0,0.0,0.0,0.0,0.0,0.076923,0.0,0.0,0.0,7.2222,5.8889,6.3333,5.6667,7.0,5.7778,4.3333,5.5556,3.8889,6.2222,5.2222,3.4444,6.6667,4.4444
785,786,stimulus_786,/pscratch/sd/s/sjmoon/EmoFM/videos/CowenEmotionVideos/0786.mp4,True,0.0,0.076923,0.38462,0.076923,0.0,0.0,0.23077,0.0,0.23077,0.38462,0.0,0.0,0.0,0.0,0.0,0.076923,0.23077,0.0,0.0,0.0,0.0,0.0,0.0,0.0,0.076923,0.0,0.0,0.0,0.0,0.0,0.076923,0.0,0.0,0.0,5.0,5.1111,7.6667,8.0,6.0,6.0,5.0,7.2222,1.2222,6.5556,4.5556,2.6667,7.4444,5.8889
786,787,stimulus_787,/pscratch/sd/s/sjmoon/EmoFM/videos/CowenEmotionVideos/0787.mp4,True,0.0,0.0,0.076923,0.23077,0.0,0.15385,0.0,0.0,0.15385,0.0,0.23077,0.0,0.0,0.15385,0.0,0.23077,0.0,0.0,0.0,0.076923,0.0,0.15385,0.076923,0.0,0.0,0.0,0.0,0.0,0.076923,0.0,0.076923,0.23077,0.0,0.0,5.6667,3.7778,3.8889,2.1111,6.5556,4.1111,5.1111,3.0,3.0,4.5556,1.8889,3.1111,1.7778,4.3333
787,788,stimulus_788,/pscratch/sd/s/sjmoon/EmoFM/videos/CowenEmotionVideos/0788.mp4,True,0.076923,0.076923,0.15385,0.38462,0.0,0.0,0.076923,0.0,0.076923,0.0,0.23077,0.0,0.0,0.076923,0.0,0.076923,0.076923,0.0,0.076923,0.0,0.0,0.0,0.15385,0.0,0.0,0.0,0.0,0.0,0.0,0.23077,0.076923,0.38462,0.0,0.0,6.4444,4.8889,7.7778,5.8889,7.4444,5.8889,6.2222,7.5556,2.4444,6.7778,5.3333,2.2222,5.7778,7.8889
788,789,stimulus_789,/pscratch/sd/s/sjmoon/EmoFM/videos/CowenEmotionVideos/0789.mp4,True,0.0,0.0,0.23077,0.0,0.0,0.0,0.0,0.0,0.23077,0.076923,0.0,0.076923,0.46154,0.0,0.0,0.076923,0.15385,0.0,0.0,0.0,0.0,0.0,0.0,0.0,0.0,0.0,0.0,0.0,0.0,0.076923,0.076923,0.0,0.0,0.0,6.2222,3.8889,7.4444,7.4444,6.4444,6.7778,5.1111,8.0,2.7778,6.3333,5.6667,2.5556,7.4444,6.1111
789,790,stimulus_790,/pscratch/sd/s/sjmoon/EmoFM/videos/CowenEmotionVideos/0790.mp4,True,0.0,0.0,0.076923,0.0,0.15385,0.15385,0.0,0.0,0.076923,0.0,0.076923,0.0,0.0,0.15385,0.30769,0.23077,0.0,0.0,0.0,0.23077,0.076923,0.61538,0.0,0.0,0.0,0.0,0.0,0.0,0.076923,0.0,0.076923,0.30769,0.15385,0.0,6.5556,2.7778,1.2222,1.8889,7.3333,4.1111,4.5556,1.2222,6.3333,1.7778,2.5556,3.3333,1.2222,1.7778
790,791,stimulus_791,/pscratch/sd/s/sjmoon/EmoFM/videos/CowenEmotionVideos/0791.mp4,True,0.0,0.0,0.076923,0.0,0.0,0.0,0.0,0.15385,0.0,0.0,0.076923,0.0,0.0,0.0,0.30769,0.076923,0.0,0.0,0.076923,0.0,0.0,0.076923,0.076923,0.0,0.0,0.0,0.0,0.0,0.0,0.076923,0.61538,0.0,0.0,0.0,4.8889,3.3333,4.1111,3.6667,4.5556,4.4444,4.6667,4.6667,5.4444,5.1111,3.8889,3.0,4.8889,4.0
791,792,stimulus_792,/pscratch/sd/s/sjmoon/EmoFM/videos/CowenEmotionVideos/0792.mp4,True,0.0,0.0,0.076923,0.076923,0.0,0.076923,0.0,0.0,0.076923,0.0,0.0,0.0,0.0,0.0,0.69231,0.30769,0.0,0.0,0.0,0.0,0.0,0.38462,0.0,0.0,0.0,0.0,0.0,0.0,0.0,0.0,0.076923,0.0,0.0,0.0,6.1111,3.6667,1.5556,1.2222,5.8889,4.5556,3.8889,2.5556,6.7778,3.3333,2.3333,3.1111,2.0,2.8889
792,793,stimulus_793,/pscratch/sd/s/sjmoon/EmoFM/videos/CowenEmotionVideos/0793.mp4,True,0.15385,0.0,0.076923,0.0,0.0,0.0,0.076923,0.23077,0.076923,0.0,0.30769,0.0,0.0,0.0,0.0,0.076923,0.076923,0.0,0.0,0.0,0.076923,0.076923,0.076923,0.0,0.0,0.0,0.0,0.0,0.0,0.0,0.076923,0.15385,0.23077,0.0,5.1111,3.7778,3.7778,3.7778,5.8889,3.8889,4.5556,4.8889,4.0,3.0,3.1111,5.1111,4.4444,4.5556
793,794,stimulus_794,/pscratch/sd/s/sjmoon/EmoFM/videos/CowenEmotionVideos/0794.mp4,True,0.30769,0.15385,0.076923,0.15385,0.0,0.0,0.30769,0.076923,0.076923,0.0,0.076923,0.0,0.0,0.076923,0.0,0.076923,0.0,0.0,0.0,0.0,0.0,0.0,0.076923,0.0,0.0,0.0,0.0,0.0,0.0,0.076923,0.076923,0.15385,0.0,0.23077,5.7778,4.6667,6.6667,6.0,6.0,5.7778,5.6667,6.5556,2.5556,6.1111,4.3333,2.7778,5.1111,6.7778
794,795,stimulus_795,/pscratch/sd/s/sjmoon/EmoFM/videos/CowenEmotionVideos/0795.mp4,True,0.076923,0.0,0.15385,0.0,0.0,0.0,0.0,0.0,0.076923,0.076923,0.0,0.0,0.0,0.0,0.0,0.076923,0.0,0.0,0.15385,0.0,0.0,0.0,0.0,0.15385,0.0,0.0,0.0,0.76923,0.076923,0.076923,0.076923,0.0,0.0,0.0,5.6667,4.8889,7.6667,7.1111,6.0,6.3333,6.7778,7.1111,2.5556,7.0,6.1111,3.5556,7.3333,6.5556
795,796,stimulus_796,/pscratch/sd/s/sjmoon/EmoFM/videos/CowenEmotionVideos/0796.mp4,True,0.23077,0.076923,0.076923,0.23077,0.0,0.0,0.076923,0.0,0.076923,0.0,0.076923,0.0,0.0,0.0,0.0,0.15385,0.076923,0.076923,0.15385,0.0,0.0,0.0,0.076923,0.076923,0.23077,0.076923,0.0,0.0,0.0,0.0,0.076923,0.0,0.0,0.23077,6.5556,5.3333,6.3333,5.8889,6.3333,6.5556,6.0,6.1111,2.7778,6.3333,5.3333,3.5556,4.7778,6.6667
796,797,stimulus_797,/pscratch/sd/s/sjmoon/EmoFM/videos/CowenEmotionVideos/0797.mp4,True,0.0,0.0,0.076923,0.38462,0.0,0.0,0.0,0.15385,0.076923,0.0,0.38462,0.0,0.0,0.0,0.076923,0.076923,0.076923,0.0,0.0,0.0,0.0,0.15385,0.076923,0.0,0.076923,0.0,0.0,0.0,0.0,0.0,0.076923,0.23077,0.0,0.0,5.5556,4.5556,4.2222,2.5556,5.3333,3.2222,4.0,3.0,4.3333,4.1111,3.5556,4.2222,2.8889,3.4444
797,798,stimulus_798,/pscratch/sd/s/sjmoon/EmoFM/videos/CowenEmotionVideos/0798.mp4,True,0.0,0.0,0.23077,0.0,0.0,0.0,0.076923,0.0,0.15385,0.0,0.0,0.0,0.0,0.0,0.0,0.076923,0.076923,0.0,0.15385,0.0,0.076923,0.0,0.076923,0.076923,0.0,0.0,0.0,0.0,0.0,0.076923,0.76923,0.076923,0.0,0.0,7.4444,5.8889,7.8889,7.1111,7.3333,6.6667,6.5556,6.7778,3.0,5.3333,5.6667,3.3333,6.4444,7.0
798,799,stimulus_799,/pscratch/sd/s/sjmoon/EmoFM/videos/CowenEmotionVideos/0799.mp4,True,0.0,0.0,0.30769,0.0,0.0,0.0,0.076923,0.0,0.076923,0.0,0.0,0.0,0.53846,0.0,0.076923,0.076923,0.076923,0.0,0.0,0.0,0.076923,0.0,0.30769,0.0,0.0,0.0,0.0,0.0,0.0,0.076923,0.076923,0.0,0.0,0.0,5.8889,4.6667,7.3333,8.1111,6.3333,6.4444,4.3333,6.7778,2.7778,6.3333,4.4444,4.2222,6.7778,7.2222
799,800,stimulus_800,/pscratch/sd/s/sjmoon/EmoFM/videos/CowenEmotionVideos/0800.mp4,True,0.0,0.38462,0.076923,0.0,0.0,0.0,0.23077,0.0,0.076923,0.076923,0.076923,0.0,0.0,0.0,0.076923,0.076923,0.0,0.0,0.0,0.0,0.0,0.0,0.076923,0.23077,0.0,0.0,0.0,0.0,0.0,0.0,0.076923,0.0,0.15385,0.0,5.5556,4.7778,7.3333,6.3333,6.3333,6.2222,6.7778,7.2222,2.4444,6.6667,5.3333,3.0,7.0,7.4444
800,801,stimulus_801,/pscratch/sd/s/sjmoon/EmoFM/videos/CowenEmotionVideos/0801.mp4,True,0.0,0.076923,0.61538,0.0,0.0,0.0,0.0,0.0,0.30769,0.0,0.0,0.0,0.0,0.0,0.0,0.076923,0.15385,0.0,0.0,0.0,0.0,0.0,0.15385,0.0,0.0,0.0,0.0,0.0,0.0,0.0,0.076923,0.0,0.0,0.0,5.8889,4.6667,6.4444,6.2222,5.8889,4.7778,4.7778,5.8889,3.5556,5.8889,4.3333,4.1111,5.6667,6.7778
801,802,stimulus_802,/pscratch/sd/s/sjmoon/EmoFM/videos/CowenEmotionVideos/0802.mp4,True,0.076923,0.0,0.61538,0.0,0.0,0.0,0.15385,0.0,0.076923,0.076923,0.15385,0.0,0.0,0.0,0.0,0.076923,0.30769,0.0,0.0,0.0,0.0,0.0,0.076923,0.0,0.0,0.0,0.0,0.0,0.0,0.0,0.076923,0.0,0.0,0.0,5.8889,4.8889,6.4444,5.3333,6.3333,5.7778,4.6667,5.3333,2.6667,5.3333,4.7778,3.1111,5.0,6.0
802,803,stimulus_803,/pscratch/sd/s/sjmoon/EmoFM/videos/CowenEmotionVideos/0803.mp4,True,0.0,0.0,0.076923,0.0,0.0,0.076923,0.0,0.0,0.076923,0.0,0.0,0.0,0.0,0.0,0.0,0.15385,0.0,0.0,0.0,0.076923,0.076923,0.076923,0.0,0.0,0.0,0.0,0.0,0.0,0.69231,0.0,0.076923,0.0,0.38462,0.0,4.1111,3.7778,3.3333,3.0,5.2222,5.0,5.1111,4.3333,4.6667,3.7778,5.7778,4.4444,4.1111,3.4444
803,804,stimulus_804,/pscratch/sd/s/sjmoon/EmoFM/videos/CowenEmotionVideos/0804.mp4,True,0.0,0.0,0.076923,0.0,0.0,0.0,0.0,0.0,0.076923,0.0,0.15385,0.0,0.0,0.0,0.76923,0.076923,0.0,0.0,0.0,0.0,0.0,0.23077,0.0,0.0,0.0,0.0,0.0,0.0,0.0,0.0,0.076923,0.23077,0.0,0.0,4.2222,3.0,2.1111,2.1111,5.0,4.2222,2.8889,3.2222,5.5556,3.6667,2.5556,3.8889,3.3333,2.6667
804,805,stimulus_805,/pscratch/sd/s/sjmoon/EmoFM/videos/CowenEmotionVideos/0805.mp4,True,0.15385,0.30769,0.076923,0.23077,0.0,0.076923,0.23077,0.0,0.076923,0.0,0.0,0.0,0.0,0.15385,0.0,0.15385,0.23077,0.0,0.0,0.15385,0.0,0.0,0.15385,0.23077,0.076923,0.076923,0.076923,0.0,0.38462,0.15385,0.076923,0.30769,0.23077,0.076923,5.7778,3.4444,5.3333,6.3333,7.1111,6.4444,7.7778,5.5556,5.2222,4.3333,6.8889,4.1111,6.2222,6.7778
805,806,stimulus_806,/pscratch/sd/s/sjmoon/EmoFM/videos/CowenEmotionVideos/0806.mp4,True,0.0,0.0,0.076923,0.15385,0.0,0.15385,0.0,0.0,0.38462,0.0,0.0,0.0,0.0,0.076923,0.0,0.076923,0.076923,0.0,0.076923,0.0,0.0,0.0,0.0,0.076923,0.38462,0.0,0.0,0.0,0.0,0.0,0.076923,0.076923,0.076923,0.076923,4.7778,4.3333,4.8889,5.0,5.4444,6.0,4.1111,6.3333,2.7778,4.8889,4.5556,4.4444,5.5556,5.4444
806,807,stimulus_807,/pscratch/sd/s/sjmoon/EmoFM/videos/CowenEmotionVideos/0807.mp4,True,0.076923,0.0,0.076923,0.076923,0.0,0.0,0.076923,0.0,0.15385,0.076923,0.076923,0.0,0.076923,0.0,0.0,0.076923,0.0,0.0,0.0,0.0,0.0,0.0,0.46154,0.0,0.0,0.0,0.0,0.0,0.0,0.15385,0.076923,0.15385,0.0,0.0,5.5556,5.0,6.3333,7.5556,7.1111,6.3333,5.6667,7.8889,2.2222,6.2222,5.5556,2.1111,6.2222,7.1111
807,808,stimulus_808,/pscratch/sd/s/sjmoon/EmoFM/videos/CowenEmotionVideos/0808.mp4,True,0.15385,0.0,0.076923,0.23077,0.0,0.23077,0.0,0.0,0.076923,0.0,0.076923,0.0,0.0,0.0,0.0,0.076923,0.15385,0.0,0.0,0.38462,0.0,0.15385,0.076923,0.0,0.076923,0.0,0.15385,0.0,0.0,0.076923,0.076923,0.23077,0.0,0.0,7.0,5.0,3.1111,3.6667,7.4444,4.7778,6.0,3.4444,4.3333,4.2222,5.7778,4.6667,2.3333,7.5556
808,809,stimulus_809,/pscratch/sd/s/sjmoon/EmoFM/videos/CowenEmotionVideos/0809.mp4,True,0.076923,0.0,0.15385,0.076923,0.0,0.076923,0.076923,0.0,0.076923,0.0,0.0,0.0,0.0,0.0,0.0,0.15385,0.15385,0.0,0.0,0.15385,0.0,0.23077,0.38462,0.0,0.0,0.0,0.0,0.0,0.0,0.076923,0.076923,0.23077,0.0,0.0,4.5556,4.7778,3.1111,1.5556,5.5556,6.0,4.6667,3.6667,3.7778,4.3333,3.5556,3.5556,3.2222,3.5556
809,810,stimulus_810,/pscratch/sd/s/sjmoon/EmoFM/videos/CowenEmotionVideos/0810.mp4,True,0.0,0.0,0.076923,0.30769,0.0,0.0,0.0,0.076923,0.23077,0.0,0.076923,0.0,0.0,0.0,0.0,0.076923,0.0,0.0,0.0,0.0,0.0,0.0,0.076923,0.0,0.38462,0.0,0.0,0.0,0.0,0.0,0.076923,0.0,0.0,0.0,5.1111,4.6667,4.5556,4.1111,6.1111,4.2222,5.4444,5.1111,2.6667,4.1111,5.1111,4.3333,5.4444,5.3333
810,811,stimulus_811,/pscratch/sd/s/sjmoon/EmoFM/videos/CowenEmotionVideos/0811.mp4,True,0.0,0.0,0.33333,0.083333,0.0,0.083333,0.0,0.0,0.0,0.0,0.16667,0.0,0.0,0.0,0.083333,0.0,0.083333,0.0,0.0,0.16667,0.0,0.41667,0.083333,0.0,0.0,0.0,0.0,0.0,0.0,0.0,0.0,0.0,0.0,0.0,6.0,3.6667,3.0,2.2222,4.7778,4.2222,2.5556,3.2222,4.6667,4.3333,3.0,4.8889,3.3333,4.2222
811,812,stimulus_812,/pscratch/sd/s/sjmoon/EmoFM/videos/CowenEmotionVideos/0812.mp4,True,0.0,0.083333,0.0,0.083333,0.0,0.0,0.083333,0.0,0.25,0.0,0.0,0.0,0.0,0.0,0.0,0.0,0.0,0.0,0.25,0.0,0.0,0.0,0.16667,0.083333,0.0,0.16667,0.0,0.0,0.0,0.083333,0.0,0.0,0.083333,0.16667,5.8889,4.3333,5.2222,4.8889,5.7778,5.1111,6.0,5.5556,2.2222,5.4444,4.5556,3.6667,4.5556,6.1111
812,813,stimulus_813,/pscratch/sd/s/sjmoon/EmoFM/videos/CowenEmotionVideos/0813.mp4,True,0.0,0.0,0.0,0.0,0.0,0.083333,0.0,0.083333,0.0,0.0,0.0,0.0,0.0,0.0,0.66667,0.41667,0.0,0.0,0.0,0.0,0.0,0.25,0.0,0.0,0.0,0.0,0.0,0.0,0.0,0.0,0.0,0.083333,0.0,0.0,6.3333,4.1111,1.8889,1.2222,5.6667,4.4444,3.2222,2.6667,6.0,4.1111,2.7778,5.3333,3.8889,2.3333
813,814,stimulus_814,/pscratch/sd/s/sjmoon/EmoFM/videos/CowenEmotionVideos/0814.mp4,True,0.0,0.0,0.0,0.25,0.0,0.0,0.0,0.0,0.33333,0.0,0.0,0.0,0.0,0.0,0.0,0.0,0.0,0.0,0.083333,0.0,0.0,0.0,0.083333,0.0,0.25,0.0,0.0,0.0,0.0,0.083333,0.0,0.0,0.0,0.083333,6.0,5.6667,4.5556,3.6667,6.3333,5.6667,4.3333,4.4444,2.8889,4.5556,4.5556,3.2222,4.3333,5.0
814,815,stimulus_815,/pscratch/sd/s/sjmoon/EmoFM/videos/CowenEmotionVideos/0815.mp4,True,0.0,0.41667,0.083333,0.25,0.0,0.0,0.25,0.0,0.25,0.25,0.0,0.0,0.083333,0.0,0.0,0.0,0.0,0.0,0.0,0.0,0.0,0.0,0.083333,0.0,0.0,0.0,0.0,0.0,0.16667,0.083333,0.0,0.0,0.083333,0.0,3.5556,3.4444,5.3333,6.5556,5.4444,5.5556,6.6667,7.2222,2.5556,5.8889,4.4444,3.5556,6.4444,6.2222
815,816,stimulus_816,/pscratch/sd/s/sjmoon/EmoFM/videos/CowenEmotionVideos/0816.mp4,True,0.0,0.16667,0.0,0.0,0.0,0.0,0.0,0.0,0.0,0.0,0.0,0.0,0.083333,0.0,0.0,0.0,0.0,0.16667,0.083333,0.0,0.0,0.0,0.16667,0.0,0.0,0.0,0.0,0.5,0.0,0.0,0.75,0.0,0.0,0.0,6.2222,4.3333,5.3333,5.2222,6.5556,6.5556,5.5556,7.0,2.4444,6.3333,5.0,2.0,5.7778,6.5556
816,817,stimulus_817,/pscratch/sd/s/sjmoon/EmoFM/videos/CowenEmotionVideos/0817.mp4,True,0.0,0.0,0.083333,0.33333,0.0,0.0,0.0,0.0,0.083333,0.0,0.16667,0.0,0.0,0.0,0.0,0.0,0.083333,0.0,0.0,0.0,0.0,0.0,0.33333,0.0,0.0,0.0,0.083333,0.0,0.0,0.25,0.0,0.16667,0.0,0.0,6.4444,5.0,6.1111,7.6667,5.6667,5.5556,4.8889,7.7778,3.6667,6.1111,5.5556,4.3333,5.4444,7.3333
817,818,stimulus_818,/pscratch/sd/s/sjmoon/EmoFM/videos/CowenEmotionVideos/0818.mp4,True,0.0,0.0,0.083333,0.0,0.0,0.0,0.0,0.0,0.083333,0.16667,0.0,0.0,0.83333,0.0,0.083333,0.0,0.0,0.0,0.0,0.0,0.0,0.0,0.16667,0.0,0.0,0.0,0.0,0.0,0.0,0.083333,0.0,0.0,0.0,0.0,5.0,4.3333,5.0,6.5556,5.1111,5.4444,4.2222,6.8889,3.2222,5.0,5.0,3.1111,4.4444,5.2222
818,819,stimulus_819,/pscratch/sd/s/sjmoon/EmoFM/videos/CowenEmotionVideos/0819.mp4,True,0.0,0.0,0.16667,0.16667,0.0,0.0,0.0,0.0,0.083333,0.0,0.0,0.0,0.0,0.0,0.0,0.0,0.0,0.0,0.083333,0.0,0.0,0.0,0.25,0.083333,0.5,0.0,0.0,0.0,0.0,0.0,0.0,0.083333,0.0,0.0,7.0,4.5556,5.3333,3.2222,6.3333,5.2222,4.6667,3.6667,3.2222,3.3333,4.4444,3.2222,3.8889,3.5556
819,820,stimulus_820,/pscratch/sd/s/sjmoon/EmoFM/videos/CowenEmotionVideos/0820.mp4,True,0.0,0.16667,0.0,0.83333,0.0,0.0,0.16667,0.0,0.0,0.0,0.083333,0.0,0.0,0.0,0.0,0.0,0.0,0.0,0.0,0.0,0.0,0.0,0.25,0.16667,0.0,0.0,0.0,0.0,0.0,0.0,0.0,0.25,0.0,0.0,7.2222,4.7778,8.4444,7.6667,5.8889,3.8889,7.0,7.4444,3.0,6.0,5.4444,3.6667,6.2222,7.2222
820,821,stimulus_821,/pscratch/sd/s/sjmoon/EmoFM/videos/CowenEmotionVideos/0821.mp4,True,0.083333,0.0,0.0,0.5,0.083333,0.0,0.0,0.0,0.083333,0.0,0.0,0.083333,0.0,0.16667,0.083333,0.0,0.0,0.0,0.0,0.0,0.0,0.083333,0.083333,0.0,0.083333,0.083333,0.0,0.0,0.0,0.0,0.0,0.0,0.0,0.0,4.2222,4.5556,2.5556,3.0,4.0,4.3333,2.5556,5.2222,3.7778,4.2222,4.2222,4.3333,4.1111,4.0
821,822,stimulus_822,/pscratch/sd/s/sjmoon/EmoFM/videos/CowenEmotionVideos/0822.mp4,True,0.0,0.0,0.33333,0.16667,0.0,0.0,0.0,0.0,0.16667,0.083333,0.25,0.0,0.0,0.0,0.0,0.0,0.5,0.0,0.0,0.0,0.0,0.0,0.25,0.0,0.0,0.0,0.0,0.0,0.0,0.083333,0.0,0.0,0.0,0.0,6.5556,4.3333,5.7778,5.6667,6.8889,6.2222,4.5556,6.4444,6.0,5.4444,4.3333,4.6667,5.3333,5.7778
822,823,stimulus_823,/pscratch/sd/s/sjmoon/EmoFM/videos/CowenEmotionVideos/0823.mp4,True,0.0,0.0,0.0,0.5,0.0,0.0,0.0,0.16667,0.25,0.0,0.0,0.083333,0.0,0.0,0.0,0.0,0.0,0.0,0.083333,0.0,0.0,0.0,0.0,0.083333,0.0,0.0,0.0,0.0,0.0,0.0,0.0,0.0,0.0,0.0,5.5556,4.6667,4.7778,4.3333,5.8889,4.8889,6.1111,6.6667,2.3333,4.5556,6.3333,4.2222,5.6667,3.8889
823,824,stimulus_824,/pscratch/sd/s/sjmoon/EmoFM/videos/CowenEmotionVideos/0824.mp4,True,0.0,0.083333,0.16667,0.083333,0.0,0.0,0.0,0.083333,0.083333,0.0,0.33333,0.0,0.0,0.0,0.0,0.0,0.33333,0.0,0.0,0.0,0.0,0.0,0.16667,0.0,0.0,0.0,0.0,0.25,0.0,0.0,0.083333,0.16667,0.0,0.0,5.8889,4.8889,4.1111,5.1111,6.2222,4.3333,4.3333,5.3333,4.5556,5.5556,3.6667,5.3333,3.8889,5.3333
824,825,stimulus_825,/pscratch/sd/s/sjmoon/EmoFM/videos/CowenEmotionVideos/0825.mp4,True,0.0,0.0,0.0,0.0,0.0,0.25,0.25,0.0,0.0,0.0,0.083333,0.083333,0.083333,0.0,0.0,0.0,0.0,0.0,0.0,0.33333,0.0,0.0,0.16667,0.0,0.0,0.0,0.0,0.0,0.0,0.0,0.0,0.25,0.0,0.0,6.4444,5.2222,6.3333,6.5556,6.4444,5.2222,4.4444,6.3333,4.4444,5.5556,4.7778,3.5556,3.1111,7.5556
825,826,stimulus_826,/pscratch/sd/s/sjmoon/EmoFM/videos/CowenEmotionVideos/0826.mp4,True,0.0,0.0,0.0,0.25,0.0,0.0,0.0,0.16667,0.0,0.083333,0.41667,0.0,0.0,0.0,0.5,0.0,0.0,0.0,0.0,0.0,0.0,0.0,0.0,0.0,0.0,0.0,0.0,0.0,0.0,0.0,0.0,0.16667,0.0,0.0,3.8889,3.4444,1.7778,1.6667,5.2222,2.6667,3.2222,4.3333,4.4444,4.2222,3.0,5.1111,4.4444,2.6667
826,827,stimulus_827,/pscratch/sd/s/sjmoon/EmoFM/videos/CowenEmotionVideos/0827.mp4,True,0.0,0.0,0.0,0.25,0.25,0.0,0.0,0.16667,0.0,0.0,0.33333,0.0,0.0,0.083333,0.16667,0.0,0.0,0.0,0.0,0.083333,0.0,0.083333,0.0,0.083333,0.0,0.0,0.0,0.0,0.0,0.0,0.0,0.083333,0.0,0.083333,6.0,5.4444,3.1111,1.5556,5.1111,4.8889,4.0,3.1111,3.5556,4.7778,3.6667,3.3333,2.4444,3.6667
827,828,stimulus_828,/pscratch/sd/s/sjmoon/EmoFM/videos/CowenEmotionVideos/0828.mp4,True,0.0,0.0,0.5,0.0,0.0,0.0,0.083333,0.0,0.083333,0.33333,0.0,0.0,0.0,0.0,0.0,0.0,0.16667,0.0,0.083333,0.0,0.0,0.0,0.25,0.083333,0.0,0.0,0.0,0.0,0.0,0.0,0.0,0.0,0.0,0.0,6.8889,5.1111,7.5556,6.8889,7.3333,5.5556,5.2222,7.2222,2.3333,5.7778,5.1111,3.3333,5.7778,6.1111
828,829,stimulus_829,/pscratch/sd/s/sjmoon/EmoFM/videos/CowenEmotionVideos/0829.mp4,True,0.0,0.0,0.0,0.0,0.0,0.0,0.0,0.0,0.0,0.0,0.16667,0.0,0.0,0.083333,0.5,0.5,0.0,0.0,0.0,0.0,0.0,0.33333,0.083333,0.0,0.0,0.0,0.0,0.0,0.083333,0.0,0.0,0.16667,0.083333,0.0,5.6667,3.6667,1.7778,1.4444,5.7778,3.3333,3.8889,3.5556,5.0,3.4444,2.7778,5.4444,2.5556,2.4444
829,830,stimulus_830,/pscratch/sd/s/sjmoon/EmoFM/videos/CowenEmotionVideos/0830.mp4,True,0.0,0.0,0.16667,0.0,0.0,0.0,0.0,0.0,0.0,0.0,0.0,0.0,1.0,0.0,0.0,0.0,0.0,0.0,0.0,0.0,0.0,0.0,0.16667,0.0,0.0,0.0,0.0,0.0,0.0,0.083333,0.0,0.0,0.0,0.0,6.0,4.8889,7.6667,8.0,5.8889,6.5556,5.6667,8.4444,1.4444,6.6667,5.5556,2.1111,6.8889,7.5556
830,831,stimulus_831,/pscratch/sd/s/sjmoon/EmoFM/videos/CowenEmotionVideos/0831.mp4,True,0.0,0.0,0.0,0.25,0.0,0.083333,0.41667,0.0,0.0,0.0,0.0,0.083333,0.0,0.0,0.0,0.0,0.0,0.0,0.16667,0.41667,0.0,0.083333,0.25,0.0,0.0,0.0,0.0,0.0,0.0,0.0,0.0,0.0,0.0,0.0,6.3333,4.3333,5.1111,2.2222,6.1111,4.5556,5.1111,5.6667,2.0,5.2222,4.0,4.4444,3.1111,7.0
831,832,stimulus_832,/pscratch/sd/s/sjmoon/EmoFM/videos/CowenEmotionVideos/0832.mp4,True,0.083333,0.083333,0.0,0.0,0.0,0.0,0.0,0.0,0.083333,0.0,0.0,0.0,0.083333,0.0,0.0,0.0,0.0,0.083333,0.16667,0.0,0.0,0.0,0.16667,0.0,0.0,0.0,0.0,0.25,0.0,0.0,0.66667,0.0,0.0,0.0,7.2222,6.0,6.7778,7.2222,6.8889,6.6667,7.1111,7.4444,1.7778,7.0,6.3333,2.8889,6.6667,6.7778
832,833,stimulus_833,/pscratch/sd/s/sjmoon/EmoFM/videos/CowenEmotionVideos/0833.mp4,True,0.0,0.0,0.25,0.083333,0.0,0.083333,0.0,0.0,0.16667,0.0,0.16667,0.0,0.0,0.0,0.083333,0.0,0.41667,0.0,0.0,0.0,0.0,0.0,0.16667,0.0,0.0,0.0,0.0,0.0,0.0,0.0,0.0,0.0,0.0,0.0,6.4444,5.1111,5.8889,5.7778,7.2222,5.5556,4.0,6.7778,4.0,6.1111,4.7778,3.0,6.0,6.0
833,834,stimulus_834,/pscratch/sd/s/sjmoon/EmoFM/videos/CowenEmotionVideos/0834.mp4,True,0.0,0.0,0.0,0.0,0.0,0.41667,0.0,0.0,0.0,0.0,0.0,0.0,0.0,0.0,0.0,0.0,0.0,0.0,0.16667,0.25,0.0,0.16667,0.083333,0.0,0.0,0.0,0.5,0.0,0.0,0.0,0.0,0.16667,0.083333,0.0,6.3333,3.8889,3.2222,2.0,6.0,3.7778,5.7778,3.6667,3.1111,4.3333,5.3333,4.3333,3.0,7.2222
834,835,stimulus_835,/pscratch/sd/s/sjmoon/EmoFM/videos/CowenEmotionVideos/0835.mp4,True,0.0,0.0,0.083333,0.0,0.0,0.25,0.16667,0.0,0.0,0.0,0.0,0.0,0.0,0.0,0.0,0.0,0.25,0.0,0.083333,0.25,0.0,0.083333,0.25,0.0,0.0,0.0,0.0,0.0,0.0,0.083333,0.0,0.0,0.0,0.0,5.8889,3.7778,3.6667,2.0,6.4444,4.4444,4.1111,6.3333,3.1111,5.5556,3.8889,4.8889,2.8889,5.0
835,836,stimulus_836,/pscratch/sd/s/sjmoon/EmoFM/videos/CowenEmotionVideos/0836.mp4,True,0.0,0.0,0.0,0.0,0.33333,0.16667,0.0,0.0,0.0,0.0,0.083333,0.0,0.0,0.083333,0.58333,0.16667,0.0,0.0,0.0,0.083333,0.0,0.5,0.0,0.0,0.0,0.0,0.0,0.0,0.33333,0.0,0.0,0.083333,0.33333,0.0,4.3333,3.8889,1.1111,1.3333,4.2222,1.7778,5.7778,1.4444,6.1111,1.4444,4.8889,5.4444,2.0,1.3333
836,837,stimulus_837,/pscratch/sd/s/sjmoon/EmoFM/videos/CowenEmotionVideos/0837.mp4,True,0.0,0.0,0.083333,0.0,0.0,0.083333,0.0,0.16667,0.33333,0.0,0.0,0.0,0.0,0.0,0.0,0.0,0.0,0.0,0.0,0.0,0.0,0.0,0.083333,0.0,0.0,0.0,0.0,0.083333,0.0,0.0,0.41667,0.0,0.0,0.0,6.0,4.3333,6.3333,6.7778,6.1111,5.8889,5.1111,7.0,2.4444,6.0,4.3333,3.1111,6.4444,6.4444
837,838,stimulus_838,/pscratch/sd/s/sjmoon/EmoFM/videos/CowenEmotionVideos/0838.mp4,True,0.0,0.41667,0.0,0.58333,0.0,0.0,0.5,0.0,0.0,0.0,0.0,0.0,0.0,0.0,0.0,0.0,0.0,0.0,0.083333,0.0,0.0,0.0,0.16667,0.083333,0.0,0.0,0.0,0.0,0.0,0.0,0.0,0.0,0.0,0.0,6.4444,5.2222,7.3333,7.6667,6.0,6.4444,6.6667,8.0,1.3333,7.1111,5.7778,1.8889,7.2222,7.4444
838,839,stimulus_839,/pscratch/sd/s/sjmoon/EmoFM/videos/CowenEmotionVideos/0839.mp4,True,0.0,0.0,0.0,0.083333,0.16667,0.083333,0.0,0.083333,0.0,0.0,0.083333,0.0,0.0,0.0,0.66667,0.16667,0.0,0.0,0.0,0.0,0.0,0.33333,0.083333,0.0,0.0,0.0,0.0,0.0,0.16667,0.0,0.0,0.0,0.0,0.0,5.3333,4.1111,2.3333,1.5556,4.7778,3.4444,5.3333,5.8889,5.3333,3.1111,3.2222,6.0,3.4444,2.3333
839,840,stimulus_840,/pscratch/sd/s/sjmoon/EmoFM/videos/CowenEmotionVideos/0840.mp4,True,0.083333,0.16667,0.083333,0.58333,0.0,0.083333,0.5,0.0,0.0,0.0,0.0,0.0,0.0,0.0,0.0,0.0,0.083333,0.0,0.16667,0.083333,0.0,0.0,0.25,0.0,0.0,0.0,0.0,0.0,0.0,0.0,0.0,0.33333,0.0,0.0,6.8889,5.1111,6.8889,5.6667,7.1111,6.5556,6.3333,8.0,2.1111,5.5556,4.5556,3.4444,4.7778,6.6667
840,841,stimulus_841,/pscratch/sd/s/sjmoon/EmoFM/videos/CowenEmotionVideos/0841.mp4,True,0.0,0.0,0.0,0.0,0.0,0.2,0.0,0.0,0.0,0.0,0.2,0.0,0.0,0.0,0.3,0.1,0.0,0.0,0.0,0.1,0.0,0.5,0.0,0.0,0.0,0.0,0.0,0.0,0.4,0.0,0.0,0.0,0.1,0.0,4.8889,3.4444,2.1111,1.0,4.4444,4.6667,4.2222,3.3333,4.4444,4.6667,2.5556,4.4444,3.4444,3.2222
841,842,stimulus_842,/pscratch/sd/s/sjmoon/EmoFM/videos/CowenEmotionVideos/0842.mp4,True,0.2,0.0,0.4,0.0,0.0,0.0,0.4,0.0,0.0,0.1,0.0,0.0,0.0,0.0,0.0,0.0,0.4,0.0,0.0,0.0,0.0,0.0,0.5,0.0,0.0,0.0,0.0,0.0,0.0,0.0,0.0,0.1,0.0,0.0,7.4444,3.4444,7.2222,3.5556,6.5556,5.8889,4.3333,5.5556,2.7778,6.0,3.5556,5.1111,5.4444,5.2222
842,843,stimulus_843,/pscratch/sd/s/sjmoon/EmoFM/videos/CowenEmotionVideos/0843.mp4,True,0.2,0.0,0.3,0.1,0.0,0.0,0.3,0.0,0.0,0.0,0.1,0.0,0.0,0.0,0.0,0.0,0.2,0.0,0.0,0.0,0.0,0.0,0.4,0.0,0.0,0.0,0.0,0.0,0.0,0.1,0.0,0.2,0.0,0.0,6.1111,4.6667,4.5556,3.4444,7.5556,4.7778,3.2222,5.2222,3.1111,6.8889,3.0,4.6667,4.6667,5.4444
843,844,stimulus_844,/pscratch/sd/s/sjmoon/EmoFM/videos/CowenEmotionVideos/0844.mp4,True,0.1,0.0,0.0,0.1,0.0,0.2,0.0,0.0,0.2,0.0,0.0,0.0,0.0,0.0,0.1,0.1,0.0,0.0,0.0,0.0,0.0,0.1,0.4,0.0,0.0,0.0,0.0,0.0,0.0,0.0,0.0,0.1,0.1,0.1,5.8889,5.4444,4.5556,3.2222,6.0,4.7778,4.0,4.6667,4.2222,6.1111,5.1111,5.4444,2.8889,5.0
844,845,stimulus_845,/pscratch/sd/s/sjmoon/EmoFM/videos/CowenEmotionVideos/0845.mp4,True,0.0,0.0,0.0,0.0,0.1,0.5,0.0,0.0,0.0,0.1,0.0,0.0,0.0,0.1,0.0,0.2,0.0,0.0,0.0,0.1,0.0,0.3,0.2,0.0,0.0,0.0,0.1,0.0,0.1,0.0,0.0,0.2,0.1,0.0,7.1111,3.8889,3.3333,2.1111,6.0,3.6667,6.1111,3.2222,3.7778,3.5556,3.7778,5.2222,3.3333,3.4444
845,846,stimulus_846,/pscratch/sd/s/sjmoon/EmoFM/videos/CowenEmotionVideos/0846.mp4,True,0.0,0.0,0.0,0.3,0.0,0.0,0.2,0.0,0.1,0.1,0.0,0.1,0.0,0.0,0.0,0.0,0.1,0.0,0.0,0.0,0.0,0.0,0.4,0.0,0.0,0.0,0.0,0.0,0.0,0.0,0.0,0.1,0.0,0.0,6.2222,3.4444,4.0,2.8889,6.5556,4.4444,3.4444,4.2222,2.3333,5.5556,3.1111,3.3333,4.2222,5.6667
846,847,stimulus_847,/pscratch/sd/s/sjmoon/EmoFM/videos/CowenEmotionVideos/0847.mp4,True,0.1,0.0,0.2,0.3,0.0,0.0,0.2,0.1,0.0,0.0,0.1,0.0,0.0,0.0,0.0,0.0,0.1,0.0,0.0,0.0,0.0,0.0,0.5,0.0,0.0,0.0,0.0,0.0,0.0,0.0,0.0,0.2,0.0,0.0,6.3333,3.4444,5.6667,6.1111,6.7778,3.5556,4.4444,6.6667,2.5556,6.7778,3.1111,4.2222,5.7778,6.3333
847,848,stimulus_848,/pscratch/sd/s/sjmoon/EmoFM/videos/CowenEmotionVideos/0848.mp4,True,0.0,0.0,0.4,0.0,0.0,0.0,0.1,0.0,0.2,0.3,0.0,0.1,0.0,0.0,0.0,0.0,0.0,0.0,0.0,0.0,0.0,0.0,0.0,0.0,0.1,0.0,0.1,0.0,0.0,0.0,0.0,0.0,0.0,0.0,5.4444,4.5556,7.5556,7.8889,7.4444,6.1111,4.4444,7.7778,2.2222,7.1111,5.7778,3.7778,6.0,6.8889
848,849,stimulus_849,/pscratch/sd/s/sjmoon/EmoFM/videos/CowenEmotionVideos/0849.mp4,True,0.0,0.0,0.0,0.1,0.0,0.0,0.0,0.2,0.0,0.0,0.0,0.0,0.0,0.0,0.3,0.0,0.1,0.1,0.0,0.0,0.0,0.1,0.2,0.0,0.0,0.0,0.0,0.0,0.0,0.0,0.2,0.3,0.0,0.0,3.7778,4.3333,2.5556,2.1111,4.5556,4.5556,2.7778,4.5556,5.0,4.2222,3.2222,5.2222,3.6667,2.5556
849,850,stimulus_850,/pscratch/sd/s/sjmoon/EmoFM/videos/CowenEmotionVideos/0850.mp4,True,0.1,0.1,0.1,0.0,0.0,0.0,0.0,0.1,0.0,0.0,0.1,0.0,0.1,0.0,0.1,0.0,0.0,0.0,0.1,0.0,0.0,0.0,0.1,0.1,0.0,0.0,0.0,0.0,0.0,0.0,0.6,0.1,0.0,0.0,3.2222,3.0,2.8889,2.2222,3.1111,4.8889,3.5556,6.0,5.0,5.1111,2.0,5.0,5.7778,3.3333
850,851,stimulus_851,/pscratch/sd/s/sjmoon/EmoFM/videos/CowenEmotionVideos/0851.mp4,True,0.1,0.0,0.0,0.7,0.0,0.0,0.0,0.0,0.1,0.0,0.0,0.0,0.0,0.0,0.0,0.0,0.0,0.0,0.2,0.0,0.0,0.0,0.2,0.1,0.0,0.0,0.0,0.0,0.0,0.0,0.0,0.0,0.0,0.0,6.0,5.0,6.2222,5.5556,6.4444,5.2222,5.1111,5.5556,1.5556,5.8889,4.4444,4.7778,5.2222,7.2222
851,852,stimulus_852,/pscratch/sd/s/sjmoon/EmoFM/videos/CowenEmotionVideos/0852.mp4,True,0.1,0.0,0.0,0.6,0.0,0.2,0.2,0.0,0.0,0.0,0.0,0.0,0.0,0.0,0.0,0.0,0.1,0.0,0.0,0.0,0.0,0.0,0.4,0.0,0.0,0.0,0.0,0.0,0.0,0.2,0.0,0.4,0.0,0.1,7.5556,5.5556,6.4444,4.1111,6.8889,4.8889,4.2222,5.8889,2.2222,5.5556,3.3333,4.4444,4.3333,6.3333
852,853,stimulus_853,/pscratch/sd/s/sjmoon/EmoFM/videos/CowenEmotionVideos/0853.mp4,True,0.3,0.0,0.0,0.0,0.0,0.6,0.3,0.0,0.0,0.0,0.0,0.0,0.0,0.0,0.0,0.0,0.0,0.0,0.1,0.2,0.0,0.1,0.3,0.0,0.0,0.0,0.0,0.0,0.0,0.0,0.0,0.0,0.0,0.1,5.6667,4.7778,4.4444,2.5556,6.6667,4.7778,4.7778,4.6667,4.6667,5.3333,4.0,3.6667,2.6667,6.2222
853,854,stimulus_854,/pscratch/sd/s/sjmoon/EmoFM/videos/CowenEmotionVideos/0854.mp4,True,0.0,0.0,0.2,0.5,0.0,0.0,0.0,0.1,0.1,0.1,0.0,0.0,0.1,0.0,0.2,0.0,0.0,0.0,0.0,0.0,0.0,0.0,0.2,0.0,0.0,0.0,0.0,0.0,0.0,0.0,0.1,0.2,0.1,0.0,5.2222,5.6667,4.6667,4.1111,5.7778,5.3333,5.3333,5.1111,3.6667,6.5556,5.3333,3.7778,5.0,5.3333
854,855,stimulus_855,/pscratch/sd/s/sjmoon/EmoFM/videos/CowenEmotionVideos/0855.mp4,True,0.0,0.0,0.3,0.0,0.0,0.2,0.0,0.0,0.0,0.0,0.2,0.1,0.0,0.0,0.0,0.1,0.0,0.0,0.0,0.2,0.0,0.4,0.2,0.0,0.0,0.0,0.1,0.0,0.0,0.0,0.0,0.0,0.0,0.0,5.4444,5.2222,2.8889,2.6667,6.6667,4.6667,5.4444,3.1111,4.3333,3.2222,5.1111,4.4444,3.4444,4.6667
855,856,stimulus_856,/pscratch/sd/s/sjmoon/EmoFM/videos/CowenEmotionVideos/0856.mp4,True,0.0,0.0,0.0,0.0,0.1,0.1,0.0,0.0,0.0,0.0,0.0,0.0,0.0,0.0,0.0,0.2,0.0,0.0,0.0,0.2,0.0,0.6,0.1,0.0,0.0,0.0,0.0,0.0,0.3,0.0,0.0,0.5,0.1,0.0,6.0,4.3333,2.3333,2.7778,6.4444,4.6667,5.2222,2.0,4.1111,2.7778,4.6667,3.0,2.8889,2.2222
856,857,stimulus_857,/pscratch/sd/s/sjmoon/EmoFM/videos/CowenEmotionVideos/0857.mp4,True,0.0,0.0,0.0,0.0,0.0,0.0,0.0,0.0,0.0,0.0,0.0,0.0,0.0,0.0,0.8,0.3,0.0,0.0,0.0,0.0,0.0,0.2,0.0,0.0,0.0,0.0,0.1,0.0,0.0,0.0,0.0,0.0,0.1,0.0,4.5556,4.0,2.2222,2.8889,5.1111,4.7778,5.0,4.0,3.4444,5.0,4.8889,3.7778,5.2222,3.7778
857,858,stimulus_858,/pscratch/sd/s/sjmoon/EmoFM/videos/CowenEmotionVideos/0858.mp4,True,0.0,0.1,0.0,0.8,0.0,0.0,0.2,0.0,0.0,0.0,0.1,0.0,0.0,0.0,0.0,0.0,0.0,0.1,0.0,0.0,0.0,0.0,0.2,0.1,0.0,0.0,0.0,0.0,0.0,0.0,0.0,0.1,0.0,0.0,5.7778,5.2222,6.8889,7.2222,5.8889,6.6667,7.3333,7.6667,2.6667,7.0,6.0,3.0,5.4444,6.3333
858,859,stimulus_859,/pscratch/sd/s/sjmoon/EmoFM/videos/CowenEmotionVideos/0859.mp4,True,0.0,0.1,0.0,0.8,0.0,0.0,0.2,0.0,0.0,0.0,0.0,0.0,0.0,0.0,0.0,0.0,0.0,0.0,0.0,0.0,0.0,0.0,0.1,0.2,0.0,0.0,0.0,0.0,0.0,0.2,0.0,0.2,0.1,0.0,5.7778,4.4444,7.2222,6.7778,6.5556,6.3333,6.6667,6.7778,2.8889,6.2222,6.0,2.4444,6.2222,7.4444
859,860,stimulus_860,/pscratch/sd/s/sjmoon/EmoFM/videos/CowenEmotionVideos/0860.mp4,True,0.0,0.0,0.0,0.0,0.0,0.0,0.1,0.0,0.1,0.0,0.0,0.0,0.0,0.0,0.0,0.1,0.0,0.0,0.0,0.0,0.0,0.0,0.1,0.0,0.1,0.0,0.0,0.0,0.7,0.0,0.0,0.0,0.3,0.0,5.0,5.1111,3.6667,5.4444,7.0,4.7778,6.3333,5.2222,3.1111,4.1111,6.7778,4.2222,5.0,4.6667
860,861,stimulus_861,/pscratch/sd/s/sjmoon/EmoFM/videos/CowenEmotionVideos/0861.mp4,True,0.1,0.0,0.0,0.0,0.2,0.1,0.0,0.0,0.0,0.0,0.2,0.1,0.0,0.0,0.6,0.0,0.0,0.0,0.0,0.0,0.0,0.1,0.1,0.0,0.1,0.0,0.0,0.0,0.4,0.1,0.0,0.0,0.1,0.0,6.0,3.4444,1.7778,2.5556,6.3333,4.3333,6.3333,3.4444,5.0,2.4444,5.5556,4.5556,1.7778,3.2222
861,862,stimulus_862,/pscratch/sd/s/sjmoon/EmoFM/videos/CowenEmotionVideos/0862.mp4,True,0.3,0.0,0.0,0.5,0.0,0.0,0.4,0.0,0.0,0.0,0.1,0.0,0.0,0.0,0.0,0.0,0.2,0.0,0.0,0.0,0.0,0.0,0.4,0.0,0.0,0.0,0.0,0.0,0.0,0.1,0.0,0.2,0.0,0.1,6.1111,5.8889,6.6667,5.6667,6.1111,5.6667,5.7778,6.8889,3.4444,5.8889,5.0,2.4444,5.3333,7.1111
862,863,stimulus_863,/pscratch/sd/s/sjmoon/EmoFM/videos/CowenEmotionVideos/0863.mp4,True,0.0,0.0,0.0,0.1,0.0,0.0,0.0,0.1,0.0,0.0,0.1,0.0,0.0,0.0,0.7,0.0,0.0,0.0,0.0,0.0,0.0,0.2,0.1,0.0,0.0,0.0,0.0,0.0,0.0,0.0,0.0,0.1,0.0,0.0,4.7778,3.7778,3.1111,2.3333,5.2222,3.4444,3.2222,4.2222,5.1111,5.1111,2.7778,3.4444,4.6667,3.8889
863,864,stimulus_864,/pscratch/sd/s/sjmoon/EmoFM/videos/CowenEmotionVideos/0864.mp4,True,0.0,0.0,0.0,0.7,0.0,0.0,0.0,0.0,0.0,0.0,0.1,0.1,0.0,0.0,0.2,0.0,0.0,0.0,0.0,0.0,0.0,0.1,0.0,0.1,0.0,0.0,0.0,0.0,0.0,0.0,0.0,0.0,0.0,0.0,4.7778,4.7778,5.8889,5.0,6.3333,5.5556,5.4444,5.8889,2.8889,5.8889,5.1111,3.0,6.2222,5.4444
864,865,stimulus_865,/pscratch/sd/s/sjmoon/EmoFM/videos/CowenEmotionVideos/0865.mp4,True,0.0,0.0,0.0,0.0,0.0,0.0,0.1,0.0,0.0,0.0,0.0,0.1,0.0,0.0,0.9,0.0,0.0,0.0,0.0,0.0,0.0,0.5,0.0,0.0,0.0,0.0,0.0,0.0,0.0,0.0,0.0,0.2,0.0,0.0,6.0,2.8889,1.7778,1.3333,6.0,4.5556,3.2222,3.8889,6.8889,4.8889,2.6667,4.2222,3.1111,2.6667
865,866,stimulus_866,/pscratch/sd/s/sjmoon/EmoFM/videos/CowenEmotionVideos/0866.mp4,True,0.0,0.0,0.0,0.0,0.1,0.2,0.0,0.0,0.0,0.0,0.1,0.1,0.0,0.0,0.5,0.1,0.0,0.0,0.0,0.1,0.0,0.7,0.0,0.0,0.0,0.0,0.0,0.0,0.2,0.0,0.0,0.1,0.3,0.0,7.1111,2.2222,1.0,1.0,7.1111,4.2222,6.8889,1.1111,6.7778,1.5556,5.3333,6.1111,1.3333,1.0
866,867,stimulus_867,/pscratch/sd/s/sjmoon/EmoFM/videos/CowenEmotionVideos/0867.mp4,True,0.0,0.0,0.1,0.5,0.0,0.0,0.0,0.0,0.2,0.0,0.2,0.0,0.0,0.0,0.1,0.0,0.0,0.0,0.0,0.0,0.0,0.0,0.0,0.1,0.5,0.0,0.0,0.0,0.0,0.0,0.0,0.0,0.0,0.0,3.7778,4.6667,5.3333,5.2222,5.3333,5.7778,5.2222,7.2222,1.6667,6.5556,4.4444,2.5556,6.4444,6.2222
867,868,stimulus_868,/pscratch/sd/s/sjmoon/EmoFM/videos/CowenEmotionVideos/0868.mp4,True,0.2,0.0,0.0,0.4,0.0,0.0,0.0,0.0,0.2,0.0,0.0,0.0,0.0,0.1,0.0,0.0,0.0,0.0,0.2,0.0,0.0,0.0,0.3,0.0,0.0,0.0,0.0,0.0,0.0,0.0,0.0,0.0,0.0,0.0,5.3333,5.7778,7.2222,7.4444,6.5556,6.6667,6.2222,8.6667,2.1111,6.8889,6.6667,3.5556,7.3333,6.8889
868,869,stimulus_869,/pscratch/sd/s/sjmoon/EmoFM/videos/CowenEmotionVideos/0869.mp4,True,0.0,0.0,0.0,0.0,0.0,0.1,0.0,0.1,0.0,0.0,0.0,0.0,0.0,0.0,0.1,0.5,0.0,0.0,0.0,0.0,0.0,0.5,0.0,0.0,0.0,0.0,0.0,0.0,0.1,0.0,0.0,0.2,0.2,0.1,7.3333,4.6667,2.1111,1.3333,6.4444,5.1111,6.3333,1.5556,7.8889,3.6667,4.1111,4.2222,1.6667,2.4444
869,870,stimulus_870,/pscratch/sd/s/sjmoon/EmoFM/videos/CowenEmotionVideos/0870.mp4,True,0.0,0.0,0.5,0.0,0.0,0.0,0.0,0.0,0.2,0.1,0.1,0.0,0.0,0.0,0.0,0.0,0.0,0.0,0.1,0.0,0.0,0.0,0.4,0.0,0.0,0.0,0.0,0.0,0.0,0.0,0.0,0.0,0.0,0.0,4.6667,4.4444,5.7778,5.0,6.3333,4.5556,4.1111,7.0,3.3333,5.8889,4.0,3.2222,4.8889,6.0
870,871,stimulus_871,/pscratch/sd/s/sjmoon/EmoFM/videos/CowenEmotionVideos/0871.mp4,True,0.0,0.0,0.0,0.26923,0.0,0.076923,0.19231,0.0,0.0,0.0,0.15385,0.0,0.0,0.076923,0.076923,0.0,0.0,0.0,0.076923,0.23077,0.0,0.076923,0.076923,0.0,0.0,0.0,0.15385,0.0,0.0,0.076923,0.0,0.26923,0.0,0.0,7.1111,5.0,4.6667,1.7778,7.2222,4.3333,3.6667,2.2222,3.1111,5.4444,2.8889,4.0,2.1111,4.4444
871,872,stimulus_872,/pscratch/sd/s/sjmoon/EmoFM/videos/CowenEmotionVideos/0872.mp4,True,0.0,0.0,0.0,0.46154,0.0,0.0,0.0,0.65385,0.0,0.0,0.0,0.0,0.0,0.0,0.076923,0.0,0.0,0.0,0.076923,0.0,0.0,0.0,0.0,0.0,0.0,0.0,0.0,0.0,0.0,0.0,0.0,0.076923,0.0,0.0,4.4444,4.0,4.3333,3.3333,4.7778,5.1111,5.3333,4.6667,3.4444,4.6667,5.1111,4.0,5.3333,4.7778
872,873,stimulus_873,/pscratch/sd/s/sjmoon/EmoFM/videos/CowenEmotionVideos/0873.mp4,True,0.0,0.0,0.0,0.65385,0.0,0.076923,0.0,0.076923,0.0,0.0,0.15385,0.0,0.0,0.0,0.0,0.0,0.0,0.0,0.0,0.0,0.0,0.19231,0.0,0.076923,0.0,0.0,0.0,0.0,0.0,0.076923,0.0,0.0,0.0,0.0,4.1111,4.6667,5.2222,4.5556,4.7778,5.2222,5.5556,7.2222,3.5556,7.0,4.6667,3.1111,6.5556,6.7778
873,874,stimulus_874,/pscratch/sd/s/sjmoon/EmoFM/videos/CowenEmotionVideos/0874.mp4,True,0.0,0.0,0.0,0.0,0.23077,0.0,0.076923,0.0,0.0,0.0,0.15385,0.0,0.0,0.076923,0.69231,0.0,0.0,0.0,0.0,0.0,0.076923,0.23077,0.0,0.0,0.0,0.0,0.0,0.0,0.38462,0.0,0.0,0.0,0.23077,0.0,5.4444,4.2222,1.8889,2.6667,5.4444,4.6667,6.1111,4.3333,6.7778,2.4444,1.8889,4.2222,3.0,2.5556
874,875,stimulus_875,/pscratch/sd/s/sjmoon/EmoFM/videos/CowenEmotionVideos/0875.mp4,True,0.0,0.0,0.23077,0.0,0.0,0.076923,0.53846,0.0,0.076923,0.0,0.15385,0.0,0.0,0.0,0.0,0.0,0.076923,0.0,0.15385,0.076923,0.0,0.0,0.15385,0.0,0.0,0.0,0.0,0.0,0.0,0.0,0.0,0.038462,0.0,0.0,6.5556,5.2222,6.3333,4.6667,6.7778,4.2222,4.1111,7.2222,3.5556,5.8889,3.8889,3.5556,5.0,6.3333
875,876,stimulus_876,/pscratch/sd/s/sjmoon/EmoFM/videos/CowenEmotionVideos/0876.mp4,True,0.0,0.0,0.0,0.076923,0.0,0.0,0.0,0.076923,0.0,0.0,0.0,0.0,0.0,0.0,1.0,0.0,0.0,0.0,0.0,0.0,0.0,0.076923,0.0,0.0,0.0,0.0,0.0,0.0,0.0,0.0,0.0,0.15385,0.0,0.0,3.1111,3.0,1.6667,1.1111,3.8889,4.1111,4.1111,5.2222,6.1111,4.7778,3.3333,3.3333,3.6667,3.0
876,877,stimulus_877,/pscratch/sd/s/sjmoon/EmoFM/videos/CowenEmotionVideos/0877.mp4,True,0.0,0.0,0.0,0.076923,0.0,0.26923,0.0,0.0,0.0,0.0,0.0,0.0,0.0,0.0,0.0,0.076923,0.0,0.0,0.0,0.46154,0.076923,0.34615,0.0,0.0,0.0,0.0,0.0,0.0,0.42308,0.0,0.0,0.11538,0.15385,0.0,5.1111,4.2222,1.8889,3.5556,5.3333,3.6667,4.1111,2.3333,4.7778,2.3333,3.1111,4.1111,2.4444,1.7778
877,878,stimulus_878,/pscratch/sd/s/sjmoon/EmoFM/videos/CowenEmotionVideos/0878.mp4,True,0.0,0.076923,0.076923,0.0,0.0,0.0,0.0,0.0,0.0,0.0,0.0,0.0,0.0,0.0,0.0,0.0,0.0,0.0,0.15385,0.0,0.0,0.0,0.15385,0.0,0.0,0.0,0.0,0.23077,0.0,0.076923,1.0,0.0,0.0,0.0,5.6667,5.5556,6.4444,6.6667,5.6667,5.7778,4.5556,7.8889,2.2222,6.5556,3.2222,2.6667,5.7778,5.8889
878,879,stimulus_879,/pscratch/sd/s/sjmoon/EmoFM/videos/CowenEmotionVideos/0879.mp4,True,0.0,0.0,0.0,0.46154,0.0,0.076923,0.076923,0.0,0.46154,0.0,0.0,0.0,0.0,0.0,0.0,0.0,0.0,0.0,0.0,0.0,0.0,0.0,0.0,0.0,0.0,0.0,0.0,0.0,0.076923,0.0,0.0,0.15385,0.0,0.076923,5.8889,5.7778,6.0,4.3333,5.5556,5.3333,4.7778,5.3333,2.5556,3.7778,4.7778,3.0,5.1111,5.7778
879,880,stimulus_880,/pscratch/sd/s/sjmoon/EmoFM/videos/CowenEmotionVideos/0880.mp4,True,0.0,0.0,0.0,0.0,0.0,0.0,0.0,0.0,0.076923,0.0,0.0,0.0,0.84615,0.0,0.076923,0.0,0.038462,0.0,0.0,0.0,0.0,0.0,0.15385,0.0,0.0,0.0,0.0,0.0,0.0,0.076923,0.0,0.0,0.0,0.0,5.0,5.1111,6.7778,7.7778,6.2222,7.8889,4.6667,7.4444,2.0,6.7778,4.6667,2.2222,6.3333,6.2222
880,881,stimulus_881,/pscratch/sd/s/sjmoon/EmoFM/videos/CowenEmotionVideos/0881.mp4,True,0.0,0.0,0.42308,0.076923,0.0,0.15385,0.46154,0.0,0.0,0.0,0.0,0.0,0.0,0.0,0.0,0.0,0.15385,0.0,0.076923,0.23077,0.0,0.0,0.23077,0.076923,0.0,0.0,0.0,0.0,0.0,0.076923,0.0,0.0,0.0,0.0,5.5556,4.8889,5.5556,5.3333,5.8889,4.2222,3.6667,6.5556,3.3333,5.7778,3.8889,4.3333,3.7778,5.4444
881,882,stimulus_882,/pscratch/sd/s/sjmoon/EmoFM/videos/CowenEmotionVideos/0882.mp4,True,0.0,0.0,0.0,0.38462,0.0,0.0,0.0,0.53846,0.0,0.0,0.076923,0.0,0.0,0.076923,0.076923,0.0,0.0,0.0,0.076923,0.0,0.0,0.0,0.0,0.076923,0.0,0.0,0.0,0.0,0.15385,0.0,0.0,0.15385,0.0,0.0,5.3333,6.2222,4.7778,5.7778,5.8889,4.3333,5.0,4.7778,2.2222,3.3333,3.7778,3.8889,4.7778,4.2222
882,883,stimulus_883,/pscratch/sd/s/sjmoon/EmoFM/videos/CowenEmotionVideos/0883.mp4,True,0.0,0.076923,0.076923,0.0,0.0,0.0,0.0,0.0,0.0,0.0,0.0,0.0,1.0,0.0,0.0,0.0,0.0,0.0,0.0,0.0,0.0,0.0,0.15385,0.076923,0.0,0.0,0.0,0.0,0.0,0.076923,0.0,0.0,0.0,0.0,6.0,4.7778,6.6667,7.4444,5.8889,6.7778,3.5556,6.8889,1.4444,6.3333,4.4444,2.6667,6.7778,5.8889
883,884,stimulus_884,/pscratch/sd/s/sjmoon/EmoFM/videos/CowenEmotionVideos/0884.mp4,True,0.0,0.0,0.23077,0.0,0.0,0.0,0.0,0.0,0.23077,0.076923,0.0,0.0,0.61538,0.0,0.0,0.0,0.0,0.0,0.0,0.0,0.0,0.0,0.076923,0.0,0.0,0.0,0.0,0.0,0.0,0.076923,0.0,0.0,0.0,0.0,5.6667,4.3333,7.3333,7.6667,6.1111,6.7778,4.5556,7.3333,2.1111,6.6667,4.6667,2.4444,6.7778,6.8889
884,885,stimulus_885,/pscratch/sd/s/sjmoon/EmoFM/videos/CowenEmotionVideos/0885.mp4,True,0.0,0.0,0.0,0.076923,0.0,0.23077,0.038462,0.0,0.0,0.0,0.038462,0.0,0.0,0.0,0.0,0.0,0.076923,0.0,0.15385,0.30769,0.0,0.076923,0.30769,0.0,0.0,0.0,0.0,0.0,0.23077,0.0,0.0,0.23077,0.076923,0.076923,6.1111,5.7778,3.7778,2.4444,6.1111,5.2222,5.3333,5.8889,4.5556,5.8889,3.7778,2.5556,3.4444,4.2222
885,886,stimulus_886,/pscratch/sd/s/sjmoon/EmoFM/videos/CowenEmotionVideos/0886.mp4,True,0.0,0.0,0.0,0.0,0.0,0.23077,0.0,0.0,0.0,0.0,0.0,0.0,0.0,0.15385,0.30769,0.15385,0.0,0.0,0.0,0.53846,0.0,0.38462,0.076923,0.0,0.0,0.0,0.0,0.0,0.15385,0.0,0.0,0.0,0.0,0.0,6.1111,6.0,2.7778,2.4444,5.0,5.2222,3.8889,2.1111,4.4444,3.3333,3.2222,2.5556,2.4444,2.3333
886,887,stimulus_887,/pscratch/sd/s/sjmoon/EmoFM/videos/CowenEmotionVideos/0887.mp4,True,0.0,0.0,0.0,0.0,0.076923,0.15385,0.0,0.0,0.0,0.0,0.0,0.0,0.0,0.076923,0.15385,0.0,0.0,0.0,0.0,0.46154,0.0,0.61538,0.0,0.0,0.0,0.0,0.0,0.0,0.53846,0.0,0.0,0.23077,0.0,0.0,6.7778,4.2222,1.6667,3.3333,7.0,4.1111,5.3333,1.5556,5.3333,2.1111,3.5556,2.8889,2.2222,2.0
887,888,stimulus_888,/pscratch/sd/s/sjmoon/EmoFM/videos/CowenEmotionVideos/0888.mp4,True,0.0,0.0,0.0,0.0,0.0,0.0,0.0,0.0,0.0,0.0,0.23077,0.0,0.0,0.0,0.76923,0.0,0.0,0.0,0.0,0.0,0.076923,0.30769,0.0,0.0,0.0,0.0,0.0,0.0,0.15385,0.0,0.0,0.076923,0.0,0.0,5.1111,4.6667,2.8889,2.7778,4.6667,2.2222,3.7778,4.7778,4.7778,3.1111,3.1111,2.8889,3.5556,2.8889
888,889,stimulus_889,/pscratch/sd/s/sjmoon/EmoFM/videos/CowenEmotionVideos/0889.mp4,True,0.0,0.0,0.0,0.0,0.0,0.53846,0.076923,0.076923,0.0,0.0,0.0,0.0,0.0,0.0,0.0,0.0,0.0,0.0,0.076923,0.69231,0.0,0.076923,0.0,0.0,0.0,0.0,0.0,0.0,0.0,0.0,0.0,0.076923,0.0,0.0,6.1111,3.2222,2.3333,2.0,6.1111,2.4444,2.6667,2.8889,4.6667,4.7778,3.2222,4.8889,2.5556,4.0
889,890,stimulus_890,/pscratch/sd/s/sjmoon/EmoFM/videos/CowenEmotionVideos/0890.mp4,True,0.15385,0.0,0.30769,0.038462,0.0,0.23077,0.42308,0.0,0.0,0.0,0.0,0.0,0.0,0.0,0.0,0.0,0.0,0.076923,0.34615,0.30769,0.0,0.15385,0.23077,0.076923,0.0,0.0,0.0,0.0,0.0,0.076923,0.0,0.076923,0.0,0.0,7.2222,3.5556,3.6667,2.5556,6.3333,3.7778,4.0,2.7778,2.7778,4.3333,3.6667,5.3333,2.4444,2.8889
890,891,stimulus_891,/pscratch/sd/s/sjmoon/EmoFM/videos/CowenEmotionVideos/0891.mp4,True,0.076923,0.0,0.15385,0.0,0.0,0.0,0.15385,0.0,0.30769,0.076923,0.30769,0.0,0.0,0.0,0.0,0.0,0.11538,0.0,0.0,0.0,0.0,0.0,0.076923,0.0,0.0,0.0,0.0,0.0,0.076923,0.0,0.0,0.0,0.076923,0.0,3.8889,4.4444,5.8889,4.6667,5.5556,5.5556,3.8889,6.1111,2.5556,6.1111,3.6667,3.5556,5.4444,4.3333
891,892,stimulus_892,/pscratch/sd/s/sjmoon/EmoFM/videos/CowenEmotionVideos/0892.mp4,True,0.0,0.30769,0.0,0.61538,0.0,0.0,0.53846,0.0,0.0,0.076923,0.0,0.0,0.0,0.0,0.0,0.0,0.0,0.0,0.0,0.0,0.0,0.0,0.23077,0.23077,0.0,0.0,0.0,0.0,0.0,0.15385,0.0,0.0,0.0,0.0,5.8889,4.1111,7.0,7.0,7.0,6.6667,6.6667,7.7778,2.7778,8.2222,4.8889,2.8889,7.2222,7.4444
892,893,stimulus_893,/pscratch/sd/s/sjmoon/EmoFM/videos/CowenEmotionVideos/0893.mp4,True,0.0,0.076923,0.0,0.0,0.0,0.0,0.0,0.0,0.076923,0.0,0.0,0.0,0.76923,0.0,0.076923,0.0,0.076923,0.0,0.0,0.0,0.0,0.0,0.076923,0.076923,0.15385,0.0,0.0,0.0,0.0,0.076923,0.0,0.0,0.0,0.0,5.5556,5.3333,6.1111,7.4444,5.7778,5.7778,3.3333,7.1111,1.3333,6.6667,3.2222,3.2222,6.2222,7.0
893,894,stimulus_894,/pscratch/sd/s/sjmoon/EmoFM/videos/CowenEmotionVideos/0894.mp4,True,0.076923,0.076923,0.0,0.53846,0.0,0.0,0.46154,0.0,0.0,0.0,0.0,0.0,0.0,0.0,0.0,0.0,0.0,0.0,0.0,0.0,0.0,0.0,0.11538,0.23077,0.0,0.0,0.15385,0.0,0.0,0.15385,0.0,0.15385,0.0,0.0,6.3333,4.5556,7.1111,6.7778,6.4444,6.8889,5.7778,7.8889,2.3333,7.2222,5.0,2.4444,5.4444,7.5556
894,895,stimulus_895,/pscratch/sd/s/sjmoon/EmoFM/videos/CowenEmotionVideos/0895.mp4,True,0.0,0.0,0.34615,0.0,0.0,0.15385,0.15385,0.0,0.076923,0.0,0.0,0.0,0.0,0.0,0.0,0.0,0.15385,0.0,0.0,0.23077,0.0,0.0,0.26923,0.0,0.0,0.0,0.0,0.0,0.0,0.0,0.0,0.076923,0.0,0.0,6.3333,4.1111,3.8889,1.8889,7.3333,3.4444,3.6667,2.0,3.6667,2.8889,3.4444,6.0,2.0,4.1111
895,896,stimulus_896,/pscratch/sd/s/sjmoon/EmoFM/videos/CowenEmotionVideos/0896.mp4,True,0.0,0.076923,0.076923,0.0,0.0,0.0,0.076923,0.0,0.0,0.0,0.0,0.0,1.0,0.0,0.0,0.0,0.0,0.0,0.0,0.0,0.0,0.0,0.15385,0.076923,0.0,0.0,0.0,0.0,0.0,0.23077,0.0,0.0,0.0,0.0,6.0,4.6667,7.1111,8.0,6.0,6.8889,4.1111,7.6667,1.6667,6.0,3.0,2.6667,6.7778,6.4444
896,897,stimulus_897,/pscratch/sd/s/sjmoon/EmoFM/videos/CowenEmotionVideos/0897.mp4,True,0.0,0.23077,0.0,0.76923,0.0,0.0,0.15385,0.0,0.0,0.0,0.0,0.0,0.0,0.0,0.0,0.0,0.0,0.0,0.0,0.0,0.0,0.0,0.15385,0.46154,0.0,0.0,0.0,0.0,0.0,0.0,0.0,0.23077,0.0,0.0,6.5556,5.2222,7.6667,7.0,6.5556,6.3333,5.4444,6.1111,2.2222,7.4444,4.4444,2.8889,6.0,7.2222
897,898,stimulus_898,/pscratch/sd/s/sjmoon/EmoFM/videos/CowenEmotionVideos/0898.mp4,True,0.0,0.0,0.076923,0.0,0.0,0.0,0.11538,0.0,0.0,0.0,0.0,0.0,0.92308,0.0,0.0,0.0,0.076923,0.0,0.0,0.0,0.0,0.0,0.15385,0.0,0.0,0.0,0.0,0.0,0.0,0.15385,0.0,0.0,0.0,0.0,5.6667,5.0,7.7778,8.0,7.0,6.8889,3.3333,7.5556,2.0,6.2222,3.7778,2.7778,6.8889,6.7778
898,899,stimulus_899,/pscratch/sd/s/sjmoon/EmoFM/videos/CowenEmotionVideos/0899.mp4,True,0.0,0.0,0.0,0.19231,0.0,0.076923,0.34615,0.0,0.076923,0.0,0.0,0.0,0.0,0.0,0.0,0.0,0.0,0.0,0.46154,0.0,0.0,0.0,0.076923,0.076923,0.0,0.0,0.076923,0.0,0.0,0.15385,0.0,0.15385,0.0,0.15385,7.2222,5.6667,7.0,4.1111,7.2222,4.2222,4.2222,5.2222,3.2222,5.4444,4.4444,4.5556,3.0,7.1111
899,900,stimulus_900,/pscratch/sd/s/sjmoon/EmoFM/videos/CowenEmotionVideos/0900.mp4,True,0.0,0.0,0.076923,0.19231,0.0,0.46154,0.19231,0.0,0.076923,0.0,0.0,0.0,0.0,0.0,0.0,0.0,0.076923,0.0,0.38462,0.46154,0.0,0.076923,0.076923,0.0,0.0,0.0,0.0,0.0,0.0,0.076923,0.0,0.076923,0.0,0.0,7.8889,4.0,5.3333,4.4444,6.0,3.5556,3.8889,5.5556,3.3333,5.3333,4.1111,3.8889,3.0,6.0
900,901,stimulus_901,/pscratch/sd/s/sjmoon/EmoFM/videos/CowenEmotionVideos/0901.mp4,True,0.0,0.0,0.30769,0.15385,0.0,0.0,0.15385,0.0,0.076923,0.23077,0.23077,0.0,0.0,0.0,0.0,0.0,0.46154,0.0,0.0,0.0,0.0,0.0,0.076923,0.0,0.0,0.0,0.0,0.0,0.0,0.076923,0.0,0.0,0.0,0.0,5.3333,4.0,4.6667,4.1111,5.0,4.0,3.6667,4.8889,4.6667,4.7778,3.4444,4.3333,4.4444,4.8889
901,902,stimulus_902,/pscratch/sd/s/sjmoon/EmoFM/videos/CowenEmotionVideos/0902.mp4,True,0.15385,0.15385,0.0,0.0,0.0,0.0,0.076923,0.0,0.076923,0.076923,0.0,0.0,0.15385,0.0,0.0,0.0,0.0,0.0,0.23077,0.0,0.0,0.0,0.076923,0.23077,0.0,0.0,0.0,0.69231,0.0,0.0,0.15385,0.0,0.0,0.0,5.0,5.3333,6.6667,6.1111,5.6667,6.4444,5.7778,7.0,3.3333,6.7778,5.7778,3.3333,6.5556,5.8889
902,903,stimulus_903,/pscratch/sd/s/sjmoon/EmoFM/videos/CowenEmotionVideos/0903.mp4,True,0.0,0.15385,0.38462,0.076923,0.0,0.0,0.076923,0.0,0.23077,0.15385,0.076923,0.076923,0.0,0.076923,0.0,0.0,0.15385,0.0,0.0,0.0,0.0,0.0,0.23077,0.0,0.0,0.0,0.076923,0.0,0.0,0.0,0.0,0.0,0.0,0.0,5.5556,5.0,5.7778,5.4444,5.4444,5.1111,5.5556,6.1111,2.7778,6.1111,4.0,4.2222,6.5556,5.4444
903,904,stimulus_904,/pscratch/sd/s/sjmoon/EmoFM/videos/CowenEmotionVideos/0904.mp4,True,0.0,0.46154,0.0,0.53846,0.0,0.0,0.53846,0.0,0.0,0.30769,0.0,0.0,0.0,0.0,0.0,0.0,0.0,0.0,0.0,0.0,0.0,0.0,0.15385,0.23077,0.0,0.0,0.0,0.0,0.0,0.076923,0.0,0.0,0.0,0.0,4.1111,4.1111,6.7778,5.7778,5.5556,6.1111,5.5556,6.4444,2.6667,5.8889,4.8889,3.8889,6.3333,6.4444
904,905,stimulus_905,/pscratch/sd/s/sjmoon/EmoFM/videos/CowenEmotionVideos/0905.mp4,True,0.076923,0.076923,0.076923,0.076923,0.0,0.15385,0.076923,0.076923,0.0,0.0,0.076923,0.0,0.0,0.0,0.46154,0.30769,0.076923,0.0,0.0,0.076923,0.0,0.23077,0.076923,0.0,0.0,0.0,0.0,0.0,0.076923,0.076923,0.0,0.15385,0.15385,0.0,5.4444,3.6667,1.6667,3.0,5.4444,5.1111,4.2222,3.1111,5.3333,3.1111,3.7778,5.2222,3.0,3.1111
905,906,stimulus_906,/pscratch/sd/s/sjmoon/EmoFM/videos/CowenEmotionVideos/0906.mp4,True,0.076923,0.0,0.0,0.69231,0.0,0.076923,0.0,0.0,0.076923,0.0,0.0,0.076923,0.0,0.0,0.0,0.0,0.076923,0.0,0.076923,0.0,0.0,0.0,0.076923,0.38462,0.0,0.0,0.0,0.0,0.0,0.076923,0.0,0.53846,0.0,0.0,6.0,4.6667,6.8889,5.6667,5.5556,5.0,4.5556,6.8889,3.7778,6.2222,4.6667,3.7778,4.5556,7.3333
906,907,stimulus_907,/pscratch/sd/s/sjmoon/EmoFM/videos/CowenEmotionVideos/0907.mp4,True,0.0,0.0,0.0,0.0,0.076923,0.0,0.076923,0.0,0.076923,0.0,0.0,0.0,0.0,0.076923,0.0,0.38462,0.0,0.0,0.30769,0.0,0.076923,0.0,0.23077,0.0,0.0,0.0,0.0,0.0,0.076923,0.076923,0.0,0.38462,0.23077,0.15385,5.6667,5.7778,3.6667,3.3333,5.8889,5.4444,5.6667,4.2222,5.3333,4.3333,5.0,4.1111,4.0,3.8889
907,908,stimulus_908,/pscratch/sd/s/sjmoon/EmoFM/videos/CowenEmotionVideos/0908.mp4,True,0.076923,0.15385,0.076923,0.15385,0.0,0.46154,0.30769,0.0,0.0,0.0,0.0,0.0,0.0,0.0,0.0,0.0,0.0,0.076923,0.38462,0.23077,0.0,0.0,0.076923,0.076923,0.0,0.0,0.0,0.0,0.0,0.0,0.0,0.23077,0.0,0.076923,5.8889,2.8889,4.3333,3.7778,5.8889,3.2222,5.3333,4.2222,4.6667,4.6667,4.2222,5.4444,3.2222,5.6667
908,909,stimulus_909,/pscratch/sd/s/sjmoon/EmoFM/videos/CowenEmotionVideos/0909.mp4,True,0.0,0.0,0.15385,0.15385,0.0,0.076923,0.23077,0.0,0.0,0.0,0.0,0.0,0.0,0.0,0.23077,0.0,0.076923,0.0,0.076923,0.30769,0.0,0.15385,0.076923,0.0,0.0,0.0,0.0,0.0,0.0,0.076923,0.0,0.15385,0.15385,0.0,4.8889,4.4444,3.0,2.5556,5.6667,5.7778,4.2222,3.6667,4.8889,3.1111,3.3333,3.4444,2.6667,3.0
909,910,stimulus_910,/pscratch/sd/s/sjmoon/EmoFM/videos/CowenEmotionVideos/0910.mp4,True,0.0,0.076923,0.0,1.0,0.0,0.15385,0.076923,0.076923,0.0,0.0,0.0,0.0,0.0,0.0,0.0,0.0,0.0,0.0,0.076923,0.076923,0.0,0.0,0.076923,0.076923,0.076923,0.0,0.0,0.0,0.076923,0.0,0.0,0.23077,0.15385,0.0,4.5556,4.8889,5.0,4.3333,5.5556,5.3333,4.3333,3.4444,3.7778,4.1111,4.3333,3.8889,4.0,4.4444
910,911,stimulus_911,/pscratch/sd/s/sjmoon/EmoFM/videos/CowenEmotionVideos/0911.mp4,True,0.0,0.0,0.0,0.23077,0.076923,0.23077,0.0,0.0,0.0,0.0,0.076923,0.0,0.0,0.076923,0.076923,0.53846,0.0,0.0,0.076923,0.15385,0.0,0.0,0.076923,0.0,0.0,0.0,0.0,0.0,0.076923,0.0,0.076923,0.38462,0.23077,0.0,4.1111,3.7778,2.3333,3.6667,4.8889,3.8889,4.5556,3.1111,4.8889,3.8889,4.1111,5.2222,1.6667,2.8889
911,912,stimulus_912,/pscratch/sd/s/sjmoon/EmoFM/videos/CowenEmotionVideos/0912.mp4,True,0.076923,0.0,0.076923,0.53846,0.0,0.0,0.0,0.0,0.076923,0.076923,0.15385,0.0,0.0,0.0,0.0,0.076923,0.0,0.0,0.0,0.0,0.0,0.0,0.38462,0.076923,0.076923,0.0,0.0,0.0,0.0,0.0,0.0,0.23077,0.076923,0.0,4.7778,3.7778,6.5556,5.8889,5.3333,4.7778,5.6667,5.7778,2.4444,5.8889,6.4444,4.4444,5.7778,6.3333
912,913,stimulus_913,/pscratch/sd/s/sjmoon/EmoFM/videos/CowenEmotionVideos/0913.mp4,True,0.0,0.0,0.076923,0.076923,0.15385,0.23077,0.076923,0.0,0.076923,0.0,0.15385,0.076923,0.0,0.23077,0.30769,0.0,0.076923,0.0,0.0,0.23077,0.076923,0.23077,0.15385,0.0,0.0,0.0,0.0,0.0,0.30769,0.0,0.0,0.076923,0.076923,0.076923,5.4444,5.5556,3.6667,3.1111,6.3333,5.1111,4.3333,4.4444,4.1111,4.3333,5.1111,5.4444,3.5556,5.5556
913,914,stimulus_914,/pscratch/sd/s/sjmoon/EmoFM/videos/CowenEmotionVideos/0914.mp4,True,0.0,0.15385,0.0,0.0,0.30769,0.15385,0.0,0.0,0.0,0.0,0.0,0.0,0.0,0.076923,0.46154,0.30769,0.0,0.0,0.0,0.076923,0.0,0.23077,0.0,0.0,0.0,0.0,0.0,0.0,0.61538,0.0,0.0,0.0,0.30769,0.0,5.4444,3.6667,2.4444,5.1111,5.2222,4.8889,7.4444,5.1111,6.0,2.1111,5.5556,5.0,3.8889,4.4444
914,915,stimulus_915,/pscratch/sd/s/sjmoon/EmoFM/videos/CowenEmotionVideos/0915.mp4,True,0.30769,0.46154,0.076923,0.23077,0.0,0.0,0.61538,0.0,0.0,0.15385,0.0,0.0,0.0,0.0,0.0,0.0,0.0,0.076923,0.0,0.0,0.0,0.0,0.15385,0.53846,0.076923,0.0,0.0,0.0,0.0,0.076923,0.0,0.15385,0.0,0.0,6.5556,4.5556,8.0,7.8889,6.6667,5.1111,7.1111,7.0,1.5556,7.3333,5.4444,2.7778,5.8889,8.0
915,916,stimulus_916,/pscratch/sd/s/sjmoon/EmoFM/videos/CowenEmotionVideos/0916.mp4,True,0.15385,0.076923,0.61538,0.076923,0.0,0.15385,0.30769,0.0,0.076923,0.076923,0.0,0.0,0.0,0.0,0.0,0.0,0.076923,0.076923,0.30769,0.076923,0.0,0.0,0.0,0.076923,0.0,0.0,0.0,0.0,0.0,0.0,0.0,0.0,0.0,0.0,6.8889,4.4444,6.7778,5.1111,6.2222,5.2222,5.1111,7.1111,3.4444,6.4444,5.5556,4.0,3.3333,7.1111
916,917,stimulus_917,/pscratch/sd/s/sjmoon/EmoFM/videos/CowenEmotionVideos/0917.mp4,True,0.076923,0.0,0.0,0.38462,0.0,0.0,0.0,0.30769,0.23077,0.0,0.0,0.0,0.0,0.0,0.0,0.0,0.0,0.0,0.15385,0.0,0.076923,0.0,0.15385,0.0,0.0,0.0,0.0,0.0,0.0,0.076923,0.0,0.076923,0.076923,0.15385,4.6667,3.8889,5.3333,5.3333,5.3333,5.2222,5.5556,7.1111,3.8889,5.5556,4.5556,4.5556,5.5556,5.3333
917,918,stimulus_918,/pscratch/sd/s/sjmoon/EmoFM/videos/CowenEmotionVideos/0918.mp4,True,0.076923,0.53846,0.0,0.69231,0.0,0.0,0.46154,0.0,0.0,0.076923,0.0,0.0,0.0,0.0,0.0,0.0,0.0,0.0,0.0,0.0,0.0,0.0,0.15385,0.30769,0.0,0.0,0.0,0.076923,0.0,0.0,0.0,0.076923,0.0,0.0,5.8889,3.7778,8.0,8.0,5.8889,6.3333,7.2222,8.2222,1.0,6.6667,4.3333,2.7778,7.2222,6.3333
918,919,stimulus_919,/pscratch/sd/s/sjmoon/EmoFM/videos/CowenEmotionVideos/0919.mp4,True,0.0,0.0,0.23077,0.076923,0.0,0.0,0.076923,0.0,0.0,0.076923,0.0,0.0,0.76923,0.076923,0.076923,0.0,0.076923,0.23077,0.0,0.0,0.0,0.0,0.076923,0.076923,0.076923,0.0,0.0,0.0,0.0,0.23077,0.0,0.0,0.0,0.0,6.5556,4.6667,7.2222,7.5556,6.7778,6.1111,4.4444,8.3333,1.4444,6.2222,4.0,3.1111,6.8889,7.2222
919,920,stimulus_920,/pscratch/sd/s/sjmoon/EmoFM/videos/CowenEmotionVideos/0920.mp4,True,0.076923,0.0,0.15385,0.53846,0.0,0.0,0.15385,0.0,0.0,0.0,0.0,0.0,0.0,0.076923,0.0,0.0,0.0,0.0,0.15385,0.0,0.0,0.0,0.38462,0.076923,0.0,0.0,0.0,0.0,0.0,0.076923,0.0,0.15385,0.0,0.0,6.7778,5.7778,6.8889,7.2222,6.5556,5.7778,5.1111,7.7778,3.0,7.0,5.8889,3.1111,6.1111,7.4444
920,921,stimulus_921,/pscratch/sd/s/sjmoon/EmoFM/videos/CowenEmotionVideos/0921.mp4,True,0.30769,0.076923,0.15385,0.30769,0.0,0.0,0.30769,0.0,0.0,0.0,0.0,0.0,0.0,0.0,0.0,0.0,0.0,0.0,0.38462,0.0,0.0,0.0,0.23077,0.15385,0.0,0.23077,0.076923,0.0,0.0,0.076923,0.0,0.23077,0.0,0.23077,7.6667,4.6667,7.7778,6.3333,7.5556,5.7778,5.8889,7.5556,2.5556,6.7778,6.0,3.1111,4.8889,7.8889
921,922,stimulus_922,/pscratch/sd/s/sjmoon/EmoFM/videos/CowenEmotionVideos/0922.mp4,True,0.0,0.0,0.076923,0.15385,0.0,0.0,0.0,0.0,0.0,0.0,0.0,0.0,0.15385,0.076923,0.076923,0.0,0.0,0.076923,0.23077,0.0,0.0,0.0,0.076923,0.076923,0.0,0.0,0.0,0.23077,0.0,0.0,1.0,0.0,0.0,0.0,6.3333,5.5556,6.5556,6.1111,5.8889,5.5556,5.6667,6.4444,2.4444,5.6667,5.2222,4.3333,5.6667,6.2222
922,923,stimulus_923,/pscratch/sd/s/sjmoon/EmoFM/videos/CowenEmotionVideos/0923.mp4,True,0.38462,0.076923,0.0,0.23077,0.0,0.076923,0.076923,0.076923,0.076923,0.0,0.076923,0.0,0.0,0.0,0.0,0.0,0.0,0.0,0.076923,0.0,0.0,0.0,0.23077,0.30769,0.076923,0.076923,0.23077,0.0,0.076923,0.23077,0.0,0.076923,0.15385,0.0,7.1111,4.6667,8.7778,7.2222,6.5556,6.5556,7.0,8.2222,2.4444,7.7778,7.1111,3.0,7.0,8.6667
923,924,stimulus_924,/pscratch/sd/s/sjmoon/EmoFM/videos/CowenEmotionVideos/0924.mp4,True,0.0,0.0,0.0,0.61538,0.0,0.0,0.0,0.0,0.15385,0.0,0.0,0.0,0.0,0.0,0.0,0.0,0.0,0.0,0.15385,0.0,0.0,0.0,0.23077,0.23077,0.53846,0.076923,0.0,0.0,0.0,0.076923,0.0,0.0,0.0,0.0,3.7778,5.1111,4.6667,2.4444,4.4444,5.8889,3.5556,5.6667,4.0,5.0,3.2222,4.2222,5.1111,4.2222
924,925,stimulus_925,/pscratch/sd/s/sjmoon/EmoFM/videos/CowenEmotionVideos/0925.mp4,True,0.0,0.0,0.0,0.076923,0.0,0.15385,0.0,0.0,0.076923,0.0,0.38462,0.076923,0.0,0.23077,0.15385,0.076923,0.0,0.0,0.0,0.53846,0.0,0.46154,0.0,0.0,0.0,0.0,0.0,0.0,0.15385,0.0,0.0,0.30769,0.076923,0.0,6.1111,4.3333,1.6667,1.4444,7.1111,3.4444,3.4444,1.4444,6.0,1.7778,3.7778,5.2222,1.4444,1.5556
925,926,stimulus_926,/pscratch/sd/s/sjmoon/EmoFM/videos/CowenEmotionVideos/0926.mp4,True,0.0,0.0,0.0,0.0,0.0,0.23077,0.076923,0.0,0.0,0.0,0.076923,0.0,0.0,0.0,0.84615,0.15385,0.0,0.0,0.0,0.23077,0.0,0.23077,0.0,0.0,0.0,0.0,0.0,0.0,0.0,0.0,0.0,0.0,0.0,0.0,4.8889,4.1111,2.2222,2.0,5.5556,2.7778,3.1111,4.1111,5.1111,5.3333,2.4444,5.3333,2.2222,5.0
926,927,stimulus_927,/pscratch/sd/s/sjmoon/EmoFM/videos/CowenEmotionVideos/0927.mp4,True,0.15385,0.46154,0.0,0.0,0.0,0.0,0.46154,0.0,0.0,0.076923,0.0,0.0,0.0,0.0,0.0,0.0,0.0,0.0,0.0,0.076923,0.076923,0.0,0.076923,0.30769,0.30769,0.15385,0.076923,0.23077,0.076923,0.076923,0.0,0.076923,0.15385,0.0,5.6667,4.5556,7.6667,6.0,6.5556,6.7778,6.4444,7.7778,2.1111,7.6667,5.3333,2.2222,7.3333,7.5556
927,928,stimulus_928,/pscratch/sd/s/sjmoon/EmoFM/videos/CowenEmotionVideos/0928.mp4,True,0.0,0.0,0.0,0.53846,0.0,0.0,0.076923,0.076923,0.15385,0.0,0.15385,0.0,0.0,0.0,0.0,0.0,0.0,0.0,0.076923,0.0,0.0,0.0,0.076923,0.15385,0.30769,0.0,0.0,0.0,0.0,0.0,0.0,0.0,0.0,0.0,5.0,5.2222,6.1111,6.6667,5.6667,5.4444,5.4444,8.2222,1.7778,7.4444,4.6667,2.3333,6.5556,6.5556
928,929,stimulus_929,/pscratch/sd/s/sjmoon/EmoFM/videos/CowenEmotionVideos/0929.mp4,True,0.0,0.0,0.0,0.30769,0.0,0.0,0.0,0.076923,0.0,0.0,0.0,0.0,0.0,0.0,1.0,0.0,0.0,0.0,0.0,0.076923,0.0,0.076923,0.0,0.0,0.0,0.0,0.0,0.0,0.0,0.0,0.0,0.15385,0.0,0.0,5.4444,4.2222,2.7778,2.3333,5.3333,5.1111,4.2222,3.4444,4.5556,5.2222,2.0,4.4444,5.1111,3.0
929,930,stimulus_930,/pscratch/sd/s/sjmoon/EmoFM/videos/CowenEmotionVideos/0930.mp4,True,0.0,0.0,0.30769,0.15385,0.0,0.0,0.15385,0.0,0.0,0.0,0.15385,0.0,0.0,0.0,0.0,0.0,0.076923,0.0,0.23077,0.0,0.0,0.0,0.38462,0.0,0.0,0.0,0.0,0.0,0.0,0.23077,0.0,0.38462,0.0,0.0,6.8889,6.3333,5.8889,4.5556,7.2222,5.8889,3.5556,4.7778,3.0,5.4444,3.8889,3.3333,4.8889,6.6667
930,931,stimulus_931,/pscratch/sd/s/sjmoon/EmoFM/videos/CowenEmotionVideos/0931.mp4,True,0.0,0.071429,0.0,0.71429,0.0,0.0,0.14286,0.0,0.0,0.0,0.071429,0.0,0.0,0.0,0.0,0.0,0.0,0.0,0.0,0.0,0.0,0.0,0.071429,0.28571,0.0,0.0,0.0,0.0,0.0,0.0,0.0,0.071429,0.0,0.0,6.2222,6.2222,8.1111,8.2222,7.1111,6.6667,6.8889,7.2222,2.2222,7.5556,4.1111,2.6667,6.7778,7.3333
931,932,stimulus_932,/pscratch/sd/s/sjmoon/EmoFM/videos/CowenEmotionVideos/0932.mp4,True,0.0,0.28571,0.0,0.42857,0.0,0.0,0.28571,0.0,0.0,0.21429,0.0,0.0,0.0,0.0,0.0,0.0,0.0,0.0,0.0,0.0,0.0,0.0,0.14286,0.14286,0.0,0.0,0.0,0.0,0.0,0.0,0.0,0.0,0.0,0.0,6.8889,5.5556,8.1111,8.6667,7.5556,7.0,7.6667,8.1111,2.0,7.5556,5.1111,3.0,8.0,7.2222
932,933,stimulus_933,/pscratch/sd/s/sjmoon/EmoFM/videos/CowenEmotionVideos/0933.mp4,True,0.0,0.071429,0.0,0.0,0.0,0.0,0.071429,0.0,0.0,0.0,0.0,0.0,0.0,0.0,0.0,0.071429,0.0,0.0,0.14286,0.071429,0.0,0.071429,0.0,0.28571,0.0,0.0,0.14286,0.0,0.14286,0.14286,0.0,0.071429,0.071429,0.14286,7.0,5.0,5.8889,5.2222,7.4444,5.7778,7.3333,7.2222,3.3333,6.5556,5.7778,4.3333,5.5556,8.1111
933,934,stimulus_934,/pscratch/sd/s/sjmoon/EmoFM/videos/CowenEmotionVideos/0934.mp4,True,0.0,0.0,0.14286,0.14286,0.0,0.0,0.14286,0.0,0.071429,0.071429,0.28571,0.071429,0.0,0.0,0.0,0.0,0.21429,0.0,0.0,0.0,0.0,0.0,0.21429,0.0,0.0,0.0,0.0,0.0,0.0,0.071429,0.0,0.0,0.0,0.0,5.4444,5.4444,7.1111,7.1111,7.1111,4.3333,4.7778,6.7778,2.0,6.8889,3.3333,3.3333,7.0,7.8889
934,935,stimulus_935,/pscratch/sd/s/sjmoon/EmoFM/videos/CowenEmotionVideos/0935.mp4,True,0.0,0.0,0.0,0.0,0.0,0.14286,0.14286,0.0,0.0,0.071429,0.0,0.0,0.0,0.071429,0.0,0.0,0.071429,0.0,0.071429,0.21429,0.0,0.21429,0.071429,0.0,0.14286,0.0,0.0,0.0,0.21429,0.0,0.0,0.071429,0.071429,0.0,7.6667,5.1111,2.1111,2.2222,7.2222,4.4444,3.8889,1.7778,4.1111,3.4444,3.3333,5.4444,1.8889,2.8889
935,936,stimulus_936,/pscratch/sd/s/sjmoon/EmoFM/videos/CowenEmotionVideos/0936.mp4,True,0.0,0.0,0.21429,0.0,0.0,0.0,0.14286,0.071429,0.071429,0.0,0.21429,0.0,0.0,0.0,0.0,0.0,0.14286,0.0,0.0,0.0,0.0,0.0,0.0,0.0,0.0,0.0,0.0,0.0,0.0,0.0,0.5,0.0,0.0,0.0,6.3333,5.2222,6.7778,5.2222,6.3333,5.2222,6.8889,6.7778,3.4444,6.8889,4.2222,2.1111,6.1111,6.0
936,937,stimulus_937,/pscratch/sd/s/sjmoon/EmoFM/videos/CowenEmotionVideos/0937.mp4,True,0.0,0.0,0.0,0.0,0.0,0.0,0.0,0.0,0.0,0.0,0.0,0.0,0.0,0.0,0.5,0.0,0.0,0.0,0.0,0.28571,0.0,0.21429,0.21429,0.0,0.0,0.0,0.0,0.0,0.0,0.0,0.0,0.0,0.0,0.0,5.7778,4.8889,1.8889,1.6667,5.0,5.2222,3.5556,3.5556,5.6667,4.1111,2.4444,4.1111,3.0,3.4444
937,938,stimulus_938,/pscratch/sd/s/sjmoon/EmoFM/videos/CowenEmotionVideos/0938.mp4,True,0.0,0.0,0.0,0.71429,0.0,0.071429,0.0,0.14286,0.0,0.0,0.071429,0.0,0.0,0.0,0.0,0.0,0.0,0.0,0.0,0.0,0.0,0.0,0.0,0.071429,0.0,0.0,0.0,0.0,0.0,0.0,0.0,0.0,0.0,0.0,5.5556,4.8889,4.7778,2.8889,5.2222,4.0,4.3333,4.4444,3.2222,3.8889,4.6667,4.7778,3.5556,5.6667
938,939,stimulus_939,/pscratch/sd/s/sjmoon/EmoFM/videos/CowenEmotionVideos/0939.mp4,True,0.0,0.0,0.071429,0.071429,0.0,0.0,0.21429,0.071429,0.071429,0.0,0.071429,0.071429,0.0,0.0,0.14286,0.0,0.14286,0.0,0.071429,0.0,0.0,0.0,0.14286,0.0,0.0,0.0,0.0,0.0,0.0,0.0,0.0,0.14286,0.0,0.0,3.7778,4.0,3.6667,4.6667,5.3333,5.7778,4.5556,6.7778,4.0,5.6667,3.5556,3.4444,5.4444,4.7778
939,940,stimulus_940,/pscratch/sd/s/sjmoon/EmoFM/videos/CowenEmotionVideos/0940.mp4,True,0.0,0.0,0.0,0.071429,0.0,0.14286,0.0,0.0,0.0,0.0,0.071429,0.0,0.0,0.0,0.0,0.0,0.0,0.0,0.0,0.57143,0.0,0.071429,0.14286,0.0,0.0,0.0,0.0,0.0,0.14286,0.0,0.0,0.0,0.21429,0.0,5.3333,3.4444,2.2222,2.1111,5.2222,4.2222,5.7778,2.3333,3.3333,3.4444,5.5556,3.6667,1.7778,4.0
940,941,stimulus_941,/pscratch/sd/s/sjmoon/EmoFM/videos/CowenEmotionVideos/0941.mp4,True,0.0,0.0,0.0,0.071429,0.0,0.0,0.35714,0.0,0.0,0.0,0.0,0.0,0.0,0.0,0.0,0.0,0.0,0.0,0.35714,0.071429,0.0,0.0,0.28571,0.0,0.0,0.0,0.0,0.071429,0.0,0.0,0.0,0.14286,0.0,0.0,6.7778,6.3333,5.3333,4.7778,6.6667,6.0,3.2222,6.7778,3.2222,5.8889,3.2222,4.5556,4.2222,7.1111
941,942,stimulus_942,/pscratch/sd/s/sjmoon/EmoFM/videos/CowenEmotionVideos/0942.mp4,True,0.0,0.0,0.0,0.0,0.0,0.0,0.0,0.0,0.0,0.0,0.0,0.0,0.14286,0.0,0.0,0.0,0.0,0.0,0.071429,0.0,0.0,0.0,0.14286,0.0,0.0,0.0,0.0,0.35714,0.071429,0.0,0.71429,0.0,0.0,0.0,7.0,6.3333,6.0,5.6667,6.2222,4.6667,5.0,6.4444,4.1111,5.0,5.2222,5.0,4.8889,6.0
942,943,stimulus_943,/pscratch/sd/s/sjmoon/EmoFM/videos/CowenEmotionVideos/0943.mp4,True,0.0,0.071429,0.0,0.42857,0.0,0.0,0.071429,0.0,0.0,0.0,0.0,0.0,0.0,0.0,0.0,0.0,0.0,0.0,0.071429,0.0,0.0,0.0,0.14286,0.14286,0.57143,0.0,0.0,0.14286,0.0,0.0,0.0,0.0,0.0,0.0,5.0,4.6667,7.5556,7.0,6.0,6.7778,5.8889,7.2222,2.5556,6.5556,5.2222,2.1111,7.1111,6.4444
943,944,stimulus_944,/pscratch/sd/s/sjmoon/EmoFM/videos/CowenEmotionVideos/0944.mp4,True,0.0,0.0,0.0,0.5,0.0,0.0,0.0,0.0,0.0,0.0,0.0,0.071429,0.0,0.0,0.0,0.071429,0.0,0.0,0.21429,0.14286,0.0,0.071429,0.071429,0.21429,0.0,0.0,0.0,0.0,0.0,0.071429,0.0,0.0,0.0,0.0,6.6667,5.6667,7.0,6.3333,6.8889,6.5556,6.8889,6.4444,2.7778,5.6667,5.2222,3.0,4.7778,6.3333
944,945,stimulus_945,/pscratch/sd/s/sjmoon/EmoFM/videos/CowenEmotionVideos/0945.mp4,True,0.0,0.071429,0.21429,0.071429,0.0,0.0,0.14286,0.0,0.14286,0.0,0.0,0.0,0.0,0.0,0.0,0.0,0.35714,0.0,0.0,0.0,0.0,0.0,0.28571,0.0,0.0,0.0,0.0,0.0,0.0,0.071429,0.0,0.0,0.0,0.0,5.8889,4.2222,5.8889,5.4444,6.6667,4.3333,3.8889,7.2222,3.5556,5.8889,4.2222,4.7778,5.6667,6.2222
945,946,stimulus_946,/pscratch/sd/s/sjmoon/EmoFM/videos/CowenEmotionVideos/0946.mp4,True,0.0,0.0,0.0,0.42857,0.0,0.0,0.071429,0.0,0.0,0.0,0.0,0.0,0.0,0.0,0.0,0.0,0.071429,0.0,0.14286,0.071429,0.0,0.0,0.071429,0.071429,0.5,0.0,0.0,0.0,0.0,0.071429,0.0,0.0,0.0,0.0,6.5556,5.3333,6.0,5.1111,6.2222,5.8889,5.3333,3.7778,3.0,5.7778,4.4444,2.7778,5.2222,5.3333
946,947,stimulus_947,/pscratch/sd/s/sjmoon/EmoFM/videos/CowenEmotionVideos/0947.mp4,True,0.0,0.0,0.0,0.14286,0.0,0.071429,0.0,0.28571,0.0,0.0,0.14286,0.0,0.0,0.0,0.0,0.071429,0.0,0.0,0.0,0.14286,0.0,0.0,0.0,0.071429,0.0,0.0,0.071429,0.28571,0.071429,0.0,0.071429,0.0,0.071429,0.0,6.4444,5.4444,4.6667,4.4444,6.8889,4.4444,4.4444,5.2222,3.5556,4.0,4.3333,5.2222,3.8889,4.2222
947,948,stimulus_948,/pscratch/sd/s/sjmoon/EmoFM/videos/CowenEmotionVideos/0948.mp4,True,0.0,0.0,0.0,0.21429,0.28571,0.14286,0.071429,0.0,0.0,0.0,0.35714,0.071429,0.0,0.071429,0.0,0.0,0.0,0.0,0.071429,0.14286,0.0,0.0,0.071429,0.071429,0.0,0.0,0.0,0.0,0.0,0.0,0.0,0.071429,0.0,0.0,6.0,5.1111,2.5556,1.6667,6.2222,3.6667,3.7778,2.2222,4.0,3.3333,3.5556,4.7778,2.2222,3.4444
948,949,stimulus_949,/pscratch/sd/s/sjmoon/EmoFM/videos/CowenEmotionVideos/0949.mp4,True,0.071429,0.0,0.0,0.21429,0.0,0.21429,0.21429,0.0,0.0,0.0,0.0,0.0,0.0,0.0,0.0,0.0,0.0,0.0,0.14286,0.42857,0.0,0.0,0.28571,0.0,0.0,0.0,0.0,0.071429,0.0,0.0,0.0,0.14286,0.0,0.0,7.4444,5.4444,5.3333,4.5556,7.4444,5.1111,4.7778,4.7778,4.8889,6.1111,4.1111,2.6667,3.1111,7.2222
949,950,stimulus_950,/pscratch/sd/s/sjmoon/EmoFM/videos/CowenEmotionVideos/0950.mp4,True,0.0,0.0,0.0,0.5,0.0,0.0,0.0,0.0,0.0,0.0,0.0,0.0,0.0,0.0,0.14286,0.071429,0.0,0.0,0.071429,0.0,0.0,0.21429,0.0,0.21429,0.0,0.0,0.0,0.0,0.0,0.071429,0.0,0.071429,0.0,0.0,6.1111,5.1111,5.2222,5.5556,6.2222,5.8889,3.7778,5.4444,3.0,5.4444,4.1111,3.7778,4.6667,5.6667
950,951,stimulus_951,/pscratch/sd/s/sjmoon/EmoFM/videos/CowenEmotionVideos/0951.mp4,True,0.0,0.21429,0.0,0.071429,0.0,0.0,0.14286,0.0,0.0,0.28571,0.071429,0.071429,0.0,0.0,0.0,0.0,0.0,0.0,0.0,0.0,0.0,0.0,0.14286,0.0,0.0,0.0,0.0,0.0,0.14286,0.0,0.0,0.0,0.14286,0.0,5.5556,4.5556,5.4444,6.7778,6.1111,6.0,6.0,5.0,2.4444,4.8889,5.0,6.1111,5.8889,5.5556
951,952,stimulus_952,/pscratch/sd/s/sjmoon/EmoFM/videos/CowenEmotionVideos/0952.mp4,True,0.0,0.0,0.28571,0.0,0.0,0.0,0.5,0.0,0.0,0.0,0.0,0.071429,0.0,0.0,0.0,0.0,0.14286,0.0,0.071429,0.14286,0.0,0.0,0.35714,0.0,0.0,0.0,0.0,0.0,0.0,0.0,0.0,0.0,0.0,0.0,6.3333,5.3333,4.7778,3.2222,6.2222,6.2222,4.1111,2.7778,4.0,4.1111,4.0,3.7778,3.8889,5.0
952,953,stimulus_953,/pscratch/sd/s/sjmoon/EmoFM/videos/CowenEmotionVideos/0953.mp4,True,0.0,0.0,0.0,0.71429,0.0,0.0,0.071429,0.0,0.0,0.0,0.0,0.0,0.0,0.0,0.0,0.0,0.0,0.0,0.0,0.0,0.0,0.0,0.0,0.42857,0.0,0.0,0.0,0.0,0.0,0.0,0.0,0.0,0.0,0.0,5.0,4.8889,5.6667,5.4444,6.2222,6.1111,4.8889,6.4444,3.4444,5.0,4.5556,3.5556,5.6667,6.3333
953,954,stimulus_954,/pscratch/sd/s/sjmoon/EmoFM/videos/CowenEmotionVideos/0954.mp4,True,0.0,0.0,0.0,0.0,0.0,0.0,0.0,0.0,0.14286,0.071429,0.0,0.0,0.071429,0.0,0.0,0.0,0.0,0.0,0.071429,0.0,0.0,0.0,0.071429,0.0,0.0,0.0,0.0,0.0,0.0,0.0,0.92857,0.071429,0.0,0.0,6.0,6.1111,6.7778,5.7778,6.7778,6.7778,4.2222,7.5556,2.7778,6.7778,4.0,4.3333,7.0,6.2222
954,955,stimulus_955,/pscratch/sd/s/sjmoon/EmoFM/videos/CowenEmotionVideos/0955.mp4,True,0.0,0.0,0.0,0.14286,0.14286,0.0,0.071429,0.0,0.0,0.0,0.21429,0.0,0.0,0.071429,0.21429,0.071429,0.0,0.0,0.0,0.14286,0.0,0.071429,0.0,0.0,0.0,0.0,0.0,0.0,0.14286,0.0,0.0,0.071429,0.071429,0.0,5.0,3.8889,3.0,2.7778,5.7778,5.3333,4.1111,4.1111,3.4444,3.2222,4.0,5.8889,3.6667,3.8889
955,956,stimulus_956,/pscratch/sd/s/sjmoon/EmoFM/videos/CowenEmotionVideos/0956.mp4,True,0.14286,0.0,0.0,0.071429,0.0,0.0,0.0,0.14286,0.0,0.0,0.42857,0.0,0.0,0.0,0.14286,0.071429,0.0,0.0,0.0,0.071429,0.0,0.071429,0.14286,0.0,0.0,0.0,0.0,0.0,0.0,0.0,0.071429,0.071429,0.0,0.071429,3.3333,3.0,2.7778,1.7778,3.8889,4.1111,4.2222,4.4444,4.8889,2.7778,3.8889,4.4444,4.8889,3.7778
956,957,stimulus_957,/pscratch/sd/s/sjmoon/EmoFM/videos/CowenEmotionVideos/0957.mp4,True,0.071429,0.0,0.0,0.57143,0.0,0.0,0.071429,0.0,0.0,0.0,0.071429,0.0,0.0,0.0,0.0,0.0,0.0,0.0,0.0,0.0,0.0,0.0,0.21429,0.071429,0.5,0.0,0.0,0.0,0.0,0.071429,0.0,0.0,0.0,0.0,5.3333,5.4444,5.6667,4.3333,5.0,5.1111,4.6667,4.7778,3.3333,5.2222,3.8889,4.1111,4.1111,6.2222
957,958,stimulus_958,/pscratch/sd/s/sjmoon/EmoFM/videos/CowenEmotionVideos/0958.mp4,True,0.0,0.0,0.0,0.071429,0.071429,0.14286,0.0,0.071429,0.0,0.0,0.14286,0.0,0.0,0.071429,0.071429,0.28571,0.0,0.0,0.0,0.14286,0.0,0.28571,0.0,0.0,0.0,0.0,0.0,0.0,0.071429,0.0,0.0,0.21429,0.0,0.0,5.3333,3.2222,1.7778,2.0,5.0,4.0,3.6667,2.5556,5.5556,2.6667,2.8889,5.3333,3.1111,2.1111
958,959,stimulus_959,/pscratch/sd/s/sjmoon/EmoFM/videos/CowenEmotionVideos/0959.mp4,True,0.0,0.071429,0.0,0.64286,0.0,0.0,0.0,0.0,0.071429,0.071429,0.21429,0.0,0.0,0.0,0.0,0.0,0.0,0.0,0.0,0.0,0.0,0.0,0.0,0.14286,0.0,0.0,0.0,0.0,0.0,0.0,0.0,0.0,0.0,0.0,5.6667,5.0,5.5556,5.7778,5.4444,5.3333,4.6667,6.3333,3.3333,6.4444,3.8889,4.2222,5.7778,6.6667
959,960,stimulus_960,/pscratch/sd/s/sjmoon/EmoFM/videos/CowenEmotionVideos/0960.mp4,True,0.21429,0.0,0.071429,0.0,0.0,0.0,0.0,0.0,0.0,0.071429,0.0,0.14286,0.0,0.0,0.0,0.0,0.21429,0.071429,0.0,0.0,0.0,0.0,0.57143,0.0,0.0,0.0,0.0,0.0,0.0,0.071429,0.0,0.071429,0.0,0.0,5.8889,5.8889,7.0,7.0,6.7778,5.8889,5.0,7.5556,4.0,6.7778,4.4444,4.5556,6.0,7.2222
960,961,stimulus_961,/pscratch/sd/s/sjmoon/EmoFM/videos/CowenEmotionVideos/0961.mp4,True,0.0,0.0,0.5,0.0,0.0,0.083333,0.33333,0.0,0.0,0.58333,0.0,0.0,0.0,0.0,0.0,0.0,0.083333,0.0,0.0,0.0,0.0,0.0,0.083333,0.0,0.083333,0.0,0.0,0.0,0.0,0.0,0.0,0.0,0.0,0.0,6.7778,4.8889,7.6667,7.4444,5.7778,5.7778,5.0,6.5556,2.7778,6.5556,4.2222,2.0,6.6667,6.2222
961,962,stimulus_962,/pscratch/sd/s/sjmoon/EmoFM/videos/CowenEmotionVideos/0962.mp4,True,0.0,0.0,0.0,0.0,0.0,0.5,0.0,0.0,0.0,0.0,0.083333,0.0,0.0,0.0,0.083333,0.083333,0.0,0.0,0.0,0.33333,0.0,0.5,0.16667,0.0,0.0,0.0,0.0,0.0,0.0,0.0,0.0,0.41667,0.0,0.0,7.1111,4.2222,3.2222,1.7778,7.4444,2.7778,4.7778,1.5556,5.0,3.1111,5.2222,5.4444,2.3333,2.7778
962,963,stimulus_963,/pscratch/sd/s/sjmoon/EmoFM/videos/CowenEmotionVideos/0963.mp4,True,0.0,0.083333,0.58333,0.0,0.0,0.083333,0.41667,0.0,0.0,0.33333,0.083333,0.0,0.0,0.0,0.0,0.0,0.16667,0.0,0.0,0.0,0.0,0.0,0.0,0.0,0.0,0.0,0.0,0.0,0.0,0.0,0.0,0.0,0.0,0.0,6.6667,5.5556,7.7778,7.3333,5.8889,6.1111,3.8889,6.5556,3.1111,6.6667,4.7778,3.0,6.7778,6.3333
963,964,stimulus_964,/pscratch/sd/s/sjmoon/EmoFM/videos/CowenEmotionVideos/0964.mp4,True,0.0,0.083333,0.16667,0.0,0.0,0.083333,0.0,0.0,0.0,0.0,0.0,0.0,0.0,0.0,0.0,0.0,0.0,0.0,0.083333,0.083333,0.0,0.0,0.083333,0.0,0.0,0.0,0.0,0.75,0.0,0.0,0.16667,0.0,0.0,0.0,6.6667,6.4444,7.0,6.2222,6.6667,5.2222,5.8889,7.0,2.6667,6.3333,6.2222,3.5556,6.7778,6.0
964,965,stimulus_965,/pscratch/sd/s/sjmoon/EmoFM/videos/CowenEmotionVideos/0965.mp4,True,0.0,0.0,0.0,0.083333,0.0,0.083333,0.0,0.0,0.0,0.0,0.16667,0.0,0.0,0.0,0.0,0.16667,0.0,0.0,0.0,0.25,0.083333,0.58333,0.0,0.0,0.0,0.0,0.0,0.0,0.16667,0.083333,0.0,0.083333,0.0,0.0,6.4444,3.8889,1.7778,1.8889,7.1111,3.2222,4.0,1.6667,5.4444,2.2222,3.6667,5.0,3.0,2.6667
965,966,stimulus_966,/pscratch/sd/s/sjmoon/EmoFM/videos/CowenEmotionVideos/0966.mp4,True,0.083333,0.083333,0.0,0.66667,0.0,0.083333,0.083333,0.0,0.0,0.0,0.0,0.0,0.0,0.0,0.083333,0.0,0.0,0.0,0.0,0.0,0.0,0.0,0.0,0.16667,0.083333,0.0,0.0,0.0,0.0,0.0,0.0,0.083333,0.083333,0.0,5.3333,5.7778,7.4444,6.0,5.6667,5.6667,5.7778,6.4444,2.4444,6.4444,5.8889,1.8889,6.8889,6.3333
966,967,stimulus_967,/pscratch/sd/s/sjmoon/EmoFM/videos/CowenEmotionVideos/0967.mp4,True,0.0,0.0,0.33333,0.0,0.0,0.0,0.0,0.083333,0.083333,0.16667,0.25,0.0,0.0,0.0,0.0,0.0,0.16667,0.0,0.0,0.0,0.0,0.0,0.083333,0.0,0.0,0.0,0.0,0.0,0.0,0.0,0.25,0.0,0.0,0.0,5.6667,5.7778,6.8889,5.3333,6.3333,5.3333,4.8889,7.0,2.4444,6.7778,5.6667,1.6667,6.0,6.2222
967,968,stimulus_968,/pscratch/sd/s/sjmoon/EmoFM/videos/CowenEmotionVideos/0968.mp4,True,0.0,0.0,0.0,0.083333,0.25,0.083333,0.0,0.0,0.083333,0.083333,0.0,0.25,0.0,0.083333,0.41667,0.0,0.0,0.0,0.0,0.0,0.0,0.16667,0.0,0.083333,0.0,0.083333,0.0,0.0,0.083333,0.0,0.0,0.0,0.0,0.0,4.7778,5.3333,2.5556,2.6667,5.8889,4.6667,3.2222,3.8889,5.2222,3.3333,3.6667,4.3333,4.2222,3.4444
968,969,stimulus_969,/pscratch/sd/s/sjmoon/EmoFM/videos/CowenEmotionVideos/0969.mp4,True,0.0,0.0,0.66667,0.0,0.0,0.083333,0.5,0.0,0.0,0.25,0.0,0.0,0.0,0.0,0.0,0.0,0.16667,0.0,0.0,0.16667,0.0,0.0,0.0,0.0,0.0,0.0,0.0,0.0,0.0,0.0,0.0,0.0,0.0,0.0,6.2222,5.2222,6.0,3.6667,6.5556,4.7778,4.8889,4.3333,3.3333,4.7778,5.4444,3.6667,4.0,6.0
969,970,stimulus_970,/pscratch/sd/s/sjmoon/EmoFM/videos/CowenEmotionVideos/0970.mp4,True,0.25,0.0,0.0,0.0,0.0,0.33333,0.33333,0.0,0.0,0.0,0.0,0.0,0.0,0.0,0.0,0.0,0.083333,0.0,0.33333,0.0,0.0,0.083333,0.0,0.083333,0.0,0.0,0.16667,0.0,0.0,0.0,0.0,0.16667,0.0,0.16667,6.5556,5.1111,6.0,4.7778,6.8889,4.4444,6.2222,6.0,4.7778,6.7778,5.6667,3.8889,3.4444,7.3333
970,971,stimulus_971,/pscratch/sd/s/sjmoon/EmoFM/videos/CowenEmotionVideos/0971.mp4,True,0.0,0.0,0.0,0.0,0.41667,0.16667,0.0,0.0,0.0,0.0,0.083333,0.16667,0.0,0.16667,0.25,0.16667,0.0,0.0,0.0,0.0,0.0,0.25,0.0,0.0,0.0,0.0,0.0,0.0,0.41667,0.0,0.0,0.16667,0.083333,0.0,6.8889,4.0,1.6667,2.0,6.8889,3.7778,5.7778,2.6667,5.0,1.7778,4.1111,5.2222,3.1111,3.1111
971,972,stimulus_972,/pscratch/sd/s/sjmoon/EmoFM/videos/CowenEmotionVideos/0972.mp4,True,0.0,0.33333,0.0,0.33333,0.0,0.083333,0.25,0.0,0.0,0.25,0.0,0.0,0.0,0.0,0.0,0.0,0.0,0.0,0.0,0.0,0.0,0.0,0.0,0.33333,0.083333,0.0,0.0,0.0,0.0,0.083333,0.0,0.0,0.0,0.0,6.5556,5.0,8.1111,7.4444,6.1111,6.3333,6.7778,6.6667,2.1111,7.7778,6.1111,1.7778,7.7778,6.4444
972,973,stimulus_973,/pscratch/sd/s/sjmoon/EmoFM/videos/CowenEmotionVideos/0973.mp4,True,0.083333,0.0,0.0,0.0,0.0,0.41667,0.0,0.0,0.0,0.0,0.0,0.0,0.0,0.0,0.0,0.083333,0.083333,0.0,0.0,0.58333,0.0,0.16667,0.083333,0.0,0.0,0.0,0.16667,0.0,0.083333,0.0,0.0,0.0,0.083333,0.083333,6.7778,5.4444,2.8889,2.4444,7.2222,3.3333,7.0,2.2222,5.3333,3.5556,5.3333,3.4444,2.3333,4.8889
973,974,stimulus_974,/pscratch/sd/s/sjmoon/EmoFM/videos/CowenEmotionVideos/0974.mp4,True,0.083333,0.0,0.0,0.25,0.0,0.083333,0.5,0.0,0.0,0.0,0.16667,0.0,0.0,0.0,0.0,0.0,0.25,0.0,0.083333,0.0,0.0,0.083333,0.25,0.083333,0.0,0.0,0.0,0.0,0.0,0.0,0.0,0.16667,0.0,0.0,6.6667,5.6667,6.6667,5.7778,6.5556,5.3333,4.7778,6.5556,4.1111,5.6667,4.6667,3.7778,6.4444,7.2222
974,975,stimulus_975,/pscratch/sd/s/sjmoon/EmoFM/videos/CowenEmotionVideos/0975.mp4,True,0.0,0.083333,0.0,0.0,0.0,0.16667,0.16667,0.0,0.0,0.083333,0.0,0.0,0.0,0.0,0.0,0.083333,0.0,0.0,0.0,0.0,0.0,0.0,0.083333,0.0,0.0,0.0,0.0,0.0,0.83333,0.0,0.0,0.0,0.16667,0.0,5.1111,4.0,3.2222,4.3333,5.8889,5.0,7.0,5.2222,4.4444,3.8889,5.3333,2.8889,5.1111,4.6667
975,976,stimulus_976,/pscratch/sd/s/sjmoon/EmoFM/videos/CowenEmotionVideos/0976.mp4,True,0.0,0.0,0.0,0.16667,0.0,0.25,0.0,0.0,0.0,0.0,0.0,0.0,0.0,0.0,0.0,0.0,0.0,0.0,0.0,0.16667,0.0,0.0,0.16667,0.0,0.0,0.0,0.0,0.0,0.083333,0.0,0.0,0.75,0.0,0.0,6.4444,5.6667,3.8889,2.3333,5.8889,4.2222,4.8889,3.2222,3.6667,4.1111,4.2222,4.1111,3.6667,4.5556
976,977,stimulus_977,/pscratch/sd/s/sjmoon/EmoFM/videos/CowenEmotionVideos/0977.mp4,True,0.0,0.0,0.0,0.0,0.083333,0.16667,0.0,0.083333,0.0,0.0,0.33333,0.0,0.0,0.083333,0.083333,0.0,0.0,0.0,0.0,0.25,0.0,0.0,0.16667,0.0,0.0,0.0,0.0,0.0,0.33333,0.0,0.0,0.083333,0.16667,0.0,6.1111,4.5556,2.7778,3.3333,6.8889,3.0,5.4444,2.2222,5.6667,2.3333,4.3333,5.0,2.8889,2.6667
977,978,stimulus_978,/pscratch/sd/s/sjmoon/EmoFM/videos/CowenEmotionVideos/0978.mp4,True,0.0,0.16667,0.0,0.0,0.0,0.083333,0.25,0.0,0.083333,0.16667,0.083333,0.0,0.0,0.0,0.0,0.0,0.0,0.0,0.0,0.083333,0.0,0.0,0.0,0.33333,0.083333,0.0,0.0,0.0,0.083333,0.0,0.0,0.0,0.0,0.0,5.7778,4.1111,7.3333,6.8889,5.8889,6.0,6.8889,7.6667,1.8889,7.0,5.5556,2.8889,7.4444,6.5556
978,979,stimulus_979,/pscratch/sd/s/sjmoon/EmoFM/videos/CowenEmotionVideos/0979.mp4,True,0.0,0.0,0.083333,0.33333,0.0,0.083333,0.0,0.083333,0.0,0.0,0.33333,0.0,0.0,0.083333,0.33333,0.0,0.0,0.0,0.0,0.0,0.0,0.083333,0.0,0.083333,0.0,0.0,0.0,0.0,0.0,0.0,0.083333,0.33333,0.0,0.0,5.3333,4.8889,4.2222,3.5556,6.4444,4.4444,4.1111,4.7778,4.6667,4.2222,4.0,3.3333,5.2222,3.4444
979,980,stimulus_980,/pscratch/sd/s/sjmoon/EmoFM/videos/CowenEmotionVideos/0980.mp4,True,0.0,0.16667,0.0,0.58333,0.0,0.083333,0.25,0.0,0.0,0.0,0.0,0.0,0.0,0.0,0.0,0.0,0.083333,0.0,0.0,0.083333,0.0,0.0,0.0,0.083333,0.083333,0.0,0.0,0.0,0.0,0.0,0.0,0.083333,0.0,0.0,6.6667,5.6667,6.8889,6.6667,6.3333,5.7778,5.7778,6.6667,2.4444,5.6667,4.3333,3.0,6.8889,6.3333
980,981,stimulus_981,/pscratch/sd/s/sjmoon/EmoFM/videos/CowenEmotionVideos/0981.mp4,True,0.0,0.16667,0.0,0.5,0.0,0.083333,0.25,0.0,0.0,0.0,0.0,0.0,0.0,0.0,0.0,0.0,0.0,0.0,0.0,0.0,0.0,0.0,0.0,0.41667,0.083333,0.0,0.0,0.0,0.0,0.083333,0.0,0.083333,0.0,0.083333,6.1111,4.4444,6.8889,7.2222,6.1111,5.7778,6.2222,6.7778,2.5556,6.4444,5.6667,3.4444,6.4444,6.3333
981,982,stimulus_982,/pscratch/sd/s/sjmoon/EmoFM/videos/CowenEmotionVideos/0982.mp4,True,0.16667,0.083333,0.0,0.25,0.083333,0.083333,0.25,0.0,0.0,0.0,0.0,0.0,0.0,0.0,0.0,0.0,0.0,0.16667,0.083333,0.0,0.0,0.0,0.083333,0.083333,0.083333,0.0,0.0,0.0,0.0,0.0,0.0,0.083333,0.0,0.083333,7.0,6.0,7.1111,6.0,6.5556,6.1111,5.5556,6.2222,4.2222,5.8889,4.7778,2.7778,6.0,7.1111
982,983,stimulus_983,/pscratch/sd/s/sjmoon/EmoFM/videos/CowenEmotionVideos/0983.mp4,True,0.16667,0.0,0.0,0.25,0.0,0.083333,0.5,0.0,0.0,0.083333,0.0,0.0,0.0,0.0,0.0,0.0,0.16667,0.0,0.16667,0.083333,0.0,0.0,0.083333,0.0,0.0,0.0,0.0,0.0,0.0,0.083333,0.0,0.0,0.0,0.0,6.1111,5.5556,5.7778,5.4444,7.1111,5.3333,5.5556,6.1111,4.3333,5.4444,4.6667,2.8889,4.6667,6.7778
983,984,stimulus_984,/pscratch/sd/s/sjmoon/EmoFM/videos/CowenEmotionVideos/0984.mp4,True,0.0,0.0,0.5,0.0,0.0,0.083333,0.41667,0.0,0.16667,0.083333,0.16667,0.0,0.0,0.0,0.0,0.0,0.25,0.0,0.0,0.0,0.0,0.0,0.16667,0.0,0.0,0.0,0.0,0.0,0.0,0.0,0.0,0.0,0.0,0.0,5.8889,5.4444,6.5556,5.5556,6.0,5.2222,5.3333,5.5556,2.6667,5.6667,4.8889,2.7778,6.7778,6.2222
984,985,stimulus_985,/pscratch/sd/s/sjmoon/EmoFM/videos/CowenEmotionVideos/0985.mp4,True,0.083333,0.083333,0.0,0.33333,0.0,0.33333,0.083333,0.0,0.0,0.083333,0.0,0.0,0.0,0.0,0.0,0.0,0.0,0.0,0.16667,0.16667,0.0,0.083333,0.0,0.16667,0.0,0.0,0.0,0.0,0.0,0.0,0.0,0.083333,0.0,0.0,7.0,4.0,4.7778,3.6667,6.8889,4.6667,5.7778,4.1111,3.3333,3.1111,3.7778,4.0,2.6667,5.6667
985,986,stimulus_986,/pscratch/sd/s/sjmoon/EmoFM/videos/CowenEmotionVideos/0986.mp4,True,0.16667,0.0,0.0,0.083333,0.0,0.25,0.25,0.0,0.0,0.0,0.0,0.0,0.0,0.0,0.0,0.0,0.083333,0.0,0.41667,0.41667,0.0,0.083333,0.083333,0.0,0.0,0.0,0.16667,0.0,0.0,0.0,0.0,0.083333,0.0,0.083333,7.2222,4.1111,4.1111,3.0,6.8889,3.7778,4.6667,5.7778,4.0,6.0,3.3333,4.2222,2.5556,7.1111
986,987,stimulus_987,/pscratch/sd/s/sjmoon/EmoFM/videos/CowenEmotionVideos/0987.mp4,True,0.083333,0.0,0.0,0.5,0.0,0.083333,0.25,0.0,0.083333,0.0,0.083333,0.0,0.0,0.0,0.0,0.0,0.0,0.0,0.0,0.083333,0.0,0.083333,0.0,0.0,0.0,0.0,0.0,0.0,0.0,0.0,0.0,0.16667,0.0,0.083333,5.5556,4.3333,6.0,6.4444,5.4444,5.6667,5.2222,6.8889,1.6667,6.3333,5.5556,2.4444,5.5556,7.1111
987,988,stimulus_988,/pscratch/sd/s/sjmoon/EmoFM/videos/CowenEmotionVideos/0988.mp4,True,0.0,0.0,0.25,0.083333,0.0,0.083333,0.25,0.0,0.0,0.0,0.16667,0.0,0.0,0.0,0.083333,0.0,0.0,0.0,0.0,0.0,0.0,0.083333,0.33333,0.0,0.0,0.0,0.0,0.0,0.083333,0.0,0.0,0.083333,0.0,0.0,5.6667,4.3333,4.2222,2.5556,7.1111,5.2222,4.4444,6.4444,2.4444,6.0,4.3333,3.3333,4.1111,6.2222
988,989,stimulus_989,/pscratch/sd/s/sjmoon/EmoFM/videos/CowenEmotionVideos/0989.mp4,True,0.0,0.0,0.0,0.083333,0.0,0.083333,0.083333,0.16667,0.0,0.0,0.083333,0.0,0.0,0.0,0.58333,0.083333,0.0,0.0,0.0,0.0,0.0,0.0,0.0,0.0,0.0,0.0,0.0,0.0,0.0,0.0,0.25,0.083333,0.0,0.0,4.0,4.0,3.2222,3.7778,4.6667,5.1111,3.0,7.1111,5.1111,5.3333,1.6667,5.4444,4.8889,4.6667
989,990,stimulus_990,/pscratch/sd/s/sjmoon/EmoFM/videos/CowenEmotionVideos/0990.mp4,True,0.0,0.0,0.0,0.5,0.083333,0.16667,0.0,0.0,0.083333,0.0,0.33333,0.0,0.0,0.0,0.083333,0.0,0.0,0.0,0.083333,0.0,0.083333,0.0,0.083333,0.16667,0.0,0.0,0.0,0.0,0.0,0.0,0.0,0.25,0.0,0.0,5.8889,4.6667,4.7778,3.8889,6.1111,4.7778,3.3333,4.7778,3.8889,5.4444,3.7778,2.4444,4.5556,5.7778
990,991,stimulus_991,/pscratch/sd/s/sjmoon/EmoFM/videos/CowenEmotionVideos/0991.mp4,True,0.0,0.0,0.0,0.16667,0.0,0.083333,0.0,0.0,0.083333,0.0,0.083333,0.083333,0.0,0.083333,0.66667,0.0,0.0,0.0,0.0,0.0,0.0,0.16667,0.083333,0.0,0.0,0.0,0.0,0.0,0.083333,0.0,0.0,0.0,0.0,0.0,3.6667,4.0,1.0,1.0,4.6667,2.5556,3.6667,1.5556,7.6667,1.3333,2.3333,6.4444,1.8889,1.1111
991,992,stimulus_992,/pscratch/sd/s/sjmoon/EmoFM/videos/CowenEmotionVideos/0992.mp4,True,0.0,0.25,0.0,0.66667,0.0,0.0,0.16667,0.0,0.083333,0.083333,0.0,0.0,0.0,0.0,0.0,0.0,0.0,0.0,0.0,0.0,0.0,0.0,0.083333,0.16667,0.083333,0.0,0.0,0.0,0.0,0.0,0.0,0.0,0.0,0.0,7.2222,5.6667,8.2222,7.0,6.7778,7.3333,7.3333,8.1111,1.7778,4.6667,6.3333,2.1111,7.3333,7.3333
992,993,stimulus_993,/pscratch/sd/s/sjmoon/EmoFM/videos/CowenEmotionVideos/0993.mp4,True,0.083333,0.33333,0.0,0.66667,0.0,0.0,0.25,0.0,0.0,0.0,0.0,0.0,0.0,0.0,0.0,0.0,0.0,0.0,0.0,0.0,0.0,0.0,0.083333,0.0,0.083333,0.0,0.0,0.0,0.0,0.0,0.0,0.083333,0.0,0.0,6.3333,5.2222,7.7778,7.1111,5.8889,5.5556,6.7778,5.3333,1.6667,5.3333,4.4444,3.6667,5.5556,6.5556
993,994,stimulus_994,/pscratch/sd/s/sjmoon/EmoFM/videos/CowenEmotionVideos/0994.mp4,True,0.0,0.0,0.0,0.33333,0.0,0.083333,0.083333,0.0,0.083333,0.0,0.0,0.0,0.0,0.0,0.0,0.0,0.083333,0.0,0.16667,0.083333,0.0,0.0,0.58333,0.0,0.0,0.0,0.0,0.0,0.0,0.0,0.0,0.0,0.0,0.0,5.5556,2.7778,3.3333,1.6667,6.8889,3.5556,4.1111,3.1111,2.8889,4.2222,3.4444,4.8889,2.6667,5.7778
994,995,stimulus_995,/pscratch/sd/s/sjmoon/EmoFM/videos/CowenEmotionVideos/0995.mp4,True,0.0,0.083333,0.0,0.5,0.0,0.0,0.083333,0.083333,0.083333,0.0,0.25,0.0,0.0,0.0,0.0,0.0,0.0,0.0,0.0,0.0,0.0,0.083333,0.16667,0.0,0.0,0.0,0.0,0.0,0.0,0.083333,0.0,0.0,0.0,0.0,5.0,4.6667,6.0,5.5556,5.8889,5.8889,6.2222,6.4444,1.8889,6.0,5.7778,3.4444,5.3333,6.7778
995,996,stimulus_996,/pscratch/sd/s/sjmoon/EmoFM/videos/CowenEmotionVideos/0996.mp4,True,0.16667,0.0,0.083333,0.25,0.0,0.0,0.58333,0.0,0.0,0.0,0.0,0.0,0.0,0.0,0.0,0.0,0.083333,0.0,0.083333,0.0,0.0,0.0,0.25,0.16667,0.083333,0.0,0.0,0.0,0.083333,0.0,0.0,0.0,0.0,0.0,7.1111,4.1111,7.6667,5.3333,7.1111,6.4444,6.3333,7.6667,1.2222,7.0,4.6667,2.7778,4.7778,6.8889
996,997,stimulus_997,/pscratch/sd/s/sjmoon/EmoFM/videos/CowenEmotionVideos/0997.mp4,True,0.0,0.0,0.0,0.0,0.0,0.0,0.0,0.0,0.0,0.0,0.0,0.0,0.083333,0.0,0.0,0.0,0.083333,0.0,0.083333,0.0,0.0,0.0,0.083333,0.0,0.0,0.0,0.0,0.33333,0.0,0.0,0.91667,0.0,0.0,0.0,8.6667,6.0,8.3333,7.7778,7.3333,7.2222,6.4444,7.8889,1.4444,6.2222,6.8889,2.6667,7.2222,7.6667
997,998,stimulus_998,/pscratch/sd/s/sjmoon/EmoFM/videos/CowenEmotionVideos/0998.mp4,True,0.0,0.25,0.0,0.58333,0.0,0.0,0.083333,0.0,0.0,0.0,0.0,0.0,0.0,0.0,0.0,0.0,0.0,0.0,0.0,0.0,0.0,0.0,0.0,0.25,0.083333,0.0,0.0,0.0,0.0,0.0,0.0,0.083333,0.0,0.0,4.8889,5.4444,6.1111,6.3333,6.3333,6.7778,6.8889,6.4444,2.8889,5.4444,6.0,2.5556,6.6667,5.3333
998,999,stimulus_999,/pscratch/sd/s/sjmoon/EmoFM/videos/CowenEmotionVideos/0999.mp4,True,0.0,0.0,0.0,0.083333,0.0,0.083333,0.0,0.083333,0.0,0.0,0.0,0.0,0.0,0.0,0.58333,0.0,0.0,0.0,0.0,0.0,0.0,0.0,0.0,0.0,0.0,0.0,0.0,0.0,0.0,0.0,0.25,0.083333,0.0,0.0,2.8889,2.6667,2.7778,2.3333,3.8889,4.8889,2.3333,4.5556,5.7778,4.8889,1.7778,3.8889,3.4444,4.2222
999,1000,stimulus_1000,/pscratch/sd/s/sjmoon/EmoFM/videos/CowenEmotionVideos/1000.mp4,True,0.083333,0.25,0.0,0.75,0.0,0.0,0.083333,0.0,0.0,0.0,0.0,0.0,0.0,0.0,0.0,0.0,0.0,0.0,0.0,0.0,0.0,0.0,0.16667,0.083333,0.0,0.0,0.0,0.0,0.0,0.0,0.0,0.083333,0.0,0.083333,6.1111,5.4444,7.3333,6.5556,7.0,5.4444,6.4444,6.7778,2.1111,7.3333,4.2222,2.2222,6.2222,7.7778
1000,1001,stimulus_1001,/pscratch/sd/s/sjmoon/EmoFM/videos/CowenEmotionVideos/1001.mp4,True,0.0,0.0,0.16667,0.0,0.0,0.33333,0.16667,0.083333,0.0,0.0,0.083333,0.083333,0.0,0.0,0.0,0.0,0.0,0.0,0.083333,0.58333,0.0,0.083333,0.083333,0.0,0.0,0.0,0.0,0.0,0.0,0.0,0.0,0.083333,0.0,0.0,5.7778,3.2222,3.4444,2.2222,6.4444,3.3333,4.8889,2.1111,5.2222,3.1111,4.0,3.8889,1.6667,3.8889
1001,1002,stimulus_1002,/pscratch/sd/s/sjmoon/EmoFM/videos/CowenEmotionVideos/1002.mp4,True,0.0,0.0,0.0,0.41667,0.0,0.0,0.083333,0.0,0.0,0.0,0.0,0.0,0.0,0.0,0.0,0.0,0.0,0.0,0.0,0.0,0.0,0.0,0.083333,0.0,0.0,0.0,0.083333,0.0,0.0,0.0,0.0,0.58333,0.0,0.0,6.0,5.1111,7.1111,5.2222,6.3333,4.7778,5.7778,6.1111,2.4444,5.7778,4.2222,3.1111,6.2222,6.6667
1002,1003,stimulus_1003,/pscratch/sd/s/sjmoon/EmoFM/videos/CowenEmotionVideos/1003.mp4,True,0.0,0.0,0.0,0.16667,0.0,0.0,0.0,0.0,0.083333,0.16667,0.0,0.0,0.0,0.0,0.0,0.0,0.0,0.0,0.0,0.0,0.0,0.0,0.083333,0.083333,0.75,0.0,0.0,0.0,0.0,0.0,0.0,0.0,0.0,0.0,4.0,5.0,5.8889,6.4444,5.5556,5.7778,5.4444,7.4444,2.3333,6.7778,6.0,3.2222,7.5556,6.6667
1003,1004,stimulus_1004,/pscratch/sd/s/sjmoon/EmoFM/videos/CowenEmotionVideos/1004.mp4,True,0.0,0.0,0.0,0.083333,0.0,0.16667,0.0,0.0,0.0,0.0,0.0,0.0,0.0,0.083333,0.25,0.0,0.0,0.0,0.0,0.083333,0.083333,0.0,0.16667,0.0,0.0,0.0,0.0,0.0,0.66667,0.0,0.0,0.0,0.083333,0.0,4.5556,3.5556,1.5556,1.3333,5.4444,3.7778,6.3333,3.3333,4.8889,3.3333,4.2222,3.2222,2.7778,2.8889
1004,1005,stimulus_1005,/pscratch/sd/s/sjmoon/EmoFM/videos/CowenEmotionVideos/1005.mp4,True,0.083333,0.25,0.0,0.33333,0.0,0.083333,0.083333,0.0,0.0,0.0,0.0,0.0,0.0,0.0,0.0,0.0,0.25,0.0,0.083333,0.0,0.0,0.0,0.16667,0.0,0.0,0.0,0.0,0.0,0.0,0.0,0.0,0.083333,0.0,0.0,5.3333,5.3333,7.7778,7.5556,6.8889,6.0,7.1111,6.6667,2.2222,6.2222,5.0,2.6667,6.1111,6.8889
1005,1006,stimulus_1006,/pscratch/sd/s/sjmoon/EmoFM/videos/CowenEmotionVideos/1006.mp4,True,0.16667,0.0,0.25,0.083333,0.0,0.0,0.41667,0.0,0.0,0.25,0.0,0.0,0.0,0.0,0.0,0.0,0.083333,0.0,0.083333,0.0,0.0,0.0,0.5,0.0,0.083333,0.083333,0.0,0.0,0.0,0.083333,0.0,0.0,0.0,0.0,5.3333,4.3333,6.6667,6.2222,6.1111,4.7778,4.4444,5.5556,2.6667,6.3333,4.6667,3.4444,4.5556,6.7778
1006,1007,stimulus_1007,/pscratch/sd/s/sjmoon/EmoFM/videos/CowenEmotionVideos/1007.mp4,True,0.0,0.0,0.16667,0.083333,0.0,0.0,0.083333,0.0,0.0,0.083333,0.0,0.0,0.0,0.0,0.0,0.0,0.25,0.0,0.0,0.0,0.0,0.0,0.58333,0.0,0.0,0.0,0.0,0.0,0.0,0.16667,0.0,0.083333,0.0,0.083333,6.5556,4.8889,7.7778,6.8889,7.0,6.6667,4.7778,7.2222,2.2222,6.7778,4.7778,2.5556,7.2222,7.8889
1007,1008,stimulus_1008,/pscratch/sd/s/sjmoon/EmoFM/videos/CowenEmotionVideos/1008.mp4,True,0.0,0.0,0.0,0.0,0.0,0.0,0.0,0.083333,0.0,0.083333,0.0,0.0,0.0,0.0,0.0,0.0,0.0,0.0,0.083333,0.0,0.0,0.0,0.083333,0.0,0.0,0.0,0.0,0.083333,0.0,0.0,1.0,0.0,0.0,0.0,8.5556,6.0,7.2222,7.6667,7.5556,7.6667,6.0,7.6667,2.5556,6.5556,7.0,3.1111,7.3333,8.1111
1008,1009,stimulus_1009,/pscratch/sd/s/sjmoon/EmoFM/videos/CowenEmotionVideos/1009.mp4,True,0.0,0.0,0.0,0.41667,0.0,0.0,0.0,0.0,0.083333,0.0,0.0,0.0,0.0,0.0,0.0,0.0,0.0,0.0,0.33333,0.0,0.0,0.0,0.0,0.0,0.0,0.083333,0.0,0.0,0.0,0.083333,0.0,0.0,0.0,0.33333,5.8889,6.0,7.8889,7.8889,6.1111,7.4444,6.4444,8.0,1.7778,7.8889,7.6667,2.0,8.2222,7.6667
1009,1010,stimulus_1010,/pscratch/sd/s/sjmoon/EmoFM/videos/CowenEmotionVideos/1010.mp4,True,0.0,0.33333,0.0,0.75,0.0,0.0,0.16667,0.083333,0.0,0.0,0.083333,0.0,0.0,0.0,0.0,0.0,0.0,0.0,0.083333,0.083333,0.0,0.0,0.25,0.16667,0.0,0.0,0.0,0.0,0.083333,0.0,0.0,0.25,0.0,0.0,5.1111,3.8889,3.7778,2.3333,5.3333,3.2222,5.2222,3.3333,3.1111,3.5556,3.6667,4.1111,3.5556,2.8889
1010,1011,stimulus_1011,/pscratch/sd/s/sjmoon/EmoFM/videos/CowenEmotionVideos/1011.mp4,True,0.0,0.083333,0.0,0.58333,0.0,0.0,0.0,0.083333,0.0,0.0,0.083333,0.0,0.0,0.0,0.0,0.0,0.0,0.0,0.0,0.0,0.0,0.0,0.083333,0.083333,0.0,0.0,0.0,0.0,0.0,0.0,0.0,0.16667,0.0,0.0,6.0,4.5556,5.8889,4.2222,6.1111,3.1111,5.0,4.4444,3.8889,5.1111,5.0,2.7778,4.5556,6.4444
1011,1012,stimulus_1012,/pscratch/sd/s/sjmoon/EmoFM/videos/CowenEmotionVideos/1012.mp4,True,0.083333,0.083333,0.0,0.25,0.0,0.0,0.0,0.0,0.0,0.0,0.0,0.0,0.0,0.0,0.0,0.0,0.0,0.0,0.33333,0.0,0.0,0.0,0.25,0.083333,0.0,0.25,0.0,0.0,0.0,0.0,0.0,0.0,0.0,0.25,5.8889,6.4444,7.5556,7.3333,6.3333,6.5556,5.7778,8.0,2.3333,7.7778,6.8889,2.1111,7.1111,7.2222
1012,1013,stimulus_1013,/pscratch/sd/s/sjmoon/EmoFM/videos/CowenEmotionVideos/1013.mp4,True,0.0,0.0,0.083333,0.16667,0.0,0.0,0.083333,0.0,0.083333,0.0,0.083333,0.0,0.0,0.0,0.0,0.0,0.25,0.0,0.0,0.083333,0.0,0.0,0.41667,0.0,0.0,0.0,0.0,0.0,0.0,0.0,0.0,0.0,0.0,0.0,5.2222,4.4444,6.5556,6.4444,5.3333,5.7778,4.2222,7.5556,3.7778,6.6667,4.3333,4.2222,6.3333,6.4444
1013,1014,stimulus_1014,/pscratch/sd/s/sjmoon/EmoFM/videos/CowenEmotionVideos/1014.mp4,True,0.0,0.0,0.0,0.083333,0.0,0.16667,0.0,0.0,0.0,0.0,0.083333,0.0,0.0,0.0,0.0,0.0,0.0,0.0,0.083333,0.41667,0.0,0.66667,0.083333,0.0,0.0,0.083333,0.083333,0.0,0.0,0.0,0.0,0.0,0.0,0.0,7.0,2.7778,2.0,1.2222,4.3333,2.3333,3.2222,1.7778,5.5556,2.3333,2.6667,5.3333,1.7778,2.4444
1014,1015,stimulus_1015,/pscratch/sd/s/sjmoon/EmoFM/videos/CowenEmotionVideos/1015.mp4,True,0.0,0.0,0.0,0.33333,0.0,0.16667,0.0,0.0,0.0,0.0,0.25,0.0,0.0,0.0,0.16667,0.0,0.0,0.0,0.0,0.083333,0.0,0.25,0.083333,0.0,0.0,0.0,0.0,0.0,0.0,0.0,0.0,0.33333,0.0,0.0,5.3333,3.1111,1.8889,1.5556,4.7778,1.7778,2.6667,3.2222,5.4444,3.1111,2.3333,4.5556,3.0,3.4444
1015,1016,stimulus_1016,/pscratch/sd/s/sjmoon/EmoFM/videos/CowenEmotionVideos/1016.mp4,True,0.0,0.0,0.0,0.0,0.0,0.0,0.083333,0.0,0.33333,0.083333,0.0,0.0,0.0,0.0,0.0,0.0,0.0,0.0,0.0,0.0,0.0,0.0,0.0,0.0,0.0,0.0,0.0,0.66667,0.0,0.0,0.0,0.0,0.0,0.0,3.5556,2.7778,8.0,7.5556,5.4444,6.1111,6.8889,7.6667,1.4444,7.7778,5.8889,1.4444,8.2222,7.3333
1016,1017,stimulus_1017,/pscratch/sd/s/sjmoon/EmoFM/videos/CowenEmotionVideos/1017.mp4,True,0.0,0.0,0.0,0.66667,0.0,0.0,0.0,0.083333,0.0,0.0,0.0,0.0,0.0,0.0,0.0,0.0,0.0,0.0,0.0,0.25,0.0,0.0,0.16667,0.0,0.0,0.0,0.0,0.0,0.0,0.0,0.0,0.16667,0.0,0.0,5.7778,3.4444,4.8889,3.0,7.0,4.2222,4.0,4.6667,3.5556,4.6667,4.1111,3.7778,3.4444,4.6667
1017,1018,stimulus_1018,/pscratch/sd/s/sjmoon/EmoFM/videos/CowenEmotionVideos/1018.mp4,True,0.0,0.0,0.16667,0.0,0.0,0.0,0.0,0.0,0.33333,0.16667,0.0,0.0,0.0,0.0,0.0,0.0,0.25,0.0,0.0,0.0,0.0,0.0,0.16667,0.0,0.0,0.0,0.0,0.0,0.0,0.0,0.0,0.0,0.0,0.0,4.4444,4.1111,6.7778,4.7778,5.2222,4.8889,3.6667,7.4444,2.5556,6.6667,3.2222,2.6667,6.4444,5.7778
1018,1019,stimulus_1019,/pscratch/sd/s/sjmoon/EmoFM/videos/CowenEmotionVideos/1019.mp4,True,0.0,0.0,0.0,0.0,0.0,0.16667,0.0,0.083333,0.0,0.0,0.25,0.0,0.083333,0.16667,0.41667,0.0,0.0,0.0,0.0,0.25,0.0,0.33333,0.0,0.0,0.0,0.0,0.083333,0.0,0.0,0.0,0.0,0.25,0.0,0.0,5.3333,4.0,1.8889,2.2222,5.1111,2.2222,4.0,3.2222,6.7778,3.3333,3.2222,5.2222,3.2222,4.3333
1019,1020,stimulus_1020,/pscratch/sd/s/sjmoon/EmoFM/videos/CowenEmotionVideos/1020.mp4,True,0.0,0.0,0.33333,0.083333,0.0,0.083333,0.5,0.0,0.0,0.083333,0.0,0.0,0.0,0.0,0.0,0.0,0.083333,0.0,0.083333,0.0,0.0,0.0,0.33333,0.0,0.0,0.0,0.0,0.0,0.0,0.0,0.0,0.0,0.0,0.0,6.4444,4.0,5.2222,3.4444,4.5556,4.6667,3.1111,4.3333,3.3333,5.3333,2.5556,3.4444,3.8889,5.7778
1020,1021,stimulus_1021,/pscratch/sd/s/sjmoon/EmoFM/videos/CowenEmotionVideos/1021.mp4,True,0.090909,0.0,0.0,0.090909,0.0,0.090909,0.090909,0.0,0.090909,0.0,0.18182,0.0,0.0,0.0,0.090909,0.0,0.090909,0.0,0.18182,0.18182,0.0,0.18182,0.0,0.0,0.0,0.0,0.090909,0.0,0.18182,0.0,0.0,0.18182,0.090909,0.090909,5.7778,4.2222,3.0,1.8889,5.6667,4.3333,5.8889,3.4444,5.4444,4.0,4.0,4.4444,3.0,4.6667
1021,1022,stimulus_1022,/pscratch/sd/s/sjmoon/EmoFM/videos/CowenEmotionVideos/1022.mp4,True,0.0,0.0,0.81818,0.0,0.0,0.0,0.31818,0.0,0.0,0.40909,0.0,0.0,0.0,0.0,0.0,0.0,0.0,0.0,0.0,0.0,0.0,0.0,0.0,0.0,0.0,0.0,0.0,0.0,0.0,0.0,0.0,0.0,0.0,0.0,4.3333,4.0,6.5556,7.2222,5.2222,5.6667,4.7778,6.0,1.6667,6.2222,4.1111,3.1111,6.3333,5.8889
1022,1023,stimulus_1023,/pscratch/sd/s/sjmoon/EmoFM/videos/CowenEmotionVideos/1023.mp4,True,0.0,0.0,0.090909,0.090909,0.0,0.0,0.27273,0.0,0.090909,0.18182,0.0,0.0,0.0,0.0,0.18182,0.0,0.18182,0.0,0.0,0.0,0.0,0.0,0.27273,0.090909,0.0,0.0,0.0,0.0,0.0,0.0,0.0,0.0,0.0,0.0,5.3333,4.2222,5.6667,5.0,5.5556,5.2222,4.6667,5.8889,2.4444,5.4444,3.3333,3.5556,5.1111,5.3333
1023,1024,stimulus_1024,/pscratch/sd/s/sjmoon/EmoFM/videos/CowenEmotionVideos/1024.mp4,True,0.0,0.0,0.0,0.18182,0.0,0.0,0.0,0.27273,0.31818,0.0,0.18182,0.090909,0.0,0.13636,0.18182,0.0,0.0,0.0,0.0,0.0,0.0,0.0,0.090909,0.0,0.0,0.0,0.0,0.0,0.0,0.0,0.0,0.0,0.0,0.0,4.5556,5.1111,4.7778,4.2222,5.5556,5.0,4.7778,5.8889,2.7778,5.0,5.0,4.0,4.8889,5.1111
1024,1025,stimulus_1025,/pscratch/sd/s/sjmoon/EmoFM/videos/CowenEmotionVideos/1025.mp4,True,0.0,0.18182,0.63636,0.0,0.0,0.0,0.54545,0.0,0.0,0.36364,0.0,0.0,0.0,0.0,0.0,0.0,0.0,0.0,0.0,0.0,0.0,0.0,0.090909,0.0,0.090909,0.0,0.0,0.0,0.0,0.0,0.0,0.0,0.0,0.0,5.7778,3.4444,7.1111,7.1111,5.3333,5.4444,4.0,5.7778,1.5556,5.8889,3.5556,2.4444,6.0,5.2222
1025,1026,stimulus_1026,/pscratch/sd/s/sjmoon/EmoFM/videos/CowenEmotionVideos/1026.mp4,True,0.0,0.0,0.0,0.0,0.36364,0.36364,0.090909,0.0,0.0,0.0,0.090909,0.0,0.0,0.090909,0.27273,0.18182,0.0,0.0,0.0,0.45455,0.090909,0.63636,0.0,0.0,0.18182,0.0,0.0,0.0,0.36364,0.0,0.0,0.0,0.0,0.0,5.8889,3.6667,1.4444,1.2222,6.0,5.3333,5.3333,1.5556,6.6667,1.8889,5.6667,4.7778,1.7778,1.8889
1026,1027,stimulus_1027,/pscratch/sd/s/sjmoon/EmoFM/videos/CowenEmotionVideos/1027.mp4,True,0.0,0.0,0.18182,0.045455,0.0,0.090909,0.090909,0.0,0.0,0.0,0.40909,0.0,0.0,0.0,0.0,0.0,0.0,0.0,0.090909,0.36364,0.0,0.0,0.18182,0.0,0.0,0.0,0.0,0.0,0.0,0.0,0.0,0.090909,0.0,0.0,5.3333,3.8889,4.0,3.7778,5.3333,3.6667,3.8889,4.0,4.2222,4.3333,3.5556,5.2222,3.3333,4.6667
1027,1028,stimulus_1028,/pscratch/sd/s/sjmoon/EmoFM/videos/CowenEmotionVideos/1028.mp4,True,0.0,0.0,0.090909,0.0,0.0,0.0,0.18182,0.090909,0.090909,0.090909,0.18182,0.090909,0.0,0.0,0.0,0.0,0.045455,0.0,0.18182,0.090909,0.0,0.0,0.27273,0.0,0.0,0.0,0.0,0.40909,0.0,0.0,0.18182,0.090909,0.0,0.0,5.5556,4.1111,4.1111,2.4444,4.2222,3.7778,4.0,3.4444,4.7778,3.3333,3.4444,4.2222,2.4444,4.1111
1028,1029,stimulus_1029,/pscratch/sd/s/sjmoon/EmoFM/videos/CowenEmotionVideos/1029.mp4,True,0.090909,0.36364,0.0,0.36364,0.0,0.0,0.36364,0.0,0.0,0.0,0.0,0.0,0.0,0.0,0.0,0.0,0.0,0.0,0.0,0.0,0.0,0.0,0.090909,0.27273,0.0,0.0,0.0,0.0,0.0,0.0,0.0,0.0,0.0,0.0,5.6667,4.6667,7.1111,7.1111,5.7778,6.1111,6.4444,7.0,2.1111,6.3333,5.4444,3.0,6.1111,6.3333
1029,1030,stimulus_1030,/pscratch/sd/s/sjmoon/EmoFM/videos/CowenEmotionVideos/1030.mp4,True,0.090909,0.0,0.27273,0.0,0.0,0.0,0.36364,0.0,0.090909,0.0,0.27273,0.0,0.0,0.0,0.0,0.0,0.27273,0.090909,0.0,0.0,0.0,0.0,0.090909,0.0,0.090909,0.0,0.0,0.0,0.0,0.0,0.090909,0.0,0.0,0.0,5.5556,4.3333,5.7778,4.7778,5.4444,4.7778,4.7778,5.5556,3.2222,5.0,4.1111,3.6667,5.1111,5.2222
1030,1031,stimulus_1031,/pscratch/sd/s/sjmoon/EmoFM/videos/CowenEmotionVideos/1031.mp4,True,0.0,0.27273,0.0,0.5,0.0,0.0,0.18182,0.0,0.0,0.0,0.045455,0.0,0.0,0.0,0.0,0.0,0.18182,0.0,0.0,0.0,0.0,0.0,0.0,0.27273,0.0,0.0,0.0,0.0,0.0,0.0,0.0,0.0,0.0,0.0,5.2222,4.8889,6.7778,7.1111,4.7778,5.2222,6.2222,6.4444,2.2222,6.4444,4.7778,2.8889,5.8889,6.2222
1031,1032,stimulus_1032,/pscratch/sd/s/sjmoon/EmoFM/videos/CowenEmotionVideos/1032.mp4,True,0.090909,0.36364,0.0,0.090909,0.0,0.0,0.27273,0.0,0.0,0.0,0.0,0.0,0.0,0.0,0.0,0.0,0.0,0.0,0.0,0.0,0.0,0.0,0.090909,0.72727,0.090909,0.0,0.0,0.0,0.0,0.090909,0.0,0.0,0.090909,0.0,5.8889,4.2222,8.2222,7.0,5.6667,4.7778,6.1111,6.8889,2.6667,5.6667,5.3333,3.8889,5.8889,5.5556
1032,1033,stimulus_1033,/pscratch/sd/s/sjmoon/EmoFM/videos/CowenEmotionVideos/1033.mp4,True,0.0,0.0,0.0,0.63636,0.0,0.0,0.0,0.36364,0.0,0.0,0.090909,0.0,0.0,0.0,0.0,0.090909,0.0,0.0,0.0,0.0,0.0,0.0,0.0,0.0,0.0,0.0,0.0,0.0,0.0,0.0,0.0,0.090909,0.090909,0.0,5.5556,4.4444,5.7778,5.2222,6.1111,4.7778,5.5556,5.8889,1.4444,5.1111,5.6667,4.0,5.0,4.7778
1033,1034,stimulus_1034,/pscratch/sd/s/sjmoon/EmoFM/videos/CowenEmotionVideos/1034.mp4,True,0.090909,0.27273,0.0,0.0,0.0,0.090909,0.27273,0.0,0.0,0.0,0.0,0.0,0.0,0.0,0.0,0.090909,0.0,0.0,0.18182,0.0,0.0,0.0,0.090909,0.72727,0.0,0.0,0.0,0.0,0.0,0.27273,0.0,0.0,0.090909,0.0,5.8889,5.1111,8.3333,7.3333,7.0,6.8889,7.1111,7.7778,1.8889,5.6667,6.5556,3.2222,6.6667,7.4444
1034,1035,stimulus_1035,/pscratch/sd/s/sjmoon/EmoFM/videos/CowenEmotionVideos/1035.mp4,True,0.090909,0.090909,0.0,0.0,0.0,0.0,0.45455,0.0,0.0,0.090909,0.090909,0.0,0.0,0.0,0.36364,0.090909,0.0,0.0,0.0,0.0,0.0,0.0,0.18182,0.0,0.0,0.0,0.0,0.0,0.18182,0.0,0.0,0.090909,0.18182,0.0,5.2222,4.4444,5.3333,5.2222,5.8889,3.6667,7.3333,6.1111,3.3333,4.1111,5.1111,3.7778,4.5556,4.7778
1035,1036,stimulus_1036,/pscratch/sd/s/sjmoon/EmoFM/videos/CowenEmotionVideos/1036.mp4,True,0.0,0.18182,0.0,0.63636,0.0,0.0,0.18182,0.18182,0.0,0.0,0.0,0.0,0.0,0.0,0.0,0.0,0.0,0.0,0.0,0.0,0.0,0.0,0.0,0.18182,0.0,0.0,0.0,0.0,0.0,0.0,0.0,0.18182,0.0,0.0,6.0,5.4444,6.2222,5.3333,5.8889,5.2222,5.4444,5.6667,2.2222,4.5556,4.2222,4.1111,4.6667,4.5556
1036,1037,stimulus_1037,/pscratch/sd/s/sjmoon/EmoFM/videos/CowenEmotionVideos/1037.mp4,True,0.45455,0.0,0.18182,0.0,0.0,0.36364,0.40909,0.0,0.0,0.0,0.0,0.0,0.0,0.0,0.0,0.0,0.0,0.090909,0.090909,0.31818,0.0,0.0,0.090909,0.0,0.0,0.0,0.0,0.0,0.0,0.0,0.0,0.090909,0.0,0.18182,6.3333,4.7778,3.5556,3.3333,6.7778,5.0,4.0,3.6667,3.1111,4.7778,3.1111,2.7778,2.0,6.3333
1037,1038,stimulus_1038,/pscratch/sd/s/sjmoon/EmoFM/videos/CowenEmotionVideos/1038.mp4,True,0.0,0.0,0.0,0.0,0.0,0.0,0.0,0.090909,0.0,0.0,0.090909,0.0,0.0,0.0,0.18182,0.0,0.090909,0.090909,0.18182,0.0,0.0,0.0,0.0,0.0,0.0,0.0,0.0,0.090909,0.0,0.0,0.54545,0.090909,0.0,0.0,7.8889,5.4444,7.3333,7.3333,7.8889,6.4444,5.0,7.7778,1.6667,6.6667,6.1111,2.7778,5.8889,7.0
1038,1039,stimulus_1039,/pscratch/sd/s/sjmoon/EmoFM/videos/CowenEmotionVideos/1039.mp4,True,0.0,0.27273,0.0,0.72727,0.0,0.0,0.18182,0.090909,0.0,0.0,0.0,0.0,0.0,0.0,0.0,0.0,0.0,0.0,0.090909,0.090909,0.0,0.0,0.18182,0.27273,0.0,0.0,0.0,0.0,0.0,0.0,0.0,0.0,0.0,0.0,6.5556,6.1111,6.5556,6.0,6.1111,5.2222,6.3333,6.4444,1.2222,4.4444,4.7778,3.7778,5.0,6.1111
1039,1040,stimulus_1040,/pscratch/sd/s/sjmoon/EmoFM/videos/CowenEmotionVideos/1040.mp4,True,0.0,0.0,0.090909,0.090909,0.0,0.0,0.18182,0.0,0.090909,0.090909,0.090909,0.0,0.045455,0.0,0.0,0.0,0.0,0.0,0.090909,0.0,0.0,0.0,0.5,0.0,0.0,0.0,0.0,0.0,0.0,0.0,0.0,0.18182,0.0,0.0,6.7778,5.2222,6.2222,6.4444,6.1111,5.8889,4.2222,7.0,1.1111,5.3333,5.0,3.2222,5.5556,6.7778
1040,1041,stimulus_1041,/pscratch/sd/s/sjmoon/EmoFM/videos/CowenEmotionVideos/1041.mp4,True,0.090909,0.0,0.0,0.18182,0.0,0.27273,0.18182,0.0,0.090909,0.0,0.0,0.0,0.0,0.0,0.0,0.0,0.0,0.0,0.18182,0.090909,0.0,0.090909,0.090909,0.0,0.0,0.0,0.18182,0.0,0.0,0.0,0.0,0.27273,0.0,0.0,5.5556,4.2222,4.7778,2.7778,5.7778,4.8889,5.6667,5.1111,3.4444,5.2222,4.0,3.8889,2.7778,7.5556
1041,1042,stimulus_1042,/pscratch/sd/s/sjmoon/EmoFM/videos/CowenEmotionVideos/1042.mp4,True,0.0,0.0,0.0,0.0,0.27273,0.27273,0.0,0.090909,0.0,0.0,0.090909,0.0,0.0,0.0,0.090909,0.0,0.0,0.0,0.0,0.63636,0.0,0.18182,0.090909,0.0,0.0,0.0,0.0,0.0,0.0,0.0,0.0,0.27273,0.0,0.0,6.6667,6.1111,2.3333,2.1111,6.8889,4.1111,3.6667,1.8889,3.1111,3.8889,3.6667,4.5556,2.5556,3.5556
1042,1043,stimulus_1043,/pscratch/sd/s/sjmoon/EmoFM/videos/CowenEmotionVideos/1043.mp4,True,0.0,0.090909,0.0,0.86364,0.0,0.0,0.090909,0.0,0.0,0.0,0.0,0.0,0.0,0.0,0.0,0.0,0.0,0.0,0.090909,0.0,0.0,0.0,0.0,0.31818,0.090909,0.0,0.0,0.0,0.0,0.0,0.0,0.18182,0.0,0.0,6.7778,5.4444,7.5556,6.2222,6.0,5.8889,6.1111,6.1111,1.3333,6.0,5.8889,3.5556,4.7778,7.2222
1043,1044,stimulus_1044,/pscratch/sd/s/sjmoon/EmoFM/videos/CowenEmotionVideos/1044.mp4,True,0.0,0.0,0.0,0.090909,0.0,0.0,0.090909,0.0,0.0,0.0,0.0,0.0,0.0,0.0,1.0,0.0,0.0,0.0,0.0,0.090909,0.0,0.0,0.0,0.0,0.0,0.0,0.0,0.0,0.0,0.0,0.0,0.090909,0.0,0.0,4.8889,5.2222,2.5556,2.6667,4.6667,4.8889,4.3333,4.3333,6.1111,5.2222,4.6667,3.2222,4.6667,3.2222
1044,1045,stimulus_1045,/pscratch/sd/s/sjmoon/EmoFM/videos/CowenEmotionVideos/1045.mp4,True,0.0,0.0,0.0,0.18182,0.0,0.0,0.090909,0.0,0.27273,0.090909,0.0,0.0,0.0,0.0,0.0,0.0,0.0,0.0,0.0,0.0,0.0,0.0,0.090909,0.090909,0.45455,0.0,0.0,0.0,0.0,0.090909,0.0,0.0,0.0,0.0,5.5556,3.8889,7.6667,6.4444,7.0,7.2222,5.8889,7.3333,1.6667,6.2222,5.8889,2.6667,7.4444,6.3333
1045,1046,stimulus_1046,/pscratch/sd/s/sjmoon/EmoFM/videos/CowenEmotionVideos/1046.mp4,True,0.0,0.0,0.0,0.81818,0.0,0.0,0.0,0.090909,0.0,0.0,0.0,0.0,0.0,0.0,0.0,0.090909,0.0,0.0,0.0,0.0,0.0,0.0,0.090909,0.090909,0.0,0.0,0.0,0.0,0.0,0.0,0.0,0.090909,0.0,0.0,5.7778,5.1111,5.4444,3.6667,5.8889,4.4444,4.3333,2.8889,2.0,3.8889,4.0,3.8889,3.1111,4.2222
1046,1047,stimulus_1047,/pscratch/sd/s/sjmoon/EmoFM/videos/CowenEmotionVideos/1047.mp4,True,0.18182,0.090909,0.0,0.81818,0.0,0.0,0.0,0.0,0.0,0.0,0.0,0.0,0.0,0.0,0.0,0.0,0.0,0.0,0.0,0.0,0.0,0.0,0.090909,0.090909,0.0,0.0,0.0,0.0,0.0,0.090909,0.0,0.0,0.0,0.0,6.4444,3.7778,7.6667,6.3333,6.0,5.8889,6.0,6.0,1.7778,4.4444,5.8889,3.5556,6.5556,7.1111
1047,1048,stimulus_1048,/pscratch/sd/s/sjmoon/EmoFM/videos/CowenEmotionVideos/1048.mp4,True,0.0,0.0,0.45455,0.0,0.0,0.0,0.090909,0.0,0.090909,0.40909,0.0,0.0,0.090909,0.0,0.0,0.0,0.045455,0.0,0.0,0.0,0.0,0.0,0.27273,0.0,0.0,0.0,0.0,0.0,0.0,0.090909,0.0,0.0,0.0,0.0,6.5556,4.3333,8.1111,8.4444,7.6667,7.2222,6.4444,8.1111,1.7778,7.0,7.1111,2.3333,7.1111,6.8889
1048,1049,stimulus_1049,/pscratch/sd/s/sjmoon/EmoFM/videos/CowenEmotionVideos/1049.mp4,True,0.0,0.18182,0.0,0.63636,0.0,0.0,0.18182,0.18182,0.0,0.0,0.0,0.0,0.0,0.0,0.0,0.090909,0.0,0.0,0.090909,0.0,0.0,0.0,0.0,0.18182,0.0,0.0,0.0,0.0,0.090909,0.0,0.0,0.18182,0.090909,0.0,5.0,4.8889,6.5556,5.2222,6.4444,4.8889,4.8889,5.4444,1.4444,3.0,5.2222,3.3333,5.5556,4.8889
1049,1050,stimulus_1050,/pscratch/sd/s/sjmoon/EmoFM/videos/CowenEmotionVideos/1050.mp4,True,0.18182,0.090909,0.27273,0.090909,0.0,0.0,0.40909,0.0,0.0,0.0,0.045455,0.0,0.0,0.0,0.0,0.0,0.090909,0.0,0.0,0.0,0.0,0.0,0.45455,0.0,0.0,0.0,0.0,0.0,0.0,0.0,0.0,0.18182,0.0,0.0,6.0,4.6667,7.4444,7.6667,7.0,7.2222,5.0,7.6667,1.8889,6.1111,6.1111,2.3333,7.0,7.0
1050,1051,stimulus_1051,/pscratch/sd/s/sjmoon/EmoFM/videos/CowenEmotionVideos/1051.mp4,True,0.0,0.0,0.090909,0.0,0.0,0.0,0.0,0.0,0.0,0.0,0.0,0.0,0.0,0.0,0.090909,0.0,0.0,0.0,0.0,0.0,0.0,0.0,0.090909,0.0,0.0,0.0,0.0,0.0,0.0,0.0,0.81818,0.0,0.0,0.0,7.1111,4.5556,6.8889,5.2222,6.4444,5.4444,5.0,6.4444,4.6667,4.8889,4.7778,3.7778,6.0,6.6667
1051,1052,stimulus_1052,/pscratch/sd/s/sjmoon/EmoFM/videos/CowenEmotionVideos/1052.mp4,True,0.0,0.0,0.18182,0.0,0.0,0.0,0.0,0.0,0.0,0.090909,0.36364,0.0,0.0,0.0,0.0,0.0,0.27273,0.0,0.0,0.0,0.0,0.0,0.27273,0.0,0.0,0.0,0.0,0.0,0.0,0.0,0.0,0.090909,0.0,0.0,5.5556,4.7778,3.1111,2.7778,5.4444,4.3333,3.8889,3.4444,4.7778,5.0,3.6667,5.4444,3.5556,4.5556
1052,1053,stimulus_1053,/pscratch/sd/s/sjmoon/EmoFM/videos/CowenEmotionVideos/1053.mp4,True,0.0,0.0,0.0,0.0,0.0,0.0,0.0,0.0,0.0,0.090909,0.0,0.0,0.72727,0.0,0.0,0.0,0.0,0.0,0.090909,0.0,0.0,0.0,0.0,0.0,0.0,0.0,0.0,0.0,0.0,0.0,0.0,0.090909,0.0,0.0,6.1111,4.0,6.8889,6.4444,4.7778,6.0,4.1111,6.8889,3.0,5.7778,4.0,4.3333,5.7778,6.4444
1053,1054,stimulus_1054,/pscratch/sd/s/sjmoon/EmoFM/videos/CowenEmotionVideos/1054.mp4,True,0.0,0.0,0.0,0.0,0.0,0.0,0.0,0.0,0.0,0.0,0.0,0.090909,0.0,0.0,0.0,0.0,0.090909,0.0,0.0,0.0,0.0,0.0,0.090909,0.0,0.0,0.0,0.0,0.72727,0.0,0.0,0.090909,0.0,0.0,0.0,6.8889,4.2222,6.2222,6.4444,6.6667,6.4444,5.2222,7.4444,1.5556,6.8889,6.1111,2.1111,6.1111,6.5556
1054,1055,stimulus_1055,/pscratch/sd/s/sjmoon/EmoFM/videos/CowenEmotionVideos/1055.mp4,True,0.0,0.0,0.0,0.27273,0.0,0.0,0.0,0.090909,0.18182,0.0,0.090909,0.0,0.0,0.0,0.0,0.0,0.0,0.0,0.0,0.0,0.0,0.0,0.0,0.0,0.54545,0.0,0.0,0.0,0.0,0.0,0.0,0.0,0.0,0.0,5.5556,4.2222,6.3333,4.6667,5.6667,4.2222,3.4444,5.2222,3.6667,4.5556,4.5556,3.6667,5.4444,4.8889
1055,1056,stimulus_1056,/pscratch/sd/s/sjmoon/EmoFM/videos/CowenEmotionVideos/1056.mp4,True,0.0,0.0,0.0,0.0,0.0,0.0,0.0,0.090909,0.090909,0.0,0.0,0.090909,0.0,0.0,0.0,0.0,0.0,0.0,0.0,0.0,0.0,0.0,0.0,0.0,0.0,0.0,0.0,0.81818,0.0,0.0,0.0,0.0,0.0,0.0,6.6667,4.0,7.1111,7.2222,6.2222,6.5556,6.4444,7.8889,1.8889,6.1111,7.1111,2.2222,7.3333,7.2222
1056,1057,stimulus_1057,/pscratch/sd/s/sjmoon/EmoFM/videos/CowenEmotionVideos/1057.mp4,True,0.0,0.0,0.0,0.18182,0.0,0.0,0.0,0.0,0.0,0.0,0.0,0.0,0.0,0.0,0.090909,0.0,0.0,0.0,0.0,0.0,0.0,0.0,0.18182,0.0,0.63636,0.0,0.0,0.0,0.0,0.0,0.0,0.0,0.18182,0.0,6.2222,3.8889,3.4444,2.8889,5.7778,4.4444,3.3333,3.1111,3.3333,3.2222,3.1111,3.7778,3.1111,2.8889
1057,1058,stimulus_1058,/pscratch/sd/s/sjmoon/EmoFM/videos/CowenEmotionVideos/1058.mp4,True,0.0,0.0,0.0,0.54545,0.0,0.0,0.090909,0.0,0.0,0.0,0.0,0.0,0.0,0.0,0.0,0.0,0.0,0.0,0.0,0.0,0.0,0.0,0.0,0.0,0.0,0.0,0.0,0.0,0.0,0.090909,0.0,0.36364,0.090909,0.0,6.1111,5.0,6.0,5.1111,6.3333,5.0,4.5556,4.5556,1.8889,5.0,3.8889,2.7778,3.8889,5.2222
1058,1059,stimulus_1059,/pscratch/sd/s/sjmoon/EmoFM/videos/CowenEmotionVideos/1059.mp4,True,0.090909,0.0,0.0,0.45455,0.0,0.0,0.27273,0.0,0.0,0.0,0.0,0.0,0.0,0.0,0.0,0.0,0.090909,0.0,0.090909,0.0,0.0,0.0,0.090909,0.0,0.0,0.0,0.0,0.0,0.0,0.18182,0.0,0.18182,0.0,0.18182,5.6667,4.6667,6.6667,5.4444,6.5556,5.2222,4.8889,5.5556,2.2222,5.5556,5.3333,3.0,5.0,6.1111
1059,1060,stimulus_1060,/pscratch/sd/s/sjmoon/EmoFM/videos/CowenEmotionVideos/1060.mp4,True,0.0,0.18182,0.0,0.81818,0.0,0.0,0.090909,0.0,0.0,0.0,0.0,0.0,0.0,0.0,0.0,0.0,0.0,0.0,0.0,0.0,0.0,0.0,0.090909,0.090909,0.0,0.0,0.0,0.0,0.0,0.0,0.0,0.0,0.0,0.0,6.0,5.0,7.3333,7.1111,6.5556,6.0,6.1111,5.6667,1.5556,5.7778,4.5556,3.0,6.6667,6.1111
1060,1061,stimulus_1061,/pscratch/sd/s/sjmoon/EmoFM/videos/CowenEmotionVideos/1061.mp4,True,0.0,0.0,0.54545,0.0,0.0,0.0,0.27273,0.0,0.0,0.27273,0.0,0.090909,0.0,0.0,0.0,0.0,0.27273,0.0,0.0,0.0,0.0,0.0,0.090909,0.0,0.0,0.0,0.0,0.0,0.0,0.0,0.0,0.0,0.0,0.0,6.1111,5.2222,7.6667,8.1111,6.2222,6.3333,4.7778,7.0,2.0,6.2222,5.4444,2.8889,5.7778,7.1111
1061,1062,stimulus_1062,/pscratch/sd/s/sjmoon/EmoFM/videos/CowenEmotionVideos/1062.mp4,True,0.0,0.45455,0.0,0.18182,0.0,0.0,0.27273,0.0,0.090909,0.090909,0.0,0.0,0.0,0.0,0.0,0.0,0.0,0.0,0.0,0.0,0.0,0.0,0.0,0.27273,0.0,0.0,0.0,0.0,0.0,0.0,0.0,0.0,0.0,0.0,5.4444,4.5556,7.0,6.3333,5.6667,5.4444,6.0,6.6667,2.0,5.5556,4.3333,2.6667,7.6667,6.1111
1062,1063,stimulus_1063,/pscratch/sd/s/sjmoon/EmoFM/videos/CowenEmotionVideos/1063.mp4,True,0.0,0.27273,0.0,0.27273,0.0,0.0,0.27273,0.0,0.0,0.0,0.0,0.0,0.0,0.0,0.0,0.0,0.0,0.0,0.0,0.0,0.0,0.0,0.090909,0.090909,0.0,0.0,0.18182,0.0,0.0,0.0,0.0,0.090909,0.090909,0.0,6.3333,4.3333,6.2222,6.4444,6.1111,5.8889,5.6667,5.5556,2.2222,5.3333,5.7778,3.7778,4.8889,6.0
1063,1064,stimulus_1064,/pscratch/sd/s/sjmoon/EmoFM/videos/CowenEmotionVideos/1064.mp4,True,0.0,0.0,0.0,0.27273,0.0,0.0,0.0,0.0,0.0,0.0,0.72727,0.0,0.0,0.0,0.0,0.0,0.0,0.0,0.0,0.090909,0.0,0.0,0.090909,0.0,0.090909,0.0,0.0,0.0,0.0,0.0,0.0,0.18182,0.0,0.0,4.3333,4.3333,4.8889,4.5556,5.5556,3.4444,4.4444,4.6667,4.5556,4.3333,4.3333,3.5556,3.8889,4.1111
1064,1065,stimulus_1065,/pscratch/sd/s/sjmoon/EmoFM/videos/CowenEmotionVideos/1065.mp4,True,0.0,0.0,0.090909,0.27273,0.0,0.090909,0.0,0.0,0.0,0.090909,0.18182,0.0,0.0,0.0,0.0,0.0,0.27273,0.0,0.0,0.0,0.0,0.0,0.0,0.0,0.0,0.0,0.0,0.0,0.0,0.0,0.0,0.090909,0.0,0.0,6.5556,3.5556,4.3333,3.6667,6.0,3.8889,3.3333,3.5556,4.1111,4.3333,4.2222,3.8889,3.4444,4.2222
1065,1066,stimulus_1066,/pscratch/sd/s/sjmoon/EmoFM/videos/CowenEmotionVideos/1066.mp4,True,0.0,0.0,0.090909,0.090909,0.0,0.0,0.0,0.0,0.0,0.0,0.090909,0.0,0.0,0.0,0.0,0.0,0.090909,0.0,0.090909,0.0,0.0,0.090909,0.63636,0.0,0.0,0.0,0.0,0.0,0.0,0.0,0.0,0.090909,0.0,0.0,5.2222,4.1111,3.7778,3.0,5.4444,5.2222,4.2222,5.0,3.4444,3.8889,4.0,3.1111,3.8889,3.0
1066,1067,stimulus_1067,/pscratch/sd/s/sjmoon/EmoFM/videos/CowenEmotionVideos/1067.mp4,True,0.0,0.0,0.27273,0.0,0.0,0.0,0.36364,0.0,0.090909,0.0,0.0,0.0,0.0,0.0,0.0,0.0,0.090909,0.0,0.0,0.0,0.0,0.0,0.36364,0.0,0.0,0.0,0.0,0.0,0.0,0.0,0.0,0.0,0.0,0.0,5.6667,4.5556,6.2222,6.6667,6.2222,5.1111,4.2222,6.5556,2.7778,5.4444,4.3333,2.1111,6.0,6.4444
1067,1068,stimulus_1068,/pscratch/sd/s/sjmoon/EmoFM/videos/CowenEmotionVideos/1068.mp4,True,0.090909,0.0,0.18182,0.18182,0.0,0.0,0.0,0.0,0.18182,0.0,0.0,0.0,0.0,0.0,0.0,0.0,0.090909,0.0,0.0,0.0,0.0,0.0,0.54545,0.0,0.090909,0.0,0.0,0.0,0.0,0.0,0.0,0.0,0.0,0.0,5.6667,4.2222,5.8889,6.1111,6.1111,5.3333,4.3333,5.5556,3.1111,6.4444,4.3333,2.4444,5.7778,5.7778
1068,1069,stimulus_1069,/pscratch/sd/s/sjmoon/EmoFM/videos/CowenEmotionVideos/1069.mp4,True,0.0,0.0,0.0,0.18182,0.0,0.0,0.0,0.0,0.0,0.0,0.0,0.0,0.0,0.0,0.090909,0.0,0.0,0.0,0.0,0.0,0.0,0.0,0.090909,0.0,0.0,0.0,0.0,0.0,0.0,0.0,0.81818,0.0,0.0,0.0,6.4444,6.3333,6.2222,4.2222,5.8889,5.5556,4.5556,5.6667,4.1111,5.1111,4.8889,2.8889,5.6667,6.0
1069,1070,stimulus_1070,/pscratch/sd/s/sjmoon/EmoFM/videos/CowenEmotionVideos/1070.mp4,True,0.0,0.0,0.0,0.18182,0.0,0.090909,0.0,0.0,0.0,0.0,0.0,0.0,0.0,0.0,0.0,0.0,0.090909,0.0,0.0,0.18182,0.0,0.0,0.090909,0.0,0.54545,0.0,0.0,0.0,0.0,0.0,0.0,0.0,0.0,0.0,5.1111,4.4444,4.6667,4.1111,7.0,5.0,4.8889,3.8889,3.4444,5.3333,4.3333,3.4444,5.0,4.8889
1070,1071,stimulus_1071,/pscratch/sd/s/sjmoon/EmoFM/videos/CowenEmotionVideos/1071.mp4,True,0.0,0.0,0.63636,0.0,0.0,0.0,0.27273,0.0,0.0,0.18182,0.0,0.090909,0.0,0.0,0.0,0.0,0.090909,0.0,0.0,0.0,0.0,0.0,0.090909,0.0,0.0,0.0,0.0,0.0,0.0,0.0,0.0,0.0,0.0,0.0,4.8889,2.6667,8.7778,7.6667,5.7778,6.8889,4.7778,7.4444,2.3333,6.6667,5.2222,2.0,7.6667,7.4444
1071,1072,stimulus_1072,/pscratch/sd/s/sjmoon/EmoFM/videos/CowenEmotionVideos/1072.mp4,True,0.090909,0.0,0.0,0.18182,0.0,0.090909,0.090909,0.0,0.0,0.0,0.090909,0.0,0.0,0.090909,0.0,0.0,0.090909,0.0,0.090909,0.090909,0.0,0.090909,0.18182,0.0,0.0,0.0,0.0,0.0,0.090909,0.0,0.0,0.45455,0.0,0.090909,6.7778,4.7778,4.6667,3.7778,6.2222,2.8889,3.8889,4.5556,3.6667,4.6667,3.1111,4.7778,1.8889,7.6667
1072,1073,stimulus_1073,/pscratch/sd/s/sjmoon/EmoFM/videos/CowenEmotionVideos/1073.mp4,True,0.090909,0.0,0.090909,0.090909,0.0,0.45455,0.0,0.0,0.0,0.0,0.0,0.0,0.0,0.0,0.0,0.0,0.090909,0.0,0.0,0.54545,0.0,0.0,0.0,0.0,0.0,0.0,0.0,0.0,0.0,0.0,0.0,0.0,0.0,0.0,7.1111,4.2222,4.3333,3.0,7.3333,3.0,4.7778,5.0,5.3333,4.6667,3.8889,5.4444,2.2222,6.7778
1073,1074,stimulus_1074,/pscratch/sd/s/sjmoon/EmoFM/videos/CowenEmotionVideos/1074.mp4,True,0.0,0.0,0.0,0.0,0.0,0.0,0.0,0.0,0.18182,0.0,0.090909,0.0,0.0,0.0,0.0,0.0,0.0,0.0,0.0,0.0,0.0,0.0,0.0,0.090909,0.0,0.0,0.0,0.63636,0.0,0.0,0.18182,0.0,0.0,0.0,5.8889,4.6667,8.0,5.3333,6.2222,5.1111,6.0,7.4444,2.3333,5.8889,6.2222,3.0,6.6667,6.4444
1074,1075,stimulus_1075,/pscratch/sd/s/sjmoon/EmoFM/videos/CowenEmotionVideos/1075.mp4,True,0.0,0.0,0.090909,0.27273,0.0,0.0,0.18182,0.0,0.0,0.0,0.18182,0.0,0.0,0.0,0.0,0.0,0.090909,0.0,0.090909,0.0,0.0,0.0,0.45455,0.0,0.0,0.0,0.0,0.0,0.0,0.090909,0.0,0.090909,0.0,0.0,4.7778,5.0,5.5556,7.2222,6.3333,4.2222,4.4444,7.7778,3.6667,6.2222,4.6667,3.0,6.6667,6.7778
1075,1076,stimulus_1076,/pscratch/sd/s/sjmoon/EmoFM/videos/CowenEmotionVideos/1076.mp4,True,0.0,0.0,0.0,0.090909,0.0,0.090909,0.090909,0.0,0.0,0.0,0.0,0.090909,0.0,0.0,0.0,0.0,0.0,0.0,0.0,0.36364,0.0,0.18182,0.0,0.090909,0.0,0.090909,0.27273,0.0,0.0,0.0,0.0,0.27273,0.090909,0.0,7.4444,4.3333,4.5556,3.0,6.7778,3.4444,6.2222,3.1111,3.2222,5.0,5.5556,4.1111,3.1111,6.2222
1076,1077,stimulus_1077,/pscratch/sd/s/sjmoon/EmoFM/videos/CowenEmotionVideos/1077.mp4,True,0.0,0.18182,0.0,0.27273,0.0,0.0,0.27273,0.0,0.0,0.0,0.0,0.0,0.0,0.0,0.0,0.0,0.0,0.0,0.0,0.0,0.0,0.0,0.0,0.090909,0.0,0.0,0.0,0.0,0.27273,0.0,0.0,0.0,0.36364,0.0,5.3333,4.2222,5.3333,7.0,5.7778,3.2222,6.3333,5.5556,4.0,2.7778,5.4444,4.2222,6.4444,4.6667
1077,1078,stimulus_1078,/pscratch/sd/s/sjmoon/EmoFM/videos/CowenEmotionVideos/1078.mp4,True,0.0,0.0,0.0,0.0,0.0,0.0,0.0,0.0,0.18182,0.090909,0.0,0.0,0.72727,0.0,0.0,0.0,0.090909,0.090909,0.0,0.0,0.0,0.0,0.0,0.0,0.0,0.0,0.0,0.0,0.0,0.090909,0.0,0.0,0.0,0.0,5.1111,4.5556,5.7778,6.4444,4.6667,4.6667,4.4444,7.1111,2.3333,6.1111,5.1111,2.5556,7.3333,5.6667
1078,1079,stimulus_1079,/pscratch/sd/s/sjmoon/EmoFM/videos/CowenEmotionVideos/1079.mp4,True,0.0,0.0,0.0,0.0,0.0,0.090909,0.0,0.0,0.0,0.0,0.0,0.0,0.0,0.0,0.0,0.0,0.0,0.0,0.0,0.45455,0.0,0.36364,0.0,0.0,0.0,0.0,0.36364,0.0,0.0,0.0,0.0,0.27273,0.0,0.0,6.5556,3.2222,1.8889,2.7778,7.4444,2.1111,5.2222,2.6667,4.3333,3.0,5.4444,4.7778,1.7778,7.4444
1079,1080,stimulus_1080,/pscratch/sd/s/sjmoon/EmoFM/videos/CowenEmotionVideos/1080.mp4,True,0.0,0.0,0.54545,0.0,0.0,0.0,0.18182,0.0,0.090909,0.090909,0.090909,0.090909,0.0,0.0,0.0,0.0,0.18182,0.0,0.0,0.0,0.0,0.0,0.0,0.0,0.0,0.0,0.0,0.0,0.0,0.0,0.0,0.090909,0.0,0.0,6.4444,4.4444,7.8889,6.7778,6.0,5.1111,5.2222,7.0,2.8889,6.4444,5.2222,2.1111,6.4444,5.8889
1080,1081,stimulus_1081,/pscratch/sd/s/sjmoon/EmoFM/videos/CowenEmotionVideos/1081.mp4,True,0.083333,0.0,0.0,0.41667,0.0,0.0,0.0,0.0,0.16667,0.0,0.0,0.041667,0.0,0.0,0.083333,0.0,0.0,0.0,0.0,0.083333,0.0,0.0,0.0,0.083333,0.0,0.0,0.083333,0.0,0.0,0.16667,0.0,0.041667,0.0,0.083333,4.4444,5.2222,5.8889,5.6667,5.7778,6.0,4.3333,6.7778,2.3333,5.4444,5.0,3.0,5.8889,5.8889
1081,1082,stimulus_1082,/pscratch/sd/s/sjmoon/EmoFM/videos/CowenEmotionVideos/1082.mp4,True,0.125,0.16667,0.0,0.41667,0.083333,0.083333,0.29167,0.041667,0.0,0.0,0.0,0.041667,0.0,0.0,0.083333,0.0,0.0,0.0,0.0,0.083333,0.16667,0.0,0.041667,0.0,0.0,0.0,0.083333,0.0,0.25,0.0,0.0,0.125,0.083333,0.0,6.4444,5.8889,6.5556,6.2222,5.7778,4.6667,6.5556,6.3333,2.8889,5.4444,5.1111,4.4444,5.1111,6.0
1082,1083,stimulus_1083,/pscratch/sd/s/sjmoon/EmoFM/videos/CowenEmotionVideos/1083.mp4,True,0.083333,0.083333,0.0,0.58333,0.0,0.0,0.0,0.0,0.0,0.0,0.0,0.0,0.0,0.0,0.0,0.0,0.0,0.0,0.083333,0.0,0.0,0.0,0.0,0.16667,0.75,0.0,0.0,0.0,0.0,0.083333,0.0,0.0,0.0,0.0,6.6667,5.6667,7.0,6.8889,6.3333,5.1111,5.4444,6.2222,1.6667,6.6667,7.0,4.8889,7.4444,5.5556
1083,1084,stimulus_1084,/pscratch/sd/s/sjmoon/EmoFM/videos/CowenEmotionVideos/1084.mp4,True,0.125,0.16667,0.0,0.33333,0.0,0.0,0.33333,0.0,0.0,0.083333,0.0,0.0,0.0,0.0,0.0,0.0,0.0,0.083333,0.083333,0.0,0.0,0.0,0.125,0.083333,0.0,0.0,0.0,0.0,0.0,0.16667,0.0,0.29167,0.0,0.16667,6.3333,6.5556,7.0,6.2222,6.0,5.8889,6.1111,7.3333,2.4444,6.2222,4.6667,4.0,4.6667,7.4444
1084,1085,stimulus_1085,/pscratch/sd/s/sjmoon/EmoFM/videos/CowenEmotionVideos/1085.mp4,True,0.0,0.083333,0.25,0.41667,0.0,0.083333,0.0,0.0,0.33333,0.0,0.0,0.0,0.0,0.0,0.0,0.0,0.0,0.0,0.083333,0.0,0.0,0.0,0.20833,0.083333,0.0,0.0,0.0,0.0,0.0,0.0,0.0,0.0,0.0,0.0,5.4444,5.2222,5.5556,4.3333,4.6667,5.3333,4.8889,6.1111,2.8889,5.1111,4.3333,4.4444,5.2222,5.6667
1085,1086,stimulus_1086,/pscratch/sd/s/sjmoon/EmoFM/videos/CowenEmotionVideos/1086.mp4,True,0.29167,0.25,0.0,0.16667,0.0,0.0,0.25,0.0,0.0,0.0,0.0,0.0,0.0,0.0,0.0,0.0,0.0,0.083333,0.083333,0.0,0.0,0.0,0.125,0.41667,0.083333,0.16667,0.16667,0.16667,0.0,0.083333,0.0,0.083333,0.0,0.16667,7.0,5.5556,8.0,7.1111,6.6667,6.1111,6.8889,7.3333,1.7778,7.1111,7.0,3.6667,7.2222,6.5556
1086,1087,stimulus_1087,/pscratch/sd/s/sjmoon/EmoFM/videos/CowenEmotionVideos/1087.mp4,True,0.0,0.16667,0.0,0.75,0.0,0.0,0.0,0.083333,0.125,0.0,0.083333,0.0,0.0,0.0,0.0,0.0,0.0,0.0,0.0,0.0,0.0,0.0,0.0,0.25,0.0,0.0,0.0,0.0,0.0,0.083333,0.0,0.0,0.0,0.0,5.4444,4.8889,6.3333,4.6667,5.2222,5.1111,3.3333,5.1111,2.1111,5.0,3.3333,3.8889,3.7778,5.6667
1087,1088,stimulus_1088,/pscratch/sd/s/sjmoon/EmoFM/videos/CowenEmotionVideos/1088.mp4,True,0.0,0.083333,0.0,0.41667,0.0,0.0,0.0,0.16667,0.083333,0.0,0.20833,0.0,0.0,0.0,0.0,0.0,0.0,0.0,0.0,0.0,0.0,0.083333,0.041667,0.16667,0.0,0.0,0.0,0.0,0.0,0.083333,0.0,0.29167,0.083333,0.0,5.1111,4.5556,5.0,4.4444,5.1111,4.0,4.3333,5.8889,4.1111,5.1111,5.3333,4.3333,4.7778,6.1111
1088,1089,stimulus_1089,/pscratch/sd/s/sjmoon/EmoFM/videos/CowenEmotionVideos/1089.mp4,True,0.0,0.0,0.0,0.58333,0.0,0.0,0.0,0.16667,0.16667,0.0,0.083333,0.125,0.0,0.0,0.0,0.0,0.0,0.0,0.083333,0.0,0.0,0.083333,0.083333,0.25,0.083333,0.0,0.0,0.0,0.0,0.0,0.0,0.125,0.0,0.0,6.1111,5.5556,6.0,3.5556,5.2222,5.2222,4.0,4.4444,3.3333,5.3333,4.5556,4.0,5.4444,6.3333
1089,1090,stimulus_1090,/pscratch/sd/s/sjmoon/EmoFM/videos/CowenEmotionVideos/1090.mp4,True,0.083333,0.083333,0.083333,0.083333,0.0,0.041667,0.0,0.0,0.0,0.083333,0.0,0.0,0.0,0.0,0.0,0.375,0.0,0.0,0.083333,0.16667,0.0,0.083333,0.125,0.0,0.0,0.0,0.0,0.0,0.083333,0.0,0.0,0.20833,0.16667,0.083333,4.2222,4.2222,2.3333,2.4444,5.4444,2.7778,4.0,2.7778,6.3333,3.1111,3.2222,4.5556,1.7778,2.3333
1090,1091,stimulus_1091,/pscratch/sd/s/sjmoon/EmoFM/videos/CowenEmotionVideos/1091.mp4,True,0.0,0.16667,0.0,0.66667,0.0,0.0,0.25,0.0,0.0,0.0,0.0,0.083333,0.0,0.0,0.083333,0.0,0.0,0.0,0.083333,0.083333,0.083333,0.0,0.125,0.083333,0.0,0.0,0.0,0.0,0.16667,0.0,0.0,0.125,0.083333,0.0,6.4444,5.2222,5.3333,5.5556,6.3333,5.4444,5.7778,5.7778,4.1111,4.0,5.3333,3.7778,5.2222,4.2222
1091,1092,stimulus_1092,/pscratch/sd/s/sjmoon/EmoFM/videos/CowenEmotionVideos/1092.mp4,True,0.0,0.41667,0.0,0.33333,0.0,0.0,0.33333,0.0,0.083333,0.0,0.0,0.0,0.0,0.0,0.0,0.0,0.0,0.0,0.0,0.0,0.0,0.0,0.0,0.083333,0.0,0.083333,0.083333,0.0,0.0,0.0,0.0,0.083333,0.0,0.0,6.1111,4.4444,7.3333,6.7778,4.5556,6.3333,6.3333,6.5556,2.3333,5.8889,5.0,2.6667,6.6667,5.7778
1092,1093,stimulus_1093,/pscratch/sd/s/sjmoon/EmoFM/videos/CowenEmotionVideos/1093.mp4,True,0.083333,0.33333,0.0,0.25,0.0,0.0,0.41667,0.0,0.0,0.083333,0.0,0.0,0.0,0.0,0.0,0.0,0.0,0.083333,0.0,0.0,0.0,0.0,0.0,0.58333,0.0,0.0,0.083333,0.0,0.0,0.083333,0.0,0.0,0.083333,0.0,6.0,4.7778,7.6667,7.7778,6.3333,6.6667,6.6667,7.4444,2.0,7.3333,5.7778,2.7778,7.5556,7.0
1093,1094,stimulus_1094,/pscratch/sd/s/sjmoon/EmoFM/videos/CowenEmotionVideos/1094.mp4,True,0.0,0.083333,0.0,0.25,0.0,0.125,0.0,0.125,0.16667,0.083333,0.125,0.0,0.0,0.0,0.083333,0.0,0.0,0.0,0.0,0.083333,0.0,0.16667,0.125,0.0,0.0,0.0,0.0,0.0,0.0,0.0,0.0,0.083333,0.0,0.0,6.6667,5.2222,4.8889,4.5556,6.0,4.0,4.1111,5.1111,3.2222,5.6667,4.2222,4.0,5.3333,5.2222
1094,1095,stimulus_1095,/pscratch/sd/s/sjmoon/EmoFM/videos/CowenEmotionVideos/1095.mp4,True,0.0,0.0,0.041667,0.25,0.0,0.0,0.16667,0.0,0.083333,0.0,0.16667,0.0,0.0,0.0,0.083333,0.0,0.041667,0.0,0.0,0.083333,0.0,0.0,0.33333,0.0,0.0,0.0,0.0,0.083333,0.0,0.0,0.0,0.16667,0.0,0.0,5.8889,4.2222,3.3333,1.8889,6.4444,5.0,4.3333,5.0,3.3333,5.5556,4.1111,3.1111,3.3333,4.2222
1095,1096,stimulus_1096,/pscratch/sd/s/sjmoon/EmoFM/videos/CowenEmotionVideos/1096.mp4,True,0.0,0.0,0.0,0.0,0.0,0.29167,0.0,0.0,0.0,0.0,0.0,0.0,0.0,0.0,0.0,0.083333,0.0,0.0,0.0,0.33333,0.0,0.083333,0.125,0.0,0.0,0.0,0.33333,0.0,0.16667,0.0,0.0,0.083333,0.25,0.0,6.0,4.3333,3.3333,2.0,6.7778,4.3333,6.2222,4.1111,2.7778,4.7778,6.6667,3.5556,2.8889,5.5556
1096,1097,stimulus_1097,/pscratch/sd/s/sjmoon/EmoFM/videos/CowenEmotionVideos/1097.mp4,True,0.083333,0.41667,0.083333,0.66667,0.0,0.0,0.41667,0.0,0.0,0.0,0.0,0.0,0.0,0.0,0.0,0.0,0.083333,0.0,0.083333,0.0,0.0,0.0,0.125,0.29167,0.0,0.0,0.0,0.0,0.0,0.0,0.0,0.0,0.0,0.0,6.6667,5.3333,7.5556,7.8889,6.6667,6.6667,6.7778,6.7778,2.6667,7.0,5.6667,2.0,7.5556,6.8889
1097,1098,stimulus_1098,/pscratch/sd/s/sjmoon/EmoFM/videos/CowenEmotionVideos/1098.mp4,True,0.16667,0.25,0.083333,0.41667,0.0,0.0,0.25,0.0,0.083333,0.0,0.083333,0.083333,0.0,0.0,0.0,0.0,0.083333,0.0,0.0,0.0,0.0,0.0,0.25,0.083333,0.0,0.0,0.0,0.0,0.083333,0.0,0.0,0.083333,0.0,0.0,6.0,5.1111,6.8889,5.7778,7.2222,6.0,6.1111,6.4444,2.3333,6.0,4.7778,3.8889,4.7778,6.7778
1098,1099,stimulus_1099,/pscratch/sd/s/sjmoon/EmoFM/videos/CowenEmotionVideos/1099.mp4,True,0.0,0.083333,0.25,0.29167,0.0,0.0,0.29167,0.083333,0.0,0.083333,0.16667,0.0,0.0,0.083333,0.0,0.0,0.0,0.083333,0.083333,0.0,0.0,0.0,0.083333,0.083333,0.16667,0.0,0.0,0.0,0.0,0.083333,0.0,0.20833,0.0,0.0,7.1111,4.6667,6.3333,7.2222,7.0,4.1111,4.6667,6.5556,4.2222,5.1111,4.4444,3.4444,6.5556,7.4444
1099,1100,stimulus_1100,/pscratch/sd/s/sjmoon/EmoFM/videos/CowenEmotionVideos/1100.mp4,True,0.0,0.16667,0.0,0.25,0.20833,0.041667,0.083333,0.0,0.0,0.0,0.29167,0.0,0.0,0.0,0.083333,0.0,0.0,0.0,0.0,0.0,0.0,0.0,0.29167,0.083333,0.0,0.0,0.16667,0.0,0.0,0.0,0.0,0.041667,0.0,0.0,6.1111,6.0,6.2222,6.0,6.4444,5.4444,6.6667,7.3333,2.7778,4.8889,4.4444,2.6667,5.3333,6.8889
1100,1101,stimulus_1101,/pscratch/sd/s/sjmoon/EmoFM/videos/CowenEmotionVideos/1101.mp4,True,0.0,0.0,0.0,0.0,0.25,0.0,0.0,0.0,0.0,0.0,0.0,0.0,0.0,0.0,0.083333,0.0,0.0,0.0,0.0,0.083333,0.16667,0.16667,0.083333,0.0,0.0,0.0,0.0,0.0,0.66667,0.0,0.0,0.0,0.16667,0.0,5.3333,5.2222,2.7778,4.2222,6.1111,4.5556,5.5556,3.7778,4.6667,2.6667,4.4444,3.6667,3.1111,3.7778
1101,1102,stimulus_1102,/pscratch/sd/s/sjmoon/EmoFM/videos/CowenEmotionVideos/1102.mp4,True,0.0,0.375,0.0,0.54167,0.0,0.0,0.41667,0.0,0.0,0.0,0.0,0.0,0.0,0.0,0.0,0.0,0.0,0.0,0.0,0.0,0.0,0.0,0.0,0.20833,0.0,0.0,0.0,0.0,0.0,0.083333,0.0,0.083333,0.0,0.0,6.8889,5.3333,7.4444,8.1111,6.8889,6.2222,7.2222,6.4444,1.8889,6.6667,5.6667,3.2222,7.6667,6.3333
1102,1103,stimulus_1103,/pscratch/sd/s/sjmoon/EmoFM/videos/CowenEmotionVideos/1103.mp4,True,0.0,0.0,0.0,0.0,0.0,0.16667,0.0,0.0,0.0,0.0,0.083333,0.0,0.0,0.0,0.75,0.0,0.0,0.0,0.0,0.33333,0.0,0.16667,0.083333,0.0,0.0,0.0,0.0,0.0,0.0,0.0,0.0,0.041667,0.0,0.0,6.3333,4.4444,1.6667,2.0,6.6667,4.5556,3.2222,4.2222,6.2222,5.1111,3.2222,5.1111,1.6667,4.0
1103,1104,stimulus_1104,/pscratch/sd/s/sjmoon/EmoFM/videos/CowenEmotionVideos/1104.mp4,True,0.0,0.0,0.0,0.33333,0.0,0.0,0.33333,0.0,0.0,0.0,0.0,0.083333,0.0,0.0,0.0,0.0,0.0,0.0,0.083333,0.0,0.0,0.0,0.125,0.0,0.0,0.0,0.0,0.0,0.0,0.16667,0.0,0.16667,0.083333,0.25,5.7778,4.3333,5.3333,3.4444,7.3333,6.4444,5.2222,5.2222,2.5556,5.2222,4.6667,3.0,5.4444,5.6667
1104,1105,stimulus_1105,/pscratch/sd/s/sjmoon/EmoFM/videos/CowenEmotionVideos/1105.mp4,True,0.083333,0.0,0.083333,0.29167,0.0,0.0,0.0,0.0,0.20833,0.0,0.0,0.0,0.0,0.0,0.0,0.0,0.0,0.083333,0.083333,0.0,0.0,0.0,0.083333,0.083333,0.66667,0.0,0.0,0.0,0.0,0.083333,0.0,0.0,0.0,0.0,6.2222,5.7778,7.1111,7.2222,6.7778,5.6667,4.8889,7.0,1.6667,6.5556,5.4444,4.3333,6.1111,6.6667
1105,1106,stimulus_1106,/pscratch/sd/s/sjmoon/EmoFM/videos/CowenEmotionVideos/1106.mp4,True,0.083333,0.16667,0.0,0.75,0.0,0.0,0.083333,0.0,0.0,0.0,0.0,0.0,0.0,0.0,0.0,0.0,0.083333,0.0,0.0,0.0,0.0,0.0,0.083333,0.16667,0.0,0.0,0.0,0.0,0.0,0.0,0.0,0.0,0.0,0.083333,5.1111,5.0,5.6667,5.5556,6.1111,4.7778,6.2222,5.1111,2.3333,5.2222,4.6667,3.6667,4.7778,6.7778
1106,1107,stimulus_1107,/pscratch/sd/s/sjmoon/EmoFM/videos/CowenEmotionVideos/1107.mp4,True,0.0,0.0,0.0,0.0,0.0,0.0,0.0,0.0,0.0,0.0,0.0,0.0,0.0,0.0,0.0,0.0,0.0,0.083333,0.083333,0.0,0.0,0.0,0.0,0.0,0.083333,0.0,0.0,0.66667,0.0,0.0,0.5,0.0,0.0,0.0,7.4444,5.5556,7.7778,7.5556,6.6667,6.6667,6.4444,7.3333,1.8889,6.6667,6.2222,3.6667,6.3333,7.4444
1107,1108,stimulus_1108,/pscratch/sd/s/sjmoon/EmoFM/videos/CowenEmotionVideos/1108.mp4,True,0.0,0.083333,0.25,0.16667,0.0,0.0,0.16667,0.0,0.083333,0.0,0.083333,0.0,0.0,0.0,0.0,0.0,0.125,0.0,0.0,0.0,0.0,0.0,0.375,0.0,0.0,0.0,0.0,0.0,0.0,0.0,0.0,0.16667,0.0,0.0,6.6667,5.0,6.4444,3.4444,6.5556,3.5556,3.7778,4.8889,2.3333,5.1111,3.5556,3.1111,4.6667,6.2222
1108,1109,stimulus_1109,/pscratch/sd/s/sjmoon/EmoFM/videos/CowenEmotionVideos/1109.mp4,True,0.0,0.0,0.0,0.083333,0.083333,0.29167,0.0,0.083333,0.0,0.0,0.083333,0.0,0.0,0.0,0.33333,0.0,0.0,0.0,0.0,0.33333,0.0,0.20833,0.0,0.0,0.0,0.0,0.125,0.0,0.0,0.0,0.0,0.125,0.0,0.0,6.7778,3.6667,3.2222,2.6667,6.7778,2.6667,6.2222,3.8889,5.8889,4.0,3.7778,5.7778,3.1111,6.5556
1109,1110,stimulus_1110,/pscratch/sd/s/sjmoon/EmoFM/videos/CowenEmotionVideos/1110.mp4,True,0.083333,0.0,0.25,0.16667,0.0,0.0,0.083333,0.083333,0.16667,0.0,0.16667,0.0,0.0,0.0,0.0,0.0,0.16667,0.0,0.0,0.0,0.0,0.0,0.125,0.083333,0.0,0.0,0.0,0.083333,0.0,0.0,0.0,0.0,0.0,0.0,6.6667,4.1111,6.7778,5.7778,6.6667,4.8889,3.5556,6.3333,3.4444,4.7778,4.1111,2.8889,5.5556,6.7778
1110,1111,stimulus_1111,/pscratch/sd/s/sjmoon/EmoFM/videos/CowenEmotionVideos/1111.mp4,True,0.0,0.0,0.0,0.090909,0.0,0.090909,0.0,0.0,0.0,0.0,0.0,0.0,0.0,0.0,0.0,0.0,0.0,0.0,0.0,0.45455,0.0,0.72727,0.090909,0.0,0.0,0.0,0.0,0.0,0.0,0.0,0.0,0.090909,0.0,0.0,6.2222,4.0,1.8889,1.7778,5.5556,3.1111,3.2222,2.6667,5.0,3.6667,3.6667,4.7778,2.3333,3.1111
1111,1112,stimulus_1112,/pscratch/sd/s/sjmoon/EmoFM/videos/CowenEmotionVideos/1112.mp4,True,0.090909,0.18182,0.0,0.72727,0.0,0.0,0.0,0.0,0.0,0.0,0.0,0.0,0.0,0.0,0.0,0.0,0.0,0.0,0.18182,0.0,0.0,0.0,0.090909,0.45455,0.0,0.0,0.0,0.0,0.0,0.0,0.0,0.090909,0.0,0.0,7.0,4.2222,8.3333,7.7778,6.4444,6.3333,6.5556,7.1111,1.4444,6.7778,6.7778,2.7778,6.6667,7.8889
1112,1113,stimulus_1113,/pscratch/sd/s/sjmoon/EmoFM/videos/CowenEmotionVideos/1113.mp4,True,0.0,0.45455,0.0,0.36364,0.0,0.0,0.18182,0.0,0.0,0.0,0.0,0.0,0.090909,0.0,0.0,0.0,0.0,0.0,0.0,0.18182,0.0,0.0,0.0,0.27273,0.0,0.0,0.090909,0.0,0.0,0.27273,0.0,0.0,0.090909,0.0,5.8889,4.1111,8.4444,7.6667,6.4444,4.6667,6.8889,6.8889,2.3333,6.7778,6.2222,3.1111,6.1111,7.7778
1113,1114,stimulus_1114,/pscratch/sd/s/sjmoon/EmoFM/videos/CowenEmotionVideos/1114.mp4,True,0.0,0.0,0.0,0.0,0.0,0.45455,0.0,0.0,0.0,0.0,0.0,0.0,0.0,0.0,0.090909,0.0,0.0,0.0,0.0,0.45455,0.0,0.090909,0.0,0.0,0.0,0.0,0.36364,0.0,0.090909,0.0,0.0,0.27273,0.0,0.0,6.8889,4.4444,2.7778,2.8889,6.8889,3.1111,4.6667,2.5556,5.5556,4.6667,4.2222,4.8889,2.0,7.6667
1114,1115,stimulus_1115,/pscratch/sd/s/sjmoon/EmoFM/videos/CowenEmotionVideos/1115.mp4,True,0.090909,0.0,0.090909,0.090909,0.0,0.36364,0.0,0.0,0.0,0.0,0.090909,0.0,0.0,0.0,0.0,0.0,0.0,0.0,0.090909,0.54545,0.0,0.090909,0.18182,0.0,0.0,0.0,0.090909,0.0,0.0,0.090909,0.0,0.090909,0.0,0.0,6.8889,3.5556,3.0,2.1111,6.4444,3.6667,5.8889,1.7778,4.3333,3.7778,4.4444,5.1111,2.1111,4.1111
1115,1116,stimulus_1116,/pscratch/sd/s/sjmoon/EmoFM/videos/CowenEmotionVideos/1116.mp4,True,0.0,0.0,0.090909,0.0,0.0,0.0,0.0,0.0,0.0,0.0,0.0,0.0,0.0,0.0,0.27273,0.0,0.090909,0.0,0.090909,0.0,0.0,0.0,0.090909,0.0,0.0,0.0,0.0,0.0,0.0,0.090909,0.63636,0.0,0.0,0.0,5.8889,5.1111,5.8889,5.8889,4.8889,4.8889,5.3333,5.6667,4.7778,5.0,4.8889,3.8889,4.8889,6.0
1116,1117,stimulus_1117,/pscratch/sd/s/sjmoon/EmoFM/videos/CowenEmotionVideos/1117.mp4,True,0.0,0.0,0.0,0.0,0.0,0.0,0.0,0.0,0.0,0.0,0.0,0.0,0.090909,0.0,0.54545,0.18182,0.0,0.0,0.0,0.0,0.0,0.090909,0.27273,0.0,0.0,0.0,0.0,0.0,0.090909,0.0,0.0,0.0,0.0,0.0,3.8889,4.0,2.8889,2.4444,5.7778,5.6667,3.2222,6.6667,3.7778,3.7778,2.6667,3.7778,4.8889,4.5556
1117,1118,stimulus_1118,/pscratch/sd/s/sjmoon/EmoFM/videos/CowenEmotionVideos/1118.mp4,True,0.0,0.0,0.0,0.0,0.0,0.0,0.0,0.090909,0.0,0.090909,0.0,0.0,0.0,0.0,0.45455,0.0,0.0,0.0,0.0,0.0,0.0,0.0,0.0,0.0,0.0,0.0,0.0,0.0,0.0,0.0,0.36364,0.0,0.0,0.0,4.8889,5.6667,2.8889,2.4444,4.2222,3.5556,2.2222,5.0,6.0,5.3333,2.1111,5.2222,4.1111,3.4444
1118,1119,stimulus_1119,/pscratch/sd/s/sjmoon/EmoFM/videos/CowenEmotionVideos/1119.mp4,True,0.0,0.0,0.0,0.0,0.27273,0.27273,0.0,0.0,0.0,0.0,0.18182,0.0,0.0,0.0,0.27273,0.0,0.0,0.0,0.0,0.18182,0.0,0.18182,0.090909,0.0,0.0,0.0,0.0,0.0,0.27273,0.0,0.0,0.0,0.090909,0.0,6.2222,5.5556,2.6667,2.0,7.3333,4.5556,3.7778,1.3333,3.7778,2.3333,4.0,5.5556,1.5556,2.7778
1119,1120,stimulus_1120,/pscratch/sd/s/sjmoon/EmoFM/videos/CowenEmotionVideos/1120.mp4,True,0.0,0.0,0.63636,0.0,0.0,0.0,0.18182,0.0,0.0,0.090909,0.0,0.0,0.0,0.0,0.0,0.0,0.45455,0.0,0.0,0.0,0.0,0.0,0.27273,0.0,0.0,0.0,0.0,0.0,0.0,0.0,0.0,0.0,0.0,0.0,6.6667,5.1111,6.7778,6.4444,7.7778,6.2222,4.7778,7.8889,2.2222,5.7778,4.2222,2.7778,6.3333,6.3333
1120,1121,stimulus_1121,/pscratch/sd/s/sjmoon/EmoFM/videos/CowenEmotionVideos/1121.mp4,True,0.0,0.0,0.45455,0.18182,0.0,0.0,0.0,0.0,0.0,0.0,0.090909,0.0,0.0,0.0,0.0,0.0,0.18182,0.0,0.0,0.0,0.0,0.0,0.36364,0.0,0.0,0.0,0.0,0.0,0.0,0.0,0.0,0.090909,0.0,0.0,7.5556,5.2222,6.5556,7.7778,7.2222,5.8889,4.3333,8.5556,2.5556,7.1111,5.2222,2.5556,7.4444,7.6667
1121,1122,stimulus_1122,/pscratch/sd/s/sjmoon/EmoFM/videos/CowenEmotionVideos/1122.mp4,True,0.0,0.0,0.0,0.0,0.0,0.0,0.0,0.0,0.0,0.0,0.27273,0.0,0.0,0.0,0.54545,0.0,0.0,0.0,0.0,0.090909,0.0,0.0,0.18182,0.0,0.0,0.0,0.0,0.0,0.0,0.0,0.0,0.27273,0.0,0.0,5.3333,4.2222,2.2222,1.7778,5.2222,3.0,3.7778,3.0,5.5556,4.3333,2.7778,4.5556,3.6667,3.0
1122,1123,stimulus_1123,/pscratch/sd/s/sjmoon/EmoFM/videos/CowenEmotionVideos/1123.mp4,True,0.0,0.0,0.0,0.0,0.0,0.0,0.0,0.0,0.0,0.0,0.0,0.0,0.0,0.0,0.81818,0.0,0.0,0.0,0.0,0.090909,0.0,0.18182,0.090909,0.0,0.0,0.0,0.0,0.0,0.0,0.0,0.0,0.0,0.0,0.0,4.0,3.2222,1.3333,1.3333,5.2222,4.8889,3.0,3.3333,4.3333,3.4444,2.7778,3.4444,3.3333,3.0
1123,1124,stimulus_1124,/pscratch/sd/s/sjmoon/EmoFM/videos/CowenEmotionVideos/1124.mp4,True,0.0,0.0,0.0,0.72727,0.0,0.090909,0.0,0.0,0.0,0.0,0.090909,0.0,0.0,0.0,0.0,0.0,0.0,0.0,0.090909,0.0,0.0,0.0,0.18182,0.18182,0.0,0.0,0.0,0.0,0.0,0.090909,0.0,0.36364,0.0,0.18182,6.7778,5.6667,7.4444,6.7778,6.7778,7.1111,5.1111,7.1111,1.3333,5.1111,5.4444,3.1111,6.7778,8.1111
1124,1125,stimulus_1125,/pscratch/sd/s/sjmoon/EmoFM/videos/CowenEmotionVideos/1125.mp4,True,0.090909,0.090909,0.090909,0.27273,0.0,0.0,0.090909,0.0,0.36364,0.0,0.0,0.0,0.0,0.0,0.0,0.0,0.0,0.0,0.0,0.0,0.0,0.0,0.090909,0.18182,0.45455,0.0,0.0,0.0,0.0,0.0,0.0,0.0,0.0,0.0,6.1111,5.1111,6.4444,5.8889,6.6667,7.6667,4.4444,5.7778,2.3333,5.3333,6.0,2.6667,6.8889,5.8889
1125,1126,stimulus_1126,/pscratch/sd/s/sjmoon/EmoFM/videos/CowenEmotionVideos/1126.mp4,True,0.0,0.0,0.0,0.0,0.0,0.18182,0.0,0.0,0.090909,0.0,0.0,0.0,0.0,0.0,0.0,0.0,0.0,0.0,0.0,0.45455,0.0,0.72727,0.090909,0.0,0.0,0.0,0.0,0.0,0.090909,0.0,0.0,0.0,0.0,0.0,5.3333,3.3333,1.5556,1.4444,5.4444,4.0,1.8889,1.4444,5.2222,2.3333,2.0,6.2222,1.7778,2.5556
1126,1127,stimulus_1127,/pscratch/sd/s/sjmoon/EmoFM/videos/CowenEmotionVideos/1127.mp4,True,0.090909,0.54545,0.0,0.18182,0.0,0.0,0.27273,0.0,0.0,0.090909,0.0,0.0,0.0,0.0,0.0,0.0,0.0,0.0,0.0,0.0,0.0,0.0,0.0,0.36364,0.090909,0.0,0.0,0.0,0.0,0.0,0.0,0.090909,0.0,0.0,5.5556,4.2222,8.3333,7.8889,6.4444,7.3333,7.0,8.4444,1.1111,7.4444,5.0,1.8889,7.8889,8.1111
1127,1128,stimulus_1128,/pscratch/sd/s/sjmoon/EmoFM/videos/CowenEmotionVideos/1128.mp4,True,0.0,0.0,0.0,0.54545,0.0,0.0,0.090909,0.0,0.0,0.0,0.0,0.090909,0.0,0.0,0.0,0.0,0.18182,0.0,0.090909,0.0,0.0,0.0,0.36364,0.090909,0.0,0.090909,0.0,0.0,0.0,0.18182,0.0,0.090909,0.0,0.090909,6.3333,5.4444,6.5556,6.1111,8.0,7.2222,4.5556,7.5556,2.1111,5.6667,4.1111,2.3333,6.2222,7.1111
1128,1129,stimulus_1129,/pscratch/sd/s/sjmoon/EmoFM/videos/CowenEmotionVideos/1129.mp4,True,0.0,0.0,0.18182,0.0,0.0,0.0,0.0,0.27273,0.27273,0.0,0.0,0.0,0.0,0.0,0.0,0.0,0.0,0.0,0.0,0.0,0.0,0.0,0.0,0.0,0.0,0.0,0.0,0.0,0.0,0.0,0.36364,0.0,0.0,0.0,5.4444,4.6667,5.4444,5.6667,6.1111,5.1111,5.5556,5.7778,3.0,5.3333,4.2222,4.1111,5.1111,5.7778
1129,1130,stimulus_1130,/pscratch/sd/s/sjmoon/EmoFM/videos/CowenEmotionVideos/1130.mp4,True,0.0,0.0,0.0,0.090909,0.0,0.0,0.0,0.0,0.090909,0.0,0.0,0.090909,0.0,0.0,0.0,0.090909,0.0,0.0,0.27273,0.0,0.0,0.0,0.090909,0.090909,0.0,0.0,0.0,0.0,0.0,0.27273,0.0,0.0,0.0,0.45455,5.2222,5.4444,6.7778,6.3333,6.2222,5.8889,5.8889,7.2222,2.4444,6.6667,6.0,3.1111,6.0,7.4444
1130,1131,stimulus_1131,/pscratch/sd/s/sjmoon/EmoFM/videos/CowenEmotionVideos/1131.mp4,True,0.090909,0.0,0.0,0.45455,0.0,0.0,0.090909,0.0,0.0,0.0,0.0,0.090909,0.0,0.0,0.0,0.090909,0.0,0.0,0.36364,0.0,0.0,0.0,0.090909,0.0,0.0,0.0,0.0,0.0,0.0,0.090909,0.0,0.36364,0.0,0.090909,6.6667,5.5556,7.2222,7.0,6.4444,6.1111,6.6667,6.1111,2.1111,5.8889,6.5556,3.4444,6.4444,7.7778
1131,1132,stimulus_1132,/pscratch/sd/s/sjmoon/EmoFM/videos/CowenEmotionVideos/1132.mp4,True,0.0,0.0,0.72727,0.090909,0.0,0.0,0.090909,0.0,0.0,0.0,0.090909,0.0,0.0,0.0,0.0,0.0,0.27273,0.0,0.0,0.0,0.0,0.0,0.27273,0.0,0.0,0.0,0.0,0.0,0.0,0.0,0.0,0.090909,0.0,0.0,5.7778,4.3333,5.4444,5.6667,5.5556,5.1111,4.7778,6.4444,3.4444,5.3333,4.6667,3.7778,6.0,5.8889
1132,1133,stimulus_1133,/pscratch/sd/s/sjmoon/EmoFM/videos/CowenEmotionVideos/1133.mp4,True,0.0,0.36364,0.0,0.81818,0.0,0.0,0.0,0.090909,0.0,0.0,0.0,0.0,0.0,0.0,0.0,0.0,0.0,0.0,0.090909,0.0,0.0,0.0,0.0,0.0,0.0,0.0,0.0,0.0,0.0,0.0,0.0,0.090909,0.0,0.0,6.8889,5.7778,7.6667,6.7778,6.7778,6.3333,7.0,7.0,2.5556,5.8889,6.0,2.6667,6.7778,6.8889
1133,1134,stimulus_1134,/pscratch/sd/s/sjmoon/EmoFM/videos/CowenEmotionVideos/1134.mp4,True,0.0,0.18182,0.090909,0.36364,0.0,0.0,0.27273,0.0,0.0,0.0,0.0,0.0,0.0,0.0,0.0,0.0,0.0,0.0,0.18182,0.090909,0.0,0.0,0.18182,0.18182,0.0,0.0,0.0,0.0,0.0,0.0,0.0,0.18182,0.0,0.0,6.2222,4.5556,4.6667,3.5556,5.7778,4.3333,6.2222,3.7778,4.8889,3.6667,5.2222,5.7778,3.3333,5.4444
1134,1135,stimulus_1135,/pscratch/sd/s/sjmoon/EmoFM/videos/CowenEmotionVideos/1135.mp4,True,0.090909,0.0,0.0,0.090909,0.0,0.18182,0.27273,0.0,0.0,0.0,0.0,0.0,0.0,0.0,0.0,0.0,0.0,0.0,0.0,0.27273,0.0,0.090909,0.36364,0.0,0.0,0.0,0.0,0.0,0.0,0.090909,0.0,0.18182,0.0,0.0,5.7778,4.3333,3.5556,2.2222,5.4444,4.7778,4.5556,3.4444,3.3333,2.7778,4.2222,4.1111,2.8889,2.6667
1135,1136,stimulus_1136,/pscratch/sd/s/sjmoon/EmoFM/videos/CowenEmotionVideos/1136.mp4,True,0.0,0.090909,0.0,0.0,0.0,0.0,0.0,0.0,0.0,0.0,0.18182,0.0,0.0,0.0,0.72727,0.0,0.0,0.0,0.0,0.090909,0.0,0.090909,0.0,0.0,0.0,0.0,0.0,0.0,0.090909,0.0,0.0,0.090909,0.0,0.0,5.5556,4.1111,2.8889,2.1111,5.3333,3.1111,5.0,4.0,4.6667,3.2222,3.5556,5.0,3.4444,3.4444
1136,1137,stimulus_1137,/pscratch/sd/s/sjmoon/EmoFM/videos/CowenEmotionVideos/1137.mp4,True,0.0,0.0,0.0,0.0,0.0,0.18182,0.0,0.0,0.0,0.0,0.18182,0.0,0.0,0.090909,0.18182,0.090909,0.0,0.0,0.0,0.18182,0.0,0.18182,0.18182,0.0,0.0,0.0,0.0,0.0,0.18182,0.0,0.0,0.0,0.0,0.0,5.1111,4.2222,2.3333,1.7778,6.7778,4.0,5.6667,2.3333,4.7778,2.2222,3.0,5.4444,1.7778,3.0
1137,1138,stimulus_1138,/pscratch/sd/s/sjmoon/EmoFM/videos/CowenEmotionVideos/1138.mp4,True,0.0,0.0,0.090909,0.0,0.0,0.0,0.0,0.0,0.0,0.0,0.18182,0.0,0.72727,0.0,0.0,0.0,0.0,0.0,0.0,0.0,0.0,0.0,0.36364,0.0,0.0,0.0,0.0,0.0,0.0,0.090909,0.0,0.090909,0.0,0.0,5.1111,3.8889,5.0,5.3333,5.1111,4.5556,4.8889,6.2222,4.4444,4.3333,4.0,4.6667,4.4444,5.0
1138,1139,stimulus_1139,/pscratch/sd/s/sjmoon/EmoFM/videos/CowenEmotionVideos/1139.mp4,True,0.090909,0.0,0.36364,0.27273,0.0,0.0,0.090909,0.0,0.0,0.0,0.27273,0.0,0.0,0.0,0.0,0.0,0.0,0.0,0.0,0.0,0.0,0.0,0.36364,0.0,0.0,0.0,0.0,0.0,0.0,0.0,0.0,0.090909,0.0,0.0,5.8889,4.3333,4.7778,5.1111,6.0,3.7778,4.3333,6.2222,3.6667,5.2222,4.0,4.4444,5.4444,6.2222
1139,1140,stimulus_1140,/pscratch/sd/s/sjmoon/EmoFM/videos/CowenEmotionVideos/1140.mp4,True,0.0,0.0,0.0,0.45455,0.090909,0.090909,0.0,0.0,0.0,0.0,0.0,0.0,0.0,0.0,0.090909,0.0,0.0,0.0,0.0,0.18182,0.0,0.090909,0.090909,0.0,0.0,0.0,0.0,0.0,0.0,0.0,0.0,0.45455,0.0,0.0,6.2222,6.1111,3.8889,2.3333,6.4444,3.5556,5.7778,4.5556,3.3333,4.7778,4.2222,4.5556,2.7778,6.2222
1140,1141,stimulus_1141,/pscratch/sd/s/sjmoon/EmoFM/videos/CowenEmotionVideos/1141.mp4,True,0.0,0.0,0.23077,0.26923,0.0,0.076923,0.076923,0.0,0.0,0.0,0.0,0.0,0.0,0.0,0.076923,0.0,0.0,0.0,0.076923,0.0,0.0,0.0,0.42308,0.0,0.15385,0.0,0.0,0.0,0.0,0.0,0.0,0.0,0.0,0.0,6.7778,5.5556,6.1111,5.3333,7.2222,6.0,4.0,6.5556,3.0,5.6667,3.8889,3.3333,5.4444,5.8889
1141,1142,stimulus_1142,/pscratch/sd/s/sjmoon/EmoFM/videos/CowenEmotionVideos/1142.mp4,True,0.0,0.0,0.0,0.53846,0.0,0.0,0.0,0.15385,0.0,0.0,0.38462,0.0,0.0,0.0,0.15385,0.0,0.0,0.0,0.0,0.0,0.0,0.15385,0.0,0.0,0.0,0.0,0.0,0.0,0.0,0.0,0.0,0.38462,0.0,0.0,5.2222,5.4444,4.0,3.4444,5.7778,4.0,4.5556,5.5556,3.1111,5.4444,3.3333,3.4444,6.1111,4.3333
1142,1143,stimulus_1143,/pscratch/sd/s/sjmoon/EmoFM/videos/CowenEmotionVideos/1143.mp4,True,0.0,0.0,0.61538,0.0,0.0,0.0,0.26923,0.0,0.076923,0.0,0.076923,0.0,0.0,0.0,0.0,0.0,0.23077,0.0,0.0,0.0,0.0,0.0,0.38462,0.0,0.0,0.0,0.0,0.0,0.0,0.15385,0.0,0.0,0.0,0.0,6.5556,4.6667,5.4444,5.8889,6.7778,5.8889,3.5556,7.4444,3.1111,6.2222,3.8889,3.8889,6.3333,5.5556
1143,1144,stimulus_1144,/pscratch/sd/s/sjmoon/EmoFM/videos/CowenEmotionVideos/1144.mp4,True,0.0,0.0,0.30769,0.0,0.0,0.0,0.0,0.0,0.30769,0.076923,0.038462,0.076923,0.0,0.0,0.0,0.0,0.38462,0.0,0.0,0.0,0.0,0.0,0.30769,0.0,0.0,0.0,0.0,0.0,0.0,0.0,0.0,0.0,0.0,0.0,7.2222,5.1111,4.1111,4.6667,6.0,6.1111,3.0,5.2222,5.0,5.1111,3.2222,5.4444,5.6667,5.1111
1144,1145,stimulus_1145,/pscratch/sd/s/sjmoon/EmoFM/videos/CowenEmotionVideos/1145.mp4,True,0.0,0.076923,0.0,0.84615,0.0,0.0,0.076923,0.0,0.076923,0.0,0.076923,0.0,0.0,0.0,0.0,0.0,0.076923,0.0,0.11538,0.0,0.0,0.0,0.15385,0.076923,0.0,0.0,0.0,0.0,0.0,0.076923,0.0,0.0,0.0,0.076923,6.4444,4.7778,7.0,5.5556,7.0,6.1111,6.5556,7.0,3.0,6.2222,3.5556,4.1111,4.3333,7.2222
1145,1146,stimulus_1146,/pscratch/sd/s/sjmoon/EmoFM/videos/CowenEmotionVideos/1146.mp4,True,0.0,0.15385,0.0,0.42308,0.0,0.0,0.076923,0.0,0.0,0.076923,0.15385,0.076923,0.0,0.0,0.0,0.0,0.076923,0.0,0.076923,0.0,0.0,0.0,0.11538,0.076923,0.0,0.0,0.0,0.0,0.0,0.076923,0.0,0.15385,0.11538,0.0,6.3333,4.5556,6.8889,6.3333,6.5556,7.2222,6.1111,6.6667,2.6667,5.0,5.6667,4.0,6.1111,7.1111
1146,1147,stimulus_1147,/pscratch/sd/s/sjmoon/EmoFM/videos/CowenEmotionVideos/1147.mp4,True,0.0,0.0,0.0,0.46154,0.0,0.076923,0.0,0.30769,0.0,0.0,0.076923,0.0,0.0,0.076923,0.0,0.0,0.0,0.0,0.0,0.0,0.0,0.076923,0.076923,0.0,0.0,0.0,0.0,0.0,0.0,0.076923,0.0,0.15385,0.23077,0.0,5.6667,4.4444,4.2222,3.6667,4.7778,6.0,5.0,2.7778,2.3333,4.8889,4.1111,5.7778,4.0,3.5556
1147,1148,stimulus_1148,/pscratch/sd/s/sjmoon/EmoFM/videos/CowenEmotionVideos/1148.mp4,True,0.0,0.0,0.0,0.38462,0.0,0.0,0.076923,0.26923,0.0,0.0,0.38462,0.0,0.0,0.0,0.30769,0.0,0.0,0.0,0.0,0.0,0.0,0.076923,0.23077,0.0,0.0,0.0,0.0,0.0,0.0,0.0,0.0,0.15385,0.0,0.0,6.1111,5.0,6.0,5.1111,6.2222,4.1111,4.6667,6.1111,3.3333,5.1111,3.3333,3.4444,5.6667,5.1111
1148,1149,stimulus_1149,/pscratch/sd/s/sjmoon/EmoFM/videos/CowenEmotionVideos/1149.mp4,True,0.0,0.0,0.076923,0.076923,0.0,0.15385,0.46154,0.0,0.0,0.0,0.076923,0.0,0.0,0.0,0.0,0.0,0.076923,0.0,0.15385,0.23077,0.0,0.0,0.38462,0.0,0.0,0.0,0.0,0.0,0.0,0.076923,0.0,0.0,0.0,0.0,6.7778,5.0,3.8889,2.1111,7.1111,5.1111,4.5556,3.2222,4.0,4.6667,2.8889,4.4444,2.2222,5.3333
1149,1150,stimulus_1150,/pscratch/sd/s/sjmoon/EmoFM/videos/CowenEmotionVideos/1150.mp4,True,0.0,0.0,0.0,0.15385,0.0,0.15385,0.0,0.0,0.076923,0.0,0.076923,0.0,0.0,0.0,0.076923,0.0,0.0,0.0,0.15385,0.15385,0.076923,0.0,0.0,0.076923,0.0,0.0,0.0,0.0,0.23077,0.0,0.0,0.46154,0.0,0.0,6.4444,5.7778,4.4444,4.1111,7.5556,4.7778,6.2222,3.3333,4.0,3.4444,3.4444,6.2222,2.8889,3.6667
1150,1151,stimulus_1151,/pscratch/sd/s/sjmoon/EmoFM/videos/CowenEmotionVideos/1151.mp4,True,0.0,0.0,0.61538,0.0,0.0,0.0,0.42308,0.0,0.0,0.0,0.038462,0.076923,0.0,0.0,0.0,0.0,0.23077,0.0,0.076923,0.0,0.0,0.0,0.23077,0.076923,0.0,0.0,0.0,0.0,0.0,0.15385,0.0,0.076923,0.0,0.0,6.6667,4.6667,7.0,7.0,6.4444,6.4444,4.5556,8.0,2.0,6.0,4.3333,4.0,6.4444,6.7778
1151,1152,stimulus_1152,/pscratch/sd/s/sjmoon/EmoFM/videos/CowenEmotionVideos/1152.mp4,True,0.0,0.0,0.26923,0.19231,0.0,0.0,0.42308,0.0,0.0,0.0,0.0,0.0,0.0,0.0,0.0,0.0,0.23077,0.0,0.26923,0.0,0.0,0.0,0.23077,0.0,0.0,0.0,0.0,0.0,0.0,0.15385,0.0,0.15385,0.0,0.0,7.3333,5.2222,7.1111,4.7778,7.5556,6.2222,4.6667,5.6667,2.3333,5.6667,3.7778,4.0,5.3333,6.6667
1152,1153,stimulus_1153,/pscratch/sd/s/sjmoon/EmoFM/videos/CowenEmotionVideos/1153.mp4,True,0.076923,0.076923,0.34615,0.23077,0.0,0.0,0.23077,0.0,0.076923,0.0,0.0,0.0,0.0,0.0,0.0,0.0,0.076923,0.0,0.11538,0.0,0.0,0.0,0.38462,0.0,0.0,0.0,0.0,0.0,0.0,0.076923,0.0,0.0,0.0,0.0,6.8889,4.7778,7.0,6.3333,7.3333,5.2222,5.1111,6.0,3.8889,6.1111,4.0,2.8889,4.5556,7.7778
1153,1154,stimulus_1154,/pscratch/sd/s/sjmoon/EmoFM/videos/CowenEmotionVideos/1154.mp4,True,0.26923,0.076923,0.0,0.46154,0.0,0.0,0.0,0.0,0.0,0.076923,0.0,0.0,0.0,0.0,0.0,0.0,0.076923,0.0,0.038462,0.0,0.0,0.0,0.42308,0.23077,0.0,0.0,0.0,0.0,0.0,0.11538,0.0,0.19231,0.0,0.11538,5.4444,5.0,7.2222,7.4444,7.1111,6.1111,6.5556,8.4444,2.8889,6.8889,5.4444,2.6667,6.0,8.2222
1154,1155,stimulus_1155,/pscratch/sd/s/sjmoon/EmoFM/videos/CowenEmotionVideos/1155.mp4,True,0.0,0.0,0.0,0.53846,0.0,0.076923,0.0,0.11538,0.30769,0.076923,0.26923,0.0,0.0,0.0,0.0,0.0,0.076923,0.0,0.0,0.0,0.0,0.0,0.076923,0.0,0.0,0.0,0.0,0.0,0.0,0.0,0.0,0.26923,0.0,0.0,6.0,4.4444,5.2222,2.6667,6.7778,4.1111,4.6667,3.2222,3.5556,2.2222,4.2222,6.6667,5.2222,4.2222
1155,1156,stimulus_1156,/pscratch/sd/s/sjmoon/EmoFM/videos/CowenEmotionVideos/1156.mp4,True,0.0,0.0,0.076923,0.076923,0.0,0.30769,0.076923,0.076923,0.23077,0.076923,0.0,0.0,0.0,0.0,0.076923,0.0,0.076923,0.0,0.0,0.15385,0.0,0.0,0.15385,0.0,0.0,0.0,0.076923,0.0,0.0,0.23077,0.0,0.076923,0.0,0.0,5.4444,3.6667,4.2222,4.4444,7.0,5.4444,5.0,7.7778,3.4444,6.0,4.5556,3.6667,4.5556,7.3333
1156,1157,stimulus_1157,/pscratch/sd/s/sjmoon/EmoFM/videos/CowenEmotionVideos/1157.mp4,True,0.076923,0.65385,0.0,0.15385,0.0,0.0,0.15385,0.0,0.0,0.30769,0.0,0.076923,0.0,0.0,0.0,0.0,0.038462,0.0,0.0,0.0,0.0,0.0,0.076923,0.23077,0.0,0.038462,0.0,0.0,0.0,0.15385,0.0,0.038462,0.0,0.0,4.2222,3.0,7.8889,8.3333,5.8889,6.2222,7.1111,8.2222,1.1111,7.6667,4.8889,2.4444,7.6667,8.0
1157,1158,stimulus_1158,/pscratch/sd/s/sjmoon/EmoFM/videos/CowenEmotionVideos/1158.mp4,True,0.0,0.30769,0.0,0.65385,0.0,0.076923,0.0,0.076923,0.0,0.0,0.038462,0.0,0.0,0.076923,0.0,0.0,0.0,0.0,0.076923,0.0,0.076923,0.0,0.038462,0.15385,0.0,0.0,0.0,0.0,0.11538,0.0,0.0,0.0,0.11538,0.0,5.7778,3.7778,7.4444,7.6667,6.5556,5.0,6.7778,3.8889,2.4444,3.5556,3.8889,6.6667,5.5556,4.8889
1158,1159,stimulus_1159,/pscratch/sd/s/sjmoon/EmoFM/videos/CowenEmotionVideos/1159.mp4,True,0.15385,0.30769,0.076923,0.30769,0.0,0.0,0.15385,0.0,0.0,0.076923,0.038462,0.0,0.0,0.0,0.0,0.0,0.038462,0.0,0.19231,0.0,0.0,0.0,0.19231,0.23077,0.0,0.0,0.0,0.0,0.0,0.0,0.0,0.15385,0.0,0.0,6.7778,4.0,7.7778,7.4444,6.5556,6.1111,6.5556,7.4444,2.7778,6.6667,5.0,2.3333,6.2222,8.5556
1159,1160,stimulus_1160,/pscratch/sd/s/sjmoon/EmoFM/videos/CowenEmotionVideos/1160.mp4,True,0.0,0.0,0.0,0.15385,0.038462,0.30769,0.076923,0.076923,0.0,0.0,0.076923,0.0,0.0,0.0,0.0,0.23077,0.0,0.0,0.19231,0.46154,0.0,0.11538,0.076923,0.0,0.0,0.0,0.15385,0.0,0.0,0.0,0.0,0.15385,0.11538,0.0,7.3333,4.7778,2.3333,1.3333,6.5556,4.2222,4.2222,2.1111,4.1111,3.6667,4.1111,6.4444,1.4444,5.8889
1160,1161,stimulus_1161,/pscratch/sd/s/sjmoon/EmoFM/videos/CowenEmotionVideos/1161.mp4,True,0.0,0.19231,0.0,0.53846,0.0,0.0,0.11538,0.076923,0.0,0.0,0.23077,0.0,0.0,0.0,0.0,0.0,0.076923,0.0,0.0,0.076923,0.0,0.0,0.0,0.15385,0.0,0.0,0.0,0.0,0.23077,0.038462,0.0,0.19231,0.11538,0.0,4.6667,3.6667,4.6667,4.0,4.8889,4.4444,4.7778,5.7778,4.6667,4.2222,3.6667,3.5556,4.3333,6.1111
1161,1162,stimulus_1162,/pscratch/sd/s/sjmoon/EmoFM/videos/CowenEmotionVideos/1162.mp4,True,0.0,0.0,0.30769,0.076923,0.0,0.0,0.15385,0.0,0.0,0.15385,0.076923,0.0,0.0,0.0,0.0,0.0,0.30769,0.0,0.0,0.0,0.0,0.0,0.38462,0.0,0.0,0.0,0.0,0.0,0.0,0.076923,0.0,0.0,0.0,0.0,5.6667,4.0,6.4444,7.2222,6.5556,6.2222,3.3333,8.0,3.8889,6.4444,4.3333,3.5556,5.8889,7.3333
1162,1163,stimulus_1163,/pscratch/sd/s/sjmoon/EmoFM/videos/CowenEmotionVideos/1163.mp4,True,0.15385,0.19231,0.0,0.34615,0.0,0.0,0.34615,0.0,0.0,0.0,0.0,0.0,0.0,0.0,0.0,0.0,0.0,0.0,0.23077,0.0,0.0,0.0,0.076923,0.11538,0.0,0.076923,0.076923,0.0,0.0,0.11538,0.0,0.19231,0.0,0.15385,7.4444,5.2222,7.3333,5.8889,7.4444,5.4444,5.4444,5.5556,5.0,5.4444,4.4444,3.3333,4.1111,8.0
1163,1164,stimulus_1164,/pscratch/sd/s/sjmoon/EmoFM/videos/CowenEmotionVideos/1164.mp4,True,0.0,0.0,0.0,0.0,0.0,0.038462,0.0,0.038462,0.076923,0.0,0.11538,0.0,0.0,0.0,0.0,0.15385,0.0,0.0,0.0,0.0,0.0,0.0,0.0,0.0,0.0,0.0,0.0,0.15385,0.76923,0.0,0.0,0.0,0.30769,0.0,4.1111,3.0,2.5556,2.0,4.6667,3.3333,6.0,3.8889,4.0,2.7778,4.3333,6.1111,3.8889,3.3333
1164,1165,stimulus_1165,/pscratch/sd/s/sjmoon/EmoFM/videos/CowenEmotionVideos/1165.mp4,True,0.0,0.0,0.0,0.0,0.0,0.23077,0.0,0.076923,0.0,0.0,0.38462,0.0,0.0,0.0,0.076923,0.0,0.0,0.0,0.0,0.38462,0.0,0.69231,0.076923,0.0,0.0,0.0,0.0,0.0,0.0,0.0,0.0,0.0,0.0,0.0,6.4444,2.8889,2.3333,1.6667,6.5556,2.1111,4.3333,1.8889,6.2222,2.8889,3.8889,5.6667,1.7778,3.7778
1165,1166,stimulus_1166,/pscratch/sd/s/sjmoon/EmoFM/videos/CowenEmotionVideos/1166.mp4,True,0.076923,0.15385,0.30769,0.076923,0.0,0.0,0.0,0.0,0.15385,0.15385,0.0,0.0,0.0,0.076923,0.0,0.0,0.076923,0.0,0.23077,0.0,0.0,0.0,0.19231,0.076923,0.076923,0.0,0.0,0.0,0.0,0.0,0.076923,0.0,0.0,0.0,5.5556,6.2222,6.0,5.3333,6.0,6.1111,4.4444,7.3333,3.4444,4.0,4.8889,4.0,5.4444,5.4444
1166,1167,stimulus_1167,/pscratch/sd/s/sjmoon/EmoFM/videos/CowenEmotionVideos/1167.mp4,True,0.076923,0.0,0.076923,0.076923,0.0,0.0,0.15385,0.0,0.53846,0.0,0.23077,0.0,0.0,0.0,0.0,0.0,0.15385,0.0,0.0,0.0,0.0,0.0,0.076923,0.0,0.0,0.0,0.0,0.0,0.076923,0.076923,0.0,0.0,0.0,0.0,6.4444,5.6667,6.5556,6.8889,6.8889,5.3333,6.6667,8.0,2.3333,5.3333,6.8889,2.7778,7.0,5.5556
1167,1168,stimulus_1168,/pscratch/sd/s/sjmoon/EmoFM/videos/CowenEmotionVideos/1168.mp4,True,0.0,0.15385,0.26923,0.38462,0.0,0.0,0.23077,0.076923,0.0,0.0,0.0,0.0,0.0,0.0,0.0,0.0,0.076923,0.0,0.0,0.0,0.0,0.0,0.42308,0.0,0.0,0.0,0.0,0.0,0.0,0.076923,0.0,0.076923,0.0,0.0,7.4444,4.2222,7.7778,6.8889,7.6667,6.0,7.2222,7.4444,2.6667,6.5556,4.6667,3.3333,6.6667,7.3333
1168,1169,stimulus_1169,/pscratch/sd/s/sjmoon/EmoFM/videos/CowenEmotionVideos/1169.mp4,True,0.076923,0.0,0.0,0.0,0.076923,0.23077,0.0,0.0,0.0,0.0,0.076923,0.0,0.0,0.11538,0.15385,0.15385,0.0,0.0,0.0,0.0,0.23077,0.0,0.0,0.0,0.0,0.0,0.0,0.0,0.69231,0.0,0.0,0.0,0.23077,0.0,6.3333,5.3333,4.0,5.7778,7.1111,5.2222,8.4444,5.6667,4.8889,3.1111,7.5556,4.6667,4.3333,5.7778
1169,1170,stimulus_1170,/pscratch/sd/s/sjmoon/EmoFM/videos/CowenEmotionVideos/1170.mp4,True,0.0,0.0,0.0,0.0,0.076923,0.0,0.0,0.0,0.0,0.0,0.19231,0.0,0.0,0.0,0.84615,0.0,0.0,0.0,0.0,0.0,0.0,0.15385,0.0,0.0,0.0,0.0,0.0,0.0,0.0,0.0,0.0,0.076923,0.0,0.0,4.3333,3.3333,1.4444,1.2222,3.7778,2.8889,3.4444,4.0,7.6667,4.4444,2.8889,7.2222,3.2222,2.5556
1170,1171,stimulus_1171,/pscratch/sd/s/sjmoon/EmoFM/videos/CowenEmotionVideos/1171.mp4,True,0.0,0.071429,0.0,0.35714,0.0,0.0,0.0,0.21429,0.0,0.071429,0.35714,0.0,0.0,0.0,0.0,0.0,0.0,0.0,0.0,0.0,0.0,0.0,0.14286,0.071429,0.0,0.0,0.0,0.0,0.0,0.0,0.0,0.14286,0.0,0.0,5.1111,5.7778,5.5556,5.2222,6.1111,5.0,4.3333,6.5556,2.5556,5.5556,4.8889,2.8889,5.6667,6.5556
1171,1172,stimulus_1172,/pscratch/sd/s/sjmoon/EmoFM/videos/CowenEmotionVideos/1172.mp4,True,0.0,0.0,0.0,0.071429,0.0,0.57143,0.071429,0.0,0.0,0.0,0.0,0.0,0.0,0.0,0.0,0.0,0.071429,0.0,0.14286,0.71429,0.0,0.21429,0.14286,0.071429,0.0,0.0,0.0,0.0,0.0,0.071429,0.0,0.14286,0.0,0.071429,6.7778,3.3333,2.8889,2.1111,7.3333,3.1111,3.6667,4.7778,6.3333,4.5556,3.2222,4.6667,1.5556,6.3333
1172,1173,stimulus_1173,/pscratch/sd/s/sjmoon/EmoFM/videos/CowenEmotionVideos/1173.mp4,True,0.071429,0.0,0.14286,0.71429,0.0,0.0,0.0,0.0,0.0,0.0,0.0,0.0,0.0,0.0,0.0,0.0,0.071429,0.0,0.0,0.0,0.0,0.0,0.35714,0.071429,0.0,0.0,0.0,0.0,0.071429,0.21429,0.0,0.0,0.071429,0.0,7.4444,6.2222,7.7778,6.1111,7.2222,6.2222,6.4444,6.0,2.7778,6.6667,6.3333,3.4444,6.4444,6.6667
1173,1174,stimulus_1174,/pscratch/sd/s/sjmoon/EmoFM/videos/CowenEmotionVideos/1174.mp4,True,0.0,0.0,0.0,0.0,0.35714,0.071429,0.0,0.0,0.0,0.0,0.071429,0.21429,0.0,0.21429,0.35714,0.0,0.0,0.0,0.0,0.071429,0.0,0.14286,0.0,0.0,0.0,0.0,0.0,0.0,0.28571,0.0,0.0,0.0,0.071429,0.0,5.7778,4.1111,1.2222,1.1111,6.2222,2.8889,3.4444,1.5556,6.5556,1.5556,3.7778,5.0,1.3333,2.5556
1174,1175,stimulus_1175,/pscratch/sd/s/sjmoon/EmoFM/videos/CowenEmotionVideos/1175.mp4,True,0.21429,0.0,0.0,0.42857,0.0,0.0,0.0,0.0,0.071429,0.071429,0.0,0.0,0.0,0.0,0.0,0.0,0.28571,0.0,0.071429,0.0,0.0,0.0,0.28571,0.28571,0.0,0.0,0.0,0.0,0.0,0.21429,0.0,0.14286,0.0,0.21429,7.0,5.2222,6.7778,5.5556,7.8889,5.8889,5.8889,7.7778,4.4444,6.3333,5.3333,3.0,5.5556,8.1111
1175,1176,stimulus_1176,/pscratch/sd/s/sjmoon/EmoFM/videos/CowenEmotionVideos/1176.mp4,True,0.0,0.0,0.071429,0.0,0.0,0.071429,0.0,0.071429,0.28571,0.0,0.071429,0.0,0.0,0.0,0.42857,0.0,0.0,0.0,0.0,0.0,0.0,0.14286,0.14286,0.0,0.0,0.0,0.0,0.0,0.0,0.0,0.0,0.071429,0.14286,0.0,4.5556,4.3333,3.4444,2.8889,5.4444,3.3333,4.0,6.0,4.4444,5.2222,3.3333,3.7778,4.1111,5.1111
1176,1177,stimulus_1177,/pscratch/sd/s/sjmoon/EmoFM/videos/CowenEmotionVideos/1177.mp4,True,0.0,0.071429,0.0,0.0,0.0,0.0,0.0,0.21429,0.0,0.0,0.0,0.0,0.0,0.071429,0.28571,0.0,0.0,0.071429,0.0,0.0,0.0,0.0,0.0,0.071429,0.0,0.0,0.0,0.42857,0.0,0.0,0.14286,0.071429,0.0,0.0,2.0,5.0,2.7778,3.4444,4.3333,5.3333,4.5556,6.8889,4.5556,5.6667,4.3333,3.1111,5.8889,5.0
1177,1178,stimulus_1178,/pscratch/sd/s/sjmoon/EmoFM/videos/CowenEmotionVideos/1178.mp4,True,0.0,0.0,0.071429,0.14286,0.0,0.0,0.0,0.0,0.42857,0.071429,0.071429,0.0,0.0,0.0,0.0,0.0,0.071429,0.0,0.0,0.0,0.0,0.0,0.14286,0.0,0.0,0.0,0.071429,0.0,0.0,0.21429,0.0,0.0,0.0,0.0,5.1111,4.3333,6.2222,6.3333,6.3333,5.7778,4.1111,7.8889,1.8889,6.6667,4.5556,2.0,6.6667,6.8889
1178,1179,stimulus_1179,/pscratch/sd/s/sjmoon/EmoFM/videos/CowenEmotionVideos/1179.mp4,True,0.0,0.0,0.0,0.0,0.0,0.0,0.0,0.0,0.0,0.071429,0.0,0.0,0.0,0.0,0.0,0.0,0.0,0.071429,0.071429,0.0,0.0,0.0,0.0,0.0,0.0,0.0,0.0,0.64286,0.0,0.0,0.64286,0.0,0.0,0.0,6.8889,3.8889,7.1111,7.4444,7.3333,7.0,6.3333,8.0,2.2222,7.1111,6.5556,3.0,6.4444,7.6667
1179,1180,stimulus_1180,/pscratch/sd/s/sjmoon/EmoFM/videos/CowenEmotionVideos/1180.mp4,True,0.0,0.0,0.071429,0.0,0.0,0.0,0.071429,0.0,0.28571,0.64286,0.0,0.071429,0.0,0.0,0.0,0.0,0.071429,0.0,0.0,0.0,0.0,0.0,0.071429,0.0,0.0,0.0,0.0,0.0,0.0,0.0,0.0,0.0,0.0,0.0,5.7778,4.5556,7.4444,7.7778,8.0,7.0,5.2222,8.3333,2.5556,7.2222,5.5556,2.3333,7.8889,7.3333
1180,1181,stimulus_1181,/pscratch/sd/s/sjmoon/EmoFM/videos/CowenEmotionVideos/1181.mp4,True,0.0,0.0,0.0,0.14286,0.0,0.21429,0.0,0.0,0.071429,0.0,0.0,0.0,0.0,0.071429,0.0,0.71429,0.0,0.0,0.14286,0.14286,0.0,0.0,0.0,0.071429,0.0,0.0,0.0,0.0,0.071429,0.0,0.0,0.071429,0.071429,0.0,6.1111,3.2222,3.1111,1.8889,6.3333,5.5556,3.8889,3.0,4.3333,4.0,3.8889,3.3333,3.2222,3.4444
1181,1182,stimulus_1182,/pscratch/sd/s/sjmoon/EmoFM/videos/CowenEmotionVideos/1182.mp4,True,0.0,0.0,0.0,0.21429,0.0,0.0,0.0,0.21429,0.071429,0.0,0.42857,0.0,0.0,0.0,0.28571,0.0,0.071429,0.0,0.0,0.0,0.0,0.071429,0.0,0.0,0.0,0.0,0.0,0.0,0.0,0.0,0.21429,0.071429,0.0,0.0,3.4444,4.4444,3.5556,3.0,5.6667,4.6667,3.3333,4.6667,4.3333,4.2222,3.6667,3.6667,4.2222,4.8889
1182,1183,stimulus_1183,/pscratch/sd/s/sjmoon/EmoFM/videos/CowenEmotionVideos/1183.mp4,True,0.0,0.0,0.0,0.071429,0.14286,0.14286,0.071429,0.0,0.0,0.0,0.0,0.071429,0.0,0.14286,0.28571,0.0,0.0,0.0,0.0,0.071429,0.0,0.071429,0.071429,0.071429,0.0,0.0,0.071429,0.0,0.14286,0.0,0.0,0.071429,0.0,0.0,5.8889,3.6667,1.8889,1.4444,6.5556,4.1111,4.6667,2.5556,4.1111,3.8889,2.6667,2.7778,1.6667,3.5556
1183,1184,stimulus_1184,/pscratch/sd/s/sjmoon/EmoFM/videos/CowenEmotionVideos/1184.mp4,True,0.0,0.0,0.0,0.0,0.071429,0.071429,0.0,0.071429,0.0,0.0,0.0,0.0,0.0,0.0,0.57143,0.21429,0.071429,0.0,0.071429,0.14286,0.0,0.64286,0.071429,0.0,0.0,0.0,0.0,0.0,0.14286,0.0,0.0,0.21429,0.28571,0.0,4.7778,2.7778,1.4444,1.8889,6.4444,4.0,5.4444,2.1111,5.8889,2.4444,3.6667,4.3333,2.0,1.6667
1184,1185,stimulus_1185,/pscratch/sd/s/sjmoon/EmoFM/videos/CowenEmotionVideos/1185.mp4,True,0.0,0.0,0.0,0.14286,0.0,0.071429,0.0,0.071429,0.0,0.071429,0.071429,0.0,0.0,0.0,0.0,0.57143,0.0,0.0,0.071429,0.0,0.0,0.071429,0.0,0.0,0.0,0.0,0.0,0.0,0.0,0.0,0.0,0.14286,0.28571,0.0,5.4444,4.2222,2.2222,1.6667,6.3333,4.8889,5.2222,2.2222,4.7778,4.5556,2.8889,2.8889,2.0,2.2222
1185,1186,stimulus_1186,/pscratch/sd/s/sjmoon/EmoFM/videos/CowenEmotionVideos/1186.mp4,True,0.071429,0.0,0.0,0.28571,0.0,0.35714,0.071429,0.0,0.0,0.0,0.071429,0.0,0.0,0.0,0.0,0.0,0.0,0.0,0.14286,0.28571,0.0,0.0,0.071429,0.0,0.0,0.0,0.14286,0.0,0.0,0.0,0.0,0.28571,0.071429,0.071429,7.6667,5.0,4.4444,2.0,7.6667,5.0,4.3333,3.2222,3.6667,5.8889,4.5556,2.8889,3.4444,7.2222
1186,1187,stimulus_1187,/pscratch/sd/s/sjmoon/EmoFM/videos/CowenEmotionVideos/1187.mp4,True,0.071429,0.14286,0.0,0.57143,0.0,0.0,0.35714,0.0,0.071429,0.0,0.071429,0.0,0.0,0.0,0.0,0.0,0.0,0.0,0.0,0.0,0.0,0.0,0.071429,0.28571,0.0,0.0,0.0,0.0,0.0,0.0,0.0,0.14286,0.0,0.0,6.0,4.3333,7.8889,6.4444,6.8889,6.7778,6.3333,7.4444,1.8889,7.8889,5.2222,2.3333,6.8889,8.2222
1187,1188,stimulus_1188,/pscratch/sd/s/sjmoon/EmoFM/videos/CowenEmotionVideos/1188.mp4,True,0.0,0.14286,0.0,0.42857,0.0,0.0,0.42857,0.0,0.0,0.14286,0.0,0.0,0.0,0.0,0.0,0.0,0.0,0.0,0.0,0.0,0.0,0.0,0.0,0.42857,0.0,0.0,0.0,0.0,0.0,0.0,0.0,0.0,0.0,0.0,6.2222,3.8889,7.5556,7.3333,6.8889,5.7778,7.5556,7.4444,2.1111,7.0,4.5556,2.0,7.2222,7.2222
1188,1189,stimulus_1189,/pscratch/sd/s/sjmoon/EmoFM/videos/CowenEmotionVideos/1189.mp4,True,0.071429,0.0,0.0,0.071429,0.0,0.14286,0.0,0.0,0.0,0.0,0.21429,0.0,0.0,0.071429,0.071429,0.0,0.14286,0.0,0.0,0.57143,0.0,0.42857,0.071429,0.0,0.0,0.0,0.0,0.0,0.0,0.0,0.0,0.0,0.0,0.0,6.2222,3.5556,1.7778,1.6667,6.2222,3.3333,2.6667,2.7778,5.5556,3.1111,2.3333,5.3333,2.1111,3.7778
1189,1190,stimulus_1190,/pscratch/sd/s/sjmoon/EmoFM/videos/CowenEmotionVideos/1190.mp4,True,0.0,0.0,0.0,0.0,0.0,0.071429,0.0,0.14286,0.0,0.0,0.14286,0.0,0.0,0.0,0.78571,0.0,0.0,0.0,0.0,0.0,0.0,0.0,0.071429,0.0,0.0,0.0,0.0,0.0,0.0,0.0,0.0,0.071429,0.0,0.0,4.8889,3.4444,2.1111,2.1111,5.1111,3.2222,4.5556,4.2222,5.2222,4.2222,2.5556,4.8889,3.3333,3.1111
1190,1191,stimulus_1191,/pscratch/sd/s/sjmoon/EmoFM/videos/CowenEmotionVideos/1191.mp4,True,0.14286,0.0,0.0,0.42857,0.0,0.0,0.071429,0.0,0.0,0.071429,0.0,0.0,0.0,0.0,0.0,0.0,0.0,0.0,0.071429,0.0,0.0,0.0,0.42857,0.0,0.0,0.0,0.0,0.0,0.0,0.28571,0.0,0.14286,0.0,0.071429,6.4444,5.1111,6.7778,7.3333,7.0,6.6667,5.7778,7.7778,1.3333,7.1111,5.8889,1.8889,7.0,7.8889
1191,1192,stimulus_1192,/pscratch/sd/s/sjmoon/EmoFM/videos/CowenEmotionVideos/1192.mp4,True,0.14286,0.0,0.0,0.35714,0.0,0.0,0.0,0.0,0.0,0.0,0.0,0.0,0.0,0.0,0.0,0.0,0.0,0.0,0.21429,0.0,0.0,0.0,0.071429,0.071429,0.0,0.0,0.0,0.0,0.0,0.21429,0.0,0.14286,0.0,0.5,6.1111,5.2222,6.3333,6.7778,6.6667,6.1111,6.4444,7.2222,2.1111,7.1111,6.0,1.7778,6.5556,7.0
1192,1193,stimulus_1193,/pscratch/sd/s/sjmoon/EmoFM/videos/CowenEmotionVideos/1193.mp4,True,0.0,0.071429,0.28571,0.0,0.0,0.0,0.0,0.0,0.071429,0.64286,0.0,0.0,0.35714,0.0,0.0,0.0,0.0,0.0,0.0,0.0,0.0,0.0,0.0,0.0,0.071429,0.0,0.0,0.0,0.0,0.14286,0.0,0.0,0.0,0.0,6.0,5.3333,7.5556,7.8889,5.5556,6.7778,5.1111,7.3333,1.8889,7.6667,5.3333,1.5556,7.3333,6.8889
1193,1194,stimulus_1194,/pscratch/sd/s/sjmoon/EmoFM/videos/CowenEmotionVideos/1194.mp4,True,0.0,0.0,0.0,0.0,0.0,0.071429,0.0,0.0,0.0,0.0,0.071429,0.071429,0.0,0.0,1.0,0.0,0.0,0.0,0.0,0.0,0.0,0.14286,0.0,0.0,0.0,0.0,0.0,0.0,0.0,0.0,0.0,0.071429,0.0,0.0,6.0,3.1111,1.3333,1.3333,4.7778,3.0,2.3333,2.4444,6.6667,3.6667,2.2222,5.5556,2.4444,2.7778
1194,1195,stimulus_1195,/pscratch/sd/s/sjmoon/EmoFM/videos/CowenEmotionVideos/1195.mp4,True,0.071429,0.0,0.5,0.071429,0.0,0.0,0.35714,0.0,0.0,0.0,0.0,0.0,0.0,0.0,0.0,0.0,0.071429,0.0,0.0,0.0,0.0,0.0,0.42857,0.0,0.0,0.0,0.0,0.0,0.0,0.071429,0.0,0.0,0.0,0.0,7.2222,5.0,5.7778,5.4444,6.7778,5.7778,5.5556,6.0,3.2222,5.7778,4.4444,3.2222,4.6667,5.8889
1195,1196,stimulus_1196,/pscratch/sd/s/sjmoon/EmoFM/videos/CowenEmotionVideos/1196.mp4,True,0.0,0.0,0.0,0.071429,0.0,0.071429,0.0,0.0,0.071429,0.071429,0.5,0.0,0.0,0.0,0.0,0.071429,0.0,0.0,0.0,0.0,0.071429,0.071429,0.071429,0.0,0.0,0.0,0.0,0.0,0.071429,0.0,0.0,0.0,0.14286,0.0,5.6667,4.2222,3.0,2.6667,6.1111,2.8889,6.0,2.7778,4.7778,3.2222,3.8889,5.0,3.0,3.6667
1196,1197,stimulus_1197,/pscratch/sd/s/sjmoon/EmoFM/videos/CowenEmotionVideos/1197.mp4,True,0.0,0.0,0.0,0.0,0.0,0.28571,0.071429,0.0,0.0,0.0,0.0,0.0,0.0,0.0,0.0,0.0,0.0,0.0,0.14286,0.57143,0.0,0.071429,0.0,0.0,0.0,0.0,0.28571,0.0,0.0,0.071429,0.0,0.28571,0.071429,0.071429,7.3333,5.0,3.7778,2.5556,7.4444,3.6667,6.0,3.2222,4.4444,3.2222,4.7778,3.7778,2.0,6.3333
1197,1198,stimulus_1198,/pscratch/sd/s/sjmoon/EmoFM/videos/CowenEmotionVideos/1198.mp4,True,0.071429,0.071429,0.071429,0.5,0.0,0.14286,0.071429,0.0,0.0,0.0,0.0,0.0,0.0,0.0,0.0,0.0,0.0,0.0,0.21429,0.071429,0.0,0.0,0.42857,0.0,0.0,0.0,0.0,0.0,0.0,0.071429,0.0,0.28571,0.0,0.071429,7.3333,5.5556,6.0,4.5556,7.2222,5.3333,4.6667,6.6667,2.3333,6.3333,4.3333,2.2222,4.6667,7.2222
1198,1199,stimulus_1199,/pscratch/sd/s/sjmoon/EmoFM/videos/CowenEmotionVideos/1199.mp4,True,0.0,0.0,0.0,0.0,0.21429,0.0,0.0,0.0,0.0,0.0,0.14286,0.071429,0.0,0.21429,0.85714,0.14286,0.0,0.0,0.0,0.28571,0.0,0.35714,0.0,0.0,0.0,0.0,0.0,0.0,0.21429,0.0,0.0,0.0,0.14286,0.0,6.3333,4.5556,1.1111,2.4444,6.5556,4.2222,6.1111,1.3333,7.2222,1.2222,1.7778,4.6667,1.5556,1.8889
1199,1200,stimulus_1200,/pscratch/sd/s/sjmoon/EmoFM/videos/CowenEmotionVideos/1200.mp4,True,0.071429,0.0,0.0,0.57143,0.0,0.071429,0.071429,0.0,0.071429,0.0,0.0,0.0,0.0,0.0,0.0,0.21429,0.0,0.0,0.14286,0.0,0.0,0.0,0.071429,0.35714,0.0,0.0,0.0,0.0,0.0,0.0,0.0,0.071429,0.071429,0.0,6.2222,5.3333,6.4444,5.6667,7.0,7.0,6.6667,6.8889,2.3333,5.8889,6.6667,2.6667,5.8889,6.0
1200,1201,stimulus_1201,/pscratch/sd/s/sjmoon/EmoFM/videos/CowenEmotionVideos/1201.mp4,True,0.066667,0.066667,0.066667,0.13333,0.0,0.0,0.0,0.0,0.13333,0.066667,0.066667,0.0,0.0,0.0,0.0,0.0,0.0,0.0,0.13333,0.0,0.0,0.0,0.13333,0.2,0.0,0.0,0.0,0.53333,0.0,0.066667,0.066667,0.0,0.066667,0.0,5.1111,5.2222,5.4444,6.1111,6.0,5.7778,5.1111,6.5556,3.4444,6.3333,4.7778,3.6667,6.5556,6.3333
1201,1202,stimulus_1202,/pscratch/sd/s/sjmoon/EmoFM/videos/CowenEmotionVideos/1202.mp4,True,0.0,0.0,0.0,0.33333,0.0,0.2,0.066667,0.0,0.0,0.0,0.066667,0.0,0.0,0.0,0.0,0.0,0.0,0.0,0.13333,0.6,0.0,0.2,0.2,0.0,0.0,0.0,0.0,0.0,0.0,0.0,0.0,0.33333,0.0,0.0,5.6667,4.7778,2.8889,2.1111,5.4444,4.4444,4.7778,2.0,3.8889,3.3333,4.1111,5.1111,2.0,3.1111
1202,1203,stimulus_1203,/pscratch/sd/s/sjmoon/EmoFM/videos/CowenEmotionVideos/1203.mp4,True,0.066667,0.0,0.0,0.2,0.0,0.13333,0.066667,0.0,0.0,0.0,0.2,0.0,0.0,0.0,0.0,0.13333,0.0,0.0,0.066667,0.2,0.0,0.066667,0.066667,0.0,0.0,0.0,0.2,0.0,0.066667,0.0,0.0,0.4,0.13333,0.0,5.4444,3.7778,2.4444,3.5556,5.4444,4.6667,4.8889,4.5556,4.3333,4.0,4.2222,3.8889,3.3333,4.3333
1203,1204,stimulus_1204,/pscratch/sd/s/sjmoon/EmoFM/videos/CowenEmotionVideos/1204.mp4,True,0.0,0.0,0.0,0.13333,0.0,0.066667,0.066667,0.0,0.0,0.0,0.13333,0.0,0.0,0.0,0.0,0.0,0.0,0.0,0.0,0.4,0.0,0.6,0.066667,0.0,0.0,0.0,0.0,0.0,0.0,0.0,0.0,0.33333,0.0,0.0,5.2222,4.1111,3.0,2.5556,5.4444,4.0,3.8889,3.0,5.4444,3.6667,2.5556,4.6667,3.4444,3.4444
1204,1205,stimulus_1205,/pscratch/sd/s/sjmoon/EmoFM/videos/CowenEmotionVideos/1205.mp4,True,0.0,0.0,0.26667,0.0,0.0,0.0,0.066667,0.0,0.066667,0.066667,0.0,0.066667,0.73333,0.0,0.0,0.0,0.066667,0.066667,0.066667,0.0,0.0,0.0,0.066667,0.066667,0.0,0.0,0.0,0.0,0.0,0.2,0.0,0.0,0.0,0.0,6.5556,5.3333,7.2222,8.0,6.2222,6.0,4.1111,7.0,3.3333,6.2222,4.1111,4.5556,7.2222,6.2222
1205,1206,stimulus_1206,/pscratch/sd/s/sjmoon/EmoFM/videos/CowenEmotionVideos/1206.mp4,True,0.0,0.0,0.0,0.6,0.0,0.066667,0.0,0.13333,0.066667,0.0,0.0,0.066667,0.0,0.0,0.0,0.066667,0.066667,0.0,0.066667,0.0,0.0,0.0,0.13333,0.066667,0.066667,0.0,0.0,0.0,0.0,0.0,0.0,0.0,0.066667,0.0,5.3333,4.5556,5.3333,4.7778,4.8889,5.2222,5.3333,4.2222,4.6667,5.2222,4.3333,3.7778,5.4444,4.4444
1206,1207,stimulus_1207,/pscratch/sd/s/sjmoon/EmoFM/videos/CowenEmotionVideos/1207.mp4,True,0.0,0.0,0.13333,0.0,0.0,0.0,0.066667,0.0,0.066667,0.13333,0.0,0.0,0.66667,0.0,0.0,0.0,0.13333,0.066667,0.066667,0.0,0.0,0.0,0.2,0.13333,0.0,0.0,0.0,0.0,0.0,0.2,0.0,0.0,0.0,0.0,6.2222,6.0,8.2222,7.5556,7.1111,7.0,5.1111,7.1111,3.8889,6.1111,4.8889,4.0,6.2222,5.7778
1207,1208,stimulus_1208,/pscratch/sd/s/sjmoon/EmoFM/videos/CowenEmotionVideos/1208.mp4,True,0.0,0.0,0.26667,0.0,0.0,0.13333,0.0,0.066667,0.0,0.0,0.4,0.0,0.0,0.0,0.26667,0.0,0.0,0.0,0.0,0.066667,0.0,0.4,0.066667,0.0,0.0,0.0,0.0,0.0,0.0,0.0,0.0,0.0,0.0,0.0,4.6667,5.6667,2.6667,1.7778,3.7778,3.7778,3.0,2.6667,4.6667,2.8889,3.1111,3.6667,2.3333,3.5556
1208,1209,stimulus_1209,/pscratch/sd/s/sjmoon/EmoFM/videos/CowenEmotionVideos/1209.mp4,True,0.066667,0.2,0.066667,0.73333,0.0,0.0,0.2,0.0,0.0,0.066667,0.066667,0.0,0.0,0.0,0.0,0.0,0.0,0.0,0.066667,0.0,0.0,0.0,0.066667,0.2,0.0,0.0,0.0,0.0,0.0,0.066667,0.0,0.066667,0.13333,0.066667,4.7778,4.5556,7.4444,6.0,6.0,5.5556,6.1111,6.1111,3.8889,5.3333,4.3333,3.3333,6.5556,6.0
1209,1210,stimulus_1210,/pscratch/sd/s/sjmoon/EmoFM/videos/CowenEmotionVideos/1210.mp4,True,0.2,0.066667,0.066667,0.13333,0.0,0.0,0.066667,0.0,0.066667,0.0,0.0,0.0,0.0,0.0,0.0,0.0,0.0,0.0,0.46667,0.0,0.0,0.0,0.0,0.4,0.0,0.26667,0.0,0.0,0.0,0.26667,0.0,0.0,0.066667,0.4,6.0,3.8889,7.0,7.1111,5.8889,6.5556,6.6667,6.8889,4.0,6.4444,6.1111,3.3333,6.2222,6.5556
1210,1211,stimulus_1211,/pscratch/sd/s/sjmoon/EmoFM/videos/CowenEmotionVideos/1211.mp4,True,0.0,0.2,0.0,0.2,0.0,0.0,0.0,0.46667,0.0,0.0,0.2,0.0,0.0,0.0,0.0,0.0,0.0,0.0,0.13333,0.0,0.0,0.0,0.066667,0.0,0.0,0.0,0.0,0.0,0.0,0.13333,0.0,0.0,0.13333,0.13333,4.8889,4.5556,5.7778,5.2222,5.3333,5.3333,6.4444,5.7778,4.4444,5.6667,6.2222,4.8889,5.3333,5.4444
1211,1212,stimulus_1212,/pscratch/sd/s/sjmoon/EmoFM/videos/CowenEmotionVideos/1212.mp4,True,0.0,0.0,0.0,0.0,0.0,0.46667,0.13333,0.066667,0.0,0.0,0.0,0.066667,0.0,0.0,0.0,0.0,0.0,0.0,0.13333,0.66667,0.0,0.066667,0.13333,0.0,0.0,0.0,0.0,0.0,0.0,0.0,0.0,0.0,0.0,0.0,6.4444,3.5556,2.7778,2.6667,6.2222,4.4444,5.0,4.7778,5.1111,5.2222,4.3333,2.8889,1.8889,5.8889
1212,1213,stimulus_1213,/pscratch/sd/s/sjmoon/EmoFM/videos/CowenEmotionVideos/1213.mp4,True,0.066667,0.2,0.0,0.6,0.0,0.0,0.066667,0.0,0.0,0.066667,0.0,0.0,0.0,0.0,0.0,0.0,0.0,0.0,0.066667,0.0,0.0,0.0,0.13333,0.2,0.0,0.0,0.0,0.0,0.0,0.066667,0.0,0.066667,0.13333,0.0,6.5556,4.4444,7.3333,6.8889,7.0,5.8889,6.5556,7.1111,2.2222,6.3333,5.8889,2.8889,6.5556,6.6667
1213,1214,stimulus_1214,/pscratch/sd/s/sjmoon/EmoFM/videos/CowenEmotionVideos/1214.mp4,True,0.0,0.0,0.0,0.066667,0.0,0.13333,0.0,0.0,0.0,0.0,0.066667,0.0,0.0,0.0,0.0,0.0,0.0,0.0,0.0,0.46667,0.0,0.73333,0.0,0.0,0.0,0.0,0.0,0.0,0.066667,0.0,0.0,0.066667,0.0,0.0,7.0,5.5556,2.8889,3.0,6.2222,4.3333,3.5556,2.6667,4.6667,4.1111,3.8889,4.6667,3.2222,4.1111
1214,1215,stimulus_1215,/pscratch/sd/s/sjmoon/EmoFM/videos/CowenEmotionVideos/1215.mp4,True,0.066667,0.0,0.0,0.53333,0.0,0.0,0.26667,0.0,0.0,0.0,0.0,0.0,0.0,0.0,0.0,0.0,0.066667,0.0,0.2,0.0,0.0,0.0,0.2,0.0,0.0,0.0,0.0,0.0,0.0,0.13333,0.0,0.26667,0.0,0.066667,5.6667,4.7778,5.7778,5.6667,6.2222,4.5556,5.1111,5.5556,3.2222,6.1111,4.3333,3.1111,4.2222,7.2222
1215,1216,stimulus_1216,/pscratch/sd/s/sjmoon/EmoFM/videos/CowenEmotionVideos/1216.mp4,True,0.066667,0.13333,0.4,0.0,0.0,0.0,0.2,0.0,0.0,0.66667,0.0,0.0,0.0,0.0,0.0,0.0,0.066667,0.0,0.0,0.0,0.0,0.0,0.26667,0.066667,0.0,0.0,0.0,0.0,0.0,0.066667,0.0,0.0,0.0,0.0,4.8889,3.6667,7.1111,6.6667,7.0,5.8889,4.3333,7.0,2.0,6.3333,4.7778,3.2222,6.4444,6.2222
1216,1217,stimulus_1217,/pscratch/sd/s/sjmoon/EmoFM/videos/CowenEmotionVideos/1217.mp4,True,0.0,0.0,0.0,0.0,0.0,0.2,0.0,0.0,0.0,0.0,0.13333,0.0,0.0,0.0,0.6,0.26667,0.0,0.0,0.0,0.2,0.0,0.4,0.0,0.0,0.0,0.0,0.0,0.0,0.0,0.0,0.0,0.066667,0.0,0.0,6.1111,4.3333,2.1111,1.8889,6.2222,3.6667,3.6667,3.3333,5.5556,3.6667,2.1111,4.6667,3.0,3.4444
1217,1218,stimulus_1218,/pscratch/sd/s/sjmoon/EmoFM/videos/CowenEmotionVideos/1218.mp4,True,0.13333,0.0,0.066667,0.066667,0.0,0.066667,0.066667,0.0,0.0,0.0,0.0,0.0,0.0,0.0,0.0,0.0,0.0,0.0,0.4,0.0,0.0,0.0,0.13333,0.066667,0.0,0.066667,0.0,0.0,0.066667,0.33333,0.0,0.0,0.13333,0.4,6.6667,6.1111,6.3333,6.0,6.7778,4.8889,6.3333,7.4444,3.3333,7.4444,5.7778,3.0,6.1111,6.3333
1218,1219,stimulus_1219,/pscratch/sd/s/sjmoon/EmoFM/videos/CowenEmotionVideos/1219.mp4,True,0.0,0.0,0.0,0.0,0.0,0.6,0.066667,0.066667,0.0,0.0,0.0,0.0,0.0,0.0,0.0,0.0,0.0,0.0,0.0,0.66667,0.0,0.13333,0.066667,0.0,0.0,0.0,0.0,0.0,0.066667,0.0,0.0,0.13333,0.0,0.0,6.4444,4.7778,3.7778,2.1111,7.1111,3.7778,7.0,3.6667,4.8889,5.0,4.1111,3.2222,2.5556,6.5556
1219,1220,stimulus_1220,/pscratch/sd/s/sjmoon/EmoFM/videos/CowenEmotionVideos/1220.mp4,True,0.0,0.0,0.0,0.6,0.0,0.0,0.0,0.066667,0.2,0.0,0.13333,0.0,0.0,0.2,0.066667,0.066667,0.0,0.0,0.0,0.0,0.0,0.0,0.066667,0.0,0.0,0.066667,0.0,0.0,0.066667,0.0,0.0,0.066667,0.066667,0.0,5.0,4.8889,5.0,4.7778,5.4444,4.2222,4.4444,4.4444,3.2222,4.4444,4.5556,3.3333,4.8889,5.1111
1220,1221,stimulus_1221,/pscratch/sd/s/sjmoon/EmoFM/videos/CowenEmotionVideos/1221.mp4,True,0.0,0.0,0.0,0.0,0.0,0.33333,0.13333,0.0,0.0,0.0,0.0,0.0,0.0,0.066667,0.0,0.066667,0.066667,0.0,0.13333,0.53333,0.0,0.4,0.0,0.0,0.0,0.0,0.0,0.0,0.2,0.0,0.0,0.066667,0.13333,0.0,6.3333,3.4444,2.0,2.0,7.2222,4.4444,5.7778,2.7778,4.5556,2.8889,4.1111,5.2222,1.4444,3.7778
1221,1222,stimulus_1222,/pscratch/sd/s/sjmoon/EmoFM/videos/CowenEmotionVideos/1222.mp4,True,0.0,0.0,0.0,0.0,0.0,0.26667,0.0,0.13333,0.0,0.0,0.066667,0.0,0.0,0.066667,0.66667,0.26667,0.0,0.0,0.0,0.2,0.066667,0.33333,0.0,0.0,0.0,0.0,0.0,0.0,0.2,0.0,0.0,0.0,0.0,0.0,5.3333,4.0,2.2222,2.6667,6.1111,3.8889,5.2222,2.5556,5.4444,2.8889,2.4444,3.8889,2.1111,3.0
1222,1223,stimulus_1223,/pscratch/sd/s/sjmoon/EmoFM/videos/CowenEmotionVideos/1223.mp4,True,0.0,0.0,0.4,0.066667,0.0,0.0,0.2,0.0,0.066667,0.13333,0.2,0.0,0.0,0.0,0.0,0.0,0.2,0.0,0.066667,0.0,0.0,0.0,0.46667,0.0,0.0,0.0,0.0,0.0,0.0,0.066667,0.0,0.13333,0.0,0.0,5.1111,4.3333,6.0,5.8889,7.2222,5.5556,3.8889,7.0,2.3333,5.7778,3.8889,2.4444,5.6667,6.4444
1223,1224,stimulus_1224,/pscratch/sd/s/sjmoon/EmoFM/videos/CowenEmotionVideos/1224.mp4,True,0.0,0.0,0.0,0.0,0.0,0.26667,0.0,0.0,0.0,0.0,0.066667,0.0,0.0,0.0,0.8,0.13333,0.0,0.0,0.0,0.2,0.0,0.26667,0.0,0.0,0.0,0.0,0.0,0.0,0.066667,0.0,0.0,0.13333,0.0,0.0,6.2222,5.0,2.2222,2.6667,6.2222,4.3333,3.8889,3.4444,5.3333,4.6667,2.6667,4.4444,2.3333,3.0
1224,1225,stimulus_1225,/pscratch/sd/s/sjmoon/EmoFM/videos/CowenEmotionVideos/1225.mp4,True,0.0,0.0,0.0,0.4,0.0,0.066667,0.0,0.66667,0.066667,0.0,0.066667,0.0,0.0,0.0,0.066667,0.0,0.0,0.0,0.0,0.0,0.0,0.0,0.0,0.0,0.0,0.0,0.0,0.0,0.0,0.0,0.0,0.13333,0.0,0.0,5.5556,5.3333,4.3333,2.6667,5.7778,3.1111,3.5556,2.2222,4.1111,4.0,4.2222,5.6667,4.2222,2.8889
1225,1226,stimulus_1226,/pscratch/sd/s/sjmoon/EmoFM/videos/CowenEmotionVideos/1226.mp4,True,0.0,0.0,0.0,0.0,0.0,0.2,0.0,0.0,0.0,0.0,0.0,0.0,0.0,0.0,0.066667,0.0,0.0,0.0,0.0,0.53333,0.0,0.73333,0.13333,0.0,0.0,0.0,0.0,0.0,0.0,0.0,0.0,0.066667,0.0,0.0,6.5556,3.6667,2.2222,1.3333,6.7778,4.0,2.5556,2.7778,6.3333,3.1111,3.8889,5.7778,1.5556,2.8889
1226,1227,stimulus_1227,/pscratch/sd/s/sjmoon/EmoFM/videos/CowenEmotionVideos/1227.mp4,True,0.0,0.0,0.0,0.066667,0.0,0.26667,0.0,0.0,0.0,0.0,0.0,0.0,0.0,0.0,0.0,0.066667,0.066667,0.0,0.066667,0.4,0.0,0.46667,0.13333,0.0,0.0,0.0,0.0,0.0,0.066667,0.0,0.0,0.0,0.066667,0.0,6.5556,4.6667,3.1111,1.6667,6.4444,3.2222,5.0,2.4444,5.8889,3.0,3.7778,5.7778,2.0,3.4444
1227,1228,stimulus_1228,/pscratch/sd/s/sjmoon/EmoFM/videos/CowenEmotionVideos/1228.mp4,True,0.066667,0.0,0.13333,0.0,0.0,0.0,0.0,0.066667,0.13333,0.0,0.13333,0.0,0.0,0.0,0.0,0.0,0.066667,0.0,0.2,0.0,0.0,0.0,0.2,0.066667,0.0,0.0,0.0,0.13333,0.0,0.13333,0.53333,0.0,0.0,0.0,6.0,4.7778,6.3333,5.7778,5.8889,6.4444,4.8889,6.5556,3.3333,4.8889,5.1111,3.5556,4.8889,5.8889
1228,1229,stimulus_1229,/pscratch/sd/s/sjmoon/EmoFM/videos/CowenEmotionVideos/1229.mp4,True,0.0,0.0,0.0,0.33333,0.2,0.066667,0.0,0.0,0.066667,0.0,0.066667,0.0,0.0,0.2,0.33333,0.0,0.0,0.066667,0.066667,0.0,0.0,0.0,0.066667,0.0,0.0,0.0,0.0,0.0,0.066667,0.0,0.0,0.0,0.066667,0.0,6.2222,4.7778,3.4444,3.3333,6.3333,4.8889,5.8889,2.2222,3.4444,1.6667,5.6667,4.1111,3.5556,3.6667
1229,1230,stimulus_1230,/pscratch/sd/s/sjmoon/EmoFM/videos/CowenEmotionVideos/1230.mp4,True,0.0,0.066667,0.066667,0.6,0.0,0.0,0.0,0.0,0.0,0.066667,0.0,0.0,0.0,0.0,0.0,0.0,0.0,0.0,0.0,0.0,0.0,0.0,0.066667,0.13333,0.4,0.0,0.0,0.0,0.0,0.13333,0.0,0.0,0.13333,0.0,4.3333,4.8889,6.3333,5.6667,5.8889,6.0,5.7778,6.3333,1.7778,5.0,5.4444,2.5556,6.3333,6.1111
1230,1231,stimulus_1231,/pscratch/sd/s/sjmoon/EmoFM/videos/CowenEmotionVideos/1231.mp4,True,0.0,0.0,0.18182,0.0,0.0,0.27273,0.0,0.0,0.0,0.0,0.090909,0.0,0.0,0.0,0.0,0.0,0.0,0.0,0.0,0.36364,0.0,0.090909,0.0,0.090909,0.0,0.0,0.0,0.0,0.54545,0.0,0.0,0.090909,0.090909,0.0,7.4444,4.2222,3.4444,2.4444,7.5556,3.6667,4.7778,1.7778,4.8889,2.6667,4.1111,6.1111,1.4444,3.3333
1231,1232,stimulus_1232,/pscratch/sd/s/sjmoon/EmoFM/videos/CowenEmotionVideos/1232.mp4,True,0.0,0.0,0.45455,0.0,0.0,0.0,0.18182,0.0,0.0,0.45455,0.0,0.0,0.0,0.0,0.0,0.0,0.090909,0.090909,0.0,0.0,0.0,0.0,0.090909,0.090909,0.0,0.0,0.0,0.0,0.0,0.0,0.0,0.0,0.0,0.0,4.7778,4.0,8.3333,8.8889,6.1111,6.2222,4.8889,8.0,1.6667,5.0,4.7778,3.0,7.5556,6.2222
1232,1233,stimulus_1233,/pscratch/sd/s/sjmoon/EmoFM/videos/CowenEmotionVideos/1233.mp4,True,0.0,0.0,0.0,0.45455,0.090909,0.0,0.0,0.0,0.090909,0.0,0.0,0.0,0.0,0.0,0.090909,0.0,0.0,0.0,0.0,0.0,0.090909,0.0,0.090909,0.090909,0.27273,0.0,0.0,0.0,0.0,0.090909,0.0,0.0,0.0,0.0,5.3333,5.4444,4.5556,3.6667,5.5556,5.1111,4.8889,3.6667,3.4444,3.8889,4.6667,3.7778,4.2222,4.7778
1233,1234,stimulus_1234,/pscratch/sd/s/sjmoon/EmoFM/videos/CowenEmotionVideos/1234.mp4,True,0.0,0.0,0.0,0.27273,0.0,0.18182,0.0,0.090909,0.0,0.0,0.18182,0.0,0.0,0.0,0.0,0.0,0.0,0.0,0.090909,0.18182,0.0,0.090909,0.0,0.0,0.0,0.0,0.090909,0.0,0.090909,0.0,0.0,0.54545,0.090909,0.0,7.4444,5.6667,3.6667,3.2222,6.8889,3.4444,6.6667,1.7778,5.3333,3.5556,4.0,6.0,2.5556,6.4444
1234,1235,stimulus_1235,/pscratch/sd/s/sjmoon/EmoFM/videos/CowenEmotionVideos/1235.mp4,True,0.0,0.0,0.0,0.0,0.090909,0.36364,0.0,0.0,0.0,0.0,0.090909,0.0,0.0,0.0,0.090909,0.0,0.0,0.0,0.0,0.54545,0.0,0.090909,0.0,0.0,0.0,0.0,0.0,0.0,0.0,0.0,0.0,0.36364,0.0,0.0,7.4444,4.2222,3.0,2.2222,7.0,3.1111,5.1111,2.2222,5.2222,4.6667,3.6667,5.1111,1.5556,5.0
1235,1236,stimulus_1236,/pscratch/sd/s/sjmoon/EmoFM/videos/CowenEmotionVideos/1236.mp4,True,0.0,0.18182,0.0,0.54545,0.0,0.0,0.27273,0.0,0.0,0.090909,0.090909,0.0,0.0,0.0,0.0,0.0,0.0,0.0,0.090909,0.0,0.0,0.0,0.090909,0.36364,0.0,0.0,0.0,0.0,0.0,0.090909,0.0,0.27273,0.090909,0.0,5.7778,5.1111,7.8889,8.1111,6.4444,4.8889,7.3333,7.5556,2.4444,6.4444,6.0,4.3333,6.7778,7.4444
1236,1237,stimulus_1237,/pscratch/sd/s/sjmoon/EmoFM/videos/CowenEmotionVideos/1237.mp4,True,0.0,0.0,0.0,0.0,0.0,0.36364,0.0,0.0,0.0,0.0,0.27273,0.0,0.0,0.0,0.0,0.0,0.090909,0.0,0.090909,0.18182,0.0,0.090909,0.090909,0.0,0.0,0.0,0.0,0.0,0.36364,0.0,0.0,0.18182,0.090909,0.0,7.3333,5.6667,2.6667,1.5556,7.1111,4.6667,5.8889,2.5556,3.7778,3.6667,4.4444,4.4444,3.1111,6.5556
1237,1238,stimulus_1238,/pscratch/sd/s/sjmoon/EmoFM/videos/CowenEmotionVideos/1238.mp4,True,0.0,0.0,0.0,0.0,0.0,0.090909,0.090909,0.0,0.0,0.0,0.0,0.0,0.0,0.0,0.0,0.090909,0.0,0.0,0.0,0.090909,0.0,0.0,0.0,0.090909,0.0,0.0,0.0,0.36364,0.63636,0.0,0.0,0.0,0.45455,0.0,5.2222,3.4444,6.4444,6.1111,6.7778,4.5556,7.6667,5.3333,4.6667,3.3333,7.2222,4.1111,5.2222,5.6667
1238,1239,stimulus_1239,/pscratch/sd/s/sjmoon/EmoFM/videos/CowenEmotionVideos/1239.mp4,True,0.0,0.090909,0.0,0.36364,0.0,0.090909,0.18182,0.0,0.090909,0.0,0.0,0.0,0.0,0.0,0.0,0.0,0.0,0.0,0.18182,0.0,0.0,0.0,0.0,0.090909,0.0,0.0,0.0,0.0,0.090909,0.0,0.0,0.36364,0.0,0.090909,6.4444,4.7778,5.6667,3.2222,6.6667,5.8889,7.1111,6.2222,2.2222,5.4444,4.3333,4.3333,5.2222,6.4444
1239,1240,stimulus_1240,/pscratch/sd/s/sjmoon/EmoFM/videos/CowenEmotionVideos/1240.mp4,True,0.0,0.18182,0.0,0.45455,0.0,0.0,0.18182,0.0,0.090909,0.0,0.090909,0.0,0.0,0.0,0.0,0.0,0.0,0.0,0.0,0.0,0.0,0.0,0.0,0.27273,0.0,0.0,0.090909,0.0,0.0,0.0,0.0,0.0,0.0,0.0,5.6667,5.0,7.0,6.7778,6.3333,6.6667,6.8889,6.8889,1.8889,5.8889,4.0,2.4444,5.6667,6.1111
1240,1241,stimulus_1241,/pscratch/sd/s/sjmoon/EmoFM/videos/CowenEmotionVideos/1241.mp4,True,0.0,0.0,0.0,0.0,0.0,0.27273,0.36364,0.0,0.0,0.0,0.0,0.0,0.0,0.090909,0.0,0.0,0.0,0.0,0.090909,0.090909,0.0,0.0,0.090909,0.0,0.0,0.0,0.090909,0.0,0.0,0.18182,0.0,0.27273,0.0,0.18182,7.1111,5.4444,6.2222,6.4444,7.3333,4.5556,6.1111,8.0,3.4444,7.1111,5.0,3.4444,5.8889,8.0
1241,1242,stimulus_1242,/pscratch/sd/s/sjmoon/EmoFM/videos/CowenEmotionVideos/1242.mp4,True,0.0,0.090909,0.0,0.45455,0.0,0.0,0.27273,0.0,0.0,0.0,0.0,0.0,0.090909,0.0,0.090909,0.0,0.0,0.0,0.090909,0.0,0.0,0.0,0.0,0.27273,0.0,0.0,0.0,0.0,0.0,0.090909,0.0,0.18182,0.0,0.0,6.4444,5.2222,7.2222,6.6667,6.0,6.5556,6.7778,7.4444,2.6667,6.8889,5.3333,2.7778,6.4444,7.0
1242,1243,stimulus_1243,/pscratch/sd/s/sjmoon/EmoFM/videos/CowenEmotionVideos/1243.mp4,True,0.18182,0.0,0.0,0.27273,0.0,0.0,0.090909,0.0,0.0,0.0,0.27273,0.0,0.0,0.0,0.0,0.0,0.090909,0.0,0.0,0.0,0.0,0.0,0.0,0.0,0.0,0.0,0.0,0.0,0.0,0.18182,0.0,0.27273,0.0,0.0,7.0,5.3333,7.0,7.0,7.1111,6.0,5.5556,7.4444,3.7778,6.7778,6.0,4.5556,6.0,6.7778
1243,1244,stimulus_1244,/pscratch/sd/s/sjmoon/EmoFM/videos/CowenEmotionVideos/1244.mp4,True,0.0,0.0,0.27273,0.090909,0.0,0.0,0.18182,0.0,0.0,0.27273,0.18182,0.0,0.0,0.0,0.0,0.0,0.27273,0.0,0.0,0.0,0.0,0.0,0.0,0.0,0.0,0.0,0.0,0.0,0.0,0.0,0.0,0.090909,0.0,0.0,6.8889,4.8889,4.7778,3.6667,6.2222,3.2222,4.0,5.0,4.7778,5.8889,3.5556,4.0,4.5556,5.0
1244,1245,stimulus_1245,/pscratch/sd/s/sjmoon/EmoFM/videos/CowenEmotionVideos/1245.mp4,True,0.0,0.27273,0.0,0.27273,0.0,0.0,0.45455,0.0,0.0,0.0,0.0,0.0,0.0,0.0,0.0,0.0,0.0,0.0,0.0,0.0,0.0,0.0,0.090909,0.54545,0.0,0.0,0.0,0.0,0.0,0.0,0.0,0.090909,0.0,0.0,6.5556,4.8889,7.6667,8.2222,6.6667,6.3333,7.5556,7.6667,1.7778,6.7778,4.3333,2.4444,7.2222,6.2222
1245,1246,stimulus_1246,/pscratch/sd/s/sjmoon/EmoFM/videos/CowenEmotionVideos/1246.mp4,True,0.0,0.36364,0.0,0.090909,0.0,0.0,0.54545,0.0,0.0,0.090909,0.0,0.0,0.0,0.0,0.0,0.0,0.0,0.0,0.090909,0.0,0.0,0.0,0.0,0.36364,0.0,0.0,0.0,0.0,0.0,0.18182,0.0,0.18182,0.090909,0.090909,6.4444,5.1111,8.1111,7.6667,6.5556,5.6667,7.3333,7.5556,1.7778,7.3333,5.6667,2.3333,7.6667,7.2222
1246,1247,stimulus_1247,/pscratch/sd/s/sjmoon/EmoFM/videos/CowenEmotionVideos/1247.mp4,True,0.0,0.0,0.090909,0.0,0.0,0.0,0.0,0.0,0.090909,0.0,0.0,0.0,0.090909,0.0,0.0,0.0,0.0,0.0,0.090909,0.0,0.0,0.0,0.0,0.0,0.0,0.0,0.0,0.0,0.0,0.090909,1.0,0.0,0.0,0.0,7.0,6.2222,6.6667,6.3333,6.8889,6.7778,6.2222,7.5556,2.8889,5.8889,5.8889,5.0,6.1111,5.4444
1247,1248,stimulus_1248,/pscratch/sd/s/sjmoon/EmoFM/videos/CowenEmotionVideos/1248.mp4,True,0.0,0.0,0.090909,0.090909,0.0,0.0,0.0,0.0,0.0,0.0,0.0,0.0,0.090909,0.0,0.0,0.0,0.090909,0.0,0.18182,0.0,0.0,0.0,0.0,0.0,0.090909,0.0,0.0,0.090909,0.0,0.090909,1.0,0.0,0.0,0.0,7.8889,6.6667,8.1111,7.0,6.7778,7.3333,7.1111,8.3333,2.6667,7.2222,6.8889,3.7778,6.7778,7.3333
1248,1249,stimulus_1249,/pscratch/sd/s/sjmoon/EmoFM/videos/CowenEmotionVideos/1249.mp4,True,0.0,0.36364,0.0,0.27273,0.0,0.0,0.36364,0.0,0.0,0.0,0.0,0.0,0.0,0.0,0.0,0.0,0.0,0.0,0.0,0.0,0.0,0.0,0.0,0.54545,0.0,0.0,0.0,0.0,0.0,0.090909,0.0,0.0,0.090909,0.0,5.4444,5.5556,5.5556,5.3333,5.2222,5.6667,6.8889,6.5556,3.8889,5.6667,6.5556,3.3333,6.4444,5.8889
1249,1250,stimulus_1250,/pscratch/sd/s/sjmoon/EmoFM/videos/CowenEmotionVideos/1250.mp4,True,0.0,0.0,0.18182,0.090909,0.0,0.27273,0.27273,0.0,0.0,0.090909,0.090909,0.0,0.0,0.0,0.0,0.0,0.0,0.0,0.18182,0.090909,0.0,0.090909,0.27273,0.0,0.0,0.0,0.0,0.0,0.0,0.090909,0.0,0.090909,0.0,0.0,6.0,5.8889,4.6667,3.1111,7.3333,3.7778,5.5556,5.8889,3.7778,5.4444,4.2222,3.3333,3.2222,6.8889
1250,1251,stimulus_1251,/pscratch/sd/s/sjmoon/EmoFM/videos/CowenEmotionVideos/1251.mp4,True,0.090909,0.0,0.0,0.18182,0.0,0.090909,0.0,0.0,0.27273,0.0,0.0,0.0,0.0,0.0,0.0,0.0,0.0,0.0,0.0,0.0,0.0,0.0,0.0,0.27273,0.27273,0.0,0.0,0.0,0.0,0.0,0.0,0.0,0.0,0.0,5.3333,4.7778,5.0,5.2222,5.0,5.4444,4.8889,5.3333,3.0,5.0,5.3333,3.2222,6.1111,5.0
1251,1252,stimulus_1252,/pscratch/sd/s/sjmoon/EmoFM/videos/CowenEmotionVideos/1252.mp4,True,0.0,0.0,0.36364,0.0,0.0,0.0,0.36364,0.0,0.090909,0.18182,0.18182,0.0,0.0,0.0,0.0,0.0,0.090909,0.0,0.0,0.0,0.0,0.0,0.18182,0.0,0.0,0.0,0.0,0.0,0.0,0.18182,0.0,0.0,0.0,0.0,7.1111,5.2222,6.7778,8.1111,7.5556,6.3333,5.7778,7.7778,3.8889,6.7778,5.7778,2.4444,8.1111,7.4444
1252,1253,stimulus_1253,/pscratch/sd/s/sjmoon/EmoFM/videos/CowenEmotionVideos/1253.mp4,True,0.0,0.0,0.090909,0.090909,0.0,0.18182,0.0,0.0,0.18182,0.0,0.0,0.0,0.0,0.0,0.0,0.0,0.0,0.0,0.090909,0.0,0.0,0.0,0.0,0.090909,0.63636,0.0,0.0,0.0,0.0,0.090909,0.0,0.0,0.0,0.0,6.8889,6.3333,7.0,6.2222,7.3333,7.3333,6.3333,6.6667,3.7778,5.8889,7.0,3.1111,6.4444,5.5556
1253,1254,stimulus_1254,/pscratch/sd/s/sjmoon/EmoFM/videos/CowenEmotionVideos/1254.mp4,True,0.0,0.0,0.18182,0.27273,0.0,0.0,0.0,0.090909,0.18182,0.090909,0.0,0.0,0.0,0.0,0.090909,0.0,0.090909,0.0,0.090909,0.0,0.0,0.0,0.0,0.18182,0.0,0.0,0.0,0.0,0.0,0.0,0.090909,0.0,0.0,0.090909,4.0,4.8889,4.0,4.6667,3.8889,4.7778,4.3333,7.3333,4.8889,5.7778,4.2222,4.1111,6.6667,5.6667
1254,1255,stimulus_1255,/pscratch/sd/s/sjmoon/EmoFM/videos/CowenEmotionVideos/1255.mp4,True,0.090909,0.0,0.0,0.090909,0.0,0.0,0.27273,0.0,0.18182,0.090909,0.090909,0.0,0.0,0.0,0.0,0.0,0.0,0.0,0.0,0.0,0.0,0.0,0.36364,0.0,0.0,0.0,0.0,0.0,0.0,0.090909,0.0,0.27273,0.0,0.0,6.3333,6.1111,6.8889,7.1111,6.3333,5.1111,4.7778,7.5556,3.6667,6.8889,6.1111,2.4444,6.4444,7.7778
1255,1256,stimulus_1256,/pscratch/sd/s/sjmoon/EmoFM/videos/CowenEmotionVideos/1256.mp4,True,0.0,0.0,0.0,0.27273,0.0,0.0,0.0,0.27273,0.0,0.090909,0.0,0.0,0.0,0.18182,0.090909,0.0,0.0,0.0,0.0,0.0,0.0,0.0,0.0,0.090909,0.090909,0.0,0.0,0.090909,0.0,0.0,0.0,0.18182,0.0,0.0,4.7778,5.4444,5.7778,4.1111,6.2222,5.4444,6.3333,5.5556,3.8889,4.4444,6.5556,2.8889,5.2222,4.1111
1256,1257,stimulus_1257,/pscratch/sd/s/sjmoon/EmoFM/videos/CowenEmotionVideos/1257.mp4,True,0.0,0.0,0.0,0.18182,0.0,0.0,0.0,0.0,0.090909,0.0,0.090909,0.0,0.0,0.0,0.0,0.0,0.0,0.0,0.27273,0.0,0.0,0.0,0.0,0.18182,0.0,0.0,0.0,0.0,0.0,0.18182,0.0,0.090909,0.090909,0.45455,6.6667,5.3333,6.4444,4.7778,7.2222,5.7778,5.4444,6.6667,4.8889,6.7778,6.2222,3.1111,5.2222,7.1111
1257,1258,stimulus_1258,/pscratch/sd/s/sjmoon/EmoFM/videos/CowenEmotionVideos/1258.mp4,True,0.0,0.0,0.0,0.18182,0.0,0.090909,0.18182,0.0,0.0,0.0,0.090909,0.0,0.0,0.0,0.0,0.0,0.0,0.0,0.090909,0.18182,0.090909,0.27273,0.0,0.0,0.0,0.0,0.18182,0.0,0.0,0.0,0.0,0.45455,0.090909,0.090909,6.6667,6.0,4.1111,2.4444,7.0,3.6667,6.1111,4.4444,3.5556,6.2222,4.4444,4.4444,2.5556,6.8889
1258,1259,stimulus_1259,/pscratch/sd/s/sjmoon/EmoFM/videos/CowenEmotionVideos/1259.mp4,True,0.0,0.0,0.0,0.0,0.36364,0.090909,0.0,0.0,0.0,0.0,0.090909,0.0,0.0,0.090909,0.27273,0.0,0.0,0.0,0.0,0.0,0.090909,0.36364,0.0,0.0,0.0,0.0,0.0,0.0,0.90909,0.0,0.0,0.0,0.18182,0.0,5.7778,5.0,2.1111,3.1111,6.3333,4.3333,7.0,4.6667,6.1111,2.3333,4.8889,5.8889,3.4444,2.0
1259,1260,stimulus_1260,/pscratch/sd/s/sjmoon/EmoFM/videos/CowenEmotionVideos/1260.mp4,True,0.0,0.0,0.0,0.0,0.36364,0.090909,0.0,0.0,0.0,0.0,0.18182,0.0,0.0,0.090909,0.36364,0.0,0.0,0.0,0.090909,0.27273,0.0,0.090909,0.0,0.0,0.0,0.090909,0.0,0.0,0.45455,0.0,0.0,0.090909,0.18182,0.0,6.7778,5.7778,2.6667,2.7778,8.0,4.4444,5.6667,2.7778,4.7778,2.1111,5.5556,4.6667,2.5556,2.5556
1260,1261,stimulus_1261,/pscratch/sd/s/sjmoon/EmoFM/videos/CowenEmotionVideos/1261.mp4,True,0.0,0.0,0.45833,0.083333,0.0,0.0,0.66667,0.0,0.0,0.0,0.0,0.0,0.0,0.0,0.0,0.0,0.083333,0.0,0.0,0.0,0.0,0.0,0.33333,0.083333,0.0,0.0,0.0,0.0,0.0,0.0,0.0,0.083333,0.0,0.0,6.0,4.0,4.7778,3.1111,6.2222,4.3333,4.1111,4.2222,3.3333,5.4444,4.2222,3.4444,4.2222,4.8889
1261,1262,stimulus_1262,/pscratch/sd/s/sjmoon/EmoFM/videos/CowenEmotionVideos/1262.mp4,True,0.0,0.0,0.0,0.375,0.0,0.0,0.0,0.0,0.16667,0.0,0.20833,0.0,0.0,0.083333,0.0,0.0,0.0,0.0,0.0,0.0,0.0,0.0,0.0,0.0,0.0,0.0,0.0,0.0,0.33333,0.0,0.0,0.0,0.083333,0.0,3.7778,3.7778,4.2222,4.0,4.1111,4.2222,4.1111,5.6667,3.6667,4.7778,4.2222,3.4444,5.2222,4.2222
1262,1263,stimulus_1263,/pscratch/sd/s/sjmoon/EmoFM/videos/CowenEmotionVideos/1263.mp4,True,0.083333,0.16667,0.33333,0.29167,0.0,0.0,0.16667,0.0,0.0,0.0,0.0,0.0,0.0,0.0,0.0,0.0,0.083333,0.0,0.083333,0.0,0.0,0.0,0.33333,0.33333,0.0,0.0,0.0,0.16667,0.0,0.16667,0.0,0.083333,0.0,0.083333,6.3333,5.3333,8.4444,7.6667,6.6667,6.1111,6.0,8.0,2.7778,7.0,6.3333,2.8889,7.2222,7.4444
1263,1264,stimulus_1264,/pscratch/sd/s/sjmoon/EmoFM/videos/CowenEmotionVideos/1264.mp4,True,0.0,0.0,0.0,0.16667,0.0,0.25,0.0,0.0,0.0,0.0,0.0,0.0,0.0,0.0,0.0,0.083333,0.0,0.0,0.0,0.33333,0.0,0.041667,0.0,0.0,0.0,0.0,0.375,0.0,0.041667,0.0,0.0,0.5,0.0,0.0,6.3333,4.6667,3.7778,1.5556,7.2222,4.8889,5.4444,2.3333,4.2222,4.4444,5.5556,3.5556,3.1111,5.5556
1264,1265,stimulus_1265,/pscratch/sd/s/sjmoon/EmoFM/videos/CowenEmotionVideos/1265.mp4,True,0.0,0.0,0.125,0.125,0.0,0.0,0.0,0.083333,0.0,0.0,0.083333,0.0,0.0,0.0,0.083333,0.0,0.16667,0.0,0.0,0.083333,0.0,0.0,0.625,0.083333,0.0,0.0,0.0,0.0,0.0,0.083333,0.0,0.33333,0.0,0.0,5.6667,4.2222,4.2222,3.6667,6.5556,4.5556,4.7778,5.3333,3.6667,4.8889,5.3333,3.4444,4.7778,4.0
1265,1266,stimulus_1266,/pscratch/sd/s/sjmoon/EmoFM/videos/CowenEmotionVideos/1266.mp4,True,0.0,0.0,0.083333,0.16667,0.0,0.0,0.0,0.083333,0.083333,0.0,0.0,0.0,0.083333,0.0,0.0,0.0,0.0,0.0,0.16667,0.0,0.0,0.0,0.083333,0.0,0.0,0.0,0.0,0.041667,0.0,0.083333,0.66667,0.16667,0.0,0.0,5.3333,4.7778,3.6667,3.5556,5.2222,3.8889,4.2222,5.5556,4.6667,5.4444,4.7778,4.2222,5.2222,3.8889
1266,1267,stimulus_1267,/pscratch/sd/s/sjmoon/EmoFM/videos/CowenEmotionVideos/1267.mp4,True,0.25,0.29167,0.0,0.0,0.0,0.0,0.125,0.0,0.0,0.0,0.0,0.0,0.0,0.0,0.0,0.0,0.0,0.0,0.0,0.0,0.0,0.0,0.083333,0.625,0.083333,0.0,0.0,0.0,0.0,0.16667,0.0,0.0,0.0,0.0,5.4444,4.6667,8.1111,6.4444,6.1111,5.3333,5.4444,7.8889,2.0,6.7778,6.1111,2.4444,7.0,6.8889
1267,1268,stimulus_1268,/pscratch/sd/s/sjmoon/EmoFM/videos/CowenEmotionVideos/1268.mp4,True,0.0,0.0,0.0,0.0,0.0,0.16667,0.0,0.0,0.0,0.0,0.0,0.0,0.0,0.0,0.58333,0.0,0.0,0.0,0.0,0.33333,0.0,0.33333,0.0,0.0,0.0,0.0,0.0,0.0,0.0,0.0,0.0,0.16667,0.0,0.0,6.2222,4.2222,2.0,1.2222,5.6667,5.0,4.1111,2.4444,6.3333,4.6667,5.3333,4.1111,2.1111,2.7778
1268,1269,stimulus_1269,/pscratch/sd/s/sjmoon/EmoFM/videos/CowenEmotionVideos/1269.mp4,True,0.25,0.0,0.0,0.041667,0.0,0.0,0.0,0.0,0.0,0.0,0.0,0.0,0.0,0.0,0.0,0.0,0.0,0.0,0.083333,0.0,0.0,0.0,0.083333,0.16667,0.0,0.0,0.0,0.0,0.0,0.25,0.0,0.5,0.0,0.33333,6.4444,4.4444,7.8889,7.0,6.1111,5.7778,5.8889,6.5556,2.5556,7.2222,5.8889,2.0,6.7778,7.3333
1269,1270,stimulus_1270,/pscratch/sd/s/sjmoon/EmoFM/videos/CowenEmotionVideos/1270.mp4,True,0.0,0.0,0.29167,0.0,0.0,0.0,0.083333,0.0,0.0,0.0,0.0,0.0,0.875,0.0,0.0,0.0,0.16667,0.083333,0.0,0.0,0.0,0.0,0.25,0.0,0.0,0.0,0.0,0.0,0.0,0.0,0.0,0.083333,0.0,0.0,5.7778,5.0,7.8889,7.5556,6.8889,5.3333,5.0,7.5556,2.4444,6.2222,5.6667,2.7778,6.6667,7.6667
1270,1271,stimulus_1271,/pscratch/sd/s/sjmoon/EmoFM/videos/CowenEmotionVideos/1271.mp4,True,0.0,0.0,0.0,0.0,0.0,0.25,0.0,0.083333,0.0,0.0,0.083333,0.0,0.0,0.0,0.70833,0.33333,0.0,0.0,0.0,0.16667,0.0,0.25,0.0,0.0,0.0,0.0,0.0,0.0,0.0,0.0,0.0,0.0,0.0,0.0,7.2222,4.0,1.1111,1.2222,5.1111,2.8889,3.8889,2.2222,7.7778,3.6667,3.3333,3.8889,1.3333,1.8889
1271,1272,stimulus_1272,/pscratch/sd/s/sjmoon/EmoFM/videos/CowenEmotionVideos/1272.mp4,True,0.0,0.16667,0.0,0.0,0.0,0.0,0.0,0.0,0.083333,0.083333,0.0,0.0,0.0,0.0,0.0,0.0,0.0,0.0,0.083333,0.0,0.0,0.0,0.0,0.25,0.0,0.0,0.0,0.5,0.0,0.0,0.083333,0.0,0.0,0.0,5.5556,4.6667,7.8889,7.2222,5.5556,5.4444,5.3333,7.6667,1.8889,6.6667,6.0,2.4444,6.6667,6.5556
1272,1273,stimulus_1273,/pscratch/sd/s/sjmoon/EmoFM/videos/CowenEmotionVideos/1273.mp4,True,0.0,0.16667,0.0,0.33333,0.0,0.0,0.0,0.0,0.083333,0.0,0.0,0.0,0.0,0.0,0.0,0.0,0.0,0.0,0.0,0.0,0.0,0.0,0.0,0.29167,0.41667,0.0,0.0,0.0,0.0,0.083333,0.0,0.0,0.0,0.0,6.0,4.5556,7.2222,7.2222,6.3333,7.1111,6.8889,7.4444,1.5556,7.3333,6.5556,2.3333,7.3333,6.5556
1273,1274,stimulus_1274,/pscratch/sd/s/sjmoon/EmoFM/videos/CowenEmotionVideos/1274.mp4,True,0.0,0.0,0.083333,0.29167,0.0,0.083333,0.33333,0.0,0.0,0.0,0.083333,0.0,0.0,0.0,0.0,0.0,0.083333,0.0,0.0,0.0,0.0,0.0,0.33333,0.0,0.0,0.0,0.0,0.0,0.0,0.0,0.0,0.125,0.0,0.083333,6.2222,4.4444,5.4444,4.6667,6.2222,4.6667,5.5556,5.4444,2.4444,4.1111,3.6667,5.2222,4.4444,5.8889
1274,1275,stimulus_1275,/pscratch/sd/s/sjmoon/EmoFM/videos/CowenEmotionVideos/1275.mp4,True,0.0,0.0,0.0,0.0,0.0,0.0,0.0,0.0,0.0,0.0,0.16667,0.0,0.0,0.0,0.91667,0.0,0.0,0.0,0.0,0.0,0.0,0.33333,0.0,0.0,0.0,0.0,0.0,0.0,0.083333,0.0,0.0,0.0,0.0,0.0,3.7778,3.3333,1.7778,1.7778,4.6667,3.6667,2.5556,3.6667,5.4444,4.2222,2.6667,6.2222,3.4444,2.4444
1275,1276,stimulus_1276,/pscratch/sd/s/sjmoon/EmoFM/videos/CowenEmotionVideos/1276.mp4,True,0.0,0.0,0.0,0.0,0.0,0.16667,0.0,0.0,0.0,0.0,0.083333,0.0,0.0,0.0,0.083333,0.25,0.0,0.0,0.0,0.41667,0.0,0.5,0.16667,0.0,0.0,0.0,0.0,0.0,0.41667,0.0,0.0,0.58333,0.25,0.0,6.5556,4.4444,2.0,2.2222,7.1111,4.4444,4.8889,2.7778,5.6667,2.8889,3.4444,4.7778,1.7778,1.6667
1276,1277,stimulus_1277,/pscratch/sd/s/sjmoon/EmoFM/videos/CowenEmotionVideos/1277.mp4,True,0.0,0.0,0.0,0.0,0.0,0.0,0.041667,0.0,0.0,0.0,0.0,0.0,0.0,0.0,0.0,0.0,0.0,0.083333,0.0,0.0,0.0,0.0,0.41667,0.0,0.0,0.0,0.0,0.0,0.0,0.083333,0.0,0.66667,0.083333,0.0,6.1111,5.2222,4.4444,2.8889,6.5556,5.1111,4.5556,4.7778,3.3333,4.0,3.8889,5.4444,4.0,5.1111
1277,1278,stimulus_1278,/pscratch/sd/s/sjmoon/EmoFM/videos/CowenEmotionVideos/1278.mp4,True,0.0,0.16667,0.083333,0.041667,0.0,0.0,0.16667,0.0,0.0,0.083333,0.0,0.0,0.0,0.0,0.0,0.0,0.0,0.0,0.083333,0.0,0.0,0.0,0.083333,0.25,0.0,0.0,0.0,0.66667,0.0,0.0,0.083333,0.0,0.0,0.0,6.0,4.5556,6.5556,5.6667,6.8889,6.5556,6.4444,7.3333,2.8889,6.5556,5.2222,3.6667,6.6667,7.3333
1278,1279,stimulus_1279,/pscratch/sd/s/sjmoon/EmoFM/videos/CowenEmotionVideos/1279.mp4,True,0.0,0.0,0.0,0.0,0.0,0.29167,0.0,0.0,0.0,0.0,0.083333,0.0,0.0,0.083333,0.0,0.083333,0.0,0.0,0.0,0.33333,0.0,0.41667,0.0,0.0,0.0,0.0,0.0,0.0,0.5,0.0,0.0,0.41667,0.083333,0.0,5.7778,2.8889,2.0,2.4444,7.6667,4.8889,6.3333,1.7778,4.1111,2.1111,5.2222,5.1111,1.6667,2.0
1279,1280,stimulus_1280,/pscratch/sd/s/sjmoon/EmoFM/videos/CowenEmotionVideos/1280.mp4,True,0.0,0.0,0.375,0.0,0.0,0.0,0.083333,0.083333,0.0,0.0,0.25,0.0,0.0,0.0,0.125,0.0,0.41667,0.0,0.0,0.0,0.0,0.083333,0.33333,0.083333,0.0,0.0,0.0,0.0,0.0,0.0,0.0,0.083333,0.0,0.0,5.6667,4.1111,5.1111,3.7778,7.0,5.8889,5.3333,6.0,4.7778,6.1111,4.1111,5.3333,5.7778,6.1111
1280,1281,stimulus_1281,/pscratch/sd/s/sjmoon/EmoFM/videos/CowenEmotionVideos/1281.mp4,True,0.0,0.0,0.5,0.083333,0.0,0.0,0.375,0.083333,0.0,0.0,0.16667,0.0,0.0,0.0,0.0,0.0,0.083333,0.0,0.0,0.0,0.0,0.0,0.33333,0.083333,0.0,0.0,0.0,0.0,0.0,0.083333,0.0,0.41667,0.0,0.0,6.6667,3.6667,5.1111,5.6667,7.1111,4.4444,5.5556,5.5556,4.0,5.7778,4.2222,5.2222,6.1111,6.4444
1281,1282,stimulus_1282,/pscratch/sd/s/sjmoon/EmoFM/videos/CowenEmotionVideos/1282.mp4,True,0.0,0.83333,0.0,0.16667,0.0,0.0,0.375,0.0,0.0,0.0,0.0,0.0,0.0,0.0,0.0,0.0,0.0,0.0,0.0,0.0,0.0,0.0,0.0,0.33333,0.0,0.083333,0.0,0.0,0.0,0.083333,0.0,0.0,0.0,0.0,5.8889,3.7778,7.4444,7.5556,6.5556,6.2222,7.1111,7.1111,1.5556,6.6667,6.5556,2.2222,7.0,7.4444
1282,1283,stimulus_1283,/pscratch/sd/s/sjmoon/EmoFM/videos/CowenEmotionVideos/1283.mp4,True,0.0,0.0,0.083333,0.0,0.0,0.58333,0.083333,0.0,0.0,0.0,0.16667,0.0,0.0,0.0,0.0,0.0,0.0,0.0,0.0,0.66667,0.0,0.25,0.0,0.0,0.0,0.0,0.0,0.0,0.0,0.0,0.0,0.0,0.0,0.0,6.1111,3.6667,2.8889,1.7778,7.2222,5.3333,5.3333,5.0,4.7778,5.4444,3.8889,4.3333,2.3333,6.3333
1283,1284,stimulus_1284,/pscratch/sd/s/sjmoon/EmoFM/videos/CowenEmotionVideos/1284.mp4,True,0.083333,0.0,0.0,0.16667,0.0,0.58333,0.083333,0.0,0.0,0.0,0.0,0.0,0.0,0.0,0.0,0.0,0.0,0.0,0.0,0.5,0.0,0.083333,0.083333,0.0,0.0,0.0,0.0,0.0,0.0,0.0,0.0,0.083333,0.0,0.0,5.5556,4.4444,3.6667,2.2222,6.6667,5.1111,5.4444,5.2222,5.3333,5.0,4.3333,4.4444,2.2222,5.0
1284,1285,stimulus_1285,/pscratch/sd/s/sjmoon/EmoFM/videos/CowenEmotionVideos/1285.mp4,True,0.0,0.625,0.0,0.41667,0.0,0.0,0.29167,0.0,0.0,0.083333,0.0,0.0,0.0,0.0,0.0,0.0,0.0,0.0,0.16667,0.0,0.0,0.0,0.0,0.41667,0.0,0.0,0.0,0.0,0.0,0.25,0.0,0.0,0.0,0.0,7.0,5.2222,6.6667,7.5556,7.3333,7.2222,6.1111,7.4444,2.5556,7.3333,7.0,2.2222,7.6667,7.3333
1285,1286,stimulus_1286,/pscratch/sd/s/sjmoon/EmoFM/videos/CowenEmotionVideos/1286.mp4,True,0.0,0.0,0.0,0.0,0.0,0.16667,0.0,0.0,0.0,0.0,0.0,0.0,0.0,0.0,0.0,0.083333,0.0,0.0,0.0,0.33333,0.0,0.5,0.0,0.0,0.0,0.0,0.0,0.0,0.41667,0.0,0.0,0.25,0.33333,0.0,5.4444,3.1111,1.6667,2.2222,6.0,4.0,5.1111,2.2222,4.3333,2.0,4.3333,4.7778,2.3333,2.6667
1286,1287,stimulus_1287,/pscratch/sd/s/sjmoon/EmoFM/videos/CowenEmotionVideos/1287.mp4,True,0.0,0.0,0.083333,0.0,0.0,0.0,0.0,0.083333,0.25,0.0,0.083333,0.0,0.0,0.0,0.25,0.0,0.0,0.0,0.0,0.0,0.0,0.0,0.083333,0.0,0.0,0.0,0.0,0.0,0.0,0.0,0.16667,0.083333,0.0,0.0,5.7778,5.2222,6.0,5.8889,6.5556,6.5556,5.7778,7.1111,2.2222,6.0,4.2222,3.7778,6.5556,6.7778
1287,1288,stimulus_1288,/pscratch/sd/s/sjmoon/EmoFM/videos/CowenEmotionVideos/1288.mp4,True,0.0,0.0,0.0,0.5,0.0,0.0,0.0,0.0,0.083333,0.083333,0.0,0.0,0.0,0.0,0.0,0.0,0.0,0.0,0.0,0.0,0.0,0.0,0.0,0.16667,0.41667,0.0,0.0,0.0,0.0,0.0,0.0,0.0,0.0,0.0,5.4444,5.7778,5.4444,6.5556,6.6667,7.0,5.6667,7.0,3.1111,6.0,5.7778,2.8889,6.8889,6.5556
1288,1289,stimulus_1289,/pscratch/sd/s/sjmoon/EmoFM/videos/CowenEmotionVideos/1289.mp4,True,0.0,0.0,0.0,0.75,0.0,0.0,0.0,0.083333,0.083333,0.0,0.0,0.0,0.0,0.0,0.0,0.0,0.0,0.0,0.0,0.0,0.0,0.0,0.083333,0.20833,0.0,0.0,0.0,0.0,0.0,0.0,0.0,0.0,0.0,0.0,5.2222,4.4444,6.8889,5.4444,5.8889,6.5556,6.0,7.0,1.8889,5.3333,4.7778,3.4444,7.3333,6.1111
1289,1290,stimulus_1290,/pscratch/sd/s/sjmoon/EmoFM/videos/CowenEmotionVideos/1290.mp4,True,0.0,0.41667,0.0,0.75,0.0,0.0,0.0,0.0,0.0,0.0,0.0,0.0,0.0,0.0,0.0,0.0,0.0,0.0,0.0,0.0,0.0,0.0,0.0,0.33333,0.0,0.0,0.0,0.0,0.0,0.0,0.0,0.083333,0.083333,0.0,7.2222,5.1111,8.0,7.4444,7.3333,6.1111,5.7778,6.7778,2.0,5.3333,5.3333,3.0,7.7778,5.6667
1290,1291,stimulus_1291,/pscratch/sd/s/sjmoon/EmoFM/videos/CowenEmotionVideos/1291.mp4,True,0.0,0.0,0.36364,0.18182,0.0,0.0,0.090909,0.0,0.0,0.0,0.0,0.0,0.0,0.0,0.0,0.0,0.27273,0.0,0.0,0.0,0.0,0.0,0.18182,0.090909,0.0,0.0,0.0,0.0,0.0,0.27273,0.0,0.0,0.0,0.0,6.3333,5.0,7.0,6.6667,6.7778,5.7778,4.5556,7.6667,3.2222,6.2222,3.5556,3.8889,7.0,7.2222
1291,1292,stimulus_1292,/pscratch/sd/s/sjmoon/EmoFM/videos/CowenEmotionVideos/1292.mp4,True,0.0,0.0,0.0,0.0,0.0,0.0,0.090909,0.0,0.0,0.0,0.0,0.0,0.0,0.0,0.0,0.0,0.0,0.0,0.090909,0.54545,0.0,0.63636,0.0,0.0,0.0,0.0,0.0,0.0,0.36364,0.0,0.0,0.45455,0.090909,0.0,5.7778,3.3333,1.6667,2.3333,7.1111,5.5556,5.4444,2.0,4.8889,2.7778,5.2222,4.0,2.3333,2.1111
1292,1293,stimulus_1293,/pscratch/sd/s/sjmoon/EmoFM/videos/CowenEmotionVideos/1293.mp4,True,0.0,0.0,0.090909,0.0,0.0,0.0,0.0,0.18182,0.0,0.0,0.0,0.0,0.0,0.0,0.0,0.0,0.0,0.0,0.0,0.0,0.0,0.0,0.090909,0.0,0.0,0.0,0.0,0.090909,0.0,0.0,0.72727,0.0,0.0,0.0,6.3333,5.6667,6.2222,5.0,6.4444,7.2222,5.1111,7.4444,2.6667,6.7778,4.8889,3.2222,7.5556,6.1111
1293,1294,stimulus_1294,/pscratch/sd/s/sjmoon/EmoFM/videos/CowenEmotionVideos/1294.mp4,True,0.0,0.0,0.0,0.090909,0.0,0.090909,0.090909,0.0,0.0,0.0,0.090909,0.0,0.0,0.0,0.0,0.0,0.0,0.0,0.0,0.18182,0.0,0.27273,0.090909,0.0,0.0,0.0,0.27273,0.0,0.090909,0.0,0.0,0.45455,0.0,0.0,6.1111,4.2222,3.1111,2.7778,7.2222,4.4444,4.8889,3.4444,3.3333,5.3333,2.5556,4.1111,2.8889,6.3333
1294,1295,stimulus_1295,/pscratch/sd/s/sjmoon/EmoFM/videos/CowenEmotionVideos/1295.mp4,True,0.0,0.36364,0.090909,0.0,0.0,0.0,0.0,0.0,0.0,0.0,0.0,0.0,0.0,0.090909,0.0,0.0,0.0,0.0,0.0,0.0,0.0,0.0,0.0,0.27273,0.0,0.0,0.0,0.63636,0.0,0.0,0.0,0.0,0.0,0.0,5.3333,4.2222,7.1111,7.0,7.0,6.7778,7.4444,7.5556,2.4444,6.6667,6.0,2.7778,7.2222,7.6667
1295,1296,stimulus_1296,/pscratch/sd/s/sjmoon/EmoFM/videos/CowenEmotionVideos/1296.mp4,True,0.0,0.27273,0.0,0.54545,0.0,0.0,0.27273,0.0,0.0,0.0,0.18182,0.0,0.0,0.0,0.0,0.0,0.0,0.0,0.0,0.0,0.0,0.0,0.090909,0.18182,0.0,0.0,0.0,0.0,0.0,0.0,0.0,0.18182,0.0,0.0,6.6667,5.6667,6.6667,6.8889,5.8889,5.6667,5.6667,5.4444,2.4444,6.2222,5.1111,3.2222,7.1111,7.4444
1296,1297,stimulus_1297,/pscratch/sd/s/sjmoon/EmoFM/videos/CowenEmotionVideos/1297.mp4,True,0.0,0.0,0.0,0.0,0.0,0.54545,0.090909,0.0,0.0,0.0,0.0,0.090909,0.0,0.0,0.0,0.0,0.090909,0.0,0.27273,0.36364,0.0,0.090909,0.0,0.090909,0.0,0.0,0.0,0.0,0.0,0.090909,0.0,0.0,0.0,0.0,5.6667,3.4444,4.1111,4.1111,5.5556,3.8889,3.1111,4.7778,4.5556,5.1111,4.0,4.1111,2.7778,6.0
1297,1298,stimulus_1298,/pscratch/sd/s/sjmoon/EmoFM/videos/CowenEmotionVideos/1298.mp4,True,0.0,0.0,0.0,0.090909,0.0,0.090909,0.090909,0.0,0.0,0.0,0.090909,0.0,0.0,0.0,0.63636,0.18182,0.090909,0.0,0.0,0.0,0.0,0.0,0.45455,0.0,0.0,0.0,0.0,0.0,0.0,0.0,0.0,0.18182,0.0,0.0,4.8889,2.8889,2.0,2.7778,5.5556,3.8889,4.6667,6.3333,5.4444,3.5556,4.1111,3.0,3.4444,5.0
1298,1299,stimulus_1299,/pscratch/sd/s/sjmoon/EmoFM/videos/CowenEmotionVideos/1299.mp4,True,0.0,0.0,0.0,0.18182,0.0,0.0,0.0,0.18182,0.090909,0.0,0.36364,0.0,0.0,0.090909,0.0,0.0,0.0,0.0,0.0,0.0,0.0,0.0,0.0,0.27273,0.0,0.0,0.0,0.0,0.0,0.0,0.0,0.0,0.0,0.0,5.6667,4.3333,5.3333,4.1111,4.7778,4.2222,3.7778,7.0,3.4444,5.8889,3.6667,3.6667,5.4444,5.4444
1299,1300,stimulus_1300,/pscratch/sd/s/sjmoon/EmoFM/videos/CowenEmotionVideos/1300.mp4,True,0.090909,0.54545,0.0,0.18182,0.0,0.0,0.18182,0.0,0.0,0.36364,0.0,0.0,0.0,0.0,0.0,0.0,0.0,0.0,0.0,0.0,0.0,0.0,0.0,0.36364,0.0,0.0,0.0,0.0,0.0,0.0,0.0,0.0,0.0,0.0,4.5556,4.4444,8.0,7.2222,5.7778,6.7778,6.4444,7.2222,2.1111,6.5556,5.6667,2.4444,7.5556,7.0
1300,1301,stimulus_1301,/pscratch/sd/s/sjmoon/EmoFM/videos/CowenEmotionVideos/1301.mp4,True,0.18182,0.0,0.0,0.54545,0.0,0.0,0.090909,0.0,0.0,0.0,0.090909,0.0,0.0,0.0,0.0,0.0,0.090909,0.0,0.090909,0.0,0.0,0.0,0.54545,0.090909,0.090909,0.0,0.0,0.0,0.0,0.090909,0.0,0.0,0.0,0.090909,5.4444,4.6667,5.0,4.4444,6.5556,4.6667,4.3333,7.0,5.1111,5.4444,4.6667,3.6667,4.3333,6.3333
1301,1302,stimulus_1302,/pscratch/sd/s/sjmoon/EmoFM/videos/CowenEmotionVideos/1302.mp4,True,0.0,0.0,0.27273,0.0,0.0,0.0,0.090909,0.090909,0.18182,0.090909,0.18182,0.0,0.0,0.0,0.090909,0.0,0.0,0.0,0.0,0.36364,0.0,0.18182,0.090909,0.0,0.0,0.0,0.0,0.0,0.090909,0.0,0.0,0.0,0.0,0.0,2.8889,3.1111,3.2222,3.0,4.8889,3.2222,3.3333,3.1111,4.2222,3.0,4.5556,4.3333,3.7778,3.5556
1302,1303,stimulus_1303,/pscratch/sd/s/sjmoon/EmoFM/videos/CowenEmotionVideos/1303.mp4,True,0.0,0.0,0.0,0.0,0.0,0.0,0.0,0.090909,0.0,0.0,0.090909,0.0,0.090909,0.0,0.72727,0.0,0.0,0.0,0.0,0.0,0.0,0.27273,0.0,0.0,0.0,0.0,0.0,0.0,0.090909,0.0,0.0,0.0,0.0,0.0,4.2222,4.0,1.7778,2.7778,5.4444,4.4444,4.3333,4.8889,5.3333,4.3333,2.8889,3.6667,4.2222,3.4444
1303,1304,stimulus_1304,/pscratch/sd/s/sjmoon/EmoFM/videos/CowenEmotionVideos/1304.mp4,True,0.0,0.0,0.0,0.54545,0.0,0.090909,0.0,0.18182,0.0,0.0,0.18182,0.0,0.0,0.0,0.0,0.18182,0.0,0.0,0.0,0.0,0.0,0.090909,0.0,0.0,0.0,0.0,0.0,0.0,0.0,0.0,0.0,0.090909,0.0,0.0,4.8889,4.4444,3.5556,3.5556,6.5556,4.2222,5.1111,2.8889,3.5556,4.8889,6.4444,4.6667,2.7778,4.6667
1304,1305,stimulus_1305,/pscratch/sd/s/sjmoon/EmoFM/videos/CowenEmotionVideos/1305.mp4,True,0.0,0.0,0.0,0.45455,0.0,0.0,0.0,0.0,0.0,0.0,0.0,0.0,0.0,0.090909,0.0,0.0,0.0,0.0,0.0,0.0,0.0,0.0,0.0,0.18182,0.54545,0.0,0.090909,0.0,0.0,0.0,0.0,0.0,0.0,0.0,4.5556,4.7778,4.5556,4.8889,5.8889,4.1111,4.5556,3.2222,2.7778,4.7778,5.8889,4.1111,4.7778,4.1111
1305,1306,stimulus_1306,/pscratch/sd/s/sjmoon/EmoFM/videos/CowenEmotionVideos/1306.mp4,True,0.090909,0.36364,0.0,0.36364,0.0,0.0,0.18182,0.090909,0.0,0.0,0.090909,0.0,0.0,0.0,0.36364,0.0,0.090909,0.0,0.0,0.0,0.0,0.090909,0.0,0.090909,0.0,0.0,0.0,0.0,0.0,0.0,0.0,0.36364,0.0,0.0,4.8889,5.4444,5.1111,3.0,6.5556,3.7778,5.4444,4.8889,2.8889,4.4444,6.6667,3.7778,4.2222,2.8889
1306,1307,stimulus_1307,/pscratch/sd/s/sjmoon/EmoFM/videos/CowenEmotionVideos/1307.mp4,True,0.0,0.0,0.090909,0.0,0.0,0.0,0.0,0.090909,0.0,0.0,0.0,0.0,0.0,0.0,0.0,0.0,0.0,0.0,0.090909,0.0,0.0,0.0,0.090909,0.0,0.0,0.0,0.0,0.090909,0.0,0.0,1.0,0.0,0.0,0.0,5.8889,4.5556,4.3333,5.2222,4.7778,5.8889,4.6667,8.0,3.2222,5.4444,5.3333,4.7778,5.7778,5.5556
1307,1308,stimulus_1308,/pscratch/sd/s/sjmoon/EmoFM/videos/CowenEmotionVideos/1308.mp4,True,0.0,0.18182,0.0,0.0,0.0,0.0,0.0,0.090909,0.090909,0.0,0.090909,0.0,0.0,0.0,0.0,0.0,0.0,0.0,0.0,0.0,0.0,0.0,0.0,0.18182,0.0,0.0,0.0,0.54545,0.0,0.0,0.0,0.0,0.0,0.0,6.4444,4.0,6.7778,5.0,5.8889,6.1111,5.5556,7.2222,3.1111,5.5556,6.0,3.1111,7.3333,5.8889
1308,1309,stimulus_1309,/pscratch/sd/s/sjmoon/EmoFM/videos/CowenEmotionVideos/1309.mp4,True,0.0,0.0,0.0,0.090909,0.0,0.0,0.0,0.090909,0.0,0.0,0.18182,0.0,0.0,0.0,0.45455,0.0,0.0,0.0,0.0,0.0,0.0,0.0,0.0,0.0,0.0,0.0,0.0,0.0,0.0,0.0,0.18182,0.090909,0.0,0.0,3.5556,4.1111,2.0,1.3333,3.7778,4.2222,3.2222,3.4444,7.3333,4.1111,2.1111,5.7778,2.8889,2.6667
1309,1310,stimulus_1310,/pscratch/sd/s/sjmoon/EmoFM/videos/CowenEmotionVideos/1310.mp4,True,0.0,0.0,0.0,0.0,0.54545,0.0,0.0,0.0,0.0,0.0,0.090909,0.090909,0.0,0.090909,0.63636,0.090909,0.0,0.0,0.0,0.0,0.0,0.0,0.0,0.0,0.0,0.0,0.0,0.0,0.090909,0.0,0.0,0.090909,0.0,0.0,6.3333,3.7778,1.7778,2.4444,5.4444,4.1111,4.5556,3.3333,6.7778,3.0,4.8889,5.0,3.1111,2.2222
1310,1311,stimulus_1311,/pscratch/sd/s/sjmoon/EmoFM/videos/CowenEmotionVideos/1311.mp4,True,0.090909,0.63636,0.0,0.27273,0.0,0.0,0.090909,0.0,0.0,0.0,0.0,0.0,0.0,0.0,0.0,0.0,0.0,0.0,0.0,0.0,0.0,0.0,0.0,0.27273,0.0,0.18182,0.090909,0.0,0.0,0.0,0.0,0.0,0.0,0.0,6.4444,5.5556,7.7778,7.0,6.4444,6.1111,4.5556,6.8889,2.4444,6.2222,5.6667,2.3333,6.0,6.6667
1311,1312,stimulus_1312,/pscratch/sd/s/sjmoon/EmoFM/videos/CowenEmotionVideos/1312.mp4,True,0.0,0.0,0.0,0.45455,0.0,0.0,0.0,0.0,0.090909,0.0,0.0,0.0,0.0,0.0,0.0,0.0,0.0,0.0,0.0,0.0,0.0,0.0,0.0,0.36364,0.63636,0.0,0.0,0.0,0.0,0.0,0.0,0.0,0.0,0.0,5.6667,5.4444,6.7778,5.6667,5.6667,6.0,4.5556,6.5556,2.8889,6.4444,5.2222,2.3333,6.3333,5.6667
1312,1313,stimulus_1313,/pscratch/sd/s/sjmoon/EmoFM/videos/CowenEmotionVideos/1313.mp4,True,0.0,0.0,0.0,0.0,0.0,0.81818,0.090909,0.0,0.0,0.0,0.0,0.0,0.0,0.0,0.0,0.0,0.0,0.0,0.0,0.54545,0.0,0.0,0.0,0.0,0.0,0.0,0.0,0.0,0.0,0.0,0.0,0.0,0.0,0.0,6.8889,4.0,2.6667,2.2222,7.0,4.5556,3.8889,3.7778,6.1111,4.4444,3.3333,3.7778,1.8889,4.4444
1313,1314,stimulus_1314,/pscratch/sd/s/sjmoon/EmoFM/videos/CowenEmotionVideos/1314.mp4,True,0.0,0.0,0.45455,0.0,0.0,0.0,0.36364,0.0,0.0,0.090909,0.0,0.0,0.0,0.0,0.0,0.0,0.090909,0.0,0.18182,0.090909,0.0,0.0,0.18182,0.090909,0.0,0.0,0.0,0.0,0.0,0.0,0.0,0.0,0.0,0.090909,6.6667,4.1111,5.5556,4.4444,6.1111,5.0,4.0,4.7778,3.3333,5.8889,5.0,3.4444,4.6667,5.4444
1314,1315,stimulus_1315,/pscratch/sd/s/sjmoon/EmoFM/videos/CowenEmotionVideos/1315.mp4,True,0.0,0.0,0.0,0.36364,0.0,0.0,0.0,0.18182,0.090909,0.0,0.27273,0.0,0.0,0.0,0.090909,0.0,0.0,0.0,0.0,0.0,0.0,0.0,0.0,0.0,0.0,0.090909,0.0,0.0,0.0,0.0,0.090909,0.090909,0.0,0.0,5.3333,5.8889,6.1111,4.7778,6.3333,5.5556,5.1111,5.3333,3.0,5.6667,6.1111,3.4444,5.4444,6.2222
1315,1316,stimulus_1316,/pscratch/sd/s/sjmoon/EmoFM/videos/CowenEmotionVideos/1316.mp4,True,0.0,0.0,0.0,0.090909,0.0,0.090909,0.0,0.0,0.18182,0.0,0.0,0.0,0.0,0.090909,0.090909,0.090909,0.090909,0.0,0.18182,0.090909,0.0,0.18182,0.090909,0.0,0.0,0.0,0.0,0.0,0.0,0.090909,0.0,0.090909,0.0,0.090909,7.0,6.1111,6.5556,5.1111,7.1111,6.6667,5.4444,6.5556,4.1111,6.4444,5.5556,4.2222,5.1111,5.7778
1316,1317,stimulus_1317,/pscratch/sd/s/sjmoon/EmoFM/videos/CowenEmotionVideos/1317.mp4,True,0.0,0.0,0.0,0.45455,0.0,0.0,0.0,0.27273,0.0,0.0,0.090909,0.0,0.0,0.27273,0.0,0.0,0.0,0.0,0.0,0.0,0.0,0.0,0.0,0.0,0.0,0.0,0.0,0.0,0.27273,0.0,0.0,0.090909,0.090909,0.0,5.2222,4.1111,3.6667,3.2222,6.2222,5.0,4.2222,3.3333,4.8889,3.8889,5.2222,4.7778,5.0,3.3333
1317,1318,stimulus_1318,/pscratch/sd/s/sjmoon/EmoFM/videos/CowenEmotionVideos/1318.mp4,True,0.18182,0.0,0.0,0.0,0.0,0.54545,0.18182,0.0,0.0,0.0,0.0,0.0,0.0,0.0,0.0,0.0,0.0,0.0,0.0,0.45455,0.0,0.090909,0.0,0.0,0.0,0.0,0.090909,0.0,0.090909,0.090909,0.0,0.45455,0.0,0.0,7.0,3.4444,2.7778,2.2222,7.5556,4.2222,4.2222,3.1111,6.1111,5.4444,3.5556,5.3333,1.7778,4.0
1318,1319,stimulus_1319,/pscratch/sd/s/sjmoon/EmoFM/videos/CowenEmotionVideos/1319.mp4,True,0.090909,0.0,0.0,0.81818,0.0,0.0,0.0,0.090909,0.0,0.0,0.090909,0.0,0.0,0.0,0.0,0.0,0.0,0.0,0.090909,0.0,0.0,0.0,0.0,0.18182,0.0,0.090909,0.0,0.0,0.0,0.090909,0.0,0.0,0.0,0.090909,5.5556,5.5556,6.6667,5.6667,6.1111,5.1111,4.7778,6.3333,3.2222,5.6667,4.4444,3.2222,6.1111,7.0
1319,1320,stimulus_1320,/pscratch/sd/s/sjmoon/EmoFM/videos/CowenEmotionVideos/1320.mp4,True,0.090909,0.0,0.0,0.27273,0.090909,0.18182,0.0,0.0,0.090909,0.0,0.0,0.0,0.0,0.0,0.090909,0.0,0.0,0.0,0.0,0.090909,0.0,0.0,0.18182,0.090909,0.0,0.090909,0.0,0.0,0.0,0.090909,0.0,0.090909,0.0,0.0,6.0,5.3333,4.0,2.7778,5.6667,4.6667,5.0,3.5556,4.6667,4.8889,5.1111,5.4444,4.4444,4.7778
1320,1321,stimulus_1321,/pscratch/sd/s/sjmoon/EmoFM/videos/CowenEmotionVideos/1321.mp4,True,0.0,0.0,0.54545,0.18182,0.0,0.0,0.0,0.0,0.18182,0.45455,0.0,0.0,0.0,0.0,0.0,0.0,0.27273,0.0,0.0,0.0,0.0,0.0,0.090909,0.0,0.0,0.0,0.0,0.0,0.0,0.090909,0.0,0.0,0.0,0.0,5.4444,4.6667,5.8889,6.0,5.7778,5.5556,3.5556,6.8889,3.6667,6.1111,3.6667,2.4444,6.7778,5.2222
1321,1322,stimulus_1322,/pscratch/sd/s/sjmoon/EmoFM/videos/CowenEmotionVideos/1322.mp4,True,0.0,0.0,0.18182,0.45455,0.0,0.0,0.0,0.0,0.0,0.090909,0.18182,0.0,0.090909,0.0,0.0,0.0,0.090909,0.0,0.0,0.0,0.0,0.0,0.63636,0.0,0.0,0.0,0.0,0.0,0.0,0.0,0.0,0.090909,0.0,0.0,7.2222,4.8889,5.3333,7.0,6.8889,4.6667,4.1111,7.3333,3.4444,5.7778,5.0,2.8889,5.3333,6.6667
1322,1323,stimulus_1323,/pscratch/sd/s/sjmoon/EmoFM/videos/CowenEmotionVideos/1323.mp4,True,0.0,0.0,0.0,0.0,0.090909,0.27273,0.090909,0.0,0.0,0.0,0.0,0.0,0.0,0.0,0.090909,0.18182,0.0,0.0,0.090909,0.54545,0.0,0.27273,0.0,0.0,0.0,0.0,0.36364,0.0,0.18182,0.0,0.0,0.27273,0.090909,0.090909,6.7778,4.2222,2.0,1.6667,6.4444,4.0,4.4444,2.5556,4.6667,3.1111,4.0,3.7778,2.4444,4.5556
1323,1324,stimulus_1324,/pscratch/sd/s/sjmoon/EmoFM/videos/CowenEmotionVideos/1324.mp4,True,0.0,0.0,0.27273,0.18182,0.0,0.0,0.27273,0.0,0.090909,0.090909,0.090909,0.0,0.0,0.0,0.0,0.0,0.27273,0.0,0.0,0.0,0.0,0.0,0.45455,0.0,0.0,0.0,0.0,0.0,0.090909,0.0,0.0,0.090909,0.0,0.0,6.8889,5.0,6.2222,6.4444,6.7778,5.3333,4.5556,7.1111,2.5556,6.1111,4.4444,2.6667,5.6667,6.1111
1324,1325,stimulus_1325,/pscratch/sd/s/sjmoon/EmoFM/videos/CowenEmotionVideos/1325.mp4,True,0.090909,0.0,0.36364,0.36364,0.0,0.0,0.27273,0.0,0.090909,0.18182,0.090909,0.0,0.090909,0.0,0.0,0.0,0.27273,0.0,0.0,0.0,0.0,0.0,0.45455,0.0,0.0,0.0,0.0,0.0,0.090909,0.0,0.0,0.0,0.0,0.0,6.8889,5.4444,6.6667,7.3333,7.1111,6.7778,4.7778,7.2222,3.5556,6.3333,5.1111,2.4444,6.2222,7.5556
1325,1326,stimulus_1326,/pscratch/sd/s/sjmoon/EmoFM/videos/CowenEmotionVideos/1326.mp4,True,0.0,0.0,0.090909,0.18182,0.0,0.0,0.18182,0.0,0.090909,0.0,0.18182,0.0,0.0,0.0,0.0,0.0,0.090909,0.0,0.0,0.0,0.0,0.0,0.27273,0.36364,0.18182,0.0,0.0,0.27273,0.36364,0.090909,0.0,0.18182,0.0,0.0,7.3333,5.6667,7.0,6.5556,7.0,6.4444,6.3333,7.0,3.2222,5.8889,6.3333,2.4444,6.1111,6.4444
1326,1327,stimulus_1327,/pscratch/sd/s/sjmoon/EmoFM/videos/CowenEmotionVideos/1327.mp4,True,0.0,0.090909,0.0,0.63636,0.0,0.0,0.0,0.0,0.0,0.090909,0.0,0.0,0.0,0.0,0.0,0.0,0.0,0.0,0.090909,0.0,0.0,0.0,0.090909,0.27273,0.72727,0.0,0.0,0.0,0.0,0.0,0.0,0.0,0.0,0.0,5.2222,4.7778,7.0,6.2222,6.4444,6.8889,5.5556,7.1111,1.8889,6.0,6.1111,2.4444,6.1111,5.8889
1327,1328,stimulus_1328,/pscratch/sd/s/sjmoon/EmoFM/videos/CowenEmotionVideos/1328.mp4,True,0.0,0.45455,0.0,0.81818,0.0,0.0,0.27273,0.0,0.0,0.18182,0.0,0.0,0.0,0.0,0.0,0.0,0.0,0.0,0.0,0.0,0.0,0.0,0.090909,0.54545,0.0,0.0,0.0,0.0,0.0,0.090909,0.0,0.0,0.0,0.0,6.3333,5.1111,6.7778,6.8889,6.4444,7.0,6.5556,7.0,1.4444,6.6667,5.0,2.4444,6.3333,7.5556
1328,1329,stimulus_1329,/pscratch/sd/s/sjmoon/EmoFM/videos/CowenEmotionVideos/1329.mp4,True,0.18182,0.0,0.0,0.54545,0.0,0.0,0.0,0.0,0.0,0.0,0.0,0.0,0.0,0.0,0.090909,0.0,0.0,0.0,0.0,0.0,0.0,0.0,0.0,0.18182,0.0,0.0,0.0,0.0,0.18182,0.0,0.0,0.090909,0.36364,0.0,5.6667,4.6667,3.6667,4.2222,5.1111,3.4444,6.2222,5.4444,3.1111,3.2222,5.0,4.5556,4.1111,4.7778
1329,1330,stimulus_1330,/pscratch/sd/s/sjmoon/EmoFM/videos/CowenEmotionVideos/1330.mp4,True,0.0,0.090909,0.0,0.54545,0.0,0.0,0.0,0.27273,0.090909,0.090909,0.090909,0.0,0.0,0.0,0.0,0.0,0.0,0.0,0.0,0.0,0.0,0.0,0.090909,0.090909,0.0,0.0,0.0,0.0,0.0,0.0,0.0,0.0,0.0,0.090909,5.8889,5.3333,6.1111,5.5556,6.2222,6.1111,5.7778,6.6667,2.0,6.7778,6.1111,3.1111,6.1111,6.0
1330,1331,stimulus_1331,/pscratch/sd/s/sjmoon/EmoFM/videos/CowenEmotionVideos/1331.mp4,True,0.18182,0.0,0.27273,0.27273,0.0,0.0,0.18182,0.0,0.0,0.090909,0.0,0.0,0.0,0.0,0.0,0.0,0.18182,0.0,0.090909,0.0,0.0,0.0,0.63636,0.090909,0.0,0.0,0.0,0.0,0.0,0.0,0.0,0.090909,0.0,0.0,5.7778,4.7778,6.2222,3.6667,5.6667,5.8889,5.3333,5.8889,2.4444,6.0,4.1111,3.1111,4.3333,5.6667
1331,1332,stimulus_1332,/pscratch/sd/s/sjmoon/EmoFM/videos/CowenEmotionVideos/1332.mp4,True,0.0,0.0,0.0,0.63636,0.0,0.0,0.0,0.0,0.0,0.0,0.18182,0.0,0.0,0.090909,0.0,0.0,0.0,0.0,0.18182,0.0,0.0,0.0,0.18182,0.27273,0.0,0.0,0.0,0.0,0.090909,0.090909,0.0,0.36364,0.0,0.0,6.0,4.2222,6.0,4.7778,5.8889,4.8889,4.5556,4.7778,3.0,5.6667,4.4444,2.8889,3.7778,5.8889
1332,1333,stimulus_1333,/pscratch/sd/s/sjmoon/EmoFM/videos/CowenEmotionVideos/1333.mp4,True,0.0,0.0,0.36364,0.18182,0.0,0.0,0.18182,0.0,0.0,0.18182,0.18182,0.0,0.0,0.0,0.0,0.0,0.18182,0.0,0.090909,0.0,0.0,0.0,0.54545,0.090909,0.0,0.0,0.0,0.0,0.0,0.0,0.0,0.0,0.0,0.0,6.3333,4.8889,7.4444,6.6667,6.7778,6.3333,4.7778,6.5556,2.4444,5.8889,4.3333,1.6667,5.2222,6.8889
1333,1334,stimulus_1334,/pscratch/sd/s/sjmoon/EmoFM/videos/CowenEmotionVideos/1334.mp4,True,0.0,0.27273,0.0,0.54545,0.0,0.0,0.18182,0.0,0.0,0.18182,0.0,0.0,0.0,0.0,0.090909,0.0,0.0,0.0,0.0,0.0,0.0,0.0,0.18182,0.090909,0.090909,0.0,0.0,0.0,0.0,0.0,0.0,0.0,0.0,0.0,4.7778,4.2222,5.4444,5.8889,5.2222,5.8889,4.6667,6.6667,2.2222,5.3333,4.0,2.7778,5.3333,6.1111
1334,1335,stimulus_1335,/pscratch/sd/s/sjmoon/EmoFM/videos/CowenEmotionVideos/1335.mp4,True,0.0,0.090909,0.0,0.45455,0.0,0.0,0.0,0.0,0.0,0.18182,0.090909,0.0,0.0,0.0,0.36364,0.0,0.0,0.0,0.0,0.0,0.0,0.090909,0.18182,0.18182,0.0,0.0,0.0,0.0,0.0,0.0,0.0,0.0,0.0,0.0,5.0,3.5556,4.5556,4.4444,5.3333,4.6667,5.2222,5.4444,3.1111,5.0,4.1111,2.8889,4.6667,5.3333
1335,1336,stimulus_1336,/pscratch/sd/s/sjmoon/EmoFM/videos/CowenEmotionVideos/1336.mp4,True,0.0,0.0,0.63636,0.090909,0.0,0.0,0.090909,0.0,0.090909,0.090909,0.090909,0.0,0.0,0.0,0.0,0.0,0.0,0.0,0.0,0.0,0.0,0.0,0.45455,0.0,0.0,0.0,0.0,0.0,0.0,0.0,0.0,0.0,0.0,0.0,5.6667,4.4444,6.2222,6.3333,5.7778,6.0,5.0,6.1111,3.0,5.6667,5.0,2.8889,6.5556,5.8889
1336,1337,stimulus_1337,/pscratch/sd/s/sjmoon/EmoFM/videos/CowenEmotionVideos/1337.mp4,True,0.090909,0.0,0.27273,0.0,0.0,0.0,0.0,0.0,0.18182,0.090909,0.0,0.0,0.0,0.0,0.0,0.0,0.0,0.27273,0.0,0.0,0.0,0.0,0.27273,0.0,0.0,0.0,0.0,0.0,0.0,0.0,0.54545,0.0,0.0,0.0,6.7778,6.1111,7.6667,7.1111,6.7778,6.7778,5.5556,7.2222,1.2222,6.2222,5.7778,2.6667,6.6667,7.0
1337,1338,stimulus_1338,/pscratch/sd/s/sjmoon/EmoFM/videos/CowenEmotionVideos/1338.mp4,True,0.0,0.0,0.090909,0.0,0.0,0.0,0.0,0.18182,0.090909,0.0,0.0,0.0,0.0,0.0,0.18182,0.0,0.0,0.0,0.090909,0.0,0.0,0.0,0.18182,0.0,0.0,0.0,0.0,0.090909,0.0,0.0,0.72727,0.0,0.0,0.0,6.2222,5.8889,5.5556,5.3333,7.0,6.6667,5.4444,6.8889,3.4444,5.8889,4.2222,3.0,5.3333,6.2222
1338,1339,stimulus_1339,/pscratch/sd/s/sjmoon/EmoFM/videos/CowenEmotionVideos/1339.mp4,True,0.0,0.0,0.0,0.0,0.45455,0.090909,0.0,0.0,0.0,0.0,0.0,0.090909,0.0,0.0,0.54545,0.18182,0.0,0.0,0.0,0.27273,0.0,0.72727,0.0,0.0,0.0,0.0,0.0,0.0,0.27273,0.0,0.0,0.090909,0.18182,0.0,5.4444,4.2222,1.0,1.0,6.1111,4.8889,4.0,1.5556,6.1111,1.6667,2.7778,5.4444,1.4444,1.3333
1339,1340,stimulus_1340,/pscratch/sd/s/sjmoon/EmoFM/videos/CowenEmotionVideos/1340.mp4,True,0.18182,0.0,0.0,0.54545,0.0,0.0,0.27273,0.0,0.0,0.0,0.0,0.0,0.0,0.0,0.0,0.0,0.0,0.0,0.27273,0.0,0.0,0.0,0.18182,0.090909,0.0,0.0,0.0,0.0,0.0,0.0,0.0,0.18182,0.0,0.27273,5.7778,5.1111,6.5556,5.6667,5.8889,6.6667,5.5556,7.1111,2.5556,5.8889,4.3333,2.7778,6.1111,6.8889
1340,1341,stimulus_1341,/pscratch/sd/s/sjmoon/EmoFM/videos/CowenEmotionVideos/1341.mp4,True,0.090909,0.0,0.0,0.0,0.0,0.0,0.0,0.0,0.0,0.090909,0.0,0.0,0.0,0.0,0.090909,0.0,0.0,0.0,0.0,0.0,0.0,0.0,0.18182,0.0,0.0,0.0,0.0,0.72727,0.0,0.0,0.27273,0.0,0.0,0.0,6.3333,5.1111,6.1111,5.7778,6.7778,7.3333,6.7778,7.7778,2.3333,6.2222,6.0,2.7778,6.4444,5.8889
1341,1342,stimulus_1342,/pscratch/sd/s/sjmoon/EmoFM/videos/CowenEmotionVideos/1342.mp4,True,0.0,0.0,0.0,0.0,0.0,0.36364,0.0,0.0,0.0,0.0,0.0,0.0,0.0,0.0,0.0,0.090909,0.0,0.0,0.0,0.27273,0.0,0.0,0.0,0.0,0.0,0.0,0.63636,0.0,0.18182,0.0,0.0,0.18182,0.0,0.0,5.4444,4.1111,4.0,3.2222,6.7778,5.2222,4.2222,3.8889,3.6667,4.8889,3.2222,3.5556,2.5556,7.5556
1342,1343,stimulus_1343,/pscratch/sd/s/sjmoon/EmoFM/videos/CowenEmotionVideos/1343.mp4,True,0.27273,0.0,0.0,0.72727,0.0,0.090909,0.090909,0.0,0.090909,0.090909,0.0,0.0,0.0,0.0,0.0,0.0,0.0,0.0,0.090909,0.0,0.0,0.0,0.18182,0.0,0.0,0.090909,0.090909,0.0,0.0,0.090909,0.0,0.18182,0.0,0.18182,6.0,5.3333,5.7778,4.8889,6.0,5.6667,5.1111,6.1111,2.1111,6.0,4.7778,3.2222,5.3333,7.6667
1343,1344,stimulus_1344,/pscratch/sd/s/sjmoon/EmoFM/videos/CowenEmotionVideos/1344.mp4,True,0.090909,0.0,0.090909,0.54545,0.0,0.0,0.18182,0.0,0.0,0.0,0.27273,0.0,0.0,0.0,0.0,0.0,0.0,0.0,0.0,0.090909,0.0,0.0,0.54545,0.18182,0.0,0.0,0.0,0.0,0.0,0.0,0.0,0.090909,0.0,0.0,5.0,4.7778,6.6667,5.8889,5.0,6.1111,4.6667,7.3333,2.2222,6.3333,4.5556,3.0,6.0,6.6667
1344,1345,stimulus_1345,/pscratch/sd/s/sjmoon/EmoFM/videos/CowenEmotionVideos/1345.mp4,True,0.0,0.0,0.0,0.18182,0.0,0.18182,0.18182,0.0,0.0,0.0,0.0,0.0,0.0,0.0,0.0,0.0,0.0,0.0,0.45455,0.18182,0.0,0.0,0.36364,0.0,0.0,0.0,0.0,0.0,0.0,0.090909,0.0,0.45455,0.0,0.18182,7.2222,4.6667,6.1111,3.2222,6.2222,5.1111,3.8889,5.5556,3.5556,5.1111,3.4444,2.5556,2.8889,7.1111
1345,1346,stimulus_1346,/pscratch/sd/s/sjmoon/EmoFM/videos/CowenEmotionVideos/1346.mp4,True,0.0,0.0,0.0,0.72727,0.090909,0.090909,0.0,0.0,0.0,0.0,0.090909,0.0,0.0,0.0,0.0,0.0,0.0,0.0,0.090909,0.090909,0.0,0.0,0.090909,0.18182,0.0,0.0,0.0,0.0,0.0,0.090909,0.0,0.090909,0.0,0.0,5.8889,5.3333,6.5556,4.0,4.5556,5.2222,4.8889,4.4444,3.1111,5.6667,4.7778,2.6667,3.8889,6.7778
1346,1347,stimulus_1347,/pscratch/sd/s/sjmoon/EmoFM/videos/CowenEmotionVideos/1347.mp4,True,0.0,0.0,0.0,0.54545,0.0,0.0,0.0,0.0,0.090909,0.090909,0.0,0.0,0.0,0.090909,0.0,0.0,0.0,0.0,0.18182,0.0,0.0,0.0,0.18182,0.090909,0.36364,0.0,0.0,0.0,0.0,0.0,0.0,0.0,0.0,0.0,6.2222,5.3333,5.5556,4.2222,6.3333,5.3333,4.7778,4.4444,3.4444,4.8889,4.1111,3.2222,4.1111,6.2222
1347,1348,stimulus_1348,/pscratch/sd/s/sjmoon/EmoFM/videos/CowenEmotionVideos/1348.mp4,True,0.090909,0.0,0.27273,0.18182,0.0,0.0,0.090909,0.090909,0.090909,0.090909,0.0,0.0,0.0,0.0,0.0,0.0,0.090909,0.0,0.18182,0.0,0.0,0.0,0.36364,0.0,0.0,0.0,0.0,0.0,0.0,0.090909,0.0,0.0,0.0,0.0,5.6667,4.1111,5.0,4.2222,5.5556,5.2222,3.8889,5.6667,2.6667,5.0,3.7778,2.0,4.0,5.8889
1348,1349,stimulus_1349,/pscratch/sd/s/sjmoon/EmoFM/videos/CowenEmotionVideos/1349.mp4,True,0.0,0.27273,0.0,0.27273,0.0,0.0,0.090909,0.0,0.090909,0.0,0.0,0.090909,0.0,0.0,0.0,0.0,0.0,0.0,0.0,0.0,0.0,0.0,0.090909,0.54545,0.090909,0.0,0.0,0.0,0.0,0.0,0.0,0.0,0.0,0.0,6.6667,4.2222,7.6667,6.1111,6.3333,6.4444,6.6667,7.5556,2.4444,7.5556,5.5556,2.4444,6.7778,7.1111
1349,1350,stimulus_1350,/pscratch/sd/s/sjmoon/EmoFM/videos/CowenEmotionVideos/1350.mp4,True,0.0,0.0,0.0,0.090909,0.0,0.090909,0.0,0.18182,0.0,0.0,0.090909,0.0,0.0,0.0,0.72727,0.090909,0.0,0.0,0.0,0.0,0.0,0.18182,0.0,0.0,0.0,0.0,0.0,0.0,0.090909,0.0,0.0,0.0,0.0,0.0,4.4444,5.1111,3.3333,2.2222,4.1111,4.4444,3.8889,3.6667,3.5556,3.4444,3.1111,2.8889,3.5556,2.7778
1350,1351,stimulus_1351,/pscratch/sd/s/sjmoon/EmoFM/videos/CowenEmotionVideos/1351.mp4,True,0.0,0.0,0.0,0.45455,0.0,0.090909,0.0,0.090909,0.090909,0.0,0.0,0.090909,0.0,0.36364,0.0,0.0,0.0,0.0,0.0,0.0,0.0,0.0,0.0,0.0,0.0,0.0,0.090909,0.0,0.090909,0.0,0.0,0.0,0.090909,0.0,3.7778,4.3333,2.7778,2.8889,4.7778,4.4444,4.6667,4.2222,3.7778,2.3333,4.2222,5.5556,4.7778,4.1111
1351,1352,stimulus_1352,/pscratch/sd/s/sjmoon/EmoFM/videos/CowenEmotionVideos/1352.mp4,True,0.0,0.0,0.0,0.18182,0.0,0.0,0.0,0.0,0.18182,0.0,0.090909,0.0,0.0,0.0,0.0,0.0,0.36364,0.0,0.090909,0.0,0.0,0.0,0.36364,0.0,0.0,0.0,0.0,0.0,0.0,0.090909,0.0,0.090909,0.0,0.0,7.0,3.8889,6.4444,6.8889,6.4444,5.3333,3.5556,7.3333,2.5556,5.8889,3.7778,4.1111,6.1111,6.4444
1352,1353,stimulus_1353,/pscratch/sd/s/sjmoon/EmoFM/videos/CowenEmotionVideos/1353.mp4,True,0.090909,0.27273,0.0,0.45455,0.0,0.0,0.27273,0.0,0.0,0.18182,0.0,0.0,0.0,0.0,0.0,0.0,0.0,0.0,0.0,0.0,0.0,0.0,0.090909,0.36364,0.0,0.0,0.0,0.0,0.0,0.0,0.0,0.090909,0.0,0.0,6.3333,4.2222,8.2222,7.7778,5.7778,5.1111,6.7778,7.5556,1.7778,7.2222,4.8889,2.7778,7.2222,6.8889
1353,1354,stimulus_1354,/pscratch/sd/s/sjmoon/EmoFM/videos/CowenEmotionVideos/1354.mp4,True,0.18182,0.27273,0.0,0.18182,0.0,0.0,0.0,0.0,0.090909,0.0,0.0,0.0,0.0,0.0,0.0,0.0,0.090909,0.0,0.090909,0.0,0.0,0.0,0.090909,0.18182,0.18182,0.0,0.0,0.54545,0.0,0.090909,0.0,0.0,0.0,0.0,6.1111,4.2222,6.8889,5.0,5.4444,5.4444,5.2222,6.7778,1.8889,6.5556,3.8889,3.7778,6.3333,6.7778
1354,1355,stimulus_1355,/pscratch/sd/s/sjmoon/EmoFM/videos/CowenEmotionVideos/1355.mp4,True,0.0,0.0,0.0,0.0,0.0,0.0,0.0,0.18182,0.090909,0.0,0.0,0.0,0.0,0.0,0.54545,0.0,0.0,0.0,0.0,0.0,0.0,0.0,0.0,0.0,0.0,0.0,0.0,0.0,0.0,0.0,0.27273,0.0,0.0,0.0,2.7778,3.0,2.5556,2.1111,3.5556,4.0,2.6667,5.3333,5.4444,4.8889,2.4444,3.8889,3.5556,4.1111
1355,1356,stimulus_1356,/pscratch/sd/s/sjmoon/EmoFM/videos/CowenEmotionVideos/1356.mp4,True,0.18182,0.0,0.0,0.45455,0.0,0.0,0.27273,0.0,0.0,0.0,0.0,0.0,0.0,0.0,0.0,0.0,0.090909,0.0,0.18182,0.0,0.0,0.0,0.18182,0.0,0.0,0.090909,0.090909,0.0,0.0,0.0,0.0,0.090909,0.0,0.090909,5.7778,4.2222,5.8889,6.0,7.1111,6.2222,5.4444,7.0,3.3333,6.0,4.3333,2.6667,6.0,7.2222
1356,1357,stimulus_1357,/pscratch/sd/s/sjmoon/EmoFM/videos/CowenEmotionVideos/1357.mp4,True,0.0,0.0,0.54545,0.090909,0.0,0.0,0.18182,0.0,0.0,0.36364,0.0,0.0,0.0,0.0,0.0,0.0,0.18182,0.0,0.0,0.0,0.0,0.0,0.0,0.0,0.18182,0.0,0.0,0.0,0.0,0.0,0.0,0.0,0.0,0.0,5.0,3.6667,6.8889,7.0,5.8889,6.3333,3.0,6.6667,2.4444,6.4444,3.0,2.0,6.4444,5.8889
1357,1358,stimulus_1358,/pscratch/sd/s/sjmoon/EmoFM/videos/CowenEmotionVideos/1358.mp4,True,0.0,0.0,0.0,0.27273,0.0,0.0,0.36364,0.0,0.090909,0.0,0.0,0.0,0.0,0.0,0.0,0.0,0.0,0.0,0.090909,0.0,0.0,0.0,0.45455,0.0,0.090909,0.0,0.0,0.0,0.0,0.27273,0.0,0.090909,0.0,0.0,5.8889,3.3333,6.6667,7.2222,5.3333,5.8889,4.8889,7.1111,3.6667,6.0,4.3333,2.4444,5.7778,7.0
1358,1359,stimulus_1359,/pscratch/sd/s/sjmoon/EmoFM/videos/CowenEmotionVideos/1359.mp4,True,0.0,0.0,0.0,0.18182,0.090909,0.090909,0.0,0.090909,0.090909,0.0,0.0,0.18182,0.0,0.090909,0.45455,0.0,0.0,0.0,0.0,0.090909,0.0,0.0,0.0,0.0,0.18182,0.0,0.0,0.0,0.0,0.0,0.0,0.0,0.090909,0.0,4.6667,5.1111,4.3333,4.0,4.4444,5.0,3.6667,4.6667,3.8889,3.5556,3.7778,3.3333,3.6667,3.7778
1359,1360,stimulus_1360,/pscratch/sd/s/sjmoon/EmoFM/videos/CowenEmotionVideos/1360.mp4,True,0.18182,0.0,0.63636,0.090909,0.0,0.0,0.27273,0.0,0.0,0.27273,0.0,0.0,0.0,0.0,0.0,0.0,0.18182,0.0,0.0,0.0,0.0,0.0,0.090909,0.0,0.090909,0.0,0.0,0.0,0.0,0.0,0.0,0.0,0.0,0.0,4.5556,3.3333,7.4444,7.0,6.6667,6.1111,4.5556,6.8889,2.7778,7.4444,3.7778,2.2222,6.3333,6.2222
1360,1361,stimulus_1361,/pscratch/sd/s/sjmoon/EmoFM/videos/CowenEmotionVideos/1361.mp4,True,0.0,0.0,0.0,0.090909,0.0,0.36364,0.0,0.0,0.0,0.0,0.090909,0.0,0.0,0.0,0.0,0.090909,0.0,0.0,0.090909,0.63636,0.0,0.18182,0.090909,0.0,0.0,0.0,0.0,0.0,0.090909,0.0,0.090909,0.18182,0.090909,0.0,6.6667,4.7778,3.3333,3.7778,6.5556,4.1111,5.3333,3.0,4.1111,3.0,4.7778,4.4444,2.2222,2.4444
1361,1362,stimulus_1362,/pscratch/sd/s/sjmoon/EmoFM/videos/CowenEmotionVideos/1362.mp4,True,0.0,0.0,0.0,0.0,0.090909,0.090909,0.0,0.0,0.0,0.0,0.18182,0.0,0.0,0.0,0.45455,0.18182,0.0,0.0,0.0,0.45455,0.090909,0.45455,0.0,0.0,0.0,0.0,0.0,0.0,0.36364,0.0,0.0,0.090909,0.27273,0.0,6.8889,4.7778,1.7778,2.3333,6.2222,4.2222,6.1111,2.0,5.5556,2.1111,2.7778,3.3333,2.2222,1.4444
1362,1363,stimulus_1363,/pscratch/sd/s/sjmoon/EmoFM/videos/CowenEmotionVideos/1363.mp4,True,0.090909,0.36364,0.0,0.45455,0.0,0.0,0.27273,0.0,0.0,0.0,0.0,0.0,0.0,0.0,0.0,0.0,0.0,0.0,0.090909,0.0,0.0,0.0,0.0,0.63636,0.0,0.0,0.0,0.0,0.0,0.090909,0.0,0.0,0.0,0.0,5.4444,3.6667,7.4444,7.0,5.7778,5.5556,6.1111,6.8889,1.6667,6.3333,5.8889,1.7778,7.1111,6.7778
1363,1364,stimulus_1364,/pscratch/sd/s/sjmoon/EmoFM/videos/CowenEmotionVideos/1364.mp4,True,0.0,0.0,0.090909,0.27273,0.0,0.0,0.18182,0.0,0.0,0.0,0.18182,0.0,0.0,0.0,0.0,0.0,0.18182,0.0,0.18182,0.18182,0.0,0.0,0.54545,0.0,0.0,0.0,0.0,0.0,0.0,0.18182,0.0,0.18182,0.0,0.0,7.2222,3.7778,4.5556,4.8889,7.2222,3.4444,4.7778,3.3333,4.0,4.8889,4.2222,3.3333,2.7778,6.5556
1364,1365,stimulus_1365,/pscratch/sd/s/sjmoon/EmoFM/videos/CowenEmotionVideos/1365.mp4,True,0.090909,0.27273,0.18182,0.36364,0.0,0.0,0.36364,0.0,0.0,0.0,0.0,0.0,0.0,0.0,0.0,0.0,0.0,0.0,0.090909,0.0,0.0,0.0,0.18182,0.36364,0.0,0.0,0.0,0.0,0.0,0.0,0.0,0.090909,0.090909,0.0,7.0,4.6667,6.8889,6.1111,6.4444,5.5556,6.3333,5.7778,2.2222,6.6667,4.1111,2.6667,6.4444,6.6667
1365,1366,stimulus_1366,/pscratch/sd/s/sjmoon/EmoFM/videos/CowenEmotionVideos/1366.mp4,True,0.0,0.0,0.090909,0.45455,0.0,0.0,0.0,0.090909,0.36364,0.0,0.090909,0.0,0.0,0.0,0.0,0.0,0.090909,0.0,0.0,0.0,0.0,0.0,0.0,0.090909,0.0,0.0,0.0,0.0,0.0,0.0,0.0,0.0,0.0,0.0,3.6667,5.0,5.7778,5.1111,5.3333,5.2222,4.3333,6.4444,3.0,5.7778,4.4444,3.0,6.0,5.2222
1366,1367,stimulus_1367,/pscratch/sd/s/sjmoon/EmoFM/videos/CowenEmotionVideos/1367.mp4,True,0.090909,0.18182,0.0,0.54545,0.0,0.0,0.18182,0.0,0.0,0.0,0.0,0.0,0.0,0.0,0.0,0.0,0.0,0.0,0.0,0.0,0.0,0.0,0.090909,0.27273,0.0,0.0,0.0,0.0,0.0,0.0,0.0,0.27273,0.0,0.0,6.0,3.7778,7.0,6.4444,6.3333,4.6667,5.6667,5.5556,2.2222,4.8889,4.3333,2.8889,6.0,6.6667
1367,1368,stimulus_1368,/pscratch/sd/s/sjmoon/EmoFM/videos/CowenEmotionVideos/1368.mp4,True,0.090909,0.36364,0.0,0.54545,0.0,0.0,0.27273,0.0,0.0,0.0,0.0,0.0,0.0,0.0,0.0,0.0,0.0,0.0,0.090909,0.0,0.0,0.0,0.18182,0.36364,0.0,0.0,0.0,0.0,0.0,0.090909,0.0,0.0,0.0,0.0,4.5556,3.7778,7.2222,8.2222,6.1111,6.6667,7.0,7.0,2.0,6.3333,4.2222,1.6667,7.0,7.5556
1368,1369,stimulus_1369,/pscratch/sd/s/sjmoon/EmoFM/videos/CowenEmotionVideos/1369.mp4,True,0.0,0.0,0.090909,0.0,0.0,0.0,0.090909,0.0,0.54545,0.18182,0.090909,0.0,0.0,0.0,0.0,0.0,0.0,0.0,0.0,0.0,0.0,0.0,0.0,0.090909,0.0,0.0,0.0,0.0,0.0,0.18182,0.0,0.0,0.0,0.0,4.3333,4.4444,6.6667,6.5556,6.0,6.0,4.7778,7.7778,2.1111,6.4444,5.1111,3.0,6.7778,7.0
1369,1370,stimulus_1370,/pscratch/sd/s/sjmoon/EmoFM/videos/CowenEmotionVideos/1370.mp4,True,0.0,0.090909,0.0,0.0,0.0,0.0,0.090909,0.0,0.0,0.18182,0.0,0.0,0.090909,0.0,0.0,0.0,0.0,0.090909,0.0,0.0,0.0,0.0,0.0,0.0,0.0,0.0,0.0,0.0,0.0,0.090909,0.81818,0.0,0.0,0.0,7.0,5.6667,7.7778,7.2222,6.8889,6.7778,6.1111,7.2222,3.0,6.2222,5.3333,2.2222,5.4444,6.3333
1370,1371,stimulus_1371,/pscratch/sd/s/sjmoon/EmoFM/videos/CowenEmotionVideos/1371.mp4,True,0.090909,0.27273,0.0,0.45455,0.0,0.0,0.18182,0.0,0.0,0.090909,0.0,0.0,0.0,0.0,0.0,0.0,0.0,0.0,0.0,0.0,0.0,0.0,0.18182,0.090909,0.0,0.0,0.0,0.0,0.0,0.0,0.0,0.090909,0.0,0.0,5.0,3.8889,6.3333,6.5556,6.1111,5.6667,6.0,6.5556,3.1111,5.8889,4.8889,3.1111,6.1111,6.2222
1371,1372,stimulus_1372,/pscratch/sd/s/sjmoon/EmoFM/videos/CowenEmotionVideos/1372.mp4,True,0.0,0.0,0.27273,0.0,0.0,0.0,0.0,0.0,0.54545,0.36364,0.0,0.0,0.0,0.0,0.0,0.0,0.090909,0.0,0.0,0.0,0.0,0.0,0.0,0.0,0.0,0.0,0.0,0.0,0.0,0.0,0.0,0.0,0.0,0.0,3.2222,3.5556,6.7778,6.1111,5.2222,6.5556,4.5556,7.1111,2.5556,6.2222,4.7778,2.6667,7.1111,5.5556
1372,1373,stimulus_1373,/pscratch/sd/s/sjmoon/EmoFM/videos/CowenEmotionVideos/1373.mp4,True,0.0,0.0,0.0,0.0,0.0,0.18182,0.0,0.0,0.0,0.0,0.0,0.0,0.0,0.0,0.090909,0.090909,0.0,0.0,0.0,0.63636,0.0,0.54545,0.0,0.0,0.0,0.0,0.0,0.0,0.36364,0.0,0.0,0.18182,0.090909,0.0,7.0,1.7778,2.1111,1.5556,6.8889,4.0,5.1111,1.2222,7.3333,2.2222,3.4444,4.4444,1.1111,1.2222
1373,1374,stimulus_1374,/pscratch/sd/s/sjmoon/EmoFM/videos/CowenEmotionVideos/1374.mp4,True,0.0,0.0,0.0,0.27273,0.0,0.27273,0.0,0.0,0.0,0.0,0.18182,0.0,0.0,0.0,0.0,0.0,0.0,0.0,0.090909,0.54545,0.0,0.27273,0.090909,0.0,0.0,0.0,0.0,0.0,0.0,0.0,0.0,0.18182,0.0,0.0,6.5556,3.4444,4.2222,1.8889,6.6667,4.1111,4.1111,2.4444,3.5556,3.8889,3.6667,4.8889,2.4444,5.4444
1374,1375,stimulus_1375,/pscratch/sd/s/sjmoon/EmoFM/videos/CowenEmotionVideos/1375.mp4,True,0.0,0.0,0.0,0.0,0.0,0.45455,0.090909,0.0,0.0,0.0,0.090909,0.0,0.0,0.0,0.0,0.0,0.0,0.0,0.18182,0.90909,0.090909,0.090909,0.0,0.0,0.0,0.0,0.0,0.0,0.0,0.0,0.0,0.18182,0.090909,0.0,7.5556,3.6667,2.4444,2.1111,7.0,3.7778,4.8889,2.0,5.2222,3.7778,3.0,4.3333,1.1111,5.2222
1375,1376,stimulus_1376,/pscratch/sd/s/sjmoon/EmoFM/videos/CowenEmotionVideos/1376.mp4,True,0.0,0.090909,0.0,0.45455,0.0,0.18182,0.090909,0.0,0.0,0.0,0.090909,0.0,0.0,0.0,0.0,0.0,0.0,0.0,0.090909,0.45455,0.0,0.090909,0.18182,0.0,0.0,0.0,0.0,0.0,0.0,0.090909,0.0,0.090909,0.0,0.0,6.5556,4.0,5.2222,3.2222,6.5556,3.8889,5.0,4.6667,3.5556,4.8889,4.0,4.8889,3.7778,6.4444
1376,1377,stimulus_1377,/pscratch/sd/s/sjmoon/EmoFM/videos/CowenEmotionVideos/1377.mp4,True,0.0,0.0,0.0,0.0,0.0,0.0,0.0,0.0,0.0,0.0,0.0,0.0,0.090909,0.0,0.0,0.0,0.0,0.0,0.27273,0.0,0.0,0.0,0.0,0.0,0.0,0.0,0.0,0.0,0.0,0.090909,1.0,0.0,0.0,0.0,7.6667,5.4444,7.5556,7.7778,7.0,7.0,6.7778,6.2222,3.0,5.7778,6.0,2.2222,5.1111,6.1111
1377,1378,stimulus_1378,/pscratch/sd/s/sjmoon/EmoFM/videos/CowenEmotionVideos/1378.mp4,True,0.090909,0.18182,0.45455,0.0,0.0,0.0,0.18182,0.0,0.0,0.36364,0.0,0.0,0.0,0.0,0.0,0.0,0.090909,0.090909,0.090909,0.0,0.0,0.0,0.0,0.0,0.0,0.0,0.0,0.45455,0.0,0.0,0.0,0.0,0.0,0.0,5.0,3.8889,7.8889,7.2222,6.3333,5.7778,6.4444,7.3333,2.1111,6.7778,5.7778,3.6667,6.7778,6.8889
1378,1379,stimulus_1379,/pscratch/sd/s/sjmoon/EmoFM/videos/CowenEmotionVideos/1379.mp4,True,0.090909,0.45455,0.0,0.45455,0.0,0.0,0.27273,0.0,0.0,0.090909,0.0,0.0,0.0,0.0,0.0,0.0,0.0,0.0,0.090909,0.0,0.0,0.0,0.0,0.36364,0.090909,0.090909,0.0,0.0,0.0,0.0,0.0,0.0,0.0,0.0,4.7778,4.4444,7.7778,7.3333,6.2222,6.7778,6.3333,7.6667,2.6667,6.4444,6.1111,2.7778,6.8889,6.4444
1379,1380,stimulus_1380,/pscratch/sd/s/sjmoon/EmoFM/videos/CowenEmotionVideos/1380.mp4,True,0.27273,0.18182,0.0,0.0,0.0,0.0,0.0,0.0,0.090909,0.0,0.0,0.0,0.0,0.0,0.0,0.0,0.0,0.0,0.090909,0.0,0.0,0.0,0.090909,0.36364,0.18182,0.18182,0.0,0.0,0.090909,0.090909,0.0,0.0,0.090909,0.18182,5.2222,5.3333,7.2222,6.7778,6.1111,7.0,6.1111,7.3333,2.1111,6.5556,6.7778,3.1111,6.5556,6.2222
1380,1381,stimulus_1381,/pscratch/sd/s/sjmoon/EmoFM/videos/CowenEmotionVideos/1381.mp4,True,0.076923,0.076923,0.076923,0.076923,0.0,0.0,0.23077,0.0,0.0,0.0,0.0,0.0,0.0,0.0,0.0,0.0,0.0,0.0,0.0,0.0,0.0,0.0,0.0,0.30769,0.076923,0.0,0.0,0.46154,0.0,0.076923,0.0,0.0,0.0,0.0,5.6667,5.4444,7.4444,6.6667,6.0,5.6667,6.2222,7.2222,2.1111,6.3333,5.4444,3.2222,6.3333,6.1111
1381,1382,stimulus_1382,/pscratch/sd/s/sjmoon/EmoFM/videos/CowenEmotionVideos/1382.mp4,True,0.0,0.076923,0.0,0.38462,0.0,0.0,0.0,0.0,0.0,0.0,0.0,0.0,0.0,0.076923,0.0,0.0,0.0,0.0,0.0,0.0,0.0,0.0,0.076923,0.23077,0.30769,0.0,0.0,0.0,0.076923,0.076923,0.0,0.0,0.0,0.0,5.4444,5.1111,4.8889,5.4444,5.0,4.3333,5.4444,4.3333,2.5556,6.3333,5.2222,4.3333,4.4444,5.3333
1382,1383,stimulus_1383,/pscratch/sd/s/sjmoon/EmoFM/videos/CowenEmotionVideos/1383.mp4,True,0.076923,0.076923,0.0,0.0,0.0,0.0,0.076923,0.0,0.0,0.0,0.0,0.0,0.0,0.0,0.0,0.0,0.0,0.0,0.0,0.0,0.0,0.0,0.15385,0.23077,0.15385,0.0,0.0,0.69231,0.0,0.076923,0.23077,0.0,0.0,0.0,5.5556,5.1111,7.3333,7.2222,5.6667,5.4444,6.6667,7.5556,2.3333,6.1111,5.7778,3.4444,6.4444,6.3333
1383,1384,stimulus_1384,/pscratch/sd/s/sjmoon/EmoFM/videos/CowenEmotionVideos/1384.mp4,True,0.15385,0.0,0.0,0.076923,0.0,0.0,0.0,0.0,0.076923,0.0,0.0,0.15385,0.0,0.076923,0.15385,0.0,0.0,0.0,0.0,0.0,0.0,0.0,0.23077,0.23077,0.23077,0.076923,0.0,0.0,0.0,0.076923,0.0,0.0,0.0,0.0,5.4444,4.3333,4.1111,4.7778,5.5556,4.2222,5.1111,5.6667,2.5556,3.6667,4.6667,5.1111,4.3333,4.4444
1384,1385,stimulus_1385,/pscratch/sd/s/sjmoon/EmoFM/videos/CowenEmotionVideos/1385.mp4,True,0.0,0.076923,0.0,0.0,0.0,0.0,0.0,0.076923,0.0,0.0,0.0,0.0,0.076923,0.0,0.0,0.0,0.0,0.0,0.0,0.0,0.0,0.0,0.076923,0.076923,0.0,0.0,0.0,0.0,0.0,0.0,1.0,0.076923,0.0,0.0,7.2222,5.7778,6.2222,6.3333,7.1111,6.0,5.3333,6.8889,3.4444,5.6667,5.0,3.2222,4.6667,6.1111
1385,1386,stimulus_1386,/pscratch/sd/s/sjmoon/EmoFM/videos/CowenEmotionVideos/1386.mp4,True,0.15385,0.0,0.30769,0.076923,0.0,0.0,0.23077,0.0,0.076923,0.15385,0.0,0.0,0.0,0.0,0.0,0.0,0.0,0.0,0.076923,0.0,0.0,0.0,0.23077,0.076923,0.076923,0.0,0.0,0.0,0.0,0.076923,0.0,0.0,0.0,0.0,5.6667,5.7778,5.2222,5.7778,5.8889,5.0,3.3333,7.1111,2.2222,6.0,3.3333,3.5556,5.0,6.1111
1386,1387,stimulus_1387,/pscratch/sd/s/sjmoon/EmoFM/videos/CowenEmotionVideos/1387.mp4,True,0.15385,0.0,0.38462,0.23077,0.0,0.0,0.15385,0.0,0.0,0.076923,0.0,0.0,0.076923,0.0,0.0,0.0,0.30769,0.0,0.0,0.0,0.0,0.0,0.38462,0.15385,0.0,0.0,0.0,0.0,0.0,0.076923,0.0,0.076923,0.0,0.0,6.6667,5.7778,7.0,6.4444,6.8889,5.8889,3.2222,6.5556,4.0,5.6667,4.4444,4.1111,5.8889,6.5556
1387,1388,stimulus_1388,/pscratch/sd/s/sjmoon/EmoFM/videos/CowenEmotionVideos/1388.mp4,True,0.0,0.076923,0.0,0.23077,0.0,0.0,0.0,0.46154,0.0,0.0,0.076923,0.0,0.0,0.0,0.0,0.0,0.0,0.0,0.0,0.0,0.0,0.0,0.076923,0.15385,0.0,0.0,0.0,0.0,0.0,0.0,0.38462,0.076923,0.0,0.0,5.6667,5.6667,4.8889,5.4444,5.5556,4.3333,4.7778,4.7778,2.5556,5.0,4.6667,4.7778,4.6667,4.6667
1388,1389,stimulus_1389,/pscratch/sd/s/sjmoon/EmoFM/videos/CowenEmotionVideos/1389.mp4,True,0.0,0.0,0.30769,0.0,0.0,0.076923,0.076923,0.0,0.0,0.076923,0.0,0.0,0.30769,0.0,0.0,0.0,0.076923,0.0,0.0,0.0,0.0,0.0,0.15385,0.076923,0.15385,0.0,0.076923,0.0,0.0,0.15385,0.0,0.15385,0.0,0.0,5.4444,5.3333,5.7778,5.1111,5.1111,3.1111,3.5556,6.1111,3.0,5.4444,4.2222,4.3333,4.0,6.6667
1389,1390,stimulus_1390,/pscratch/sd/s/sjmoon/EmoFM/videos/CowenEmotionVideos/1390.mp4,True,0.0,0.0,0.0,0.076923,0.0,0.076923,0.076923,0.15385,0.0,0.0,0.23077,0.0,0.0,0.0,0.23077,0.0,0.0,0.076923,0.0,0.0,0.0,0.0,0.076923,0.0,0.0,0.0,0.0,0.0,0.0,0.0,0.15385,0.30769,0.0,0.0,5.3333,4.5556,4.0,4.5556,6.1111,4.4444,5.3333,4.7778,4.2222,4.2222,4.4444,4.5556,4.2222,5.1111
1390,1391,stimulus_1391,/pscratch/sd/s/sjmoon/EmoFM/videos/CowenEmotionVideos/1391.mp4,True,0.23077,0.15385,0.0,0.46154,0.0,0.0,0.46154,0.0,0.0,0.0,0.0,0.0,0.0,0.0,0.0,0.0,0.0,0.0,0.076923,0.0,0.0,0.0,0.076923,0.30769,0.0,0.0,0.0,0.0,0.0,0.076923,0.0,0.0,0.076923,0.0,5.8889,4.8889,5.4444,3.2222,6.2222,4.2222,4.7778,6.0,3.3333,6.4444,4.5556,5.0,3.6667,6.7778
1391,1392,stimulus_1392,/pscratch/sd/s/sjmoon/EmoFM/videos/CowenEmotionVideos/1392.mp4,True,0.0,0.0,0.0,0.076923,0.0,0.15385,0.0,0.0,0.0,0.0,0.0,0.0,0.0,0.0,0.0,0.0,0.0,0.0,0.076923,0.15385,0.0,0.0,0.46154,0.076923,0.15385,0.0,0.0,0.0,0.0,0.076923,0.0,0.0,0.076923,0.0,6.1111,5.0,4.4444,3.1111,6.0,3.6667,4.8889,4.1111,4.3333,4.5556,4.0,4.4444,3.4444,5.4444
1392,1393,stimulus_1393,/pscratch/sd/s/sjmoon/EmoFM/videos/CowenEmotionVideos/1393.mp4,True,0.0,0.0,0.0,0.15385,0.23077,0.15385,0.076923,0.0,0.0,0.0,0.076923,0.0,0.0,0.15385,0.0,0.0,0.0,0.0,0.076923,0.076923,0.0,0.0,0.0,0.15385,0.0,0.0,0.076923,0.0,0.0,0.15385,0.0,0.15385,0.0,0.076923,6.1111,5.5556,5.0,3.1111,6.3333,6.0,4.5556,4.6667,2.8889,5.4444,4.8889,4.6667,4.3333,5.3333
1393,1394,stimulus_1394,/pscratch/sd/s/sjmoon/EmoFM/videos/CowenEmotionVideos/1394.mp4,True,0.0,0.0,0.0,0.0,0.0,0.0,0.0,0.0,0.0,0.0,0.0,0.0,0.0,0.0,0.15385,0.0,0.0,0.0,0.0,0.0,0.0,0.0,0.076923,0.0,0.0,0.0,0.0,0.0,0.0,0.0,0.84615,0.0,0.0,0.0,7.5556,6.5556,7.2222,6.3333,6.8889,6.0,5.8889,6.8889,2.6667,6.7778,5.7778,3.6667,6.5556,6.8889
1394,1395,stimulus_1395,/pscratch/sd/s/sjmoon/EmoFM/videos/CowenEmotionVideos/1395.mp4,True,0.15385,0.0,0.23077,0.23077,0.0,0.15385,0.15385,0.0,0.0,0.0,0.0,0.0,0.0,0.23077,0.0,0.076923,0.076923,0.0,0.0,0.0,0.0,0.0,0.15385,0.0,0.0,0.0,0.0,0.0,0.15385,0.076923,0.0,0.076923,0.23077,0.0,5.8889,4.6667,4.7778,3.5556,6.0,5.4444,3.7778,2.8889,2.7778,3.5556,5.0,4.0,5.2222,3.0
1395,1396,stimulus_1396,/pscratch/sd/s/sjmoon/EmoFM/videos/CowenEmotionVideos/1396.mp4,True,0.0,0.076923,0.0,0.76923,0.0,0.0,0.23077,0.0,0.0,0.0,0.0,0.0,0.076923,0.0,0.0,0.0,0.0,0.0,0.076923,0.0,0.0,0.0,0.15385,0.15385,0.0,0.0,0.0,0.0,0.0,0.0,0.0,0.23077,0.0,0.0,5.0,5.4444,6.3333,3.8889,6.2222,5.4444,5.5556,5.0,2.0,5.1111,4.6667,3.0,5.6667,6.3333
1396,1397,stimulus_1397,/pscratch/sd/s/sjmoon/EmoFM/videos/CowenEmotionVideos/1397.mp4,True,0.076923,0.0,0.0,0.15385,0.0,0.15385,0.0,0.076923,0.0,0.0,0.0,0.0,0.0,0.0,0.0,0.0,0.0,0.0,0.23077,0.076923,0.0,0.0,0.0,0.0,0.0,0.0,0.53846,0.0,0.0,0.0,0.0,0.38462,0.0,0.0,4.8889,5.1111,4.5556,2.3333,5.7778,3.0,4.5556,3.1111,2.2222,5.1111,4.1111,3.5556,3.2222,7.1111
1397,1398,stimulus_1398,/pscratch/sd/s/sjmoon/EmoFM/videos/CowenEmotionVideos/1398.mp4,True,0.0,0.076923,0.0,0.38462,0.0,0.0,0.0,0.30769,0.0,0.0,0.076923,0.0,0.0,0.0,0.0,0.0,0.0,0.0,0.076923,0.0,0.0,0.0,0.0,0.30769,0.0,0.0,0.0,0.0,0.0,0.0,0.076923,0.23077,0.0,0.0,5.3333,4.6667,6.4444,6.3333,5.3333,4.4444,5.3333,5.2222,3.4444,6.3333,6.1111,3.1111,6.1111,6.7778
1398,1399,stimulus_1399,/pscratch/sd/s/sjmoon/EmoFM/videos/CowenEmotionVideos/1399.mp4,True,0.0,0.076923,0.076923,0.0,0.0,0.0,0.0,0.076923,0.076923,0.0,0.076923,0.0,0.076923,0.0,0.0,0.0,0.0,0.076923,0.0,0.0,0.0,0.0,0.076923,0.076923,0.0,0.0,0.0,0.0,0.0,0.076923,0.69231,0.076923,0.0,0.0,6.7778,5.6667,6.7778,7.2222,6.3333,6.5556,6.0,6.1111,3.2222,5.6667,5.5556,4.6667,5.7778,6.7778
1399,1400,stimulus_1400,/pscratch/sd/s/sjmoon/EmoFM/videos/CowenEmotionVideos/1400.mp4,True,0.0,0.0,0.46154,0.076923,0.0,0.0,0.53846,0.0,0.0,0.076923,0.0,0.0,0.0,0.0,0.0,0.0,0.15385,0.0,0.15385,0.076923,0.0,0.076923,0.15385,0.076923,0.0,0.0,0.0,0.0,0.0,0.076923,0.0,0.0,0.0,0.0,6.6667,4.2222,6.0,5.2222,6.7778,5.1111,3.8889,5.1111,2.8889,5.0,4.0,4.3333,4.6667,5.3333
1400,1401,stimulus_1401,/pscratch/sd/s/sjmoon/EmoFM/videos/CowenEmotionVideos/1401.mp4,True,0.076923,0.0,0.0,0.15385,0.0,0.076923,0.0,0.0,0.0,0.0,0.30769,0.0,0.0,0.0,0.0,0.0,0.0,0.0,0.30769,0.15385,0.0,0.0,0.15385,0.0,0.0,0.076923,0.0,0.0,0.0,0.076923,0.0,0.0,0.0,0.0,6.0,4.5556,4.2222,3.8889,5.2222,3.7778,4.2222,5.0,4.4444,4.3333,4.3333,3.2222,3.4444,5.3333
1401,1402,stimulus_1402,/pscratch/sd/s/sjmoon/EmoFM/videos/CowenEmotionVideos/1402.mp4,True,0.0,0.0,0.0,0.46154,0.0,0.15385,0.0,0.0,0.0,0.0,0.0,0.0,0.0,0.076923,0.0,0.0,0.0,0.0,0.23077,0.23077,0.0,0.0,0.0,0.076923,0.0,0.0,0.0,0.0,0.076923,0.0,0.0,0.23077,0.0,0.0,5.7778,5.1111,6.1111,5.1111,5.4444,5.1111,6.3333,4.8889,2.6667,5.0,6.4444,4.5556,5.0,6.2222
1402,1403,stimulus_1403,/pscratch/sd/s/sjmoon/EmoFM/videos/CowenEmotionVideos/1403.mp4,True,0.0,0.0,0.0,0.0,0.076923,0.076923,0.0,0.0,0.076923,0.0,0.076923,0.0,0.0,0.0,0.23077,0.30769,0.0,0.0,0.15385,0.076923,0.0,0.076923,0.0,0.0,0.0,0.0,0.076923,0.0,0.076923,0.0,0.0,0.076923,0.076923,0.0,4.4444,4.5556,3.4444,2.6667,5.3333,4.0,6.1111,3.0,4.5556,3.6667,4.4444,3.7778,5.2222,3.5556
1403,1404,stimulus_1404,/pscratch/sd/s/sjmoon/EmoFM/videos/CowenEmotionVideos/1404.mp4,True,0.076923,0.0,0.0,0.30769,0.076923,0.0,0.0,0.23077,0.0,0.0,0.15385,0.0,0.0,0.076923,0.076923,0.076923,0.0,0.0,0.0,0.0,0.0,0.0,0.076923,0.076923,0.0,0.0,0.076923,0.0,0.076923,0.0,0.0,0.0,0.15385,0.0,3.7778,4.7778,4.4444,2.7778,4.4444,3.6667,4.7778,4.1111,3.6667,4.2222,4.8889,4.3333,3.4444,3.1111
1404,1405,stimulus_1405,/pscratch/sd/s/sjmoon/EmoFM/videos/CowenEmotionVideos/1405.mp4,True,0.076923,0.30769,0.0,0.61538,0.0,0.0,0.23077,0.0,0.0,0.0,0.0,0.0,0.0,0.076923,0.0,0.0,0.0,0.0,0.0,0.0,0.0,0.0,0.076923,0.38462,0.0,0.0,0.0,0.0,0.0,0.0,0.0,0.23077,0.0,0.0,6.0,5.1111,8.1111,7.3333,7.0,6.5556,6.7778,8.3333,1.2222,6.8889,4.2222,1.8889,7.2222,7.4444
1405,1406,stimulus_1406,/pscratch/sd/s/sjmoon/EmoFM/videos/CowenEmotionVideos/1406.mp4,True,0.0,0.0,0.0,0.0,0.0,0.30769,0.0,0.0,0.076923,0.0,0.0,0.0,0.0,0.0,0.076923,0.076923,0.0,0.0,0.0,0.61538,0.0,0.30769,0.076923,0.0,0.0,0.0,0.0,0.0,0.23077,0.0,0.0,0.076923,0.23077,0.0,6.5556,3.4444,1.3333,1.3333,6.3333,4.2222,3.1111,1.8889,5.0,2.4444,2.7778,2.8889,1.4444,1.4444
1406,1407,stimulus_1407,/pscratch/sd/s/sjmoon/EmoFM/videos/CowenEmotionVideos/1407.mp4,True,0.0,0.15385,0.0,0.0,0.0,0.0,0.15385,0.0,0.0,0.0,0.0,0.0,0.076923,0.0,0.0,0.0,0.0,0.0,0.0,0.0,0.0,0.0,0.0,0.15385,0.0,0.0,0.0,0.69231,0.0,0.0,0.30769,0.0,0.0,0.0,4.6667,4.4444,7.3333,6.3333,7.1111,6.7778,6.5556,8.3333,1.4444,7.3333,4.8889,1.3333,7.2222,6.8889
1407,1408,stimulus_1408,/pscratch/sd/s/sjmoon/EmoFM/videos/CowenEmotionVideos/1408.mp4,True,0.076923,0.15385,0.0,0.0,0.0,0.0,0.076923,0.0,0.0,0.0,0.0,0.076923,0.0,0.0,0.0,0.0,0.0,0.0,0.0,0.0,0.0,0.0,0.076923,0.15385,0.23077,0.0,0.0,0.61538,0.0,0.0,0.076923,0.0,0.0,0.0,5.1111,4.6667,7.5556,7.3333,6.6667,6.3333,7.5556,8.4444,1.4444,7.4444,5.5556,2.0,7.5556,7.1111
1408,1409,stimulus_1409,/pscratch/sd/s/sjmoon/EmoFM/videos/CowenEmotionVideos/1409.mp4,True,0.076923,0.0,0.30769,0.0,0.0,0.076923,0.076923,0.0,0.15385,0.30769,0.076923,0.0,0.0,0.0,0.0,0.0,0.0,0.0,0.0,0.0,0.0,0.0,0.0,0.076923,0.076923,0.0,0.0,0.0,0.0,0.076923,0.0,0.0,0.0,0.0,5.1111,5.1111,7.2222,7.6667,6.4444,6.3333,4.3333,8.2222,1.5556,6.3333,3.7778,1.8889,6.3333,6.1111
1409,1410,stimulus_1410,/pscratch/sd/s/sjmoon/EmoFM/videos/CowenEmotionVideos/1410.mp4,True,0.0,0.15385,0.0,0.38462,0.0,0.0,0.076923,0.0,0.0,0.0,0.0,0.0,0.0,0.076923,0.0,0.0,0.0,0.0,0.15385,0.0,0.0,0.0,0.0,0.38462,0.0,0.0,0.0,0.0,0.0,0.0,0.0,0.23077,0.0,0.076923,6.4444,4.3333,7.5556,7.2222,6.7778,5.5556,6.5556,7.4444,1.3333,7.0,5.4444,3.4444,7.3333,7.3333
1410,1411,stimulus_1411,/pscratch/sd/s/sjmoon/EmoFM/videos/CowenEmotionVideos/1411.mp4,True,0.0,0.23077,0.0,0.84615,0.0,0.0,0.076923,0.0,0.0,0.0,0.0,0.0,0.0,0.0,0.0,0.0,0.0,0.0,0.076923,0.0,0.0,0.0,0.0,0.23077,0.0,0.0,0.0,0.0,0.0,0.0,0.0,0.23077,0.15385,0.0,6.1111,5.6667,7.2222,5.8889,6.4444,6.0,6.0,5.6667,2.2222,4.7778,3.8889,2.8889,5.7778,6.0
1411,1412,stimulus_1412,/pscratch/sd/s/sjmoon/EmoFM/videos/CowenEmotionVideos/1412.mp4,True,0.076923,0.0,0.076923,0.15385,0.0,0.0,0.0,0.0,0.076923,0.0,0.15385,0.0,0.0,0.0,0.0,0.0,0.15385,0.0,0.0,0.0,0.0,0.0,0.69231,0.0,0.0,0.0,0.0,0.0,0.0,0.0,0.0,0.0,0.0,0.0,5.4444,4.8889,6.6667,6.8889,7.0,6.4444,4.5556,8.3333,1.1111,7.3333,4.6667,1.5556,7.5556,6.7778
1412,1413,stimulus_1413,/pscratch/sd/s/sjmoon/EmoFM/videos/CowenEmotionVideos/1413.mp4,True,0.0,0.0,0.0,0.15385,0.0,0.0,0.0,0.076923,0.23077,0.0,0.076923,0.15385,0.0,0.0,0.0,0.0,0.0,0.0,0.076923,0.0,0.0,0.0,0.0,0.0,0.38462,0.0,0.0,0.0,0.0,0.0,0.0,0.076923,0.0,0.0,5.6667,4.1111,5.6667,5.2222,6.3333,4.6667,4.2222,6.6667,1.8889,6.5556,3.5556,2.0,6.1111,5.7778
1413,1414,stimulus_1414,/pscratch/sd/s/sjmoon/EmoFM/videos/CowenEmotionVideos/1414.mp4,True,0.0,0.076923,0.0,0.23077,0.0,0.0,0.0,0.0,0.0,0.0,0.0,0.0,0.0,0.0,0.84615,0.0,0.0,0.0,0.0,0.0,0.0,0.0,0.076923,0.0,0.0,0.0,0.0,0.0,0.0,0.0,0.0,0.23077,0.076923,0.0,5.4444,3.0,2.0,1.6667,5.8889,4.1111,3.7778,3.1111,3.7778,4.1111,2.7778,3.6667,4.3333,2.6667
1414,1415,stimulus_1415,/pscratch/sd/s/sjmoon/EmoFM/videos/CowenEmotionVideos/1415.mp4,True,0.076923,0.076923,0.0,0.46154,0.0,0.0,0.076923,0.0,0.0,0.0,0.0,0.0,0.0,0.0,0.0,0.0,0.0,0.0,0.0,0.0,0.0,0.0,0.0,0.30769,0.076923,0.076923,0.0,0.0,0.076923,0.0,0.0,0.076923,0.15385,0.076923,5.4444,5.1111,6.8889,6.7778,5.8889,6.3333,6.0,7.5556,2.0,6.7778,5.7778,3.0,6.4444,6.4444
1415,1416,stimulus_1416,/pscratch/sd/s/sjmoon/EmoFM/videos/CowenEmotionVideos/1416.mp4,True,0.0,0.38462,0.076923,0.38462,0.0,0.0,0.38462,0.0,0.0,0.23077,0.0,0.0,0.0,0.0,0.0,0.0,0.0,0.0,0.0,0.0,0.0,0.0,0.076923,0.15385,0.0,0.0,0.0,0.0,0.0,0.0,0.0,0.0,0.076923,0.0,6.2222,5.1111,8.1111,6.8889,6.6667,6.0,6.6667,8.1111,1.2222,6.8889,4.7778,2.0,7.2222,7.4444
1416,1417,stimulus_1417,/pscratch/sd/s/sjmoon/EmoFM/videos/CowenEmotionVideos/1417.mp4,True,0.0,0.46154,0.0,0.38462,0.0,0.0,0.23077,0.0,0.0,0.15385,0.0,0.0,0.0,0.0,0.0,0.0,0.0,0.0,0.0,0.0,0.0,0.0,0.0,0.30769,0.0,0.0,0.0,0.0,0.0,0.076923,0.0,0.0,0.0,0.0,5.0,4.1111,8.0,5.2222,6.2222,6.6667,6.6667,8.0,1.3333,7.3333,4.2222,2.7778,7.1111,7.0
1417,1418,stimulus_1418,/pscratch/sd/s/sjmoon/EmoFM/videos/CowenEmotionVideos/1418.mp4,True,0.0,0.53846,0.15385,0.23077,0.0,0.0,0.38462,0.0,0.0,0.076923,0.0,0.0,0.0,0.0,0.0,0.0,0.0,0.076923,0.0,0.0,0.0,0.0,0.0,0.23077,0.0,0.076923,0.0,0.0,0.0,0.15385,0.0,0.076923,0.0,0.0,4.5556,4.5556,8.2222,6.3333,6.4444,6.6667,6.7778,7.6667,1.4444,7.1111,5.6667,2.0,7.1111,7.4444
1418,1419,stimulus_1419,/pscratch/sd/s/sjmoon/EmoFM/videos/CowenEmotionVideos/1419.mp4,True,0.0,0.0,0.0,0.076923,0.0,0.15385,0.076923,0.0,0.0,0.0,0.15385,0.0,0.0,0.0,0.23077,0.0,0.076923,0.0,0.076923,0.53846,0.0,0.23077,0.0,0.0,0.0,0.076923,0.0,0.0,0.0,0.0,0.0,0.30769,0.0,0.0,6.0,4.0,2.5556,2.1111,6.8889,2.5556,4.3333,4.6667,3.5556,4.7778,2.3333,3.1111,2.1111,5.1111
1419,1420,stimulus_1420,/pscratch/sd/s/sjmoon/EmoFM/videos/CowenEmotionVideos/1420.mp4,True,0.15385,0.076923,0.0,0.0,0.0,0.0,0.076923,0.0,0.0,0.0,0.0,0.0,0.0,0.0,0.15385,0.0,0.0,0.0,0.15385,0.0,0.0,0.0,0.23077,0.38462,0.0,0.076923,0.0,0.0,0.0,0.076923,0.0,0.23077,0.15385,0.076923,5.1111,3.6667,5.3333,4.0,6.6667,5.4444,5.5556,6.7778,3.5556,6.1111,5.0,4.3333,5.8889,5.8889
1420,1421,stimulus_1421,/pscratch/sd/s/sjmoon/EmoFM/videos/CowenEmotionVideos/1421.mp4,True,0.076923,0.0,0.46154,0.076923,0.0,0.0,0.46154,0.0,0.0,0.0,0.0,0.076923,0.0,0.0,0.0,0.0,0.23077,0.0,0.23077,0.0,0.0,0.0,0.15385,0.076923,0.0,0.076923,0.0,0.0,0.0,0.076923,0.0,0.0,0.0,0.076923,5.7778,4.8889,7.7778,8.0,6.3333,6.1111,4.7778,7.2222,1.8889,6.3333,5.8889,2.7778,6.6667,7.2222
1421,1422,stimulus_1422,/pscratch/sd/s/sjmoon/EmoFM/videos/CowenEmotionVideos/1422.mp4,True,0.0,0.0,0.076923,0.0,0.0,0.30769,0.23077,0.0,0.0,0.0,0.0,0.0,0.0,0.0,0.0,0.0,0.0,0.0,0.076923,0.84615,0.0,0.076923,0.15385,0.0,0.0,0.0,0.0,0.0,0.0,0.0,0.0,0.076923,0.0,0.0,6.6667,4.2222,3.2222,2.2222,7.3333,3.3333,4.3333,2.1111,2.0,4.3333,3.4444,5.0,2.1111,4.3333
1422,1423,stimulus_1423,/pscratch/sd/s/sjmoon/EmoFM/videos/CowenEmotionVideos/1423.mp4,True,0.0,0.0,0.0,0.0,0.0,0.0,0.0,0.0,0.0,0.0,0.0,0.0,0.0,0.0,0.92308,0.076923,0.0,0.0,0.0,0.0,0.0,0.0,0.0,0.0,0.0,0.0,0.0,0.0,0.0,0.076923,0.0,0.0,0.0,0.0,5.0,3.1111,1.1111,1.1111,5.5556,2.8889,3.6667,4.5556,6.3333,4.4444,2.8889,3.8889,3.8889,1.3333
1423,1424,stimulus_1424,/pscratch/sd/s/sjmoon/EmoFM/videos/CowenEmotionVideos/1424.mp4,True,0.0,0.0,0.0,0.0,0.0,0.0,0.0,0.0,0.0,0.0,0.0,0.0,0.0,0.0,0.0,0.0,0.0,0.076923,0.076923,0.0,0.0,0.0,0.0,0.15385,0.0,0.0,0.0,0.92308,0.0,0.0,0.23077,0.0,0.076923,0.0,6.2222,4.5556,6.3333,6.4444,6.8889,5.3333,5.7778,7.4444,2.5556,6.8889,6.1111,4.7778,5.6667,6.6667
1424,1425,stimulus_1425,/pscratch/sd/s/sjmoon/EmoFM/videos/CowenEmotionVideos/1425.mp4,True,0.0,0.0,0.0,0.0,0.0,0.0,0.0,0.0,0.0,0.0,0.076923,0.0,0.0,0.0,1.0,0.0,0.0,0.0,0.0,0.15385,0.0,0.0,0.0,0.0,0.0,0.0,0.0,0.0,0.0,0.0,0.0,0.076923,0.0,0.0,3.7778,3.8889,2.8889,1.1111,4.8889,3.6667,2.5556,5.1111,3.4444,5.1111,2.8889,3.7778,5.1111,3.7778
1425,1426,stimulus_1426,/pscratch/sd/s/sjmoon/EmoFM/videos/CowenEmotionVideos/1426.mp4,True,0.076923,0.0,0.76923,0.076923,0.0,0.0,0.38462,0.0,0.0,0.076923,0.0,0.0,0.0,0.0,0.0,0.0,0.15385,0.076923,0.076923,0.0,0.0,0.0,0.15385,0.23077,0.0,0.0,0.0,0.0,0.0,0.0,0.0,0.0,0.0,0.0,6.4444,3.8889,6.5556,7.2222,6.4444,6.2222,3.6667,6.6667,2.8889,6.6667,3.7778,2.7778,6.2222,7.0
1426,1427,stimulus_1427,/pscratch/sd/s/sjmoon/EmoFM/videos/CowenEmotionVideos/1427.mp4,True,0.0,0.0,0.23077,0.0,0.0,0.0,0.076923,0.0,0.15385,0.38462,0.0,0.076923,0.38462,0.0,0.0,0.0,0.0,0.0,0.0,0.0,0.0,0.0,0.0,0.0,0.0,0.0,0.0,0.0,0.0,0.15385,0.076923,0.076923,0.0,0.0,4.6667,4.2222,7.3333,7.1111,6.0,6.4444,4.1111,8.1111,1.0,7.2222,4.8889,2.6667,7.3333,6.4444
1427,1428,stimulus_1428,/pscratch/sd/s/sjmoon/EmoFM/videos/CowenEmotionVideos/1428.mp4,True,0.0,0.0,0.0,0.46154,0.0,0.0,0.076923,0.15385,0.076923,0.0,0.076923,0.0,0.0,0.0,0.0,0.0,0.0,0.0,0.076923,0.0,0.0,0.0,0.076923,0.076923,0.30769,0.0,0.0,0.0,0.0,0.076923,0.0,0.15385,0.0,0.0,5.2222,4.4444,6.2222,6.0,6.1111,5.1111,4.7778,6.6667,2.3333,6.8889,5.1111,3.3333,6.3333,6.0
1428,1429,stimulus_1429,/pscratch/sd/s/sjmoon/EmoFM/videos/CowenEmotionVideos/1429.mp4,True,0.0,0.46154,0.076923,0.15385,0.0,0.0,0.46154,0.0,0.0,0.076923,0.0,0.0,0.0,0.0,0.0,0.0,0.0,0.0,0.0,0.0,0.0,0.0,0.076923,0.23077,0.0,0.0,0.0,0.0,0.0,0.0,0.0,0.0,0.076923,0.0,5.3333,3.3333,8.1111,7.5556,5.4444,5.7778,7.5556,7.4444,1.6667,6.7778,5.7778,1.8889,7.5556,6.4444
1429,1430,stimulus_1430,/pscratch/sd/s/sjmoon/EmoFM/videos/CowenEmotionVideos/1430.mp4,True,0.076923,0.076923,0.0,0.076923,0.0,0.0,0.23077,0.0,0.0,0.0,0.15385,0.076923,0.0,0.0,0.0,0.0,0.0,0.0,0.15385,0.15385,0.0,0.0,0.23077,0.0,0.0,0.0,0.0,0.0,0.0,0.0,0.0,0.53846,0.0,0.0,7.0,4.1111,5.8889,5.2222,6.8889,4.8889,6.0,3.7778,2.6667,4.7778,5.1111,2.7778,4.0,5.8889
1430,1431,stimulus_1431,/pscratch/sd/s/sjmoon/EmoFM/videos/CowenEmotionVideos/1431.mp4,True,0.0,0.0,0.46154,0.076923,0.0,0.0,0.076923,0.0,0.076923,0.076923,0.076923,0.0,0.0,0.0,0.0,0.0,0.30769,0.0,0.0,0.0,0.0,0.0,0.38462,0.0,0.0,0.0,0.0,0.0,0.0,0.076923,0.0,0.0,0.0,0.0,6.8889,3.6667,6.1111,5.0,6.1111,4.2222,4.1111,5.8889,4.3333,5.8889,5.1111,4.1111,6.1111,6.0
1431,1432,stimulus_1432,/pscratch/sd/s/sjmoon/EmoFM/videos/CowenEmotionVideos/1432.mp4,True,0.076923,0.0,0.0,0.15385,0.0,0.076923,0.076923,0.0,0.0,0.0,0.0,0.076923,0.0,0.0,0.0,0.0,0.0,0.0,0.076923,0.0,0.0,0.0,0.076923,0.53846,0.076923,0.076923,0.15385,0.0,0.076923,0.15385,0.0,0.30769,0.23077,0.15385,6.6667,4.4444,6.6667,7.6667,6.1111,7.4444,6.2222,7.4444,3.2222,6.3333,6.3333,2.8889,7.0,7.5556
1432,1433,stimulus_1433,/pscratch/sd/s/sjmoon/EmoFM/videos/CowenEmotionVideos/1433.mp4,True,0.0,0.0,0.076923,0.076923,0.0,0.0,0.076923,0.15385,0.076923,0.0,0.15385,0.076923,0.0,0.0,0.0,0.0,0.0,0.0,0.0,0.0,0.0,0.0,0.38462,0.076923,0.0,0.0,0.0,0.0,0.0,0.15385,0.076923,0.61538,0.0,0.0,5.4444,3.3333,5.8889,6.0,5.5556,4.1111,5.0,5.2222,2.6667,6.1111,6.1111,3.5556,6.3333,6.0
1433,1434,stimulus_1434,/pscratch/sd/s/sjmoon/EmoFM/videos/CowenEmotionVideos/1434.mp4,True,0.0,0.0,0.0,0.076923,0.0,0.15385,0.0,0.0,0.0,0.0,0.0,0.0,0.0,0.0,0.23077,0.0,0.0,0.0,0.0,0.46154,0.0,0.69231,0.0,0.0,0.076923,0.0,0.0,0.0,0.0,0.0,0.0,0.0,0.0,0.0,6.3333,5.4444,2.2222,1.2222,5.5556,3.5556,3.2222,3.3333,4.2222,2.7778,3.0,5.4444,2.7778,2.5556
1434,1435,stimulus_1435,/pscratch/sd/s/sjmoon/EmoFM/videos/CowenEmotionVideos/1435.mp4,True,0.0,0.0,0.0,0.0,0.0,0.0,0.0,0.0,0.076923,0.0,0.0,0.0,0.0,0.0,0.0,0.0,0.0,0.0,0.15385,0.0,0.0,0.0,0.0,0.0,0.0,0.0,0.0,0.76923,0.0,0.0,0.30769,0.0,0.0,0.0,5.2222,5.1111,6.1111,6.0,4.8889,5.3333,6.3333,6.3333,2.6667,5.7778,5.6667,3.7778,6.5556,6.3333
1435,1436,stimulus_1436,/pscratch/sd/s/sjmoon/EmoFM/videos/CowenEmotionVideos/1436.mp4,True,0.0,0.0,0.0,0.53846,0.0,0.15385,0.15385,0.0,0.0,0.0,0.0,0.0,0.0,0.0,0.0,0.0,0.0,0.076923,0.076923,0.076923,0.0,0.0,0.0,0.15385,0.0,0.0,0.0,0.0,0.0,0.076923,0.0,0.61538,0.0,0.0,6.5556,5.1111,7.0,6.5556,6.3333,4.8889,4.8889,7.1111,2.2222,5.8889,5.2222,2.6667,4.1111,7.5556
1436,1437,stimulus_1437,/pscratch/sd/s/sjmoon/EmoFM/videos/CowenEmotionVideos/1437.mp4,True,0.0,0.0,0.076923,0.38462,0.0,0.0,0.0,0.0,0.076923,0.076923,0.0,0.076923,0.0,0.0,0.0,0.0,0.076923,0.0,0.0,0.0,0.0,0.0,0.23077,0.076923,0.30769,0.0,0.0,0.0,0.0,0.0,0.0,0.0,0.0,0.0,5.6667,3.8889,6.2222,6.6667,6.2222,5.4444,5.7778,6.0,4.6667,5.7778,5.5556,3.1111,6.0,5.7778
1437,1438,stimulus_1438,/pscratch/sd/s/sjmoon/EmoFM/videos/CowenEmotionVideos/1438.mp4,True,0.0,0.0,0.0,0.0,0.0,0.0,0.0,0.15385,0.0,0.0,0.0,0.0,0.0,0.0,0.15385,0.0,0.0,0.0,0.076923,0.0,0.0,0.0,0.0,0.0,0.0,0.0,0.0,0.0,0.0,0.076923,0.84615,0.0,0.0,0.0,6.4444,5.6667,5.5556,5.7778,5.0,5.0,4.7778,5.5556,3.7778,6.1111,4.4444,4.3333,5.1111,5.5556
1438,1439,stimulus_1439,/pscratch/sd/s/sjmoon/EmoFM/videos/CowenEmotionVideos/1439.mp4,True,0.076923,0.0,0.76923,0.076923,0.0,0.0,0.30769,0.0,0.0,0.15385,0.0,0.15385,0.0,0.0,0.0,0.0,0.0,0.15385,0.076923,0.0,0.0,0.0,0.15385,0.15385,0.0,0.0,0.0,0.076923,0.0,0.076923,0.0,0.0,0.0,0.0,7.3333,4.3333,7.7778,7.7778,6.7778,5.7778,5.8889,5.8889,2.0,6.3333,5.7778,1.8889,6.6667,6.2222
1439,1440,stimulus_1440,/pscratch/sd/s/sjmoon/EmoFM/videos/CowenEmotionVideos/1440.mp4,True,0.0,0.0,0.0,0.076923,0.0,0.15385,0.15385,0.0,0.0,0.0,0.0,0.0,0.0,0.0,0.0,0.15385,0.15385,0.0,0.0,0.69231,0.0,0.0,0.15385,0.0,0.0,0.0,0.23077,0.0,0.0,0.15385,0.0,0.23077,0.076923,0.15385,6.4444,4.6667,5.0,3.5556,6.5556,3.0,5.1111,5.4444,4.1111,4.7778,4.5556,3.7778,3.4444,7.0
1440,1441,stimulus_1441,/pscratch/sd/s/sjmoon/EmoFM/videos/CowenEmotionVideos/1441.mp4,True,0.0,0.0,0.0,0.0,0.0,0.045455,0.0,0.045455,0.0,0.0,0.045455,0.0,0.0,0.0,1.0,0.0,0.0,0.0,0.0,0.0,0.0,0.36364,0.090909,0.0,0.0,0.0,0.0,0.0,0.0,0.0,0.0,0.0,0.0,0.0,6.2222,3.4444,1.6667,2.0,5.7778,3.1111,4.1111,5.8889,6.1111,3.2222,2.7778,5.4444,2.8889,3.1111
1441,1442,stimulus_1442,/pscratch/sd/s/sjmoon/EmoFM/videos/CowenEmotionVideos/1442.mp4,True,0.0,0.0,0.0,0.22727,0.090909,0.22727,0.0,0.045455,0.090909,0.0,0.40909,0.0,0.0,0.0,0.22727,0.0,0.0,0.0,0.0,0.18182,0.0,0.045455,0.0,0.045455,0.0,0.0,0.0,0.0,0.0,0.0,0.0,0.045455,0.0,0.0,6.6667,5.4444,1.8889,2.1111,6.8889,4.2222,4.2222,2.7778,5.2222,2.8889,2.3333,5.3333,2.5556,3.2222
1442,1443,stimulus_1443,/pscratch/sd/s/sjmoon/EmoFM/videos/CowenEmotionVideos/1443.mp4,True,0.0,0.0,0.045455,0.090909,0.0,0.090909,0.13636,0.0,0.0,0.0,0.0,0.0,0.0,0.0,0.22727,0.0,0.090909,0.0,0.0,0.18182,0.0,0.36364,0.31818,0.0,0.0,0.0,0.0,0.0,0.0,0.0,0.0,0.0,0.0,0.0,6.0,4.4444,3.2222,2.7778,6.2222,6.0,4.0,6.6667,3.5556,4.5556,3.6667,4.0,4.4444,4.5556
1443,1444,stimulus_1444,/pscratch/sd/s/sjmoon/EmoFM/videos/CowenEmotionVideos/1444.mp4,True,0.22727,0.31818,0.0,0.090909,0.0,0.0,0.090909,0.0,0.0,0.0,0.0,0.0,0.0,0.0,0.0,0.0,0.0,0.0,0.0,0.0,0.0,0.0,0.0,0.36364,0.0,0.0,0.0,0.77273,0.0,0.090909,0.0,0.045455,0.045455,0.0,5.1111,4.8889,7.6667,7.3333,6.5556,6.6667,7.1111,7.4444,2.3333,7.4444,6.4444,2.0,7.0,6.5556
1444,1445,stimulus_1445,/pscratch/sd/s/sjmoon/EmoFM/videos/CowenEmotionVideos/1445.mp4,True,0.45455,0.0,0.0,0.0,0.0,0.0,0.090909,0.0,0.0,0.0,0.0,0.0,0.0,0.0,0.0,0.0,0.0,0.090909,0.045455,0.0,0.0,0.0,0.0,0.13636,0.22727,0.0,0.0,0.0,0.27273,0.090909,0.0,0.0,0.13636,0.13636,6.6667,5.5556,6.7778,6.8889,7.1111,6.7778,7.2222,6.8889,1.8889,3.7778,6.3333,2.0,6.2222,5.6667
1445,1446,stimulus_1446,/pscratch/sd/s/sjmoon/EmoFM/videos/CowenEmotionVideos/1446.mp4,True,0.0,0.0,0.40909,0.0,0.0,0.0,0.045455,0.0,0.18182,0.36364,0.0,0.0,0.18182,0.0,0.0,0.0,0.18182,0.0,0.0,0.0,0.0,0.0,0.0,0.0,0.0,0.0,0.0,0.0,0.0,0.045455,0.0,0.0,0.0,0.0,5.2222,4.7778,6.2222,6.5556,6.3333,6.4444,5.0,7.7778,1.8889,6.6667,4.8889,2.8889,6.8889,5.8889
1446,1447,stimulus_1447,/pscratch/sd/s/sjmoon/EmoFM/videos/CowenEmotionVideos/1447.mp4,True,0.0,0.0,0.0,0.0,0.0,0.0,0.045455,0.0,0.0,0.090909,0.0,0.0,0.0,0.0,0.090909,0.0,0.045455,0.090909,0.090909,0.0,0.0,0.0,0.090909,0.0,0.0,0.0,0.0,0.0,0.0,0.045455,0.72727,0.045455,0.0,0.0,6.7778,5.4444,6.7778,5.8889,7.1111,6.1111,5.2222,6.8889,2.4444,6.0,5.3333,3.5556,6.4444,5.3333
1447,1448,stimulus_1448,/pscratch/sd/s/sjmoon/EmoFM/videos/CowenEmotionVideos/1448.mp4,True,0.0,0.0,0.0,0.5,0.0,0.045455,0.045455,0.045455,0.090909,0.0,0.54545,0.0,0.0,0.0,0.0,0.0,0.0,0.0,0.0,0.090909,0.0,0.0,0.18182,0.0,0.0,0.0,0.0,0.0,0.0,0.0,0.0,0.13636,0.0,0.0,5.7778,4.3333,4.8889,5.2222,4.8889,4.7778,4.2222,6.5556,2.8889,6.0,4.5556,4.2222,6.2222,6.1111
1448,1449,stimulus_1449,/pscratch/sd/s/sjmoon/EmoFM/videos/CowenEmotionVideos/1449.mp4,True,0.0,0.0,0.090909,0.0,0.0,0.0,0.0,0.0,0.0,0.0,0.0,0.0,0.90909,0.0,0.0,0.0,0.0,0.0,0.0,0.0,0.0,0.0,0.13636,0.0,0.18182,0.0,0.0,0.0,0.0,0.045455,0.0,0.0,0.0,0.0,5.6667,4.6667,6.7778,6.5556,6.1111,6.5556,5.0,7.2222,2.4444,6.7778,6.0,2.6667,6.4444,6.0
1449,1450,stimulus_1450,/pscratch/sd/s/sjmoon/EmoFM/videos/CowenEmotionVideos/1450.mp4,True,0.0,0.0,0.0,0.45455,0.18182,0.0,0.0,0.045455,0.0,0.0,0.22727,0.090909,0.0,0.0,0.27273,0.0,0.0,0.0,0.0,0.0,0.0,0.0,0.0,0.0,0.0,0.0,0.0,0.0,0.18182,0.0,0.0,0.045455,0.13636,0.0,6.3333,4.7778,3.4444,3.1111,5.4444,4.2222,5.2222,3.2222,3.5556,2.8889,4.3333,4.8889,3.6667,2.7778
1450,1451,stimulus_1451,/pscratch/sd/s/sjmoon/EmoFM/videos/CowenEmotionVideos/1451.mp4,True,0.0,0.0,0.18182,0.0,0.0,0.0,0.045455,0.0,0.0,0.0,0.22727,0.0,0.5,0.0,0.0,0.0,0.090909,0.0,0.0,0.0,0.0,0.0,0.090909,0.0,0.0,0.0,0.0,0.0,0.0,0.0,0.0,0.090909,0.0,0.0,6.0,5.5556,5.8889,6.1111,6.0,5.3333,3.6667,7.2222,2.2222,6.1111,4.7778,2.4444,5.7778,6.0
1451,1452,stimulus_1452,/pscratch/sd/s/sjmoon/EmoFM/videos/CowenEmotionVideos/1452.mp4,True,0.0,0.27273,0.0,0.40909,0.0,0.0,0.27273,0.0,0.0,0.0,0.045455,0.0,0.0,0.0,0.0,0.0,0.0,0.0,0.0,0.0,0.0,0.0,0.13636,0.045455,0.0,0.0,0.0,0.0,0.0,0.045455,0.0,0.18182,0.0,0.0,5.7778,5.2222,7.5556,8.0,5.8889,6.1111,6.8889,7.6667,1.7778,6.5556,5.5556,2.7778,5.8889,7.7778
1452,1453,stimulus_1453,/pscratch/sd/s/sjmoon/EmoFM/videos/CowenEmotionVideos/1453.mp4,True,0.45455,0.18182,0.0,0.090909,0.0,0.0,0.18182,0.0,0.0,0.0,0.090909,0.0,0.0,0.0,0.0,0.0,0.0,0.0,0.0,0.0,0.0,0.0,0.0,0.31818,0.0,0.090909,0.090909,0.0,0.0,0.18182,0.0,0.18182,0.090909,0.045455,6.1111,5.4444,7.4444,6.4444,7.3333,6.1111,6.6667,5.6667,3.3333,5.0,6.1111,3.0,5.3333,6.2222
1453,1454,stimulus_1454,/pscratch/sd/s/sjmoon/EmoFM/videos/CowenEmotionVideos/1454.mp4,True,0.0,0.0,0.0,0.40909,0.0,0.31818,0.0,0.0,0.0,0.0,0.045455,0.0,0.0,0.0,0.0,0.0,0.0,0.0,0.045455,0.27273,0.0,0.18182,0.13636,0.090909,0.0,0.0,0.0,0.0,0.0,0.0,0.0,0.13636,0.0,0.0,6.5556,4.1111,5.2222,4.6667,7.2222,4.8889,5.6667,5.7778,3.3333,4.2222,4.5556,4.0,3.5556,6.5556
1454,1455,stimulus_1455,/pscratch/sd/s/sjmoon/EmoFM/videos/CowenEmotionVideos/1455.mp4,True,0.0,0.0,0.22727,0.090909,0.0,0.0,0.045455,0.0,0.18182,0.0,0.0,0.0,0.0,0.0,0.0,0.0,0.090909,0.0,0.0,0.0,0.0,0.0,0.22727,0.0,0.18182,0.0,0.0,0.0,0.090909,0.13636,0.0,0.0,0.0,0.0,5.3333,4.5556,5.6667,5.0,6.0,3.8889,5.6667,6.3333,2.6667,5.2222,5.8889,2.8889,6.2222,5.4444
1455,1456,stimulus_1456,/pscratch/sd/s/sjmoon/EmoFM/videos/CowenEmotionVideos/1456.mp4,True,0.0,0.090909,0.0,0.77273,0.0,0.0,0.090909,0.0,0.0,0.0,0.0,0.0,0.0,0.0,0.0,0.0,0.0,0.0,0.0,0.0,0.0,0.0,0.045455,0.045455,0.0,0.0,0.0,0.0,0.0,0.18182,0.0,0.18182,0.045455,0.0,6.1111,4.7778,6.6667,6.6667,6.2222,7.1111,7.0,7.2222,2.7778,6.2222,6.2222,2.3333,7.3333,6.8889
1456,1457,stimulus_1457,/pscratch/sd/s/sjmoon/EmoFM/videos/CowenEmotionVideos/1457.mp4,True,0.0,0.0,0.0,0.0,0.0,0.0,0.13636,0.0,0.0,0.0,0.045455,0.0,0.0,0.090909,0.13636,0.0,0.0,0.0,0.36364,0.0,0.0,0.13636,0.045455,0.0,0.0,0.0,0.0,0.0,0.13636,0.0,0.0,0.45455,0.0,0.0,5.0,4.0,3.2222,2.6667,6.4444,4.2222,3.7778,3.3333,5.1111,3.5556,3.5556,4.8889,3.8889,4.5556
1457,1458,stimulus_1458,/pscratch/sd/s/sjmoon/EmoFM/videos/CowenEmotionVideos/1458.mp4,True,0.0,0.0,0.0,0.5,0.0,0.0,0.0,0.0,0.18182,0.0,0.0,0.0,0.0,0.0,0.0,0.0,0.0,0.0,0.0,0.0,0.0,0.0,0.0,0.0,0.36364,0.0,0.0,0.0,0.0,0.0,0.0,0.0,0.0,0.0,5.5556,5.3333,6.2222,5.1111,6.0,6.0,5.0,6.6667,3.3333,7.0,4.2222,3.8889,6.6667,6.3333
1458,1459,stimulus_1459,/pscratch/sd/s/sjmoon/EmoFM/videos/CowenEmotionVideos/1459.mp4,True,0.18182,0.0,0.0,0.45455,0.0,0.0,0.090909,0.0,0.045455,0.0,0.0,0.0,0.0,0.0,0.0,0.0,0.0,0.0,0.045455,0.0,0.0,0.0,0.0,0.0,0.0,0.0,0.090909,0.0,0.0,0.13636,0.0,0.31818,0.090909,0.090909,5.4444,5.3333,5.6667,5.0,6.0,4.8889,6.1111,5.4444,2.6667,6.0,6.5556,2.7778,5.0,7.0
1459,1460,stimulus_1460,/pscratch/sd/s/sjmoon/EmoFM/videos/CowenEmotionVideos/1460.mp4,True,0.0,0.13636,0.090909,0.0,0.0,0.0,0.0,0.0,0.090909,0.090909,0.0,0.0,0.090909,0.0,0.0,0.0,0.0,0.0,0.0,0.0,0.0,0.0,0.0,0.090909,0.18182,0.0,0.0,0.72727,0.0,0.0,0.0,0.0,0.0,0.0,6.2222,4.0,6.7778,7.1111,6.7778,6.8889,6.7778,7.5556,1.8889,6.4444,6.5556,2.2222,7.8889,6.3333
1460,1461,stimulus_1461,/pscratch/sd/s/sjmoon/EmoFM/videos/CowenEmotionVideos/1461.mp4,True,0.0,0.0,0.0,0.63636,0.090909,0.0,0.045455,0.0,0.0,0.0,0.090909,0.0,0.0,0.13636,0.090909,0.0,0.0,0.0,0.045455,0.0,0.0,0.0,0.13636,0.0,0.0,0.0,0.0,0.0,0.090909,0.0,0.0,0.13636,0.13636,0.0,6.5556,6.2222,4.6667,4.6667,6.6667,4.7778,4.8889,4.1111,4.2222,3.4444,3.4444,3.6667,4.5556,4.4444
1461,1462,stimulus_1462,/pscratch/sd/s/sjmoon/EmoFM/videos/CowenEmotionVideos/1462.mp4,True,0.0,0.0,0.0,0.59091,0.0,0.045455,0.0,0.045455,0.0,0.0,0.40909,0.0,0.0,0.0,0.090909,0.0,0.0,0.0,0.0,0.0,0.0,0.0,0.0,0.090909,0.0,0.0,0.0,0.0,0.0,0.0,0.045455,0.045455,0.0,0.0,5.6667,4.5556,5.4444,5.0,5.4444,5.6667,4.2222,5.0,3.8889,5.5556,4.2222,3.1111,5.5556,5.1111
1462,1463,stimulus_1463,/pscratch/sd/s/sjmoon/EmoFM/videos/CowenEmotionVideos/1463.mp4,True,0.090909,0.22727,0.0,0.5,0.0,0.0,0.45455,0.0,0.0,0.0,0.0,0.0,0.0,0.0,0.0,0.0,0.0,0.0,0.0,0.0,0.0,0.0,0.090909,0.045455,0.0,0.0,0.0,0.0,0.0,0.090909,0.0,0.18182,0.0,0.0,6.4444,4.7778,7.1111,6.2222,6.6667,6.5556,7.0,7.2222,1.8889,6.7778,6.1111,2.4444,6.3333,7.0
1463,1464,stimulus_1464,/pscratch/sd/s/sjmoon/EmoFM/videos/CowenEmotionVideos/1464.mp4,True,0.0,0.0,0.0,0.0,0.18182,0.090909,0.0,0.090909,0.0,0.0,0.090909,0.0,0.0,0.0,0.22727,0.090909,0.0,0.0,0.0,0.27273,0.0,0.59091,0.0,0.0,0.0,0.0,0.0,0.0,0.36364,0.0,0.0,0.22727,0.22727,0.0,5.6667,4.3333,1.3333,3.0,6.8889,3.5556,4.6667,2.1111,6.5556,2.5556,3.5556,5.5556,1.6667,2.1111
1464,1465,stimulus_1465,/pscratch/sd/s/sjmoon/EmoFM/videos/CowenEmotionVideos/1465.mp4,True,0.045455,0.54545,0.0,0.22727,0.0,0.0,0.18182,0.0,0.0,0.0,0.090909,0.0,0.0,0.0,0.0,0.0,0.0,0.0,0.0,0.0,0.0,0.0,0.0,0.22727,0.0,0.0,0.0,0.0,0.0,0.090909,0.0,0.045455,0.0,0.0,5.2222,5.1111,6.4444,6.0,6.2222,6.2222,6.4444,6.4444,3.5556,6.2222,5.7778,2.5556,6.1111,5.4444
1465,1466,stimulus_1466,/pscratch/sd/s/sjmoon/EmoFM/videos/CowenEmotionVideos/1466.mp4,True,0.0,0.0,0.0,0.63636,0.0,0.045455,0.090909,0.0,0.0,0.0,0.0,0.0,0.0,0.0,0.0,0.045455,0.0,0.0,0.090909,0.0,0.0,0.045455,0.22727,0.090909,0.0,0.0,0.0,0.0,0.0,0.0,0.0,0.22727,0.045455,0.0,4.7778,3.3333,3.1111,2.3333,5.5556,3.4444,4.7778,2.8889,4.4444,3.2222,4.2222,3.3333,2.6667,3.7778
1466,1467,stimulus_1467,/pscratch/sd/s/sjmoon/EmoFM/videos/CowenEmotionVideos/1467.mp4,True,0.0,0.0,0.36364,0.090909,0.0,0.0,0.090909,0.0,0.090909,0.0,0.0,0.0,0.0,0.0,0.0,0.0,0.27273,0.0,0.0,0.0,0.0,0.0,0.27273,0.0,0.0,0.0,0.0,0.0,0.0,0.090909,0.0,0.090909,0.0,0.0,3.8889,4.7778,4.7778,6.4444,4.6667,4.4444,3.7778,6.5556,3.5556,5.1111,4.4444,2.4444,5.1111,5.6667
1467,1468,stimulus_1468,/pscratch/sd/s/sjmoon/EmoFM/videos/CowenEmotionVideos/1468.mp4,True,0.0,0.13636,0.0,0.18182,0.0,0.0,0.0,0.0,0.0,0.0,0.0,0.0,0.0,0.0,0.0,0.0,0.0,0.13636,0.045455,0.0,0.0,0.0,0.0,0.090909,0.045455,0.0,0.0,0.81818,0.0,0.045455,0.090909,0.0,0.0,0.0,4.5556,4.1111,5.5556,4.5556,4.6667,4.0,4.3333,5.8889,3.4444,5.3333,3.7778,2.7778,5.4444,5.7778
1468,1469,stimulus_1469,/pscratch/sd/s/sjmoon/EmoFM/videos/CowenEmotionVideos/1469.mp4,True,0.18182,0.40909,0.0,0.0,0.0,0.0,0.13636,0.0,0.0,0.0,0.0,0.0,0.0,0.0,0.0,0.0,0.0,0.045455,0.090909,0.0,0.0,0.0,0.0,0.27273,0.090909,0.13636,0.0,0.45455,0.0,0.13636,0.0,0.0,0.0,0.045455,5.3333,5.0,5.0,5.1111,5.0,4.5556,4.8889,6.2222,4.0,4.6667,4.0,3.2222,4.7778,4.6667
1469,1470,stimulus_1470,/pscratch/sd/s/sjmoon/EmoFM/videos/CowenEmotionVideos/1470.mp4,True,0.0,0.0,0.36364,0.18182,0.0,0.0,0.045455,0.0,0.090909,0.090909,0.045455,0.0,0.0,0.0,0.0,0.0,0.27273,0.0,0.0,0.0,0.0,0.0,0.0,0.090909,0.0,0.0,0.0,0.0,0.13636,0.0,0.0,0.0,0.090909,0.0,4.1111,4.8889,4.7778,5.3333,5.6667,3.4444,5.1111,4.4444,3.5556,3.5556,4.1111,3.2222,4.6667,4.8889
1470,1471,stimulus_1471,/pscratch/sd/s/sjmoon/EmoFM/videos/CowenEmotionVideos/1471.mp4,True,0.0,0.0,0.0,0.0,0.0,0.0,0.0,0.14286,0.071429,0.0,0.0,0.0,0.0,0.0,0.92857,0.0,0.0,0.0,0.0,0.0,0.0,0.071429,0.0,0.0,0.0,0.0,0.0,0.0,0.0,0.0,0.0,0.0,0.0,0.0,4.8889,3.2222,2.1111,2.1111,3.4444,4.3333,3.5556,3.0,5.1111,3.6667,3.5556,4.1111,2.6667,2.1111
1471,1472,stimulus_1472,/pscratch/sd/s/sjmoon/EmoFM/videos/CowenEmotionVideos/1472.mp4,True,0.0,0.035714,0.071429,0.0,0.0,0.0,0.0,0.071429,0.0,0.0,0.0,0.0,0.14286,0.0,0.28571,0.0,0.0,0.071429,0.21429,0.0,0.0,0.0,0.14286,0.0,0.0,0.0,0.0,0.0,0.0,0.071429,0.57143,0.0,0.0,0.0,6.1111,6.2222,5.4444,5.5556,6.4444,5.3333,5.7778,7.2222,3.0,5.3333,5.5556,2.8889,5.6667,5.7778
1472,1473,stimulus_1473,/pscratch/sd/s/sjmoon/EmoFM/videos/CowenEmotionVideos/1473.mp4,True,0.0,0.35714,0.0,0.071429,0.0,0.071429,0.21429,0.0,0.0,0.0,0.14286,0.0,0.0,0.0,0.0,0.071429,0.0,0.0,0.0,0.0,0.0,0.071429,0.0,0.071429,0.0,0.0,0.0,0.0,0.53571,0.0,0.0,0.0,0.25,0.0,5.0,4.1111,3.0,3.0,6.2222,4.0,7.0,4.5556,4.7778,3.4444,4.4444,3.7778,3.4444,3.1111
1473,1474,stimulus_1474,/pscratch/sd/s/sjmoon/EmoFM/videos/CowenEmotionVideos/1474.mp4,True,0.14286,0.0,0.0,0.21429,0.0,0.0,0.0,0.071429,0.071429,0.0,0.0,0.0,0.0,0.0,0.0,0.0,0.0,0.14286,0.28571,0.0,0.0,0.0,0.21429,0.14286,0.0,0.0,0.0,0.0,0.0,0.071429,0.0,0.21429,0.071429,0.35714,5.1111,5.1111,5.2222,5.4444,5.4444,4.6667,5.8889,6.5556,4.4444,5.1111,4.8889,3.2222,4.8889,5.3333
1474,1475,stimulus_1475,/pscratch/sd/s/sjmoon/EmoFM/videos/CowenEmotionVideos/1475.mp4,True,0.0,0.0,0.035714,0.0,0.071429,0.14286,0.0,0.14286,0.0,0.0,0.071429,0.0,0.0,0.0,0.75,0.0,0.035714,0.0,0.0,0.14286,0.14286,0.5,0.0,0.0,0.0,0.0,0.0,0.0,0.53571,0.0,0.0,0.0,0.35714,0.0,4.6667,2.3333,1.6667,1.5556,4.2222,3.4444,6.2222,3.6667,5.7778,2.3333,2.2222,5.1111,2.3333,2.0
1475,1476,stimulus_1476,/pscratch/sd/s/sjmoon/EmoFM/videos/CowenEmotionVideos/1476.mp4,True,0.0,0.0,0.71429,0.0,0.0,0.0,0.5,0.0,0.0,0.35714,0.0,0.0,0.14286,0.0,0.0,0.0,0.14286,0.071429,0.071429,0.0,0.0,0.0,0.28571,0.071429,0.0,0.0,0.0,0.0,0.0,0.071429,0.0,0.0,0.0,0.0,5.7778,5.0,6.2222,6.5556,5.3333,5.3333,3.1111,5.8889,4.2222,6.0,4.0,2.4444,5.0,4.6667
1476,1477,stimulus_1477,/pscratch/sd/s/sjmoon/EmoFM/videos/CowenEmotionVideos/1477.mp4,True,0.0,0.0,0.0,0.14286,0.0,0.0,0.0,0.0,0.21429,0.0,0.14286,0.0,0.0,0.0,0.0,0.0,0.0,0.0,0.0,0.0,0.0,0.0,0.42857,0.0,0.0,0.0,0.0,0.0,0.0,0.071429,0.0,0.14286,0.0,0.0,6.5556,5.4444,6.1111,6.5556,6.5556,4.3333,5.1111,7.5556,4.6667,4.7778,5.0,3.1111,4.8889,7.0
1477,1478,stimulus_1478,/pscratch/sd/s/sjmoon/EmoFM/videos/CowenEmotionVideos/1478.mp4,True,0.0,0.0,0.0,0.0,0.42857,0.0,0.0,0.0,0.0,0.0,0.21429,0.14286,0.0,0.28571,0.32143,0.0,0.0,0.0,0.0,0.071429,0.071429,0.0,0.0,0.0,0.0,0.0,0.0,0.0,0.75,0.0,0.0,0.14286,0.14286,0.0,6.3333,3.8889,1.8889,2.6667,6.1111,3.3333,4.5556,2.3333,5.2222,2.3333,4.2222,4.7778,2.5556,2.1111
1478,1479,stimulus_1479,/pscratch/sd/s/sjmoon/EmoFM/videos/CowenEmotionVideos/1479.mp4,True,0.071429,0.0,0.0,0.35714,0.0,0.071429,0.0,0.071429,0.14286,0.071429,0.0,0.0,0.0,0.0,0.0,0.0,0.0,0.0,0.0,0.0,0.0,0.0,0.14286,0.0,0.5,0.0,0.0,0.0,0.10714,0.071429,0.0,0.0,0.071429,0.0,4.8889,3.8889,5.1111,4.5556,5.4444,5.1111,4.7778,5.2222,3.8889,4.2222,5.2222,4.3333,4.4444,4.8889
1479,1480,stimulus_1480,/pscratch/sd/s/sjmoon/EmoFM/videos/CowenEmotionVideos/1480.mp4,True,0.0,0.0,0.0,0.14286,0.0,0.0,0.0,0.0,0.0,0.071429,0.39286,0.0,0.0,0.0,0.0,0.0,0.0,0.0,0.0,0.0,0.0,0.0,0.28571,0.071429,0.0,0.0,0.0,0.0,0.0,0.0,0.0,0.28571,0.0,0.0,5.2222,4.5556,5.2222,5.0,6.5556,4.0,4.2222,6.1111,3.8889,4.5556,4.3333,2.5556,5.3333,6.6667
1480,1481,stimulus_1481,/pscratch/sd/s/sjmoon/EmoFM/videos/CowenEmotionVideos/1481.mp4,True,0.071429,0.42857,0.0,0.42857,0.0,0.0,0.21429,0.0,0.0,0.14286,0.0,0.0,0.0,0.0,0.0,0.0,0.071429,0.0,0.0,0.0,0.0,0.0,0.071429,0.35714,0.0,0.0,0.0,0.0,0.0,0.0,0.0,0.14286,0.071429,0.0,5.5556,5.1111,7.5556,7.5556,6.0,4.7778,6.1111,7.1111,3.2222,5.0,5.8889,2.6667,6.2222,6.4444
1481,1482,stimulus_1482,/pscratch/sd/s/sjmoon/EmoFM/videos/CowenEmotionVideos/1482.mp4,True,0.0,0.0,0.0,0.25,0.0,0.0,0.0,0.0,0.14286,0.0,0.0,0.0,0.0,0.0,0.0,0.0,0.035714,0.0,0.071429,0.0,0.0,0.0,0.28571,0.071429,0.71429,0.0,0.0,0.0,0.0,0.0,0.0,0.0,0.0,0.0,7.3333,4.6667,6.4444,6.7778,6.6667,5.3333,4.7778,6.2222,3.2222,5.0,5.1111,3.7778,5.5556,5.7778
1482,1483,stimulus_1483,/pscratch/sd/s/sjmoon/EmoFM/videos/CowenEmotionVideos/1483.mp4,True,0.17857,0.0,0.0,0.42857,0.0,0.0,0.0,0.0,0.14286,0.0,0.0,0.0,0.0,0.0,0.0,0.0,0.0,0.071429,0.21429,0.0,0.0,0.0,0.071429,0.21429,0.071429,0.0,0.0,0.0,0.0,0.071429,0.0,0.0,0.0,0.071429,5.1111,3.7778,7.1111,7.1111,6.1111,5.2222,4.2222,7.1111,2.7778,5.4444,5.2222,3.0,5.4444,6.6667
1483,1484,stimulus_1484,/pscratch/sd/s/sjmoon/EmoFM/videos/CowenEmotionVideos/1484.mp4,True,0.0,0.0,0.0,0.5,0.0,0.14286,0.0,0.14286,0.0,0.0,0.0,0.0,0.0,0.071429,0.0,0.14286,0.0,0.0,0.0,0.0,0.0,0.0,0.071429,0.0,0.0,0.0,0.0,0.0,0.0,0.071429,0.0,0.25,0.14286,0.0,5.1111,3.8889,4.6667,3.0,6.2222,3.6667,3.3333,4.4444,4.2222,5.5556,3.8889,2.8889,3.2222,3.1111
1484,1485,stimulus_1485,/pscratch/sd/s/sjmoon/EmoFM/videos/CowenEmotionVideos/1485.mp4,True,0.0,0.0,0.21429,0.0,0.071429,0.071429,0.32143,0.0,0.0,0.0,0.071429,0.0,0.0,0.071429,0.035714,0.0,0.0,0.0,0.0,0.071429,0.0,0.28571,0.0,0.0,0.0,0.0,0.0,0.0,0.71429,0.0,0.0,0.0,0.14286,0.0,5.4444,3.5556,2.7778,2.4444,6.4444,3.4444,4.8889,2.3333,4.7778,3.0,5.0,4.8889,2.2222,3.2222
1485,1486,stimulus_1486,/pscratch/sd/s/sjmoon/EmoFM/videos/CowenEmotionVideos/1486.mp4,True,0.0,0.0,0.071429,0.14286,0.0,0.0,0.14286,0.0,0.14286,0.071429,0.0,0.0,0.0,0.0,0.0,0.0,0.0,0.071429,0.28571,0.0,0.0,0.0,0.14286,0.071429,0.0,0.0,0.071429,0.0,0.0,0.14286,0.0,0.0,0.0,0.071429,5.7778,5.1111,4.7778,4.1111,7.3333,4.6667,4.2222,5.8889,4.0,4.7778,4.1111,3.1111,4.6667,6.2222
1486,1487,stimulus_1487,/pscratch/sd/s/sjmoon/EmoFM/videos/CowenEmotionVideos/1487.mp4,True,0.0,0.0,0.0,0.0,0.0,0.14286,0.0,0.0,0.0,0.0,0.071429,0.0,0.0,0.0,0.5,0.0,0.0,0.0,0.0,0.5,0.0,0.39286,0.0,0.0,0.0,0.0,0.0,0.0,0.0,0.0,0.0,0.28571,0.0,0.0,6.7778,3.4444,2.0,1.6667,6.7778,3.6667,3.3333,2.3333,6.0,2.7778,3.8889,4.6667,2.4444,2.0
1487,1488,stimulus_1488,/pscratch/sd/s/sjmoon/EmoFM/videos/CowenEmotionVideos/1488.mp4,True,0.071429,0.14286,0.0,0.67857,0.0,0.0,0.14286,0.0,0.0,0.0,0.071429,0.0,0.0,0.0,0.0,0.0,0.0,0.0,0.0,0.0,0.0,0.0,0.0,0.17857,0.0,0.0,0.0,0.0,0.0,0.0,0.0,0.071429,0.14286,0.0,4.4444,4.2222,6.7778,6.0,6.2222,4.6667,5.4444,6.5556,2.7778,5.7778,5.5556,3.2222,5.4444,5.6667
1488,1489,stimulus_1489,/pscratch/sd/s/sjmoon/EmoFM/videos/CowenEmotionVideos/1489.mp4,True,0.0,0.21429,0.0,0.5,0.0,0.071429,0.14286,0.0,0.071429,0.071429,0.0,0.0,0.0,0.0,0.0,0.0,0.0,0.0,0.071429,0.0,0.0,0.0,0.071429,0.32143,0.0,0.0,0.0,0.0,0.0,0.071429,0.0,0.0,0.071429,0.0,4.6667,3.5556,7.7778,7.6667,6.4444,6.1111,6.6667,6.5556,2.8889,5.8889,5.7778,2.6667,6.3333,7.3333
1489,1490,stimulus_1490,/pscratch/sd/s/sjmoon/EmoFM/videos/CowenEmotionVideos/1490.mp4,True,0.0,0.0,0.071429,0.0,0.0,0.0,0.0,0.071429,0.071429,0.0,0.0,0.0,0.071429,0.0,0.0,0.0,0.0,0.071429,0.071429,0.0,0.0,0.0,0.071429,0.0,0.0,0.0,0.0,0.0,0.0,0.071429,0.78571,0.0,0.0,0.0,7.1111,5.0,6.1111,6.2222,5.5556,5.4444,5.3333,5.2222,2.2222,5.5556,5.2222,2.2222,5.2222,5.0
1490,1491,stimulus_1491,/pscratch/sd/s/sjmoon/EmoFM/videos/CowenEmotionVideos/1491.mp4,True,0.0,0.0,0.071429,0.071429,0.0,0.0,0.0,0.071429,0.071429,0.0,0.071429,0.0,0.071429,0.0,0.071429,0.0,0.0,0.0,0.17857,0.0,0.0,0.0,0.071429,0.0,0.0,0.0,0.0,0.0,0.0,0.071429,0.64286,0.21429,0.0,0.0,6.3333,4.7778,5.6667,6.1111,5.7778,5.0,5.2222,5.7778,4.0,4.8889,5.5556,3.5556,5.1111,5.7778
1491,1492,stimulus_1492,/pscratch/sd/s/sjmoon/EmoFM/videos/CowenEmotionVideos/1492.mp4,True,0.0,0.0,0.0,0.14286,0.0,0.28571,0.071429,0.0,0.071429,0.0,0.0,0.0,0.0,0.0,0.0,0.0,0.0,0.0,0.071429,0.35714,0.0,0.14286,0.071429,0.0,0.0,0.0,0.0,0.0,0.0,0.0,0.0,0.21429,0.071429,0.0,6.8889,4.6667,3.4444,4.0,6.4444,4.0,4.7778,3.3333,4.8889,4.4444,4.7778,5.5556,3.5556,3.3333
1492,1493,stimulus_1493,/pscratch/sd/s/sjmoon/EmoFM/videos/CowenEmotionVideos/1493.mp4,True,0.071429,0.28571,0.0,0.5,0.0,0.0,0.14286,0.14286,0.0,0.0,0.0,0.0,0.0,0.14286,0.0,0.0,0.0,0.0,0.0,0.0,0.0,0.0,0.0,0.14286,0.071429,0.0,0.0,0.0,0.071429,0.0,0.0,0.071429,0.071429,0.0,4.7778,4.1111,6.7778,6.3333,5.2222,5.4444,6.6667,5.6667,3.1111,6.0,6.0,3.4444,6.7778,4.1111
1493,1494,stimulus_1494,/pscratch/sd/s/sjmoon/EmoFM/videos/CowenEmotionVideos/1494.mp4,True,0.0,0.071429,0.14286,0.71429,0.0,0.0,0.14286,0.071429,0.0,0.0,0.0,0.0,0.0,0.0,0.0,0.0,0.0,0.0,0.071429,0.0,0.0,0.0,0.071429,0.35714,0.0,0.0,0.0,0.0,0.0,0.071429,0.0,0.071429,0.071429,0.0,4.7778,5.0,7.2222,7.3333,6.3333,6.1111,6.0,7.3333,3.1111,6.1111,5.8889,2.8889,6.2222,6.4444
1494,1495,stimulus_1495,/pscratch/sd/s/sjmoon/EmoFM/videos/CowenEmotionVideos/1495.mp4,True,0.14286,0.0,0.21429,0.071429,0.0,0.0,0.42857,0.0,0.0,0.0,0.0,0.0,0.071429,0.0,0.0,0.0,0.071429,0.071429,0.0,0.0,0.0,0.0,0.32143,0.071429,0.0,0.0,0.0,0.0,0.0,0.21429,0.0,0.21429,0.071429,0.0,6.4444,5.0,7.3333,6.2222,7.2222,5.6667,5.1111,6.1111,3.3333,6.2222,4.8889,2.7778,4.8889,7.2222
1495,1496,stimulus_1496,/pscratch/sd/s/sjmoon/EmoFM/videos/CowenEmotionVideos/1496.mp4,True,0.0,0.0,0.5,0.0,0.0,0.0,0.10714,0.0,0.14286,0.071429,0.071429,0.0,0.0,0.0,0.0,0.0,0.5,0.0,0.0,0.0,0.0,0.0,0.071429,0.0,0.0,0.0,0.0,0.0,0.0,0.0,0.0,0.0,0.0,0.0,7.7778,4.5556,6.0,5.2222,6.5556,5.1111,4.8889,6.0,4.8889,6.1111,3.8889,4.6667,5.7778,6.1111
1496,1497,stimulus_1497,/pscratch/sd/s/sjmoon/EmoFM/videos/CowenEmotionVideos/1497.mp4,True,0.0,0.21429,0.0,0.67857,0.0,0.0,0.071429,0.0,0.0,0.0,0.0,0.0,0.0,0.0,0.0,0.071429,0.0,0.0,0.0,0.0,0.0,0.0,0.0,0.071429,0.0,0.0,0.0,0.0,0.0,0.0,0.0,0.32143,0.14286,0.0,6.3333,3.3333,7.0,5.8889,6.1111,5.5556,6.2222,5.0,3.1111,5.8889,6.2222,3.4444,6.1111,4.8889
1497,1498,stimulus_1498,/pscratch/sd/s/sjmoon/EmoFM/videos/CowenEmotionVideos/1498.mp4,True,0.0,0.0,0.14286,0.0,0.0,0.0,0.0,0.0,0.0,0.071429,0.0,0.0,0.85714,0.0,0.0,0.0,0.0,0.0,0.071429,0.0,0.0,0.0,0.071429,0.0,0.0,0.0,0.0,0.0,0.0,0.0,0.0,0.0,0.0,0.0,5.2222,4.4444,7.4444,7.4444,5.3333,6.3333,4.5556,6.6667,3.1111,6.3333,5.1111,3.1111,6.6667,6.0
1498,1499,stimulus_1499,/pscratch/sd/s/sjmoon/EmoFM/videos/CowenEmotionVideos/1499.mp4,True,0.0,0.071429,0.0,0.57143,0.0,0.0,0.071429,0.0,0.071429,0.071429,0.071429,0.0,0.0,0.14286,0.0,0.0,0.0,0.0,0.0,0.0,0.0,0.0,0.21429,0.14286,0.0,0.0,0.0,0.0,0.0,0.0,0.0,0.0,0.0,0.0,5.5556,4.5556,6.5556,6.3333,6.3333,4.8889,5.7778,4.7778,3.0,5.2222,4.2222,3.0,6.2222,5.7778
1499,1500,stimulus_1500,/pscratch/sd/s/sjmoon/EmoFM/videos/CowenEmotionVideos/1500.mp4,True,0.0,0.0,0.42857,0.071429,0.0,0.0,0.28571,0.0,0.0,0.0,0.071429,0.0,0.0,0.0,0.0,0.0,0.21429,0.0,0.0,0.0,0.0,0.0,0.5,0.0,0.0,0.0,0.0,0.0,0.0,0.14286,0.0,0.071429,0.0,0.0,6.0,3.4444,7.4444,7.6667,6.8889,5.5556,3.7778,7.0,3.1111,6.0,3.8889,2.7778,5.5556,6.6667
1500,1501,stimulus_1501,/pscratch/sd/s/sjmoon/EmoFM/videos/CowenEmotionVideos/1501.mp4,True,0.0,0.0,0.0,0.6,0.0,0.0,0.0,0.0,0.1,0.1,0.0,0.0,0.2,0.0,0.0,0.0,0.0,0.0,0.1,0.0,0.0,0.0,0.1,0.2,0.2,0.0,0.0,0.0,0.0,0.0,0.0,0.1,0.0,0.1,7.3333,4.8889,8.1111,7.7778,6.3333,6.3333,7.1111,7.7778,2.0,6.6667,6.1111,3.2222,7.3333,7.2222
1501,1502,stimulus_1502,/pscratch/sd/s/sjmoon/EmoFM/videos/CowenEmotionVideos/1502.mp4,True,0.5,0.0,0.0,0.1,0.0,0.0,0.4,0.0,0.0,0.1,0.0,0.0,0.0,0.0,0.0,0.0,0.1,0.1,0.2,0.0,0.0,0.0,0.1,0.0,0.0,0.0,0.0,0.0,0.0,0.0,0.0,0.0,0.0,0.0,7.1111,5.0,7.2222,6.6667,7.1111,5.0,4.4444,7.3333,3.3333,5.7778,5.0,4.1111,4.7778,7.2222
1502,1503,stimulus_1503,/pscratch/sd/s/sjmoon/EmoFM/videos/CowenEmotionVideos/1503.mp4,True,0.1,0.1,0.1,0.2,0.0,0.0,0.3,0.0,0.1,0.1,0.0,0.0,0.0,0.0,0.0,0.0,0.0,0.0,0.2,0.0,0.0,0.0,0.1,0.4,0.0,0.0,0.0,0.0,0.0,0.0,0.0,0.0,0.0,0.0,6.8889,4.8889,8.0,8.0,6.7778,7.0,6.6667,8.5556,2.8889,7.3333,6.0,3.1111,7.7778,7.4444
1503,1504,stimulus_1504,/pscratch/sd/s/sjmoon/EmoFM/videos/CowenEmotionVideos/1504.mp4,True,0.0,0.0,0.0,0.5,0.1,0.0,0.0,0.0,0.4,0.2,0.0,0.0,0.0,0.0,0.0,0.0,0.0,0.0,0.0,0.0,0.0,0.0,0.1,0.0,0.0,0.0,0.0,0.0,0.0,0.0,0.0,0.0,0.0,0.0,4.6667,4.2222,5.8889,6.2222,4.5556,5.3333,4.5556,7.4444,3.1111,6.1111,3.6667,2.5556,6.3333,6.1111
1504,1505,stimulus_1505,/pscratch/sd/s/sjmoon/EmoFM/videos/CowenEmotionVideos/1505.mp4,True,0.1,0.2,0.1,0.4,0.0,0.0,0.6,0.0,0.0,0.1,0.0,0.0,0.0,0.0,0.0,0.0,0.0,0.0,0.0,0.0,0.0,0.0,0.3,0.1,0.0,0.0,0.0,0.0,0.0,0.0,0.0,0.0,0.0,0.0,5.7778,4.8889,8.1111,7.5556,7.2222,6.2222,6.8889,7.1111,2.5556,6.8889,4.6667,4.0,5.7778,7.4444
1505,1506,stimulus_1506,/pscratch/sd/s/sjmoon/EmoFM/videos/CowenEmotionVideos/1506.mp4,True,0.2,0.0,0.0,0.4,0.0,0.0,0.0,0.0,0.1,0.2,0.0,0.0,0.0,0.0,0.0,0.0,0.0,0.0,0.0,0.0,0.0,0.0,0.1,0.1,0.1,0.0,0.0,0.0,0.0,0.2,0.0,0.0,0.0,0.0,4.5556,4.6667,6.6667,6.7778,5.6667,5.8889,6.1111,7.5556,2.4444,7.1111,5.3333,2.6667,7.0,5.8889
1506,1507,stimulus_1507,/pscratch/sd/s/sjmoon/EmoFM/videos/CowenEmotionVideos/1507.mp4,True,0.0,0.0,0.0,0.0,0.0,0.0,0.0,0.0,0.1,0.1,0.2,0.0,0.0,0.0,0.5,0.0,0.0,0.2,0.0,0.0,0.0,0.1,0.1,0.0,0.0,0.0,0.0,0.0,0.0,0.1,0.0,0.1,0.0,0.0,4.7778,5.0,3.2222,2.8889,5.1111,4.6667,4.7778,5.5556,5.5556,5.0,3.7778,4.5556,5.4444,5.4444
1507,1508,stimulus_1508,/pscratch/sd/s/sjmoon/EmoFM/videos/CowenEmotionVideos/1508.mp4,True,0.0,0.3,0.0,0.6,0.0,0.0,0.2,0.0,0.0,0.1,0.0,0.0,0.0,0.0,0.0,0.0,0.0,0.0,0.0,0.0,0.0,0.0,0.1,0.1,0.0,0.0,0.0,0.0,0.0,0.0,0.0,0.1,0.0,0.0,4.7778,5.2222,7.2222,6.5556,6.5556,4.2222,6.8889,7.2222,2.5556,6.4444,4.3333,3.7778,6.2222,7.3333
1508,1509,stimulus_1509,/pscratch/sd/s/sjmoon/EmoFM/videos/CowenEmotionVideos/1509.mp4,True,0.1,0.4,0.0,0.2,0.0,0.0,0.3,0.1,0.0,0.1,0.0,0.0,0.0,0.0,0.0,0.0,0.0,0.0,0.0,0.0,0.0,0.0,0.2,0.2,0.0,0.0,0.2,0.0,0.1,0.0,0.0,0.0,0.2,0.0,6.3333,4.3333,7.1111,5.7778,6.0,5.1111,6.3333,7.2222,2.8889,5.8889,5.5556,3.0,5.8889,7.4444
1509,1510,stimulus_1510,/pscratch/sd/s/sjmoon/EmoFM/videos/CowenEmotionVideos/1510.mp4,True,0.0,0.0,0.7,0.1,0.0,0.0,0.2,0.0,0.1,0.2,0.0,0.0,0.0,0.0,0.0,0.0,0.2,0.0,0.0,0.0,0.0,0.0,0.1,0.0,0.0,0.0,0.0,0.0,0.0,0.0,0.0,0.0,0.0,0.0,6.1111,4.5556,7.4444,6.8889,6.5556,4.7778,4.6667,6.3333,3.7778,5.2222,3.8889,3.2222,5.8889,6.2222
1510,1511,stimulus_1511,/pscratch/sd/s/sjmoon/EmoFM/videos/CowenEmotionVideos/1511.mp4,True,0.0,0.0,0.0,0.3,0.1,0.0,0.0,0.0,0.0,0.1,0.1,0.1,0.0,0.0,0.4,0.3,0.0,0.0,0.0,0.0,0.0,0.0,0.1,0.0,0.1,0.0,0.0,0.0,0.3,0.0,0.0,0.1,0.1,0.0,6.8889,4.1111,2.4444,2.1111,5.6667,3.6667,5.2222,2.0,6.1111,2.4444,4.8889,5.5556,2.7778,2.3333
1511,1512,stimulus_1512,/pscratch/sd/s/sjmoon/EmoFM/videos/CowenEmotionVideos/1512.mp4,True,0.1,0.1,0.0,0.7,0.0,0.0,0.2,0.0,0.0,0.1,0.1,0.0,0.0,0.0,0.0,0.0,0.0,0.0,0.1,0.0,0.0,0.0,0.1,0.0,0.0,0.0,0.0,0.0,0.0,0.0,0.0,0.0,0.0,0.0,5.3333,4.7778,7.6667,7.8889,7.2222,5.8889,6.7778,7.2222,2.4444,6.4444,4.6667,2.8889,6.4444,7.0
1512,1513,stimulus_1513,/pscratch/sd/s/sjmoon/EmoFM/videos/CowenEmotionVideos/1513.mp4,True,0.0,0.0,0.0,0.0,0.0,0.1,0.4,0.1,0.0,0.0,0.2,0.0,0.0,0.0,0.3,0.0,0.0,0.0,0.2,0.0,0.0,0.1,0.2,0.1,0.0,0.0,0.0,0.0,0.0,0.0,0.0,0.0,0.1,0.0,6.2222,3.7778,3.6667,3.8889,5.3333,3.6667,6.3333,4.8889,5.8889,4.1111,5.1111,5.3333,3.7778,4.6667
1513,1514,stimulus_1514,/pscratch/sd/s/sjmoon/EmoFM/videos/CowenEmotionVideos/1514.mp4,True,0.0,0.0,0.0,0.2,0.0,0.1,0.0,0.0,0.0,0.1,0.0,0.0,0.0,0.0,0.4,0.0,0.0,0.0,0.0,0.2,0.0,0.4,0.0,0.0,0.1,0.0,0.0,0.0,0.0,0.0,0.0,0.1,0.0,0.0,5.8889,4.3333,3.0,3.1111,5.8889,5.4444,3.7778,4.1111,4.1111,4.1111,3.8889,3.0,3.8889,4.3333
1514,1515,stimulus_1515,/pscratch/sd/s/sjmoon/EmoFM/videos/CowenEmotionVideos/1515.mp4,True,0.1,0.1,0.0,0.4,0.0,0.0,0.2,0.0,0.1,0.1,0.0,0.0,0.0,0.0,0.0,0.0,0.0,0.0,0.2,0.0,0.0,0.0,0.1,0.2,0.0,0.0,0.0,0.0,0.0,0.0,0.0,0.0,0.0,0.1,6.8889,4.7778,6.1111,5.7778,6.4444,5.6667,7.3333,5.6667,3.4444,5.8889,5.7778,2.7778,4.3333,7.1111
1515,1516,stimulus_1516,/pscratch/sd/s/sjmoon/EmoFM/videos/CowenEmotionVideos/1516.mp4,True,0.0,0.0,0.4,0.1,0.0,0.0,0.3,0.0,0.1,0.2,0.0,0.0,0.0,0.0,0.0,0.0,0.1,0.1,0.0,0.0,0.0,0.0,0.2,0.1,0.0,0.0,0.0,0.0,0.0,0.1,0.0,0.0,0.0,0.0,6.5556,5.7778,7.0,6.8889,6.4444,6.0,5.4444,7.6667,3.0,6.3333,6.0,2.4444,5.7778,7.0
1516,1517,stimulus_1517,/pscratch/sd/s/sjmoon/EmoFM/videos/CowenEmotionVideos/1517.mp4,True,0.0,0.0,0.0,0.3,0.0,0.1,0.0,0.0,0.1,0.1,0.0,0.0,0.0,0.0,0.0,0.0,0.1,0.0,0.0,0.2,0.0,0.0,0.1,0.1,0.6,0.0,0.0,0.0,0.0,0.0,0.0,0.1,0.0,0.0,6.8889,4.7778,4.5556,3.8889,7.0,6.1111,6.0,4.0,4.6667,4.7778,5.0,5.4444,4.3333,4.2222
1517,1518,stimulus_1518,/pscratch/sd/s/sjmoon/EmoFM/videos/CowenEmotionVideos/1518.mp4,True,0.1,0.0,0.2,0.1,0.0,0.1,0.7,0.0,0.0,0.1,0.0,0.0,0.0,0.0,0.1,0.0,0.0,0.0,0.0,0.2,0.0,0.1,0.2,0.0,0.0,0.0,0.0,0.0,0.0,0.0,0.0,0.1,0.0,0.0,6.2222,5.4444,3.5556,1.8889,5.7778,4.7778,5.1111,3.6667,4.2222,4.1111,3.3333,4.0,2.6667,3.3333
1518,1519,stimulus_1519,/pscratch/sd/s/sjmoon/EmoFM/videos/CowenEmotionVideos/1519.mp4,True,0.0,0.0,0.0,0.1,0.0,0.1,0.0,0.0,0.0,0.0,0.0,0.1,0.0,0.0,0.9,0.0,0.0,0.0,0.0,0.0,0.0,0.1,0.0,0.0,0.0,0.0,0.0,0.0,0.0,0.0,0.0,0.0,0.1,0.0,4.7778,3.8889,2.5556,3.2222,4.3333,4.4444,6.2222,3.6667,4.8889,4.1111,5.5556,3.4444,4.7778,3.6667
1519,1520,stimulus_1520,/pscratch/sd/s/sjmoon/EmoFM/videos/CowenEmotionVideos/1520.mp4,True,0.1,0.1,0.0,0.4,0.0,0.0,0.4,0.0,0.0,0.1,0.0,0.0,0.0,0.0,0.0,0.0,0.0,0.0,0.0,0.0,0.0,0.0,0.1,0.1,0.0,0.0,0.1,0.0,0.0,0.0,0.0,0.0,0.0,0.3,6.1111,5.2222,6.8889,6.2222,7.0,5.8889,7.0,7.4444,2.8889,6.3333,4.5556,3.2222,6.1111,7.4444
1520,1521,stimulus_1521,/pscratch/sd/s/sjmoon/EmoFM/videos/CowenEmotionVideos/1521.mp4,True,0.0,0.0,0.0,0.7,0.0,0.0,0.0,0.2,0.1,0.1,0.0,0.1,0.0,0.0,0.0,0.0,0.0,0.0,0.0,0.0,0.0,0.0,0.1,0.3,0.0,0.0,0.0,0.0,0.0,0.0,0.1,0.0,0.0,0.0,5.6667,5.2222,6.4444,5.3333,6.1111,5.5556,6.1111,6.6667,3.1111,4.8889,5.8889,2.2222,5.4444,6.4444
1521,1522,stimulus_1522,/pscratch/sd/s/sjmoon/EmoFM/videos/CowenEmotionVideos/1522.mp4,True,0.0,0.0,0.0,0.3,0.0,0.0,0.2,0.2,0.0,0.1,0.0,0.0,0.0,0.0,0.3,0.0,0.1,0.0,0.0,0.0,0.0,0.0,0.3,0.0,0.0,0.0,0.0,0.0,0.0,0.0,0.0,0.2,0.0,0.0,6.2222,4.3333,4.2222,4.1111,5.5556,5.4444,4.3333,5.6667,5.0,4.8889,3.5556,3.5556,4.6667,5.5556
1522,1523,stimulus_1523,/pscratch/sd/s/sjmoon/EmoFM/videos/CowenEmotionVideos/1523.mp4,True,0.1,0.0,0.2,0.4,0.0,0.0,0.3,0.0,0.1,0.1,0.1,0.0,0.0,0.0,0.0,0.0,0.1,0.2,0.0,0.0,0.0,0.0,0.4,0.1,0.0,0.0,0.0,0.0,0.0,0.1,0.0,0.3,0.0,0.1,6.0,5.2222,6.4444,7.2222,7.2222,5.3333,5.0,7.1111,3.6667,5.2222,4.7778,4.2222,5.7778,7.0
1523,1524,stimulus_1524,/pscratch/sd/s/sjmoon/EmoFM/videos/CowenEmotionVideos/1524.mp4,True,0.1,0.0,0.0,0.6,0.0,0.0,0.2,0.0,0.0,0.1,0.0,0.0,0.0,0.0,0.0,0.0,0.0,0.0,0.0,0.0,0.0,0.0,0.1,0.3,0.0,0.0,0.0,0.0,0.0,0.1,0.0,0.0,0.0,0.0,5.7778,4.7778,7.5556,6.8889,6.3333,6.3333,7.2222,7.3333,2.3333,6.3333,4.6667,1.8889,6.8889,7.1111
1524,1525,stimulus_1525,/pscratch/sd/s/sjmoon/EmoFM/videos/CowenEmotionVideos/1525.mp4,True,0.1,0.0,0.0,0.4,0.1,0.0,0.0,0.0,0.1,0.0,0.0,0.0,0.0,0.2,0.1,0.0,0.0,0.0,0.0,0.0,0.0,0.1,0.1,0.1,0.1,0.0,0.0,0.0,0.1,0.0,0.0,0.0,0.0,0.0,5.1111,4.6667,5.8889,5.4444,5.8889,5.4444,6.2222,5.4444,1.5556,5.8889,6.0,3.6667,5.6667,5.8889
1525,1526,stimulus_1526,/pscratch/sd/s/sjmoon/EmoFM/videos/CowenEmotionVideos/1526.mp4,True,0.0,0.0,0.1,0.7,0.0,0.0,0.1,0.0,0.1,0.1,0.0,0.1,0.0,0.0,0.0,0.0,0.1,0.0,0.2,0.0,0.0,0.0,0.1,0.1,0.0,0.0,0.0,0.0,0.0,0.1,0.0,0.2,0.0,0.0,6.2222,4.2222,6.5556,5.7778,6.5556,6.0,6.3333,7.0,2.5556,6.1111,6.1111,3.3333,6.0,7.3333
1526,1527,stimulus_1527,/pscratch/sd/s/sjmoon/EmoFM/videos/CowenEmotionVideos/1527.mp4,True,0.2,0.0,0.0,0.3,0.0,0.0,0.3,0.0,0.0,0.1,0.0,0.0,0.0,0.0,0.0,0.1,0.0,0.1,0.1,0.0,0.0,0.0,0.3,0.0,0.0,0.0,0.0,0.0,0.0,0.0,0.0,0.1,0.0,0.0,7.3333,4.7778,6.2222,4.5556,7.0,6.0,3.8889,5.4444,3.8889,5.0,3.5556,3.4444,3.7778,7.1111
1527,1528,stimulus_1528,/pscratch/sd/s/sjmoon/EmoFM/videos/CowenEmotionVideos/1528.mp4,True,0.0,0.2,0.0,0.4,0.0,0.0,0.2,0.0,0.3,0.0,0.0,0.0,0.0,0.0,0.0,0.1,0.0,0.0,0.0,0.0,0.0,0.0,0.1,0.2,0.0,0.0,0.0,0.0,0.1,0.0,0.0,0.0,0.2,0.0,5.0,3.3333,4.7778,3.7778,5.4444,4.7778,5.5556,5.2222,3.6667,3.7778,5.3333,3.6667,4.4444,5.2222
1528,1529,stimulus_1529,/pscratch/sd/s/sjmoon/EmoFM/videos/CowenEmotionVideos/1529.mp4,True,0.0,0.0,0.0,0.3,0.0,0.1,0.0,0.0,0.1,0.1,0.0,0.0,0.0,0.1,0.3,0.2,0.0,0.0,0.1,0.1,0.0,0.1,0.2,0.0,0.0,0.0,0.0,0.0,0.1,0.0,0.0,0.0,0.1,0.0,6.2222,4.4444,4.6667,3.8889,6.8889,5.0,4.2222,3.6667,4.7778,3.8889,4.6667,4.1111,3.2222,3.5556
1529,1530,stimulus_1530,/pscratch/sd/s/sjmoon/EmoFM/videos/CowenEmotionVideos/1530.mp4,True,0.0,0.0,0.0,0.4,0.0,0.0,0.0,0.0,0.0,0.1,0.0,0.0,0.0,0.0,0.2,0.0,0.0,0.0,0.0,0.0,0.0,0.0,0.2,0.0,0.6,0.0,0.0,0.0,0.0,0.0,0.0,0.0,0.0,0.0,6.3333,5.5556,4.6667,3.7778,5.3333,5.7778,4.2222,5.0,2.2222,5.2222,3.4444,3.1111,3.8889,5.7778
1530,1531,stimulus_1531,/pscratch/sd/s/sjmoon/EmoFM/videos/CowenEmotionVideos/1531.mp4,True,0.083333,0.16667,0.083333,0.16667,0.0,0.0,0.33333,0.0,0.0,0.083333,0.16667,0.0,0.0,0.0,0.0,0.0,0.041667,0.0,0.0,0.0,0.0,0.0,0.45833,0.0,0.0,0.0,0.083333,0.0,0.0,0.0,0.0,0.083333,0.0,0.0,6.1111,4.3333,6.3333,6.4444,6.1111,5.4444,6.1111,6.8889,2.3333,6.4444,3.8889,3.1111,5.0,6.5556
1531,1532,stimulus_1532,/pscratch/sd/s/sjmoon/EmoFM/videos/CowenEmotionVideos/1532.mp4,True,0.0,0.0,0.0,0.25,0.25,0.0,0.0,0.0,0.16667,0.0,0.0,0.16667,0.0,0.083333,0.58333,0.0,0.0,0.0,0.0,0.083333,0.0,0.16667,0.0,0.0,0.0,0.0,0.0,0.0,0.0,0.0,0.0,0.0,0.0,0.083333,3.3333,4.3333,2.5556,2.6667,3.6667,3.5556,2.4444,2.8889,5.8889,3.4444,2.3333,5.3333,3.1111,2.6667
1532,1533,stimulus_1533,/pscratch/sd/s/sjmoon/EmoFM/videos/CowenEmotionVideos/1533.mp4,True,0.0,0.0,0.083333,0.25,0.083333,0.083333,0.083333,0.0,0.0,0.0,0.083333,0.0,0.0,0.0,0.083333,0.0,0.25,0.0,0.0,0.0,0.0,0.0,0.16667,0.0,0.0,0.0,0.0,0.0,0.0,0.0,0.0,0.16667,0.0,0.0,5.4444,5.2222,6.5556,5.8889,6.1111,6.0,5.0,6.5556,2.4444,5.7778,5.1111,3.0,5.1111,5.7778
1533,1534,stimulus_1534,/pscratch/sd/s/sjmoon/EmoFM/videos/CowenEmotionVideos/1534.mp4,True,0.0,0.0,0.0,0.33333,0.0,0.0,0.0,0.0,0.0,0.0,0.41667,0.0,0.0,0.125,0.0,0.083333,0.0,0.0,0.0,0.0,0.0,0.0,0.0,0.0,0.0,0.0,0.0,0.125,0.0,0.0,0.0,0.25,0.16667,0.0,5.7778,4.7778,4.6667,2.2222,6.0,5.0,4.8889,3.4444,3.0,4.3333,5.4444,4.0,4.1111,3.3333
1534,1535,stimulus_1535,/pscratch/sd/s/sjmoon/EmoFM/videos/CowenEmotionVideos/1535.mp4,True,0.083333,0.0,0.16667,0.25,0.0,0.0,0.25,0.0,0.083333,0.083333,0.083333,0.0,0.0,0.0,0.0,0.0,0.375,0.0,0.0,0.0,0.0,0.0,0.125,0.0,0.0,0.0,0.0,0.0,0.0,0.16667,0.0,0.0,0.0,0.0,6.5556,3.7778,6.3333,5.1111,6.6667,5.6667,3.8889,5.4444,4.6667,4.8889,4.1111,3.6667,5.0,6.0
1535,1536,stimulus_1536,/pscratch/sd/s/sjmoon/EmoFM/videos/CowenEmotionVideos/1536.mp4,True,0.0,0.0,0.5,0.25,0.0,0.0,0.16667,0.0,0.0,0.0,0.16667,0.0,0.0,0.0,0.0,0.0,0.16667,0.0,0.083333,0.0,0.0,0.0,0.33333,0.0,0.0,0.0,0.0,0.0,0.0,0.0,0.0,0.083333,0.0,0.0,7.0,4.2222,6.3333,7.1111,6.2222,5.5556,4.0,6.5556,3.0,6.2222,5.3333,2.8889,5.2222,6.6667
1536,1537,stimulus_1537,/pscratch/sd/s/sjmoon/EmoFM/videos/CowenEmotionVideos/1537.mp4,True,0.0,0.0,0.0,0.16667,0.0,0.25,0.083333,0.0,0.0,0.083333,0.0,0.0,0.0,0.0,0.0,0.0,0.0,0.0,0.58333,0.0,0.0,0.0,0.16667,0.083333,0.0,0.0,0.0,0.0,0.0,0.083333,0.0,0.0,0.0,0.0,7.2222,5.5556,6.3333,4.4444,6.4444,5.4444,4.2222,5.2222,2.8889,6.0,4.0,3.7778,2.7778,6.1111
1537,1538,stimulus_1538,/pscratch/sd/s/sjmoon/EmoFM/videos/CowenEmotionVideos/1538.mp4,True,0.0,0.0,0.0,0.45833,0.0,0.0,0.16667,0.083333,0.0,0.0,0.083333,0.0,0.0,0.0,0.0,0.0,0.083333,0.0,0.041667,0.0,0.0,0.0,0.16667,0.083333,0.0,0.0,0.0,0.0,0.0,0.33333,0.0,0.33333,0.0,0.0,6.4444,4.4444,6.4444,3.5556,5.5556,5.2222,4.5556,6.1111,2.4444,7.0,4.4444,2.6667,3.6667,7.5556
1538,1539,stimulus_1539,/pscratch/sd/s/sjmoon/EmoFM/videos/CowenEmotionVideos/1539.mp4,True,0.0,0.0,0.0,0.0,0.0,0.0,0.0,0.0,0.0,0.0,0.0,0.0,0.16667,0.0,0.0,0.0,0.0,0.0,0.083333,0.0,0.0,0.0,0.0,0.0,0.0,0.0,0.0,0.33333,0.0,0.16667,0.91667,0.0,0.0,0.0,7.6667,5.8889,7.6667,7.1111,6.7778,6.5556,6.1111,7.5556,3.3333,7.4444,6.5556,3.2222,6.0,7.3333
1539,1540,stimulus_1540,/pscratch/sd/s/sjmoon/EmoFM/videos/CowenEmotionVideos/1540.mp4,True,0.0,0.25,0.0,0.66667,0.0,0.0,0.25,0.0,0.0,0.083333,0.0,0.0,0.0,0.0,0.0,0.0,0.083333,0.0,0.083333,0.0,0.0,0.0,0.25,0.16667,0.0,0.0,0.0,0.0,0.0,0.0,0.0,0.0,0.0,0.0,5.5556,5.2222,7.6667,6.3333,6.2222,6.5556,5.7778,7.3333,1.7778,6.7778,5.7778,2.3333,6.3333,6.7778
1540,1541,stimulus_1541,/pscratch/sd/s/sjmoon/EmoFM/videos/CowenEmotionVideos/1541.mp4,True,0.0,0.0,0.0,0.0,0.0,0.0,0.0,0.0,0.0,0.0,0.45833,0.083333,0.0,0.0,0.5,0.083333,0.0,0.0,0.0,0.0,0.0,0.0,0.041667,0.0,0.0,0.0,0.0,0.0,0.16667,0.0,0.0,0.0,0.0,0.0,4.5556,4.8889,1.4444,1.6667,5.2222,4.3333,4.6667,3.5556,4.2222,2.8889,2.4444,4.2222,3.8889,2.7778
1541,1542,stimulus_1542,/pscratch/sd/s/sjmoon/EmoFM/videos/CowenEmotionVideos/1542.mp4,True,0.0,0.0,0.0,0.0,0.0,0.0,0.0,0.0,0.0,0.0,0.0,0.083333,0.083333,0.0,0.083333,0.0,0.0,0.0,0.083333,0.0,0.0,0.0,0.0,0.0,0.0,0.0,0.0,0.66667,0.0,0.083333,0.58333,0.0,0.0,0.0,6.3333,6.0,6.6667,6.4444,6.6667,6.2222,5.6667,7.7778,1.2222,6.7778,5.4444,3.8889,6.5556,6.5556
1542,1543,stimulus_1543,/pscratch/sd/s/sjmoon/EmoFM/videos/CowenEmotionVideos/1543.mp4,True,0.0,0.0,0.0,0.083333,0.0,0.33333,0.083333,0.0,0.0,0.0,0.0,0.0,0.0,0.0,0.0,0.083333,0.083333,0.0,0.083333,0.41667,0.0,0.083333,0.16667,0.0,0.0,0.0,0.25,0.0,0.0,0.0,0.0,0.25,0.0,0.0,6.6667,5.1111,4.8889,3.5556,6.8889,4.7778,4.6667,5.0,3.1111,5.8889,3.2222,4.5556,2.4444,6.2222
1543,1544,stimulus_1544,/pscratch/sd/s/sjmoon/EmoFM/videos/CowenEmotionVideos/1544.mp4,True,0.083333,0.083333,0.0,0.33333,0.0,0.0,0.083333,0.0,0.0,0.0,0.0,0.0,0.0,0.0,0.0,0.0,0.0,0.0,0.0,0.0,0.0,0.0,0.0,0.083333,0.75,0.0,0.0,0.0,0.0,0.0,0.0,0.0,0.0,0.0,5.6667,5.3333,4.1111,2.8889,6.3333,5.3333,4.5556,3.0,2.7778,3.6667,4.2222,4.7778,3.6667,4.8889
1544,1545,stimulus_1545,/pscratch/sd/s/sjmoon/EmoFM/videos/CowenEmotionVideos/1545.mp4,True,0.0,0.0,0.0,0.5,0.0,0.0,0.0,0.083333,0.0,0.0,0.16667,0.0,0.0,0.0,0.083333,0.0,0.0,0.0,0.041667,0.083333,0.0,0.0,0.25,0.083333,0.0,0.083333,0.0,0.0,0.0,0.125,0.0,0.16667,0.0,0.25,6.3333,5.2222,5.1111,5.1111,5.7778,5.3333,3.7778,6.5556,2.1111,5.4444,3.7778,3.6667,4.4444,7.1111
1545,1546,stimulus_1546,/pscratch/sd/s/sjmoon/EmoFM/videos/CowenEmotionVideos/1546.mp4,True,0.0,0.0,0.0,0.66667,0.0,0.0,0.0,0.083333,0.0,0.0,0.0,0.0,0.0,0.0,0.0,0.083333,0.083333,0.0,0.0,0.0,0.0,0.0,0.0,0.16667,0.0,0.0,0.0,0.0,0.0,0.083333,0.0,0.16667,0.083333,0.0,6.7778,5.1111,6.0,3.6667,6.0,5.2222,5.1111,3.6667,2.3333,3.7778,4.4444,4.3333,2.8889,4.8889
1546,1547,stimulus_1547,/pscratch/sd/s/sjmoon/EmoFM/videos/CowenEmotionVideos/1547.mp4,True,0.16667,0.375,0.0,0.0,0.0,0.0,0.33333,0.0,0.0,0.25,0.0,0.0,0.0,0.0,0.0,0.0,0.0,0.0,0.0,0.0,0.0,0.0,0.25,0.45833,0.0,0.0,0.0,0.0,0.0,0.0,0.0,0.0,0.0,0.0,5.2222,4.6667,7.1111,5.5556,6.1111,5.4444,5.4444,6.8889,2.1111,6.7778,4.3333,4.1111,5.3333,6.8889
1547,1548,stimulus_1548,/pscratch/sd/s/sjmoon/EmoFM/videos/CowenEmotionVideos/1548.mp4,True,0.16667,0.25,0.083333,0.0,0.0,0.0,0.16667,0.0,0.083333,0.25,0.0,0.0,0.0,0.0,0.0,0.0,0.0,0.0,0.0,0.0,0.0,0.0,0.0,0.5,0.083333,0.0,0.0,0.0,0.0,0.083333,0.0,0.0,0.0,0.0,5.5556,4.4444,6.7778,6.6667,5.8889,5.8889,6.4444,8.2222,1.6667,6.8889,7.0,2.3333,7.3333,6.1111
1548,1549,stimulus_1549,/pscratch/sd/s/sjmoon/EmoFM/videos/CowenEmotionVideos/1549.mp4,True,0.0,0.0,0.33333,0.083333,0.0,0.0,0.25,0.0,0.0,0.0,0.20833,0.0,0.0,0.0,0.0,0.0,0.20833,0.0,0.0,0.0,0.0,0.0,0.5,0.0,0.0,0.0,0.0,0.0,0.0,0.0,0.0,0.16667,0.0,0.0,6.2222,4.3333,5.3333,4.7778,6.2222,4.1111,3.2222,3.8889,4.5556,4.6667,3.8889,4.7778,4.0,4.6667
1549,1550,stimulus_1550,/pscratch/sd/s/sjmoon/EmoFM/videos/CowenEmotionVideos/1550.mp4,True,0.0,0.0,0.0,0.25,0.0,0.083333,0.083333,0.0,0.0,0.0,0.375,0.0,0.0,0.125,0.0,0.25,0.0,0.0,0.083333,0.0,0.0,0.16667,0.083333,0.0,0.0,0.0,0.0,0.0,0.16667,0.0,0.0,0.33333,0.16667,0.0,6.0,4.2222,2.5556,2.2222,6.5556,3.2222,4.2222,2.2222,4.0,3.6667,4.7778,5.1111,2.4444,2.0
1550,1551,stimulus_1551,/pscratch/sd/s/sjmoon/EmoFM/videos/CowenEmotionVideos/1551.mp4,True,0.0,0.083333,0.0,0.0,0.0,0.083333,0.0,0.0,0.0,0.0,0.0,0.0,0.0,0.0,0.0,0.0,0.0,0.083333,0.083333,0.0,0.0,0.0,0.0,0.083333,0.25,0.083333,0.0,0.75,0.0,0.083333,0.0,0.0,0.0,0.0,7.0,5.4444,6.5556,7.0,6.2222,6.5556,6.8889,7.1111,3.1111,6.6667,6.6667,2.3333,6.5556,6.4444
1551,1552,stimulus_1552,/pscratch/sd/s/sjmoon/EmoFM/videos/CowenEmotionVideos/1552.mp4,True,0.0,0.0,0.0,0.083333,0.0,0.083333,0.0,0.0,0.0,0.0,0.29167,0.0,0.0,0.0,0.0,0.0,0.0,0.0,0.0,0.083333,0.0,0.0,0.375,0.0,0.0,0.0,0.0,0.0,0.0,0.083333,0.0,0.25,0.0,0.0,6.4444,4.4444,4.3333,3.4444,6.8889,3.7778,3.4444,3.8889,4.3333,3.3333,3.8889,7.7778,3.7778,4.1111
1552,1553,stimulus_1553,/pscratch/sd/s/sjmoon/EmoFM/videos/CowenEmotionVideos/1553.mp4,True,0.083333,0.0,0.0,0.16667,0.0,0.083333,0.083333,0.0,0.0,0.0,0.0,0.0,0.0,0.0,0.083333,0.083333,0.0,0.0,0.0,0.16667,0.0,0.16667,0.083333,0.0,0.0,0.0,0.0,0.0,0.083333,0.0,0.0,0.33333,0.16667,0.0,6.6667,5.8889,5.3333,4.2222,6.6667,5.7778,5.3333,5.2222,2.8889,5.8889,4.7778,4.0,3.3333,3.7778
1553,1554,stimulus_1554,/pscratch/sd/s/sjmoon/EmoFM/videos/CowenEmotionVideos/1554.mp4,True,0.0,0.0,0.5,0.16667,0.0,0.0,0.16667,0.0,0.0,0.0,0.25,0.0,0.083333,0.0,0.0,0.0,0.16667,0.0,0.0,0.0,0.0,0.0,0.25,0.083333,0.0,0.0,0.0,0.0,0.0,0.0,0.0,0.0,0.0,0.0,6.5556,4.3333,5.5556,4.8889,6.2222,5.2222,4.4444,5.1111,4.7778,5.4444,4.8889,4.4444,5.1111,6.4444
1554,1555,stimulus_1555,/pscratch/sd/s/sjmoon/EmoFM/videos/CowenEmotionVideos/1555.mp4,True,0.0,0.083333,0.0,0.5,0.0,0.0,0.083333,0.083333,0.0,0.083333,0.083333,0.0,0.0,0.083333,0.0,0.0,0.0,0.0,0.0,0.0,0.0,0.0,0.16667,0.0,0.0,0.0,0.0,0.0,0.0,0.25,0.0,0.16667,0.0,0.083333,4.8889,6.3333,6.5556,6.5556,6.3333,5.1111,5.5556,5.3333,2.5556,5.5556,5.5556,3.7778,4.7778,4.1111
1555,1556,stimulus_1556,/pscratch/sd/s/sjmoon/EmoFM/videos/CowenEmotionVideos/1556.mp4,True,0.0,0.0,0.0,0.0,0.083333,0.25,0.0,0.0,0.0,0.0,0.0,0.0,0.0,0.0,0.83333,0.083333,0.0,0.0,0.0,0.083333,0.0,0.33333,0.0,0.0,0.0,0.0,0.0,0.0,0.0,0.083333,0.0,0.083333,0.0,0.0,5.3333,4.4444,1.1111,1.7778,5.7778,4.4444,4.2222,2.3333,6.6667,3.5556,3.5556,4.4444,2.6667,3.4444
1556,1557,stimulus_1557,/pscratch/sd/s/sjmoon/EmoFM/videos/CowenEmotionVideos/1557.mp4,True,0.0,0.0,0.0,0.0,0.0,0.0,0.0,0.0,0.16667,0.0,0.16667,0.083333,0.0,0.0,0.0,0.0,0.0,0.041667,0.083333,0.0,0.0,0.0,0.083333,0.0,0.0,0.0,0.0,0.375,0.0,0.083333,0.41667,0.0,0.0,0.0,7.1111,4.8889,6.4444,7.0,6.0,5.6667,5.1111,6.3333,1.7778,6.6667,5.6667,2.5556,6.1111,5.5556
1557,1558,stimulus_1558,/pscratch/sd/s/sjmoon/EmoFM/videos/CowenEmotionVideos/1558.mp4,True,0.25,0.25,0.0,0.66667,0.0,0.0,0.33333,0.0,0.0,0.0,0.0,0.0,0.0,0.0,0.0,0.0,0.0,0.0,0.0,0.0,0.0,0.0,0.083333,0.0,0.0,0.0,0.0,0.0,0.0,0.16667,0.0,0.16667,0.0,0.0,6.3333,5.1111,7.4444,7.1111,6.7778,5.7778,5.7778,7.6667,2.2222,6.3333,5.0,3.8889,6.1111,6.8889
1558,1559,stimulus_1559,/pscratch/sd/s/sjmoon/EmoFM/videos/CowenEmotionVideos/1559.mp4,True,0.083333,0.0,0.0,0.16667,0.0,0.16667,0.16667,0.0,0.16667,0.0,0.0,0.0,0.0,0.0,0.0,0.0,0.0,0.0,0.0,0.0,0.0,0.0,0.16667,0.083333,0.5,0.0,0.0,0.0,0.0,0.0,0.0,0.0,0.0,0.0,6.1111,6.1111,6.1111,5.6667,5.6667,5.4444,4.6667,5.3333,2.5556,5.8889,5.0,3.3333,3.7778,5.7778
1559,1560,stimulus_1560,/pscratch/sd/s/sjmoon/EmoFM/videos/CowenEmotionVideos/1560.mp4,True,0.083333,0.0,0.16667,0.041667,0.0,0.0,0.29167,0.0,0.0,0.0,0.0,0.0,0.0,0.0,0.0,0.0,0.0,0.0,0.083333,0.0,0.0,0.0,0.16667,0.0,0.0,0.0,0.0,0.0,0.0,0.33333,0.0,0.33333,0.0,0.0,7.0,5.6667,5.7778,5.2222,6.8889,5.6667,4.7778,7.2222,3.0,6.2222,5.3333,4.2222,6.0,6.2222
1560,1561,stimulus_1561,/pscratch/sd/s/sjmoon/EmoFM/videos/CowenEmotionVideos/1561.mp4,True,0.0,0.0,0.0,0.083333,0.0,0.0,0.0,0.0,0.0,0.0,0.0,0.0,0.0,0.0,0.41667,0.0,0.0,0.0,0.083333,0.0,0.0,0.0,0.0,0.0,0.0,0.0,0.0,0.0,0.0,0.0,0.58333,0.0,0.0,0.0,4.6667,4.6667,4.0,4.2222,5.0,5.7778,3.2222,6.3333,5.8889,5.3333,3.0,5.4444,4.2222,4.1111
1561,1562,stimulus_1562,/pscratch/sd/s/sjmoon/EmoFM/videos/CowenEmotionVideos/1562.mp4,True,0.0,0.0,0.0,0.0,0.125,0.25,0.0,0.0,0.0,0.0,0.125,0.0,0.0,0.0,0.083333,0.16667,0.0,0.0,0.0,0.25,0.0,0.5,0.0,0.0,0.0,0.0,0.0,0.0,0.41667,0.0,0.0,0.33333,0.0,0.0,6.4444,3.0,1.0,1.0,6.5556,2.0,4.0,1.4444,7.2222,1.5556,2.8889,6.3333,1.7778,1.0
1562,1563,stimulus_1563,/pscratch/sd/s/sjmoon/EmoFM/videos/CowenEmotionVideos/1563.mp4,True,0.083333,0.083333,0.0,0.58333,0.0,0.0,0.0,0.0,0.0,0.0,0.083333,0.0,0.0,0.0,0.083333,0.083333,0.0,0.0,0.0,0.0,0.0,0.0,0.0,0.20833,0.083333,0.0,0.0,0.0,0.0,0.083333,0.0,0.16667,0.083333,0.083333,5.5556,5.0,5.7778,4.3333,6.1111,5.8889,5.3333,4.7778,3.7778,5.5556,5.1111,3.4444,5.7778,5.8889
1563,1564,stimulus_1564,/pscratch/sd/s/sjmoon/EmoFM/videos/CowenEmotionVideos/1564.mp4,True,0.0,0.20833,0.0,0.83333,0.0,0.0,0.25,0.0,0.0,0.0,0.0,0.0,0.0,0.0,0.0,0.0,0.0,0.0,0.0,0.0,0.0,0.0,0.083333,0.16667,0.0,0.0,0.0,0.0,0.0,0.0,0.0,0.0,0.0,0.0,6.5556,4.8889,7.3333,7.2222,7.1111,6.3333,6.3333,5.8889,1.5556,6.3333,4.4444,2.0,6.5556,7.7778
1564,1565,stimulus_1565,/pscratch/sd/s/sjmoon/EmoFM/videos/CowenEmotionVideos/1565.mp4,True,0.0,0.0,0.0,0.5,0.0,0.0,0.0,0.16667,0.0,0.0,0.0,0.083333,0.0,0.0,0.33333,0.0,0.0,0.0,0.0,0.083333,0.083333,0.083333,0.0,0.0,0.0,0.0,0.0,0.0,0.083333,0.0,0.0,0.083333,0.0,0.0,4.1111,5.3333,2.6667,3.0,5.7778,3.8889,3.8889,5.5556,3.6667,4.1111,4.1111,5.4444,3.8889,5.5556
1565,1566,stimulus_1566,/pscratch/sd/s/sjmoon/EmoFM/videos/CowenEmotionVideos/1566.mp4,True,0.0,0.0,0.41667,0.0,0.0,0.0,0.0,0.083333,0.083333,0.083333,0.16667,0.0,0.0,0.0,0.0,0.0,0.16667,0.0,0.0,0.0,0.0,0.0,0.083333,0.0,0.0,0.0,0.0,0.0,0.0,0.0,0.083333,0.0,0.0,0.0,5.3333,4.2222,5.3333,4.5556,6.4444,4.4444,3.3333,6.5556,5.1111,5.8889,3.5556,2.4444,5.4444,6.1111
1566,1567,stimulus_1567,/pscratch/sd/s/sjmoon/EmoFM/videos/CowenEmotionVideos/1567.mp4,True,0.0,0.0,0.0,0.29167,0.0,0.0,0.0,0.75,0.0,0.0,0.083333,0.083333,0.0,0.0,0.0,0.0,0.0,0.0,0.083333,0.0,0.083333,0.0,0.0,0.083333,0.083333,0.0,0.0,0.0,0.0,0.0,0.0,0.0,0.0,0.0,5.2222,3.8889,5.3333,4.6667,5.5556,4.1111,5.6667,4.8889,3.1111,5.3333,5.3333,5.4444,6.1111,4.7778
1567,1568,stimulus_1568,/pscratch/sd/s/sjmoon/EmoFM/videos/CowenEmotionVideos/1568.mp4,True,0.16667,0.0,0.083333,0.0,0.0,0.083333,0.16667,0.0,0.0,0.0,0.16667,0.0,0.0,0.0,0.0,0.0,0.0,0.0,0.0,0.0,0.0,0.0,0.29167,0.041667,0.083333,0.16667,0.083333,0.0,0.0,0.0,0.0,0.0,0.0,0.33333,6.4444,5.3333,6.8889,6.7778,6.7778,6.0,6.3333,7.0,2.7778,6.3333,6.3333,2.6667,3.6667,6.6667
1568,1569,stimulus_1569,/pscratch/sd/s/sjmoon/EmoFM/videos/CowenEmotionVideos/1569.mp4,True,0.083333,0.25,0.0,0.29167,0.0,0.0,0.41667,0.0,0.0,0.0,0.0,0.0,0.0,0.0,0.0,0.0,0.0,0.0,0.083333,0.0,0.0,0.0,0.0,0.45833,0.0,0.0,0.0,0.0,0.083333,0.0,0.0,0.083333,0.0,0.0,6.6667,4.0,8.5556,7.3333,6.6667,6.8889,6.8889,8.1111,2.1111,7.0,6.7778,2.2222,7.6667,8.3333
1569,1570,stimulus_1570,/pscratch/sd/s/sjmoon/EmoFM/videos/CowenEmotionVideos/1570.mp4,True,0.16667,0.0,0.0,0.16667,0.0,0.083333,0.125,0.0,0.0,0.0,0.0,0.0,0.0,0.0,0.0,0.0,0.0,0.083333,0.33333,0.0,0.0,0.0,0.083333,0.083333,0.0,0.083333,0.083333,0.0,0.0,0.083333,0.0,0.16667,0.0,0.33333,7.4444,7.0,6.7778,6.0,7.5556,6.0,5.3333,6.7778,3.1111,6.0,5.2222,3.6667,4.5556,8.0
1570,1571,stimulus_1571,/pscratch/sd/s/sjmoon/EmoFM/videos/CowenEmotionVideos/1571.mp4,True,0.0,0.0,0.20833,0.16667,0.0,0.0,0.25,0.0,0.0,0.0,0.16667,0.0,0.0,0.0,0.0,0.0,0.16667,0.0,0.0,0.0,0.0,0.0,0.41667,0.0,0.0,0.0,0.0,0.0,0.0,0.0,0.0,0.16667,0.0,0.0,6.8889,6.0,6.8889,7.3333,7.4444,5.1111,4.1111,8.6667,2.2222,5.7778,4.8889,3.4444,5.8889,6.8889
1571,1572,stimulus_1572,/pscratch/sd/s/sjmoon/EmoFM/videos/CowenEmotionVideos/1572.mp4,True,0.083333,0.25,0.0,0.33333,0.0,0.0,0.5,0.0,0.0,0.0,0.0,0.0,0.0,0.0,0.0,0.0,0.0,0.0,0.0,0.0,0.0,0.0,0.0,0.25,0.0,0.0,0.0,0.0,0.0,0.083333,0.0,0.0,0.083333,0.0,6.2222,4.4444,8.8889,8.3333,6.6667,7.0,7.5556,8.3333,1.6667,7.3333,4.6667,1.4444,7.5556,8.0
1572,1573,stimulus_1573,/pscratch/sd/s/sjmoon/EmoFM/videos/CowenEmotionVideos/1573.mp4,True,0.0,0.0,0.625,0.083333,0.0,0.0,0.41667,0.0,0.0,0.0,0.0,0.083333,0.0,0.0,0.0,0.0,0.0,0.083333,0.0,0.0,0.0,0.0,0.125,0.0,0.0,0.0,0.0,0.0,0.0,0.0,0.0,0.16667,0.0,0.0,6.5556,4.1111,6.3333,4.6667,6.1111,5.7778,5.5556,6.7778,3.6667,6.0,4.5556,3.6667,4.6667,6.3333
1573,1574,stimulus_1574,/pscratch/sd/s/sjmoon/EmoFM/videos/CowenEmotionVideos/1574.mp4,True,0.0,0.0,0.0,0.25,0.0,0.0,0.0,0.083333,0.083333,0.0,0.0,0.0,0.0,0.16667,0.25,0.0,0.0,0.0,0.0,0.0,0.0,0.0,0.0,0.083333,0.41667,0.0,0.0,0.083333,0.0,0.0,0.083333,0.0,0.083333,0.0,4.7778,3.8889,5.1111,4.5556,5.7778,4.8889,5.2222,5.5556,2.7778,5.2222,4.8889,3.5556,4.3333,4.4444
1574,1575,stimulus_1575,/pscratch/sd/s/sjmoon/EmoFM/videos/CowenEmotionVideos/1575.mp4,True,0.0,0.0,0.41667,0.125,0.0,0.0,0.0,0.0,0.083333,0.083333,0.33333,0.0,0.0,0.0,0.0,0.0,0.16667,0.0,0.0,0.0,0.0,0.0,0.25,0.0,0.0,0.0,0.0,0.0,0.0,0.0,0.0,0.0,0.0,0.0,6.4444,3.7778,4.4444,4.2222,5.8889,4.6667,3.8889,5.2222,5.2222,5.0,3.0,4.0,4.2222,5.7778
1575,1576,stimulus_1576,/pscratch/sd/s/sjmoon/EmoFM/videos/CowenEmotionVideos/1576.mp4,True,0.0,0.0,0.0,0.0,0.25,0.0,0.0,0.0,0.0,0.0,0.083333,0.0,0.0,0.16667,0.5,0.0,0.0,0.0,0.0,0.25,0.083333,0.083333,0.0,0.0,0.0,0.0,0.0,0.0,0.083333,0.083333,0.0,0.16667,0.083333,0.0,7.1111,5.3333,3.3333,2.4444,6.8889,5.5556,4.2222,2.7778,5.6667,1.8889,4.1111,4.5556,2.5556,2.3333
1576,1577,stimulus_1577,/pscratch/sd/s/sjmoon/EmoFM/videos/CowenEmotionVideos/1577.mp4,True,0.0,0.083333,0.083333,0.20833,0.0,0.083333,0.16667,0.0,0.083333,0.0,0.083333,0.0,0.0,0.0,0.0,0.0,0.083333,0.0,0.16667,0.0,0.0,0.0,0.16667,0.083333,0.0,0.0,0.083333,0.0,0.0,0.16667,0.0,0.083333,0.0,0.083333,7.2222,4.5556,5.8889,5.0,6.6667,5.8889,3.8889,5.4444,4.3333,6.1111,4.3333,2.7778,2.7778,7.5556
1577,1578,stimulus_1578,/pscratch/sd/s/sjmoon/EmoFM/videos/CowenEmotionVideos/1578.mp4,True,0.0,0.25,0.0,0.66667,0.0,0.0,0.16667,0.0,0.0,0.0,0.0,0.0,0.0,0.0,0.0,0.0,0.0,0.0,0.0,0.0,0.0,0.083333,0.0,0.083333,0.0,0.0,0.0,0.0,0.0,0.0,0.0,0.25,0.083333,0.0,5.6667,3.4444,4.7778,2.4444,6.0,4.7778,4.5556,2.6667,3.8889,3.0,4.1111,3.1111,3.3333,2.7778
1578,1579,stimulus_1579,/pscratch/sd/s/sjmoon/EmoFM/videos/CowenEmotionVideos/1579.mp4,True,0.0,0.0,0.0,0.41667,0.083333,0.0,0.0,0.16667,0.0,0.0,0.083333,0.0,0.0,0.0,0.0,0.0,0.0,0.0,0.0,0.0,0.0,0.0,0.083333,0.16667,0.083333,0.083333,0.083333,0.0,0.0,0.083333,0.0,0.16667,0.0,0.083333,5.6667,5.8889,6.1111,4.8889,6.8889,5.4444,5.1111,5.5556,4.2222,4.4444,4.3333,3.5556,5.2222,4.7778
1579,1580,stimulus_1580,/pscratch/sd/s/sjmoon/EmoFM/videos/CowenEmotionVideos/1580.mp4,True,0.0,0.125,0.0,0.66667,0.0,0.0,0.16667,0.0,0.0,0.0,0.0,0.0,0.0,0.0,0.083333,0.0,0.0,0.0,0.0,0.0,0.0,0.0,0.0,0.33333,0.0,0.0,0.0,0.0,0.0,0.0,0.0,0.16667,0.0,0.0,5.4444,4.3333,6.4444,5.3333,5.7778,5.5556,6.1111,5.7778,2.2222,5.8889,5.2222,2.8889,6.2222,6.2222
1580,1581,stimulus_1581,/pscratch/sd/s/sjmoon/EmoFM/videos/CowenEmotionVideos/1581.mp4,True,0.0,0.083333,0.0,0.33333,0.0,0.0,0.0,0.0,0.0,0.0,0.083333,0.0,0.083333,0.0,0.0,0.0,0.0,0.16667,0.0,0.0,0.0,0.0,0.083333,0.33333,0.0,0.0,0.0,0.125,0.0,0.0,0.5,0.0,0.0,0.0,6.0,4.7778,6.1111,5.0,5.5556,4.8889,3.6667,5.0,1.8889,4.2222,4.6667,3.3333,6.0,5.4444
1581,1582,stimulus_1582,/pscratch/sd/s/sjmoon/EmoFM/videos/CowenEmotionVideos/1582.mp4,True,0.0,0.0,0.125,0.33333,0.0,0.0,0.125,0.0,0.083333,0.083333,0.083333,0.0,0.0,0.0,0.0,0.0,0.0,0.0,0.0,0.0,0.0,0.0,0.25,0.0,0.0,0.0,0.0,0.0,0.0,0.0,0.0,0.25,0.0,0.0,7.0,4.3333,6.7778,6.6667,7.1111,5.4444,4.1111,6.2222,2.5556,5.8889,4.5556,3.1111,4.8889,6.4444
1582,1583,stimulus_1583,/pscratch/sd/s/sjmoon/EmoFM/videos/CowenEmotionVideos/1583.mp4,True,0.083333,0.0,0.25,0.083333,0.0,0.16667,0.33333,0.0,0.0,0.0,0.0,0.0,0.0,0.0,0.0,0.0,0.0,0.083333,0.083333,0.0,0.0,0.0,0.20833,0.083333,0.0,0.0,0.0,0.0,0.0,0.083333,0.0,0.083333,0.0,0.0,7.3333,4.5556,6.6667,5.4444,6.2222,5.6667,5.3333,5.8889,3.3333,5.2222,3.1111,2.7778,4.2222,6.0
1583,1584,stimulus_1584,/pscratch/sd/s/sjmoon/EmoFM/videos/CowenEmotionVideos/1584.mp4,True,0.25,0.083333,0.083333,0.0,0.0,0.0,0.25,0.0,0.0,0.0,0.0,0.0,0.0,0.0,0.0,0.0,0.0,0.0,0.083333,0.0,0.0,0.0,0.0,0.083333,0.0,0.083333,0.083333,0.0,0.0,0.16667,0.0,0.083333,0.0,0.5,7.3333,5.4444,7.7778,4.3333,6.4444,6.0,6.0,6.3333,3.6667,6.1111,4.7778,2.8889,5.0,6.7778
1584,1585,stimulus_1585,/pscratch/sd/s/sjmoon/EmoFM/videos/CowenEmotionVideos/1585.mp4,True,0.0,0.0,0.0,0.20833,0.0,0.0,0.0,0.083333,0.0,0.083333,0.0,0.0,0.0,0.083333,0.0,0.41667,0.0,0.0,0.083333,0.0,0.0,0.0,0.083333,0.083333,0.0,0.0,0.0,0.0,0.041667,0.0,0.0,0.29167,0.083333,0.0,5.4444,5.5556,3.2222,3.1111,6.8889,5.4444,5.1111,2.8889,4.6667,4.4444,5.4444,4.4444,3.6667,2.8889
1585,1586,stimulus_1586,/pscratch/sd/s/sjmoon/EmoFM/videos/CowenEmotionVideos/1586.mp4,True,0.25,0.20833,0.0,0.041667,0.0,0.0,0.16667,0.0,0.0,0.0,0.0,0.0,0.0,0.0,0.0,0.0,0.0,0.0,0.16667,0.0,0.0,0.0,0.0,0.41667,0.083333,0.16667,0.083333,0.0,0.0,0.0,0.0,0.083333,0.0,0.16667,5.7778,4.7778,6.4444,6.3333,6.4444,6.4444,5.7778,6.2222,3.6667,6.3333,6.2222,3.3333,6.5556,5.7778
1586,1587,stimulus_1587,/pscratch/sd/s/sjmoon/EmoFM/videos/CowenEmotionVideos/1587.mp4,True,0.0,0.0,0.0,0.0,0.0,0.083333,0.0,0.0,0.0,0.0,0.0,0.0,0.0,0.083333,0.041667,0.0,0.0,0.0,0.0,0.33333,0.0,0.16667,0.0,0.0,0.0,0.0,0.0,0.0,0.75,0.0,0.0,0.33333,0.083333,0.0,5.3333,3.5556,2.2222,1.5556,6.3333,3.6667,4.1111,1.8889,6.6667,3.0,2.8889,5.8889,2.0,1.6667
1587,1588,stimulus_1588,/pscratch/sd/s/sjmoon/EmoFM/videos/CowenEmotionVideos/1588.mp4,True,0.0,0.0,0.5,0.083333,0.0,0.0,0.0,0.0,0.16667,0.16667,0.083333,0.083333,0.0,0.0,0.0,0.0,0.16667,0.0,0.0,0.0,0.0,0.0,0.0,0.0,0.0,0.0,0.0,0.0,0.0,0.083333,0.0,0.0,0.0,0.0,5.6667,5.0,5.6667,5.7778,6.5556,5.7778,4.4444,8.1111,2.1111,5.7778,5.5556,2.7778,6.2222,5.8889
1588,1589,stimulus_1589,/pscratch/sd/s/sjmoon/EmoFM/videos/CowenEmotionVideos/1589.mp4,True,0.0,0.0,0.0,0.0,0.0,0.16667,0.083333,0.0,0.0,0.0,0.29167,0.0,0.0,0.0,0.58333,0.0,0.083333,0.0,0.0,0.0,0.0,0.25,0.083333,0.0,0.0,0.0,0.0,0.0,0.0,0.0,0.0,0.25,0.0,0.0,5.6667,5.5556,3.2222,2.8889,6.3333,4.4444,4.8889,5.1111,5.0,4.7778,4.0,4.8889,4.2222,4.1111
1589,1590,stimulus_1590,/pscratch/sd/s/sjmoon/EmoFM/videos/CowenEmotionVideos/1590.mp4,True,0.0,0.0,0.0,0.0,0.083333,0.375,0.0,0.0,0.0,0.0,0.083333,0.0,0.0,0.0,0.0,0.0,0.0,0.0,0.083333,0.58333,0.0,0.5,0.083333,0.0,0.0,0.083333,0.0,0.0,0.0,0.0,0.0,0.0,0.0,0.0,6.5556,3.7778,2.3333,2.0,6.6667,5.1111,5.2222,2.2222,5.4444,3.8889,3.8889,4.2222,2.0,3.2222
1590,1591,stimulus_1591,/pscratch/sd/s/sjmoon/EmoFM/videos/CowenEmotionVideos/1591.mp4,True,0.0,0.0,0.0,0.0,0.0,0.0,0.0,0.083333,0.0,0.0,0.083333,0.0,0.0,0.083333,0.33333,0.16667,0.083333,0.0,0.0,0.0,0.0,0.0,0.0,0.0,0.0,0.0,0.0,0.0,0.625,0.083333,0.0,0.0,0.58333,0.0,3.3333,4.4444,2.1111,3.2222,5.2222,4.2222,4.8889,3.0,5.6667,3.1111,4.2222,4.8889,3.1111,3.5556
1591,1592,stimulus_1592,/pscratch/sd/s/sjmoon/EmoFM/videos/CowenEmotionVideos/1592.mp4,True,0.083333,0.0,0.66667,0.083333,0.0,0.0,0.33333,0.083333,0.083333,0.5,0.0,0.0,0.0,0.0,0.0,0.0,0.125,0.0,0.0,0.0,0.0,0.0,0.0,0.083333,0.0,0.0,0.0,0.0,0.0,0.0,0.0,0.0,0.0,0.0,5.1111,5.1111,7.3333,6.0,6.8889,5.3333,5.4444,6.8889,2.2222,5.5556,4.4444,3.3333,5.5556,5.4444
1592,1593,stimulus_1593,/pscratch/sd/s/sjmoon/EmoFM/videos/CowenEmotionVideos/1593.mp4,True,0.083333,0.0,0.0,0.41667,0.0,0.33333,0.083333,0.083333,0.083333,0.0,0.0,0.0,0.0,0.0,0.0,0.0,0.0,0.0,0.0,0.16667,0.0,0.0,0.0,0.083333,0.0,0.0,0.33333,0.0,0.0,0.0,0.0,0.25,0.083333,0.0,6.0,5.0,4.2222,4.0,6.7778,4.7778,5.8889,4.7778,5.0,4.8889,5.3333,5.4444,3.3333,6.2222
1593,1594,stimulus_1594,/pscratch/sd/s/sjmoon/EmoFM/videos/CowenEmotionVideos/1594.mp4,True,0.0,0.125,0.16667,0.0,0.0,0.0,0.083333,0.0,0.0,0.0,0.0,0.0,0.0,0.0,0.0,0.0,0.0,0.0,0.0,0.083333,0.0,0.0,0.083333,0.16667,0.0,0.0,0.0,0.54167,0.0,0.0,0.375,0.0,0.0,0.0,6.4444,4.8889,7.2222,6.3333,6.5556,6.4444,5.2222,7.0,3.2222,6.1111,5.8889,4.0,4.8889,6.7778
1594,1595,stimulus_1595,/pscratch/sd/s/sjmoon/EmoFM/videos/CowenEmotionVideos/1595.mp4,True,0.0,0.0,0.0,0.66667,0.0,0.0,0.0,0.083333,0.0,0.0,0.0,0.0,0.0,0.083333,0.0,0.125,0.0,0.0,0.0,0.0,0.083333,0.0,0.16667,0.083333,0.0,0.0,0.0,0.0,0.083333,0.0,0.0,0.083333,0.083333,0.0,6.4444,4.8889,4.3333,3.5556,5.6667,5.4444,4.4444,3.5556,3.6667,3.4444,4.2222,3.8889,3.8889,2.8889
1595,1596,stimulus_1596,/pscratch/sd/s/sjmoon/EmoFM/videos/CowenEmotionVideos/1596.mp4,True,0.0,0.0,0.0,0.0,0.083333,0.083333,0.0,0.0,0.0,0.0,0.0,0.0,0.0,0.0,0.58333,0.58333,0.0,0.0,0.0,0.083333,0.0,0.083333,0.0,0.0,0.0,0.0,0.0,0.0,0.0,0.0,0.0,0.0,0.0,0.0,5.6667,5.3333,2.4444,2.1111,6.0,3.4444,2.7778,5.4444,5.2222,4.7778,3.3333,5.4444,3.0,4.4444
1596,1597,stimulus_1597,/pscratch/sd/s/sjmoon/EmoFM/videos/CowenEmotionVideos/1597.mp4,True,0.16667,0.25,0.0,0.66667,0.0,0.0,0.0,0.0,0.0,0.0,0.0,0.0,0.0,0.083333,0.0,0.083333,0.0,0.0,0.083333,0.0,0.0,0.0,0.083333,0.16667,0.0,0.0,0.0,0.0,0.0,0.0,0.0,0.083333,0.083333,0.0,4.7778,4.2222,6.4444,5.3333,6.2222,6.3333,6.1111,5.8889,2.5556,4.6667,5.0,2.4444,6.1111,5.7778
1597,1598,stimulus_1598,/pscratch/sd/s/sjmoon/EmoFM/videos/CowenEmotionVideos/1598.mp4,True,0.0,0.0,0.0,0.0,0.0,0.0,0.0,0.0,0.0,0.0,0.0,0.0,0.0,0.0,0.91667,0.083333,0.0,0.0,0.0,0.0,0.0,0.0,0.0,0.0,0.0,0.0,0.0,0.0,0.0,0.0,0.0,0.083333,0.083333,0.0,7.0,5.1111,1.7778,1.4444,3.7778,5.1111,2.8889,2.5556,5.6667,4.7778,2.3333,5.8889,4.1111,2.2222
1598,1599,stimulus_1599,/pscratch/sd/s/sjmoon/EmoFM/videos/CowenEmotionVideos/1599.mp4,True,0.0,0.0,0.0,0.083333,0.0,0.41667,0.083333,0.0,0.0,0.0,0.0,0.0,0.0,0.0,0.083333,0.0,0.083333,0.0,0.0,0.66667,0.0,0.0,0.0,0.0,0.0,0.0,0.0,0.0,0.0,0.0,0.0,0.083333,0.0,0.0,6.7778,4.5556,3.6667,2.3333,6.8889,5.2222,4.3333,3.4444,4.0,4.4444,2.2222,4.0,2.0,5.1111
1599,1600,stimulus_1600,/pscratch/sd/s/sjmoon/EmoFM/videos/CowenEmotionVideos/1600.mp4,True,0.083333,0.0,0.083333,0.41667,0.083333,0.0,0.083333,0.375,0.0,0.0,0.25,0.083333,0.0,0.0,0.25,0.0,0.0,0.0,0.0,0.0,0.0,0.0,0.0,0.083333,0.0,0.0,0.0,0.0,0.0,0.0,0.16667,0.16667,0.0,0.0,5.2222,5.6667,4.1111,2.8889,5.3333,6.2222,3.4444,5.5556,3.0,4.6667,3.5556,3.7778,5.3333,4.5556
1600,1601,stimulus_1601,/pscratch/sd/s/sjmoon/EmoFM/videos/CowenEmotionVideos/1601.mp4,True,0.0,0.0,0.0,0.0,0.0,0.083333,0.0,0.0,0.0,0.0,0.0,0.0,0.0,0.0,0.0,0.0,0.0,0.0,0.083333,0.5,0.0,0.66667,0.0,0.0,0.0,0.0,0.0,0.0,0.0,0.0,0.0,0.25,0.083333,0.083333,6.2222,3.6667,2.7778,1.8889,7.1111,4.8889,4.0,2.5556,4.1111,3.3333,3.0,5.2222,2.8889,3.2222
1601,1602,stimulus_1602,/pscratch/sd/s/sjmoon/EmoFM/videos/CowenEmotionVideos/1602.mp4,True,0.0,0.083333,0.16667,0.083333,0.0,0.0,0.16667,0.0,0.083333,0.083333,0.0,0.083333,0.0,0.0,0.0,0.0,0.0,0.0,0.0,0.0,0.0,0.0,0.083333,0.0,0.25,0.0,0.0,0.0,0.083333,0.0,0.0,0.0,0.083333,0.0,5.2222,4.7778,6.3333,5.8889,6.0,6.5556,5.6667,7.1111,1.7778,5.5556,5.0,2.7778,6.5556,5.8889
1602,1603,stimulus_1603,/pscratch/sd/s/sjmoon/EmoFM/videos/CowenEmotionVideos/1603.mp4,True,0.083333,0.16667,0.0,0.29167,0.0,0.0,0.0,0.0,0.0,0.0,0.0,0.0,0.0,0.0,0.0,0.0,0.0,0.0,0.0,0.0,0.0,0.0,0.0,0.33333,0.41667,0.0,0.0,0.0,0.0,0.0,0.0,0.083333,0.0,0.0,5.6667,4.8889,7.3333,7.5556,6.4444,7.3333,6.3333,6.6667,1.8889,6.1111,5.4444,2.1111,6.8889,7.2222
1603,1604,stimulus_1604,/pscratch/sd/s/sjmoon/EmoFM/videos/CowenEmotionVideos/1604.mp4,True,0.0,0.0,0.0,0.25,0.0,0.0,0.0,0.16667,0.33333,0.083333,0.083333,0.0,0.0,0.0,0.0,0.0,0.0,0.0,0.16667,0.0,0.0,0.0,0.0,0.083333,0.33333,0.0,0.0,0.0,0.0,0.0,0.0,0.083333,0.083333,0.0,4.6667,5.4444,5.7778,6.1111,6.2222,6.3333,5.1111,6.8889,1.5556,5.3333,4.8889,4.2222,6.2222,5.7778
1604,1605,stimulus_1605,/pscratch/sd/s/sjmoon/EmoFM/videos/CowenEmotionVideos/1605.mp4,True,0.0,0.0,0.0,0.0,0.0,0.16667,0.0,0.0,0.0,0.0,0.16667,0.0,0.0,0.0,0.083333,0.0,0.0,0.0,0.0,0.41667,0.0,0.66667,0.083333,0.0,0.0,0.0,0.0,0.0,0.0,0.0,0.0,0.083333,0.0,0.0,5.4444,3.4444,2.8889,1.2222,6.0,4.2222,4.1111,3.3333,4.5556,4.7778,2.7778,5.6667,3.2222,3.3333
1605,1606,stimulus_1606,/pscratch/sd/s/sjmoon/EmoFM/videos/CowenEmotionVideos/1606.mp4,True,0.0,0.0,0.0,0.83333,0.0,0.0,0.0,0.16667,0.0,0.0,0.25,0.0,0.0,0.0,0.0,0.0,0.0,0.0,0.083333,0.0,0.0,0.0,0.083333,0.083333,0.0,0.0,0.0,0.0,0.0,0.0,0.0,0.083333,0.0,0.0,5.6667,4.8889,6.2222,4.4444,6.3333,4.4444,3.7778,5.6667,2.1111,5.1111,2.6667,3.5556,4.7778,6.0
1606,1607,stimulus_1607,/pscratch/sd/s/sjmoon/EmoFM/videos/CowenEmotionVideos/1607.mp4,True,0.083333,0.083333,0.083333,0.16667,0.0,0.0,0.083333,0.0,0.083333,0.083333,0.0,0.083333,0.0,0.0,0.0,0.0,0.0,0.0,0.0,0.0,0.0,0.0,0.25,0.0,0.16667,0.0,0.0,0.0,0.083333,0.0,0.0,0.0,0.0,0.0,5.4444,4.8889,5.4444,5.2222,5.7778,6.0,5.6667,5.6667,2.2222,5.2222,4.7778,3.0,6.6667,6.0
1607,1608,stimulus_1608,/pscratch/sd/s/sjmoon/EmoFM/videos/CowenEmotionVideos/1608.mp4,True,0.0,0.083333,0.75,0.083333,0.0,0.0,0.58333,0.0,0.083333,0.25,0.0,0.0,0.0,0.0,0.0,0.0,0.29167,0.0,0.0,0.0,0.0,0.0,0.0,0.083333,0.0,0.0,0.0,0.083333,0.0,0.16667,0.0,0.0,0.0,0.0,6.5556,3.7778,8.0,7.7778,7.3333,6.7778,4.5556,6.6667,2.3333,6.2222,4.5556,2.8889,7.1111,7.4444
1608,1609,stimulus_1609,/pscratch/sd/s/sjmoon/EmoFM/videos/CowenEmotionVideos/1609.mp4,True,0.0,0.0,0.0,0.16667,0.0,0.0,0.0,0.0,0.083333,0.083333,0.041667,0.0,0.0,0.0,0.0,0.0,0.33333,0.0,0.0,0.0,0.0,0.0,0.5,0.0,0.0,0.0,0.0,0.0,0.0,0.083333,0.0,0.0,0.0,0.0,5.4444,4.7778,5.2222,4.6667,6.5556,5.5556,4.1111,6.8889,3.4444,5.5556,4.4444,2.3333,6.5556,5.3333
1609,1610,stimulus_1610,/pscratch/sd/s/sjmoon/EmoFM/videos/CowenEmotionVideos/1610.mp4,True,0.083333,0.0,0.0,0.0,0.0,0.0,0.0,0.0,0.0,0.0,0.0,0.0,0.0,0.0,0.0,0.0,0.083333,0.083333,0.16667,0.0,0.0,0.0,0.125,0.0,0.0,0.0,0.0,0.083333,0.0,0.0,1.0,0.0,0.0,0.0,6.4444,4.8889,6.5556,5.5556,6.2222,5.3333,5.6667,6.8889,3.5556,6.2222,5.8889,3.6667,5.0,5.5556
1610,1611,stimulus_1611,/pscratch/sd/s/sjmoon/EmoFM/videos/CowenEmotionVideos/1611.mp4,True,0.0,0.0,0.0,0.5,0.083333,0.0,0.0,0.0,0.0,0.0,0.16667,0.0,0.0,0.0,0.0,0.0,0.0,0.0,0.16667,0.083333,0.0,0.0,0.16667,0.0,0.0,0.0,0.0,0.0,0.0,0.0,0.0,0.41667,0.0,0.0,5.0,4.1111,3.5556,3.8889,4.7778,4.5556,3.1111,3.1111,2.6667,5.5556,2.8889,3.8889,3.7778,4.6667
1611,1612,stimulus_1612,/pscratch/sd/s/sjmoon/EmoFM/videos/CowenEmotionVideos/1612.mp4,True,0.083333,0.0,0.16667,0.16667,0.083333,0.0,0.33333,0.0,0.0,0.125,0.0,0.0,0.0,0.0,0.0,0.083333,0.33333,0.083333,0.083333,0.0,0.0,0.0,0.33333,0.0,0.0,0.0,0.25,0.083333,0.083333,0.083333,0.0,0.0,0.0,0.0,5.7778,5.4444,6.0,5.0,6.7778,5.6667,6.2222,7.1111,3.3333,5.6667,4.8889,3.0,5.2222,6.7778
1612,1613,stimulus_1613,/pscratch/sd/s/sjmoon/EmoFM/videos/CowenEmotionVideos/1613.mp4,True,0.0,0.0,0.0,0.33333,0.083333,0.0,0.0,0.083333,0.0,0.0,0.083333,0.0,0.0,0.083333,0.083333,0.45833,0.0,0.0,0.083333,0.0,0.0,0.083333,0.0,0.0,0.0,0.0,0.0,0.0,0.083333,0.0,0.0,0.16667,0.083333,0.0,5.5556,4.2222,3.1111,2.1111,6.5556,4.6667,4.3333,2.2222,5.2222,4.4444,3.5556,3.2222,1.6667,2.7778
1613,1614,stimulus_1614,/pscratch/sd/s/sjmoon/EmoFM/videos/CowenEmotionVideos/1614.mp4,True,0.083333,0.0,0.083333,0.16667,0.0,0.0,0.083333,0.0,0.16667,0.083333,0.0,0.083333,0.0,0.0,0.0,0.0,0.0,0.0,0.0,0.0,0.0,0.0,0.0,0.0,0.5,0.0,0.0,0.0,0.0,0.0,0.0,0.0,0.0,0.0,3.8889,3.5556,5.0,4.6667,5.0,4.4444,3.4444,6.3333,2.7778,5.3333,4.3333,3.5556,6.1111,4.6667
1614,1615,stimulus_1615,/pscratch/sd/s/sjmoon/EmoFM/videos/CowenEmotionVideos/1615.mp4,True,0.0,0.0,0.0,0.0,0.0,0.41667,0.25,0.0,0.083333,0.0,0.0,0.0,0.083333,0.083333,0.083333,0.0,0.0,0.0,0.083333,0.66667,0.0,0.0,0.0,0.0,0.0,0.0,0.0,0.0,0.0,0.0,0.0,0.083333,0.083333,0.0,6.3333,4.7778,3.6667,2.0,6.2222,3.5556,4.3333,4.8889,3.8889,4.1111,2.4444,5.0,2.1111,5.1111
1615,1616,stimulus_1616,/pscratch/sd/s/sjmoon/EmoFM/videos/CowenEmotionVideos/1616.mp4,True,0.0,0.0,0.66667,0.16667,0.0,0.0,0.5,0.0,0.0,0.25,0.0,0.0,0.0,0.0,0.0,0.0,0.20833,0.0,0.083333,0.0,0.0,0.0,0.16667,0.083333,0.0,0.0,0.0,0.083333,0.0,0.083333,0.0,0.0,0.0,0.0,6.1111,4.8889,6.8889,7.0,5.1111,4.7778,3.8889,6.4444,3.0,6.2222,4.7778,3.5556,6.3333,6.1111
1616,1617,stimulus_1617,/pscratch/sd/s/sjmoon/EmoFM/videos/CowenEmotionVideos/1617.mp4,True,0.0,0.0,0.0,0.0,0.0,0.0,0.0,0.0,0.0,0.0,0.0,0.0,0.0,0.0,0.25,0.0,0.0,0.083333,0.16667,0.0,0.0,0.0,0.0,0.0,0.0,0.0,0.0,0.0,0.0,0.083333,0.75,0.0,0.0,0.0,6.1111,5.4444,4.8889,5.6667,4.5556,5.0,4.2222,6.8889,4.2222,5.3333,4.4444,3.8889,4.5556,5.2222
1617,1618,stimulus_1618,/pscratch/sd/s/sjmoon/EmoFM/videos/CowenEmotionVideos/1618.mp4,True,0.083333,0.0,0.083333,0.083333,0.083333,0.083333,0.0,0.0,0.0,0.0,0.41667,0.0,0.0,0.0,0.16667,0.0,0.0,0.0,0.083333,0.083333,0.0,0.0,0.25,0.083333,0.0,0.0,0.0,0.0,0.0,0.0,0.0,0.083333,0.0,0.0,4.6667,4.4444,4.6667,3.7778,5.0,4.2222,4.4444,5.4444,5.3333,4.7778,4.2222,4.5556,4.1111,3.2222
1618,1619,stimulus_1619,/pscratch/sd/s/sjmoon/EmoFM/videos/CowenEmotionVideos/1619.mp4,True,0.083333,0.083333,0.125,0.16667,0.0,0.0,0.083333,0.0,0.083333,0.0,0.0,0.0,0.0,0.0,0.0,0.0,0.16667,0.0,0.083333,0.0,0.0,0.0,0.58333,0.0,0.0,0.0,0.0,0.0,0.0,0.083333,0.0,0.16667,0.0,0.0,5.6667,4.3333,6.4444,5.7778,6.4444,5.3333,3.5556,7.7778,4.4444,6.2222,3.5556,3.5556,6.3333,5.7778
1619,1620,stimulus_1620,/pscratch/sd/s/sjmoon/EmoFM/videos/CowenEmotionVideos/1620.mp4,True,0.0,0.083333,0.75,0.0,0.0,0.0,0.5,0.0,0.0,0.41667,0.0,0.0,0.0,0.0,0.0,0.0,0.041667,0.0,0.0,0.0,0.0,0.0,0.083333,0.0,0.083333,0.0,0.0,0.0,0.0,0.0,0.0,0.0,0.0,0.083333,4.6667,4.2222,6.7778,6.1111,5.0,5.6667,4.2222,7.2222,3.1111,5.8889,3.6667,3.2222,6.4444,6.3333
1620,1621,stimulus_1621,/pscratch/sd/s/sjmoon/EmoFM/videos/CowenEmotionVideos/1621.mp4,True,0.0,0.16667,0.083333,0.16667,0.0,0.0,0.25,0.0,0.0,0.0,0.0,0.0,0.0,0.0,0.0,0.0,0.0,0.0,0.0,0.083333,0.0,0.0,0.16667,0.0,0.0,0.0,0.083333,0.0,0.25,0.083333,0.0,0.0,0.33333,0.0,4.2222,3.3333,4.6667,4.3333,5.5556,3.3333,4.5556,3.8889,3.5556,3.3333,3.6667,3.6667,3.5556,3.8889
1621,1622,stimulus_1622,/pscratch/sd/s/sjmoon/EmoFM/videos/CowenEmotionVideos/1622.mp4,True,0.0,0.0,0.0,0.083333,0.0,0.0,0.0,0.0,0.0,0.0,0.0,0.0,0.083333,0.0,0.0,0.0,0.0,0.083333,0.0,0.0,0.0,0.0,0.0,0.083333,0.0,0.0,0.0,0.75,0.0,0.083333,0.33333,0.0,0.0,0.0,6.3333,5.2222,6.3333,5.4444,6.1111,5.2222,4.4444,6.2222,3.1111,4.5556,4.8889,3.3333,5.2222,5.6667
1622,1623,stimulus_1623,/pscratch/sd/s/sjmoon/EmoFM/videos/CowenEmotionVideos/1623.mp4,True,0.16667,0.16667,0.0,0.0,0.0,0.16667,0.16667,0.0,0.0,0.0,0.0,0.0,0.0,0.083333,0.0,0.25,0.0,0.0,0.0,0.16667,0.0,0.083333,0.0,0.16667,0.0,0.0,0.0,0.0,0.41667,0.0,0.0,0.0,0.16667,0.0,4.8889,3.1111,3.7778,4.1111,5.6667,2.8889,5.5556,3.5556,4.5556,3.0,5.2222,4.5556,3.7778,3.7778
1623,1624,stimulus_1624,/pscratch/sd/s/sjmoon/EmoFM/videos/CowenEmotionVideos/1624.mp4,True,0.0,0.0,0.16667,0.083333,0.0,0.0,0.083333,0.0,0.083333,0.083333,0.16667,0.0,0.0,0.0,0.0,0.0,0.083333,0.0,0.0,0.0,0.0,0.0,0.58333,0.0,0.0,0.0,0.0,0.0,0.0,0.16667,0.0,0.0,0.0,0.0,5.8889,4.8889,5.6667,6.3333,6.4444,5.6667,5.3333,7.2222,3.4444,5.6667,4.8889,3.3333,6.5556,6.6667
1624,1625,stimulus_1625,/pscratch/sd/s/sjmoon/EmoFM/videos/CowenEmotionVideos/1625.mp4,True,0.25,0.0,0.083333,0.58333,0.0,0.0,0.16667,0.0,0.0,0.0,0.16667,0.0,0.0,0.0,0.0,0.0,0.0,0.083333,0.0,0.083333,0.0,0.0,0.25,0.083333,0.0,0.083333,0.0,0.0,0.0,0.0,0.0,0.41667,0.0,0.0,6.0,4.6667,6.3333,4.3333,7.1111,5.4444,4.5556,6.0,2.5556,5.4444,4.6667,3.2222,3.4444,7.2222
1625,1626,stimulus_1626,/pscratch/sd/s/sjmoon/EmoFM/videos/CowenEmotionVideos/1626.mp4,True,0.0,0.0,0.25,0.0,0.0,0.0,0.0,0.0,0.16667,0.0,0.083333,0.0,0.0,0.0,0.0,0.0,0.0,0.0,0.083333,0.0,0.0,0.0,0.16667,0.0,0.083333,0.0,0.0,0.5,0.083333,0.083333,0.25,0.0,0.0,0.0,5.3333,4.7778,5.5556,5.1111,5.1111,5.7778,4.6667,7.5556,2.5556,6.2222,5.0,3.4444,6.0,5.7778
1626,1627,stimulus_1627,/pscratch/sd/s/sjmoon/EmoFM/videos/CowenEmotionVideos/1627.mp4,True,0.0,0.0,0.0,0.41667,0.0,0.083333,0.0,0.083333,0.0,0.0,0.0,0.0,0.0,0.0,0.58333,0.0,0.0,0.0,0.0,0.0,0.0,0.25,0.16667,0.0,0.0,0.0,0.0,0.0,0.0,0.0,0.0,0.0,0.0,0.0,5.2222,3.8889,3.2222,4.0,5.8889,4.8889,3.6667,6.2222,4.0,5.3333,3.8889,3.4444,4.1111,4.5556
1627,1628,stimulus_1628,/pscratch/sd/s/sjmoon/EmoFM/videos/CowenEmotionVideos/1628.mp4,True,0.0,0.5,0.0,0.33333,0.0,0.0,0.16667,0.0,0.0,0.083333,0.083333,0.0,0.0,0.0,0.0,0.0,0.0,0.0,0.0,0.0,0.0,0.0,0.0,0.41667,0.0,0.0,0.0,0.0,0.0,0.083333,0.0,0.0,0.0,0.0,5.6667,4.4444,7.2222,6.7778,5.4444,6.0,6.0,7.4444,1.8889,6.1111,5.3333,3.3333,6.5556,6.3333
1628,1629,stimulus_1629,/pscratch/sd/s/sjmoon/EmoFM/videos/CowenEmotionVideos/1629.mp4,True,0.0,0.0,0.0,0.0,0.0,0.75,0.0,0.0,0.0,0.0,0.083333,0.0,0.0,0.0,0.083333,0.0,0.083333,0.0,0.0,0.33333,0.0,0.083333,0.083333,0.0,0.0,0.0,0.0,0.0,0.0,0.0,0.0,0.0,0.083333,0.0,6.3333,4.1111,2.8889,2.0,6.6667,2.3333,3.8889,3.1111,4.2222,3.5556,3.3333,4.6667,2.0,3.5556
1629,1630,stimulus_1630,/pscratch/sd/s/sjmoon/EmoFM/videos/CowenEmotionVideos/1630.mp4,True,0.0,0.0,0.0,0.083333,0.083333,0.25,0.0,0.083333,0.0,0.0,0.083333,0.0,0.0,0.0,0.75,0.0,0.0,0.0,0.0,0.083333,0.083333,0.16667,0.083333,0.0,0.0,0.0,0.0,0.0,0.083333,0.083333,0.0,0.41667,0.0,0.0,5.0,3.6667,1.8889,2.4444,4.4444,3.1111,3.5556,3.7778,4.6667,3.3333,3.7778,4.2222,3.3333,2.1111
1630,1631,stimulus_1631,/pscratch/sd/s/sjmoon/EmoFM/videos/CowenEmotionVideos/1631.mp4,True,0.0,0.0,0.0,0.75,0.0,0.0,0.0,0.083333,0.0,0.0,0.33333,0.0,0.0,0.0,0.083333,0.0,0.0,0.0,0.0,0.0,0.0,0.083333,0.083333,0.0,0.0,0.0,0.0,0.0,0.083333,0.0,0.0,0.083333,0.0,0.0,5.4444,4.7778,4.8889,3.7778,5.3333,4.2222,5.4444,4.5556,3.3333,4.4444,4.8889,4.7778,4.8889,3.5556
1631,1632,stimulus_1632,/pscratch/sd/s/sjmoon/EmoFM/videos/CowenEmotionVideos/1632.mp4,True,0.0,0.0,0.0,0.16667,0.0,0.16667,0.0,0.0,0.0,0.0,0.083333,0.0,0.0,0.16667,0.0,0.25,0.0,0.0,0.083333,0.16667,0.0,0.25,0.083333,0.0,0.0,0.0,0.0,0.0,0.083333,0.083333,0.0,0.25,0.5,0.0,6.1111,3.6667,1.7778,2.1111,5.4444,3.6667,5.0,1.8889,4.2222,2.7778,4.2222,3.3333,2.2222,2.0
1632,1633,stimulus_1633,/pscratch/sd/s/sjmoon/EmoFM/videos/CowenEmotionVideos/1633.mp4,True,0.16667,0.0,0.0,0.41667,0.0,0.0,0.33333,0.0,0.083333,0.083333,0.083333,0.0,0.0,0.0,0.0,0.0,0.0,0.0,0.0,0.0,0.0,0.0,0.58333,0.083333,0.0,0.0,0.0,0.0,0.0,0.083333,0.0,0.25,0.0,0.0,6.7778,5.0,6.3333,6.0,7.0,5.6667,6.4444,7.7778,3.0,5.5556,5.5556,2.1111,6.5556,7.2222
1633,1634,stimulus_1634,/pscratch/sd/s/sjmoon/EmoFM/videos/CowenEmotionVideos/1634.mp4,True,0.0,0.0,0.083333,0.16667,0.0,0.0,0.0,0.083333,0.0,0.0,0.0,0.0,0.0,0.0,0.083333,0.0,0.083333,0.083333,0.083333,0.0,0.0,0.0,0.25,0.0,0.0,0.0,0.0,0.0,0.0,0.0,0.66667,0.0,0.0,0.0,5.8889,5.4444,6.4444,5.5556,6.1111,5.4444,5.7778,6.6667,2.4444,6.5556,6.5556,3.0,5.6667,7.1111
1634,1635,stimulus_1635,/pscratch/sd/s/sjmoon/EmoFM/videos/CowenEmotionVideos/1635.mp4,True,0.083333,0.0,0.083333,0.5,0.0,0.25,0.083333,0.0,0.0,0.0,0.0,0.0,0.0,0.0,0.0,0.0,0.0,0.0,0.083333,0.083333,0.0,0.083333,0.16667,0.083333,0.0,0.0,0.16667,0.0,0.0,0.0,0.0,0.5,0.0,0.0,6.2222,4.8889,5.2222,2.6667,6.4444,4.3333,4.3333,3.4444,3.0,5.0,3.4444,3.3333,3.1111,6.8889
1635,1636,stimulus_1636,/pscratch/sd/s/sjmoon/EmoFM/videos/CowenEmotionVideos/1636.mp4,True,0.0,0.16667,0.0,0.41667,0.0,0.0,0.083333,0.083333,0.0,0.0,0.41667,0.0,0.0,0.0,0.083333,0.0,0.0,0.0,0.0,0.0,0.0,0.083333,0.16667,0.083333,0.0,0.0,0.083333,0.0,0.0,0.0,0.0,0.5,0.0,0.0,6.2222,3.3333,7.2222,7.0,6.3333,4.8889,6.0,7.5556,1.8889,6.0,5.4444,2.2222,6.4444,7.3333
1636,1637,stimulus_1637,/pscratch/sd/s/sjmoon/EmoFM/videos/CowenEmotionVideos/1637.mp4,True,0.0,0.0,0.25,0.16667,0.0,0.083333,0.5,0.0,0.0,0.16667,0.0,0.0,0.0,0.0,0.0,0.0,0.16667,0.0,0.083333,0.16667,0.0,0.0,0.0,0.0,0.0,0.0,0.0,0.0,0.0,0.0,0.0,0.0,0.0,0.083333,7.7778,3.7778,6.7778,4.8889,7.3333,4.3333,5.2222,6.0,2.3333,5.7778,4.3333,2.3333,3.5556,7.0
1637,1638,stimulus_1638,/pscratch/sd/s/sjmoon/EmoFM/videos/CowenEmotionVideos/1638.mp4,True,0.0,0.0,0.33333,0.16667,0.0,0.0,0.25,0.0,0.0,0.0,0.0,0.0,0.0,0.0,0.0,0.0,0.25,0.083333,0.0,0.0,0.0,0.0,0.5,0.083333,0.0,0.0,0.0,0.0,0.0,0.16667,0.0,0.083333,0.0,0.0,6.3333,4.5556,7.3333,7.5556,6.6667,5.1111,4.1111,7.0,2.5556,6.0,4.3333,2.5556,6.3333,7.3333
1638,1639,stimulus_1639,/pscratch/sd/s/sjmoon/EmoFM/videos/CowenEmotionVideos/1639.mp4,True,0.25,0.083333,0.0,0.25,0.0,0.0,0.0,0.083333,0.083333,0.0,0.0,0.083333,0.0,0.16667,0.083333,0.0,0.0,0.0,0.0,0.0,0.0,0.0,0.0,0.16667,0.0,0.16667,0.0,0.0,0.083333,0.083333,0.0,0.083333,0.083333,0.0,6.3333,5.0,7.2222,6.5556,6.5556,5.4444,7.4444,8.3333,1.7778,6.6667,7.5556,2.8889,6.6667,7.1111
1639,1640,stimulus_1640,/pscratch/sd/s/sjmoon/EmoFM/videos/CowenEmotionVideos/1640.mp4,True,0.0,0.0,0.0,0.0,0.0,0.0,0.0,0.0,0.0,0.0,0.0,0.0,0.083333,0.0,0.0,0.0,0.0,0.083333,0.0,0.0,0.0,0.0,0.083333,0.0,0.0,0.0,0.0,0.58333,0.0,0.0,0.83333,0.0,0.0,0.0,6.6667,4.5556,7.3333,8.0,6.4444,6.0,5.7778,7.3333,2.0,6.6667,6.2222,2.7778,6.3333,7.3333
1640,1641,stimulus_1641,/pscratch/sd/s/sjmoon/EmoFM/videos/CowenEmotionVideos/1641.mp4,True,0.0,0.0,0.16667,0.083333,0.0,0.0,0.16667,0.0,0.083333,0.083333,0.25,0.083333,0.0,0.0,0.0,0.0,0.16667,0.0,0.083333,0.0,0.0,0.0,0.58333,0.0,0.0,0.0,0.0,0.0,0.0,0.083333,0.0,0.0,0.0,0.0,6.6667,4.3333,5.6667,6.4444,6.8889,5.0,4.1111,7.1111,3.5556,5.5556,4.0,2.8889,5.2222,6.5556
1641,1642,stimulus_1642,/pscratch/sd/s/sjmoon/EmoFM/videos/CowenEmotionVideos/1642.mp4,True,0.16667,0.0,0.16667,0.16667,0.0,0.33333,0.16667,0.0,0.0,0.0,0.083333,0.0,0.0,0.0,0.0,0.0,0.083333,0.083333,0.41667,0.25,0.0,0.083333,0.0,0.0,0.0,0.0,0.0,0.0,0.0,0.0,0.0,0.0,0.0,0.0,6.7778,3.7778,5.4444,4.6667,6.3333,4.6667,5.0,5.0,3.8889,6.0,4.4444,2.8889,4.1111,6.4444
1642,1643,stimulus_1643,/pscratch/sd/s/sjmoon/EmoFM/videos/CowenEmotionVideos/1643.mp4,True,0.16667,0.25,0.0,0.33333,0.0,0.25,0.16667,0.0,0.0,0.0,0.0,0.0,0.0,0.0,0.0,0.0,0.0,0.0,0.0,0.25,0.0,0.0,0.16667,0.083333,0.0,0.0,0.083333,0.0,0.0,0.0,0.0,0.25,0.0,0.0,7.3333,4.6667,7.0,3.5556,6.6667,4.6667,5.7778,6.0,2.7778,5.4444,5.2222,2.8889,3.2222,8.2222
1643,1644,stimulus_1644,/pscratch/sd/s/sjmoon/EmoFM/videos/CowenEmotionVideos/1644.mp4,True,0.16667,0.0,0.0,0.083333,0.0,0.5,0.083333,0.0,0.0,0.0,0.0,0.0,0.0,0.0,0.0,0.0,0.0,0.0,0.25,0.41667,0.0,0.0,0.083333,0.083333,0.083333,0.0,0.33333,0.0,0.0,0.083333,0.0,0.083333,0.0,0.25,6.7778,4.6667,4.5556,2.3333,6.3333,4.1111,4.3333,4.1111,4.3333,5.4444,2.6667,3.2222,2.3333,7.7778
1644,1645,stimulus_1645,/pscratch/sd/s/sjmoon/EmoFM/videos/CowenEmotionVideos/1645.mp4,True,0.0,0.0,0.083333,0.0,0.0,0.083333,0.0,0.0,0.0,0.0,0.0,0.0,0.083333,0.0,0.083333,0.0,0.0,0.0,0.0,0.0,0.0,0.0,0.083333,0.0,0.0,0.0,0.0,0.0,0.0,0.0,0.91667,0.0,0.0,0.0,7.2222,4.1111,6.5556,6.6667,5.6667,6.1111,5.1111,7.1111,2.1111,5.3333,5.0,3.0,5.4444,5.8889
1645,1646,stimulus_1646,/pscratch/sd/s/sjmoon/EmoFM/videos/CowenEmotionVideos/1646.mp4,True,0.0,0.0,0.0,0.5,0.0,0.083333,0.0,0.083333,0.0,0.0,0.25,0.0,0.0,0.083333,0.16667,0.0,0.0,0.0,0.0,0.0,0.0,0.0,0.083333,0.083333,0.0,0.0,0.0,0.0,0.0,0.0,0.0,0.0,0.0,0.0,4.2222,5.6667,4.8889,4.4444,5.7778,4.6667,3.6667,5.8889,2.0,4.3333,3.5556,3.5556,5.2222,5.7778
1646,1647,stimulus_1647,/pscratch/sd/s/sjmoon/EmoFM/videos/CowenEmotionVideos/1647.mp4,True,0.0,0.0,0.083333,0.83333,0.0,0.0,0.0,0.0,0.0,0.0,0.0,0.0,0.0,0.083333,0.083333,0.0,0.0,0.0,0.083333,0.0,0.0,0.0,0.083333,0.083333,0.0,0.0,0.0,0.0,0.0,0.083333,0.0,0.083333,0.16667,0.0,4.3333,5.5556,6.3333,3.6667,6.0,5.6667,5.1111,3.6667,1.7778,4.6667,5.7778,3.1111,6.0,3.4444
1647,1648,stimulus_1648,/pscratch/sd/s/sjmoon/EmoFM/videos/CowenEmotionVideos/1648.mp4,True,0.0,0.0,0.0,0.083333,0.0,0.0,0.083333,0.0,0.16667,0.0,0.16667,0.0,0.0,0.083333,0.0,0.0,0.0,0.0,0.0,0.083333,0.083333,0.0,0.083333,0.083333,0.083333,0.083333,0.0,0.0,0.0,0.083333,0.0,0.083333,0.083333,0.083333,5.4444,6.3333,6.2222,4.1111,4.8889,6.6667,4.8889,5.6667,2.0,5.0,5.5556,3.4444,5.5556,6.6667
1648,1649,stimulus_1649,/pscratch/sd/s/sjmoon/EmoFM/videos/CowenEmotionVideos/1649.mp4,True,0.083333,0.0,0.0,0.25,0.0,0.25,0.0,0.0,0.083333,0.0,0.0,0.0,0.0,0.0,0.0,0.0,0.083333,0.0,0.25,0.16667,0.0,0.0,0.16667,0.0,0.0,0.0,0.083333,0.0,0.0,0.083333,0.0,0.16667,0.0,0.083333,6.7778,4.8889,5.2222,5.0,6.6667,4.3333,4.8889,4.5556,2.5556,4.7778,4.0,2.6667,3.5556,6.7778
1649,1650,stimulus_1650,/pscratch/sd/s/sjmoon/EmoFM/videos/CowenEmotionVideos/1650.mp4,True,0.0,0.0,0.0,0.0,0.0,0.0,0.0,0.083333,0.0,0.0,0.0,0.0,0.0,0.0,0.083333,0.0,0.0,0.0,0.0,0.5,0.0,0.75,0.16667,0.0,0.0,0.0,0.0,0.0,0.0,0.0,0.0,0.083333,0.0,0.0,7.3333,3.0,2.2222,1.1111,6.5556,3.3333,2.8889,2.5556,4.4444,4.3333,2.8889,4.3333,2.0,3.8889
1650,1651,stimulus_1651,/pscratch/sd/s/sjmoon/EmoFM/videos/CowenEmotionVideos/1651.mp4,True,0.16667,0.0,0.41667,0.083333,0.0,0.0,0.25,0.0,0.0,0.25,0.0,0.0,0.0,0.0,0.0,0.0,0.16667,0.083333,0.0,0.0,0.0,0.0,0.083333,0.083333,0.0,0.0,0.0,0.0,0.0,0.083333,0.25,0.0,0.0,0.0,4.3333,4.1111,6.8889,5.8889,5.5556,6.3333,5.0,7.8889,1.8889,6.2222,4.5556,2.5556,6.4444,6.3333
1651,1652,stimulus_1652,/pscratch/sd/s/sjmoon/EmoFM/videos/CowenEmotionVideos/1652.mp4,True,0.16667,0.0,0.0,0.083333,0.0,0.41667,0.16667,0.0,0.0,0.0,0.0,0.0,0.0,0.0,0.0,0.0,0.0,0.0,0.16667,0.083333,0.0,0.0,0.083333,0.0,0.0,0.0,0.16667,0.0,0.0,0.16667,0.0,0.083333,0.0,0.16667,6.8889,4.3333,3.6667,2.5556,6.3333,4.2222,5.5556,4.6667,3.7778,5.5556,4.4444,4.0,1.7778,7.2222
1652,1653,stimulus_1653,/pscratch/sd/s/sjmoon/EmoFM/videos/CowenEmotionVideos/1653.mp4,True,0.0,0.0,0.0,0.58333,0.0,0.083333,0.0,0.0,0.083333,0.0,0.33333,0.0,0.0,0.083333,0.083333,0.0,0.0,0.0,0.0,0.083333,0.0,0.0,0.0,0.0,0.0,0.0,0.0,0.0,0.0,0.0,0.0,0.16667,0.0,0.083333,5.2222,4.6667,6.4444,5.1111,6.5556,4.5556,5.7778,6.2222,2.2222,5.2222,4.6667,3.5556,4.4444,7.1111
1653,1654,stimulus_1654,/pscratch/sd/s/sjmoon/EmoFM/videos/CowenEmotionVideos/1654.mp4,True,0.0,0.0,0.0,0.0,0.0,0.58333,0.0,0.0,0.0,0.0,0.0,0.0,0.0,0.0,0.0,0.0,0.083333,0.0,0.083333,0.5,0.0,0.25,0.0,0.0,0.0,0.0,0.25,0.0,0.0,0.0,0.0,0.0,0.083333,0.0,6.3333,3.4444,2.3333,1.3333,7.4444,3.8889,4.8889,4.5556,5.0,4.7778,3.1111,3.5556,2.0,7.4444
1654,1655,stimulus_1655,/pscratch/sd/s/sjmoon/EmoFM/videos/CowenEmotionVideos/1655.mp4,True,0.0,0.0,0.0,0.0,0.0,0.16667,0.0,0.0,0.0,0.0,0.0,0.0,0.0,0.0,0.83333,0.083333,0.0,0.0,0.0,0.0,0.0,0.33333,0.0,0.0,0.0,0.0,0.0,0.0,0.0,0.0,0.0,0.083333,0.0,0.0,5.8889,3.5556,1.0,1.0,5.3333,3.4444,3.3333,1.6667,6.2222,3.5556,2.7778,4.0,1.6667,1.3333
1655,1656,stimulus_1656,/pscratch/sd/s/sjmoon/EmoFM/videos/CowenEmotionVideos/1656.mp4,True,0.083333,0.0,0.0,0.083333,0.0,0.083333,0.33333,0.0,0.0,0.083333,0.0,0.0,0.0,0.0,0.0,0.0,0.083333,0.0,0.083333,0.083333,0.0,0.0,0.58333,0.16667,0.0,0.0,0.083333,0.0,0.0,0.0,0.083333,0.083333,0.0,0.0,5.7778,4.4444,7.6667,7.6667,6.6667,5.6667,5.5556,6.5556,1.8889,5.8889,4.5556,2.8889,5.4444,7.4444
1656,1657,stimulus_1657,/pscratch/sd/s/sjmoon/EmoFM/videos/CowenEmotionVideos/1657.mp4,True,0.0,0.0,0.0,0.0,0.16667,0.66667,0.0,0.0,0.0,0.0,0.0,0.083333,0.0,0.0,0.0,0.0,0.0,0.0,0.16667,0.41667,0.0,0.16667,0.0,0.0,0.0,0.0,0.0,0.0,0.16667,0.0,0.0,0.25,0.0,0.0,5.4444,3.2222,1.8889,2.5556,5.6667,3.6667,5.0,2.1111,5.1111,2.5556,4.1111,5.3333,2.2222,2.4444
1657,1658,stimulus_1658,/pscratch/sd/s/sjmoon/EmoFM/videos/CowenEmotionVideos/1658.mp4,True,0.0,0.083333,0.083333,0.0,0.0,0.0,0.0,0.0,0.0,0.083333,0.0,0.083333,0.083333,0.0,0.0,0.0,0.083333,0.083333,0.0,0.0,0.0,0.0,0.0,0.16667,0.0,0.0,0.0,0.66667,0.0,0.083333,0.16667,0.0,0.0,0.0,5.4444,4.4444,7.4444,6.4444,5.2222,5.4444,5.6667,7.6667,3.5556,7.6667,5.7778,3.7778,6.5556,6.7778
1658,1659,stimulus_1659,/pscratch/sd/s/sjmoon/EmoFM/videos/CowenEmotionVideos/1659.mp4,True,0.0,0.0,0.25,0.083333,0.0,0.0,0.16667,0.0,0.16667,0.083333,0.083333,0.0,0.0,0.0,0.0,0.0,0.16667,0.083333,0.083333,0.0,0.0,0.0,0.083333,0.083333,0.083333,0.0,0.0,0.0,0.0,0.0,0.0,0.0,0.0,0.083333,6.1111,4.5556,6.5556,5.7778,5.4444,5.3333,5.2222,6.7778,3.4444,7.3333,5.0,4.3333,5.3333,6.2222
1659,1660,stimulus_1660,/pscratch/sd/s/sjmoon/EmoFM/videos/CowenEmotionVideos/1660.mp4,True,0.0,0.58333,0.0,0.25,0.0,0.0,0.16667,0.0,0.0,0.083333,0.0,0.0,0.0,0.0,0.0,0.0,0.0,0.083333,0.083333,0.0,0.0,0.0,0.0,0.5,0.0,0.0,0.0,0.0,0.0,0.0,0.0,0.0,0.0,0.0,5.7778,4.3333,7.3333,7.1111,5.7778,7.0,6.8889,7.2222,2.3333,7.2222,5.4444,2.4444,6.8889,6.0
1660,1661,stimulus_1661,/pscratch/sd/s/sjmoon/EmoFM/videos/CowenEmotionVideos/1661.mp4,True,0.0,0.25,0.0,0.58333,0.0,0.0,0.083333,0.0,0.0,0.0,0.0,0.0,0.0,0.0,0.0,0.0,0.0,0.0,0.0,0.083333,0.0,0.0,0.0,0.16667,0.0,0.0,0.0,0.0,0.0,0.083333,0.0,0.083333,0.0,0.0,6.0,5.1111,6.7778,6.1111,7.1111,5.0,6.1111,6.7778,2.6667,6.8889,5.5556,4.0,5.3333,6.8889
1661,1662,stimulus_1662,/pscratch/sd/s/sjmoon/EmoFM/videos/CowenEmotionVideos/1662.mp4,True,0.0,0.0,0.25,0.0,0.0,0.0,0.0,0.0,0.25,0.083333,0.0,0.0,0.0,0.0,0.0,0.0,0.083333,0.0,0.083333,0.0,0.0,0.0,0.33333,0.0,0.25,0.083333,0.0,0.0,0.0,0.0,0.0,0.0,0.0,0.0,5.7778,4.8889,5.8889,6.6667,6.5556,5.8889,5.6667,6.2222,3.0,6.2222,6.3333,3.4444,6.3333,5.4444
1662,1663,stimulus_1663,/pscratch/sd/s/sjmoon/EmoFM/videos/CowenEmotionVideos/1663.mp4,True,0.16667,0.0,0.0,0.0,0.0,0.25,0.16667,0.0,0.0,0.0,0.0,0.0,0.0,0.0,0.16667,0.0,0.16667,0.0,0.0,0.25,0.0,0.25,0.16667,0.0,0.0,0.0,0.0,0.0,0.0,0.083333,0.0,0.0,0.083333,0.0,5.7778,4.5556,3.8889,3.5556,5.3333,5.2222,3.5556,6.0,4.2222,5.1111,3.5556,4.6667,3.4444,4.6667
1663,1664,stimulus_1664,/pscratch/sd/s/sjmoon/EmoFM/videos/CowenEmotionVideos/1664.mp4,True,0.0,0.0,0.16667,0.0,0.0,0.0,0.0,0.0,0.083333,0.0,0.16667,0.0,0.0,0.0,0.0,0.0,0.25,0.0,0.0,0.0,0.0,0.0,0.58333,0.0,0.0,0.0,0.0,0.0,0.0,0.083333,0.0,0.25,0.0,0.0,6.3333,5.0,5.8889,6.1111,6.8889,4.6667,4.7778,6.5556,3.5556,6.4444,4.1111,3.4444,6.4444,5.8889
1664,1665,stimulus_1665,/pscratch/sd/s/sjmoon/EmoFM/videos/CowenEmotionVideos/1665.mp4,True,0.083333,0.0,0.0,0.41667,0.083333,0.0,0.0,0.083333,0.0,0.0,0.083333,0.0,0.0,0.0,0.41667,0.0,0.0,0.0,0.083333,0.0,0.0,0.083333,0.0,0.083333,0.0,0.0,0.0,0.0,0.0,0.0,0.0,0.25,0.0,0.0,4.7778,5.0,4.7778,3.3333,5.5556,5.1111,3.0,5.0,4.1111,5.1111,3.6667,3.4444,5.5556,4.4444
1665,1666,stimulus_1666,/pscratch/sd/s/sjmoon/EmoFM/videos/CowenEmotionVideos/1666.mp4,True,0.0,0.58333,0.0,0.33333,0.0,0.0,0.25,0.0,0.0,0.083333,0.0,0.0,0.0,0.0,0.0,0.0,0.0,0.0,0.0,0.0,0.0,0.0,0.083333,0.25,0.0,0.0,0.0,0.0,0.0,0.083333,0.0,0.0,0.0,0.0,6.1111,4.5556,6.8889,6.8889,6.0,6.2222,6.2222,7.7778,2.2222,6.4444,5.6667,3.3333,6.3333,6.3333
1666,1667,stimulus_1667,/pscratch/sd/s/sjmoon/EmoFM/videos/CowenEmotionVideos/1667.mp4,True,0.0,0.58333,0.0,0.5,0.0,0.0,0.16667,0.0,0.0,0.0,0.0,0.0,0.0,0.0,0.0,0.0,0.0,0.0,0.083333,0.0,0.0,0.0,0.0,0.25,0.0,0.0,0.0,0.0,0.0,0.083333,0.0,0.083333,0.0,0.0,5.7778,4.2222,7.8889,7.2222,6.3333,6.4444,7.1111,7.2222,3.3333,6.8889,5.2222,3.1111,7.2222,7.3333
1667,1668,stimulus_1668,/pscratch/sd/s/sjmoon/EmoFM/videos/CowenEmotionVideos/1668.mp4,True,0.0,0.0,0.25,0.25,0.0,0.083333,0.0,0.0,0.0,0.0,0.0,0.0,0.0,0.0,0.0,0.0,0.41667,0.0,0.0,0.0,0.0,0.0,0.33333,0.083333,0.0,0.0,0.0,0.0,0.0,0.0,0.0,0.0,0.0,0.0,7.6667,5.1111,5.8889,5.8889,6.6667,5.5556,4.4444,5.4444,6.0,5.7778,5.4444,2.6667,5.2222,4.8889
1668,1669,stimulus_1669,/pscratch/sd/s/sjmoon/EmoFM/videos/CowenEmotionVideos/1669.mp4,True,0.0,0.0,0.0,0.5,0.0,0.25,0.16667,0.0,0.0,0.0,0.16667,0.0,0.0,0.0,0.0,0.0,0.0,0.0,0.16667,0.25,0.0,0.083333,0.083333,0.0,0.0,0.0,0.0,0.0,0.0,0.0,0.0,0.16667,0.0,0.083333,6.6667,5.2222,5.0,3.1111,7.5556,4.7778,5.2222,4.4444,2.0,6.1111,4.1111,4.0,2.4444,6.8889
1669,1670,stimulus_1670,/pscratch/sd/s/sjmoon/EmoFM/videos/CowenEmotionVideos/1670.mp4,True,0.0,0.0,0.0,0.58333,0.0,0.0,0.0,0.083333,0.0,0.0,0.0,0.083333,0.0,0.16667,0.0,0.0,0.0,0.0,0.083333,0.0,0.0,0.0,0.0,0.16667,0.0,0.0,0.0,0.0,0.0,0.083333,0.0,0.0,0.083333,0.083333,6.1111,4.4444,6.1111,5.5556,5.4444,4.2222,5.5556,6.3333,2.7778,6.0,6.7778,4.7778,6.4444,5.5556
1670,1671,stimulus_1671,/pscratch/sd/s/sjmoon/EmoFM/videos/CowenEmotionVideos/1671.mp4,True,0.083333,0.0,0.083333,0.25,0.0,0.083333,0.16667,0.0,0.0,0.0,0.0,0.0,0.0,0.0,0.0,0.0,0.16667,0.0,0.16667,0.0,0.0,0.0,0.25,0.0,0.0,0.083333,0.083333,0.0,0.0,0.33333,0.0,0.083333,0.0,0.16667,6.7778,5.3333,6.8889,6.3333,6.4444,6.1111,4.4444,7.1111,1.8889,6.1111,5.3333,2.3333,5.6667,7.1111
1671,1672,stimulus_1672,/pscratch/sd/s/sjmoon/EmoFM/videos/CowenEmotionVideos/1672.mp4,True,0.0,0.0,0.0,0.33333,0.0,0.0,0.083333,0.25,0.16667,0.0,0.25,0.0,0.0,0.16667,0.083333,0.0,0.0,0.0,0.0,0.0,0.0,0.0,0.0,0.083333,0.0,0.0,0.0,0.0,0.0,0.0,0.0,0.083333,0.083333,0.0,4.7778,5.0,5.2222,3.3333,5.3333,5.6667,4.8889,6.7778,2.5556,7.0,5.6667,3.5556,7.2222,3.8889
1672,1673,stimulus_1673,/pscratch/sd/s/sjmoon/EmoFM/videos/CowenEmotionVideos/1673.mp4,True,0.0,0.0,0.16667,0.25,0.0,0.16667,0.33333,0.0,0.0,0.083333,0.083333,0.0,0.0,0.0,0.0,0.0,0.0,0.0,0.083333,0.16667,0.0,0.0,0.25,0.0,0.083333,0.0,0.0,0.0,0.0,0.0,0.0,0.16667,0.0,0.0,5.4444,3.6667,4.5556,3.5556,6.8889,5.6667,5.3333,4.4444,1.4444,6.2222,4.5556,3.5556,4.7778,5.8889
1673,1674,stimulus_1674,/pscratch/sd/s/sjmoon/EmoFM/videos/CowenEmotionVideos/1674.mp4,True,0.0,0.0,0.0,0.083333,0.0,0.0,0.0,0.0,0.16667,0.0,0.083333,0.0,0.0,0.0,0.0,0.16667,0.0,0.0,0.0,0.0,0.0,0.0,0.16667,0.083333,0.0,0.0,0.083333,0.0,0.25,0.0,0.0,0.0,0.25,0.0,4.4444,5.1111,5.4444,4.3333,5.5556,4.5556,5.5556,6.5556,2.7778,4.4444,5.4444,4.0,6.0,4.7778
1674,1675,stimulus_1675,/pscratch/sd/s/sjmoon/EmoFM/videos/CowenEmotionVideos/1675.mp4,True,0.0,0.0,0.0,0.0,0.0,0.0,0.0,0.16667,0.0,0.0,0.0,0.083333,0.0,0.0,0.41667,0.0,0.0,0.0,0.0,0.0,0.0,0.0,0.0,0.0,0.0,0.0,0.0,0.0,0.0,0.0,0.16667,0.16667,0.0,0.0,3.8889,3.2222,2.7778,2.8889,2.8889,3.3333,3.0,4.1111,7.2222,3.4444,2.6667,3.6667,3.0,3.3333
1675,1676,stimulus_1676,/pscratch/sd/s/sjmoon/EmoFM/videos/CowenEmotionVideos/1676.mp4,True,0.0,0.0,0.0,0.5,0.0,0.0,0.0,0.0,0.0,0.0,0.0,0.0,0.0,0.0,0.0,0.0,0.083333,0.0,0.25,0.0,0.0,0.0,0.25,0.083333,0.083333,0.0,0.083333,0.0,0.0,0.16667,0.0,0.16667,0.0,0.083333,6.4444,6.7778,6.6667,5.3333,6.5556,5.8889,5.7778,6.3333,2.7778,6.6667,5.5556,3.8889,6.0,5.7778
1676,1677,stimulus_1677,/pscratch/sd/s/sjmoon/EmoFM/videos/CowenEmotionVideos/1677.mp4,True,0.0,0.16667,0.0,0.33333,0.0,0.0,0.0,0.0,0.33333,0.16667,0.083333,0.0,0.0,0.0,0.0,0.0,0.083333,0.083333,0.0,0.0,0.0,0.0,0.083333,0.16667,0.0,0.0,0.0,0.0,0.0,0.0,0.0,0.0,0.0,0.0,6.5556,5.1111,8.1111,6.0,5.4444,5.8889,6.3333,6.7778,1.6667,7.2222,4.8889,2.3333,6.3333,6.6667
1677,1678,stimulus_1678,/pscratch/sd/s/sjmoon/EmoFM/videos/CowenEmotionVideos/1678.mp4,True,0.083333,0.0,0.41667,0.0,0.0,0.0,0.33333,0.0,0.0,0.16667,0.0,0.0,0.0,0.0,0.0,0.0,0.33333,0.0,0.0,0.0,0.0,0.0,0.16667,0.0,0.0,0.0,0.0,0.083333,0.0,0.083333,0.0,0.0,0.0,0.0,6.4444,4.3333,7.7778,4.8889,6.0,6.1111,6.6667,7.0,2.1111,5.3333,4.5556,3.6667,6.0,6.4444
1678,1679,stimulus_1679,/pscratch/sd/s/sjmoon/EmoFM/videos/CowenEmotionVideos/1679.mp4,True,0.0,0.0,0.0,0.0,0.0,0.58333,0.16667,0.0,0.0,0.0,0.0,0.0,0.0,0.0,0.0,0.083333,0.0,0.0,0.083333,0.5,0.0,0.083333,0.0,0.0,0.0,0.0,0.25,0.0,0.0,0.083333,0.0,0.083333,0.083333,0.0,7.0,5.1111,3.8889,2.4444,6.7778,4.4444,4.7778,5.0,3.0,5.7778,4.5556,5.1111,2.2222,6.3333
1679,1680,stimulus_1680,/pscratch/sd/s/sjmoon/EmoFM/videos/CowenEmotionVideos/1680.mp4,True,0.083333,0.0,0.66667,0.0,0.0,0.0,0.16667,0.0,0.0,0.41667,0.0,0.0,0.0,0.0,0.0,0.0,0.16667,0.0,0.0,0.0,0.0,0.0,0.083333,0.0,0.0,0.0,0.0,0.0,0.0,0.083333,0.0,0.0,0.0,0.0,6.3333,3.7778,8.5556,6.6667,6.4444,6.8889,5.3333,7.1111,1.4444,6.7778,5.8889,2.7778,5.6667,6.2222
1680,1681,stimulus_1681,/pscratch/sd/s/sjmoon/EmoFM/videos/CowenEmotionVideos/1681.mp4,True,0.18182,0.0,0.27273,0.18182,0.0,0.0,0.36364,0.090909,0.0,0.0,0.090909,0.0,0.0,0.0,0.0,0.0,0.18182,0.0,0.18182,0.0,0.0,0.0,0.54545,0.0,0.0,0.0,0.0,0.0,0.0,0.18182,0.0,0.36364,0.0,0.090909,4.7778,4.8889,6.0,5.4444,5.8889,4.3333,5.2222,6.3333,3.1111,6.1111,4.3333,4.0,5.7778,6.6667
1681,1682,stimulus_1682,/pscratch/sd/s/sjmoon/EmoFM/videos/CowenEmotionVideos/1682.mp4,True,0.18182,0.090909,0.0,0.5,0.0,0.0,0.090909,0.0,0.0,0.0,0.0,0.0,0.0,0.0,0.0,0.0,0.0,0.0,0.27273,0.0,0.0,0.0,0.63636,0.0,0.0,0.18182,0.090909,0.0,0.0,0.31818,0.0,0.27273,0.0,0.18182,5.7778,4.4444,6.1111,4.7778,6.4444,4.7778,4.5556,5.8889,3.2222,5.0,4.3333,4.0,3.8889,6.7778
1682,1683,stimulus_1683,/pscratch/sd/s/sjmoon/EmoFM/videos/CowenEmotionVideos/1683.mp4,True,0.18182,0.63636,0.0,0.18182,0.0,0.0,0.090909,0.0,0.0,0.0,0.0,0.0,0.0,0.0,0.0,0.0,0.0,0.0,0.0,0.0,0.0,0.0,0.090909,0.54545,0.090909,0.090909,0.0,0.0,0.0,0.090909,0.0,0.0,0.0,0.0,4.4444,4.7778,6.1111,5.5556,4.7778,5.0,5.8889,6.5556,2.3333,5.5556,5.2222,1.8889,5.1111,5.3333
1683,1684,stimulus_1684,/pscratch/sd/s/sjmoon/EmoFM/videos/CowenEmotionVideos/1684.mp4,True,0.0,0.0,0.0,0.090909,0.090909,0.0,0.0,0.090909,0.090909,0.0,0.0,0.0,0.090909,0.0,0.18182,0.0,0.090909,0.0,0.18182,0.0,0.0,0.0,0.18182,0.0,0.0,0.0,0.0,0.0,0.0,0.0,0.90909,0.090909,0.0,0.0,5.7778,5.6667,5.6667,5.4444,5.0,4.4444,5.0,7.2222,3.0,5.1111,5.5556,3.6667,5.4444,5.5556
1684,1685,stimulus_1685,/pscratch/sd/s/sjmoon/EmoFM/videos/CowenEmotionVideos/1685.mp4,True,0.0,0.0,0.0,0.0,0.090909,0.090909,0.0,0.18182,0.0,0.0,0.0,0.0,0.0,0.0,1.0,0.090909,0.0,0.0,0.0,0.0,0.0,0.54545,0.090909,0.0,0.0,0.0,0.0,0.0,0.090909,0.0,0.0,0.090909,0.090909,0.0,5.4444,3.8889,1.2222,2.2222,2.4444,2.1111,3.2222,3.2222,7.5556,2.7778,3.0,4.6667,2.5556,1.3333
1685,1686,stimulus_1686,/pscratch/sd/s/sjmoon/EmoFM/videos/CowenEmotionVideos/1686.mp4,True,0.090909,0.0,0.45455,0.27273,0.0,0.0,0.27273,0.0,0.0,0.090909,0.27273,0.0,0.0,0.0,0.0,0.0,0.54545,0.0,0.090909,0.0,0.0,0.0,0.27273,0.0,0.0,0.0,0.0,0.0,0.0,0.090909,0.0,0.18182,0.0,0.0,6.2222,5.0,5.3333,4.8889,6.0,3.4444,4.1111,4.8889,4.6667,5.5556,4.1111,5.7778,5.7778,5.4444
1686,1687,stimulus_1687,/pscratch/sd/s/sjmoon/EmoFM/videos/CowenEmotionVideos/1687.mp4,True,0.090909,0.0,0.090909,0.27273,0.0,0.0,0.0,0.0,0.27273,0.090909,0.045455,0.0,0.0,0.0,0.0,0.0,0.0,0.0,0.090909,0.0,0.0,0.0,0.31818,0.0,0.0,0.0,0.090909,0.0,0.0,0.36364,0.0,0.0,0.0,0.090909,5.4444,5.4444,5.5556,5.5556,5.5556,4.7778,4.5556,6.8889,2.8889,5.4444,4.8889,3.7778,5.5556,5.8889
1687,1688,stimulus_1688,/pscratch/sd/s/sjmoon/EmoFM/videos/CowenEmotionVideos/1688.mp4,True,0.090909,0.0,0.72727,0.090909,0.0,0.27273,0.36364,0.0,0.0,0.18182,0.0,0.0,0.0,0.0,0.0,0.0,0.090909,0.0,0.090909,0.27273,0.0,0.090909,0.27273,0.0,0.0,0.0,0.0,0.0,0.0,0.0,0.0,0.0,0.0,0.0,7.3333,3.8889,5.2222,3.5556,6.3333,3.5556,4.5556,3.0,3.1111,4.4444,4.3333,5.4444,3.0,4.4444
1688,1689,stimulus_1689,/pscratch/sd/s/sjmoon/EmoFM/videos/CowenEmotionVideos/1689.mp4,True,0.45455,0.090909,0.36364,0.18182,0.0,0.0,0.54545,0.0,0.0,0.090909,0.0,0.0,0.0,0.0,0.0,0.0,0.18182,0.0,0.0,0.0,0.0,0.0,0.45455,0.18182,0.0,0.0,0.0,0.0,0.0,0.18182,0.0,0.090909,0.0,0.0,5.7778,4.3333,6.4444,4.8889,5.8889,5.5556,5.0,6.1111,3.8889,5.2222,4.4444,4.1111,4.6667,5.7778
1689,1690,stimulus_1690,/pscratch/sd/s/sjmoon/EmoFM/videos/CowenEmotionVideos/1690.mp4,True,0.27273,0.0,0.0,0.18182,0.0,0.090909,0.0,0.0,0.0,0.0,0.090909,0.0,0.0,0.0,0.0,0.0,0.0,0.0,0.27273,0.18182,0.0,0.0,0.18182,0.090909,0.0,0.090909,0.54545,0.0,0.0,0.0,0.0,0.54545,0.0,0.0,5.6667,3.5556,3.5556,3.1111,6.5556,4.2222,4.8889,4.2222,3.8889,5.2222,3.6667,5.0,3.4444,6.3333
1690,1691,stimulus_1691,/pscratch/sd/s/sjmoon/EmoFM/videos/CowenEmotionVideos/1691.mp4,True,0.0,0.0,0.0,0.0,0.36364,0.18182,0.0,0.0,0.0,0.0,0.0,0.18182,0.0,0.090909,0.81818,0.090909,0.0,0.0,0.0,0.18182,0.090909,0.54545,0.0,0.0,0.0,0.0,0.0,0.0,0.63636,0.0,0.0,0.0,0.18182,0.0,4.7778,2.7778,2.3333,2.1111,4.3333,2.8889,3.8889,2.1111,5.5556,1.6667,3.6667,4.3333,2.8889,1.8889
1691,1692,stimulus_1692,/pscratch/sd/s/sjmoon/EmoFM/videos/CowenEmotionVideos/1692.mp4,True,0.18182,0.63636,0.0,0.090909,0.0,0.0,0.090909,0.0,0.0,0.36364,0.0,0.0,0.0,0.0,0.0,0.0,0.090909,0.090909,0.0,0.0,0.0,0.0,0.090909,0.45455,0.0,0.18182,0.0,0.0,0.0,0.090909,0.0,0.0,0.0,0.0,4.6667,4.4444,6.2222,5.8889,5.0,6.1111,5.8889,6.7778,2.4444,5.3333,4.4444,1.8889,5.7778,5.0
1692,1693,stimulus_1693,/pscratch/sd/s/sjmoon/EmoFM/videos/CowenEmotionVideos/1693.mp4,True,0.45455,0.090909,0.0,0.0,0.0,0.0,0.36364,0.0,0.0,0.18182,0.0,0.0,0.0,0.0,0.0,0.0,0.18182,0.0,0.090909,0.0,0.0,0.0,0.27273,0.27273,0.63636,0.63636,0.0,0.0,0.090909,0.45455,0.0,0.0,0.0,0.54545,6.6667,6.3333,6.8889,6.4444,7.1111,6.4444,7.4444,7.6667,2.4444,7.2222,7.3333,2.7778,7.4444,7.3333
1693,1694,stimulus_1694,/pscratch/sd/s/sjmoon/EmoFM/videos/CowenEmotionVideos/1694.mp4,True,0.090909,0.0,0.36364,0.090909,0.0,0.090909,0.0,0.0,0.090909,0.0,0.18182,0.0,0.0,0.0,0.0,0.0,0.36364,0.0,0.090909,0.0,0.0,0.0,0.27273,0.0,0.0,0.0,0.0,0.0,0.0,0.0,0.090909,0.090909,0.0,0.0,6.8889,6.0,5.6667,6.0,5.6667,5.1111,5.6667,6.0,3.8889,5.4444,5.2222,5.2222,5.5556,6.4444
1694,1695,stimulus_1695,/pscratch/sd/s/sjmoon/EmoFM/videos/CowenEmotionVideos/1695.mp4,True,0.0,0.0,0.090909,0.090909,0.090909,0.090909,0.0,0.27273,0.090909,0.0,0.45455,0.0,0.0,0.0,0.18182,0.0,0.0,0.0,0.0,0.27273,0.0,0.0,0.27273,0.0,0.0,0.0,0.0,0.0,0.18182,0.0,0.0,0.0,0.0,0.0,5.5556,3.8889,3.6667,3.1111,6.2222,3.8889,3.7778,3.0,3.7778,4.4444,3.7778,4.5556,3.6667,3.4444
1695,1696,stimulus_1696,/pscratch/sd/s/sjmoon/EmoFM/videos/CowenEmotionVideos/1696.mp4,True,0.18182,0.27273,0.090909,0.81818,0.0,0.0,0.090909,0.0,0.0,0.0,0.0,0.0,0.0,0.0,0.0,0.0,0.18182,0.0,0.090909,0.0,0.0,0.0,0.27273,0.36364,0.0,0.0,0.0,0.0,0.090909,0.090909,0.0,0.27273,0.0,0.0,6.3333,5.2222,6.5556,7.4444,6.5556,6.0,6.8889,7.3333,1.5556,5.2222,6.0,3.3333,6.1111,7.3333
1696,1697,stimulus_1697,/pscratch/sd/s/sjmoon/EmoFM/videos/CowenEmotionVideos/1697.mp4,True,0.090909,0.0,0.0,0.86364,0.0,0.090909,0.0,0.27273,0.0,0.0,0.18182,0.0,0.0,0.0,0.0,0.0,0.0,0.0,0.0,0.0,0.0,0.0,0.090909,0.27273,0.0,0.0,0.090909,0.0,0.0,0.045455,0.0,0.27273,0.0,0.0,6.6667,5.2222,7.0,6.3333,6.5556,5.2222,6.3333,6.3333,2.7778,5.5556,6.1111,4.0,5.5556,7.0
1697,1698,stimulus_1698,/pscratch/sd/s/sjmoon/EmoFM/videos/CowenEmotionVideos/1698.mp4,True,0.18182,0.090909,0.090909,0.63636,0.0,0.0,0.18182,0.18182,0.0,0.0,0.090909,0.0,0.0,0.0,0.0,0.0,0.18182,0.0,0.090909,0.0,0.0,0.0,0.45455,0.0,0.0,0.0,0.0,0.0,0.0,0.27273,0.0,0.27273,0.0,0.090909,6.0,5.2222,6.6667,4.6667,6.0,4.6667,5.0,5.4444,3.1111,5.8889,5.1111,3.2222,5.5556,6.0
1698,1699,stimulus_1699,/pscratch/sd/s/sjmoon/EmoFM/videos/CowenEmotionVideos/1699.mp4,True,0.090909,0.36364,0.090909,0.77273,0.0,0.0,0.0,0.0,0.0,0.0,0.0,0.0,0.0,0.0,0.0,0.090909,0.0,0.0,0.090909,0.0,0.0,0.0,0.36364,0.22727,0.0,0.0,0.0,0.0,0.090909,0.0,0.0,0.0,0.0,0.0,6.1111,4.8889,7.2222,6.8889,6.2222,5.5556,6.6667,5.3333,3.1111,5.0,5.4444,3.1111,4.5556,6.0
1699,1700,stimulus_1700,/pscratch/sd/s/sjmoon/EmoFM/videos/CowenEmotionVideos/1700.mp4,True,0.18182,0.0,0.090909,0.090909,0.0,0.090909,0.090909,0.090909,0.18182,0.090909,0.27273,0.0,0.0,0.0,0.18182,0.0,0.22727,0.0,0.0,0.0,0.0,0.0,0.5,0.0,0.0,0.0,0.0,0.0,0.0,0.0,0.0,0.0,0.0,0.0,5.0,3.8889,4.7778,4.4444,5.5556,4.4444,4.2222,6.7778,2.4444,6.1111,4.6667,3.1111,6.0,6.5556
1700,1701,stimulus_1701,/pscratch/sd/s/sjmoon/EmoFM/videos/CowenEmotionVideos/1701.mp4,True,0.0,0.0,0.0,0.0,0.090909,0.72727,0.0,0.18182,0.0,0.0,0.27273,0.0,0.0,0.090909,0.090909,0.18182,0.0,0.0,0.0,0.54545,0.0,0.27273,0.090909,0.0,0.0,0.0,0.0,0.0,0.36364,0.0,0.0,0.18182,0.18182,0.0,5.8889,5.0,2.2222,1.7778,6.2222,3.2222,4.3333,2.4444,4.3333,3.8889,3.3333,4.7778,1.8889,4.0
1701,1702,stimulus_1702,/pscratch/sd/s/sjmoon/EmoFM/videos/CowenEmotionVideos/1702.mp4,True,0.27273,0.0,0.0,0.27273,0.0,0.45455,0.27273,0.0,0.0,0.0,0.0,0.0,0.0,0.0,0.0,0.0,0.0,0.0,0.18182,0.36364,0.0,0.0,0.27273,0.18182,0.0,0.0,0.090909,0.0,0.0,0.0,0.0,0.18182,0.0,0.27273,6.7778,4.7778,6.0,4.7778,6.6667,4.4444,4.7778,5.8889,4.0,6.3333,5.0,4.4444,4.1111,7.3333
1702,1703,stimulus_1703,/pscratch/sd/s/sjmoon/EmoFM/videos/CowenEmotionVideos/1703.mp4,True,0.0,0.0,0.0,0.0,0.45455,0.0,0.0,0.0,0.0,0.0,0.090909,0.18182,0.0,0.27273,0.77273,0.27273,0.0,0.0,0.0,0.18182,0.090909,0.18182,0.0,0.0,0.0,0.0,0.0,0.0,0.68182,0.0,0.0,0.18182,0.36364,0.0,5.7778,4.7778,1.5556,4.0,7.3333,4.3333,6.3333,1.5556,5.4444,1.2222,2.0,4.8889,2.2222,1.5556
1703,1704,stimulus_1704,/pscratch/sd/s/sjmoon/EmoFM/videos/CowenEmotionVideos/1704.mp4,True,0.090909,0.0,0.0,0.36364,0.27273,0.090909,0.0,0.090909,0.0,0.0,0.18182,0.090909,0.0,0.090909,0.27273,0.0,0.0,0.0,0.045455,0.090909,0.0,0.0,0.090909,0.0,0.0,0.090909,0.090909,0.0,0.18182,0.13636,0.0,0.0,0.0,0.090909,4.0,4.1111,4.8889,4.3333,4.0,4.4444,3.5556,5.4444,3.7778,4.5556,4.6667,4.0,4.5556,4.7778
1704,1705,stimulus_1705,/pscratch/sd/s/sjmoon/EmoFM/videos/CowenEmotionVideos/1705.mp4,True,0.0,0.0,0.0,0.0,0.090909,0.090909,0.0,0.18182,0.0,0.0,0.0,0.0,0.0,0.0,0.54545,0.0,0.090909,0.0,0.0,0.45455,0.0,0.90909,0.0,0.0,0.0,0.0,0.0,0.0,0.18182,0.0,0.0,0.0,0.090909,0.0,5.1111,3.4444,1.8889,1.6667,5.4444,4.2222,2.2222,2.3333,5.7778,4.3333,2.5556,4.6667,2.7778,3.4444
1705,1706,stimulus_1706,/pscratch/sd/s/sjmoon/EmoFM/videos/CowenEmotionVideos/1706.mp4,True,0.0,0.0,0.0,0.0,0.0,0.27273,0.0,0.18182,0.0,0.0,0.045455,0.0,0.0,0.090909,0.81818,0.40909,0.0,0.0,0.0,0.36364,0.0,0.36364,0.090909,0.0,0.0,0.0,0.0,0.0,0.0,0.0,0.0,0.0,0.0,0.0,5.4444,2.0,2.1111,1.0,5.0,3.8889,3.0,2.5556,7.2222,3.3333,2.2222,4.7778,1.1111,1.4444
1706,1707,stimulus_1707,/pscratch/sd/s/sjmoon/EmoFM/videos/CowenEmotionVideos/1707.mp4,True,0.090909,0.0,0.0,0.45455,0.0,0.18182,0.36364,0.0,0.0,0.0,0.0,0.0,0.0,0.0,0.0,0.0,0.090909,0.0,0.45455,0.0,0.0,0.0,0.45455,0.0,0.0,0.0,0.27273,0.0,0.0,0.090909,0.0,0.36364,0.0,0.18182,8.1111,5.0,6.3333,2.3333,7.5556,5.5556,4.7778,6.2222,4.8889,5.6667,2.4444,3.6667,2.2222,7.8889
1707,1708,stimulus_1708,/pscratch/sd/s/sjmoon/EmoFM/videos/CowenEmotionVideos/1708.mp4,True,0.090909,0.090909,0.81818,0.090909,0.0,0.0,0.54545,0.0,0.0,0.54545,0.0,0.0,0.0,0.0,0.0,0.0,0.18182,0.0,0.0,0.0,0.0,0.0,0.18182,0.090909,0.090909,0.090909,0.0,0.0,0.0,0.18182,0.0,0.0,0.0,0.0,5.8889,3.3333,8.7778,8.5556,7.4444,6.5556,4.6667,8.3333,1.3333,7.3333,3.5556,2.1111,8.0,7.6667
1708,1709,stimulus_1709,/pscratch/sd/s/sjmoon/EmoFM/videos/CowenEmotionVideos/1709.mp4,True,0.0,0.0,0.0,0.45455,0.090909,0.18182,0.0,0.18182,0.0,0.0,0.18182,0.0,0.0,0.0,0.090909,0.0,0.0,0.0,0.090909,0.18182,0.0,0.0,0.27273,0.0,0.0,0.0,0.090909,0.0,0.0,0.0,0.0,0.45455,0.0,0.0,5.6667,4.5556,5.4444,1.3333,7.4444,4.5556,3.4444,1.7778,1.4444,2.5556,2.6667,3.8889,3.1111,3.3333
1709,1710,stimulus_1710,/pscratch/sd/s/sjmoon/EmoFM/videos/CowenEmotionVideos/1710.mp4,True,0.090909,0.090909,0.0,0.81818,0.0,0.0,0.0,0.18182,0.0,0.0,0.0,0.0,0.0,0.0,0.0,0.0,0.0,0.090909,0.27273,0.0,0.0,0.0,0.36364,0.18182,0.0,0.18182,0.0,0.0,0.0,0.0,0.0,0.0,0.0,0.0,6.8889,4.5556,6.4444,6.0,6.0,6.1111,4.7778,8.0,1.5556,6.6667,5.1111,2.1111,6.4444,7.3333
1710,1711,stimulus_1711,/pscratch/sd/s/sjmoon/EmoFM/videos/CowenEmotionVideos/1711.mp4,True,0.058824,0.0,0.17647,0.058824,0.0,0.0,0.23529,0.0,0.0,0.058824,0.0,0.0,0.29412,0.0,0.0,0.0,0.058824,0.058824,0.0,0.0,0.0,0.0,0.11765,0.17647,0.0,0.0,0.0,0.0,0.0,0.11765,0.0,0.058824,0.0,0.0,6.1111,4.5556,8.0,8.4444,7.2222,6.2222,4.5556,8.8889,1.2222,6.3333,5.1111,1.6667,6.7778,7.5556
1711,1712,stimulus_1712,/pscratch/sd/s/sjmoon/EmoFM/videos/CowenEmotionVideos/1712.mp4,True,0.23529,0.29412,0.0,0.0,0.0,0.0,0.23529,0.0,0.058824,0.0,0.0,0.0,0.0,0.0,0.0,0.0,0.0,0.0,0.29412,0.0,0.0,0.0,0.0,0.64706,0.0,0.058824,0.0,0.0,0.0,0.058824,0.0,0.11765,0.058824,0.058824,6.4444,3.6667,8.1111,6.8889,6.7778,6.5556,6.3333,8.8889,2.4444,7.6667,5.7778,1.4444,8.5556,8.5556
1712,1713,stimulus_1713,/pscratch/sd/s/sjmoon/EmoFM/videos/CowenEmotionVideos/1713.mp4,True,0.0,0.0,0.0,0.35294,0.0,0.0,0.0,0.058824,0.11765,0.0,0.058824,0.0,0.0,0.058824,0.0,0.0,0.0,0.0,0.0,0.0,0.0,0.0,0.11765,0.17647,0.64706,0.0,0.0,0.0,0.0,0.0,0.0,0.0,0.0,0.0,4.6667,4.7778,4.6667,3.0,5.6667,5.3333,3.0,5.8889,4.2222,4.8889,2.8889,2.5556,5.3333,5.1111
1713,1714,stimulus_1714,/pscratch/sd/s/sjmoon/EmoFM/videos/CowenEmotionVideos/1714.mp4,True,0.0,0.0,0.29412,0.0,0.0,0.17647,0.47059,0.0,0.0,0.0,0.0,0.0,0.0,0.0,0.0,0.0,0.058824,0.0,0.17647,0.29412,0.0,0.11765,0.17647,0.0,0.058824,0.0,0.0,0.0,0.0,0.0,0.0,0.058824,0.0,0.058824,7.1111,4.2222,7.1111,4.1111,6.5556,5.7778,3.2222,4.1111,1.5556,5.7778,2.7778,2.7778,2.4444,6.0
1714,1715,stimulus_1715,/pscratch/sd/s/sjmoon/EmoFM/videos/CowenEmotionVideos/1715.mp4,True,0.11765,0.0,0.41176,0.0,0.0,0.0,0.52941,0.0,0.0,0.41176,0.0,0.0,0.058824,0.0,0.0,0.0,0.058824,0.0,0.058824,0.0,0.0,0.0,0.11765,0.23529,0.0,0.0,0.058824,0.0,0.0,0.0,0.0,0.0,0.0,0.0,6.1111,3.4444,9.0,9.0,7.7778,6.7778,5.0,8.8889,1.3333,7.6667,4.3333,1.1111,8.5556,8.2222
1715,1716,stimulus_1716,/pscratch/sd/s/sjmoon/EmoFM/videos/CowenEmotionVideos/1716.mp4,True,0.0,0.058824,0.058824,0.0,0.0,0.0,0.11765,0.0,0.058824,0.64706,0.0,0.0,0.058824,0.0,0.0,0.0,0.0,0.0,0.0,0.058824,0.0,0.0,0.058824,0.11765,0.11765,0.0,0.11765,0.29412,0.0,0.058824,0.058824,0.0,0.0,0.0,5.1111,3.2222,8.5556,8.6667,6.1111,6.1111,6.2222,8.7778,1.1111,7.7778,7.5556,2.2222,8.5556,7.2222
1716,1717,stimulus_1717,/pscratch/sd/s/sjmoon/EmoFM/videos/CowenEmotionVideos/1717.mp4,True,0.11765,0.0,0.0,0.11765,0.058824,0.0,0.17647,0.0,0.11765,0.0,0.0,0.0,0.058824,0.0,0.0,0.0,0.0,0.0,0.35294,0.0,0.0,0.0,0.11765,0.0,0.058824,0.058824,0.0,0.0,0.0,0.17647,0.0,0.0,0.0,0.41176,7.5556,5.3333,7.6667,6.4444,6.8889,5.3333,6.0,6.4444,3.4444,7.1111,6.2222,3.1111,5.7778,7.6667
1717,1718,stimulus_1718,/pscratch/sd/s/sjmoon/EmoFM/videos/CowenEmotionVideos/1718.mp4,True,0.17647,0.0,0.0,0.11765,0.0,0.0,0.11765,0.0,0.058824,0.0,0.0,0.0,0.0,0.0,0.0,0.0,0.058824,0.0,0.29412,0.0,0.0,0.0,0.23529,0.058824,0.058824,0.058824,0.0,0.0,0.0,0.11765,0.0,0.0,0.0,0.52941,7.6667,5.4444,7.0,5.6667,7.1111,5.4444,7.0,7.4444,3.0,7.1111,6.8889,3.3333,6.1111,7.7778
1718,1719,stimulus_1719,/pscratch/sd/s/sjmoon/EmoFM/videos/CowenEmotionVideos/1719.mp4,True,0.0,0.0,0.0,0.17647,0.0,0.0,0.0,0.058824,0.35294,0.0,0.058824,0.0,0.0,0.0,0.0,0.0,0.0,0.0,0.0,0.0,0.0,0.0,0.0,0.11765,0.47059,0.0,0.0,0.0,0.0,0.0,0.0,0.0,0.0,0.0,4.0,4.5556,4.7778,3.8889,4.8889,5.8889,5.5556,6.1111,2.3333,5.4444,5.7778,3.2222,5.7778,5.0
1719,1720,stimulus_1720,/pscratch/sd/s/sjmoon/EmoFM/videos/CowenEmotionVideos/1720.mp4,True,0.058824,0.0,0.0,0.17647,0.058824,0.11765,0.0,0.0,0.058824,0.0,0.11765,0.0,0.0,0.11765,0.058824,0.058824,0.058824,0.0,0.058824,0.23529,0.0,0.0,0.058824,0.058824,0.0,0.0,0.11765,0.0,0.0,0.058824,0.0,0.29412,0.0,0.17647,6.6667,5.3333,4.7778,2.3333,7.2222,3.5556,6.5556,3.7778,3.8889,5.2222,5.7778,4.7778,2.3333,7.4444
1720,1721,stimulus_1721,/pscratch/sd/s/sjmoon/EmoFM/videos/CowenEmotionVideos/1721.mp4,True,0.0,0.0,0.0,0.58824,0.0,0.0,0.11765,0.058824,0.058824,0.0,0.0,0.0,0.0,0.0,0.0,0.0,0.0,0.0,0.0,0.0,0.0,0.0,0.058824,0.17647,0.0,0.0,0.058824,0.0,0.0,0.17647,0.0,0.058824,0.0,0.11765,6.6667,5.1111,7.4444,6.6667,6.2222,5.5556,5.5556,6.0,2.5556,7.5556,6.0,2.2222,7.1111,8.0
1721,1722,stimulus_1722,/pscratch/sd/s/sjmoon/EmoFM/videos/CowenEmotionVideos/1722.mp4,True,0.0,0.0,0.17647,0.058824,0.058824,0.058824,0.11765,0.058824,0.17647,0.0,0.11765,0.058824,0.0,0.0,0.0,0.0,0.29412,0.0,0.0,0.0,0.0,0.0,0.17647,0.0,0.11765,0.0,0.0,0.0,0.0,0.0,0.0,0.0,0.0,0.0,5.3333,4.3333,5.7778,4.6667,6.7778,5.3333,3.7778,7.0,3.2222,5.4444,5.6667,3.4444,5.5556,6.5556
1722,1723,stimulus_1723,/pscratch/sd/s/sjmoon/EmoFM/videos/CowenEmotionVideos/1723.mp4,True,0.0,0.058824,0.0,0.70588,0.0,0.0,0.11765,0.0,0.058824,0.0,0.0,0.0,0.0,0.0,0.0,0.0,0.0,0.0,0.11765,0.0,0.0,0.0,0.23529,0.23529,0.0,0.0,0.0,0.0,0.0,0.058824,0.0,0.23529,0.0,0.0,6.1111,5.0,7.3333,4.8889,7.2222,5.3333,6.2222,7.3333,3.7778,5.8889,5.5556,5.0,5.7778,7.6667
1723,1724,stimulus_1724,/pscratch/sd/s/sjmoon/EmoFM/videos/CowenEmotionVideos/1724.mp4,True,0.0,0.11765,0.0,0.11765,0.0,0.058824,0.058824,0.0,0.058824,0.058824,0.0,0.0,0.0,0.058824,0.41176,0.0,0.0,0.0,0.0,0.0,0.0,0.058824,0.0,0.058824,0.0,0.0,0.0,0.0,0.058824,0.0,0.0,0.058824,0.11765,0.0,4.5556,5.1111,4.8889,3.7778,4.4444,7.0,5.7778,6.3333,2.4444,6.4444,5.0,2.6667,6.6667,4.6667
1724,1725,stimulus_1725,/pscratch/sd/s/sjmoon/EmoFM/videos/CowenEmotionVideos/1725.mp4,True,0.0,0.0,0.0,0.17647,0.23529,0.0,0.0,0.0,0.0,0.0,0.17647,0.0,0.0,0.058824,0.0,0.058824,0.0,0.0,0.0,0.058824,0.0,0.11765,0.23529,0.0,0.0,0.0,0.0,0.0,0.29412,0.058824,0.0,0.11765,0.058824,0.058824,5.7778,4.4444,3.5556,2.4444,5.7778,4.3333,6.8889,4.4444,4.5556,2.8889,4.3333,4.8889,3.4444,3.8889
1725,1726,stimulus_1726,/pscratch/sd/s/sjmoon/EmoFM/videos/CowenEmotionVideos/1726.mp4,True,0.0,0.0,0.0,0.0,0.0,0.058824,0.0,0.0,0.0,0.0,0.0,0.0,0.0,0.0,0.0,0.17647,0.0,0.0,0.0,0.58824,0.0,0.47059,0.0,0.058824,0.0,0.0,0.23529,0.0,0.058824,0.0,0.0,0.23529,0.11765,0.0,6.4444,3.4444,2.3333,1.8889,4.8889,4.3333,5.5556,3.1111,3.3333,4.0,5.2222,5.2222,1.6667,4.5556
1726,1727,stimulus_1727,/pscratch/sd/s/sjmoon/EmoFM/videos/CowenEmotionVideos/1727.mp4,True,0.0,0.17647,0.0,0.52941,0.058824,0.058824,0.11765,0.0,0.0,0.0,0.0,0.058824,0.0,0.0,0.058824,0.058824,0.0,0.0,0.0,0.058824,0.058824,0.058824,0.0,0.23529,0.0,0.0,0.0,0.0,0.058824,0.0,0.0,0.11765,0.058824,0.0,5.2222,5.3333,6.5556,4.6667,5.5556,6.2222,7.0,3.5556,2.3333,5.2222,5.8889,4.1111,5.1111,5.7778
1727,1728,stimulus_1728,/pscratch/sd/s/sjmoon/EmoFM/videos/CowenEmotionVideos/1728.mp4,True,0.0,0.0,0.058824,0.058824,0.0,0.0,0.0,0.17647,0.0,0.0,0.0,0.0,0.0,0.0,0.35294,0.0,0.0,0.0,0.058824,0.0,0.0,0.0,0.11765,0.0,0.0,0.0,0.0,0.058824,0.0,0.0,0.52941,0.058824,0.0,0.0,7.1111,5.3333,5.4444,5.7778,5.8889,5.6667,6.2222,6.8889,4.5556,6.2222,6.2222,5.3333,5.6667,6.0
1728,1729,stimulus_1729,/pscratch/sd/s/sjmoon/EmoFM/videos/CowenEmotionVideos/1729.mp4,True,0.058824,0.0,0.0,0.35294,0.0,0.0,0.058824,0.17647,0.17647,0.0,0.11765,0.0,0.0,0.058824,0.058824,0.0,0.0,0.0,0.0,0.0,0.0,0.0,0.0,0.17647,0.058824,0.0,0.0,0.0,0.0,0.0,0.058824,0.0,0.0,0.0,3.7778,5.5556,5.3333,4.3333,5.4444,5.6667,4.0,6.8889,3.1111,5.4444,3.5556,3.5556,6.1111,5.1111
1729,1730,stimulus_1730,/pscratch/sd/s/sjmoon/EmoFM/videos/CowenEmotionVideos/1730.mp4,True,0.17647,0.0,0.0,0.0,0.0,0.11765,0.17647,0.058824,0.058824,0.058824,0.0,0.0,0.0,0.0,0.0,0.17647,0.0,0.0,0.058824,0.0,0.0,0.0,0.17647,0.11765,0.058824,0.0,0.0,0.0,0.058824,0.0,0.0,0.058824,0.23529,0.058824,5.3333,4.2222,5.3333,4.7778,5.0,4.1111,5.7778,5.5556,4.4444,3.6667,3.8889,3.3333,5.5556,5.4444
1730,1731,stimulus_1731,/pscratch/sd/s/sjmoon/EmoFM/videos/CowenEmotionVideos/1731.mp4,True,0.0,0.17647,0.0,0.23529,0.0,0.0,0.058824,0.0,0.11765,0.0,0.11765,0.0,0.0,0.0,0.0,0.0,0.0,0.0,0.0,0.058824,0.0,0.0,0.058824,0.23529,0.35294,0.0,0.0,0.0,0.0,0.0,0.0,0.0,0.0,0.0,4.8889,4.8889,4.2222,3.8889,4.7778,4.5556,3.3333,6.0,2.4444,5.0,3.4444,3.5556,5.0,5.4444
1731,1732,stimulus_1732,/pscratch/sd/s/sjmoon/EmoFM/videos/CowenEmotionVideos/1732.mp4,True,0.058824,0.0,0.17647,0.0,0.058824,0.17647,0.41176,0.0,0.0,0.0,0.0,0.0,0.0,0.0,0.0,0.0,0.11765,0.0,0.058824,0.29412,0.0,0.11765,0.11765,0.0,0.0,0.0,0.0,0.0,0.0,0.058824,0.0,0.0,0.0,0.0,6.6667,2.8889,3.4444,1.8889,6.5556,3.6667,4.2222,3.2222,4.8889,3.0,3.7778,3.4444,2.8889,3.5556
1732,1733,stimulus_1733,/pscratch/sd/s/sjmoon/EmoFM/videos/CowenEmotionVideos/1733.mp4,True,0.0,0.23529,0.0,0.0,0.0,0.0,0.0,0.058824,0.11765,0.058824,0.0,0.0,0.058824,0.0,0.0,0.0,0.0,0.0,0.0,0.0,0.0,0.0,0.058824,0.29412,0.0,0.0,0.0,0.64706,0.0,0.0,0.11765,0.0,0.0,0.0,5.2222,4.8889,6.6667,5.7778,5.2222,4.7778,4.2222,6.2222,2.3333,4.7778,4.3333,3.7778,6.7778,6.2222
1733,1734,stimulus_1734,/pscratch/sd/s/sjmoon/EmoFM/videos/CowenEmotionVideos/1734.mp4,True,0.0,0.0,0.29412,0.058824,0.0,0.058824,0.11765,0.058824,0.23529,0.0,0.17647,0.0,0.0,0.0,0.0,0.0,0.17647,0.0,0.0,0.058824,0.0,0.0,0.058824,0.0,0.0,0.0,0.0,0.0,0.0,0.058824,0.0,0.058824,0.0,0.0,6.7778,4.1111,4.2222,3.4444,5.5556,3.2222,3.8889,5.2222,2.6667,5.0,3.2222,4.1111,4.1111,5.0
1734,1735,stimulus_1735,/pscratch/sd/s/sjmoon/EmoFM/videos/CowenEmotionVideos/1735.mp4,True,0.11765,0.0,0.35294,0.11765,0.0,0.0,0.058824,0.0,0.0,0.058824,0.058824,0.0,0.0,0.058824,0.0,0.0,0.17647,0.0,0.0,0.0,0.0,0.0,0.29412,0.0,0.11765,0.0,0.0,0.0,0.0,0.058824,0.0,0.0,0.0,0.0,6.1111,4.4444,7.0,6.5556,5.7778,5.4444,4.6667,7.3333,3.8889,4.6667,4.7778,3.2222,4.8889,6.7778
1735,1736,stimulus_1736,/pscratch/sd/s/sjmoon/EmoFM/videos/CowenEmotionVideos/1736.mp4,True,0.0,0.058824,0.0,0.23529,0.0,0.17647,0.0,0.0,0.11765,0.0,0.058824,0.0,0.0,0.0,0.0,0.0,0.0,0.0,0.058824,0.29412,0.0,0.11765,0.058824,0.17647,0.0,0.0,0.17647,0.0,0.0,0.0,0.0,0.11765,0.0,0.058824,5.7778,5.1111,5.2222,4.4444,6.2222,3.6667,5.8889,4.8889,4.4444,5.5556,4.2222,4.6667,4.0,6.4444
1736,1737,stimulus_1737,/pscratch/sd/s/sjmoon/EmoFM/videos/CowenEmotionVideos/1737.mp4,True,0.0,0.0,0.0,0.17647,0.0,0.41176,0.0,0.0,0.0,0.0,0.058824,0.0,0.0,0.0,0.0,0.0,0.11765,0.0,0.35294,0.41176,0.0,0.058824,0.0,0.058824,0.058824,0.0,0.0,0.0,0.0,0.0,0.0,0.11765,0.0,0.058824,6.7778,3.5556,4.8889,4.8889,6.0,3.8889,2.8889,5.6667,4.6667,4.5556,3.3333,5.0,2.5556,6.2222
1737,1738,stimulus_1738,/pscratch/sd/s/sjmoon/EmoFM/videos/CowenEmotionVideos/1738.mp4,True,0.23529,0.0,0.0,0.29412,0.0,0.058824,0.35294,0.058824,0.058824,0.0,0.058824,0.0,0.0,0.0,0.0,0.058824,0.11765,0.058824,0.0,0.058824,0.0,0.0,0.29412,0.0,0.0,0.0,0.058824,0.0,0.0,0.11765,0.058824,0.23529,0.0,0.11765,5.7778,3.8889,5.3333,6.1111,6.6667,4.6667,5.7778,7.7778,4.3333,5.7778,3.3333,3.1111,4.1111,7.4444
1738,1739,stimulus_1739,/pscratch/sd/s/sjmoon/EmoFM/videos/CowenEmotionVideos/1739.mp4,True,0.0,0.0,0.0,0.0,0.058824,0.29412,0.11765,0.0,0.058824,0.0,0.0,0.0,0.0,0.0,0.0,0.11765,0.0,0.0,0.058824,0.41176,0.0,0.23529,0.058824,0.0,0.0,0.0,0.47059,0.0,0.058824,0.058824,0.0,0.29412,0.058824,0.058824,5.8889,4.4444,2.7778,2.0,5.4444,3.7778,5.8889,2.2222,5.6667,4.1111,3.6667,3.4444,3.0,6.7778
1739,1740,stimulus_1740,/pscratch/sd/s/sjmoon/EmoFM/videos/CowenEmotionVideos/1740.mp4,True,0.0,0.0,0.058824,0.0,0.0,0.0,0.0,0.0,0.0,0.058824,0.0,0.0,0.94118,0.0,0.0,0.0,0.0,0.0,0.0,0.0,0.058824,0.0,0.23529,0.0,0.0,0.0,0.0,0.0,0.0,0.11765,0.0,0.0,0.0,0.0,6.0,5.1111,7.3333,7.5556,6.3333,6.4444,4.2222,7.2222,2.3333,5.8889,4.5556,4.4444,6.0,6.2222
1740,1741,stimulus_1741,/pscratch/sd/s/sjmoon/EmoFM/videos/CowenEmotionVideos/1741.mp4,True,0.0,0.0,0.0,0.53846,0.0,0.0,0.0,0.0,0.0,0.0,0.0,0.0,0.0,0.076923,0.0,0.0,0.0,0.0,0.23077,0.076923,0.0,0.0,0.076923,0.23077,0.0,0.0,0.0,0.0,0.0,0.15385,0.0,0.15385,0.0,0.076923,5.6667,4.5556,5.6667,4.5556,6.1111,4.6667,4.4444,5.2222,2.5556,5.6667,4.3333,3.5556,3.1111,7.1111
1741,1742,stimulus_1742,/pscratch/sd/s/sjmoon/EmoFM/videos/CowenEmotionVideos/1742.mp4,True,0.0,0.0,0.0,0.15385,0.11538,0.30769,0.0,0.0,0.0,0.0,0.076923,0.0,0.0,0.11538,0.0,0.0,0.0,0.0,0.0,0.46154,0.0,0.30769,0.0,0.0,0.0,0.0,0.076923,0.0,0.0,0.0,0.0,0.15385,0.0,0.0,6.8889,3.5556,4.0,2.3333,6.7778,5.2222,4.2222,3.4444,3.0,4.0,3.2222,4.8889,2.0,6.2222
1742,1743,stimulus_1743,/pscratch/sd/s/sjmoon/EmoFM/videos/CowenEmotionVideos/1743.mp4,True,0.0,0.0,0.23077,0.19231,0.0,0.0,0.11538,0.0,0.0,0.0,0.15385,0.0,0.0,0.0,0.0,0.0,0.23077,0.0,0.0,0.0,0.0,0.0,0.38462,0.0,0.0,0.0,0.0,0.0,0.0,0.076923,0.0,0.076923,0.0,0.0,6.4444,4.6667,6.2222,7.6667,6.6667,4.1111,5.5556,7.3333,3.4444,6.5556,5.4444,4.6667,5.8889,6.6667
1743,1744,stimulus_1744,/pscratch/sd/s/sjmoon/EmoFM/videos/CowenEmotionVideos/1744.mp4,True,0.0,0.0,0.0,0.30769,0.076923,0.19231,0.0,0.0,0.076923,0.0,0.076923,0.0,0.0,0.19231,0.23077,0.15385,0.076923,0.0,0.0,0.15385,0.0,0.19231,0.0,0.0,0.0,0.0,0.0,0.0,0.038462,0.0,0.0,0.23077,0.076923,0.0,6.1111,4.5556,3.2222,1.6667,6.3333,4.3333,4.3333,2.2222,4.3333,5.7778,3.5556,4.3333,3.2222,2.6667
1744,1745,stimulus_1745,/pscratch/sd/s/sjmoon/EmoFM/videos/CowenEmotionVideos/1745.mp4,True,0.15385,0.30769,0.0,0.53846,0.0,0.0,0.15385,0.0,0.0,0.0,0.0,0.076923,0.0,0.0,0.0,0.0,0.0,0.0,0.0,0.0,0.0,0.0,0.0,0.53846,0.0,0.0,0.076923,0.0,0.0,0.076923,0.0,0.0,0.0,0.076923,6.3333,4.8889,8.3333,7.7778,6.7778,6.4444,7.0,8.1111,1.4444,7.6667,6.4444,3.3333,7.1111,7.7778
1745,1746,stimulus_1746,/pscratch/sd/s/sjmoon/EmoFM/videos/CowenEmotionVideos/1746.mp4,True,0.0,0.076923,0.076923,0.46154,0.0,0.0,0.076923,0.0,0.0,0.0,0.0,0.0,0.0,0.0,0.0,0.0,0.0,0.0,0.0,0.0,0.0,0.0,0.076923,0.23077,0.0,0.0,0.0,0.0,0.0,0.15385,0.0,0.23077,0.0,0.076923,6.0,4.4444,7.5556,7.7778,6.8889,5.2222,7.0,7.3333,1.5556,6.6667,4.5556,3.2222,5.8889,8.0
1746,1747,stimulus_1747,/pscratch/sd/s/sjmoon/EmoFM/videos/CowenEmotionVideos/1747.mp4,True,0.076923,0.0,0.30769,0.076923,0.0,0.0,0.076923,0.0,0.076923,0.0,0.0,0.0,0.0,0.0,0.0,0.0,0.38462,0.0,0.0,0.0,0.0,0.0,0.30769,0.15385,0.0,0.0,0.0,0.0,0.0,0.15385,0.0,0.0,0.0,0.0,5.2222,4.1111,6.5556,7.0,6.3333,5.1111,6.5556,6.8889,2.4444,6.3333,4.1111,3.3333,6.6667,6.7778
1747,1748,stimulus_1748,/pscratch/sd/s/sjmoon/EmoFM/videos/CowenEmotionVideos/1748.mp4,True,0.076923,0.53846,0.0,0.076923,0.0,0.0,0.26923,0.0,0.0,0.0,0.0,0.0,0.076923,0.0,0.076923,0.0,0.0,0.0,0.0,0.0,0.0,0.0,0.0,0.30769,0.0,0.0,0.0,0.0,0.0,0.0,0.0,0.0,0.076923,0.0,4.4444,4.2222,6.5556,6.1111,5.3333,6.1111,6.5556,8.5556,1.7778,7.4444,6.1111,3.2222,7.4444,6.3333
1748,1749,stimulus_1749,/pscratch/sd/s/sjmoon/EmoFM/videos/CowenEmotionVideos/1749.mp4,True,0.076923,0.46154,0.0,0.5,0.0,0.0,0.34615,0.0,0.0,0.0,0.0,0.0,0.0,0.0,0.0,0.0,0.0,0.0,0.0,0.0,0.0,0.0,0.0,0.42308,0.0,0.0,0.0,0.0,0.0,0.0,0.0,0.0,0.0,0.0,5.6667,4.7778,8.6667,8.8889,6.6667,6.6667,7.5556,8.6667,1.1111,6.8889,5.4444,3.0,6.4444,7.5556
1749,1750,stimulus_1750,/pscratch/sd/s/sjmoon/EmoFM/videos/CowenEmotionVideos/1750.mp4,True,0.0,0.0,0.0,0.34615,0.0,0.0,0.0,0.30769,0.30769,0.0,0.0,0.0,0.0,0.0,0.0,0.0,0.0,0.0,0.0,0.0,0.0,0.0,0.0,0.15385,0.0,0.0,0.0,0.0,0.0,0.0,0.0,0.0,0.0,0.0,5.4444,4.5556,6.1111,5.0,5.7778,4.7778,5.2222,6.8889,1.8889,6.5556,6.1111,3.7778,6.8889,5.3333
1750,1751,stimulus_1751,/pscratch/sd/s/sjmoon/EmoFM/videos/CowenEmotionVideos/1751.mp4,True,0.0,0.038462,0.19231,0.26923,0.0,0.076923,0.11538,0.0,0.0,0.0,0.0,0.0,0.0,0.0,0.076923,0.0,0.30769,0.0,0.0,0.0,0.0,0.0,0.19231,0.076923,0.0,0.0,0.0,0.0,0.076923,0.076923,0.0,0.15385,0.0,0.0,5.6667,3.8889,6.0,5.1111,6.4444,6.0,5.8889,8.4444,1.8889,6.3333,4.1111,3.1111,5.7778,6.3333
1751,1752,stimulus_1752,/pscratch/sd/s/sjmoon/EmoFM/videos/CowenEmotionVideos/1752.mp4,True,0.0,0.0,0.0,0.23077,0.076923,0.0,0.0,0.0,0.0,0.0,0.0,0.0,0.0,0.0,0.11538,0.30769,0.0,0.0,0.0,0.0,0.0,0.11538,0.0,0.0,0.0,0.0,0.0,0.0,0.30769,0.0,0.0,0.23077,0.23077,0.0,5.8889,4.6667,3.5556,2.1111,6.4444,5.0,5.5556,4.3333,4.0,3.7778,4.1111,4.5556,3.8889,3.3333
1752,1753,stimulus_1753,/pscratch/sd/s/sjmoon/EmoFM/videos/CowenEmotionVideos/1753.mp4,True,0.0,0.19231,0.0,0.76923,0.0,0.0,0.076923,0.0,0.0,0.0,0.0,0.0,0.0,0.0,0.076923,0.0,0.0,0.0,0.0,0.0,0.0,0.076923,0.0,0.30769,0.076923,0.0,0.076923,0.0,0.0,0.0,0.0,0.0,0.0,0.0,7.3333,6.0,6.8889,6.5556,7.1111,4.7778,5.5556,5.1111,3.8889,5.8889,5.3333,2.8889,5.6667,6.8889
1753,1754,stimulus_1754,/pscratch/sd/s/sjmoon/EmoFM/videos/CowenEmotionVideos/1754.mp4,True,0.0,0.0,0.0,0.38462,0.0,0.0,0.0,0.0,0.076923,0.0,0.0,0.0,0.0,0.0,0.0,0.0,0.0,0.0,0.0,0.0,0.0,0.0,0.0,0.34615,0.46154,0.0,0.0,0.0,0.0,0.076923,0.0,0.0,0.0,0.15385,7.3333,6.6667,7.7778,7.7778,7.0,7.0,6.0,8.1111,3.3333,7.2222,6.4444,3.2222,6.3333,6.8889
1754,1755,stimulus_1755,/pscratch/sd/s/sjmoon/EmoFM/videos/CowenEmotionVideos/1755.mp4,True,0.0,0.0,0.0,0.0,0.0,0.11538,0.0,0.0,0.0,0.0,0.0,0.0,0.0,0.15385,0.0,0.15385,0.0,0.0,0.0,0.38462,0.0,0.5,0.0,0.0,0.0,0.0,0.0,0.0,0.23077,0.0,0.0,0.23077,0.0,0.0,5.8889,4.2222,2.3333,3.0,5.7778,2.8889,3.8889,2.6667,5.8889,3.1111,3.5556,4.8889,2.7778,3.0
1755,1756,stimulus_1756,/pscratch/sd/s/sjmoon/EmoFM/videos/CowenEmotionVideos/1756.mp4,True,0.0,0.0,0.15385,0.0,0.0,0.0,0.0,0.0,0.076923,0.0,0.0,0.0,0.0,0.0,0.0,0.0,0.15385,0.0,0.0,0.0,0.0,0.0,0.076923,0.0,0.0,0.0,0.0,0.5,0.0,0.0,0.38462,0.0,0.0,0.0,6.4444,5.2222,7.6667,6.2222,6.6667,6.4444,5.5556,7.3333,3.7778,7.1111,5.3333,2.6667,6.8889,5.6667
1756,1757,stimulus_1757,/pscratch/sd/s/sjmoon/EmoFM/videos/CowenEmotionVideos/1757.mp4,True,0.0,0.0,0.0,0.0,0.0,0.038462,0.0,0.076923,0.076923,0.0,0.30769,0.0,0.0,0.0,0.42308,0.0,0.0,0.0,0.0,0.076923,0.0,0.23077,0.0,0.0,0.0,0.0,0.0,0.0,0.0,0.0,0.0,0.076923,0.0,0.0,6.4444,4.8889,3.7778,2.1111,5.7778,4.5556,3.4444,4.8889,5.5556,4.0,2.6667,6.0,3.4444,4.0
1757,1758,stimulus_1758,/pscratch/sd/s/sjmoon/EmoFM/videos/CowenEmotionVideos/1758.mp4,True,0.038462,0.0,0.0,0.69231,0.076923,0.0,0.0,0.0,0.076923,0.0,0.076923,0.0,0.0,0.0,0.0,0.0,0.0,0.0,0.0,0.0,0.0,0.0,0.076923,0.26923,0.076923,0.0,0.0,0.0,0.0,0.0,0.0,0.15385,0.0,0.0,7.1111,5.3333,7.1111,6.4444,7.8889,4.8889,5.7778,7.3333,3.7778,6.5556,5.6667,3.2222,6.7778,6.5556
1758,1759,stimulus_1759,/pscratch/sd/s/sjmoon/EmoFM/videos/CowenEmotionVideos/1759.mp4,True,0.0,0.0,0.0,0.0,0.076923,0.11538,0.076923,0.0,0.0,0.0,0.0,0.0,0.0,0.0,0.076923,0.15385,0.0,0.0,0.0,0.15385,0.0,0.15385,0.23077,0.0,0.0,0.0,0.0,0.0,0.15385,0.076923,0.0,0.15385,0.076923,0.0,6.4444,4.4444,3.7778,3.8889,7.3333,4.6667,5.2222,5.2222,5.3333,3.8889,4.1111,3.7778,2.8889,3.7778
1759,1760,stimulus_1760,/pscratch/sd/s/sjmoon/EmoFM/videos/CowenEmotionVideos/1760.mp4,True,0.15385,0.0,0.15385,0.0,0.0,0.0,0.0,0.0,0.076923,0.46154,0.0,0.0,0.0,0.0,0.0,0.0,0.23077,0.0,0.0,0.0,0.0,0.0,0.0,0.076923,0.0,0.0,0.0,0.076923,0.0,0.076923,0.15385,0.0,0.0,0.0,4.1111,3.8889,5.8889,5.1111,4.6667,4.4444,5.2222,6.2222,4.1111,5.8889,4.7778,2.6667,5.3333,5.2222
1760,1761,stimulus_1761,/pscratch/sd/s/sjmoon/EmoFM/videos/CowenEmotionVideos/1761.mp4,True,0.0,0.34615,0.0,0.5,0.0,0.0,0.34615,0.0,0.0,0.076923,0.0,0.0,0.0,0.0,0.0,0.0,0.076923,0.0,0.0,0.0,0.0,0.0,0.076923,0.26923,0.0,0.0,0.0,0.0,0.0,0.0,0.0,0.0,0.0,0.0,6.3333,5.7778,7.5556,7.1111,7.2222,5.5556,6.1111,8.2222,3.3333,7.5556,5.2222,3.7778,7.5556,7.5556
1761,1762,stimulus_1762,/pscratch/sd/s/sjmoon/EmoFM/videos/CowenEmotionVideos/1762.mp4,True,0.23077,0.0,0.0,0.42308,0.0,0.076923,0.038462,0.0,0.0,0.0,0.0,0.0,0.0,0.0,0.076923,0.0,0.0,0.0,0.0,0.0,0.0,0.0,0.0,0.26923,0.0,0.0,0.0,0.0,0.0,0.23077,0.0,0.0,0.15385,0.038462,6.5556,5.5556,5.7778,4.0,6.5556,6.3333,4.7778,5.2222,3.5556,5.7778,4.4444,4.2222,4.0,4.2222
1762,1763,stimulus_1763,/pscratch/sd/s/sjmoon/EmoFM/videos/CowenEmotionVideos/1763.mp4,True,0.0,0.0,0.0,0.53846,0.0,0.0,0.0,0.076923,0.23077,0.0,0.0,0.0,0.0,0.0,0.0,0.0,0.0,0.0,0.0,0.0,0.0,0.0,0.0,0.23077,0.076923,0.15385,0.0,0.0,0.0,0.076923,0.0,0.0,0.0,0.076923,7.0,6.8889,6.5556,5.5556,7.0,6.4444,5.7778,6.3333,3.8889,6.1111,6.3333,3.4444,6.6667,5.0
1763,1764,stimulus_1764,/pscratch/sd/s/sjmoon/EmoFM/videos/CowenEmotionVideos/1764.mp4,True,0.0,0.0,0.11538,0.076923,0.0,0.38462,0.076923,0.0,0.0,0.0,0.0,0.0,0.0,0.0,0.0,0.0,0.0,0.0,0.15385,0.46154,0.0,0.11538,0.076923,0.0,0.0,0.0,0.15385,0.0,0.0,0.076923,0.0,0.0,0.0,0.0,7.0,5.4444,6.0,4.5556,7.6667,3.6667,5.0,5.6667,4.4444,6.0,4.5556,4.3333,3.3333,6.4444
1764,1765,stimulus_1765,/pscratch/sd/s/sjmoon/EmoFM/videos/CowenEmotionVideos/1765.mp4,True,0.0,0.0,0.0,0.0,0.0,0.0,0.0,0.0,0.0,0.0,0.076923,0.0,0.0,0.0,0.69231,0.076923,0.0,0.0,0.0,0.0,0.0,0.23077,0.0,0.0,0.0,0.0,0.0,0.0,0.19231,0.0,0.0,0.15385,0.11538,0.0,5.2222,4.3333,2.7778,3.1111,4.7778,4.3333,3.8889,5.4444,4.4444,4.0,3.6667,3.6667,4.3333,3.8889
1765,1766,stimulus_1766,/pscratch/sd/s/sjmoon/EmoFM/videos/CowenEmotionVideos/1766.mp4,True,0.0,0.0,0.15385,0.0,0.0,0.0,0.0,0.0,0.15385,0.076923,0.15385,0.0,0.0,0.0,0.15385,0.076923,0.076923,0.0,0.0,0.0,0.0,0.11538,0.23077,0.0,0.0,0.0,0.0,0.0,0.15385,0.076923,0.0,0.0,0.0,0.0,4.1111,5.3333,3.8889,4.3333,5.8889,4.5556,5.0,5.4444,3.2222,4.8889,5.0,3.7778,5.8889,5.2222
1766,1767,stimulus_1767,/pscratch/sd/s/sjmoon/EmoFM/videos/CowenEmotionVideos/1767.mp4,True,0.0,0.0,0.076923,0.0,0.0,0.57692,0.038462,0.0,0.0,0.0,0.076923,0.0,0.0,0.0,0.0,0.0,0.0,0.0,0.0,0.61538,0.0,0.23077,0.0,0.0,0.0,0.0,0.0,0.0,0.076923,0.0,0.0,0.0,0.076923,0.0,5.5556,4.2222,3.7778,2.8889,5.3333,4.1111,3.5556,3.4444,4.5556,4.5556,4.4444,3.2222,2.7778,6.2222
1767,1768,stimulus_1768,/pscratch/sd/s/sjmoon/EmoFM/videos/CowenEmotionVideos/1768.mp4,True,0.0,0.0,0.0,0.076923,0.0,0.0,0.0,0.0,0.0,0.0,0.0,0.0,0.0,0.076923,0.0,0.69231,0.0,0.0,0.0,0.0,0.0,0.076923,0.0,0.0,0.0,0.0,0.0,0.0,0.11538,0.0,0.0,0.15385,0.38462,0.0,5.0,4.6667,3.2222,3.8889,5.6667,5.4444,4.6667,3.1111,3.4444,4.3333,5.2222,3.4444,4.2222,4.3333
1768,1769,stimulus_1769,/pscratch/sd/s/sjmoon/EmoFM/videos/CowenEmotionVideos/1769.mp4,True,0.0,0.0,0.0,0.0,0.0,0.0,0.0,0.0,0.0,0.076923,0.0,0.0,0.0,0.0,0.0,0.0,0.0,0.0,0.0,0.0,0.0,0.0,0.0,0.0,0.0,0.0,0.0,0.23077,0.0,0.0,0.84615,0.0,0.0,0.0,6.7778,5.1111,6.7778,6.7778,6.3333,6.3333,5.7778,6.4444,3.2222,5.4444,6.1111,3.1111,6.2222,5.8889
1769,1770,stimulus_1770,/pscratch/sd/s/sjmoon/EmoFM/videos/CowenEmotionVideos/1770.mp4,True,0.0,0.0,0.0,0.57692,0.0,0.0,0.0,0.0,0.076923,0.076923,0.0,0.0,0.0,0.076923,0.038462,0.0,0.0,0.0,0.0,0.0,0.0,0.038462,0.0,0.15385,0.0,0.0,0.076923,0.0,0.0,0.076923,0.0,0.30769,0.11538,0.0,4.6667,5.4444,4.6667,3.4444,5.5556,4.8889,5.4444,3.0,2.7778,5.1111,5.5556,4.0,4.2222,4.7778
1770,1771,stimulus_1771,/pscratch/sd/s/sjmoon/EmoFM/videos/CowenEmotionVideos/1771.mp4,True,0.0,0.0,0.090909,0.0,0.0,0.090909,0.0,0.18182,0.0,0.0,0.45455,0.0,0.0,0.0,0.54545,0.0,0.0,0.0,0.0,0.18182,0.0,0.090909,0.18182,0.0,0.0,0.0,0.0,0.0,0.0,0.0,0.0,0.0,0.0,0.0,4.6667,4.6667,3.1111,3.4444,4.6667,3.7778,3.7778,5.5556,5.0,4.5556,5.1111,3.6667,4.4444,4.6667
1771,1772,stimulus_1772,/pscratch/sd/s/sjmoon/EmoFM/videos/CowenEmotionVideos/1772.mp4,True,0.0,0.0,0.090909,0.0,0.0,0.0,0.0,0.090909,0.18182,0.0,0.0,0.0,0.0,0.0,0.0,0.0,0.0,0.0,0.090909,0.0,0.0,0.0,0.18182,0.0,0.0,0.0,0.0,0.0,0.0,0.090909,0.63636,0.090909,0.0,0.0,6.0,5.6667,6.3333,5.8889,6.3333,6.2222,5.5556,6.4444,2.6667,5.6667,6.2222,4.3333,5.8889,6.0
1772,1773,stimulus_1773,/pscratch/sd/s/sjmoon/EmoFM/videos/CowenEmotionVideos/1773.mp4,True,0.0,0.18182,0.0,0.72727,0.0,0.0,0.090909,0.090909,0.090909,0.0,0.18182,0.0,0.0,0.0,0.0,0.0,0.0,0.0,0.0,0.0,0.0,0.0,0.18182,0.45455,0.0,0.0,0.0,0.0,0.0,0.0,0.0,0.090909,0.0,0.0,5.1111,5.0,7.2222,6.4444,6.0,5.6667,5.7778,6.6667,2.7778,6.2222,6.0,3.2222,6.5556,6.6667
1773,1774,stimulus_1774,/pscratch/sd/s/sjmoon/EmoFM/videos/CowenEmotionVideos/1774.mp4,True,0.0,0.0,0.0,0.0,0.18182,0.45455,0.0,0.0,0.0,0.0,0.0,0.0,0.0,0.0,0.18182,0.0,0.0,0.0,0.0,0.54545,0.0,0.36364,0.0,0.0,0.0,0.0,0.0,0.0,0.0,0.0,0.0,0.0,0.0,0.0,5.2222,4.8889,3.7778,3.7778,6.0,4.2222,5.6667,4.4444,4.3333,3.1111,4.7778,3.7778,3.1111,5.5556
1774,1775,stimulus_1775,/pscratch/sd/s/sjmoon/EmoFM/videos/CowenEmotionVideos/1775.mp4,True,0.090909,0.0,0.18182,0.31818,0.0,0.0,0.36364,0.0,0.0,0.0,0.0,0.0,0.0,0.0,0.0,0.0,0.090909,0.0,0.045455,0.0,0.0,0.0,0.45455,0.0,0.0,0.0,0.0,0.0,0.0,0.18182,0.090909,0.090909,0.0,0.0,5.8889,5.2222,6.4444,5.6667,6.7778,5.3333,4.8889,7.0,2.8889,5.1111,5.5556,3.6667,5.7778,6.3333
1775,1776,stimulus_1776,/pscratch/sd/s/sjmoon/EmoFM/videos/CowenEmotionVideos/1776.mp4,True,0.0,0.0,0.0,0.0,0.18182,0.18182,0.0,0.0,0.0,0.0,0.090909,0.0,0.0,0.0,0.18182,0.18182,0.0,0.0,0.0,0.090909,0.090909,0.18182,0.0,0.0,0.0,0.0,0.0,0.0,0.63636,0.0,0.0,0.0,0.18182,0.0,5.3333,4.5556,3.6667,4.7778,5.4444,4.3333,5.6667,4.8889,4.8889,3.3333,5.0,4.4444,4.2222,5.0
1776,1777,stimulus_1777,/pscratch/sd/s/sjmoon/EmoFM/videos/CowenEmotionVideos/1777.mp4,True,0.090909,0.0,0.0,0.18182,0.0,0.18182,0.0,0.0,0.0,0.0,0.0,0.0,0.0,0.0,0.0,0.0,0.0,0.0,0.27273,0.27273,0.0,0.0,0.090909,0.0,0.090909,0.0,0.0,0.0,0.0,0.18182,0.0,0.18182,0.0,0.0,7.1111,5.5556,6.8889,5.6667,7.3333,4.3333,7.0,6.2222,3.2222,6.0,5.3333,3.0,4.0,6.5556
1777,1778,stimulus_1778,/pscratch/sd/s/sjmoon/EmoFM/videos/CowenEmotionVideos/1778.mp4,True,0.0,0.090909,0.36364,0.090909,0.0,0.0,0.18182,0.0,0.0,0.0,0.0,0.0,0.0,0.0,0.0,0.0,0.090909,0.0,0.0,0.0,0.0,0.0,0.27273,0.0,0.0,0.0,0.0,0.0,0.0,0.090909,0.0,0.090909,0.0,0.0,6.5556,4.5556,7.3333,7.1111,7.2222,5.3333,4.6667,7.6667,2.7778,6.8889,5.0,2.3333,6.1111,7.2222
1778,1779,stimulus_1779,/pscratch/sd/s/sjmoon/EmoFM/videos/CowenEmotionVideos/1779.mp4,True,0.0,0.0,0.0,0.0,0.0,0.45455,0.0,0.0,0.090909,0.0,0.090909,0.0,0.0,0.0,0.0,0.0,0.0,0.0,0.090909,0.72727,0.0,0.090909,0.0,0.0,0.0,0.0,0.0,0.0,0.0,0.0,0.0,0.0,0.0,0.0,6.2222,5.4444,5.0,4.5556,6.5556,4.0,5.3333,6.1111,3.5556,5.0,5.2222,4.2222,3.3333,4.8889
1779,1780,stimulus_1780,/pscratch/sd/s/sjmoon/EmoFM/videos/CowenEmotionVideos/1780.mp4,True,0.0,0.0,0.0,0.090909,0.0,0.18182,0.090909,0.0,0.0,0.090909,0.0,0.0,0.0,0.0,0.0,0.0,0.0,0.0,0.045455,0.59091,0.0,0.18182,0.18182,0.0,0.0,0.0,0.0,0.0,0.0,0.0,0.0,0.36364,0.0,0.0,6.8889,3.4444,3.8889,2.2222,7.3333,3.0,4.6667,2.5556,4.2222,4.2222,4.8889,4.3333,2.0,2.8889
1780,1781,stimulus_1781,/pscratch/sd/s/sjmoon/EmoFM/videos/CowenEmotionVideos/1781.mp4,True,0.0,0.0,0.0,0.090909,0.0,0.0,0.18182,0.0,0.090909,0.0,0.0,0.0,0.0,0.0,0.0,0.0,0.0,0.0,0.18182,0.0,0.0,0.0,0.090909,0.090909,0.45455,0.0,0.0,0.0,0.0,0.090909,0.0,0.0,0.0,0.090909,6.2222,4.4444,7.0,7.0,6.8889,6.0,6.6667,6.6667,2.3333,6.5556,6.6667,2.2222,6.5556,6.3333
1781,1782,stimulus_1782,/pscratch/sd/s/sjmoon/EmoFM/videos/CowenEmotionVideos/1782.mp4,True,0.0,0.0,0.090909,0.0,0.0,0.0,0.0,0.0,0.0,0.0,0.0,0.0,0.090909,0.0,0.090909,0.0,0.0,0.0,0.090909,0.0,0.0,0.0,0.090909,0.090909,0.0,0.0,0.0,0.27273,0.0,0.0,0.81818,0.0,0.0,0.0,6.1111,4.2222,6.2222,5.6667,5.6667,6.1111,5.4444,6.1111,2.7778,5.6667,5.3333,3.8889,4.8889,5.3333
1782,1783,stimulus_1783,/pscratch/sd/s/sjmoon/EmoFM/videos/CowenEmotionVideos/1783.mp4,True,0.36364,0.18182,0.0,0.0,0.0,0.0,0.090909,0.0,0.0,0.0,0.0,0.0,0.0,0.0,0.0,0.0,0.0,0.0,0.18182,0.090909,0.0,0.0,0.0,0.45455,0.0,0.0,0.0,0.0,0.0,0.090909,0.0,0.27273,0.18182,0.090909,6.7778,4.7778,7.3333,7.1111,7.1111,7.0,6.3333,7.4444,3.8889,6.0,6.6667,4.3333,6.4444,7.5556
1783,1784,stimulus_1784,/pscratch/sd/s/sjmoon/EmoFM/videos/CowenEmotionVideos/1784.mp4,True,0.0,0.0,0.090909,0.090909,0.0,0.0,0.0,0.0,0.45455,0.0,0.18182,0.0,0.0,0.090909,0.0,0.0,0.0,0.0,0.0,0.0,0.0,0.0,0.0,0.0,0.36364,0.0,0.0,0.0,0.0,0.0,0.0,0.0,0.0,0.0,3.7778,4.4444,4.6667,4.1111,4.3333,4.6667,3.4444,6.3333,3.6667,5.0,4.0,3.5556,6.0,4.6667
1784,1785,stimulus_1785,/pscratch/sd/s/sjmoon/EmoFM/videos/CowenEmotionVideos/1785.mp4,True,0.0,0.0,0.0,0.45455,0.0,0.0,0.0,0.18182,0.0,0.0,0.18182,0.0,0.0,0.0,0.18182,0.0,0.0,0.0,0.0,0.0,0.0,0.0,0.0,0.090909,0.18182,0.0,0.0,0.0,0.090909,0.0,0.0,0.0,0.0,0.0,5.7778,5.0,4.6667,4.7778,5.4444,4.0,5.6667,5.2222,3.7778,4.4444,4.6667,4.7778,4.5556,4.4444
1785,1786,stimulus_1786,/pscratch/sd/s/sjmoon/EmoFM/videos/CowenEmotionVideos/1786.mp4,True,0.0,0.0,0.0,0.0,0.090909,0.0,0.0,0.090909,0.0,0.0,0.18182,0.090909,0.0,0.0,0.090909,0.18182,0.0,0.0,0.0,0.090909,0.0,0.27273,0.090909,0.0,0.0,0.0,0.0,0.0,0.81818,0.0,0.0,0.0,0.36364,0.0,5.3333,2.3333,2.1111,2.5556,5.6667,3.3333,5.8889,2.7778,6.5556,1.4444,5.6667,6.0,1.3333,1.3333
1786,1787,stimulus_1787,/pscratch/sd/s/sjmoon/EmoFM/videos/CowenEmotionVideos/1787.mp4,True,0.0,0.0,0.0,0.27273,0.0,0.0,0.0,0.0,0.0,0.090909,0.0,0.0,0.0,0.0,0.0,0.0,0.0,0.0,0.090909,0.090909,0.0,0.0,0.090909,0.0,0.0,0.0,0.18182,0.0,0.0,0.27273,0.0,0.27273,0.0,0.0,6.2222,5.3333,6.0,5.8889,6.8889,4.1111,5.2222,6.2222,3.4444,5.5556,5.3333,3.5556,4.5556,6.6667
1787,1788,stimulus_1788,/pscratch/sd/s/sjmoon/EmoFM/videos/CowenEmotionVideos/1788.mp4,True,0.0,0.0,0.0,0.18182,0.0,0.0,0.0,0.090909,0.090909,0.0,0.090909,0.090909,0.0,0.090909,0.0,0.27273,0.0,0.0,0.0,0.090909,0.0,0.0,0.0,0.0,0.0,0.0,0.0,0.0,0.0,0.0,0.0,0.090909,0.0,0.0,6.1111,4.5556,4.2222,3.8889,5.6667,3.5556,4.4444,3.5556,3.8889,4.7778,4.0,3.6667,3.7778,3.8889
1788,1789,stimulus_1789,/pscratch/sd/s/sjmoon/EmoFM/videos/CowenEmotionVideos/1789.mp4,True,0.27273,0.0,0.27273,0.0,0.0,0.0,0.18182,0.0,0.090909,0.36364,0.0,0.0,0.0,0.0,0.0,0.0,0.090909,0.090909,0.0,0.0,0.0,0.0,0.18182,0.18182,0.27273,0.0,0.0,0.0,0.0,0.090909,0.0,0.0,0.0,0.0,6.4444,4.8889,7.5556,6.8889,7.1111,6.8889,7.0,7.3333,2.5556,6.7778,4.8889,3.2222,6.6667,6.6667
1789,1790,stimulus_1790,/pscratch/sd/s/sjmoon/EmoFM/videos/CowenEmotionVideos/1790.mp4,True,0.0,0.0,0.0,0.090909,0.0,0.0,0.0,0.090909,0.045455,0.0,0.13636,0.0,0.0,0.0,0.72727,0.0,0.0,0.0,0.0,0.0,0.0,0.18182,0.0,0.0,0.0,0.0,0.0,0.0,0.0,0.0,0.0,0.090909,0.0,0.0,3.4444,3.5556,2.5556,2.0,4.3333,3.4444,2.3333,2.6667,5.6667,4.0,2.5556,3.3333,3.8889,2.1111
1790,1791,stimulus_1791,/pscratch/sd/s/sjmoon/EmoFM/videos/CowenEmotionVideos/1791.mp4,True,0.0,0.0,0.18182,0.0,0.0,0.0,0.0,0.0,0.36364,0.0,0.090909,0.090909,0.0,0.090909,0.090909,0.0,0.0,0.27273,0.090909,0.0,0.0,0.0,0.18182,0.0,0.0,0.0,0.0,0.0,0.0,0.0,0.18182,0.0,0.0,0.0,5.4444,5.0,5.5556,6.0,6.0,5.4444,4.4444,6.3333,2.5556,4.8889,3.6667,3.2222,5.3333,5.2222
1791,1792,stimulus_1792,/pscratch/sd/s/sjmoon/EmoFM/videos/CowenEmotionVideos/1792.mp4,True,0.0,0.0,0.0,0.0,0.0,0.27273,0.0,0.0,0.0,0.0,0.0,0.0,0.0,0.0,0.63636,0.54545,0.0,0.0,0.0,0.45455,0.0,0.36364,0.0,0.0,0.0,0.0,0.0,0.0,0.0,0.0,0.0,0.0,0.090909,0.0,4.5556,2.7778,2.0,1.6667,5.2222,3.6667,2.1111,3.3333,6.2222,3.5556,2.4444,3.8889,2.2222,3.8889
1792,1793,stimulus_1793,/pscratch/sd/s/sjmoon/EmoFM/videos/CowenEmotionVideos/1793.mp4,True,0.0,0.0,0.0,0.0,0.090909,0.0,0.0,0.0,0.0,0.0,0.45455,0.0,0.0,0.0,0.27273,0.090909,0.0,0.0,0.0,0.0,0.0,0.090909,0.0,0.0,0.0,0.0,0.0,0.0,0.18182,0.0,0.0,0.36364,0.18182,0.0,4.6667,4.0,3.0,3.1111,6.0,3.1111,4.2222,4.3333,5.3333,3.4444,3.3333,3.0,4.0,5.8889
1793,1794,stimulus_1794,/pscratch/sd/s/sjmoon/EmoFM/videos/CowenEmotionVideos/1794.mp4,True,0.090909,0.0,0.18182,0.0,0.0,0.0,0.0,0.0,0.36364,0.090909,0.090909,0.0,0.0,0.0,0.0,0.0,0.36364,0.0,0.0,0.0,0.0,0.0,0.18182,0.0,0.0,0.0,0.0,0.0,0.0,0.0,0.090909,0.0,0.0,0.0,5.2222,5.0,4.5556,4.6667,5.3333,5.0,4.1111,4.7778,3.8889,5.3333,3.8889,3.7778,5.2222,4.8889
1794,1795,stimulus_1795,/pscratch/sd/s/sjmoon/EmoFM/videos/CowenEmotionVideos/1795.mp4,True,0.0,0.0,0.0,0.0,0.0,0.27273,0.18182,0.0,0.0,0.0,0.0,0.0,0.0,0.0,0.0,0.0,0.0,0.0,0.0,0.54545,0.0,0.27273,0.0,0.0,0.0,0.0,0.36364,0.0,0.0,0.090909,0.0,0.27273,0.090909,0.0,6.5556,2.8889,2.8889,1.5556,6.6667,3.7778,5.2222,2.5556,5.4444,4.5556,4.5556,4.3333,1.8889,5.4444
1795,1796,stimulus_1796,/pscratch/sd/s/sjmoon/EmoFM/videos/CowenEmotionVideos/1796.mp4,True,0.0,0.0,0.36364,0.0,0.0,0.0,0.090909,0.090909,0.0,0.0,0.27273,0.0,0.0,0.0,0.0,0.0,0.36364,0.0,0.0,0.0,0.0,0.0,0.18182,0.0,0.0,0.0,0.0,0.0,0.0,0.0,0.0,0.0,0.0,0.0,6.7778,3.8889,5.5556,4.8889,6.4444,4.6667,3.4444,5.3333,3.3333,5.1111,4.0,3.3333,4.8889,5.8889
1796,1797,stimulus_1797,/pscratch/sd/s/sjmoon/EmoFM/videos/CowenEmotionVideos/1797.mp4,True,0.0,0.0,0.18182,0.045455,0.0,0.0,0.090909,0.18182,0.22727,0.0,0.0,0.0,0.0,0.0,0.18182,0.0,0.0,0.0,0.0,0.0,0.0,0.0,0.0,0.0,0.0,0.0,0.0,0.0,0.0,0.0,0.18182,0.0,0.0,0.0,5.7778,4.8889,6.1111,6.1111,5.6667,6.4444,5.0,6.5556,2.2222,4.5556,3.8889,2.7778,5.3333,5.6667
1797,1798,stimulus_1798,/pscratch/sd/s/sjmoon/EmoFM/videos/CowenEmotionVideos/1798.mp4,True,0.0,0.090909,0.090909,0.18182,0.0,0.0,0.090909,0.0,0.18182,0.090909,0.090909,0.0,0.0,0.0,0.0,0.0,0.0,0.0,0.0,0.0,0.0,0.0,0.090909,0.0,0.0,0.0,0.0,0.0,0.0,0.27273,0.0,0.27273,0.0,0.090909,6.1111,4.7778,6.4444,5.4444,7.2222,4.4444,4.4444,7.0,2.2222,5.8889,4.2222,3.1111,5.6667,6.7778
1798,1799,stimulus_1799,/pscratch/sd/s/sjmoon/EmoFM/videos/CowenEmotionVideos/1799.mp4,True,0.0,0.0,0.0,0.18182,0.0,0.090909,0.18182,0.0,0.18182,0.090909,0.18182,0.0,0.0,0.0,0.0,0.0,0.0,0.0,0.27273,0.18182,0.0,0.0,0.090909,0.0,0.0,0.0,0.0,0.0,0.0,0.090909,0.0,0.090909,0.0,0.0,7.0,4.2222,5.2222,5.5556,5.4444,4.5556,4.2222,4.0,2.3333,4.7778,5.1111,2.3333,3.8889,5.4444
1799,1800,stimulus_1800,/pscratch/sd/s/sjmoon/EmoFM/videos/CowenEmotionVideos/1800.mp4,True,0.0,0.0,0.0,0.59091,0.0,0.090909,0.0,0.0,0.18182,0.0,0.18182,0.0,0.0,0.090909,0.0,0.0,0.0,0.0,0.045455,0.0,0.0,0.0,0.0,0.090909,0.0,0.0,0.0,0.0,0.0,0.0,0.0,0.18182,0.0,0.0,6.6667,4.6667,6.6667,5.3333,6.8889,4.7778,3.4444,4.3333,2.8889,4.6667,4.3333,2.5556,3.6667,6.5556
1800,1801,stimulus_1801,/pscratch/sd/s/sjmoon/EmoFM/videos/CowenEmotionVideos/1801.mp4,True,0.0,0.0,0.0,0.91667,0.0,0.0,0.0,0.0,0.0,0.0,0.083333,0.0,0.0,0.0,0.0,0.0,0.083333,0.0,0.0,0.0,0.0,0.0,0.083333,0.083333,0.0,0.0,0.0,0.0,0.0,0.0,0.0,0.33333,0.083333,0.0,6.3333,5.4444,6.0,4.4444,6.7778,5.4444,6.3333,4.4444,1.7778,6.3333,5.4444,1.6667,4.2222,6.0
1801,1802,stimulus_1802,/pscratch/sd/s/sjmoon/EmoFM/videos/CowenEmotionVideos/1802.mp4,True,0.0,0.083333,0.0,0.58333,0.0,0.0,0.16667,0.0,0.083333,0.0,0.083333,0.0,0.0,0.083333,0.0,0.0,0.0,0.0,0.0,0.0,0.0,0.0,0.16667,0.0,0.0,0.0,0.0,0.0,0.0,0.0,0.0,0.0,0.083333,0.0,5.6667,4.3333,6.1111,5.6667,6.8889,4.6667,6.0,4.1111,2.2222,4.7778,4.2222,3.5556,5.6667,5.4444
1802,1803,stimulus_1803,/pscratch/sd/s/sjmoon/EmoFM/videos/CowenEmotionVideos/1803.mp4,True,0.0,0.41667,0.0,0.33333,0.0,0.0,0.25,0.0,0.0,0.41667,0.0,0.0,0.0,0.0,0.0,0.083333,0.16667,0.0,0.0,0.0,0.0,0.0,0.0,0.083333,0.0,0.0,0.0,0.0,0.0,0.16667,0.0,0.0,0.0,0.0,6.0,4.2222,7.8889,6.8889,6.6667,6.8889,7.0,7.1111,2.1111,7.1111,6.6667,2.0,8.0,6.8889
1803,1804,stimulus_1804,/pscratch/sd/s/sjmoon/EmoFM/videos/CowenEmotionVideos/1804.mp4,True,0.0,0.0,0.0,0.75,0.0,0.083333,0.25,0.0,0.083333,0.0,0.0,0.0,0.0,0.16667,0.0,0.0,0.0,0.0,0.0,0.0,0.0,0.0,0.0,0.083333,0.0,0.0,0.0,0.0,0.0,0.0,0.0,0.0,0.0,0.0,5.1111,5.2222,7.4444,6.6667,6.5556,6.8889,6.3333,6.8889,2.1111,7.6667,6.4444,3.2222,7.2222,7.3333
1804,1805,stimulus_1805,/pscratch/sd/s/sjmoon/EmoFM/videos/CowenEmotionVideos/1805.mp4,True,0.0,0.0,0.083333,0.16667,0.0,0.0,0.083333,0.0,0.0,0.083333,0.0,0.0,0.0,0.0,0.0,0.0,0.16667,0.0,0.083333,0.0,0.0,0.0,0.083333,0.16667,0.75,0.0,0.0,0.0,0.0,0.0,0.0,0.0,0.0,0.0,6.4444,5.6667,6.8889,6.3333,6.2222,6.3333,6.4444,5.8889,2.3333,6.7778,4.8889,3.1111,5.6667,6.6667
1805,1806,stimulus_1806,/pscratch/sd/s/sjmoon/EmoFM/videos/CowenEmotionVideos/1806.mp4,True,0.0,0.083333,0.0,0.58333,0.0,0.0,0.16667,0.0,0.0,0.16667,0.0,0.0,0.0,0.0,0.0,0.0,0.0,0.0,0.0,0.0,0.0,0.0,0.083333,0.25,0.0,0.0,0.0,0.0,0.0,0.16667,0.0,0.0,0.0,0.0,5.1111,5.0,7.5556,7.5556,6.5556,6.8889,6.1111,7.4444,2.2222,7.1111,5.5556,1.6667,6.8889,7.3333
1806,1807,stimulus_1807,/pscratch/sd/s/sjmoon/EmoFM/videos/CowenEmotionVideos/1807.mp4,True,0.0,0.0,0.0,0.0,0.0,0.0,0.0,0.0,0.0,0.0,0.0,0.0,0.0,0.0,0.0,0.0,0.0,0.0,0.0,0.0,0.0,0.0,0.16667,0.0,0.0,0.0,0.0,0.75,0.0,0.083333,0.58333,0.0,0.0,0.0,7.3333,6.1111,7.5556,8.1111,7.6667,7.3333,7.3333,7.4444,2.0,6.8889,7.0,1.7778,6.2222,7.1111
1807,1808,stimulus_1808,/pscratch/sd/s/sjmoon/EmoFM/videos/CowenEmotionVideos/1808.mp4,True,0.0,0.33333,0.0,0.41667,0.0,0.0,0.25,0.083333,0.083333,0.0,0.0,0.0,0.0,0.0,0.0,0.0,0.0,0.0,0.0,0.0,0.0,0.0,0.0,0.16667,0.0,0.0,0.0,0.0,0.083333,0.0,0.0,0.083333,0.0,0.0,4.8889,5.3333,7.1111,6.7778,6.0,6.3333,6.6667,7.4444,2.2222,7.5556,6.5556,2.6667,7.3333,7.6667
1808,1809,stimulus_1809,/pscratch/sd/s/sjmoon/EmoFM/videos/CowenEmotionVideos/1809.mp4,True,0.0,0.0,0.16667,0.25,0.0,0.5,0.16667,0.0,0.0,0.0,0.16667,0.0,0.0,0.0,0.0,0.0,0.0,0.0,0.16667,0.33333,0.0,0.0,0.083333,0.0,0.0,0.0,0.0,0.0,0.0,0.083333,0.0,0.083333,0.0,0.0,7.0,5.1111,5.0,3.6667,6.7778,5.2222,6.0,3.8889,3.3333,7.1111,5.6667,2.0,3.5556,6.0
1809,1810,stimulus_1810,/pscratch/sd/s/sjmoon/EmoFM/videos/CowenEmotionVideos/1810.mp4,True,0.0,0.41667,0.0,0.16667,0.0,0.0,0.33333,0.0,0.083333,0.0,0.0,0.0,0.0,0.0,0.0,0.0,0.0,0.0,0.0,0.0,0.0,0.0,0.0,0.33333,0.0,0.0,0.0,0.0,0.0,0.16667,0.0,0.083333,0.0,0.0,5.1111,4.4444,7.8889,7.4444,6.1111,7.3333,7.4444,6.2222,2.0,7.3333,7.1111,1.8889,7.2222,7.1111
1810,1811,stimulus_1811,/pscratch/sd/s/sjmoon/EmoFM/videos/CowenEmotionVideos/1811.mp4,True,0.0,0.0,0.0,0.41667,0.0,0.083333,0.0,0.083333,0.0,0.0,0.41667,0.0,0.0,0.0,0.0,0.0,0.0,0.0,0.0,0.0,0.0,0.0,0.16667,0.0,0.0,0.0,0.0,0.0,0.083333,0.0,0.0,0.33333,0.083333,0.0,5.8889,5.5556,5.2222,3.3333,6.1111,5.6667,5.6667,4.5556,2.1111,5.4444,5.1111,2.4444,5.1111,6.2222
1811,1812,stimulus_1812,/pscratch/sd/s/sjmoon/EmoFM/videos/CowenEmotionVideos/1812.mp4,True,0.0,0.0,0.0,0.58333,0.0,0.0,0.0,0.0,0.083333,0.0,0.0,0.0,0.0,0.0,0.083333,0.0,0.0,0.0,0.0,0.0,0.0,0.0,0.083333,0.0,0.25,0.0,0.0,0.0,0.0,0.16667,0.0,0.25,0.0,0.16667,6.0,5.5556,6.3333,5.5556,6.7778,6.1111,6.3333,7.4444,2.1111,6.2222,7.1111,1.8889,6.7778,6.4444
1812,1813,stimulus_1813,/pscratch/sd/s/sjmoon/EmoFM/videos/CowenEmotionVideos/1813.mp4,True,0.0,0.0,0.0,0.083333,0.0,0.083333,0.0,0.083333,0.0,0.0,0.083333,0.0,0.0,0.0,0.91667,0.0,0.0,0.0,0.0,0.0,0.0,0.25,0.0,0.0,0.083333,0.0,0.0,0.0,0.0,0.0,0.0,0.0,0.0,0.0,5.4444,3.1111,1.2222,1.3333,4.2222,2.7778,2.1111,1.4444,7.0,3.3333,2.5556,5.2222,2.3333,1.1111
1813,1814,stimulus_1814,/pscratch/sd/s/sjmoon/EmoFM/videos/CowenEmotionVideos/1814.mp4,True,0.0,0.0,0.16667,0.0,0.0,0.0,0.0,0.0,0.083333,0.083333,0.0,0.0,0.83333,0.0,0.0,0.0,0.0,0.0,0.0,0.0,0.0,0.0,0.25,0.0,0.0,0.0,0.0,0.0,0.0,0.0,0.0,0.0,0.0,0.0,5.3333,5.3333,7.6667,8.0,6.1111,6.2222,4.5556,7.3333,1.8889,6.1111,4.4444,3.8889,6.7778,5.5556
1814,1815,stimulus_1815,/pscratch/sd/s/sjmoon/EmoFM/videos/CowenEmotionVideos/1815.mp4,True,0.0,0.0,0.0,0.0,0.0,0.0,0.0,0.0,0.16667,0.0,0.0,0.0,0.0,0.0,0.0,0.0,0.0,0.0,0.0,0.0,0.0,0.0,0.0,0.083333,0.0,0.0,0.0,0.66667,0.0,0.083333,0.25,0.0,0.0,0.0,4.7778,4.3333,6.8889,5.7778,5.0,6.0,6.0,7.7778,2.1111,6.5556,5.3333,2.6667,7.2222,4.8889
1815,1816,stimulus_1816,/pscratch/sd/s/sjmoon/EmoFM/videos/CowenEmotionVideos/1816.mp4,True,0.0,0.0,0.0,0.41667,0.0,0.083333,0.0,0.0,0.0,0.0,0.0,0.0,0.0,0.0,0.0,0.16667,0.0,0.0,0.0,0.083333,0.0,0.41667,0.0,0.0,0.0,0.0,0.0,0.0,0.083333,0.0,0.0,0.33333,0.16667,0.0,5.6667,4.1111,3.4444,3.0,6.2222,4.3333,6.1111,2.2222,3.6667,3.0,5.2222,4.6667,2.4444,2.6667
1816,1817,stimulus_1817,/pscratch/sd/s/sjmoon/EmoFM/videos/CowenEmotionVideos/1817.mp4,True,0.16667,0.0,0.0,0.33333,0.0,0.0,0.0,0.0,0.083333,0.0,0.0,0.0,0.0,0.0,0.0,0.0,0.0,0.0,0.0,0.0,0.0,0.0,0.0,0.0,0.66667,0.0,0.0,0.0,0.0,0.0,0.0,0.0,0.0,0.0,4.8889,5.4444,6.2222,6.5556,5.2222,6.2222,6.1111,7.5556,2.1111,6.7778,6.3333,2.6667,6.4444,5.8889
1817,1818,stimulus_1818,/pscratch/sd/s/sjmoon/EmoFM/videos/CowenEmotionVideos/1818.mp4,True,0.0,0.25,0.0,0.66667,0.0,0.0,0.16667,0.0,0.0,0.0,0.0,0.0,0.0,0.0,0.0,0.083333,0.0,0.0,0.0,0.0,0.0,0.0,0.083333,0.0,0.0,0.0,0.0,0.0,0.083333,0.0,0.0,0.083333,0.25,0.0,5.7778,4.2222,6.2222,5.2222,6.3333,5.6667,5.3333,5.2222,1.8889,4.8889,4.4444,4.7778,5.6667,6.3333
1818,1819,stimulus_1819,/pscratch/sd/s/sjmoon/EmoFM/videos/CowenEmotionVideos/1819.mp4,True,0.0,0.0,0.0,0.0,0.0,0.25,0.083333,0.0,0.0,0.0,0.0,0.083333,0.0,0.0,0.083333,0.083333,0.0,0.0,0.0,0.25,0.0,0.5,0.0,0.0,0.0,0.083333,0.0,0.083333,0.25,0.0,0.0,0.5,0.16667,0.0,6.5556,3.3333,1.8889,1.5556,5.7778,4.0,5.4444,1.3333,3.7778,3.1111,4.2222,4.1111,2.2222,2.0
1819,1820,stimulus_1820,/pscratch/sd/s/sjmoon/EmoFM/videos/CowenEmotionVideos/1820.mp4,True,0.083333,0.25,0.083333,0.25,0.0,0.0,0.41667,0.0,0.0,0.083333,0.0,0.0,0.0,0.0,0.0,0.0,0.0,0.0,0.0,0.0,0.0,0.0,0.0,0.33333,0.0,0.0,0.0,0.0,0.0,0.083333,0.0,0.0,0.0,0.0,4.8889,4.4444,7.4444,4.7778,6.4444,5.8889,5.5556,7.3333,1.8889,6.1111,3.8889,4.1111,6.8889,6.5556
1820,1821,stimulus_1821,/pscratch/sd/s/sjmoon/EmoFM/videos/CowenEmotionVideos/1821.mp4,True,0.0,0.0,0.0,0.5,0.0,0.083333,0.0,0.083333,0.0,0.0,0.33333,0.0,0.0,0.0,0.0,0.0,0.0,0.0,0.0,0.0,0.0,0.083333,0.16667,0.0,0.0,0.0,0.0,0.0,0.083333,0.0,0.0,0.33333,0.0,0.0,6.0,3.7778,5.0,2.3333,5.4444,4.1111,4.4444,3.0,2.3333,4.0,4.0,3.3333,3.5556,5.2222
1821,1822,stimulus_1822,/pscratch/sd/s/sjmoon/EmoFM/videos/CowenEmotionVideos/1822.mp4,True,0.0,0.0,0.083333,0.0,0.0,0.25,0.0,0.0,0.0,0.0,0.41667,0.0,0.0,0.0,0.0,0.0,0.0,0.0,0.0,0.33333,0.0,0.33333,0.0,0.0,0.0,0.0,0.0,0.0,0.083333,0.0,0.0,0.0,0.0,0.0,4.2222,3.1111,2.7778,2.4444,4.5556,3.1111,4.6667,3.4444,3.5556,3.1111,3.5556,4.7778,3.2222,3.8889
1822,1823,stimulus_1823,/pscratch/sd/s/sjmoon/EmoFM/videos/CowenEmotionVideos/1823.mp4,True,0.0,0.0,0.33333,0.0,0.0,0.0,0.16667,0.0,0.0,0.083333,0.33333,0.0,0.0,0.0,0.0,0.0,0.25,0.0,0.0,0.0,0.0,0.0,0.16667,0.0,0.0,0.0,0.0,0.0,0.0,0.083333,0.0,0.0,0.0,0.0,5.2222,3.6667,4.5556,4.1111,4.6667,4.1111,4.8889,5.0,3.3333,5.0,4.0,5.0,5.1111,6.2222
1823,1824,stimulus_1824,/pscratch/sd/s/sjmoon/EmoFM/videos/CowenEmotionVideos/1824.mp4,True,0.0,0.0,0.0,0.33333,0.0,0.0,0.0,0.0,0.0,0.0,0.083333,0.0,0.0,0.0,0.0,0.0,0.0,0.0,0.25,0.0,0.0,0.0,0.083333,0.25,0.083333,0.0,0.0,0.0,0.0,0.0,0.0,0.0,0.0,0.083333,5.5556,4.8889,6.6667,5.5556,4.4444,4.5556,4.6667,4.7778,3.2222,5.3333,5.7778,3.5556,6.3333,5.4444
1824,1825,stimulus_1825,/pscratch/sd/s/sjmoon/EmoFM/videos/CowenEmotionVideos/1825.mp4,True,0.0,0.41667,0.0,0.083333,0.0,0.0,0.25,0.0,0.0,0.25,0.0,0.0,0.0,0.0,0.0,0.0,0.16667,0.0,0.0,0.0,0.0,0.0,0.083333,0.25,0.0,0.0,0.0,0.0,0.0,0.083333,0.0,0.0,0.0,0.0,3.6667,4.4444,7.6667,7.0,6.2222,6.6667,6.6667,7.1111,2.3333,6.7778,5.4444,2.6667,7.4444,6.5556
1825,1826,stimulus_1826,/pscratch/sd/s/sjmoon/EmoFM/videos/CowenEmotionVideos/1826.mp4,True,0.0,0.0,0.25,0.0,0.0,0.0,0.0,0.0,0.0,0.083333,0.083333,0.0,0.75,0.0,0.0,0.0,0.083333,0.0,0.083333,0.0,0.0,0.0,0.25,0.0,0.0,0.0,0.0,0.0,0.0,0.0,0.0,0.083333,0.0,0.0,7.6667,6.1111,7.8889,8.0,6.5556,7.2222,4.7778,7.1111,2.8889,6.3333,5.2222,2.4444,6.8889,7.1111
1826,1827,stimulus_1827,/pscratch/sd/s/sjmoon/EmoFM/videos/CowenEmotionVideos/1827.mp4,True,0.0,0.0,0.16667,0.083333,0.0,0.33333,0.25,0.0,0.16667,0.0,0.083333,0.0,0.0,0.0,0.0,0.0,0.083333,0.0,0.083333,0.16667,0.0,0.0,0.33333,0.0,0.0,0.0,0.0,0.0,0.0,0.0,0.0,0.0,0.0,0.0,7.0,5.0,5.2222,3.4444,7.0,4.5556,4.5556,4.5556,3.0,5.3333,3.2222,4.2222,4.1111,5.3333
1827,1828,stimulus_1828,/pscratch/sd/s/sjmoon/EmoFM/videos/CowenEmotionVideos/1828.mp4,True,0.0,0.0,0.0,0.0,0.0,0.41667,0.0,0.0,0.0,0.0,0.083333,0.0,0.0,0.0,0.25,0.083333,0.0,0.0,0.0,0.33333,0.0,0.25,0.16667,0.0,0.0,0.0,0.0,0.0,0.0,0.0,0.0,0.083333,0.0,0.0,5.5556,4.1111,2.0,2.1111,6.2222,4.6667,3.0,2.6667,3.7778,3.0,4.0,5.0,3.0,2.7778
1828,1829,stimulus_1829,/pscratch/sd/s/sjmoon/EmoFM/videos/CowenEmotionVideos/1829.mp4,True,0.0,0.0,0.083333,0.0,0.0,0.0,0.0,0.0,0.0,0.083333,0.0,0.0,0.0,0.0,0.0,0.0,0.0,0.0,0.0,0.0,0.0,0.0,0.16667,0.083333,0.0,0.0,0.0,0.5,0.0,0.0,0.66667,0.0,0.0,0.0,5.8889,4.8889,6.0,5.3333,6.0,6.2222,5.0,5.8889,2.5556,6.0,4.8889,3.3333,6.0,5.3333
1829,1830,stimulus_1830,/pscratch/sd/s/sjmoon/EmoFM/videos/CowenEmotionVideos/1830.mp4,True,0.0,0.0,0.0,0.0,0.083333,0.25,0.0,0.0,0.0,0.0,0.0,0.0,0.0,0.0,0.25,0.083333,0.0,0.0,0.0,0.33333,0.0,0.83333,0.0,0.0,0.0,0.0,0.0,0.0,0.083333,0.0,0.0,0.25,0.16667,0.0,6.4444,4.4444,2.0,1.5556,6.5556,4.8889,5.1111,1.5556,6.2222,1.4444,4.7778,4.8889,1.8889,1.8889
1830,1831,stimulus_1831,/pscratch/sd/s/sjmoon/EmoFM/videos/CowenEmotionVideos/1831.mp4,True,0.0,0.0,0.0,0.23077,0.0,0.0,0.0,0.076923,0.076923,0.076923,0.15385,0.076923,0.0,0.0,0.0,0.0,0.0,0.0,0.0,0.076923,0.0,0.076923,0.076923,0.0,0.0,0.0,0.0,0.0,0.30769,0.0,0.0,0.0,0.076923,0.0,5.1111,4.8889,4.0,3.4444,5.6667,4.2222,4.3333,4.8889,3.4444,3.6667,3.1111,3.8889,5.1111,5.1111
1831,1832,stimulus_1832,/pscratch/sd/s/sjmoon/EmoFM/videos/CowenEmotionVideos/1832.mp4,True,0.0,0.0,0.0,0.076923,0.076923,0.15385,0.038462,0.15385,0.0,0.0,0.15385,0.0,0.0,0.076923,0.076923,0.076923,0.0,0.0,0.0,0.61538,0.0,0.038462,0.0,0.0,0.0,0.0,0.0,0.0,0.11538,0.0,0.0,0.0,0.11538,0.0,6.5556,4.5556,2.6667,1.7778,7.0,4.7778,4.1111,2.4444,4.3333,1.4444,3.0,4.0,2.5556,4.0
1832,1833,stimulus_1833,/pscratch/sd/s/sjmoon/EmoFM/videos/CowenEmotionVideos/1833.mp4,True,0.0,0.0,0.076923,0.076923,0.0,0.0,0.0,0.0,0.23077,0.076923,0.0,0.0,0.0,0.0,0.0,0.0,0.38462,0.0,0.0,0.0,0.0,0.0,0.30769,0.0,0.0,0.0,0.0,0.0,0.0,0.0,0.0,0.0,0.0,0.0,7.3333,5.5556,7.1111,6.3333,6.4444,5.8889,4.5556,5.8889,4.2222,6.1111,4.6667,3.3333,6.3333,5.8889
1833,1834,stimulus_1834,/pscratch/sd/s/sjmoon/EmoFM/videos/CowenEmotionVideos/1834.mp4,True,0.0,0.076923,0.076923,0.076923,0.0,0.0,0.11538,0.0,0.0,0.076923,0.0,0.0,0.0,0.0,0.0,0.0,0.23077,0.0,0.076923,0.0,0.0,0.0,0.38462,0.0,0.0,0.0,0.0,0.076923,0.0,0.0,0.0,0.0,0.0,0.0,6.7778,5.4444,7.1111,6.2222,6.7778,5.4444,5.1111,6.4444,3.3333,7.0,4.7778,3.8889,5.6667,6.3333
1834,1835,stimulus_1835,/pscratch/sd/s/sjmoon/EmoFM/videos/CowenEmotionVideos/1835.mp4,True,0.0,0.0,0.38462,0.0,0.0,0.0,0.0,0.0,0.15385,0.53846,0.0,0.076923,0.0,0.0,0.0,0.0,0.076923,0.0,0.0,0.0,0.0,0.0,0.076923,0.0,0.0,0.0,0.0,0.0,0.0,0.0,0.0,0.0,0.0,0.0,5.0,5.1111,6.2222,4.6667,5.6667,5.6667,4.4444,6.4444,2.4444,5.5556,4.6667,2.8889,5.7778,5.6667
1835,1836,stimulus_1836,/pscratch/sd/s/sjmoon/EmoFM/videos/CowenEmotionVideos/1836.mp4,True,0.0,0.076923,0.30769,0.0,0.0,0.0,0.38462,0.0,0.0,0.38462,0.0,0.0,0.0,0.0,0.0,0.0,0.15385,0.0,0.0,0.0,0.0,0.0,0.23077,0.076923,0.0,0.0,0.0,0.0,0.0,0.0,0.0,0.0,0.0,0.0,6.6667,4.4444,7.7778,7.0,7.5556,7.2222,6.2222,7.3333,3.0,7.1111,5.0,3.2222,6.4444,6.2222
1836,1837,stimulus_1837,/pscratch/sd/s/sjmoon/EmoFM/videos/CowenEmotionVideos/1837.mp4,True,0.0,0.0,0.0,0.076923,0.0,0.15385,0.11538,0.0,0.0,0.0,0.0,0.0,0.0,0.076923,0.0,0.076923,0.0,0.0,0.0,0.23077,0.076923,0.076923,0.23077,0.0,0.0,0.0,0.0,0.0,0.0,0.0,0.0,0.15385,0.0,0.0,6.2222,5.4444,3.3333,3.2222,7.4444,4.3333,4.6667,3.5556,4.1111,3.1111,5.0,5.2222,3.2222,3.1111
1837,1838,stimulus_1838,/pscratch/sd/s/sjmoon/EmoFM/videos/CowenEmotionVideos/1838.mp4,True,0.0,0.0,0.038462,0.19231,0.0,0.15385,0.076923,0.0,0.076923,0.0,0.0,0.0,0.0,0.0,0.0,0.0,0.0,0.0,0.30769,0.30769,0.0,0.0,0.19231,0.076923,0.0,0.0,0.0,0.0,0.0,0.0,0.0,0.15385,0.0,0.0,6.4444,5.4444,4.8889,3.7778,5.4444,4.5556,3.8889,4.2222,3.7778,5.8889,4.1111,3.3333,2.0,6.6667
1838,1839,stimulus_1839,/pscratch/sd/s/sjmoon/EmoFM/videos/CowenEmotionVideos/1839.mp4,True,0.076923,0.26923,0.0,0.61538,0.0,0.0,0.23077,0.0,0.0,0.0,0.0,0.0,0.0,0.0,0.0,0.0,0.0,0.0,0.23077,0.0,0.0,0.0,0.076923,0.42308,0.0,0.0,0.0,0.0,0.0,0.0,0.0,0.076923,0.0,0.0,7.2222,5.1111,7.3333,7.2222,5.5556,5.3333,6.3333,6.6667,2.7778,6.4444,6.0,4.0,7.0,7.2222
1839,1840,stimulus_1840,/pscratch/sd/s/sjmoon/EmoFM/videos/CowenEmotionVideos/1840.mp4,True,0.0,0.0,0.076923,0.15385,0.0,0.0,0.0,0.0,0.30769,0.0,0.0,0.0,0.0,0.0,0.0,0.0,0.0,0.0,0.0,0.0,0.0,0.0,0.076923,0.076923,0.46154,0.076923,0.0,0.0,0.0,0.0,0.0,0.0,0.0,0.0,5.4444,4.2222,6.4444,6.2222,4.2222,4.3333,4.4444,6.2222,3.1111,4.7778,4.7778,4.2222,5.7778,6.0
1840,1841,stimulus_1841,/pscratch/sd/s/sjmoon/EmoFM/videos/CowenEmotionVideos/1841.mp4,True,0.076923,0.0,0.076923,0.0,0.0,0.0,0.0,0.0,0.076923,0.076923,0.0,0.0,0.0,0.0,0.0,0.0,0.0,0.0,0.0,0.0,0.0,0.0,0.15385,0.0,0.69231,0.076923,0.0,0.0,0.0,0.0,0.0,0.0,0.0,0.0,4.6667,4.6667,6.6667,6.3333,5.2222,6.2222,5.0,5.7778,2.1111,5.8889,5.4444,4.7778,6.2222,5.8889
1841,1842,stimulus_1842,/pscratch/sd/s/sjmoon/EmoFM/videos/CowenEmotionVideos/1842.mp4,True,0.0,0.076923,0.0,0.53846,0.0,0.0,0.076923,0.076923,0.0,0.0,0.076923,0.0,0.0,0.0,0.0,0.0,0.0,0.0,0.0,0.0,0.0,0.0,0.076923,0.076923,0.0,0.0,0.0,0.0,0.0,0.076923,0.0,0.23077,0.0,0.0,6.2222,5.3333,6.7778,6.2222,5.6667,5.4444,5.5556,6.0,2.4444,6.1111,5.7778,5.1111,5.7778,7.0
1842,1843,stimulus_1843,/pscratch/sd/s/sjmoon/EmoFM/videos/CowenEmotionVideos/1843.mp4,True,0.0,0.0,0.0,0.0,0.076923,0.38462,0.0,0.0,0.0,0.0,0.15385,0.076923,0.0,0.0,0.0,0.076923,0.0,0.0,0.0,0.61538,0.0,0.11538,0.076923,0.0,0.0,0.0,0.0,0.0,0.19231,0.0,0.0,0.11538,0.0,0.0,6.2222,5.0,2.5556,3.0,5.7778,3.2222,5.2222,3.2222,4.5556,3.3333,5.3333,5.8889,2.2222,2.6667
1843,1844,stimulus_1844,/pscratch/sd/s/sjmoon/EmoFM/videos/CowenEmotionVideos/1844.mp4,True,0.0,0.0,0.0,0.0,0.38462,0.0,0.0,0.0,0.076923,0.0,0.15385,0.076923,0.0,0.15385,0.42308,0.0,0.0,0.0,0.0,0.076923,0.0,0.038462,0.0,0.0,0.0,0.0,0.0,0.0,0.15385,0.0,0.0,0.0,0.0,0.0,5.2222,5.8889,2.6667,4.2222,5.0,4.7778,5.8889,3.5556,5.0,4.2222,3.7778,4.8889,4.2222,5.0
1844,1845,stimulus_1845,/pscratch/sd/s/sjmoon/EmoFM/videos/CowenEmotionVideos/1845.mp4,True,0.11538,0.076923,0.0,0.23077,0.0,0.34615,0.076923,0.0,0.0,0.0,0.0,0.0,0.0,0.0,0.0,0.0,0.0,0.0,0.0,0.23077,0.0,0.038462,0.15385,0.15385,0.0,0.0,0.15385,0.0,0.0,0.0,0.0,0.34615,0.0,0.0,5.4444,4.4444,3.5556,4.5556,5.4444,5.0,5.8889,4.4444,4.3333,5.2222,4.1111,4.3333,2.2222,5.5556
1845,1846,stimulus_1846,/pscratch/sd/s/sjmoon/EmoFM/videos/CowenEmotionVideos/1846.mp4,True,0.15385,0.0,0.15385,0.15385,0.0,0.0,0.0,0.0,0.30769,0.076923,0.0,0.0,0.0,0.0,0.0,0.0,0.23077,0.0,0.076923,0.0,0.0,0.0,0.30769,0.0,0.0,0.0,0.0,0.0,0.0,0.0,0.0,0.076923,0.0,0.0,5.0,4.5556,6.0,5.8889,5.4444,4.4444,5.0,6.3333,4.2222,6.2222,5.1111,4.7778,5.6667,6.4444
1846,1847,stimulus_1847,/pscratch/sd/s/sjmoon/EmoFM/videos/CowenEmotionVideos/1847.mp4,True,0.076923,0.0,0.0,0.0,0.0,0.26923,0.076923,0.0,0.0,0.0,0.0,0.0,0.0,0.0,0.0,0.0,0.0,0.0,0.30769,0.53846,0.0,0.038462,0.076923,0.0,0.0,0.0,0.0,0.0,0.0,0.0,0.0,0.076923,0.0,0.0,5.6667,4.4444,4.4444,2.8889,5.3333,3.5556,3.8889,3.2222,4.5556,4.6667,2.8889,3.7778,1.8889,6.1111
1847,1848,stimulus_1848,/pscratch/sd/s/sjmoon/EmoFM/videos/CowenEmotionVideos/1848.mp4,True,0.0,0.0,0.076923,0.076923,0.0,0.0,0.076923,0.0,0.076923,0.076923,0.0,0.0,0.0,0.0,0.0,0.0,0.53846,0.0,0.076923,0.0,0.0,0.0,0.38462,0.0,0.0,0.0,0.0,0.0,0.0,0.0,0.0,0.0,0.0,0.0,5.1111,4.4444,6.6667,6.7778,5.2222,5.5556,4.5556,6.3333,3.3333,6.0,5.2222,4.5556,6.2222,6.5556
1848,1849,stimulus_1849,/pscratch/sd/s/sjmoon/EmoFM/videos/CowenEmotionVideos/1849.mp4,True,0.0,0.0,0.0,0.0,0.0,0.0,0.0,0.0,0.0,0.0,0.076923,0.0,0.0,0.0,0.15385,0.0,0.076923,0.0,0.076923,0.0,0.0,0.0,0.0,0.076923,0.0,0.0,0.0,0.0,0.0,0.0,0.61538,0.15385,0.0,0.0,6.6667,6.2222,5.8889,5.6667,5.6667,5.6667,4.7778,6.7778,4.0,5.1111,5.0,3.5556,5.4444,5.8889
1849,1850,stimulus_1850,/pscratch/sd/s/sjmoon/EmoFM/videos/CowenEmotionVideos/1850.mp4,True,0.15385,0.19231,0.0,0.46154,0.0,0.0,0.30769,0.0,0.0,0.076923,0.0,0.0,0.0,0.0,0.0,0.0,0.0,0.15385,0.0,0.0,0.0,0.0,0.076923,0.15385,0.0,0.0,0.0,0.0,0.0,0.0,0.0,0.0,0.0,0.0,4.3333,5.0,7.0,6.8889,5.8889,5.3333,6.4444,7.1111,2.6667,7.1111,6.6667,2.8889,6.8889,6.1111
1850,1851,stimulus_1851,/pscratch/sd/s/sjmoon/EmoFM/videos/CowenEmotionVideos/1851.mp4,True,0.15385,0.15385,0.0,0.46154,0.0,0.0,0.30769,0.0,0.0,0.076923,0.0,0.0,0.0,0.0,0.0,0.0,0.0,0.0,0.076923,0.0,0.0,0.0,0.076923,0.38462,0.0,0.0,0.0,0.0,0.0,0.0,0.0,0.0,0.0,0.0,5.3333,4.4444,7.3333,4.1111,5.7778,5.1111,6.6667,5.3333,2.8889,5.1111,4.3333,3.1111,4.8889,6.1111
1851,1852,stimulus_1852,/pscratch/sd/s/sjmoon/EmoFM/videos/CowenEmotionVideos/1852.mp4,True,0.0,0.0,0.0,0.0,0.0,0.0,0.076923,0.0,0.0,0.0,0.0,0.0,0.76923,0.0,0.0,0.0,0.076923,0.076923,0.15385,0.0,0.0,0.0,0.0,0.0,0.0,0.0,0.0,0.0,0.0,0.076923,0.0,0.0,0.0,0.0,6.5556,5.6667,8.3333,8.2222,5.8889,6.5556,5.3333,8.3333,1.8889,6.0,6.0,1.7778,6.8889,6.5556
1852,1853,stimulus_1853,/pscratch/sd/s/sjmoon/EmoFM/videos/CowenEmotionVideos/1853.mp4,True,0.0,0.0,0.0,0.0,0.0,0.0,0.0,0.23077,0.0,0.0,0.0,0.0,0.0,0.0,0.30769,0.0,0.0,0.0,0.076923,0.0,0.0,0.0,0.0,0.0,0.0,0.0,0.0,0.0,0.0,0.0,0.46154,0.076923,0.0,0.0,5.3333,4.2222,2.8889,2.3333,4.1111,3.0,2.8889,5.0,6.3333,5.4444,3.8889,5.4444,3.8889,3.2222
1853,1854,stimulus_1854,/pscratch/sd/s/sjmoon/EmoFM/videos/CowenEmotionVideos/1854.mp4,True,0.0,0.0,0.0,0.0,0.0,0.0,0.0,0.0,0.076923,0.076923,0.0,0.0,0.53846,0.0,0.0,0.0,0.23077,0.0,0.0,0.0,0.0,0.0,0.15385,0.0,0.0,0.0,0.0,0.0,0.0,0.076923,0.0,0.0,0.0,0.0,5.6667,5.7778,7.4444,7.7778,6.5556,6.2222,4.6667,8.1111,2.1111,7.0,5.7778,1.5556,7.6667,6.5556
1854,1855,stimulus_1855,/pscratch/sd/s/sjmoon/EmoFM/videos/CowenEmotionVideos/1855.mp4,True,0.076923,0.38462,0.0,0.15385,0.0,0.0,0.23077,0.0,0.0,0.0,0.0,0.0,0.0,0.0,0.0,0.0,0.0,0.0,0.0,0.0,0.0,0.0,0.076923,0.46154,0.0,0.0,0.0,0.0,0.0,0.076923,0.0,0.0,0.0,0.0,5.5556,4.7778,8.6667,8.2222,6.5556,7.6667,8.2222,8.8889,1.5556,7.6667,7.8889,1.0,8.3333,7.3333
1855,1856,stimulus_1856,/pscratch/sd/s/sjmoon/EmoFM/videos/CowenEmotionVideos/1856.mp4,True,0.0,0.076923,0.0,0.61538,0.0,0.0,0.23077,0.0,0.0,0.0,0.0,0.0,0.0,0.0,0.0,0.0,0.0,0.0,0.0,0.0,0.0,0.0,0.076923,0.23077,0.0,0.0,0.0,0.0,0.15385,0.0,0.0,0.0,0.0,0.0,5.2222,5.5556,5.6667,5.0,6.2222,4.8889,6.3333,3.8889,4.8889,3.6667,4.6667,3.2222,5.4444,3.2222
1856,1857,stimulus_1857,/pscratch/sd/s/sjmoon/EmoFM/videos/CowenEmotionVideos/1857.mp4,True,0.0,0.0,0.076923,0.076923,0.0,0.0,0.076923,0.0,0.0,0.076923,0.15385,0.076923,0.0,0.0,0.0,0.0,0.38462,0.0,0.0,0.0,0.0,0.0,0.23077,0.0,0.0,0.0,0.0,0.0,0.0,0.0,0.0,0.076923,0.0,0.0,6.7778,5.2222,5.4444,4.8889,6.2222,4.1111,4.0,4.5556,3.1111,5.5556,4.3333,4.5556,5.1111,5.7778
1857,1858,stimulus_1858,/pscratch/sd/s/sjmoon/EmoFM/videos/CowenEmotionVideos/1858.mp4,True,0.23077,0.0,0.0,0.0,0.0,0.19231,0.15385,0.0,0.0,0.0,0.0,0.0,0.0,0.0,0.038462,0.15385,0.0,0.0,0.0,0.46154,0.0,0.19231,0.076923,0.0,0.0,0.15385,0.30769,0.0,0.0,0.0,0.0,0.0,0.19231,0.038462,7.0,4.7778,3.4444,3.7778,7.3333,4.5556,7.2222,4.2222,4.8889,4.5556,6.5556,4.3333,3.2222,7.2222
1858,1859,stimulus_1859,/pscratch/sd/s/sjmoon/EmoFM/videos/CowenEmotionVideos/1859.mp4,True,0.0,0.0,0.0,0.42308,0.0,0.0,0.0,0.26923,0.0,0.076923,0.076923,0.0,0.0,0.0,0.0,0.0,0.0,0.0,0.0,0.0,0.0,0.0,0.076923,0.23077,0.0,0.0,0.0,0.0,0.0,0.0,0.0,0.0,0.0,0.076923,5.2222,5.3333,6.6667,5.4444,5.6667,5.5556,5.2222,5.8889,3.2222,5.8889,6.3333,3.3333,6.7778,4.6667
1859,1860,stimulus_1860,/pscratch/sd/s/sjmoon/EmoFM/videos/CowenEmotionVideos/1860.mp4,True,0.0,0.0,0.076923,0.0,0.0,0.0,0.0,0.0,0.0,0.15385,0.15385,0.0,0.076923,0.0,0.0,0.0,0.38462,0.0,0.0,0.0,0.0,0.0,0.23077,0.0,0.0,0.0,0.0,0.0,0.0,0.0,0.30769,0.0,0.0,0.0,5.6667,4.7778,6.4444,6.7778,5.6667,5.4444,5.6667,6.8889,2.6667,5.8889,4.0,4.4444,6.4444,6.3333
1860,1861,stimulus_1861,/pscratch/sd/s/sjmoon/EmoFM/videos/CowenEmotionVideos/1861.mp4,True,0.0,0.29167,0.0,0.45833,0.0,0.0,0.375,0.083333,0.0,0.083333,0.0,0.083333,0.0,0.0,0.0,0.0,0.0,0.0,0.0,0.0,0.0,0.0,0.0,0.33333,0.0,0.0,0.0,0.0,0.0,0.0,0.0,0.083333,0.0,0.0,5.5556,4.6667,6.3333,6.6667,5.1111,6.1111,7.1111,6.6667,2.2222,4.7778,4.4444,3.5556,5.0,6.2222
1861,1862,stimulus_1862,/pscratch/sd/s/sjmoon/EmoFM/videos/CowenEmotionVideos/1862.mp4,True,0.0,0.0,0.0,0.33333,0.083333,0.0,0.0,0.45833,0.16667,0.0,0.0,0.0,0.0,0.0,0.0,0.0,0.0,0.0,0.0,0.0,0.0,0.0,0.0,0.083333,0.0,0.0,0.0,0.0,0.16667,0.0,0.0,0.0,0.0,0.0,5.2222,4.7778,5.2222,5.0,4.7778,4.6667,5.8889,5.5556,2.5556,5.2222,4.6667,4.0,5.7778,5.4444
1862,1863,stimulus_1863,/pscratch/sd/s/sjmoon/EmoFM/videos/CowenEmotionVideos/1863.mp4,True,0.041667,0.29167,0.0,0.66667,0.0,0.0,0.083333,0.083333,0.0,0.0,0.0,0.0,0.0,0.0,0.0,0.0,0.0,0.0,0.0,0.0,0.0,0.0,0.083333,0.25,0.0,0.0,0.0,0.0,0.0,0.0,0.0,0.083333,0.0,0.0,6.7778,5.6667,5.5556,5.4444,5.7778,5.2222,6.8889,6.6667,3.1111,5.5556,4.0,3.7778,5.4444,6.5556
1863,1864,stimulus_1864,/pscratch/sd/s/sjmoon/EmoFM/videos/CowenEmotionVideos/1864.mp4,True,0.0,0.0,0.083333,0.0,0.0,0.083333,0.16667,0.25,0.083333,0.0,0.25,0.0,0.083333,0.0,0.25,0.0,0.0,0.0,0.0,0.0,0.0,0.0,0.0,0.0,0.0,0.0,0.0,0.0,0.0,0.0,0.0,0.16667,0.0,0.0,5.3333,4.5556,4.3333,4.5556,5.6667,6.0,5.0,6.0,3.3333,4.2222,4.6667,3.3333,6.1111,6.4444
1864,1865,stimulus_1865,/pscratch/sd/s/sjmoon/EmoFM/videos/CowenEmotionVideos/1865.mp4,True,0.0,0.0,0.0,0.41667,0.0,0.0,0.083333,0.16667,0.083333,0.0,0.25,0.0,0.0,0.0,0.0,0.0,0.0,0.0,0.0,0.0,0.0,0.0,0.041667,0.16667,0.0,0.0,0.0,0.0,0.0,0.0,0.0,0.25,0.0,0.0,6.6667,4.6667,5.0,3.6667,5.6667,4.6667,5.1111,4.7778,3.1111,5.1111,4.1111,3.5556,4.1111,6.3333
1865,1866,stimulus_1866,/pscratch/sd/s/sjmoon/EmoFM/videos/CowenEmotionVideos/1866.mp4,True,0.0,0.0,0.0,0.16667,0.0,0.083333,0.083333,0.083333,0.083333,0.0,0.083333,0.0,0.0,0.0,0.083333,0.0,0.0,0.0,0.0,0.0,0.0,0.0,0.29167,0.0,0.0,0.0,0.20833,0.0,0.0,0.0,0.0,0.083333,0.083333,0.083333,5.6667,4.2222,2.6667,2.7778,5.3333,3.1111,4.7778,4.1111,5.6667,4.7778,3.8889,4.1111,2.8889,6.5556
1866,1867,stimulus_1867,/pscratch/sd/s/sjmoon/EmoFM/videos/CowenEmotionVideos/1867.mp4,True,0.0,0.0,0.33333,0.0,0.0,0.0,0.083333,0.0,0.083333,0.083333,0.0,0.0,0.0,0.0,0.0,0.0,0.5,0.0,0.0,0.0,0.0,0.0,0.16667,0.0,0.0,0.0,0.0,0.0,0.0,0.16667,0.0,0.0,0.0,0.0,5.6667,4.4444,5.4444,5.3333,6.1111,5.1111,3.0,7.1111,2.7778,6.0,3.2222,2.7778,6.1111,4.6667
1867,1868,stimulus_1868,/pscratch/sd/s/sjmoon/EmoFM/videos/CowenEmotionVideos/1868.mp4,True,0.0,0.0,0.0,0.0,0.0,0.083333,0.0,0.0,0.16667,0.0,0.16667,0.0,0.0,0.0,0.33333,0.0,0.0,0.0,0.0,0.33333,0.0,0.75,0.0,0.0,0.0,0.0,0.0,0.0,0.0,0.0,0.0,0.25,0.0,0.0,6.4444,4.6667,1.5556,1.4444,4.8889,3.8889,4.3333,2.0,5.1111,2.2222,3.2222,5.4444,1.7778,2.3333
1868,1869,stimulus_1869,/pscratch/sd/s/sjmoon/EmoFM/videos/CowenEmotionVideos/1869.mp4,True,0.083333,0.083333,0.0,0.58333,0.0,0.0,0.33333,0.0,0.0,0.0,0.0,0.0,0.0,0.0,0.0,0.0,0.0,0.0,0.0,0.0,0.0,0.0,0.0,0.16667,0.0,0.0,0.16667,0.0,0.0,0.0,0.0,0.0,0.0,0.041667,6.0,4.7778,6.7778,6.7778,6.5556,5.6667,7.6667,6.6667,3.0,6.7778,4.1111,3.6667,6.5556,7.1111
1869,1870,stimulus_1870,/pscratch/sd/s/sjmoon/EmoFM/videos/CowenEmotionVideos/1870.mp4,True,0.0,0.0,0.083333,0.0,0.0,0.25,0.083333,0.0,0.0,0.0,0.0,0.0,0.0,0.0,0.0,0.083333,0.083333,0.0,0.16667,0.5,0.0,0.33333,0.0,0.0,0.0,0.0,0.083333,0.0,0.083333,0.0,0.0,0.25,0.083333,0.083333,6.7778,4.0,1.7778,3.4444,6.5556,4.0,6.0,2.0,5.5556,2.2222,5.1111,5.8889,1.8889,3.5556
1870,1871,stimulus_1871,/pscratch/sd/s/sjmoon/EmoFM/videos/CowenEmotionVideos/1871.mp4,True,0.0,0.0,0.0,0.33333,0.0,0.041667,0.0,0.083333,0.0,0.083333,0.16667,0.0,0.0,0.0,0.375,0.16667,0.0,0.0,0.0,0.0,0.0,0.0,0.0,0.0,0.0,0.0,0.0,0.0,0.0,0.0,0.0,0.16667,0.0,0.0,5.3333,4.4444,3.0,2.4444,5.7778,3.5556,3.7778,4.3333,3.3333,4.4444,3.0,3.6667,4.6667,3.3333
1871,1872,stimulus_1872,/pscratch/sd/s/sjmoon/EmoFM/videos/CowenEmotionVideos/1872.mp4,True,0.0,0.0,0.58333,0.0,0.0,0.0,0.375,0.0,0.0,0.0,0.0,0.0,0.0,0.0,0.0,0.0,0.16667,0.083333,0.083333,0.083333,0.0,0.0,0.16667,0.0,0.0,0.0,0.0,0.0,0.0,0.0,0.0,0.16667,0.083333,0.0,7.0,4.5556,5.7778,5.6667,6.7778,4.7778,6.1111,6.1111,3.4444,5.4444,5.7778,2.4444,3.8889,7.0
1872,1873,stimulus_1873,/pscratch/sd/s/sjmoon/EmoFM/videos/CowenEmotionVideos/1873.mp4,True,0.0,0.0,0.0,0.0,0.0,0.25,0.16667,0.0,0.0,0.0,0.0,0.0,0.0,0.0,0.0,0.25,0.0,0.0,0.0,0.25,0.0,0.041667,0.0,0.0,0.0,0.0,0.41667,0.0,0.0,0.0,0.0,0.41667,0.33333,0.0,5.5556,5.4444,3.8889,2.8889,6.2222,4.6667,5.7778,2.8889,4.4444,5.4444,5.1111,4.2222,3.2222,6.2222
1873,1874,stimulus_1874,/pscratch/sd/s/sjmoon/EmoFM/videos/CowenEmotionVideos/1874.mp4,True,0.0,0.16667,0.0,0.83333,0.0,0.041667,0.16667,0.0,0.0,0.0,0.0,0.0,0.0,0.0,0.0,0.0,0.0,0.0,0.0,0.0,0.0,0.0,0.0,0.25,0.0,0.0,0.0,0.0,0.0,0.0,0.0,0.083333,0.0,0.0,4.6667,5.1111,5.2222,5.1111,5.5556,4.6667,5.4444,4.7778,4.0,5.6667,5.2222,3.1111,5.0,5.0
1874,1875,stimulus_1875,/pscratch/sd/s/sjmoon/EmoFM/videos/CowenEmotionVideos/1875.mp4,True,0.16667,0.083333,0.083333,0.0,0.0,0.083333,0.16667,0.25,0.0,0.0,0.083333,0.0,0.0,0.0,0.375,0.0,0.0,0.0,0.0,0.083333,0.0,0.041667,0.083333,0.16667,0.0,0.0,0.083333,0.0,0.0,0.0,0.083333,0.083333,0.0,0.0,5.1111,4.1111,4.7778,3.8889,5.4444,5.2222,5.4444,5.8889,4.7778,5.8889,5.2222,2.6667,6.0,5.7778
1875,1876,stimulus_1876,/pscratch/sd/s/sjmoon/EmoFM/videos/CowenEmotionVideos/1876.mp4,True,0.125,0.0,0.29167,0.0,0.0,0.0,0.125,0.0,0.16667,0.16667,0.0,0.0,0.0,0.0,0.0,0.0,0.0,0.0,0.0,0.0,0.0,0.0,0.16667,0.0,0.0,0.0,0.0,0.0,0.0,0.25,0.0,0.083333,0.0,0.0,4.7778,5.5556,6.6667,5.7778,6.6667,5.7778,5.7778,6.7778,4.0,6.1111,5.1111,3.0,7.0,6.0
1876,1877,stimulus_1877,/pscratch/sd/s/sjmoon/EmoFM/videos/CowenEmotionVideos/1877.mp4,True,0.0,0.0,0.33333,0.0,0.0,0.0,0.0,0.0,0.16667,0.0,0.0,0.083333,0.0,0.0,0.0,0.0,0.41667,0.0,0.0,0.0,0.0,0.0,0.16667,0.0,0.0,0.0,0.0,0.0,0.0,0.083333,0.0,0.0,0.0,0.0,5.8889,5.5556,4.7778,4.3333,5.3333,5.0,4.4444,5.7778,4.6667,5.0,4.1111,5.1111,6.0,5.1111
1877,1878,stimulus_1878,/pscratch/sd/s/sjmoon/EmoFM/videos/CowenEmotionVideos/1878.mp4,True,0.0,0.0,0.0,0.0,0.0,0.33333,0.083333,0.0,0.0,0.0,0.0,0.0,0.0,0.0,0.0,0.083333,0.0,0.0,0.25,0.41667,0.0,0.16667,0.083333,0.0,0.0,0.0,0.54167,0.0,0.0,0.0,0.0,0.16667,0.083333,0.0,6.8889,4.8889,4.4444,2.4444,6.2222,5.0,6.6667,3.5556,4.6667,4.7778,4.0,5.1111,2.8889,6.7778
1878,1879,stimulus_1879,/pscratch/sd/s/sjmoon/EmoFM/videos/CowenEmotionVideos/1879.mp4,True,0.125,0.0,0.083333,0.16667,0.0,0.0,0.375,0.0,0.0,0.0,0.0,0.0,0.0,0.0,0.0,0.0,0.0,0.0,0.33333,0.083333,0.0,0.0,0.25,0.0,0.0,0.0,0.0,0.0,0.083333,0.16667,0.0,0.25,0.0,0.0,6.1111,4.4444,4.5556,3.2222,6.0,4.1111,5.2222,3.6667,4.1111,5.2222,4.4444,4.2222,3.1111,4.7778
1879,1880,stimulus_1880,/pscratch/sd/s/sjmoon/EmoFM/videos/CowenEmotionVideos/1880.mp4,True,0.0,0.29167,0.0,0.58333,0.0,0.0,0.125,0.0,0.0,0.083333,0.0,0.0,0.0,0.0,0.0,0.0,0.0,0.0,0.0,0.0,0.0,0.0,0.0,0.16667,0.0,0.0,0.0,0.0,0.083333,0.0,0.0,0.083333,0.0,0.0,5.7778,4.6667,6.1111,5.0,5.5556,5.6667,6.8889,3.3333,3.3333,4.6667,4.0,3.8889,6.2222,4.6667
1880,1881,stimulus_1881,/pscratch/sd/s/sjmoon/EmoFM/videos/CowenEmotionVideos/1881.mp4,True,0.083333,0.0,0.0,0.083333,0.16667,0.0,0.0,0.0,0.083333,0.083333,0.0,0.083333,0.0,0.083333,0.16667,0.0,0.0,0.0,0.0,0.0,0.0,0.083333,0.083333,0.0,0.16667,0.083333,0.0,0.0,0.0,0.0,0.0,0.0,0.0,0.0,5.3333,5.1111,4.7778,3.7778,6.4444,5.5556,5.3333,5.1111,4.3333,4.7778,5.7778,4.8889,5.1111,4.6667
1881,1882,stimulus_1882,/pscratch/sd/s/sjmoon/EmoFM/videos/CowenEmotionVideos/1882.mp4,True,0.0,0.083333,0.0,0.75,0.0,0.0,0.16667,0.083333,0.0,0.0,0.0,0.0,0.0,0.0,0.0,0.0,0.0,0.0,0.0,0.0,0.0,0.0,0.083333,0.25,0.0,0.0,0.0,0.0,0.0,0.0,0.0,0.0,0.0,0.0,5.8889,4.3333,6.7778,6.5556,5.1111,5.8889,6.8889,5.7778,3.8889,5.4444,4.4444,3.5556,6.7778,6.1111
1882,1883,stimulus_1883,/pscratch/sd/s/sjmoon/EmoFM/videos/CowenEmotionVideos/1883.mp4,True,0.0,0.0,0.25,0.0,0.0,0.083333,0.16667,0.0,0.0,0.0,0.0,0.0,0.0,0.0,0.0,0.0,0.0,0.0,0.16667,0.083333,0.0,0.16667,0.16667,0.083333,0.0,0.0,0.0,0.0,0.25,0.0,0.0,0.083333,0.083333,0.0,4.8889,4.2222,4.1111,3.0,5.6667,4.0,5.5556,4.1111,4.1111,4.1111,3.5556,4.5556,3.1111,3.5556
1883,1884,stimulus_1884,/pscratch/sd/s/sjmoon/EmoFM/videos/CowenEmotionVideos/1884.mp4,True,0.0,0.0,0.083333,0.25,0.0,0.0,0.0,0.0,0.083333,0.0,0.0,0.0,0.0,0.0,0.0,0.0,0.0,0.0,0.25,0.0,0.0,0.0,0.0,0.16667,0.41667,0.0,0.0,0.0,0.0,0.0,0.0,0.0,0.0,0.0,6.1111,5.3333,6.2222,6.0,6.1111,5.6667,5.3333,6.4444,4.1111,5.2222,5.1111,3.3333,5.8889,5.6667
1884,1885,stimulus_1885,/pscratch/sd/s/sjmoon/EmoFM/videos/CowenEmotionVideos/1885.mp4,True,0.0,0.0,0.0,0.0,0.33333,0.083333,0.0,0.083333,0.0,0.0,0.25,0.083333,0.0,0.041667,0.58333,0.0,0.0,0.0,0.0,0.16667,0.0,0.125,0.0,0.0,0.0,0.0,0.0,0.0,0.041667,0.0,0.0,0.083333,0.083333,0.0,5.0,4.3333,1.8889,2.3333,6.2222,4.3333,2.2222,3.5556,4.7778,3.6667,2.2222,3.4444,2.2222,3.2222
1885,1886,stimulus_1886,/pscratch/sd/s/sjmoon/EmoFM/videos/CowenEmotionVideos/1886.mp4,True,0.375,0.083333,0.083333,0.083333,0.0,0.0,0.0,0.083333,0.0,0.0,0.0,0.0,0.0,0.0,0.0,0.0,0.083333,0.16667,0.083333,0.0,0.0,0.0,0.25,0.041667,0.25,0.083333,0.0,0.0,0.0,0.0,0.0,0.0,0.0,0.083333,6.4444,5.4444,6.5556,6.4444,6.6667,6.2222,5.0,6.1111,2.4444,6.4444,5.8889,2.4444,5.4444,5.6667
1886,1887,stimulus_1887,/pscratch/sd/s/sjmoon/EmoFM/videos/CowenEmotionVideos/1887.mp4,True,0.0,0.0,0.25,0.0,0.0,0.083333,0.20833,0.0,0.0,0.0,0.083333,0.0,0.0,0.0,0.0,0.0,0.083333,0.0,0.083333,0.5,0.0,0.16667,0.083333,0.0,0.0,0.0,0.0,0.0,0.0,0.0,0.0,0.083333,0.0,0.0,6.8889,4.5556,3.2222,3.0,6.8889,5.4444,3.7778,3.1111,2.8889,4.7778,3.1111,5.3333,3.0,4.2222
1887,1888,stimulus_1888,/pscratch/sd/s/sjmoon/EmoFM/videos/CowenEmotionVideos/1888.mp4,True,0.0,0.0,0.0,0.16667,0.0,0.0,0.0,0.0,0.16667,0.0,0.33333,0.083333,0.0,0.0,0.0,0.0,0.0,0.0,0.25,0.083333,0.0,0.0,0.083333,0.0,0.083333,0.0,0.0,0.0,0.0,0.0,0.0,0.083333,0.0,0.0,6.5556,6.0,4.4444,4.8889,7.0,6.7778,4.3333,5.3333,3.3333,5.3333,4.7778,2.6667,4.6667,4.6667
1888,1889,stimulus_1889,/pscratch/sd/s/sjmoon/EmoFM/videos/CowenEmotionVideos/1889.mp4,True,0.0,0.083333,0.16667,0.0,0.0,0.0,0.0,0.0,0.0,0.083333,0.0,0.0,0.0,0.0,0.0,0.0,0.0,0.0,0.083333,0.0,0.0,0.0,0.16667,0.0,0.0,0.0,0.0,0.0,0.0,0.0,0.83333,0.0,0.0,0.0,7.1111,6.0,7.3333,7.3333,6.4444,6.6667,6.0,7.2222,1.4444,6.7778,6.3333,2.5556,6.4444,6.6667
1889,1890,stimulus_1890,/pscratch/sd/s/sjmoon/EmoFM/videos/CowenEmotionVideos/1890.mp4,True,0.083333,0.083333,0.0,0.33333,0.16667,0.0,0.0,0.083333,0.083333,0.0,0.083333,0.083333,0.0,0.0,0.083333,0.0,0.0,0.0,0.0,0.0,0.0,0.0,0.16667,0.083333,0.0,0.0,0.0,0.0,0.0,0.0,0.0,0.0,0.0,0.0,5.4444,4.4444,4.0,4.4444,5.8889,5.5556,5.3333,4.7778,2.3333,3.4444,6.3333,2.7778,4.8889,4.0
1890,1891,stimulus_1891,/pscratch/sd/s/sjmoon/EmoFM/videos/CowenEmotionVideos/1891.mp4,True,0.083333,0.25,0.0,0.83333,0.0,0.0,0.16667,0.0,0.0,0.0,0.0,0.0,0.0,0.0,0.0,0.0,0.0,0.0,0.0,0.0,0.0,0.0,0.0,0.16667,0.0,0.0,0.0,0.0,0.0,0.0,0.0,0.16667,0.0,0.0,7.0,5.8889,6.8889,6.1111,6.7778,6.7778,5.0,6.4444,2.4444,5.3333,3.6667,2.4444,5.4444,5.4444
1891,1892,stimulus_1892,/pscratch/sd/s/sjmoon/EmoFM/videos/CowenEmotionVideos/1892.mp4,True,0.083333,0.0,0.58333,0.0,0.0,0.0,0.083333,0.0,0.0,0.16667,0.0,0.0,0.0,0.0,0.0,0.0,0.33333,0.0,0.0,0.083333,0.0,0.083333,0.16667,0.083333,0.0,0.0,0.0,0.0,0.0,0.16667,0.0,0.0,0.0,0.0,7.2222,5.1111,5.3333,5.8889,6.8889,5.3333,3.6667,6.1111,3.3333,4.3333,4.1111,3.2222,4.8889,5.7778
1892,1893,stimulus_1893,/pscratch/sd/s/sjmoon/EmoFM/videos/CowenEmotionVideos/1893.mp4,True,0.083333,0.41667,0.083333,0.41667,0.0,0.0,0.33333,0.0,0.0,0.0,0.0,0.0,0.0,0.0,0.0,0.0,0.083333,0.0,0.083333,0.0,0.0,0.0,0.083333,0.25,0.0,0.0,0.0,0.0,0.0,0.16667,0.0,0.083333,0.0,0.0,6.5556,5.7778,7.3333,7.8889,5.6667,6.4444,7.1111,7.4444,2.3333,6.6667,6.0,2.3333,6.7778,6.5556
1893,1894,stimulus_1894,/pscratch/sd/s/sjmoon/EmoFM/videos/CowenEmotionVideos/1894.mp4,True,0.0,0.0,0.0,0.0,0.0,0.0,0.0,0.0,0.0,0.0,0.0,0.0,0.083333,0.0,0.0,0.0,0.0,0.083333,0.083333,0.0,0.0,0.0,0.25,0.0,0.0,0.0,0.0,0.0,0.0,0.0,1.0,0.083333,0.0,0.0,7.2222,6.7778,6.2222,5.8889,6.3333,6.1111,6.1111,6.6667,3.3333,5.3333,6.8889,2.7778,5.8889,6.1111
1894,1895,stimulus_1895,/pscratch/sd/s/sjmoon/EmoFM/videos/CowenEmotionVideos/1895.mp4,True,0.0,0.083333,0.0,0.083333,0.0,0.0,0.0,0.16667,0.0,0.0,0.0,0.0,0.0,0.0,0.0,0.0,0.0,0.0,0.083333,0.0,0.0,0.0,0.25,0.0,0.0,0.0,0.0,0.0,0.0,0.083333,0.83333,0.083333,0.0,0.0,7.1111,5.0,6.6667,7.3333,6.1111,6.3333,5.3333,6.5556,2.4444,5.7778,5.7778,2.7778,6.1111,5.5556
1895,1896,stimulus_1896,/pscratch/sd/s/sjmoon/EmoFM/videos/CowenEmotionVideos/1896.mp4,True,0.0,0.0,0.0,0.41667,0.083333,0.0,0.0,0.0,0.083333,0.0,0.0,0.0,0.0,0.0,0.083333,0.16667,0.0,0.0,0.0,0.0,0.0,0.0,0.0,0.083333,0.41667,0.0,0.0,0.0,0.0,0.083333,0.0,0.0,0.0,0.0,6.2222,6.1111,4.0,4.1111,6.7778,5.7778,4.6667,5.0,2.7778,4.2222,5.7778,3.1111,5.0,4.7778
1896,1897,stimulus_1897,/pscratch/sd/s/sjmoon/EmoFM/videos/CowenEmotionVideos/1897.mp4,True,0.0,0.0,0.33333,0.25,0.0,0.0,0.0,0.0,0.25,0.16667,0.0,0.0,0.0,0.0,0.0,0.0,0.0,0.0,0.0,0.0,0.0,0.0,0.16667,0.0,0.0,0.0,0.0,0.0,0.0,0.083333,0.0,0.0,0.0,0.0,5.6667,5.7778,6.4444,5.2222,5.8889,6.1111,5.7778,6.8889,1.8889,6.7778,5.7778,3.4444,6.5556,7.2222
1897,1898,stimulus_1898,/pscratch/sd/s/sjmoon/EmoFM/videos/CowenEmotionVideos/1898.mp4,True,0.0,0.0,0.0,0.5,0.0,0.0,0.0,0.33333,0.16667,0.0,0.16667,0.0,0.0,0.0,0.0,0.0,0.0,0.0,0.0,0.0,0.0,0.0,0.0,0.083333,0.0,0.0,0.0,0.0,0.0,0.0,0.0,0.083333,0.0,0.0,4.7778,4.6667,5.8889,4.7778,5.5556,4.3333,5.0,7.2222,2.0,6.0,5.2222,4.2222,6.5556,6.4444
1898,1899,stimulus_1899,/pscratch/sd/s/sjmoon/EmoFM/videos/CowenEmotionVideos/1899.mp4,True,0.0,0.0,0.0,0.25,0.0,0.25,0.0,0.0,0.0,0.083333,0.0,0.0,0.0,0.0,0.0,0.0,0.0,0.0,0.083333,0.33333,0.0,0.083333,0.083333,0.0,0.0,0.0,0.083333,0.0,0.0,0.0,0.0,0.58333,0.0,0.0,7.2222,4.8889,5.8889,4.4444,7.0,5.4444,6.3333,6.7778,2.1111,5.6667,5.4444,2.5556,4.0,6.3333
1899,1900,stimulus_1900,/pscratch/sd/s/sjmoon/EmoFM/videos/CowenEmotionVideos/1900.mp4,True,0.083333,0.25,0.083333,0.58333,0.0,0.0,0.083333,0.0,0.0,0.0,0.0,0.0,0.0,0.0,0.0,0.0,0.083333,0.0,0.083333,0.0,0.0,0.0,0.083333,0.5,0.0,0.0,0.0,0.0,0.0,0.16667,0.0,0.083333,0.0,0.0,5.5556,5.3333,7.5556,7.5556,6.3333,6.2222,7.2222,8.0,1.5556,7.1111,7.1111,2.6667,6.6667,7.1111
1900,1901,stimulus_1901,/pscratch/sd/s/sjmoon/EmoFM/videos/CowenEmotionVideos/1901.mp4,True,0.0,0.0,0.0,0.0,0.33333,0.083333,0.0,0.083333,0.0,0.0,0.0,0.083333,0.0,0.0,0.41667,0.0,0.0,0.0,0.0,0.083333,0.0,0.33333,0.0,0.0,0.0,0.0,0.0,0.0,0.083333,0.0,0.0,0.0,0.0,0.0,6.1111,5.6667,2.3333,1.7778,7.1111,5.8889,1.6667,4.0,4.8889,2.3333,2.6667,5.7778,3.0,4.1111
1901,1902,stimulus_1902,/pscratch/sd/s/sjmoon/EmoFM/videos/CowenEmotionVideos/1902.mp4,True,0.083333,0.41667,0.083333,0.58333,0.0,0.0,0.25,0.0,0.0,0.083333,0.0,0.0,0.0,0.0,0.0,0.0,0.083333,0.0,0.083333,0.0,0.0,0.0,0.083333,0.41667,0.0,0.0,0.0,0.0,0.0,0.25,0.0,0.083333,0.0,0.0,5.7778,5.3333,6.5556,5.4444,6.5556,7.4444,7.5556,6.6667,2.3333,6.3333,5.4444,3.3333,6.0,5.7778
1902,1903,stimulus_1903,/pscratch/sd/s/sjmoon/EmoFM/videos/CowenEmotionVideos/1903.mp4,True,0.0,0.0,0.0,0.0,0.0,0.083333,0.0,0.16667,0.0,0.0,0.0,0.0,0.0,0.0,0.41667,0.0,0.0,0.0,0.0,0.0,0.0,0.0,0.0,0.0,0.0,0.0,0.0,0.0,0.0,0.0,0.25,0.083333,0.0,0.0,4.0,3.7778,2.0,2.5556,4.1111,5.3333,2.4444,5.4444,5.8889,5.2222,1.7778,4.3333,3.1111,2.7778
1903,1904,stimulus_1904,/pscratch/sd/s/sjmoon/EmoFM/videos/CowenEmotionVideos/1904.mp4,True,0.083333,0.25,0.083333,0.5,0.0,0.0,0.33333,0.0,0.0,0.0,0.083333,0.083333,0.0,0.0,0.0,0.0,0.083333,0.0,0.083333,0.0,0.0,0.0,0.41667,0.25,0.0,0.0,0.0,0.0,0.0,0.083333,0.0,0.16667,0.083333,0.083333,5.4444,5.5556,7.0,5.5556,7.0,6.3333,7.6667,7.7778,3.2222,5.4444,4.6667,3.0,6.6667,7.5556
1904,1905,stimulus_1905,/pscratch/sd/s/sjmoon/EmoFM/videos/CowenEmotionVideos/1905.mp4,True,0.0,0.0,0.0,0.5,0.0,0.0,0.0,0.16667,0.0,0.0,0.083333,0.0,0.0,0.0,0.083333,0.0,0.0,0.0,0.0,0.25,0.0,0.25,0.0,0.16667,0.0,0.0,0.0,0.0,0.0,0.0,0.0,0.083333,0.0,0.0,5.5556,5.4444,4.7778,3.6667,5.6667,5.1111,6.6667,5.1111,2.6667,5.3333,6.1111,4.4444,4.8889,6.8889
1905,1906,stimulus_1906,/pscratch/sd/s/sjmoon/EmoFM/videos/CowenEmotionVideos/1906.mp4,True,0.0,0.0,0.0,0.0,0.0,0.25,0.0,0.0,0.0,0.0,0.083333,0.0,0.0,0.0,0.083333,0.0,0.0,0.0,0.0,0.5,0.0,0.5,0.0,0.0,0.0,0.0,0.16667,0.0,0.16667,0.0,0.0,0.25,0.083333,0.0,6.1111,3.8889,2.4444,2.8889,6.5556,3.6667,6.7778,2.1111,6.1111,2.5556,6.2222,5.6667,1.6667,3.3333
1906,1907,stimulus_1907,/pscratch/sd/s/sjmoon/EmoFM/videos/CowenEmotionVideos/1907.mp4,True,0.0,0.0,0.0,0.0,0.0,0.083333,0.0,0.0,0.0,0.0,0.0,0.0,0.0,0.0,1.0,0.0,0.0,0.0,0.0,0.0,0.0,0.083333,0.0,0.0,0.0,0.0,0.0,0.0,0.0,0.0,0.0,0.0,0.0,0.0,5.5556,4.5556,2.3333,1.4444,7.2222,4.6667,4.7778,6.5556,7.4444,5.0,4.0,5.5556,4.1111,4.5556
1907,1908,stimulus_1908,/pscratch/sd/s/sjmoon/EmoFM/videos/CowenEmotionVideos/1908.mp4,True,0.0,0.0,0.0,0.33333,0.0,0.083333,0.0,0.16667,0.58333,0.0,0.16667,0.0,0.0,0.0,0.0,0.0,0.083333,0.0,0.0,0.0,0.0,0.0,0.083333,0.0,0.0,0.0,0.0,0.0,0.0,0.0,0.0,0.16667,0.0,0.0,5.4444,4.4444,5.0,5.2222,6.1111,4.6667,4.7778,4.2222,3.3333,5.3333,4.8889,3.5556,5.4444,3.8889
1908,1909,stimulus_1909,/pscratch/sd/s/sjmoon/EmoFM/videos/CowenEmotionVideos/1909.mp4,True,0.0,0.083333,0.0,0.0,0.0,0.0,0.0,0.083333,0.0,0.0,0.0,0.0,0.083333,0.0,0.0,0.0,0.0,0.083333,0.0,0.0,0.0,0.0,0.0,0.0,0.0,0.0,0.0,0.75,0.0,0.083333,0.58333,0.0,0.0,0.0,7.5556,5.8889,7.1111,5.8889,7.3333,7.4444,5.8889,7.5556,1.7778,7.0,6.3333,2.7778,6.4444,7.3333
1909,1910,stimulus_1910,/pscratch/sd/s/sjmoon/EmoFM/videos/CowenEmotionVideos/1910.mp4,True,0.0,0.0,0.33333,0.0,0.0,0.083333,0.33333,0.0,0.0,0.083333,0.16667,0.0,0.0,0.0,0.0,0.0,0.25,0.0,0.0,0.0,0.0,0.0,0.083333,0.0,0.0,0.0,0.0,0.0,0.0,0.0,0.0,0.083333,0.0,0.0,6.1111,4.3333,4.4444,4.0,4.6667,3.6667,4.3333,4.8889,4.0,5.3333,4.2222,5.6667,4.7778,5.6667
1910,1911,stimulus_1911,/pscratch/sd/s/sjmoon/EmoFM/videos/CowenEmotionVideos/1911.mp4,True,0.16667,0.16667,0.0,0.0,0.0,0.0,0.0,0.0,0.0,0.0,0.0,0.0,0.0,0.0,0.0,0.0,0.0,0.083333,0.083333,0.0,0.0,0.0,0.0,0.25,0.0,0.0,0.0,0.83333,0.0,0.0,0.0,0.0,0.0,0.0,6.1111,4.5556,7.1111,6.5556,7.0,7.2222,7.0,8.0,1.8889,6.5556,6.0,2.3333,6.5556,6.6667
1911,1912,stimulus_1912,/pscratch/sd/s/sjmoon/EmoFM/videos/CowenEmotionVideos/1912.mp4,True,0.083333,0.16667,0.0,0.58333,0.0,0.0,0.25,0.083333,0.0,0.083333,0.083333,0.0,0.0,0.0,0.0,0.0,0.16667,0.0,0.16667,0.0,0.0,0.0,0.25,0.41667,0.0,0.0,0.0,0.0,0.0,0.0,0.0,0.25,0.0,0.0,6.5556,5.6667,6.0,5.7778,6.8889,5.8889,6.2222,5.7778,2.6667,5.7778,5.4444,4.6667,5.5556,6.7778
1912,1913,stimulus_1913,/pscratch/sd/s/sjmoon/EmoFM/videos/CowenEmotionVideos/1913.mp4,True,0.0,0.083333,0.0,0.0,0.0,0.0,0.0,0.0,0.0,0.0,0.0,0.0,0.0,0.0,0.0,0.0,0.0,0.083333,0.083333,0.0,0.0,0.0,0.083333,0.083333,0.0,0.0,0.0,0.41667,0.0,0.083333,0.66667,0.0,0.0,0.0,6.1111,6.5556,6.1111,5.3333,6.5556,7.4444,6.0,7.4444,2.0,6.7778,6.1111,2.5556,6.2222,7.2222
1913,1914,stimulus_1914,/pscratch/sd/s/sjmoon/EmoFM/videos/CowenEmotionVideos/1914.mp4,True,0.16667,0.0,0.0,0.16667,0.0,0.25,0.25,0.0,0.0,0.0,0.0,0.0,0.0,0.0,0.0,0.0,0.083333,0.0,0.083333,0.16667,0.0,0.16667,0.25,0.0,0.0,0.0,0.083333,0.0,0.083333,0.0,0.0,0.25,0.083333,0.25,6.8889,5.4444,4.1111,3.2222,7.1111,4.1111,5.4444,5.0,2.8889,5.5556,3.8889,4.2222,2.8889,7.4444
1914,1915,stimulus_1915,/pscratch/sd/s/sjmoon/EmoFM/videos/CowenEmotionVideos/1915.mp4,True,0.0,0.0,0.58333,0.083333,0.0,0.0,0.41667,0.0,0.083333,0.083333,0.083333,0.0,0.0,0.0,0.0,0.0,0.083333,0.0,0.0,0.0,0.0,0.0,0.16667,0.083333,0.0,0.0,0.0,0.0,0.0,0.0,0.0,0.0,0.0,0.0,6.8889,4.3333,5.7778,5.0,6.4444,4.8889,4.8889,4.7778,2.7778,5.6667,5.0,3.1111,3.8889,5.5556
1915,1916,stimulus_1916,/pscratch/sd/s/sjmoon/EmoFM/videos/CowenEmotionVideos/1916.mp4,True,0.0,0.0,0.0,0.0,0.0,0.0,0.0,0.0,0.083333,0.0,0.25,0.0,0.0,0.0,0.66667,0.0,0.0,0.0,0.0,0.16667,0.0,0.25,0.0,0.0,0.0,0.0,0.0,0.0,0.0,0.0,0.0,0.083333,0.0,0.0,6.2222,4.5556,3.2222,2.6667,5.5556,4.2222,4.2222,2.5556,3.7778,4.4444,4.1111,4.1111,3.5556,4.8889
1916,1917,stimulus_1917,/pscratch/sd/s/sjmoon/EmoFM/videos/CowenEmotionVideos/1917.mp4,True,0.0,0.0,0.0,0.0,0.0,0.0,0.0,0.0,0.0,0.0,0.0,0.0,0.083333,0.0,0.0,0.0,0.0,0.0,0.083333,0.0,0.0,0.0,0.083333,0.083333,0.0,0.0,0.0,0.16667,0.0,0.083333,1.0,0.083333,0.0,0.0,6.7778,6.0,6.2222,4.5556,7.2222,7.5556,4.8889,7.0,2.2222,6.1111,3.7778,2.3333,5.3333,6.1111
1917,1918,stimulus_1918,/pscratch/sd/s/sjmoon/EmoFM/videos/CowenEmotionVideos/1918.mp4,True,0.0,0.33333,0.0,0.5,0.0,0.0,0.16667,0.0,0.0,0.0,0.0,0.0,0.0,0.0,0.0,0.0,0.0,0.0,0.083333,0.0,0.0,0.083333,0.0,0.25,0.0,0.0,0.0,0.0,0.0,0.0,0.0,0.25,0.083333,0.0,7.0,5.6667,7.0,7.8889,6.2222,6.1111,7.0,6.7778,2.0,7.0,6.8889,2.5556,6.7778,6.3333
1918,1919,stimulus_1919,/pscratch/sd/s/sjmoon/EmoFM/videos/CowenEmotionVideos/1919.mp4,True,0.16667,0.0,0.0,0.083333,0.0,0.0,0.33333,0.0,0.0,0.0,0.083333,0.0,0.0,0.0,0.41667,0.0,0.0,0.0,0.0,0.0,0.0,0.0,0.25,0.083333,0.0,0.0,0.0,0.0,0.0,0.0,0.0,0.16667,0.0,0.083333,6.1111,5.3333,4.2222,3.7778,6.2222,5.7778,5.6667,6.3333,3.0,6.1111,4.4444,4.0,5.2222,6.4444
1919,1920,stimulus_1920,/pscratch/sd/s/sjmoon/EmoFM/videos/CowenEmotionVideos/1920.mp4,True,0.0,0.0,0.16667,0.083333,0.0,0.0,0.0,0.0,0.0,0.0,0.41667,0.0,0.0,0.0,0.16667,0.0,0.25,0.0,0.0,0.0,0.0,0.0,0.33333,0.0,0.0,0.0,0.0,0.0,0.0,0.0,0.0,0.0,0.0,0.0,5.5556,3.6667,5.6667,5.6667,6.0,5.1111,5.2222,6.8889,2.8889,5.3333,4.2222,3.7778,5.5556,6.7778
1920,1921,stimulus_1921,/pscratch/sd/s/sjmoon/EmoFM/videos/CowenEmotionVideos/1921.mp4,True,0.0,0.0,0.46154,0.038462,0.0,0.0,0.23077,0.0,0.0,0.0,0.0,0.0,0.0,0.0,0.0,0.0,0.076923,0.0,0.30769,0.076923,0.0,0.076923,0.46154,0.076923,0.0,0.0,0.0,0.0,0.0,0.0,0.0,0.15385,0.0,0.0,5.1111,4.2222,5.7778,4.4444,5.7778,3.6667,3.2222,4.7778,3.3333,5.3333,3.1111,2.8889,3.8889,7.2222
1921,1922,stimulus_1922,/pscratch/sd/s/sjmoon/EmoFM/videos/CowenEmotionVideos/1922.mp4,True,0.0,0.0,0.0,0.0,0.38462,0.076923,0.0,0.0,0.0,0.0,0.076923,0.15385,0.0,0.15385,0.57692,0.15385,0.0,0.0,0.0,0.30769,0.0,0.84615,0.076923,0.0,0.0,0.0,0.0,0.0,0.30769,0.0,0.0,0.076923,0.15385,0.0,5.1111,2.2222,1.2222,1.5556,4.5556,3.5556,3.1111,1.1111,6.7778,1.5556,2.2222,4.4444,1.3333,1.2222
1922,1923,stimulus_1923,/pscratch/sd/s/sjmoon/EmoFM/videos/CowenEmotionVideos/1923.mp4,True,0.076923,0.0,0.0,0.23077,0.15385,0.15385,0.0,0.0,0.076923,0.0,0.15385,0.23077,0.0,0.15385,0.34615,0.0,0.0,0.0,0.0,0.15385,0.0,0.076923,0.0,0.0,0.0,0.0,0.0,0.0,0.076923,0.076923,0.0,0.0,0.0,0.0,4.4444,3.7778,2.6667,1.8889,4.5556,3.2222,2.0,2.6667,6.1111,2.5556,2.4444,4.0,2.4444,2.2222
1923,1924,stimulus_1924,/pscratch/sd/s/sjmoon/EmoFM/videos/CowenEmotionVideos/1924.mp4,True,0.15385,0.61538,0.0,0.19231,0.0,0.0,0.38462,0.0,0.0,0.0,0.0,0.038462,0.0,0.0,0.0,0.0,0.0,0.0,0.0,0.0,0.0,0.0,0.076923,0.30769,0.0,0.0,0.0,0.076923,0.0,0.15385,0.0,0.15385,0.0,0.0,5.2222,4.0,7.4444,6.7778,6.4444,6.3333,5.7778,7.1111,2.5556,5.8889,3.7778,3.2222,6.3333,6.5556
1924,1925,stimulus_1925,/pscratch/sd/s/sjmoon/EmoFM/videos/CowenEmotionVideos/1925.mp4,True,0.0,0.0,0.15385,0.0,0.0,0.0,0.0,0.076923,0.0,0.0,0.076923,0.0,0.076923,0.0,0.0,0.0,0.15385,0.0,0.076923,0.0,0.0,0.0,0.076923,0.0,0.0,0.0,0.0,0.19231,0.0,0.15385,0.84615,0.076923,0.0,0.0,6.5556,5.3333,6.4444,5.5556,4.8889,5.1111,4.7778,5.5556,3.4444,5.3333,4.6667,3.2222,5.0,6.3333
1925,1926,stimulus_1926,/pscratch/sd/s/sjmoon/EmoFM/videos/CowenEmotionVideos/1926.mp4,True,0.0,0.0,0.0,0.0,0.0,0.46154,0.0,0.0,0.0,0.0,0.0,0.0,0.0,0.076923,0.0,0.0,0.0,0.0,0.0,0.46154,0.0,0.15385,0.0,0.0,0.0,0.0,0.30769,0.0,0.076923,0.0,0.0,0.15385,0.0,0.0,5.6667,3.4444,3.0,1.5556,6.2222,3.1111,2.6667,2.6667,5.1111,4.5556,2.5556,4.3333,1.8889,6.3333
1926,1927,stimulus_1927,/pscratch/sd/s/sjmoon/EmoFM/videos/CowenEmotionVideos/1927.mp4,True,0.0,0.0,0.0,0.0,0.0,0.0,0.0,0.23077,0.0,0.0,0.15385,0.0,0.0,0.076923,0.46154,0.0,0.0,0.0,0.0,0.0,0.0,0.0,0.0,0.0,0.0,0.0,0.0,0.0,0.0,0.0,0.38462,0.23077,0.0,0.0,4.3333,3.7778,3.8889,3.5556,4.2222,4.1111,3.6667,4.7778,4.2222,5.1111,4.4444,3.2222,4.2222,4.4444
1927,1928,stimulus_1928,/pscratch/sd/s/sjmoon/EmoFM/videos/CowenEmotionVideos/1928.mp4,True,0.076923,0.0,0.0,0.0,0.0,0.0,0.0,0.23077,0.23077,0.076923,0.076923,0.0,0.0,0.076923,0.30769,0.0,0.0,0.0,0.0,0.0,0.0,0.0,0.0,0.0,0.0,0.0,0.0,0.19231,0.0,0.0,0.19231,0.076923,0.0,0.0,4.1111,2.6667,3.1111,3.0,4.0,3.7778,3.3333,5.7778,4.7778,5.0,3.4444,3.6667,4.4444,4.0
1928,1929,stimulus_1929,/pscratch/sd/s/sjmoon/EmoFM/videos/CowenEmotionVideos/1929.mp4,True,0.038462,0.34615,0.0,0.65385,0.0,0.0,0.23077,0.0,0.0,0.0,0.0,0.0,0.0,0.0,0.0,0.0,0.076923,0.0,0.0,0.0,0.0,0.0,0.076923,0.0,0.0,0.0,0.0,0.0,0.076923,0.0,0.0,0.23077,0.15385,0.0,5.3333,4.5556,5.1111,5.6667,6.4444,5.3333,5.1111,6.3333,2.4444,4.5556,3.7778,2.8889,4.2222,6.2222
1929,1930,stimulus_1930,/pscratch/sd/s/sjmoon/EmoFM/videos/CowenEmotionVideos/1930.mp4,True,0.0,0.34615,0.0,0.76923,0.0,0.0,0.15385,0.0,0.076923,0.0,0.0,0.0,0.0,0.0,0.0,0.0,0.076923,0.0,0.0,0.0,0.0,0.0,0.076923,0.23077,0.0,0.0,0.0,0.0,0.0,0.076923,0.0,0.15385,0.0,0.0,4.1111,3.8889,5.8889,6.8889,5.2222,4.1111,4.6667,6.4444,2.8889,5.5556,3.1111,2.6667,5.3333,7.2222
1930,1931,stimulus_1931,/pscratch/sd/s/sjmoon/EmoFM/videos/CowenEmotionVideos/1931.mp4,True,0.0,0.0,0.0,0.0,0.0,0.53846,0.076923,0.0,0.0,0.0,0.0,0.0,0.0,0.0,0.0,0.0,0.0,0.0,0.076923,0.69231,0.0,0.15385,0.23077,0.0,0.0,0.0,0.0,0.0,0.0,0.0,0.0,0.076923,0.0,0.0,4.2222,3.2222,3.4444,1.4444,6.0,3.2222,3.3333,3.3333,5.1111,3.0,2.3333,4.2222,1.6667,3.6667
1931,1932,stimulus_1932,/pscratch/sd/s/sjmoon/EmoFM/videos/CowenEmotionVideos/1932.mp4,True,0.0,0.0,0.0,0.076923,0.0,0.0,0.23077,0.0,0.076923,0.076923,0.30769,0.0,0.0,0.0,0.0,0.0,0.0,0.0,0.076923,0.0,0.0,0.0,0.5,0.0,0.0,0.0,0.0,0.038462,0.0,0.15385,0.0,0.15385,0.0,0.0,4.2222,4.1111,6.2222,6.1111,5.5556,4.8889,3.7778,7.2222,2.7778,5.2222,3.3333,2.2222,5.7778,6.7778
1932,1933,stimulus_1933,/pscratch/sd/s/sjmoon/EmoFM/videos/CowenEmotionVideos/1933.mp4,True,0.0,0.0,0.0,0.0,0.076923,0.0,0.076923,0.0,0.0,0.0,0.15385,0.0,0.0,0.076923,0.53846,0.076923,0.0,0.0,0.0,0.19231,0.076923,0.23077,0.0,0.0,0.0,0.0,0.0,0.0,0.65385,0.0,0.0,0.0,0.23077,0.0,4.4444,5.3333,1.2222,2.4444,6.4444,5.8889,6.3333,4.5556,4.6667,2.5556,3.3333,3.1111,5.6667,3.3333
1933,1934,stimulus_1934,/pscratch/sd/s/sjmoon/EmoFM/videos/CowenEmotionVideos/1934.mp4,True,0.0,0.0,0.0,0.0,0.0,0.15385,0.0,0.30769,0.0,0.0,0.15385,0.0,0.0,0.0,0.69231,0.15385,0.0,0.0,0.0,0.038462,0.0,0.53846,0.0,0.0,0.0,0.0,0.0,0.0,0.0,0.0,0.0,0.15385,0.0,0.0,5.7778,3.3333,1.6667,1.2222,5.3333,3.8889,1.7778,3.1111,6.2222,3.6667,1.6667,4.0,2.0,3.3333
1934,1935,stimulus_1935,/pscratch/sd/s/sjmoon/EmoFM/videos/CowenEmotionVideos/1935.mp4,True,0.076923,0.73077,0.0,0.46154,0.0,0.0,0.15385,0.076923,0.0,0.0,0.0,0.038462,0.0,0.0,0.0,0.0,0.0,0.0,0.0,0.0,0.0,0.0,0.0,0.23077,0.0,0.0,0.0,0.0,0.0,0.076923,0.0,0.076923,0.076923,0.0,5.4444,4.7778,8.5556,7.7778,6.5556,7.0,7.2222,7.6667,1.4444,7.0,7.5556,2.4444,7.3333,7.5556
1935,1936,stimulus_1936,/pscratch/sd/s/sjmoon/EmoFM/videos/CowenEmotionVideos/1936.mp4,True,0.0,0.076923,0.30769,0.0,0.0,0.0,0.0,0.0,0.0,0.076923,0.0,0.076923,0.84615,0.0,0.0,0.0,0.076923,0.0,0.0,0.0,0.0,0.0,0.15385,0.0,0.076923,0.0,0.0,0.0,0.0,0.15385,0.0,0.0,0.0,0.0,5.7778,5.7778,7.8889,7.6667,5.5556,5.8889,4.6667,6.8889,3.0,6.1111,6.1111,1.4444,7.3333,6.2222
1936,1937,stimulus_1937,/pscratch/sd/s/sjmoon/EmoFM/videos/CowenEmotionVideos/1937.mp4,True,0.34615,0.0,0.0,0.19231,0.0,0.0,0.38462,0.0,0.0,0.0,0.0,0.0,0.0,0.0,0.0,0.0,0.0,0.076923,0.11538,0.0,0.0,0.0,0.19231,0.076923,0.0,0.076923,0.0,0.0,0.0,0.23077,0.0,0.38462,0.0,0.23077,7.2222,6.5556,7.4444,6.8889,8.2222,7.4444,6.6667,7.6667,1.3333,7.1111,7.1111,2.0,6.6667,8.1111
1937,1938,stimulus_1938,/pscratch/sd/s/sjmoon/EmoFM/videos/CowenEmotionVideos/1938.mp4,True,0.076923,0.0,0.0,0.038462,0.0,0.0,0.0,0.0,0.0,0.0,0.0,0.038462,0.0,0.0,0.0,0.0,0.0,0.0,0.0,0.0,0.0,0.0,0.0,0.69231,0.076923,0.0,0.0,0.76923,0.0,0.0,0.0,0.0,0.0,0.0,5.7778,5.1111,7.8889,7.3333,7.1111,7.2222,8.0,8.0,2.4444,6.7778,6.4444,2.8889,7.8889,6.2222
1938,1939,stimulus_1939,/pscratch/sd/s/sjmoon/EmoFM/videos/CowenEmotionVideos/1939.mp4,True,0.076923,0.0,0.0,0.15385,0.0,0.0,0.0,0.30769,0.46154,0.0,0.0,0.0,0.0,0.076923,0.15385,0.0,0.0,0.0,0.0,0.0,0.0,0.0,0.076923,0.0,0.0,0.0,0.0,0.11538,0.0,0.0,0.19231,0.0,0.0,0.0,6.2222,5.1111,5.5556,6.0,6.8889,7.0,5.3333,6.8889,4.0,6.3333,4.6667,3.4444,6.0,5.3333
1939,1940,stimulus_1940,/pscratch/sd/s/sjmoon/EmoFM/videos/CowenEmotionVideos/1940.mp4,True,0.0,0.0,0.0,0.038462,0.0,0.0,0.0,0.15385,0.0,0.0,0.23077,0.0,0.0,0.0,1.0,0.0,0.0,0.0,0.0,0.0,0.0,0.30769,0.0,0.0,0.0,0.0,0.0,0.0,0.0,0.0,0.0,0.076923,0.0,0.0,5.2222,5.4444,2.2222,3.1111,5.7778,6.0,3.7778,5.3333,3.2222,5.3333,4.1111,3.7778,5.3333,4.8889
1940,1941,stimulus_1941,/pscratch/sd/s/sjmoon/EmoFM/videos/CowenEmotionVideos/1941.mp4,True,0.15385,0.0,0.0,0.46154,0.0,0.15385,0.0,0.0,0.0,0.0,0.076923,0.0,0.0,0.0,0.0,0.0,0.0,0.0,0.076923,0.23077,0.0,0.076923,0.15385,0.15385,0.0,0.0,0.0,0.0,0.0,0.30769,0.0,0.30769,0.0,0.0,6.5556,6.5556,6.5556,2.4444,6.2222,6.8889,7.0,4.3333,2.5556,6.6667,4.6667,4.2222,4.1111,6.4444
1941,1942,stimulus_1942,/pscratch/sd/s/sjmoon/EmoFM/videos/CowenEmotionVideos/1942.mp4,True,0.076923,0.076923,0.23077,0.0,0.0,0.0,0.0,0.0,0.0,0.076923,0.0,0.0,0.69231,0.0,0.0,0.0,0.15385,0.0,0.0,0.0,0.0,0.0,0.23077,0.0,0.0,0.0,0.0,0.0,0.0,0.15385,0.0,0.0,0.0,0.0,6.4444,6.0,8.1111,7.2222,5.8889,7.4444,5.1111,7.0,2.0,6.2222,6.1111,2.1111,7.6667,6.8889
1942,1943,stimulus_1943,/pscratch/sd/s/sjmoon/EmoFM/videos/CowenEmotionVideos/1943.mp4,True,0.0,0.0,0.15385,0.15385,0.0,0.0,0.0,0.038462,0.076923,0.0,0.23077,0.0,0.0,0.0,0.0,0.0,0.0,0.0,0.0,0.38462,0.0,0.5,0.076923,0.0,0.0,0.0,0.0,0.0,0.076923,0.0,0.0,0.0,0.0,0.0,5.7778,5.6667,3.7778,3.2222,6.5556,6.0,2.8889,5.1111,3.7778,6.4444,3.4444,4.3333,5.5556,5.0
1943,1944,stimulus_1944,/pscratch/sd/s/sjmoon/EmoFM/videos/CowenEmotionVideos/1944.mp4,True,0.0,0.34615,0.0,0.69231,0.0,0.0,0.23077,0.0,0.0,0.0,0.0,0.0,0.0,0.0,0.0,0.0,0.0,0.0,0.0,0.0,0.0,0.0,0.076923,0.076923,0.0,0.0,0.0,0.0,0.15385,0.0,0.0,0.0,0.30769,0.0,5.7778,4.5556,6.2222,7.2222,6.1111,6.0,7.2222,6.1111,1.6667,5.5556,5.4444,3.4444,6.3333,5.6667
1944,1945,stimulus_1945,/pscratch/sd/s/sjmoon/EmoFM/videos/CowenEmotionVideos/1945.mp4,True,0.0,0.0,0.61538,0.11538,0.0,0.0,0.076923,0.0,0.076923,0.076923,0.076923,0.0,0.0,0.0,0.0,0.0,0.0,0.0,0.0,0.0,0.0,0.0,0.61538,0.076923,0.0,0.0,0.0,0.0,0.0,0.076923,0.0,0.076923,0.0,0.0,6.2222,5.7778,6.2222,6.6667,6.5556,5.0,4.3333,6.1111,3.7778,5.5556,4.2222,4.0,6.7778,6.6667
1945,1946,stimulus_1946,/pscratch/sd/s/sjmoon/EmoFM/videos/CowenEmotionVideos/1946.mp4,True,0.0,0.0,0.15385,0.42308,0.0,0.0,0.0,0.0,0.076923,0.0,0.0,0.0,0.0,0.0,0.076923,0.0,0.076923,0.0,0.0,0.0,0.0,0.076923,0.46154,0.0,0.0,0.0,0.0,0.0,0.038462,0.0,0.0,0.076923,0.0,0.0,3.5556,4.4444,3.7778,3.3333,5.8889,4.0,4.2222,5.7778,4.0,4.8889,3.0,3.0,4.1111,4.3333
1946,1947,stimulus_1947,/pscratch/sd/s/sjmoon/EmoFM/videos/CowenEmotionVideos/1947.mp4,True,0.076923,0.0,0.0,0.26923,0.0,0.15385,0.0,0.15385,0.0,0.0,0.53846,0.038462,0.0,0.0,0.076923,0.0,0.0,0.0,0.0,0.0,0.076923,0.0,0.076923,0.0,0.0,0.0,0.0,0.0,0.076923,0.0,0.0,0.15385,0.0,0.0,5.4444,4.6667,3.8889,3.8889,6.5556,3.7778,4.5556,5.4444,4.1111,4.8889,4.5556,3.1111,5.7778,5.2222
1947,1948,stimulus_1948,/pscratch/sd/s/sjmoon/EmoFM/videos/CowenEmotionVideos/1948.mp4,True,0.30769,0.19231,0.076923,0.38462,0.0,0.0,0.46154,0.0,0.0,0.0,0.076923,0.0,0.0,0.0,0.0,0.0,0.0,0.0,0.076923,0.0,0.0,0.0,0.23077,0.076923,0.0,0.0,0.0,0.0,0.0,0.23077,0.0,0.38462,0.0,0.076923,5.6667,5.3333,5.3333,5.6667,6.5556,4.2222,5.6667,5.6667,4.5556,4.6667,3.3333,3.4444,5.3333,5.4444
1948,1949,stimulus_1949,/pscratch/sd/s/sjmoon/EmoFM/videos/CowenEmotionVideos/1949.mp4,True,0.0,0.0,0.0,0.038462,0.0,0.0,0.0,0.0,0.15385,0.0,0.30769,0.0,0.53846,0.0,0.076923,0.038462,0.076923,0.076923,0.076923,0.0,0.0,0.0,0.23077,0.0,0.0,0.0,0.0,0.0,0.0,0.076923,0.0,0.0,0.0,0.0,5.2222,4.8889,5.4444,5.8889,5.3333,4.1111,4.3333,6.1111,3.5556,5.4444,3.5556,3.2222,6.3333,5.3333
1949,1950,stimulus_1950,/pscratch/sd/s/sjmoon/EmoFM/videos/CowenEmotionVideos/1950.mp4,True,0.0,0.0,0.0,0.0,0.0,0.0,0.0,0.0,0.076923,0.11538,0.15385,0.0,0.65385,0.0,0.0,0.0,0.0,0.038462,0.0,0.0,0.0,0.0,0.30769,0.0,0.0,0.0,0.0,0.0,0.0,0.076923,0.0,0.0,0.0,0.0,4.0,4.6667,5.1111,5.0,4.4444,4.7778,3.5556,6.1111,3.5556,5.4444,4.2222,2.2222,6.1111,4.6667
1950,1951,stimulus_1951,/pscratch/sd/s/sjmoon/EmoFM/videos/CowenEmotionVideos/1951.mp4,True,0.16667,0.0,0.0,0.083333,0.0,0.0,0.41667,0.083333,0.0,0.0,0.0,0.0,0.0,0.0,0.33333,0.083333,0.0,0.0,0.0,0.083333,0.0,0.083333,0.083333,0.25,0.083333,0.0,0.083333,0.0,0.0,0.0,0.0,0.16667,0.083333,0.083333,4.8889,3.2222,2.8889,3.7778,5.5556,4.2222,4.1111,5.4444,4.5556,4.6667,4.4444,3.7778,4.3333,5.2222
1951,1952,stimulus_1952,/pscratch/sd/s/sjmoon/EmoFM/videos/CowenEmotionVideos/1952.mp4,True,0.083333,0.0,0.16667,0.0,0.0,0.083333,0.0,0.083333,0.5,0.25,0.0,0.0,0.0,0.0,0.0,0.0,0.0,0.0,0.0,0.0,0.0,0.0,0.083333,0.0,0.083333,0.0,0.0,0.0,0.083333,0.0,0.0,0.0,0.0,0.0,3.8889,3.5556,5.2222,5.7778,5.6667,5.3333,5.6667,6.5556,2.4444,5.0,4.7778,3.4444,6.1111,5.2222
1952,1953,stimulus_1953,/pscratch/sd/s/sjmoon/EmoFM/videos/CowenEmotionVideos/1953.mp4,True,0.0,0.25,0.0,0.083333,0.0,0.0,0.0,0.0,0.0,0.0,0.0,0.0,0.0,0.0,0.0,0.0,0.0,0.083333,0.083333,0.0,0.0,0.0,0.0,0.66667,0.0,0.0,0.0,0.25,0.0,0.0,0.0,0.083333,0.0,0.0,6.2222,4.3333,6.6667,7.3333,6.3333,6.3333,6.4444,7.2222,2.4444,6.8889,6.7778,2.0,6.8889,6.4444
1953,1954,stimulus_1954,/pscratch/sd/s/sjmoon/EmoFM/videos/CowenEmotionVideos/1954.mp4,True,0.0,0.0,0.0,0.41667,0.0,0.083333,0.0,0.083333,0.0,0.0,0.083333,0.0,0.0,0.0,0.0,0.0,0.083333,0.0,0.083333,0.0,0.0,0.0,0.16667,0.083333,0.0,0.0,0.0,0.0,0.0,0.083333,0.0,0.16667,0.16667,0.083333,4.8889,4.5556,4.8889,3.2222,6.4444,4.7778,3.5556,2.3333,3.2222,3.8889,5.3333,3.4444,3.0,2.0
1954,1955,stimulus_1955,/pscratch/sd/s/sjmoon/EmoFM/videos/CowenEmotionVideos/1955.mp4,True,0.0,0.0,0.0,0.083333,0.0,0.58333,0.0,0.083333,0.0,0.0,0.083333,0.0,0.0,0.16667,0.16667,0.16667,0.0,0.0,0.083333,0.33333,0.0,0.083333,0.083333,0.0,0.0,0.0,0.0,0.0,0.0,0.0,0.0,0.25,0.0,0.0,5.7778,5.1111,2.2222,2.4444,6.7778,4.5556,2.8889,1.8889,5.0,3.8889,2.5556,3.7778,1.8889,2.3333
1955,1956,stimulus_1956,/pscratch/sd/s/sjmoon/EmoFM/videos/CowenEmotionVideos/1956.mp4,True,0.0,0.0,0.0,0.0,0.0,0.083333,0.0,0.0,0.0,0.0,0.083333,0.0,0.0,0.0,0.83333,0.083333,0.0,0.0,0.0,0.0,0.0,0.16667,0.16667,0.0,0.0,0.0,0.0,0.0,0.083333,0.0,0.0,0.083333,0.0,0.0,3.7778,4.5556,1.8889,1.8889,5.0,3.0,2.7778,4.7778,5.3333,3.8889,2.5556,3.1111,3.1111,3.7778
1956,1957,stimulus_1957,/pscratch/sd/s/sjmoon/EmoFM/videos/CowenEmotionVideos/1957.mp4,True,0.0,0.0,0.41667,0.083333,0.0,0.0,0.25,0.083333,0.0,0.0,0.0,0.0,0.0,0.0,0.0,0.0,0.33333,0.0,0.0,0.0,0.0,0.0,0.33333,0.16667,0.0,0.0,0.0,0.0,0.0,0.0,0.0,0.083333,0.0,0.0,7.1111,4.1111,7.5556,7.0,6.7778,6.0,4.3333,6.6667,2.5556,6.7778,4.6667,1.7778,6.2222,6.7778
1957,1958,stimulus_1958,/pscratch/sd/s/sjmoon/EmoFM/videos/CowenEmotionVideos/1958.mp4,True,0.16667,0.0,0.16667,0.083333,0.0,0.083333,0.66667,0.0,0.083333,0.083333,0.083333,0.0,0.0,0.0,0.0,0.0,0.0,0.0,0.0,0.083333,0.0,0.0,0.16667,0.0,0.0,0.0,0.0,0.0,0.0,0.0,0.0,0.083333,0.0,0.0,5.1111,5.1111,4.3333,3.7778,5.5556,4.1111,5.7778,5.1111,4.7778,4.5556,3.2222,3.2222,3.7778,4.0
1958,1959,stimulus_1959,/pscratch/sd/s/sjmoon/EmoFM/videos/CowenEmotionVideos/1959.mp4,True,0.0,0.0,0.0,0.0,0.0,0.0,0.083333,0.0,0.0,0.0,0.0,0.0,0.0,0.0,0.0,0.083333,0.0,0.0,0.0,0.083333,0.0,0.0,0.0,0.0,0.0,0.0,0.0,0.0,0.91667,0.0,0.0,0.0,0.41667,0.0,5.6667,3.0,2.4444,3.5556,6.4444,3.2222,7.0,4.0,5.3333,3.1111,5.8889,4.7778,4.0,4.1111
1959,1960,stimulus_1960,/pscratch/sd/s/sjmoon/EmoFM/videos/CowenEmotionVideos/1960.mp4,True,0.0,0.0,0.0,0.0,0.25,0.083333,0.0,0.083333,0.0,0.0,0.0,0.25,0.0,0.0,0.5,0.0,0.0,0.0,0.0,0.083333,0.0,0.083333,0.0,0.0,0.0,0.0,0.0,0.0,0.33333,0.0,0.0,0.0,0.0,0.0,6.6667,6.1111,1.8889,2.6667,7.1111,6.0,3.2222,3.5556,4.5556,2.4444,3.3333,4.0,2.5556,3.2222
1960,1961,stimulus_1961,/pscratch/sd/s/sjmoon/EmoFM/videos/CowenEmotionVideos/1961.mp4,True,0.0,0.5,0.0,0.66667,0.0,0.0,0.083333,0.0,0.0,0.0,0.0,0.0,0.0,0.0,0.0,0.0,0.083333,0.0,0.0,0.0,0.0,0.0,0.16667,0.16667,0.0,0.0,0.083333,0.0,0.0,0.0,0.0,0.16667,0.0,0.0,6.6667,4.6667,7.5556,6.7778,6.6667,6.1111,6.7778,6.0,2.7778,6.8889,4.3333,2.7778,7.1111,6.3333
1961,1962,stimulus_1962,/pscratch/sd/s/sjmoon/EmoFM/videos/CowenEmotionVideos/1962.mp4,True,0.083333,0.0,0.58333,0.16667,0.0,0.0,0.25,0.0,0.0,0.25,0.0,0.0,0.0,0.0,0.0,0.0,0.25,0.0,0.0,0.0,0.0,0.0,0.16667,0.083333,0.0,0.0,0.0,0.0,0.0,0.0,0.0,0.0,0.0,0.0,4.8889,4.7778,6.5556,6.3333,6.0,5.8889,3.2222,6.4444,3.0,6.2222,4.5556,3.0,5.8889,6.5556
1962,1963,stimulus_1963,/pscratch/sd/s/sjmoon/EmoFM/videos/CowenEmotionVideos/1963.mp4,True,0.0,0.0,0.0,0.66667,0.0,0.0,0.0,0.0,0.083333,0.0,0.083333,0.0,0.0,0.0,0.0,0.0,0.0,0.0,0.0,0.0,0.0,0.0,0.16667,0.083333,0.0,0.0,0.0,0.0,0.0,0.0,0.0,0.0,0.0,0.0,5.2222,5.6667,6.3333,5.6667,5.7778,6.1111,4.6667,6.2222,2.5556,4.7778,5.1111,3.3333,5.6667,6.6667
1963,1964,stimulus_1964,/pscratch/sd/s/sjmoon/EmoFM/videos/CowenEmotionVideos/1964.mp4,True,0.0,0.0,0.0,0.0,0.0,0.41667,0.0,0.0,0.0,0.0,0.0,0.0,0.0,0.0,0.0,0.083333,0.0,0.0,0.0,0.75,0.0,0.25,0.0,0.0,0.0,0.0,0.0,0.0,0.083333,0.0,0.0,0.16667,0.0,0.0,6.5556,4.8889,4.0,2.7778,6.2222,4.6667,6.8889,1.7778,4.5556,2.8889,6.5556,5.1111,3.1111,3.3333
1964,1965,stimulus_1965,/pscratch/sd/s/sjmoon/EmoFM/videos/CowenEmotionVideos/1965.mp4,True,0.25,0.25,0.0,0.0,0.0,0.083333,0.25,0.0,0.0,0.0,0.0,0.0,0.0,0.0,0.0,0.0,0.0,0.0,0.0,0.0,0.0,0.0,0.0,0.58333,0.0,0.0,0.41667,0.0,0.0,0.0,0.0,0.083333,0.083333,0.083333,6.5556,5.6667,7.8889,6.7778,6.4444,6.5556,7.8889,7.6667,1.8889,8.1111,7.7778,1.7778,6.3333,7.6667
1965,1966,stimulus_1966,/pscratch/sd/s/sjmoon/EmoFM/videos/CowenEmotionVideos/1966.mp4,True,0.0,0.0,0.083333,0.5,0.0,0.0,0.0,0.0,0.0,0.083333,0.0,0.0,0.0,0.0,0.0,0.0,0.083333,0.0,0.0,0.0,0.0,0.0,0.083333,0.33333,0.66667,0.0,0.0,0.0,0.0,0.0,0.0,0.0,0.0,0.0,5.6667,3.5556,8.4444,7.1111,6.6667,5.7778,6.7778,7.0,1.8889,7.6667,4.6667,3.1111,7.0,6.2222
1966,1967,stimulus_1967,/pscratch/sd/s/sjmoon/EmoFM/videos/CowenEmotionVideos/1967.mp4,True,0.16667,0.0,0.083333,0.0,0.0,0.0,0.41667,0.0,0.0,0.0,0.25,0.0,0.0,0.0,0.0,0.0,0.083333,0.0,0.0,0.0,0.0,0.0,0.5,0.0,0.0,0.0,0.0,0.0,0.0,0.0,0.0,0.16667,0.0,0.0,5.7778,5.8889,4.6667,5.5556,6.2222,4.5556,2.8889,6.2222,3.5556,5.6667,2.7778,3.3333,6.1111,6.3333
1967,1968,stimulus_1968,/pscratch/sd/s/sjmoon/EmoFM/videos/CowenEmotionVideos/1968.mp4,True,0.0,0.0,0.083333,0.0,0.0,0.0,0.0,0.0,0.0,0.0,0.0,0.083333,0.91667,0.0,0.0,0.0,0.083333,0.0,0.0,0.0,0.0,0.0,0.083333,0.083333,0.0,0.0,0.0,0.0,0.0,0.0,0.0,0.0,0.0,0.0,5.4444,6.1111,7.0,6.2222,7.0,5.4444,3.8889,6.4444,2.6667,5.4444,3.8889,2.7778,6.1111,5.7778
1968,1969,stimulus_1969,/pscratch/sd/s/sjmoon/EmoFM/videos/CowenEmotionVideos/1969.mp4,True,0.25,0.0,0.16667,0.16667,0.0,0.083333,0.5,0.0,0.0,0.0,0.0,0.0,0.0,0.0,0.0,0.0,0.16667,0.0,0.25,0.083333,0.0,0.0,0.5,0.083333,0.0,0.0,0.0,0.0,0.0,0.0,0.0,0.0,0.0,0.0,6.1111,5.1111,6.4444,6.4444,6.0,6.1111,5.3333,7.3333,1.5556,6.6667,5.2222,2.2222,5.5556,6.2222
1969,1970,stimulus_1970,/pscratch/sd/s/sjmoon/EmoFM/videos/CowenEmotionVideos/1970.mp4,True,0.083333,0.25,0.0,0.33333,0.0,0.0,0.41667,0.0,0.0,0.0,0.0,0.0,0.0,0.0,0.16667,0.0,0.16667,0.0,0.0,0.0,0.0,0.0,0.25,0.16667,0.0,0.0,0.0,0.0,0.0,0.0,0.0,0.0,0.0,0.0,5.7778,4.4444,6.8889,7.1111,5.5556,6.3333,6.1111,7.4444,1.2222,6.0,5.1111,2.3333,5.8889,5.8889
1970,1971,stimulus_1971,/pscratch/sd/s/sjmoon/EmoFM/videos/CowenEmotionVideos/1971.mp4,True,0.083333,0.0,0.0,0.16667,0.0,0.25,0.25,0.0,0.0,0.0,0.0,0.0,0.0,0.0,0.0,0.0,0.083333,0.0,0.16667,0.25,0.0,0.0,0.58333,0.083333,0.0,0.0,0.0,0.0,0.0,0.083333,0.0,0.16667,0.0,0.0,7.5556,4.4444,6.6667,6.1111,7.0,4.0,4.1111,6.6667,2.4444,6.4444,4.0,3.7778,4.2222,6.4444
1971,1972,stimulus_1972,/pscratch/sd/s/sjmoon/EmoFM/videos/CowenEmotionVideos/1972.mp4,True,0.0,0.0,0.0,0.25,0.0,0.0,0.0,0.33333,0.0,0.0,0.083333,0.0,0.0,0.0,0.33333,0.0,0.0,0.0,0.0,0.0,0.0,0.0,0.0,0.25,0.0,0.0,0.0,0.5,0.0,0.0,0.0,0.0,0.0,0.0,5.1111,5.2222,4.5556,4.1111,5.0,5.1111,5.1111,5.2222,3.3333,5.8889,5.5556,3.3333,6.0,3.5556
1972,1973,stimulus_1973,/pscratch/sd/s/sjmoon/EmoFM/videos/CowenEmotionVideos/1973.mp4,True,0.0,0.0,0.0,0.083333,0.0,0.0,0.0,0.16667,0.16667,0.0,0.0,0.0,0.0,0.0,0.33333,0.0,0.0,0.0,0.0,0.0,0.083333,0.0,0.0,0.0,0.0,0.0,0.0,0.0,0.0,0.0,0.33333,0.083333,0.0,0.0,4.7778,5.0,3.3333,2.3333,3.5556,5.8889,4.5556,5.8889,4.6667,5.2222,4.5556,3.2222,4.3333,3.4444
1973,1974,stimulus_1974,/pscratch/sd/s/sjmoon/EmoFM/videos/CowenEmotionVideos/1974.mp4,True,0.0,0.0,0.083333,0.0,0.0,0.0,0.0,0.0,0.16667,0.0,0.0,0.0,0.0,0.0,0.25,0.0,0.0,0.0,0.0,0.0,0.0,0.0,0.083333,0.0,0.0,0.0,0.0,0.0,0.0,0.0,0.58333,0.0,0.0,0.0,7.5556,5.6667,6.8889,7.4444,6.0,6.7778,6.5556,8.3333,2.0,6.2222,6.3333,3.3333,5.7778,6.4444
1974,1975,stimulus_1975,/pscratch/sd/s/sjmoon/EmoFM/videos/CowenEmotionVideos/1975.mp4,True,0.0,0.0,0.0,0.0,0.0,0.0,0.0,0.0,0.0,0.0,0.0,0.0,0.0,0.0,0.083333,0.0,0.0,0.0,0.0,0.0,0.0,0.0,0.083333,0.083333,0.0,0.0,0.0,0.75,0.0,0.083333,0.5,0.0,0.0,0.0,7.0,5.2222,7.3333,5.8889,6.4444,6.2222,5.7778,7.6667,2.8889,7.2222,6.1111,2.8889,6.2222,6.6667
1975,1976,stimulus_1976,/pscratch/sd/s/sjmoon/EmoFM/videos/CowenEmotionVideos/1976.mp4,True,0.083333,0.16667,0.0,0.58333,0.0,0.0,0.41667,0.0,0.0,0.0,0.0,0.0,0.0,0.0,0.0,0.0,0.083333,0.0,0.083333,0.0,0.0,0.0,0.25,0.0,0.0,0.0,0.0,0.0,0.0,0.0,0.0,0.16667,0.0,0.16667,6.4444,5.4444,6.7778,5.4444,6.5556,7.1111,6.1111,6.6667,2.0,6.2222,4.5556,2.6667,5.0,7.0
1976,1977,stimulus_1977,/pscratch/sd/s/sjmoon/EmoFM/videos/CowenEmotionVideos/1977.mp4,True,0.0,0.0,0.0,0.0,0.0,0.083333,0.0,0.25,0.16667,0.0,0.0,0.0,0.0,0.0,0.33333,0.0,0.0,0.0,0.0,0.0,0.083333,0.0,0.0,0.0,0.0,0.0,0.0,0.0,0.0,0.0,0.33333,0.0,0.0,0.0,5.0,4.3333,3.3333,3.5556,3.8889,5.5556,4.3333,5.3333,5.8889,5.6667,4.1111,3.6667,3.4444,3.6667
1977,1978,stimulus_1978,/pscratch/sd/s/sjmoon/EmoFM/videos/CowenEmotionVideos/1978.mp4,True,0.083333,0.16667,0.0,0.0,0.0,0.0,0.25,0.0,0.0,0.0,0.0,0.0,0.0,0.0,0.0,0.0,0.0,0.083333,0.0,0.0,0.0,0.0,0.0,0.25,0.16667,0.0,0.0,0.75,0.0,0.0,0.0,0.0,0.0,0.0,5.3333,4.2222,7.2222,7.0,5.8889,6.1111,6.6667,7.6667,1.1111,7.1111,6.5556,2.2222,7.4444,6.8889
1978,1979,stimulus_1979,/pscratch/sd/s/sjmoon/EmoFM/videos/CowenEmotionVideos/1979.mp4,True,0.0,0.0,0.0,0.16667,0.0,0.33333,0.0,0.16667,0.0,0.0,0.25,0.0,0.0,0.0,0.083333,0.0,0.16667,0.0,0.16667,0.16667,0.0,0.083333,0.083333,0.0,0.0,0.0,0.0,0.0,0.16667,0.0,0.0,0.083333,0.0,0.0,6.1111,5.0,3.0,2.6667,6.1111,3.5556,4.0,2.3333,3.4444,2.8889,2.8889,4.5556,2.3333,4.5556
1979,1980,stimulus_1980,/pscratch/sd/s/sjmoon/EmoFM/videos/CowenEmotionVideos/1980.mp4,True,0.083333,0.0,0.083333,0.083333,0.0,0.16667,0.41667,0.0,0.0,0.0,0.0,0.0,0.0,0.0,0.0,0.0,0.16667,0.0,0.25,0.5,0.0,0.0,0.33333,0.0,0.0,0.0,0.083333,0.0,0.0,0.0,0.0,0.0,0.0,0.083333,7.0,6.1111,7.3333,5.5556,6.7778,5.0,4.7778,6.6667,2.5556,5.6667,5.1111,3.5556,4.6667,7.8889
1980,1981,stimulus_1981,/pscratch/sd/s/sjmoon/EmoFM/videos/CowenEmotionVideos/1981.mp4,True,0.1,0.1,0.1,0.0,0.0,0.0,0.1,0.0,0.1,0.0,0.1,0.0,0.6,0.0,0.0,0.0,0.1,0.0,0.0,0.0,0.0,0.0,0.2,0.1,0.0,0.0,0.0,0.0,0.0,0.0,0.0,0.0,0.0,0.0,6.4444,5.3333,7.8889,7.3333,6.1111,6.5556,4.2222,8.2222,3.0,6.3333,5.0,1.8889,6.2222,5.8889
1981,1982,stimulus_1982,/pscratch/sd/s/sjmoon/EmoFM/videos/CowenEmotionVideos/1982.mp4,True,0.0,0.0,0.1,0.1,0.0,0.1,0.0,0.1,0.0,0.0,0.1,0.0,0.0,0.0,0.1,0.0,0.0,0.0,0.0,0.0,0.0,0.0,0.0,0.0,0.7,0.0,0.0,0.0,0.0,0.1,0.1,0.0,0.0,0.0,5.6667,5.3333,6.1111,3.8889,6.4444,5.8889,5.6667,5.4444,2.2222,5.1111,5.8889,3.4444,4.7778,5.3333
1982,1983,stimulus_1983,/pscratch/sd/s/sjmoon/EmoFM/videos/CowenEmotionVideos/1983.mp4,True,0.0,0.0,0.0,0.0,0.0,0.0,0.0,0.1,0.1,0.0,0.0,0.0,0.1,0.0,0.0,0.0,0.0,0.0,0.1,0.0,0.0,0.0,0.0,0.0,0.0,0.0,0.0,0.1,0.0,0.1,0.8,0.1,0.0,0.0,6.2222,5.7778,5.7778,6.1111,5.6667,5.8889,5.1111,6.5556,3.6667,5.8889,5.4444,3.3333,5.8889,5.7778
1983,1984,stimulus_1984,/pscratch/sd/s/sjmoon/EmoFM/videos/CowenEmotionVideos/1984.mp4,True,0.0,0.0,0.1,0.2,0.0,0.0,0.2,0.0,0.0,0.0,0.2,0.0,0.0,0.0,0.2,0.0,0.1,0.0,0.0,0.0,0.0,0.1,0.2,0.0,0.0,0.0,0.0,0.1,0.0,0.0,0.0,0.2,0.0,0.0,4.7778,5.2222,5.2222,4.4444,6.3333,5.0,5.1111,7.2222,3.5556,5.2222,4.3333,3.4444,5.8889,5.3333
1984,1985,stimulus_1985,/pscratch/sd/s/sjmoon/EmoFM/videos/CowenEmotionVideos/1985.mp4,True,0.0,0.0,0.0,0.0,0.2,0.2,0.0,0.0,0.0,0.0,0.1,0.0,0.0,0.1,0.3,0.0,0.0,0.0,0.0,0.2,0.0,0.1,0.0,0.0,0.0,0.0,0.0,0.0,0.3,0.0,0.0,0.0,0.0,0.0,6.2222,6.4444,2.5556,2.3333,5.5556,4.0,4.8889,2.5556,3.8889,3.3333,5.8889,3.7778,2.4444,4.5556
1985,1986,stimulus_1986,/pscratch/sd/s/sjmoon/EmoFM/videos/CowenEmotionVideos/1986.mp4,True,0.2,0.0,0.8,0.1,0.0,0.0,0.2,0.0,0.0,0.2,0.0,0.0,0.0,0.0,0.0,0.0,0.0,0.0,0.0,0.0,0.0,0.0,0.1,0.0,0.0,0.1,0.0,0.1,0.0,0.0,0.0,0.0,0.0,0.0,4.4444,4.7778,6.8889,6.5556,6.0,6.2222,4.2222,7.2222,2.3333,6.2222,4.4444,2.2222,6.3333,6.3333
1986,1987,stimulus_1987,/pscratch/sd/s/sjmoon/EmoFM/videos/CowenEmotionVideos/1987.mp4,True,0.0,0.0,0.0,0.0,0.0,0.2,0.0,0.1,0.0,0.0,0.0,0.0,0.0,0.0,0.7,0.0,0.0,0.0,0.0,0.0,0.0,0.3,0.1,0.0,0.0,0.0,0.0,0.0,0.0,0.0,0.0,0.0,0.0,0.0,5.6667,5.0,2.8889,3.1111,5.5556,5.3333,3.5556,4.8889,3.5556,5.6667,3.5556,4.4444,4.0,4.5556
1987,1988,stimulus_1988,/pscratch/sd/s/sjmoon/EmoFM/videos/CowenEmotionVideos/1988.mp4,True,0.2,0.0,0.6,0.1,0.0,0.0,0.0,0.0,0.0,0.4,0.0,0.0,0.0,0.0,0.0,0.0,0.0,0.0,0.0,0.0,0.0,0.0,0.0,0.0,0.0,0.1,0.0,0.0,0.0,0.0,0.0,0.0,0.0,0.0,3.8889,4.5556,6.8889,7.3333,6.1111,6.7778,3.7778,7.4444,1.6667,6.2222,3.8889,2.5556,7.1111,6.1111
1988,1989,stimulus_1989,/pscratch/sd/s/sjmoon/EmoFM/videos/CowenEmotionVideos/1989.mp4,True,0.1,0.0,0.0,0.0,0.0,0.0,0.0,0.0,0.2,0.0,0.0,0.0,0.0,0.0,0.0,0.0,0.0,0.0,0.0,0.0,0.0,0.0,0.1,0.0,0.0,0.1,0.0,0.6,0.0,0.0,0.2,0.0,0.0,0.0,5.7778,5.3333,7.4444,7.2222,6.7778,6.7778,6.3333,8.1111,2.8889,6.7778,6.4444,2.2222,7.6667,6.6667
1989,1990,stimulus_1990,/pscratch/sd/s/sjmoon/EmoFM/videos/CowenEmotionVideos/1990.mp4,True,0.0,0.0,0.0,0.0,0.1,0.4,0.0,0.0,0.0,0.0,0.0,0.0,0.0,0.0,0.2,0.2,0.0,0.0,0.0,0.4,0.0,0.4,0.1,0.0,0.0,0.0,0.0,0.0,0.2,0.0,0.0,0.1,0.1,0.0,5.7778,4.0,2.3333,1.8889,5.1111,3.8889,6.4444,2.5556,6.4444,2.8889,5.3333,5.2222,2.2222,3.0
1990,1991,stimulus_1991,/pscratch/sd/s/sjmoon/EmoFM/videos/CowenEmotionVideos/1991.mp4,True,0.0,0.0,0.0,0.0,0.1,0.1,0.0,0.0,0.0,0.0,0.0,0.0,0.0,0.0,0.7,0.1,0.0,0.0,0.0,0.1,0.0,0.5,0.0,0.0,0.0,0.0,0.0,0.0,0.0,0.0,0.0,0.0,0.0,0.0,5.6667,6.0,1.6667,1.7778,4.7778,3.2222,4.1111,2.8889,6.0,2.8889,3.3333,5.5556,2.3333,2.5556
1991,1992,stimulus_1992,/pscratch/sd/s/sjmoon/EmoFM/videos/CowenEmotionVideos/1992.mp4,True,0.1,0.0,0.0,0.5,0.0,0.0,0.3,0.0,0.0,0.0,0.0,0.1,0.0,0.0,0.0,0.0,0.0,0.0,0.0,0.0,0.0,0.0,0.2,0.1,0.0,0.0,0.0,0.0,0.0,0.0,0.0,0.2,0.0,0.3,6.5556,6.1111,7.4444,6.6667,6.7778,5.4444,6.1111,6.6667,3.5556,6.1111,6.2222,2.7778,6.1111,7.2222
1992,1993,stimulus_1993,/pscratch/sd/s/sjmoon/EmoFM/videos/CowenEmotionVideos/1993.mp4,True,0.2,0.1,0.1,0.1,0.0,0.0,0.0,0.0,0.0,0.0,0.0,0.0,0.7,0.0,0.0,0.0,0.0,0.0,0.0,0.0,0.0,0.0,0.1,0.1,0.0,0.0,0.0,0.0,0.0,0.1,0.0,0.0,0.0,0.0,6.7778,4.3333,7.6667,7.3333,5.5556,5.7778,5.4444,6.8889,2.7778,5.5556,5.8889,3.0,6.1111,5.3333
1993,1994,stimulus_1994,/pscratch/sd/s/sjmoon/EmoFM/videos/CowenEmotionVideos/1994.mp4,True,0.3,0.4,0.0,0.4,0.0,0.0,0.3,0.0,0.0,0.0,0.0,0.0,0.0,0.0,0.1,0.1,0.0,0.0,0.0,0.0,0.0,0.0,0.1,0.0,0.0,0.1,0.0,0.0,0.2,0.0,0.0,0.0,0.1,0.0,4.2222,3.7778,5.2222,5.4444,4.7778,3.8889,7.2222,4.3333,2.7778,4.0,4.5556,3.5556,5.4444,4.5556
1994,1995,stimulus_1995,/pscratch/sd/s/sjmoon/EmoFM/videos/CowenEmotionVideos/1995.mp4,True,0.2,0.2,0.0,0.8,0.0,0.0,0.1,0.0,0.0,0.0,0.0,0.0,0.0,0.0,0.0,0.0,0.0,0.0,0.0,0.0,0.0,0.0,0.0,0.0,0.0,0.0,0.0,0.0,0.0,0.0,0.0,0.0,0.0,0.0,5.6667,4.0,6.1111,5.3333,6.4444,6.3333,5.7778,4.2222,2.2222,4.6667,5.4444,2.3333,5.2222,5.5556
1995,1996,stimulus_1996,/pscratch/sd/s/sjmoon/EmoFM/videos/CowenEmotionVideos/1996.mp4,True,0.1,0.0,0.0,0.6,0.0,0.0,0.0,0.3,0.0,0.0,0.0,0.0,0.0,0.0,0.0,0.0,0.0,0.1,0.1,0.0,0.1,0.0,0.0,0.2,0.2,0.1,0.0,0.0,0.0,0.0,0.0,0.0,0.0,0.0,5.2222,4.1111,4.7778,3.2222,4.6667,4.8889,4.2222,4.4444,2.2222,3.7778,3.7778,4.5556,5.1111,4.0
1996,1997,stimulus_1997,/pscratch/sd/s/sjmoon/EmoFM/videos/CowenEmotionVideos/1997.mp4,True,0.1,0.0,0.2,0.4,0.0,0.0,0.1,0.0,0.2,0.0,0.0,0.0,0.0,0.0,0.0,0.0,0.1,0.0,0.0,0.0,0.0,0.0,0.4,0.0,0.0,0.0,0.0,0.0,0.0,0.2,0.0,0.0,0.0,0.0,5.3333,4.8889,5.8889,6.0,6.5556,5.0,5.3333,7.2222,1.7778,5.3333,5.0,3.4444,5.2222,6.8889
1997,1998,stimulus_1998,/pscratch/sd/s/sjmoon/EmoFM/videos/CowenEmotionVideos/1998.mp4,True,0.0,0.0,0.0,0.0,0.0,0.0,0.0,0.1,0.1,0.0,0.0,0.0,0.1,0.0,0.0,0.0,0.0,0.1,0.1,0.0,0.0,0.0,0.2,0.0,0.0,0.0,0.0,0.2,0.0,0.0,0.6,0.0,0.0,0.0,6.4444,4.5556,6.6667,6.2222,6.4444,6.2222,6.6667,7.2222,2.1111,5.8889,5.7778,3.6667,5.7778,6.1111
1998,1999,stimulus_1999,/pscratch/sd/s/sjmoon/EmoFM/videos/CowenEmotionVideos/1999.mp4,True,0.0,0.0,0.0,0.0,0.0,0.1,0.2,0.0,0.0,0.0,0.2,0.0,0.0,0.0,0.0,0.1,0.0,0.0,0.0,0.3,0.0,0.0,0.2,0.0,0.0,0.0,0.1,0.0,0.0,0.0,0.0,0.4,0.0,0.0,6.0,3.8889,2.8889,2.8889,5.4444,4.2222,4.6667,2.1111,4.1111,3.1111,5.2222,5.5556,2.1111,3.6667
1999,2000,stimulus_2000,/pscratch/sd/s/sjmoon/EmoFM/videos/CowenEmotionVideos/2000.mp4,True,0.2,0.0,0.1,0.5,0.0,0.0,0.2,0.0,0.0,0.0,0.1,0.0,0.0,0.0,0.0,0.0,0.0,0.0,0.0,0.0,0.0,0.0,0.3,0.0,0.4,0.1,0.0,0.0,0.0,0.0,0.0,0.0,0.0,0.0,5.4444,4.8889,7.1111,6.6667,6.1111,5.5556,6.0,6.6667,2.0,4.1111,5.6667,2.1111,5.3333,5.5556
2000,2001,stimulus_2001,/pscratch/sd/s/sjmoon/EmoFM/videos/CowenEmotionVideos/2001.mp4,True,0.1,0.4,0.0,0.5,0.0,0.0,0.2,0.0,0.0,0.0,0.0,0.0,0.0,0.0,0.0,0.0,0.0,0.0,0.0,0.0,0.0,0.0,0.0,0.2,0.0,0.1,0.0,0.0,0.0,0.0,0.0,0.1,0.0,0.0,5.6667,4.4444,8.0,6.2222,5.6667,4.4444,5.4444,5.4444,1.7778,5.0,5.0,3.2222,6.0,5.5556
2001,2002,stimulus_2002,/pscratch/sd/s/sjmoon/EmoFM/videos/CowenEmotionVideos/2002.mp4,True,0.1,0.0,0.0,0.1,0.0,0.0,0.0,0.1,0.1,0.0,0.1,0.1,0.0,0.0,0.0,0.0,0.0,0.0,0.1,0.0,0.0,0.0,0.0,0.3,0.3,0.2,0.0,0.0,0.0,0.1,0.0,0.0,0.0,0.0,4.7778,4.3333,6.7778,5.8889,5.2222,5.4444,5.4444,5.8889,2.6667,4.7778,5.7778,3.1111,6.7778,5.7778
2002,2003,stimulus_2003,/pscratch/sd/s/sjmoon/EmoFM/videos/CowenEmotionVideos/2003.mp4,True,0.1,0.1,0.1,0.1,0.0,0.1,0.0,0.0,0.1,0.0,0.0,0.0,0.0,0.1,0.0,0.0,0.0,0.0,0.1,0.0,0.0,0.1,0.2,0.0,0.0,0.0,0.0,0.0,0.0,0.1,0.0,0.2,0.0,0.0,6.5556,5.6667,4.7778,2.5556,6.4444,4.0,4.6667,5.5556,2.6667,4.3333,4.8889,4.2222,3.4444,5.2222
2003,2004,stimulus_2004,/pscratch/sd/s/sjmoon/EmoFM/videos/CowenEmotionVideos/2004.mp4,True,0.0,0.0,0.0,0.1,0.0,0.0,0.0,0.1,0.0,0.0,0.1,0.0,0.0,0.0,0.9,0.0,0.0,0.0,0.0,0.0,0.0,0.2,0.0,0.0,0.0,0.0,0.0,0.0,0.0,0.0,0.0,0.0,0.0,0.0,3.4444,3.1111,1.4444,1.2222,3.6667,3.3333,2.0,3.8889,6.4444,2.8889,2.1111,4.4444,2.8889,1.4444
2004,2005,stimulus_2005,/pscratch/sd/s/sjmoon/EmoFM/videos/CowenEmotionVideos/2005.mp4,True,0.1,0.0,0.0,0.3,0.0,0.0,0.0,0.0,0.2,0.1,0.0,0.0,0.0,0.0,0.0,0.0,0.1,0.0,0.0,0.0,0.0,0.0,0.2,0.1,0.1,0.1,0.0,0.0,0.0,0.1,0.0,0.0,0.0,0.0,4.4444,4.6667,5.4444,6.1111,6.2222,6.3333,4.6667,8.2222,2.0,6.2222,6.2222,3.3333,6.3333,7.0
2005,2006,stimulus_2006,/pscratch/sd/s/sjmoon/EmoFM/videos/CowenEmotionVideos/2006.mp4,True,0.0,0.0,0.0,0.1,0.0,0.1,0.1,0.0,0.0,0.0,0.2,0.0,0.0,0.1,0.1,0.0,0.0,0.0,0.0,0.3,0.0,0.2,0.1,0.0,0.0,0.0,0.0,0.0,0.0,0.0,0.0,0.5,0.0,0.0,6.6667,4.8889,3.5556,3.1111,7.0,4.5556,5.4444,3.6667,3.7778,3.6667,4.7778,5.0,2.2222,3.1111
2006,2007,stimulus_2007,/pscratch/sd/s/sjmoon/EmoFM/videos/CowenEmotionVideos/2007.mp4,True,0.1,0.1,0.2,0.1,0.0,0.0,0.0,0.0,0.2,0.0,0.0,0.0,0.0,0.0,0.0,0.0,0.0,0.1,0.0,0.0,0.0,0.0,0.0,0.1,0.0,0.1,0.0,0.6,0.0,0.0,0.0,0.0,0.0,0.0,5.0,4.6667,6.5556,6.5556,7.3333,6.7778,6.1111,7.7778,2.8889,6.2222,6.2222,2.7778,7.2222,6.6667
2007,2008,stimulus_2008,/pscratch/sd/s/sjmoon/EmoFM/videos/CowenEmotionVideos/2008.mp4,True,0.0,0.0,0.0,0.0,0.1,0.2,0.1,0.0,0.0,0.0,0.1,0.0,0.0,0.0,0.5,0.1,0.0,0.0,0.0,0.2,0.1,0.2,0.1,0.0,0.0,0.0,0.0,0.0,0.2,0.0,0.0,0.1,0.0,0.0,5.8889,5.6667,2.6667,2.2222,7.2222,5.4444,4.2222,4.4444,4.6667,2.7778,4.0,4.6667,3.5556,3.8889
2008,2009,stimulus_2009,/pscratch/sd/s/sjmoon/EmoFM/videos/CowenEmotionVideos/2009.mp4,True,0.0,0.0,0.0,0.1,0.0,0.2,0.0,0.1,0.0,0.0,0.1,0.0,0.0,0.0,0.6,0.0,0.0,0.0,0.0,0.1,0.0,0.1,0.0,0.0,0.0,0.0,0.0,0.0,0.2,0.0,0.0,0.0,0.0,0.0,5.1111,5.2222,3.1111,4.7778,6.1111,5.2222,4.5556,5.3333,4.0,4.0,3.5556,4.4444,5.4444,3.5556
2009,2010,stimulus_2010,/pscratch/sd/s/sjmoon/EmoFM/videos/CowenEmotionVideos/2010.mp4,True,0.0,0.0,0.0,0.0,0.0,0.1,0.0,0.0,0.0,0.0,0.0,0.0,0.0,0.0,1.0,0.1,0.0,0.0,0.0,0.1,0.0,0.3,0.0,0.0,0.0,0.0,0.0,0.0,0.0,0.0,0.0,0.1,0.0,0.0,5.7778,5.4444,2.6667,3.1111,5.5556,5.2222,5.3333,3.7778,4.7778,3.2222,3.7778,3.8889,4.6667,3.1111
2010,2011,stimulus_2011,/pscratch/sd/s/sjmoon/EmoFM/videos/CowenEmotionVideos/2011.mp4,True,0.0,0.0,0.0,0.0,0.090909,0.31818,0.0,0.0,0.0,0.0,0.0,0.0,0.0,0.0,0.090909,0.090909,0.0,0.0,0.090909,0.0,0.0,0.0,0.0,0.0,0.0,0.0,0.27273,0.0,0.45455,0.0,0.0,0.18182,0.090909,0.0,5.3333,5.2222,2.7778,3.6667,6.8889,5.3333,4.4444,4.6667,4.5556,3.6667,3.2222,4.7778,4.0,4.0
2011,2012,stimulus_2012,/pscratch/sd/s/sjmoon/EmoFM/videos/CowenEmotionVideos/2012.mp4,True,0.0,0.0,0.0,0.0,0.31818,0.090909,0.0,0.0,0.0,0.0,0.18182,0.0,0.0,0.0,0.86364,0.090909,0.0,0.0,0.0,0.18182,0.0,0.40909,0.0,0.0,0.0,0.0,0.0,0.0,0.45455,0.0,0.0,0.0,0.090909,0.0,6.4444,5.7778,2.2222,2.7778,6.2222,5.6667,4.3333,2.4444,4.5556,2.6667,4.2222,4.1111,2.5556,2.5556
2012,2013,stimulus_2013,/pscratch/sd/s/sjmoon/EmoFM/videos/CowenEmotionVideos/2013.mp4,True,0.13636,0.18182,0.0,0.13636,0.0,0.0,0.36364,0.0,0.0,0.0,0.0,0.0,0.0,0.0,0.0,0.0,0.0,0.0,0.0,0.0,0.0,0.0,0.0,0.59091,0.0,0.0,0.0,0.0,0.0,0.0,0.0,0.0,0.090909,0.090909,5.8889,5.8889,7.1111,6.8889,5.8889,6.4444,6.8889,8.2222,3.2222,7.0,7.5556,2.0,6.7778,6.8889
2013,2014,stimulus_2014,/pscratch/sd/s/sjmoon/EmoFM/videos/CowenEmotionVideos/2014.mp4,True,0.0,0.0,0.0,0.0,0.090909,0.090909,0.090909,0.090909,0.0,0.0,0.45455,0.090909,0.0,0.18182,0.18182,0.0,0.0,0.0,0.0,0.0,0.0,0.0,0.0,0.0,0.0,0.0,0.0,0.0,0.090909,0.0,0.0,0.090909,0.0,0.0,5.5556,5.0,3.7778,3.0,5.8889,5.7778,5.2222,3.7778,3.4444,3.2222,3.1111,4.5556,3.1111,3.6667
2014,2015,stimulus_2015,/pscratch/sd/s/sjmoon/EmoFM/videos/CowenEmotionVideos/2015.mp4,True,0.0,0.0,0.090909,0.0,0.0,0.0,0.0,0.0,0.090909,0.0,0.0,0.0,0.0,0.0,0.0,0.0,0.0,0.0,0.18182,0.0,0.0,0.0,0.0,0.0,0.0,0.0,0.0,0.0,0.0,0.0,0.90909,0.090909,0.0,0.0,6.4444,6.6667,5.7778,6.4444,5.8889,6.3333,5.5556,6.6667,3.0,6.2222,5.5556,3.3333,5.6667,5.8889
2015,2016,stimulus_2016,/pscratch/sd/s/sjmoon/EmoFM/videos/CowenEmotionVideos/2016.mp4,True,0.0,0.0,0.0,0.0,0.0,0.090909,0.0,0.18182,0.0,0.0,0.0,0.0,0.0,0.0,0.36364,0.0,0.0,0.0,0.0,0.0,0.0,0.0,0.0,0.0,0.0,0.0,0.0,0.0,0.0,0.0,0.27273,0.090909,0.0,0.0,4.0,4.7778,3.4444,2.7778,4.0,4.6667,4.2222,5.0,5.1111,5.0,4.6667,3.4444,4.3333,4.6667
2016,2017,stimulus_2017,/pscratch/sd/s/sjmoon/EmoFM/videos/CowenEmotionVideos/2017.mp4,True,0.0,0.0,0.18182,0.45455,0.0,0.0,0.0,0.0,0.0,0.090909,0.090909,0.0,0.0,0.0,0.0,0.0,0.090909,0.0,0.090909,0.0,0.0,0.0,0.18182,0.0,0.18182,0.0,0.0,0.0,0.0,0.090909,0.0,0.0,0.0,0.0,6.5556,5.3333,5.8889,5.3333,6.5556,5.5556,5.2222,5.3333,4.3333,5.5556,5.4444,4.3333,6.0,5.5556
2017,2018,stimulus_2018,/pscratch/sd/s/sjmoon/EmoFM/videos/CowenEmotionVideos/2018.mp4,True,0.0,0.0,0.0,0.0,0.0,0.0,0.0,0.0,0.0,0.0,0.0,0.0,0.0,0.0,0.95455,0.0,0.0,0.0,0.0,0.0,0.0,0.045455,0.0,0.0,0.0,0.0,0.090909,0.0,0.0,0.0,0.0,0.0,0.0,0.0,3.8889,3.5556,2.4444,2.0,3.7778,4.7778,4.0,3.7778,5.7778,4.5556,2.7778,5.3333,3.8889,2.7778
2018,2019,stimulus_2019,/pscratch/sd/s/sjmoon/EmoFM/videos/CowenEmotionVideos/2019.mp4,True,0.0,0.0,0.0,0.0,0.0,0.045455,0.0,0.0,0.0,0.0,0.090909,0.0,0.0,0.0,0.81818,0.0,0.0,0.0,0.0,0.0,0.0,0.13636,0.18182,0.0,0.0,0.0,0.0,0.0,0.0,0.0,0.0,0.0,0.0,0.0,4.5556,3.4444,2.6667,2.5556,4.5556,5.1111,3.3333,4.6667,5.7778,4.4444,3.7778,5.1111,4.0,4.1111
2019,2020,stimulus_2020,/pscratch/sd/s/sjmoon/EmoFM/videos/CowenEmotionVideos/2020.mp4,True,0.0,0.0,0.0,0.0,0.0,0.045455,0.0,0.090909,0.0,0.0,0.0,0.0,0.0,0.0,0.86364,0.0,0.0,0.0,0.0,0.0,0.0,0.090909,0.0,0.0,0.0,0.0,0.0,0.0,0.27273,0.0,0.0,0.0,0.045455,0.0,3.5556,3.8889,2.0,2.2222,5.6667,5.8889,4.0,3.8889,6.0,4.0,3.2222,5.3333,3.4444,3.2222
2020,2021,stimulus_2021,/pscratch/sd/s/sjmoon/EmoFM/videos/CowenEmotionVideos/2021.mp4,True,0.0,0.0,0.0,0.31818,0.0,0.13636,0.27273,0.0,0.090909,0.0,0.0,0.0,0.0,0.0,0.0,0.0,0.0,0.0,0.36364,0.18182,0.0,0.0,0.13636,0.18182,0.0,0.0,0.090909,0.0,0.0,0.0,0.0,0.0,0.0,0.0,7.0,5.0,5.7778,4.4444,6.4444,5.7778,5.1111,6.2222,3.3333,5.8889,5.5556,3.5556,3.3333,7.1111
2021,2022,stimulus_2022,/pscratch/sd/s/sjmoon/EmoFM/videos/CowenEmotionVideos/2022.mp4,True,0.0,0.0,0.0,0.0,0.0,0.31818,0.090909,0.0,0.0,0.090909,0.0,0.0,0.0,0.0,0.0,0.0,0.0,0.0,0.18182,0.36364,0.0,0.18182,0.0,0.0,0.0,0.0,0.090909,0.0,0.045455,0.0,0.0,0.18182,0.045455,0.0,5.4444,5.0,3.3333,3.3333,6.1111,4.1111,5.0,4.5556,5.2222,5.0,5.3333,5.5556,2.8889,6.2222
2022,2023,stimulus_2023,/pscratch/sd/s/sjmoon/EmoFM/videos/CowenEmotionVideos/2023.mp4,True,0.0,0.0,0.45455,0.13636,0.0,0.0,0.0,0.0,0.18182,0.18182,0.090909,0.0,0.0,0.0,0.0,0.0,0.18182,0.0,0.0,0.0,0.0,0.0,0.0,0.0,0.0,0.0,0.0,0.0,0.0,0.0,0.0,0.0,0.0,0.0,5.8889,5.4444,6.5556,6.5556,7.1111,6.8889,5.1111,8.2222,2.4444,6.2222,4.7778,2.4444,6.7778,5.7778
2023,2024,stimulus_2024,/pscratch/sd/s/sjmoon/EmoFM/videos/CowenEmotionVideos/2024.mp4,True,0.0,0.0,0.0,0.0,0.0,0.0,0.0,0.18182,0.0,0.0,0.18182,0.0,0.0,0.0,0.81818,0.0,0.0,0.0,0.0,0.0,0.0,0.045455,0.0,0.0,0.0,0.0,0.0,0.0,0.0,0.0,0.0,0.0,0.0,0.0,3.5556,4.7778,2.8889,2.1111,4.6667,5.4444,4.2222,3.3333,5.1111,4.7778,3.2222,5.3333,5.3333,4.2222
2024,2025,stimulus_2025,/pscratch/sd/s/sjmoon/EmoFM/videos/CowenEmotionVideos/2025.mp4,True,0.0,0.0,0.63636,0.090909,0.0,0.0,0.54545,0.0,0.0,0.0,0.0,0.0,0.0,0.0,0.0,0.0,0.090909,0.0,0.090909,0.090909,0.0,0.0,0.36364,0.0,0.0,0.0,0.0,0.0,0.0,0.0,0.0,0.090909,0.0,0.0,6.1111,4.8889,5.5556,6.3333,6.0,6.2222,5.0,6.4444,3.3333,5.6667,5.2222,4.3333,6.1111,7.1111
2025,2026,stimulus_2026,/pscratch/sd/s/sjmoon/EmoFM/videos/CowenEmotionVideos/2026.mp4,True,0.0,0.090909,0.0,0.5,0.0,0.0,0.31818,0.0,0.0,0.0,0.0,0.0,0.0,0.0,0.0,0.0,0.0,0.0,0.0,0.0,0.0,0.0,0.18182,0.0,0.0,0.0,0.0,0.0,0.0,0.18182,0.0,0.27273,0.0,0.0,5.1111,4.4444,6.5556,6.5556,7.0,6.5556,6.8889,7.7778,2.2222,6.8889,6.1111,4.0,7.1111,7.5556
2026,2027,stimulus_2027,/pscratch/sd/s/sjmoon/EmoFM/videos/CowenEmotionVideos/2027.mp4,True,0.090909,0.090909,0.0,0.0,0.0,0.0,0.0,0.0,0.18182,0.0,0.0,0.090909,0.0,0.0,0.0,0.0,0.0,0.0,0.090909,0.0,0.0,0.0,0.13636,0.0,0.0,0.0,0.0,0.13636,0.0,0.090909,0.5,0.0,0.0,0.0,5.0,4.8889,5.4444,5.6667,5.8889,6.0,6.1111,7.0,3.1111,5.5556,5.3333,4.1111,6.4444,5.2222
2027,2028,stimulus_2028,/pscratch/sd/s/sjmoon/EmoFM/videos/CowenEmotionVideos/2028.mp4,True,0.0,0.0,0.45455,0.0,0.0,0.0,0.090909,0.0,0.090909,0.090909,0.090909,0.0,0.0,0.0,0.0,0.0,0.27273,0.0,0.0,0.0,0.0,0.0,0.27273,0.0,0.0,0.0,0.0,0.0,0.0,0.0,0.0,0.0,0.0,0.0,5.3333,4.8889,5.8889,5.6667,6.7778,6.2222,4.6667,7.0,3.2222,6.5556,4.6667,3.6667,6.3333,6.4444
2028,2029,stimulus_2029,/pscratch/sd/s/sjmoon/EmoFM/videos/CowenEmotionVideos/2029.mp4,True,0.0,0.090909,0.0,0.54545,0.0,0.0,0.18182,0.0,0.0,0.090909,0.0,0.0,0.0,0.0,0.0,0.0,0.0,0.0,0.090909,0.0,0.0,0.0,0.0,0.22727,0.0,0.0,0.0,0.0,0.0,0.090909,0.0,0.090909,0.0,0.0,6.5556,6.4444,6.2222,5.4444,6.4444,6.3333,6.8889,6.0,2.2222,6.7778,5.0,4.2222,5.7778,6.8889
2029,2030,stimulus_2030,/pscratch/sd/s/sjmoon/EmoFM/videos/CowenEmotionVideos/2030.mp4,True,0.0,0.0,0.0,0.0,0.0,0.0,0.0,0.0,0.0,0.0,0.0,0.090909,0.090909,0.0,0.0,0.0,0.0,0.0,0.18182,0.0,0.0,0.0,0.0,0.0,0.0,0.0,0.0,0.54545,0.0,0.18182,0.72727,0.0,0.0,0.0,7.1111,5.5556,7.1111,8.0,6.8889,6.6667,7.3333,7.4444,2.3333,7.3333,6.5556,4.0,7.2222,7.5556
2030,2031,stimulus_2031,/pscratch/sd/s/sjmoon/EmoFM/videos/CowenEmotionVideos/2031.mp4,True,0.0,0.090909,0.0,0.72727,0.0,0.0,0.0,0.0,0.0,0.090909,0.27273,0.0,0.0,0.0,0.0,0.0,0.0,0.0,0.0,0.0,0.0,0.0,0.0,0.090909,0.0,0.0,0.0,0.0,0.0,0.090909,0.0,0.0,0.0,0.0,6.3333,5.2222,6.2222,6.3333,6.1111,5.8889,5.8889,7.0,2.8889,6.4444,5.7778,5.3333,5.7778,7.0
2031,2032,stimulus_2032,/pscratch/sd/s/sjmoon/EmoFM/videos/CowenEmotionVideos/2032.mp4,True,0.0,0.0,0.0,0.63636,0.090909,0.0,0.0,0.0,0.0,0.0,0.0,0.0,0.0,0.0,0.0,0.0,0.0,0.0,0.18182,0.090909,0.0,0.0,0.0,0.22727,0.0,0.0,0.090909,0.0,0.0,0.18182,0.0,0.090909,0.0,0.090909,6.0,5.4444,6.0,2.3333,5.2222,4.2222,4.0,2.4444,4.2222,4.7778,4.0,5.4444,4.3333,4.6667
2032,2033,stimulus_2033,/pscratch/sd/s/sjmoon/EmoFM/videos/CowenEmotionVideos/2033.mp4,True,0.0,0.0,0.090909,0.27273,0.0,0.0,0.36364,0.0,0.090909,0.0,0.090909,0.0,0.0,0.0,0.0,0.0,0.18182,0.0,0.090909,0.0,0.0,0.0,0.090909,0.090909,0.0,0.0,0.0,0.0,0.0,0.090909,0.0,0.090909,0.0,0.090909,7.2222,5.8889,6.3333,6.3333,6.8889,5.4444,4.8889,7.6667,3.0,6.3333,4.7778,4.3333,4.6667,6.8889
2033,2034,stimulus_2034,/pscratch/sd/s/sjmoon/EmoFM/videos/CowenEmotionVideos/2034.mp4,True,0.27273,0.18182,0.0,0.045455,0.0,0.0,0.090909,0.0,0.0,0.0,0.0,0.0,0.0,0.0,0.0,0.0,0.0,0.0,0.090909,0.0,0.0,0.0,0.0,0.72727,0.0,0.0,0.0,0.0,0.0,0.18182,0.0,0.27273,0.090909,0.090909,7.3333,5.4444,7.5556,7.6667,7.3333,6.8889,6.7778,8.0,1.4444,7.3333,7.2222,3.1111,7.2222,8.6667
2034,2035,stimulus_2035,/pscratch/sd/s/sjmoon/EmoFM/videos/CowenEmotionVideos/2035.mp4,True,0.090909,0.18182,0.0,0.0,0.0,0.0,0.18182,0.0,0.0,0.0,0.0,0.0,0.0,0.0,0.090909,0.0,0.0,0.0,0.0,0.0,0.0,0.045455,0.0,0.0,0.0,0.0,0.0,0.0,0.63636,0.0,0.0,0.0,0.5,0.0,6.4444,4.8889,5.8889,6.4444,6.6667,5.4444,7.0,6.3333,3.2222,5.4444,5.3333,3.3333,6.1111,6.4444
2035,2036,stimulus_2036,/pscratch/sd/s/sjmoon/EmoFM/videos/CowenEmotionVideos/2036.mp4,True,0.0,0.0,0.0,0.13636,0.18182,0.18182,0.0,0.0,0.090909,0.0,0.22727,0.0,0.0,0.0,0.36364,0.0,0.0,0.0,0.0,0.090909,0.0,0.0,0.0,0.090909,0.0,0.090909,0.0,0.0,0.090909,0.0,0.0,0.0,0.0,0.0,5.1111,4.6667,4.4444,2.5556,4.7778,3.4444,3.1111,3.4444,4.2222,2.4444,4.5556,5.8889,3.2222,4.1111
2036,2037,stimulus_2037,/pscratch/sd/s/sjmoon/EmoFM/videos/CowenEmotionVideos/2037.mp4,True,0.0,0.0,0.0,0.0,0.0,0.0,0.0,0.090909,0.0,0.090909,0.0,0.0,0.0,0.0,0.090909,0.0,0.0,0.0,0.090909,0.0,0.0,0.0,0.090909,0.0,0.0,0.0,0.0,0.36364,0.0,0.0,0.45455,0.0,0.0,0.0,6.8889,4.3333,5.8889,6.4444,5.8889,6.0,5.8889,6.8889,2.6667,6.7778,5.7778,4.2222,5.4444,6.8889
2037,2038,stimulus_2038,/pscratch/sd/s/sjmoon/EmoFM/videos/CowenEmotionVideos/2038.mp4,True,0.0,0.090909,0.0,0.36364,0.0,0.090909,0.27273,0.0,0.0,0.090909,0.0,0.0,0.0,0.0,0.0,0.0,0.0,0.0,0.0,0.0,0.0,0.0,0.0,0.0,0.0,0.0,0.0,0.0,0.36364,0.0,0.0,0.0,0.18182,0.0,5.6667,5.1111,4.6667,4.2222,4.6667,4.1111,5.2222,4.0,3.7778,4.3333,4.8889,4.5556,5.0,5.1111
2038,2039,stimulus_2039,/pscratch/sd/s/sjmoon/EmoFM/videos/CowenEmotionVideos/2039.mp4,True,0.0,0.0,0.0,0.77273,0.0,0.0,0.18182,0.0,0.0,0.0,0.045455,0.0,0.0,0.0,0.0,0.0,0.0,0.0,0.0,0.0,0.0,0.0,0.090909,0.045455,0.0,0.0,0.0,0.0,0.0,0.0,0.0,0.13636,0.0,0.0,5.4444,5.2222,5.0,4.3333,6.0,4.3333,5.4444,4.8889,2.2222,5.7778,4.2222,5.0,4.2222,6.6667
2039,2040,stimulus_2040,/pscratch/sd/s/sjmoon/EmoFM/videos/CowenEmotionVideos/2040.mp4,True,0.0,0.0,0.27273,0.18182,0.0,0.0,0.5,0.0,0.090909,0.0,0.0,0.0,0.0,0.0,0.0,0.0,0.090909,0.0,0.090909,0.0,0.0,0.0,0.0,0.090909,0.0,0.0,0.0,0.0,0.0,0.18182,0.0,0.18182,0.0,0.18182,6.7778,6.2222,7.3333,6.6667,7.1111,5.4444,5.1111,8.1111,2.3333,7.2222,5.2222,4.2222,5.8889,7.6667
2040,2041,stimulus_2041,/pscratch/sd/s/sjmoon/EmoFM/videos/CowenEmotionVideos/2041.mp4,True,0.0,0.0,0.27273,0.0,0.0,0.0,0.090909,0.0,0.090909,0.090909,0.0,0.0,0.0,0.0,0.0,0.0,0.63636,0.0,0.0,0.0,0.0,0.0,0.090909,0.0,0.0,0.0,0.0,0.0,0.0,0.090909,0.0,0.0,0.0,0.0,5.8889,4.8889,5.8889,6.2222,7.1111,6.1111,4.0,7.8889,2.8889,5.7778,3.5556,2.8889,6.4444,5.8889
2041,2042,stimulus_2042,/pscratch/sd/s/sjmoon/EmoFM/videos/CowenEmotionVideos/2042.mp4,True,0.0,0.0,0.0,0.68182,0.0,0.0,0.0,0.0,0.18182,0.0,0.0,0.090909,0.0,0.0,0.0,0.0,0.0,0.0,0.0,0.0,0.0,0.0,0.090909,0.0,0.0,0.0,0.0,0.0,0.0,0.045455,0.090909,0.090909,0.0,0.0,5.5556,4.4444,4.6667,4.6667,6.3333,5.5556,4.3333,6.8889,3.4444,4.5556,5.8889,5.1111,5.8889,6.0
2042,2043,stimulus_2043,/pscratch/sd/s/sjmoon/EmoFM/videos/CowenEmotionVideos/2043.mp4,True,0.22727,0.0,0.0,0.090909,0.0,0.0,0.36364,0.0,0.0,0.0,0.0,0.0,0.0,0.0,0.0,0.0,0.090909,0.0,0.090909,0.0,0.0,0.0,0.22727,0.0,0.0,0.0,0.0,0.0,0.0,0.045455,0.0,0.22727,0.0,0.0,6.2222,4.7778,6.7778,6.1111,7.3333,5.3333,5.6667,7.6667,2.1111,5.4444,4.1111,2.8889,4.5556,7.0
2043,2044,stimulus_2044,/pscratch/sd/s/sjmoon/EmoFM/videos/CowenEmotionVideos/2044.mp4,True,0.0,0.0,0.0,0.45455,0.0,0.0,0.0,0.0,0.0,0.0,0.0,0.0,0.0,0.0,0.0,0.0,0.0,0.0,0.0,0.0,0.0,0.0,0.045455,0.090909,0.5,0.0,0.0,0.0,0.0,0.090909,0.0,0.0,0.0,0.0,5.2222,5.2222,7.2222,6.2222,6.5556,6.4444,6.2222,7.2222,2.2222,6.0,6.8889,2.3333,6.3333,7.0
2044,2045,stimulus_2045,/pscratch/sd/s/sjmoon/EmoFM/videos/CowenEmotionVideos/2045.mp4,True,0.045455,0.0,0.0,0.31818,0.0,0.0,0.27273,0.0,0.0,0.0,0.0,0.090909,0.0,0.0,0.0,0.0,0.0,0.0,0.0,0.090909,0.0,0.0,0.36364,0.0,0.0,0.0,0.0,0.0,0.0,0.0,0.0,0.40909,0.0,0.0,6.6667,4.5556,6.4444,6.5556,7.2222,4.2222,6.7778,5.8889,2.4444,5.7778,4.2222,4.2222,4.0,7.7778
2045,2046,stimulus_2046,/pscratch/sd/s/sjmoon/EmoFM/videos/CowenEmotionVideos/2046.mp4,True,0.0,0.0,0.0,0.31818,0.0,0.27273,0.18182,0.0,0.0,0.0,0.0,0.0,0.0,0.0,0.0,0.0,0.0,0.0,0.13636,0.0,0.0,0.090909,0.18182,0.0,0.0,0.0,0.18182,0.0,0.0,0.045455,0.0,0.090909,0.0,0.045455,6.8889,4.2222,4.6667,4.0,7.7778,4.2222,5.1111,5.0,3.4444,4.7778,4.0,4.4444,2.3333,7.1111
2046,2047,stimulus_2047,/pscratch/sd/s/sjmoon/EmoFM/videos/CowenEmotionVideos/2047.mp4,True,0.0,0.0,0.0,0.18182,0.0,0.27273,0.0,0.090909,0.0,0.0,0.090909,0.0,0.0,0.0,0.31818,0.18182,0.0,0.0,0.0,0.090909,0.0,0.31818,0.0,0.0,0.0,0.0,0.0,0.0,0.0,0.0,0.0,0.18182,0.090909,0.0,6.6667,3.8889,1.8889,2.5556,7.0,3.7778,5.1111,2.1111,4.7778,4.4444,3.4444,3.8889,2.1111,1.8889
2047,2048,stimulus_2048,/pscratch/sd/s/sjmoon/EmoFM/videos/CowenEmotionVideos/2048.mp4,True,0.0,0.090909,0.0,0.54545,0.0,0.090909,0.0,0.0,0.0,0.0,0.0,0.0,0.0,0.0,0.72727,0.0,0.0,0.0,0.0,0.090909,0.0,0.090909,0.0,0.0,0.0,0.0,0.0,0.0,0.0,0.0,0.0,0.0,0.0,0.0,5.0,4.3333,2.8889,2.5556,5.1111,5.0,4.1111,5.4444,4.2222,5.0,3.8889,3.0,5.3333,4.1111
2048,2049,stimulus_2049,/pscratch/sd/s/sjmoon/EmoFM/videos/CowenEmotionVideos/2049.mp4,True,0.0,0.0,0.0,0.090909,0.27273,0.090909,0.0,0.0,0.0,0.0,0.090909,0.0,0.0,0.22727,0.27273,0.0,0.0,0.0,0.0,0.27273,0.0,0.090909,0.090909,0.0,0.0,0.0,0.0,0.0,0.18182,0.0,0.0,0.090909,0.090909,0.0,6.2222,5.3333,2.5556,2.7778,7.0,4.4444,6.1111,3.5556,4.7778,3.4444,5.2222,5.6667,3.5556,3.5556
2049,2050,stimulus_2050,/pscratch/sd/s/sjmoon/EmoFM/videos/CowenEmotionVideos/2050.mp4,True,0.0,0.0,0.0,0.54545,0.0,0.0,0.0,0.090909,0.0,0.0,0.45455,0.0,0.0,0.0,0.090909,0.0,0.0,0.0,0.0,0.0,0.0,0.0,0.0,0.090909,0.0,0.0,0.0,0.0,0.0,0.0,0.0,0.0,0.0,0.0,5.2222,4.3333,4.1111,2.8889,6.4444,4.6667,4.2222,5.1111,3.6667,4.6667,3.7778,3.8889,4.0,4.5556
2050,2051,stimulus_2051,/pscratch/sd/s/sjmoon/EmoFM/videos/CowenEmotionVideos/2051.mp4,True,0.0,0.0,0.0,0.54545,0.0,0.0,0.090909,0.0,0.0,0.0,0.090909,0.0,0.0,0.0,0.54545,0.0,0.0,0.0,0.0,0.0,0.0,0.045455,0.18182,0.090909,0.0,0.0,0.0,0.0,0.0,0.0,0.0,0.22727,0.0,0.0,5.8889,4.2222,3.7778,3.7778,7.2222,4.5556,4.1111,6.8889,3.3333,5.2222,3.6667,4.4444,4.2222,4.8889
2051,2052,stimulus_2052,/pscratch/sd/s/sjmoon/EmoFM/videos/CowenEmotionVideos/2052.mp4,True,0.090909,0.0,0.0,0.090909,0.0,0.36364,0.18182,0.0,0.0,0.0,0.0,0.0,0.0,0.0,0.0,0.0,0.0,0.0,0.0,0.36364,0.0,0.0,0.22727,0.0,0.0,0.0,0.0,0.0,0.0,0.045455,0.0,0.0,0.0,0.090909,6.6667,4.2222,4.0,3.1111,7.2222,4.7778,5.2222,6.2222,3.0,4.8889,3.6667,3.0,2.6667,5.6667
2052,2053,stimulus_2053,/pscratch/sd/s/sjmoon/EmoFM/videos/CowenEmotionVideos/2053.mp4,True,0.0,0.0,0.0,0.0,0.0,0.0,0.0,0.0,0.0,0.0,0.0,0.0,0.0,0.0,0.090909,0.0,0.0,0.0,0.090909,0.0,0.0,0.0,0.0,0.0,0.0,0.0,0.0,0.0,0.0,0.0,0.90909,0.045455,0.0,0.0,7.1111,5.0,5.8889,6.2222,6.5556,6.0,5.0,6.6667,4.1111,6.2222,5.0,3.6667,7.0,6.0
2053,2054,stimulus_2054,/pscratch/sd/s/sjmoon/EmoFM/videos/CowenEmotionVideos/2054.mp4,True,0.0,0.0,0.0,0.36364,0.0,0.090909,0.0,0.0,0.090909,0.0,0.27273,0.0,0.0,0.0,0.0,0.0,0.0,0.0,0.090909,0.090909,0.0,0.18182,0.0,0.0,0.0,0.0,0.090909,0.0,0.090909,0.0,0.0,0.18182,0.0,0.0,6.0,5.4444,3.5556,2.7778,5.5556,4.6667,4.1111,3.5556,3.4444,4.7778,3.5556,3.8889,3.6667,5.2222
2054,2055,stimulus_2055,/pscratch/sd/s/sjmoon/EmoFM/videos/CowenEmotionVideos/2055.mp4,True,0.0,0.0,0.0,0.090909,0.0,0.0,0.27273,0.0,0.0,0.0,0.0,0.0,0.0,0.0,0.36364,0.0,0.0,0.0,0.0,0.0,0.0,0.0,0.0,0.0,0.0,0.0,0.0,0.0,0.0,0.0,0.63636,0.18182,0.0,0.0,4.7778,4.5556,3.5556,4.4444,5.2222,4.4444,3.7778,5.7778,4.3333,5.1111,5.0,3.4444,5.6667,5.2222
2055,2056,stimulus_2056,/pscratch/sd/s/sjmoon/EmoFM/videos/CowenEmotionVideos/2056.mp4,True,0.0,0.0,0.0,0.18182,0.0,0.0,0.0,0.0,0.090909,0.0,0.0,0.090909,0.0,0.0,0.0,0.0,0.0,0.0,0.0,0.0,0.0,0.0,0.0,0.090909,0.81818,0.0,0.0,0.0,0.0,0.0,0.0,0.0,0.0,0.0,5.1111,5.3333,6.0,6.6667,6.0,6.4444,5.7778,7.4444,2.5556,6.8889,7.4444,2.5556,7.7778,5.2222
2056,2057,stimulus_2057,/pscratch/sd/s/sjmoon/EmoFM/videos/CowenEmotionVideos/2057.mp4,True,0.18182,0.18182,0.0,0.090909,0.0,0.0,0.090909,0.0,0.0,0.0,0.0,0.0,0.0,0.0,0.0,0.0,0.0,0.0,0.0,0.090909,0.0,0.090909,0.0,0.27273,0.0,0.0,0.090909,0.0,0.27273,0.0,0.0,0.090909,0.090909,0.0,6.3333,5.7778,6.7778,6.2222,6.8889,5.1111,6.3333,7.2222,3.3333,6.2222,5.8889,4.3333,6.8889,6.6667
2057,2058,stimulus_2058,/pscratch/sd/s/sjmoon/EmoFM/videos/CowenEmotionVideos/2058.mp4,True,0.0,0.0,0.0,0.18182,0.0,0.090909,0.0,0.045455,0.0,0.0,0.0,0.0,0.0,0.0,0.045455,0.18182,0.0,0.0,0.0,0.090909,0.0,0.45455,0.090909,0.0,0.0,0.0,0.0,0.0,0.090909,0.0,0.0,0.36364,0.0,0.0,5.7778,4.5556,2.0,2.1111,5.6667,4.0,3.8889,2.7778,4.6667,4.4444,2.7778,3.4444,3.6667,2.6667
2058,2059,stimulus_2059,/pscratch/sd/s/sjmoon/EmoFM/videos/CowenEmotionVideos/2059.mp4,True,0.0,0.18182,0.0,0.45455,0.0,0.0,0.18182,0.0,0.0,0.0,0.0,0.0,0.0,0.0,0.0,0.0,0.0,0.0,0.0,0.0,0.0,0.0,0.45455,0.090909,0.0,0.0,0.0,0.0,0.0,0.0,0.0,0.0,0.0,0.090909,5.5556,4.5556,7.0,6.5556,6.3333,6.2222,6.3333,7.2222,2.5556,6.8889,4.4444,3.0,6.7778,7.0
2059,2060,stimulus_2060,/pscratch/sd/s/sjmoon/EmoFM/videos/CowenEmotionVideos/2060.mp4,True,0.0,0.0,0.0,0.36364,0.0,0.0,0.0,0.045455,0.0,0.0,0.090909,0.090909,0.0,0.0,0.0,0.0,0.0,0.0,0.0,0.0,0.0,0.0,0.090909,0.090909,0.63636,0.0,0.0,0.0,0.0,0.0,0.0,0.0,0.0,0.0,5.3333,5.4444,5.7778,5.6667,6.1111,5.4444,5.0,6.4444,2.2222,6.4444,5.6667,3.3333,7.2222,5.2222
2060,2061,stimulus_2061,/pscratch/sd/s/sjmoon/EmoFM/videos/CowenEmotionVideos/2061.mp4,True,0.0,0.18182,0.0,0.81818,0.0,0.0,0.0,0.090909,0.0,0.0,0.090909,0.0,0.0,0.0,0.0,0.0,0.0,0.0,0.0,0.0,0.0,0.0,0.0,0.18182,0.0,0.0,0.0,0.0,0.0,0.0,0.0,0.0,0.0,0.0,5.2222,4.7778,7.2222,5.2222,5.7778,6.3333,6.2222,6.4444,3.1111,6.5556,4.1111,3.3333,6.4444,6.0
2061,2062,stimulus_2062,/pscratch/sd/s/sjmoon/EmoFM/videos/CowenEmotionVideos/2062.mp4,True,0.0,0.0,0.0,0.0,0.27273,0.0,0.0,0.090909,0.0,0.0,0.0,0.090909,0.0,0.13636,0.63636,0.0,0.0,0.0,0.0,0.090909,0.0,0.090909,0.0,0.0,0.0,0.0,0.0,0.0,0.27273,0.0,0.0,0.0,0.0,0.0,4.6667,4.0,2.2222,1.8889,5.5556,5.6667,3.6667,4.1111,4.1111,4.0,4.0,3.5556,3.3333,3.1111
2062,2063,stimulus_2063,/pscratch/sd/s/sjmoon/EmoFM/videos/CowenEmotionVideos/2063.mp4,True,0.0,0.0,0.0,0.0,0.0,0.0,0.0,0.0,0.090909,0.0,0.0,0.0,0.0,0.0,0.0,0.0,0.0,0.0,0.0,0.0,0.0,0.0,0.0,0.0,0.0,0.0,0.0,0.0,0.0,0.0,1.0,0.0,0.0,0.0,6.6667,6.0,6.7778,5.8889,5.8889,6.0,5.2222,6.0,3.3333,6.5556,6.2222,3.2222,6.2222,5.5556
2063,2064,stimulus_2064,/pscratch/sd/s/sjmoon/EmoFM/videos/CowenEmotionVideos/2064.mp4,True,0.0,0.0,0.0,0.63636,0.0,0.0,0.0,0.0,0.27273,0.0,0.0,0.090909,0.0,0.0,0.0,0.0,0.0,0.0,0.0,0.0,0.0,0.0,0.090909,0.090909,0.0,0.0,0.0,0.0,0.0,0.0,0.0,0.090909,0.0,0.0,4.7778,5.3333,4.8889,4.7778,6.0,4.8889,4.0,5.7778,3.3333,5.5556,3.4444,3.2222,6.7778,5.2222
2064,2065,stimulus_2065,/pscratch/sd/s/sjmoon/EmoFM/videos/CowenEmotionVideos/2065.mp4,True,0.0,0.0,0.45455,0.090909,0.0,0.0,0.18182,0.0,0.0,0.0,0.0,0.0,0.0,0.0,0.0,0.0,0.36364,0.0,0.0,0.0,0.0,0.0,0.27273,0.0,0.0,0.0,0.0,0.0,0.0,0.0,0.0,0.0,0.0,0.0,7.0,4.5556,6.5556,5.3333,6.7778,4.4444,4.2222,6.5556,2.8889,5.7778,3.5556,3.8889,6.1111,6.0
2065,2066,stimulus_2066,/pscratch/sd/s/sjmoon/EmoFM/videos/CowenEmotionVideos/2066.mp4,True,0.0,0.0,0.0,0.090909,0.36364,0.090909,0.0,0.0,0.0,0.0,0.090909,0.0,0.0,0.090909,0.0,0.0,0.0,0.0,0.0,0.36364,0.0,0.18182,0.0,0.0,0.0,0.0,0.0,0.0,0.090909,0.0,0.0,0.18182,0.0,0.0,5.7778,5.6667,3.4444,2.2222,6.8889,2.8889,4.4444,2.8889,4.5556,4.1111,4.0,4.2222,2.3333,3.4444
2066,2067,stimulus_2067,/pscratch/sd/s/sjmoon/EmoFM/videos/CowenEmotionVideos/2067.mp4,True,0.0,0.0,0.0,0.0,0.090909,0.18182,0.0,0.0,0.0,0.0,0.0,0.0,0.0,0.0,0.090909,0.0,0.0,0.0,0.0,0.36364,0.0,0.27273,0.0,0.0,0.0,0.0,0.18182,0.0,0.045455,0.0,0.0,0.18182,0.090909,0.0,6.2222,5.0,3.1111,2.5556,7.0,3.1111,5.7778,3.3333,5.0,3.6667,3.7778,4.1111,2.3333,4.6667
2067,2068,stimulus_2068,/pscratch/sd/s/sjmoon/EmoFM/videos/CowenEmotionVideos/2068.mp4,True,0.0,0.0,0.0,0.22727,0.0,0.27273,0.090909,0.0,0.0,0.0,0.18182,0.0,0.0,0.0,0.0,0.0,0.0,0.0,0.0,0.18182,0.0,0.090909,0.36364,0.0,0.0,0.0,0.0,0.0,0.090909,0.0,0.0,0.0,0.0,0.0,6.6667,4.5556,3.5556,2.0,7.3333,4.0,4.1111,4.0,4.3333,4.7778,3.3333,3.4444,2.2222,5.5556
2068,2069,stimulus_2069,/pscratch/sd/s/sjmoon/EmoFM/videos/CowenEmotionVideos/2069.mp4,True,0.0,0.0,0.0,0.0,0.090909,0.090909,0.0,0.0,0.0,0.0,0.0,0.090909,0.0,0.0,0.0,0.090909,0.0,0.0,0.0,0.45455,0.0,0.36364,0.0,0.0,0.0,0.0,0.045455,0.0,0.18182,0.045455,0.0,0.18182,0.0,0.0,6.7778,4.8889,2.0,3.2222,7.6667,3.1111,6.4444,2.2222,4.7778,3.2222,5.3333,4.2222,1.6667,3.8889
2069,2070,stimulus_2070,/pscratch/sd/s/sjmoon/EmoFM/videos/CowenEmotionVideos/2070.mp4,True,0.0,0.0,0.0,0.090909,0.0,0.0,0.18182,0.0,0.0,0.0,0.27273,0.0,0.0,0.0,0.0,0.0,0.18182,0.0,0.0,0.0,0.0,0.0,0.54545,0.090909,0.0,0.0,0.0,0.0,0.0,0.0,0.0,0.0,0.0,0.0,5.6667,4.1111,6.7778,6.7778,7.0,4.4444,3.8889,7.4444,2.7778,6.0,4.2222,3.0,6.5556,6.7778
2070,2071,stimulus_2071,/pscratch/sd/s/sjmoon/EmoFM/videos/CowenEmotionVideos/2071.mp4,True,0.083333,0.083333,0.0,0.75,0.0,0.0,0.16667,0.083333,0.0,0.0,0.083333,0.0,0.0,0.0,0.0,0.0,0.0,0.0,0.0,0.0,0.0,0.0,0.083333,0.25,0.0,0.0,0.0,0.0,0.0,0.16667,0.0,0.16667,0.0,0.0,5.7778,5.0,7.5556,6.3333,5.7778,5.3333,6.4444,7.5556,2.2222,6.6667,4.3333,2.8889,6.6667,7.2222
2071,2072,stimulus_2072,/pscratch/sd/s/sjmoon/EmoFM/videos/CowenEmotionVideos/2072.mp4,True,0.0,0.083333,0.083333,0.83333,0.0,0.0,0.083333,0.0,0.0,0.083333,0.0,0.0,0.0,0.0,0.0,0.0,0.0,0.0,0.083333,0.0,0.0,0.0,0.083333,0.25,0.0,0.083333,0.083333,0.0,0.0,0.083333,0.0,0.25,0.0,0.0,5.6667,5.0,6.8889,6.4444,6.2222,5.5556,6.4444,6.5556,3.0,5.8889,4.4444,2.5556,5.8889,6.5556
2072,2073,stimulus_2073,/pscratch/sd/s/sjmoon/EmoFM/videos/CowenEmotionVideos/2073.mp4,True,0.0,0.083333,0.0,0.25,0.0,0.16667,0.083333,0.0,0.0,0.0,0.083333,0.0,0.0,0.0,0.0,0.0,0.0,0.0,0.0,0.41667,0.083333,0.33333,0.083333,0.0,0.0,0.0,0.16667,0.0,0.0,0.0,0.0,0.16667,0.0,0.0,7.1111,5.6667,5.1111,3.8889,7.4444,4.6667,7.4444,5.5556,4.1111,5.0,5.8889,4.1111,4.3333,6.7778
2073,2074,stimulus_2074,/pscratch/sd/s/sjmoon/EmoFM/videos/CowenEmotionVideos/2074.mp4,True,0.0,0.0,0.083333,0.0,0.0,0.0,0.0,0.0,0.0,0.0,0.0,0.0,0.16667,0.0,0.0,0.0,0.083333,0.0,0.16667,0.0,0.0,0.0,0.083333,0.0,0.0,0.0,0.0,0.0,0.0,0.16667,1.0,0.083333,0.0,0.0,5.8889,6.1111,5.5556,5.4444,6.6667,6.3333,4.5556,6.8889,4.1111,5.6667,5.4444,2.4444,6.1111,6.2222
2074,2075,stimulus_2075,/pscratch/sd/s/sjmoon/EmoFM/videos/CowenEmotionVideos/2075.mp4,True,0.0,0.0,0.58333,0.0,0.0,0.0,0.16667,0.0,0.0,0.083333,0.16667,0.0,0.0,0.0,0.0,0.0,0.25,0.0,0.0,0.0,0.0,0.0,0.25,0.083333,0.0,0.0,0.0,0.0,0.0,0.0,0.0,0.083333,0.0,0.0,6.3333,4.7778,5.6667,3.6667,6.2222,3.7778,4.6667,5.5556,4.8889,4.8889,4.1111,3.4444,4.8889,5.7778
2075,2076,stimulus_2076,/pscratch/sd/s/sjmoon/EmoFM/videos/CowenEmotionVideos/2076.mp4,True,0.0,0.0,0.0,0.5,0.0,0.0,0.0,0.16667,0.0,0.0,0.083333,0.0,0.0,0.0,0.0,0.083333,0.0,0.0,0.083333,0.0,0.0,0.0,0.083333,0.16667,0.0,0.0,0.0,0.0,0.0,0.083333,0.0,0.33333,0.0,0.0,5.8889,4.4444,5.5556,3.0,6.7778,4.6667,5.7778,4.7778,3.5556,5.6667,3.7778,2.8889,4.4444,5.1111
2076,2077,stimulus_2077,/pscratch/sd/s/sjmoon/EmoFM/videos/CowenEmotionVideos/2077.mp4,True,0.16667,0.33333,0.0,0.5,0.0,0.0,0.16667,0.0,0.0,0.0,0.0,0.0,0.0,0.0,0.0,0.0,0.083333,0.0,0.0,0.0,0.0,0.0,0.16667,0.33333,0.0,0.0,0.0,0.0,0.0,0.083333,0.0,0.083333,0.0,0.0,6.5556,4.1111,8.6667,7.6667,5.6667,6.1111,7.4444,8.0,1.6667,6.6667,5.1111,2.4444,6.4444,7.1111
2077,2078,stimulus_2078,/pscratch/sd/s/sjmoon/EmoFM/videos/CowenEmotionVideos/2078.mp4,True,0.16667,0.083333,0.083333,0.25,0.0,0.083333,0.16667,0.0,0.0,0.0,0.0,0.0,0.0,0.0,0.0,0.0,0.0,0.083333,0.5,0.083333,0.0,0.0,0.25,0.0,0.0,0.0,0.0,0.0,0.0,0.25,0.0,0.083333,0.0,0.16667,6.7778,5.3333,6.7778,5.3333,6.3333,5.0,4.3333,6.5556,2.1111,4.8889,4.5556,3.0,4.3333,6.1111
2078,2079,stimulus_2079,/pscratch/sd/s/sjmoon/EmoFM/videos/CowenEmotionVideos/2079.mp4,True,0.0,0.0,0.66667,0.0,0.0,0.0,0.16667,0.0,0.083333,0.083333,0.16667,0.0,0.0,0.0,0.0,0.0,0.16667,0.0,0.0,0.083333,0.0,0.0,0.083333,0.0,0.083333,0.0,0.0,0.0,0.0,0.083333,0.0,0.0,0.0,0.0,4.5556,4.5556,5.4444,4.6667,5.4444,4.4444,4.5556,6.1111,2.6667,4.7778,3.7778,3.1111,4.5556,5.4444
2079,2080,stimulus_2080,/pscratch/sd/s/sjmoon/EmoFM/videos/CowenEmotionVideos/2080.mp4,True,0.0,0.0,0.0,0.16667,0.0,0.16667,0.0,0.083333,0.0,0.0,0.083333,0.0,0.0,0.0,0.0,0.83333,0.0,0.0,0.0,0.083333,0.0,0.083333,0.0,0.0,0.0,0.0,0.0,0.0,0.083333,0.0,0.0,0.16667,0.16667,0.0,6.1111,4.5556,2.4444,2.6667,4.7778,5.1111,4.8889,2.3333,5.1111,2.5556,3.6667,3.6667,2.5556,2.7778
2080,2081,stimulus_2081,/pscratch/sd/s/sjmoon/EmoFM/videos/CowenEmotionVideos/2081.mp4,True,0.0,0.0,0.0,0.083333,0.0,0.0,0.0,0.083333,0.0,0.0,0.0,0.0,0.0,0.0,0.58333,0.0,0.083333,0.0,0.083333,0.0,0.0,0.083333,0.083333,0.0,0.0,0.0,0.0,0.0,0.0,0.0,0.41667,0.0,0.0,0.0,5.5556,5.1111,2.8889,3.8889,5.4444,5.2222,3.8889,5.6667,5.2222,4.3333,4.2222,4.4444,4.3333,4.5556
2081,2082,stimulus_2082,/pscratch/sd/s/sjmoon/EmoFM/videos/CowenEmotionVideos/2082.mp4,True,0.0,0.0,0.75,0.0,0.0,0.0,0.33333,0.0,0.0,0.41667,0.0,0.0,0.0,0.0,0.0,0.0,0.25,0.0,0.0,0.0,0.0,0.0,0.083333,0.0,0.0,0.0,0.0,0.0,0.0,0.16667,0.0,0.0,0.0,0.0,5.3333,3.5556,7.7778,7.6667,5.6667,5.8889,5.2222,6.7778,2.1111,5.5556,4.7778,3.4444,5.7778,6.6667
2082,2083,stimulus_2083,/pscratch/sd/s/sjmoon/EmoFM/videos/CowenEmotionVideos/2083.mp4,True,0.083333,0.083333,0.0,0.83333,0.0,0.0,0.0,0.0,0.083333,0.0,0.0,0.0,0.0,0.0,0.0,0.0,0.0,0.0,0.0,0.0,0.0,0.0,0.0,0.25,0.0,0.0,0.0,0.0,0.0,0.083333,0.0,0.083333,0.0,0.0,5.2222,4.2222,6.6667,4.7778,6.2222,5.3333,6.0,5.0,3.0,5.6667,5.8889,3.4444,5.4444,5.8889
2083,2084,stimulus_2084,/pscratch/sd/s/sjmoon/EmoFM/videos/CowenEmotionVideos/2084.mp4,True,0.083333,0.0,0.0,0.0,0.0,0.0,0.0,0.0,0.0,0.0,0.083333,0.0,0.0,0.0,0.16667,0.41667,0.0,0.0,0.0,0.0,0.0,0.16667,0.083333,0.083333,0.0,0.0,0.0,0.0,0.083333,0.083333,0.083333,0.33333,0.16667,0.083333,6.0,4.4444,4.6667,3.2222,5.5556,4.7778,5.0,4.6667,4.0,4.5556,4.7778,4.7778,4.0,4.3333
2084,2085,stimulus_2085,/pscratch/sd/s/sjmoon/EmoFM/videos/CowenEmotionVideos/2085.mp4,True,0.16667,0.0,0.0,0.58333,0.0,0.0,0.0,0.0,0.0,0.0,0.0,0.0,0.0,0.0,0.0,0.0,0.0,0.083333,0.083333,0.0,0.0,0.0,0.25,0.083333,0.0,0.0,0.0,0.0,0.0,0.33333,0.0,0.25,0.0,0.25,7.5556,5.3333,7.4444,7.8889,6.7778,6.1111,5.3333,7.8889,2.4444,6.2222,5.2222,2.5556,6.5556,7.8889
2085,2086,stimulus_2086,/pscratch/sd/s/sjmoon/EmoFM/videos/CowenEmotionVideos/2086.mp4,True,0.0,0.0,0.0,0.083333,0.083333,0.16667,0.0,0.25,0.0,0.0,0.66667,0.0,0.0,0.0,0.25,0.0,0.0,0.0,0.0,0.083333,0.0,0.16667,0.0,0.0,0.0,0.0,0.0,0.0,0.0,0.0,0.0,0.083333,0.0,0.0,5.5556,4.3333,3.3333,3.3333,5.7778,4.5556,3.1111,5.7778,4.0,4.4444,2.8889,3.3333,4.0,5.1111
2086,2087,stimulus_2087,/pscratch/sd/s/sjmoon/EmoFM/videos/CowenEmotionVideos/2087.mp4,True,0.083333,0.0,0.25,0.083333,0.0,0.16667,0.16667,0.0,0.083333,0.0,0.0,0.0,0.0,0.0,0.0,0.0,0.0,0.0,0.33333,0.083333,0.0,0.0,0.083333,0.0,0.0,0.0,0.083333,0.0,0.0,0.083333,0.0,0.0,0.0,0.16667,5.7778,5.2222,6.4444,5.8889,5.8889,6.1111,6.2222,7.0,2.3333,6.4444,5.0,3.2222,4.5556,6.4444
2087,2088,stimulus_2088,/pscratch/sd/s/sjmoon/EmoFM/videos/CowenEmotionVideos/2088.mp4,True,0.0,0.0,0.0,0.5,0.0,0.0,0.0,0.0,0.16667,0.0,0.0,0.0,0.0,0.0,0.0,0.0,0.0,0.0,0.0,0.0,0.0,0.0,0.083333,0.083333,0.58333,0.0,0.0,0.0,0.0,0.083333,0.0,0.083333,0.0,0.0,6.0,4.7778,6.4444,6.2222,5.5556,6.0,5.7778,6.4444,2.7778,5.0,5.5556,4.0,4.7778,5.7778
2088,2089,stimulus_2089,/pscratch/sd/s/sjmoon/EmoFM/videos/CowenEmotionVideos/2089.mp4,True,0.0,0.0,0.083333,0.0,0.0,0.083333,0.0,0.0,0.0,0.0,0.0,0.0,0.16667,0.0,0.0,0.0,0.0,0.083333,0.16667,0.0,0.0,0.0,0.083333,0.0,0.0,0.0,0.0,0.16667,0.0,0.083333,0.91667,0.0,0.0,0.0,6.8889,5.4444,6.7778,6.8889,7.1111,7.0,6.1111,7.7778,3.3333,7.0,6.4444,4.2222,7.0,7.2222
2089,2090,stimulus_2090,/pscratch/sd/s/sjmoon/EmoFM/videos/CowenEmotionVideos/2090.mp4,True,0.0,0.0,0.0,0.33333,0.25,0.083333,0.0,0.083333,0.0,0.0,0.16667,0.0,0.0,0.0,0.0,0.0,0.0,0.0,0.083333,0.0,0.0,0.0,0.083333,0.16667,0.0,0.0,0.083333,0.0,0.0,0.58333,0.0,0.083333,0.083333,0.0,5.4444,4.6667,3.7778,5.1111,6.6667,5.0,5.2222,6.0,3.1111,6.2222,5.0,3.5556,4.5556,5.5556
2090,2091,stimulus_2091,/pscratch/sd/s/sjmoon/EmoFM/videos/CowenEmotionVideos/2091.mp4,True,0.0,0.0,0.0,0.0,0.0,0.58333,0.083333,0.0,0.0,0.0,0.0,0.0,0.0,0.0,0.0,0.0,0.0,0.0,0.16667,0.66667,0.0,0.25,0.16667,0.0,0.0,0.0,0.0,0.0,0.0,0.0,0.0,0.083333,0.0,0.083333,7.1111,4.2222,2.6667,1.7778,6.7778,2.7778,3.7778,4.6667,5.4444,5.2222,2.2222,3.8889,1.7778,6.3333
2091,2092,stimulus_2092,/pscratch/sd/s/sjmoon/EmoFM/videos/CowenEmotionVideos/2092.mp4,True,0.25,0.0,0.16667,0.25,0.0,0.0,0.25,0.0,0.083333,0.0,0.0,0.0,0.0,0.0,0.0,0.0,0.0,0.0,0.33333,0.0,0.0,0.0,0.16667,0.16667,0.0,0.0,0.0,0.0,0.0,0.0,0.0,0.16667,0.0,0.16667,6.7778,5.1111,7.1111,5.7778,7.3333,6.0,6.0,7.3333,2.6667,7.1111,5.0,3.2222,6.4444,7.3333
2092,2093,stimulus_2093,/pscratch/sd/s/sjmoon/EmoFM/videos/CowenEmotionVideos/2093.mp4,True,0.0,0.083333,0.0,0.25,0.0,0.0,0.0,0.0,0.083333,0.0,0.083333,0.0,0.0,0.0,0.083333,0.0,0.0,0.0,0.0,0.0,0.0,0.0,0.083333,0.083333,0.41667,0.0,0.0,0.0,0.083333,0.083333,0.0,0.083333,0.0,0.0,5.4444,4.4444,5.6667,6.0,5.7778,6.0,5.5556,6.4444,3.0,6.3333,5.2222,3.3333,6.7778,6.1111
2093,2094,stimulus_2094,/pscratch/sd/s/sjmoon/EmoFM/videos/CowenEmotionVideos/2094.mp4,True,0.0,0.0,0.0,0.5,0.0,0.083333,0.0,0.0,0.083333,0.0,0.0,0.0,0.0,0.083333,0.0,0.25,0.0,0.0,0.083333,0.0,0.0,0.0,0.16667,0.0,0.0,0.0,0.0,0.0,0.0,0.083333,0.0,0.33333,0.083333,0.0,5.4444,3.6667,4.5556,2.6667,6.5556,4.0,4.2222,3.3333,3.4444,4.7778,4.1111,4.0,3.1111,3.4444
2094,2095,stimulus_2095,/pscratch/sd/s/sjmoon/EmoFM/videos/CowenEmotionVideos/2095.mp4,True,0.083333,0.0,0.25,0.0,0.0,0.0,0.25,0.0,0.083333,0.0,0.16667,0.0,0.5,0.0,0.0,0.0,0.083333,0.0,0.0,0.0,0.0,0.0,0.25,0.0,0.0,0.0,0.0,0.0,0.0,0.33333,0.0,0.0,0.0,0.0,5.6667,5.4444,7.1111,6.6667,6.6667,5.7778,5.1111,7.5556,3.4444,6.6667,5.0,3.2222,7.1111,7.0
2095,2096,stimulus_2096,/pscratch/sd/s/sjmoon/EmoFM/videos/CowenEmotionVideos/2096.mp4,True,0.25,0.33333,0.0,0.16667,0.0,0.0,0.0,0.0,0.0,0.33333,0.0,0.0,0.0,0.0,0.0,0.0,0.0,0.0,0.0,0.0,0.0,0.0,0.0,0.25,0.0,0.16667,0.0,0.0,0.0,0.083333,0.0,0.0,0.0,0.0,4.5556,5.1111,7.5556,6.8889,5.6667,7.1111,5.8889,8.0,3.2222,7.2222,5.3333,2.8889,8.0,5.8889
2096,2097,stimulus_2097,/pscratch/sd/s/sjmoon/EmoFM/videos/CowenEmotionVideos/2097.mp4,True,0.083333,0.0,0.25,0.0,0.0,0.083333,0.25,0.0,0.083333,0.0,0.0,0.0,0.0,0.0,0.0,0.0,0.0,0.083333,0.41667,0.16667,0.0,0.0,0.083333,0.0,0.0,0.0,0.083333,0.0,0.0,0.16667,0.0,0.083333,0.0,0.0,6.6667,5.0,5.2222,4.0,6.3333,4.8889,4.8889,5.5556,4.5556,6.6667,4.4444,4.0,3.7778,6.0
2097,2098,stimulus_2098,/pscratch/sd/s/sjmoon/EmoFM/videos/CowenEmotionVideos/2098.mp4,True,0.0,0.25,0.0,0.0,0.0,0.0,0.0,0.0,0.0,0.083333,0.0,0.0,0.0,0.0,0.0,0.0,0.0,0.16667,0.0,0.0,0.0,0.0,0.083333,0.0,0.0,0.0,0.0,0.66667,0.0,0.16667,0.41667,0.0,0.0,0.0,6.6667,4.6667,6.6667,7.2222,6.1111,5.8889,6.4444,7.6667,3.2222,6.3333,6.0,4.0,6.7778,5.6667
2098,2099,stimulus_2099,/pscratch/sd/s/sjmoon/EmoFM/videos/CowenEmotionVideos/2099.mp4,True,0.0,0.0,0.41667,0.083333,0.0,0.0,0.083333,0.0,0.0,0.083333,0.0,0.0,0.0,0.0,0.0,0.0,0.25,0.0,0.083333,0.0,0.0,0.0,0.41667,0.0,0.0,0.0,0.083333,0.0,0.0,0.0,0.0,0.083333,0.0,0.0,6.0,4.6667,6.5556,6.3333,6.8889,5.2222,4.1111,7.4444,4.0,6.4444,5.2222,3.2222,6.6667,6.3333
2099,2100,stimulus_2100,/pscratch/sd/s/sjmoon/EmoFM/videos/CowenEmotionVideos/2100.mp4,True,0.0,0.16667,0.0,0.66667,0.0,0.0,0.083333,0.0,0.0,0.0,0.0,0.0,0.0,0.0,0.0,0.0,0.0,0.0,0.16667,0.0,0.0,0.0,0.16667,0.25,0.0,0.0,0.0,0.0,0.0,0.083333,0.0,0.25,0.0,0.0,6.2222,5.6667,6.7778,5.7778,6.3333,5.4444,5.7778,6.6667,3.8889,5.8889,5.6667,2.8889,6.2222,5.4444
2100,2101,stimulus_2101,/pscratch/sd/s/sjmoon/EmoFM/videos/CowenEmotionVideos/2101.mp4,True,0.0,0.090909,0.18182,0.090909,0.0,0.0,0.0,0.0,0.27273,0.0,0.0,0.0,0.0,0.0,0.090909,0.0,0.090909,0.0,0.0,0.0,0.0,0.0,0.090909,0.090909,0.0,0.0,0.0,0.0,0.0,0.18182,0.27273,0.0,0.0,0.0,5.1111,3.8889,5.4444,7.0,5.3333,6.0,5.8889,6.5556,1.7778,5.3333,4.7778,2.8889,5.4444,5.8889
2101,2102,stimulus_2102,/pscratch/sd/s/sjmoon/EmoFM/videos/CowenEmotionVideos/2102.mp4,True,0.0,0.54545,0.0,0.27273,0.0,0.0,0.18182,0.0,0.0,0.0,0.0,0.0,0.0,0.0,0.0,0.0,0.0,0.0,0.0,0.0,0.0,0.0,0.0,0.45455,0.0,0.0,0.0,0.0,0.0,0.090909,0.0,0.0,0.0,0.0,6.5556,5.6667,7.3333,6.8889,6.5556,7.0,7.0,7.2222,2.0,6.5556,5.6667,2.1111,7.6667,6.3333
2102,2103,stimulus_2103,/pscratch/sd/s/sjmoon/EmoFM/videos/CowenEmotionVideos/2103.mp4,True,0.0,0.0,0.18182,0.090909,0.0,0.0,0.54545,0.0,0.0,0.090909,0.090909,0.0,0.0,0.0,0.0,0.0,0.0,0.0,0.0,0.18182,0.0,0.0,0.27273,0.0,0.0,0.0,0.0,0.0,0.0,0.090909,0.0,0.0,0.0,0.0,6.8889,3.5556,4.6667,4.2222,6.5556,4.4444,5.4444,5.1111,4.1111,5.7778,4.7778,4.8889,3.4444,6.4444
2103,2104,stimulus_2104,/pscratch/sd/s/sjmoon/EmoFM/videos/CowenEmotionVideos/2104.mp4,True,0.0,0.0,0.0,0.36364,0.0,0.0,0.0,0.27273,0.18182,0.0,0.18182,0.0,0.0,0.0,0.0,0.0,0.0,0.0,0.090909,0.0,0.0,0.0,0.0,0.090909,0.0,0.0,0.0,0.0,0.090909,0.0,0.0,0.0,0.0,0.0,3.7778,4.0,4.2222,4.4444,4.7778,5.2222,5.5556,4.8889,3.0,5.4444,5.2222,4.6667,5.3333,5.0
2104,2105,stimulus_2105,/pscratch/sd/s/sjmoon/EmoFM/videos/CowenEmotionVideos/2105.mp4,True,0.0,0.0,0.36364,0.0,0.0,0.0,0.0,0.0,0.18182,0.0,0.090909,0.0,0.0,0.0,0.0,0.0,0.45455,0.0,0.0,0.0,0.0,0.0,0.090909,0.090909,0.0,0.0,0.0,0.0,0.0,0.090909,0.0,0.0,0.0,0.0,6.7778,4.3333,5.2222,5.0,5.8889,5.1111,4.6667,6.5556,4.7778,5.4444,4.6667,3.8889,5.4444,5.2222
2105,2106,stimulus_2106,/pscratch/sd/s/sjmoon/EmoFM/videos/CowenEmotionVideos/2106.mp4,True,0.0,0.0,0.0,0.0,0.0,0.0,0.0,0.0,0.0,0.0,0.0,0.0,0.0,0.0,0.81818,0.0,0.0,0.0,0.0,0.0,0.0,0.090909,0.27273,0.0,0.0,0.0,0.0,0.0,0.0,0.0,0.0,0.090909,0.090909,0.0,5.1111,5.1111,2.2222,2.4444,6.0,5.2222,5.0,3.3333,4.1111,3.0,4.0,4.6667,2.5556,3.4444
2106,2107,stimulus_2107,/pscratch/sd/s/sjmoon/EmoFM/videos/CowenEmotionVideos/2107.mp4,True,0.0,0.0,0.0,0.0,0.0,0.0,0.0,0.0,0.0,0.18182,0.0,0.0,0.72727,0.0,0.090909,0.0,0.090909,0.0,0.0,0.0,0.0,0.0,0.090909,0.0,0.0,0.0,0.0,0.0,0.0,0.18182,0.0,0.0,0.0,0.0,4.8889,4.1111,6.2222,7.2222,5.4444,5.6667,4.7778,7.2222,2.0,6.3333,4.1111,2.6667,6.3333,5.4444
2107,2108,stimulus_2108,/pscratch/sd/s/sjmoon/EmoFM/videos/CowenEmotionVideos/2108.mp4,True,0.0,0.0,0.27273,0.090909,0.0,0.0,0.54545,0.0,0.0,0.0,0.0,0.0,0.0,0.0,0.0,0.0,0.0,0.0,0.18182,0.090909,0.0,0.0,0.18182,0.090909,0.0,0.0,0.0,0.0,0.0,0.18182,0.0,0.0,0.0,0.0,7.4444,6.2222,5.7778,4.8889,6.6667,5.0,5.1111,5.6667,3.6667,6.4444,4.6667,3.7778,3.1111,7.0
2108,2109,stimulus_2109,/pscratch/sd/s/sjmoon/EmoFM/videos/CowenEmotionVideos/2109.mp4,True,0.0,0.0,0.0,0.0,0.0,0.27273,0.0,0.0,0.0,0.0,0.090909,0.0,0.0,0.0,0.0,0.54545,0.0,0.0,0.0,0.27273,0.0,0.18182,0.0,0.0,0.0,0.0,0.090909,0.0,0.090909,0.0,0.0,0.0,0.0,0.0,5.5556,4.1111,2.2222,2.5556,5.5556,4.4444,4.4444,2.0,3.7778,4.7778,2.7778,4.1111,1.6667,1.7778
2109,2110,stimulus_2110,/pscratch/sd/s/sjmoon/EmoFM/videos/CowenEmotionVideos/2110.mp4,True,0.0,0.0,0.090909,0.0,0.0,0.0,0.0,0.0,0.0,0.0,0.0,0.0,0.0,0.0,0.0,0.0,0.0,0.090909,0.090909,0.0,0.0,0.0,0.18182,0.0,0.0,0.0,0.0,0.36364,0.0,0.0,0.72727,0.0,0.0,0.0,7.3333,6.6667,7.5556,7.2222,6.7778,7.0,6.5556,7.2222,3.5556,6.5556,6.5556,2.7778,6.7778,7.0
2110,2111,stimulus_2111,/pscratch/sd/s/sjmoon/EmoFM/videos/CowenEmotionVideos/2111.mp4,True,0.0,0.0,0.0,0.81818,0.0,0.0,0.0,0.090909,0.0,0.0,0.0,0.0,0.0,0.0,0.0,0.090909,0.0,0.0,0.0,0.0,0.0,0.0,0.0,0.0,0.0,0.0,0.0,0.0,0.090909,0.0,0.0,0.090909,0.090909,0.0,5.1111,4.7778,2.1111,3.0,5.3333,4.5556,3.7778,2.0,3.8889,3.1111,3.5556,5.3333,2.2222,1.8889
2111,2112,stimulus_2112,/pscratch/sd/s/sjmoon/EmoFM/videos/CowenEmotionVideos/2112.mp4,True,0.090909,0.090909,0.0,0.45455,0.0,0.0,0.0,0.0,0.090909,0.0,0.18182,0.0,0.0,0.0,0.0,0.0,0.0,0.0,0.0,0.0,0.0,0.0,0.090909,0.45455,0.0,0.0,0.0,0.0,0.0,0.090909,0.0,0.0,0.0,0.0,5.7778,4.6667,6.6667,6.5556,5.4444,5.8889,5.8889,6.8889,2.5556,6.6667,6.1111,3.1111,6.4444,6.7778
2112,2113,stimulus_2113,/pscratch/sd/s/sjmoon/EmoFM/videos/CowenEmotionVideos/2113.mp4,True,0.0,0.090909,0.0,0.72727,0.0,0.0,0.18182,0.0,0.0,0.0,0.0,0.0,0.0,0.0,0.0,0.0,0.0,0.0,0.0,0.0,0.0,0.0,0.090909,0.36364,0.0,0.0,0.0,0.0,0.0,0.090909,0.0,0.0,0.0,0.18182,6.5556,4.8889,7.4444,7.1111,6.2222,6.6667,7.0,7.7778,2.1111,6.1111,6.1111,2.4444,6.6667,7.0
2113,2114,stimulus_2114,/pscratch/sd/s/sjmoon/EmoFM/videos/CowenEmotionVideos/2114.mp4,True,0.0,0.45455,0.0,0.63636,0.0,0.0,0.36364,0.0,0.0,0.0,0.0,0.0,0.0,0.0,0.0,0.0,0.0,0.0,0.0,0.0,0.0,0.0,0.0,0.27273,0.0,0.0,0.0,0.0,0.0,0.0,0.0,0.0,0.0,0.0,5.5556,4.2222,7.1111,7.0,5.7778,5.8889,6.8889,7.0,1.7778,5.7778,4.8889,1.5556,7.1111,7.2222
2114,2115,stimulus_2115,/pscratch/sd/s/sjmoon/EmoFM/videos/CowenEmotionVideos/2115.mp4,True,0.0,0.0,0.0,0.0,0.0,0.0,0.090909,0.0,0.090909,0.0,0.0,0.0,0.0,0.0,0.090909,0.45455,0.0,0.0,0.090909,0.090909,0.0,0.27273,0.0,0.0,0.0,0.0,0.0,0.0,0.090909,0.0,0.0,0.090909,0.090909,0.0,6.2222,5.0,2.5556,1.4444,6.1111,3.5556,3.8889,2.4444,5.4444,3.8889,2.5556,4.4444,2.3333,2.7778
2115,2116,stimulus_2116,/pscratch/sd/s/sjmoon/EmoFM/videos/CowenEmotionVideos/2116.mp4,True,0.0,0.0,0.0,0.0,0.18182,0.0,0.0,0.0,0.0,0.0,0.0,0.0,0.0,0.090909,0.81818,0.0,0.0,0.0,0.0,0.0,0.090909,0.45455,0.0,0.0,0.0,0.0,0.0,0.0,0.36364,0.0,0.0,0.0,0.0,0.0,5.1111,4.7778,2.0,1.6667,5.2222,3.6667,3.4444,2.7778,5.6667,2.5556,3.0,5.4444,2.3333,2.5556
2116,2117,stimulus_2117,/pscratch/sd/s/sjmoon/EmoFM/videos/CowenEmotionVideos/2117.mp4,True,0.090909,0.45455,0.0,0.45455,0.0,0.0,0.18182,0.0,0.0,0.0,0.0,0.0,0.0,0.0,0.0,0.0,0.0,0.0,0.0,0.0,0.0,0.0,0.0,0.36364,0.0,0.0,0.0,0.0,0.0,0.0,0.0,0.0,0.0,0.0,5.2222,4.6667,7.4444,6.5556,5.6667,6.1111,6.2222,7.1111,2.0,6.3333,4.5556,2.0,6.7778,6.3333
2117,2118,stimulus_2118,/pscratch/sd/s/sjmoon/EmoFM/videos/CowenEmotionVideos/2118.mp4,True,0.090909,0.45455,0.0,0.090909,0.0,0.0,0.18182,0.0,0.090909,0.0,0.0,0.0,0.0,0.0,0.0,0.0,0.0,0.0,0.0,0.0,0.0,0.0,0.090909,0.36364,0.0,0.0,0.0,0.0,0.090909,0.090909,0.0,0.0,0.0,0.0,5.4444,3.3333,7.6667,7.5556,6.2222,7.0,6.7778,7.0,1.5556,6.7778,7.0,2.1111,7.2222,7.0
2118,2119,stimulus_2119,/pscratch/sd/s/sjmoon/EmoFM/videos/CowenEmotionVideos/2119.mp4,True,0.0,0.0,0.0,0.0,0.090909,0.0,0.090909,0.0,0.0,0.0,0.090909,0.0,0.0,0.0,0.18182,0.090909,0.0,0.0,0.0,0.0,0.090909,0.27273,0.0,0.090909,0.0,0.0,0.0,0.0,0.54545,0.090909,0.0,0.0,0.18182,0.0,4.6667,3.8889,4.8889,4.6667,4.8889,4.0,6.3333,4.4444,4.8889,3.2222,4.6667,4.7778,4.0,3.8889
2119,2120,stimulus_2120,/pscratch/sd/s/sjmoon/EmoFM/videos/CowenEmotionVideos/2120.mp4,True,0.0,0.0,0.0,0.0,0.090909,0.36364,0.090909,0.0,0.0,0.0,0.0,0.0,0.0,0.0,0.0,0.0,0.0,0.0,0.0,0.45455,0.0,0.090909,0.0,0.0,0.0,0.0,0.63636,0.0,0.0,0.0,0.0,0.090909,0.0,0.0,7.1111,3.8889,3.0,1.7778,7.2222,2.6667,3.4444,4.2222,5.5556,4.2222,2.6667,4.3333,2.0,7.2222
2120,2121,stimulus_2121,/pscratch/sd/s/sjmoon/EmoFM/videos/CowenEmotionVideos/2121.mp4,True,0.0,0.0,0.0,0.0,0.0,0.63636,0.090909,0.0,0.0,0.0,0.0,0.0,0.0,0.0,0.0,0.0,0.0,0.0,0.0,0.63636,0.0,0.18182,0.0,0.0,0.0,0.0,0.0,0.0,0.0,0.0,0.0,0.0,0.0,0.0,6.6667,5.3333,2.7778,1.3333,6.8889,4.2222,3.6667,2.7778,5.5556,4.4444,3.2222,3.6667,1.7778,4.7778
2121,2122,stimulus_2122,/pscratch/sd/s/sjmoon/EmoFM/videos/CowenEmotionVideos/2122.mp4,True,0.0,0.0,0.0,0.0,0.0,0.18182,0.0,0.0,0.0,0.0,0.0,0.0,0.0,0.090909,0.72727,0.0,0.090909,0.0,0.0,0.090909,0.0,0.27273,0.18182,0.0,0.0,0.0,0.0,0.0,0.090909,0.0,0.0,0.0,0.0,0.0,6.1111,5.0,1.7778,1.8889,5.7778,3.7778,3.3333,3.7778,5.3333,4.8889,3.4444,5.2222,2.5556,4.1111
2122,2123,stimulus_2123,/pscratch/sd/s/sjmoon/EmoFM/videos/CowenEmotionVideos/2123.mp4,True,0.0,0.0,0.0,0.0,0.36364,0.0,0.0,0.0,0.090909,0.090909,0.090909,0.090909,0.0,0.18182,0.45455,0.0,0.0,0.0,0.0,0.0,0.0,0.090909,0.0,0.0,0.0,0.0,0.0,0.0,0.18182,0.0,0.0,0.0,0.0,0.0,5.2222,5.1111,1.8889,2.0,6.1111,5.0,3.0,2.6667,4.8889,2.7778,2.3333,3.8889,2.1111,2.2222
2123,2124,stimulus_2124,/pscratch/sd/s/sjmoon/EmoFM/videos/CowenEmotionVideos/2124.mp4,True,0.0,0.0,0.0,0.0,0.0,0.0,0.18182,0.0,0.0,0.0,0.36364,0.0,0.0,0.090909,0.0,0.0,0.0,0.0,0.0,0.27273,0.0,0.18182,0.18182,0.0,0.0,0.0,0.0,0.0,0.0,0.0,0.0,0.45455,0.0,0.0,6.4444,3.4444,2.2222,1.3333,6.7778,5.2222,1.7778,2.0,5.3333,2.8889,2.0,4.0,1.5556,1.4444
2124,2125,stimulus_2125,/pscratch/sd/s/sjmoon/EmoFM/videos/CowenEmotionVideos/2125.mp4,True,0.0,0.0,0.0,0.45455,0.0,0.0,0.27273,0.0,0.0,0.0,0.0,0.0,0.0,0.0,0.0,0.0,0.0,0.0,0.090909,0.0,0.0,0.0,0.36364,0.090909,0.0,0.0,0.0,0.0,0.0,0.18182,0.0,0.090909,0.0,0.0,5.7778,4.4444,4.4444,4.7778,5.8889,4.3333,4.6667,6.8889,3.6667,4.8889,5.1111,4.4444,5.1111,7.3333
2125,2126,stimulus_2126,/pscratch/sd/s/sjmoon/EmoFM/videos/CowenEmotionVideos/2126.mp4,True,0.0,0.0,0.36364,0.0,0.0,0.0,0.27273,0.0,0.0,0.0,0.090909,0.0,0.0,0.0,0.0,0.0,0.45455,0.0,0.0,0.0,0.0,0.0,0.27273,0.090909,0.0,0.0,0.0,0.0,0.0,0.090909,0.0,0.0,0.0,0.0,4.7778,4.1111,3.6667,3.7778,5.7778,3.5556,5.0,5.0,4.7778,5.1111,4.8889,4.6667,4.2222,4.7778
2126,2127,stimulus_2127,/pscratch/sd/s/sjmoon/EmoFM/videos/CowenEmotionVideos/2127.mp4,True,0.0,0.18182,0.0,0.72727,0.090909,0.0,0.090909,0.0,0.0,0.0,0.090909,0.0,0.0,0.0,0.0,0.0,0.0,0.0,0.0,0.0,0.090909,0.0,0.0,0.090909,0.0,0.0,0.0,0.0,0.18182,0.0,0.0,0.090909,0.18182,0.0,4.4444,3.6667,5.3333,6.0,4.7778,3.8889,5.0,5.3333,2.6667,2.6667,4.2222,3.7778,4.5556,3.8889
2127,2128,stimulus_2128,/pscratch/sd/s/sjmoon/EmoFM/videos/CowenEmotionVideos/2128.mp4,True,0.0,0.0,0.36364,0.0,0.0,0.0,0.0,0.0,0.090909,0.090909,0.0,0.0,0.0,0.0,0.0,0.0,0.45455,0.0,0.0,0.0,0.0,0.0,0.090909,0.090909,0.0,0.0,0.0,0.0,0.0,0.18182,0.0,0.0,0.0,0.0,4.3333,4.7778,5.3333,5.5556,6.0,5.4444,4.3333,7.2222,3.2222,5.6667,4.0,3.0,5.7778,6.1111
2128,2129,stimulus_2129,/pscratch/sd/s/sjmoon/EmoFM/videos/CowenEmotionVideos/2129.mp4,True,0.0,0.0,0.0,0.0,0.0,0.0,0.0,0.0,0.18182,0.0,0.0,0.0,0.0,0.0,0.090909,0.0,0.0,0.0,0.0,0.0,0.0,0.0,0.0,0.27273,0.0,0.0,0.0,0.81818,0.0,0.0,0.0,0.0,0.0,0.0,4.1111,2.4444,5.5556,6.7778,5.6667,7.0,5.5556,7.3333,2.4444,7.2222,6.3333,3.5556,6.2222,6.2222
2129,2130,stimulus_2130,/pscratch/sd/s/sjmoon/EmoFM/videos/CowenEmotionVideos/2130.mp4,True,0.0,0.0,0.0,0.090909,0.0,0.18182,0.090909,0.0,0.0,0.0,0.090909,0.0,0.0,0.0,0.0,0.0,0.0,0.0,0.0,0.27273,0.0,0.18182,0.0,0.0,0.0,0.0,0.45455,0.0,0.0,0.090909,0.0,0.36364,0.0,0.0,5.2222,4.2222,3.3333,2.3333,5.0,3.8889,5.0,3.7778,3.4444,4.4444,5.5556,5.1111,2.6667,7.3333
2130,2131,stimulus_2131,/pscratch/sd/s/sjmoon/EmoFM/videos/CowenEmotionVideos/2131.mp4,True,0.033333,0.36667,0.0,0.5,0.0,0.0,0.23333,0.0,0.0,0.0,0.0,0.0,0.0,0.0,0.0,0.0,0.066667,0.0,0.1,0.0,0.066667,0.0,0.0,0.36667,0.0,0.0,0.0,0.0,0.0,0.0,0.0,0.0,0.066667,0.0,3.7778,4.0,7.3333,6.5556,5.2222,6.0,6.1111,6.3333,2.2222,7.3333,5.4444,3.5556,6.4444,7.6667
2131,2132,stimulus_2132,/pscratch/sd/s/sjmoon/EmoFM/videos/CowenEmotionVideos/2132.mp4,True,0.0,0.0,0.13333,0.0,0.0,0.0,0.0,0.0,0.13333,0.0,0.4,0.0,0.0,0.0,0.0,0.0,0.13333,0.0,0.0,0.0,0.0,0.0,0.23333,0.0,0.0,0.0,0.0,0.0,0.0,0.066667,0.0,0.4,0.0,0.0,5.1111,3.6667,5.4444,6.2222,6.4444,4.1111,3.8889,6.4444,3.4444,5.6667,4.1111,3.5556,5.6667,6.5556
2132,2133,stimulus_2133,/pscratch/sd/s/sjmoon/EmoFM/videos/CowenEmotionVideos/2133.mp4,True,0.0,0.0,0.033333,0.0,0.0,0.0,0.066667,0.066667,0.0,0.0,0.0,0.066667,0.0,0.066667,0.066667,0.0,0.0,0.0,0.066667,0.0,0.0,0.0,0.13333,0.0,0.0,0.0,0.0,0.13333,0.0,0.0,0.66667,0.066667,0.0,0.0,5.0,5.2222,4.8889,5.5556,4.3333,5.5556,6.1111,6.8889,3.1111,6.3333,5.7778,4.3333,5.4444,5.5556
2133,2134,stimulus_2134,/pscratch/sd/s/sjmoon/EmoFM/videos/CowenEmotionVideos/2134.mp4,True,0.0,0.13333,0.0,0.66667,0.0,0.0,0.13333,0.0,0.0,0.0,0.066667,0.0,0.0,0.0,0.0,0.0,0.0,0.0,0.066667,0.0,0.066667,0.0,0.0,0.066667,0.0,0.0,0.0,0.0,0.0,0.0,0.0,0.2,0.066667,0.066667,4.8889,3.6667,6.3333,4.4444,5.1111,5.2222,5.0,4.8889,3.1111,4.7778,4.2222,3.3333,4.8889,5.8889
2134,2135,stimulus_2135,/pscratch/sd/s/sjmoon/EmoFM/videos/CowenEmotionVideos/2135.mp4,True,0.0,0.0,0.0,0.13333,0.0,0.26667,0.13333,0.0,0.0,0.0,0.066667,0.0,0.0,0.0,0.066667,0.33333,0.066667,0.0,0.13333,0.2,0.0,0.066667,0.0,0.0,0.0,0.0,0.0,0.0,0.033333,0.0,0.0,0.36667,0.13333,0.0,5.4444,4.1111,3.0,1.7778,4.5556,4.0,3.8889,3.4444,3.4444,3.7778,3.1111,4.2222,3.1111,3.3333
2135,2136,stimulus_2136,/pscratch/sd/s/sjmoon/EmoFM/videos/CowenEmotionVideos/2136.mp4,True,0.066667,0.0,0.0,0.0,0.0,0.0,0.23333,0.0,0.066667,0.0,0.0,0.066667,0.0,0.0,0.066667,0.26667,0.066667,0.0,0.0,0.0,0.066667,0.0,0.0,0.0,0.0,0.0,0.2,0.0,0.33333,0.0,0.0,0.0,0.36667,0.0,4.1111,3.2222,3.6667,5.7778,4.8889,4.5556,6.6667,5.4444,3.3333,4.0,5.1111,4.5556,3.6667,4.1111
2136,2137,stimulus_2137,/pscratch/sd/s/sjmoon/EmoFM/videos/CowenEmotionVideos/2137.mp4,True,0.0,0.2,0.0,0.36667,0.0,0.0,0.3,0.0,0.066667,0.066667,0.0,0.0,0.0,0.0,0.0,0.0,0.0,0.0,0.0,0.0,0.066667,0.0,0.0,0.3,0.0,0.0,0.0,0.0,0.0,0.066667,0.0,0.13333,0.0,0.0,7.2222,5.8889,8.4444,8.1111,7.3333,6.8889,7.0,7.5556,2.4444,7.1111,4.6667,2.6667,7.1111,7.1111
2137,2138,stimulus_2138,/pscratch/sd/s/sjmoon/EmoFM/videos/CowenEmotionVideos/2138.mp4,True,0.2,0.0,0.0,0.066667,0.0,0.0,0.066667,0.0,0.0,0.0,0.0,0.0,0.0,0.0,0.0,0.0,0.0,0.0,0.16667,0.0,0.066667,0.0,0.13333,0.5,0.0,0.0,0.0,0.0,0.066667,0.0,0.0,0.2,0.1,0.0,7.2222,4.4444,8.1111,8.1111,6.8889,6.3333,7.3333,7.5556,2.8889,7.5556,6.8889,2.8889,7.0,7.6667
2138,2139,stimulus_2139,/pscratch/sd/s/sjmoon/EmoFM/videos/CowenEmotionVideos/2139.mp4,True,0.0,0.0,0.0,0.0,0.0,0.033333,0.0,0.0,0.0,0.0,0.0,0.0,0.0,0.0,0.76667,0.13333,0.0,0.0,0.0,0.066667,0.066667,0.4,0.0,0.0,0.0,0.0,0.0,0.0,0.033333,0.0,0.0,0.13333,0.066667,0.0,5.7778,3.8889,1.3333,1.6667,5.6667,4.7778,4.6667,3.8889,6.3333,3.6667,3.1111,4.8889,2.8889,2.8889
2139,2140,stimulus_2140,/pscratch/sd/s/sjmoon/EmoFM/videos/CowenEmotionVideos/2140.mp4,True,0.0,0.0,0.2,0.0,0.0,0.0,0.066667,0.0,0.13333,0.0,0.0,0.0,0.0,0.0,0.0,0.0,0.26667,0.0,0.0,0.066667,0.0,0.0,0.23333,0.13333,0.0,0.0,0.0,0.0,0.0,0.066667,0.0,0.2,0.0,0.066667,6.7778,5.4444,7.7778,6.8889,6.8889,6.1111,4.6667,7.1111,3.2222,5.7778,4.2222,3.2222,6.0,7.5556
2140,2141,stimulus_2141,/pscratch/sd/s/sjmoon/EmoFM/videos/CowenEmotionVideos/2141.mp4,True,0.0,0.0,0.0,0.33333,0.0,0.0,0.066667,0.0,0.0,0.0,0.066667,0.0,0.0,0.066667,0.56667,0.0,0.033333,0.0,0.0,0.0,0.066667,0.0,0.033333,0.066667,0.0,0.0,0.0,0.0,0.0,0.1,0.0,0.16667,0.066667,0.0,4.6667,3.8889,3.0,2.5556,5.0,3.8889,3.7778,5.0,6.1111,4.3333,3.0,3.2222,3.7778,3.5556
2141,2142,stimulus_2142,/pscratch/sd/s/sjmoon/EmoFM/videos/CowenEmotionVideos/2142.mp4,True,0.0,0.0,0.0,0.033333,0.0,0.0,0.0,0.0,0.13333,0.0,0.066667,0.0,0.0,0.0,0.26667,0.0,0.0,0.0,0.0,0.066667,0.0,0.26667,0.0,0.0,0.13333,0.0,0.066667,0.26667,0.0,0.0,0.2,0.0,0.0,0.0,5.1111,3.1111,3.2222,2.2222,5.5556,3.8889,5.3333,2.4444,5.1111,3.1111,4.0,5.0,2.5556,3.1111
2142,2143,stimulus_2143,/pscratch/sd/s/sjmoon/EmoFM/videos/CowenEmotionVideos/2143.mp4,True,0.0,0.0,0.033333,0.0,0.0,0.0,0.0,0.0,0.0,0.0,0.066667,0.0,0.4,0.066667,0.33333,0.0,0.13333,0.0,0.0,0.0,0.0,0.0,0.13333,0.066667,0.0,0.0,0.0,0.0,0.0,0.13333,0.0,0.0,0.0,0.0,6.7778,4.7778,6.7778,7.4444,6.4444,6.4444,4.0,7.4444,2.2222,5.6667,5.5556,2.7778,6.0,7.1111
2143,2144,stimulus_2144,/pscratch/sd/s/sjmoon/EmoFM/videos/CowenEmotionVideos/2144.mp4,True,0.0,0.0,0.0,0.0,0.0,0.13333,0.2,0.0,0.0,0.0,0.066667,0.0,0.0,0.0,0.1,0.0,0.066667,0.0,0.0,0.23333,0.066667,0.066667,0.13333,0.0,0.0,0.0,0.0,0.0,0.36667,0.0,0.0,0.2,0.0,0.0,5.3333,3.6667,2.2222,2.1111,5.8889,4.3333,4.7778,2.0,4.8889,3.0,4.5556,4.7778,2.6667,2.6667
2144,2145,stimulus_2145,/pscratch/sd/s/sjmoon/EmoFM/videos/CowenEmotionVideos/2145.mp4,True,0.2,0.066667,0.033333,0.23333,0.0,0.066667,0.26667,0.0,0.13333,0.0,0.066667,0.0,0.0,0.0,0.0,0.0,0.0,0.0,0.0,0.0,0.0,0.0,0.13333,0.13333,0.0,0.0,0.066667,0.066667,0.0,0.0,0.0,0.13333,0.066667,0.066667,5.5556,3.7778,5.6667,5.3333,6.1111,4.8889,5.8889,7.5556,4.1111,6.3333,3.7778,3.2222,4.7778,6.8889
2145,2146,stimulus_2146,/pscratch/sd/s/sjmoon/EmoFM/videos/CowenEmotionVideos/2146.mp4,True,0.0,0.066667,0.0,0.73333,0.0,0.0,0.13333,0.0,0.0,0.066667,0.066667,0.0,0.0,0.0,0.0,0.0,0.066667,0.0,0.0,0.0,0.066667,0.0,0.0,0.23333,0.0,0.0,0.0,0.0,0.0,0.0,0.0,0.13333,0.0,0.0,6.2222,4.4444,8.2222,6.8889,6.4444,6.0,7.3333,6.8889,1.8889,5.4444,5.2222,2.8889,5.8889,7.1111
2146,2147,stimulus_2147,/pscratch/sd/s/sjmoon/EmoFM/videos/CowenEmotionVideos/2147.mp4,True,0.0,0.0,0.0,0.0,0.066667,0.0,0.0,0.0,0.0,0.0,0.0,0.0,0.0,0.066667,0.93333,0.0,0.0,0.0,0.0,0.1,0.066667,0.066667,0.0,0.0,0.0,0.0,0.0,0.0,0.0,0.0,0.0,0.0,0.0,0.0,5.2222,3.2222,1.4444,1.6667,4.6667,3.6667,2.5556,2.7778,6.4444,3.2222,2.6667,4.6667,2.6667,3.0
2147,2148,stimulus_2148,/pscratch/sd/s/sjmoon/EmoFM/videos/CowenEmotionVideos/2148.mp4,True,0.0,0.0,0.0,0.066667,0.13333,0.0,0.0,0.0,0.066667,0.0,0.066667,0.066667,0.0,0.0,0.13333,0.16667,0.066667,0.0,0.0,0.0,0.066667,0.066667,0.0,0.066667,0.0,0.0,0.066667,0.0,0.6,0.0,0.0,0.2,0.2,0.0,6.3333,4.0,4.7778,5.8889,6.7778,4.5556,7.6667,6.7778,4.8889,4.8889,4.5556,4.6667,4.2222,8.1111
2148,2149,stimulus_2149,/pscratch/sd/s/sjmoon/EmoFM/videos/CowenEmotionVideos/2149.mp4,True,0.0,0.0,0.0,0.0,0.0,0.0,0.0,0.0,0.0,0.0,0.0,0.0,0.73333,0.0,0.0,0.0,0.066667,0.066667,0.0,0.0,0.066667,0.0,0.066667,0.13333,0.0,0.0,0.0,0.0,0.0,0.066667,0.0,0.0,0.0,0.0,6.2222,4.8889,7.4444,7.5556,7.0,7.1111,4.7778,8.1111,2.1111,7.1111,5.4444,2.6667,6.7778,6.2222
2149,2150,stimulus_2150,/pscratch/sd/s/sjmoon/EmoFM/videos/CowenEmotionVideos/2150.mp4,True,0.0,0.0,0.2,0.0,0.0,0.0,0.066667,0.0,0.066667,0.13333,0.0,0.0,0.4,0.0,0.0,0.0,0.26667,0.066667,0.0,0.0,0.0,0.0,0.13333,0.0,0.0,0.0,0.066667,0.0,0.0,0.066667,0.0,0.0,0.0,0.066667,5.6667,5.0,7.6667,8.0,6.3333,6.4444,5.0,8.1111,2.4444,6.1111,5.4444,2.6667,6.4444,6.6667
2150,2151,stimulus_2151,/pscratch/sd/s/sjmoon/EmoFM/videos/CowenEmotionVideos/2151.mp4,True,0.0,0.0,0.0,0.066667,0.16667,0.066667,0.0,0.0,0.0,0.0,0.0,0.1,0.0,0.033333,0.56667,0.066667,0.066667,0.0,0.0,0.0,0.0,0.033333,0.0,0.066667,0.0,0.066667,0.066667,0.0,0.16667,0.0,0.0,0.066667,0.0,0.066667,5.7778,6.6667,4.2222,5.5556,6.1111,6.0,5.6667,4.7778,2.6667,3.0,3.8889,2.8889,5.0,3.2222
2151,2152,stimulus_2152,/pscratch/sd/s/sjmoon/EmoFM/videos/CowenEmotionVideos/2152.mp4,True,0.0,0.0,0.0,0.033333,0.0,0.0,0.0,0.0,0.0,0.0,0.0,0.0,0.0,0.066667,0.86667,0.0,0.066667,0.0,0.0,0.066667,0.066667,0.13333,0.1,0.0,0.0,0.0,0.0,0.0,0.0,0.0,0.0,0.066667,0.13333,0.0,5.2222,5.5556,1.6667,1.2222,5.8889,4.3333,3.1111,4.4444,5.5556,5.0,2.2222,3.1111,4.8889,2.8889
2152,2153,stimulus_2153,/pscratch/sd/s/sjmoon/EmoFM/videos/CowenEmotionVideos/2153.mp4,True,0.0,0.0,0.0,0.0,0.0,0.066667,0.0,0.0,0.0,0.0,0.43333,0.0,0.0,0.066667,0.066667,0.0,0.066667,0.0,0.0,0.2,0.0,0.33333,0.066667,0.0,0.0,0.0,0.0,0.0,0.36667,0.0,0.0,0.2,0.066667,0.0,6.2222,4.2222,1.7778,2.7778,6.5556,4.2222,5.5556,1.6667,4.7778,2.5556,3.5556,4.4444,3.2222,2.5556
2153,2154,stimulus_2154,/pscratch/sd/s/sjmoon/EmoFM/videos/CowenEmotionVideos/2154.mp4,True,0.16667,0.0,0.0,0.0,0.0,0.16667,0.13333,0.0,0.0,0.0,0.066667,0.0,0.0,0.0,0.0,0.0,0.066667,0.0,0.0,0.2,0.0,0.0,0.0,0.13333,0.0,0.13333,0.26667,0.0,0.066667,0.066667,0.0,0.33333,0.066667,0.2,5.8889,6.3333,6.8889,6.6667,7.0,5.8889,6.4444,5.5556,2.7778,5.8889,6.6667,3.7778,5.3333,7.7778
2154,2155,stimulus_2155,/pscratch/sd/s/sjmoon/EmoFM/videos/CowenEmotionVideos/2155.mp4,True,0.0,0.0,0.1,0.0,0.0,0.0,0.0,0.0,0.0,0.0,0.26667,0.0,0.0,0.0,0.5,0.0,0.066667,0.0,0.0,0.0,0.0,0.13333,0.33333,0.0,0.0,0.0,0.0,0.0,0.033333,0.0,0.0,0.0,0.0,0.0,4.4444,4.8889,3.6667,2.6667,5.7778,2.6667,2.8889,4.2222,4.0,3.5556,2.8889,4.1111,4.2222,3.6667
2155,2156,stimulus_2156,/pscratch/sd/s/sjmoon/EmoFM/videos/CowenEmotionVideos/2156.mp4,True,0.0,0.0,0.0,0.033333,0.066667,0.1,0.066667,0.0,0.0,0.0,0.0,0.0,0.0,0.066667,0.066667,0.066667,0.066667,0.0,0.0,0.33333,0.066667,0.066667,0.066667,0.0,0.0,0.0,0.066667,0.0,0.36667,0.0,0.0,0.5,0.13333,0.1,5.3333,5.1111,3.7778,2.7778,7.0,4.1111,6.3333,2.4444,4.7778,3.8889,3.7778,3.0,3.1111,4.4444
2156,2157,stimulus_2157,/pscratch/sd/s/sjmoon/EmoFM/videos/CowenEmotionVideos/2157.mp4,True,0.0,0.0,0.0,0.033333,0.0,0.033333,0.033333,0.0,0.066667,0.0,0.16667,0.0,0.0,0.0,0.66667,0.066667,0.066667,0.0,0.0,0.2,0.0,0.066667,0.066667,0.0,0.0,0.0,0.0,0.0,0.0,0.0,0.0,0.36667,0.066667,0.0,5.5556,4.5556,2.5556,2.4444,6.8889,3.8889,3.5556,5.7778,4.1111,5.2222,2.4444,3.6667,4.3333,4.1111
2157,2158,stimulus_2158,/pscratch/sd/s/sjmoon/EmoFM/videos/CowenEmotionVideos/2158.mp4,True,0.0,0.3,0.0,0.36667,0.0,0.0,0.3,0.0,0.0,0.066667,0.0,0.0,0.0,0.0,0.0,0.0,0.066667,0.0,0.0,0.0,0.0,0.0,0.0,0.36667,0.0,0.0,0.0,0.0,0.0,0.066667,0.0,0.0,0.066667,0.0,6.6667,4.2222,8.2222,8.0,6.6667,6.5556,7.3333,8.1111,1.5556,7.6667,5.1111,2.5556,6.7778,8.0
2158,2159,stimulus_2159,/pscratch/sd/s/sjmoon/EmoFM/videos/CowenEmotionVideos/2159.mp4,True,0.0,0.0,0.0,0.13333,0.0,0.16667,0.1,0.0,0.0,0.0,0.0,0.0,0.0,0.0,0.0,0.33333,0.0,0.0,0.066667,0.2,0.066667,0.066667,0.0,0.066667,0.0,0.0,0.066667,0.0,0.1,0.0,0.0,0.1,0.23333,0.0,5.1111,5.7778,2.4444,5.3333,7.0,5.4444,5.1111,2.7778,3.5556,4.4444,3.8889,3.4444,3.6667,2.6667
2159,2160,stimulus_2160,/pscratch/sd/s/sjmoon/EmoFM/videos/CowenEmotionVideos/2160.mp4,True,0.0,0.0,0.066667,0.13333,0.0,0.066667,0.0,0.066667,0.066667,0.0,0.4,0.0,0.0,0.066667,0.0,0.0,0.066667,0.0,0.0,0.13333,0.0,0.066667,0.23333,0.0,0.0,0.0,0.0,0.0,0.2,0.0,0.0,0.13333,0.0,0.0,5.1111,3.5556,5.1111,3.2222,6.1111,4.5556,3.2222,3.0,2.6667,4.6667,3.2222,4.1111,3.8889,4.8889
2160,2161,stimulus_2161,/pscratch/sd/s/sjmoon/EmoFM/videos/CowenEmotionVideos/2161.mp4,True,0.0,0.0,0.0,0.0,0.0,0.29167,0.083333,0.0,0.0,0.0,0.0,0.0,0.0,0.083333,0.083333,0.083333,0.0,0.0,0.0,0.33333,0.0,0.25,0.0,0.0,0.0,0.0,0.0,0.0,0.125,0.0,0.0,0.083333,0.25,0.0,7.1111,4.6667,3.0,2.7778,7.5556,4.8889,7.0,3.6667,4.4444,4.0,3.1111,4.1111,3.1111,5.3333
2161,2162,stimulus_2162,/pscratch/sd/s/sjmoon/EmoFM/videos/CowenEmotionVideos/2162.mp4,True,0.0,0.0,0.083333,0.0,0.0,0.33333,0.16667,0.0,0.083333,0.0,0.0,0.083333,0.0,0.0,0.0,0.0,0.0,0.0,0.083333,0.41667,0.0,0.125,0.0,0.0,0.0,0.0,0.0,0.0,0.0,0.0,0.0,0.083333,0.0,0.0,6.2222,3.4444,3.0,1.7778,7.0,2.5556,3.0,2.0,2.4444,3.4444,3.3333,4.8889,1.7778,4.0
2162,2163,stimulus_2163,/pscratch/sd/s/sjmoon/EmoFM/videos/CowenEmotionVideos/2163.mp4,True,0.0,0.0,0.66667,0.0,0.0,0.0,0.0,0.0,0.083333,0.16667,0.0,0.0,0.0,0.0,0.0,0.0,0.083333,0.16667,0.0,0.0,0.0,0.0,0.0,0.16667,0.0,0.0,0.0,0.0,0.0,0.083333,0.0,0.0,0.0,0.0,4.0,3.8889,7.4444,7.5556,6.2222,6.3333,4.7778,8.1111,1.7778,7.5556,5.3333,2.6667,7.1111,6.4444
2163,2164,stimulus_2164,/pscratch/sd/s/sjmoon/EmoFM/videos/CowenEmotionVideos/2164.mp4,True,0.0,0.0,0.25,0.20833,0.0,0.0,0.25,0.0,0.0,0.0,0.0,0.0,0.0,0.0,0.083333,0.0,0.0,0.0,0.083333,0.25,0.0,0.0,0.083333,0.0,0.0,0.0,0.0,0.0,0.0,0.0,0.0,0.33333,0.0,0.0,6.4444,4.2222,4.7778,4.0,6.5556,5.6667,5.2222,5.8889,3.0,5.7778,2.6667,4.0,4.6667,5.4444
2164,2165,stimulus_2165,/pscratch/sd/s/sjmoon/EmoFM/videos/CowenEmotionVideos/2165.mp4,True,0.0,0.0,0.0,0.0,0.0,0.083333,0.16667,0.0,0.0,0.0,0.083333,0.0,0.0,0.0,0.083333,0.0,0.0,0.0,0.0,0.16667,0.0,0.16667,0.16667,0.083333,0.0,0.0,0.0,0.0,0.0,0.083333,0.0,0.25,0.0,0.083333,4.6667,4.6667,4.2222,2.7778,5.3333,3.5556,3.4444,4.4444,3.4444,4.7778,2.7778,4.4444,2.8889,5.1111
2165,2166,stimulus_2166,/pscratch/sd/s/sjmoon/EmoFM/videos/CowenEmotionVideos/2166.mp4,True,0.0,0.25,0.0,0.5,0.0,0.0,0.33333,0.0,0.0,0.0,0.0,0.0,0.0,0.0,0.083333,0.0,0.0,0.0,0.0,0.0,0.0,0.0,0.0,0.083333,0.0,0.0,0.0,0.0,0.0,0.0,0.0,0.0,0.0,0.0,5.7778,4.5556,6.6667,6.1111,6.1111,5.4444,6.6667,7.2222,1.5556,7.0,3.6667,2.6667,6.7778,6.6667
2166,2167,stimulus_2167,/pscratch/sd/s/sjmoon/EmoFM/videos/CowenEmotionVideos/2167.mp4,True,0.0,0.0,0.16667,0.0,0.0,0.0,0.0,0.0,0.0,0.083333,0.0,0.0,0.083333,0.0,0.0,0.0,0.0,0.083333,0.0,0.0,0.0,0.0,0.083333,0.0,0.0,0.0,0.0,0.0,0.0,0.0,0.91667,0.0,0.0,0.0,6.3333,4.6667,5.8889,4.6667,6.3333,6.6667,5.7778,6.2222,3.4444,6.4444,4.8889,3.2222,6.2222,5.5556
2167,2168,stimulus_2168,/pscratch/sd/s/sjmoon/EmoFM/videos/CowenEmotionVideos/2168.mp4,True,0.0,0.0,0.0,0.0,0.0,0.083333,0.0,0.0,0.0,0.0,0.083333,0.0,0.0,0.0,0.125,0.0,0.0,0.0,0.0,0.58333,0.0,0.33333,0.0,0.0,0.0,0.0,0.0,0.0,0.0,0.0,0.0,0.25,0.0,0.0,5.8889,3.7778,2.6667,1.8889,6.7778,3.5556,3.5556,3.1111,4.1111,4.6667,4.4444,4.7778,2.3333,4.7778
2168,2169,stimulus_2169,/pscratch/sd/s/sjmoon/EmoFM/videos/CowenEmotionVideos/2169.mp4,True,0.0,0.0,0.0,0.0,0.0,0.0,0.0,0.083333,0.0,0.0,0.083333,0.0,0.0,0.0,0.75,0.0,0.0,0.0,0.0,0.0,0.0,0.041667,0.0,0.083333,0.0,0.0,0.0,0.0,0.0,0.0,0.0,0.0,0.083333,0.0,3.8889,4.1111,1.7778,1.5556,3.7778,4.1111,3.4444,4.3333,4.8889,3.4444,2.7778,4.7778,4.1111,2.3333
2169,2170,stimulus_2170,/pscratch/sd/s/sjmoon/EmoFM/videos/CowenEmotionVideos/2170.mp4,True,0.0,0.0,0.0,0.0,0.0,0.0,0.0,0.0,0.0,0.0,0.0,0.0,0.0,0.0,0.0,0.0,0.0,0.0,0.0,0.0,0.0,0.0,0.083333,0.0,0.0,0.0,0.0,0.25,0.0,0.0,0.75,0.0,0.0,0.0,6.5556,5.1111,6.6667,5.7778,5.8889,6.0,5.6667,6.5556,2.3333,5.5556,5.7778,2.5556,5.5556,6.3333
2170,2171,stimulus_2171,/pscratch/sd/s/sjmoon/EmoFM/videos/CowenEmotionVideos/2171.mp4,True,0.0,0.41667,0.0,0.5,0.0,0.0,0.33333,0.0,0.0,0.0,0.0,0.0,0.0,0.0,0.0,0.0,0.0,0.0,0.0,0.0,0.0,0.0,0.0,0.16667,0.0,0.0,0.0,0.0,0.0,0.0,0.0,0.0,0.083333,0.0,4.8889,3.7778,6.2222,7.7778,6.2222,6.3333,6.0,7.5556,1.5556,6.7778,4.5556,2.4444,7.2222,6.8889
2171,2172,stimulus_2172,/pscratch/sd/s/sjmoon/EmoFM/videos/CowenEmotionVideos/2172.mp4,True,0.0,0.083333,0.5,0.0,0.0,0.0,0.25,0.0,0.083333,0.083333,0.16667,0.0,0.0,0.0,0.0,0.0,0.083333,0.0,0.0,0.0,0.0,0.0,0.083333,0.083333,0.0,0.0,0.0,0.083333,0.0,0.0,0.0,0.0,0.0,0.0,3.8889,3.7778,5.0,4.0,6.4444,5.4444,5.3333,7.4444,2.6667,5.5556,5.2222,2.6667,6.4444,5.4444
2172,2173,stimulus_2173,/pscratch/sd/s/sjmoon/EmoFM/videos/CowenEmotionVideos/2173.mp4,True,0.0,0.25,0.0,0.375,0.083333,0.0,0.16667,0.0,0.16667,0.0,0.083333,0.0,0.0,0.0,0.0,0.0,0.0,0.0,0.0,0.0,0.0,0.0,0.0,0.16667,0.083333,0.0,0.0,0.0,0.0,0.0,0.0,0.0,0.0,0.0,5.6667,4.3333,7.1111,7.1111,6.5556,6.6667,5.7778,7.8889,2.3333,7.2222,7.5556,2.3333,7.5556,6.7778
2173,2174,stimulus_2174,/pscratch/sd/s/sjmoon/EmoFM/videos/CowenEmotionVideos/2174.mp4,True,0.0,0.0,0.25,0.083333,0.0,0.083333,0.083333,0.083333,0.083333,0.0,0.16667,0.0,0.0,0.0,0.20833,0.0,0.083333,0.0,0.0,0.083333,0.0,0.25,0.16667,0.0,0.0,0.0,0.0,0.0,0.0,0.0,0.0,0.0,0.0,0.0,4.7778,4.1111,2.4444,2.3333,5.5556,3.8889,3.2222,3.8889,5.1111,4.2222,4.1111,5.0,4.1111,3.4444
2174,2175,stimulus_2175,/pscratch/sd/s/sjmoon/EmoFM/videos/CowenEmotionVideos/2175.mp4,True,0.0,0.16667,0.0,0.5,0.0,0.0,0.0,0.0,0.0,0.0,0.0,0.0,0.0,0.0,0.16667,0.0,0.0,0.0,0.0,0.0,0.0,0.0,0.083333,0.29167,0.0,0.0,0.0,0.0,0.0,0.083333,0.0,0.0,0.0,0.0,5.4444,5.1111,6.3333,6.0,5.5556,5.7778,5.5556,5.6667,3.1111,4.3333,5.5556,4.7778,6.4444,5.6667
2175,2176,stimulus_2176,/pscratch/sd/s/sjmoon/EmoFM/videos/CowenEmotionVideos/2176.mp4,True,0.0,0.0,0.5,0.0,0.0,0.0,0.16667,0.0,0.16667,0.0,0.083333,0.0,0.0,0.0,0.0,0.0,0.16667,0.083333,0.0,0.0,0.0,0.0,0.0,0.0,0.0,0.0,0.0,0.16667,0.0,0.0,0.16667,0.0,0.0,0.0,5.3333,4.0,5.8889,4.7778,5.7778,5.4444,6.0,7.0,3.1111,6.2222,5.3333,4.3333,5.8889,5.2222
2176,2177,stimulus_2177,/pscratch/sd/s/sjmoon/EmoFM/videos/CowenEmotionVideos/2177.mp4,True,0.0,0.0,0.0,0.0,0.0,0.16667,0.0,0.0,0.0,0.0,0.0,0.0,0.0,0.0,0.5,0.0,0.0,0.0,0.0,0.16667,0.0,0.29167,0.0,0.0,0.0,0.0,0.083333,0.0,0.125,0.0,0.0,0.16667,0.0,0.0,4.8889,3.7778,2.0,1.2222,5.3333,4.4444,4.1111,3.0,6.0,2.7778,3.4444,5.0,1.5556,2.5556
2177,2178,stimulus_2178,/pscratch/sd/s/sjmoon/EmoFM/videos/CowenEmotionVideos/2178.mp4,True,0.0,0.0,0.083333,0.125,0.0,0.0,0.25,0.0,0.0,0.0,0.33333,0.0,0.0,0.0,0.083333,0.0,0.0,0.083333,0.0,0.0,0.0,0.0,0.041667,0.0,0.0,0.0,0.0,0.0,0.0,0.041667,0.0,0.33333,0.0,0.0,6.2222,4.8889,3.6667,3.7778,6.5556,4.4444,5.4444,6.0,4.4444,5.5556,4.4444,4.5556,4.6667,5.4444
2178,2179,stimulus_2179,/pscratch/sd/s/sjmoon/EmoFM/videos/CowenEmotionVideos/2179.mp4,True,0.0,0.083333,0.0,0.83333,0.0,0.0,0.16667,0.0,0.0,0.0,0.0,0.0,0.0,0.0,0.0,0.0,0.0,0.0,0.0,0.083333,0.0,0.0,0.0,0.25,0.0,0.0,0.041667,0.0,0.0,0.16667,0.0,0.125,0.25,0.125,6.7778,5.6667,7.1111,5.8889,6.4444,5.2222,6.5556,6.1111,2.6667,5.7778,5.7778,3.7778,6.1111,6.6667
2179,2180,stimulus_2180,/pscratch/sd/s/sjmoon/EmoFM/videos/CowenEmotionVideos/2180.mp4,True,0.0,0.0,0.16667,0.0,0.0,0.0,0.0,0.0,0.0,0.0,0.083333,0.0,0.083333,0.0,0.0,0.0,0.0,0.083333,0.0,0.0,0.0,0.0,0.083333,0.0,0.0,0.0,0.0,0.083333,0.083333,0.0,0.83333,0.0,0.0,0.0,5.3333,5.0,5.2222,5.1111,5.7778,5.8889,4.8889,6.6667,3.3333,5.5556,5.0,3.1111,6.1111,5.3333
2180,2181,stimulus_2181,/pscratch/sd/s/sjmoon/EmoFM/videos/CowenEmotionVideos/2181.mp4,True,0.0,0.0,0.75,0.0,0.0,0.0,0.66667,0.0,0.0,0.083333,0.083333,0.0,0.0,0.0,0.0,0.0,0.083333,0.083333,0.0,0.0,0.0,0.0,0.0,0.083333,0.0,0.0,0.0,0.0,0.0,0.0,0.0,0.0,0.0,0.0,6.3333,3.5556,7.2222,7.2222,6.7778,6.4444,4.1111,7.2222,2.3333,6.2222,3.5556,1.8889,6.5556,6.1111
2181,2182,stimulus_2182,/pscratch/sd/s/sjmoon/EmoFM/videos/CowenEmotionVideos/2182.mp4,True,0.0,0.41667,0.0,0.66667,0.0,0.0,0.25,0.0,0.0,0.0,0.0,0.0,0.0,0.0,0.0,0.0,0.0,0.083333,0.0,0.0,0.0,0.0,0.0,0.16667,0.0,0.0,0.0,0.0,0.0,0.0,0.0,0.0,0.0,0.0,6.4444,4.7778,7.4444,7.6667,6.6667,6.5556,7.1111,7.6667,1.3333,6.6667,5.4444,2.4444,7.0,6.7778
2182,2183,stimulus_2183,/pscratch/sd/s/sjmoon/EmoFM/videos/CowenEmotionVideos/2183.mp4,True,0.0,0.083333,0.0,0.0,0.083333,0.0,0.125,0.0,0.083333,0.0,0.0,0.0,0.0,0.041667,0.083333,0.16667,0.0,0.0,0.0,0.0,0.083333,0.125,0.0,0.0,0.0,0.0,0.0,0.0,0.54167,0.0,0.0,0.0,0.25,0.0,5.2222,3.7778,2.1111,5.4444,5.5556,4.1111,7.6667,5.5556,5.7778,2.6667,5.0,4.3333,3.8889,3.3333
2183,2184,stimulus_2184,/pscratch/sd/s/sjmoon/EmoFM/videos/CowenEmotionVideos/2184.mp4,True,0.0,0.0,0.083333,0.5,0.0,0.0,0.083333,0.0,0.0,0.0,0.25,0.0,0.0,0.0,0.083333,0.0,0.0,0.0,0.083333,0.0,0.0,0.0,0.33333,0.0,0.0,0.0,0.0,0.0,0.0,0.0,0.0,0.25,0.0,0.0,5.3333,5.0,4.5556,5.2222,5.1111,5.3333,4.2222,6.4444,4.0,5.2222,4.2222,4.0,5.2222,5.0
2184,2185,stimulus_2185,/pscratch/sd/s/sjmoon/EmoFM/videos/CowenEmotionVideos/2185.mp4,True,0.083333,0.25,0.0,0.25,0.0,0.0,0.33333,0.0,0.0,0.083333,0.083333,0.0,0.0,0.0,0.0,0.083333,0.0,0.0,0.0,0.0,0.0,0.0,0.0,0.16667,0.0,0.0,0.0,0.0,0.16667,0.0,0.0,0.0,0.25,0.0,5.2222,4.4444,5.4444,5.6667,6.2222,4.7778,7.1111,6.2222,3.5556,3.5556,5.4444,5.3333,5.2222,5.2222
