subject,stimulus_num,stimulus_name,v_quartile,a_quartile,split
sub-01,1,stimulus_1,0,1,test
sub-01,2,stimulus_2,1,1,val
sub-01,3,stimulus_3,2,3,train
sub-01,4,stimulus_4,1,0,train
sub-01,5,stimulus_5,0,3,train
sub-01,6,stimulus_6,2,1,train
sub-01,7,stimulus_7,1,0,train
sub-01,8,stimulus_8,3,0,val
sub-01,9,stimulus_9,0,0,train
sub-01,10,stimulus_10,3,3,test
sub-01,11,stimulus_11,3,3,train
sub-01,12,stimulus_12,2,1,val
sub-01,13,stimulus_13,3,3,train
sub-01,14,stimulus_14,2,2,train
sub-01,15,stimulus_15,0,3,train
sub-01,16,stimulus_16,3,3,train
sub-01,17,stimulus_17,3,2,train
sub-01,18,stimulus_18,0,2,train
sub-01,19,stimulus_19,3,2,train
sub-01,20,stimulus_20,2,3,test
sub-01,21,stimulus_21,0,2,train
sub-01,22,stimulus_22,1,3,train
sub-01,23,stimulus_23,3,2,val
sub-01,24,stimulus_24,1,1,train
sub-01,25,stimulus_25,0,1,train
sub-01,26,stimulus_26,3,1,train
sub-01,27,stimulus_27,0,2,train
sub-01,28,stimulus_28,0,1,train
sub-01,29,stimulus_29,3,2,test
sub-01,30,stimulus_30,0,2,train
sub-01,31,stimulus_31,0,2,train
sub-01,32,stimulus_32,2,2,train
sub-01,33,stimulus_33,2,2,train
sub-01,34,stimulus_34,2,2,train
sub-01,35,stimulus_35,3,2,train
sub-01,36,stimulus_36,2,1,train
sub-01,37,stimulus_37,3,3,train
sub-01,38,stimulus_38,2,2,test
sub-01,39,stimulus_39,2,0,train
sub-01,40,stimulus_40,3,1,train
sub-01,41,stimulus_41,3,1,test
sub-01,42,stimulus_42,1,1,train
sub-01,43,stimulus_43,3,2,train
sub-01,44,stimulus_44,2,2,train
sub-01,45,stimulus_45,0,1,train
sub-01,46,stimulus_46,0,1,train
sub-01,47,stimulus_47,1,0,val
sub-01,48,stimulus_48,0,0,test
sub-01,49,stimulus_49,2,0,train
sub-01,50,stimulus_50,2,1,train
sub-01,51,stimulus_51,0,0,test
sub-01,52,stimulus_52,1,1,train
sub-01,53,stimulus_53,1,0,test
sub-01,54,stimulus_54,1,1,train
sub-01,55,stimulus_55,2,3,train
sub-01,56,stimulus_56,1,1,train
sub-01,57,stimulus_57,2,3,train
sub-01,58,stimulus_58,3,3,train
sub-01,59,stimulus_59,0,0,train
sub-01,60,stimulus_60,1,2,train
sub-01,61,stimulus_61,1,0,train
sub-01,62,stimulus_62,0,0,test
sub-01,63,stimulus_63,1,0,test
sub-01,64,stimulus_64,1,0,train
sub-01,65,stimulus_65,1,2,train
sub-01,66,stimulus_66,1,0,train
sub-01,67,stimulus_67,0,0,train
sub-01,68,stimulus_68,1,0,train
sub-01,69,stimulus_69,2,1,train
sub-01,70,stimulus_70,1,0,train
sub-01,71,stimulus_71,0,0,train
sub-01,72,stimulus_72,1,0,train
sub-01,73,stimulus_73,0,1,train
sub-01,74,stimulus_74,3,2,train
sub-01,75,stimulus_75,2,1,train
sub-01,76,stimulus_76,1,1,val
sub-01,77,stimulus_77,1,0,train
sub-01,78,stimulus_78,3,1,train
sub-01,79,stimulus_79,0,0,train
sub-01,80,stimulus_80,1,1,train
sub-01,81,stimulus_81,0,2,train
sub-01,82,stimulus_82,2,1,train
sub-01,83,stimulus_83,3,0,train
sub-01,84,stimulus_84,2,1,train
sub-01,85,stimulus_85,2,1,train
sub-01,86,stimulus_86,1,1,train
sub-01,87,stimulus_87,3,1,train
sub-01,88,stimulus_88,2,1,train
sub-01,89,stimulus_89,0,1,train
sub-01,90,stimulus_90,3,1,train
sub-01,91,stimulus_91,2,1,train
sub-01,92,stimulus_92,2,1,train
sub-01,93,stimulus_93,1,2,train
sub-01,94,stimulus_94,3,0,test
sub-01,95,stimulus_95,0,1,val
sub-01,96,stimulus_96,0,3,train
sub-01,97,stimulus_97,1,2,train
sub-01,98,stimulus_98,3,1,train
sub-01,99,stimulus_99,1,2,val
sub-01,100,stimulus_100,3,3,train
sub-01,101,stimulus_101,3,3,train
sub-01,102,stimulus_102,3,2,train
sub-01,103,stimulus_103,1,0,train
sub-01,104,stimulus_104,0,0,train
sub-01,105,stimulus_105,1,1,train
sub-01,106,stimulus_106,1,0,train
sub-01,107,stimulus_107,0,1,train
sub-01,108,stimulus_108,2,2,train
sub-01,109,stimulus_109,0,2,val
sub-01,110,stimulus_110,3,1,train
sub-01,111,stimulus_111,3,2,train
sub-01,112,stimulus_112,2,3,train
sub-01,113,stimulus_113,3,1,test
sub-01,114,stimulus_114,2,1,train
sub-01,115,stimulus_115,1,2,train
sub-01,116,stimulus_116,3,1,train
sub-01,117,stimulus_117,1,0,train
sub-01,118,stimulus_118,1,1,val
sub-01,119,stimulus_119,0,1,train
sub-01,120,stimulus_120,2,0,train
sub-01,121,stimulus_121,2,1,train
sub-01,122,stimulus_122,1,1,train
sub-01,123,stimulus_123,3,1,test
sub-01,124,stimulus_124,0,0,train
sub-01,125,stimulus_125,3,2,train
sub-01,126,stimulus_126,3,2,train
sub-01,127,stimulus_127,0,3,train
sub-01,128,stimulus_128,0,1,train
sub-01,129,stimulus_129,0,2,train
sub-01,130,stimulus_130,2,2,train
sub-01,131,stimulus_131,2,0,train
sub-01,132,stimulus_132,0,0,train
sub-01,133,stimulus_133,0,0,train
sub-01,134,stimulus_134,1,2,train
sub-01,135,stimulus_135,0,0,train
sub-01,136,stimulus_136,0,0,train
sub-01,137,stimulus_137,0,0,train
sub-01,138,stimulus_138,1,0,val
sub-01,139,stimulus_139,1,1,train
sub-01,140,stimulus_140,2,3,train
sub-01,141,stimulus_141,0,0,train
sub-01,142,stimulus_142,2,0,train
sub-01,143,stimulus_143,1,0,train
sub-01,144,stimulus_144,1,0,test
sub-01,145,stimulus_145,1,3,train
sub-01,146,stimulus_146,3,3,test
sub-01,147,stimulus_147,2,2,train
sub-01,148,stimulus_148,1,3,train
sub-01,149,stimulus_149,3,2,train
sub-01,150,stimulus_150,2,2,test
sub-01,151,stimulus_151,3,2,train
sub-01,152,stimulus_152,3,3,train
sub-01,153,stimulus_153,0,0,train
sub-01,154,stimulus_154,0,0,val
sub-01,155,stimulus_155,1,0,val
sub-01,156,stimulus_156,1,3,train
sub-01,157,stimulus_157,1,3,train
sub-01,158,stimulus_158,0,1,train
sub-01,159,stimulus_159,0,1,train
sub-01,160,stimulus_160,1,2,train
sub-01,161,stimulus_161,3,2,train
sub-01,162,stimulus_162,3,3,train
sub-01,163,stimulus_163,3,3,train
sub-01,164,stimulus_164,3,1,train
sub-01,165,stimulus_165,3,2,train
sub-01,166,stimulus_166,0,2,train
sub-01,167,stimulus_167,3,3,test
sub-01,168,stimulus_168,2,0,train
sub-01,169,stimulus_169,1,1,train
sub-01,170,stimulus_170,0,3,val
sub-01,171,stimulus_171,2,2,train
sub-01,172,stimulus_172,3,1,train
sub-01,173,stimulus_173,2,2,train
sub-01,174,stimulus_174,1,1,train
sub-01,175,stimulus_175,2,3,train
sub-01,176,stimulus_176,3,3,train
sub-01,177,stimulus_177,2,2,val
sub-01,178,stimulus_178,2,0,train
sub-01,179,stimulus_179,1,0,train
sub-01,180,stimulus_180,2,2,train
sub-01,181,stimulus_181,0,1,train
sub-01,182,stimulus_182,3,3,train
sub-01,183,stimulus_183,2,3,train
sub-01,184,stimulus_184,3,3,val
sub-01,185,stimulus_185,2,3,train
sub-01,186,stimulus_186,0,0,train
sub-01,187,stimulus_187,0,0,train
sub-01,188,stimulus_188,3,1,train
sub-01,189,stimulus_189,0,3,train
sub-01,190,stimulus_190,0,2,train
sub-01,191,stimulus_191,3,2,train
sub-01,192,stimulus_192,3,3,train
sub-01,193,stimulus_193,2,1,train
sub-01,194,stimulus_194,2,0,train
sub-01,195,stimulus_195,0,1,train
sub-01,196,stimulus_196,3,2,train
sub-01,197,stimulus_197,0,3,train
sub-01,198,stimulus_198,3,0,train
sub-01,199,stimulus_199,2,2,train
sub-01,200,stimulus_200,2,3,train
sub-01,201,stimulus_201,2,1,val
sub-01,202,stimulus_202,1,3,train
sub-01,203,stimulus_203,1,0,train
sub-01,204,stimulus_204,3,1,train
sub-01,205,stimulus_205,3,3,train
sub-01,206,stimulus_206,3,3,train
sub-01,207,stimulus_207,3,3,test
sub-01,208,stimulus_208,0,1,train
sub-01,209,stimulus_209,1,2,train
sub-01,210,stimulus_210,1,2,train
sub-01,211,stimulus_211,0,1,train
sub-01,212,stimulus_212,1,1,train
sub-01,213,stimulus_213,0,1,train
sub-01,214,stimulus_214,0,0,train
sub-01,215,stimulus_215,3,3,train
sub-01,216,stimulus_216,0,2,train
sub-01,217,stimulus_217,3,3,val
sub-01,218,stimulus_218,0,2,val
sub-01,219,stimulus_219,3,3,train
sub-01,220,stimulus_220,2,3,train
sub-01,221,stimulus_221,1,2,train
sub-01,222,stimulus_222,0,3,train
sub-01,223,stimulus_223,0,3,train
sub-01,224,stimulus_224,2,2,val
sub-01,225,stimulus_225,0,0,train
sub-01,226,stimulus_226,0,0,train
sub-01,227,stimulus_227,2,1,train
sub-01,228,stimulus_228,3,3,test
sub-01,229,stimulus_229,2,3,train
sub-01,230,stimulus_230,3,3,val
sub-01,231,stimulus_231,1,3,train
sub-01,232,stimulus_232,3,3,train
sub-01,233,stimulus_233,1,3,train
sub-01,234,stimulus_234,0,3,train
sub-01,235,stimulus_235,0,1,val
sub-01,236,stimulus_236,0,0,train
sub-01,237,stimulus_237,3,3,train
sub-01,238,stimulus_238,0,3,train
sub-01,239,stimulus_239,1,3,train
sub-01,240,stimulus_240,0,2,train
sub-01,241,stimulus_241,2,1,train
sub-01,242,stimulus_242,1,1,val
sub-01,243,stimulus_243,0,1,train
sub-01,244,stimulus_244,0,1,train
sub-01,245,stimulus_245,2,1,train
sub-01,246,stimulus_246,2,2,train
sub-01,247,stimulus_247,2,1,train
sub-01,248,stimulus_248,2,3,train
sub-01,249,stimulus_249,0,2,train
sub-01,250,stimulus_250,1,1,train
sub-01,251,stimulus_251,3,3,train
sub-01,252,stimulus_252,0,1,train
sub-01,253,stimulus_253,3,3,test
sub-01,254,stimulus_254,1,1,val
sub-01,255,stimulus_255,3,0,train
sub-01,256,stimulus_256,3,3,train
sub-01,257,stimulus_257,2,1,train
sub-01,258,stimulus_258,3,3,val
sub-01,259,stimulus_259,0,3,train
sub-01,260,stimulus_260,3,3,train
sub-01,261,stimulus_261,3,3,train
sub-01,262,stimulus_262,1,3,train
sub-01,263,stimulus_263,2,0,train
sub-01,264,stimulus_264,3,3,test
sub-01,265,stimulus_265,2,1,train
sub-01,266,stimulus_266,0,3,train
sub-01,267,stimulus_267,3,1,train
sub-01,268,stimulus_268,0,0,val
sub-01,269,stimulus_269,0,3,val
sub-01,270,stimulus_270,1,3,train
sub-01,271,stimulus_271,0,3,train
sub-01,272,stimulus_272,1,2,train
sub-01,273,stimulus_273,3,3,train
sub-01,274,stimulus_274,3,0,train
sub-01,275,stimulus_275,3,3,train
sub-01,276,stimulus_276,0,1,train
sub-01,277,stimulus_277,3,2,train
sub-01,278,stimulus_278,0,0,train
sub-01,279,stimulus_279,0,0,val
sub-01,280,stimulus_280,2,3,test
sub-01,281,stimulus_281,2,3,train
sub-01,282,stimulus_282,1,0,train
sub-01,283,stimulus_283,1,2,train
sub-01,284,stimulus_284,2,1,train
sub-01,285,stimulus_285,1,0,test
sub-01,286,stimulus_286,2,2,train
sub-01,287,stimulus_287,2,3,train
sub-01,288,stimulus_288,0,0,train
sub-01,289,stimulus_289,3,3,train
sub-01,290,stimulus_290,2,0,train
sub-01,291,stimulus_291,3,3,train
sub-01,292,stimulus_292,3,2,train
sub-01,293,stimulus_293,3,2,train
sub-01,294,stimulus_294,2,2,test
sub-01,295,stimulus_295,3,3,train
sub-01,296,stimulus_296,3,1,train
sub-01,297,stimulus_297,3,1,train
sub-01,298,stimulus_298,2,0,train
sub-01,299,stimulus_299,0,0,train
sub-01,300,stimulus_300,1,0,train
sub-01,301,stimulus_301,3,1,train
sub-01,302,stimulus_302,2,3,train
sub-01,303,stimulus_303,2,1,train
sub-01,304,stimulus_304,3,1,train
sub-01,305,stimulus_305,2,0,train
sub-01,306,stimulus_306,0,0,train
sub-01,307,stimulus_307,3,2,train
sub-01,308,stimulus_308,0,3,train
sub-01,309,stimulus_309,2,3,train
sub-01,310,stimulus_310,2,2,train
sub-01,311,stimulus_311,2,2,train
sub-01,312,stimulus_312,0,2,train
sub-01,313,stimulus_313,1,2,train
sub-01,314,stimulus_314,2,2,train
sub-01,315,stimulus_315,3,1,train
sub-01,316,stimulus_316,0,3,train
sub-01,317,stimulus_317,3,3,train
sub-01,318,stimulus_318,1,2,val
sub-01,319,stimulus_319,3,1,train
sub-01,320,stimulus_320,3,3,train
sub-01,321,stimulus_321,3,3,val
sub-01,322,stimulus_322,3,2,train
sub-01,323,stimulus_323,3,2,train
sub-01,324,stimulus_324,1,3,train
sub-01,325,stimulus_325,3,3,train
sub-01,326,stimulus_326,1,0,train
sub-01,327,stimulus_327,2,3,train
sub-01,328,stimulus_328,3,3,train
sub-01,329,stimulus_329,0,2,train
sub-01,330,stimulus_330,2,3,train
sub-01,331,stimulus_331,3,2,val
sub-01,332,stimulus_332,0,2,train
sub-01,333,stimulus_333,1,1,train
sub-01,334,stimulus_334,1,1,train
sub-01,335,stimulus_335,0,0,train
sub-01,336,stimulus_336,2,3,test
sub-01,337,stimulus_337,3,3,val
sub-01,338,stimulus_338,1,3,train
sub-01,339,stimulus_339,3,0,val
sub-01,340,stimulus_340,1,0,train
sub-01,341,stimulus_341,1,1,train
sub-01,342,stimulus_342,2,2,train
sub-01,343,stimulus_343,2,1,train
sub-01,344,stimulus_344,3,0,train
sub-01,345,stimulus_345,0,1,train
sub-01,346,stimulus_346,2,1,val
sub-01,347,stimulus_347,2,3,train
sub-01,348,stimulus_348,3,0,train
sub-01,349,stimulus_349,2,3,train
sub-01,350,stimulus_350,1,0,test
sub-01,351,stimulus_351,1,0,train
sub-01,352,stimulus_352,0,1,train
sub-01,353,stimulus_353,3,3,train
sub-01,354,stimulus_354,3,0,train
sub-01,355,stimulus_355,0,3,train
sub-01,356,stimulus_356,3,2,train
sub-01,357,stimulus_357,2,2,train
sub-01,358,stimulus_358,3,3,train
sub-01,359,stimulus_359,1,2,train
sub-01,360,stimulus_360,2,0,train
sub-01,361,stimulus_361,2,0,train
sub-01,362,stimulus_362,3,2,train
sub-01,363,stimulus_363,0,1,train
sub-01,364,stimulus_364,0,2,train
sub-01,365,stimulus_365,3,2,train
sub-01,366,stimulus_366,3,2,train
sub-01,367,stimulus_367,1,1,train
sub-01,368,stimulus_368,2,0,train
sub-01,369,stimulus_369,2,1,train
sub-01,370,stimulus_370,1,2,train
sub-01,371,stimulus_371,1,0,train
sub-01,372,stimulus_372,1,2,train
sub-01,373,stimulus_373,1,1,val
sub-01,374,stimulus_374,0,1,val
sub-01,375,stimulus_375,1,3,train
sub-01,376,stimulus_376,1,1,train
sub-01,377,stimulus_377,0,2,train
sub-01,378,stimulus_378,1,0,train
sub-01,379,stimulus_379,0,1,test
sub-01,380,stimulus_380,3,3,train
sub-01,381,stimulus_381,3,2,train
sub-01,382,stimulus_382,1,0,train
sub-01,383,stimulus_383,0,1,train
sub-01,384,stimulus_384,0,1,train
sub-01,385,stimulus_385,1,3,val
sub-01,386,stimulus_386,2,0,train
sub-01,387,stimulus_387,0,1,test
sub-01,388,stimulus_388,3,2,train
sub-01,389,stimulus_389,0,3,test
sub-01,390,stimulus_390,1,0,train
sub-01,391,stimulus_391,3,3,train
sub-01,392,stimulus_392,3,2,train
sub-01,393,stimulus_393,0,0,train
sub-01,394,stimulus_394,2,1,train
sub-01,395,stimulus_395,1,3,train
sub-01,396,stimulus_396,3,1,test
sub-01,397,stimulus_397,2,0,train
sub-01,398,stimulus_398,1,0,test
sub-01,399,stimulus_399,2,0,train
sub-01,400,stimulus_400,3,2,test
sub-01,401,stimulus_401,1,1,train
sub-01,402,stimulus_402,2,1,train
sub-01,403,stimulus_403,3,0,val
sub-01,404,stimulus_404,2,1,train
sub-01,405,stimulus_405,3,0,test
sub-01,406,stimulus_406,0,0,train
sub-01,407,stimulus_407,2,0,train
sub-01,408,stimulus_408,1,1,train
sub-01,409,stimulus_409,3,3,train
sub-01,410,stimulus_410,3,0,train
sub-01,411,stimulus_411,3,3,train
sub-01,412,stimulus_412,2,1,train
sub-01,413,stimulus_413,3,0,train
sub-01,414,stimulus_414,0,0,train
sub-01,415,stimulus_415,2,0,train
sub-01,416,stimulus_416,2,1,train
sub-01,417,stimulus_417,0,3,train
sub-01,418,stimulus_418,3,0,train
sub-01,419,stimulus_419,1,3,val
sub-01,420,stimulus_420,3,2,train
sub-01,421,stimulus_421,3,0,train
sub-01,422,stimulus_422,0,3,train
sub-01,423,stimulus_423,0,1,train
sub-01,424,stimulus_424,1,1,train
sub-01,425,stimulus_425,3,2,train
sub-01,426,stimulus_426,3,3,train
sub-01,427,stimulus_427,2,1,train
sub-01,428,stimulus_428,1,2,train
sub-01,429,stimulus_429,3,3,train
sub-01,430,stimulus_430,2,3,train
sub-01,431,stimulus_431,3,3,train
sub-01,432,stimulus_432,3,3,val
sub-01,433,stimulus_433,2,3,train
sub-01,434,stimulus_434,0,1,train
sub-01,435,stimulus_435,0,2,val
sub-01,436,stimulus_436,0,2,train
sub-01,437,stimulus_437,0,2,train
sub-01,438,stimulus_438,3,0,test
sub-01,439,stimulus_439,0,1,train
sub-01,440,stimulus_440,1,0,train
sub-01,441,stimulus_441,0,0,train
sub-01,442,stimulus_442,1,3,train
sub-01,443,stimulus_443,0,2,train
sub-01,444,stimulus_444,0,1,train
sub-01,445,stimulus_445,3,3,test
sub-01,446,stimulus_446,3,1,train
sub-01,447,stimulus_447,2,2,train
sub-01,448,stimulus_448,1,3,train
sub-01,449,stimulus_449,2,2,test
sub-01,450,stimulus_450,0,2,train
sub-01,451,stimulus_451,0,3,train
sub-01,452,stimulus_452,3,3,train
sub-01,453,stimulus_453,1,0,val
sub-01,454,stimulus_454,3,2,train
sub-01,455,stimulus_455,1,0,test
sub-01,456,stimulus_456,2,2,train
sub-01,457,stimulus_457,1,1,test
sub-01,458,stimulus_458,3,3,train
sub-01,459,stimulus_459,1,2,train
sub-01,460,stimulus_460,0,3,train
sub-01,461,stimulus_461,0,3,test
sub-01,462,stimulus_462,3,2,train
sub-01,463,stimulus_463,2,1,train
sub-01,464,stimulus_464,0,0,train
sub-01,465,stimulus_465,3,3,train
sub-01,466,stimulus_466,0,1,train
sub-01,467,stimulus_467,2,2,train
sub-01,468,stimulus_468,2,1,train
sub-01,469,stimulus_469,2,3,train
sub-01,470,stimulus_470,1,1,train
sub-01,471,stimulus_471,2,1,val
sub-01,472,stimulus_472,3,2,train
sub-01,473,stimulus_473,2,2,test
sub-01,474,stimulus_474,0,3,train
sub-01,475,stimulus_475,1,2,test
sub-01,476,stimulus_476,2,3,val
sub-01,477,stimulus_477,1,1,val
sub-01,478,stimulus_478,2,3,train
sub-01,479,stimulus_479,3,1,train
sub-01,480,stimulus_480,3,3,train
sub-01,481,stimulus_481,0,2,train
sub-01,482,stimulus_482,0,2,train
sub-01,483,stimulus_483,3,1,train
sub-01,484,stimulus_484,1,1,train
sub-01,485,stimulus_485,1,1,train
sub-01,486,stimulus_486,1,1,train
sub-01,487,stimulus_487,2,3,train
sub-01,488,stimulus_488,1,0,test
sub-01,489,stimulus_489,0,3,val
sub-01,490,stimulus_490,0,1,val
sub-01,491,stimulus_491,2,1,train
sub-01,492,stimulus_492,0,0,test
sub-01,493,stimulus_493,2,1,test
sub-01,494,stimulus_494,0,1,train
sub-01,495,stimulus_495,0,0,train
sub-01,496,stimulus_496,1,2,train
sub-01,497,stimulus_497,1,1,train
sub-01,498,stimulus_498,1,1,train
sub-01,499,stimulus_499,1,2,train
sub-01,500,stimulus_500,1,3,train
sub-01,501,stimulus_501,3,3,train
sub-01,502,stimulus_502,1,1,test
sub-01,503,stimulus_503,2,3,train
sub-01,504,stimulus_504,1,3,train
sub-01,505,stimulus_505,1,1,val
sub-01,506,stimulus_506,2,3,train
sub-01,507,stimulus_507,3,1,train
sub-01,508,stimulus_508,1,0,train
sub-01,509,stimulus_509,1,2,train
sub-01,510,stimulus_510,1,0,val
sub-01,511,stimulus_511,3,3,val
sub-01,512,stimulus_512,0,0,test
sub-01,513,stimulus_513,0,0,train
sub-01,514,stimulus_514,0,0,train
sub-01,515,stimulus_515,3,1,train
sub-01,516,stimulus_516,3,3,train
sub-01,517,stimulus_517,1,3,train
sub-01,518,stimulus_518,3,0,val
sub-01,519,stimulus_519,3,0,train
sub-01,520,stimulus_520,2,1,train
sub-01,521,stimulus_521,3,1,train
sub-01,522,stimulus_522,0,3,train
sub-01,523,stimulus_523,1,0,train
sub-01,524,stimulus_524,0,3,train
sub-01,525,stimulus_525,2,1,test
sub-01,526,stimulus_526,2,2,train
sub-01,527,stimulus_527,2,0,train
sub-01,528,stimulus_528,3,0,train
sub-01,529,stimulus_529,0,0,train
sub-01,530,stimulus_530,3,2,train
sub-01,531,stimulus_531,3,2,train
sub-01,532,stimulus_532,0,0,train
sub-01,533,stimulus_533,1,3,train
sub-01,534,stimulus_534,3,3,train
sub-01,535,stimulus_535,3,1,train
sub-01,536,stimulus_536,0,3,train
sub-01,537,stimulus_537,2,2,train
sub-01,538,stimulus_538,2,2,test
sub-01,539,stimulus_539,3,3,train
sub-01,540,stimulus_540,3,3,test
sub-01,541,stimulus_541,2,1,val
sub-01,542,stimulus_542,2,0,train
sub-01,543,stimulus_543,3,1,train
sub-01,544,stimulus_544,1,2,train
sub-01,545,stimulus_545,2,1,train
sub-01,546,stimulus_546,2,3,train
sub-01,547,stimulus_547,0,1,train
sub-01,548,stimulus_548,0,1,train
sub-01,549,stimulus_549,2,1,train
sub-01,550,stimulus_550,2,3,train
sub-01,551,stimulus_551,0,0,train
sub-01,552,stimulus_552,1,0,train
sub-01,553,stimulus_553,3,2,train
sub-01,554,stimulus_554,0,0,train
sub-01,555,stimulus_555,3,3,train
sub-01,556,stimulus_556,1,0,train
sub-01,557,stimulus_557,1,1,train
sub-01,558,stimulus_558,0,3,train
sub-01,559,stimulus_559,1,1,train
sub-01,560,stimulus_560,3,2,train
sub-01,561,stimulus_561,3,2,train
sub-01,562,stimulus_562,2,1,train
sub-01,563,stimulus_563,0,0,test
sub-01,564,stimulus_564,0,0,test
sub-01,565,stimulus_565,0,1,train
sub-01,566,stimulus_566,0,2,test
sub-01,567,stimulus_567,2,3,train
sub-01,568,stimulus_568,1,3,train
sub-01,569,stimulus_569,1,0,train
sub-01,570,stimulus_570,3,3,train
sub-01,571,stimulus_571,3,1,train
sub-01,572,stimulus_572,1,2,train
sub-01,573,stimulus_573,3,1,train
sub-01,574,stimulus_574,3,3,train
sub-01,575,stimulus_575,1,2,train
sub-01,576,stimulus_576,3,3,train
sub-01,577,stimulus_577,3,0,train
sub-01,578,stimulus_578,2,1,train
sub-01,579,stimulus_579,3,2,train
sub-01,580,stimulus_580,2,1,train
sub-01,581,stimulus_581,2,0,train
sub-01,582,stimulus_582,1,0,train
sub-01,583,stimulus_583,1,1,train
sub-01,584,stimulus_584,3,0,train
sub-01,585,stimulus_585,1,1,train
sub-01,586,stimulus_586,1,0,train
sub-01,587,stimulus_587,2,1,val
sub-01,588,stimulus_588,0,1,train
sub-01,589,stimulus_589,1,3,train
sub-01,590,stimulus_590,3,0,train
sub-01,591,stimulus_591,3,1,train
sub-01,592,stimulus_592,2,1,train
sub-01,593,stimulus_593,3,2,train
sub-01,594,stimulus_594,1,1,train
sub-01,595,stimulus_595,0,3,train
sub-01,596,stimulus_596,0,0,train
sub-01,597,stimulus_597,3,3,train
sub-01,598,stimulus_598,1,3,train
sub-01,599,stimulus_599,1,3,train
sub-01,600,stimulus_600,1,0,train
sub-01,601,stimulus_601,1,1,train
sub-01,602,stimulus_602,1,1,train
sub-01,603,stimulus_603,1,3,train
sub-01,604,stimulus_604,0,3,train
sub-01,605,stimulus_605,3,1,test
sub-01,606,stimulus_606,0,3,train
sub-01,607,stimulus_607,1,1,test
sub-01,608,stimulus_608,1,2,train
sub-01,609,stimulus_609,3,3,train
sub-01,610,stimulus_610,1,0,train
sub-01,611,stimulus_611,0,2,train
sub-01,612,stimulus_612,2,3,train
sub-01,613,stimulus_613,2,2,val
sub-01,614,stimulus_614,1,2,train
sub-01,615,stimulus_615,0,1,train
sub-01,616,stimulus_616,3,2,train
sub-01,617,stimulus_617,3,1,train
sub-01,618,stimulus_618,3,1,train
sub-01,619,stimulus_619,2,2,train
sub-01,620,stimulus_620,2,0,train
sub-01,621,stimulus_621,2,2,train
sub-01,622,stimulus_622,2,0,train
sub-01,623,stimulus_623,1,1,train
sub-01,624,stimulus_624,1,1,test
sub-01,625,stimulus_625,3,1,train
sub-01,626,stimulus_626,2,3,val
sub-01,627,stimulus_627,3,3,train
sub-01,628,stimulus_628,3,0,train
sub-01,629,stimulus_629,1,1,train
sub-01,630,stimulus_630,3,3,train
sub-01,631,stimulus_631,2,1,train
sub-01,632,stimulus_632,0,1,train
sub-01,633,stimulus_633,1,1,train
sub-01,634,stimulus_634,0,2,train
sub-01,635,stimulus_635,3,1,train
sub-01,636,stimulus_636,2,0,test
sub-01,637,stimulus_637,3,2,train
sub-01,638,stimulus_638,3,2,train
sub-01,639,stimulus_639,2,1,train
sub-01,640,stimulus_640,3,1,train
sub-01,641,stimulus_641,3,3,val
sub-01,642,stimulus_642,2,3,val
sub-01,643,stimulus_643,0,1,train
sub-01,644,stimulus_644,0,0,train
sub-01,645,stimulus_645,3,3,val
sub-01,646,stimulus_646,0,3,train
sub-01,647,stimulus_647,0,3,val
sub-01,648,stimulus_648,2,3,train
sub-01,649,stimulus_649,2,3,test
sub-01,650,stimulus_650,2,1,train
sub-01,651,stimulus_651,2,2,train
sub-01,652,stimulus_652,0,0,train
sub-01,653,stimulus_653,2,2,test
sub-01,654,stimulus_654,2,1,train
sub-01,655,stimulus_655,2,3,train
sub-01,656,stimulus_656,2,2,test
sub-01,657,stimulus_657,2,1,test
sub-01,658,stimulus_658,1,0,train
sub-01,659,stimulus_659,2,1,train
sub-01,660,stimulus_660,3,2,train
sub-01,661,stimulus_661,1,1,train
sub-01,662,stimulus_662,3,3,train
sub-01,663,stimulus_663,2,2,train
sub-01,664,stimulus_664,1,1,val
sub-01,665,stimulus_665,1,0,train
sub-01,666,stimulus_666,3,2,train
sub-01,667,stimulus_667,0,0,val
sub-01,668,stimulus_668,0,0,val
sub-01,669,stimulus_669,2,2,train
sub-01,670,stimulus_670,3,1,train
sub-01,671,stimulus_671,2,0,train
sub-01,672,stimulus_672,2,2,val
sub-01,673,stimulus_673,0,0,train
sub-01,674,stimulus_674,0,3,train
sub-01,675,stimulus_675,2,3,train
sub-01,676,stimulus_676,3,3,train
sub-01,677,stimulus_677,1,2,test
sub-01,678,stimulus_678,3,2,train
sub-01,679,stimulus_679,1,0,train
sub-01,680,stimulus_680,3,2,train
sub-01,681,stimulus_681,0,1,train
sub-01,682,stimulus_682,3,1,test
sub-01,683,stimulus_683,3,2,train
sub-01,684,stimulus_684,1,2,train
sub-01,685,stimulus_685,2,2,train
sub-01,686,stimulus_686,1,3,train
sub-01,687,stimulus_687,1,1,train
sub-01,688,stimulus_688,3,3,test
sub-01,689,stimulus_689,2,1,train
sub-01,690,stimulus_690,0,3,train
sub-01,691,stimulus_691,2,0,train
sub-01,692,stimulus_692,1,0,train
sub-01,693,stimulus_693,0,0,train
sub-01,694,stimulus_694,1,0,train
sub-01,695,stimulus_695,1,0,train
sub-01,696,stimulus_696,1,0,train
sub-01,697,stimulus_697,1,0,train
sub-01,698,stimulus_698,0,3,train
sub-01,699,stimulus_699,0,2,train
sub-01,700,stimulus_700,1,0,train
sub-01,701,stimulus_701,2,3,train
sub-01,702,stimulus_702,3,1,train
sub-01,703,stimulus_703,1,0,train
sub-01,704,stimulus_704,2,0,val
sub-01,705,stimulus_705,2,1,train
sub-01,706,stimulus_706,0,3,train
sub-01,707,stimulus_707,0,0,train
sub-01,708,stimulus_708,3,2,train
sub-01,709,stimulus_709,2,3,val
sub-01,710,stimulus_710,2,0,val
sub-01,711,stimulus_711,2,1,train
sub-01,712,stimulus_712,3,3,train
sub-01,713,stimulus_713,0,0,train
sub-01,714,stimulus_714,2,1,val
sub-01,715,stimulus_715,3,0,train
sub-01,716,stimulus_716,1,0,train
sub-01,717,stimulus_717,0,1,train
sub-01,718,stimulus_718,2,0,test
sub-01,719,stimulus_719,0,3,train
sub-01,720,stimulus_720,0,1,train
sub-01,721,stimulus_721,2,2,train
sub-01,722,stimulus_722,1,2,train
sub-01,723,stimulus_723,1,0,train
sub-01,724,stimulus_724,0,2,train
sub-01,725,stimulus_725,3,1,train
sub-01,726,stimulus_726,1,0,train
sub-01,727,stimulus_727,0,1,train
sub-01,728,stimulus_728,2,0,train
sub-01,729,stimulus_729,1,0,test
sub-01,730,stimulus_730,0,2,train
sub-01,731,stimulus_731,1,2,train
sub-01,732,stimulus_732,2,3,val
sub-01,733,stimulus_733,1,1,train
sub-01,734,stimulus_734,1,2,train
sub-01,735,stimulus_735,1,0,train
sub-01,736,stimulus_736,0,2,train
sub-01,737,stimulus_737,2,1,train
sub-01,738,stimulus_738,1,2,train
sub-01,739,stimulus_739,3,2,train
sub-01,740,stimulus_740,1,0,val
sub-01,741,stimulus_741,1,1,test
sub-01,742,stimulus_742,2,2,train
sub-01,743,stimulus_743,3,0,train
sub-01,744,stimulus_744,0,2,train
sub-01,745,stimulus_745,3,3,train
sub-01,746,stimulus_746,0,1,train
sub-01,747,stimulus_747,1,0,train
sub-01,748,stimulus_748,1,0,val
sub-01,749,stimulus_749,3,3,train
sub-01,750,stimulus_750,0,3,val
sub-01,751,stimulus_751,3,1,test
sub-01,752,stimulus_752,1,0,train
sub-01,753,stimulus_753,3,3,train
sub-01,754,stimulus_754,1,2,val
sub-01,755,stimulus_755,2,2,train
sub-01,756,stimulus_756,0,1,train
sub-01,757,stimulus_757,3,1,train
sub-01,758,stimulus_758,1,0,train
sub-01,759,stimulus_759,0,1,val
sub-01,760,stimulus_760,0,2,train
sub-01,761,stimulus_761,1,2,val
sub-01,762,stimulus_762,3,2,train
sub-01,763,stimulus_763,2,0,train
sub-01,764,stimulus_764,1,3,train
sub-01,765,stimulus_765,1,2,train
sub-01,766,stimulus_766,3,2,train
sub-01,767,stimulus_767,0,1,test
sub-01,768,stimulus_768,0,1,train
sub-01,769,stimulus_769,3,1,test
sub-01,770,stimulus_770,1,1,val
sub-01,771,stimulus_771,3,1,train
sub-01,772,stimulus_772,3,3,train
sub-01,773,stimulus_773,3,1,train
sub-01,774,stimulus_774,2,3,test
sub-01,775,stimulus_775,3,2,train
sub-01,776,stimulus_776,0,3,val
sub-01,777,stimulus_777,0,3,train
sub-01,778,stimulus_778,0,1,train
sub-01,779,stimulus_779,3,0,train
sub-01,780,stimulus_780,3,1,train
sub-01,781,stimulus_781,0,0,train
sub-01,782,stimulus_782,1,3,train
sub-01,783,stimulus_783,1,1,train
sub-01,784,stimulus_784,2,1,val
sub-01,785,stimulus_785,2,3,train
sub-01,786,stimulus_786,3,0,train
sub-01,787,stimulus_787,1,1,train
sub-01,788,stimulus_788,3,3,train
sub-01,789,stimulus_789,3,2,train
sub-01,790,stimulus_790,0,3,train
sub-01,791,stimulus_791,1,0,val
sub-01,792,stimulus_792,0,2,train
sub-01,793,stimulus_793,1,0,train
sub-01,794,stimulus_794,2,1,train
sub-01,795,stimulus_795,3,1,train
sub-01,796,stimulus_796,2,3,train
sub-01,797,stimulus_797,1,1,train
sub-01,798,stimulus_798,3,3,val
sub-01,799,stimulus_799,3,2,train
sub-01,800,stimulus_800,3,1,train
sub-01,801,stimulus_801,2,2,test
sub-01,802,stimulus_802,2,2,val
sub-01,803,stimulus_803,0,0,train
sub-01,804,stimulus_804,0,0,train
sub-01,805,stimulus_805,1,1,val
sub-01,806,stimulus_806,1,0,val
sub-01,807,stimulus_807,2,1,train
sub-01,808,stimulus_808,0,3,train
sub-01,809,stimulus_809,0,0,train
sub-01,810,stimulus_810,1,0,train
sub-01,811,stimulus_811,0,2,train
sub-01,812,stimulus_812,1,2,train
sub-01,813,stimulus_813,0,2,train
sub-01,814,stimulus_814,1,2,train
sub-01,815,stimulus_815,1,0,train
sub-01,816,stimulus_816,1,2,test
sub-01,817,stimulus_817,2,3,train
sub-01,818,stimulus_818,1,0,train
sub-01,819,stimulus_819,1,3,train
sub-01,820,stimulus_820,3,3,train
sub-01,821,stimulus_821,0,0,train
sub-01,822,stimulus_822,2,3,train
sub-01,823,stimulus_823,1,1,train
sub-01,824,stimulus_824,1,2,test
sub-01,825,stimulus_825,2,3,train
sub-01,826,stimulus_826,0,0,val
sub-01,827,stimulus_827,0,2,val
sub-01,828,stimulus_828,3,3,train
sub-01,829,stimulus_829,0,1,train
sub-01,830,stimulus_830,3,2,train
sub-01,831,stimulus_831,1,2,val
sub-01,832,stimulus_832,3,3,train
sub-01,833,stimulus_833,2,3,train
sub-01,834,stimulus_834,0,2,test
sub-01,835,stimulus_835,1,2,train
sub-01,836,stimulus_836,0,0,test
sub-01,837,stimulus_837,2,2,train
sub-01,838,stimulus_838,3,3,val
sub-01,839,stimulus_839,0,1,train
sub-01,840,stimulus_840,3,3,train
sub-01,841,stimulus_841,0,0,train
sub-01,842,stimulus_842,3,3,train
sub-01,843,stimulus_843,1,2,train
sub-01,844,stimulus_844,1,2,train
sub-01,845,stimulus_845,0,3,train
sub-01,846,stimulus_846,1,2,train
sub-01,847,stimulus_847,2,2,train
sub-01,848,stimulus_848,3,1,train
sub-01,849,stimulus_849,0,0,test
sub-01,850,stimulus_850,0,0,train
sub-01,851,stimulus_851,2,2,train
sub-01,852,stimulus_852,2,3,train
sub-01,853,stimulus_853,1,1,val
sub-01,854,stimulus_854,1,1,test
sub-01,855,stimulus_855,0,1,test
sub-01,856,stimulus_856,0,2,train
sub-01,857,stimulus_857,0,0,train
sub-01,858,stimulus_858,3,1,train
sub-01,859,stimulus_859,3,1,train
sub-01,860,stimulus_860,1,0,train
sub-01,861,stimulus_861,0,2,test
sub-01,862,stimulus_862,2,2,train
sub-01,863,stimulus_863,0,0,train
sub-01,864,stimulus_864,2,0,train
sub-01,865,stimulus_865,0,2,train
sub-01,866,stimulus_866,0,3,train
sub-01,867,stimulus_867,1,0,train
sub-01,868,stimulus_868,3,1,train
sub-01,869,stimulus_869,0,3,train
sub-01,870,stimulus_870,2,0,train
sub-01,871,stimulus_871,1,3,val
sub-01,872,stimulus_872,1,0,train
sub-01,873,stimulus_873,1,0,train
sub-01,874,stimulus_874,0,1,train
sub-01,875,stimulus_875,2,3,train
sub-01,876,stimulus_876,0,0,train
sub-01,877,stimulus_877,0,0,train
sub-01,878,stimulus_878,2,1,train
sub-01,879,stimulus_879,2,2,test
sub-01,880,stimulus_880,3,0,train
sub-01,881,stimulus_881,1,1,train
sub-01,882,stimulus_882,1,1,train
sub-01,883,stimulus_883,2,2,val
sub-01,884,stimulus_884,3,1,train
sub-01,885,stimulus_885,1,2,val
sub-01,886,stimulus_886,0,2,test
sub-01,887,stimulus_887,0,3,train
sub-01,888,stimulus_888,0,0,train
sub-01,889,stimulus_889,0,2,train
sub-01,890,stimulus_890,1,3,train
sub-01,891,stimulus_891,2,0,val
sub-01,892,stimulus_892,3,2,train
sub-01,893,stimulus_893,2,1,train
sub-01,894,stimulus_894,3,2,train
sub-01,895,stimulus_895,1,2,train
sub-01,896,stimulus_896,3,2,val
sub-01,897,stimulus_897,3,3,test
sub-01,898,stimulus_898,3,1,train
sub-01,899,stimulus_899,3,3,train
sub-01,900,stimulus_900,1,3,train
sub-01,901,stimulus_901,1,1,train
sub-01,902,stimulus_902,2,0,train
sub-01,903,stimulus_903,2,1,val
sub-01,904,stimulus_904,3,0,train
sub-01,905,stimulus_905,0,1,train
sub-01,906,stimulus_906,3,2,train
sub-01,907,stimulus_907,1,1,train
sub-01,908,stimulus_908,1,2,train
sub-01,909,stimulus_909,0,0,test
sub-01,910,stimulus_910,1,0,train
sub-01,911,stimulus_911,0,0,train
sub-01,912,stimulus_912,2,0,train
sub-01,913,stimulus_913,1,1,val
sub-01,914,stimulus_914,0,1,train
sub-01,915,stimulus_915,3,3,train
sub-01,916,stimulus_916,3,3,train
sub-01,917,stimulus_917,1,0,train
sub-01,918,stimulus_918,3,2,train
sub-01,919,stimulus_919,3,3,val
sub-01,920,stimulus_920,3,3,test
sub-01,921,stimulus_921,3,3,val
sub-01,922,stimulus_922,2,2,train
sub-01,923,stimulus_923,3,3,train
sub-01,924,stimulus_924,1,0,train
sub-01,925,stimulus_925,0,2,test
sub-01,926,stimulus_926,0,0,train
sub-01,927,stimulus_927,3,1,train
sub-01,928,stimulus_928,2,0,test
sub-01,929,stimulus_929,0,1,train
sub-01,930,stimulus_930,2,3,train
sub-01,931,stimulus_931,3,2,train
sub-01,932,stimulus_932,3,3,train
sub-01,933,stimulus_933,2,3,train
sub-01,934,stimulus_934,3,1,val
sub-01,935,stimulus_935,0,3,train
sub-01,936,stimulus_936,3,2,train
sub-01,937,stimulus_937,0,1,train
sub-01,938,stimulus_938,1,1,train
sub-01,939,stimulus_939,1,0,train
sub-01,940,stimulus_940,0,1,train
sub-01,941,stimulus_941,1,3,train
sub-01,942,stimulus_942,2,3,train
sub-01,943,stimulus_943,3,0,train
sub-01,944,stimulus_944,3,3,train
sub-01,945,stimulus_945,2,2,train
sub-01,946,stimulus_946,2,3,train
sub-01,947,stimulus_947,1,3,train
sub-01,948,stimulus_948,0,2,train
sub-01,949,stimulus_949,1,3,train
sub-01,950,stimulus_950,1,2,train
sub-01,951,stimulus_951,1,1,train
sub-01,952,stimulus_952,1,2,train
sub-01,953,stimulus_953,2,0,train
sub-01,954,stimulus_954,3,2,val
sub-01,955,stimulus_955,0,0,val
sub-01,956,stimulus_956,0,0,train
sub-01,957,stimulus_957,2,1,test
sub-01,958,stimulus_958,0,1,test
sub-01,959,stimulus_959,1,1,train
sub-01,960,stimulus_960,3,2,test
sub-01,961,stimulus_961,3,3,train
sub-01,962,stimulus_962,0,3,train
sub-01,963,stimulus_963,3,3,train
sub-01,964,stimulus_964,3,3,train
sub-01,965,stimulus_965,0,3,train
sub-01,966,stimulus_966,3,1,train
sub-01,967,stimulus_967,3,1,train
sub-01,968,stimulus_968,0,0,test
sub-01,969,stimulus_969,2,2,train
sub-01,970,stimulus_970,2,3,train
sub-01,971,stimulus_971,0,3,test
sub-01,972,stimulus_972,3,3,train
sub-01,973,stimulus_973,0,3,train
sub-01,974,stimulus_974,2,3,train
sub-01,975,stimulus_975,0,0,train
sub-01,976,stimulus_976,1,3,test
sub-01,977,stimulus_977,0,2,train
sub-01,978,stimulus_978,3,1,test
sub-01,979,stimulus_979,1,1,train
sub-01,980,stimulus_980,3,3,train
sub-01,981,stimulus_981,3,2,test
sub-01,982,stimulus_982,3,3,val
sub-01,983,stimulus_983,2,2,train
sub-01,984,stimulus_984,2,2,train
sub-01,985,stimulus_985,1,3,train
sub-01,986,stimulus_986,1,3,train
sub-01,987,stimulus_987,2,1,train
sub-01,988,stimulus_988,1,1,train
sub-01,989,stimulus_989,0,0,train
sub-01,990,stimulus_990,1,2,val
sub-01,991,stimulus_991,0,0,train
sub-01,992,stimulus_992,3,3,train
sub-01,993,stimulus_993,3,2,train
sub-01,994,stimulus_994,0,1,train
sub-01,995,stimulus_995,2,0,train
sub-01,996,stimulus_996,3,3,val
sub-01,997,stimulus_997,3,3,val
sub-01,998,stimulus_998,2,0,train
sub-01,999,stimulus_999,0,0,train
sub-01,1000,stimulus_1000,3,2,train
sub-01,1001,stimulus_1001,0,1,train
sub-01,1002,stimulus_1002,3,2,train
sub-01,1003,stimulus_1003,2,0,train
sub-01,1004,stimulus_1004,0,0,train
sub-01,1005,stimulus_1005,3,1,train
sub-01,1006,stimulus_1006,2,1,train
sub-01,1007,stimulus_1007,3,3,train
sub-01,1008,stimulus_1008,3,3,train
sub-01,1009,stimulus_1009,3,2,train
sub-01,1010,stimulus_1010,1,0,train
sub-01,1011,stimulus_1011,2,2,train
sub-01,1012,stimulus_1012,3,2,val
sub-01,1013,stimulus_1013,2,1,train
sub-01,1014,stimulus_1014,0,3,train
sub-01,1015,stimulus_1015,0,1,train
sub-01,1016,stimulus_1016,3,0,train
sub-01,1017,stimulus_1017,1,1,val
sub-01,1018,stimulus_1018,3,0,train
sub-01,1019,stimulus_1019,0,1,train
sub-01,1020,stimulus_1020,1,3,test
sub-01,1021,stimulus_1021,0,1,val
sub-01,1022,stimulus_1022,2,0,train
sub-01,1023,stimulus_1023,2,1,train
sub-01,1024,stimulus_1024,1,0,train
sub-01,1025,stimulus_1025,3,1,test
sub-01,1026,stimulus_1026,0,2,train
sub-01,1027,stimulus_1027,1,1,train
sub-01,1028,stimulus_1028,1,1,train
sub-01,1029,stimulus_1029,3,1,test
sub-01,1030,stimulus_1030,2,1,train
sub-01,1031,stimulus_1031,3,1,train
sub-01,1032,stimulus_1032,3,2,val
sub-01,1033,stimulus_1033,2,1,train
sub-01,1034,stimulus_1034,3,2,train
sub-01,1035,stimulus_1035,1,1,train
sub-01,1036,stimulus_1036,2,2,train
sub-01,1037,stimulus_1037,0,2,train
sub-01,1038,stimulus_1038,3,3,train
sub-01,1039,stimulus_1039,2,3,test
sub-01,1040,stimulus_1040,2,3,train
sub-01,1041,stimulus_1041,1,1,train
sub-01,1042,stimulus_1042,0,3,train
sub-01,1043,stimulus_1043,3,3,train
sub-01,1044,stimulus_1044,0,0,train
sub-01,1045,stimulus_1045,3,1,train
sub-01,1046,stimulus_1046,1,1,val
sub-01,1047,stimulus_1047,3,3,train
sub-01,1048,stimulus_1048,3,3,train
sub-01,1049,stimulus_1049,2,0,train
sub-01,1050,stimulus_1050,3,2,train
sub-01,1051,stimulus_1051,3,3,train
sub-01,1052,stimulus_1052,0,1,train
sub-01,1053,stimulus_1053,3,2,train
sub-01,1054,stimulus_1054,2,3,train
sub-01,1055,stimulus_1055,2,1,train
sub-01,1056,stimulus_1056,3,3,train
sub-01,1057,stimulus_1057,0,2,test
sub-01,1058,stimulus_1058,2,2,train
sub-01,1059,stimulus_1059,2,1,train
sub-01,1060,stimulus_1060,3,2,test
sub-01,1061,stimulus_1061,3,2,test
sub-01,1062,stimulus_1062,3,1,train
sub-01,1063,stimulus_1063,2,2,train
sub-01,1064,stimulus_1064,1,0,train
sub-01,1065,stimulus_1065,1,3,train
sub-01,1066,stimulus_1066,1,1,test
sub-01,1067,stimulus_1067,2,1,test
sub-01,1068,stimulus_1068,2,1,train
sub-01,1069,stimulus_1069,2,3,train
sub-01,1070,stimulus_1070,1,0,test
sub-01,1071,stimulus_1071,3,0,train
sub-01,1072,stimulus_1072,1,3,train
sub-01,1073,stimulus_1073,1,3,test
sub-01,1074,stimulus_1074,3,2,train
sub-01,1075,stimulus_1075,1,0,train
sub-01,1076,stimulus_1076,1,3,train
sub-01,1077,stimulus_1077,1,1,test
sub-01,1078,stimulus_1078,2,0,val
sub-01,1079,stimulus_1079,0,3,train
sub-01,1080,stimulus_1080,3,3,train
sub-01,1081,stimulus_1081,2,0,train
sub-01,1082,stimulus_1082,2,3,test
sub-01,1083,stimulus_1083,3,3,train
sub-01,1084,stimulus_1084,3,2,train
sub-01,1085,stimulus_1085,1,1,train
sub-01,1086,stimulus_1086,3,3,train
sub-01,1087,stimulus_1087,2,1,train
sub-01,1088,stimulus_1088,1,0,train
sub-01,1089,stimulus_1089,2,2,train
sub-01,1090,stimulus_1090,0,0,train
sub-01,1091,stimulus_1091,1,3,train
sub-01,1092,stimulus_1092,3,2,train
sub-01,1093,stimulus_1093,3,2,test
sub-01,1094,stimulus_1094,1,3,train
sub-01,1095,stimulus_1095,0,2,train
sub-01,1096,stimulus_1096,0,2,train
sub-01,1097,stimulus_1097,3,3,train
sub-01,1098,stimulus_1098,3,2,train
sub-01,1099,stimulus_1099,2,3,val
sub-01,1100,stimulus_1100,2,2,val
sub-01,1101,stimulus_1101,0,1,train
sub-01,1102,stimulus_1102,3,3,val
sub-01,1103,stimulus_1103,0,2,train
sub-01,1104,stimulus_1104,1,1,train
sub-01,1105,stimulus_1105,3,2,val
sub-01,1106,stimulus_1106,2,0,train
sub-01,1107,stimulus_1107,3,3,train
sub-01,1108,stimulus_1108,2,3,train
sub-01,1109,stimulus_1109,0,3,train
sub-01,1110,stimulus_1110,3,3,train
sub-01,1111,stimulus_1111,0,2,train
sub-01,1112,stimulus_1112,3,3,train
sub-01,1113,stimulus_1113,3,2,train
sub-01,1114,stimulus_1114,0,3,train
sub-01,1115,stimulus_1115,0,3,train
sub-01,1116,stimulus_1116,2,2,train
sub-01,1117,stimulus_1117,0,0,train
sub-01,1118,stimulus_1118,0,0,train
sub-01,1119,stimulus_1119,0,2,train
sub-01,1120,stimulus_1120,3,3,test
sub-01,1121,stimulus_1121,2,3,train
sub-01,1122,stimulus_1122,0,1,train
sub-01,1123,stimulus_1123,0,0,test
sub-01,1124,stimulus_1124,3,3,train
sub-01,1125,stimulus_1125,2,2,train
sub-01,1126,stimulus_1126,0,1,train
sub-01,1127,stimulus_1127,3,1,val
sub-01,1128,stimulus_1128,2,2,val
sub-01,1129,stimulus_1129,1,1,train
sub-01,1130,stimulus_1130,3,1,test
sub-01,1131,stimulus_1131,3,3,train
sub-01,1132,stimulus_1132,1,1,train
sub-01,1133,stimulus_1133,3,3,train
sub-01,1134,stimulus_1134,1,2,train
sub-01,1135,stimulus_1135,0,1,train
sub-01,1136,stimulus_1136,0,1,val
sub-01,1137,stimulus_1137,0,0,train
sub-01,1138,stimulus_1138,1,0,train
sub-01,1139,stimulus_1139,1,2,train
sub-01,1140,stimulus_1140,1,2,test
sub-01,1141,stimulus_1141,2,3,val
sub-01,1142,stimulus_1142,1,1,val
sub-01,1143,stimulus_1143,1,3,test
sub-01,1144,stimulus_1144,1,3,test
sub-01,1145,stimulus_1145,3,3,test
sub-01,1146,stimulus_1146,3,2,train
sub-01,1147,stimulus_1147,1,1,train
sub-01,1148,stimulus_1148,2,2,val
sub-01,1149,stimulus_1149,1,3,val
sub-01,1150,stimulus_1150,1,3,train
sub-01,1151,stimulus_1151,3,3,test
sub-01,1152,stimulus_1152,3,3,train
sub-01,1153,stimulus_1153,3,3,train
sub-01,1154,stimulus_1154,3,1,train
sub-01,1155,stimulus_1155,1,2,train
sub-01,1156,stimulus_1156,1,1,val
sub-01,1157,stimulus_1157,3,0,val
sub-01,1158,stimulus_1158,3,1,train
sub-01,1159,stimulus_1159,3,3,train
sub-01,1160,stimulus_1160,0,3,train
sub-01,1161,stimulus_1161,1,0,train
sub-01,1162,stimulus_1162,2,1,train
sub-01,1163,stimulus_1163,3,3,test
sub-01,1164,stimulus_1164,0,0,train
sub-01,1165,stimulus_1165,0,3,train
sub-01,1166,stimulus_1166,2,1,train
sub-01,1167,stimulus_1167,2,3,train
sub-01,1168,stimulus_1168,3,3,test
sub-01,1169,stimulus_1169,1,2,val
sub-01,1170,stimulus_1170,0,0,train
sub-01,1171,stimulus_1171,1,0,train
sub-01,1172,stimulus_1172,0,3,val
sub-01,1173,stimulus_1173,3,3,test
sub-01,1174,stimulus_1174,0,1,train
sub-01,1175,stimulus_1175,3,3,train
sub-01,1176,stimulus_1176,0,0,train
sub-01,1177,stimulus_1177,0,0,train
sub-01,1178,stimulus_1178,2,0,train
sub-01,1179,stimulus_1179,3,3,train
sub-01,1180,stimulus_1180,3,1,train
sub-01,1181,stimulus_1181,0,2,val
sub-01,1182,stimulus_1182,0,0,train
sub-01,1183,stimulus_1183,0,2,train
sub-01,1184,stimulus_1184,0,0,train
sub-01,1185,stimulus_1185,0,1,test
sub-01,1186,stimulus_1186,1,3,train
sub-01,1187,stimulus_1187,3,2,train
sub-01,1188,stimulus_1188,3,2,train
sub-01,1189,stimulus_1189,0,2,train
sub-01,1190,stimulus_1190,0,0,train
sub-01,1191,stimulus_1191,3,3,train
sub-01,1192,stimulus_1192,2,2,train
sub-01,1193,stimulus_1193,3,2,train
sub-01,1194,stimulus_1194,0,2,train
sub-01,1195,stimulus_1195,2,3,train
sub-01,1196,stimulus_1196,0,1,test
sub-01,1197,stimulus_1197,1,3,train
sub-01,1198,stimulus_1198,2,3,val
sub-01,1199,stimulus_1199,0,2,train
sub-01,1200,stimulus_1200,2,2,test
sub-01,1201,stimulus_1201,1,0,train
sub-01,1202,stimulus_1202,0,1,val
sub-01,1203,stimulus_1203,0,1,train
sub-01,1204,stimulus_1204,0,1,train
sub-01,1205,stimulus_1205,3,3,train
sub-01,1206,stimulus_1206,1,1,val
sub-01,1207,stimulus_1207,3,2,train
sub-01,1208,stimulus_1208,0,0,val
sub-01,1209,stimulus_1209,3,0,train
sub-01,1210,stimulus_1210,3,2,train
sub-01,1211,stimulus_1211,2,0,train
sub-01,1212,stimulus_1212,0,3,train
sub-01,1213,stimulus_1213,3,3,train
sub-01,1214,stimulus_1214,0,3,test
sub-01,1215,stimulus_1215,2,1,test
sub-01,1216,stimulus_1216,3,0,val
sub-01,1217,stimulus_1217,0,2,train
sub-01,1218,stimulus_1218,2,3,test
sub-01,1219,stimulus_1219,1,3,val
sub-01,1220,stimulus_1220,1,0,test
sub-01,1221,stimulus_1221,0,2,train
sub-01,1222,stimulus_1222,0,1,train
sub-01,1223,stimulus_1223,2,0,train
sub-01,1224,stimulus_1224,0,2,train
sub-01,1225,stimulus_1225,1,1,val
sub-01,1226,stimulus_1226,0,3,train
sub-01,1227,stimulus_1227,0,3,train
sub-01,1228,stimulus_1228,2,2,train
sub-01,1229,stimulus_1229,0,2,train
sub-01,1230,stimulus_1230,2,0,train
sub-01,1231,stimulus_1231,0,3,train
sub-01,1232,stimulus_1232,3,0,train
sub-01,1233,stimulus_1233,1,1,train
sub-01,1234,stimulus_1234,1,3,train
sub-01,1235,stimulus_1235,0,3,train
sub-01,1236,stimulus_1236,3,1,train
sub-01,1237,stimulus_1237,0,3,train
sub-01,1238,stimulus_1238,2,1,train
sub-01,1239,stimulus_1239,2,3,test
sub-01,1240,stimulus_1240,3,1,train
sub-01,1241,stimulus_1241,2,3,train
sub-01,1242,stimulus_1242,3,3,train
sub-01,1243,stimulus_1243,3,3,train
sub-01,1244,stimulus_1244,1,3,train
sub-01,1245,stimulus_1245,3,3,train
sub-01,1246,stimulus_1246,3,3,train
sub-01,1247,stimulus_1247,2,3,train
sub-01,1248,stimulus_1248,3,3,train
sub-01,1249,stimulus_1249,1,1,train
sub-01,1250,stimulus_1250,1,2,train
sub-01,1251,stimulus_1251,1,1,train
sub-01,1252,stimulus_1252,3,3,train
sub-01,1253,stimulus_1253,3,3,train
sub-01,1254,stimulus_1254,1,0,train
sub-01,1255,stimulus_1255,3,2,train
sub-01,1256,stimulus_1256,2,0,train
sub-01,1257,stimulus_1257,2,3,test
sub-01,1258,stimulus_1258,1,3,train
sub-01,1259,stimulus_1259,0,1,train
sub-01,1260,stimulus_1260,0,3,train
sub-01,1261,stimulus_1261,1,2,train
sub-01,1262,stimulus_1262,1,0,train
sub-01,1263,stimulus_1263,3,2,train
sub-01,1264,stimulus_1264,1,2,train
sub-01,1265,stimulus_1265,1,1,train
sub-01,1266,stimulus_1266,1,1,test
sub-01,1267,stimulus_1267,3,1,train
sub-01,1268,stimulus_1268,0,2,test
sub-01,1269,stimulus_1269,3,3,train
sub-01,1270,stimulus_1270,3,1,train
sub-01,1271,stimulus_1271,0,3,train
sub-01,1272,stimulus_1272,3,1,train
sub-01,1273,stimulus_1273,3,2,train
sub-01,1274,stimulus_1274,1,2,train
sub-01,1275,stimulus_1275,0,0,test
sub-01,1276,stimulus_1276,0,3,train
sub-01,1277,stimulus_1277,1,2,test
sub-01,1278,stimulus_1278,2,2,test
sub-01,1279,stimulus_1279,0,1,train
sub-01,1280,stimulus_1280,1,1,train
sub-01,1281,stimulus_1281,1,3,train
sub-01,1282,stimulus_1282,3,2,train
sub-01,1283,stimulus_1283,0,2,train
sub-01,1284,stimulus_1284,1,1,train
sub-01,1285,stimulus_1285,2,3,train
sub-01,1286,stimulus_1286,0,1,train
sub-01,1287,stimulus_1287,2,1,train
sub-01,1288,stimulus_1288,1,1,train
sub-01,1289,stimulus_1289,3,1,train
sub-01,1290,stimulus_1290,3,3,train
sub-01,1291,stimulus_1291,3,2,train
sub-01,1292,stimulus_1292,0,1,test
sub-01,1293,stimulus_1293,2,2,train
sub-01,1294,stimulus_1294,0,2,train
sub-01,1295,stimulus_1295,3,1,val
sub-01,1296,stimulus_1296,2,3,train
sub-01,1297,stimulus_1297,1,1,val
sub-01,1298,stimulus_1298,0,0,train
sub-01,1299,stimulus_1299,1,1,train
sub-01,1300,stimulus_1300,3,0,train
sub-01,1301,stimulus_1301,1,1,train
sub-01,1302,stimulus_1302,0,0,train
sub-01,1303,stimulus_1303,0,0,train
sub-01,1304,stimulus_1304,0,0,train
sub-01,1305,stimulus_1305,1,0,train
sub-01,1306,stimulus_1306,1,0,train
sub-01,1307,stimulus_1307,1,2,val
sub-01,1308,stimulus_1308,3,3,train
sub-01,1309,stimulus_1309,0,0,val
sub-01,1310,stimulus_1310,0,2,train
sub-01,1311,stimulus_1311,3,3,train
sub-01,1312,stimulus_1312,3,1,test
sub-01,1313,stimulus_1313,0,3,test
sub-01,1314,stimulus_1314,1,3,train
sub-01,1315,stimulus_1315,2,1,train
sub-01,1316,stimulus_1316,2,3,train
sub-01,1317,stimulus_1317,1,1,train
sub-01,1318,stimulus_1318,0,3,train
sub-01,1319,stimulus_1319,2,1,train
sub-01,1320,stimulus_1320,1,2,train
sub-01,1321,stimulus_1321,2,1,train
sub-01,1322,stimulus_1322,1,3,train
sub-01,1323,stimulus_1323,0,3,train
sub-01,1324,stimulus_1324,2,3,train
sub-01,1325,stimulus_1325,2,3,val
sub-01,1326,stimulus_1326,3,3,test
sub-01,1327,stimulus_1327,3,1,train
sub-01,1328,stimulus_1328,3,2,train
sub-01,1329,stimulus_1329,1,1,test
sub-01,1330,stimulus_1330,2,2,train
sub-01,1331,stimulus_1331,2,1,train
sub-01,1332,stimulus_1332,2,2,train
sub-01,1333,stimulus_1333,3,2,train
sub-01,1334,stimulus_1334,1,0,train
sub-01,1335,stimulus_1335,1,0,train
sub-01,1336,stimulus_1336,2,1,train
sub-01,1337,stimulus_1337,3,3,train
sub-01,1338,stimulus_1338,1,2,train
sub-01,1339,stimulus_1339,0,1,train
sub-01,1340,stimulus_1340,2,1,train
sub-01,1341,stimulus_1341,2,2,train
sub-01,1342,stimulus_1342,1,1,train
sub-01,1343,stimulus_1343,2,2,train
sub-01,1344,stimulus_1344,2,0,train
sub-01,1345,stimulus_1345,2,3,train
sub-01,1346,stimulus_1346,2,2,train
sub-01,1347,stimulus_1347,1,2,test
sub-01,1348,stimulus_1348,1,1,train
sub-01,1349,stimulus_1349,3,3,val
sub-01,1350,stimulus_1350,0,0,test
sub-01,1351,stimulus_1351,0,0,train
sub-01,1352,stimulus_1352,2,3,train
sub-01,1353,stimulus_1353,3,2,train
sub-01,1354,stimulus_1354,3,2,val
sub-01,1355,stimulus_1355,0,0,val
sub-01,1356,stimulus_1356,2,1,train
sub-01,1357,stimulus_1357,3,0,train
sub-01,1358,stimulus_1358,2,2,train
sub-01,1359,stimulus_1359,1,0,train
sub-01,1360,stimulus_1360,3,0,train
sub-01,1361,stimulus_1361,0,3,train
sub-01,1362,stimulus_1362,0,3,train
sub-01,1363,stimulus_1363,3,1,train
sub-01,1364,stimulus_1364,1,3,val
sub-01,1365,stimulus_1365,3,3,train
sub-01,1366,stimulus_1366,2,0,test
sub-01,1367,stimulus_1367,3,2,train
sub-01,1368,stimulus_1368,3,0,test
sub-01,1369,stimulus_1369,2,0,train
sub-01,1370,stimulus_1370,3,3,test
sub-01,1371,stimulus_1371,2,0,train
sub-01,1372,stimulus_1372,3,0,train
sub-01,1373,stimulus_1373,0,3,train
sub-01,1374,stimulus_1374,1,3,test
sub-01,1375,stimulus_1375,0,3,train
sub-01,1376,stimulus_1376,1,3,train
sub-01,1377,stimulus_1377,3,3,train
sub-01,1378,stimulus_1378,3,0,train
sub-01,1379,stimulus_1379,3,0,train
sub-01,1380,stimulus_1380,3,1,val
sub-01,1381,stimulus_1381,3,1,train
sub-01,1382,stimulus_1382,1,1,train
sub-01,1383,stimulus_1383,3,1,train
sub-01,1384,stimulus_1384,1,1,train
sub-01,1385,stimulus_1385,2,3,train
sub-01,1386,stimulus_1386,1,1,train
sub-01,1387,stimulus_1387,3,3,train
sub-01,1388,stimulus_1388,1,1,train
sub-01,1389,stimulus_1389,2,1,test
sub-01,1390,stimulus_1390,1,1,train
sub-01,1391,stimulus_1391,1,2,val
sub-01,1392,stimulus_1392,1,2,train
sub-01,1393,stimulus_1393,1,2,train
sub-01,1394,stimulus_1394,3,3,train
sub-01,1395,stimulus_1395,1,2,train
sub-01,1396,stimulus_1396,2,0,train
sub-01,1397,stimulus_1397,1,0,train
sub-01,1398,stimulus_1398,2,1,train
sub-01,1399,stimulus_1399,3,3,train
sub-01,1400,stimulus_1400,2,3,train
sub-01,1401,stimulus_1401,1,2,train
sub-01,1402,stimulus_1402,2,1,train
sub-01,1403,stimulus_1403,0,0,train
sub-01,1404,stimulus_1404,1,0,train
sub-01,1405,stimulus_1405,3,2,train
sub-01,1406,stimulus_1406,0,3,train
sub-01,1407,stimulus_1407,3,0,train
sub-01,1408,stimulus_1408,3,0,val
sub-01,1409,stimulus_1409,3,0,train
sub-01,1410,stimulus_1410,3,3,val
sub-01,1411,stimulus_1411,3,2,val
sub-01,1412,stimulus_1412,2,1,train
sub-01,1413,stimulus_1413,2,1,train
sub-01,1414,stimulus_1414,0,1,train
sub-01,1415,stimulus_1415,3,1,train
sub-01,1416,stimulus_1416,3,2,train
sub-01,1417,stimulus_1417,3,0,train
sub-01,1418,stimulus_1418,3,0,train
sub-01,1419,stimulus_1419,0,2,train
sub-01,1420,stimulus_1420,1,0,train
sub-01,1421,stimulus_1421,3,1,train
sub-01,1422,stimulus_1422,0,3,train
sub-01,1423,stimulus_1423,0,0,train
sub-01,1424,stimulus_1424,2,2,train
sub-01,1425,stimulus_1425,0,0,test
sub-01,1426,stimulus_1426,2,3,train
sub-01,1427,stimulus_1427,3,0,train
sub-01,1428,stimulus_1428,2,1,train
sub-01,1429,stimulus_1429,3,1,train
sub-01,1430,stimulus_1430,2,3,train
sub-01,1431,stimulus_1431,2,3,train
sub-01,1432,stimulus_1432,2,3,train
sub-01,1433,stimulus_1433,2,1,train
sub-01,1434,stimulus_1434,0,2,train
sub-01,1435,stimulus_1435,2,1,train
sub-01,1436,stimulus_1436,3,3,train
sub-01,1437,stimulus_1437,2,1,train
sub-01,1438,stimulus_1438,1,3,train
sub-01,1439,stimulus_1439,3,3,train
sub-01,1440,stimulus_1440,1,3,val
sub-01,1441,stimulus_1441,0,2,val
sub-01,1442,stimulus_1442,0,3,train
sub-01,1443,stimulus_1443,0,2,train
sub-01,1444,stimulus_1444,3,0,val
sub-01,1445,stimulus_1445,3,3,train
sub-01,1446,stimulus_1446,2,1,train
sub-01,1447,stimulus_1447,3,3,train
sub-01,1448,stimulus_1448,1,1,train
sub-01,1449,stimulus_1449,3,1,test
sub-01,1450,stimulus_1450,0,2,train
sub-01,1451,stimulus_1451,2,2,test
sub-01,1452,stimulus_1452,3,1,train
sub-01,1453,stimulus_1453,3,2,train
sub-01,1454,stimulus_1454,1,3,train
sub-01,1455,stimulus_1455,2,1,train
sub-01,1456,stimulus_1456,2,2,train
sub-01,1457,stimulus_1457,0,0,train
sub-01,1458,stimulus_1458,2,1,train
sub-01,1459,stimulus_1459,2,1,val
sub-01,1460,stimulus_1460,3,2,train
sub-01,1461,stimulus_1461,1,3,train
sub-01,1462,stimulus_1462,1,1,train
sub-01,1463,stimulus_1463,3,3,train
sub-01,1464,stimulus_1464,0,1,test
sub-01,1465,stimulus_1465,2,1,train
sub-01,1466,stimulus_1466,0,0,train
sub-01,1467,stimulus_1467,1,0,train
sub-01,1468,stimulus_1468,1,0,train
sub-01,1469,stimulus_1469,1,1,train
sub-01,1470,stimulus_1470,1,0,train
sub-01,1471,stimulus_1471,0,0,train
sub-01,1472,stimulus_1472,1,2,train
sub-01,1473,stimulus_1473,0,0,train
sub-01,1474,stimulus_1474,1,0,train
sub-01,1475,stimulus_1475,0,0,val
sub-01,1476,stimulus_1476,2,1,train
sub-01,1477,stimulus_1477,2,3,train
sub-01,1478,stimulus_1478,0,2,train
sub-01,1479,stimulus_1479,1,0,train
sub-01,1480,stimulus_1480,1,1,test
sub-01,1481,stimulus_1481,3,1,train
sub-01,1482,stimulus_1482,2,3,train
sub-01,1483,stimulus_1483,3,0,val
sub-01,1484,stimulus_1484,1,0,train
sub-01,1485,stimulus_1485,0,1,train
sub-01,1486,stimulus_1486,1,1,train
sub-01,1487,stimulus_1487,0,3,train
sub-01,1488,stimulus_1488,3,0,train
sub-01,1489,stimulus_1489,3,0,train
sub-01,1490,stimulus_1490,2,3,train
sub-01,1491,stimulus_1491,2,2,train
sub-01,1492,stimulus_1492,0,3,test
sub-01,1493,stimulus_1493,3,0,train
sub-01,1494,stimulus_1494,3,0,train
sub-01,1495,stimulus_1495,3,3,train
sub-01,1496,stimulus_1496,2,3,val
sub-01,1497,stimulus_1497,3,2,test
sub-01,1498,stimulus_1498,3,1,val
sub-01,1499,stimulus_1499,2,1,test
sub-01,1500,stimulus_1500,3,2,train
sub-01,1501,stimulus_1501,3,3,test
sub-01,1502,stimulus_1502,3,3,train
sub-01,1503,stimulus_1503,3,3,train
sub-01,1504,stimulus_1504,2,0,train
sub-01,1505,stimulus_1505,3,1,val
sub-01,1506,stimulus_1506,2,0,train
sub-01,1507,stimulus_1507,0,0,train
sub-01,1508,stimulus_1508,3,0,val
sub-01,1509,stimulus_1509,3,2,train
sub-01,1510,stimulus_1510,3,2,train
sub-01,1511,stimulus_1511,0,3,train
sub-01,1512,stimulus_1512,3,1,train
sub-01,1513,stimulus_1513,1,2,train
sub-01,1514,stimulus_1514,0,2,train
sub-01,1515,stimulus_1515,2,3,train
sub-01,1516,stimulus_1516,3,3,val
sub-01,1517,stimulus_1517,1,3,train
sub-01,1518,stimulus_1518,0,2,train
sub-01,1519,stimulus_1519,0,0,train
sub-01,1520,stimulus_1520,3,2,train
sub-01,1521,stimulus_1521,2,1,train
sub-01,1522,stimulus_1522,1,2,train
sub-01,1523,stimulus_1523,2,2,val
sub-01,1524,stimulus_1524,3,1,val
sub-01,1525,stimulus_1525,2,0,train
sub-01,1526,stimulus_1526,2,2,train
sub-01,1527,stimulus_1527,2,3,train
sub-01,1528,stimulus_1528,1,0,test
sub-01,1529,stimulus_1529,1,2,train
sub-01,1530,stimulus_1530,1,2,train
sub-01,1531,stimulus_1531,2,2,train
sub-01,1532,stimulus_1532,0,0,train
sub-01,1533,stimulus_1533,2,1,train
sub-01,1534,stimulus_1534,1,1,val
sub-01,1535,stimulus_1535,2,3,val
sub-01,1536,stimulus_1536,2,3,test
sub-01,1537,stimulus_1537,2,3,train
sub-01,1538,stimulus_1538,2,3,train
sub-01,1539,stimulus_1539,3,3,train
sub-01,1540,stimulus_1540,3,1,train
sub-01,1541,stimulus_1541,0,0,train
sub-01,1542,stimulus_1542,2,2,train
sub-01,1543,stimulus_1543,1,3,train
sub-01,1544,stimulus_1544,1,1,train
sub-01,1545,stimulus_1545,1,2,train
sub-01,1546,stimulus_1546,2,3,train
sub-01,1547,stimulus_1547,3,1,train
sub-01,1548,stimulus_1548,3,1,train
sub-01,1549,stimulus_1549,1,2,val
sub-01,1550,stimulus_1550,0,2,train
sub-01,1551,stimulus_1551,2,3,train
sub-01,1552,stimulus_1552,1,3,train
sub-01,1553,stimulus_1553,1,3,train
sub-01,1554,stimulus_1554,1,3,train
sub-01,1555,stimulus_1555,2,0,train
sub-01,1556,stimulus_1556,0,1,train
sub-01,1557,stimulus_1557,2,3,train
sub-01,1558,stimulus_1558,3,2,train
sub-01,1559,stimulus_1559,2,2,train
sub-01,1560,stimulus_1560,2,3,train
sub-01,1561,stimulus_1561,1,0,train
sub-01,1562,stimulus_1562,0,3,train
sub-01,1563,stimulus_1563,2,1,train
sub-01,1564,stimulus_1564,3,3,train
sub-01,1565,stimulus_1565,0,0,train
sub-01,1566,stimulus_1566,1,1,train
sub-01,1567,stimulus_1567,1,1,train
sub-01,1568,stimulus_1568,3,3,train
sub-01,1569,stimulus_1569,3,3,train
sub-01,1570,stimulus_1570,3,3,train
sub-01,1571,stimulus_1571,3,3,val
sub-01,1572,stimulus_1572,3,2,test
sub-01,1573,stimulus_1573,2,3,train
sub-01,1574,stimulus_1574,1,0,train
sub-01,1575,stimulus_1575,1,3,train
sub-01,1576,stimulus_1576,0,3,test
sub-01,1577,stimulus_1577,2,3,test
sub-01,1578,stimulus_1578,1,1,train
sub-01,1579,stimulus_1579,2,1,train
sub-01,1580,stimulus_1580,2,1,val
sub-01,1581,stimulus_1581,2,2,train
sub-01,1582,stimulus_1582,3,3,train
sub-01,1583,stimulus_1583,2,3,train
sub-01,1584,stimulus_1584,3,3,train
sub-01,1585,stimulus_1585,0,1,train
sub-01,1586,stimulus_1586,2,1,test
sub-01,1587,stimulus_1587,0,1,train
sub-01,1588,stimulus_1588,2,1,train
sub-01,1589,stimulus_1589,0,1,train
sub-01,1590,stimulus_1590,0,3,train
sub-01,1591,stimulus_1591,0,0,train
sub-01,1592,stimulus_1592,3,0,train
sub-01,1593,stimulus_1593,1,2,train
sub-01,1594,stimulus_1594,3,3,train
sub-01,1595,stimulus_1595,1,3,train
sub-01,1596,stimulus_1596,0,1,test
sub-01,1597,stimulus_1597,2,0,train
sub-01,1598,stimulus_1598,0,3,test
sub-01,1599,stimulus_1599,1,3,train
sub-01,1600,stimulus_1600,1,1,train
sub-01,1601,stimulus_1601,0,2,train
sub-01,1602,stimulus_1602,2,1,train
sub-01,1603,stimulus_1603,3,1,train
sub-01,1604,stimulus_1604,2,0,train
sub-01,1605,stimulus_1605,0,1,train
sub-01,1606,stimulus_1606,2,1,test
sub-01,1607,stimulus_1607,1,1,train
sub-01,1608,stimulus_1608,3,3,train
sub-01,1609,stimulus_1609,1,1,train
sub-01,1610,stimulus_1610,2,3,train
sub-01,1611,stimulus_1611,0,0,train
sub-01,1612,stimulus_1612,2,1,train
sub-01,1613,stimulus_1613,0,1,train
sub-01,1614,stimulus_1614,1,0,train
sub-01,1615,stimulus_1615,1,2,train
sub-01,1616,stimulus_1616,3,2,train
sub-01,1617,stimulus_1617,1,2,train
sub-01,1618,stimulus_1618,1,0,train
sub-01,1619,stimulus_1619,2,1,train
sub-01,1620,stimulus_1620,3,0,train
sub-01,1621,stimulus_1621,1,0,train
sub-01,1622,stimulus_1622,2,2,train
sub-01,1623,stimulus_1623,1,0,train
sub-01,1624,stimulus_1624,2,2,train
sub-01,1625,stimulus_1625,2,2,val
sub-01,1626,stimulus_1626,1,1,train
sub-01,1627,stimulus_1627,0,1,train
sub-01,1628,stimulus_1628,3,1,train
sub-01,1629,stimulus_1629,0,2,train
sub-01,1630,stimulus_1630,0,0,train
sub-01,1631,stimulus_1631,1,1,test
sub-01,1632,stimulus_1632,0,2,val
sub-01,1633,stimulus_1633,2,3,val
sub-01,1634,stimulus_1634,2,2,train
sub-01,1635,stimulus_1635,1,2,test
sub-01,1636,stimulus_1636,3,2,train
sub-01,1637,stimulus_1637,3,3,test
sub-01,1638,stimulus_1638,3,2,train
sub-01,1639,stimulus_1639,3,2,val
sub-01,1640,stimulus_1640,3,3,val
sub-01,1641,stimulus_1641,2,3,train
sub-01,1642,stimulus_1642,1,3,train
sub-01,1643,stimulus_1643,3,3,train
sub-01,1644,stimulus_1644,1,3,test
sub-01,1645,stimulus_1645,2,3,train
sub-01,1646,stimulus_1646,1,0,train
sub-01,1647,stimulus_1647,2,0,train
sub-01,1648,stimulus_1648,2,1,train
sub-01,1649,stimulus_1649,1,3,train
sub-01,1650,stimulus_1650,0,3,train
sub-01,1651,stimulus_1651,3,0,train
sub-01,1652,stimulus_1652,1,3,train
sub-01,1653,stimulus_1653,2,1,train
sub-01,1654,stimulus_1654,0,2,train
sub-01,1655,stimulus_1655,0,2,train
sub-01,1656,stimulus_1656,3,1,train
sub-01,1657,stimulus_1657,0,1,train
sub-01,1658,stimulus_1658,3,1,train
sub-01,1659,stimulus_1659,2,2,train
sub-01,1660,stimulus_1660,3,1,train
sub-01,1661,stimulus_1661,3,2,train
sub-01,1662,stimulus_1662,2,1,train
sub-01,1663,stimulus_1663,1,1,val
sub-01,1664,stimulus_1664,2,2,test
sub-01,1665,stimulus_1665,1,0,train
sub-01,1666,stimulus_1666,3,2,train
sub-01,1667,stimulus_1667,3,1,test
sub-01,1668,stimulus_1668,2,3,train
sub-01,1669,stimulus_1669,1,3,train
sub-01,1670,stimulus_1670,2,2,train
sub-01,1671,stimulus_1671,3,3,train
sub-01,1672,stimulus_1672,1,0,train
sub-01,1673,stimulus_1673,1,1,train
sub-01,1674,stimulus_1674,1,0,train
sub-01,1675,stimulus_1675,0,0,train
sub-01,1676,stimulus_1676,2,3,train
sub-01,1677,stimulus_1677,3,3,train
sub-01,1678,stimulus_1678,3,3,train
sub-01,1679,stimulus_1679,1,3,train
sub-01,1680,stimulus_1680,3,2,train
sub-01,1681,stimulus_1681,2,0,train
sub-01,1682,stimulus_1682,2,1,train
sub-01,1683,stimulus_1683,2,0,val
sub-01,1684,stimulus_1684,2,1,train
sub-01,1685,stimulus_1685,0,1,train
sub-01,1686,stimulus_1686,1,2,train
sub-01,1687,stimulus_1687,1,1,train
sub-01,1688,stimulus_1688,1,3,train
sub-01,1689,stimulus_1689,2,1,val
sub-01,1690,stimulus_1690,0,1,val
sub-01,1691,stimulus_1691,0,0,val
sub-01,1692,stimulus_1692,2,0,train
sub-01,1693,stimulus_1693,3,3,train
sub-01,1694,stimulus_1694,2,3,train
sub-01,1695,stimulus_1695,1,1,train
sub-01,1696,stimulus_1696,2,2,train
sub-01,1697,stimulus_1697,3,3,val
sub-01,1698,stimulus_1698,2,2,val
sub-01,1699,stimulus_1699,3,2,test
sub-01,1700,stimulus_1700,1,0,train
sub-01,1701,stimulus_1701,0,2,train
sub-01,1702,stimulus_1702,2,3,train
sub-01,1703,stimulus_1703,0,1,train
sub-01,1704,stimulus_1704,1,0,train
sub-01,1705,stimulus_1705,0,0,train
sub-01,1706,stimulus_1706,0,1,train
sub-01,1707,stimulus_1707,2,3,train
sub-01,1708,stimulus_1708,3,2,test
sub-01,1709,stimulus_1709,1,1,train
sub-01,1710,stimulus_1710,2,3,train
sub-01,1711,stimulus_1711,3,2,train
sub-01,1712,stimulus_1712,3,3,train
sub-01,1713,stimulus_1713,1,0,train
sub-01,1714,stimulus_1714,3,3,train
sub-01,1715,stimulus_1715,3,2,train
sub-01,1716,stimulus_1716,3,0,test
sub-01,1717,stimulus_1717,3,3,train
sub-01,1718,stimulus_1718,3,3,train
sub-01,1719,stimulus_1719,1,0,train
sub-01,1720,stimulus_1720,1,3,train
sub-01,1721,stimulus_1721,3,3,train
sub-01,1722,stimulus_1722,2,1,train
sub-01,1723,stimulus_1723,3,2,train
sub-01,1724,stimulus_1724,1,0,train
sub-01,1725,stimulus_1725,0,1,train
sub-01,1726,stimulus_1726,0,3,train
sub-01,1727,stimulus_1727,2,1,train
sub-01,1728,stimulus_1728,1,3,train
sub-01,1729,stimulus_1729,1,0,test
sub-01,1730,stimulus_1730,1,1,test
sub-01,1731,stimulus_1731,1,0,train
sub-01,1732,stimulus_1732,0,3,train
sub-01,1733,stimulus_1733,2,1,train
sub-01,1734,stimulus_1734,1,3,train
sub-01,1735,stimulus_1735,3,2,test
sub-01,1736,stimulus_1736,1,1,train
sub-01,1737,stimulus_1737,1,3,train
sub-01,1738,stimulus_1738,1,1,train
sub-01,1739,stimulus_1739,0,2,train
sub-01,1740,stimulus_1740,3,2,val
sub-01,1741,stimulus_1741,2,1,train
sub-01,1742,stimulus_1742,1,3,test
sub-01,1743,stimulus_1743,2,3,val
sub-01,1744,stimulus_1744,0,2,val
sub-01,1745,stimulus_1745,3,2,train
sub-01,1746,stimulus_1746,3,2,train
sub-01,1747,stimulus_1747,2,1,train
sub-01,1748,stimulus_1748,2,0,train
sub-01,1749,stimulus_1749,3,1,train
sub-01,1750,stimulus_1750,2,1,val
sub-01,1751,stimulus_1751,2,1,train
sub-01,1752,stimulus_1752,0,2,train
sub-01,1753,stimulus_1753,3,3,train
sub-01,1754,stimulus_1754,3,3,train
sub-01,1755,stimulus_1755,0,2,train
sub-01,1756,stimulus_1756,3,3,train
sub-01,1757,stimulus_1757,1,3,train
sub-01,1758,stimulus_1758,3,3,train
sub-01,1759,stimulus_1759,1,3,test
sub-01,1760,stimulus_1760,2,0,test
sub-01,1761,stimulus_1761,3,2,train
sub-01,1762,stimulus_1762,2,3,train
sub-01,1763,stimulus_1763,2,3,train
sub-01,1764,stimulus_1764,2,3,train
sub-01,1765,stimulus_1765,0,1,val
sub-01,1766,stimulus_1766,1,0,train
sub-01,1767,stimulus_1767,1,1,train
sub-01,1768,stimulus_1768,0,0,train
sub-01,1769,stimulus_1769,3,3,val
sub-01,1770,stimulus_1770,1,0,train
sub-01,1771,stimulus_1771,0,0,train
sub-01,1772,stimulus_1772,2,2,test
sub-01,1773,stimulus_1773,3,0,train
sub-01,1774,stimulus_1774,1,1,test
sub-01,1775,stimulus_1775,2,2,train
sub-01,1776,stimulus_1776,1,1,test
sub-01,1777,stimulus_1777,3,3,train
sub-01,1778,stimulus_1778,3,3,train
sub-01,1779,stimulus_1779,1,2,train
sub-01,1780,stimulus_1780,1,3,train
sub-01,1781,stimulus_1781,3,2,train
sub-01,1782,stimulus_1782,2,2,test
sub-01,1783,stimulus_1783,3,3,val
sub-01,1784,stimulus_1784,1,0,train
sub-01,1785,stimulus_1785,1,1,train
sub-01,1786,stimulus_1786,0,1,train
sub-01,1787,stimulus_1787,2,2,train
sub-01,1788,stimulus_1788,1,2,train
sub-01,1789,stimulus_1789,3,3,train
sub-01,1790,stimulus_1790,0,0,val
sub-01,1791,stimulus_1791,1,1,train
sub-01,1792,stimulus_1792,0,0,train
sub-01,1793,stimulus_1793,0,0,train
sub-01,1794,stimulus_1794,1,1,train
sub-01,1795,stimulus_1795,0,3,test
sub-01,1796,stimulus_1796,1,3,train
sub-01,1797,stimulus_1797,2,1,train
sub-01,1798,stimulus_1798,2,2,train
sub-01,1799,stimulus_1799,1,3,train
sub-01,1800,stimulus_1800,2,3,train
sub-01,1801,stimulus_1801,2,2,train
sub-01,1802,stimulus_1802,2,1,train
sub-01,1803,stimulus_1803,3,2,train
sub-01,1804,stimulus_1804,3,0,train
sub-01,1805,stimulus_1805,3,3,train
sub-01,1806,stimulus_1806,3,0,train
sub-01,1807,stimulus_1807,3,3,test
sub-01,1808,stimulus_1808,3,0,train
sub-01,1809,stimulus_1809,1,3,train
sub-01,1810,stimulus_1810,3,0,train
sub-01,1811,stimulus_1811,1,2,train
sub-01,1812,stimulus_1812,2,2,train
sub-01,1813,stimulus_1813,0,1,train
sub-01,1814,stimulus_1814,3,1,train
sub-01,1815,stimulus_1815,3,0,train
sub-01,1816,stimulus_1816,0,1,val
sub-01,1817,stimulus_1817,2,0,train
sub-01,1818,stimulus_1818,2,1,train
sub-01,1819,stimulus_1819,0,3,train
sub-01,1820,stimulus_1820,3,0,val
sub-01,1821,stimulus_1821,1,2,train
sub-01,1822,stimulus_1822,0,0,train
sub-01,1823,stimulus_1823,1,1,train
sub-01,1824,stimulus_1824,2,1,train
sub-01,1825,stimulus_1825,3,0,train
sub-01,1826,stimulus_1826,3,3,test
sub-01,1827,stimulus_1827,1,3,train
sub-01,1828,stimulus_1828,0,1,train
sub-01,1829,stimulus_1829,2,2,train
sub-01,1830,stimulus_1830,0,3,train
sub-01,1831,stimulus_1831,1,0,val
sub-01,1832,stimulus_1832,0,3,train
sub-01,1833,stimulus_1833,3,3,train
sub-01,1834,stimulus_1834,3,3,train
sub-01,1835,stimulus_1835,2,0,train
sub-01,1836,stimulus_1836,3,3,val
sub-01,1837,stimulus_1837,0,2,train
sub-01,1838,stimulus_1838,1,3,train
sub-01,1839,stimulus_1839,3,3,train
sub-01,1840,stimulus_1840,2,1,train
sub-01,1841,stimulus_1841,2,0,train
sub-01,1842,stimulus_1842,3,2,train
sub-01,1843,stimulus_1843,0,2,train
sub-01,1844,stimulus_1844,0,1,train
sub-01,1845,stimulus_1845,0,1,train
sub-01,1846,stimulus_1846,2,0,train
sub-01,1847,stimulus_1847,1,1,train
sub-01,1848,stimulus_1848,2,0,train
sub-01,1849,stimulus_1849,2,3,train
sub-01,1850,stimulus_1850,3,0,train
sub-01,1851,stimulus_1851,3,1,test
sub-01,1852,stimulus_1852,3,3,train
sub-01,1853,stimulus_1853,0,1,val
sub-01,1854,stimulus_1854,3,1,train
sub-01,1855,stimulus_1855,3,1,train
sub-01,1856,stimulus_1856,2,1,train
sub-01,1857,stimulus_1857,1,3,train
sub-01,1858,stimulus_1858,0,3,train
sub-01,1859,stimulus_1859,2,1,train
sub-01,1860,stimulus_1860,2,1,train
sub-01,1861,stimulus_1861,2,1,train
sub-01,1862,stimulus_1862,1,1,train
sub-01,1863,stimulus_1863,1,3,val
sub-01,1864,stimulus_1864,1,1,train
sub-01,1865,stimulus_1865,1,3,train
sub-01,1866,stimulus_1866,0,1,train
sub-01,1867,stimulus_1867,1,1,train
sub-01,1868,stimulus_1868,0,3,train
sub-01,1869,stimulus_1869,3,2,val
sub-01,1870,stimulus_1870,0,3,train
sub-01,1871,stimulus_1871,0,1,train
sub-01,1872,stimulus_1872,2,3,train
sub-01,1873,stimulus_1873,1,1,train
sub-01,1874,stimulus_1874,1,0,train
sub-01,1875,stimulus_1875,1,0,train
sub-01,1876,stimulus_1876,2,0,val
sub-01,1877,stimulus_1877,1,2,val
sub-01,1878,stimulus_1878,1,3,train
sub-01,1879,stimulus_1879,1,2,train
sub-01,1880,stimulus_1880,2,1,train
sub-01,1881,stimulus_1881,1,1,train
sub-01,1882,stimulus_1882,3,2,train
sub-01,1883,stimulus_1883,1,0,train
sub-01,1884,stimulus_1884,2,2,train
sub-01,1885,stimulus_1885,0,0,test
sub-01,1886,stimulus_1886,2,3,train
sub-01,1887,stimulus_1887,0,3,train
sub-01,1888,stimulus_1888,1,3,train
sub-01,1889,stimulus_1889,3,3,train
sub-01,1890,stimulus_1890,1,1,train
sub-01,1891,stimulus_1891,3,3,test
sub-01,1892,stimulus_1892,1,3,train
sub-01,1893,stimulus_1893,3,3,train
sub-01,1894,stimulus_1894,2,3,train
sub-01,1895,stimulus_1895,2,3,val
sub-01,1896,stimulus_1896,1,2,test
sub-01,1897,stimulus_1897,2,1,test
sub-01,1898,stimulus_1898,2,0,train
sub-01,1899,stimulus_1899,2,3,train
sub-01,1900,stimulus_1900,3,1,train
sub-01,1901,stimulus_1901,0,2,train
sub-01,1902,stimulus_1902,2,1,val
sub-01,1903,stimulus_1903,0,0,test
sub-01,1904,stimulus_1904,3,1,train
sub-01,1905,stimulus_1905,1,1,train
sub-01,1906,stimulus_1906,0,2,train
sub-01,1907,stimulus_1907,0,1,train
sub-01,1908,stimulus_1908,1,1,train
sub-01,1909,stimulus_1909,3,3,train
sub-01,1910,stimulus_1910,1,2,train
sub-01,1911,stimulus_1911,3,2,train
sub-01,1912,stimulus_1912,2,3,train
sub-01,1913,stimulus_1913,2,2,train
sub-01,1914,stimulus_1914,1,3,train
sub-01,1915,stimulus_1915,2,3,train
sub-01,1916,stimulus_1916,0,2,train
sub-01,1917,stimulus_1917,2,3,train
sub-01,1918,stimulus_1918,3,3,train
sub-01,1919,stimulus_1919,1,2,train
sub-01,1920,stimulus_1920,2,1,train
sub-01,1921,stimulus_1921,2,0,val
sub-01,1922,stimulus_1922,0,0,train
sub-01,1923,stimulus_1923,0,0,train
sub-01,1924,stimulus_1924,3,1,train
sub-01,1925,stimulus_1925,2,3,train
sub-01,1926,stimulus_1926,0,1,train
sub-01,1927,stimulus_1927,1,0,train
sub-01,1928,stimulus_1928,0,0,train
sub-01,1929,stimulus_1929,1,1,train
sub-01,1930,stimulus_1930,2,0,train
sub-01,1931,stimulus_1931,0,0,val
sub-01,1932,stimulus_1932,2,0,test
sub-01,1933,stimulus_1933,0,0,test
sub-01,1934,stimulus_1934,0,1,test
sub-01,1935,stimulus_1935,3,1,train
sub-01,1936,stimulus_1936,3,1,train
sub-01,1937,stimulus_1937,3,3,train
sub-01,1938,stimulus_1938,3,1,train
sub-01,1939,stimulus_1939,1,2,test
sub-01,1940,stimulus_1940,0,1,train
sub-01,1941,stimulus_1941,2,3,val
sub-01,1942,stimulus_1942,3,3,train
sub-01,1943,stimulus_1943,1,1,train
sub-01,1944,stimulus_1944,2,1,test
sub-01,1945,stimulus_1945,2,2,train
sub-01,1946,stimulus_1946,1,0,test
sub-01,1947,stimulus_1947,1,1,train
sub-01,1948,stimulus_1948,1,1,train
sub-01,1949,stimulus_1949,1,1,test
sub-01,1950,stimulus_1950,1,0,val
sub-01,1951,stimulus_1951,0,0,test
sub-01,1952,stimulus_1952,1,0,train
sub-01,1953,stimulus_1953,2,2,train
sub-01,1954,stimulus_1954,1,0,train
sub-01,1955,stimulus_1955,0,1,train
sub-01,1956,stimulus_1956,0,0,val
sub-01,1957,stimulus_1957,3,3,train
sub-01,1958,stimulus_1958,1,0,train
sub-01,1959,stimulus_1959,0,1,train
sub-01,1960,stimulus_1960,0,3,val
sub-01,1961,stimulus_1961,3,3,train
sub-01,1962,stimulus_1962,2,0,test
sub-01,1963,stimulus_1963,2,1,val
sub-01,1964,stimulus_1964,1,3,train
sub-01,1965,stimulus_1965,3,3,train
sub-01,1966,stimulus_1966,3,1,train
sub-01,1967,stimulus_1967,1,1,train
sub-01,1968,stimulus_1968,3,1,train
sub-01,1969,stimulus_1969,2,2,train
sub-01,1970,stimulus_1970,3,1,train
sub-01,1971,stimulus_1971,2,3,train
sub-01,1972,stimulus_1972,1,0,train
sub-01,1973,stimulus_1973,0,0,train
sub-01,1974,stimulus_1974,3,3,train
sub-01,1975,stimulus_1975,3,3,train
sub-01,1976,stimulus_1976,3,3,train
sub-01,1977,stimulus_1977,0,0,train
sub-01,1978,stimulus_1978,3,1,train
sub-01,1979,stimulus_1979,0,2,train
sub-01,1980,stimulus_1980,3,3,train
sub-01,1981,stimulus_1981,3,3,train
sub-01,1982,stimulus_1982,2,1,train
sub-01,1983,stimulus_1983,2,2,train
sub-01,1984,stimulus_1984,1,0,train
sub-01,1985,stimulus_1985,0,2,train
sub-01,1986,stimulus_1986,3,0,train
sub-01,1987,stimulus_1987,0,1,train
sub-01,1988,stimulus_1988,3,0,val
sub-01,1989,stimulus_1989,3,1,train
sub-01,1990,stimulus_1990,0,1,train
sub-01,1991,stimulus_1991,0,1,train
sub-01,1992,stimulus_1992,3,3,train
sub-01,1993,stimulus_1993,3,3,train
sub-01,1994,stimulus_1994,1,0,train
sub-01,1995,stimulus_1995,2,1,train
sub-01,1996,stimulus_1996,1,1,train
sub-01,1997,stimulus_1997,2,1,test
sub-01,1998,stimulus_1998,2,3,train
sub-01,1999,stimulus_1999,0,2,val
sub-01,2000,stimulus_2000,3,1,test
sub-01,2001,stimulus_2001,3,1,train
sub-01,2002,stimulus_2002,3,0,train
sub-01,2003,stimulus_2003,1,3,val
sub-01,2004,stimulus_2004,0,0,val
sub-01,2005,stimulus_2005,1,0,train
sub-01,2006,stimulus_2006,0,3,test
sub-01,2007,stimulus_2007,2,0,train
sub-01,2008,stimulus_2008,0,2,train
sub-01,2009,stimulus_2009,0,0,train
sub-01,2010,stimulus_2010,0,1,train
sub-01,2011,stimulus_2011,0,1,train
sub-01,2012,stimulus_2012,0,3,val
sub-01,2013,stimulus_2013,3,2,train
sub-01,2014,stimulus_2014,1,1,train
sub-01,2015,stimulus_2015,2,3,train
sub-01,2016,stimulus_2016,0,0,train
sub-01,2017,stimulus_2017,2,3,train
sub-01,2018,stimulus_2018,0,0,train
sub-01,2019,stimulus_2019,0,0,train
sub-01,2020,stimulus_2020,0,0,train
sub-01,2021,stimulus_2021,2,3,train
sub-01,2022,stimulus_2022,0,1,train
sub-01,2023,stimulus_2023,2,2,val
sub-01,2024,stimulus_2024,0,0,train
sub-01,2025,stimulus_2025,1,2,train
sub-01,2026,stimulus_2026,2,0,train
sub-01,2027,stimulus_2027,1,0,train
sub-01,2028,stimulus_2028,2,1,train
sub-01,2029,stimulus_2029,2,3,test
sub-01,2030,stimulus_2030,3,3,train
sub-01,2031,stimulus_2031,2,2,train
sub-01,2032,stimulus_2032,2,2,train
sub-01,2033,stimulus_2033,2,3,train
sub-01,2034,stimulus_2034,3,3,train
sub-01,2035,stimulus_2035,2,3,train
sub-01,2036,stimulus_2036,1,0,train
sub-01,2037,stimulus_2037,2,3,test
sub-01,2038,stimulus_2038,1,1,train
sub-01,2039,stimulus_2039,1,1,train
sub-01,2040,stimulus_2040,3,3,train
sub-01,2041,stimulus_2041,2,2,train
sub-01,2042,stimulus_2042,1,1,train
sub-01,2043,stimulus_2043,3,2,train
sub-01,2044,stimulus_2044,3,1,train
sub-01,2045,stimulus_2045,2,3,test
sub-01,2046,stimulus_2046,1,3,train
sub-01,2047,stimulus_2047,0,3,train
sub-01,2048,stimulus_2048,0,0,train
sub-01,2049,stimulus_2049,0,2,train
sub-01,2050,stimulus_2050,1,1,train
sub-01,2051,stimulus_2051,1,2,train
sub-01,2052,stimulus_2052,1,3,train
sub-01,2053,stimulus_2053,2,3,train
sub-01,2054,stimulus_2054,0,2,train
sub-01,2055,stimulus_2055,0,0,train
sub-01,2056,stimulus_2056,2,0,train
sub-01,2057,stimulus_2057,3,2,train
sub-01,2058,stimulus_2058,0,1,val
sub-01,2059,stimulus_2059,3,1,train
sub-01,2060,stimulus_2060,2,1,val
sub-01,2061,stimulus_2061,3,1,train
sub-01,2062,stimulus_2062,0,0,val
sub-01,2063,stimulus_2063,3,3,test
sub-01,2064,stimulus_2064,1,0,train
sub-01,2065,stimulus_2065,2,3,train
sub-01,2066,stimulus_2066,0,1,train
sub-01,2067,stimulus_2067,0,2,train
sub-01,2068,stimulus_2068,0,3,train
sub-01,2069,stimulus_2069,0,3,train
sub-01,2070,stimulus_2070,3,1,train
sub-01,2071,stimulus_2071,3,1,train
sub-01,2072,stimulus_2072,3,1,train
sub-01,2073,stimulus_2073,1,3,train
sub-01,2074,stimulus_2074,1,2,test
sub-01,2075,stimulus_2075,2,2,train
sub-01,2076,stimulus_2076,1,2,train
sub-01,2077,stimulus_2077,3,3,train
sub-01,2078,stimulus_2078,3,3,train
sub-01,2079,stimulus_2079,1,0,train
sub-01,2080,stimulus_2080,0,2,train
sub-01,2081,stimulus_2081,0,1,train
sub-01,2082,stimulus_2082,3,1,train
sub-01,2083,stimulus_2083,2,1,train
sub-01,2084,stimulus_2084,1,2,train
sub-01,2085,stimulus_2085,3,3,train
sub-01,2086,stimulus_2086,0,1,train
sub-01,2087,stimulus_2087,2,1,train
sub-01,2088,stimulus_2088,2,2,train
sub-01,2089,stimulus_2089,3,3,train
sub-01,2090,stimulus_2090,1,1,train
sub-01,2091,stimulus_2091,0,3,train
sub-01,2092,stimulus_2092,3,3,val
sub-01,2093,stimulus_2093,2,1,train
sub-01,2094,stimulus_2094,1,1,train
sub-01,2095,stimulus_2095,3,1,train
sub-01,2096,stimulus_2096,3,0,train
sub-01,2097,stimulus_2097,1,3,train
sub-01,2098,stimulus_2098,2,3,train
sub-01,2099,stimulus_2099,2,2,train
sub-01,2100,stimulus_2100,3,2,train
sub-01,2101,stimulus_2101,1,0,train
sub-01,2102,stimulus_2102,3,3,train
sub-01,2103,stimulus_2103,1,3,train
sub-01,2104,stimulus_2104,1,0,train
sub-01,2105,stimulus_2105,1,3,train
sub-01,2106,stimulus_2106,0,0,train
sub-01,2107,stimulus_2107,2,0,train
sub-01,2108,stimulus_2108,2,3,train
sub-01,2109,stimulus_2109,0,1,train
sub-01,2110,stimulus_2110,3,3,train
sub-01,2111,stimulus_2111,0,0,test
sub-01,2112,stimulus_2112,2,1,train
sub-01,2113,stimulus_2113,3,3,train
sub-01,2114,stimulus_2114,3,1,test
sub-01,2115,stimulus_2115,0,2,train
sub-01,2116,stimulus_2116,0,0,train
sub-01,2117,stimulus_2117,3,1,train
sub-01,2118,stimulus_2118,3,1,train
sub-01,2119,stimulus_2119,1,0,train
sub-01,2120,stimulus_2120,0,3,train
sub-01,2121,stimulus_2121,0,3,test
sub-01,2122,stimulus_2122,0,2,val
sub-01,2123,stimulus_2123,0,1,val
sub-01,2124,stimulus_2124,0,3,train
sub-01,2125,stimulus_2125,1,1,train
sub-01,2126,stimulus_2126,1,0,test
sub-01,2127,stimulus_2127,1,0,train
sub-01,2128,stimulus_2128,1,0,test
sub-01,2129,stimulus_2129,1,0,test
sub-01,2130,stimulus_2130,0,1,test
sub-01,2131,stimulus_2131,3,0,train
sub-01,2132,stimulus_2132,1,0,train
sub-01,2133,stimulus_2133,1,0,train
sub-01,2134,stimulus_2134,2,0,train
sub-01,2135,stimulus_2135,0,1,train
sub-01,2136,stimulus_2136,1,0,train
sub-01,2137,stimulus_2137,3,3,train
sub-01,2138,stimulus_2138,3,3,test
sub-01,2139,stimulus_2139,0,1,test
sub-01,2140,stimulus_2140,3,3,train
sub-01,2141,stimulus_2141,0,0,train
sub-01,2142,stimulus_2142,0,0,train
sub-01,2143,stimulus_2143,3,3,val
sub-01,2144,stimulus_2144,0,1,train
sub-01,2145,stimulus_2145,2,1,train
sub-01,2146,stimulus_2146,3,2,train
sub-01,2147,stimulus_2147,0,1,val
sub-01,2148,stimulus_2148,1,2,test
sub-01,2149,stimulus_2149,3,2,train
sub-01,2150,stimulus_2150,3,1,train
sub-01,2151,stimulus_2151,1,1,train
sub-01,2152,stimulus_2152,0,1,train
sub-01,2153,stimulus_2153,0,2,train
sub-01,2154,stimulus_2154,3,2,train
sub-01,2155,stimulus_2155,1,0,train
sub-01,2156,stimulus_2156,1,1,train
sub-01,2157,stimulus_2157,0,1,train
sub-01,2158,stimulus_2158,3,3,train
sub-01,2159,stimulus_2159,0,0,val
sub-01,2160,stimulus_2160,1,0,train
sub-01,2161,stimulus_2161,0,3,train
sub-01,2162,stimulus_2162,0,2,train
sub-01,2163,stimulus_2163,3,0,train
sub-01,2164,stimulus_2164,1,3,train
sub-01,2165,stimulus_2165,1,0,train
sub-01,2166,stimulus_2166,2,1,train
sub-01,2167,stimulus_2167,2,2,train
sub-01,2168,stimulus_2168,0,2,train
sub-01,2169,stimulus_2169,0,0,train
sub-01,2170,stimulus_2170,2,3,train
sub-01,2171,stimulus_2171,2,0,train
sub-01,2172,stimulus_2172,1,0,train
sub-01,2173,stimulus_2173,3,1,train
sub-01,2174,stimulus_2174,0,0,train
sub-01,2175,stimulus_2175,2,1,train
sub-01,2176,stimulus_2176,2,1,train
sub-01,2177,stimulus_2177,0,0,train
sub-01,2178,stimulus_2178,1,2,test
sub-01,2179,stimulus_2179,3,3,train
sub-01,2180,stimulus_2180,1,1,train
sub-01,2181,stimulus_2181,3,2,train
sub-01,2182,stimulus_2182,3,3,train
sub-01,2183,stimulus_2183,0,1,train
sub-01,2184,stimulus_2184,1,1,train
sub-01,2185,stimulus_2185,1,1,train
sub-02,1,stimulus_1,0,1,test
sub-02,2,stimulus_2,1,1,val
sub-02,3,stimulus_3,2,3,train
sub-02,4,stimulus_4,1,0,train
sub-02,5,stimulus_5,0,3,train
sub-02,6,stimulus_6,2,1,train
sub-02,7,stimulus_7,1,0,train
sub-02,8,stimulus_8,3,0,val
sub-02,9,stimulus_9,0,0,train
sub-02,10,stimulus_10,3,3,test
sub-02,11,stimulus_11,3,3,train
sub-02,12,stimulus_12,2,1,val
sub-02,13,stimulus_13,3,3,train
sub-02,14,stimulus_14,2,2,train
sub-02,15,stimulus_15,0,3,train
sub-02,16,stimulus_16,3,3,train
sub-02,17,stimulus_17,3,2,train
sub-02,18,stimulus_18,0,2,train
sub-02,19,stimulus_19,3,2,train
sub-02,20,stimulus_20,2,3,test
sub-02,21,stimulus_21,0,2,train
sub-02,22,stimulus_22,1,3,train
sub-02,23,stimulus_23,3,2,val
sub-02,24,stimulus_24,1,1,train
sub-02,25,stimulus_25,0,1,train
sub-02,26,stimulus_26,3,1,train
sub-02,27,stimulus_27,0,2,train
sub-02,28,stimulus_28,0,1,train
sub-02,29,stimulus_29,3,2,test
sub-02,30,stimulus_30,0,2,train
sub-02,31,stimulus_31,0,2,train
sub-02,32,stimulus_32,2,2,train
sub-02,33,stimulus_33,2,2,train
sub-02,34,stimulus_34,2,2,train
sub-02,35,stimulus_35,3,2,train
sub-02,36,stimulus_36,2,1,train
sub-02,37,stimulus_37,3,3,train
sub-02,38,stimulus_38,2,2,test
sub-02,39,stimulus_39,2,0,train
sub-02,40,stimulus_40,3,1,train
sub-02,41,stimulus_41,3,1,test
sub-02,42,stimulus_42,1,1,train
sub-02,43,stimulus_43,3,2,train
sub-02,44,stimulus_44,2,2,train
sub-02,45,stimulus_45,0,1,train
sub-02,46,stimulus_46,0,1,train
sub-02,47,stimulus_47,1,0,val
sub-02,48,stimulus_48,0,0,test
sub-02,49,stimulus_49,2,0,train
sub-02,50,stimulus_50,2,1,train
sub-02,51,stimulus_51,0,0,test
sub-02,52,stimulus_52,1,1,train
sub-02,53,stimulus_53,1,0,test
sub-02,54,stimulus_54,1,1,train
sub-02,55,stimulus_55,2,3,train
sub-02,56,stimulus_56,1,1,train
sub-02,57,stimulus_57,2,3,train
sub-02,58,stimulus_58,3,3,train
sub-02,59,stimulus_59,0,0,train
sub-02,60,stimulus_60,1,2,train
sub-02,61,stimulus_61,1,0,train
sub-02,62,stimulus_62,0,0,test
sub-02,63,stimulus_63,1,0,test
sub-02,64,stimulus_64,1,0,train
sub-02,65,stimulus_65,1,2,train
sub-02,66,stimulus_66,1,0,train
sub-02,67,stimulus_67,0,0,train
sub-02,68,stimulus_68,1,0,train
sub-02,69,stimulus_69,2,1,train
sub-02,70,stimulus_70,1,0,train
sub-02,71,stimulus_71,0,0,train
sub-02,72,stimulus_72,1,0,train
sub-02,73,stimulus_73,0,1,train
sub-02,74,stimulus_74,3,2,train
sub-02,75,stimulus_75,2,1,train
sub-02,76,stimulus_76,1,1,val
sub-02,77,stimulus_77,1,0,train
sub-02,78,stimulus_78,3,1,train
sub-02,79,stimulus_79,0,0,train
sub-02,80,stimulus_80,1,1,train
sub-02,81,stimulus_81,0,2,train
sub-02,82,stimulus_82,2,1,train
sub-02,83,stimulus_83,3,0,train
sub-02,84,stimulus_84,2,1,train
sub-02,85,stimulus_85,2,1,train
sub-02,86,stimulus_86,1,1,train
sub-02,87,stimulus_87,3,1,train
sub-02,88,stimulus_88,2,1,train
sub-02,89,stimulus_89,0,1,train
sub-02,90,stimulus_90,3,1,train
sub-02,91,stimulus_91,2,1,train
sub-02,92,stimulus_92,2,1,train
sub-02,93,stimulus_93,1,2,train
sub-02,94,stimulus_94,3,0,test
sub-02,95,stimulus_95,0,1,val
sub-02,96,stimulus_96,0,3,train
sub-02,97,stimulus_97,1,2,train
sub-02,98,stimulus_98,3,1,train
sub-02,99,stimulus_99,1,2,val
sub-02,100,stimulus_100,3,3,train
sub-02,101,stimulus_101,3,3,train
sub-02,102,stimulus_102,3,2,train
sub-02,103,stimulus_103,1,0,train
sub-02,104,stimulus_104,0,0,train
sub-02,105,stimulus_105,1,1,train
sub-02,106,stimulus_106,1,0,train
sub-02,107,stimulus_107,0,1,train
sub-02,108,stimulus_108,2,2,train
sub-02,109,stimulus_109,0,2,val
sub-02,110,stimulus_110,3,1,train
sub-02,111,stimulus_111,3,2,train
sub-02,112,stimulus_112,2,3,train
sub-02,113,stimulus_113,3,1,test
sub-02,114,stimulus_114,2,1,train
sub-02,115,stimulus_115,1,2,train
sub-02,116,stimulus_116,3,1,train
sub-02,117,stimulus_117,1,0,train
sub-02,118,stimulus_118,1,1,val
sub-02,119,stimulus_119,0,1,train
sub-02,120,stimulus_120,2,0,train
sub-02,121,stimulus_121,2,1,train
sub-02,122,stimulus_122,1,1,train
sub-02,123,stimulus_123,3,1,test
sub-02,124,stimulus_124,0,0,train
sub-02,125,stimulus_125,3,2,train
sub-02,126,stimulus_126,3,2,train
sub-02,127,stimulus_127,0,3,train
sub-02,128,stimulus_128,0,1,train
sub-02,129,stimulus_129,0,2,train
sub-02,130,stimulus_130,2,2,train
sub-02,131,stimulus_131,2,0,train
sub-02,132,stimulus_132,0,0,train
sub-02,133,stimulus_133,0,0,train
sub-02,134,stimulus_134,1,2,train
sub-02,135,stimulus_135,0,0,train
sub-02,136,stimulus_136,0,0,train
sub-02,137,stimulus_137,0,0,train
sub-02,138,stimulus_138,1,0,val
sub-02,139,stimulus_139,1,1,train
sub-02,140,stimulus_140,2,3,train
sub-02,141,stimulus_141,0,0,train
sub-02,142,stimulus_142,2,0,train
sub-02,143,stimulus_143,1,0,train
sub-02,144,stimulus_144,1,0,test
sub-02,145,stimulus_145,1,3,train
sub-02,146,stimulus_146,3,3,test
sub-02,147,stimulus_147,2,2,train
sub-02,148,stimulus_148,1,3,train
sub-02,149,stimulus_149,3,2,train
sub-02,150,stimulus_150,2,2,test
sub-02,151,stimulus_151,3,2,train
sub-02,152,stimulus_152,3,3,train
sub-02,153,stimulus_153,0,0,train
sub-02,154,stimulus_154,0,0,val
sub-02,155,stimulus_155,1,0,val
sub-02,156,stimulus_156,1,3,train
sub-02,157,stimulus_157,1,3,train
sub-02,158,stimulus_158,0,1,train
sub-02,159,stimulus_159,0,1,train
sub-02,160,stimulus_160,1,2,train
sub-02,161,stimulus_161,3,2,train
sub-02,162,stimulus_162,3,3,train
sub-02,163,stimulus_163,3,3,train
sub-02,164,stimulus_164,3,1,train
sub-02,165,stimulus_165,3,2,train
sub-02,166,stimulus_166,0,2,train
sub-02,167,stimulus_167,3,3,test
sub-02,168,stimulus_168,2,0,train
sub-02,169,stimulus_169,1,1,train
sub-02,170,stimulus_170,0,3,val
sub-02,171,stimulus_171,2,2,train
sub-02,172,stimulus_172,3,1,train
sub-02,173,stimulus_173,2,2,train
sub-02,174,stimulus_174,1,1,train
sub-02,175,stimulus_175,2,3,train
sub-02,176,stimulus_176,3,3,train
sub-02,177,stimulus_177,2,2,val
sub-02,178,stimulus_178,2,0,train
sub-02,179,stimulus_179,1,0,train
sub-02,180,stimulus_180,2,2,train
sub-02,181,stimulus_181,0,1,train
sub-02,182,stimulus_182,3,3,train
sub-02,183,stimulus_183,2,3,train
sub-02,184,stimulus_184,3,3,val
sub-02,185,stimulus_185,2,3,train
sub-02,186,stimulus_186,0,0,train
sub-02,187,stimulus_187,0,0,train
sub-02,188,stimulus_188,3,1,train
sub-02,189,stimulus_189,0,3,train
sub-02,190,stimulus_190,0,2,train
sub-02,191,stimulus_191,3,2,train
sub-02,192,stimulus_192,3,3,train
sub-02,193,stimulus_193,2,1,train
sub-02,194,stimulus_194,2,0,train
sub-02,195,stimulus_195,0,1,train
sub-02,196,stimulus_196,3,2,train
sub-02,197,stimulus_197,0,3,train
sub-02,198,stimulus_198,3,0,train
sub-02,199,stimulus_199,2,2,train
sub-02,200,stimulus_200,2,3,train
sub-02,201,stimulus_201,2,1,val
sub-02,202,stimulus_202,1,3,train
sub-02,203,stimulus_203,1,0,train
sub-02,204,stimulus_204,3,1,train
sub-02,205,stimulus_205,3,3,train
sub-02,206,stimulus_206,3,3,train
sub-02,207,stimulus_207,3,3,test
sub-02,208,stimulus_208,0,1,train
sub-02,209,stimulus_209,1,2,train
sub-02,210,stimulus_210,1,2,train
sub-02,211,stimulus_211,0,1,train
sub-02,212,stimulus_212,1,1,train
sub-02,213,stimulus_213,0,1,train
sub-02,214,stimulus_214,0,0,train
sub-02,215,stimulus_215,3,3,train
sub-02,216,stimulus_216,0,2,train
sub-02,217,stimulus_217,3,3,val
sub-02,218,stimulus_218,0,2,val
sub-02,219,stimulus_219,3,3,train
sub-02,220,stimulus_220,2,3,train
sub-02,221,stimulus_221,1,2,train
sub-02,222,stimulus_222,0,3,train
sub-02,223,stimulus_223,0,3,train
sub-02,224,stimulus_224,2,2,val
sub-02,225,stimulus_225,0,0,train
sub-02,226,stimulus_226,0,0,train
sub-02,227,stimulus_227,2,1,train
sub-02,228,stimulus_228,3,3,test
sub-02,229,stimulus_229,2,3,train
sub-02,230,stimulus_230,3,3,val
sub-02,231,stimulus_231,1,3,train
sub-02,232,stimulus_232,3,3,train
sub-02,233,stimulus_233,1,3,train
sub-02,234,stimulus_234,0,3,train
sub-02,235,stimulus_235,0,1,val
sub-02,236,stimulus_236,0,0,train
sub-02,237,stimulus_237,3,3,train
sub-02,238,stimulus_238,0,3,train
sub-02,239,stimulus_239,1,3,train
sub-02,240,stimulus_240,0,2,train
sub-02,241,stimulus_241,2,1,train
sub-02,242,stimulus_242,1,1,val
sub-02,243,stimulus_243,0,1,train
sub-02,244,stimulus_244,0,1,train
sub-02,245,stimulus_245,2,1,train
sub-02,246,stimulus_246,2,2,train
sub-02,247,stimulus_247,2,1,train
sub-02,248,stimulus_248,2,3,train
sub-02,249,stimulus_249,0,2,train
sub-02,250,stimulus_250,1,1,train
sub-02,251,stimulus_251,3,3,train
sub-02,252,stimulus_252,0,1,train
sub-02,253,stimulus_253,3,3,test
sub-02,254,stimulus_254,1,1,val
sub-02,255,stimulus_255,3,0,train
sub-02,256,stimulus_256,3,3,train
sub-02,257,stimulus_257,2,1,train
sub-02,258,stimulus_258,3,3,val
sub-02,259,stimulus_259,0,3,train
sub-02,260,stimulus_260,3,3,train
sub-02,261,stimulus_261,3,3,train
sub-02,262,stimulus_262,1,3,train
sub-02,263,stimulus_263,2,0,train
sub-02,264,stimulus_264,3,3,test
sub-02,265,stimulus_265,2,1,train
sub-02,266,stimulus_266,0,3,train
sub-02,267,stimulus_267,3,1,train
sub-02,268,stimulus_268,0,0,val
sub-02,269,stimulus_269,0,3,val
sub-02,270,stimulus_270,1,3,train
sub-02,271,stimulus_271,0,3,train
sub-02,272,stimulus_272,1,2,train
sub-02,273,stimulus_273,3,3,train
sub-02,274,stimulus_274,3,0,train
sub-02,275,stimulus_275,3,3,train
sub-02,276,stimulus_276,0,1,train
sub-02,277,stimulus_277,3,2,train
sub-02,278,stimulus_278,0,0,train
sub-02,279,stimulus_279,0,0,val
sub-02,280,stimulus_280,2,3,test
sub-02,281,stimulus_281,2,3,train
sub-02,282,stimulus_282,1,0,train
sub-02,283,stimulus_283,1,2,train
sub-02,284,stimulus_284,2,1,train
sub-02,285,stimulus_285,1,0,test
sub-02,286,stimulus_286,2,2,train
sub-02,287,stimulus_287,2,3,train
sub-02,288,stimulus_288,0,0,train
sub-02,289,stimulus_289,3,3,train
sub-02,290,stimulus_290,2,0,train
sub-02,291,stimulus_291,3,3,train
sub-02,292,stimulus_292,3,2,train
sub-02,293,stimulus_293,3,2,train
sub-02,294,stimulus_294,2,2,test
sub-02,295,stimulus_295,3,3,train
sub-02,296,stimulus_296,3,1,train
sub-02,297,stimulus_297,3,1,train
sub-02,298,stimulus_298,2,0,train
sub-02,299,stimulus_299,0,0,train
sub-02,300,stimulus_300,1,0,train
sub-02,301,stimulus_301,3,1,train
sub-02,302,stimulus_302,2,3,train
sub-02,303,stimulus_303,2,1,train
sub-02,304,stimulus_304,3,1,train
sub-02,305,stimulus_305,2,0,train
sub-02,306,stimulus_306,0,0,train
sub-02,307,stimulus_307,3,2,train
sub-02,308,stimulus_308,0,3,train
sub-02,309,stimulus_309,2,3,train
sub-02,310,stimulus_310,2,2,train
sub-02,311,stimulus_311,2,2,train
sub-02,312,stimulus_312,0,2,train
sub-02,313,stimulus_313,1,2,train
sub-02,314,stimulus_314,2,2,train
sub-02,315,stimulus_315,3,1,train
sub-02,316,stimulus_316,0,3,train
sub-02,317,stimulus_317,3,3,train
sub-02,318,stimulus_318,1,2,val
sub-02,319,stimulus_319,3,1,train
sub-02,320,stimulus_320,3,3,train
sub-02,321,stimulus_321,3,3,val
sub-02,322,stimulus_322,3,2,train
sub-02,323,stimulus_323,3,2,train
sub-02,324,stimulus_324,1,3,train
sub-02,325,stimulus_325,3,3,train
sub-02,326,stimulus_326,1,0,train
sub-02,327,stimulus_327,2,3,train
sub-02,328,stimulus_328,3,3,train
sub-02,329,stimulus_329,0,2,train
sub-02,330,stimulus_330,2,3,train
sub-02,331,stimulus_331,3,2,val
sub-02,332,stimulus_332,0,2,train
sub-02,333,stimulus_333,1,1,train
sub-02,334,stimulus_334,1,1,train
sub-02,335,stimulus_335,0,0,train
sub-02,336,stimulus_336,2,3,test
sub-02,337,stimulus_337,3,3,val
sub-02,338,stimulus_338,1,3,train
sub-02,339,stimulus_339,3,0,val
sub-02,340,stimulus_340,1,0,train
sub-02,341,stimulus_341,1,1,train
sub-02,342,stimulus_342,2,2,train
sub-02,343,stimulus_343,2,1,train
sub-02,344,stimulus_344,3,0,train
sub-02,345,stimulus_345,0,1,train
sub-02,346,stimulus_346,2,1,val
sub-02,347,stimulus_347,2,3,train
sub-02,348,stimulus_348,3,0,train
sub-02,349,stimulus_349,2,3,train
sub-02,350,stimulus_350,1,0,test
sub-02,351,stimulus_351,1,0,train
sub-02,352,stimulus_352,0,1,train
sub-02,353,stimulus_353,3,3,train
sub-02,354,stimulus_354,3,0,train
sub-02,355,stimulus_355,0,3,train
sub-02,356,stimulus_356,3,2,train
sub-02,357,stimulus_357,2,2,train
sub-02,358,stimulus_358,3,3,train
sub-02,359,stimulus_359,1,2,train
sub-02,360,stimulus_360,2,0,train
sub-02,361,stimulus_361,2,0,train
sub-02,362,stimulus_362,3,2,train
sub-02,363,stimulus_363,0,1,train
sub-02,364,stimulus_364,0,2,train
sub-02,365,stimulus_365,3,2,train
sub-02,366,stimulus_366,3,2,train
sub-02,367,stimulus_367,1,1,train
sub-02,368,stimulus_368,2,0,train
sub-02,369,stimulus_369,2,1,train
sub-02,370,stimulus_370,1,2,train
sub-02,371,stimulus_371,1,0,train
sub-02,372,stimulus_372,1,2,train
sub-02,373,stimulus_373,1,1,val
sub-02,374,stimulus_374,0,1,val
sub-02,375,stimulus_375,1,3,train
sub-02,376,stimulus_376,1,1,train
sub-02,377,stimulus_377,0,2,train
sub-02,378,stimulus_378,1,0,train
sub-02,379,stimulus_379,0,1,test
sub-02,380,stimulus_380,3,3,train
sub-02,381,stimulus_381,3,2,train
sub-02,382,stimulus_382,1,0,train
sub-02,383,stimulus_383,0,1,train
sub-02,384,stimulus_384,0,1,train
sub-02,385,stimulus_385,1,3,val
sub-02,386,stimulus_386,2,0,train
sub-02,387,stimulus_387,0,1,test
sub-02,388,stimulus_388,3,2,train
sub-02,389,stimulus_389,0,3,test
sub-02,390,stimulus_390,1,0,train
sub-02,391,stimulus_391,3,3,train
sub-02,392,stimulus_392,3,2,train
sub-02,393,stimulus_393,0,0,train
sub-02,394,stimulus_394,2,1,train
sub-02,395,stimulus_395,1,3,train
sub-02,396,stimulus_396,3,1,test
sub-02,397,stimulus_397,2,0,train
sub-02,398,stimulus_398,1,0,test
sub-02,399,stimulus_399,2,0,train
sub-02,400,stimulus_400,3,2,test
sub-02,401,stimulus_401,1,1,train
sub-02,402,stimulus_402,2,1,train
sub-02,403,stimulus_403,3,0,val
sub-02,404,stimulus_404,2,1,train
sub-02,405,stimulus_405,3,0,test
sub-02,406,stimulus_406,0,0,train
sub-02,407,stimulus_407,2,0,train
sub-02,408,stimulus_408,1,1,train
sub-02,409,stimulus_409,3,3,train
sub-02,410,stimulus_410,3,0,train
sub-02,411,stimulus_411,3,3,train
sub-02,412,stimulus_412,2,1,train
sub-02,413,stimulus_413,3,0,train
sub-02,414,stimulus_414,0,0,train
sub-02,415,stimulus_415,2,0,train
sub-02,416,stimulus_416,2,1,train
sub-02,417,stimulus_417,0,3,train
sub-02,418,stimulus_418,3,0,train
sub-02,419,stimulus_419,1,3,val
sub-02,420,stimulus_420,3,2,train
sub-02,421,stimulus_421,3,0,train
sub-02,422,stimulus_422,0,3,train
sub-02,423,stimulus_423,0,1,train
sub-02,424,stimulus_424,1,1,train
sub-02,425,stimulus_425,3,2,train
sub-02,426,stimulus_426,3,3,train
sub-02,427,stimulus_427,2,1,train
sub-02,428,stimulus_428,1,2,train
sub-02,429,stimulus_429,3,3,train
sub-02,430,stimulus_430,2,3,train
sub-02,431,stimulus_431,3,3,train
sub-02,432,stimulus_432,3,3,val
sub-02,433,stimulus_433,2,3,train
sub-02,434,stimulus_434,0,1,train
sub-02,435,stimulus_435,0,2,val
sub-02,436,stimulus_436,0,2,train
sub-02,437,stimulus_437,0,2,train
sub-02,438,stimulus_438,3,0,test
sub-02,439,stimulus_439,0,1,train
sub-02,440,stimulus_440,1,0,train
sub-02,441,stimulus_441,0,0,train
sub-02,442,stimulus_442,1,3,train
sub-02,443,stimulus_443,0,2,train
sub-02,444,stimulus_444,0,1,train
sub-02,445,stimulus_445,3,3,test
sub-02,446,stimulus_446,3,1,train
sub-02,447,stimulus_447,2,2,train
sub-02,448,stimulus_448,1,3,train
sub-02,449,stimulus_449,2,2,test
sub-02,450,stimulus_450,0,2,train
sub-02,451,stimulus_451,0,3,train
sub-02,452,stimulus_452,3,3,train
sub-02,453,stimulus_453,1,0,val
sub-02,454,stimulus_454,3,2,train
sub-02,455,stimulus_455,1,0,test
sub-02,456,stimulus_456,2,2,train
sub-02,457,stimulus_457,1,1,test
sub-02,458,stimulus_458,3,3,train
sub-02,459,stimulus_459,1,2,train
sub-02,460,stimulus_460,0,3,train
sub-02,461,stimulus_461,0,3,test
sub-02,462,stimulus_462,3,2,train
sub-02,463,stimulus_463,2,1,train
sub-02,464,stimulus_464,0,0,train
sub-02,465,stimulus_465,3,3,train
sub-02,466,stimulus_466,0,1,train
sub-02,467,stimulus_467,2,2,train
sub-02,468,stimulus_468,2,1,train
sub-02,469,stimulus_469,2,3,train
sub-02,470,stimulus_470,1,1,train
sub-02,471,stimulus_471,2,1,val
sub-02,472,stimulus_472,3,2,train
sub-02,473,stimulus_473,2,2,test
sub-02,474,stimulus_474,0,3,train
sub-02,475,stimulus_475,1,2,test
sub-02,476,stimulus_476,2,3,val
sub-02,477,stimulus_477,1,1,val
sub-02,478,stimulus_478,2,3,train
sub-02,479,stimulus_479,3,1,train
sub-02,480,stimulus_480,3,3,train
sub-02,481,stimulus_481,0,2,train
sub-02,482,stimulus_482,0,2,train
sub-02,483,stimulus_483,3,1,train
sub-02,484,stimulus_484,1,1,train
sub-02,485,stimulus_485,1,1,train
sub-02,486,stimulus_486,1,1,train
sub-02,487,stimulus_487,2,3,train
sub-02,488,stimulus_488,1,0,test
sub-02,489,stimulus_489,0,3,val
sub-02,490,stimulus_490,0,1,val
sub-02,491,stimulus_491,2,1,train
sub-02,492,stimulus_492,0,0,test
sub-02,493,stimulus_493,2,1,test
sub-02,494,stimulus_494,0,1,train
sub-02,495,stimulus_495,0,0,train
sub-02,496,stimulus_496,1,2,train
sub-02,497,stimulus_497,1,1,train
sub-02,498,stimulus_498,1,1,train
sub-02,499,stimulus_499,1,2,train
sub-02,500,stimulus_500,1,3,train
sub-02,501,stimulus_501,3,3,train
sub-02,502,stimulus_502,1,1,test
sub-02,503,stimulus_503,2,3,train
sub-02,504,stimulus_504,1,3,train
sub-02,505,stimulus_505,1,1,val
sub-02,506,stimulus_506,2,3,train
sub-02,507,stimulus_507,3,1,train
sub-02,508,stimulus_508,1,0,train
sub-02,509,stimulus_509,1,2,train
sub-02,510,stimulus_510,1,0,val
sub-02,511,stimulus_511,3,3,val
sub-02,512,stimulus_512,0,0,test
sub-02,513,stimulus_513,0,0,train
sub-02,514,stimulus_514,0,0,train
sub-02,515,stimulus_515,3,1,train
sub-02,516,stimulus_516,3,3,train
sub-02,517,stimulus_517,1,3,train
sub-02,518,stimulus_518,3,0,val
sub-02,519,stimulus_519,3,0,train
sub-02,520,stimulus_520,2,1,train
sub-02,521,stimulus_521,3,1,train
sub-02,522,stimulus_522,0,3,train
sub-02,523,stimulus_523,1,0,train
sub-02,524,stimulus_524,0,3,train
sub-02,525,stimulus_525,2,1,test
sub-02,526,stimulus_526,2,2,train
sub-02,527,stimulus_527,2,0,train
sub-02,528,stimulus_528,3,0,train
sub-02,529,stimulus_529,0,0,train
sub-02,530,stimulus_530,3,2,train
sub-02,531,stimulus_531,3,2,train
sub-02,532,stimulus_532,0,0,train
sub-02,533,stimulus_533,1,3,train
sub-02,534,stimulus_534,3,3,train
sub-02,535,stimulus_535,3,1,train
sub-02,536,stimulus_536,0,3,train
sub-02,537,stimulus_537,2,2,train
sub-02,538,stimulus_538,2,2,test
sub-02,539,stimulus_539,3,3,train
sub-02,540,stimulus_540,3,3,test
sub-02,541,stimulus_541,2,1,val
sub-02,542,stimulus_542,2,0,train
sub-02,543,stimulus_543,3,1,train
sub-02,544,stimulus_544,1,2,train
sub-02,545,stimulus_545,2,1,train
sub-02,546,stimulus_546,2,3,train
sub-02,547,stimulus_547,0,1,train
sub-02,548,stimulus_548,0,1,train
sub-02,549,stimulus_549,2,1,train
sub-02,550,stimulus_550,2,3,train
sub-02,551,stimulus_551,0,0,train
sub-02,552,stimulus_552,1,0,train
sub-02,553,stimulus_553,3,2,train
sub-02,554,stimulus_554,0,0,train
sub-02,555,stimulus_555,3,3,train
sub-02,556,stimulus_556,1,0,train
sub-02,557,stimulus_557,1,1,train
sub-02,558,stimulus_558,0,3,train
sub-02,559,stimulus_559,1,1,train
sub-02,560,stimulus_560,3,2,train
sub-02,561,stimulus_561,3,2,train
sub-02,562,stimulus_562,2,1,train
sub-02,563,stimulus_563,0,0,test
sub-02,564,stimulus_564,0,0,test
sub-02,565,stimulus_565,0,1,train
sub-02,566,stimulus_566,0,2,test
sub-02,567,stimulus_567,2,3,train
sub-02,568,stimulus_568,1,3,train
sub-02,569,stimulus_569,1,0,train
sub-02,570,stimulus_570,3,3,train
sub-02,571,stimulus_571,3,1,train
sub-02,572,stimulus_572,1,2,train
sub-02,573,stimulus_573,3,1,train
sub-02,574,stimulus_574,3,3,train
sub-02,575,stimulus_575,1,2,train
sub-02,576,stimulus_576,3,3,train
sub-02,577,stimulus_577,3,0,train
sub-02,578,stimulus_578,2,1,train
sub-02,579,stimulus_579,3,2,train
sub-02,580,stimulus_580,2,1,train
sub-02,581,stimulus_581,2,0,train
sub-02,582,stimulus_582,1,0,train
sub-02,583,stimulus_583,1,1,train
sub-02,584,stimulus_584,3,0,train
sub-02,585,stimulus_585,1,1,train
sub-02,586,stimulus_586,1,0,train
sub-02,587,stimulus_587,2,1,val
sub-02,588,stimulus_588,0,1,train
sub-02,589,stimulus_589,1,3,train
sub-02,590,stimulus_590,3,0,train
sub-02,591,stimulus_591,3,1,train
sub-02,592,stimulus_592,2,1,train
sub-02,593,stimulus_593,3,2,train
sub-02,594,stimulus_594,1,1,train
sub-02,595,stimulus_595,0,3,train
sub-02,596,stimulus_596,0,0,train
sub-02,597,stimulus_597,3,3,train
sub-02,598,stimulus_598,1,3,train
sub-02,599,stimulus_599,1,3,train
sub-02,600,stimulus_600,1,0,train
sub-02,601,stimulus_601,1,1,train
sub-02,602,stimulus_602,1,1,train
sub-02,603,stimulus_603,1,3,train
sub-02,604,stimulus_604,0,3,train
sub-02,605,stimulus_605,3,1,test
sub-02,606,stimulus_606,0,3,train
sub-02,607,stimulus_607,1,1,test
sub-02,608,stimulus_608,1,2,train
sub-02,609,stimulus_609,3,3,train
sub-02,610,stimulus_610,1,0,train
sub-02,611,stimulus_611,0,2,train
sub-02,612,stimulus_612,2,3,train
sub-02,613,stimulus_613,2,2,val
sub-02,614,stimulus_614,1,2,train
sub-02,615,stimulus_615,0,1,train
sub-02,616,stimulus_616,3,2,train
sub-02,617,stimulus_617,3,1,train
sub-02,618,stimulus_618,3,1,train
sub-02,619,stimulus_619,2,2,train
sub-02,620,stimulus_620,2,0,train
sub-02,621,stimulus_621,2,2,train
sub-02,622,stimulus_622,2,0,train
sub-02,623,stimulus_623,1,1,train
sub-02,624,stimulus_624,1,1,test
sub-02,625,stimulus_625,3,1,train
sub-02,626,stimulus_626,2,3,val
sub-02,627,stimulus_627,3,3,train
sub-02,628,stimulus_628,3,0,train
sub-02,629,stimulus_629,1,1,train
sub-02,630,stimulus_630,3,3,train
sub-02,631,stimulus_631,2,1,train
sub-02,632,stimulus_632,0,1,train
sub-02,633,stimulus_633,1,1,train
sub-02,634,stimulus_634,0,2,train
sub-02,635,stimulus_635,3,1,train
sub-02,636,stimulus_636,2,0,test
sub-02,637,stimulus_637,3,2,train
sub-02,638,stimulus_638,3,2,train
sub-02,639,stimulus_639,2,1,train
sub-02,640,stimulus_640,3,1,train
sub-02,641,stimulus_641,3,3,val
sub-02,642,stimulus_642,2,3,val
sub-02,643,stimulus_643,0,1,train
sub-02,644,stimulus_644,0,0,train
sub-02,645,stimulus_645,3,3,val
sub-02,646,stimulus_646,0,3,train
sub-02,647,stimulus_647,0,3,val
sub-02,648,stimulus_648,2,3,train
sub-02,649,stimulus_649,2,3,test
sub-02,650,stimulus_650,2,1,train
sub-02,651,stimulus_651,2,2,train
sub-02,652,stimulus_652,0,0,train
sub-02,653,stimulus_653,2,2,test
sub-02,654,stimulus_654,2,1,train
sub-02,655,stimulus_655,2,3,train
sub-02,656,stimulus_656,2,2,test
sub-02,657,stimulus_657,2,1,test
sub-02,658,stimulus_658,1,0,train
sub-02,659,stimulus_659,2,1,train
sub-02,660,stimulus_660,3,2,train
sub-02,661,stimulus_661,1,1,train
sub-02,662,stimulus_662,3,3,train
sub-02,663,stimulus_663,2,2,train
sub-02,664,stimulus_664,1,1,val
sub-02,665,stimulus_665,1,0,train
sub-02,666,stimulus_666,3,2,train
sub-02,667,stimulus_667,0,0,val
sub-02,668,stimulus_668,0,0,val
sub-02,669,stimulus_669,2,2,train
sub-02,670,stimulus_670,3,1,train
sub-02,671,stimulus_671,2,0,train
sub-02,672,stimulus_672,2,2,val
sub-02,673,stimulus_673,0,0,train
sub-02,674,stimulus_674,0,3,train
sub-02,675,stimulus_675,2,3,train
sub-02,676,stimulus_676,3,3,train
sub-02,677,stimulus_677,1,2,test
sub-02,678,stimulus_678,3,2,train
sub-02,679,stimulus_679,1,0,train
sub-02,680,stimulus_680,3,2,train
sub-02,681,stimulus_681,0,1,train
sub-02,682,stimulus_682,3,1,test
sub-02,683,stimulus_683,3,2,train
sub-02,684,stimulus_684,1,2,train
sub-02,685,stimulus_685,2,2,train
sub-02,686,stimulus_686,1,3,train
sub-02,687,stimulus_687,1,1,train
sub-02,688,stimulus_688,3,3,test
sub-02,689,stimulus_689,2,1,train
sub-02,690,stimulus_690,0,3,train
sub-02,691,stimulus_691,2,0,train
sub-02,692,stimulus_692,1,0,train
sub-02,693,stimulus_693,0,0,train
sub-02,694,stimulus_694,1,0,train
sub-02,695,stimulus_695,1,0,train
sub-02,696,stimulus_696,1,0,train
sub-02,697,stimulus_697,1,0,train
sub-02,698,stimulus_698,0,3,train
sub-02,699,stimulus_699,0,2,train
sub-02,700,stimulus_700,1,0,train
sub-02,701,stimulus_701,2,3,train
sub-02,702,stimulus_702,3,1,train
sub-02,703,stimulus_703,1,0,train
sub-02,704,stimulus_704,2,0,val
sub-02,705,stimulus_705,2,1,train
sub-02,706,stimulus_706,0,3,train
sub-02,707,stimulus_707,0,0,train
sub-02,708,stimulus_708,3,2,train
sub-02,709,stimulus_709,2,3,val
sub-02,710,stimulus_710,2,0,val
sub-02,711,stimulus_711,2,1,train
sub-02,712,stimulus_712,3,3,train
sub-02,713,stimulus_713,0,0,train
sub-02,714,stimulus_714,2,1,val
sub-02,715,stimulus_715,3,0,train
sub-02,716,stimulus_716,1,0,train
sub-02,717,stimulus_717,0,1,train
sub-02,718,stimulus_718,2,0,test
sub-02,719,stimulus_719,0,3,train
sub-02,720,stimulus_720,0,1,train
sub-02,721,stimulus_721,2,2,train
sub-02,722,stimulus_722,1,2,train
sub-02,723,stimulus_723,1,0,train
sub-02,724,stimulus_724,0,2,train
sub-02,725,stimulus_725,3,1,train
sub-02,726,stimulus_726,1,0,train
sub-02,727,stimulus_727,0,1,train
sub-02,728,stimulus_728,2,0,train
sub-02,729,stimulus_729,1,0,test
sub-02,730,stimulus_730,0,2,train
sub-02,731,stimulus_731,1,2,train
sub-02,732,stimulus_732,2,3,val
sub-02,733,stimulus_733,1,1,train
sub-02,734,stimulus_734,1,2,train
sub-02,735,stimulus_735,1,0,train
sub-02,736,stimulus_736,0,2,train
sub-02,737,stimulus_737,2,1,train
sub-02,738,stimulus_738,1,2,train
sub-02,739,stimulus_739,3,2,train
sub-02,740,stimulus_740,1,0,val
sub-02,741,stimulus_741,1,1,test
sub-02,742,stimulus_742,2,2,train
sub-02,743,stimulus_743,3,0,train
sub-02,744,stimulus_744,0,2,train
sub-02,745,stimulus_745,3,3,train
sub-02,746,stimulus_746,0,1,train
sub-02,747,stimulus_747,1,0,train
sub-02,748,stimulus_748,1,0,val
sub-02,749,stimulus_749,3,3,train
sub-02,750,stimulus_750,0,3,val
sub-02,751,stimulus_751,3,1,test
sub-02,752,stimulus_752,1,0,train
sub-02,753,stimulus_753,3,3,train
sub-02,754,stimulus_754,1,2,val
sub-02,755,stimulus_755,2,2,train
sub-02,756,stimulus_756,0,1,train
sub-02,757,stimulus_757,3,1,train
sub-02,758,stimulus_758,1,0,train
sub-02,759,stimulus_759,0,1,val
sub-02,760,stimulus_760,0,2,train
sub-02,761,stimulus_761,1,2,val
sub-02,762,stimulus_762,3,2,train
sub-02,763,stimulus_763,2,0,train
sub-02,764,stimulus_764,1,3,train
sub-02,765,stimulus_765,1,2,train
sub-02,766,stimulus_766,3,2,train
sub-02,767,stimulus_767,0,1,test
sub-02,768,stimulus_768,0,1,train
sub-02,769,stimulus_769,3,1,test
sub-02,770,stimulus_770,1,1,val
sub-02,771,stimulus_771,3,1,train
sub-02,772,stimulus_772,3,3,train
sub-02,773,stimulus_773,3,1,train
sub-02,774,stimulus_774,2,3,test
sub-02,775,stimulus_775,3,2,train
sub-02,776,stimulus_776,0,3,val
sub-02,777,stimulus_777,0,3,train
sub-02,778,stimulus_778,0,1,train
sub-02,779,stimulus_779,3,0,train
sub-02,780,stimulus_780,3,1,train
sub-02,781,stimulus_781,0,0,train
sub-02,782,stimulus_782,1,3,train
sub-02,783,stimulus_783,1,1,train
sub-02,784,stimulus_784,2,1,val
sub-02,785,stimulus_785,2,3,train
sub-02,786,stimulus_786,3,0,train
sub-02,787,stimulus_787,1,1,train
sub-02,788,stimulus_788,3,3,train
sub-02,789,stimulus_789,3,2,train
sub-02,790,stimulus_790,0,3,train
sub-02,791,stimulus_791,1,0,val
sub-02,792,stimulus_792,0,2,train
sub-02,793,stimulus_793,1,0,train
sub-02,794,stimulus_794,2,1,train
sub-02,795,stimulus_795,3,1,train
sub-02,796,stimulus_796,2,3,train
sub-02,797,stimulus_797,1,1,train
sub-02,798,stimulus_798,3,3,val
sub-02,799,stimulus_799,3,2,train
sub-02,800,stimulus_800,3,1,train
sub-02,801,stimulus_801,2,2,test
sub-02,802,stimulus_802,2,2,val
sub-02,803,stimulus_803,0,0,train
sub-02,804,stimulus_804,0,0,train
sub-02,805,stimulus_805,1,1,val
sub-02,806,stimulus_806,1,0,val
sub-02,807,stimulus_807,2,1,train
sub-02,808,stimulus_808,0,3,train
sub-02,809,stimulus_809,0,0,train
sub-02,810,stimulus_810,1,0,train
sub-02,811,stimulus_811,0,2,train
sub-02,812,stimulus_812,1,2,train
sub-02,813,stimulus_813,0,2,train
sub-02,814,stimulus_814,1,2,train
sub-02,815,stimulus_815,1,0,train
sub-02,816,stimulus_816,1,2,test
sub-02,817,stimulus_817,2,3,train
sub-02,818,stimulus_818,1,0,train
sub-02,819,stimulus_819,1,3,train
sub-02,820,stimulus_820,3,3,train
sub-02,821,stimulus_821,0,0,train
sub-02,822,stimulus_822,2,3,train
sub-02,823,stimulus_823,1,1,train
sub-02,824,stimulus_824,1,2,test
sub-02,825,stimulus_825,2,3,train
sub-02,826,stimulus_826,0,0,val
sub-02,827,stimulus_827,0,2,val
sub-02,828,stimulus_828,3,3,train
sub-02,829,stimulus_829,0,1,train
sub-02,830,stimulus_830,3,2,train
sub-02,831,stimulus_831,1,2,val
sub-02,832,stimulus_832,3,3,train
sub-02,833,stimulus_833,2,3,train
sub-02,834,stimulus_834,0,2,test
sub-02,835,stimulus_835,1,2,train
sub-02,836,stimulus_836,0,0,test
sub-02,837,stimulus_837,2,2,train
sub-02,838,stimulus_838,3,3,val
sub-02,839,stimulus_839,0,1,train
sub-02,840,stimulus_840,3,3,train
sub-02,841,stimulus_841,0,0,train
sub-02,842,stimulus_842,3,3,train
sub-02,843,stimulus_843,1,2,train
sub-02,844,stimulus_844,1,2,train
sub-02,845,stimulus_845,0,3,train
sub-02,846,stimulus_846,1,2,train
sub-02,847,stimulus_847,2,2,train
sub-02,848,stimulus_848,3,1,train
sub-02,849,stimulus_849,0,0,test
sub-02,850,stimulus_850,0,0,train
sub-02,851,stimulus_851,2,2,train
sub-02,852,stimulus_852,2,3,train
sub-02,853,stimulus_853,1,1,val
sub-02,854,stimulus_854,1,1,test
sub-02,855,stimulus_855,0,1,test
sub-02,856,stimulus_856,0,2,train
sub-02,857,stimulus_857,0,0,train
sub-02,858,stimulus_858,3,1,train
sub-02,859,stimulus_859,3,1,train
sub-02,860,stimulus_860,1,0,train
sub-02,861,stimulus_861,0,2,test
sub-02,862,stimulus_862,2,2,train
sub-02,863,stimulus_863,0,0,train
sub-02,864,stimulus_864,2,0,train
sub-02,865,stimulus_865,0,2,train
sub-02,866,stimulus_866,0,3,train
sub-02,867,stimulus_867,1,0,train
sub-02,868,stimulus_868,3,1,train
sub-02,869,stimulus_869,0,3,train
sub-02,870,stimulus_870,2,0,train
sub-02,871,stimulus_871,1,3,val
sub-02,872,stimulus_872,1,0,train
sub-02,873,stimulus_873,1,0,train
sub-02,874,stimulus_874,0,1,train
sub-02,875,stimulus_875,2,3,train
sub-02,876,stimulus_876,0,0,train
sub-02,877,stimulus_877,0,0,train
sub-02,878,stimulus_878,2,1,train
sub-02,879,stimulus_879,2,2,test
sub-02,880,stimulus_880,3,0,train
sub-02,881,stimulus_881,1,1,train
sub-02,882,stimulus_882,1,1,train
sub-02,883,stimulus_883,2,2,val
sub-02,884,stimulus_884,3,1,train
sub-02,885,stimulus_885,1,2,val
sub-02,886,stimulus_886,0,2,test
sub-02,887,stimulus_887,0,3,train
sub-02,888,stimulus_888,0,0,train
sub-02,889,stimulus_889,0,2,train
sub-02,890,stimulus_890,1,3,train
sub-02,891,stimulus_891,2,0,val
sub-02,892,stimulus_892,3,2,train
sub-02,893,stimulus_893,2,1,train
sub-02,894,stimulus_894,3,2,train
sub-02,895,stimulus_895,1,2,train
sub-02,896,stimulus_896,3,2,val
sub-02,897,stimulus_897,3,3,test
sub-02,898,stimulus_898,3,1,train
sub-02,899,stimulus_899,3,3,train
sub-02,900,stimulus_900,1,3,train
sub-02,901,stimulus_901,1,1,train
sub-02,902,stimulus_902,2,0,train
sub-02,903,stimulus_903,2,1,val
sub-02,904,stimulus_904,3,0,train
sub-02,905,stimulus_905,0,1,train
sub-02,906,stimulus_906,3,2,train
sub-02,907,stimulus_907,1,1,train
sub-02,908,stimulus_908,1,2,train
sub-02,909,stimulus_909,0,0,test
sub-02,910,stimulus_910,1,0,train
sub-02,911,stimulus_911,0,0,train
sub-02,912,stimulus_912,2,0,train
sub-02,913,stimulus_913,1,1,val
sub-02,914,stimulus_914,0,1,train
sub-02,915,stimulus_915,3,3,train
sub-02,916,stimulus_916,3,3,train
sub-02,917,stimulus_917,1,0,train
sub-02,918,stimulus_918,3,2,train
sub-02,919,stimulus_919,3,3,val
sub-02,920,stimulus_920,3,3,test
sub-02,921,stimulus_921,3,3,val
sub-02,922,stimulus_922,2,2,train
sub-02,923,stimulus_923,3,3,train
sub-02,924,stimulus_924,1,0,train
sub-02,925,stimulus_925,0,2,test
sub-02,926,stimulus_926,0,0,train
sub-02,927,stimulus_927,3,1,train
sub-02,928,stimulus_928,2,0,test
sub-02,929,stimulus_929,0,1,train
sub-02,930,stimulus_930,2,3,train
sub-02,931,stimulus_931,3,2,train
sub-02,932,stimulus_932,3,3,train
sub-02,933,stimulus_933,2,3,train
sub-02,934,stimulus_934,3,1,val
sub-02,935,stimulus_935,0,3,train
sub-02,936,stimulus_936,3,2,train
sub-02,937,stimulus_937,0,1,train
sub-02,938,stimulus_938,1,1,train
sub-02,939,stimulus_939,1,0,train
sub-02,940,stimulus_940,0,1,train
sub-02,941,stimulus_941,1,3,train
sub-02,942,stimulus_942,2,3,train
sub-02,943,stimulus_943,3,0,train
sub-02,944,stimulus_944,3,3,train
sub-02,945,stimulus_945,2,2,train
sub-02,946,stimulus_946,2,3,train
sub-02,947,stimulus_947,1,3,train
sub-02,948,stimulus_948,0,2,train
sub-02,949,stimulus_949,1,3,train
sub-02,950,stimulus_950,1,2,train
sub-02,951,stimulus_951,1,1,train
sub-02,952,stimulus_952,1,2,train
sub-02,953,stimulus_953,2,0,train
sub-02,954,stimulus_954,3,2,val
sub-02,955,stimulus_955,0,0,val
sub-02,956,stimulus_956,0,0,train
sub-02,957,stimulus_957,2,1,test
sub-02,958,stimulus_958,0,1,test
sub-02,959,stimulus_959,1,1,train
sub-02,960,stimulus_960,3,2,test
sub-02,961,stimulus_961,3,3,train
sub-02,962,stimulus_962,0,3,train
sub-02,963,stimulus_963,3,3,train
sub-02,964,stimulus_964,3,3,train
sub-02,965,stimulus_965,0,3,train
sub-02,966,stimulus_966,3,1,train
sub-02,967,stimulus_967,3,1,train
sub-02,968,stimulus_968,0,0,test
sub-02,969,stimulus_969,2,2,train
sub-02,970,stimulus_970,2,3,train
sub-02,971,stimulus_971,0,3,test
sub-02,972,stimulus_972,3,3,train
sub-02,973,stimulus_973,0,3,train
sub-02,974,stimulus_974,2,3,train
sub-02,975,stimulus_975,0,0,train
sub-02,976,stimulus_976,1,3,test
sub-02,977,stimulus_977,0,2,train
sub-02,978,stimulus_978,3,1,test
sub-02,979,stimulus_979,1,1,train
sub-02,980,stimulus_980,3,3,train
sub-02,981,stimulus_981,3,2,test
sub-02,982,stimulus_982,3,3,val
sub-02,983,stimulus_983,2,2,train
sub-02,984,stimulus_984,2,2,train
sub-02,985,stimulus_985,1,3,train
sub-02,986,stimulus_986,1,3,train
sub-02,987,stimulus_987,2,1,train
sub-02,988,stimulus_988,1,1,train
sub-02,989,stimulus_989,0,0,train
sub-02,990,stimulus_990,1,2,val
sub-02,991,stimulus_991,0,0,train
sub-02,992,stimulus_992,3,3,train
sub-02,993,stimulus_993,3,2,train
sub-02,994,stimulus_994,0,1,train
sub-02,995,stimulus_995,2,0,train
sub-02,996,stimulus_996,3,3,val
sub-02,997,stimulus_997,3,3,val
sub-02,998,stimulus_998,2,0,train
sub-02,999,stimulus_999,0,0,train
sub-02,1000,stimulus_1000,3,2,train
sub-02,1001,stimulus_1001,0,1,train
sub-02,1002,stimulus_1002,3,2,train
sub-02,1003,stimulus_1003,2,0,train
sub-02,1004,stimulus_1004,0,0,train
sub-02,1005,stimulus_1005,3,1,train
sub-02,1006,stimulus_1006,2,1,train
sub-02,1007,stimulus_1007,3,3,train
sub-02,1008,stimulus_1008,3,3,train
sub-02,1009,stimulus_1009,3,2,train
sub-02,1010,stimulus_1010,1,0,train
sub-02,1011,stimulus_1011,2,2,train
sub-02,1012,stimulus_1012,3,2,val
sub-02,1013,stimulus_1013,2,1,train
sub-02,1014,stimulus_1014,0,3,train
sub-02,1015,stimulus_1015,0,1,train
sub-02,1016,stimulus_1016,3,0,train
sub-02,1017,stimulus_1017,1,1,val
sub-02,1018,stimulus_1018,3,0,train
sub-02,1019,stimulus_1019,0,1,train
sub-02,1020,stimulus_1020,1,3,test
sub-02,1021,stimulus_1021,0,1,val
sub-02,1022,stimulus_1022,2,0,train
sub-02,1023,stimulus_1023,2,1,train
sub-02,1024,stimulus_1024,1,0,train
sub-02,1025,stimulus_1025,3,1,test
sub-02,1026,stimulus_1026,0,2,train
sub-02,1027,stimulus_1027,1,1,train
sub-02,1028,stimulus_1028,1,1,train
sub-02,1029,stimulus_1029,3,1,test
sub-02,1030,stimulus_1030,2,1,train
sub-02,1031,stimulus_1031,3,1,train
sub-02,1032,stimulus_1032,3,2,val
sub-02,1033,stimulus_1033,2,1,train
sub-02,1034,stimulus_1034,3,2,train
sub-02,1035,stimulus_1035,1,1,train
sub-02,1036,stimulus_1036,2,2,train
sub-02,1037,stimulus_1037,0,2,train
sub-02,1038,stimulus_1038,3,3,train
sub-02,1039,stimulus_1039,2,3,test
sub-02,1040,stimulus_1040,2,3,train
sub-02,1041,stimulus_1041,1,1,train
sub-02,1042,stimulus_1042,0,3,train
sub-02,1043,stimulus_1043,3,3,train
sub-02,1044,stimulus_1044,0,0,train
sub-02,1045,stimulus_1045,3,1,train
sub-02,1046,stimulus_1046,1,1,val
sub-02,1047,stimulus_1047,3,3,train
sub-02,1048,stimulus_1048,3,3,train
sub-02,1049,stimulus_1049,2,0,train
sub-02,1050,stimulus_1050,3,2,train
sub-02,1051,stimulus_1051,3,3,train
sub-02,1052,stimulus_1052,0,1,train
sub-02,1053,stimulus_1053,3,2,train
sub-02,1054,stimulus_1054,2,3,train
sub-02,1055,stimulus_1055,2,1,train
sub-02,1056,stimulus_1056,3,3,train
sub-02,1057,stimulus_1057,0,2,test
sub-02,1058,stimulus_1058,2,2,train
sub-02,1059,stimulus_1059,2,1,train
sub-02,1060,stimulus_1060,3,2,test
sub-02,1061,stimulus_1061,3,2,test
sub-02,1062,stimulus_1062,3,1,train
sub-02,1063,stimulus_1063,2,2,train
sub-02,1064,stimulus_1064,1,0,train
sub-02,1065,stimulus_1065,1,3,train
sub-02,1066,stimulus_1066,1,1,test
sub-02,1067,stimulus_1067,2,1,test
sub-02,1068,stimulus_1068,2,1,train
sub-02,1069,stimulus_1069,2,3,train
sub-02,1070,stimulus_1070,1,0,test
sub-02,1071,stimulus_1071,3,0,train
sub-02,1072,stimulus_1072,1,3,train
sub-02,1073,stimulus_1073,1,3,test
sub-02,1074,stimulus_1074,3,2,train
sub-02,1075,stimulus_1075,1,0,train
sub-02,1076,stimulus_1076,1,3,train
sub-02,1077,stimulus_1077,1,1,test
sub-02,1078,stimulus_1078,2,0,val
sub-02,1079,stimulus_1079,0,3,train
sub-02,1080,stimulus_1080,3,3,train
sub-02,1081,stimulus_1081,2,0,train
sub-02,1082,stimulus_1082,2,3,test
sub-02,1083,stimulus_1083,3,3,train
sub-02,1084,stimulus_1084,3,2,train
sub-02,1085,stimulus_1085,1,1,train
sub-02,1086,stimulus_1086,3,3,train
sub-02,1087,stimulus_1087,2,1,train
sub-02,1088,stimulus_1088,1,0,train
sub-02,1089,stimulus_1089,2,2,train
sub-02,1090,stimulus_1090,0,0,train
sub-02,1091,stimulus_1091,1,3,train
sub-02,1092,stimulus_1092,3,2,train
sub-02,1093,stimulus_1093,3,2,test
sub-02,1094,stimulus_1094,1,3,train
sub-02,1095,stimulus_1095,0,2,train
sub-02,1096,stimulus_1096,0,2,train
sub-02,1097,stimulus_1097,3,3,train
sub-02,1098,stimulus_1098,3,2,train
sub-02,1099,stimulus_1099,2,3,val
sub-02,1100,stimulus_1100,2,2,val
sub-02,1101,stimulus_1101,0,1,train
sub-02,1102,stimulus_1102,3,3,val
sub-02,1103,stimulus_1103,0,2,train
sub-02,1104,stimulus_1104,1,1,train
sub-02,1105,stimulus_1105,3,2,val
sub-02,1106,stimulus_1106,2,0,train
sub-02,1107,stimulus_1107,3,3,train
sub-02,1108,stimulus_1108,2,3,train
sub-02,1109,stimulus_1109,0,3,train
sub-02,1110,stimulus_1110,3,3,train
sub-02,1111,stimulus_1111,0,2,train
sub-02,1112,stimulus_1112,3,3,train
sub-02,1113,stimulus_1113,3,2,train
sub-02,1114,stimulus_1114,0,3,train
sub-02,1115,stimulus_1115,0,3,train
sub-02,1116,stimulus_1116,2,2,train
sub-02,1117,stimulus_1117,0,0,train
sub-02,1118,stimulus_1118,0,0,train
sub-02,1119,stimulus_1119,0,2,train
sub-02,1120,stimulus_1120,3,3,test
sub-02,1121,stimulus_1121,2,3,train
sub-02,1122,stimulus_1122,0,1,train
sub-02,1123,stimulus_1123,0,0,test
sub-02,1124,stimulus_1124,3,3,train
sub-02,1125,stimulus_1125,2,2,train
sub-02,1126,stimulus_1126,0,1,train
sub-02,1127,stimulus_1127,3,1,val
sub-02,1128,stimulus_1128,2,2,val
sub-02,1129,stimulus_1129,1,1,train
sub-02,1130,stimulus_1130,3,1,test
sub-02,1131,stimulus_1131,3,3,train
sub-02,1132,stimulus_1132,1,1,train
sub-02,1133,stimulus_1133,3,3,train
sub-02,1134,stimulus_1134,1,2,train
sub-02,1135,stimulus_1135,0,1,train
sub-02,1136,stimulus_1136,0,1,val
sub-02,1137,stimulus_1137,0,0,train
sub-02,1138,stimulus_1138,1,0,train
sub-02,1139,stimulus_1139,1,2,train
sub-02,1140,stimulus_1140,1,2,test
sub-02,1141,stimulus_1141,2,3,val
sub-02,1142,stimulus_1142,1,1,val
sub-02,1143,stimulus_1143,1,3,test
sub-02,1144,stimulus_1144,1,3,test
sub-02,1145,stimulus_1145,3,3,test
sub-02,1146,stimulus_1146,3,2,train
sub-02,1147,stimulus_1147,1,1,train
sub-02,1148,stimulus_1148,2,2,val
sub-02,1149,stimulus_1149,1,3,val
sub-02,1150,stimulus_1150,1,3,train
sub-02,1151,stimulus_1151,3,3,test
sub-02,1152,stimulus_1152,3,3,train
sub-02,1153,stimulus_1153,3,3,train
sub-02,1154,stimulus_1154,3,1,train
sub-02,1155,stimulus_1155,1,2,train
sub-02,1156,stimulus_1156,1,1,val
sub-02,1157,stimulus_1157,3,0,val
sub-02,1158,stimulus_1158,3,1,train
sub-02,1159,stimulus_1159,3,3,train
sub-02,1160,stimulus_1160,0,3,train
sub-02,1161,stimulus_1161,1,0,train
sub-02,1162,stimulus_1162,2,1,train
sub-02,1163,stimulus_1163,3,3,test
sub-02,1164,stimulus_1164,0,0,train
sub-02,1165,stimulus_1165,0,3,train
sub-02,1166,stimulus_1166,2,1,train
sub-02,1167,stimulus_1167,2,3,train
sub-02,1168,stimulus_1168,3,3,test
sub-02,1169,stimulus_1169,1,2,val
sub-02,1170,stimulus_1170,0,0,train
sub-02,1171,stimulus_1171,1,0,train
sub-02,1172,stimulus_1172,0,3,val
sub-02,1173,stimulus_1173,3,3,test
sub-02,1174,stimulus_1174,0,1,train
sub-02,1175,stimulus_1175,3,3,train
sub-02,1176,stimulus_1176,0,0,train
sub-02,1177,stimulus_1177,0,0,train
sub-02,1178,stimulus_1178,2,0,train
sub-02,1179,stimulus_1179,3,3,train
sub-02,1180,stimulus_1180,3,1,train
sub-02,1181,stimulus_1181,0,2,val
sub-02,1182,stimulus_1182,0,0,train
sub-02,1183,stimulus_1183,0,2,train
sub-02,1184,stimulus_1184,0,0,train
sub-02,1185,stimulus_1185,0,1,test
sub-02,1186,stimulus_1186,1,3,train
sub-02,1187,stimulus_1187,3,2,train
sub-02,1188,stimulus_1188,3,2,train
sub-02,1189,stimulus_1189,0,2,train
sub-02,1190,stimulus_1190,0,0,train
sub-02,1191,stimulus_1191,3,3,train
sub-02,1192,stimulus_1192,2,2,train
sub-02,1193,stimulus_1193,3,2,train
sub-02,1194,stimulus_1194,0,2,train
sub-02,1195,stimulus_1195,2,3,train
sub-02,1196,stimulus_1196,0,1,test
sub-02,1197,stimulus_1197,1,3,train
sub-02,1198,stimulus_1198,2,3,val
sub-02,1199,stimulus_1199,0,2,train
sub-02,1200,stimulus_1200,2,2,test
sub-02,1201,stimulus_1201,1,0,train
sub-02,1202,stimulus_1202,0,1,val
sub-02,1203,stimulus_1203,0,1,train
sub-02,1204,stimulus_1204,0,1,train
sub-02,1205,stimulus_1205,3,3,train
sub-02,1206,stimulus_1206,1,1,val
sub-02,1207,stimulus_1207,3,2,train
sub-02,1208,stimulus_1208,0,0,val
sub-02,1209,stimulus_1209,3,0,train
sub-02,1210,stimulus_1210,3,2,train
sub-02,1211,stimulus_1211,2,0,train
sub-02,1212,stimulus_1212,0,3,train
sub-02,1213,stimulus_1213,3,3,train
sub-02,1214,stimulus_1214,0,3,test
sub-02,1215,stimulus_1215,2,1,test
sub-02,1216,stimulus_1216,3,0,val
sub-02,1217,stimulus_1217,0,2,train
sub-02,1218,stimulus_1218,2,3,test
sub-02,1219,stimulus_1219,1,3,val
sub-02,1220,stimulus_1220,1,0,test
sub-02,1221,stimulus_1221,0,2,train
sub-02,1222,stimulus_1222,0,1,train
sub-02,1223,stimulus_1223,2,0,train
sub-02,1224,stimulus_1224,0,2,train
sub-02,1225,stimulus_1225,1,1,val
sub-02,1226,stimulus_1226,0,3,train
sub-02,1227,stimulus_1227,0,3,train
sub-02,1228,stimulus_1228,2,2,train
sub-02,1229,stimulus_1229,0,2,train
sub-02,1230,stimulus_1230,2,0,train
sub-02,1231,stimulus_1231,0,3,train
sub-02,1232,stimulus_1232,3,0,train
sub-02,1233,stimulus_1233,1,1,train
sub-02,1234,stimulus_1234,1,3,train
sub-02,1235,stimulus_1235,0,3,train
sub-02,1236,stimulus_1236,3,1,train
sub-02,1237,stimulus_1237,0,3,train
sub-02,1238,stimulus_1238,2,1,train
sub-02,1239,stimulus_1239,2,3,test
sub-02,1240,stimulus_1240,3,1,train
sub-02,1241,stimulus_1241,2,3,train
sub-02,1242,stimulus_1242,3,3,train
sub-02,1243,stimulus_1243,3,3,train
sub-02,1244,stimulus_1244,1,3,train
sub-02,1245,stimulus_1245,3,3,train
sub-02,1246,stimulus_1246,3,3,train
sub-02,1247,stimulus_1247,2,3,train
sub-02,1248,stimulus_1248,3,3,train
sub-02,1249,stimulus_1249,1,1,train
sub-02,1250,stimulus_1250,1,2,train
sub-02,1251,stimulus_1251,1,1,train
sub-02,1252,stimulus_1252,3,3,train
sub-02,1253,stimulus_1253,3,3,train
sub-02,1254,stimulus_1254,1,0,train
sub-02,1255,stimulus_1255,3,2,train
sub-02,1256,stimulus_1256,2,0,train
sub-02,1257,stimulus_1257,2,3,test
sub-02,1258,stimulus_1258,1,3,train
sub-02,1259,stimulus_1259,0,1,train
sub-02,1260,stimulus_1260,0,3,train
sub-02,1261,stimulus_1261,1,2,train
sub-02,1262,stimulus_1262,1,0,train
sub-02,1263,stimulus_1263,3,2,train
sub-02,1264,stimulus_1264,1,2,train
sub-02,1265,stimulus_1265,1,1,train
sub-02,1266,stimulus_1266,1,1,test
sub-02,1267,stimulus_1267,3,1,train
sub-02,1268,stimulus_1268,0,2,test
sub-02,1269,stimulus_1269,3,3,train
sub-02,1270,stimulus_1270,3,1,train
sub-02,1271,stimulus_1271,0,3,train
sub-02,1272,stimulus_1272,3,1,train
sub-02,1273,stimulus_1273,3,2,train
sub-02,1274,stimulus_1274,1,2,train
sub-02,1275,stimulus_1275,0,0,test
sub-02,1276,stimulus_1276,0,3,train
sub-02,1277,stimulus_1277,1,2,test
sub-02,1278,stimulus_1278,2,2,test
sub-02,1279,stimulus_1279,0,1,train
sub-02,1280,stimulus_1280,1,1,train
sub-02,1281,stimulus_1281,1,3,train
sub-02,1282,stimulus_1282,3,2,train
sub-02,1283,stimulus_1283,0,2,train
sub-02,1284,stimulus_1284,1,1,train
sub-02,1285,stimulus_1285,2,3,train
sub-02,1286,stimulus_1286,0,1,train
sub-02,1287,stimulus_1287,2,1,train
sub-02,1288,stimulus_1288,1,1,train
sub-02,1289,stimulus_1289,3,1,train
sub-02,1290,stimulus_1290,3,3,train
sub-02,1291,stimulus_1291,3,2,train
sub-02,1292,stimulus_1292,0,1,test
sub-02,1293,stimulus_1293,2,2,train
sub-02,1294,stimulus_1294,0,2,train
sub-02,1295,stimulus_1295,3,1,val
sub-02,1296,stimulus_1296,2,3,train
sub-02,1297,stimulus_1297,1,1,val
sub-02,1298,stimulus_1298,0,0,train
sub-02,1299,stimulus_1299,1,1,train
sub-02,1300,stimulus_1300,3,0,train
sub-02,1301,stimulus_1301,1,1,train
sub-02,1302,stimulus_1302,0,0,train
sub-02,1303,stimulus_1303,0,0,train
sub-02,1304,stimulus_1304,0,0,train
sub-02,1305,stimulus_1305,1,0,train
sub-02,1306,stimulus_1306,1,0,train
sub-02,1307,stimulus_1307,1,2,val
sub-02,1308,stimulus_1308,3,3,train
sub-02,1309,stimulus_1309,0,0,val
sub-02,1310,stimulus_1310,0,2,train
sub-02,1311,stimulus_1311,3,3,train
sub-02,1312,stimulus_1312,3,1,test
sub-02,1313,stimulus_1313,0,3,test
sub-02,1314,stimulus_1314,1,3,train
sub-02,1315,stimulus_1315,2,1,train
sub-02,1316,stimulus_1316,2,3,train
sub-02,1317,stimulus_1317,1,1,train
sub-02,1318,stimulus_1318,0,3,train
sub-02,1319,stimulus_1319,2,1,train
sub-02,1320,stimulus_1320,1,2,train
sub-02,1321,stimulus_1321,2,1,train
sub-02,1322,stimulus_1322,1,3,train
sub-02,1323,stimulus_1323,0,3,train
sub-02,1324,stimulus_1324,2,3,train
sub-02,1325,stimulus_1325,2,3,val
sub-02,1326,stimulus_1326,3,3,test
sub-02,1327,stimulus_1327,3,1,train
sub-02,1328,stimulus_1328,3,2,train
sub-02,1329,stimulus_1329,1,1,test
sub-02,1330,stimulus_1330,2,2,train
sub-02,1331,stimulus_1331,2,1,train
sub-02,1332,stimulus_1332,2,2,train
sub-02,1333,stimulus_1333,3,2,train
sub-02,1334,stimulus_1334,1,0,train
sub-02,1335,stimulus_1335,1,0,train
sub-02,1336,stimulus_1336,2,1,train
sub-02,1337,stimulus_1337,3,3,train
sub-02,1338,stimulus_1338,1,2,train
sub-02,1339,stimulus_1339,0,1,train
sub-02,1340,stimulus_1340,2,1,train
sub-02,1341,stimulus_1341,2,2,train
sub-02,1342,stimulus_1342,1,1,train
sub-02,1343,stimulus_1343,2,2,train
sub-02,1344,stimulus_1344,2,0,train
sub-02,1345,stimulus_1345,2,3,train
sub-02,1346,stimulus_1346,2,2,train
sub-02,1347,stimulus_1347,1,2,test
sub-02,1348,stimulus_1348,1,1,train
sub-02,1349,stimulus_1349,3,3,val
sub-02,1350,stimulus_1350,0,0,test
sub-02,1351,stimulus_1351,0,0,train
sub-02,1352,stimulus_1352,2,3,train
sub-02,1353,stimulus_1353,3,2,train
sub-02,1354,stimulus_1354,3,2,val
sub-02,1355,stimulus_1355,0,0,val
sub-02,1356,stimulus_1356,2,1,train
sub-02,1357,stimulus_1357,3,0,train
sub-02,1358,stimulus_1358,2,2,train
sub-02,1359,stimulus_1359,1,0,train
sub-02,1360,stimulus_1360,3,0,train
sub-02,1361,stimulus_1361,0,3,train
sub-02,1362,stimulus_1362,0,3,train
sub-02,1363,stimulus_1363,3,1,train
sub-02,1364,stimulus_1364,1,3,val
sub-02,1365,stimulus_1365,3,3,train
sub-02,1366,stimulus_1366,2,0,test
sub-02,1367,stimulus_1367,3,2,train
sub-02,1368,stimulus_1368,3,0,test
sub-02,1369,stimulus_1369,2,0,train
sub-02,1370,stimulus_1370,3,3,test
sub-02,1371,stimulus_1371,2,0,train
sub-02,1372,stimulus_1372,3,0,train
sub-02,1373,stimulus_1373,0,3,train
sub-02,1374,stimulus_1374,1,3,test
sub-02,1375,stimulus_1375,0,3,train
sub-02,1376,stimulus_1376,1,3,train
sub-02,1377,stimulus_1377,3,3,train
sub-02,1378,stimulus_1378,3,0,train
sub-02,1379,stimulus_1379,3,0,train
sub-02,1380,stimulus_1380,3,1,val
sub-02,1381,stimulus_1381,3,1,train
sub-02,1382,stimulus_1382,1,1,train
sub-02,1383,stimulus_1383,3,1,train
sub-02,1384,stimulus_1384,1,1,train
sub-02,1385,stimulus_1385,2,3,train
sub-02,1386,stimulus_1386,1,1,train
sub-02,1387,stimulus_1387,3,3,train
sub-02,1388,stimulus_1388,1,1,train
sub-02,1389,stimulus_1389,2,1,test
sub-02,1390,stimulus_1390,1,1,train
sub-02,1391,stimulus_1391,1,2,val
sub-02,1392,stimulus_1392,1,2,train
sub-02,1393,stimulus_1393,1,2,train
sub-02,1394,stimulus_1394,3,3,train
sub-02,1395,stimulus_1395,1,2,train
sub-02,1396,stimulus_1396,2,0,train
sub-02,1397,stimulus_1397,1,0,train
sub-02,1398,stimulus_1398,2,1,train
sub-02,1399,stimulus_1399,3,3,train
sub-02,1400,stimulus_1400,2,3,train
sub-02,1401,stimulus_1401,1,2,train
sub-02,1402,stimulus_1402,2,1,train
sub-02,1403,stimulus_1403,0,0,train
sub-02,1404,stimulus_1404,1,0,train
sub-02,1405,stimulus_1405,3,2,train
sub-02,1406,stimulus_1406,0,3,train
sub-02,1407,stimulus_1407,3,0,train
sub-02,1408,stimulus_1408,3,0,val
sub-02,1409,stimulus_1409,3,0,train
sub-02,1410,stimulus_1410,3,3,val
sub-02,1411,stimulus_1411,3,2,val
sub-02,1412,stimulus_1412,2,1,train
sub-02,1413,stimulus_1413,2,1,train
sub-02,1414,stimulus_1414,0,1,train
sub-02,1415,stimulus_1415,3,1,train
sub-02,1416,stimulus_1416,3,2,train
sub-02,1417,stimulus_1417,3,0,train
sub-02,1418,stimulus_1418,3,0,train
sub-02,1419,stimulus_1419,0,2,train
sub-02,1420,stimulus_1420,1,0,train
sub-02,1421,stimulus_1421,3,1,train
sub-02,1422,stimulus_1422,0,3,train
sub-02,1423,stimulus_1423,0,0,train
sub-02,1424,stimulus_1424,2,2,train
sub-02,1425,stimulus_1425,0,0,test
sub-02,1426,stimulus_1426,2,3,train
sub-02,1427,stimulus_1427,3,0,train
sub-02,1428,stimulus_1428,2,1,train
sub-02,1429,stimulus_1429,3,1,train
sub-02,1430,stimulus_1430,2,3,train
sub-02,1431,stimulus_1431,2,3,train
sub-02,1432,stimulus_1432,2,3,train
sub-02,1433,stimulus_1433,2,1,train
sub-02,1434,stimulus_1434,0,2,train
sub-02,1435,stimulus_1435,2,1,train
sub-02,1436,stimulus_1436,3,3,train
sub-02,1437,stimulus_1437,2,1,train
sub-02,1438,stimulus_1438,1,3,train
sub-02,1439,stimulus_1439,3,3,train
sub-02,1440,stimulus_1440,1,3,val
sub-02,1441,stimulus_1441,0,2,val
sub-02,1442,stimulus_1442,0,3,train
sub-02,1443,stimulus_1443,0,2,train
sub-02,1444,stimulus_1444,3,0,val
sub-02,1445,stimulus_1445,3,3,train
sub-02,1446,stimulus_1446,2,1,train
sub-02,1447,stimulus_1447,3,3,train
sub-02,1448,stimulus_1448,1,1,train
sub-02,1449,stimulus_1449,3,1,test
sub-02,1450,stimulus_1450,0,2,train
sub-02,1451,stimulus_1451,2,2,test
sub-02,1452,stimulus_1452,3,1,train
sub-02,1453,stimulus_1453,3,2,train
sub-02,1454,stimulus_1454,1,3,train
sub-02,1455,stimulus_1455,2,1,train
sub-02,1456,stimulus_1456,2,2,train
sub-02,1457,stimulus_1457,0,0,train
sub-02,1458,stimulus_1458,2,1,train
sub-02,1459,stimulus_1459,2,1,val
sub-02,1460,stimulus_1460,3,2,train
sub-02,1461,stimulus_1461,1,3,train
sub-02,1462,stimulus_1462,1,1,train
sub-02,1463,stimulus_1463,3,3,train
sub-02,1464,stimulus_1464,0,1,test
sub-02,1465,stimulus_1465,2,1,train
sub-02,1466,stimulus_1466,0,0,train
sub-02,1467,stimulus_1467,1,0,train
sub-02,1468,stimulus_1468,1,0,train
sub-02,1469,stimulus_1469,1,1,train
sub-02,1470,stimulus_1470,1,0,train
sub-02,1471,stimulus_1471,0,0,train
sub-02,1472,stimulus_1472,1,2,train
sub-02,1473,stimulus_1473,0,0,train
sub-02,1474,stimulus_1474,1,0,train
sub-02,1475,stimulus_1475,0,0,val
sub-02,1476,stimulus_1476,2,1,train
sub-02,1477,stimulus_1477,2,3,train
sub-02,1478,stimulus_1478,0,2,train
sub-02,1479,stimulus_1479,1,0,train
sub-02,1480,stimulus_1480,1,1,test
sub-02,1481,stimulus_1481,3,1,train
sub-02,1482,stimulus_1482,2,3,train
sub-02,1483,stimulus_1483,3,0,val
sub-02,1484,stimulus_1484,1,0,train
sub-02,1485,stimulus_1485,0,1,train
sub-02,1486,stimulus_1486,1,1,train
sub-02,1487,stimulus_1487,0,3,train
sub-02,1488,stimulus_1488,3,0,train
sub-02,1489,stimulus_1489,3,0,train
sub-02,1490,stimulus_1490,2,3,train
sub-02,1491,stimulus_1491,2,2,train
sub-02,1492,stimulus_1492,0,3,test
sub-02,1493,stimulus_1493,3,0,train
sub-02,1494,stimulus_1494,3,0,train
sub-02,1495,stimulus_1495,3,3,train
sub-02,1496,stimulus_1496,2,3,val
sub-02,1497,stimulus_1497,3,2,test
sub-02,1498,stimulus_1498,3,1,val
sub-02,1499,stimulus_1499,2,1,test
sub-02,1500,stimulus_1500,3,2,train
sub-02,1501,stimulus_1501,3,3,test
sub-02,1502,stimulus_1502,3,3,train
sub-02,1503,stimulus_1503,3,3,train
sub-02,1504,stimulus_1504,2,0,train
sub-02,1505,stimulus_1505,3,1,val
sub-02,1506,stimulus_1506,2,0,train
sub-02,1507,stimulus_1507,0,0,train
sub-02,1508,stimulus_1508,3,0,val
sub-02,1509,stimulus_1509,3,2,train
sub-02,1510,stimulus_1510,3,2,train
sub-02,1511,stimulus_1511,0,3,train
sub-02,1512,stimulus_1512,3,1,train
sub-02,1513,stimulus_1513,1,2,train
sub-02,1514,stimulus_1514,0,2,train
sub-02,1515,stimulus_1515,2,3,train
sub-02,1516,stimulus_1516,3,3,val
sub-02,1517,stimulus_1517,1,3,train
sub-02,1518,stimulus_1518,0,2,train
sub-02,1519,stimulus_1519,0,0,train
sub-02,1520,stimulus_1520,3,2,train
sub-02,1521,stimulus_1521,2,1,train
sub-02,1522,stimulus_1522,1,2,train
sub-02,1523,stimulus_1523,2,2,val
sub-02,1524,stimulus_1524,3,1,val
sub-02,1525,stimulus_1525,2,0,train
sub-02,1526,stimulus_1526,2,2,train
sub-02,1527,stimulus_1527,2,3,train
sub-02,1528,stimulus_1528,1,0,test
sub-02,1529,stimulus_1529,1,2,train
sub-02,1530,stimulus_1530,1,2,train
sub-02,1531,stimulus_1531,2,2,train
sub-02,1532,stimulus_1532,0,0,train
sub-02,1533,stimulus_1533,2,1,train
sub-02,1534,stimulus_1534,1,1,val
sub-02,1535,stimulus_1535,2,3,val
sub-02,1536,stimulus_1536,2,3,test
sub-02,1537,stimulus_1537,2,3,train
sub-02,1538,stimulus_1538,2,3,train
sub-02,1539,stimulus_1539,3,3,train
sub-02,1540,stimulus_1540,3,1,train
sub-02,1541,stimulus_1541,0,0,train
sub-02,1542,stimulus_1542,2,2,train
sub-02,1543,stimulus_1543,1,3,train
sub-02,1544,stimulus_1544,1,1,train
sub-02,1545,stimulus_1545,1,2,train
sub-02,1546,stimulus_1546,2,3,train
sub-02,1547,stimulus_1547,3,1,train
sub-02,1548,stimulus_1548,3,1,train
sub-02,1549,stimulus_1549,1,2,val
sub-02,1550,stimulus_1550,0,2,train
sub-02,1551,stimulus_1551,2,3,train
sub-02,1552,stimulus_1552,1,3,train
sub-02,1553,stimulus_1553,1,3,train
sub-02,1554,stimulus_1554,1,3,train
sub-02,1555,stimulus_1555,2,0,train
sub-02,1556,stimulus_1556,0,1,train
sub-02,1557,stimulus_1557,2,3,train
sub-02,1558,stimulus_1558,3,2,train
sub-02,1559,stimulus_1559,2,2,train
sub-02,1560,stimulus_1560,2,3,train
sub-02,1561,stimulus_1561,1,0,train
sub-02,1562,stimulus_1562,0,3,train
sub-02,1563,stimulus_1563,2,1,train
sub-02,1564,stimulus_1564,3,3,train
sub-02,1565,stimulus_1565,0,0,train
sub-02,1566,stimulus_1566,1,1,train
sub-02,1567,stimulus_1567,1,1,train
sub-02,1568,stimulus_1568,3,3,train
sub-02,1569,stimulus_1569,3,3,train
sub-02,1570,stimulus_1570,3,3,train
sub-02,1571,stimulus_1571,3,3,val
sub-02,1572,stimulus_1572,3,2,test
sub-02,1573,stimulus_1573,2,3,train
sub-02,1574,stimulus_1574,1,0,train
sub-02,1575,stimulus_1575,1,3,train
sub-02,1576,stimulus_1576,0,3,test
sub-02,1577,stimulus_1577,2,3,test
sub-02,1578,stimulus_1578,1,1,train
sub-02,1579,stimulus_1579,2,1,train
sub-02,1580,stimulus_1580,2,1,val
sub-02,1581,stimulus_1581,2,2,train
sub-02,1582,stimulus_1582,3,3,train
sub-02,1583,stimulus_1583,2,3,train
sub-02,1584,stimulus_1584,3,3,train
sub-02,1585,stimulus_1585,0,1,train
sub-02,1586,stimulus_1586,2,1,test
sub-02,1587,stimulus_1587,0,1,train
sub-02,1588,stimulus_1588,2,1,train
sub-02,1589,stimulus_1589,0,1,train
sub-02,1590,stimulus_1590,0,3,train
sub-02,1591,stimulus_1591,0,0,train
sub-02,1592,stimulus_1592,3,0,train
sub-02,1593,stimulus_1593,1,2,train
sub-02,1594,stimulus_1594,3,3,train
sub-02,1595,stimulus_1595,1,3,train
sub-02,1596,stimulus_1596,0,1,test
sub-02,1597,stimulus_1597,2,0,train
sub-02,1598,stimulus_1598,0,3,test
sub-02,1599,stimulus_1599,1,3,train
sub-02,1600,stimulus_1600,1,1,train
sub-02,1601,stimulus_1601,0,2,train
sub-02,1602,stimulus_1602,2,1,train
sub-02,1603,stimulus_1603,3,1,train
sub-02,1604,stimulus_1604,2,0,train
sub-02,1605,stimulus_1605,0,1,train
sub-02,1606,stimulus_1606,2,1,test
sub-02,1607,stimulus_1607,1,1,train
sub-02,1608,stimulus_1608,3,3,train
sub-02,1609,stimulus_1609,1,1,train
sub-02,1610,stimulus_1610,2,3,train
sub-02,1611,stimulus_1611,0,0,train
sub-02,1612,stimulus_1612,2,1,train
sub-02,1613,stimulus_1613,0,1,train
sub-02,1614,stimulus_1614,1,0,train
sub-02,1615,stimulus_1615,1,2,train
sub-02,1616,stimulus_1616,3,2,train
sub-02,1617,stimulus_1617,1,2,train
sub-02,1618,stimulus_1618,1,0,train
sub-02,1619,stimulus_1619,2,1,train
sub-02,1620,stimulus_1620,3,0,train
sub-02,1621,stimulus_1621,1,0,train
sub-02,1622,stimulus_1622,2,2,train
sub-02,1623,stimulus_1623,1,0,train
sub-02,1624,stimulus_1624,2,2,train
sub-02,1625,stimulus_1625,2,2,val
sub-02,1626,stimulus_1626,1,1,train
sub-02,1627,stimulus_1627,0,1,train
sub-02,1628,stimulus_1628,3,1,train
sub-02,1629,stimulus_1629,0,2,train
sub-02,1630,stimulus_1630,0,0,train
sub-02,1631,stimulus_1631,1,1,test
sub-02,1632,stimulus_1632,0,2,val
sub-02,1633,stimulus_1633,2,3,val
sub-02,1634,stimulus_1634,2,2,train
sub-02,1635,stimulus_1635,1,2,test
sub-02,1636,stimulus_1636,3,2,train
sub-02,1637,stimulus_1637,3,3,test
sub-02,1638,stimulus_1638,3,2,train
sub-02,1639,stimulus_1639,3,2,val
sub-02,1640,stimulus_1640,3,3,val
sub-02,1641,stimulus_1641,2,3,train
sub-02,1642,stimulus_1642,1,3,train
sub-02,1643,stimulus_1643,3,3,train
sub-02,1644,stimulus_1644,1,3,test
sub-02,1645,stimulus_1645,2,3,train
sub-02,1646,stimulus_1646,1,0,train
sub-02,1647,stimulus_1647,2,0,train
sub-02,1648,stimulus_1648,2,1,train
sub-02,1649,stimulus_1649,1,3,train
sub-02,1650,stimulus_1650,0,3,train
sub-02,1651,stimulus_1651,3,0,train
sub-02,1652,stimulus_1652,1,3,train
sub-02,1653,stimulus_1653,2,1,train
sub-02,1654,stimulus_1654,0,2,train
sub-02,1655,stimulus_1655,0,2,train
sub-02,1656,stimulus_1656,3,1,train
sub-02,1657,stimulus_1657,0,1,train
sub-02,1658,stimulus_1658,3,1,train
sub-02,1659,stimulus_1659,2,2,train
sub-02,1660,stimulus_1660,3,1,train
sub-02,1661,stimulus_1661,3,2,train
sub-02,1662,stimulus_1662,2,1,train
sub-02,1663,stimulus_1663,1,1,val
sub-02,1664,stimulus_1664,2,2,test
sub-02,1665,stimulus_1665,1,0,train
sub-02,1666,stimulus_1666,3,2,train
sub-02,1667,stimulus_1667,3,1,test
sub-02,1668,stimulus_1668,2,3,train
sub-02,1669,stimulus_1669,1,3,train
sub-02,1670,stimulus_1670,2,2,train
sub-02,1671,stimulus_1671,3,3,train
sub-02,1672,stimulus_1672,1,0,train
sub-02,1673,stimulus_1673,1,1,train
sub-02,1674,stimulus_1674,1,0,train
sub-02,1675,stimulus_1675,0,0,train
sub-02,1676,stimulus_1676,2,3,train
sub-02,1677,stimulus_1677,3,3,train
sub-02,1678,stimulus_1678,3,3,train
sub-02,1679,stimulus_1679,1,3,train
sub-02,1680,stimulus_1680,3,2,train
sub-02,1681,stimulus_1681,2,0,train
sub-02,1682,stimulus_1682,2,1,train
sub-02,1683,stimulus_1683,2,0,val
sub-02,1684,stimulus_1684,2,1,train
sub-02,1685,stimulus_1685,0,1,train
sub-02,1686,stimulus_1686,1,2,train
sub-02,1687,stimulus_1687,1,1,train
sub-02,1688,stimulus_1688,1,3,train
sub-02,1689,stimulus_1689,2,1,val
sub-02,1690,stimulus_1690,0,1,val
sub-02,1691,stimulus_1691,0,0,val
sub-02,1692,stimulus_1692,2,0,train
sub-02,1693,stimulus_1693,3,3,train
sub-02,1694,stimulus_1694,2,3,train
sub-02,1695,stimulus_1695,1,1,train
sub-02,1696,stimulus_1696,2,2,train
sub-02,1697,stimulus_1697,3,3,val
sub-02,1698,stimulus_1698,2,2,val
sub-02,1699,stimulus_1699,3,2,test
sub-02,1700,stimulus_1700,1,0,train
sub-02,1701,stimulus_1701,0,2,train
sub-02,1702,stimulus_1702,2,3,train
sub-02,1703,stimulus_1703,0,1,train
sub-02,1704,stimulus_1704,1,0,train
sub-02,1705,stimulus_1705,0,0,train
sub-02,1706,stimulus_1706,0,1,train
sub-02,1707,stimulus_1707,2,3,train
sub-02,1708,stimulus_1708,3,2,test
sub-02,1709,stimulus_1709,1,1,train
sub-02,1710,stimulus_1710,2,3,train
sub-02,1711,stimulus_1711,3,2,train
sub-02,1712,stimulus_1712,3,3,train
sub-02,1713,stimulus_1713,1,0,train
sub-02,1714,stimulus_1714,3,3,train
sub-02,1715,stimulus_1715,3,2,train
sub-02,1716,stimulus_1716,3,0,test
sub-02,1717,stimulus_1717,3,3,train
sub-02,1718,stimulus_1718,3,3,train
sub-02,1719,stimulus_1719,1,0,train
sub-02,1720,stimulus_1720,1,3,train
sub-02,1721,stimulus_1721,3,3,train
sub-02,1722,stimulus_1722,2,1,train
sub-02,1723,stimulus_1723,3,2,train
sub-02,1724,stimulus_1724,1,0,train
sub-02,1725,stimulus_1725,0,1,train
sub-02,1726,stimulus_1726,0,3,train
sub-02,1727,stimulus_1727,2,1,train
sub-02,1728,stimulus_1728,1,3,train
sub-02,1729,stimulus_1729,1,0,test
sub-02,1730,stimulus_1730,1,1,test
sub-02,1731,stimulus_1731,1,0,train
sub-02,1732,stimulus_1732,0,3,train
sub-02,1733,stimulus_1733,2,1,train
sub-02,1734,stimulus_1734,1,3,train
sub-02,1735,stimulus_1735,3,2,test
sub-02,1736,stimulus_1736,1,1,train
sub-02,1737,stimulus_1737,1,3,train
sub-02,1738,stimulus_1738,1,1,train
sub-02,1739,stimulus_1739,0,2,train
sub-02,1740,stimulus_1740,3,2,val
sub-02,1741,stimulus_1741,2,1,train
sub-02,1742,stimulus_1742,1,3,test
sub-02,1743,stimulus_1743,2,3,val
sub-02,1744,stimulus_1744,0,2,val
sub-02,1745,stimulus_1745,3,2,train
sub-02,1746,stimulus_1746,3,2,train
sub-02,1747,stimulus_1747,2,1,train
sub-02,1748,stimulus_1748,2,0,train
sub-02,1749,stimulus_1749,3,1,train
sub-02,1750,stimulus_1750,2,1,val
sub-02,1751,stimulus_1751,2,1,train
sub-02,1752,stimulus_1752,0,2,train
sub-02,1753,stimulus_1753,3,3,train
sub-02,1754,stimulus_1754,3,3,train
sub-02,1755,stimulus_1755,0,2,train
sub-02,1756,stimulus_1756,3,3,train
sub-02,1757,stimulus_1757,1,3,train
sub-02,1758,stimulus_1758,3,3,train
sub-02,1759,stimulus_1759,1,3,test
sub-02,1760,stimulus_1760,2,0,test
sub-02,1761,stimulus_1761,3,2,train
sub-02,1762,stimulus_1762,2,3,train
sub-02,1763,stimulus_1763,2,3,train
sub-02,1764,stimulus_1764,2,3,train
sub-02,1765,stimulus_1765,0,1,val
sub-02,1766,stimulus_1766,1,0,train
sub-02,1767,stimulus_1767,1,1,train
sub-02,1768,stimulus_1768,0,0,train
sub-02,1769,stimulus_1769,3,3,val
sub-02,1770,stimulus_1770,1,0,train
sub-02,1771,stimulus_1771,0,0,train
sub-02,1772,stimulus_1772,2,2,test
sub-02,1773,stimulus_1773,3,0,train
sub-02,1774,stimulus_1774,1,1,test
sub-02,1775,stimulus_1775,2,2,train
sub-02,1776,stimulus_1776,1,1,test
sub-02,1777,stimulus_1777,3,3,train
sub-02,1778,stimulus_1778,3,3,train
sub-02,1779,stimulus_1779,1,2,train
sub-02,1780,stimulus_1780,1,3,train
sub-02,1781,stimulus_1781,3,2,train
sub-02,1782,stimulus_1782,2,2,test
sub-02,1783,stimulus_1783,3,3,val
sub-02,1784,stimulus_1784,1,0,train
sub-02,1785,stimulus_1785,1,1,train
sub-02,1786,stimulus_1786,0,1,train
sub-02,1787,stimulus_1787,2,2,train
sub-02,1788,stimulus_1788,1,2,train
sub-02,1789,stimulus_1789,3,3,train
sub-02,1790,stimulus_1790,0,0,val
sub-02,1791,stimulus_1791,1,1,train
sub-02,1792,stimulus_1792,0,0,train
sub-02,1793,stimulus_1793,0,0,train
sub-02,1794,stimulus_1794,1,1,train
sub-02,1795,stimulus_1795,0,3,test
sub-02,1796,stimulus_1796,1,3,train
sub-02,1797,stimulus_1797,2,1,train
sub-02,1798,stimulus_1798,2,2,train
sub-02,1799,stimulus_1799,1,3,train
sub-02,1800,stimulus_1800,2,3,train
sub-02,1801,stimulus_1801,2,2,train
sub-02,1802,stimulus_1802,2,1,train
sub-02,1803,stimulus_1803,3,2,train
sub-02,1804,stimulus_1804,3,0,train
sub-02,1805,stimulus_1805,3,3,train
sub-02,1806,stimulus_1806,3,0,train
sub-02,1807,stimulus_1807,3,3,test
sub-02,1808,stimulus_1808,3,0,train
sub-02,1809,stimulus_1809,1,3,train
sub-02,1810,stimulus_1810,3,0,train
sub-02,1811,stimulus_1811,1,2,train
sub-02,1812,stimulus_1812,2,2,train
sub-02,1813,stimulus_1813,0,1,train
sub-02,1814,stimulus_1814,3,1,train
sub-02,1815,stimulus_1815,3,0,train
sub-02,1816,stimulus_1816,0,1,val
sub-02,1817,stimulus_1817,2,0,train
sub-02,1818,stimulus_1818,2,1,train
sub-02,1819,stimulus_1819,0,3,train
sub-02,1820,stimulus_1820,3,0,val
sub-02,1821,stimulus_1821,1,2,train
sub-02,1822,stimulus_1822,0,0,train
sub-02,1823,stimulus_1823,1,1,train
sub-02,1824,stimulus_1824,2,1,train
sub-02,1825,stimulus_1825,3,0,train
sub-02,1826,stimulus_1826,3,3,test
sub-02,1827,stimulus_1827,1,3,train
sub-02,1828,stimulus_1828,0,1,train
sub-02,1829,stimulus_1829,2,2,train
sub-02,1830,stimulus_1830,0,3,train
sub-02,1831,stimulus_1831,1,0,val
sub-02,1832,stimulus_1832,0,3,train
sub-02,1833,stimulus_1833,3,3,train
sub-02,1834,stimulus_1834,3,3,train
sub-02,1835,stimulus_1835,2,0,train
sub-02,1836,stimulus_1836,3,3,val
sub-02,1837,stimulus_1837,0,2,train
sub-02,1838,stimulus_1838,1,3,train
sub-02,1839,stimulus_1839,3,3,train
sub-02,1840,stimulus_1840,2,1,train
sub-02,1841,stimulus_1841,2,0,train
sub-02,1842,stimulus_1842,3,2,train
sub-02,1843,stimulus_1843,0,2,train
sub-02,1844,stimulus_1844,0,1,train
sub-02,1845,stimulus_1845,0,1,train
sub-02,1846,stimulus_1846,2,0,train
sub-02,1847,stimulus_1847,1,1,train
sub-02,1848,stimulus_1848,2,0,train
sub-02,1849,stimulus_1849,2,3,train
sub-02,1850,stimulus_1850,3,0,train
sub-02,1851,stimulus_1851,3,1,test
sub-02,1852,stimulus_1852,3,3,train
sub-02,1853,stimulus_1853,0,1,val
sub-02,1854,stimulus_1854,3,1,train
sub-02,1855,stimulus_1855,3,1,train
sub-02,1856,stimulus_1856,2,1,train
sub-02,1857,stimulus_1857,1,3,train
sub-02,1858,stimulus_1858,0,3,train
sub-02,1859,stimulus_1859,2,1,train
sub-02,1860,stimulus_1860,2,1,train
sub-02,1861,stimulus_1861,2,1,train
sub-02,1862,stimulus_1862,1,1,train
sub-02,1863,stimulus_1863,1,3,val
sub-02,1864,stimulus_1864,1,1,train
sub-02,1865,stimulus_1865,1,3,train
sub-02,1866,stimulus_1866,0,1,train
sub-02,1867,stimulus_1867,1,1,train
sub-02,1868,stimulus_1868,0,3,train
sub-02,1869,stimulus_1869,3,2,val
sub-02,1870,stimulus_1870,0,3,train
sub-02,1871,stimulus_1871,0,1,train
sub-02,1872,stimulus_1872,2,3,train
sub-02,1873,stimulus_1873,1,1,train
sub-02,1874,stimulus_1874,1,0,train
sub-02,1875,stimulus_1875,1,0,train
sub-02,1876,stimulus_1876,2,0,val
sub-02,1877,stimulus_1877,1,2,val
sub-02,1878,stimulus_1878,1,3,train
sub-02,1879,stimulus_1879,1,2,train
sub-02,1880,stimulus_1880,2,1,train
sub-02,1881,stimulus_1881,1,1,train
sub-02,1882,stimulus_1882,3,2,train
sub-02,1883,stimulus_1883,1,0,train
sub-02,1884,stimulus_1884,2,2,train
sub-02,1885,stimulus_1885,0,0,test
sub-02,1886,stimulus_1886,2,3,train
sub-02,1887,stimulus_1887,0,3,train
sub-02,1888,stimulus_1888,1,3,train
sub-02,1889,stimulus_1889,3,3,train
sub-02,1890,stimulus_1890,1,1,train
sub-02,1891,stimulus_1891,3,3,test
sub-02,1892,stimulus_1892,1,3,train
sub-02,1893,stimulus_1893,3,3,train
sub-02,1894,stimulus_1894,2,3,train
sub-02,1895,stimulus_1895,2,3,val
sub-02,1896,stimulus_1896,1,2,test
sub-02,1897,stimulus_1897,2,1,test
sub-02,1898,stimulus_1898,2,0,train
sub-02,1899,stimulus_1899,2,3,train
sub-02,1900,stimulus_1900,3,1,train
sub-02,1901,stimulus_1901,0,2,train
sub-02,1902,stimulus_1902,2,1,val
sub-02,1903,stimulus_1903,0,0,test
sub-02,1904,stimulus_1904,3,1,train
sub-02,1905,stimulus_1905,1,1,train
sub-02,1906,stimulus_1906,0,2,train
sub-02,1907,stimulus_1907,0,1,train
sub-02,1908,stimulus_1908,1,1,train
sub-02,1909,stimulus_1909,3,3,train
sub-02,1910,stimulus_1910,1,2,train
sub-02,1911,stimulus_1911,3,2,train
sub-02,1912,stimulus_1912,2,3,train
sub-02,1913,stimulus_1913,2,2,train
sub-02,1914,stimulus_1914,1,3,train
sub-02,1915,stimulus_1915,2,3,train
sub-02,1916,stimulus_1916,0,2,train
sub-02,1917,stimulus_1917,2,3,train
sub-02,1918,stimulus_1918,3,3,train
sub-02,1919,stimulus_1919,1,2,train
sub-02,1920,stimulus_1920,2,1,train
sub-02,1921,stimulus_1921,2,0,val
sub-02,1922,stimulus_1922,0,0,train
sub-02,1923,stimulus_1923,0,0,train
sub-02,1924,stimulus_1924,3,1,train
sub-02,1925,stimulus_1925,2,3,train
sub-02,1926,stimulus_1926,0,1,train
sub-02,1927,stimulus_1927,1,0,train
sub-02,1928,stimulus_1928,0,0,train
sub-02,1929,stimulus_1929,1,1,train
sub-02,1930,stimulus_1930,2,0,train
sub-02,1931,stimulus_1931,0,0,val
sub-02,1932,stimulus_1932,2,0,test
sub-02,1933,stimulus_1933,0,0,test
sub-02,1934,stimulus_1934,0,1,test
sub-02,1935,stimulus_1935,3,1,train
sub-02,1936,stimulus_1936,3,1,train
sub-02,1937,stimulus_1937,3,3,train
sub-02,1938,stimulus_1938,3,1,train
sub-02,1939,stimulus_1939,1,2,test
sub-02,1940,stimulus_1940,0,1,train
sub-02,1941,stimulus_1941,2,3,val
sub-02,1942,stimulus_1942,3,3,train
sub-02,1943,stimulus_1943,1,1,train
sub-02,1944,stimulus_1944,2,1,test
sub-02,1945,stimulus_1945,2,2,train
sub-02,1946,stimulus_1946,1,0,test
sub-02,1947,stimulus_1947,1,1,train
sub-02,1948,stimulus_1948,1,1,train
sub-02,1949,stimulus_1949,1,1,test
sub-02,1950,stimulus_1950,1,0,val
sub-02,1951,stimulus_1951,0,0,test
sub-02,1952,stimulus_1952,1,0,train
sub-02,1953,stimulus_1953,2,2,train
sub-02,1954,stimulus_1954,1,0,train
sub-02,1955,stimulus_1955,0,1,train
sub-02,1956,stimulus_1956,0,0,val
sub-02,1957,stimulus_1957,3,3,train
sub-02,1958,stimulus_1958,1,0,train
sub-02,1959,stimulus_1959,0,1,train
sub-02,1960,stimulus_1960,0,3,val
sub-02,1961,stimulus_1961,3,3,train
sub-02,1962,stimulus_1962,2,0,test
sub-02,1963,stimulus_1963,2,1,val
sub-02,1964,stimulus_1964,1,3,train
sub-02,1965,stimulus_1965,3,3,train
sub-02,1966,stimulus_1966,3,1,train
sub-02,1967,stimulus_1967,1,1,train
sub-02,1968,stimulus_1968,3,1,train
sub-02,1969,stimulus_1969,2,2,train
sub-02,1970,stimulus_1970,3,1,train
sub-02,1971,stimulus_1971,2,3,train
sub-02,1972,stimulus_1972,1,0,train
sub-02,1973,stimulus_1973,0,0,train
sub-02,1974,stimulus_1974,3,3,train
sub-02,1975,stimulus_1975,3,3,train
sub-02,1976,stimulus_1976,3,3,train
sub-02,1977,stimulus_1977,0,0,train
sub-02,1978,stimulus_1978,3,1,train
sub-02,1979,stimulus_1979,0,2,train
sub-02,1980,stimulus_1980,3,3,train
sub-02,1981,stimulus_1981,3,3,train
sub-02,1982,stimulus_1982,2,1,train
sub-02,1983,stimulus_1983,2,2,train
sub-02,1984,stimulus_1984,1,0,train
sub-02,1985,stimulus_1985,0,2,train
sub-02,1986,stimulus_1986,3,0,train
sub-02,1987,stimulus_1987,0,1,train
sub-02,1988,stimulus_1988,3,0,val
sub-02,1989,stimulus_1989,3,1,train
sub-02,1990,stimulus_1990,0,1,train
sub-02,1991,stimulus_1991,0,1,train
sub-02,1992,stimulus_1992,3,3,train
sub-02,1993,stimulus_1993,3,3,train
sub-02,1994,stimulus_1994,1,0,train
sub-02,1995,stimulus_1995,2,1,train
sub-02,1996,stimulus_1996,1,1,train
sub-02,1997,stimulus_1997,2,1,test
sub-02,1998,stimulus_1998,2,3,train
sub-02,1999,stimulus_1999,0,2,val
sub-02,2000,stimulus_2000,3,1,test
sub-02,2001,stimulus_2001,3,1,train
sub-02,2002,stimulus_2002,3,0,train
sub-02,2003,stimulus_2003,1,3,val
sub-02,2004,stimulus_2004,0,0,val
sub-02,2005,stimulus_2005,1,0,train
sub-02,2006,stimulus_2006,0,3,test
sub-02,2007,stimulus_2007,2,0,train
sub-02,2008,stimulus_2008,0,2,train
sub-02,2009,stimulus_2009,0,0,train
sub-02,2010,stimulus_2010,0,1,train
sub-02,2011,stimulus_2011,0,1,train
sub-02,2012,stimulus_2012,0,3,val
sub-02,2013,stimulus_2013,3,2,train
sub-02,2014,stimulus_2014,1,1,train
sub-02,2015,stimulus_2015,2,3,train
sub-02,2016,stimulus_2016,0,0,train
sub-02,2017,stimulus_2017,2,3,train
sub-02,2018,stimulus_2018,0,0,train
sub-02,2019,stimulus_2019,0,0,train
sub-02,2020,stimulus_2020,0,0,train
sub-02,2021,stimulus_2021,2,3,train
sub-02,2022,stimulus_2022,0,1,train
sub-02,2023,stimulus_2023,2,2,val
sub-02,2024,stimulus_2024,0,0,train
sub-02,2025,stimulus_2025,1,2,train
sub-02,2026,stimulus_2026,2,0,train
sub-02,2027,stimulus_2027,1,0,train
sub-02,2028,stimulus_2028,2,1,train
sub-02,2029,stimulus_2029,2,3,test
sub-02,2030,stimulus_2030,3,3,train
sub-02,2031,stimulus_2031,2,2,train
sub-02,2032,stimulus_2032,2,2,train
sub-02,2033,stimulus_2033,2,3,train
sub-02,2034,stimulus_2034,3,3,train
sub-02,2035,stimulus_2035,2,3,train
sub-02,2036,stimulus_2036,1,0,train
sub-02,2037,stimulus_2037,2,3,test
sub-02,2038,stimulus_2038,1,1,train
sub-02,2039,stimulus_2039,1,1,train
sub-02,2040,stimulus_2040,3,3,train
sub-02,2041,stimulus_2041,2,2,train
sub-02,2042,stimulus_2042,1,1,train
sub-02,2043,stimulus_2043,3,2,train
sub-02,2044,stimulus_2044,3,1,train
sub-02,2045,stimulus_2045,2,3,test
sub-02,2046,stimulus_2046,1,3,train
sub-02,2047,stimulus_2047,0,3,train
sub-02,2048,stimulus_2048,0,0,train
sub-02,2049,stimulus_2049,0,2,train
sub-02,2050,stimulus_2050,1,1,train
sub-02,2051,stimulus_2051,1,2,train
sub-02,2052,stimulus_2052,1,3,train
sub-02,2053,stimulus_2053,2,3,train
sub-02,2054,stimulus_2054,0,2,train
sub-02,2055,stimulus_2055,0,0,train
sub-02,2056,stimulus_2056,2,0,train
sub-02,2057,stimulus_2057,3,2,train
sub-02,2058,stimulus_2058,0,1,val
sub-02,2059,stimulus_2059,3,1,train
sub-02,2060,stimulus_2060,2,1,val
sub-02,2061,stimulus_2061,3,1,train
sub-02,2062,stimulus_2062,0,0,val
sub-02,2063,stimulus_2063,3,3,test
sub-02,2064,stimulus_2064,1,0,train
sub-02,2065,stimulus_2065,2,3,train
sub-02,2066,stimulus_2066,0,1,train
sub-02,2067,stimulus_2067,0,2,train
sub-02,2068,stimulus_2068,0,3,train
sub-02,2069,stimulus_2069,0,3,train
sub-02,2070,stimulus_2070,3,1,train
sub-02,2071,stimulus_2071,3,1,train
sub-02,2072,stimulus_2072,3,1,train
sub-02,2073,stimulus_2073,1,3,train
sub-02,2074,stimulus_2074,1,2,test
sub-02,2075,stimulus_2075,2,2,train
sub-02,2076,stimulus_2076,1,2,train
sub-02,2077,stimulus_2077,3,3,train
sub-02,2078,stimulus_2078,3,3,train
sub-02,2079,stimulus_2079,1,0,train
sub-02,2080,stimulus_2080,0,2,train
sub-02,2081,stimulus_2081,0,1,train
sub-02,2082,stimulus_2082,3,1,train
sub-02,2083,stimulus_2083,2,1,train
sub-02,2084,stimulus_2084,1,2,train
sub-02,2085,stimulus_2085,3,3,train
sub-02,2086,stimulus_2086,0,1,train
sub-02,2087,stimulus_2087,2,1,train
sub-02,2088,stimulus_2088,2,2,train
sub-02,2089,stimulus_2089,3,3,train
sub-02,2090,stimulus_2090,1,1,train
sub-02,2091,stimulus_2091,0,3,train
sub-02,2092,stimulus_2092,3,3,val
sub-02,2093,stimulus_2093,2,1,train
sub-02,2094,stimulus_2094,1,1,train
sub-02,2095,stimulus_2095,3,1,train
sub-02,2096,stimulus_2096,3,0,train
sub-02,2097,stimulus_2097,1,3,train
sub-02,2098,stimulus_2098,2,3,train
sub-02,2099,stimulus_2099,2,2,train
sub-02,2100,stimulus_2100,3,2,train
sub-02,2101,stimulus_2101,1,0,train
sub-02,2102,stimulus_2102,3,3,train
sub-02,2103,stimulus_2103,1,3,train
sub-02,2104,stimulus_2104,1,0,train
sub-02,2105,stimulus_2105,1,3,train
sub-02,2106,stimulus_2106,0,0,train
sub-02,2107,stimulus_2107,2,0,train
sub-02,2108,stimulus_2108,2,3,train
sub-02,2109,stimulus_2109,0,1,train
sub-02,2110,stimulus_2110,3,3,train
sub-02,2111,stimulus_2111,0,0,test
sub-02,2112,stimulus_2112,2,1,train
sub-02,2113,stimulus_2113,3,3,train
sub-02,2114,stimulus_2114,3,1,test
sub-02,2115,stimulus_2115,0,2,train
sub-02,2116,stimulus_2116,0,0,train
sub-02,2117,stimulus_2117,3,1,train
sub-02,2118,stimulus_2118,3,1,train
sub-02,2119,stimulus_2119,1,0,train
sub-02,2120,stimulus_2120,0,3,train
sub-02,2121,stimulus_2121,0,3,test
sub-02,2122,stimulus_2122,0,2,val
sub-02,2123,stimulus_2123,0,1,val
sub-02,2124,stimulus_2124,0,3,train
sub-02,2125,stimulus_2125,1,1,train
sub-02,2126,stimulus_2126,1,0,test
sub-02,2127,stimulus_2127,1,0,train
sub-02,2128,stimulus_2128,1,0,test
sub-02,2129,stimulus_2129,1,0,test
sub-02,2130,stimulus_2130,0,1,test
sub-02,2131,stimulus_2131,3,0,train
sub-02,2132,stimulus_2132,1,0,train
sub-02,2133,stimulus_2133,1,0,train
sub-02,2134,stimulus_2134,2,0,train
sub-02,2135,stimulus_2135,0,1,train
sub-02,2136,stimulus_2136,1,0,train
sub-02,2137,stimulus_2137,3,3,train
sub-02,2138,stimulus_2138,3,3,test
sub-02,2139,stimulus_2139,0,1,test
sub-02,2140,stimulus_2140,3,3,train
sub-02,2141,stimulus_2141,0,0,train
sub-02,2142,stimulus_2142,0,0,train
sub-02,2143,stimulus_2143,3,3,val
sub-02,2144,stimulus_2144,0,1,train
sub-02,2145,stimulus_2145,2,1,train
sub-02,2146,stimulus_2146,3,2,train
sub-02,2147,stimulus_2147,0,1,val
sub-02,2148,stimulus_2148,1,2,test
sub-02,2149,stimulus_2149,3,2,train
sub-02,2150,stimulus_2150,3,1,train
sub-02,2151,stimulus_2151,1,1,train
sub-02,2152,stimulus_2152,0,1,train
sub-02,2153,stimulus_2153,0,2,train
sub-02,2154,stimulus_2154,3,2,train
sub-02,2155,stimulus_2155,1,0,train
sub-02,2156,stimulus_2156,1,1,train
sub-02,2157,stimulus_2157,0,1,train
sub-02,2158,stimulus_2158,3,3,train
sub-02,2159,stimulus_2159,0,0,val
sub-02,2160,stimulus_2160,1,0,train
sub-02,2161,stimulus_2161,0,3,train
sub-02,2162,stimulus_2162,0,2,train
sub-02,2163,stimulus_2163,3,0,train
sub-02,2164,stimulus_2164,1,3,train
sub-02,2165,stimulus_2165,1,0,train
sub-02,2166,stimulus_2166,2,1,train
sub-02,2167,stimulus_2167,2,2,train
sub-02,2168,stimulus_2168,0,2,train
sub-02,2169,stimulus_2169,0,0,train
sub-02,2170,stimulus_2170,2,3,train
sub-02,2171,stimulus_2171,2,0,train
sub-02,2172,stimulus_2172,1,0,train
sub-02,2173,stimulus_2173,3,1,train
sub-02,2174,stimulus_2174,0,0,train
sub-02,2175,stimulus_2175,2,1,train
sub-02,2176,stimulus_2176,2,1,train
sub-02,2177,stimulus_2177,0,0,train
sub-02,2178,stimulus_2178,1,2,test
sub-02,2179,stimulus_2179,3,3,train
sub-02,2180,stimulus_2180,1,1,train
sub-02,2181,stimulus_2181,3,2,train
sub-02,2182,stimulus_2182,3,3,train
sub-02,2183,stimulus_2183,0,1,train
sub-02,2184,stimulus_2184,1,1,train
sub-02,2185,stimulus_2185,1,1,train
sub-03,1,stimulus_1,0,1,test
sub-03,2,stimulus_2,1,1,val
sub-03,3,stimulus_3,2,3,train
sub-03,4,stimulus_4,1,0,train
sub-03,5,stimulus_5,0,3,train
sub-03,6,stimulus_6,2,1,train
sub-03,7,stimulus_7,1,0,train
sub-03,8,stimulus_8,3,0,val
sub-03,9,stimulus_9,0,0,train
sub-03,10,stimulus_10,3,3,test
sub-03,11,stimulus_11,3,3,train
sub-03,12,stimulus_12,2,1,val
sub-03,13,stimulus_13,3,3,train
sub-03,14,stimulus_14,2,2,train
sub-03,15,stimulus_15,0,3,train
sub-03,16,stimulus_16,3,3,train
sub-03,17,stimulus_17,3,2,train
sub-03,18,stimulus_18,0,2,train
sub-03,19,stimulus_19,3,2,train
sub-03,20,stimulus_20,2,3,test
sub-03,21,stimulus_21,0,2,train
sub-03,22,stimulus_22,1,3,train
sub-03,23,stimulus_23,3,2,val
sub-03,24,stimulus_24,1,1,train
sub-03,25,stimulus_25,0,1,train
sub-03,26,stimulus_26,3,1,train
sub-03,27,stimulus_27,0,2,train
sub-03,28,stimulus_28,0,1,train
sub-03,29,stimulus_29,3,2,test
sub-03,30,stimulus_30,0,2,train
sub-03,31,stimulus_31,0,2,train
sub-03,32,stimulus_32,2,2,train
sub-03,33,stimulus_33,2,2,train
sub-03,34,stimulus_34,2,2,train
sub-03,35,stimulus_35,3,2,train
sub-03,36,stimulus_36,2,1,train
sub-03,37,stimulus_37,3,3,train
sub-03,38,stimulus_38,2,2,test
sub-03,39,stimulus_39,2,0,train
sub-03,40,stimulus_40,3,1,train
sub-03,41,stimulus_41,3,1,test
sub-03,42,stimulus_42,1,1,train
sub-03,43,stimulus_43,3,2,train
sub-03,44,stimulus_44,2,2,train
sub-03,45,stimulus_45,0,1,train
sub-03,46,stimulus_46,0,1,train
sub-03,47,stimulus_47,1,0,val
sub-03,48,stimulus_48,0,0,test
sub-03,49,stimulus_49,2,0,train
sub-03,50,stimulus_50,2,1,train
sub-03,51,stimulus_51,0,0,test
sub-03,52,stimulus_52,1,1,train
sub-03,53,stimulus_53,1,0,test
sub-03,54,stimulus_54,1,1,train
sub-03,55,stimulus_55,2,3,train
sub-03,56,stimulus_56,1,1,train
sub-03,57,stimulus_57,2,3,train
sub-03,58,stimulus_58,3,3,train
sub-03,59,stimulus_59,0,0,train
sub-03,60,stimulus_60,1,2,train
sub-03,61,stimulus_61,1,0,train
sub-03,62,stimulus_62,0,0,test
sub-03,63,stimulus_63,1,0,test
sub-03,64,stimulus_64,1,0,train
sub-03,65,stimulus_65,1,2,train
sub-03,66,stimulus_66,1,0,train
sub-03,67,stimulus_67,0,0,train
sub-03,68,stimulus_68,1,0,train
sub-03,69,stimulus_69,2,1,train
sub-03,70,stimulus_70,1,0,train
sub-03,71,stimulus_71,0,0,train
sub-03,72,stimulus_72,1,0,train
sub-03,73,stimulus_73,0,1,train
sub-03,74,stimulus_74,3,2,train
sub-03,75,stimulus_75,2,1,train
sub-03,76,stimulus_76,1,1,val
sub-03,77,stimulus_77,1,0,train
sub-03,78,stimulus_78,3,1,train
sub-03,79,stimulus_79,0,0,train
sub-03,80,stimulus_80,1,1,train
sub-03,81,stimulus_81,0,2,train
sub-03,82,stimulus_82,2,1,train
sub-03,83,stimulus_83,3,0,train
sub-03,84,stimulus_84,2,1,train
sub-03,85,stimulus_85,2,1,train
sub-03,86,stimulus_86,1,1,train
sub-03,87,stimulus_87,3,1,train
sub-03,88,stimulus_88,2,1,train
sub-03,89,stimulus_89,0,1,train
sub-03,90,stimulus_90,3,1,train
sub-03,91,stimulus_91,2,1,train
sub-03,92,stimulus_92,2,1,train
sub-03,93,stimulus_93,1,2,train
sub-03,94,stimulus_94,3,0,test
sub-03,95,stimulus_95,0,1,val
sub-03,96,stimulus_96,0,3,train
sub-03,97,stimulus_97,1,2,train
sub-03,98,stimulus_98,3,1,train
sub-03,99,stimulus_99,1,2,val
sub-03,100,stimulus_100,3,3,train
sub-03,101,stimulus_101,3,3,train
sub-03,102,stimulus_102,3,2,train
sub-03,103,stimulus_103,1,0,train
sub-03,104,stimulus_104,0,0,train
sub-03,105,stimulus_105,1,1,train
sub-03,106,stimulus_106,1,0,train
sub-03,107,stimulus_107,0,1,train
sub-03,108,stimulus_108,2,2,train
sub-03,109,stimulus_109,0,2,val
sub-03,110,stimulus_110,3,1,train
sub-03,111,stimulus_111,3,2,train
sub-03,112,stimulus_112,2,3,train
sub-03,113,stimulus_113,3,1,test
sub-03,114,stimulus_114,2,1,train
sub-03,115,stimulus_115,1,2,train
sub-03,116,stimulus_116,3,1,train
sub-03,117,stimulus_117,1,0,train
sub-03,118,stimulus_118,1,1,val
sub-03,119,stimulus_119,0,1,train
sub-03,120,stimulus_120,2,0,train
sub-03,121,stimulus_121,2,1,train
sub-03,122,stimulus_122,1,1,train
sub-03,123,stimulus_123,3,1,test
sub-03,124,stimulus_124,0,0,train
sub-03,125,stimulus_125,3,2,train
sub-03,126,stimulus_126,3,2,train
sub-03,127,stimulus_127,0,3,train
sub-03,128,stimulus_128,0,1,train
sub-03,129,stimulus_129,0,2,train
sub-03,130,stimulus_130,2,2,train
sub-03,131,stimulus_131,2,0,train
sub-03,132,stimulus_132,0,0,train
sub-03,133,stimulus_133,0,0,train
sub-03,134,stimulus_134,1,2,train
sub-03,135,stimulus_135,0,0,train
sub-03,136,stimulus_136,0,0,train
sub-03,137,stimulus_137,0,0,train
sub-03,138,stimulus_138,1,0,val
sub-03,139,stimulus_139,1,1,train
sub-03,140,stimulus_140,2,3,train
sub-03,141,stimulus_141,0,0,train
sub-03,142,stimulus_142,2,0,train
sub-03,143,stimulus_143,1,0,train
sub-03,144,stimulus_144,1,0,test
sub-03,145,stimulus_145,1,3,train
sub-03,146,stimulus_146,3,3,test
sub-03,147,stimulus_147,2,2,train
sub-03,148,stimulus_148,1,3,train
sub-03,149,stimulus_149,3,2,train
sub-03,150,stimulus_150,2,2,test
sub-03,151,stimulus_151,3,2,train
sub-03,152,stimulus_152,3,3,train
sub-03,153,stimulus_153,0,0,train
sub-03,154,stimulus_154,0,0,val
sub-03,155,stimulus_155,1,0,val
sub-03,156,stimulus_156,1,3,train
sub-03,157,stimulus_157,1,3,train
sub-03,158,stimulus_158,0,1,train
sub-03,159,stimulus_159,0,1,train
sub-03,160,stimulus_160,1,2,train
sub-03,161,stimulus_161,3,2,train
sub-03,162,stimulus_162,3,3,train
sub-03,163,stimulus_163,3,3,train
sub-03,164,stimulus_164,3,1,train
sub-03,165,stimulus_165,3,2,train
sub-03,166,stimulus_166,0,2,train
sub-03,167,stimulus_167,3,3,test
sub-03,168,stimulus_168,2,0,train
sub-03,169,stimulus_169,1,1,train
sub-03,170,stimulus_170,0,3,val
sub-03,171,stimulus_171,2,2,train
sub-03,172,stimulus_172,3,1,train
sub-03,173,stimulus_173,2,2,train
sub-03,174,stimulus_174,1,1,train
sub-03,175,stimulus_175,2,3,train
sub-03,176,stimulus_176,3,3,train
sub-03,177,stimulus_177,2,2,val
sub-03,178,stimulus_178,2,0,train
sub-03,179,stimulus_179,1,0,train
sub-03,180,stimulus_180,2,2,train
sub-03,181,stimulus_181,0,1,train
sub-03,182,stimulus_182,3,3,train
sub-03,183,stimulus_183,2,3,train
sub-03,184,stimulus_184,3,3,val
sub-03,185,stimulus_185,2,3,train
sub-03,186,stimulus_186,0,0,train
sub-03,187,stimulus_187,0,0,train
sub-03,188,stimulus_188,3,1,train
sub-03,189,stimulus_189,0,3,train
sub-03,190,stimulus_190,0,2,train
sub-03,191,stimulus_191,3,2,train
sub-03,192,stimulus_192,3,3,train
sub-03,193,stimulus_193,2,1,train
sub-03,194,stimulus_194,2,0,train
sub-03,195,stimulus_195,0,1,train
sub-03,196,stimulus_196,3,2,train
sub-03,197,stimulus_197,0,3,train
sub-03,198,stimulus_198,3,0,train
sub-03,199,stimulus_199,2,2,train
sub-03,200,stimulus_200,2,3,train
sub-03,201,stimulus_201,2,1,val
sub-03,202,stimulus_202,1,3,train
sub-03,203,stimulus_203,1,0,train
sub-03,204,stimulus_204,3,1,train
sub-03,205,stimulus_205,3,3,train
sub-03,206,stimulus_206,3,3,train
sub-03,207,stimulus_207,3,3,test
sub-03,208,stimulus_208,0,1,train
sub-03,209,stimulus_209,1,2,train
sub-03,210,stimulus_210,1,2,train
sub-03,211,stimulus_211,0,1,train
sub-03,212,stimulus_212,1,1,train
sub-03,213,stimulus_213,0,1,train
sub-03,214,stimulus_214,0,0,train
sub-03,215,stimulus_215,3,3,train
sub-03,216,stimulus_216,0,2,train
sub-03,217,stimulus_217,3,3,val
sub-03,218,stimulus_218,0,2,val
sub-03,219,stimulus_219,3,3,train
sub-03,220,stimulus_220,2,3,train
sub-03,221,stimulus_221,1,2,train
sub-03,222,stimulus_222,0,3,train
sub-03,223,stimulus_223,0,3,train
sub-03,224,stimulus_224,2,2,val
sub-03,225,stimulus_225,0,0,train
sub-03,226,stimulus_226,0,0,train
sub-03,227,stimulus_227,2,1,train
sub-03,228,stimulus_228,3,3,test
sub-03,229,stimulus_229,2,3,train
sub-03,230,stimulus_230,3,3,val
sub-03,231,stimulus_231,1,3,train
sub-03,232,stimulus_232,3,3,train
sub-03,233,stimulus_233,1,3,train
sub-03,234,stimulus_234,0,3,train
sub-03,235,stimulus_235,0,1,val
sub-03,236,stimulus_236,0,0,train
sub-03,237,stimulus_237,3,3,train
sub-03,238,stimulus_238,0,3,train
sub-03,239,stimulus_239,1,3,train
sub-03,240,stimulus_240,0,2,train
sub-03,241,stimulus_241,2,1,train
sub-03,242,stimulus_242,1,1,val
sub-03,243,stimulus_243,0,1,train
sub-03,244,stimulus_244,0,1,train
sub-03,245,stimulus_245,2,1,train
sub-03,246,stimulus_246,2,2,train
sub-03,247,stimulus_247,2,1,train
sub-03,248,stimulus_248,2,3,train
sub-03,249,stimulus_249,0,2,train
sub-03,250,stimulus_250,1,1,train
sub-03,251,stimulus_251,3,3,train
sub-03,252,stimulus_252,0,1,train
sub-03,253,stimulus_253,3,3,test
sub-03,254,stimulus_254,1,1,val
sub-03,255,stimulus_255,3,0,train
sub-03,256,stimulus_256,3,3,train
sub-03,257,stimulus_257,2,1,train
sub-03,258,stimulus_258,3,3,val
sub-03,259,stimulus_259,0,3,train
sub-03,260,stimulus_260,3,3,train
sub-03,261,stimulus_261,3,3,train
sub-03,262,stimulus_262,1,3,train
sub-03,263,stimulus_263,2,0,train
sub-03,264,stimulus_264,3,3,test
sub-03,265,stimulus_265,2,1,train
sub-03,266,stimulus_266,0,3,train
sub-03,267,stimulus_267,3,1,train
sub-03,268,stimulus_268,0,0,val
sub-03,269,stimulus_269,0,3,val
sub-03,270,stimulus_270,1,3,train
sub-03,271,stimulus_271,0,3,train
sub-03,272,stimulus_272,1,2,train
sub-03,273,stimulus_273,3,3,train
sub-03,274,stimulus_274,3,0,train
sub-03,275,stimulus_275,3,3,train
sub-03,276,stimulus_276,0,1,train
sub-03,277,stimulus_277,3,2,train
sub-03,278,stimulus_278,0,0,train
sub-03,279,stimulus_279,0,0,val
sub-03,280,stimulus_280,2,3,test
sub-03,281,stimulus_281,2,3,train
sub-03,282,stimulus_282,1,0,train
sub-03,283,stimulus_283,1,2,train
sub-03,284,stimulus_284,2,1,train
sub-03,285,stimulus_285,1,0,test
sub-03,286,stimulus_286,2,2,train
sub-03,287,stimulus_287,2,3,train
sub-03,288,stimulus_288,0,0,train
sub-03,289,stimulus_289,3,3,train
sub-03,290,stimulus_290,2,0,train
sub-03,291,stimulus_291,3,3,train
sub-03,292,stimulus_292,3,2,train
sub-03,293,stimulus_293,3,2,train
sub-03,294,stimulus_294,2,2,test
sub-03,295,stimulus_295,3,3,train
sub-03,296,stimulus_296,3,1,train
sub-03,297,stimulus_297,3,1,train
sub-03,298,stimulus_298,2,0,train
sub-03,299,stimulus_299,0,0,train
sub-03,300,stimulus_300,1,0,train
sub-03,301,stimulus_301,3,1,train
sub-03,302,stimulus_302,2,3,train
sub-03,303,stimulus_303,2,1,train
sub-03,304,stimulus_304,3,1,train
sub-03,305,stimulus_305,2,0,train
sub-03,306,stimulus_306,0,0,train
sub-03,307,stimulus_307,3,2,train
sub-03,308,stimulus_308,0,3,train
sub-03,309,stimulus_309,2,3,train
sub-03,310,stimulus_310,2,2,train
sub-03,311,stimulus_311,2,2,train
sub-03,312,stimulus_312,0,2,train
sub-03,313,stimulus_313,1,2,train
sub-03,314,stimulus_314,2,2,train
sub-03,315,stimulus_315,3,1,train
sub-03,316,stimulus_316,0,3,train
sub-03,317,stimulus_317,3,3,train
sub-03,318,stimulus_318,1,2,val
sub-03,319,stimulus_319,3,1,train
sub-03,320,stimulus_320,3,3,train
sub-03,321,stimulus_321,3,3,val
sub-03,322,stimulus_322,3,2,train
sub-03,323,stimulus_323,3,2,train
sub-03,324,stimulus_324,1,3,train
sub-03,325,stimulus_325,3,3,train
sub-03,326,stimulus_326,1,0,train
sub-03,327,stimulus_327,2,3,train
sub-03,328,stimulus_328,3,3,train
sub-03,329,stimulus_329,0,2,train
sub-03,330,stimulus_330,2,3,train
sub-03,331,stimulus_331,3,2,val
sub-03,332,stimulus_332,0,2,train
sub-03,333,stimulus_333,1,1,train
sub-03,334,stimulus_334,1,1,train
sub-03,335,stimulus_335,0,0,train
sub-03,336,stimulus_336,2,3,test
sub-03,337,stimulus_337,3,3,val
sub-03,338,stimulus_338,1,3,train
sub-03,339,stimulus_339,3,0,val
sub-03,340,stimulus_340,1,0,train
sub-03,341,stimulus_341,1,1,train
sub-03,342,stimulus_342,2,2,train
sub-03,343,stimulus_343,2,1,train
sub-03,344,stimulus_344,3,0,train
sub-03,345,stimulus_345,0,1,train
sub-03,346,stimulus_346,2,1,val
sub-03,347,stimulus_347,2,3,train
sub-03,348,stimulus_348,3,0,train
sub-03,349,stimulus_349,2,3,train
sub-03,350,stimulus_350,1,0,test
sub-03,351,stimulus_351,1,0,train
sub-03,352,stimulus_352,0,1,train
sub-03,353,stimulus_353,3,3,train
sub-03,354,stimulus_354,3,0,train
sub-03,355,stimulus_355,0,3,train
sub-03,356,stimulus_356,3,2,train
sub-03,357,stimulus_357,2,2,train
sub-03,358,stimulus_358,3,3,train
sub-03,359,stimulus_359,1,2,train
sub-03,360,stimulus_360,2,0,train
sub-03,361,stimulus_361,2,0,train
sub-03,362,stimulus_362,3,2,train
sub-03,363,stimulus_363,0,1,train
sub-03,364,stimulus_364,0,2,train
sub-03,365,stimulus_365,3,2,train
sub-03,366,stimulus_366,3,2,train
sub-03,367,stimulus_367,1,1,train
sub-03,368,stimulus_368,2,0,train
sub-03,369,stimulus_369,2,1,train
sub-03,370,stimulus_370,1,2,train
sub-03,371,stimulus_371,1,0,train
sub-03,372,stimulus_372,1,2,train
sub-03,373,stimulus_373,1,1,val
sub-03,374,stimulus_374,0,1,val
sub-03,375,stimulus_375,1,3,train
sub-03,376,stimulus_376,1,1,train
sub-03,377,stimulus_377,0,2,train
sub-03,378,stimulus_378,1,0,train
sub-03,379,stimulus_379,0,1,test
sub-03,380,stimulus_380,3,3,train
sub-03,381,stimulus_381,3,2,train
sub-03,382,stimulus_382,1,0,train
sub-03,383,stimulus_383,0,1,train
sub-03,384,stimulus_384,0,1,train
sub-03,385,stimulus_385,1,3,val
sub-03,386,stimulus_386,2,0,train
sub-03,387,stimulus_387,0,1,test
sub-03,388,stimulus_388,3,2,train
sub-03,389,stimulus_389,0,3,test
sub-03,390,stimulus_390,1,0,train
sub-03,391,stimulus_391,3,3,train
sub-03,392,stimulus_392,3,2,train
sub-03,393,stimulus_393,0,0,train
sub-03,394,stimulus_394,2,1,train
sub-03,395,stimulus_395,1,3,train
sub-03,396,stimulus_396,3,1,test
sub-03,397,stimulus_397,2,0,train
sub-03,398,stimulus_398,1,0,test
sub-03,399,stimulus_399,2,0,train
sub-03,400,stimulus_400,3,2,test
sub-03,401,stimulus_401,1,1,train
sub-03,402,stimulus_402,2,1,train
sub-03,403,stimulus_403,3,0,val
sub-03,404,stimulus_404,2,1,train
sub-03,405,stimulus_405,3,0,test
sub-03,406,stimulus_406,0,0,train
sub-03,407,stimulus_407,2,0,train
sub-03,408,stimulus_408,1,1,train
sub-03,409,stimulus_409,3,3,train
sub-03,410,stimulus_410,3,0,train
sub-03,411,stimulus_411,3,3,train
sub-03,412,stimulus_412,2,1,train
sub-03,413,stimulus_413,3,0,train
sub-03,414,stimulus_414,0,0,train
sub-03,415,stimulus_415,2,0,train
sub-03,416,stimulus_416,2,1,train
sub-03,417,stimulus_417,0,3,train
sub-03,418,stimulus_418,3,0,train
sub-03,419,stimulus_419,1,3,val
sub-03,420,stimulus_420,3,2,train
sub-03,421,stimulus_421,3,0,train
sub-03,422,stimulus_422,0,3,train
sub-03,423,stimulus_423,0,1,train
sub-03,424,stimulus_424,1,1,train
sub-03,425,stimulus_425,3,2,train
sub-03,426,stimulus_426,3,3,train
sub-03,427,stimulus_427,2,1,train
sub-03,428,stimulus_428,1,2,train
sub-03,429,stimulus_429,3,3,train
sub-03,430,stimulus_430,2,3,train
sub-03,431,stimulus_431,3,3,train
sub-03,432,stimulus_432,3,3,val
sub-03,433,stimulus_433,2,3,train
sub-03,434,stimulus_434,0,1,train
sub-03,435,stimulus_435,0,2,val
sub-03,436,stimulus_436,0,2,train
sub-03,437,stimulus_437,0,2,train
sub-03,438,stimulus_438,3,0,test
sub-03,439,stimulus_439,0,1,train
sub-03,440,stimulus_440,1,0,train
sub-03,441,stimulus_441,0,0,train
sub-03,442,stimulus_442,1,3,train
sub-03,443,stimulus_443,0,2,train
sub-03,444,stimulus_444,0,1,train
sub-03,445,stimulus_445,3,3,test
sub-03,446,stimulus_446,3,1,train
sub-03,447,stimulus_447,2,2,train
sub-03,448,stimulus_448,1,3,train
sub-03,449,stimulus_449,2,2,test
sub-03,450,stimulus_450,0,2,train
sub-03,451,stimulus_451,0,3,train
sub-03,452,stimulus_452,3,3,train
sub-03,453,stimulus_453,1,0,val
sub-03,454,stimulus_454,3,2,train
sub-03,455,stimulus_455,1,0,test
sub-03,456,stimulus_456,2,2,train
sub-03,457,stimulus_457,1,1,test
sub-03,458,stimulus_458,3,3,train
sub-03,459,stimulus_459,1,2,train
sub-03,460,stimulus_460,0,3,train
sub-03,461,stimulus_461,0,3,test
sub-03,462,stimulus_462,3,2,train
sub-03,463,stimulus_463,2,1,train
sub-03,464,stimulus_464,0,0,train
sub-03,465,stimulus_465,3,3,train
sub-03,466,stimulus_466,0,1,train
sub-03,467,stimulus_467,2,2,train
sub-03,468,stimulus_468,2,1,train
sub-03,469,stimulus_469,2,3,train
sub-03,470,stimulus_470,1,1,train
sub-03,471,stimulus_471,2,1,val
sub-03,472,stimulus_472,3,2,train
sub-03,473,stimulus_473,2,2,test
sub-03,474,stimulus_474,0,3,train
sub-03,475,stimulus_475,1,2,test
sub-03,476,stimulus_476,2,3,val
sub-03,477,stimulus_477,1,1,val
sub-03,478,stimulus_478,2,3,train
sub-03,479,stimulus_479,3,1,train
sub-03,480,stimulus_480,3,3,train
sub-03,481,stimulus_481,0,2,train
sub-03,482,stimulus_482,0,2,train
sub-03,483,stimulus_483,3,1,train
sub-03,484,stimulus_484,1,1,train
sub-03,485,stimulus_485,1,1,train
sub-03,486,stimulus_486,1,1,train
sub-03,487,stimulus_487,2,3,train
sub-03,488,stimulus_488,1,0,test
sub-03,489,stimulus_489,0,3,val
sub-03,490,stimulus_490,0,1,val
sub-03,491,stimulus_491,2,1,train
sub-03,492,stimulus_492,0,0,test
sub-03,493,stimulus_493,2,1,test
sub-03,494,stimulus_494,0,1,train
sub-03,495,stimulus_495,0,0,train
sub-03,496,stimulus_496,1,2,train
sub-03,497,stimulus_497,1,1,train
sub-03,498,stimulus_498,1,1,train
sub-03,499,stimulus_499,1,2,train
sub-03,500,stimulus_500,1,3,train
sub-03,501,stimulus_501,3,3,train
sub-03,502,stimulus_502,1,1,test
sub-03,503,stimulus_503,2,3,train
sub-03,504,stimulus_504,1,3,train
sub-03,505,stimulus_505,1,1,val
sub-03,506,stimulus_506,2,3,train
sub-03,507,stimulus_507,3,1,train
sub-03,508,stimulus_508,1,0,train
sub-03,509,stimulus_509,1,2,train
sub-03,510,stimulus_510,1,0,val
sub-03,511,stimulus_511,3,3,val
sub-03,512,stimulus_512,0,0,test
sub-03,513,stimulus_513,0,0,train
sub-03,514,stimulus_514,0,0,train
sub-03,515,stimulus_515,3,1,train
sub-03,516,stimulus_516,3,3,train
sub-03,517,stimulus_517,1,3,train
sub-03,518,stimulus_518,3,0,val
sub-03,519,stimulus_519,3,0,train
sub-03,520,stimulus_520,2,1,train
sub-03,521,stimulus_521,3,1,train
sub-03,522,stimulus_522,0,3,train
sub-03,523,stimulus_523,1,0,train
sub-03,524,stimulus_524,0,3,train
sub-03,525,stimulus_525,2,1,test
sub-03,526,stimulus_526,2,2,train
sub-03,527,stimulus_527,2,0,train
sub-03,528,stimulus_528,3,0,train
sub-03,529,stimulus_529,0,0,train
sub-03,530,stimulus_530,3,2,train
sub-03,531,stimulus_531,3,2,train
sub-03,532,stimulus_532,0,0,train
sub-03,533,stimulus_533,1,3,train
sub-03,534,stimulus_534,3,3,train
sub-03,535,stimulus_535,3,1,train
sub-03,536,stimulus_536,0,3,train
sub-03,537,stimulus_537,2,2,train
sub-03,538,stimulus_538,2,2,test
sub-03,539,stimulus_539,3,3,train
sub-03,540,stimulus_540,3,3,test
sub-03,541,stimulus_541,2,1,val
sub-03,542,stimulus_542,2,0,train
sub-03,543,stimulus_543,3,1,train
sub-03,544,stimulus_544,1,2,train
sub-03,545,stimulus_545,2,1,train
sub-03,546,stimulus_546,2,3,train
sub-03,547,stimulus_547,0,1,train
sub-03,548,stimulus_548,0,1,train
sub-03,549,stimulus_549,2,1,train
sub-03,550,stimulus_550,2,3,train
sub-03,551,stimulus_551,0,0,train
sub-03,552,stimulus_552,1,0,train
sub-03,553,stimulus_553,3,2,train
sub-03,554,stimulus_554,0,0,train
sub-03,555,stimulus_555,3,3,train
sub-03,556,stimulus_556,1,0,train
sub-03,557,stimulus_557,1,1,train
sub-03,558,stimulus_558,0,3,train
sub-03,559,stimulus_559,1,1,train
sub-03,560,stimulus_560,3,2,train
sub-03,561,stimulus_561,3,2,train
sub-03,562,stimulus_562,2,1,train
sub-03,563,stimulus_563,0,0,test
sub-03,564,stimulus_564,0,0,test
sub-03,565,stimulus_565,0,1,train
sub-03,566,stimulus_566,0,2,test
sub-03,567,stimulus_567,2,3,train
sub-03,568,stimulus_568,1,3,train
sub-03,569,stimulus_569,1,0,train
sub-03,570,stimulus_570,3,3,train
sub-03,571,stimulus_571,3,1,train
sub-03,572,stimulus_572,1,2,train
sub-03,573,stimulus_573,3,1,train
sub-03,574,stimulus_574,3,3,train
sub-03,575,stimulus_575,1,2,train
sub-03,576,stimulus_576,3,3,train
sub-03,577,stimulus_577,3,0,train
sub-03,578,stimulus_578,2,1,train
sub-03,579,stimulus_579,3,2,train
sub-03,580,stimulus_580,2,1,train
sub-03,581,stimulus_581,2,0,train
sub-03,582,stimulus_582,1,0,train
sub-03,583,stimulus_583,1,1,train
sub-03,584,stimulus_584,3,0,train
sub-03,585,stimulus_585,1,1,train
sub-03,586,stimulus_586,1,0,train
sub-03,587,stimulus_587,2,1,val
sub-03,588,stimulus_588,0,1,train
sub-03,589,stimulus_589,1,3,train
sub-03,590,stimulus_590,3,0,train
sub-03,591,stimulus_591,3,1,train
sub-03,592,stimulus_592,2,1,train
sub-03,593,stimulus_593,3,2,train
sub-03,594,stimulus_594,1,1,train
sub-03,595,stimulus_595,0,3,train
sub-03,596,stimulus_596,0,0,train
sub-03,597,stimulus_597,3,3,train
sub-03,598,stimulus_598,1,3,train
sub-03,599,stimulus_599,1,3,train
sub-03,600,stimulus_600,1,0,train
sub-03,601,stimulus_601,1,1,train
sub-03,602,stimulus_602,1,1,train
sub-03,603,stimulus_603,1,3,train
sub-03,604,stimulus_604,0,3,train
sub-03,605,stimulus_605,3,1,test
sub-03,606,stimulus_606,0,3,train
sub-03,607,stimulus_607,1,1,test
sub-03,608,stimulus_608,1,2,train
sub-03,609,stimulus_609,3,3,train
sub-03,610,stimulus_610,1,0,train
sub-03,611,stimulus_611,0,2,train
sub-03,612,stimulus_612,2,3,train
sub-03,613,stimulus_613,2,2,val
sub-03,614,stimulus_614,1,2,train
sub-03,615,stimulus_615,0,1,train
sub-03,616,stimulus_616,3,2,train
sub-03,617,stimulus_617,3,1,train
sub-03,618,stimulus_618,3,1,train
sub-03,619,stimulus_619,2,2,train
sub-03,620,stimulus_620,2,0,train
sub-03,621,stimulus_621,2,2,train
sub-03,622,stimulus_622,2,0,train
sub-03,623,stimulus_623,1,1,train
sub-03,624,stimulus_624,1,1,test
sub-03,625,stimulus_625,3,1,train
sub-03,626,stimulus_626,2,3,val
sub-03,627,stimulus_627,3,3,train
sub-03,628,stimulus_628,3,0,train
sub-03,629,stimulus_629,1,1,train
sub-03,630,stimulus_630,3,3,train
sub-03,631,stimulus_631,2,1,train
sub-03,632,stimulus_632,0,1,train
sub-03,633,stimulus_633,1,1,train
sub-03,634,stimulus_634,0,2,train
sub-03,635,stimulus_635,3,1,train
sub-03,636,stimulus_636,2,0,test
sub-03,637,stimulus_637,3,2,train
sub-03,638,stimulus_638,3,2,train
sub-03,639,stimulus_639,2,1,train
sub-03,640,stimulus_640,3,1,train
sub-03,641,stimulus_641,3,3,val
sub-03,642,stimulus_642,2,3,val
sub-03,643,stimulus_643,0,1,train
sub-03,644,stimulus_644,0,0,train
sub-03,645,stimulus_645,3,3,val
sub-03,646,stimulus_646,0,3,train
sub-03,647,stimulus_647,0,3,val
sub-03,648,stimulus_648,2,3,train
sub-03,649,stimulus_649,2,3,test
sub-03,650,stimulus_650,2,1,train
sub-03,651,stimulus_651,2,2,train
sub-03,652,stimulus_652,0,0,train
sub-03,653,stimulus_653,2,2,test
sub-03,654,stimulus_654,2,1,train
sub-03,655,stimulus_655,2,3,train
sub-03,656,stimulus_656,2,2,test
sub-03,657,stimulus_657,2,1,test
sub-03,658,stimulus_658,1,0,train
sub-03,659,stimulus_659,2,1,train
sub-03,660,stimulus_660,3,2,train
sub-03,661,stimulus_661,1,1,train
sub-03,662,stimulus_662,3,3,train
sub-03,663,stimulus_663,2,2,train
sub-03,664,stimulus_664,1,1,val
sub-03,665,stimulus_665,1,0,train
sub-03,666,stimulus_666,3,2,train
sub-03,667,stimulus_667,0,0,val
sub-03,668,stimulus_668,0,0,val
sub-03,669,stimulus_669,2,2,train
sub-03,670,stimulus_670,3,1,train
sub-03,671,stimulus_671,2,0,train
sub-03,672,stimulus_672,2,2,val
sub-03,673,stimulus_673,0,0,train
sub-03,674,stimulus_674,0,3,train
sub-03,675,stimulus_675,2,3,train
sub-03,676,stimulus_676,3,3,train
sub-03,677,stimulus_677,1,2,test
sub-03,678,stimulus_678,3,2,train
sub-03,679,stimulus_679,1,0,train
sub-03,680,stimulus_680,3,2,train
sub-03,681,stimulus_681,0,1,train
sub-03,682,stimulus_682,3,1,test
sub-03,683,stimulus_683,3,2,train
sub-03,684,stimulus_684,1,2,train
sub-03,685,stimulus_685,2,2,train
sub-03,686,stimulus_686,1,3,train
sub-03,687,stimulus_687,1,1,train
sub-03,688,stimulus_688,3,3,test
sub-03,689,stimulus_689,2,1,train
sub-03,690,stimulus_690,0,3,train
sub-03,691,stimulus_691,2,0,train
sub-03,692,stimulus_692,1,0,train
sub-03,693,stimulus_693,0,0,train
sub-03,694,stimulus_694,1,0,train
sub-03,695,stimulus_695,1,0,train
sub-03,696,stimulus_696,1,0,train
sub-03,697,stimulus_697,1,0,train
sub-03,698,stimulus_698,0,3,train
sub-03,699,stimulus_699,0,2,train
sub-03,700,stimulus_700,1,0,train
sub-03,701,stimulus_701,2,3,train
sub-03,702,stimulus_702,3,1,train
sub-03,703,stimulus_703,1,0,train
sub-03,704,stimulus_704,2,0,val
sub-03,705,stimulus_705,2,1,train
sub-03,706,stimulus_706,0,3,train
sub-03,707,stimulus_707,0,0,train
sub-03,708,stimulus_708,3,2,train
sub-03,709,stimulus_709,2,3,val
sub-03,710,stimulus_710,2,0,val
sub-03,711,stimulus_711,2,1,train
sub-03,712,stimulus_712,3,3,train
sub-03,713,stimulus_713,0,0,train
sub-03,714,stimulus_714,2,1,val
sub-03,715,stimulus_715,3,0,train
sub-03,716,stimulus_716,1,0,train
sub-03,717,stimulus_717,0,1,train
sub-03,718,stimulus_718,2,0,test
sub-03,719,stimulus_719,0,3,train
sub-03,720,stimulus_720,0,1,train
sub-03,721,stimulus_721,2,2,train
sub-03,722,stimulus_722,1,2,train
sub-03,723,stimulus_723,1,0,train
sub-03,724,stimulus_724,0,2,train
sub-03,725,stimulus_725,3,1,train
sub-03,726,stimulus_726,1,0,train
sub-03,727,stimulus_727,0,1,train
sub-03,728,stimulus_728,2,0,train
sub-03,729,stimulus_729,1,0,test
sub-03,730,stimulus_730,0,2,train
sub-03,731,stimulus_731,1,2,train
sub-03,732,stimulus_732,2,3,val
sub-03,733,stimulus_733,1,1,train
sub-03,734,stimulus_734,1,2,train
sub-03,735,stimulus_735,1,0,train
sub-03,736,stimulus_736,0,2,train
sub-03,737,stimulus_737,2,1,train
sub-03,738,stimulus_738,1,2,train
sub-03,739,stimulus_739,3,2,train
sub-03,740,stimulus_740,1,0,val
sub-03,741,stimulus_741,1,1,test
sub-03,742,stimulus_742,2,2,train
sub-03,743,stimulus_743,3,0,train
sub-03,744,stimulus_744,0,2,train
sub-03,745,stimulus_745,3,3,train
sub-03,746,stimulus_746,0,1,train
sub-03,747,stimulus_747,1,0,train
sub-03,748,stimulus_748,1,0,val
sub-03,749,stimulus_749,3,3,train
sub-03,750,stimulus_750,0,3,val
sub-03,751,stimulus_751,3,1,test
sub-03,752,stimulus_752,1,0,train
sub-03,753,stimulus_753,3,3,train
sub-03,754,stimulus_754,1,2,val
sub-03,755,stimulus_755,2,2,train
sub-03,756,stimulus_756,0,1,train
sub-03,757,stimulus_757,3,1,train
sub-03,758,stimulus_758,1,0,train
sub-03,759,stimulus_759,0,1,val
sub-03,760,stimulus_760,0,2,train
sub-03,761,stimulus_761,1,2,val
sub-03,762,stimulus_762,3,2,train
sub-03,763,stimulus_763,2,0,train
sub-03,764,stimulus_764,1,3,train
sub-03,765,stimulus_765,1,2,train
sub-03,766,stimulus_766,3,2,train
sub-03,767,stimulus_767,0,1,test
sub-03,768,stimulus_768,0,1,train
sub-03,769,stimulus_769,3,1,test
sub-03,770,stimulus_770,1,1,val
sub-03,771,stimulus_771,3,1,train
sub-03,772,stimulus_772,3,3,train
sub-03,773,stimulus_773,3,1,train
sub-03,774,stimulus_774,2,3,test
sub-03,775,stimulus_775,3,2,train
sub-03,776,stimulus_776,0,3,val
sub-03,777,stimulus_777,0,3,train
sub-03,778,stimulus_778,0,1,train
sub-03,779,stimulus_779,3,0,train
sub-03,780,stimulus_780,3,1,train
sub-03,781,stimulus_781,0,0,train
sub-03,782,stimulus_782,1,3,train
sub-03,783,stimulus_783,1,1,train
sub-03,784,stimulus_784,2,1,val
sub-03,785,stimulus_785,2,3,train
sub-03,786,stimulus_786,3,0,train
sub-03,787,stimulus_787,1,1,train
sub-03,788,stimulus_788,3,3,train
sub-03,789,stimulus_789,3,2,train
sub-03,790,stimulus_790,0,3,train
sub-03,791,stimulus_791,1,0,val
sub-03,792,stimulus_792,0,2,train
sub-03,793,stimulus_793,1,0,train
sub-03,794,stimulus_794,2,1,train
sub-03,795,stimulus_795,3,1,train
sub-03,796,stimulus_796,2,3,train
sub-03,797,stimulus_797,1,1,train
sub-03,798,stimulus_798,3,3,val
sub-03,799,stimulus_799,3,2,train
sub-03,800,stimulus_800,3,1,train
sub-03,801,stimulus_801,2,2,test
sub-03,802,stimulus_802,2,2,val
sub-03,803,stimulus_803,0,0,train
sub-03,804,stimulus_804,0,0,train
sub-03,805,stimulus_805,1,1,val
sub-03,806,stimulus_806,1,0,val
sub-03,807,stimulus_807,2,1,train
sub-03,808,stimulus_808,0,3,train
sub-03,809,stimulus_809,0,0,train
sub-03,810,stimulus_810,1,0,train
sub-03,811,stimulus_811,0,2,train
sub-03,812,stimulus_812,1,2,train
sub-03,813,stimulus_813,0,2,train
sub-03,814,stimulus_814,1,2,train
sub-03,815,stimulus_815,1,0,train
sub-03,816,stimulus_816,1,2,test
sub-03,817,stimulus_817,2,3,train
sub-03,818,stimulus_818,1,0,train
sub-03,819,stimulus_819,1,3,train
sub-03,820,stimulus_820,3,3,train
sub-03,821,stimulus_821,0,0,train
sub-03,822,stimulus_822,2,3,train
sub-03,823,stimulus_823,1,1,train
sub-03,824,stimulus_824,1,2,test
sub-03,825,stimulus_825,2,3,train
sub-03,826,stimulus_826,0,0,val
sub-03,827,stimulus_827,0,2,val
sub-03,828,stimulus_828,3,3,train
sub-03,829,stimulus_829,0,1,train
sub-03,830,stimulus_830,3,2,train
sub-03,831,stimulus_831,1,2,val
sub-03,832,stimulus_832,3,3,train
sub-03,833,stimulus_833,2,3,train
sub-03,834,stimulus_834,0,2,test
sub-03,835,stimulus_835,1,2,train
sub-03,836,stimulus_836,0,0,test
sub-03,837,stimulus_837,2,2,train
sub-03,838,stimulus_838,3,3,val
sub-03,839,stimulus_839,0,1,train
sub-03,840,stimulus_840,3,3,train
sub-03,841,stimulus_841,0,0,train
sub-03,842,stimulus_842,3,3,train
sub-03,843,stimulus_843,1,2,train
sub-03,844,stimulus_844,1,2,train
sub-03,845,stimulus_845,0,3,train
sub-03,846,stimulus_846,1,2,train
sub-03,847,stimulus_847,2,2,train
sub-03,848,stimulus_848,3,1,train
sub-03,849,stimulus_849,0,0,test
sub-03,850,stimulus_850,0,0,train
sub-03,851,stimulus_851,2,2,train
sub-03,852,stimulus_852,2,3,train
sub-03,853,stimulus_853,1,1,val
sub-03,854,stimulus_854,1,1,test
sub-03,855,stimulus_855,0,1,test
sub-03,856,stimulus_856,0,2,train
sub-03,857,stimulus_857,0,0,train
sub-03,858,stimulus_858,3,1,train
sub-03,859,stimulus_859,3,1,train
sub-03,860,stimulus_860,1,0,train
sub-03,861,stimulus_861,0,2,test
sub-03,862,stimulus_862,2,2,train
sub-03,863,stimulus_863,0,0,train
sub-03,864,stimulus_864,2,0,train
sub-03,865,stimulus_865,0,2,train
sub-03,866,stimulus_866,0,3,train
sub-03,867,stimulus_867,1,0,train
sub-03,868,stimulus_868,3,1,train
sub-03,869,stimulus_869,0,3,train
sub-03,870,stimulus_870,2,0,train
sub-03,871,stimulus_871,1,3,val
sub-03,872,stimulus_872,1,0,train
sub-03,873,stimulus_873,1,0,train
sub-03,874,stimulus_874,0,1,train
sub-03,875,stimulus_875,2,3,train
sub-03,876,stimulus_876,0,0,train
sub-03,877,stimulus_877,0,0,train
sub-03,878,stimulus_878,2,1,train
sub-03,879,stimulus_879,2,2,test
sub-03,880,stimulus_880,3,0,train
sub-03,881,stimulus_881,1,1,train
sub-03,882,stimulus_882,1,1,train
sub-03,883,stimulus_883,2,2,val
sub-03,884,stimulus_884,3,1,train
sub-03,885,stimulus_885,1,2,val
sub-03,886,stimulus_886,0,2,test
sub-03,887,stimulus_887,0,3,train
sub-03,888,stimulus_888,0,0,train
sub-03,889,stimulus_889,0,2,train
sub-03,890,stimulus_890,1,3,train
sub-03,891,stimulus_891,2,0,val
sub-03,892,stimulus_892,3,2,train
sub-03,893,stimulus_893,2,1,train
sub-03,894,stimulus_894,3,2,train
sub-03,895,stimulus_895,1,2,train
sub-03,896,stimulus_896,3,2,val
sub-03,897,stimulus_897,3,3,test
sub-03,898,stimulus_898,3,1,train
sub-03,899,stimulus_899,3,3,train
sub-03,900,stimulus_900,1,3,train
sub-03,901,stimulus_901,1,1,train
sub-03,902,stimulus_902,2,0,train
sub-03,903,stimulus_903,2,1,val
sub-03,904,stimulus_904,3,0,train
sub-03,905,stimulus_905,0,1,train
sub-03,906,stimulus_906,3,2,train
sub-03,907,stimulus_907,1,1,train
sub-03,908,stimulus_908,1,2,train
sub-03,909,stimulus_909,0,0,test
sub-03,910,stimulus_910,1,0,train
sub-03,911,stimulus_911,0,0,train
sub-03,912,stimulus_912,2,0,train
sub-03,913,stimulus_913,1,1,val
sub-03,914,stimulus_914,0,1,train
sub-03,915,stimulus_915,3,3,train
sub-03,916,stimulus_916,3,3,train
sub-03,917,stimulus_917,1,0,train
sub-03,918,stimulus_918,3,2,train
sub-03,919,stimulus_919,3,3,val
sub-03,920,stimulus_920,3,3,test
sub-03,921,stimulus_921,3,3,val
sub-03,922,stimulus_922,2,2,train
sub-03,923,stimulus_923,3,3,train
sub-03,924,stimulus_924,1,0,train
sub-03,925,stimulus_925,0,2,test
sub-03,926,stimulus_926,0,0,train
sub-03,927,stimulus_927,3,1,train
sub-03,928,stimulus_928,2,0,test
sub-03,929,stimulus_929,0,1,train
sub-03,930,stimulus_930,2,3,train
sub-03,931,stimulus_931,3,2,train
sub-03,932,stimulus_932,3,3,train
sub-03,933,stimulus_933,2,3,train
sub-03,934,stimulus_934,3,1,val
sub-03,935,stimulus_935,0,3,train
sub-03,936,stimulus_936,3,2,train
sub-03,937,stimulus_937,0,1,train
sub-03,938,stimulus_938,1,1,train
sub-03,939,stimulus_939,1,0,train
sub-03,940,stimulus_940,0,1,train
sub-03,941,stimulus_941,1,3,train
sub-03,942,stimulus_942,2,3,train
sub-03,943,stimulus_943,3,0,train
sub-03,944,stimulus_944,3,3,train
sub-03,945,stimulus_945,2,2,train
sub-03,946,stimulus_946,2,3,train
sub-03,947,stimulus_947,1,3,train
sub-03,948,stimulus_948,0,2,train
sub-03,949,stimulus_949,1,3,train
sub-03,950,stimulus_950,1,2,train
sub-03,951,stimulus_951,1,1,train
sub-03,952,stimulus_952,1,2,train
sub-03,953,stimulus_953,2,0,train
sub-03,954,stimulus_954,3,2,val
sub-03,955,stimulus_955,0,0,val
sub-03,956,stimulus_956,0,0,train
sub-03,957,stimulus_957,2,1,test
sub-03,958,stimulus_958,0,1,test
sub-03,959,stimulus_959,1,1,train
sub-03,960,stimulus_960,3,2,test
sub-03,961,stimulus_961,3,3,train
sub-03,962,stimulus_962,0,3,train
sub-03,963,stimulus_963,3,3,train
sub-03,964,stimulus_964,3,3,train
sub-03,965,stimulus_965,0,3,train
sub-03,966,stimulus_966,3,1,train
sub-03,967,stimulus_967,3,1,train
sub-03,968,stimulus_968,0,0,test
sub-03,969,stimulus_969,2,2,train
sub-03,970,stimulus_970,2,3,train
sub-03,971,stimulus_971,0,3,test
sub-03,972,stimulus_972,3,3,train
sub-03,973,stimulus_973,0,3,train
sub-03,974,stimulus_974,2,3,train
sub-03,975,stimulus_975,0,0,train
sub-03,976,stimulus_976,1,3,test
sub-03,977,stimulus_977,0,2,train
sub-03,978,stimulus_978,3,1,test
sub-03,979,stimulus_979,1,1,train
sub-03,980,stimulus_980,3,3,train
sub-03,981,stimulus_981,3,2,test
sub-03,982,stimulus_982,3,3,val
sub-03,983,stimulus_983,2,2,train
sub-03,984,stimulus_984,2,2,train
sub-03,985,stimulus_985,1,3,train
sub-03,986,stimulus_986,1,3,train
sub-03,987,stimulus_987,2,1,train
sub-03,988,stimulus_988,1,1,train
sub-03,989,stimulus_989,0,0,train
sub-03,990,stimulus_990,1,2,val
sub-03,991,stimulus_991,0,0,train
sub-03,992,stimulus_992,3,3,train
sub-03,993,stimulus_993,3,2,train
sub-03,994,stimulus_994,0,1,train
sub-03,995,stimulus_995,2,0,train
sub-03,996,stimulus_996,3,3,val
sub-03,997,stimulus_997,3,3,val
sub-03,998,stimulus_998,2,0,train
sub-03,999,stimulus_999,0,0,train
sub-03,1000,stimulus_1000,3,2,train
sub-03,1001,stimulus_1001,0,1,train
sub-03,1002,stimulus_1002,3,2,train
sub-03,1003,stimulus_1003,2,0,train
sub-03,1004,stimulus_1004,0,0,train
sub-03,1005,stimulus_1005,3,1,train
sub-03,1006,stimulus_1006,2,1,train
sub-03,1007,stimulus_1007,3,3,train
sub-03,1008,stimulus_1008,3,3,train
sub-03,1009,stimulus_1009,3,2,train
sub-03,1010,stimulus_1010,1,0,train
sub-03,1011,stimulus_1011,2,2,train
sub-03,1012,stimulus_1012,3,2,val
sub-03,1013,stimulus_1013,2,1,train
sub-03,1014,stimulus_1014,0,3,train
sub-03,1015,stimulus_1015,0,1,train
sub-03,1016,stimulus_1016,3,0,train
sub-03,1017,stimulus_1017,1,1,val
sub-03,1018,stimulus_1018,3,0,train
sub-03,1019,stimulus_1019,0,1,train
sub-03,1020,stimulus_1020,1,3,test
sub-03,1021,stimulus_1021,0,1,val
sub-03,1022,stimulus_1022,2,0,train
sub-03,1023,stimulus_1023,2,1,train
sub-03,1024,stimulus_1024,1,0,train
sub-03,1025,stimulus_1025,3,1,test
sub-03,1026,stimulus_1026,0,2,train
sub-03,1027,stimulus_1027,1,1,train
sub-03,1028,stimulus_1028,1,1,train
sub-03,1029,stimulus_1029,3,1,test
sub-03,1030,stimulus_1030,2,1,train
sub-03,1031,stimulus_1031,3,1,train
sub-03,1032,stimulus_1032,3,2,val
sub-03,1033,stimulus_1033,2,1,train
sub-03,1034,stimulus_1034,3,2,train
sub-03,1035,stimulus_1035,1,1,train
sub-03,1036,stimulus_1036,2,2,train
sub-03,1037,stimulus_1037,0,2,train
sub-03,1038,stimulus_1038,3,3,train
sub-03,1039,stimulus_1039,2,3,test
sub-03,1040,stimulus_1040,2,3,train
sub-03,1041,stimulus_1041,1,1,train
sub-03,1042,stimulus_1042,0,3,train
sub-03,1043,stimulus_1043,3,3,train
sub-03,1044,stimulus_1044,0,0,train
sub-03,1045,stimulus_1045,3,1,train
sub-03,1046,stimulus_1046,1,1,val
sub-03,1047,stimulus_1047,3,3,train
sub-03,1048,stimulus_1048,3,3,train
sub-03,1049,stimulus_1049,2,0,train
sub-03,1050,stimulus_1050,3,2,train
sub-03,1051,stimulus_1051,3,3,train
sub-03,1052,stimulus_1052,0,1,train
sub-03,1053,stimulus_1053,3,2,train
sub-03,1054,stimulus_1054,2,3,train
sub-03,1055,stimulus_1055,2,1,train
sub-03,1056,stimulus_1056,3,3,train
sub-03,1057,stimulus_1057,0,2,test
sub-03,1058,stimulus_1058,2,2,train
sub-03,1059,stimulus_1059,2,1,train
sub-03,1060,stimulus_1060,3,2,test
sub-03,1061,stimulus_1061,3,2,test
sub-03,1062,stimulus_1062,3,1,train
sub-03,1063,stimulus_1063,2,2,train
sub-03,1064,stimulus_1064,1,0,train
sub-03,1065,stimulus_1065,1,3,train
sub-03,1066,stimulus_1066,1,1,test
sub-03,1067,stimulus_1067,2,1,test
sub-03,1068,stimulus_1068,2,1,train
sub-03,1069,stimulus_1069,2,3,train
sub-03,1070,stimulus_1070,1,0,test
sub-03,1071,stimulus_1071,3,0,train
sub-03,1072,stimulus_1072,1,3,train
sub-03,1073,stimulus_1073,1,3,test
sub-03,1074,stimulus_1074,3,2,train
sub-03,1075,stimulus_1075,1,0,train
sub-03,1076,stimulus_1076,1,3,train
sub-03,1077,stimulus_1077,1,1,test
sub-03,1078,stimulus_1078,2,0,val
sub-03,1079,stimulus_1079,0,3,train
sub-03,1080,stimulus_1080,3,3,train
sub-03,1081,stimulus_1081,2,0,train
sub-03,1082,stimulus_1082,2,3,test
sub-03,1083,stimulus_1083,3,3,train
sub-03,1084,stimulus_1084,3,2,train
sub-03,1085,stimulus_1085,1,1,train
sub-03,1086,stimulus_1086,3,3,train
sub-03,1087,stimulus_1087,2,1,train
sub-03,1088,stimulus_1088,1,0,train
sub-03,1089,stimulus_1089,2,2,train
sub-03,1090,stimulus_1090,0,0,train
sub-03,1091,stimulus_1091,1,3,train
sub-03,1092,stimulus_1092,3,2,train
sub-03,1093,stimulus_1093,3,2,test
sub-03,1094,stimulus_1094,1,3,train
sub-03,1095,stimulus_1095,0,2,train
sub-03,1096,stimulus_1096,0,2,train
sub-03,1097,stimulus_1097,3,3,train
sub-03,1098,stimulus_1098,3,2,train
sub-03,1099,stimulus_1099,2,3,val
sub-03,1100,stimulus_1100,2,2,val
sub-03,1101,stimulus_1101,0,1,train
sub-03,1102,stimulus_1102,3,3,val
sub-03,1103,stimulus_1103,0,2,train
sub-03,1104,stimulus_1104,1,1,train
sub-03,1105,stimulus_1105,3,2,val
sub-03,1106,stimulus_1106,2,0,train
sub-03,1107,stimulus_1107,3,3,train
sub-03,1108,stimulus_1108,2,3,train
sub-03,1109,stimulus_1109,0,3,train
sub-03,1110,stimulus_1110,3,3,train
sub-03,1111,stimulus_1111,0,2,train
sub-03,1112,stimulus_1112,3,3,train
sub-03,1113,stimulus_1113,3,2,train
sub-03,1114,stimulus_1114,0,3,train
sub-03,1115,stimulus_1115,0,3,train
sub-03,1116,stimulus_1116,2,2,train
sub-03,1117,stimulus_1117,0,0,train
sub-03,1118,stimulus_1118,0,0,train
sub-03,1119,stimulus_1119,0,2,train
sub-03,1120,stimulus_1120,3,3,test
sub-03,1121,stimulus_1121,2,3,train
sub-03,1122,stimulus_1122,0,1,train
sub-03,1123,stimulus_1123,0,0,test
sub-03,1124,stimulus_1124,3,3,train
sub-03,1125,stimulus_1125,2,2,train
sub-03,1126,stimulus_1126,0,1,train
sub-03,1127,stimulus_1127,3,1,val
sub-03,1128,stimulus_1128,2,2,val
sub-03,1129,stimulus_1129,1,1,train
sub-03,1130,stimulus_1130,3,1,test
sub-03,1131,stimulus_1131,3,3,train
sub-03,1132,stimulus_1132,1,1,train
sub-03,1133,stimulus_1133,3,3,train
sub-03,1134,stimulus_1134,1,2,train
sub-03,1135,stimulus_1135,0,1,train
sub-03,1136,stimulus_1136,0,1,val
sub-03,1137,stimulus_1137,0,0,train
sub-03,1138,stimulus_1138,1,0,train
sub-03,1139,stimulus_1139,1,2,train
sub-03,1140,stimulus_1140,1,2,test
sub-03,1141,stimulus_1141,2,3,val
sub-03,1142,stimulus_1142,1,1,val
sub-03,1143,stimulus_1143,1,3,test
sub-03,1144,stimulus_1144,1,3,test
sub-03,1145,stimulus_1145,3,3,test
sub-03,1146,stimulus_1146,3,2,train
sub-03,1147,stimulus_1147,1,1,train
sub-03,1148,stimulus_1148,2,2,val
sub-03,1149,stimulus_1149,1,3,val
sub-03,1150,stimulus_1150,1,3,train
sub-03,1151,stimulus_1151,3,3,test
sub-03,1152,stimulus_1152,3,3,train
sub-03,1153,stimulus_1153,3,3,train
sub-03,1154,stimulus_1154,3,1,train
sub-03,1155,stimulus_1155,1,2,train
sub-03,1156,stimulus_1156,1,1,val
sub-03,1157,stimulus_1157,3,0,val
sub-03,1158,stimulus_1158,3,1,train
sub-03,1159,stimulus_1159,3,3,train
sub-03,1160,stimulus_1160,0,3,train
sub-03,1161,stimulus_1161,1,0,train
sub-03,1162,stimulus_1162,2,1,train
sub-03,1163,stimulus_1163,3,3,test
sub-03,1164,stimulus_1164,0,0,train
sub-03,1165,stimulus_1165,0,3,train
sub-03,1166,stimulus_1166,2,1,train
sub-03,1167,stimulus_1167,2,3,train
sub-03,1168,stimulus_1168,3,3,test
sub-03,1169,stimulus_1169,1,2,val
sub-03,1170,stimulus_1170,0,0,train
sub-03,1171,stimulus_1171,1,0,train
sub-03,1172,stimulus_1172,0,3,val
sub-03,1173,stimulus_1173,3,3,test
sub-03,1174,stimulus_1174,0,1,train
sub-03,1175,stimulus_1175,3,3,train
sub-03,1176,stimulus_1176,0,0,train
sub-03,1177,stimulus_1177,0,0,train
sub-03,1178,stimulus_1178,2,0,train
sub-03,1179,stimulus_1179,3,3,train
sub-03,1180,stimulus_1180,3,1,train
sub-03,1181,stimulus_1181,0,2,val
sub-03,1182,stimulus_1182,0,0,train
sub-03,1183,stimulus_1183,0,2,train
sub-03,1184,stimulus_1184,0,0,train
sub-03,1185,stimulus_1185,0,1,test
sub-03,1186,stimulus_1186,1,3,train
sub-03,1187,stimulus_1187,3,2,train
sub-03,1188,stimulus_1188,3,2,train
sub-03,1189,stimulus_1189,0,2,train
sub-03,1190,stimulus_1190,0,0,train
sub-03,1191,stimulus_1191,3,3,train
sub-03,1192,stimulus_1192,2,2,train
sub-03,1193,stimulus_1193,3,2,train
sub-03,1194,stimulus_1194,0,2,train
sub-03,1195,stimulus_1195,2,3,train
sub-03,1196,stimulus_1196,0,1,test
sub-03,1197,stimulus_1197,1,3,train
sub-03,1198,stimulus_1198,2,3,val
sub-03,1199,stimulus_1199,0,2,train
sub-03,1200,stimulus_1200,2,2,test
sub-03,1201,stimulus_1201,1,0,train
sub-03,1202,stimulus_1202,0,1,val
sub-03,1203,stimulus_1203,0,1,train
sub-03,1204,stimulus_1204,0,1,train
sub-03,1205,stimulus_1205,3,3,train
sub-03,1206,stimulus_1206,1,1,val
sub-03,1207,stimulus_1207,3,2,train
sub-03,1208,stimulus_1208,0,0,val
sub-03,1209,stimulus_1209,3,0,train
sub-03,1210,stimulus_1210,3,2,train
sub-03,1211,stimulus_1211,2,0,train
sub-03,1212,stimulus_1212,0,3,train
sub-03,1213,stimulus_1213,3,3,train
sub-03,1214,stimulus_1214,0,3,test
sub-03,1215,stimulus_1215,2,1,test
sub-03,1216,stimulus_1216,3,0,val
sub-03,1217,stimulus_1217,0,2,train
sub-03,1218,stimulus_1218,2,3,test
sub-03,1219,stimulus_1219,1,3,val
sub-03,1220,stimulus_1220,1,0,test
sub-03,1221,stimulus_1221,0,2,train
sub-03,1222,stimulus_1222,0,1,train
sub-03,1223,stimulus_1223,2,0,train
sub-03,1224,stimulus_1224,0,2,train
sub-03,1225,stimulus_1225,1,1,val
sub-03,1226,stimulus_1226,0,3,train
sub-03,1227,stimulus_1227,0,3,train
sub-03,1228,stimulus_1228,2,2,train
sub-03,1229,stimulus_1229,0,2,train
sub-03,1230,stimulus_1230,2,0,train
sub-03,1231,stimulus_1231,0,3,train
sub-03,1232,stimulus_1232,3,0,train
sub-03,1233,stimulus_1233,1,1,train
sub-03,1234,stimulus_1234,1,3,train
sub-03,1235,stimulus_1235,0,3,train
sub-03,1236,stimulus_1236,3,1,train
sub-03,1237,stimulus_1237,0,3,train
sub-03,1238,stimulus_1238,2,1,train
sub-03,1239,stimulus_1239,2,3,test
sub-03,1240,stimulus_1240,3,1,train
sub-03,1241,stimulus_1241,2,3,train
sub-03,1242,stimulus_1242,3,3,train
sub-03,1243,stimulus_1243,3,3,train
sub-03,1244,stimulus_1244,1,3,train
sub-03,1245,stimulus_1245,3,3,train
sub-03,1246,stimulus_1246,3,3,train
sub-03,1247,stimulus_1247,2,3,train
sub-03,1248,stimulus_1248,3,3,train
sub-03,1249,stimulus_1249,1,1,train
sub-03,1250,stimulus_1250,1,2,train
sub-03,1251,stimulus_1251,1,1,train
sub-03,1252,stimulus_1252,3,3,train
sub-03,1253,stimulus_1253,3,3,train
sub-03,1254,stimulus_1254,1,0,train
sub-03,1255,stimulus_1255,3,2,train
sub-03,1256,stimulus_1256,2,0,train
sub-03,1257,stimulus_1257,2,3,test
sub-03,1258,stimulus_1258,1,3,train
sub-03,1259,stimulus_1259,0,1,train
sub-03,1260,stimulus_1260,0,3,train
sub-03,1261,stimulus_1261,1,2,train
sub-03,1262,stimulus_1262,1,0,train
sub-03,1263,stimulus_1263,3,2,train
sub-03,1264,stimulus_1264,1,2,train
sub-03,1265,stimulus_1265,1,1,train
sub-03,1266,stimulus_1266,1,1,test
sub-03,1267,stimulus_1267,3,1,train
sub-03,1268,stimulus_1268,0,2,test
sub-03,1269,stimulus_1269,3,3,train
sub-03,1270,stimulus_1270,3,1,train
sub-03,1271,stimulus_1271,0,3,train
sub-03,1272,stimulus_1272,3,1,train
sub-03,1273,stimulus_1273,3,2,train
sub-03,1274,stimulus_1274,1,2,train
sub-03,1275,stimulus_1275,0,0,test
sub-03,1276,stimulus_1276,0,3,train
sub-03,1277,stimulus_1277,1,2,test
sub-03,1278,stimulus_1278,2,2,test
sub-03,1279,stimulus_1279,0,1,train
sub-03,1280,stimulus_1280,1,1,train
sub-03,1281,stimulus_1281,1,3,train
sub-03,1282,stimulus_1282,3,2,train
sub-03,1283,stimulus_1283,0,2,train
sub-03,1284,stimulus_1284,1,1,train
sub-03,1285,stimulus_1285,2,3,train
sub-03,1286,stimulus_1286,0,1,train
sub-03,1287,stimulus_1287,2,1,train
sub-03,1288,stimulus_1288,1,1,train
sub-03,1289,stimulus_1289,3,1,train
sub-03,1290,stimulus_1290,3,3,train
sub-03,1291,stimulus_1291,3,2,train
sub-03,1292,stimulus_1292,0,1,test
sub-03,1293,stimulus_1293,2,2,train
sub-03,1294,stimulus_1294,0,2,train
sub-03,1295,stimulus_1295,3,1,val
sub-03,1296,stimulus_1296,2,3,train
sub-03,1297,stimulus_1297,1,1,val
sub-03,1298,stimulus_1298,0,0,train
sub-03,1299,stimulus_1299,1,1,train
sub-03,1300,stimulus_1300,3,0,train
sub-03,1301,stimulus_1301,1,1,train
sub-03,1302,stimulus_1302,0,0,train
sub-03,1303,stimulus_1303,0,0,train
sub-03,1304,stimulus_1304,0,0,train
sub-03,1305,stimulus_1305,1,0,train
sub-03,1306,stimulus_1306,1,0,train
sub-03,1307,stimulus_1307,1,2,val
sub-03,1308,stimulus_1308,3,3,train
sub-03,1309,stimulus_1309,0,0,val
sub-03,1310,stimulus_1310,0,2,train
sub-03,1311,stimulus_1311,3,3,train
sub-03,1312,stimulus_1312,3,1,test
sub-03,1313,stimulus_1313,0,3,test
sub-03,1314,stimulus_1314,1,3,train
sub-03,1315,stimulus_1315,2,1,train
sub-03,1316,stimulus_1316,2,3,train
sub-03,1317,stimulus_1317,1,1,train
sub-03,1318,stimulus_1318,0,3,train
sub-03,1319,stimulus_1319,2,1,train
sub-03,1320,stimulus_1320,1,2,train
sub-03,1321,stimulus_1321,2,1,train
sub-03,1322,stimulus_1322,1,3,train
sub-03,1323,stimulus_1323,0,3,train
sub-03,1324,stimulus_1324,2,3,train
sub-03,1325,stimulus_1325,2,3,val
sub-03,1326,stimulus_1326,3,3,test
sub-03,1327,stimulus_1327,3,1,train
sub-03,1328,stimulus_1328,3,2,train
sub-03,1329,stimulus_1329,1,1,test
sub-03,1330,stimulus_1330,2,2,train
sub-03,1331,stimulus_1331,2,1,train
sub-03,1332,stimulus_1332,2,2,train
sub-03,1333,stimulus_1333,3,2,train
sub-03,1334,stimulus_1334,1,0,train
sub-03,1335,stimulus_1335,1,0,train
sub-03,1336,stimulus_1336,2,1,train
sub-03,1337,stimulus_1337,3,3,train
sub-03,1338,stimulus_1338,1,2,train
sub-03,1339,stimulus_1339,0,1,train
sub-03,1340,stimulus_1340,2,1,train
sub-03,1341,stimulus_1341,2,2,train
sub-03,1342,stimulus_1342,1,1,train
sub-03,1343,stimulus_1343,2,2,train
sub-03,1344,stimulus_1344,2,0,train
sub-03,1345,stimulus_1345,2,3,train
sub-03,1346,stimulus_1346,2,2,train
sub-03,1347,stimulus_1347,1,2,test
sub-03,1348,stimulus_1348,1,1,train
sub-03,1349,stimulus_1349,3,3,val
sub-03,1350,stimulus_1350,0,0,test
sub-03,1351,stimulus_1351,0,0,train
sub-03,1352,stimulus_1352,2,3,train
sub-03,1353,stimulus_1353,3,2,train
sub-03,1354,stimulus_1354,3,2,val
sub-03,1355,stimulus_1355,0,0,val
sub-03,1356,stimulus_1356,2,1,train
sub-03,1357,stimulus_1357,3,0,train
sub-03,1358,stimulus_1358,2,2,train
sub-03,1359,stimulus_1359,1,0,train
sub-03,1360,stimulus_1360,3,0,train
sub-03,1361,stimulus_1361,0,3,train
sub-03,1362,stimulus_1362,0,3,train
sub-03,1363,stimulus_1363,3,1,train
sub-03,1364,stimulus_1364,1,3,val
sub-03,1365,stimulus_1365,3,3,train
sub-03,1366,stimulus_1366,2,0,test
sub-03,1367,stimulus_1367,3,2,train
sub-03,1368,stimulus_1368,3,0,test
sub-03,1369,stimulus_1369,2,0,train
sub-03,1370,stimulus_1370,3,3,test
sub-03,1371,stimulus_1371,2,0,train
sub-03,1372,stimulus_1372,3,0,train
sub-03,1373,stimulus_1373,0,3,train
sub-03,1374,stimulus_1374,1,3,test
sub-03,1375,stimulus_1375,0,3,train
sub-03,1376,stimulus_1376,1,3,train
sub-03,1377,stimulus_1377,3,3,train
sub-03,1378,stimulus_1378,3,0,train
sub-03,1379,stimulus_1379,3,0,train
sub-03,1380,stimulus_1380,3,1,val
sub-03,1381,stimulus_1381,3,1,train
sub-03,1382,stimulus_1382,1,1,train
sub-03,1383,stimulus_1383,3,1,train
sub-03,1384,stimulus_1384,1,1,train
sub-03,1385,stimulus_1385,2,3,train
sub-03,1386,stimulus_1386,1,1,train
sub-03,1387,stimulus_1387,3,3,train
sub-03,1388,stimulus_1388,1,1,train
sub-03,1389,stimulus_1389,2,1,test
sub-03,1390,stimulus_1390,1,1,train
sub-03,1391,stimulus_1391,1,2,val
sub-03,1392,stimulus_1392,1,2,train
sub-03,1393,stimulus_1393,1,2,train
sub-03,1394,stimulus_1394,3,3,train
sub-03,1395,stimulus_1395,1,2,train
sub-03,1396,stimulus_1396,2,0,train
sub-03,1397,stimulus_1397,1,0,train
sub-03,1398,stimulus_1398,2,1,train
sub-03,1399,stimulus_1399,3,3,train
sub-03,1400,stimulus_1400,2,3,train
sub-03,1401,stimulus_1401,1,2,train
sub-03,1402,stimulus_1402,2,1,train
sub-03,1403,stimulus_1403,0,0,train
sub-03,1404,stimulus_1404,1,0,train
sub-03,1405,stimulus_1405,3,2,train
sub-03,1406,stimulus_1406,0,3,train
sub-03,1407,stimulus_1407,3,0,train
sub-03,1408,stimulus_1408,3,0,val
sub-03,1409,stimulus_1409,3,0,train
sub-03,1410,stimulus_1410,3,3,val
sub-03,1411,stimulus_1411,3,2,val
sub-03,1412,stimulus_1412,2,1,train
sub-03,1413,stimulus_1413,2,1,train
sub-03,1414,stimulus_1414,0,1,train
sub-03,1415,stimulus_1415,3,1,train
sub-03,1416,stimulus_1416,3,2,train
sub-03,1417,stimulus_1417,3,0,train
sub-03,1418,stimulus_1418,3,0,train
sub-03,1419,stimulus_1419,0,2,train
sub-03,1420,stimulus_1420,1,0,train
sub-03,1421,stimulus_1421,3,1,train
sub-03,1422,stimulus_1422,0,3,train
sub-03,1423,stimulus_1423,0,0,train
sub-03,1424,stimulus_1424,2,2,train
sub-03,1425,stimulus_1425,0,0,test
sub-03,1426,stimulus_1426,2,3,train
sub-03,1427,stimulus_1427,3,0,train
sub-03,1428,stimulus_1428,2,1,train
sub-03,1429,stimulus_1429,3,1,train
sub-03,1430,stimulus_1430,2,3,train
sub-03,1431,stimulus_1431,2,3,train
sub-03,1432,stimulus_1432,2,3,train
sub-03,1433,stimulus_1433,2,1,train
sub-03,1434,stimulus_1434,0,2,train
sub-03,1435,stimulus_1435,2,1,train
sub-03,1436,stimulus_1436,3,3,train
sub-03,1437,stimulus_1437,2,1,train
sub-03,1438,stimulus_1438,1,3,train
sub-03,1439,stimulus_1439,3,3,train
sub-03,1440,stimulus_1440,1,3,val
sub-03,1441,stimulus_1441,0,2,val
sub-03,1442,stimulus_1442,0,3,train
sub-03,1443,stimulus_1443,0,2,train
sub-03,1444,stimulus_1444,3,0,val
sub-03,1445,stimulus_1445,3,3,train
sub-03,1446,stimulus_1446,2,1,train
sub-03,1447,stimulus_1447,3,3,train
sub-03,1448,stimulus_1448,1,1,train
sub-03,1449,stimulus_1449,3,1,test
sub-03,1450,stimulus_1450,0,2,train
sub-03,1451,stimulus_1451,2,2,test
sub-03,1452,stimulus_1452,3,1,train
sub-03,1453,stimulus_1453,3,2,train
sub-03,1454,stimulus_1454,1,3,train
sub-03,1455,stimulus_1455,2,1,train
sub-03,1456,stimulus_1456,2,2,train
sub-03,1457,stimulus_1457,0,0,train
sub-03,1458,stimulus_1458,2,1,train
sub-03,1459,stimulus_1459,2,1,val
sub-03,1460,stimulus_1460,3,2,train
sub-03,1461,stimulus_1461,1,3,train
sub-03,1462,stimulus_1462,1,1,train
sub-03,1463,stimulus_1463,3,3,train
sub-03,1464,stimulus_1464,0,1,test
sub-03,1465,stimulus_1465,2,1,train
sub-03,1466,stimulus_1466,0,0,train
sub-03,1467,stimulus_1467,1,0,train
sub-03,1468,stimulus_1468,1,0,train
sub-03,1469,stimulus_1469,1,1,train
sub-03,1470,stimulus_1470,1,0,train
sub-03,1471,stimulus_1471,0,0,train
sub-03,1472,stimulus_1472,1,2,train
sub-03,1473,stimulus_1473,0,0,train
sub-03,1474,stimulus_1474,1,0,train
sub-03,1475,stimulus_1475,0,0,val
sub-03,1476,stimulus_1476,2,1,train
sub-03,1477,stimulus_1477,2,3,train
sub-03,1478,stimulus_1478,0,2,train
sub-03,1479,stimulus_1479,1,0,train
sub-03,1480,stimulus_1480,1,1,test
sub-03,1481,stimulus_1481,3,1,train
sub-03,1482,stimulus_1482,2,3,train
sub-03,1483,stimulus_1483,3,0,val
sub-03,1484,stimulus_1484,1,0,train
sub-03,1485,stimulus_1485,0,1,train
sub-03,1486,stimulus_1486,1,1,train
sub-03,1487,stimulus_1487,0,3,train
sub-03,1488,stimulus_1488,3,0,train
sub-03,1489,stimulus_1489,3,0,train
sub-03,1490,stimulus_1490,2,3,train
sub-03,1491,stimulus_1491,2,2,train
sub-03,1492,stimulus_1492,0,3,test
sub-03,1493,stimulus_1493,3,0,train
sub-03,1494,stimulus_1494,3,0,train
sub-03,1495,stimulus_1495,3,3,train
sub-03,1496,stimulus_1496,2,3,val
sub-03,1497,stimulus_1497,3,2,test
sub-03,1498,stimulus_1498,3,1,val
sub-03,1499,stimulus_1499,2,1,test
sub-03,1500,stimulus_1500,3,2,train
sub-03,1501,stimulus_1501,3,3,test
sub-03,1502,stimulus_1502,3,3,train
sub-03,1503,stimulus_1503,3,3,train
sub-03,1504,stimulus_1504,2,0,train
sub-03,1505,stimulus_1505,3,1,val
sub-03,1506,stimulus_1506,2,0,train
sub-03,1507,stimulus_1507,0,0,train
sub-03,1508,stimulus_1508,3,0,val
sub-03,1509,stimulus_1509,3,2,train
sub-03,1510,stimulus_1510,3,2,train
sub-03,1511,stimulus_1511,0,3,train
sub-03,1512,stimulus_1512,3,1,train
sub-03,1513,stimulus_1513,1,2,train
sub-03,1514,stimulus_1514,0,2,train
sub-03,1515,stimulus_1515,2,3,train
sub-03,1516,stimulus_1516,3,3,val
sub-03,1517,stimulus_1517,1,3,train
sub-03,1518,stimulus_1518,0,2,train
sub-03,1519,stimulus_1519,0,0,train
sub-03,1520,stimulus_1520,3,2,train
sub-03,1521,stimulus_1521,2,1,train
sub-03,1522,stimulus_1522,1,2,train
sub-03,1523,stimulus_1523,2,2,val
sub-03,1524,stimulus_1524,3,1,val
sub-03,1525,stimulus_1525,2,0,train
sub-03,1526,stimulus_1526,2,2,train
sub-03,1527,stimulus_1527,2,3,train
sub-03,1528,stimulus_1528,1,0,test
sub-03,1529,stimulus_1529,1,2,train
sub-03,1530,stimulus_1530,1,2,train
sub-03,1531,stimulus_1531,2,2,train
sub-03,1532,stimulus_1532,0,0,train
sub-03,1533,stimulus_1533,2,1,train
sub-03,1534,stimulus_1534,1,1,val
sub-03,1535,stimulus_1535,2,3,val
sub-03,1536,stimulus_1536,2,3,test
sub-03,1537,stimulus_1537,2,3,train
sub-03,1538,stimulus_1538,2,3,train
sub-03,1539,stimulus_1539,3,3,train
sub-03,1540,stimulus_1540,3,1,train
sub-03,1541,stimulus_1541,0,0,train
sub-03,1542,stimulus_1542,2,2,train
sub-03,1543,stimulus_1543,1,3,train
sub-03,1544,stimulus_1544,1,1,train
sub-03,1545,stimulus_1545,1,2,train
sub-03,1546,stimulus_1546,2,3,train
sub-03,1547,stimulus_1547,3,1,train
sub-03,1548,stimulus_1548,3,1,train
sub-03,1549,stimulus_1549,1,2,val
sub-03,1550,stimulus_1550,0,2,train
sub-03,1551,stimulus_1551,2,3,train
sub-03,1552,stimulus_1552,1,3,train
sub-03,1553,stimulus_1553,1,3,train
sub-03,1554,stimulus_1554,1,3,train
sub-03,1555,stimulus_1555,2,0,train
sub-03,1556,stimulus_1556,0,1,train
sub-03,1557,stimulus_1557,2,3,train
sub-03,1558,stimulus_1558,3,2,train
sub-03,1559,stimulus_1559,2,2,train
sub-03,1560,stimulus_1560,2,3,train
sub-03,1561,stimulus_1561,1,0,train
sub-03,1562,stimulus_1562,0,3,train
sub-03,1563,stimulus_1563,2,1,train
sub-03,1564,stimulus_1564,3,3,train
sub-03,1565,stimulus_1565,0,0,train
sub-03,1566,stimulus_1566,1,1,train
sub-03,1567,stimulus_1567,1,1,train
sub-03,1568,stimulus_1568,3,3,train
sub-03,1569,stimulus_1569,3,3,train
sub-03,1570,stimulus_1570,3,3,train
sub-03,1571,stimulus_1571,3,3,val
sub-03,1572,stimulus_1572,3,2,test
sub-03,1573,stimulus_1573,2,3,train
sub-03,1574,stimulus_1574,1,0,train
sub-03,1575,stimulus_1575,1,3,train
sub-03,1576,stimulus_1576,0,3,test
sub-03,1577,stimulus_1577,2,3,test
sub-03,1578,stimulus_1578,1,1,train
sub-03,1579,stimulus_1579,2,1,train
sub-03,1580,stimulus_1580,2,1,val
sub-03,1581,stimulus_1581,2,2,train
sub-03,1582,stimulus_1582,3,3,train
sub-03,1583,stimulus_1583,2,3,train
sub-03,1584,stimulus_1584,3,3,train
sub-03,1585,stimulus_1585,0,1,train
sub-03,1586,stimulus_1586,2,1,test
sub-03,1587,stimulus_1587,0,1,train
sub-03,1588,stimulus_1588,2,1,train
sub-03,1589,stimulus_1589,0,1,train
sub-03,1590,stimulus_1590,0,3,train
sub-03,1591,stimulus_1591,0,0,train
sub-03,1592,stimulus_1592,3,0,train
sub-03,1593,stimulus_1593,1,2,train
sub-03,1594,stimulus_1594,3,3,train
sub-03,1595,stimulus_1595,1,3,train
sub-03,1596,stimulus_1596,0,1,test
sub-03,1597,stimulus_1597,2,0,train
sub-03,1598,stimulus_1598,0,3,test
sub-03,1599,stimulus_1599,1,3,train
sub-03,1600,stimulus_1600,1,1,train
sub-03,1601,stimulus_1601,0,2,train
sub-03,1602,stimulus_1602,2,1,train
sub-03,1603,stimulus_1603,3,1,train
sub-03,1604,stimulus_1604,2,0,train
sub-03,1605,stimulus_1605,0,1,train
sub-03,1606,stimulus_1606,2,1,test
sub-03,1607,stimulus_1607,1,1,train
sub-03,1608,stimulus_1608,3,3,train
sub-03,1609,stimulus_1609,1,1,train
sub-03,1610,stimulus_1610,2,3,train
sub-03,1611,stimulus_1611,0,0,train
sub-03,1612,stimulus_1612,2,1,train
sub-03,1613,stimulus_1613,0,1,train
sub-03,1614,stimulus_1614,1,0,train
sub-03,1615,stimulus_1615,1,2,train
sub-03,1616,stimulus_1616,3,2,train
sub-03,1617,stimulus_1617,1,2,train
sub-03,1618,stimulus_1618,1,0,train
sub-03,1619,stimulus_1619,2,1,train
sub-03,1620,stimulus_1620,3,0,train
sub-03,1621,stimulus_1621,1,0,train
sub-03,1622,stimulus_1622,2,2,train
sub-03,1623,stimulus_1623,1,0,train
sub-03,1624,stimulus_1624,2,2,train
sub-03,1625,stimulus_1625,2,2,val
sub-03,1626,stimulus_1626,1,1,train
sub-03,1627,stimulus_1627,0,1,train
sub-03,1628,stimulus_1628,3,1,train
sub-03,1629,stimulus_1629,0,2,train
sub-03,1630,stimulus_1630,0,0,train
sub-03,1631,stimulus_1631,1,1,test
sub-03,1632,stimulus_1632,0,2,val
sub-03,1633,stimulus_1633,2,3,val
sub-03,1634,stimulus_1634,2,2,train
sub-03,1635,stimulus_1635,1,2,test
sub-03,1636,stimulus_1636,3,2,train
sub-03,1637,stimulus_1637,3,3,test
sub-03,1638,stimulus_1638,3,2,train
sub-03,1639,stimulus_1639,3,2,val
sub-03,1640,stimulus_1640,3,3,val
sub-03,1641,stimulus_1641,2,3,train
sub-03,1642,stimulus_1642,1,3,train
sub-03,1643,stimulus_1643,3,3,train
sub-03,1644,stimulus_1644,1,3,test
sub-03,1645,stimulus_1645,2,3,train
sub-03,1646,stimulus_1646,1,0,train
sub-03,1647,stimulus_1647,2,0,train
sub-03,1648,stimulus_1648,2,1,train
sub-03,1649,stimulus_1649,1,3,train
sub-03,1650,stimulus_1650,0,3,train
sub-03,1651,stimulus_1651,3,0,train
sub-03,1652,stimulus_1652,1,3,train
sub-03,1653,stimulus_1653,2,1,train
sub-03,1654,stimulus_1654,0,2,train
sub-03,1655,stimulus_1655,0,2,train
sub-03,1656,stimulus_1656,3,1,train
sub-03,1657,stimulus_1657,0,1,train
sub-03,1658,stimulus_1658,3,1,train
sub-03,1659,stimulus_1659,2,2,train
sub-03,1660,stimulus_1660,3,1,train
sub-03,1661,stimulus_1661,3,2,train
sub-03,1662,stimulus_1662,2,1,train
sub-03,1663,stimulus_1663,1,1,val
sub-03,1664,stimulus_1664,2,2,test
sub-03,1665,stimulus_1665,1,0,train
sub-03,1666,stimulus_1666,3,2,train
sub-03,1667,stimulus_1667,3,1,test
sub-03,1668,stimulus_1668,2,3,train
sub-03,1669,stimulus_1669,1,3,train
sub-03,1670,stimulus_1670,2,2,train
sub-03,1671,stimulus_1671,3,3,train
sub-03,1672,stimulus_1672,1,0,train
sub-03,1673,stimulus_1673,1,1,train
sub-03,1674,stimulus_1674,1,0,train
sub-03,1675,stimulus_1675,0,0,train
sub-03,1676,stimulus_1676,2,3,train
sub-03,1677,stimulus_1677,3,3,train
sub-03,1678,stimulus_1678,3,3,train
sub-03,1679,stimulus_1679,1,3,train
sub-03,1680,stimulus_1680,3,2,train
sub-03,1681,stimulus_1681,2,0,train
sub-03,1682,stimulus_1682,2,1,train
sub-03,1683,stimulus_1683,2,0,val
sub-03,1684,stimulus_1684,2,1,train
sub-03,1685,stimulus_1685,0,1,train
sub-03,1686,stimulus_1686,1,2,train
sub-03,1687,stimulus_1687,1,1,train
sub-03,1688,stimulus_1688,1,3,train
sub-03,1689,stimulus_1689,2,1,val
sub-03,1690,stimulus_1690,0,1,val
sub-03,1691,stimulus_1691,0,0,val
sub-03,1692,stimulus_1692,2,0,train
sub-03,1693,stimulus_1693,3,3,train
sub-03,1694,stimulus_1694,2,3,train
sub-03,1695,stimulus_1695,1,1,train
sub-03,1696,stimulus_1696,2,2,train
sub-03,1697,stimulus_1697,3,3,val
sub-03,1698,stimulus_1698,2,2,val
sub-03,1699,stimulus_1699,3,2,test
sub-03,1700,stimulus_1700,1,0,train
sub-03,1701,stimulus_1701,0,2,train
sub-03,1702,stimulus_1702,2,3,train
sub-03,1703,stimulus_1703,0,1,train
sub-03,1704,stimulus_1704,1,0,train
sub-03,1705,stimulus_1705,0,0,train
sub-03,1706,stimulus_1706,0,1,train
sub-03,1707,stimulus_1707,2,3,train
sub-03,1708,stimulus_1708,3,2,test
sub-03,1709,stimulus_1709,1,1,train
sub-03,1710,stimulus_1710,2,3,train
sub-03,1711,stimulus_1711,3,2,train
sub-03,1712,stimulus_1712,3,3,train
sub-03,1713,stimulus_1713,1,0,train
sub-03,1714,stimulus_1714,3,3,train
sub-03,1715,stimulus_1715,3,2,train
sub-03,1716,stimulus_1716,3,0,test
sub-03,1717,stimulus_1717,3,3,train
sub-03,1718,stimulus_1718,3,3,train
sub-03,1719,stimulus_1719,1,0,train
sub-03,1720,stimulus_1720,1,3,train
sub-03,1721,stimulus_1721,3,3,train
sub-03,1722,stimulus_1722,2,1,train
sub-03,1723,stimulus_1723,3,2,train
sub-03,1724,stimulus_1724,1,0,train
sub-03,1725,stimulus_1725,0,1,train
sub-03,1726,stimulus_1726,0,3,train
sub-03,1727,stimulus_1727,2,1,train
sub-03,1728,stimulus_1728,1,3,train
sub-03,1729,stimulus_1729,1,0,test
sub-03,1730,stimulus_1730,1,1,test
sub-03,1731,stimulus_1731,1,0,train
sub-03,1732,stimulus_1732,0,3,train
sub-03,1733,stimulus_1733,2,1,train
sub-03,1734,stimulus_1734,1,3,train
sub-03,1735,stimulus_1735,3,2,test
sub-03,1736,stimulus_1736,1,1,train
sub-03,1737,stimulus_1737,1,3,train
sub-03,1738,stimulus_1738,1,1,train
sub-03,1739,stimulus_1739,0,2,train
sub-03,1740,stimulus_1740,3,2,val
sub-03,1741,stimulus_1741,2,1,train
sub-03,1742,stimulus_1742,1,3,test
sub-03,1743,stimulus_1743,2,3,val
sub-03,1744,stimulus_1744,0,2,val
sub-03,1745,stimulus_1745,3,2,train
sub-03,1746,stimulus_1746,3,2,train
sub-03,1747,stimulus_1747,2,1,train
sub-03,1748,stimulus_1748,2,0,train
sub-03,1749,stimulus_1749,3,1,train
sub-03,1750,stimulus_1750,2,1,val
sub-03,1751,stimulus_1751,2,1,train
sub-03,1752,stimulus_1752,0,2,train
sub-03,1753,stimulus_1753,3,3,train
sub-03,1754,stimulus_1754,3,3,train
sub-03,1755,stimulus_1755,0,2,train
sub-03,1756,stimulus_1756,3,3,train
sub-03,1757,stimulus_1757,1,3,train
sub-03,1758,stimulus_1758,3,3,train
sub-03,1759,stimulus_1759,1,3,test
sub-03,1760,stimulus_1760,2,0,test
sub-03,1761,stimulus_1761,3,2,train
sub-03,1762,stimulus_1762,2,3,train
sub-03,1763,stimulus_1763,2,3,train
sub-03,1764,stimulus_1764,2,3,train
sub-03,1765,stimulus_1765,0,1,val
sub-03,1766,stimulus_1766,1,0,train
sub-03,1767,stimulus_1767,1,1,train
sub-03,1768,stimulus_1768,0,0,train
sub-03,1769,stimulus_1769,3,3,val
sub-03,1770,stimulus_1770,1,0,train
sub-03,1771,stimulus_1771,0,0,train
sub-03,1772,stimulus_1772,2,2,test
sub-03,1773,stimulus_1773,3,0,train
sub-03,1774,stimulus_1774,1,1,test
sub-03,1775,stimulus_1775,2,2,train
sub-03,1776,stimulus_1776,1,1,test
sub-03,1777,stimulus_1777,3,3,train
sub-03,1778,stimulus_1778,3,3,train
sub-03,1779,stimulus_1779,1,2,train
sub-03,1780,stimulus_1780,1,3,train
sub-03,1781,stimulus_1781,3,2,train
sub-03,1782,stimulus_1782,2,2,test
sub-03,1783,stimulus_1783,3,3,val
sub-03,1784,stimulus_1784,1,0,train
sub-03,1785,stimulus_1785,1,1,train
sub-03,1786,stimulus_1786,0,1,train
sub-03,1787,stimulus_1787,2,2,train
sub-03,1788,stimulus_1788,1,2,train
sub-03,1789,stimulus_1789,3,3,train
sub-03,1790,stimulus_1790,0,0,val
sub-03,1791,stimulus_1791,1,1,train
sub-03,1792,stimulus_1792,0,0,train
sub-03,1793,stimulus_1793,0,0,train
sub-03,1794,stimulus_1794,1,1,train
sub-03,1795,stimulus_1795,0,3,test
sub-03,1796,stimulus_1796,1,3,train
sub-03,1797,stimulus_1797,2,1,train
sub-03,1798,stimulus_1798,2,2,train
sub-03,1799,stimulus_1799,1,3,train
sub-03,1800,stimulus_1800,2,3,train
sub-03,1801,stimulus_1801,2,2,train
sub-03,1802,stimulus_1802,2,1,train
sub-03,1803,stimulus_1803,3,2,train
sub-03,1804,stimulus_1804,3,0,train
sub-03,1805,stimulus_1805,3,3,train
sub-03,1806,stimulus_1806,3,0,train
sub-03,1807,stimulus_1807,3,3,test
sub-03,1808,stimulus_1808,3,0,train
sub-03,1809,stimulus_1809,1,3,train
sub-03,1810,stimulus_1810,3,0,train
sub-03,1811,stimulus_1811,1,2,train
sub-03,1812,stimulus_1812,2,2,train
sub-03,1813,stimulus_1813,0,1,train
sub-03,1814,stimulus_1814,3,1,train
sub-03,1815,stimulus_1815,3,0,train
sub-03,1816,stimulus_1816,0,1,val
sub-03,1817,stimulus_1817,2,0,train
sub-03,1818,stimulus_1818,2,1,train
sub-03,1819,stimulus_1819,0,3,train
sub-03,1820,stimulus_1820,3,0,val
sub-03,1821,stimulus_1821,1,2,train
sub-03,1822,stimulus_1822,0,0,train
sub-03,1823,stimulus_1823,1,1,train
sub-03,1824,stimulus_1824,2,1,train
sub-03,1825,stimulus_1825,3,0,train
sub-03,1826,stimulus_1826,3,3,test
sub-03,1827,stimulus_1827,1,3,train
sub-03,1828,stimulus_1828,0,1,train
sub-03,1829,stimulus_1829,2,2,train
sub-03,1830,stimulus_1830,0,3,train
sub-03,1831,stimulus_1831,1,0,val
sub-03,1832,stimulus_1832,0,3,train
sub-03,1833,stimulus_1833,3,3,train
sub-03,1834,stimulus_1834,3,3,train
sub-03,1835,stimulus_1835,2,0,train
sub-03,1836,stimulus_1836,3,3,val
sub-03,1837,stimulus_1837,0,2,train
sub-03,1838,stimulus_1838,1,3,train
sub-03,1839,stimulus_1839,3,3,train
sub-03,1840,stimulus_1840,2,1,train
sub-03,1841,stimulus_1841,2,0,train
sub-03,1842,stimulus_1842,3,2,train
sub-03,1843,stimulus_1843,0,2,train
sub-03,1844,stimulus_1844,0,1,train
sub-03,1845,stimulus_1845,0,1,train
sub-03,1846,stimulus_1846,2,0,train
sub-03,1847,stimulus_1847,1,1,train
sub-03,1848,stimulus_1848,2,0,train
sub-03,1849,stimulus_1849,2,3,train
sub-03,1850,stimulus_1850,3,0,train
sub-03,1851,stimulus_1851,3,1,test
sub-03,1852,stimulus_1852,3,3,train
sub-03,1853,stimulus_1853,0,1,val
sub-03,1854,stimulus_1854,3,1,train
sub-03,1855,stimulus_1855,3,1,train
sub-03,1856,stimulus_1856,2,1,train
sub-03,1857,stimulus_1857,1,3,train
sub-03,1858,stimulus_1858,0,3,train
sub-03,1859,stimulus_1859,2,1,train
sub-03,1860,stimulus_1860,2,1,train
sub-03,1861,stimulus_1861,2,1,train
sub-03,1862,stimulus_1862,1,1,train
sub-03,1863,stimulus_1863,1,3,val
sub-03,1864,stimulus_1864,1,1,train
sub-03,1865,stimulus_1865,1,3,train
sub-03,1866,stimulus_1866,0,1,train
sub-03,1867,stimulus_1867,1,1,train
sub-03,1868,stimulus_1868,0,3,train
sub-03,1869,stimulus_1869,3,2,val
sub-03,1870,stimulus_1870,0,3,train
sub-03,1871,stimulus_1871,0,1,train
sub-03,1872,stimulus_1872,2,3,train
sub-03,1873,stimulus_1873,1,1,train
sub-03,1874,stimulus_1874,1,0,train
sub-03,1875,stimulus_1875,1,0,train
sub-03,1876,stimulus_1876,2,0,val
sub-03,1877,stimulus_1877,1,2,val
sub-03,1878,stimulus_1878,1,3,train
sub-03,1879,stimulus_1879,1,2,train
sub-03,1880,stimulus_1880,2,1,train
sub-03,1881,stimulus_1881,1,1,train
sub-03,1882,stimulus_1882,3,2,train
sub-03,1883,stimulus_1883,1,0,train
sub-03,1884,stimulus_1884,2,2,train
sub-03,1885,stimulus_1885,0,0,test
sub-03,1886,stimulus_1886,2,3,train
sub-03,1887,stimulus_1887,0,3,train
sub-03,1888,stimulus_1888,1,3,train
sub-03,1889,stimulus_1889,3,3,train
sub-03,1890,stimulus_1890,1,1,train
sub-03,1891,stimulus_1891,3,3,test
sub-03,1892,stimulus_1892,1,3,train
sub-03,1893,stimulus_1893,3,3,train
sub-03,1894,stimulus_1894,2,3,train
sub-03,1895,stimulus_1895,2,3,val
sub-03,1896,stimulus_1896,1,2,test
sub-03,1897,stimulus_1897,2,1,test
sub-03,1898,stimulus_1898,2,0,train
sub-03,1899,stimulus_1899,2,3,train
sub-03,1900,stimulus_1900,3,1,train
sub-03,1901,stimulus_1901,0,2,train
sub-03,1902,stimulus_1902,2,1,val
sub-03,1903,stimulus_1903,0,0,test
sub-03,1904,stimulus_1904,3,1,train
sub-03,1905,stimulus_1905,1,1,train
sub-03,1906,stimulus_1906,0,2,train
sub-03,1907,stimulus_1907,0,1,train
sub-03,1908,stimulus_1908,1,1,train
sub-03,1909,stimulus_1909,3,3,train
sub-03,1910,stimulus_1910,1,2,train
sub-03,1911,stimulus_1911,3,2,train
sub-03,1912,stimulus_1912,2,3,train
sub-03,1913,stimulus_1913,2,2,train
sub-03,1914,stimulus_1914,1,3,train
sub-03,1915,stimulus_1915,2,3,train
sub-03,1916,stimulus_1916,0,2,train
sub-03,1917,stimulus_1917,2,3,train
sub-03,1918,stimulus_1918,3,3,train
sub-03,1919,stimulus_1919,1,2,train
sub-03,1920,stimulus_1920,2,1,train
sub-03,1921,stimulus_1921,2,0,val
sub-03,1922,stimulus_1922,0,0,train
sub-03,1923,stimulus_1923,0,0,train
sub-03,1924,stimulus_1924,3,1,train
sub-03,1925,stimulus_1925,2,3,train
sub-03,1926,stimulus_1926,0,1,train
sub-03,1927,stimulus_1927,1,0,train
sub-03,1928,stimulus_1928,0,0,train
sub-03,1929,stimulus_1929,1,1,train
sub-03,1930,stimulus_1930,2,0,train
sub-03,1931,stimulus_1931,0,0,val
sub-03,1932,stimulus_1932,2,0,test
sub-03,1933,stimulus_1933,0,0,test
sub-03,1934,stimulus_1934,0,1,test
sub-03,1935,stimulus_1935,3,1,train
sub-03,1936,stimulus_1936,3,1,train
sub-03,1937,stimulus_1937,3,3,train
sub-03,1938,stimulus_1938,3,1,train
sub-03,1939,stimulus_1939,1,2,test
sub-03,1940,stimulus_1940,0,1,train
sub-03,1941,stimulus_1941,2,3,val
sub-03,1942,stimulus_1942,3,3,train
sub-03,1943,stimulus_1943,1,1,train
sub-03,1944,stimulus_1944,2,1,test
sub-03,1945,stimulus_1945,2,2,train
sub-03,1946,stimulus_1946,1,0,test
sub-03,1947,stimulus_1947,1,1,train
sub-03,1948,stimulus_1948,1,1,train
sub-03,1949,stimulus_1949,1,1,test
sub-03,1950,stimulus_1950,1,0,val
sub-03,1951,stimulus_1951,0,0,test
sub-03,1952,stimulus_1952,1,0,train
sub-03,1953,stimulus_1953,2,2,train
sub-03,1954,stimulus_1954,1,0,train
sub-03,1955,stimulus_1955,0,1,train
sub-03,1956,stimulus_1956,0,0,val
sub-03,1957,stimulus_1957,3,3,train
sub-03,1958,stimulus_1958,1,0,train
sub-03,1959,stimulus_1959,0,1,train
sub-03,1960,stimulus_1960,0,3,val
sub-03,1961,stimulus_1961,3,3,train
sub-03,1962,stimulus_1962,2,0,test
sub-03,1963,stimulus_1963,2,1,val
sub-03,1964,stimulus_1964,1,3,train
sub-03,1965,stimulus_1965,3,3,train
sub-03,1966,stimulus_1966,3,1,train
sub-03,1967,stimulus_1967,1,1,train
sub-03,1968,stimulus_1968,3,1,train
sub-03,1969,stimulus_1969,2,2,train
sub-03,1970,stimulus_1970,3,1,train
sub-03,1971,stimulus_1971,2,3,train
sub-03,1972,stimulus_1972,1,0,train
sub-03,1973,stimulus_1973,0,0,train
sub-03,1974,stimulus_1974,3,3,train
sub-03,1975,stimulus_1975,3,3,train
sub-03,1976,stimulus_1976,3,3,train
sub-03,1977,stimulus_1977,0,0,train
sub-03,1978,stimulus_1978,3,1,train
sub-03,1979,stimulus_1979,0,2,train
sub-03,1980,stimulus_1980,3,3,train
sub-03,1981,stimulus_1981,3,3,train
sub-03,1982,stimulus_1982,2,1,train
sub-03,1983,stimulus_1983,2,2,train
sub-03,1984,stimulus_1984,1,0,train
sub-03,1985,stimulus_1985,0,2,train
sub-03,1986,stimulus_1986,3,0,train
sub-03,1987,stimulus_1987,0,1,train
sub-03,1988,stimulus_1988,3,0,val
sub-03,1989,stimulus_1989,3,1,train
sub-03,1990,stimulus_1990,0,1,train
sub-03,1991,stimulus_1991,0,1,train
sub-03,1992,stimulus_1992,3,3,train
sub-03,1993,stimulus_1993,3,3,train
sub-03,1994,stimulus_1994,1,0,train
sub-03,1995,stimulus_1995,2,1,train
sub-03,1996,stimulus_1996,1,1,train
sub-03,1997,stimulus_1997,2,1,test
sub-03,1998,stimulus_1998,2,3,train
sub-03,1999,stimulus_1999,0,2,val
sub-03,2000,stimulus_2000,3,1,test
sub-03,2001,stimulus_2001,3,1,train
sub-03,2002,stimulus_2002,3,0,train
sub-03,2003,stimulus_2003,1,3,val
sub-03,2004,stimulus_2004,0,0,val
sub-03,2005,stimulus_2005,1,0,train
sub-03,2006,stimulus_2006,0,3,test
sub-03,2007,stimulus_2007,2,0,train
sub-03,2008,stimulus_2008,0,2,train
sub-03,2009,stimulus_2009,0,0,train
sub-03,2010,stimulus_2010,0,1,train
sub-03,2011,stimulus_2011,0,1,train
sub-03,2012,stimulus_2012,0,3,val
sub-03,2013,stimulus_2013,3,2,train
sub-03,2014,stimulus_2014,1,1,train
sub-03,2015,stimulus_2015,2,3,train
sub-03,2016,stimulus_2016,0,0,train
sub-03,2017,stimulus_2017,2,3,train
sub-03,2018,stimulus_2018,0,0,train
sub-03,2019,stimulus_2019,0,0,train
sub-03,2020,stimulus_2020,0,0,train
sub-03,2021,stimulus_2021,2,3,train
sub-03,2022,stimulus_2022,0,1,train
sub-03,2023,stimulus_2023,2,2,val
sub-03,2024,stimulus_2024,0,0,train
sub-03,2025,stimulus_2025,1,2,train
sub-03,2026,stimulus_2026,2,0,train
sub-03,2027,stimulus_2027,1,0,train
sub-03,2028,stimulus_2028,2,1,train
sub-03,2029,stimulus_2029,2,3,test
sub-03,2030,stimulus_2030,3,3,train
sub-03,2031,stimulus_2031,2,2,train
sub-03,2032,stimulus_2032,2,2,train
sub-03,2033,stimulus_2033,2,3,train
sub-03,2034,stimulus_2034,3,3,train
sub-03,2035,stimulus_2035,2,3,train
sub-03,2036,stimulus_2036,1,0,train
sub-03,2037,stimulus_2037,2,3,test
sub-03,2038,stimulus_2038,1,1,train
sub-03,2039,stimulus_2039,1,1,train
sub-03,2040,stimulus_2040,3,3,train
sub-03,2041,stimulus_2041,2,2,train
sub-03,2042,stimulus_2042,1,1,train
sub-03,2043,stimulus_2043,3,2,train
sub-03,2044,stimulus_2044,3,1,train
sub-03,2045,stimulus_2045,2,3,test
sub-03,2046,stimulus_2046,1,3,train
sub-03,2047,stimulus_2047,0,3,train
sub-03,2048,stimulus_2048,0,0,train
sub-03,2049,stimulus_2049,0,2,train
sub-03,2050,stimulus_2050,1,1,train
sub-03,2051,stimulus_2051,1,2,train
sub-03,2052,stimulus_2052,1,3,train
sub-03,2053,stimulus_2053,2,3,train
sub-03,2054,stimulus_2054,0,2,train
sub-03,2055,stimulus_2055,0,0,train
sub-03,2056,stimulus_2056,2,0,train
sub-03,2057,stimulus_2057,3,2,train
sub-03,2058,stimulus_2058,0,1,val
sub-03,2059,stimulus_2059,3,1,train
sub-03,2060,stimulus_2060,2,1,val
sub-03,2061,stimulus_2061,3,1,train
sub-03,2062,stimulus_2062,0,0,val
sub-03,2063,stimulus_2063,3,3,test
sub-03,2064,stimulus_2064,1,0,train
sub-03,2065,stimulus_2065,2,3,train
sub-03,2066,stimulus_2066,0,1,train
sub-03,2067,stimulus_2067,0,2,train
sub-03,2068,stimulus_2068,0,3,train
sub-03,2069,stimulus_2069,0,3,train
sub-03,2070,stimulus_2070,3,1,train
sub-03,2071,stimulus_2071,3,1,train
sub-03,2072,stimulus_2072,3,1,train
sub-03,2073,stimulus_2073,1,3,train
sub-03,2074,stimulus_2074,1,2,test
sub-03,2075,stimulus_2075,2,2,train
sub-03,2076,stimulus_2076,1,2,train
sub-03,2077,stimulus_2077,3,3,train
sub-03,2078,stimulus_2078,3,3,train
sub-03,2079,stimulus_2079,1,0,train
sub-03,2080,stimulus_2080,0,2,train
sub-03,2081,stimulus_2081,0,1,train
sub-03,2082,stimulus_2082,3,1,train
sub-03,2083,stimulus_2083,2,1,train
sub-03,2084,stimulus_2084,1,2,train
sub-03,2085,stimulus_2085,3,3,train
sub-03,2086,stimulus_2086,0,1,train
sub-03,2087,stimulus_2087,2,1,train
sub-03,2088,stimulus_2088,2,2,train
sub-03,2089,stimulus_2089,3,3,train
sub-03,2090,stimulus_2090,1,1,train
sub-03,2091,stimulus_2091,0,3,train
sub-03,2092,stimulus_2092,3,3,val
sub-03,2093,stimulus_2093,2,1,train
sub-03,2094,stimulus_2094,1,1,train
sub-03,2095,stimulus_2095,3,1,train
sub-03,2096,stimulus_2096,3,0,train
sub-03,2097,stimulus_2097,1,3,train
sub-03,2098,stimulus_2098,2,3,train
sub-03,2099,stimulus_2099,2,2,train
sub-03,2100,stimulus_2100,3,2,train
sub-03,2101,stimulus_2101,1,0,train
sub-03,2102,stimulus_2102,3,3,train
sub-03,2103,stimulus_2103,1,3,train
sub-03,2104,stimulus_2104,1,0,train
sub-03,2105,stimulus_2105,1,3,train
sub-03,2106,stimulus_2106,0,0,train
sub-03,2107,stimulus_2107,2,0,train
sub-03,2108,stimulus_2108,2,3,train
sub-03,2109,stimulus_2109,0,1,train
sub-03,2110,stimulus_2110,3,3,train
sub-03,2111,stimulus_2111,0,0,test
sub-03,2112,stimulus_2112,2,1,train
sub-03,2113,stimulus_2113,3,3,train
sub-03,2114,stimulus_2114,3,1,test
sub-03,2115,stimulus_2115,0,2,train
sub-03,2116,stimulus_2116,0,0,train
sub-03,2117,stimulus_2117,3,1,train
sub-03,2118,stimulus_2118,3,1,train
sub-03,2119,stimulus_2119,1,0,train
sub-03,2120,stimulus_2120,0,3,train
sub-03,2121,stimulus_2121,0,3,test
sub-03,2122,stimulus_2122,0,2,val
sub-03,2123,stimulus_2123,0,1,val
sub-03,2124,stimulus_2124,0,3,train
sub-03,2125,stimulus_2125,1,1,train
sub-03,2126,stimulus_2126,1,0,test
sub-03,2127,stimulus_2127,1,0,train
sub-03,2128,stimulus_2128,1,0,test
sub-03,2129,stimulus_2129,1,0,test
sub-03,2130,stimulus_2130,0,1,test
sub-03,2131,stimulus_2131,3,0,train
sub-03,2132,stimulus_2132,1,0,train
sub-03,2133,stimulus_2133,1,0,train
sub-03,2134,stimulus_2134,2,0,train
sub-03,2135,stimulus_2135,0,1,train
sub-03,2136,stimulus_2136,1,0,train
sub-03,2137,stimulus_2137,3,3,train
sub-03,2138,stimulus_2138,3,3,test
sub-03,2139,stimulus_2139,0,1,test
sub-03,2140,stimulus_2140,3,3,train
sub-03,2141,stimulus_2141,0,0,train
sub-03,2142,stimulus_2142,0,0,train
sub-03,2143,stimulus_2143,3,3,val
sub-03,2144,stimulus_2144,0,1,train
sub-03,2145,stimulus_2145,2,1,train
sub-03,2146,stimulus_2146,3,2,train
sub-03,2147,stimulus_2147,0,1,val
sub-03,2148,stimulus_2148,1,2,test
sub-03,2149,stimulus_2149,3,2,train
sub-03,2150,stimulus_2150,3,1,train
sub-03,2151,stimulus_2151,1,1,train
sub-03,2152,stimulus_2152,0,1,train
sub-03,2153,stimulus_2153,0,2,train
sub-03,2154,stimulus_2154,3,2,train
sub-03,2155,stimulus_2155,1,0,train
sub-03,2156,stimulus_2156,1,1,train
sub-03,2157,stimulus_2157,0,1,train
sub-03,2158,stimulus_2158,3,3,train
sub-03,2159,stimulus_2159,0,0,val
sub-03,2160,stimulus_2160,1,0,train
sub-03,2161,stimulus_2161,0,3,train
sub-03,2162,stimulus_2162,0,2,train
sub-03,2163,stimulus_2163,3,0,train
sub-03,2164,stimulus_2164,1,3,train
sub-03,2165,stimulus_2165,1,0,train
sub-03,2166,stimulus_2166,2,1,train
sub-03,2167,stimulus_2167,2,2,train
sub-03,2168,stimulus_2168,0,2,train
sub-03,2169,stimulus_2169,0,0,train
sub-03,2170,stimulus_2170,2,3,train
sub-03,2171,stimulus_2171,2,0,train
sub-03,2172,stimulus_2172,1,0,train
sub-03,2173,stimulus_2173,3,1,train
sub-03,2174,stimulus_2174,0,0,train
sub-03,2175,stimulus_2175,2,1,train
sub-03,2176,stimulus_2176,2,1,train
sub-03,2177,stimulus_2177,0,0,train
sub-03,2178,stimulus_2178,1,2,test
sub-03,2179,stimulus_2179,3,3,train
sub-03,2180,stimulus_2180,1,1,train
sub-03,2181,stimulus_2181,3,2,train
sub-03,2182,stimulus_2182,3,3,train
sub-03,2183,stimulus_2183,0,1,train
sub-03,2184,stimulus_2184,1,1,train
sub-03,2185,stimulus_2185,1,1,train
sub-04,1,stimulus_1,0,1,test
sub-04,2,stimulus_2,1,1,val
sub-04,3,stimulus_3,2,3,train
sub-04,4,stimulus_4,1,0,train
sub-04,5,stimulus_5,0,3,train
sub-04,6,stimulus_6,2,1,train
sub-04,7,stimulus_7,1,0,train
sub-04,8,stimulus_8,3,0,val
sub-04,9,stimulus_9,0,0,train
sub-04,10,stimulus_10,3,3,test
sub-04,11,stimulus_11,3,3,train
sub-04,12,stimulus_12,2,1,val
sub-04,13,stimulus_13,3,3,train
sub-04,14,stimulus_14,2,2,train
sub-04,15,stimulus_15,0,3,train
sub-04,16,stimulus_16,3,3,train
sub-04,17,stimulus_17,3,2,train
sub-04,18,stimulus_18,0,2,train
sub-04,19,stimulus_19,3,2,train
sub-04,20,stimulus_20,2,3,test
sub-04,21,stimulus_21,0,2,train
sub-04,22,stimulus_22,1,3,train
sub-04,23,stimulus_23,3,2,val
sub-04,24,stimulus_24,1,1,train
sub-04,25,stimulus_25,0,1,train
sub-04,26,stimulus_26,3,1,train
sub-04,27,stimulus_27,0,2,train
sub-04,28,stimulus_28,0,1,train
sub-04,29,stimulus_29,3,2,test
sub-04,30,stimulus_30,0,2,train
sub-04,31,stimulus_31,0,2,train
sub-04,32,stimulus_32,2,2,train
sub-04,33,stimulus_33,2,2,train
sub-04,34,stimulus_34,2,2,train
sub-04,35,stimulus_35,3,2,train
sub-04,36,stimulus_36,2,1,train
sub-04,37,stimulus_37,3,3,train
sub-04,38,stimulus_38,2,2,test
sub-04,39,stimulus_39,2,0,train
sub-04,40,stimulus_40,3,1,train
sub-04,41,stimulus_41,3,1,test
sub-04,42,stimulus_42,1,1,train
sub-04,43,stimulus_43,3,2,train
sub-04,44,stimulus_44,2,2,train
sub-04,45,stimulus_45,0,1,train
sub-04,46,stimulus_46,0,1,train
sub-04,47,stimulus_47,1,0,val
sub-04,48,stimulus_48,0,0,test
sub-04,49,stimulus_49,2,0,train
sub-04,50,stimulus_50,2,1,train
sub-04,51,stimulus_51,0,0,test
sub-04,52,stimulus_52,1,1,train
sub-04,53,stimulus_53,1,0,test
sub-04,54,stimulus_54,1,1,train
sub-04,55,stimulus_55,2,3,train
sub-04,56,stimulus_56,1,1,train
sub-04,57,stimulus_57,2,3,train
sub-04,58,stimulus_58,3,3,train
sub-04,59,stimulus_59,0,0,train
sub-04,60,stimulus_60,1,2,train
sub-04,61,stimulus_61,1,0,train
sub-04,62,stimulus_62,0,0,test
sub-04,63,stimulus_63,1,0,test
sub-04,64,stimulus_64,1,0,train
sub-04,65,stimulus_65,1,2,train
sub-04,66,stimulus_66,1,0,train
sub-04,67,stimulus_67,0,0,train
sub-04,68,stimulus_68,1,0,train
sub-04,69,stimulus_69,2,1,train
sub-04,70,stimulus_70,1,0,train
sub-04,71,stimulus_71,0,0,train
sub-04,72,stimulus_72,1,0,train
sub-04,73,stimulus_73,0,1,train
sub-04,74,stimulus_74,3,2,train
sub-04,75,stimulus_75,2,1,train
sub-04,76,stimulus_76,1,1,val
sub-04,77,stimulus_77,1,0,train
sub-04,78,stimulus_78,3,1,train
sub-04,79,stimulus_79,0,0,train
sub-04,80,stimulus_80,1,1,train
sub-04,81,stimulus_81,0,2,train
sub-04,82,stimulus_82,2,1,train
sub-04,83,stimulus_83,3,0,train
sub-04,84,stimulus_84,2,1,train
sub-04,85,stimulus_85,2,1,train
sub-04,86,stimulus_86,1,1,train
sub-04,87,stimulus_87,3,1,train
sub-04,88,stimulus_88,2,1,train
sub-04,89,stimulus_89,0,1,train
sub-04,90,stimulus_90,3,1,train
sub-04,91,stimulus_91,2,1,train
sub-04,92,stimulus_92,2,1,train
sub-04,93,stimulus_93,1,2,train
sub-04,94,stimulus_94,3,0,test
sub-04,95,stimulus_95,0,1,val
sub-04,96,stimulus_96,0,3,train
sub-04,97,stimulus_97,1,2,train
sub-04,98,stimulus_98,3,1,train
sub-04,99,stimulus_99,1,2,val
sub-04,100,stimulus_100,3,3,train
sub-04,101,stimulus_101,3,3,train
sub-04,102,stimulus_102,3,2,train
sub-04,103,stimulus_103,1,0,train
sub-04,104,stimulus_104,0,0,train
sub-04,105,stimulus_105,1,1,train
sub-04,106,stimulus_106,1,0,train
sub-04,107,stimulus_107,0,1,train
sub-04,108,stimulus_108,2,2,train
sub-04,109,stimulus_109,0,2,val
sub-04,110,stimulus_110,3,1,train
sub-04,111,stimulus_111,3,2,train
sub-04,112,stimulus_112,2,3,train
sub-04,113,stimulus_113,3,1,test
sub-04,114,stimulus_114,2,1,train
sub-04,115,stimulus_115,1,2,train
sub-04,116,stimulus_116,3,1,train
sub-04,117,stimulus_117,1,0,train
sub-04,118,stimulus_118,1,1,val
sub-04,119,stimulus_119,0,1,train
sub-04,120,stimulus_120,2,0,train
sub-04,121,stimulus_121,2,1,train
sub-04,122,stimulus_122,1,1,train
sub-04,123,stimulus_123,3,1,test
sub-04,124,stimulus_124,0,0,train
sub-04,125,stimulus_125,3,2,train
sub-04,126,stimulus_126,3,2,train
sub-04,127,stimulus_127,0,3,train
sub-04,128,stimulus_128,0,1,train
sub-04,129,stimulus_129,0,2,train
sub-04,130,stimulus_130,2,2,train
sub-04,131,stimulus_131,2,0,train
sub-04,132,stimulus_132,0,0,train
sub-04,133,stimulus_133,0,0,train
sub-04,134,stimulus_134,1,2,train
sub-04,135,stimulus_135,0,0,train
sub-04,136,stimulus_136,0,0,train
sub-04,137,stimulus_137,0,0,train
sub-04,138,stimulus_138,1,0,val
sub-04,139,stimulus_139,1,1,train
sub-04,140,stimulus_140,2,3,train
sub-04,141,stimulus_141,0,0,train
sub-04,142,stimulus_142,2,0,train
sub-04,143,stimulus_143,1,0,train
sub-04,144,stimulus_144,1,0,test
sub-04,145,stimulus_145,1,3,train
sub-04,146,stimulus_146,3,3,test
sub-04,147,stimulus_147,2,2,train
sub-04,148,stimulus_148,1,3,train
sub-04,149,stimulus_149,3,2,train
sub-04,150,stimulus_150,2,2,test
sub-04,151,stimulus_151,3,2,train
sub-04,152,stimulus_152,3,3,train
sub-04,153,stimulus_153,0,0,train
sub-04,154,stimulus_154,0,0,val
sub-04,155,stimulus_155,1,0,val
sub-04,156,stimulus_156,1,3,train
sub-04,157,stimulus_157,1,3,train
sub-04,158,stimulus_158,0,1,train
sub-04,159,stimulus_159,0,1,train
sub-04,160,stimulus_160,1,2,train
sub-04,161,stimulus_161,3,2,train
sub-04,162,stimulus_162,3,3,train
sub-04,163,stimulus_163,3,3,train
sub-04,164,stimulus_164,3,1,train
sub-04,165,stimulus_165,3,2,train
sub-04,166,stimulus_166,0,2,train
sub-04,167,stimulus_167,3,3,test
sub-04,168,stimulus_168,2,0,train
sub-04,169,stimulus_169,1,1,train
sub-04,170,stimulus_170,0,3,val
sub-04,171,stimulus_171,2,2,train
sub-04,172,stimulus_172,3,1,train
sub-04,173,stimulus_173,2,2,train
sub-04,174,stimulus_174,1,1,train
sub-04,175,stimulus_175,2,3,train
sub-04,176,stimulus_176,3,3,train
sub-04,177,stimulus_177,2,2,val
sub-04,178,stimulus_178,2,0,train
sub-04,179,stimulus_179,1,0,train
sub-04,180,stimulus_180,2,2,train
sub-04,181,stimulus_181,0,1,train
sub-04,182,stimulus_182,3,3,train
sub-04,183,stimulus_183,2,3,train
sub-04,184,stimulus_184,3,3,val
sub-04,185,stimulus_185,2,3,train
sub-04,186,stimulus_186,0,0,train
sub-04,187,stimulus_187,0,0,train
sub-04,188,stimulus_188,3,1,train
sub-04,189,stimulus_189,0,3,train
sub-04,190,stimulus_190,0,2,train
sub-04,191,stimulus_191,3,2,train
sub-04,192,stimulus_192,3,3,train
sub-04,193,stimulus_193,2,1,train
sub-04,194,stimulus_194,2,0,train
sub-04,195,stimulus_195,0,1,train
sub-04,196,stimulus_196,3,2,train
sub-04,197,stimulus_197,0,3,train
sub-04,198,stimulus_198,3,0,train
sub-04,199,stimulus_199,2,2,train
sub-04,200,stimulus_200,2,3,train
sub-04,201,stimulus_201,2,1,val
sub-04,202,stimulus_202,1,3,train
sub-04,203,stimulus_203,1,0,train
sub-04,204,stimulus_204,3,1,train
sub-04,205,stimulus_205,3,3,train
sub-04,206,stimulus_206,3,3,train
sub-04,207,stimulus_207,3,3,test
sub-04,208,stimulus_208,0,1,train
sub-04,209,stimulus_209,1,2,train
sub-04,210,stimulus_210,1,2,train
sub-04,211,stimulus_211,0,1,train
sub-04,212,stimulus_212,1,1,train
sub-04,213,stimulus_213,0,1,train
sub-04,214,stimulus_214,0,0,train
sub-04,215,stimulus_215,3,3,train
sub-04,216,stimulus_216,0,2,train
sub-04,217,stimulus_217,3,3,val
sub-04,218,stimulus_218,0,2,val
sub-04,219,stimulus_219,3,3,train
sub-04,220,stimulus_220,2,3,train
sub-04,221,stimulus_221,1,2,train
sub-04,222,stimulus_222,0,3,train
sub-04,223,stimulus_223,0,3,train
sub-04,224,stimulus_224,2,2,val
sub-04,225,stimulus_225,0,0,train
sub-04,226,stimulus_226,0,0,train
sub-04,227,stimulus_227,2,1,train
sub-04,228,stimulus_228,3,3,test
sub-04,229,stimulus_229,2,3,train
sub-04,230,stimulus_230,3,3,val
sub-04,231,stimulus_231,1,3,train
sub-04,232,stimulus_232,3,3,train
sub-04,233,stimulus_233,1,3,train
sub-04,234,stimulus_234,0,3,train
sub-04,235,stimulus_235,0,1,val
sub-04,236,stimulus_236,0,0,train
sub-04,237,stimulus_237,3,3,train
sub-04,238,stimulus_238,0,3,train
sub-04,239,stimulus_239,1,3,train
sub-04,240,stimulus_240,0,2,train
sub-04,241,stimulus_241,2,1,train
sub-04,242,stimulus_242,1,1,val
sub-04,243,stimulus_243,0,1,train
sub-04,244,stimulus_244,0,1,train
sub-04,245,stimulus_245,2,1,train
sub-04,246,stimulus_246,2,2,train
sub-04,247,stimulus_247,2,1,train
sub-04,248,stimulus_248,2,3,train
sub-04,249,stimulus_249,0,2,train
sub-04,250,stimulus_250,1,1,train
sub-04,251,stimulus_251,3,3,train
sub-04,252,stimulus_252,0,1,train
sub-04,253,stimulus_253,3,3,test
sub-04,254,stimulus_254,1,1,val
sub-04,255,stimulus_255,3,0,train
sub-04,256,stimulus_256,3,3,train
sub-04,257,stimulus_257,2,1,train
sub-04,258,stimulus_258,3,3,val
sub-04,259,stimulus_259,0,3,train
sub-04,260,stimulus_260,3,3,train
sub-04,261,stimulus_261,3,3,train
sub-04,262,stimulus_262,1,3,train
sub-04,263,stimulus_263,2,0,train
sub-04,264,stimulus_264,3,3,test
sub-04,265,stimulus_265,2,1,train
sub-04,266,stimulus_266,0,3,train
sub-04,267,stimulus_267,3,1,train
sub-04,268,stimulus_268,0,0,val
sub-04,269,stimulus_269,0,3,val
sub-04,270,stimulus_270,1,3,train
sub-04,271,stimulus_271,0,3,train
sub-04,272,stimulus_272,1,2,train
sub-04,273,stimulus_273,3,3,train
sub-04,274,stimulus_274,3,0,train
sub-04,275,stimulus_275,3,3,train
sub-04,276,stimulus_276,0,1,train
sub-04,277,stimulus_277,3,2,train
sub-04,278,stimulus_278,0,0,train
sub-04,279,stimulus_279,0,0,val
sub-04,280,stimulus_280,2,3,test
sub-04,281,stimulus_281,2,3,train
sub-04,282,stimulus_282,1,0,train
sub-04,283,stimulus_283,1,2,train
sub-04,284,stimulus_284,2,1,train
sub-04,285,stimulus_285,1,0,test
sub-04,286,stimulus_286,2,2,train
sub-04,287,stimulus_287,2,3,train
sub-04,288,stimulus_288,0,0,train
sub-04,289,stimulus_289,3,3,train
sub-04,290,stimulus_290,2,0,train
sub-04,291,stimulus_291,3,3,train
sub-04,292,stimulus_292,3,2,train
sub-04,293,stimulus_293,3,2,train
sub-04,294,stimulus_294,2,2,test
sub-04,295,stimulus_295,3,3,train
sub-04,296,stimulus_296,3,1,train
sub-04,297,stimulus_297,3,1,train
sub-04,298,stimulus_298,2,0,train
sub-04,299,stimulus_299,0,0,train
sub-04,300,stimulus_300,1,0,train
sub-04,301,stimulus_301,3,1,train
sub-04,302,stimulus_302,2,3,train
sub-04,303,stimulus_303,2,1,train
sub-04,304,stimulus_304,3,1,train
sub-04,305,stimulus_305,2,0,train
sub-04,306,stimulus_306,0,0,train
sub-04,307,stimulus_307,3,2,train
sub-04,308,stimulus_308,0,3,train
sub-04,309,stimulus_309,2,3,train
sub-04,310,stimulus_310,2,2,train
sub-04,311,stimulus_311,2,2,train
sub-04,312,stimulus_312,0,2,train
sub-04,313,stimulus_313,1,2,train
sub-04,314,stimulus_314,2,2,train
sub-04,315,stimulus_315,3,1,train
sub-04,316,stimulus_316,0,3,train
sub-04,317,stimulus_317,3,3,train
sub-04,318,stimulus_318,1,2,val
sub-04,319,stimulus_319,3,1,train
sub-04,320,stimulus_320,3,3,train
sub-04,321,stimulus_321,3,3,val
sub-04,322,stimulus_322,3,2,train
sub-04,323,stimulus_323,3,2,train
sub-04,324,stimulus_324,1,3,train
sub-04,325,stimulus_325,3,3,train
sub-04,326,stimulus_326,1,0,train
sub-04,327,stimulus_327,2,3,train
sub-04,328,stimulus_328,3,3,train
sub-04,329,stimulus_329,0,2,train
sub-04,330,stimulus_330,2,3,train
sub-04,331,stimulus_331,3,2,val
sub-04,332,stimulus_332,0,2,train
sub-04,333,stimulus_333,1,1,train
sub-04,334,stimulus_334,1,1,train
sub-04,335,stimulus_335,0,0,train
sub-04,336,stimulus_336,2,3,test
sub-04,337,stimulus_337,3,3,val
sub-04,338,stimulus_338,1,3,train
sub-04,339,stimulus_339,3,0,val
sub-04,340,stimulus_340,1,0,train
sub-04,341,stimulus_341,1,1,train
sub-04,342,stimulus_342,2,2,train
sub-04,343,stimulus_343,2,1,train
sub-04,344,stimulus_344,3,0,train
sub-04,345,stimulus_345,0,1,train
sub-04,346,stimulus_346,2,1,val
sub-04,347,stimulus_347,2,3,train
sub-04,348,stimulus_348,3,0,train
sub-04,349,stimulus_349,2,3,train
sub-04,350,stimulus_350,1,0,test
sub-04,351,stimulus_351,1,0,train
sub-04,352,stimulus_352,0,1,train
sub-04,353,stimulus_353,3,3,train
sub-04,354,stimulus_354,3,0,train
sub-04,355,stimulus_355,0,3,train
sub-04,356,stimulus_356,3,2,train
sub-04,357,stimulus_357,2,2,train
sub-04,358,stimulus_358,3,3,train
sub-04,359,stimulus_359,1,2,train
sub-04,360,stimulus_360,2,0,train
sub-04,361,stimulus_361,2,0,train
sub-04,362,stimulus_362,3,2,train
sub-04,363,stimulus_363,0,1,train
sub-04,364,stimulus_364,0,2,train
sub-04,365,stimulus_365,3,2,train
sub-04,366,stimulus_366,3,2,train
sub-04,367,stimulus_367,1,1,train
sub-04,368,stimulus_368,2,0,train
sub-04,369,stimulus_369,2,1,train
sub-04,370,stimulus_370,1,2,train
sub-04,371,stimulus_371,1,0,train
sub-04,372,stimulus_372,1,2,train
sub-04,373,stimulus_373,1,1,val
sub-04,374,stimulus_374,0,1,val
sub-04,375,stimulus_375,1,3,train
sub-04,376,stimulus_376,1,1,train
sub-04,377,stimulus_377,0,2,train
sub-04,378,stimulus_378,1,0,train
sub-04,379,stimulus_379,0,1,test
sub-04,380,stimulus_380,3,3,train
sub-04,381,stimulus_381,3,2,train
sub-04,382,stimulus_382,1,0,train
sub-04,383,stimulus_383,0,1,train
sub-04,384,stimulus_384,0,1,train
sub-04,385,stimulus_385,1,3,val
sub-04,386,stimulus_386,2,0,train
sub-04,387,stimulus_387,0,1,test
sub-04,388,stimulus_388,3,2,train
sub-04,389,stimulus_389,0,3,test
sub-04,390,stimulus_390,1,0,train
sub-04,391,stimulus_391,3,3,train
sub-04,392,stimulus_392,3,2,train
sub-04,393,stimulus_393,0,0,train
sub-04,394,stimulus_394,2,1,train
sub-04,395,stimulus_395,1,3,train
sub-04,396,stimulus_396,3,1,test
sub-04,397,stimulus_397,2,0,train
sub-04,398,stimulus_398,1,0,test
sub-04,399,stimulus_399,2,0,train
sub-04,400,stimulus_400,3,2,test
sub-04,401,stimulus_401,1,1,train
sub-04,402,stimulus_402,2,1,train
sub-04,403,stimulus_403,3,0,val
sub-04,404,stimulus_404,2,1,train
sub-04,405,stimulus_405,3,0,test
sub-04,406,stimulus_406,0,0,train
sub-04,407,stimulus_407,2,0,train
sub-04,408,stimulus_408,1,1,train
sub-04,409,stimulus_409,3,3,train
sub-04,410,stimulus_410,3,0,train
sub-04,411,stimulus_411,3,3,train
sub-04,412,stimulus_412,2,1,train
sub-04,413,stimulus_413,3,0,train
sub-04,414,stimulus_414,0,0,train
sub-04,415,stimulus_415,2,0,train
sub-04,416,stimulus_416,2,1,train
sub-04,417,stimulus_417,0,3,train
sub-04,418,stimulus_418,3,0,train
sub-04,419,stimulus_419,1,3,val
sub-04,420,stimulus_420,3,2,train
sub-04,421,stimulus_421,3,0,train
sub-04,422,stimulus_422,0,3,train
sub-04,423,stimulus_423,0,1,train
sub-04,424,stimulus_424,1,1,train
sub-04,425,stimulus_425,3,2,train
sub-04,426,stimulus_426,3,3,train
sub-04,427,stimulus_427,2,1,train
sub-04,428,stimulus_428,1,2,train
sub-04,429,stimulus_429,3,3,train
sub-04,430,stimulus_430,2,3,train
sub-04,431,stimulus_431,3,3,train
sub-04,432,stimulus_432,3,3,val
sub-04,433,stimulus_433,2,3,train
sub-04,434,stimulus_434,0,1,train
sub-04,435,stimulus_435,0,2,val
sub-04,436,stimulus_436,0,2,train
sub-04,437,stimulus_437,0,2,train
sub-04,438,stimulus_438,3,0,test
sub-04,439,stimulus_439,0,1,train
sub-04,440,stimulus_440,1,0,train
sub-04,441,stimulus_441,0,0,train
sub-04,442,stimulus_442,1,3,train
sub-04,443,stimulus_443,0,2,train
sub-04,444,stimulus_444,0,1,train
sub-04,445,stimulus_445,3,3,test
sub-04,446,stimulus_446,3,1,train
sub-04,447,stimulus_447,2,2,train
sub-04,448,stimulus_448,1,3,train
sub-04,449,stimulus_449,2,2,test
sub-04,450,stimulus_450,0,2,train
sub-04,451,stimulus_451,0,3,train
sub-04,452,stimulus_452,3,3,train
sub-04,453,stimulus_453,1,0,val
sub-04,454,stimulus_454,3,2,train
sub-04,455,stimulus_455,1,0,test
sub-04,456,stimulus_456,2,2,train
sub-04,457,stimulus_457,1,1,test
sub-04,458,stimulus_458,3,3,train
sub-04,459,stimulus_459,1,2,train
sub-04,460,stimulus_460,0,3,train
sub-04,461,stimulus_461,0,3,test
sub-04,462,stimulus_462,3,2,train
sub-04,463,stimulus_463,2,1,train
sub-04,464,stimulus_464,0,0,train
sub-04,465,stimulus_465,3,3,train
sub-04,466,stimulus_466,0,1,train
sub-04,467,stimulus_467,2,2,train
sub-04,468,stimulus_468,2,1,train
sub-04,469,stimulus_469,2,3,train
sub-04,470,stimulus_470,1,1,train
sub-04,471,stimulus_471,2,1,val
sub-04,472,stimulus_472,3,2,train
sub-04,473,stimulus_473,2,2,test
sub-04,474,stimulus_474,0,3,train
sub-04,475,stimulus_475,1,2,test
sub-04,476,stimulus_476,2,3,val
sub-04,477,stimulus_477,1,1,val
sub-04,478,stimulus_478,2,3,train
sub-04,479,stimulus_479,3,1,train
sub-04,480,stimulus_480,3,3,train
sub-04,481,stimulus_481,0,2,train
sub-04,482,stimulus_482,0,2,train
sub-04,483,stimulus_483,3,1,train
sub-04,484,stimulus_484,1,1,train
sub-04,485,stimulus_485,1,1,train
sub-04,486,stimulus_486,1,1,train
sub-04,487,stimulus_487,2,3,train
sub-04,488,stimulus_488,1,0,test
sub-04,489,stimulus_489,0,3,val
sub-04,490,stimulus_490,0,1,val
sub-04,491,stimulus_491,2,1,train
sub-04,492,stimulus_492,0,0,test
sub-04,493,stimulus_493,2,1,test
sub-04,494,stimulus_494,0,1,train
sub-04,495,stimulus_495,0,0,train
sub-04,496,stimulus_496,1,2,train
sub-04,497,stimulus_497,1,1,train
sub-04,498,stimulus_498,1,1,train
sub-04,499,stimulus_499,1,2,train
sub-04,500,stimulus_500,1,3,train
sub-04,501,stimulus_501,3,3,train
sub-04,502,stimulus_502,1,1,test
sub-04,503,stimulus_503,2,3,train
sub-04,504,stimulus_504,1,3,train
sub-04,505,stimulus_505,1,1,val
sub-04,506,stimulus_506,2,3,train
sub-04,507,stimulus_507,3,1,train
sub-04,508,stimulus_508,1,0,train
sub-04,509,stimulus_509,1,2,train
sub-04,510,stimulus_510,1,0,val
sub-04,511,stimulus_511,3,3,val
sub-04,512,stimulus_512,0,0,test
sub-04,513,stimulus_513,0,0,train
sub-04,514,stimulus_514,0,0,train
sub-04,515,stimulus_515,3,1,train
sub-04,516,stimulus_516,3,3,train
sub-04,517,stimulus_517,1,3,train
sub-04,518,stimulus_518,3,0,val
sub-04,519,stimulus_519,3,0,train
sub-04,520,stimulus_520,2,1,train
sub-04,521,stimulus_521,3,1,train
sub-04,522,stimulus_522,0,3,train
sub-04,523,stimulus_523,1,0,train
sub-04,524,stimulus_524,0,3,train
sub-04,525,stimulus_525,2,1,test
sub-04,526,stimulus_526,2,2,train
sub-04,527,stimulus_527,2,0,train
sub-04,528,stimulus_528,3,0,train
sub-04,529,stimulus_529,0,0,train
sub-04,530,stimulus_530,3,2,train
sub-04,531,stimulus_531,3,2,train
sub-04,532,stimulus_532,0,0,train
sub-04,533,stimulus_533,1,3,train
sub-04,534,stimulus_534,3,3,train
sub-04,535,stimulus_535,3,1,train
sub-04,536,stimulus_536,0,3,train
sub-04,537,stimulus_537,2,2,train
sub-04,538,stimulus_538,2,2,test
sub-04,539,stimulus_539,3,3,train
sub-04,540,stimulus_540,3,3,test
sub-04,541,stimulus_541,2,1,val
sub-04,542,stimulus_542,2,0,train
sub-04,543,stimulus_543,3,1,train
sub-04,544,stimulus_544,1,2,train
sub-04,545,stimulus_545,2,1,train
sub-04,546,stimulus_546,2,3,train
sub-04,547,stimulus_547,0,1,train
sub-04,548,stimulus_548,0,1,train
sub-04,549,stimulus_549,2,1,train
sub-04,550,stimulus_550,2,3,train
sub-04,551,stimulus_551,0,0,train
sub-04,552,stimulus_552,1,0,train
sub-04,553,stimulus_553,3,2,train
sub-04,554,stimulus_554,0,0,train
sub-04,555,stimulus_555,3,3,train
sub-04,556,stimulus_556,1,0,train
sub-04,557,stimulus_557,1,1,train
sub-04,558,stimulus_558,0,3,train
sub-04,559,stimulus_559,1,1,train
sub-04,560,stimulus_560,3,2,train
sub-04,561,stimulus_561,3,2,train
sub-04,562,stimulus_562,2,1,train
sub-04,563,stimulus_563,0,0,test
sub-04,564,stimulus_564,0,0,test
sub-04,565,stimulus_565,0,1,train
sub-04,566,stimulus_566,0,2,test
sub-04,567,stimulus_567,2,3,train
sub-04,568,stimulus_568,1,3,train
sub-04,569,stimulus_569,1,0,train
sub-04,570,stimulus_570,3,3,train
sub-04,571,stimulus_571,3,1,train
sub-04,572,stimulus_572,1,2,train
sub-04,573,stimulus_573,3,1,train
sub-04,574,stimulus_574,3,3,train
sub-04,575,stimulus_575,1,2,train
sub-04,576,stimulus_576,3,3,train
sub-04,577,stimulus_577,3,0,train
sub-04,578,stimulus_578,2,1,train
sub-04,579,stimulus_579,3,2,train
sub-04,580,stimulus_580,2,1,train
sub-04,581,stimulus_581,2,0,train
sub-04,582,stimulus_582,1,0,train
sub-04,583,stimulus_583,1,1,train
sub-04,584,stimulus_584,3,0,train
sub-04,585,stimulus_585,1,1,train
sub-04,586,stimulus_586,1,0,train
sub-04,587,stimulus_587,2,1,val
sub-04,588,stimulus_588,0,1,train
sub-04,589,stimulus_589,1,3,train
sub-04,590,stimulus_590,3,0,train
sub-04,591,stimulus_591,3,1,train
sub-04,592,stimulus_592,2,1,train
sub-04,593,stimulus_593,3,2,train
sub-04,594,stimulus_594,1,1,train
sub-04,595,stimulus_595,0,3,train
sub-04,596,stimulus_596,0,0,train
sub-04,597,stimulus_597,3,3,train
sub-04,598,stimulus_598,1,3,train
sub-04,599,stimulus_599,1,3,train
sub-04,600,stimulus_600,1,0,train
sub-04,601,stimulus_601,1,1,train
sub-04,602,stimulus_602,1,1,train
sub-04,603,stimulus_603,1,3,train
sub-04,604,stimulus_604,0,3,train
sub-04,605,stimulus_605,3,1,test
sub-04,606,stimulus_606,0,3,train
sub-04,607,stimulus_607,1,1,test
sub-04,608,stimulus_608,1,2,train
sub-04,609,stimulus_609,3,3,train
sub-04,610,stimulus_610,1,0,train
sub-04,611,stimulus_611,0,2,train
sub-04,612,stimulus_612,2,3,train
sub-04,613,stimulus_613,2,2,val
sub-04,614,stimulus_614,1,2,train
sub-04,615,stimulus_615,0,1,train
sub-04,616,stimulus_616,3,2,train
sub-04,617,stimulus_617,3,1,train
sub-04,618,stimulus_618,3,1,train
sub-04,619,stimulus_619,2,2,train
sub-04,620,stimulus_620,2,0,train
sub-04,621,stimulus_621,2,2,train
sub-04,622,stimulus_622,2,0,train
sub-04,623,stimulus_623,1,1,train
sub-04,624,stimulus_624,1,1,test
sub-04,625,stimulus_625,3,1,train
sub-04,626,stimulus_626,2,3,val
sub-04,627,stimulus_627,3,3,train
sub-04,628,stimulus_628,3,0,train
sub-04,629,stimulus_629,1,1,train
sub-04,630,stimulus_630,3,3,train
sub-04,631,stimulus_631,2,1,train
sub-04,632,stimulus_632,0,1,train
sub-04,633,stimulus_633,1,1,train
sub-04,634,stimulus_634,0,2,train
sub-04,635,stimulus_635,3,1,train
sub-04,636,stimulus_636,2,0,test
sub-04,637,stimulus_637,3,2,train
sub-04,638,stimulus_638,3,2,train
sub-04,639,stimulus_639,2,1,train
sub-04,640,stimulus_640,3,1,train
sub-04,641,stimulus_641,3,3,val
sub-04,642,stimulus_642,2,3,val
sub-04,643,stimulus_643,0,1,train
sub-04,644,stimulus_644,0,0,train
sub-04,645,stimulus_645,3,3,val
sub-04,646,stimulus_646,0,3,train
sub-04,647,stimulus_647,0,3,val
sub-04,648,stimulus_648,2,3,train
sub-04,649,stimulus_649,2,3,test
sub-04,650,stimulus_650,2,1,train
sub-04,651,stimulus_651,2,2,train
sub-04,652,stimulus_652,0,0,train
sub-04,653,stimulus_653,2,2,test
sub-04,654,stimulus_654,2,1,train
sub-04,655,stimulus_655,2,3,train
sub-04,656,stimulus_656,2,2,test
sub-04,657,stimulus_657,2,1,test
sub-04,658,stimulus_658,1,0,train
sub-04,659,stimulus_659,2,1,train
sub-04,660,stimulus_660,3,2,train
sub-04,661,stimulus_661,1,1,train
sub-04,662,stimulus_662,3,3,train
sub-04,663,stimulus_663,2,2,train
sub-04,664,stimulus_664,1,1,val
sub-04,665,stimulus_665,1,0,train
sub-04,666,stimulus_666,3,2,train
sub-04,667,stimulus_667,0,0,val
sub-04,668,stimulus_668,0,0,val
sub-04,669,stimulus_669,2,2,train
sub-04,670,stimulus_670,3,1,train
sub-04,671,stimulus_671,2,0,train
sub-04,672,stimulus_672,2,2,val
sub-04,673,stimulus_673,0,0,train
sub-04,674,stimulus_674,0,3,train
sub-04,675,stimulus_675,2,3,train
sub-04,676,stimulus_676,3,3,train
sub-04,677,stimulus_677,1,2,test
sub-04,678,stimulus_678,3,2,train
sub-04,679,stimulus_679,1,0,train
sub-04,680,stimulus_680,3,2,train
sub-04,681,stimulus_681,0,1,train
sub-04,682,stimulus_682,3,1,test
sub-04,683,stimulus_683,3,2,train
sub-04,684,stimulus_684,1,2,train
sub-04,685,stimulus_685,2,2,train
sub-04,686,stimulus_686,1,3,train
sub-04,687,stimulus_687,1,1,train
sub-04,688,stimulus_688,3,3,test
sub-04,689,stimulus_689,2,1,train
sub-04,690,stimulus_690,0,3,train
sub-04,691,stimulus_691,2,0,train
sub-04,692,stimulus_692,1,0,train
sub-04,693,stimulus_693,0,0,train
sub-04,694,stimulus_694,1,0,train
sub-04,695,stimulus_695,1,0,train
sub-04,696,stimulus_696,1,0,train
sub-04,697,stimulus_697,1,0,train
sub-04,698,stimulus_698,0,3,train
sub-04,699,stimulus_699,0,2,train
sub-04,700,stimulus_700,1,0,train
sub-04,701,stimulus_701,2,3,train
sub-04,702,stimulus_702,3,1,train
sub-04,703,stimulus_703,1,0,train
sub-04,704,stimulus_704,2,0,val
sub-04,705,stimulus_705,2,1,train
sub-04,706,stimulus_706,0,3,train
sub-04,707,stimulus_707,0,0,train
sub-04,708,stimulus_708,3,2,train
sub-04,709,stimulus_709,2,3,val
sub-04,710,stimulus_710,2,0,val
sub-04,711,stimulus_711,2,1,train
sub-04,712,stimulus_712,3,3,train
sub-04,713,stimulus_713,0,0,train
sub-04,714,stimulus_714,2,1,val
sub-04,715,stimulus_715,3,0,train
sub-04,716,stimulus_716,1,0,train
sub-04,717,stimulus_717,0,1,train
sub-04,718,stimulus_718,2,0,test
sub-04,719,stimulus_719,0,3,train
sub-04,720,stimulus_720,0,1,train
sub-04,721,stimulus_721,2,2,train
sub-04,722,stimulus_722,1,2,train
sub-04,723,stimulus_723,1,0,train
sub-04,724,stimulus_724,0,2,train
sub-04,725,stimulus_725,3,1,train
sub-04,726,stimulus_726,1,0,train
sub-04,727,stimulus_727,0,1,train
sub-04,728,stimulus_728,2,0,train
sub-04,729,stimulus_729,1,0,test
sub-04,730,stimulus_730,0,2,train
sub-04,731,stimulus_731,1,2,train
sub-04,732,stimulus_732,2,3,val
sub-04,733,stimulus_733,1,1,train
sub-04,734,stimulus_734,1,2,train
sub-04,735,stimulus_735,1,0,train
sub-04,736,stimulus_736,0,2,train
sub-04,737,stimulus_737,2,1,train
sub-04,738,stimulus_738,1,2,train
sub-04,739,stimulus_739,3,2,train
sub-04,740,stimulus_740,1,0,val
sub-04,741,stimulus_741,1,1,test
sub-04,742,stimulus_742,2,2,train
sub-04,743,stimulus_743,3,0,train
sub-04,744,stimulus_744,0,2,train
sub-04,745,stimulus_745,3,3,train
sub-04,746,stimulus_746,0,1,train
sub-04,747,stimulus_747,1,0,train
sub-04,748,stimulus_748,1,0,val
sub-04,749,stimulus_749,3,3,train
sub-04,750,stimulus_750,0,3,val
sub-04,751,stimulus_751,3,1,test
sub-04,752,stimulus_752,1,0,train
sub-04,753,stimulus_753,3,3,train
sub-04,754,stimulus_754,1,2,val
sub-04,755,stimulus_755,2,2,train
sub-04,756,stimulus_756,0,1,train
sub-04,757,stimulus_757,3,1,train
sub-04,758,stimulus_758,1,0,train
sub-04,759,stimulus_759,0,1,val
sub-04,760,stimulus_760,0,2,train
sub-04,761,stimulus_761,1,2,val
sub-04,762,stimulus_762,3,2,train
sub-04,763,stimulus_763,2,0,train
sub-04,764,stimulus_764,1,3,train
sub-04,765,stimulus_765,1,2,train
sub-04,766,stimulus_766,3,2,train
sub-04,767,stimulus_767,0,1,test
sub-04,768,stimulus_768,0,1,train
sub-04,769,stimulus_769,3,1,test
sub-04,770,stimulus_770,1,1,val
sub-04,771,stimulus_771,3,1,train
sub-04,772,stimulus_772,3,3,train
sub-04,773,stimulus_773,3,1,train
sub-04,774,stimulus_774,2,3,test
sub-04,775,stimulus_775,3,2,train
sub-04,776,stimulus_776,0,3,val
sub-04,777,stimulus_777,0,3,train
sub-04,778,stimulus_778,0,1,train
sub-04,779,stimulus_779,3,0,train
sub-04,780,stimulus_780,3,1,train
sub-04,781,stimulus_781,0,0,train
sub-04,782,stimulus_782,1,3,train
sub-04,783,stimulus_783,1,1,train
sub-04,784,stimulus_784,2,1,val
sub-04,785,stimulus_785,2,3,train
sub-04,786,stimulus_786,3,0,train
sub-04,787,stimulus_787,1,1,train
sub-04,788,stimulus_788,3,3,train
sub-04,789,stimulus_789,3,2,train
sub-04,790,stimulus_790,0,3,train
sub-04,791,stimulus_791,1,0,val
sub-04,792,stimulus_792,0,2,train
sub-04,793,stimulus_793,1,0,train
sub-04,794,stimulus_794,2,1,train
sub-04,795,stimulus_795,3,1,train
sub-04,796,stimulus_796,2,3,train
sub-04,797,stimulus_797,1,1,train
sub-04,798,stimulus_798,3,3,val
sub-04,799,stimulus_799,3,2,train
sub-04,800,stimulus_800,3,1,train
sub-04,801,stimulus_801,2,2,test
sub-04,802,stimulus_802,2,2,val
sub-04,803,stimulus_803,0,0,train
sub-04,804,stimulus_804,0,0,train
sub-04,805,stimulus_805,1,1,val
sub-04,806,stimulus_806,1,0,val
sub-04,807,stimulus_807,2,1,train
sub-04,808,stimulus_808,0,3,train
sub-04,809,stimulus_809,0,0,train
sub-04,810,stimulus_810,1,0,train
sub-04,811,stimulus_811,0,2,train
sub-04,812,stimulus_812,1,2,train
sub-04,813,stimulus_813,0,2,train
sub-04,814,stimulus_814,1,2,train
sub-04,815,stimulus_815,1,0,train
sub-04,816,stimulus_816,1,2,test
sub-04,817,stimulus_817,2,3,train
sub-04,818,stimulus_818,1,0,train
sub-04,819,stimulus_819,1,3,train
sub-04,820,stimulus_820,3,3,train
sub-04,821,stimulus_821,0,0,train
sub-04,822,stimulus_822,2,3,train
sub-04,823,stimulus_823,1,1,train
sub-04,824,stimulus_824,1,2,test
sub-04,825,stimulus_825,2,3,train
sub-04,826,stimulus_826,0,0,val
sub-04,827,stimulus_827,0,2,val
sub-04,828,stimulus_828,3,3,train
sub-04,829,stimulus_829,0,1,train
sub-04,830,stimulus_830,3,2,train
sub-04,831,stimulus_831,1,2,val
sub-04,832,stimulus_832,3,3,train
sub-04,833,stimulus_833,2,3,train
sub-04,834,stimulus_834,0,2,test
sub-04,835,stimulus_835,1,2,train
sub-04,836,stimulus_836,0,0,test
sub-04,837,stimulus_837,2,2,train
sub-04,838,stimulus_838,3,3,val
sub-04,839,stimulus_839,0,1,train
sub-04,840,stimulus_840,3,3,train
sub-04,841,stimulus_841,0,0,train
sub-04,842,stimulus_842,3,3,train
sub-04,843,stimulus_843,1,2,train
sub-04,844,stimulus_844,1,2,train
sub-04,845,stimulus_845,0,3,train
sub-04,846,stimulus_846,1,2,train
sub-04,847,stimulus_847,2,2,train
sub-04,848,stimulus_848,3,1,train
sub-04,849,stimulus_849,0,0,test
sub-04,850,stimulus_850,0,0,train
sub-04,851,stimulus_851,2,2,train
sub-04,852,stimulus_852,2,3,train
sub-04,853,stimulus_853,1,1,val
sub-04,854,stimulus_854,1,1,test
sub-04,855,stimulus_855,0,1,test
sub-04,856,stimulus_856,0,2,train
sub-04,857,stimulus_857,0,0,train
sub-04,858,stimulus_858,3,1,train
sub-04,859,stimulus_859,3,1,train
sub-04,860,stimulus_860,1,0,train
sub-04,861,stimulus_861,0,2,test
sub-04,862,stimulus_862,2,2,train
sub-04,863,stimulus_863,0,0,train
sub-04,864,stimulus_864,2,0,train
sub-04,865,stimulus_865,0,2,train
sub-04,866,stimulus_866,0,3,train
sub-04,867,stimulus_867,1,0,train
sub-04,868,stimulus_868,3,1,train
sub-04,869,stimulus_869,0,3,train
sub-04,870,stimulus_870,2,0,train
sub-04,871,stimulus_871,1,3,val
sub-04,872,stimulus_872,1,0,train
sub-04,873,stimulus_873,1,0,train
sub-04,874,stimulus_874,0,1,train
sub-04,875,stimulus_875,2,3,train
sub-04,876,stimulus_876,0,0,train
sub-04,877,stimulus_877,0,0,train
sub-04,878,stimulus_878,2,1,train
sub-04,879,stimulus_879,2,2,test
sub-04,880,stimulus_880,3,0,train
sub-04,881,stimulus_881,1,1,train
sub-04,882,stimulus_882,1,1,train
sub-04,883,stimulus_883,2,2,val
sub-04,884,stimulus_884,3,1,train
sub-04,885,stimulus_885,1,2,val
sub-04,886,stimulus_886,0,2,test
sub-04,887,stimulus_887,0,3,train
sub-04,888,stimulus_888,0,0,train
sub-04,889,stimulus_889,0,2,train
sub-04,890,stimulus_890,1,3,train
sub-04,891,stimulus_891,2,0,val
sub-04,892,stimulus_892,3,2,train
sub-04,893,stimulus_893,2,1,train
sub-04,894,stimulus_894,3,2,train
sub-04,895,stimulus_895,1,2,train
sub-04,896,stimulus_896,3,2,val
sub-04,897,stimulus_897,3,3,test
sub-04,898,stimulus_898,3,1,train
sub-04,899,stimulus_899,3,3,train
sub-04,900,stimulus_900,1,3,train
sub-04,901,stimulus_901,1,1,train
sub-04,902,stimulus_902,2,0,train
sub-04,903,stimulus_903,2,1,val
sub-04,904,stimulus_904,3,0,train
sub-04,905,stimulus_905,0,1,train
sub-04,906,stimulus_906,3,2,train
sub-04,907,stimulus_907,1,1,train
sub-04,908,stimulus_908,1,2,train
sub-04,909,stimulus_909,0,0,test
sub-04,910,stimulus_910,1,0,train
sub-04,911,stimulus_911,0,0,train
sub-04,912,stimulus_912,2,0,train
sub-04,913,stimulus_913,1,1,val
sub-04,914,stimulus_914,0,1,train
sub-04,915,stimulus_915,3,3,train
sub-04,916,stimulus_916,3,3,train
sub-04,917,stimulus_917,1,0,train
sub-04,918,stimulus_918,3,2,train
sub-04,919,stimulus_919,3,3,val
sub-04,920,stimulus_920,3,3,test
sub-04,921,stimulus_921,3,3,val
sub-04,922,stimulus_922,2,2,train
sub-04,923,stimulus_923,3,3,train
sub-04,924,stimulus_924,1,0,train
sub-04,925,stimulus_925,0,2,test
sub-04,926,stimulus_926,0,0,train
sub-04,927,stimulus_927,3,1,train
sub-04,928,stimulus_928,2,0,test
sub-04,929,stimulus_929,0,1,train
sub-04,930,stimulus_930,2,3,train
sub-04,931,stimulus_931,3,2,train
sub-04,932,stimulus_932,3,3,train
sub-04,933,stimulus_933,2,3,train
sub-04,934,stimulus_934,3,1,val
sub-04,935,stimulus_935,0,3,train
sub-04,936,stimulus_936,3,2,train
sub-04,937,stimulus_937,0,1,train
sub-04,938,stimulus_938,1,1,train
sub-04,939,stimulus_939,1,0,train
sub-04,940,stimulus_940,0,1,train
sub-04,941,stimulus_941,1,3,train
sub-04,942,stimulus_942,2,3,train
sub-04,943,stimulus_943,3,0,train
sub-04,944,stimulus_944,3,3,train
sub-04,945,stimulus_945,2,2,train
sub-04,946,stimulus_946,2,3,train
sub-04,947,stimulus_947,1,3,train
sub-04,948,stimulus_948,0,2,train
sub-04,949,stimulus_949,1,3,train
sub-04,950,stimulus_950,1,2,train
sub-04,951,stimulus_951,1,1,train
sub-04,952,stimulus_952,1,2,train
sub-04,953,stimulus_953,2,0,train
sub-04,954,stimulus_954,3,2,val
sub-04,955,stimulus_955,0,0,val
sub-04,956,stimulus_956,0,0,train
sub-04,957,stimulus_957,2,1,test
sub-04,958,stimulus_958,0,1,test
sub-04,959,stimulus_959,1,1,train
sub-04,960,stimulus_960,3,2,test
sub-04,961,stimulus_961,3,3,train
sub-04,962,stimulus_962,0,3,train
sub-04,963,stimulus_963,3,3,train
sub-04,964,stimulus_964,3,3,train
sub-04,965,stimulus_965,0,3,train
sub-04,966,stimulus_966,3,1,train
sub-04,967,stimulus_967,3,1,train
sub-04,968,stimulus_968,0,0,test
sub-04,969,stimulus_969,2,2,train
sub-04,970,stimulus_970,2,3,train
sub-04,971,stimulus_971,0,3,test
sub-04,972,stimulus_972,3,3,train
sub-04,973,stimulus_973,0,3,train
sub-04,974,stimulus_974,2,3,train
sub-04,975,stimulus_975,0,0,train
sub-04,976,stimulus_976,1,3,test
sub-04,977,stimulus_977,0,2,train
sub-04,978,stimulus_978,3,1,test
sub-04,979,stimulus_979,1,1,train
sub-04,980,stimulus_980,3,3,train
sub-04,981,stimulus_981,3,2,test
sub-04,982,stimulus_982,3,3,val
sub-04,983,stimulus_983,2,2,train
sub-04,984,stimulus_984,2,2,train
sub-04,985,stimulus_985,1,3,train
sub-04,986,stimulus_986,1,3,train
sub-04,987,stimulus_987,2,1,train
sub-04,988,stimulus_988,1,1,train
sub-04,989,stimulus_989,0,0,train
sub-04,990,stimulus_990,1,2,val
sub-04,991,stimulus_991,0,0,train
sub-04,992,stimulus_992,3,3,train
sub-04,993,stimulus_993,3,2,train
sub-04,994,stimulus_994,0,1,train
sub-04,995,stimulus_995,2,0,train
sub-04,996,stimulus_996,3,3,val
sub-04,997,stimulus_997,3,3,val
sub-04,998,stimulus_998,2,0,train
sub-04,999,stimulus_999,0,0,train
sub-04,1000,stimulus_1000,3,2,train
sub-04,1001,stimulus_1001,0,1,train
sub-04,1002,stimulus_1002,3,2,train
sub-04,1003,stimulus_1003,2,0,train
sub-04,1004,stimulus_1004,0,0,train
sub-04,1005,stimulus_1005,3,1,train
sub-04,1006,stimulus_1006,2,1,train
sub-04,1007,stimulus_1007,3,3,train
sub-04,1008,stimulus_1008,3,3,train
sub-04,1009,stimulus_1009,3,2,train
sub-04,1010,stimulus_1010,1,0,train
sub-04,1011,stimulus_1011,2,2,train
sub-04,1012,stimulus_1012,3,2,val
sub-04,1013,stimulus_1013,2,1,train
sub-04,1014,stimulus_1014,0,3,train
sub-04,1015,stimulus_1015,0,1,train
sub-04,1016,stimulus_1016,3,0,train
sub-04,1017,stimulus_1017,1,1,val
sub-04,1018,stimulus_1018,3,0,train
sub-04,1019,stimulus_1019,0,1,train
sub-04,1020,stimulus_1020,1,3,test
sub-04,1021,stimulus_1021,0,1,val
sub-04,1022,stimulus_1022,2,0,train
sub-04,1023,stimulus_1023,2,1,train
sub-04,1024,stimulus_1024,1,0,train
sub-04,1025,stimulus_1025,3,1,test
sub-04,1026,stimulus_1026,0,2,train
sub-04,1027,stimulus_1027,1,1,train
sub-04,1028,stimulus_1028,1,1,train
sub-04,1029,stimulus_1029,3,1,test
sub-04,1030,stimulus_1030,2,1,train
sub-04,1031,stimulus_1031,3,1,train
sub-04,1032,stimulus_1032,3,2,val
sub-04,1033,stimulus_1033,2,1,train
sub-04,1034,stimulus_1034,3,2,train
sub-04,1035,stimulus_1035,1,1,train
sub-04,1036,stimulus_1036,2,2,train
sub-04,1037,stimulus_1037,0,2,train
sub-04,1038,stimulus_1038,3,3,train
sub-04,1039,stimulus_1039,2,3,test
sub-04,1040,stimulus_1040,2,3,train
sub-04,1041,stimulus_1041,1,1,train
sub-04,1042,stimulus_1042,0,3,train
sub-04,1043,stimulus_1043,3,3,train
sub-04,1044,stimulus_1044,0,0,train
sub-04,1045,stimulus_1045,3,1,train
sub-04,1046,stimulus_1046,1,1,val
sub-04,1047,stimulus_1047,3,3,train
sub-04,1048,stimulus_1048,3,3,train
sub-04,1049,stimulus_1049,2,0,train
sub-04,1050,stimulus_1050,3,2,train
sub-04,1051,stimulus_1051,3,3,train
sub-04,1052,stimulus_1052,0,1,train
sub-04,1053,stimulus_1053,3,2,train
sub-04,1054,stimulus_1054,2,3,train
sub-04,1055,stimulus_1055,2,1,train
sub-04,1056,stimulus_1056,3,3,train
sub-04,1057,stimulus_1057,0,2,test
sub-04,1058,stimulus_1058,2,2,train
sub-04,1059,stimulus_1059,2,1,train
sub-04,1060,stimulus_1060,3,2,test
sub-04,1061,stimulus_1061,3,2,test
sub-04,1062,stimulus_1062,3,1,train
sub-04,1063,stimulus_1063,2,2,train
sub-04,1064,stimulus_1064,1,0,train
sub-04,1065,stimulus_1065,1,3,train
sub-04,1066,stimulus_1066,1,1,test
sub-04,1067,stimulus_1067,2,1,test
sub-04,1068,stimulus_1068,2,1,train
sub-04,1069,stimulus_1069,2,3,train
sub-04,1070,stimulus_1070,1,0,test
sub-04,1071,stimulus_1071,3,0,train
sub-04,1072,stimulus_1072,1,3,train
sub-04,1073,stimulus_1073,1,3,test
sub-04,1074,stimulus_1074,3,2,train
sub-04,1075,stimulus_1075,1,0,train
sub-04,1076,stimulus_1076,1,3,train
sub-04,1077,stimulus_1077,1,1,test
sub-04,1078,stimulus_1078,2,0,val
sub-04,1079,stimulus_1079,0,3,train
sub-04,1080,stimulus_1080,3,3,train
sub-04,1081,stimulus_1081,2,0,train
sub-04,1082,stimulus_1082,2,3,test
sub-04,1083,stimulus_1083,3,3,train
sub-04,1084,stimulus_1084,3,2,train
sub-04,1085,stimulus_1085,1,1,train
sub-04,1086,stimulus_1086,3,3,train
sub-04,1087,stimulus_1087,2,1,train
sub-04,1088,stimulus_1088,1,0,train
sub-04,1089,stimulus_1089,2,2,train
sub-04,1090,stimulus_1090,0,0,train
sub-04,1091,stimulus_1091,1,3,train
sub-04,1092,stimulus_1092,3,2,train
sub-04,1093,stimulus_1093,3,2,test
sub-04,1094,stimulus_1094,1,3,train
sub-04,1095,stimulus_1095,0,2,train
sub-04,1096,stimulus_1096,0,2,train
sub-04,1097,stimulus_1097,3,3,train
sub-04,1098,stimulus_1098,3,2,train
sub-04,1099,stimulus_1099,2,3,val
sub-04,1100,stimulus_1100,2,2,val
sub-04,1101,stimulus_1101,0,1,train
sub-04,1102,stimulus_1102,3,3,val
sub-04,1103,stimulus_1103,0,2,train
sub-04,1104,stimulus_1104,1,1,train
sub-04,1105,stimulus_1105,3,2,val
sub-04,1106,stimulus_1106,2,0,train
sub-04,1107,stimulus_1107,3,3,train
sub-04,1108,stimulus_1108,2,3,train
sub-04,1109,stimulus_1109,0,3,train
sub-04,1110,stimulus_1110,3,3,train
sub-04,1111,stimulus_1111,0,2,train
sub-04,1112,stimulus_1112,3,3,train
sub-04,1113,stimulus_1113,3,2,train
sub-04,1114,stimulus_1114,0,3,train
sub-04,1115,stimulus_1115,0,3,train
sub-04,1116,stimulus_1116,2,2,train
sub-04,1117,stimulus_1117,0,0,train
sub-04,1118,stimulus_1118,0,0,train
sub-04,1119,stimulus_1119,0,2,train
sub-04,1120,stimulus_1120,3,3,test
sub-04,1121,stimulus_1121,2,3,train
sub-04,1122,stimulus_1122,0,1,train
sub-04,1123,stimulus_1123,0,0,test
sub-04,1124,stimulus_1124,3,3,train
sub-04,1125,stimulus_1125,2,2,train
sub-04,1126,stimulus_1126,0,1,train
sub-04,1127,stimulus_1127,3,1,val
sub-04,1128,stimulus_1128,2,2,val
sub-04,1129,stimulus_1129,1,1,train
sub-04,1130,stimulus_1130,3,1,test
sub-04,1131,stimulus_1131,3,3,train
sub-04,1132,stimulus_1132,1,1,train
sub-04,1133,stimulus_1133,3,3,train
sub-04,1134,stimulus_1134,1,2,train
sub-04,1135,stimulus_1135,0,1,train
sub-04,1136,stimulus_1136,0,1,val
sub-04,1137,stimulus_1137,0,0,train
sub-04,1138,stimulus_1138,1,0,train
sub-04,1139,stimulus_1139,1,2,train
sub-04,1140,stimulus_1140,1,2,test
sub-04,1141,stimulus_1141,2,3,val
sub-04,1142,stimulus_1142,1,1,val
sub-04,1143,stimulus_1143,1,3,test
sub-04,1144,stimulus_1144,1,3,test
sub-04,1145,stimulus_1145,3,3,test
sub-04,1146,stimulus_1146,3,2,train
sub-04,1147,stimulus_1147,1,1,train
sub-04,1148,stimulus_1148,2,2,val
sub-04,1149,stimulus_1149,1,3,val
sub-04,1150,stimulus_1150,1,3,train
sub-04,1151,stimulus_1151,3,3,test
sub-04,1152,stimulus_1152,3,3,train
sub-04,1153,stimulus_1153,3,3,train
sub-04,1154,stimulus_1154,3,1,train
sub-04,1155,stimulus_1155,1,2,train
sub-04,1156,stimulus_1156,1,1,val
sub-04,1157,stimulus_1157,3,0,val
sub-04,1158,stimulus_1158,3,1,train
sub-04,1159,stimulus_1159,3,3,train
sub-04,1160,stimulus_1160,0,3,train
sub-04,1161,stimulus_1161,1,0,train
sub-04,1162,stimulus_1162,2,1,train
sub-04,1163,stimulus_1163,3,3,test
sub-04,1164,stimulus_1164,0,0,train
sub-04,1165,stimulus_1165,0,3,train
sub-04,1166,stimulus_1166,2,1,train
sub-04,1167,stimulus_1167,2,3,train
sub-04,1168,stimulus_1168,3,3,test
sub-04,1169,stimulus_1169,1,2,val
sub-04,1170,stimulus_1170,0,0,train
sub-04,1171,stimulus_1171,1,0,train
sub-04,1172,stimulus_1172,0,3,val
sub-04,1173,stimulus_1173,3,3,test
sub-04,1174,stimulus_1174,0,1,train
sub-04,1175,stimulus_1175,3,3,train
sub-04,1176,stimulus_1176,0,0,train
sub-04,1177,stimulus_1177,0,0,train
sub-04,1178,stimulus_1178,2,0,train
sub-04,1179,stimulus_1179,3,3,train
sub-04,1180,stimulus_1180,3,1,train
sub-04,1181,stimulus_1181,0,2,val
sub-04,1182,stimulus_1182,0,0,train
sub-04,1183,stimulus_1183,0,2,train
sub-04,1184,stimulus_1184,0,0,train
sub-04,1185,stimulus_1185,0,1,test
sub-04,1186,stimulus_1186,1,3,train
sub-04,1187,stimulus_1187,3,2,train
sub-04,1188,stimulus_1188,3,2,train
sub-04,1189,stimulus_1189,0,2,train
sub-04,1190,stimulus_1190,0,0,train
sub-04,1191,stimulus_1191,3,3,train
sub-04,1192,stimulus_1192,2,2,train
sub-04,1193,stimulus_1193,3,2,train
sub-04,1194,stimulus_1194,0,2,train
sub-04,1195,stimulus_1195,2,3,train
sub-04,1196,stimulus_1196,0,1,test
sub-04,1197,stimulus_1197,1,3,train
sub-04,1198,stimulus_1198,2,3,val
sub-04,1199,stimulus_1199,0,2,train
sub-04,1200,stimulus_1200,2,2,test
sub-04,1201,stimulus_1201,1,0,train
sub-04,1202,stimulus_1202,0,1,val
sub-04,1203,stimulus_1203,0,1,train
sub-04,1204,stimulus_1204,0,1,train
sub-04,1205,stimulus_1205,3,3,train
sub-04,1206,stimulus_1206,1,1,val
sub-04,1207,stimulus_1207,3,2,train
sub-04,1208,stimulus_1208,0,0,val
sub-04,1209,stimulus_1209,3,0,train
sub-04,1210,stimulus_1210,3,2,train
sub-04,1211,stimulus_1211,2,0,train
sub-04,1212,stimulus_1212,0,3,train
sub-04,1213,stimulus_1213,3,3,train
sub-04,1214,stimulus_1214,0,3,test
sub-04,1215,stimulus_1215,2,1,test
sub-04,1216,stimulus_1216,3,0,val
sub-04,1217,stimulus_1217,0,2,train
sub-04,1218,stimulus_1218,2,3,test
sub-04,1219,stimulus_1219,1,3,val
sub-04,1220,stimulus_1220,1,0,test
sub-04,1221,stimulus_1221,0,2,train
sub-04,1222,stimulus_1222,0,1,train
sub-04,1223,stimulus_1223,2,0,train
sub-04,1224,stimulus_1224,0,2,train
sub-04,1225,stimulus_1225,1,1,val
sub-04,1226,stimulus_1226,0,3,train
sub-04,1227,stimulus_1227,0,3,train
sub-04,1228,stimulus_1228,2,2,train
sub-04,1229,stimulus_1229,0,2,train
sub-04,1230,stimulus_1230,2,0,train
sub-04,1231,stimulus_1231,0,3,train
sub-04,1232,stimulus_1232,3,0,train
sub-04,1233,stimulus_1233,1,1,train
sub-04,1234,stimulus_1234,1,3,train
sub-04,1235,stimulus_1235,0,3,train
sub-04,1236,stimulus_1236,3,1,train
sub-04,1237,stimulus_1237,0,3,train
sub-04,1238,stimulus_1238,2,1,train
sub-04,1239,stimulus_1239,2,3,test
sub-04,1240,stimulus_1240,3,1,train
sub-04,1241,stimulus_1241,2,3,train
sub-04,1242,stimulus_1242,3,3,train
sub-04,1243,stimulus_1243,3,3,train
sub-04,1244,stimulus_1244,1,3,train
sub-04,1245,stimulus_1245,3,3,train
sub-04,1246,stimulus_1246,3,3,train
sub-04,1247,stimulus_1247,2,3,train
sub-04,1248,stimulus_1248,3,3,train
sub-04,1249,stimulus_1249,1,1,train
sub-04,1250,stimulus_1250,1,2,train
sub-04,1251,stimulus_1251,1,1,train
sub-04,1252,stimulus_1252,3,3,train
sub-04,1253,stimulus_1253,3,3,train
sub-04,1254,stimulus_1254,1,0,train
sub-04,1255,stimulus_1255,3,2,train
sub-04,1256,stimulus_1256,2,0,train
sub-04,1257,stimulus_1257,2,3,test
sub-04,1258,stimulus_1258,1,3,train
sub-04,1259,stimulus_1259,0,1,train
sub-04,1260,stimulus_1260,0,3,train
sub-04,1261,stimulus_1261,1,2,train
sub-04,1262,stimulus_1262,1,0,train
sub-04,1263,stimulus_1263,3,2,train
sub-04,1264,stimulus_1264,1,2,train
sub-04,1265,stimulus_1265,1,1,train
sub-04,1266,stimulus_1266,1,1,test
sub-04,1267,stimulus_1267,3,1,train
sub-04,1268,stimulus_1268,0,2,test
sub-04,1269,stimulus_1269,3,3,train
sub-04,1270,stimulus_1270,3,1,train
sub-04,1271,stimulus_1271,0,3,train
sub-04,1272,stimulus_1272,3,1,train
sub-04,1273,stimulus_1273,3,2,train
sub-04,1274,stimulus_1274,1,2,train
sub-04,1275,stimulus_1275,0,0,test
sub-04,1276,stimulus_1276,0,3,train
sub-04,1277,stimulus_1277,1,2,test
sub-04,1278,stimulus_1278,2,2,test
sub-04,1279,stimulus_1279,0,1,train
sub-04,1280,stimulus_1280,1,1,train
sub-04,1281,stimulus_1281,1,3,train
sub-04,1282,stimulus_1282,3,2,train
sub-04,1283,stimulus_1283,0,2,train
sub-04,1284,stimulus_1284,1,1,train
sub-04,1285,stimulus_1285,2,3,train
sub-04,1286,stimulus_1286,0,1,train
sub-04,1287,stimulus_1287,2,1,train
sub-04,1288,stimulus_1288,1,1,train
sub-04,1289,stimulus_1289,3,1,train
sub-04,1290,stimulus_1290,3,3,train
sub-04,1291,stimulus_1291,3,2,train
sub-04,1292,stimulus_1292,0,1,test
sub-04,1293,stimulus_1293,2,2,train
sub-04,1294,stimulus_1294,0,2,train
sub-04,1295,stimulus_1295,3,1,val
sub-04,1296,stimulus_1296,2,3,train
sub-04,1297,stimulus_1297,1,1,val
sub-04,1298,stimulus_1298,0,0,train
sub-04,1299,stimulus_1299,1,1,train
sub-04,1300,stimulus_1300,3,0,train
sub-04,1301,stimulus_1301,1,1,train
sub-04,1302,stimulus_1302,0,0,train
sub-04,1303,stimulus_1303,0,0,train
sub-04,1304,stimulus_1304,0,0,train
sub-04,1305,stimulus_1305,1,0,train
sub-04,1306,stimulus_1306,1,0,train
sub-04,1307,stimulus_1307,1,2,val
sub-04,1308,stimulus_1308,3,3,train
sub-04,1309,stimulus_1309,0,0,val
sub-04,1310,stimulus_1310,0,2,train
sub-04,1311,stimulus_1311,3,3,train
sub-04,1312,stimulus_1312,3,1,test
sub-04,1313,stimulus_1313,0,3,test
sub-04,1314,stimulus_1314,1,3,train
sub-04,1315,stimulus_1315,2,1,train
sub-04,1316,stimulus_1316,2,3,train
sub-04,1317,stimulus_1317,1,1,train
sub-04,1318,stimulus_1318,0,3,train
sub-04,1319,stimulus_1319,2,1,train
sub-04,1320,stimulus_1320,1,2,train
sub-04,1321,stimulus_1321,2,1,train
sub-04,1322,stimulus_1322,1,3,train
sub-04,1323,stimulus_1323,0,3,train
sub-04,1324,stimulus_1324,2,3,train
sub-04,1325,stimulus_1325,2,3,val
sub-04,1326,stimulus_1326,3,3,test
sub-04,1327,stimulus_1327,3,1,train
sub-04,1328,stimulus_1328,3,2,train
sub-04,1329,stimulus_1329,1,1,test
sub-04,1330,stimulus_1330,2,2,train
sub-04,1331,stimulus_1331,2,1,train
sub-04,1332,stimulus_1332,2,2,train
sub-04,1333,stimulus_1333,3,2,train
sub-04,1334,stimulus_1334,1,0,train
sub-04,1335,stimulus_1335,1,0,train
sub-04,1336,stimulus_1336,2,1,train
sub-04,1337,stimulus_1337,3,3,train
sub-04,1338,stimulus_1338,1,2,train
sub-04,1339,stimulus_1339,0,1,train
sub-04,1340,stimulus_1340,2,1,train
sub-04,1341,stimulus_1341,2,2,train
sub-04,1342,stimulus_1342,1,1,train
sub-04,1343,stimulus_1343,2,2,train
sub-04,1344,stimulus_1344,2,0,train
sub-04,1345,stimulus_1345,2,3,train
sub-04,1346,stimulus_1346,2,2,train
sub-04,1347,stimulus_1347,1,2,test
sub-04,1348,stimulus_1348,1,1,train
sub-04,1349,stimulus_1349,3,3,val
sub-04,1350,stimulus_1350,0,0,test
sub-04,1351,stimulus_1351,0,0,train
sub-04,1352,stimulus_1352,2,3,train
sub-04,1353,stimulus_1353,3,2,train
sub-04,1354,stimulus_1354,3,2,val
sub-04,1355,stimulus_1355,0,0,val
sub-04,1356,stimulus_1356,2,1,train
sub-04,1357,stimulus_1357,3,0,train
sub-04,1358,stimulus_1358,2,2,train
sub-04,1359,stimulus_1359,1,0,train
sub-04,1360,stimulus_1360,3,0,train
sub-04,1361,stimulus_1361,0,3,train
sub-04,1362,stimulus_1362,0,3,train
sub-04,1363,stimulus_1363,3,1,train
sub-04,1364,stimulus_1364,1,3,val
sub-04,1365,stimulus_1365,3,3,train
sub-04,1366,stimulus_1366,2,0,test
sub-04,1367,stimulus_1367,3,2,train
sub-04,1368,stimulus_1368,3,0,test
sub-04,1369,stimulus_1369,2,0,train
sub-04,1370,stimulus_1370,3,3,test
sub-04,1371,stimulus_1371,2,0,train
sub-04,1372,stimulus_1372,3,0,train
sub-04,1373,stimulus_1373,0,3,train
sub-04,1374,stimulus_1374,1,3,test
sub-04,1375,stimulus_1375,0,3,train
sub-04,1376,stimulus_1376,1,3,train
sub-04,1377,stimulus_1377,3,3,train
sub-04,1378,stimulus_1378,3,0,train
sub-04,1379,stimulus_1379,3,0,train
sub-04,1380,stimulus_1380,3,1,val
sub-04,1381,stimulus_1381,3,1,train
sub-04,1382,stimulus_1382,1,1,train
sub-04,1383,stimulus_1383,3,1,train
sub-04,1384,stimulus_1384,1,1,train
sub-04,1385,stimulus_1385,2,3,train
sub-04,1386,stimulus_1386,1,1,train
sub-04,1387,stimulus_1387,3,3,train
sub-04,1388,stimulus_1388,1,1,train
sub-04,1389,stimulus_1389,2,1,test
sub-04,1390,stimulus_1390,1,1,train
sub-04,1391,stimulus_1391,1,2,val
sub-04,1392,stimulus_1392,1,2,train
sub-04,1393,stimulus_1393,1,2,train
sub-04,1394,stimulus_1394,3,3,train
sub-04,1395,stimulus_1395,1,2,train
sub-04,1396,stimulus_1396,2,0,train
sub-04,1397,stimulus_1397,1,0,train
sub-04,1398,stimulus_1398,2,1,train
sub-04,1399,stimulus_1399,3,3,train
sub-04,1400,stimulus_1400,2,3,train
sub-04,1401,stimulus_1401,1,2,train
sub-04,1402,stimulus_1402,2,1,train
sub-04,1403,stimulus_1403,0,0,train
sub-04,1404,stimulus_1404,1,0,train
sub-04,1405,stimulus_1405,3,2,train
sub-04,1406,stimulus_1406,0,3,train
sub-04,1407,stimulus_1407,3,0,train
sub-04,1408,stimulus_1408,3,0,val
sub-04,1409,stimulus_1409,3,0,train
sub-04,1410,stimulus_1410,3,3,val
sub-04,1411,stimulus_1411,3,2,val
sub-04,1412,stimulus_1412,2,1,train
sub-04,1413,stimulus_1413,2,1,train
sub-04,1414,stimulus_1414,0,1,train
sub-04,1415,stimulus_1415,3,1,train
sub-04,1416,stimulus_1416,3,2,train
sub-04,1417,stimulus_1417,3,0,train
sub-04,1418,stimulus_1418,3,0,train
sub-04,1419,stimulus_1419,0,2,train
sub-04,1420,stimulus_1420,1,0,train
sub-04,1421,stimulus_1421,3,1,train
sub-04,1422,stimulus_1422,0,3,train
sub-04,1423,stimulus_1423,0,0,train
sub-04,1424,stimulus_1424,2,2,train
sub-04,1425,stimulus_1425,0,0,test
sub-04,1426,stimulus_1426,2,3,train
sub-04,1427,stimulus_1427,3,0,train
sub-04,1428,stimulus_1428,2,1,train
sub-04,1429,stimulus_1429,3,1,train
sub-04,1430,stimulus_1430,2,3,train
sub-04,1431,stimulus_1431,2,3,train
sub-04,1432,stimulus_1432,2,3,train
sub-04,1433,stimulus_1433,2,1,train
sub-04,1434,stimulus_1434,0,2,train
sub-04,1435,stimulus_1435,2,1,train
sub-04,1436,stimulus_1436,3,3,train
sub-04,1437,stimulus_1437,2,1,train
sub-04,1438,stimulus_1438,1,3,train
sub-04,1439,stimulus_1439,3,3,train
sub-04,1440,stimulus_1440,1,3,val
sub-04,1441,stimulus_1441,0,2,val
sub-04,1442,stimulus_1442,0,3,train
sub-04,1443,stimulus_1443,0,2,train
sub-04,1444,stimulus_1444,3,0,val
sub-04,1445,stimulus_1445,3,3,train
sub-04,1446,stimulus_1446,2,1,train
sub-04,1447,stimulus_1447,3,3,train
sub-04,1448,stimulus_1448,1,1,train
sub-04,1449,stimulus_1449,3,1,test
sub-04,1450,stimulus_1450,0,2,train
sub-04,1451,stimulus_1451,2,2,test
sub-04,1452,stimulus_1452,3,1,train
sub-04,1453,stimulus_1453,3,2,train
sub-04,1454,stimulus_1454,1,3,train
sub-04,1455,stimulus_1455,2,1,train
sub-04,1456,stimulus_1456,2,2,train
sub-04,1457,stimulus_1457,0,0,train
sub-04,1458,stimulus_1458,2,1,train
sub-04,1459,stimulus_1459,2,1,val
sub-04,1460,stimulus_1460,3,2,train
sub-04,1461,stimulus_1461,1,3,train
sub-04,1462,stimulus_1462,1,1,train
sub-04,1463,stimulus_1463,3,3,train
sub-04,1464,stimulus_1464,0,1,test
sub-04,1465,stimulus_1465,2,1,train
sub-04,1466,stimulus_1466,0,0,train
sub-04,1467,stimulus_1467,1,0,train
sub-04,1468,stimulus_1468,1,0,train
sub-04,1469,stimulus_1469,1,1,train
sub-04,1470,stimulus_1470,1,0,train
sub-04,1471,stimulus_1471,0,0,train
sub-04,1472,stimulus_1472,1,2,train
sub-04,1473,stimulus_1473,0,0,train
sub-04,1474,stimulus_1474,1,0,train
sub-04,1475,stimulus_1475,0,0,val
sub-04,1476,stimulus_1476,2,1,train
sub-04,1477,stimulus_1477,2,3,train
sub-04,1478,stimulus_1478,0,2,train
sub-04,1479,stimulus_1479,1,0,train
sub-04,1480,stimulus_1480,1,1,test
sub-04,1481,stimulus_1481,3,1,train
sub-04,1482,stimulus_1482,2,3,train
sub-04,1483,stimulus_1483,3,0,val
sub-04,1484,stimulus_1484,1,0,train
sub-04,1485,stimulus_1485,0,1,train
sub-04,1486,stimulus_1486,1,1,train
sub-04,1487,stimulus_1487,0,3,train
sub-04,1488,stimulus_1488,3,0,train
sub-04,1489,stimulus_1489,3,0,train
sub-04,1490,stimulus_1490,2,3,train
sub-04,1491,stimulus_1491,2,2,train
sub-04,1492,stimulus_1492,0,3,test
sub-04,1493,stimulus_1493,3,0,train
sub-04,1494,stimulus_1494,3,0,train
sub-04,1495,stimulus_1495,3,3,train
sub-04,1496,stimulus_1496,2,3,val
sub-04,1497,stimulus_1497,3,2,test
sub-04,1498,stimulus_1498,3,1,val
sub-04,1499,stimulus_1499,2,1,test
sub-04,1500,stimulus_1500,3,2,train
sub-04,1501,stimulus_1501,3,3,test
sub-04,1502,stimulus_1502,3,3,train
sub-04,1503,stimulus_1503,3,3,train
sub-04,1504,stimulus_1504,2,0,train
sub-04,1505,stimulus_1505,3,1,val
sub-04,1506,stimulus_1506,2,0,train
sub-04,1507,stimulus_1507,0,0,train
sub-04,1508,stimulus_1508,3,0,val
sub-04,1509,stimulus_1509,3,2,train
sub-04,1510,stimulus_1510,3,2,train
sub-04,1511,stimulus_1511,0,3,train
sub-04,1512,stimulus_1512,3,1,train
sub-04,1513,stimulus_1513,1,2,train
sub-04,1514,stimulus_1514,0,2,train
sub-04,1515,stimulus_1515,2,3,train
sub-04,1516,stimulus_1516,3,3,val
sub-04,1517,stimulus_1517,1,3,train
sub-04,1518,stimulus_1518,0,2,train
sub-04,1519,stimulus_1519,0,0,train
sub-04,1520,stimulus_1520,3,2,train
sub-04,1521,stimulus_1521,2,1,train
sub-04,1522,stimulus_1522,1,2,train
sub-04,1523,stimulus_1523,2,2,val
sub-04,1524,stimulus_1524,3,1,val
sub-04,1525,stimulus_1525,2,0,train
sub-04,1526,stimulus_1526,2,2,train
sub-04,1527,stimulus_1527,2,3,train
sub-04,1528,stimulus_1528,1,0,test
sub-04,1529,stimulus_1529,1,2,train
sub-04,1530,stimulus_1530,1,2,train
sub-04,1531,stimulus_1531,2,2,train
sub-04,1532,stimulus_1532,0,0,train
sub-04,1533,stimulus_1533,2,1,train
sub-04,1534,stimulus_1534,1,1,val
sub-04,1535,stimulus_1535,2,3,val
sub-04,1536,stimulus_1536,2,3,test
sub-04,1537,stimulus_1537,2,3,train
sub-04,1538,stimulus_1538,2,3,train
sub-04,1539,stimulus_1539,3,3,train
sub-04,1540,stimulus_1540,3,1,train
sub-04,1541,stimulus_1541,0,0,train
sub-04,1542,stimulus_1542,2,2,train
sub-04,1543,stimulus_1543,1,3,train
sub-04,1544,stimulus_1544,1,1,train
sub-04,1545,stimulus_1545,1,2,train
sub-04,1546,stimulus_1546,2,3,train
sub-04,1547,stimulus_1547,3,1,train
sub-04,1548,stimulus_1548,3,1,train
sub-04,1549,stimulus_1549,1,2,val
sub-04,1550,stimulus_1550,0,2,train
sub-04,1551,stimulus_1551,2,3,train
sub-04,1552,stimulus_1552,1,3,train
sub-04,1553,stimulus_1553,1,3,train
sub-04,1554,stimulus_1554,1,3,train
sub-04,1555,stimulus_1555,2,0,train
sub-04,1556,stimulus_1556,0,1,train
sub-04,1557,stimulus_1557,2,3,train
sub-04,1558,stimulus_1558,3,2,train
sub-04,1559,stimulus_1559,2,2,train
sub-04,1560,stimulus_1560,2,3,train
sub-04,1561,stimulus_1561,1,0,train
sub-04,1562,stimulus_1562,0,3,train
sub-04,1563,stimulus_1563,2,1,train
sub-04,1564,stimulus_1564,3,3,train
sub-04,1565,stimulus_1565,0,0,train
sub-04,1566,stimulus_1566,1,1,train
sub-04,1567,stimulus_1567,1,1,train
sub-04,1568,stimulus_1568,3,3,train
sub-04,1569,stimulus_1569,3,3,train
sub-04,1570,stimulus_1570,3,3,train
sub-04,1571,stimulus_1571,3,3,val
sub-04,1572,stimulus_1572,3,2,test
sub-04,1573,stimulus_1573,2,3,train
sub-04,1574,stimulus_1574,1,0,train
sub-04,1575,stimulus_1575,1,3,train
sub-04,1576,stimulus_1576,0,3,test
sub-04,1577,stimulus_1577,2,3,test
sub-04,1578,stimulus_1578,1,1,train
sub-04,1579,stimulus_1579,2,1,train
sub-04,1580,stimulus_1580,2,1,val
sub-04,1581,stimulus_1581,2,2,train
sub-04,1582,stimulus_1582,3,3,train
sub-04,1583,stimulus_1583,2,3,train
sub-04,1584,stimulus_1584,3,3,train
sub-04,1585,stimulus_1585,0,1,train
sub-04,1586,stimulus_1586,2,1,test
sub-04,1587,stimulus_1587,0,1,train
sub-04,1588,stimulus_1588,2,1,train
sub-04,1589,stimulus_1589,0,1,train
sub-04,1590,stimulus_1590,0,3,train
sub-04,1591,stimulus_1591,0,0,train
sub-04,1592,stimulus_1592,3,0,train
sub-04,1593,stimulus_1593,1,2,train
sub-04,1594,stimulus_1594,3,3,train
sub-04,1595,stimulus_1595,1,3,train
sub-04,1596,stimulus_1596,0,1,test
sub-04,1597,stimulus_1597,2,0,train
sub-04,1598,stimulus_1598,0,3,test
sub-04,1599,stimulus_1599,1,3,train
sub-04,1600,stimulus_1600,1,1,train
sub-04,1601,stimulus_1601,0,2,train
sub-04,1602,stimulus_1602,2,1,train
sub-04,1603,stimulus_1603,3,1,train
sub-04,1604,stimulus_1604,2,0,train
sub-04,1605,stimulus_1605,0,1,train
sub-04,1606,stimulus_1606,2,1,test
sub-04,1607,stimulus_1607,1,1,train
sub-04,1608,stimulus_1608,3,3,train
sub-04,1609,stimulus_1609,1,1,train
sub-04,1610,stimulus_1610,2,3,train
sub-04,1611,stimulus_1611,0,0,train
sub-04,1612,stimulus_1612,2,1,train
sub-04,1613,stimulus_1613,0,1,train
sub-04,1614,stimulus_1614,1,0,train
sub-04,1615,stimulus_1615,1,2,train
sub-04,1616,stimulus_1616,3,2,train
sub-04,1617,stimulus_1617,1,2,train
sub-04,1618,stimulus_1618,1,0,train
sub-04,1619,stimulus_1619,2,1,train
sub-04,1620,stimulus_1620,3,0,train
sub-04,1621,stimulus_1621,1,0,train
sub-04,1622,stimulus_1622,2,2,train
sub-04,1623,stimulus_1623,1,0,train
sub-04,1624,stimulus_1624,2,2,train
sub-04,1625,stimulus_1625,2,2,val
sub-04,1626,stimulus_1626,1,1,train
sub-04,1627,stimulus_1627,0,1,train
sub-04,1628,stimulus_1628,3,1,train
sub-04,1629,stimulus_1629,0,2,train
sub-04,1630,stimulus_1630,0,0,train
sub-04,1631,stimulus_1631,1,1,test
sub-04,1632,stimulus_1632,0,2,val
sub-04,1633,stimulus_1633,2,3,val
sub-04,1634,stimulus_1634,2,2,train
sub-04,1635,stimulus_1635,1,2,test
sub-04,1636,stimulus_1636,3,2,train
sub-04,1637,stimulus_1637,3,3,test
sub-04,1638,stimulus_1638,3,2,train
sub-04,1639,stimulus_1639,3,2,val
sub-04,1640,stimulus_1640,3,3,val
sub-04,1641,stimulus_1641,2,3,train
sub-04,1642,stimulus_1642,1,3,train
sub-04,1643,stimulus_1643,3,3,train
sub-04,1644,stimulus_1644,1,3,test
sub-04,1645,stimulus_1645,2,3,train
sub-04,1646,stimulus_1646,1,0,train
sub-04,1647,stimulus_1647,2,0,train
sub-04,1648,stimulus_1648,2,1,train
sub-04,1649,stimulus_1649,1,3,train
sub-04,1650,stimulus_1650,0,3,train
sub-04,1651,stimulus_1651,3,0,train
sub-04,1652,stimulus_1652,1,3,train
sub-04,1653,stimulus_1653,2,1,train
sub-04,1654,stimulus_1654,0,2,train
sub-04,1655,stimulus_1655,0,2,train
sub-04,1656,stimulus_1656,3,1,train
sub-04,1657,stimulus_1657,0,1,train
sub-04,1658,stimulus_1658,3,1,train
sub-04,1659,stimulus_1659,2,2,train
sub-04,1660,stimulus_1660,3,1,train
sub-04,1661,stimulus_1661,3,2,train
sub-04,1662,stimulus_1662,2,1,train
sub-04,1663,stimulus_1663,1,1,val
sub-04,1664,stimulus_1664,2,2,test
sub-04,1665,stimulus_1665,1,0,train
sub-04,1666,stimulus_1666,3,2,train
sub-04,1667,stimulus_1667,3,1,test
sub-04,1668,stimulus_1668,2,3,train
sub-04,1669,stimulus_1669,1,3,train
sub-04,1670,stimulus_1670,2,2,train
sub-04,1671,stimulus_1671,3,3,train
sub-04,1672,stimulus_1672,1,0,train
sub-04,1673,stimulus_1673,1,1,train
sub-04,1674,stimulus_1674,1,0,train
sub-04,1675,stimulus_1675,0,0,train
sub-04,1676,stimulus_1676,2,3,train
sub-04,1677,stimulus_1677,3,3,train
sub-04,1678,stimulus_1678,3,3,train
sub-04,1679,stimulus_1679,1,3,train
sub-04,1680,stimulus_1680,3,2,train
sub-04,1681,stimulus_1681,2,0,train
sub-04,1682,stimulus_1682,2,1,train
sub-04,1683,stimulus_1683,2,0,val
sub-04,1684,stimulus_1684,2,1,train
sub-04,1685,stimulus_1685,0,1,train
sub-04,1686,stimulus_1686,1,2,train
sub-04,1687,stimulus_1687,1,1,train
sub-04,1688,stimulus_1688,1,3,train
sub-04,1689,stimulus_1689,2,1,val
sub-04,1690,stimulus_1690,0,1,val
sub-04,1691,stimulus_1691,0,0,val
sub-04,1692,stimulus_1692,2,0,train
sub-04,1693,stimulus_1693,3,3,train
sub-04,1694,stimulus_1694,2,3,train
sub-04,1695,stimulus_1695,1,1,train
sub-04,1696,stimulus_1696,2,2,train
sub-04,1697,stimulus_1697,3,3,val
sub-04,1698,stimulus_1698,2,2,val
sub-04,1699,stimulus_1699,3,2,test
sub-04,1700,stimulus_1700,1,0,train
sub-04,1701,stimulus_1701,0,2,train
sub-04,1702,stimulus_1702,2,3,train
sub-04,1703,stimulus_1703,0,1,train
sub-04,1704,stimulus_1704,1,0,train
sub-04,1705,stimulus_1705,0,0,train
sub-04,1706,stimulus_1706,0,1,train
sub-04,1707,stimulus_1707,2,3,train
sub-04,1708,stimulus_1708,3,2,test
sub-04,1709,stimulus_1709,1,1,train
sub-04,1710,stimulus_1710,2,3,train
sub-04,1711,stimulus_1711,3,2,train
sub-04,1712,stimulus_1712,3,3,train
sub-04,1713,stimulus_1713,1,0,train
sub-04,1714,stimulus_1714,3,3,train
sub-04,1715,stimulus_1715,3,2,train
sub-04,1716,stimulus_1716,3,0,test
sub-04,1717,stimulus_1717,3,3,train
sub-04,1718,stimulus_1718,3,3,train
sub-04,1719,stimulus_1719,1,0,train
sub-04,1720,stimulus_1720,1,3,train
sub-04,1721,stimulus_1721,3,3,train
sub-04,1722,stimulus_1722,2,1,train
sub-04,1723,stimulus_1723,3,2,train
sub-04,1724,stimulus_1724,1,0,train
sub-04,1725,stimulus_1725,0,1,train
sub-04,1726,stimulus_1726,0,3,train
sub-04,1727,stimulus_1727,2,1,train
sub-04,1728,stimulus_1728,1,3,train
sub-04,1729,stimulus_1729,1,0,test
sub-04,1730,stimulus_1730,1,1,test
sub-04,1731,stimulus_1731,1,0,train
sub-04,1732,stimulus_1732,0,3,train
sub-04,1733,stimulus_1733,2,1,train
sub-04,1734,stimulus_1734,1,3,train
sub-04,1735,stimulus_1735,3,2,test
sub-04,1736,stimulus_1736,1,1,train
sub-04,1737,stimulus_1737,1,3,train
sub-04,1738,stimulus_1738,1,1,train
sub-04,1739,stimulus_1739,0,2,train
sub-04,1740,stimulus_1740,3,2,val
sub-04,1741,stimulus_1741,2,1,train
sub-04,1742,stimulus_1742,1,3,test
sub-04,1743,stimulus_1743,2,3,val
sub-04,1744,stimulus_1744,0,2,val
sub-04,1745,stimulus_1745,3,2,train
sub-04,1746,stimulus_1746,3,2,train
sub-04,1747,stimulus_1747,2,1,train
sub-04,1748,stimulus_1748,2,0,train
sub-04,1749,stimulus_1749,3,1,train
sub-04,1750,stimulus_1750,2,1,val
sub-04,1751,stimulus_1751,2,1,train
sub-04,1752,stimulus_1752,0,2,train
sub-04,1753,stimulus_1753,3,3,train
sub-04,1754,stimulus_1754,3,3,train
sub-04,1755,stimulus_1755,0,2,train
sub-04,1756,stimulus_1756,3,3,train
sub-04,1757,stimulus_1757,1,3,train
sub-04,1758,stimulus_1758,3,3,train
sub-04,1759,stimulus_1759,1,3,test
sub-04,1760,stimulus_1760,2,0,test
sub-04,1761,stimulus_1761,3,2,train
sub-04,1762,stimulus_1762,2,3,train
sub-04,1763,stimulus_1763,2,3,train
sub-04,1764,stimulus_1764,2,3,train
sub-04,1765,stimulus_1765,0,1,val
sub-04,1766,stimulus_1766,1,0,train
sub-04,1767,stimulus_1767,1,1,train
sub-04,1768,stimulus_1768,0,0,train
sub-04,1769,stimulus_1769,3,3,val
sub-04,1770,stimulus_1770,1,0,train
sub-04,1771,stimulus_1771,0,0,train
sub-04,1772,stimulus_1772,2,2,test
sub-04,1773,stimulus_1773,3,0,train
sub-04,1774,stimulus_1774,1,1,test
sub-04,1775,stimulus_1775,2,2,train
sub-04,1776,stimulus_1776,1,1,test
sub-04,1777,stimulus_1777,3,3,train
sub-04,1778,stimulus_1778,3,3,train
sub-04,1779,stimulus_1779,1,2,train
sub-04,1780,stimulus_1780,1,3,train
sub-04,1781,stimulus_1781,3,2,train
sub-04,1782,stimulus_1782,2,2,test
sub-04,1783,stimulus_1783,3,3,val
sub-04,1784,stimulus_1784,1,0,train
sub-04,1785,stimulus_1785,1,1,train
sub-04,1786,stimulus_1786,0,1,train
sub-04,1787,stimulus_1787,2,2,train
sub-04,1788,stimulus_1788,1,2,train
sub-04,1789,stimulus_1789,3,3,train
sub-04,1790,stimulus_1790,0,0,val
sub-04,1791,stimulus_1791,1,1,train
sub-04,1792,stimulus_1792,0,0,train
sub-04,1793,stimulus_1793,0,0,train
sub-04,1794,stimulus_1794,1,1,train
sub-04,1795,stimulus_1795,0,3,test
sub-04,1796,stimulus_1796,1,3,train
sub-04,1797,stimulus_1797,2,1,train
sub-04,1798,stimulus_1798,2,2,train
sub-04,1799,stimulus_1799,1,3,train
sub-04,1800,stimulus_1800,2,3,train
sub-04,1801,stimulus_1801,2,2,train
sub-04,1802,stimulus_1802,2,1,train
sub-04,1803,stimulus_1803,3,2,train
sub-04,1804,stimulus_1804,3,0,train
sub-04,1805,stimulus_1805,3,3,train
sub-04,1806,stimulus_1806,3,0,train
sub-04,1807,stimulus_1807,3,3,test
sub-04,1808,stimulus_1808,3,0,train
sub-04,1809,stimulus_1809,1,3,train
sub-04,1810,stimulus_1810,3,0,train
sub-04,1811,stimulus_1811,1,2,train
sub-04,1812,stimulus_1812,2,2,train
sub-04,1813,stimulus_1813,0,1,train
sub-04,1814,stimulus_1814,3,1,train
sub-04,1815,stimulus_1815,3,0,train
sub-04,1816,stimulus_1816,0,1,val
sub-04,1817,stimulus_1817,2,0,train
sub-04,1818,stimulus_1818,2,1,train
sub-04,1819,stimulus_1819,0,3,train
sub-04,1820,stimulus_1820,3,0,val
sub-04,1821,stimulus_1821,1,2,train
sub-04,1822,stimulus_1822,0,0,train
sub-04,1823,stimulus_1823,1,1,train
sub-04,1824,stimulus_1824,2,1,train
sub-04,1825,stimulus_1825,3,0,train
sub-04,1826,stimulus_1826,3,3,test
sub-04,1827,stimulus_1827,1,3,train
sub-04,1828,stimulus_1828,0,1,train
sub-04,1829,stimulus_1829,2,2,train
sub-04,1830,stimulus_1830,0,3,train
sub-04,1831,stimulus_1831,1,0,val
sub-04,1832,stimulus_1832,0,3,train
sub-04,1833,stimulus_1833,3,3,train
sub-04,1834,stimulus_1834,3,3,train
sub-04,1835,stimulus_1835,2,0,train
sub-04,1836,stimulus_1836,3,3,val
sub-04,1837,stimulus_1837,0,2,train
sub-04,1838,stimulus_1838,1,3,train
sub-04,1839,stimulus_1839,3,3,train
sub-04,1840,stimulus_1840,2,1,train
sub-04,1841,stimulus_1841,2,0,train
sub-04,1842,stimulus_1842,3,2,train
sub-04,1843,stimulus_1843,0,2,train
sub-04,1844,stimulus_1844,0,1,train
sub-04,1845,stimulus_1845,0,1,train
sub-04,1846,stimulus_1846,2,0,train
sub-04,1847,stimulus_1847,1,1,train
sub-04,1848,stimulus_1848,2,0,train
sub-04,1849,stimulus_1849,2,3,train
sub-04,1850,stimulus_1850,3,0,train
sub-04,1851,stimulus_1851,3,1,test
sub-04,1852,stimulus_1852,3,3,train
sub-04,1853,stimulus_1853,0,1,val
sub-04,1854,stimulus_1854,3,1,train
sub-04,1855,stimulus_1855,3,1,train
sub-04,1856,stimulus_1856,2,1,train
sub-04,1857,stimulus_1857,1,3,train
sub-04,1858,stimulus_1858,0,3,train
sub-04,1859,stimulus_1859,2,1,train
sub-04,1860,stimulus_1860,2,1,train
sub-04,1861,stimulus_1861,2,1,train
sub-04,1862,stimulus_1862,1,1,train
sub-04,1863,stimulus_1863,1,3,val
sub-04,1864,stimulus_1864,1,1,train
sub-04,1865,stimulus_1865,1,3,train
sub-04,1866,stimulus_1866,0,1,train
sub-04,1867,stimulus_1867,1,1,train
sub-04,1868,stimulus_1868,0,3,train
sub-04,1869,stimulus_1869,3,2,val
sub-04,1870,stimulus_1870,0,3,train
sub-04,1871,stimulus_1871,0,1,train
sub-04,1872,stimulus_1872,2,3,train
sub-04,1873,stimulus_1873,1,1,train
sub-04,1874,stimulus_1874,1,0,train
sub-04,1875,stimulus_1875,1,0,train
sub-04,1876,stimulus_1876,2,0,val
sub-04,1877,stimulus_1877,1,2,val
sub-04,1878,stimulus_1878,1,3,train
sub-04,1879,stimulus_1879,1,2,train
sub-04,1880,stimulus_1880,2,1,train
sub-04,1881,stimulus_1881,1,1,train
sub-04,1882,stimulus_1882,3,2,train
sub-04,1883,stimulus_1883,1,0,train
sub-04,1884,stimulus_1884,2,2,train
sub-04,1885,stimulus_1885,0,0,test
sub-04,1886,stimulus_1886,2,3,train
sub-04,1887,stimulus_1887,0,3,train
sub-04,1888,stimulus_1888,1,3,train
sub-04,1889,stimulus_1889,3,3,train
sub-04,1890,stimulus_1890,1,1,train
sub-04,1891,stimulus_1891,3,3,test
sub-04,1892,stimulus_1892,1,3,train
sub-04,1893,stimulus_1893,3,3,train
sub-04,1894,stimulus_1894,2,3,train
sub-04,1895,stimulus_1895,2,3,val
sub-04,1896,stimulus_1896,1,2,test
sub-04,1897,stimulus_1897,2,1,test
sub-04,1898,stimulus_1898,2,0,train
sub-04,1899,stimulus_1899,2,3,train
sub-04,1900,stimulus_1900,3,1,train
sub-04,1901,stimulus_1901,0,2,train
sub-04,1902,stimulus_1902,2,1,val
sub-04,1903,stimulus_1903,0,0,test
sub-04,1904,stimulus_1904,3,1,train
sub-04,1905,stimulus_1905,1,1,train
sub-04,1906,stimulus_1906,0,2,train
sub-04,1907,stimulus_1907,0,1,train
sub-04,1908,stimulus_1908,1,1,train
sub-04,1909,stimulus_1909,3,3,train
sub-04,1910,stimulus_1910,1,2,train
sub-04,1911,stimulus_1911,3,2,train
sub-04,1912,stimulus_1912,2,3,train
sub-04,1913,stimulus_1913,2,2,train
sub-04,1914,stimulus_1914,1,3,train
sub-04,1915,stimulus_1915,2,3,train
sub-04,1916,stimulus_1916,0,2,train
sub-04,1917,stimulus_1917,2,3,train
sub-04,1918,stimulus_1918,3,3,train
sub-04,1919,stimulus_1919,1,2,train
sub-04,1920,stimulus_1920,2,1,train
sub-04,1921,stimulus_1921,2,0,val
sub-04,1922,stimulus_1922,0,0,train
sub-04,1923,stimulus_1923,0,0,train
sub-04,1924,stimulus_1924,3,1,train
sub-04,1925,stimulus_1925,2,3,train
sub-04,1926,stimulus_1926,0,1,train
sub-04,1927,stimulus_1927,1,0,train
sub-04,1928,stimulus_1928,0,0,train
sub-04,1929,stimulus_1929,1,1,train
sub-04,1930,stimulus_1930,2,0,train
sub-04,1931,stimulus_1931,0,0,val
sub-04,1932,stimulus_1932,2,0,test
sub-04,1933,stimulus_1933,0,0,test
sub-04,1934,stimulus_1934,0,1,test
sub-04,1935,stimulus_1935,3,1,train
sub-04,1936,stimulus_1936,3,1,train
sub-04,1937,stimulus_1937,3,3,train
sub-04,1938,stimulus_1938,3,1,train
sub-04,1939,stimulus_1939,1,2,test
sub-04,1940,stimulus_1940,0,1,train
sub-04,1941,stimulus_1941,2,3,val
sub-04,1942,stimulus_1942,3,3,train
sub-04,1943,stimulus_1943,1,1,train
sub-04,1944,stimulus_1944,2,1,test
sub-04,1945,stimulus_1945,2,2,train
sub-04,1946,stimulus_1946,1,0,test
sub-04,1947,stimulus_1947,1,1,train
sub-04,1948,stimulus_1948,1,1,train
sub-04,1949,stimulus_1949,1,1,test
sub-04,1950,stimulus_1950,1,0,val
sub-04,1951,stimulus_1951,0,0,test
sub-04,1952,stimulus_1952,1,0,train
sub-04,1953,stimulus_1953,2,2,train
sub-04,1954,stimulus_1954,1,0,train
sub-04,1955,stimulus_1955,0,1,train
sub-04,1956,stimulus_1956,0,0,val
sub-04,1957,stimulus_1957,3,3,train
sub-04,1958,stimulus_1958,1,0,train
sub-04,1959,stimulus_1959,0,1,train
sub-04,1960,stimulus_1960,0,3,val
sub-04,1961,stimulus_1961,3,3,train
sub-04,1962,stimulus_1962,2,0,test
sub-04,1963,stimulus_1963,2,1,val
sub-04,1964,stimulus_1964,1,3,train
sub-04,1965,stimulus_1965,3,3,train
sub-04,1966,stimulus_1966,3,1,train
sub-04,1967,stimulus_1967,1,1,train
sub-04,1968,stimulus_1968,3,1,train
sub-04,1969,stimulus_1969,2,2,train
sub-04,1970,stimulus_1970,3,1,train
sub-04,1971,stimulus_1971,2,3,train
sub-04,1972,stimulus_1972,1,0,train
sub-04,1973,stimulus_1973,0,0,train
sub-04,1974,stimulus_1974,3,3,train
sub-04,1975,stimulus_1975,3,3,train
sub-04,1976,stimulus_1976,3,3,train
sub-04,1977,stimulus_1977,0,0,train
sub-04,1978,stimulus_1978,3,1,train
sub-04,1979,stimulus_1979,0,2,train
sub-04,1980,stimulus_1980,3,3,train
sub-04,1981,stimulus_1981,3,3,train
sub-04,1982,stimulus_1982,2,1,train
sub-04,1983,stimulus_1983,2,2,train
sub-04,1984,stimulus_1984,1,0,train
sub-04,1985,stimulus_1985,0,2,train
sub-04,1986,stimulus_1986,3,0,train
sub-04,1987,stimulus_1987,0,1,train
sub-04,1988,stimulus_1988,3,0,val
sub-04,1989,stimulus_1989,3,1,train
sub-04,1990,stimulus_1990,0,1,train
sub-04,1991,stimulus_1991,0,1,train
sub-04,1992,stimulus_1992,3,3,train
sub-04,1993,stimulus_1993,3,3,train
sub-04,1994,stimulus_1994,1,0,train
sub-04,1995,stimulus_1995,2,1,train
sub-04,1996,stimulus_1996,1,1,train
sub-04,1997,stimulus_1997,2,1,test
sub-04,1998,stimulus_1998,2,3,train
sub-04,1999,stimulus_1999,0,2,val
sub-04,2000,stimulus_2000,3,1,test
sub-04,2001,stimulus_2001,3,1,train
sub-04,2002,stimulus_2002,3,0,train
sub-04,2003,stimulus_2003,1,3,val
sub-04,2004,stimulus_2004,0,0,val
sub-04,2005,stimulus_2005,1,0,train
sub-04,2006,stimulus_2006,0,3,test
sub-04,2007,stimulus_2007,2,0,train
sub-04,2008,stimulus_2008,0,2,train
sub-04,2009,stimulus_2009,0,0,train
sub-04,2010,stimulus_2010,0,1,train
sub-04,2011,stimulus_2011,0,1,train
sub-04,2012,stimulus_2012,0,3,val
sub-04,2013,stimulus_2013,3,2,train
sub-04,2014,stimulus_2014,1,1,train
sub-04,2015,stimulus_2015,2,3,train
sub-04,2016,stimulus_2016,0,0,train
sub-04,2017,stimulus_2017,2,3,train
sub-04,2018,stimulus_2018,0,0,train
sub-04,2019,stimulus_2019,0,0,train
sub-04,2020,stimulus_2020,0,0,train
sub-04,2021,stimulus_2021,2,3,train
sub-04,2022,stimulus_2022,0,1,train
sub-04,2023,stimulus_2023,2,2,val
sub-04,2024,stimulus_2024,0,0,train
sub-04,2025,stimulus_2025,1,2,train
sub-04,2026,stimulus_2026,2,0,train
sub-04,2027,stimulus_2027,1,0,train
sub-04,2028,stimulus_2028,2,1,train
sub-04,2029,stimulus_2029,2,3,test
sub-04,2030,stimulus_2030,3,3,train
sub-04,2031,stimulus_2031,2,2,train
sub-04,2032,stimulus_2032,2,2,train
sub-04,2033,stimulus_2033,2,3,train
sub-04,2034,stimulus_2034,3,3,train
sub-04,2035,stimulus_2035,2,3,train
sub-04,2036,stimulus_2036,1,0,train
sub-04,2037,stimulus_2037,2,3,test
sub-04,2038,stimulus_2038,1,1,train
sub-04,2039,stimulus_2039,1,1,train
sub-04,2040,stimulus_2040,3,3,train
sub-04,2041,stimulus_2041,2,2,train
sub-04,2042,stimulus_2042,1,1,train
sub-04,2043,stimulus_2043,3,2,train
sub-04,2044,stimulus_2044,3,1,train
sub-04,2045,stimulus_2045,2,3,test
sub-04,2046,stimulus_2046,1,3,train
sub-04,2047,stimulus_2047,0,3,train
sub-04,2048,stimulus_2048,0,0,train
sub-04,2049,stimulus_2049,0,2,train
sub-04,2050,stimulus_2050,1,1,train
sub-04,2051,stimulus_2051,1,2,train
sub-04,2052,stimulus_2052,1,3,train
sub-04,2053,stimulus_2053,2,3,train
sub-04,2054,stimulus_2054,0,2,train
sub-04,2055,stimulus_2055,0,0,train
sub-04,2056,stimulus_2056,2,0,train
sub-04,2057,stimulus_2057,3,2,train
sub-04,2058,stimulus_2058,0,1,val
sub-04,2059,stimulus_2059,3,1,train
sub-04,2060,stimulus_2060,2,1,val
sub-04,2061,stimulus_2061,3,1,train
sub-04,2062,stimulus_2062,0,0,val
sub-04,2063,stimulus_2063,3,3,test
sub-04,2064,stimulus_2064,1,0,train
sub-04,2065,stimulus_2065,2,3,train
sub-04,2066,stimulus_2066,0,1,train
sub-04,2067,stimulus_2067,0,2,train
sub-04,2068,stimulus_2068,0,3,train
sub-04,2069,stimulus_2069,0,3,train
sub-04,2070,stimulus_2070,3,1,train
sub-04,2071,stimulus_2071,3,1,train
sub-04,2072,stimulus_2072,3,1,train
sub-04,2073,stimulus_2073,1,3,train
sub-04,2074,stimulus_2074,1,2,test
sub-04,2075,stimulus_2075,2,2,train
sub-04,2076,stimulus_2076,1,2,train
sub-04,2077,stimulus_2077,3,3,train
sub-04,2078,stimulus_2078,3,3,train
sub-04,2079,stimulus_2079,1,0,train
sub-04,2080,stimulus_2080,0,2,train
sub-04,2081,stimulus_2081,0,1,train
sub-04,2082,stimulus_2082,3,1,train
sub-04,2083,stimulus_2083,2,1,train
sub-04,2084,stimulus_2084,1,2,train
sub-04,2085,stimulus_2085,3,3,train
sub-04,2086,stimulus_2086,0,1,train
sub-04,2087,stimulus_2087,2,1,train
sub-04,2088,stimulus_2088,2,2,train
sub-04,2089,stimulus_2089,3,3,train
sub-04,2090,stimulus_2090,1,1,train
sub-04,2091,stimulus_2091,0,3,train
sub-04,2092,stimulus_2092,3,3,val
sub-04,2093,stimulus_2093,2,1,train
sub-04,2094,stimulus_2094,1,1,train
sub-04,2095,stimulus_2095,3,1,train
sub-04,2096,stimulus_2096,3,0,train
sub-04,2097,stimulus_2097,1,3,train
sub-04,2098,stimulus_2098,2,3,train
sub-04,2099,stimulus_2099,2,2,train
sub-04,2100,stimulus_2100,3,2,train
sub-04,2101,stimulus_2101,1,0,train
sub-04,2102,stimulus_2102,3,3,train
sub-04,2103,stimulus_2103,1,3,train
sub-04,2104,stimulus_2104,1,0,train
sub-04,2105,stimulus_2105,1,3,train
sub-04,2106,stimulus_2106,0,0,train
sub-04,2107,stimulus_2107,2,0,train
sub-04,2108,stimulus_2108,2,3,train
sub-04,2109,stimulus_2109,0,1,train
sub-04,2110,stimulus_2110,3,3,train
sub-04,2111,stimulus_2111,0,0,test
sub-04,2112,stimulus_2112,2,1,train
sub-04,2113,stimulus_2113,3,3,train
sub-04,2114,stimulus_2114,3,1,test
sub-04,2115,stimulus_2115,0,2,train
sub-04,2116,stimulus_2116,0,0,train
sub-04,2117,stimulus_2117,3,1,train
sub-04,2118,stimulus_2118,3,1,train
sub-04,2119,stimulus_2119,1,0,train
sub-04,2120,stimulus_2120,0,3,train
sub-04,2121,stimulus_2121,0,3,test
sub-04,2122,stimulus_2122,0,2,val
sub-04,2123,stimulus_2123,0,1,val
sub-04,2124,stimulus_2124,0,3,train
sub-04,2125,stimulus_2125,1,1,train
sub-04,2126,stimulus_2126,1,0,test
sub-04,2127,stimulus_2127,1,0,train
sub-04,2128,stimulus_2128,1,0,test
sub-04,2129,stimulus_2129,1,0,test
sub-04,2130,stimulus_2130,0,1,test
sub-04,2131,stimulus_2131,3,0,train
sub-04,2132,stimulus_2132,1,0,train
sub-04,2133,stimulus_2133,1,0,train
sub-04,2134,stimulus_2134,2,0,train
sub-04,2135,stimulus_2135,0,1,train
sub-04,2136,stimulus_2136,1,0,train
sub-04,2137,stimulus_2137,3,3,train
sub-04,2138,stimulus_2138,3,3,test
sub-04,2139,stimulus_2139,0,1,test
sub-04,2140,stimulus_2140,3,3,train
sub-04,2141,stimulus_2141,0,0,train
sub-04,2142,stimulus_2142,0,0,train
sub-04,2143,stimulus_2143,3,3,val
sub-04,2144,stimulus_2144,0,1,train
sub-04,2145,stimulus_2145,2,1,train
sub-04,2146,stimulus_2146,3,2,train
sub-04,2147,stimulus_2147,0,1,val
sub-04,2148,stimulus_2148,1,2,test
sub-04,2149,stimulus_2149,3,2,train
sub-04,2150,stimulus_2150,3,1,train
sub-04,2151,stimulus_2151,1,1,train
sub-04,2152,stimulus_2152,0,1,train
sub-04,2153,stimulus_2153,0,2,train
sub-04,2154,stimulus_2154,3,2,train
sub-04,2155,stimulus_2155,1,0,train
sub-04,2156,stimulus_2156,1,1,train
sub-04,2157,stimulus_2157,0,1,train
sub-04,2158,stimulus_2158,3,3,train
sub-04,2159,stimulus_2159,0,0,val
sub-04,2160,stimulus_2160,1,0,train
sub-04,2161,stimulus_2161,0,3,train
sub-04,2162,stimulus_2162,0,2,train
sub-04,2163,stimulus_2163,3,0,train
sub-04,2164,stimulus_2164,1,3,train
sub-04,2165,stimulus_2165,1,0,train
sub-04,2166,stimulus_2166,2,1,train
sub-04,2167,stimulus_2167,2,2,train
sub-04,2168,stimulus_2168,0,2,train
sub-04,2169,stimulus_2169,0,0,train
sub-04,2170,stimulus_2170,2,3,train
sub-04,2171,stimulus_2171,2,0,train
sub-04,2172,stimulus_2172,1,0,train
sub-04,2173,stimulus_2173,3,1,train
sub-04,2174,stimulus_2174,0,0,train
sub-04,2175,stimulus_2175,2,1,train
sub-04,2176,stimulus_2176,2,1,train
sub-04,2177,stimulus_2177,0,0,train
sub-04,2178,stimulus_2178,1,2,test
sub-04,2179,stimulus_2179,3,3,train
sub-04,2180,stimulus_2180,1,1,train
sub-04,2181,stimulus_2181,3,2,train
sub-04,2182,stimulus_2182,3,3,train
sub-04,2183,stimulus_2183,0,1,train
sub-04,2184,stimulus_2184,1,1,train
sub-04,2185,stimulus_2185,1,1,train
sub-05,1,stimulus_1,0,1,test
sub-05,2,stimulus_2,1,1,val
sub-05,3,stimulus_3,2,3,train
sub-05,4,stimulus_4,1,0,train
sub-05,5,stimulus_5,0,3,train
sub-05,6,stimulus_6,2,1,train
sub-05,7,stimulus_7,1,0,train
sub-05,8,stimulus_8,3,0,val
sub-05,9,stimulus_9,0,0,train
sub-05,10,stimulus_10,3,3,test
sub-05,11,stimulus_11,3,3,train
sub-05,12,stimulus_12,2,1,val
sub-05,13,stimulus_13,3,3,train
sub-05,14,stimulus_14,2,2,train
sub-05,15,stimulus_15,0,3,train
sub-05,16,stimulus_16,3,3,train
sub-05,17,stimulus_17,3,2,train
sub-05,18,stimulus_18,0,2,train
sub-05,19,stimulus_19,3,2,train
sub-05,20,stimulus_20,2,3,test
sub-05,21,stimulus_21,0,2,train
sub-05,22,stimulus_22,1,3,train
sub-05,23,stimulus_23,3,2,val
sub-05,24,stimulus_24,1,1,train
sub-05,25,stimulus_25,0,1,train
sub-05,26,stimulus_26,3,1,train
sub-05,27,stimulus_27,0,2,train
sub-05,28,stimulus_28,0,1,train
sub-05,29,stimulus_29,3,2,test
sub-05,30,stimulus_30,0,2,train
sub-05,31,stimulus_31,0,2,train
sub-05,32,stimulus_32,2,2,train
sub-05,33,stimulus_33,2,2,train
sub-05,34,stimulus_34,2,2,train
sub-05,35,stimulus_35,3,2,train
sub-05,36,stimulus_36,2,1,train
sub-05,37,stimulus_37,3,3,train
sub-05,38,stimulus_38,2,2,test
sub-05,39,stimulus_39,2,0,train
sub-05,40,stimulus_40,3,1,train
sub-05,41,stimulus_41,3,1,test
sub-05,42,stimulus_42,1,1,train
sub-05,43,stimulus_43,3,2,train
sub-05,44,stimulus_44,2,2,train
sub-05,45,stimulus_45,0,1,train
sub-05,46,stimulus_46,0,1,train
sub-05,47,stimulus_47,1,0,val
sub-05,48,stimulus_48,0,0,test
sub-05,49,stimulus_49,2,0,train
sub-05,50,stimulus_50,2,1,train
sub-05,51,stimulus_51,0,0,test
sub-05,52,stimulus_52,1,1,train
sub-05,53,stimulus_53,1,0,test
sub-05,54,stimulus_54,1,1,train
sub-05,55,stimulus_55,2,3,train
sub-05,56,stimulus_56,1,1,train
sub-05,57,stimulus_57,2,3,train
sub-05,58,stimulus_58,3,3,train
sub-05,59,stimulus_59,0,0,train
sub-05,60,stimulus_60,1,2,train
sub-05,61,stimulus_61,1,0,train
sub-05,62,stimulus_62,0,0,test
sub-05,63,stimulus_63,1,0,test
sub-05,64,stimulus_64,1,0,train
sub-05,65,stimulus_65,1,2,train
sub-05,66,stimulus_66,1,0,train
sub-05,67,stimulus_67,0,0,train
sub-05,68,stimulus_68,1,0,train
sub-05,69,stimulus_69,2,1,train
sub-05,70,stimulus_70,1,0,train
sub-05,71,stimulus_71,0,0,train
sub-05,72,stimulus_72,1,0,train
sub-05,73,stimulus_73,0,1,train
sub-05,74,stimulus_74,3,2,train
sub-05,75,stimulus_75,2,1,train
sub-05,76,stimulus_76,1,1,val
sub-05,77,stimulus_77,1,0,train
sub-05,78,stimulus_78,3,1,train
sub-05,79,stimulus_79,0,0,train
sub-05,80,stimulus_80,1,1,train
sub-05,81,stimulus_81,0,2,train
sub-05,82,stimulus_82,2,1,train
sub-05,83,stimulus_83,3,0,train
sub-05,84,stimulus_84,2,1,train
sub-05,85,stimulus_85,2,1,train
sub-05,86,stimulus_86,1,1,train
sub-05,87,stimulus_87,3,1,train
sub-05,88,stimulus_88,2,1,train
sub-05,89,stimulus_89,0,1,train
sub-05,90,stimulus_90,3,1,train
sub-05,91,stimulus_91,2,1,train
sub-05,92,stimulus_92,2,1,train
sub-05,93,stimulus_93,1,2,train
sub-05,94,stimulus_94,3,0,test
sub-05,95,stimulus_95,0,1,val
sub-05,96,stimulus_96,0,3,train
sub-05,97,stimulus_97,1,2,train
sub-05,98,stimulus_98,3,1,train
sub-05,99,stimulus_99,1,2,val
sub-05,100,stimulus_100,3,3,train
sub-05,101,stimulus_101,3,3,train
sub-05,102,stimulus_102,3,2,train
sub-05,103,stimulus_103,1,0,train
sub-05,104,stimulus_104,0,0,train
sub-05,105,stimulus_105,1,1,train
sub-05,106,stimulus_106,1,0,train
sub-05,107,stimulus_107,0,1,train
sub-05,108,stimulus_108,2,2,train
sub-05,109,stimulus_109,0,2,val
sub-05,110,stimulus_110,3,1,train
sub-05,111,stimulus_111,3,2,train
sub-05,112,stimulus_112,2,3,train
sub-05,113,stimulus_113,3,1,test
sub-05,114,stimulus_114,2,1,train
sub-05,115,stimulus_115,1,2,train
sub-05,116,stimulus_116,3,1,train
sub-05,117,stimulus_117,1,0,train
sub-05,118,stimulus_118,1,1,val
sub-05,119,stimulus_119,0,1,train
sub-05,120,stimulus_120,2,0,train
sub-05,121,stimulus_121,2,1,train
sub-05,122,stimulus_122,1,1,train
sub-05,123,stimulus_123,3,1,test
sub-05,124,stimulus_124,0,0,train
sub-05,125,stimulus_125,3,2,train
sub-05,126,stimulus_126,3,2,train
sub-05,127,stimulus_127,0,3,train
sub-05,128,stimulus_128,0,1,train
sub-05,129,stimulus_129,0,2,train
sub-05,130,stimulus_130,2,2,train
sub-05,131,stimulus_131,2,0,train
sub-05,132,stimulus_132,0,0,train
sub-05,133,stimulus_133,0,0,train
sub-05,134,stimulus_134,1,2,train
sub-05,135,stimulus_135,0,0,train
sub-05,136,stimulus_136,0,0,train
sub-05,137,stimulus_137,0,0,train
sub-05,138,stimulus_138,1,0,val
sub-05,139,stimulus_139,1,1,train
sub-05,140,stimulus_140,2,3,train
sub-05,141,stimulus_141,0,0,train
sub-05,142,stimulus_142,2,0,train
sub-05,143,stimulus_143,1,0,train
sub-05,144,stimulus_144,1,0,test
sub-05,145,stimulus_145,1,3,train
sub-05,146,stimulus_146,3,3,test
sub-05,147,stimulus_147,2,2,train
sub-05,148,stimulus_148,1,3,train
sub-05,149,stimulus_149,3,2,train
sub-05,150,stimulus_150,2,2,test
sub-05,151,stimulus_151,3,2,train
sub-05,152,stimulus_152,3,3,train
sub-05,153,stimulus_153,0,0,train
sub-05,154,stimulus_154,0,0,val
sub-05,155,stimulus_155,1,0,val
sub-05,156,stimulus_156,1,3,train
sub-05,157,stimulus_157,1,3,train
sub-05,158,stimulus_158,0,1,train
sub-05,159,stimulus_159,0,1,train
sub-05,160,stimulus_160,1,2,train
sub-05,161,stimulus_161,3,2,train
sub-05,162,stimulus_162,3,3,train
sub-05,163,stimulus_163,3,3,train
sub-05,164,stimulus_164,3,1,train
sub-05,165,stimulus_165,3,2,train
sub-05,166,stimulus_166,0,2,train
sub-05,167,stimulus_167,3,3,test
sub-05,168,stimulus_168,2,0,train
sub-05,169,stimulus_169,1,1,train
sub-05,170,stimulus_170,0,3,val
sub-05,171,stimulus_171,2,2,train
sub-05,172,stimulus_172,3,1,train
sub-05,173,stimulus_173,2,2,train
sub-05,174,stimulus_174,1,1,train
sub-05,175,stimulus_175,2,3,train
sub-05,176,stimulus_176,3,3,train
sub-05,177,stimulus_177,2,2,val
sub-05,178,stimulus_178,2,0,train
sub-05,179,stimulus_179,1,0,train
sub-05,180,stimulus_180,2,2,train
sub-05,181,stimulus_181,0,1,train
sub-05,182,stimulus_182,3,3,train
sub-05,183,stimulus_183,2,3,train
sub-05,184,stimulus_184,3,3,val
sub-05,185,stimulus_185,2,3,train
sub-05,186,stimulus_186,0,0,train
sub-05,187,stimulus_187,0,0,train
sub-05,188,stimulus_188,3,1,train
sub-05,189,stimulus_189,0,3,train
sub-05,190,stimulus_190,0,2,train
sub-05,191,stimulus_191,3,2,train
sub-05,192,stimulus_192,3,3,train
sub-05,193,stimulus_193,2,1,train
sub-05,194,stimulus_194,2,0,train
sub-05,195,stimulus_195,0,1,train
sub-05,196,stimulus_196,3,2,train
sub-05,197,stimulus_197,0,3,train
sub-05,198,stimulus_198,3,0,train
sub-05,199,stimulus_199,2,2,train
sub-05,200,stimulus_200,2,3,train
sub-05,201,stimulus_201,2,1,val
sub-05,202,stimulus_202,1,3,train
sub-05,203,stimulus_203,1,0,train
sub-05,204,stimulus_204,3,1,train
sub-05,205,stimulus_205,3,3,train
sub-05,206,stimulus_206,3,3,train
sub-05,207,stimulus_207,3,3,test
sub-05,208,stimulus_208,0,1,train
sub-05,209,stimulus_209,1,2,train
sub-05,210,stimulus_210,1,2,train
sub-05,211,stimulus_211,0,1,train
sub-05,212,stimulus_212,1,1,train
sub-05,213,stimulus_213,0,1,train
sub-05,214,stimulus_214,0,0,train
sub-05,215,stimulus_215,3,3,train
sub-05,216,stimulus_216,0,2,train
sub-05,217,stimulus_217,3,3,val
sub-05,218,stimulus_218,0,2,val
sub-05,219,stimulus_219,3,3,train
sub-05,220,stimulus_220,2,3,train
sub-05,221,stimulus_221,1,2,train
sub-05,222,stimulus_222,0,3,train
sub-05,223,stimulus_223,0,3,train
sub-05,224,stimulus_224,2,2,val
sub-05,225,stimulus_225,0,0,train
sub-05,226,stimulus_226,0,0,train
sub-05,227,stimulus_227,2,1,train
sub-05,228,stimulus_228,3,3,test
sub-05,229,stimulus_229,2,3,train
sub-05,230,stimulus_230,3,3,val
sub-05,231,stimulus_231,1,3,train
sub-05,232,stimulus_232,3,3,train
sub-05,233,stimulus_233,1,3,train
sub-05,234,stimulus_234,0,3,train
sub-05,235,stimulus_235,0,1,val
sub-05,236,stimulus_236,0,0,train
sub-05,237,stimulus_237,3,3,train
sub-05,238,stimulus_238,0,3,train
sub-05,239,stimulus_239,1,3,train
sub-05,240,stimulus_240,0,2,train
sub-05,241,stimulus_241,2,1,train
sub-05,242,stimulus_242,1,1,val
sub-05,243,stimulus_243,0,1,train
sub-05,244,stimulus_244,0,1,train
sub-05,245,stimulus_245,2,1,train
sub-05,246,stimulus_246,2,2,train
sub-05,247,stimulus_247,2,1,train
sub-05,248,stimulus_248,2,3,train
sub-05,249,stimulus_249,0,2,train
sub-05,250,stimulus_250,1,1,train
sub-05,251,stimulus_251,3,3,train
sub-05,252,stimulus_252,0,1,train
sub-05,253,stimulus_253,3,3,test
sub-05,254,stimulus_254,1,1,val
sub-05,255,stimulus_255,3,0,train
sub-05,256,stimulus_256,3,3,train
sub-05,257,stimulus_257,2,1,train
sub-05,258,stimulus_258,3,3,val
sub-05,259,stimulus_259,0,3,train
sub-05,260,stimulus_260,3,3,train
sub-05,261,stimulus_261,3,3,train
sub-05,262,stimulus_262,1,3,train
sub-05,263,stimulus_263,2,0,train
sub-05,264,stimulus_264,3,3,test
sub-05,265,stimulus_265,2,1,train
sub-05,266,stimulus_266,0,3,train
sub-05,267,stimulus_267,3,1,train
sub-05,268,stimulus_268,0,0,val
sub-05,269,stimulus_269,0,3,val
sub-05,270,stimulus_270,1,3,train
sub-05,271,stimulus_271,0,3,train
sub-05,272,stimulus_272,1,2,train
sub-05,273,stimulus_273,3,3,train
sub-05,274,stimulus_274,3,0,train
sub-05,275,stimulus_275,3,3,train
sub-05,276,stimulus_276,0,1,train
sub-05,277,stimulus_277,3,2,train
sub-05,278,stimulus_278,0,0,train
sub-05,279,stimulus_279,0,0,val
sub-05,280,stimulus_280,2,3,test
sub-05,281,stimulus_281,2,3,train
sub-05,282,stimulus_282,1,0,train
sub-05,283,stimulus_283,1,2,train
sub-05,284,stimulus_284,2,1,train
sub-05,285,stimulus_285,1,0,test
sub-05,286,stimulus_286,2,2,train
sub-05,287,stimulus_287,2,3,train
sub-05,288,stimulus_288,0,0,train
sub-05,289,stimulus_289,3,3,train
sub-05,290,stimulus_290,2,0,train
sub-05,291,stimulus_291,3,3,train
sub-05,292,stimulus_292,3,2,train
sub-05,293,stimulus_293,3,2,train
sub-05,294,stimulus_294,2,2,test
sub-05,295,stimulus_295,3,3,train
sub-05,296,stimulus_296,3,1,train
sub-05,297,stimulus_297,3,1,train
sub-05,298,stimulus_298,2,0,train
sub-05,299,stimulus_299,0,0,train
sub-05,300,stimulus_300,1,0,train
sub-05,301,stimulus_301,3,1,train
sub-05,302,stimulus_302,2,3,train
sub-05,303,stimulus_303,2,1,train
sub-05,304,stimulus_304,3,1,train
sub-05,305,stimulus_305,2,0,train
sub-05,306,stimulus_306,0,0,train
sub-05,307,stimulus_307,3,2,train
sub-05,308,stimulus_308,0,3,train
sub-05,309,stimulus_309,2,3,train
sub-05,310,stimulus_310,2,2,train
sub-05,311,stimulus_311,2,2,train
sub-05,312,stimulus_312,0,2,train
sub-05,313,stimulus_313,1,2,train
sub-05,314,stimulus_314,2,2,train
sub-05,315,stimulus_315,3,1,train
sub-05,316,stimulus_316,0,3,train
sub-05,317,stimulus_317,3,3,train
sub-05,318,stimulus_318,1,2,val
sub-05,319,stimulus_319,3,1,train
sub-05,320,stimulus_320,3,3,train
sub-05,321,stimulus_321,3,3,val
sub-05,322,stimulus_322,3,2,train
sub-05,323,stimulus_323,3,2,train
sub-05,324,stimulus_324,1,3,train
sub-05,325,stimulus_325,3,3,train
sub-05,326,stimulus_326,1,0,train
sub-05,327,stimulus_327,2,3,train
sub-05,328,stimulus_328,3,3,train
sub-05,329,stimulus_329,0,2,train
sub-05,330,stimulus_330,2,3,train
sub-05,331,stimulus_331,3,2,val
sub-05,332,stimulus_332,0,2,train
sub-05,333,stimulus_333,1,1,train
sub-05,334,stimulus_334,1,1,train
sub-05,335,stimulus_335,0,0,train
sub-05,336,stimulus_336,2,3,test
sub-05,337,stimulus_337,3,3,val
sub-05,338,stimulus_338,1,3,train
sub-05,339,stimulus_339,3,0,val
sub-05,340,stimulus_340,1,0,train
sub-05,341,stimulus_341,1,1,train
sub-05,342,stimulus_342,2,2,train
sub-05,343,stimulus_343,2,1,train
sub-05,344,stimulus_344,3,0,train
sub-05,345,stimulus_345,0,1,train
sub-05,346,stimulus_346,2,1,val
sub-05,347,stimulus_347,2,3,train
sub-05,348,stimulus_348,3,0,train
sub-05,349,stimulus_349,2,3,train
sub-05,350,stimulus_350,1,0,test
sub-05,351,stimulus_351,1,0,train
sub-05,352,stimulus_352,0,1,train
sub-05,353,stimulus_353,3,3,train
sub-05,354,stimulus_354,3,0,train
sub-05,355,stimulus_355,0,3,train
sub-05,356,stimulus_356,3,2,train
sub-05,357,stimulus_357,2,2,train
sub-05,358,stimulus_358,3,3,train
sub-05,359,stimulus_359,1,2,train
sub-05,360,stimulus_360,2,0,train
sub-05,361,stimulus_361,2,0,train
sub-05,362,stimulus_362,3,2,train
sub-05,363,stimulus_363,0,1,train
sub-05,364,stimulus_364,0,2,train
sub-05,365,stimulus_365,3,2,train
sub-05,366,stimulus_366,3,2,train
sub-05,367,stimulus_367,1,1,train
sub-05,368,stimulus_368,2,0,train
sub-05,369,stimulus_369,2,1,train
sub-05,370,stimulus_370,1,2,train
sub-05,371,stimulus_371,1,0,train
sub-05,372,stimulus_372,1,2,train
sub-05,373,stimulus_373,1,1,val
sub-05,374,stimulus_374,0,1,val
sub-05,375,stimulus_375,1,3,train
sub-05,376,stimulus_376,1,1,train
sub-05,377,stimulus_377,0,2,train
sub-05,378,stimulus_378,1,0,train
sub-05,379,stimulus_379,0,1,test
sub-05,380,stimulus_380,3,3,train
sub-05,381,stimulus_381,3,2,train
sub-05,382,stimulus_382,1,0,train
sub-05,383,stimulus_383,0,1,train
sub-05,384,stimulus_384,0,1,train
sub-05,385,stimulus_385,1,3,val
sub-05,386,stimulus_386,2,0,train
sub-05,387,stimulus_387,0,1,test
sub-05,388,stimulus_388,3,2,train
sub-05,389,stimulus_389,0,3,test
sub-05,390,stimulus_390,1,0,train
sub-05,391,stimulus_391,3,3,train
sub-05,392,stimulus_392,3,2,train
sub-05,393,stimulus_393,0,0,train
sub-05,394,stimulus_394,2,1,train
sub-05,395,stimulus_395,1,3,train
sub-05,396,stimulus_396,3,1,test
sub-05,397,stimulus_397,2,0,train
sub-05,398,stimulus_398,1,0,test
sub-05,399,stimulus_399,2,0,train
sub-05,400,stimulus_400,3,2,test
sub-05,401,stimulus_401,1,1,train
sub-05,402,stimulus_402,2,1,train
sub-05,403,stimulus_403,3,0,val
sub-05,404,stimulus_404,2,1,train
sub-05,405,stimulus_405,3,0,test
sub-05,406,stimulus_406,0,0,train
sub-05,407,stimulus_407,2,0,train
sub-05,408,stimulus_408,1,1,train
sub-05,409,stimulus_409,3,3,train
sub-05,410,stimulus_410,3,0,train
sub-05,411,stimulus_411,3,3,train
sub-05,412,stimulus_412,2,1,train
sub-05,413,stimulus_413,3,0,train
sub-05,414,stimulus_414,0,0,train
sub-05,415,stimulus_415,2,0,train
sub-05,416,stimulus_416,2,1,train
sub-05,417,stimulus_417,0,3,train
sub-05,418,stimulus_418,3,0,train
sub-05,419,stimulus_419,1,3,val
sub-05,420,stimulus_420,3,2,train
sub-05,421,stimulus_421,3,0,train
sub-05,422,stimulus_422,0,3,train
sub-05,423,stimulus_423,0,1,train
sub-05,424,stimulus_424,1,1,train
sub-05,425,stimulus_425,3,2,train
sub-05,426,stimulus_426,3,3,train
sub-05,427,stimulus_427,2,1,train
sub-05,428,stimulus_428,1,2,train
sub-05,429,stimulus_429,3,3,train
sub-05,430,stimulus_430,2,3,train
sub-05,431,stimulus_431,3,3,train
sub-05,432,stimulus_432,3,3,val
sub-05,433,stimulus_433,2,3,train
sub-05,434,stimulus_434,0,1,train
sub-05,435,stimulus_435,0,2,val
sub-05,436,stimulus_436,0,2,train
sub-05,437,stimulus_437,0,2,train
sub-05,438,stimulus_438,3,0,test
sub-05,439,stimulus_439,0,1,train
sub-05,440,stimulus_440,1,0,train
sub-05,441,stimulus_441,0,0,train
sub-05,442,stimulus_442,1,3,train
sub-05,443,stimulus_443,0,2,train
sub-05,444,stimulus_444,0,1,train
sub-05,445,stimulus_445,3,3,test
sub-05,446,stimulus_446,3,1,train
sub-05,447,stimulus_447,2,2,train
sub-05,448,stimulus_448,1,3,train
sub-05,449,stimulus_449,2,2,test
sub-05,450,stimulus_450,0,2,train
sub-05,451,stimulus_451,0,3,train
sub-05,452,stimulus_452,3,3,train
sub-05,453,stimulus_453,1,0,val
sub-05,454,stimulus_454,3,2,train
sub-05,455,stimulus_455,1,0,test
sub-05,456,stimulus_456,2,2,train
sub-05,457,stimulus_457,1,1,test
sub-05,458,stimulus_458,3,3,train
sub-05,459,stimulus_459,1,2,train
sub-05,460,stimulus_460,0,3,train
sub-05,461,stimulus_461,0,3,test
sub-05,462,stimulus_462,3,2,train
sub-05,463,stimulus_463,2,1,train
sub-05,464,stimulus_464,0,0,train
sub-05,465,stimulus_465,3,3,train
sub-05,466,stimulus_466,0,1,train
sub-05,467,stimulus_467,2,2,train
sub-05,468,stimulus_468,2,1,train
sub-05,469,stimulus_469,2,3,train
sub-05,470,stimulus_470,1,1,train
sub-05,471,stimulus_471,2,1,val
sub-05,472,stimulus_472,3,2,train
sub-05,473,stimulus_473,2,2,test
sub-05,474,stimulus_474,0,3,train
sub-05,475,stimulus_475,1,2,test
sub-05,476,stimulus_476,2,3,val
sub-05,477,stimulus_477,1,1,val
sub-05,478,stimulus_478,2,3,train
sub-05,479,stimulus_479,3,1,train
sub-05,480,stimulus_480,3,3,train
sub-05,481,stimulus_481,0,2,train
sub-05,482,stimulus_482,0,2,train
sub-05,483,stimulus_483,3,1,train
sub-05,484,stimulus_484,1,1,train
sub-05,485,stimulus_485,1,1,train
sub-05,486,stimulus_486,1,1,train
sub-05,487,stimulus_487,2,3,train
sub-05,488,stimulus_488,1,0,test
sub-05,489,stimulus_489,0,3,val
sub-05,490,stimulus_490,0,1,val
sub-05,491,stimulus_491,2,1,train
sub-05,492,stimulus_492,0,0,test
sub-05,493,stimulus_493,2,1,test
sub-05,494,stimulus_494,0,1,train
sub-05,495,stimulus_495,0,0,train
sub-05,496,stimulus_496,1,2,train
sub-05,497,stimulus_497,1,1,train
sub-05,498,stimulus_498,1,1,train
sub-05,499,stimulus_499,1,2,train
sub-05,500,stimulus_500,1,3,train
sub-05,501,stimulus_501,3,3,train
sub-05,502,stimulus_502,1,1,test
sub-05,503,stimulus_503,2,3,train
sub-05,504,stimulus_504,1,3,train
sub-05,505,stimulus_505,1,1,val
sub-05,506,stimulus_506,2,3,train
sub-05,507,stimulus_507,3,1,train
sub-05,508,stimulus_508,1,0,train
sub-05,509,stimulus_509,1,2,train
sub-05,510,stimulus_510,1,0,val
sub-05,511,stimulus_511,3,3,val
sub-05,512,stimulus_512,0,0,test
sub-05,513,stimulus_513,0,0,train
sub-05,514,stimulus_514,0,0,train
sub-05,515,stimulus_515,3,1,train
sub-05,516,stimulus_516,3,3,train
sub-05,517,stimulus_517,1,3,train
sub-05,518,stimulus_518,3,0,val
sub-05,519,stimulus_519,3,0,train
sub-05,520,stimulus_520,2,1,train
sub-05,521,stimulus_521,3,1,train
sub-05,522,stimulus_522,0,3,train
sub-05,523,stimulus_523,1,0,train
sub-05,524,stimulus_524,0,3,train
sub-05,525,stimulus_525,2,1,test
sub-05,526,stimulus_526,2,2,train
sub-05,527,stimulus_527,2,0,train
sub-05,528,stimulus_528,3,0,train
sub-05,529,stimulus_529,0,0,train
sub-05,530,stimulus_530,3,2,train
sub-05,531,stimulus_531,3,2,train
sub-05,532,stimulus_532,0,0,train
sub-05,533,stimulus_533,1,3,train
sub-05,534,stimulus_534,3,3,train
sub-05,535,stimulus_535,3,1,train
sub-05,536,stimulus_536,0,3,train
sub-05,537,stimulus_537,2,2,train
sub-05,538,stimulus_538,2,2,test
sub-05,539,stimulus_539,3,3,train
sub-05,540,stimulus_540,3,3,test
sub-05,541,stimulus_541,2,1,val
sub-05,542,stimulus_542,2,0,train
sub-05,543,stimulus_543,3,1,train
sub-05,544,stimulus_544,1,2,train
sub-05,545,stimulus_545,2,1,train
sub-05,546,stimulus_546,2,3,train
sub-05,547,stimulus_547,0,1,train
sub-05,548,stimulus_548,0,1,train
sub-05,549,stimulus_549,2,1,train
sub-05,550,stimulus_550,2,3,train
sub-05,551,stimulus_551,0,0,train
sub-05,552,stimulus_552,1,0,train
sub-05,553,stimulus_553,3,2,train
sub-05,554,stimulus_554,0,0,train
sub-05,555,stimulus_555,3,3,train
sub-05,556,stimulus_556,1,0,train
sub-05,557,stimulus_557,1,1,train
sub-05,558,stimulus_558,0,3,train
sub-05,559,stimulus_559,1,1,train
sub-05,560,stimulus_560,3,2,train
sub-05,561,stimulus_561,3,2,train
sub-05,562,stimulus_562,2,1,train
sub-05,563,stimulus_563,0,0,test
sub-05,564,stimulus_564,0,0,test
sub-05,565,stimulus_565,0,1,train
sub-05,566,stimulus_566,0,2,test
sub-05,567,stimulus_567,2,3,train
sub-05,568,stimulus_568,1,3,train
sub-05,569,stimulus_569,1,0,train
sub-05,570,stimulus_570,3,3,train
sub-05,571,stimulus_571,3,1,train
sub-05,572,stimulus_572,1,2,train
sub-05,573,stimulus_573,3,1,train
sub-05,574,stimulus_574,3,3,train
sub-05,575,stimulus_575,1,2,train
sub-05,576,stimulus_576,3,3,train
sub-05,577,stimulus_577,3,0,train
sub-05,578,stimulus_578,2,1,train
sub-05,579,stimulus_579,3,2,train
sub-05,580,stimulus_580,2,1,train
sub-05,581,stimulus_581,2,0,train
sub-05,582,stimulus_582,1,0,train
sub-05,583,stimulus_583,1,1,train
sub-05,584,stimulus_584,3,0,train
sub-05,585,stimulus_585,1,1,train
sub-05,586,stimulus_586,1,0,train
sub-05,587,stimulus_587,2,1,val
sub-05,588,stimulus_588,0,1,train
sub-05,589,stimulus_589,1,3,train
sub-05,590,stimulus_590,3,0,train
sub-05,591,stimulus_591,3,1,train
sub-05,592,stimulus_592,2,1,train
sub-05,593,stimulus_593,3,2,train
sub-05,594,stimulus_594,1,1,train
sub-05,595,stimulus_595,0,3,train
sub-05,596,stimulus_596,0,0,train
sub-05,597,stimulus_597,3,3,train
sub-05,598,stimulus_598,1,3,train
sub-05,599,stimulus_599,1,3,train
sub-05,600,stimulus_600,1,0,train
sub-05,601,stimulus_601,1,1,train
sub-05,602,stimulus_602,1,1,train
sub-05,603,stimulus_603,1,3,train
sub-05,604,stimulus_604,0,3,train
sub-05,605,stimulus_605,3,1,test
sub-05,606,stimulus_606,0,3,train
sub-05,607,stimulus_607,1,1,test
sub-05,608,stimulus_608,1,2,train
sub-05,609,stimulus_609,3,3,train
sub-05,610,stimulus_610,1,0,train
sub-05,611,stimulus_611,0,2,train
sub-05,612,stimulus_612,2,3,train
sub-05,613,stimulus_613,2,2,val
sub-05,614,stimulus_614,1,2,train
sub-05,615,stimulus_615,0,1,train
sub-05,616,stimulus_616,3,2,train
sub-05,617,stimulus_617,3,1,train
sub-05,618,stimulus_618,3,1,train
sub-05,619,stimulus_619,2,2,train
sub-05,620,stimulus_620,2,0,train
sub-05,621,stimulus_621,2,2,train
sub-05,622,stimulus_622,2,0,train
sub-05,623,stimulus_623,1,1,train
sub-05,624,stimulus_624,1,1,test
sub-05,625,stimulus_625,3,1,train
sub-05,626,stimulus_626,2,3,val
sub-05,627,stimulus_627,3,3,train
sub-05,628,stimulus_628,3,0,train
sub-05,629,stimulus_629,1,1,train
sub-05,630,stimulus_630,3,3,train
sub-05,631,stimulus_631,2,1,train
sub-05,632,stimulus_632,0,1,train
sub-05,633,stimulus_633,1,1,train
sub-05,634,stimulus_634,0,2,train
sub-05,635,stimulus_635,3,1,train
sub-05,636,stimulus_636,2,0,test
sub-05,637,stimulus_637,3,2,train
sub-05,638,stimulus_638,3,2,train
sub-05,639,stimulus_639,2,1,train
sub-05,640,stimulus_640,3,1,train
sub-05,641,stimulus_641,3,3,val
sub-05,642,stimulus_642,2,3,val
sub-05,643,stimulus_643,0,1,train
sub-05,644,stimulus_644,0,0,train
sub-05,645,stimulus_645,3,3,val
sub-05,646,stimulus_646,0,3,train
sub-05,647,stimulus_647,0,3,val
sub-05,648,stimulus_648,2,3,train
sub-05,649,stimulus_649,2,3,test
sub-05,650,stimulus_650,2,1,train
sub-05,651,stimulus_651,2,2,train
sub-05,652,stimulus_652,0,0,train
sub-05,653,stimulus_653,2,2,test
sub-05,654,stimulus_654,2,1,train
sub-05,655,stimulus_655,2,3,train
sub-05,656,stimulus_656,2,2,test
sub-05,657,stimulus_657,2,1,test
sub-05,658,stimulus_658,1,0,train
sub-05,659,stimulus_659,2,1,train
sub-05,660,stimulus_660,3,2,train
sub-05,661,stimulus_661,1,1,train
sub-05,662,stimulus_662,3,3,train
sub-05,663,stimulus_663,2,2,train
sub-05,664,stimulus_664,1,1,val
sub-05,665,stimulus_665,1,0,train
sub-05,666,stimulus_666,3,2,train
sub-05,667,stimulus_667,0,0,val
sub-05,668,stimulus_668,0,0,val
sub-05,669,stimulus_669,2,2,train
sub-05,670,stimulus_670,3,1,train
sub-05,671,stimulus_671,2,0,train
sub-05,672,stimulus_672,2,2,val
sub-05,673,stimulus_673,0,0,train
sub-05,674,stimulus_674,0,3,train
sub-05,675,stimulus_675,2,3,train
sub-05,676,stimulus_676,3,3,train
sub-05,677,stimulus_677,1,2,test
sub-05,678,stimulus_678,3,2,train
sub-05,679,stimulus_679,1,0,train
sub-05,680,stimulus_680,3,2,train
sub-05,681,stimulus_681,0,1,train
sub-05,682,stimulus_682,3,1,test
sub-05,683,stimulus_683,3,2,train
sub-05,684,stimulus_684,1,2,train
sub-05,685,stimulus_685,2,2,train
sub-05,686,stimulus_686,1,3,train
sub-05,687,stimulus_687,1,1,train
sub-05,688,stimulus_688,3,3,test
sub-05,689,stimulus_689,2,1,train
sub-05,690,stimulus_690,0,3,train
sub-05,691,stimulus_691,2,0,train
sub-05,692,stimulus_692,1,0,train
sub-05,693,stimulus_693,0,0,train
sub-05,694,stimulus_694,1,0,train
sub-05,695,stimulus_695,1,0,train
sub-05,696,stimulus_696,1,0,train
sub-05,697,stimulus_697,1,0,train
sub-05,698,stimulus_698,0,3,train
sub-05,699,stimulus_699,0,2,train
sub-05,700,stimulus_700,1,0,train
sub-05,701,stimulus_701,2,3,train
sub-05,702,stimulus_702,3,1,train
sub-05,703,stimulus_703,1,0,train
sub-05,704,stimulus_704,2,0,val
sub-05,705,stimulus_705,2,1,train
sub-05,706,stimulus_706,0,3,train
sub-05,707,stimulus_707,0,0,train
sub-05,708,stimulus_708,3,2,train
sub-05,709,stimulus_709,2,3,val
sub-05,710,stimulus_710,2,0,val
sub-05,711,stimulus_711,2,1,train
sub-05,712,stimulus_712,3,3,train
sub-05,713,stimulus_713,0,0,train
sub-05,714,stimulus_714,2,1,val
sub-05,715,stimulus_715,3,0,train
sub-05,716,stimulus_716,1,0,train
sub-05,717,stimulus_717,0,1,train
sub-05,718,stimulus_718,2,0,test
sub-05,719,stimulus_719,0,3,train
sub-05,720,stimulus_720,0,1,train
sub-05,721,stimulus_721,2,2,train
sub-05,722,stimulus_722,1,2,train
sub-05,723,stimulus_723,1,0,train
sub-05,724,stimulus_724,0,2,train
sub-05,725,stimulus_725,3,1,train
sub-05,726,stimulus_726,1,0,train
sub-05,727,stimulus_727,0,1,train
sub-05,728,stimulus_728,2,0,train
sub-05,729,stimulus_729,1,0,test
sub-05,730,stimulus_730,0,2,train
sub-05,731,stimulus_731,1,2,train
sub-05,732,stimulus_732,2,3,val
sub-05,733,stimulus_733,1,1,train
sub-05,734,stimulus_734,1,2,train
sub-05,735,stimulus_735,1,0,train
sub-05,736,stimulus_736,0,2,train
sub-05,737,stimulus_737,2,1,train
sub-05,738,stimulus_738,1,2,train
sub-05,739,stimulus_739,3,2,train
sub-05,740,stimulus_740,1,0,val
sub-05,741,stimulus_741,1,1,test
sub-05,742,stimulus_742,2,2,train
sub-05,743,stimulus_743,3,0,train
sub-05,744,stimulus_744,0,2,train
sub-05,745,stimulus_745,3,3,train
sub-05,746,stimulus_746,0,1,train
sub-05,747,stimulus_747,1,0,train
sub-05,748,stimulus_748,1,0,val
sub-05,749,stimulus_749,3,3,train
sub-05,750,stimulus_750,0,3,val
sub-05,751,stimulus_751,3,1,test
sub-05,752,stimulus_752,1,0,train
sub-05,753,stimulus_753,3,3,train
sub-05,754,stimulus_754,1,2,val
sub-05,755,stimulus_755,2,2,train
sub-05,756,stimulus_756,0,1,train
sub-05,757,stimulus_757,3,1,train
sub-05,758,stimulus_758,1,0,train
sub-05,759,stimulus_759,0,1,val
sub-05,760,stimulus_760,0,2,train
sub-05,761,stimulus_761,1,2,val
sub-05,762,stimulus_762,3,2,train
sub-05,763,stimulus_763,2,0,train
sub-05,764,stimulus_764,1,3,train
sub-05,765,stimulus_765,1,2,train
sub-05,766,stimulus_766,3,2,train
sub-05,767,stimulus_767,0,1,test
sub-05,768,stimulus_768,0,1,train
sub-05,769,stimulus_769,3,1,test
sub-05,770,stimulus_770,1,1,val
sub-05,771,stimulus_771,3,1,train
sub-05,772,stimulus_772,3,3,train
sub-05,773,stimulus_773,3,1,train
sub-05,774,stimulus_774,2,3,test
sub-05,775,stimulus_775,3,2,train
sub-05,776,stimulus_776,0,3,val
sub-05,777,stimulus_777,0,3,train
sub-05,778,stimulus_778,0,1,train
sub-05,779,stimulus_779,3,0,train
sub-05,780,stimulus_780,3,1,train
sub-05,781,stimulus_781,0,0,train
sub-05,782,stimulus_782,1,3,train
sub-05,783,stimulus_783,1,1,train
sub-05,784,stimulus_784,2,1,val
sub-05,785,stimulus_785,2,3,train
sub-05,786,stimulus_786,3,0,train
sub-05,787,stimulus_787,1,1,train
sub-05,788,stimulus_788,3,3,train
sub-05,789,stimulus_789,3,2,train
sub-05,790,stimulus_790,0,3,train
sub-05,791,stimulus_791,1,0,val
sub-05,792,stimulus_792,0,2,train
sub-05,793,stimulus_793,1,0,train
sub-05,794,stimulus_794,2,1,train
sub-05,795,stimulus_795,3,1,train
sub-05,796,stimulus_796,2,3,train
sub-05,797,stimulus_797,1,1,train
sub-05,798,stimulus_798,3,3,val
sub-05,799,stimulus_799,3,2,train
sub-05,800,stimulus_800,3,1,train
sub-05,801,stimulus_801,2,2,test
sub-05,802,stimulus_802,2,2,val
sub-05,803,stimulus_803,0,0,train
sub-05,804,stimulus_804,0,0,train
sub-05,805,stimulus_805,1,1,val
sub-05,806,stimulus_806,1,0,val
sub-05,807,stimulus_807,2,1,train
sub-05,808,stimulus_808,0,3,train
sub-05,809,stimulus_809,0,0,train
sub-05,810,stimulus_810,1,0,train
sub-05,811,stimulus_811,0,2,train
sub-05,812,stimulus_812,1,2,train
sub-05,813,stimulus_813,0,2,train
sub-05,814,stimulus_814,1,2,train
sub-05,815,stimulus_815,1,0,train
sub-05,816,stimulus_816,1,2,test
sub-05,817,stimulus_817,2,3,train
sub-05,818,stimulus_818,1,0,train
sub-05,819,stimulus_819,1,3,train
sub-05,820,stimulus_820,3,3,train
sub-05,821,stimulus_821,0,0,train
sub-05,822,stimulus_822,2,3,train
sub-05,823,stimulus_823,1,1,train
sub-05,824,stimulus_824,1,2,test
sub-05,825,stimulus_825,2,3,train
sub-05,826,stimulus_826,0,0,val
sub-05,827,stimulus_827,0,2,val
sub-05,828,stimulus_828,3,3,train
sub-05,829,stimulus_829,0,1,train
sub-05,830,stimulus_830,3,2,train
sub-05,831,stimulus_831,1,2,val
sub-05,832,stimulus_832,3,3,train
sub-05,833,stimulus_833,2,3,train
sub-05,834,stimulus_834,0,2,test
sub-05,835,stimulus_835,1,2,train
sub-05,836,stimulus_836,0,0,test
sub-05,837,stimulus_837,2,2,train
sub-05,838,stimulus_838,3,3,val
sub-05,839,stimulus_839,0,1,train
sub-05,840,stimulus_840,3,3,train
sub-05,841,stimulus_841,0,0,train
sub-05,842,stimulus_842,3,3,train
sub-05,843,stimulus_843,1,2,train
sub-05,844,stimulus_844,1,2,train
sub-05,845,stimulus_845,0,3,train
sub-05,846,stimulus_846,1,2,train
sub-05,847,stimulus_847,2,2,train
sub-05,848,stimulus_848,3,1,train
sub-05,849,stimulus_849,0,0,test
sub-05,850,stimulus_850,0,0,train
sub-05,851,stimulus_851,2,2,train
sub-05,852,stimulus_852,2,3,train
sub-05,853,stimulus_853,1,1,val
sub-05,854,stimulus_854,1,1,test
sub-05,855,stimulus_855,0,1,test
sub-05,856,stimulus_856,0,2,train
sub-05,857,stimulus_857,0,0,train
sub-05,858,stimulus_858,3,1,train
sub-05,859,stimulus_859,3,1,train
sub-05,860,stimulus_860,1,0,train
sub-05,861,stimulus_861,0,2,test
sub-05,862,stimulus_862,2,2,train
sub-05,863,stimulus_863,0,0,train
sub-05,864,stimulus_864,2,0,train
sub-05,865,stimulus_865,0,2,train
sub-05,866,stimulus_866,0,3,train
sub-05,867,stimulus_867,1,0,train
sub-05,868,stimulus_868,3,1,train
sub-05,869,stimulus_869,0,3,train
sub-05,870,stimulus_870,2,0,train
sub-05,871,stimulus_871,1,3,val
sub-05,872,stimulus_872,1,0,train
sub-05,873,stimulus_873,1,0,train
sub-05,874,stimulus_874,0,1,train
sub-05,875,stimulus_875,2,3,train
sub-05,876,stimulus_876,0,0,train
sub-05,877,stimulus_877,0,0,train
sub-05,878,stimulus_878,2,1,train
sub-05,879,stimulus_879,2,2,test
sub-05,880,stimulus_880,3,0,train
sub-05,881,stimulus_881,1,1,train
sub-05,882,stimulus_882,1,1,train
sub-05,883,stimulus_883,2,2,val
sub-05,884,stimulus_884,3,1,train
sub-05,885,stimulus_885,1,2,val
sub-05,886,stimulus_886,0,2,test
sub-05,887,stimulus_887,0,3,train
sub-05,888,stimulus_888,0,0,train
sub-05,889,stimulus_889,0,2,train
sub-05,890,stimulus_890,1,3,train
sub-05,891,stimulus_891,2,0,val
sub-05,892,stimulus_892,3,2,train
sub-05,893,stimulus_893,2,1,train
sub-05,894,stimulus_894,3,2,train
sub-05,895,stimulus_895,1,2,train
sub-05,896,stimulus_896,3,2,val
sub-05,897,stimulus_897,3,3,test
sub-05,898,stimulus_898,3,1,train
sub-05,899,stimulus_899,3,3,train
sub-05,900,stimulus_900,1,3,train
sub-05,901,stimulus_901,1,1,train
sub-05,902,stimulus_902,2,0,train
sub-05,903,stimulus_903,2,1,val
sub-05,904,stimulus_904,3,0,train
sub-05,905,stimulus_905,0,1,train
sub-05,906,stimulus_906,3,2,train
sub-05,907,stimulus_907,1,1,train
sub-05,908,stimulus_908,1,2,train
sub-05,909,stimulus_909,0,0,test
sub-05,910,stimulus_910,1,0,train
sub-05,911,stimulus_911,0,0,train
sub-05,912,stimulus_912,2,0,train
sub-05,913,stimulus_913,1,1,val
sub-05,914,stimulus_914,0,1,train
sub-05,915,stimulus_915,3,3,train
sub-05,916,stimulus_916,3,3,train
sub-05,917,stimulus_917,1,0,train
sub-05,918,stimulus_918,3,2,train
sub-05,919,stimulus_919,3,3,val
sub-05,920,stimulus_920,3,3,test
sub-05,921,stimulus_921,3,3,val
sub-05,922,stimulus_922,2,2,train
sub-05,923,stimulus_923,3,3,train
sub-05,924,stimulus_924,1,0,train
sub-05,925,stimulus_925,0,2,test
sub-05,926,stimulus_926,0,0,train
sub-05,927,stimulus_927,3,1,train
sub-05,928,stimulus_928,2,0,test
sub-05,929,stimulus_929,0,1,train
sub-05,930,stimulus_930,2,3,train
sub-05,931,stimulus_931,3,2,train
sub-05,932,stimulus_932,3,3,train
sub-05,933,stimulus_933,2,3,train
sub-05,934,stimulus_934,3,1,val
sub-05,935,stimulus_935,0,3,train
sub-05,936,stimulus_936,3,2,train
sub-05,937,stimulus_937,0,1,train
sub-05,938,stimulus_938,1,1,train
sub-05,939,stimulus_939,1,0,train
sub-05,940,stimulus_940,0,1,train
sub-05,941,stimulus_941,1,3,train
sub-05,942,stimulus_942,2,3,train
sub-05,943,stimulus_943,3,0,train
sub-05,944,stimulus_944,3,3,train
sub-05,945,stimulus_945,2,2,train
sub-05,946,stimulus_946,2,3,train
sub-05,947,stimulus_947,1,3,train
sub-05,948,stimulus_948,0,2,train
sub-05,949,stimulus_949,1,3,train
sub-05,950,stimulus_950,1,2,train
sub-05,951,stimulus_951,1,1,train
sub-05,952,stimulus_952,1,2,train
sub-05,953,stimulus_953,2,0,train
sub-05,954,stimulus_954,3,2,val
sub-05,955,stimulus_955,0,0,val
sub-05,956,stimulus_956,0,0,train
sub-05,957,stimulus_957,2,1,test
sub-05,958,stimulus_958,0,1,test
sub-05,959,stimulus_959,1,1,train
sub-05,960,stimulus_960,3,2,test
sub-05,961,stimulus_961,3,3,train
sub-05,962,stimulus_962,0,3,train
sub-05,963,stimulus_963,3,3,train
sub-05,964,stimulus_964,3,3,train
sub-05,965,stimulus_965,0,3,train
sub-05,966,stimulus_966,3,1,train
sub-05,967,stimulus_967,3,1,train
sub-05,968,stimulus_968,0,0,test
sub-05,969,stimulus_969,2,2,train
sub-05,970,stimulus_970,2,3,train
sub-05,971,stimulus_971,0,3,test
sub-05,972,stimulus_972,3,3,train
sub-05,973,stimulus_973,0,3,train
sub-05,974,stimulus_974,2,3,train
sub-05,975,stimulus_975,0,0,train
sub-05,976,stimulus_976,1,3,test
sub-05,977,stimulus_977,0,2,train
sub-05,978,stimulus_978,3,1,test
sub-05,979,stimulus_979,1,1,train
sub-05,980,stimulus_980,3,3,train
sub-05,981,stimulus_981,3,2,test
sub-05,982,stimulus_982,3,3,val
sub-05,983,stimulus_983,2,2,train
sub-05,984,stimulus_984,2,2,train
sub-05,985,stimulus_985,1,3,train
sub-05,986,stimulus_986,1,3,train
sub-05,987,stimulus_987,2,1,train
sub-05,988,stimulus_988,1,1,train
sub-05,989,stimulus_989,0,0,train
sub-05,990,stimulus_990,1,2,val
sub-05,991,stimulus_991,0,0,train
sub-05,992,stimulus_992,3,3,train
sub-05,993,stimulus_993,3,2,train
sub-05,994,stimulus_994,0,1,train
sub-05,995,stimulus_995,2,0,train
sub-05,996,stimulus_996,3,3,val
sub-05,997,stimulus_997,3,3,val
sub-05,998,stimulus_998,2,0,train
sub-05,999,stimulus_999,0,0,train
sub-05,1000,stimulus_1000,3,2,train
sub-05,1001,stimulus_1001,0,1,train
sub-05,1002,stimulus_1002,3,2,train
sub-05,1003,stimulus_1003,2,0,train
sub-05,1004,stimulus_1004,0,0,train
sub-05,1005,stimulus_1005,3,1,train
sub-05,1006,stimulus_1006,2,1,train
sub-05,1007,stimulus_1007,3,3,train
sub-05,1008,stimulus_1008,3,3,train
sub-05,1009,stimulus_1009,3,2,train
sub-05,1010,stimulus_1010,1,0,train
sub-05,1011,stimulus_1011,2,2,train
sub-05,1012,stimulus_1012,3,2,val
sub-05,1013,stimulus_1013,2,1,train
sub-05,1014,stimulus_1014,0,3,train
sub-05,1015,stimulus_1015,0,1,train
sub-05,1016,stimulus_1016,3,0,train
sub-05,1017,stimulus_1017,1,1,val
sub-05,1018,stimulus_1018,3,0,train
sub-05,1019,stimulus_1019,0,1,train
sub-05,1020,stimulus_1020,1,3,test
sub-05,1021,stimulus_1021,0,1,val
sub-05,1022,stimulus_1022,2,0,train
sub-05,1023,stimulus_1023,2,1,train
sub-05,1024,stimulus_1024,1,0,train
sub-05,1025,stimulus_1025,3,1,test
sub-05,1026,stimulus_1026,0,2,train
sub-05,1027,stimulus_1027,1,1,train
sub-05,1028,stimulus_1028,1,1,train
sub-05,1029,stimulus_1029,3,1,test
sub-05,1030,stimulus_1030,2,1,train
sub-05,1031,stimulus_1031,3,1,train
sub-05,1032,stimulus_1032,3,2,val
sub-05,1033,stimulus_1033,2,1,train
sub-05,1034,stimulus_1034,3,2,train
sub-05,1035,stimulus_1035,1,1,train
sub-05,1036,stimulus_1036,2,2,train
sub-05,1037,stimulus_1037,0,2,train
sub-05,1038,stimulus_1038,3,3,train
sub-05,1039,stimulus_1039,2,3,test
sub-05,1040,stimulus_1040,2,3,train
sub-05,1041,stimulus_1041,1,1,train
sub-05,1042,stimulus_1042,0,3,train
sub-05,1043,stimulus_1043,3,3,train
sub-05,1044,stimulus_1044,0,0,train
sub-05,1045,stimulus_1045,3,1,train
sub-05,1046,stimulus_1046,1,1,val
sub-05,1047,stimulus_1047,3,3,train
sub-05,1048,stimulus_1048,3,3,train
sub-05,1049,stimulus_1049,2,0,train
sub-05,1050,stimulus_1050,3,2,train
sub-05,1051,stimulus_1051,3,3,train
sub-05,1052,stimulus_1052,0,1,train
sub-05,1053,stimulus_1053,3,2,train
sub-05,1054,stimulus_1054,2,3,train
sub-05,1055,stimulus_1055,2,1,train
sub-05,1056,stimulus_1056,3,3,train
sub-05,1057,stimulus_1057,0,2,test
sub-05,1058,stimulus_1058,2,2,train
sub-05,1059,stimulus_1059,2,1,train
sub-05,1060,stimulus_1060,3,2,test
sub-05,1061,stimulus_1061,3,2,test
sub-05,1062,stimulus_1062,3,1,train
sub-05,1063,stimulus_1063,2,2,train
sub-05,1064,stimulus_1064,1,0,train
sub-05,1065,stimulus_1065,1,3,train
sub-05,1066,stimulus_1066,1,1,test
sub-05,1067,stimulus_1067,2,1,test
sub-05,1068,stimulus_1068,2,1,train
sub-05,1069,stimulus_1069,2,3,train
sub-05,1070,stimulus_1070,1,0,test
sub-05,1071,stimulus_1071,3,0,train
sub-05,1072,stimulus_1072,1,3,train
sub-05,1073,stimulus_1073,1,3,test
sub-05,1074,stimulus_1074,3,2,train
sub-05,1075,stimulus_1075,1,0,train
sub-05,1076,stimulus_1076,1,3,train
sub-05,1077,stimulus_1077,1,1,test
sub-05,1078,stimulus_1078,2,0,val
sub-05,1079,stimulus_1079,0,3,train
sub-05,1080,stimulus_1080,3,3,train
sub-05,1081,stimulus_1081,2,0,train
sub-05,1082,stimulus_1082,2,3,test
sub-05,1083,stimulus_1083,3,3,train
sub-05,1084,stimulus_1084,3,2,train
sub-05,1085,stimulus_1085,1,1,train
sub-05,1086,stimulus_1086,3,3,train
sub-05,1087,stimulus_1087,2,1,train
sub-05,1088,stimulus_1088,1,0,train
sub-05,1089,stimulus_1089,2,2,train
sub-05,1090,stimulus_1090,0,0,train
sub-05,1091,stimulus_1091,1,3,train
sub-05,1092,stimulus_1092,3,2,train
sub-05,1093,stimulus_1093,3,2,test
sub-05,1094,stimulus_1094,1,3,train
sub-05,1095,stimulus_1095,0,2,train
sub-05,1096,stimulus_1096,0,2,train
sub-05,1097,stimulus_1097,3,3,train
sub-05,1098,stimulus_1098,3,2,train
sub-05,1099,stimulus_1099,2,3,val
sub-05,1100,stimulus_1100,2,2,val
sub-05,1101,stimulus_1101,0,1,train
sub-05,1102,stimulus_1102,3,3,val
sub-05,1103,stimulus_1103,0,2,train
sub-05,1104,stimulus_1104,1,1,train
sub-05,1105,stimulus_1105,3,2,val
sub-05,1106,stimulus_1106,2,0,train
sub-05,1107,stimulus_1107,3,3,train
sub-05,1108,stimulus_1108,2,3,train
sub-05,1109,stimulus_1109,0,3,train
sub-05,1110,stimulus_1110,3,3,train
sub-05,1111,stimulus_1111,0,2,train
sub-05,1112,stimulus_1112,3,3,train
sub-05,1113,stimulus_1113,3,2,train
sub-05,1114,stimulus_1114,0,3,train
sub-05,1115,stimulus_1115,0,3,train
sub-05,1116,stimulus_1116,2,2,train
sub-05,1117,stimulus_1117,0,0,train
sub-05,1118,stimulus_1118,0,0,train
sub-05,1119,stimulus_1119,0,2,train
sub-05,1120,stimulus_1120,3,3,test
sub-05,1121,stimulus_1121,2,3,train
sub-05,1122,stimulus_1122,0,1,train
sub-05,1123,stimulus_1123,0,0,test
sub-05,1124,stimulus_1124,3,3,train
sub-05,1125,stimulus_1125,2,2,train
sub-05,1126,stimulus_1126,0,1,train
sub-05,1127,stimulus_1127,3,1,val
sub-05,1128,stimulus_1128,2,2,val
sub-05,1129,stimulus_1129,1,1,train
sub-05,1130,stimulus_1130,3,1,test
sub-05,1131,stimulus_1131,3,3,train
sub-05,1132,stimulus_1132,1,1,train
sub-05,1133,stimulus_1133,3,3,train
sub-05,1134,stimulus_1134,1,2,train
sub-05,1135,stimulus_1135,0,1,train
sub-05,1136,stimulus_1136,0,1,val
sub-05,1137,stimulus_1137,0,0,train
sub-05,1138,stimulus_1138,1,0,train
sub-05,1139,stimulus_1139,1,2,train
sub-05,1140,stimulus_1140,1,2,test
sub-05,1141,stimulus_1141,2,3,val
sub-05,1142,stimulus_1142,1,1,val
sub-05,1143,stimulus_1143,1,3,test
sub-05,1144,stimulus_1144,1,3,test
sub-05,1145,stimulus_1145,3,3,test
sub-05,1146,stimulus_1146,3,2,train
sub-05,1147,stimulus_1147,1,1,train
sub-05,1148,stimulus_1148,2,2,val
sub-05,1149,stimulus_1149,1,3,val
sub-05,1150,stimulus_1150,1,3,train
sub-05,1151,stimulus_1151,3,3,test
sub-05,1152,stimulus_1152,3,3,train
sub-05,1153,stimulus_1153,3,3,train
sub-05,1154,stimulus_1154,3,1,train
sub-05,1155,stimulus_1155,1,2,train
sub-05,1156,stimulus_1156,1,1,val
sub-05,1157,stimulus_1157,3,0,val
sub-05,1158,stimulus_1158,3,1,train
sub-05,1159,stimulus_1159,3,3,train
sub-05,1160,stimulus_1160,0,3,train
sub-05,1161,stimulus_1161,1,0,train
sub-05,1162,stimulus_1162,2,1,train
sub-05,1163,stimulus_1163,3,3,test
sub-05,1164,stimulus_1164,0,0,train
sub-05,1165,stimulus_1165,0,3,train
sub-05,1166,stimulus_1166,2,1,train
sub-05,1167,stimulus_1167,2,3,train
sub-05,1168,stimulus_1168,3,3,test
sub-05,1169,stimulus_1169,1,2,val
sub-05,1170,stimulus_1170,0,0,train
sub-05,1171,stimulus_1171,1,0,train
sub-05,1172,stimulus_1172,0,3,val
sub-05,1173,stimulus_1173,3,3,test
sub-05,1174,stimulus_1174,0,1,train
sub-05,1175,stimulus_1175,3,3,train
sub-05,1176,stimulus_1176,0,0,train
sub-05,1177,stimulus_1177,0,0,train
sub-05,1178,stimulus_1178,2,0,train
sub-05,1179,stimulus_1179,3,3,train
sub-05,1180,stimulus_1180,3,1,train
sub-05,1181,stimulus_1181,0,2,val
sub-05,1182,stimulus_1182,0,0,train
sub-05,1183,stimulus_1183,0,2,train
sub-05,1184,stimulus_1184,0,0,train
sub-05,1185,stimulus_1185,0,1,test
sub-05,1186,stimulus_1186,1,3,train
sub-05,1187,stimulus_1187,3,2,train
sub-05,1188,stimulus_1188,3,2,train
sub-05,1189,stimulus_1189,0,2,train
sub-05,1190,stimulus_1190,0,0,train
sub-05,1191,stimulus_1191,3,3,train
sub-05,1192,stimulus_1192,2,2,train
sub-05,1193,stimulus_1193,3,2,train
sub-05,1194,stimulus_1194,0,2,train
sub-05,1195,stimulus_1195,2,3,train
sub-05,1196,stimulus_1196,0,1,test
sub-05,1197,stimulus_1197,1,3,train
sub-05,1198,stimulus_1198,2,3,val
sub-05,1199,stimulus_1199,0,2,train
sub-05,1200,stimulus_1200,2,2,test
sub-05,1201,stimulus_1201,1,0,train
sub-05,1202,stimulus_1202,0,1,val
sub-05,1203,stimulus_1203,0,1,train
sub-05,1204,stimulus_1204,0,1,train
sub-05,1205,stimulus_1205,3,3,train
sub-05,1206,stimulus_1206,1,1,val
sub-05,1207,stimulus_1207,3,2,train
sub-05,1208,stimulus_1208,0,0,val
sub-05,1209,stimulus_1209,3,0,train
sub-05,1210,stimulus_1210,3,2,train
sub-05,1211,stimulus_1211,2,0,train
sub-05,1212,stimulus_1212,0,3,train
sub-05,1213,stimulus_1213,3,3,train
sub-05,1214,stimulus_1214,0,3,test
sub-05,1215,stimulus_1215,2,1,test
sub-05,1216,stimulus_1216,3,0,val
sub-05,1217,stimulus_1217,0,2,train
sub-05,1218,stimulus_1218,2,3,test
sub-05,1219,stimulus_1219,1,3,val
sub-05,1220,stimulus_1220,1,0,test
sub-05,1221,stimulus_1221,0,2,train
sub-05,1222,stimulus_1222,0,1,train
sub-05,1223,stimulus_1223,2,0,train
sub-05,1224,stimulus_1224,0,2,train
sub-05,1225,stimulus_1225,1,1,val
sub-05,1226,stimulus_1226,0,3,train
sub-05,1227,stimulus_1227,0,3,train
sub-05,1228,stimulus_1228,2,2,train
sub-05,1229,stimulus_1229,0,2,train
sub-05,1230,stimulus_1230,2,0,train
sub-05,1231,stimulus_1231,0,3,train
sub-05,1232,stimulus_1232,3,0,train
sub-05,1233,stimulus_1233,1,1,train
sub-05,1234,stimulus_1234,1,3,train
sub-05,1235,stimulus_1235,0,3,train
sub-05,1236,stimulus_1236,3,1,train
sub-05,1237,stimulus_1237,0,3,train
sub-05,1238,stimulus_1238,2,1,train
sub-05,1239,stimulus_1239,2,3,test
sub-05,1240,stimulus_1240,3,1,train
sub-05,1241,stimulus_1241,2,3,train
sub-05,1242,stimulus_1242,3,3,train
sub-05,1243,stimulus_1243,3,3,train
sub-05,1244,stimulus_1244,1,3,train
sub-05,1245,stimulus_1245,3,3,train
sub-05,1246,stimulus_1246,3,3,train
sub-05,1247,stimulus_1247,2,3,train
sub-05,1248,stimulus_1248,3,3,train
sub-05,1249,stimulus_1249,1,1,train
sub-05,1250,stimulus_1250,1,2,train
sub-05,1251,stimulus_1251,1,1,train
sub-05,1252,stimulus_1252,3,3,train
sub-05,1253,stimulus_1253,3,3,train
sub-05,1254,stimulus_1254,1,0,train
sub-05,1255,stimulus_1255,3,2,train
sub-05,1256,stimulus_1256,2,0,train
sub-05,1257,stimulus_1257,2,3,test
sub-05,1258,stimulus_1258,1,3,train
sub-05,1259,stimulus_1259,0,1,train
sub-05,1260,stimulus_1260,0,3,train
sub-05,1261,stimulus_1261,1,2,train
sub-05,1262,stimulus_1262,1,0,train
sub-05,1263,stimulus_1263,3,2,train
sub-05,1264,stimulus_1264,1,2,train
sub-05,1265,stimulus_1265,1,1,train
sub-05,1266,stimulus_1266,1,1,test
sub-05,1267,stimulus_1267,3,1,train
sub-05,1268,stimulus_1268,0,2,test
sub-05,1269,stimulus_1269,3,3,train
sub-05,1270,stimulus_1270,3,1,train
sub-05,1271,stimulus_1271,0,3,train
sub-05,1272,stimulus_1272,3,1,train
sub-05,1273,stimulus_1273,3,2,train
sub-05,1274,stimulus_1274,1,2,train
sub-05,1275,stimulus_1275,0,0,test
sub-05,1276,stimulus_1276,0,3,train
sub-05,1277,stimulus_1277,1,2,test
sub-05,1278,stimulus_1278,2,2,test
sub-05,1279,stimulus_1279,0,1,train
sub-05,1280,stimulus_1280,1,1,train
sub-05,1281,stimulus_1281,1,3,train
sub-05,1282,stimulus_1282,3,2,train
sub-05,1283,stimulus_1283,0,2,train
sub-05,1284,stimulus_1284,1,1,train
sub-05,1285,stimulus_1285,2,3,train
sub-05,1286,stimulus_1286,0,1,train
sub-05,1287,stimulus_1287,2,1,train
sub-05,1288,stimulus_1288,1,1,train
sub-05,1289,stimulus_1289,3,1,train
sub-05,1290,stimulus_1290,3,3,train
sub-05,1291,stimulus_1291,3,2,train
sub-05,1292,stimulus_1292,0,1,test
sub-05,1293,stimulus_1293,2,2,train
sub-05,1294,stimulus_1294,0,2,train
sub-05,1295,stimulus_1295,3,1,val
sub-05,1296,stimulus_1296,2,3,train
sub-05,1297,stimulus_1297,1,1,val
sub-05,1298,stimulus_1298,0,0,train
sub-05,1299,stimulus_1299,1,1,train
sub-05,1300,stimulus_1300,3,0,train
sub-05,1301,stimulus_1301,1,1,train
sub-05,1302,stimulus_1302,0,0,train
sub-05,1303,stimulus_1303,0,0,train
sub-05,1304,stimulus_1304,0,0,train
sub-05,1305,stimulus_1305,1,0,train
sub-05,1306,stimulus_1306,1,0,train
sub-05,1307,stimulus_1307,1,2,val
sub-05,1308,stimulus_1308,3,3,train
sub-05,1309,stimulus_1309,0,0,val
sub-05,1310,stimulus_1310,0,2,train
sub-05,1311,stimulus_1311,3,3,train
sub-05,1312,stimulus_1312,3,1,test
sub-05,1313,stimulus_1313,0,3,test
sub-05,1314,stimulus_1314,1,3,train
sub-05,1315,stimulus_1315,2,1,train
sub-05,1316,stimulus_1316,2,3,train
sub-05,1317,stimulus_1317,1,1,train
sub-05,1318,stimulus_1318,0,3,train
sub-05,1319,stimulus_1319,2,1,train
sub-05,1320,stimulus_1320,1,2,train
sub-05,1321,stimulus_1321,2,1,train
sub-05,1322,stimulus_1322,1,3,train
sub-05,1323,stimulus_1323,0,3,train
sub-05,1324,stimulus_1324,2,3,train
sub-05,1325,stimulus_1325,2,3,val
sub-05,1326,stimulus_1326,3,3,test
sub-05,1327,stimulus_1327,3,1,train
sub-05,1328,stimulus_1328,3,2,train
sub-05,1329,stimulus_1329,1,1,test
sub-05,1330,stimulus_1330,2,2,train
sub-05,1331,stimulus_1331,2,1,train
sub-05,1332,stimulus_1332,2,2,train
sub-05,1333,stimulus_1333,3,2,train
sub-05,1334,stimulus_1334,1,0,train
sub-05,1335,stimulus_1335,1,0,train
sub-05,1336,stimulus_1336,2,1,train
sub-05,1337,stimulus_1337,3,3,train
sub-05,1338,stimulus_1338,1,2,train
sub-05,1339,stimulus_1339,0,1,train
sub-05,1340,stimulus_1340,2,1,train
sub-05,1341,stimulus_1341,2,2,train
sub-05,1342,stimulus_1342,1,1,train
sub-05,1343,stimulus_1343,2,2,train
sub-05,1344,stimulus_1344,2,0,train
sub-05,1345,stimulus_1345,2,3,train
sub-05,1346,stimulus_1346,2,2,train
sub-05,1347,stimulus_1347,1,2,test
sub-05,1348,stimulus_1348,1,1,train
sub-05,1349,stimulus_1349,3,3,val
sub-05,1350,stimulus_1350,0,0,test
sub-05,1351,stimulus_1351,0,0,train
sub-05,1352,stimulus_1352,2,3,train
sub-05,1353,stimulus_1353,3,2,train
sub-05,1354,stimulus_1354,3,2,val
sub-05,1355,stimulus_1355,0,0,val
sub-05,1356,stimulus_1356,2,1,train
sub-05,1357,stimulus_1357,3,0,train
sub-05,1358,stimulus_1358,2,2,train
sub-05,1359,stimulus_1359,1,0,train
sub-05,1360,stimulus_1360,3,0,train
sub-05,1361,stimulus_1361,0,3,train
sub-05,1362,stimulus_1362,0,3,train
sub-05,1363,stimulus_1363,3,1,train
sub-05,1364,stimulus_1364,1,3,val
sub-05,1365,stimulus_1365,3,3,train
sub-05,1366,stimulus_1366,2,0,test
sub-05,1367,stimulus_1367,3,2,train
sub-05,1368,stimulus_1368,3,0,test
sub-05,1369,stimulus_1369,2,0,train
sub-05,1370,stimulus_1370,3,3,test
sub-05,1371,stimulus_1371,2,0,train
sub-05,1372,stimulus_1372,3,0,train
sub-05,1373,stimulus_1373,0,3,train
sub-05,1374,stimulus_1374,1,3,test
sub-05,1375,stimulus_1375,0,3,train
sub-05,1376,stimulus_1376,1,3,train
sub-05,1377,stimulus_1377,3,3,train
sub-05,1378,stimulus_1378,3,0,train
sub-05,1379,stimulus_1379,3,0,train
sub-05,1380,stimulus_1380,3,1,val
sub-05,1381,stimulus_1381,3,1,train
sub-05,1382,stimulus_1382,1,1,train
sub-05,1383,stimulus_1383,3,1,train
sub-05,1384,stimulus_1384,1,1,train
sub-05,1385,stimulus_1385,2,3,train
sub-05,1386,stimulus_1386,1,1,train
sub-05,1387,stimulus_1387,3,3,train
sub-05,1388,stimulus_1388,1,1,train
sub-05,1389,stimulus_1389,2,1,test
sub-05,1390,stimulus_1390,1,1,train
sub-05,1391,stimulus_1391,1,2,val
sub-05,1392,stimulus_1392,1,2,train
sub-05,1393,stimulus_1393,1,2,train
sub-05,1394,stimulus_1394,3,3,train
sub-05,1395,stimulus_1395,1,2,train
sub-05,1396,stimulus_1396,2,0,train
sub-05,1397,stimulus_1397,1,0,train
sub-05,1398,stimulus_1398,2,1,train
sub-05,1399,stimulus_1399,3,3,train
sub-05,1400,stimulus_1400,2,3,train
sub-05,1401,stimulus_1401,1,2,train
sub-05,1402,stimulus_1402,2,1,train
sub-05,1403,stimulus_1403,0,0,train
sub-05,1404,stimulus_1404,1,0,train
sub-05,1405,stimulus_1405,3,2,train
sub-05,1406,stimulus_1406,0,3,train
sub-05,1407,stimulus_1407,3,0,train
sub-05,1408,stimulus_1408,3,0,val
sub-05,1409,stimulus_1409,3,0,train
sub-05,1410,stimulus_1410,3,3,val
sub-05,1411,stimulus_1411,3,2,val
sub-05,1412,stimulus_1412,2,1,train
sub-05,1413,stimulus_1413,2,1,train
sub-05,1414,stimulus_1414,0,1,train
sub-05,1415,stimulus_1415,3,1,train
sub-05,1416,stimulus_1416,3,2,train
sub-05,1417,stimulus_1417,3,0,train
sub-05,1418,stimulus_1418,3,0,train
sub-05,1419,stimulus_1419,0,2,train
sub-05,1420,stimulus_1420,1,0,train
sub-05,1421,stimulus_1421,3,1,train
sub-05,1422,stimulus_1422,0,3,train
sub-05,1423,stimulus_1423,0,0,train
sub-05,1424,stimulus_1424,2,2,train
sub-05,1425,stimulus_1425,0,0,test
sub-05,1426,stimulus_1426,2,3,train
sub-05,1427,stimulus_1427,3,0,train
sub-05,1428,stimulus_1428,2,1,train
sub-05,1429,stimulus_1429,3,1,train
sub-05,1430,stimulus_1430,2,3,train
sub-05,1431,stimulus_1431,2,3,train
sub-05,1432,stimulus_1432,2,3,train
sub-05,1433,stimulus_1433,2,1,train
sub-05,1434,stimulus_1434,0,2,train
sub-05,1435,stimulus_1435,2,1,train
sub-05,1436,stimulus_1436,3,3,train
sub-05,1437,stimulus_1437,2,1,train
sub-05,1438,stimulus_1438,1,3,train
sub-05,1439,stimulus_1439,3,3,train
sub-05,1440,stimulus_1440,1,3,val
sub-05,1441,stimulus_1441,0,2,val
sub-05,1442,stimulus_1442,0,3,train
sub-05,1443,stimulus_1443,0,2,train
sub-05,1444,stimulus_1444,3,0,val
sub-05,1445,stimulus_1445,3,3,train
sub-05,1446,stimulus_1446,2,1,train
sub-05,1447,stimulus_1447,3,3,train
sub-05,1448,stimulus_1448,1,1,train
sub-05,1449,stimulus_1449,3,1,test
sub-05,1450,stimulus_1450,0,2,train
sub-05,1451,stimulus_1451,2,2,test
sub-05,1452,stimulus_1452,3,1,train
sub-05,1453,stimulus_1453,3,2,train
sub-05,1454,stimulus_1454,1,3,train
sub-05,1455,stimulus_1455,2,1,train
sub-05,1456,stimulus_1456,2,2,train
sub-05,1457,stimulus_1457,0,0,train
sub-05,1458,stimulus_1458,2,1,train
sub-05,1459,stimulus_1459,2,1,val
sub-05,1460,stimulus_1460,3,2,train
sub-05,1461,stimulus_1461,1,3,train
sub-05,1462,stimulus_1462,1,1,train
sub-05,1463,stimulus_1463,3,3,train
sub-05,1464,stimulus_1464,0,1,test
sub-05,1465,stimulus_1465,2,1,train
sub-05,1466,stimulus_1466,0,0,train
sub-05,1467,stimulus_1467,1,0,train
sub-05,1468,stimulus_1468,1,0,train
sub-05,1469,stimulus_1469,1,1,train
sub-05,1470,stimulus_1470,1,0,train
sub-05,1471,stimulus_1471,0,0,train
sub-05,1472,stimulus_1472,1,2,train
sub-05,1473,stimulus_1473,0,0,train
sub-05,1474,stimulus_1474,1,0,train
sub-05,1475,stimulus_1475,0,0,val
sub-05,1476,stimulus_1476,2,1,train
sub-05,1477,stimulus_1477,2,3,train
sub-05,1478,stimulus_1478,0,2,train
sub-05,1479,stimulus_1479,1,0,train
sub-05,1480,stimulus_1480,1,1,test
sub-05,1481,stimulus_1481,3,1,train
sub-05,1482,stimulus_1482,2,3,train
sub-05,1483,stimulus_1483,3,0,val
sub-05,1484,stimulus_1484,1,0,train
sub-05,1485,stimulus_1485,0,1,train
sub-05,1486,stimulus_1486,1,1,train
sub-05,1487,stimulus_1487,0,3,train
sub-05,1488,stimulus_1488,3,0,train
sub-05,1489,stimulus_1489,3,0,train
sub-05,1490,stimulus_1490,2,3,train
sub-05,1491,stimulus_1491,2,2,train
sub-05,1492,stimulus_1492,0,3,test
sub-05,1493,stimulus_1493,3,0,train
sub-05,1494,stimulus_1494,3,0,train
sub-05,1495,stimulus_1495,3,3,train
sub-05,1496,stimulus_1496,2,3,val
sub-05,1497,stimulus_1497,3,2,test
sub-05,1498,stimulus_1498,3,1,val
sub-05,1499,stimulus_1499,2,1,test
sub-05,1500,stimulus_1500,3,2,train
sub-05,1501,stimulus_1501,3,3,test
sub-05,1502,stimulus_1502,3,3,train
sub-05,1503,stimulus_1503,3,3,train
sub-05,1504,stimulus_1504,2,0,train
sub-05,1505,stimulus_1505,3,1,val
sub-05,1506,stimulus_1506,2,0,train
sub-05,1507,stimulus_1507,0,0,train
sub-05,1508,stimulus_1508,3,0,val
sub-05,1509,stimulus_1509,3,2,train
sub-05,1510,stimulus_1510,3,2,train
sub-05,1511,stimulus_1511,0,3,train
sub-05,1512,stimulus_1512,3,1,train
sub-05,1513,stimulus_1513,1,2,train
sub-05,1514,stimulus_1514,0,2,train
sub-05,1515,stimulus_1515,2,3,train
sub-05,1516,stimulus_1516,3,3,val
sub-05,1517,stimulus_1517,1,3,train
sub-05,1518,stimulus_1518,0,2,train
sub-05,1519,stimulus_1519,0,0,train
sub-05,1520,stimulus_1520,3,2,train
sub-05,1521,stimulus_1521,2,1,train
sub-05,1522,stimulus_1522,1,2,train
sub-05,1523,stimulus_1523,2,2,val
sub-05,1524,stimulus_1524,3,1,val
sub-05,1525,stimulus_1525,2,0,train
sub-05,1526,stimulus_1526,2,2,train
sub-05,1527,stimulus_1527,2,3,train
sub-05,1528,stimulus_1528,1,0,test
sub-05,1529,stimulus_1529,1,2,train
sub-05,1530,stimulus_1530,1,2,train
sub-05,1531,stimulus_1531,2,2,train
sub-05,1532,stimulus_1532,0,0,train
sub-05,1533,stimulus_1533,2,1,train
sub-05,1534,stimulus_1534,1,1,val
sub-05,1535,stimulus_1535,2,3,val
sub-05,1536,stimulus_1536,2,3,test
sub-05,1537,stimulus_1537,2,3,train
sub-05,1538,stimulus_1538,2,3,train
sub-05,1539,stimulus_1539,3,3,train
sub-05,1540,stimulus_1540,3,1,train
sub-05,1541,stimulus_1541,0,0,train
sub-05,1542,stimulus_1542,2,2,train
sub-05,1543,stimulus_1543,1,3,train
sub-05,1544,stimulus_1544,1,1,train
sub-05,1545,stimulus_1545,1,2,train
sub-05,1546,stimulus_1546,2,3,train
sub-05,1547,stimulus_1547,3,1,train
sub-05,1548,stimulus_1548,3,1,train
sub-05,1549,stimulus_1549,1,2,val
sub-05,1550,stimulus_1550,0,2,train
sub-05,1551,stimulus_1551,2,3,train
sub-05,1552,stimulus_1552,1,3,train
sub-05,1553,stimulus_1553,1,3,train
sub-05,1554,stimulus_1554,1,3,train
sub-05,1555,stimulus_1555,2,0,train
sub-05,1556,stimulus_1556,0,1,train
sub-05,1557,stimulus_1557,2,3,train
sub-05,1558,stimulus_1558,3,2,train
sub-05,1559,stimulus_1559,2,2,train
sub-05,1560,stimulus_1560,2,3,train
sub-05,1561,stimulus_1561,1,0,train
sub-05,1562,stimulus_1562,0,3,train
sub-05,1563,stimulus_1563,2,1,train
sub-05,1564,stimulus_1564,3,3,train
sub-05,1565,stimulus_1565,0,0,train
sub-05,1566,stimulus_1566,1,1,train
sub-05,1567,stimulus_1567,1,1,train
sub-05,1568,stimulus_1568,3,3,train
sub-05,1569,stimulus_1569,3,3,train
sub-05,1570,stimulus_1570,3,3,train
sub-05,1571,stimulus_1571,3,3,val
sub-05,1572,stimulus_1572,3,2,test
sub-05,1573,stimulus_1573,2,3,train
sub-05,1574,stimulus_1574,1,0,train
sub-05,1575,stimulus_1575,1,3,train
sub-05,1576,stimulus_1576,0,3,test
sub-05,1577,stimulus_1577,2,3,test
sub-05,1578,stimulus_1578,1,1,train
sub-05,1579,stimulus_1579,2,1,train
sub-05,1580,stimulus_1580,2,1,val
sub-05,1581,stimulus_1581,2,2,train
sub-05,1582,stimulus_1582,3,3,train
sub-05,1583,stimulus_1583,2,3,train
sub-05,1584,stimulus_1584,3,3,train
sub-05,1585,stimulus_1585,0,1,train
sub-05,1586,stimulus_1586,2,1,test
sub-05,1587,stimulus_1587,0,1,train
sub-05,1588,stimulus_1588,2,1,train
sub-05,1589,stimulus_1589,0,1,train
sub-05,1590,stimulus_1590,0,3,train
sub-05,1591,stimulus_1591,0,0,train
sub-05,1592,stimulus_1592,3,0,train
sub-05,1593,stimulus_1593,1,2,train
sub-05,1594,stimulus_1594,3,3,train
sub-05,1595,stimulus_1595,1,3,train
sub-05,1596,stimulus_1596,0,1,test
sub-05,1597,stimulus_1597,2,0,train
sub-05,1598,stimulus_1598,0,3,test
sub-05,1599,stimulus_1599,1,3,train
sub-05,1600,stimulus_1600,1,1,train
sub-05,1601,stimulus_1601,0,2,train
sub-05,1602,stimulus_1602,2,1,train
sub-05,1603,stimulus_1603,3,1,train
sub-05,1604,stimulus_1604,2,0,train
sub-05,1605,stimulus_1605,0,1,train
sub-05,1606,stimulus_1606,2,1,test
sub-05,1607,stimulus_1607,1,1,train
sub-05,1608,stimulus_1608,3,3,train
sub-05,1609,stimulus_1609,1,1,train
sub-05,1610,stimulus_1610,2,3,train
sub-05,1611,stimulus_1611,0,0,train
sub-05,1612,stimulus_1612,2,1,train
sub-05,1613,stimulus_1613,0,1,train
sub-05,1614,stimulus_1614,1,0,train
sub-05,1615,stimulus_1615,1,2,train
sub-05,1616,stimulus_1616,3,2,train
sub-05,1617,stimulus_1617,1,2,train
sub-05,1618,stimulus_1618,1,0,train
sub-05,1619,stimulus_1619,2,1,train
sub-05,1620,stimulus_1620,3,0,train
sub-05,1621,stimulus_1621,1,0,train
sub-05,1622,stimulus_1622,2,2,train
sub-05,1623,stimulus_1623,1,0,train
sub-05,1624,stimulus_1624,2,2,train
sub-05,1625,stimulus_1625,2,2,val
sub-05,1626,stimulus_1626,1,1,train
sub-05,1627,stimulus_1627,0,1,train
sub-05,1628,stimulus_1628,3,1,train
sub-05,1629,stimulus_1629,0,2,train
sub-05,1630,stimulus_1630,0,0,train
sub-05,1631,stimulus_1631,1,1,test
sub-05,1632,stimulus_1632,0,2,val
sub-05,1633,stimulus_1633,2,3,val
sub-05,1634,stimulus_1634,2,2,train
sub-05,1635,stimulus_1635,1,2,test
sub-05,1636,stimulus_1636,3,2,train
sub-05,1637,stimulus_1637,3,3,test
sub-05,1638,stimulus_1638,3,2,train
sub-05,1639,stimulus_1639,3,2,val
sub-05,1640,stimulus_1640,3,3,val
sub-05,1641,stimulus_1641,2,3,train
sub-05,1642,stimulus_1642,1,3,train
sub-05,1643,stimulus_1643,3,3,train
sub-05,1644,stimulus_1644,1,3,test
sub-05,1645,stimulus_1645,2,3,train
sub-05,1646,stimulus_1646,1,0,train
sub-05,1647,stimulus_1647,2,0,train
sub-05,1648,stimulus_1648,2,1,train
sub-05,1649,stimulus_1649,1,3,train
sub-05,1650,stimulus_1650,0,3,train
sub-05,1651,stimulus_1651,3,0,train
sub-05,1652,stimulus_1652,1,3,train
sub-05,1653,stimulus_1653,2,1,train
sub-05,1654,stimulus_1654,0,2,train
sub-05,1655,stimulus_1655,0,2,train
sub-05,1656,stimulus_1656,3,1,train
sub-05,1657,stimulus_1657,0,1,train
sub-05,1658,stimulus_1658,3,1,train
sub-05,1659,stimulus_1659,2,2,train
sub-05,1660,stimulus_1660,3,1,train
sub-05,1661,stimulus_1661,3,2,train
sub-05,1662,stimulus_1662,2,1,train
sub-05,1663,stimulus_1663,1,1,val
sub-05,1664,stimulus_1664,2,2,test
sub-05,1665,stimulus_1665,1,0,train
sub-05,1666,stimulus_1666,3,2,train
sub-05,1667,stimulus_1667,3,1,test
sub-05,1668,stimulus_1668,2,3,train
sub-05,1669,stimulus_1669,1,3,train
sub-05,1670,stimulus_1670,2,2,train
sub-05,1671,stimulus_1671,3,3,train
sub-05,1672,stimulus_1672,1,0,train
sub-05,1673,stimulus_1673,1,1,train
sub-05,1674,stimulus_1674,1,0,train
sub-05,1675,stimulus_1675,0,0,train
sub-05,1676,stimulus_1676,2,3,train
sub-05,1677,stimulus_1677,3,3,train
sub-05,1678,stimulus_1678,3,3,train
sub-05,1679,stimulus_1679,1,3,train
sub-05,1680,stimulus_1680,3,2,train
sub-05,1681,stimulus_1681,2,0,train
sub-05,1682,stimulus_1682,2,1,train
sub-05,1683,stimulus_1683,2,0,val
sub-05,1684,stimulus_1684,2,1,train
sub-05,1685,stimulus_1685,0,1,train
sub-05,1686,stimulus_1686,1,2,train
sub-05,1687,stimulus_1687,1,1,train
sub-05,1688,stimulus_1688,1,3,train
sub-05,1689,stimulus_1689,2,1,val
sub-05,1690,stimulus_1690,0,1,val
sub-05,1691,stimulus_1691,0,0,val
sub-05,1692,stimulus_1692,2,0,train
sub-05,1693,stimulus_1693,3,3,train
sub-05,1694,stimulus_1694,2,3,train
sub-05,1695,stimulus_1695,1,1,train
sub-05,1696,stimulus_1696,2,2,train
sub-05,1697,stimulus_1697,3,3,val
sub-05,1698,stimulus_1698,2,2,val
sub-05,1699,stimulus_1699,3,2,test
sub-05,1700,stimulus_1700,1,0,train
sub-05,1701,stimulus_1701,0,2,train
sub-05,1702,stimulus_1702,2,3,train
sub-05,1703,stimulus_1703,0,1,train
sub-05,1704,stimulus_1704,1,0,train
sub-05,1705,stimulus_1705,0,0,train
sub-05,1706,stimulus_1706,0,1,train
sub-05,1707,stimulus_1707,2,3,train
sub-05,1708,stimulus_1708,3,2,test
sub-05,1709,stimulus_1709,1,1,train
sub-05,1710,stimulus_1710,2,3,train
sub-05,1711,stimulus_1711,3,2,train
sub-05,1712,stimulus_1712,3,3,train
sub-05,1713,stimulus_1713,1,0,train
sub-05,1714,stimulus_1714,3,3,train
sub-05,1715,stimulus_1715,3,2,train
sub-05,1716,stimulus_1716,3,0,test
sub-05,1717,stimulus_1717,3,3,train
sub-05,1718,stimulus_1718,3,3,train
sub-05,1719,stimulus_1719,1,0,train
sub-05,1720,stimulus_1720,1,3,train
sub-05,1721,stimulus_1721,3,3,train
sub-05,1722,stimulus_1722,2,1,train
sub-05,1723,stimulus_1723,3,2,train
sub-05,1724,stimulus_1724,1,0,train
sub-05,1725,stimulus_1725,0,1,train
sub-05,1726,stimulus_1726,0,3,train
sub-05,1727,stimulus_1727,2,1,train
sub-05,1728,stimulus_1728,1,3,train
sub-05,1729,stimulus_1729,1,0,test
sub-05,1730,stimulus_1730,1,1,test
sub-05,1731,stimulus_1731,1,0,train
sub-05,1732,stimulus_1732,0,3,train
sub-05,1733,stimulus_1733,2,1,train
sub-05,1734,stimulus_1734,1,3,train
sub-05,1735,stimulus_1735,3,2,test
sub-05,1736,stimulus_1736,1,1,train
sub-05,1737,stimulus_1737,1,3,train
sub-05,1738,stimulus_1738,1,1,train
sub-05,1739,stimulus_1739,0,2,train
sub-05,1740,stimulus_1740,3,2,val
sub-05,1741,stimulus_1741,2,1,train
sub-05,1742,stimulus_1742,1,3,test
sub-05,1743,stimulus_1743,2,3,val
sub-05,1744,stimulus_1744,0,2,val
sub-05,1745,stimulus_1745,3,2,train
sub-05,1746,stimulus_1746,3,2,train
sub-05,1747,stimulus_1747,2,1,train
sub-05,1748,stimulus_1748,2,0,train
sub-05,1749,stimulus_1749,3,1,train
sub-05,1750,stimulus_1750,2,1,val
sub-05,1751,stimulus_1751,2,1,train
sub-05,1752,stimulus_1752,0,2,train
sub-05,1753,stimulus_1753,3,3,train
sub-05,1754,stimulus_1754,3,3,train
sub-05,1755,stimulus_1755,0,2,train
sub-05,1756,stimulus_1756,3,3,train
sub-05,1757,stimulus_1757,1,3,train
sub-05,1758,stimulus_1758,3,3,train
sub-05,1759,stimulus_1759,1,3,test
sub-05,1760,stimulus_1760,2,0,test
sub-05,1761,stimulus_1761,3,2,train
sub-05,1762,stimulus_1762,2,3,train
sub-05,1763,stimulus_1763,2,3,train
sub-05,1764,stimulus_1764,2,3,train
sub-05,1765,stimulus_1765,0,1,val
sub-05,1766,stimulus_1766,1,0,train
sub-05,1767,stimulus_1767,1,1,train
sub-05,1768,stimulus_1768,0,0,train
sub-05,1769,stimulus_1769,3,3,val
sub-05,1770,stimulus_1770,1,0,train
sub-05,1771,stimulus_1771,0,0,train
sub-05,1772,stimulus_1772,2,2,test
sub-05,1773,stimulus_1773,3,0,train
sub-05,1774,stimulus_1774,1,1,test
sub-05,1775,stimulus_1775,2,2,train
sub-05,1776,stimulus_1776,1,1,test
sub-05,1777,stimulus_1777,3,3,train
sub-05,1778,stimulus_1778,3,3,train
sub-05,1779,stimulus_1779,1,2,train
sub-05,1780,stimulus_1780,1,3,train
sub-05,1781,stimulus_1781,3,2,train
sub-05,1782,stimulus_1782,2,2,test
sub-05,1783,stimulus_1783,3,3,val
sub-05,1784,stimulus_1784,1,0,train
sub-05,1785,stimulus_1785,1,1,train
sub-05,1786,stimulus_1786,0,1,train
sub-05,1787,stimulus_1787,2,2,train
sub-05,1788,stimulus_1788,1,2,train
sub-05,1789,stimulus_1789,3,3,train
sub-05,1790,stimulus_1790,0,0,val
sub-05,1791,stimulus_1791,1,1,train
sub-05,1792,stimulus_1792,0,0,train
sub-05,1793,stimulus_1793,0,0,train
sub-05,1794,stimulus_1794,1,1,train
sub-05,1795,stimulus_1795,0,3,test
sub-05,1796,stimulus_1796,1,3,train
sub-05,1797,stimulus_1797,2,1,train
sub-05,1798,stimulus_1798,2,2,train
sub-05,1799,stimulus_1799,1,3,train
sub-05,1800,stimulus_1800,2,3,train
sub-05,1801,stimulus_1801,2,2,train
sub-05,1802,stimulus_1802,2,1,train
sub-05,1803,stimulus_1803,3,2,train
sub-05,1804,stimulus_1804,3,0,train
sub-05,1805,stimulus_1805,3,3,train
sub-05,1806,stimulus_1806,3,0,train
sub-05,1807,stimulus_1807,3,3,test
sub-05,1808,stimulus_1808,3,0,train
sub-05,1809,stimulus_1809,1,3,train
sub-05,1810,stimulus_1810,3,0,train
sub-05,1811,stimulus_1811,1,2,train
sub-05,1812,stimulus_1812,2,2,train
sub-05,1813,stimulus_1813,0,1,train
sub-05,1814,stimulus_1814,3,1,train
sub-05,1815,stimulus_1815,3,0,train
sub-05,1816,stimulus_1816,0,1,val
sub-05,1817,stimulus_1817,2,0,train
sub-05,1818,stimulus_1818,2,1,train
sub-05,1819,stimulus_1819,0,3,train
sub-05,1820,stimulus_1820,3,0,val
sub-05,1821,stimulus_1821,1,2,train
sub-05,1822,stimulus_1822,0,0,train
sub-05,1823,stimulus_1823,1,1,train
sub-05,1824,stimulus_1824,2,1,train
sub-05,1825,stimulus_1825,3,0,train
sub-05,1826,stimulus_1826,3,3,test
sub-05,1827,stimulus_1827,1,3,train
sub-05,1828,stimulus_1828,0,1,train
sub-05,1829,stimulus_1829,2,2,train
sub-05,1830,stimulus_1830,0,3,train
sub-05,1831,stimulus_1831,1,0,val
sub-05,1832,stimulus_1832,0,3,train
sub-05,1833,stimulus_1833,3,3,train
sub-05,1834,stimulus_1834,3,3,train
sub-05,1835,stimulus_1835,2,0,train
sub-05,1836,stimulus_1836,3,3,val
sub-05,1837,stimulus_1837,0,2,train
sub-05,1838,stimulus_1838,1,3,train
sub-05,1839,stimulus_1839,3,3,train
sub-05,1840,stimulus_1840,2,1,train
sub-05,1841,stimulus_1841,2,0,train
sub-05,1842,stimulus_1842,3,2,train
sub-05,1843,stimulus_1843,0,2,train
sub-05,1844,stimulus_1844,0,1,train
sub-05,1845,stimulus_1845,0,1,train
sub-05,1846,stimulus_1846,2,0,train
sub-05,1847,stimulus_1847,1,1,train
sub-05,1848,stimulus_1848,2,0,train
sub-05,1849,stimulus_1849,2,3,train
sub-05,1850,stimulus_1850,3,0,train
sub-05,1851,stimulus_1851,3,1,test
sub-05,1852,stimulus_1852,3,3,train
sub-05,1853,stimulus_1853,0,1,val
sub-05,1854,stimulus_1854,3,1,train
sub-05,1855,stimulus_1855,3,1,train
sub-05,1856,stimulus_1856,2,1,train
sub-05,1857,stimulus_1857,1,3,train
sub-05,1858,stimulus_1858,0,3,train
sub-05,1859,stimulus_1859,2,1,train
sub-05,1860,stimulus_1860,2,1,train
sub-05,1861,stimulus_1861,2,1,train
sub-05,1862,stimulus_1862,1,1,train
sub-05,1863,stimulus_1863,1,3,val
sub-05,1864,stimulus_1864,1,1,train
sub-05,1865,stimulus_1865,1,3,train
sub-05,1866,stimulus_1866,0,1,train
sub-05,1867,stimulus_1867,1,1,train
sub-05,1868,stimulus_1868,0,3,train
sub-05,1869,stimulus_1869,3,2,val
sub-05,1870,stimulus_1870,0,3,train
sub-05,1871,stimulus_1871,0,1,train
sub-05,1872,stimulus_1872,2,3,train
sub-05,1873,stimulus_1873,1,1,train
sub-05,1874,stimulus_1874,1,0,train
sub-05,1875,stimulus_1875,1,0,train
sub-05,1876,stimulus_1876,2,0,val
sub-05,1877,stimulus_1877,1,2,val
sub-05,1878,stimulus_1878,1,3,train
sub-05,1879,stimulus_1879,1,2,train
sub-05,1880,stimulus_1880,2,1,train
sub-05,1881,stimulus_1881,1,1,train
sub-05,1882,stimulus_1882,3,2,train
sub-05,1883,stimulus_1883,1,0,train
sub-05,1884,stimulus_1884,2,2,train
sub-05,1885,stimulus_1885,0,0,test
sub-05,1886,stimulus_1886,2,3,train
sub-05,1887,stimulus_1887,0,3,train
sub-05,1888,stimulus_1888,1,3,train
sub-05,1889,stimulus_1889,3,3,train
sub-05,1890,stimulus_1890,1,1,train
sub-05,1891,stimulus_1891,3,3,test
sub-05,1892,stimulus_1892,1,3,train
sub-05,1893,stimulus_1893,3,3,train
sub-05,1894,stimulus_1894,2,3,train
sub-05,1895,stimulus_1895,2,3,val
sub-05,1896,stimulus_1896,1,2,test
sub-05,1897,stimulus_1897,2,1,test
sub-05,1898,stimulus_1898,2,0,train
sub-05,1899,stimulus_1899,2,3,train
sub-05,1900,stimulus_1900,3,1,train
sub-05,1901,stimulus_1901,0,2,train
sub-05,1902,stimulus_1902,2,1,val
sub-05,1903,stimulus_1903,0,0,test
sub-05,1904,stimulus_1904,3,1,train
sub-05,1905,stimulus_1905,1,1,train
sub-05,1906,stimulus_1906,0,2,train
sub-05,1907,stimulus_1907,0,1,train
sub-05,1908,stimulus_1908,1,1,train
sub-05,1909,stimulus_1909,3,3,train
sub-05,1910,stimulus_1910,1,2,train
sub-05,1911,stimulus_1911,3,2,train
sub-05,1912,stimulus_1912,2,3,train
sub-05,1913,stimulus_1913,2,2,train
sub-05,1914,stimulus_1914,1,3,train
sub-05,1915,stimulus_1915,2,3,train
sub-05,1916,stimulus_1916,0,2,train
sub-05,1917,stimulus_1917,2,3,train
sub-05,1918,stimulus_1918,3,3,train
sub-05,1919,stimulus_1919,1,2,train
sub-05,1920,stimulus_1920,2,1,train
sub-05,1921,stimulus_1921,2,0,val
sub-05,1922,stimulus_1922,0,0,train
sub-05,1923,stimulus_1923,0,0,train
sub-05,1924,stimulus_1924,3,1,train
sub-05,1925,stimulus_1925,2,3,train
sub-05,1926,stimulus_1926,0,1,train
sub-05,1927,stimulus_1927,1,0,train
sub-05,1928,stimulus_1928,0,0,train
sub-05,1929,stimulus_1929,1,1,train
sub-05,1930,stimulus_1930,2,0,train
sub-05,1931,stimulus_1931,0,0,val
sub-05,1932,stimulus_1932,2,0,test
sub-05,1933,stimulus_1933,0,0,test
sub-05,1934,stimulus_1934,0,1,test
sub-05,1935,stimulus_1935,3,1,train
sub-05,1936,stimulus_1936,3,1,train
sub-05,1937,stimulus_1937,3,3,train
sub-05,1938,stimulus_1938,3,1,train
sub-05,1939,stimulus_1939,1,2,test
sub-05,1940,stimulus_1940,0,1,train
sub-05,1941,stimulus_1941,2,3,val
sub-05,1942,stimulus_1942,3,3,train
sub-05,1943,stimulus_1943,1,1,train
sub-05,1944,stimulus_1944,2,1,test
sub-05,1945,stimulus_1945,2,2,train
sub-05,1946,stimulus_1946,1,0,test
sub-05,1947,stimulus_1947,1,1,train
sub-05,1948,stimulus_1948,1,1,train
sub-05,1949,stimulus_1949,1,1,test
sub-05,1950,stimulus_1950,1,0,val
sub-05,1951,stimulus_1951,0,0,test
sub-05,1952,stimulus_1952,1,0,train
sub-05,1953,stimulus_1953,2,2,train
sub-05,1954,stimulus_1954,1,0,train
sub-05,1955,stimulus_1955,0,1,train
sub-05,1956,stimulus_1956,0,0,val
sub-05,1957,stimulus_1957,3,3,train
sub-05,1958,stimulus_1958,1,0,train
sub-05,1959,stimulus_1959,0,1,train
sub-05,1960,stimulus_1960,0,3,val
sub-05,1961,stimulus_1961,3,3,train
sub-05,1962,stimulus_1962,2,0,test
sub-05,1963,stimulus_1963,2,1,val
sub-05,1964,stimulus_1964,1,3,train
sub-05,1965,stimulus_1965,3,3,train
sub-05,1966,stimulus_1966,3,1,train
sub-05,1967,stimulus_1967,1,1,train
sub-05,1968,stimulus_1968,3,1,train
sub-05,1969,stimulus_1969,2,2,train
sub-05,1970,stimulus_1970,3,1,train
sub-05,1971,stimulus_1971,2,3,train
sub-05,1972,stimulus_1972,1,0,train
sub-05,1973,stimulus_1973,0,0,train
sub-05,1974,stimulus_1974,3,3,train
sub-05,1975,stimulus_1975,3,3,train
sub-05,1976,stimulus_1976,3,3,train
sub-05,1977,stimulus_1977,0,0,train
sub-05,1978,stimulus_1978,3,1,train
sub-05,1979,stimulus_1979,0,2,train
sub-05,1980,stimulus_1980,3,3,train
sub-05,1981,stimulus_1981,3,3,train
sub-05,1982,stimulus_1982,2,1,train
sub-05,1983,stimulus_1983,2,2,train
sub-05,1984,stimulus_1984,1,0,train
sub-05,1985,stimulus_1985,0,2,train
sub-05,1986,stimulus_1986,3,0,train
sub-05,1987,stimulus_1987,0,1,train
sub-05,1988,stimulus_1988,3,0,val
sub-05,1989,stimulus_1989,3,1,train
sub-05,1990,stimulus_1990,0,1,train
sub-05,1991,stimulus_1991,0,1,train
sub-05,1992,stimulus_1992,3,3,train
sub-05,1993,stimulus_1993,3,3,train
sub-05,1994,stimulus_1994,1,0,train
sub-05,1995,stimulus_1995,2,1,train
sub-05,1996,stimulus_1996,1,1,train
sub-05,1997,stimulus_1997,2,1,test
sub-05,1998,stimulus_1998,2,3,train
sub-05,1999,stimulus_1999,0,2,val
sub-05,2000,stimulus_2000,3,1,test
sub-05,2001,stimulus_2001,3,1,train
sub-05,2002,stimulus_2002,3,0,train
sub-05,2003,stimulus_2003,1,3,val
sub-05,2004,stimulus_2004,0,0,val
sub-05,2005,stimulus_2005,1,0,train
sub-05,2006,stimulus_2006,0,3,test
sub-05,2007,stimulus_2007,2,0,train
sub-05,2008,stimulus_2008,0,2,train
sub-05,2009,stimulus_2009,0,0,train
sub-05,2010,stimulus_2010,0,1,train
sub-05,2011,stimulus_2011,0,1,train
sub-05,2012,stimulus_2012,0,3,val
sub-05,2013,stimulus_2013,3,2,train
sub-05,2014,stimulus_2014,1,1,train
sub-05,2015,stimulus_2015,2,3,train
sub-05,2016,stimulus_2016,0,0,train
sub-05,2017,stimulus_2017,2,3,train
sub-05,2018,stimulus_2018,0,0,train
sub-05,2019,stimulus_2019,0,0,train
sub-05,2020,stimulus_2020,0,0,train
sub-05,2021,stimulus_2021,2,3,train
sub-05,2022,stimulus_2022,0,1,train
sub-05,2023,stimulus_2023,2,2,val
sub-05,2024,stimulus_2024,0,0,train
sub-05,2025,stimulus_2025,1,2,train
sub-05,2026,stimulus_2026,2,0,train
sub-05,2027,stimulus_2027,1,0,train
sub-05,2028,stimulus_2028,2,1,train
sub-05,2029,stimulus_2029,2,3,test
sub-05,2030,stimulus_2030,3,3,train
sub-05,2031,stimulus_2031,2,2,train
sub-05,2032,stimulus_2032,2,2,train
sub-05,2033,stimulus_2033,2,3,train
sub-05,2034,stimulus_2034,3,3,train
sub-05,2035,stimulus_2035,2,3,train
sub-05,2036,stimulus_2036,1,0,train
sub-05,2037,stimulus_2037,2,3,test
sub-05,2038,stimulus_2038,1,1,train
sub-05,2039,stimulus_2039,1,1,train
sub-05,2040,stimulus_2040,3,3,train
sub-05,2041,stimulus_2041,2,2,train
sub-05,2042,stimulus_2042,1,1,train
sub-05,2043,stimulus_2043,3,2,train
sub-05,2044,stimulus_2044,3,1,train
sub-05,2045,stimulus_2045,2,3,test
sub-05,2046,stimulus_2046,1,3,train
sub-05,2047,stimulus_2047,0,3,train
sub-05,2048,stimulus_2048,0,0,train
sub-05,2049,stimulus_2049,0,2,train
sub-05,2050,stimulus_2050,1,1,train
sub-05,2051,stimulus_2051,1,2,train
sub-05,2052,stimulus_2052,1,3,train
sub-05,2053,stimulus_2053,2,3,train
sub-05,2054,stimulus_2054,0,2,train
sub-05,2055,stimulus_2055,0,0,train
sub-05,2056,stimulus_2056,2,0,train
sub-05,2057,stimulus_2057,3,2,train
sub-05,2058,stimulus_2058,0,1,val
sub-05,2059,stimulus_2059,3,1,train
sub-05,2060,stimulus_2060,2,1,val
sub-05,2061,stimulus_2061,3,1,train
sub-05,2062,stimulus_2062,0,0,val
sub-05,2063,stimulus_2063,3,3,test
sub-05,2064,stimulus_2064,1,0,train
sub-05,2065,stimulus_2065,2,3,train
sub-05,2066,stimulus_2066,0,1,train
sub-05,2067,stimulus_2067,0,2,train
sub-05,2068,stimulus_2068,0,3,train
sub-05,2069,stimulus_2069,0,3,train
sub-05,2070,stimulus_2070,3,1,train
sub-05,2071,stimulus_2071,3,1,train
sub-05,2072,stimulus_2072,3,1,train
sub-05,2073,stimulus_2073,1,3,train
sub-05,2074,stimulus_2074,1,2,test
sub-05,2075,stimulus_2075,2,2,train
sub-05,2076,stimulus_2076,1,2,train
sub-05,2077,stimulus_2077,3,3,train
sub-05,2078,stimulus_2078,3,3,train
sub-05,2079,stimulus_2079,1,0,train
sub-05,2080,stimulus_2080,0,2,train
sub-05,2081,stimulus_2081,0,1,train
sub-05,2082,stimulus_2082,3,1,train
sub-05,2083,stimulus_2083,2,1,train
sub-05,2084,stimulus_2084,1,2,train
sub-05,2085,stimulus_2085,3,3,train
sub-05,2086,stimulus_2086,0,1,train
sub-05,2087,stimulus_2087,2,1,train
sub-05,2088,stimulus_2088,2,2,train
sub-05,2089,stimulus_2089,3,3,train
sub-05,2090,stimulus_2090,1,1,train
sub-05,2091,stimulus_2091,0,3,train
sub-05,2092,stimulus_2092,3,3,val
sub-05,2093,stimulus_2093,2,1,train
sub-05,2094,stimulus_2094,1,1,train
sub-05,2095,stimulus_2095,3,1,train
sub-05,2096,stimulus_2096,3,0,train
sub-05,2097,stimulus_2097,1,3,train
sub-05,2098,stimulus_2098,2,3,train
sub-05,2099,stimulus_2099,2,2,train
sub-05,2100,stimulus_2100,3,2,train
sub-05,2101,stimulus_2101,1,0,train
sub-05,2102,stimulus_2102,3,3,train
sub-05,2103,stimulus_2103,1,3,train
sub-05,2104,stimulus_2104,1,0,train
sub-05,2105,stimulus_2105,1,3,train
sub-05,2106,stimulus_2106,0,0,train
sub-05,2107,stimulus_2107,2,0,train
sub-05,2108,stimulus_2108,2,3,train
sub-05,2109,stimulus_2109,0,1,train
sub-05,2110,stimulus_2110,3,3,train
sub-05,2111,stimulus_2111,0,0,test
sub-05,2112,stimulus_2112,2,1,train
sub-05,2113,stimulus_2113,3,3,train
sub-05,2114,stimulus_2114,3,1,test
sub-05,2115,stimulus_2115,0,2,train
sub-05,2116,stimulus_2116,0,0,train
sub-05,2117,stimulus_2117,3,1,train
sub-05,2118,stimulus_2118,3,1,train
sub-05,2119,stimulus_2119,1,0,train
sub-05,2120,stimulus_2120,0,3,train
sub-05,2121,stimulus_2121,0,3,test
sub-05,2122,stimulus_2122,0,2,val
sub-05,2123,stimulus_2123,0,1,val
sub-05,2124,stimulus_2124,0,3,train
sub-05,2125,stimulus_2125,1,1,train
sub-05,2126,stimulus_2126,1,0,test
sub-05,2127,stimulus_2127,1,0,train
sub-05,2128,stimulus_2128,1,0,test
sub-05,2129,stimulus_2129,1,0,test
sub-05,2130,stimulus_2130,0,1,test
sub-05,2131,stimulus_2131,3,0,train
sub-05,2132,stimulus_2132,1,0,train
sub-05,2133,stimulus_2133,1,0,train
sub-05,2134,stimulus_2134,2,0,train
sub-05,2135,stimulus_2135,0,1,train
sub-05,2136,stimulus_2136,1,0,train
sub-05,2137,stimulus_2137,3,3,train
sub-05,2138,stimulus_2138,3,3,test
sub-05,2139,stimulus_2139,0,1,test
sub-05,2140,stimulus_2140,3,3,train
sub-05,2141,stimulus_2141,0,0,train
sub-05,2142,stimulus_2142,0,0,train
sub-05,2143,stimulus_2143,3,3,val
sub-05,2144,stimulus_2144,0,1,train
sub-05,2145,stimulus_2145,2,1,train
sub-05,2146,stimulus_2146,3,2,train
sub-05,2147,stimulus_2147,0,1,val
sub-05,2148,stimulus_2148,1,2,test
sub-05,2149,stimulus_2149,3,2,train
sub-05,2150,stimulus_2150,3,1,train
sub-05,2151,stimulus_2151,1,1,train
sub-05,2152,stimulus_2152,0,1,train
sub-05,2153,stimulus_2153,0,2,train
sub-05,2154,stimulus_2154,3,2,train
sub-05,2155,stimulus_2155,1,0,train
sub-05,2156,stimulus_2156,1,1,train
sub-05,2157,stimulus_2157,0,1,train
sub-05,2158,stimulus_2158,3,3,train
sub-05,2159,stimulus_2159,0,0,val
sub-05,2160,stimulus_2160,1,0,train
sub-05,2161,stimulus_2161,0,3,train
sub-05,2162,stimulus_2162,0,2,train
sub-05,2163,stimulus_2163,3,0,train
sub-05,2164,stimulus_2164,1,3,train
sub-05,2165,stimulus_2165,1,0,train
sub-05,2166,stimulus_2166,2,1,train
sub-05,2167,stimulus_2167,2,2,train
sub-05,2168,stimulus_2168,0,2,train
sub-05,2169,stimulus_2169,0,0,train
sub-05,2170,stimulus_2170,2,3,train
sub-05,2171,stimulus_2171,2,0,train
sub-05,2172,stimulus_2172,1,0,train
sub-05,2173,stimulus_2173,3,1,train
sub-05,2174,stimulus_2174,0,0,train
sub-05,2175,stimulus_2175,2,1,train
sub-05,2176,stimulus_2176,2,1,train
sub-05,2177,stimulus_2177,0,0,train
sub-05,2178,stimulus_2178,1,2,test
sub-05,2179,stimulus_2179,3,3,train
sub-05,2180,stimulus_2180,1,1,train
sub-05,2181,stimulus_2181,3,2,train
sub-05,2182,stimulus_2182,3,3,train
sub-05,2183,stimulus_2183,0,1,train
sub-05,2184,stimulus_2184,1,1,train
sub-05,2185,stimulus_2185,1,1,train
