# generated_by	prereg_v2/code/q1_voxel_census.py
# generated_at_utc	2026-09-28T04:05:48Z
# git_commit	5baff3177d0960aadd1e575fa5368e32a6dc8894
# python	/pscratch/sd/s/sjmoon/brain-jepa-env/bin/python
# asset_registry	/pscratch/sd/s/sjmoon/EmoBrain/prereg_v2/code/_assets.py
# asset_registry_sha256	9dc8264b6c79df478c33c4232818edd478489d852a05d90810918fbb2714bb5e
# frame_crop	(slice(12, 86, None), slice(12, 103, None), slice(1, 82, None))
# workers	16
# max_runs	0
# subjects	['sub-01', 'sub-02', 'sub-03', 'sub-04', 'sub-05']
participant_id	session	run	boundary_index	prev_stimulus	next_stimulus	tr_gap	boundary_dvars
sub-01	ses-01	run-01	1	baseline	2017.0	0	0.6858747005462646
sub-01	ses-01	run-01	2	2017.0	247.0	0	0.5186867117881775
sub-01	ses-01	run-01	3	247.0	540.0	0	0.47671955823898315
sub-01	ses-01	run-01	4	540.0	1162.0	0	0.5202711820602417
sub-01	ses-01	run-01	5	1162.0	946.0	0	0.5283688902854919
sub-01	ses-01	run-01	6	946.0	395.0	0	0.5247430205345154
sub-01	ses-01	run-01	7	395.0	677.0	0	0.5330408811569214
sub-01	ses-01	run-01	8	677.0	840.0	0	0.4997067451477051
sub-01	ses-01	run-01	9	840.0	1693.0	0	0.5253450870513916
sub-01	ses-01	run-01	10	1693.0	131.0	0	0.48764511942863464
sub-01	ses-01	run-01	11	131.0	1075.0	0	0.532748818397522
sub-01	ses-01	run-01	12	1075.0	1068.0	0	0.5466302633285522
sub-01	ses-01	run-01	13	1068.0	582.0	0	0.5271759629249573
sub-01	ses-01	run-01	14	582.0	500.0	0	0.5490221977233887
sub-01	ses-01	run-01	15	500.0	265.0	0	0.4908440113067627
sub-01	ses-01	run-01	16	265.0	2024.0	0	0.5273500680923462
sub-01	ses-01	run-01	17	2024.0	349.0	0	0.5248916149139404
sub-01	ses-01	run-01	18	349.0	895.0	0	0.5022351741790771
sub-01	ses-01	run-01	19	895.0	636.0	0	0.5244410037994385
sub-01	ses-01	run-01	20	636.0	569.0	0	0.5334427952766418
sub-01	ses-01	run-01	21	569.0	846.0	0	0.5643389821052551
sub-01	ses-01	run-01	22	846.0	139.0	0	0.49430587887763977
sub-01	ses-01	run-01	23	139.0	1894.0	0	0.5288013219833374
sub-01	ses-01	run-01	24	1894.0	1286.0	0	0.4888109862804413
sub-01	ses-01	run-01	25	1286.0	46.0	0	0.5118643641471863
sub-01	ses-01	run-01	26	46.0	1601.0	0	0.49533525109291077
sub-01	ses-01	run-01	27	1601.0	229.0	0	0.4954712688922882
sub-01	ses-01	run-01	28	229.0	615.0	0	0.46625256538391113
sub-01	ses-01	run-01	29	615.0	1500.0	0	0.6371731758117676
sub-01	ses-01	run-01	30	1500.0	1267.0	0	0.5679275989532471
sub-01	ses-01	run-01	31	1267.0	921.0	0	0.6720886826515198
sub-01	ses-01	run-01	32	921.0	936.0	0	0.5088769793510437
sub-01	ses-01	run-01	33	936.0	546.0	0	0.631442666053772
sub-01	ses-01	run-01	34	546.0	1405.0	0	0.48196494579315186
sub-01	ses-01	run-01	35	1405.0	2097.0	0	0.5394813418388367
sub-01	ses-01	run-01	36	2097.0	1917.0	0	0.5439304113388062
sub-01	ses-01	run-02	1	baseline	173.0	0	0.5975260734558105
sub-01	ses-01	run-02	2	173.0	687.0	0	0.4977535903453827
sub-01	ses-01	run-02	3	687.0	472.0	0	0.5209338068962097
sub-01	ses-01	run-02	4	472.0	400.0	0	0.5378443598747253
sub-01	ses-01	run-02	5	400.0	960.0	0	0.5196255445480347
sub-01	ses-01	run-02	6	960.0	386.0	0	0.5206571221351624
sub-01	ses-01	run-02	7	386.0	904.0	0	0.5200827121734619
sub-01	ses-01	run-02	8	904.0	456.0	0	0.4818800985813141
sub-01	ses-01	run-02	9	456.0	352.0	0	0.4838840663433075
sub-01	ses-01	run-02	10	352.0	259.0	0	0.5128805637359619
sub-01	ses-01	run-02	11	259.0	1897.0	0	0.5901991724967957
sub-01	ses-01	run-02	12	1897.0	732.0	0	0.5212559103965759
sub-01	ses-01	run-02	13	732.0	1668.0	0	0.5166656374931335
sub-01	ses-01	run-02	14	1668.0	805.0	0	0.46530652046203613
sub-01	ses-01	run-02	15	805.0	877.0	0	0.5003464221954346
sub-01	ses-01	run-02	16	877.0	1657.0	0	0.5092004537582397
sub-01	ses-01	run-02	17	1657.0	261.0	0	0.5217302441596985
sub-01	ses-01	run-02	18	261.0	416.0	0	0.5145623683929443
sub-01	ses-01	run-02	19	416.0	2177.0	0	0.5093417763710022
sub-01	ses-01	run-02	20	2177.0	1538.0	0	0.5333067178726196
sub-01	ses-01	run-02	21	1538.0	1837.0	0	0.7427533864974976
sub-01	ses-01	run-02	22	1837.0	929.0	0	0.5060831904411316
sub-01	ses-01	run-02	23	929.0	1990.0	0	0.5039041042327881
sub-01	ses-01	run-02	24	1990.0	499.0	0	0.5848211050033569
sub-01	ses-01	run-02	25	499.0	2007.0	0	0.5237805247306824
sub-01	ses-01	run-02	26	2007.0	1356.0	0	0.516528308391571
sub-01	ses-01	run-02	27	1356.0	219.0	0	0.5587378740310669
sub-01	ses-01	run-02	28	219.0	215.0	0	0.5584253072738647
sub-01	ses-01	run-02	29	215.0	953.0	0	0.5312848091125488
sub-01	ses-01	run-02	30	953.0	1131.0	0	0.5929140448570251
sub-01	ses-01	run-02	31	1131.0	1505.0	0	0.5599119663238525
sub-01	ses-01	run-02	32	1505.0	1736.0	0	0.701613187789917
sub-01	ses-01	run-02	33	1736.0	238.0	0	0.5494120717048645
sub-01	ses-01	run-02	34	238.0	1979.0	0	0.5013025403022766
sub-01	ses-01	run-02	35	1979.0	471.0	0	0.5355578660964966
sub-01	ses-01	run-02	36	471.0	1583.0	0	0.6273480653762817
sub-01	ses-01	run-03	1	baseline	678.0	0	0.6207579970359802
sub-01	ses-01	run-03	2	678.0	402.0	0	0.49101489782333374
sub-01	ses-01	run-03	3	402.0	507.0	0	0.5053633451461792
sub-01	ses-01	run-03	4	507.0	711.0	0	0.51092928647995
sub-01	ses-01	run-03	5	711.0	1306.0	0	0.5748839974403381
sub-01	ses-01	run-03	6	1306.0	819.0	0	0.5370158553123474
sub-01	ses-01	run-03	7	819.0	1323.0	0	0.5558470487594604
sub-01	ses-01	run-03	8	1323.0	521.0	0	0.5360376834869385
sub-01	ses-01	run-03	9	521.0	369.0	0	0.48711511492729187
sub-01	ses-01	run-03	10	369.0	421.0	0	0.4531615376472473
sub-01	ses-01	run-03	11	421.0	1395.0	0	0.5565184354782104
sub-01	ses-01	run-03	12	1395.0	1258.0	0	0.5221307277679443
sub-01	ses-01	run-03	13	1258.0	1914.0	0	0.516960620880127
sub-01	ses-01	run-03	14	1914.0	695.0	0	0.5122187733650208
sub-01	ses-01	run-03	15	695.0	617.0	0	0.5024055242538452
sub-01	ses-01	run-03	16	617.0	886.0	0	0.5031991600990295
sub-01	ses-01	run-03	17	886.0	2076.0	0	0.508967936038971
sub-01	ses-01	run-03	18	2076.0	192.0	0	0.6114288568496704
sub-01	ses-01	run-03	19	192.0	970.0	0	0.5414400696754456
sub-01	ses-01	run-03	20	970.0	1899.0	0	0.5746287703514099
sub-01	ses-01	run-03	21	1899.0	495.0	0	0.5894582271575928
sub-01	ses-01	run-03	22	495.0	390.0	0	0.5472192168235779
sub-01	ses-01	run-03	23	390.0	1426.0	0	0.5078355073928833
sub-01	ses-01	run-03	24	1426.0	393.0	0	0.5374682545661926
sub-01	ses-01	run-03	25	393.0	1211.0	0	0.4686322510242462
sub-01	ses-01	run-03	26	1211.0	1141.0	0	0.4881138503551483
sub-01	ses-01	run-03	27	1141.0	811.0	0	0.49558013677597046
sub-01	ses-01	run-03	28	811.0	2140.0	0	0.5000696182250977
sub-01	ses-01	run-03	29	2140.0	145.0	0	0.5493755340576172
sub-01	ses-01	run-03	30	145.0	208.0	0	0.5411337018013
sub-01	ses-01	run-03	31	208.0	1723.0	0	0.5125911235809326
sub-01	ses-01	run-03	32	1723.0	2014.0	0	0.5754174590110779
sub-01	ses-01	run-03	33	2014.0	1270.0	0	0.593657910823822
sub-01	ses-01	run-03	34	1270.0	1819.0	0	0.5616112947463989
sub-01	ses-01	run-03	35	1819.0	1911.0	0	0.549283504486084
sub-01	ses-01	run-03	36	1911.0	157.0	0	0.6191884279251099
sub-01	ses-01	run-04	1	baseline	317.0	0	0.5433007478713989
sub-01	ses-01	run-04	2	317.0	1835.0	0	0.5164526700973511
sub-01	ses-01	run-04	3	1835.0	1266.0	0	0.5579860210418701
sub-01	ses-01	run-04	4	1266.0	1390.0	0	0.5025699734687805
sub-01	ses-01	run-04	5	1390.0	95.0	0	0.480284184217453
sub-01	ses-01	run-04	6	95.0	1847.0	0	0.5370149612426758
sub-01	ses-01	run-04	7	1847.0	1731.0	0	0.5699267983436584
sub-01	ses-01	run-04	8	1731.0	1333.0	0	0.5299830436706543
sub-01	ses-01	run-04	9	1333.0	1922.0	0	0.5324354767799377
sub-01	ses-01	run-04	10	1922.0	1912.0	0	0.5535629987716675
sub-01	ses-01	run-04	11	1912.0	452.0	0	0.5020177960395813
sub-01	ses-01	run-04	12	452.0	2133.0	0	0.5225982666015625
sub-01	ses-01	run-04	13	2133.0	717.0	0	0.5634318590164185
sub-01	ses-01	run-04	14	717.0	231.0	0	0.5785325169563293
sub-01	ses-01	run-04	15	231.0	1106.0	0	0.5200324058532715
sub-01	ses-01	run-04	16	1106.0	230.0	0	0.5126970410346985
sub-01	ses-01	run-04	17	230.0	119.0	0	0.5263125896453857
sub-01	ses-01	run-04	18	119.0	1276.0	0	0.5404547452926636
sub-01	ses-01	run-04	19	1276.0	200.0	0	0.515072226524353
sub-01	ses-01	run-04	20	200.0	2135.0	0	0.593676745891571
sub-01	ses-01	run-04	21	2135.0	311.0	0	0.4779205918312073
sub-01	ses-01	run-04	22	311.0	1587.0	0	0.4836655855178833
sub-01	ses-01	run-04	23	1587.0	1245.0	0	0.5680341124534607
sub-01	ses-01	run-04	24	1245.0	1962.0	0	0.5447069406509399
sub-01	ses-01	run-04	25	1962.0	780.0	0	0.6153218150138855
sub-01	ses-01	run-04	26	780.0	309.0	0	0.5897400379180908
sub-01	ses-01	run-04	27	309.0	1250.0	0	0.4908113479614258
sub-01	ses-01	run-04	28	1250.0	1455.0	0	0.5375898480415344
sub-01	ses-01	run-04	29	1455.0	1952.0	0	0.48880186676979065
sub-01	ses-01	run-04	30	1952.0	1557.0	0	0.47220051288604736
sub-01	ses-01	run-04	31	1557.0	1507.0	0	0.4805731177330017
sub-01	ses-01	run-04	32	1507.0	1580.0	0	0.5185747742652893
sub-01	ses-01	run-04	33	1580.0	2108.0	0	0.5371800065040588
sub-01	ses-01	run-04	34	2108.0	1302.0	0	0.480594277381897
sub-01	ses-01	run-04	35	1302.0	338.0	0	0.5690969824790955
sub-01	ses-01	run-04	36	338.0	1710.0	0	0.5121340751647949
sub-01	ses-01	run-05	1	baseline	1383.0	0	0.6564023494720459
sub-01	ses-01	run-05	2	1383.0	83.0	0	0.5645028352737427
sub-01	ses-01	run-05	3	83.0	1968.0	0	0.5537779331207275
sub-01	ses-01	run-05	4	1968.0	218.0	0	0.5829693078994751
sub-01	ses-01	run-05	5	218.0	2191.0	0	0.5772141218185425
sub-01	ses-01	run-05	6	2191.0	1077.0	0	0.5311124324798584
sub-01	ses-01	run-05	7	1077.0	1520.0	0	0.5247793793678284
sub-01	ses-01	run-05	8	1520.0	1070.0	0	0.534051775932312
sub-01	ses-01	run-05	9	1070.0	1166.0	0	0.5297027230262756
sub-01	ses-01	run-05	10	1166.0	1424.0	0	0.5135486721992493
sub-01	ses-01	run-05	11	1424.0	1389.0	0	0.526630699634552
sub-01	ses-01	run-05	12	1389.0	1829.0	0	0.54632169008255
sub-01	ses-01	run-05	13	1829.0	2043.0	0	0.5644118189811707
sub-01	ses-01	run-05	14	2043.0	751.0	0	0.48400527238845825
sub-01	ses-01	run-05	15	751.0	1566.0	0	0.5404183268547058
sub-01	ses-01	run-05	16	1566.0	345.0	0	0.5484371781349182
sub-01	ses-01	run-05	17	345.0	595.0	0	0.5452181100845337
sub-01	ses-01	run-05	18	595.0	1771.0	0	0.5689948201179504
sub-01	ses-01	run-05	19	1771.0	2167.0	0	0.490039587020874
sub-01	ses-01	run-05	20	2167.0	988.0	0	0.6272057890892029
sub-01	ses-01	run-05	21	988.0	419.0	0	0.6219844222068787
sub-01	ses-01	run-05	22	419.0	170.0	0	0.48936545848846436
sub-01	ses-01	run-05	23	170.0	762.0	0	0.5454115867614746
sub-01	ses-01	run-05	24	762.0	1995.0	0	0.6009840965270996
sub-01	ses-01	run-05	25	1995.0	2168.0	0	0.6123828291893005
sub-01	ses-01	run-05	26	2168.0	1810.0	0	0.5427097678184509
sub-01	ses-01	run-05	27	1810.0	299.0	0	0.5405234098434448
sub-01	ses-01	run-05	28	299.0	1823.0	0	0.5577552914619446
sub-01	ses-01	run-05	29	1823.0	17.0	0	0.483106791973114
sub-01	ses-01	run-05	30	17.0	36.0	0	0.5304654836654663
sub-01	ses-01	run-05	31	36.0	487.0	0	0.6171699166297913
sub-01	ses-01	run-05	32	487.0	536.0	0	0.5971453785896301
sub-01	ses-01	run-05	33	536.0	910.0	0	0.5537282228469849
sub-01	ses-01	run-05	34	910.0	1464.0	0	0.6086072325706482
sub-01	ses-01	run-05	35	1464.0	1073.0	0	0.4960043430328369
sub-01	ses-01	run-05	36	1073.0	485.0	0	0.5329275131225586
sub-01	ses-01	run-06	1	baseline	934.0	0	0.5593110918998718
sub-01	ses-01	run-06	2	934.0	1780.0	0	0.5202722549438477
sub-01	ses-01	run-06	3	1780.0	1160.0	0	0.523622453212738
sub-01	ses-01	run-06	4	1160.0	1597.0	0	0.5400674343109131
sub-01	ses-01	run-06	5	1597.0	1954.0	0	0.5339295268058777
sub-01	ses-01	run-06	6	1954.0	596.0	0	0.526321530342102
sub-01	ses-01	run-06	7	596.0	1462.0	0	0.4793899357318878
sub-01	ses-01	run-06	8	1462.0	779.0	0	0.49450990557670593
sub-01	ses-01	run-06	9	779.0	356.0	0	0.44731420278549194
sub-01	ses-01	run-06	10	356.0	1319.0	0	0.5287549495697021
sub-01	ses-01	run-06	11	1319.0	922.0	0	0.5118687748908997
sub-01	ses-01	run-06	12	922.0	2171.0	0	0.5151214003562927
sub-01	ses-01	run-06	13	2171.0	955.0	0	0.47902727127075195
sub-01	ses-01	run-06	14	955.0	479.0	0	0.5188919305801392
sub-01	ses-01	run-06	15	479.0	1385.0	0	0.49833494424819946
sub-01	ses-01	run-06	16	1385.0	511.0	0	0.46274518966674805
sub-01	ses-01	run-06	17	511.0	2034.0	0	0.6200661659240723
sub-01	ses-01	run-06	18	2034.0	449.0	0	0.5848575830459595
sub-01	ses-01	run-06	19	449.0	664.0	0	0.5138806104660034
sub-01	ses-01	run-06	20	664.0	1129.0	0	0.5496121048927307
sub-01	ses-01	run-06	21	1129.0	1858.0	0	0.5459342002868652
sub-01	ses-01	run-06	22	1858.0	1856.0	0	0.4990873634815216
sub-01	ses-01	run-06	23	1856.0	833.0	0	0.5875735878944397
sub-01	ses-01	run-06	24	833.0	1140.0	0	0.5023677945137024
sub-01	ses-01	run-06	25	1140.0	783.0	0	0.5136718153953552
sub-01	ses-01	run-06	26	783.0	1179.0	0	0.5894506573677063
sub-01	ses-01	run-06	27	1179.0	1887.0	0	0.6277379989624023
sub-01	ses-01	run-06	28	1887.0	2003.0	0	0.5115579962730408
sub-01	ses-01	run-06	29	2003.0	96.0	0	0.5860589146614075
sub-01	ses-01	run-06	30	96.0	58.0	0	0.5159718990325928
sub-01	ses-01	run-06	31	58.0	86.0	0	0.575522243976593
sub-01	ses-01	run-06	32	86.0	176.0	0	0.6160800457000732
sub-01	ses-01	run-06	33	176.0	211.0	0	0.5788753032684326
sub-01	ses-01	run-06	34	211.0	1349.0	0	0.5548017621040344
sub-01	ses-01	run-06	35	1349.0	2189.0	0	0.49410340189933777
sub-01	ses-01	run-06	36	2189.0	686.0	0	0.5342103838920593
sub-01	ses-02	run-01	1	baseline	1663.0	0	0.5884950757026672
sub-01	ses-02	run-01	2	1663.0	900.0	0	0.5319480299949646
sub-01	ses-02	run-01	3	900.0	2186.0	0	0.5370725989341736
sub-01	ses-02	run-01	4	2186.0	572.0	0	0.5126889944076538
sub-01	ses-02	run-01	5	572.0	1747.0	0	0.5316312909126282
sub-01	ses-02	run-01	6	1747.0	715.0	0	0.5080361366271973
sub-01	ses-02	run-01	7	715.0	453.0	0	0.4934261739253998
sub-01	ses-02	run-01	8	453.0	835.0	0	0.5364813208580017
sub-01	ses-02	run-01	9	835.0	146.0	0	0.6094865798950195
sub-01	ses-02	run-01	10	146.0	1324.0	0	0.5874203443527222
sub-01	ses-02	run-01	11	1324.0	826.0	0	0.5634657144546509
sub-01	ses-02	run-01	12	826.0	2145.0	0	0.49661198258399963
sub-01	ses-02	run-01	13	2145.0	389.0	0	0.504867434501648
sub-01	ses-02	run-01	14	389.0	1011.0	0	0.502595841884613
sub-01	ses-02	run-01	15	1011.0	185.0	0	0.5329176783561707
sub-01	ses-02	run-01	16	185.0	716.0	0	0.5354422330856323
sub-01	ses-02	run-01	17	716.0	347.0	0	0.5702937245368958
sub-01	ses-02	run-01	18	347.0	1757.0	0	0.4908015727996826
sub-01	ses-02	run-01	19	1757.0	1078.0	0	0.5697805881500244
sub-01	ses-02	run-01	20	1078.0	64.0	0	0.6019618511199951
sub-01	ses-02	run-01	21	64.0	1144.0	0	0.5841148495674133
sub-01	ses-02	run-01	22	1144.0	828.0	0	0.5490025281906128
sub-01	ses-02	run-01	23	828.0	1929.0	0	0.6154463291168213
sub-01	ses-02	run-01	24	1929.0	2002.0	0	0.588128924369812
sub-01	ses-02	run-01	25	2002.0	1616.0	0	0.5627603530883789
sub-01	ses-02	run-01	26	1616.0	1097.0	0	0.5515506267547607
sub-01	ses-02	run-01	27	1097.0	1014.0	0	0.6181237697601318
sub-01	ses-02	run-01	28	1014.0	286.0	0	0.5326399207115173
sub-01	ses-02	run-01	29	286.0	41.0	0	0.568777322769165
sub-01	ses-02	run-01	30	41.0	1327.0	0	0.5532587170600891
sub-01	ses-02	run-01	31	1327.0	276.0	0	0.5793899893760681
sub-01	ses-02	run-01	32	276.0	989.0	0	0.5832436680793762
sub-01	ses-02	run-01	33	989.0	932.0	0	0.5888357162475586
sub-01	ses-02	run-01	34	932.0	151.0	0	0.5670437216758728
sub-01	ses-02	run-01	35	151.0	1387.0	0	0.581390380859375
sub-01	ses-02	run-01	36	1387.0	66.0	0	0.5397321581840515
sub-01	ses-02	run-02	1	baseline	694.0	0	0.5978434085845947
sub-01	ses-02	run-02	2	694.0	1274.0	0	0.5828070640563965
sub-01	ses-02	run-02	3	1274.0	1919.0	0	0.5299224257469177
sub-01	ses-02	run-02	4	1919.0	746.0	0	0.5026627779006958
sub-01	ses-02	run-02	5	746.0	1444.0	0	0.5834973454475403
sub-01	ses-02	run-02	6	1444.0	584.0	0	0.6032183766365051
sub-01	ses-02	run-02	7	584.0	1558.0	0	0.5388969779014587
sub-01	ses-02	run-02	8	1558.0	1402.0	0	0.5795848965644836
sub-01	ses-02	run-02	9	1402.0	1433.0	0	0.505381166934967
sub-01	ses-02	run-02	10	1433.0	1763.0	0	0.5574232339859009
sub-01	ses-02	run-02	11	1763.0	570.0	0	0.5540450215339661
sub-01	ses-02	run-02	12	570.0	34.0	0	0.555924117565155
sub-01	ses-02	run-02	13	34.0	578.0	0	0.5569097399711609
sub-01	ses-02	run-02	14	578.0	1287.0	0	0.5424622297286987
sub-01	ses-02	run-02	15	1287.0	2082.0	0	0.48880043625831604
sub-01	ses-02	run-02	16	2082.0	1772.0	0	0.46947580575942993
sub-01	ses-02	run-02	17	1772.0	1150.0	0	0.5250911712646484
sub-01	ses-02	run-02	18	1150.0	61.0	0	0.5117000937461853
sub-01	ses-02	run-02	19	61.0	1469.0	0	0.5087038278579712
sub-01	ses-02	run-02	20	1469.0	1164.0	0	0.5005027055740356
sub-01	ses-02	run-02	21	1164.0	580.0	0	0.5952226519584656
sub-01	ses-02	run-02	22	580.0	1098.0	0	0.641990065574646
sub-01	ses-02	run-02	23	1098.0	794.0	0	0.4948734641075134
sub-01	ses-02	run-02	24	794.0	398.0	0	0.5117005705833435
sub-01	ses-02	run-02	25	398.0	467.0	0	0.5110105276107788
sub-01	ses-02	run-02	26	467.0	433.0	0	0.5398420691490173
sub-01	ses-02	run-02	27	433.0	852.0	0	0.5248391628265381
sub-01	ses-02	run-02	28	852.0	2086.0	0	0.5411162376403809
sub-01	ses-02	run-02	29	2086.0	1305.0	0	0.5387164950370789
sub-01	ses-02	run-02	30	1305.0	1660.0	0	0.6377555727958679
sub-01	ses-02	run-02	31	1660.0	2139.0	0	0.5620660781860352
sub-01	ses-02	run-02	32	2139.0	244.0	0	0.5206282734870911
sub-01	ses-02	run-02	33	244.0	1706.0	0	0.6693746447563171
sub-01	ses-02	run-02	34	1706.0	1126.0	0	0.5263977646827698
sub-01	ses-02	run-02	35	1126.0	1342.0	0	0.5308072566986084
sub-01	ses-02	run-02	36	1342.0	1121.0	0	0.5315320491790771
sub-01	ses-02	run-03	1	baseline	2110.0	0	0.6393083930015564
sub-01	ses-02	run-03	2	2110.0	1850.0	0	0.5841146111488342
sub-01	ses-02	run-03	3	1850.0	1564.0	0	0.5432699918746948
sub-01	ses-02	run-03	4	1564.0	14.0	0	0.6488605737686157
sub-01	ses-02	run-03	5	14.0	609.0	0	0.5769531726837158
sub-01	ses-02	run-03	6	609.0	668.0	0	0.5486302971839905
sub-01	ses-02	run-03	7	668.0	1499.0	0	0.5059800148010254
sub-01	ses-02	run-03	8	1499.0	1153.0	0	0.49014145135879517
sub-01	ses-02	run-03	9	1153.0	1368.0	0	0.5183690786361694
sub-01	ses-02	run-03	10	1368.0	1831.0	0	0.5404266119003296
sub-01	ses-02	run-03	11	1831.0	121.0	0	0.5014277696609497
sub-01	ses-02	run-03	12	121.0	2022.0	0	0.5143309235572815
sub-01	ses-02	run-03	13	2022.0	1171.0	0	0.6153966784477234
sub-01	ses-02	run-03	14	1171.0	1556.0	0	0.5524910092353821
sub-01	ses-02	run-03	15	1556.0	673.0	0	0.531300961971283
sub-01	ses-02	run-03	16	673.0	1948.0	0	0.5099973082542419
sub-01	ses-02	run-03	17	1948.0	2156.0	0	0.5164098143577576
sub-01	ses-02	run-03	18	2156.0	1501.0	0	0.5367772579193115
sub-01	ses-02	run-03	19	1501.0	857.0	0	0.5362642407417297
sub-01	ses-02	run-03	20	857.0	1263.0	0	0.5157462954521179
sub-01	ses-02	run-03	21	1263.0	730.0	0	0.5909443497657776
sub-01	ses-02	run-03	22	730.0	995.0	0	0.5790348649024963
sub-01	ses-02	run-03	23	995.0	1918.0	0	0.5841041803359985
sub-01	ses-02	run-03	24	1918.0	1418.0	0	0.6668647527694702
sub-01	ses-02	run-03	25	1418.0	277.0	0	0.6278148889541626
sub-01	ses-02	run-03	26	277.0	1898.0	0	0.5177014470100403
sub-01	ses-02	run-03	27	1898.0	1021.0	0	0.5862288475036621
sub-01	ses-02	run-03	28	1021.0	1974.0	0	0.5523816347122192
sub-01	ses-02	run-03	29	1974.0	1352.0	0	0.5401424169540405
sub-01	ses-02	run-03	30	1352.0	2074.0	0	0.5859507322311401
sub-01	ses-02	run-03	31	2074.0	1309.0	0	0.5279799103736877
sub-01	ses-02	run-03	32	1309.0	1115.0	0	0.5436888933181763
sub-01	ses-02	run-03	33	1115.0	365.0	0	0.5673396587371826
sub-01	ses-02	run-03	34	365.0	747.0	0	0.5562313795089722
sub-01	ses-02	run-03	35	747.0	652.0	0	0.6182846426963806
sub-01	ses-02	run-03	36	652.0	928.0	0	0.5982558131217957
sub-01	ses-02	run-04	1	baseline	2062.0	0	0.6523200273513794
sub-01	ses-02	run-04	2	2062.0	1000.0	0	0.5847197771072388
sub-01	ses-02	run-04	3	1000.0	2114.0	0	0.5309159159660339
sub-01	ses-02	run-04	4	2114.0	353.0	0	0.5560778379440308
sub-01	ses-02	run-04	5	353.0	1726.0	0	0.6100019216537476
sub-01	ses-02	run-04	6	1726.0	1353.0	0	0.5885185599327087
sub-01	ses-02	run-04	7	1353.0	186.0	0	0.5852506756782532
sub-01	ses-02	run-04	8	186.0	24.0	0	0.6172276735305786
sub-01	ses-02	run-04	9	24.0	1059.0	0	0.5458643436431885
sub-01	ses-02	run-04	10	1059.0	859.0	0	0.5163646340370178
sub-01	ses-02	run-04	11	859.0	1861.0	0	0.5497785806655884
sub-01	ses-02	run-04	12	1861.0	408.0	0	0.5577011108398438
sub-01	ses-02	run-04	13	408.0	1573.0	0	0.5814047455787659
sub-01	ses-02	run-04	14	1573.0	1145.0	0	0.7053356766700745
sub-01	ses-02	run-04	15	1145.0	129.0	0	0.5713731050491333
sub-01	ses-02	run-04	16	129.0	836.0	0	0.5897096395492554
sub-01	ses-02	run-04	17	836.0	344.0	0	0.609199047088623
sub-01	ses-02	run-04	18	344.0	1374.0	0	0.5356942415237427
sub-01	ses-02	run-04	19	1374.0	1937.0	0	0.5655694603919983
sub-01	ses-02	run-04	20	1937.0	1792.0	0	0.5912523865699768
sub-01	ses-02	run-04	21	1792.0	1372.0	0	0.5235744118690491
sub-01	ses-02	run-04	22	1372.0	865.0	0	0.5363867282867432
sub-01	ses-02	run-04	23	865.0	368.0	0	0.5411936044692993
sub-01	ses-02	run-04	24	368.0	109.0	0	0.6226246953010559
sub-01	ses-02	run-04	25	109.0	251.0	0	0.567823052406311
sub-01	ses-02	run-04	26	251.0	242.0	0	0.6397383213043213
sub-01	ses-02	run-04	27	242.0	714.0	0	0.5452843308448792
sub-01	ses-02	run-04	28	714.0	1988.0	0	0.5387575030326843
sub-01	ses-02	run-04	29	1988.0	1875.0	0	0.5135512351989746
sub-01	ses-02	run-04	30	1875.0	497.0	0	0.550594687461853
sub-01	ses-02	run-04	31	497.0	30.0	0	0.5283640027046204
sub-01	ses-02	run-04	32	30.0	2020.0	0	0.49789807200431824
sub-01	ses-02	run-04	33	2020.0	76.0	0	0.5620336532592773
sub-01	ses-02	run-04	34	76.0	1756.0	0	0.5864460468292236
sub-01	ses-02	run-04	35	1756.0	1664.0	0	0.5473570227622986
sub-01	ses-02	run-04	36	1664.0	1022.0	0	0.5640730857849121
sub-01	ses-02	run-05	1	baseline	318.0	0	0.5368561744689941
sub-01	ses-02	run-05	2	318.0	195.0	0	0.6359022259712219
sub-01	ses-02	run-05	3	195.0	801.0	0	0.559700608253479
sub-01	ses-02	run-05	4	801.0	319.0	0	0.5906082987785339
sub-01	ses-02	run-05	5	319.0	113.0	0	0.5760546922683716
sub-01	ses-02	run-05	6	113.0	243.0	0	0.6486929655075073
sub-01	ses-02	run-05	7	243.0	975.0	0	0.5665988326072693
sub-01	ses-02	run-05	8	975.0	1437.0	0	0.6054372787475586
sub-01	ses-02	run-05	9	1437.0	1243.0	0	0.5351558327674866
sub-01	ses-02	run-05	10	1243.0	766.0	0	0.5108211636543274
sub-01	ses-02	run-05	11	766.0	888.0	0	0.5595614314079285
sub-01	ses-02	run-05	12	888.0	1120.0	0	0.5411710143089294
sub-01	ses-02	run-05	13	1120.0	947.0	0	0.5561275482177734
sub-01	ses-02	run-05	14	947.0	1056.0	0	0.5243034362792969
sub-01	ses-02	run-05	15	1056.0	1083.0	0	0.5865047574043274
sub-01	ses-02	run-05	16	1083.0	1613.0	0	0.62230384349823
sub-01	ses-02	run-05	17	1613.0	1091.0	0	0.5474145412445068
sub-01	ses-02	run-05	18	1091.0	1259.0	0	0.4954303503036499
sub-01	ses-02	run-05	19	1259.0	654.0	0	0.5569416880607605
sub-01	ses-02	run-05	20	654.0	1809.0	0	0.5657631158828735
sub-01	ses-02	run-05	21	1809.0	1512.0	0	0.5660543441772461
sub-01	ses-02	run-05	22	1512.0	1185.0	0	0.5780369639396667
sub-01	ses-02	run-05	23	1185.0	1292.0	0	0.5454468727111816
sub-01	ses-02	run-05	24	1292.0	1336.0	0	0.5782058835029602
sub-01	ses-02	run-05	25	1336.0	1490.0	0	0.5740971565246582
sub-01	ses-02	run-05	26	1490.0	1330.0	0	0.593277633190155
sub-01	ses-02	run-05	27	1330.0	494.0	0	0.5917981863021851
sub-01	ses-02	run-05	28	494.0	1665.0	0	0.5447287559509277
sub-01	ses-02	run-05	29	1665.0	1778.0	0	0.5057363510131836
sub-01	ses-02	run-05	30	1778.0	1815.0	0	0.6237855553627014
sub-01	ses-02	run-05	31	1815.0	1019.0	0	0.669353187084198
sub-01	ses-02	run-05	32	1019.0	359.0	0	0.6851657032966614
sub-01	ses-02	run-05	33	359.0	825.0	0	0.5798243284225464
sub-01	ses-02	run-05	34	825.0	647.0	0	0.61738520860672
sub-01	ses-02	run-05	35	647.0	1004.0	0	0.721716046333313
sub-01	ses-02	run-05	36	1004.0	1373.0	0	0.6438825130462646
sub-01	ses-02	run-06	1	baseline	2068.0	0	0.5372008085250854
sub-01	ses-02	run-06	2	2068.0	435.0	0	0.5084221363067627
sub-01	ses-02	run-06	3	435.0	1057.0	0	0.5530264377593994
sub-01	ses-02	run-06	4	1057.0	1777.0	0	0.5802968144416809
sub-01	ses-02	run-06	5	1777.0	1907.0	0	0.6289743185043335
sub-01	ses-02	run-06	6	1907.0	981.0	0	0.5148351788520813
sub-01	ses-02	run-06	7	981.0	1741.0	0	0.4904446601867676
sub-01	ses-02	run-06	8	1741.0	1025.0	0	0.5599926114082336
sub-01	ses-02	run-06	9	1025.0	1135.0	0	0.6325319409370422
sub-01	ses-02	run-06	10	1135.0	729.0	0	0.5429385900497437
sub-01	ses-02	run-06	11	729.0	882.0	0	0.5381384491920471
sub-01	ses-02	run-06	12	882.0	1026.0	0	0.5988160371780396
sub-01	ses-02	run-06	13	1026.0	1502.0	0	0.5354546308517456
sub-01	ses-02	run-06	14	1502.0	2119.0	0	0.5222447514533997
sub-01	ses-02	run-06	15	2119.0	1148.0	0	0.517418384552002
sub-01	ses-02	run-06	16	1148.0	234.0	0	0.5617401599884033
sub-01	ses-02	run-06	17	234.0	1802.0	0	0.5558122396469116
sub-01	ses-02	run-06	18	1802.0	1997.0	0	0.5401903986930847
sub-01	ses-02	run-06	19	1997.0	1534.0	0	0.5981262922286987
sub-01	ses-02	run-06	20	1534.0	324.0	0	0.5460322499275208
sub-01	ses-02	run-06	21	324.0	1531.0	0	0.5302932858467102
sub-01	ses-02	run-06	22	1531.0	554.0	0	0.5419673919677734
sub-01	ses-02	run-06	23	554.0	1540.0	0	0.5618131160736084
sub-01	ses-02	run-06	24	1540.0	144.0	0	0.5661279559135437
sub-01	ses-02	run-06	25	144.0	697.0	0	0.5444116592407227
sub-01	ses-02	run-06	26	697.0	1237.0	0	0.534017026424408
sub-01	ses-02	run-06	27	1237.0	202.0	0	0.5816110968589783
sub-01	ses-02	run-06	28	202.0	1071.0	0	0.6993035078048706
sub-01	ses-02	run-06	29	1071.0	952.0	0	0.6882108449935913
sub-01	ses-02	run-06	30	952.0	1009.0	0	0.5785440802574158
sub-01	ses-02	run-06	31	1009.0	703.0	0	0.5525456666946411
sub-01	ses-02	run-06	32	703.0	2147.0	0	0.521835207939148
sub-01	ses-02	run-06	33	2147.0	1965.0	0	0.5551559925079346
sub-01	ses-02	run-06	34	1965.0	1828.0	0	0.5478565692901611
sub-01	ses-02	run-06	35	1828.0	2084.0	0	0.6356258392333984
sub-01	ses-02	run-06	36	2084.0	764.0	0	0.6502916216850281
sub-01	ses-02	run-07	1	baseline	2166.0	0	0.5711145401000977
sub-01	ses-02	run-07	2	2166.0	1449.0	0	0.5955352187156677
sub-01	ses-02	run-07	3	1449.0	2036.0	0	0.5230082273483276
sub-01	ses-02	run-07	4	2036.0	1932.0	0	0.558540403842926
sub-01	ses-02	run-07	5	1932.0	937.0	0	0.5066139101982117
sub-01	ses-02	run-07	6	937.0	792.0	0	0.6500653624534607
sub-01	ses-02	run-07	7	792.0	290.0	0	0.5441505908966064
sub-01	ses-02	run-07	8	290.0	1800.0	0	0.4931773245334625
sub-01	ses-02	run-07	9	1800.0	1194.0	0	0.5636353492736816
sub-01	ses-02	run-07	10	1194.0	50.0	0	0.5946434736251831
sub-01	ses-02	run-07	11	50.0	1575.0	0	0.533825695514679
sub-01	ses-02	run-07	12	1575.0	1467.0	0	0.565453827381134
sub-01	ses-02	run-07	13	1467.0	774.0	0	0.5767850875854492
sub-01	ses-02	run-07	14	774.0	1976.0	0	0.5463778376579285
sub-01	ses-02	run-07	15	1976.0	488.0	0	0.5367081761360168
sub-01	ses-02	run-07	16	488.0	1161.0	0	0.5363503098487854
sub-01	ses-02	run-07	17	1161.0	531.0	0	0.5946775078773499
sub-01	ses-02	run-07	18	531.0	688.0	0	0.4950195252895355
sub-01	ses-02	run-07	19	688.0	212.0	0	0.5983453392982483
sub-01	ses-02	run-07	20	212.0	1216.0	0	0.5732219815254211
sub-01	ses-02	run-07	21	1216.0	37.0	0	0.5114319324493408
sub-01	ses-02	run-07	22	37.0	939.0	0	0.540407121181488
sub-01	ses-02	run-07	23	939.0	2056.0	0	0.5043504238128662
sub-01	ses-02	run-07	24	2056.0	1970.0	0	0.5133002996444702
sub-01	ses-02	run-07	25	1970.0	847.0	0	0.5067502856254578
sub-01	ses-02	run-07	26	847.0	1134.0	0	0.5394598841667175
sub-01	ses-02	run-07	27	1134.0	743.0	0	0.6131448149681091
sub-01	ses-02	run-07	28	743.0	759.0	0	0.5503758192062378
sub-01	ses-02	run-07	29	759.0	142.0	0	0.5641348361968994
sub-01	ses-02	run-07	30	142.0	624.0	0	0.499671995639801
sub-01	ses-02	run-07	31	624.0	2059.0	0	0.5240004062652588
sub-01	ses-02	run-07	32	2059.0	1642.0	0	0.553502082824707
sub-01	ses-02	run-07	33	1642.0	2184.0	0	0.5823938250541687
sub-01	ses-02	run-07	34	2184.0	640.0	0	0.568932056427002
sub-01	ses-02	run-07	35	640.0	1132.0	0	0.5220383405685425
sub-01	ses-02	run-07	36	1132.0	1865.0	0	0.5911030769348145
sub-01	ses-02	run-08	1	baseline	564.0	0	0.6143336296081543
sub-01	ses-02	run-08	2	564.0	381.0	0	0.5921374559402466
sub-01	ses-02	run-08	3	381.0	562.0	0	0.5491387844085693
sub-01	ses-02	run-08	4	562.0	1874.0	0	0.5739660263061523
sub-01	ses-02	run-08	5	1874.0	750.0	0	0.5423643589019775
sub-01	ses-02	run-08	6	750.0	1841.0	0	0.5502610802650452
sub-01	ses-02	run-08	7	1841.0	460.0	0	0.5365732908248901
sub-01	ses-02	run-08	8	460.0	1220.0	0	0.6528863906860352
sub-01	ses-02	run-08	9	1220.0	1242.0	0	0.5630598664283752
sub-01	ses-02	run-08	10	1242.0	320.0	0	0.5025943517684937
sub-01	ses-02	run-08	11	320.0	2010.0	0	0.5497585535049438
sub-01	ses-02	run-08	12	2010.0	2091.0	0	0.5104300379753113
sub-01	ses-02	run-08	13	2091.0	1308.0	0	0.5256730318069458
sub-01	ses-02	run-08	14	1308.0	310.0	0	0.5246615409851074
sub-01	ses-02	run-08	15	310.0	2130.0	0	0.49710923433303833
sub-01	ses-02	run-08	16	2130.0	42.0	0	0.5535825490951538
sub-01	ses-02	run-08	17	42.0	1826.0	0	0.6324012279510498
sub-01	ses-02	run-08	18	1826.0	1537.0	0	0.539657473564148
sub-01	ses-02	run-08	19	1537.0	149.0	0	0.6144123673439026
sub-01	ses-02	run-08	20	149.0	1720.0	0	0.6266425251960754
sub-01	ses-02	run-08	21	1720.0	1610.0	0	0.5801195502281189
sub-01	ses-02	run-08	22	1610.0	94.0	0	0.561887264251709
sub-01	ses-02	run-08	23	94.0	1036.0	0	0.5466175675392151
sub-01	ses-02	run-08	24	1036.0	3.0	0	0.5449134707450867
sub-01	ses-02	run-08	25	3.0	477.0	0	0.5612283945083618
sub-01	ses-02	run-08	26	477.0	957.0	0	0.5967310070991516
sub-01	ses-02	run-08	27	957.0	586.0	0	0.5165402293205261
sub-01	ses-02	run-08	28	586.0	1816.0	0	0.5247812867164612
sub-01	ses-02	run-08	29	1816.0	412.0	0	0.5410676598548889
sub-01	ses-02	run-08	30	412.0	1428.0	0	0.5513377785682678
sub-01	ses-02	run-08	31	1428.0	1717.0	0	0.5828273296356201
sub-01	ses-02	run-08	32	1717.0	637.0	0	0.5182755589485168
sub-01	ses-02	run-08	33	637.0	127.0	0	0.605105459690094
sub-01	ses-02	run-08	34	127.0	1788.0	0	0.5580482482910156
sub-01	ses-02	run-08	35	1788.0	685.0	0	0.5560877919197083
sub-01	ses-02	run-08	36	685.0	232.0	0	0.532656729221344
sub-01	ses-03	run-01	1	baseline	1719.0	0	0.5606856346130371
sub-01	ses-03	run-01	2	1719.0	67.0	0	0.5026752352714539
sub-01	ses-03	run-01	3	67.0	1964.0	0	0.5207738280296326
sub-01	ses-03	run-01	4	1964.0	1230.0	0	0.5405310392379761
sub-01	ses-03	run-01	5	1230.0	1585.0	0	0.4987584948539734
sub-01	ses-03	run-01	6	1585.0	55.0	0	0.5034431219100952
sub-01	ses-03	run-01	7	55.0	1527.0	0	0.5264521837234497
sub-01	ses-03	run-01	8	1527.0	1915.0	0	0.5400577783584595
sub-01	ses-03	run-01	9	1915.0	1504.0	0	0.5337693691253662
sub-01	ses-03	run-01	10	1504.0	1377.0	0	0.5275214314460754
sub-01	ses-03	run-01	11	1377.0	196.0	0	0.5313259959220886
sub-01	ses-03	run-01	12	196.0	236.0	0	0.5564619898796082
sub-01	ses-03	run-01	13	236.0	917.0	0	0.5228757858276367
sub-01	ses-03	run-01	14	917.0	1487.0	0	0.528509259223938
sub-01	ses-03	run-01	15	1487.0	241.0	0	0.5321745276451111
sub-01	ses-03	run-01	16	241.0	1981.0	0	0.5244811177253723
sub-01	ses-03	run-01	17	1981.0	505.0	0	0.49677610397338867
sub-01	ses-03	run-01	18	505.0	823.0	0	0.5038056373596191
sub-01	ses-03	run-01	19	823.0	777.0	0	0.5508830547332764
sub-01	ses-03	run-01	20	777.0	506.0	0	0.5743653774261475
sub-01	ses-03	run-01	21	506.0	1517.0	0	0.5460549592971802
sub-01	ses-03	run-01	22	1517.0	1993.0	0	0.5388500690460205
sub-01	ses-03	run-01	23	1993.0	976.0	0	0.6980053186416626
sub-01	ses-03	run-01	24	976.0	620.0	0	0.5201889276504517
sub-01	ses-03	run-01	25	620.0	93.0	0	0.5710144639015198
sub-01	ses-03	run-01	26	93.0	559.0	0	0.5769115686416626
sub-01	ses-03	run-01	27	559.0	1013.0	0	0.5249662399291992
sub-01	ses-03	run-01	28	1013.0	1165.0	0	0.5115019679069519
sub-01	ses-03	run-01	29	1165.0	181.0	0	0.4897918403148651
sub-01	ses-03	run-01	30	181.0	490.0	0	0.5249794721603394
sub-01	ses-03	run-01	31	490.0	982.0	0	0.5395047664642334
sub-01	ses-03	run-01	32	982.0	945.0	0	0.4998992383480072
sub-01	ses-03	run-01	33	945.0	556.0	0	0.4872497320175171
sub-01	ses-03	run-01	34	556.0	2037.0	0	0.5057103633880615
sub-01	ses-03	run-01	35	2037.0	905.0	0	0.5078201293945312
sub-01	ses-03	run-01	36	905.0	2054.0	0	0.527873694896698
sub-01	ses-03	run-02	1	baseline	1811.0	0	0.5221459865570068
sub-01	ses-03	run-02	2	1811.0	1411.0	0	0.5075811743736267
sub-01	ses-03	run-02	3	1411.0	1215.0	0	0.4792398512363434
sub-01	ses-03	run-02	4	1215.0	623.0	0	0.4835275709629059
sub-01	ses-03	run-02	5	623.0	684.0	0	0.47731614112854004
sub-01	ses-03	run-02	6	684.0	720.0	0	0.5146300792694092
sub-01	ses-03	run-02	7	720.0	224.0	0	0.7656175494194031
sub-01	ses-03	run-02	8	224.0	1421.0	0	0.6287121176719666
sub-01	ses-03	run-02	9	1421.0	2080.0	0	0.6439813375473022
sub-01	ses-03	run-02	10	2080.0	868.0	0	0.5454358458518982
sub-01	ses-03	run-02	11	868.0	1879.0	0	0.5443803071975708
sub-01	ses-03	run-02	12	1879.0	1222.0	0	0.5305088758468628
sub-01	ses-03	run-02	13	1222.0	1870.0	0	0.49812227487564087
sub-01	ses-03	run-02	14	1870.0	1889.0	0	0.5180308222770691
sub-01	ses-03	run-02	15	1889.0	574.0	0	0.5121301412582397
sub-01	ses-03	run-02	16	574.0	912.0	0	0.4951469898223877
sub-01	ses-03	run-02	17	912.0	1412.0	0	0.4961221516132355
sub-01	ses-03	run-02	18	1412.0	2089.0	0	0.5489904880523682
sub-01	ses-03	run-02	19	2089.0	110.0	0	0.5677476525306702
sub-01	ses-03	run-02	20	110.0	282.0	0	0.6000790596008301
sub-01	ses-03	run-02	21	282.0	1256.0	0	0.6195437908172607
sub-01	ses-03	run-02	22	1256.0	745.0	0	0.723671019077301
sub-01	ses-03	run-02	23	745.0	1677.0	0	0.722184956073761
sub-01	ses-03	run-02	24	1677.0	874.0	0	0.48864227533340454
sub-01	ses-03	run-02	25	874.0	705.0	0	0.5429115891456604
sub-01	ses-03	run-02	26	705.0	1689.0	0	0.5432010293006897
sub-01	ses-03	run-02	27	1689.0	274.0	0	0.5368476510047913
sub-01	ses-03	run-02	28	274.0	1403.0	0	0.580733060836792
sub-01	ses-03	run-02	29	1403.0	713.0	0	0.5057679414749146
sub-01	ses-03	run-02	30	713.0	875.0	0	0.5391426682472229
sub-01	ses-03	run-02	31	875.0	791.0	0	0.5453592538833618
sub-01	ses-03	run-02	32	791.0	523.0	0	0.5390831828117371
sub-01	ses-03	run-02	33	523.0	314.0	0	0.5572188496589661
sub-01	ses-03	run-02	34	314.0	1477.0	0	0.5259741544723511
sub-01	ses-03	run-02	35	1477.0	1174.0	0	0.5525601506233215
sub-01	ses-03	run-02	36	1174.0	363.0	0	0.5638146996498108
sub-01	ses-03	run-03	1	baseline	284.0	0	0.577508270740509
sub-01	ses-03	run-03	2	284.0	633.0	0	0.5564395189285278
sub-01	ses-03	run-03	3	633.0	354.0	0	0.5329214334487915
sub-01	ses-03	run-03	4	354.0	770.0	0	0.5519038438796997
sub-01	ses-03	run-03	5	770.0	579.0	0	0.5657122135162354
sub-01	ses-03	run-03	6	579.0	2181.0	0	0.510147213935852
sub-01	ses-03	run-03	7	2181.0	1533.0	0	0.5725659728050232
sub-01	ses-03	run-03	8	1533.0	9.0	0	0.5839778184890747
sub-01	ses-03	run-03	9	9.0	103.0	0	0.5679765939712524
sub-01	ses-03	run-03	10	103.0	1157.0	0	0.6101657748222351
sub-01	ses-03	run-03	11	1157.0	1953.0	0	0.7258332967758179
sub-01	ses-03	run-03	12	1953.0	68.0	0	0.9203816652297974
sub-01	ses-03	run-03	13	68.0	862.0	0	0.5595958232879639
sub-01	ses-03	run-03	14	862.0	1734.0	0	0.5278100967407227
sub-01	ses-03	run-03	15	1734.0	1908.0	0	0.5470429062843323
sub-01	ses-03	run-03	16	1908.0	1775.0	0	0.47178342938423157
sub-01	ses-03	run-03	17	1775.0	1440.0	0	0.49345239996910095
sub-01	ses-03	run-03	18	1440.0	619.0	0	0.48447999358177185
sub-01	ses-03	run-03	19	619.0	941.0	0	0.47713902592658997
sub-01	ses-03	run-03	20	941.0	906.0	0	0.5445826053619385
sub-01	ses-03	run-03	21	906.0	590.0	0	0.613547682762146
sub-01	ses-03	run-03	22	590.0	1608.0	0	0.5895019769668579
sub-01	ses-03	run-03	23	1608.0	739.0	0	0.5897608995437622
sub-01	ses-03	run-03	24	739.0	601.0	0	0.5068675875663757
sub-01	ses-03	run-03	25	601.0	2174.0	0	0.6427187919616699
sub-01	ses-03	run-03	26	2174.0	1526.0	0	0.5609910488128662
sub-01	ses-03	run-03	27	1526.0	1737.0	0	0.5487135648727417
sub-01	ses-03	run-03	28	1737.0	1653.0	0	0.49374815821647644
sub-01	ses-03	run-03	29	1653.0	782.0	0	0.4936104416847229
sub-01	ses-03	run-03	30	782.0	84.0	0	0.540998637676239
sub-01	ses-03	run-03	31	84.0	253.0	0	0.5195608139038086
sub-01	ses-03	run-03	32	253.0	581.0	0	0.524419367313385
sub-01	ses-03	run-03	33	581.0	577.0	0	0.5697267651557922
sub-01	ses-03	run-03	34	577.0	1592.0	0	0.5443910956382751
sub-01	ses-03	run-03	35	1592.0	1401.0	0	0.6544891595840454
sub-01	ses-03	run-03	36	1401.0	1367.0	0	0.5461820363998413
sub-01	ses-03	run-04	1	baseline	985.0	0	0.5425918698310852
sub-01	ses-03	run-04	2	985.0	853.0	0	0.575861394405365
sub-01	ses-03	run-04	3	853.0	2094.0	0	0.6454433798789978
sub-01	ses-03	run-04	4	2094.0	785.0	0	0.5134986639022827
sub-01	ses-03	run-04	5	785.0	431.0	0	0.5175145864486694
sub-01	ses-03	run-04	6	431.0	114.0	0	0.5419600605964661
sub-01	ses-03	run-04	7	114.0	432.0	0	0.5113462209701538
sub-01	ses-03	run-04	8	432.0	1839.0	0	0.522156834602356
sub-01	ses-03	run-04	9	1839.0	2125.0	0	0.5444219708442688
sub-01	ses-03	run-04	10	2125.0	1969.0	0	0.555163562297821
sub-01	ses-03	run-04	11	1969.0	167.0	0	0.5299624800682068
sub-01	ses-03	run-04	12	167.0	111.0	0	0.5224937796592712
sub-01	ses-03	run-04	13	111.0	980.0	0	0.5575002431869507
sub-01	ses-03	run-04	14	980.0	217.0	0	0.5633787512779236
sub-01	ses-03	run-04	15	217.0	1251.0	0	0.5576645731925964
sub-01	ses-03	run-04	16	1251.0	844.0	0	0.6525304317474365
sub-01	ses-03	run-04	17	844.0	483.0	0	0.7865765690803528
sub-01	ses-03	run-04	18	483.0	1046.0	0	0.554696798324585
sub-01	ses-03	run-04	19	1046.0	1554.0	0	0.49988502264022827
sub-01	ses-03	run-04	20	1554.0	10.0	0	0.5207662582397461
sub-01	ses-03	run-04	21	10.0	701.0	0	0.5801400542259216
sub-01	ses-03	run-04	22	701.0	147.0	0	0.5751106142997742
sub-01	ses-03	run-04	23	147.0	2028.0	0	0.6828832030296326
sub-01	ses-03	run-04	24	2028.0	2132.0	0	0.5492238402366638
sub-01	ses-03	run-04	25	2132.0	670.0	0	0.5463060140609741
sub-01	ses-03	run-04	26	670.0	1739.0	0	0.597995936870575
sub-01	ses-03	run-04	27	1739.0	1178.0	0	0.4815991520881653
sub-01	ses-03	run-04	28	1178.0	1882.0	0	0.5397294759750366
sub-01	ses-03	run-04	29	1882.0	197.0	0	0.6540501713752747
sub-01	ses-03	run-04	30	197.0	518.0	0	0.5435605049133301
sub-01	ses-03	run-04	31	518.0	963.0	0	0.5832868814468384
sub-01	ses-03	run-04	32	963.0	594.0	0	0.6167389750480652
sub-01	ses-03	run-04	33	594.0	428.0	0	0.5657824873924255
sub-01	ses-03	run-04	34	428.0	2026.0	0	0.5279689431190491
sub-01	ses-03	run-04	35	2026.0	22.0	0	0.5298618078231812
sub-01	ses-03	run-04	36	22.0	1190.0	0	0.5761554837226868
sub-01	ses-03	run-05	1	baseline	884.0	0	0.5715986490249634
sub-01	ses-03	run-05	2	884.0	938.0	0	0.5118207335472107
sub-01	ses-03	run-05	3	938.0	824.0	0	0.5420007109642029
sub-01	ses-03	run-05	4	824.0	165.0	0	0.5608602166175842
sub-01	ses-03	run-05	5	165.0	1909.0	0	0.5284278988838196
sub-01	ses-03	run-05	6	1909.0	1690.0	0	0.5185538530349731
sub-01	ses-03	run-05	7	1690.0	1521.0	0	0.4616331458091736
sub-01	ses-03	run-05	8	1521.0	1617.0	0	0.5820015072822571
sub-01	ses-03	run-05	9	1617.0	1084.0	0	0.4778576195240021
sub-01	ses-03	run-05	10	1084.0	1290.0	0	0.4977564513683319
sub-01	ses-03	run-05	11	1290.0	28.0	0	0.5661951899528503
sub-01	ses-03	run-05	12	28.0	1544.0	0	0.4953326880931854
sub-01	ses-03	run-05	13	1544.0	706.0	0	0.4885087013244629
sub-01	ses-03	run-05	14	706.0	481.0	0	0.5799787044525146
sub-01	ses-03	run-05	15	481.0	1364.0	0	0.526593029499054
sub-01	ses-03	run-05	16	1364.0	576.0	0	0.4883083701133728
sub-01	ses-03	run-05	17	576.0	1236.0	0	0.5001678466796875
sub-01	ses-03	run-05	18	1236.0	650.0	0	0.6342430710792542
sub-01	ses-03	run-05	19	650.0	2196.0	0	0.5969663262367249
sub-01	ses-03	run-05	20	2196.0	1485.0	0	0.6153273582458496
sub-01	ses-03	run-05	21	1485.0	38.0	0	0.6428638696670532
sub-01	ses-03	run-05	22	38.0	1496.0	0	0.6081027388572693
sub-01	ses-03	run-05	23	1496.0	335.0	0	0.532900333404541
sub-01	ses-03	run-05	24	335.0	154.0	0	0.7512193322181702
sub-01	ses-03	run-05	25	154.0	1271.0	0	0.5994352698326111
sub-01	ses-03	run-05	26	1271.0	2143.0	0	0.5181804299354553
sub-01	ses-03	run-05	27	2143.0	855.0	0	0.5572723150253296
sub-01	ses-03	run-05	28	855.0	1095.0	0	0.5753243565559387
sub-01	ses-03	run-05	29	1095.0	986.0	0	0.49062323570251465
sub-01	ses-03	run-05	30	986.0	565.0	0	0.5364248752593994
sub-01	ses-03	run-05	31	565.0	2075.0	0	0.5030809044837952
sub-01	ses-03	run-05	32	2075.0	1445.0	0	0.5080230236053467
sub-01	ses-03	run-05	33	1445.0	561.0	0	0.5838647484779358
sub-01	ses-03	run-05	34	561.0	493.0	0	0.5806257128715515
sub-01	ses-03	run-05	35	493.0	854.0	0	0.6378536820411682
sub-01	ses-03	run-05	36	854.0	815.0	0	0.586094856262207
sub-01	ses-03	run-06	1	baseline	1181.0	0	0.5839064121246338
sub-01	ses-03	run-06	2	1181.0	1794.0	0	0.5113036632537842
sub-01	ses-03	run-06	3	1794.0	1799.0	0	0.5109294652938843
sub-01	ses-03	run-06	4	1799.0	447.0	0	0.545982837677002
sub-01	ses-03	run-06	5	447.0	1035.0	0	0.5371595025062561
sub-01	ses-03	run-06	6	1035.0	1949.0	0	0.4979783892631531
sub-01	ses-03	run-06	7	1949.0	992.0	0	0.4709223806858063
sub-01	ses-03	run-06	8	992.0	1764.0	0	0.5827168822288513
sub-01	ses-03	run-06	9	1764.0	553.0	0	0.5741222500801086
sub-01	ses-03	run-06	10	553.0	2115.0	0	0.5824657678604126
sub-01	ses-03	run-06	11	2115.0	2092.0	0	0.5560412406921387
sub-01	ses-03	run-06	12	2092.0	1127.0	0	0.6115763187408447
sub-01	ses-03	run-06	13	1127.0	257.0	0	0.49283260107040405
sub-01	ses-03	run-06	14	257.0	1473.0	0	0.520687997341156
sub-01	ses-03	run-06	15	1473.0	194.0	0	0.5112426280975342
sub-01	ses-03	run-06	16	194.0	458.0	0	0.599362850189209
sub-01	ses-03	run-06	17	458.0	1118.0	0	0.5753710269927979
sub-01	ses-03	run-06	18	1118.0	1670.0	0	0.5077316164970398
sub-01	ses-03	run-06	19	1670.0	1639.0	0	0.5812821388244629
sub-01	ses-03	run-06	20	1639.0	522.0	0	0.5461190938949585
sub-01	ses-03	run-06	21	522.0	1910.0	0	0.5865829586982727
sub-01	ses-03	run-06	22	1910.0	2021.0	0	0.6164796352386475
sub-01	ses-03	run-06	23	2021.0	1892.0	0	0.5431647300720215
sub-01	ses-03	run-06	24	1892.0	1975.0	0	0.561569094657898
sub-01	ses-03	run-06	25	1975.0	1219.0	0	0.6948016881942749
sub-01	ses-03	run-06	26	1219.0	2099.0	0	0.583408534526825
sub-01	ses-03	run-06	27	2099.0	1854.0	0	0.5409058928489685
sub-01	ses-03	run-06	28	1854.0	1967.0	0	0.5091925263404846
sub-01	ses-03	run-06	29	1967.0	1329.0	0	0.6065714359283447
sub-01	ses-03	run-06	30	1329.0	223.0	0	0.5434415936470032
sub-01	ses-03	run-06	31	223.0	1745.0	0	0.5649785399436951
sub-01	ses-03	run-06	32	1745.0	838.0	0	0.5462229251861572
sub-01	ses-03	run-06	33	838.0	526.0	0	0.5088127851486206
sub-01	ses-03	run-06	34	526.0	1761.0	0	0.5462828874588013
sub-01	ses-03	run-06	35	1761.0	133.0	0	0.5867193341255188
sub-01	ses-03	run-06	36	133.0	702.0	0	0.6657554507255554
sub-01	ses-03	run-07	1	baseline	942.0	0	0.5328308939933777
sub-01	ses-03	run-07	2	942.0	1801.0	0	0.552556037902832
sub-01	ses-03	run-07	3	1801.0	1102.0	0	0.5911669135093689
sub-01	ses-03	run-07	4	1102.0	102.0	0	0.5415307879447937
sub-01	ses-03	run-07	5	102.0	814.0	0	0.5093637108802795
sub-01	ses-03	run-07	6	814.0	2018.0	0	0.5652008652687073
sub-01	ses-03	run-07	7	2018.0	737.0	0	0.5037659406661987
sub-01	ses-03	run-07	8	737.0	658.0	0	0.46830713748931885
sub-01	ses-03	run-07	9	658.0	610.0	0	0.528349757194519
sub-01	ses-03	run-07	10	610.0	538.0	0	0.6766360402107239
sub-01	ses-03	run-07	11	538.0	160.0	0	0.5360100269317627
sub-01	ses-03	run-07	12	160.0	1069.0	0	0.5220178961753845
sub-01	ses-03	run-07	13	1069.0	1058.0	0	0.5809351205825806
sub-01	ses-03	run-07	14	1058.0	1895.0	0	0.5473129153251648
sub-01	ses-03	run-07	15	1895.0	1052.0	0	0.4991111159324646
sub-01	ses-03	run-07	16	1052.0	13.0	0	0.5301971435546875
sub-01	ses-03	run-07	17	13.0	337.0	0	0.4913405478000641
sub-01	ses-03	run-07	18	337.0	1100.0	0	0.5488800406455994
sub-01	ses-03	run-07	19	1100.0	796.0	0	0.5673360824584961
sub-01	ses-03	run-07	20	796.0	213.0	0	0.5220087766647339
sub-01	ses-03	run-07	21	213.0	1658.0	0	0.5576745867729187
sub-01	ses-03	run-07	22	1658.0	410.0	0	0.6811035871505737
sub-01	ses-03	run-07	23	410.0	591.0	0	0.6688276529312134
sub-01	ses-03	run-07	24	591.0	415.0	0	0.5685157179832458
sub-01	ses-03	run-07	25	415.0	611.0	0	0.5207567811012268
sub-01	ses-03	run-07	26	611.0	1635.0	0	0.49457553029060364
sub-01	ses-03	run-07	27	1635.0	560.0	0	0.5579678416252136
sub-01	ses-03	run-07	28	560.0	1268.0	0	0.5333897471427917
sub-01	ses-03	run-07	29	1268.0	2112.0	0	0.5481980443000793
sub-01	ses-03	run-07	30	2112.0	1119.0	0	0.5305015444755554
sub-01	ses-03	run-07	31	1119.0	216.0	0	0.5962949991226196
sub-01	ses-03	run-07	32	216.0	630.0	0	0.561859667301178
sub-01	ses-03	run-07	33	630.0	429.0	0	0.5483610033988953
sub-01	ses-03	run-07	34	429.0	736.0	0	0.6640897393226624
sub-01	ses-03	run-07	35	736.0	1301.0	0	0.7391101121902466
sub-01	ses-03	run-07	36	1301.0	653.0	0	0.6031930446624756
sub-01	ses-03	run-08	1	baseline	2128.0	0	0.5528991222381592
sub-01	ses-03	run-08	2	2128.0	1450.0	0	0.5058702230453491
sub-01	ses-03	run-08	3	1450.0	597.0	0	0.5487512350082397
sub-01	ses-03	run-08	4	597.0	2164.0	0	0.5528836250305176
sub-01	ses-03	run-08	5	2164.0	72.0	0	0.5502228140830994
sub-01	ses-03	run-08	6	72.0	1696.0	0	0.6499431133270264
sub-01	ses-03	run-08	7	1696.0	1712.0	0	0.8109198212623596
sub-01	ses-03	run-08	8	1712.0	480.0	0	0.7387080788612366
sub-01	ses-03	run-08	9	480.0	858.0	0	0.5595628023147583
sub-01	ses-03	run-08	10	858.0	1574.0	0	0.4945072531700134
sub-01	ses-03	run-08	11	1574.0	1417.0	0	0.4977237284183502
sub-01	ses-03	run-08	12	1417.0	1029.0	0	0.503915011882782
sub-01	ses-03	run-08	13	1029.0	1931.0	0	0.4812813699245453
sub-01	ses-03	run-08	14	1931.0	1509.0	0	0.47209277749061584
sub-01	ses-03	run-08	15	1509.0	809.0	0	0.5735767483711243
sub-01	ses-03	run-08	16	809.0	1207.0	0	0.5085716247558594
sub-01	ses-03	run-08	17	1207.0	1003.0	0	0.4728400409221649
sub-01	ses-03	run-08	18	1003.0	816.0	0	0.4736925959587097
sub-01	ses-03	run-08	19	816.0	738.0	0	0.4765312969684601
sub-01	ses-03	run-08	20	738.0	634.0	0	0.5310316681861877
sub-01	ses-03	run-08	21	634.0	1679.0	0	0.5339897871017456
sub-01	ses-03	run-08	22	1679.0	1614.0	0	0.6126952171325684
sub-01	ses-03	run-08	23	1614.0	693.0	0	0.6851632595062256
sub-01	ses-03	run-08	24	693.0	1625.0	0	0.6334633231163025
sub-01	ses-03	run-08	25	1625.0	761.0	0	0.5643660426139832
sub-01	ses-03	run-08	26	761.0	358.0	0	0.4997858703136444
sub-01	ses-03	run-08	27	358.0	1408.0	0	0.5114789009094238
sub-01	ses-03	run-08	28	1408.0	285.0	0	0.4772014617919922
sub-01	ses-03	run-08	29	285.0	2073.0	0	0.5335500240325928
sub-01	ses-03	run-08	30	2073.0	1956.0	0	0.5861603021621704
sub-01	ses-03	run-08	31	1956.0	305.0	0	0.5216667056083679
sub-01	ses-03	run-08	32	305.0	767.0	0	0.5124881863594055
sub-01	ses-03	run-08	33	767.0	1183.0	0	0.44302693009376526
sub-01	ses-03	run-08	34	1183.0	1312.0	0	0.5407787561416626
sub-01	ses-03	run-08	35	1312.0	1698.0	0	0.5673241019248962
sub-01	ses-03	run-08	36	1698.0	1525.0	0	0.6350831389427185
sub-01	ses-04	run-01	1	baseline	1814.0	0	0.5312699675559998
sub-01	ses-04	run-01	2	1814.0	1432.0	0	0.6264616847038269
sub-01	ses-04	run-01	3	1432.0	573.0	0	0.5394754409790039
sub-01	ses-04	run-01	4	573.0	1866.0	0	0.5120107531547546
sub-01	ses-04	run-01	5	1866.0	524.0	0	0.5182477831840515
sub-01	ses-04	run-01	6	524.0	2042.0	0	0.49720048904418945
sub-01	ses-04	run-01	7	2042.0	2158.0	0	0.48304036259651184
sub-01	ses-04	run-01	8	2158.0	666.0	0	0.5021153092384338
sub-01	ses-04	run-01	9	666.0	1291.0	0	0.5177951455116272
sub-01	ses-04	run-01	10	1291.0	125.0	0	0.6426985263824463
sub-01	ses-04	run-01	11	125.0	1703.0	0	0.8656879663467407
sub-01	ses-04	run-01	12	1703.0	1559.0	0	0.5468359589576721
sub-01	ses-04	run-01	13	1559.0	1749.0	0	0.47785183787345886
sub-01	ses-04	run-01	14	1749.0	1357.0	0	0.45940282940864563
sub-01	ses-04	run-01	15	1357.0	1294.0	0	0.47028616070747375
sub-01	ses-04	run-01	16	1294.0	43.0	0	0.490152508020401
sub-01	ses-04	run-01	17	43.0	1869.0	0	0.6097597479820251
sub-01	ses-04	run-01	18	1869.0	1966.0	0	0.6255657076835632
sub-01	ses-04	run-01	19	1966.0	1415.0	0	0.5370095372200012
sub-01	ses-04	run-01	20	1415.0	517.0	0	0.5276511311531067
sub-01	ses-04	run-01	21	517.0	1155.0	0	0.48422932624816895
sub-01	ses-04	run-01	22	1155.0	1994.0	0	0.5642884373664856
sub-01	ses-04	run-01	23	1994.0	16.0	0	0.550476610660553
sub-01	ses-04	run-01	24	16.0	1753.0	0	0.5523974895477295
sub-01	ses-04	run-01	25	1753.0	727.0	0	0.4819866120815277
sub-01	ses-04	run-01	26	727.0	935.0	0	0.49795132875442505
sub-01	ses-04	run-01	27	935.0	621.0	0	0.5496417880058289
sub-01	ses-04	run-01	28	621.0	475.0	0	0.547572672367096
sub-01	ses-04	run-01	29	475.0	1128.0	0	0.5793645977973938
sub-01	ses-04	run-01	30	1128.0	1750.0	0	0.48222941160202026
sub-01	ses-04	run-01	31	1750.0	267.0	0	0.5190832614898682
sub-01	ses-04	run-01	32	267.0	343.0	0	0.507361650466919
sub-01	ses-04	run-01	33	343.0	1924.0	0	0.6135650277137756
sub-01	ses-04	run-01	34	1924.0	60.0	0	0.5645340085029602
sub-01	ses-04	run-01	35	60.0	1806.0	0	0.5901440382003784
sub-01	ses-04	run-01	36	1806.0	2153.0	0	0.6017793416976929
sub-01	ses-04	run-02	1	baseline	384.0	0	0.4974895417690277
sub-01	ses-04	run-02	2	384.0	583.0	0	0.5124748349189758
sub-01	ses-04	run-02	3	583.0	571.0	0	0.5692681074142456
sub-01	ses-04	run-02	4	571.0	1335.0	0	0.4669676125049591
sub-01	ses-04	run-02	5	1335.0	1484.0	0	0.45473232865333557
sub-01	ses-04	run-02	6	1484.0	2103.0	0	0.4925386607646942
sub-01	ses-04	run-02	7	2103.0	1647.0	0	0.5387729406356812
sub-01	ses-04	run-02	8	1647.0	1651.0	0	0.5250392556190491
sub-01	ses-04	run-02	9	1651.0	397.0	0	0.47603702545166016
sub-01	ses-04	run-02	10	397.0	134.0	0	0.5087453126907349
sub-01	ses-04	run-02	11	134.0	1186.0	0	0.5327998399734497
sub-01	ses-04	run-02	12	1186.0	1885.0	0	0.5520056486129761
sub-01	ses-04	run-02	13	1885.0	1797.0	0	0.48851799964904785
sub-01	ses-04	run-02	14	1797.0	765.0	0	0.5049151182174683
sub-01	ses-04	run-02	15	765.0	532.0	0	0.5630410313606262
sub-01	ses-04	run-02	16	532.0	423.0	0	0.582170307636261
sub-01	ses-04	run-02	17	423.0	649.0	0	0.5237345695495605
sub-01	ses-04	run-02	18	649.0	987.0	0	0.5641494989395142
sub-01	ses-04	run-02	19	987.0	841.0	0	0.5380207300186157
sub-01	ses-04	run-02	20	841.0	2157.0	0	0.5012394785881042
sub-01	ses-04	run-02	21	2157.0	1051.0	0	0.5153286457061768
sub-01	ses-04	run-02	22	1051.0	2172.0	0	0.6080495119094849
sub-01	ses-04	run-02	23	2172.0	674.0	0	0.5837425589561462
sub-01	ses-04	run-02	24	674.0	62.0	0	0.49135392904281616
sub-01	ses-04	run-02	25	62.0	1452.0	0	0.6498404741287231
sub-01	ses-04	run-02	26	1452.0	1282.0	0	0.655805230140686
sub-01	ses-04	run-02	27	1282.0	1774.0	0	0.48518097400665283
sub-01	ses-04	run-02	28	1774.0	1773.0	0	0.5294106006622314
sub-01	ses-04	run-02	29	1773.0	204.0	0	0.6435022354125977
sub-01	ses-04	run-02	30	204.0	1252.0	0	0.4990962743759155
sub-01	ses-04	run-02	31	1252.0	525.0	0	0.47612184286117554
sub-01	ses-04	run-02	32	525.0	592.0	0	0.4895922541618347
sub-01	ses-04	run-02	33	592.0	255.0	0	0.5652324557304382
sub-01	ses-04	run-02	34	255.0	1012.0	0	0.5782473087310791
sub-01	ses-04	run-02	35	1012.0	1214.0	0	0.5027052164077759
sub-01	ses-04	run-02	36	1214.0	2053.0	0	0.5899981260299683
sub-01	ses-04	run-03	1	baseline	1314.0	0	0.500835120677948
sub-01	ses-04	run-03	2	1314.0	177.0	0	0.5138816833496094
sub-01	ses-04	run-03	3	177.0	137.0	0	0.6320751309394836
sub-01	ses-04	run-03	4	137.0	869.0	0	0.7741407752037048
sub-01	ses-04	run-03	5	869.0	1247.0	0	0.532545804977417
sub-01	ses-04	run-03	6	1247.0	1803.0	0	0.5480249524116516
sub-01	ses-04	run-03	7	1803.0	627.0	0	0.4982783794403076
sub-01	ses-04	run-03	8	627.0	1285.0	0	0.5832756161689758
sub-01	ses-04	run-03	9	1285.0	880.0	0	0.5478963255882263
sub-01	ses-04	run-03	10	880.0	1137.0	0	0.4731728732585907
sub-01	ses-04	run-03	11	1137.0	1474.0	0	0.49476751685142517
sub-01	ses-04	run-03	12	1474.0	901.0	0	0.4980631172657013
sub-01	ses-04	run-03	13	901.0	1466.0	0	0.4794846475124359
sub-01	ses-04	run-03	14	1466.0	1634.0	0	0.45692676305770874
sub-01	ses-04	run-03	15	1634.0	1491.0	0	0.4839352071285248
sub-01	ses-04	run-03	16	1491.0	341.0	0	0.5204868316650391
sub-01	ses-04	run-03	17	341.0	529.0	0	0.5350401401519775
sub-01	ses-04	run-03	18	529.0	606.0	0	0.4685439169406891
sub-01	ses-04	run-03	19	606.0	190.0	0	0.44865837693214417
sub-01	ses-04	run-03	20	190.0	2179.0	0	0.4643579125404358
sub-01	ses-04	run-03	21	2179.0	2087.0	0	0.5956881046295166
sub-01	ses-04	run-03	22	2087.0	1545.0	0	0.47566527128219604
sub-01	ses-04	run-03	23	1545.0	2152.0	0	0.6548479795455933
sub-01	ses-04	run-03	24	2152.0	1779.0	0	0.5378351807594299
sub-01	ses-04	run-03	25	1779.0	228.0	0	0.4947298765182495
sub-01	ses-04	run-03	26	228.0	755.0	0	0.5380597114562988
sub-01	ses-04	run-03	27	755.0	1552.0	0	0.5777220129966736
sub-01	ses-04	run-03	28	1552.0	1624.0	0	0.48927104473114014
sub-01	ses-04	run-03	29	1624.0	1686.0	0	0.5318453311920166
sub-01	ses-04	run-03	30	1686.0	663.0	0	0.5286784768104553
sub-01	ses-04	run-03	31	663.0	332.0	0	0.5096319317817688
sub-01	ses-04	run-03	32	332.0	1832.0	0	0.4901236593723297
sub-01	ses-04	run-03	33	1832.0	1043.0	0	0.5826366543769836
sub-01	ses-04	run-03	34	1043.0	325.0	0	0.5200802683830261
sub-01	ses-04	run-03	35	325.0	12.0	0	0.6303215026855469
sub-01	ses-04	run-03	36	12.0	1196.0	0	0.6159130930900574
sub-01	ses-04	run-04	1	baseline	1992.0	0	0.4667423963546753
sub-01	ses-04	run-04	2	1992.0	227.0	0	0.46208322048187256
sub-01	ses-04	run-04	3	227.0	297.0	0	0.4733329713344574
sub-01	ses-04	run-04	4	297.0	388.0	0	0.5296653509140015
sub-01	ses-04	run-04	5	388.0	575.0	0	0.533412516117096
sub-01	ses-04	run-04	6	575.0	1669.0	0	0.5885621905326843
sub-01	ses-04	run-04	7	1669.0	1678.0	0	0.6938788890838623
sub-01	ses-04	run-04	8	1678.0	999.0	0	0.49719151854515076
sub-01	ses-04	run-04	9	999.0	948.0	0	0.46840783953666687
sub-01	ses-04	run-04	10	948.0	1822.0	0	0.47065043449401855
sub-01	ses-04	run-04	11	1822.0	1652.0	0	0.5439035892486572
sub-01	ses-04	run-04	12	1652.0	220.0	0	0.51731938123703
sub-01	ses-04	run-04	13	220.0	1434.0	0	0.5355689525604248
sub-01	ses-04	run-04	14	1434.0	333.0	0	0.576697051525116
sub-01	ses-04	run-04	15	333.0	478.0	0	0.53373122215271
sub-01	ses-04	run-04	16	478.0	1738.0	0	0.49623334407806396
sub-01	ses-04	run-04	17	1738.0	1685.0	0	0.5883921980857849
sub-01	ses-04	run-04	18	1685.0	350.0	0	0.5863620638847351
sub-01	ses-04	run-04	19	350.0	21.0	0	0.5752537846565247
sub-01	ses-04	run-04	20	21.0	406.0	0	0.5452793836593628
sub-01	ses-04	run-04	21	406.0	1039.0	0	0.5299661159515381
sub-01	ses-04	run-04	22	1039.0	1406.0	0	0.4958890378475189
sub-01	ses-04	run-04	23	1406.0	1605.0	0	0.48717936873435974
sub-01	ses-04	run-04	24	1605.0	831.0	0	0.45779159665107727
sub-01	ses-04	run-04	25	831.0	1076.0	0	0.5540487766265869
sub-01	ses-04	run-04	26	1076.0	1235.0	0	0.48783251643180847
sub-01	ses-04	run-04	27	1235.0	1203.0	0	0.46918874979019165
sub-01	ses-04	run-04	28	1203.0	1034.0	0	0.7581911683082581
sub-01	ses-04	run-04	29	1034.0	1824.0	0	0.589562177658081
sub-01	ses-04	run-04	30	1824.0	35.0	0	0.594377338886261
sub-01	ses-04	run-04	31	35.0	399.0	0	0.5044036507606506
sub-01	ses-04	run-04	32	399.0	1159.0	0	0.4496341347694397
sub-01	ses-04	run-04	33	1159.0	1640.0	0	0.5242311954498291
sub-01	ses-04	run-04	34	1640.0	1586.0	0	0.6754186749458313
sub-01	ses-04	run-04	35	1586.0	437.0	0	0.6311459541320801
sub-01	ses-04	run-04	36	437.0	997.0	0	0.551490306854248
sub-01	ses-04	run-05	1	baseline	377.0	0	0.5442144870758057
sub-01	ses-04	run-05	2	377.0	1904.0	0	0.5075033903121948
sub-01	ses-04	run-05	3	1904.0	2095.0	0	0.561007559299469
sub-01	ses-04	run-05	4	2095.0	380.0	0	0.6102430820465088
sub-01	ses-04	run-05	5	380.0	53.0	0	0.49037259817123413
sub-01	ses-04	run-05	6	53.0	2041.0	0	0.4835468828678131
sub-01	ses-04	run-05	7	2041.0	1649.0	0	0.47797104716300964
sub-01	ses-04	run-05	8	1649.0	1493.0	0	0.4591878652572632
sub-01	ses-04	run-05	9	1493.0	889.0	0	0.5394745469093323
sub-01	ses-04	run-05	10	889.0	1318.0	0	0.4747030436992645
sub-01	ses-04	run-05	11	1318.0	1175.0	0	0.45171061158180237
sub-01	ses-04	run-05	12	1175.0	974.0	0	0.4805555045604706
sub-01	ses-04	run-05	13	974.0	1177.0	0	0.5006542801856995
sub-01	ses-04	run-05	14	1177.0	1370.0	0	0.6024323105812073
sub-01	ses-04	run-05	15	1370.0	679.0	0	0.6742974519729614
sub-01	ses-04	run-05	16	679.0	2071.0	0	0.4755232334136963
sub-01	ses-04	run-05	17	2071.0	476.0	0	0.49383702874183655
sub-01	ses-04	run-05	18	476.0	2058.0	0	0.5920279622077942
sub-01	ses-04	run-05	19	2058.0	1085.0	0	0.6809213757514954
sub-01	ses-04	run-05	20	1085.0	1515.0	0	0.6244010925292969
sub-01	ses-04	run-05	21	1515.0	2031.0	0	0.6262033581733704
sub-01	ses-04	run-05	22	2031.0	1868.0	0	0.5366230607032776
sub-01	ses-04	run-05	23	1868.0	699.0	0	0.5951351523399353
sub-01	ses-04	run-05	24	699.0	1429.0	0	0.5977450609207153
sub-01	ses-04	run-05	25	1429.0	1093.0	0	0.5583063960075378
sub-01	ses-04	run-05	26	1093.0	598.0	0	0.573458731174469
sub-01	ses-04	run-05	27	598.0	1725.0	0	0.5486608743667603
sub-01	ses-04	run-05	28	1725.0	1065.0	0	0.4931706488132477
sub-01	ses-04	run-05	29	1065.0	1212.0	0	0.46991512179374695
sub-01	ses-04	run-05	30	1212.0	1096.0	0	0.43826836347579956
sub-01	ses-04	run-05	31	1096.0	1830.0	0	0.5617383122444153
sub-01	ses-04	run-05	32	1830.0	1724.0	0	0.5869726538658142
sub-01	ses-04	run-05	33	1724.0	1201.0	0	0.5895782113075256
sub-01	ses-04	run-05	34	1201.0	1813.0	0	0.6669257283210754
sub-01	ses-04	run-05	35	1813.0	1612.0	0	0.5002959966659546
sub-01	ses-04	run-05	36	1612.0	513.0	0	0.5182933211326599
sub-01	ses-04	run-06	1	baseline	2194.0	0	0.496896892786026
sub-01	ses-04	run-06	2	2194.0	2032.0	0	0.47052451968193054
sub-01	ses-04	run-06	3	2032.0	99.0	0	0.48124822974205017
sub-01	ses-04	run-06	4	99.0	1265.0	0	0.5231407880783081
sub-01	ses-04	run-06	5	1265.0	207.0	0	0.44497331976890564
sub-01	ses-04	run-06	6	207.0	29.0	0	0.4550313353538513
sub-01	ses-04	run-06	7	29.0	266.0	0	0.5344731211662292
sub-01	ses-04	run-06	8	266.0	189.0	0	0.474464476108551
sub-01	ses-04	run-06	9	189.0	690.0	0	0.4673578441143036
sub-01	ses-04	run-06	10	690.0	473.0	0	0.49442440271377563
sub-01	ses-04	run-06	11	473.0	1045.0	0	0.47025996446609497
sub-01	ses-04	run-06	12	1045.0	75.0	0	0.4709402918815613
sub-01	ses-04	run-06	13	75.0	1396.0	0	0.4976493716239929
sub-01	ses-04	run-06	14	1396.0	1303.0	0	0.4576304852962494
sub-01	ses-04	run-06	15	1303.0	2118.0	0	0.477348655462265
sub-01	ses-04	run-06	16	2118.0	1578.0	0	0.4989694654941559
sub-01	ses-04	run-06	17	1578.0	1871.0	0	0.5322848558425903
sub-01	ses-04	run-06	18	1871.0	152.0	0	0.4908429980278015
sub-01	ses-04	run-06	19	152.0	1033.0	0	0.48922199010849
sub-01	ses-04	run-06	20	1033.0	1430.0	0	0.4569288492202759
sub-01	ses-04	run-06	21	1430.0	1313.0	0	0.5107247829437256
sub-01	ses-04	run-06	22	1313.0	537.0	0	0.49432405829429626
sub-01	ses-04	run-06	23	537.0	1672.0	0	0.4785311222076416
sub-01	ses-04	run-06	24	1672.0	2052.0	0	0.4571247398853302
sub-01	ses-04	run-06	25	2052.0	1143.0	0	0.4314715564250946
sub-01	ses-04	run-06	26	1143.0	466.0	0	0.48430004715919495
sub-01	ses-04	run-06	27	466.0	346.0	0	0.5327106714248657
sub-01	ses-04	run-06	28	346.0	25.0	0	0.6176691055297852
sub-01	ses-04	run-06	29	25.0	768.0	0	0.5699182748794556
sub-01	ses-04	run-06	30	768.0	1008.0	0	0.6578178405761719
sub-01	ses-04	run-06	31	1008.0	1528.0	0	0.470689594745636
sub-01	ses-04	run-06	32	1528.0	387.0	0	0.5577870607376099
sub-01	ses-04	run-06	33	387.0	47.0	0	0.42205241322517395
sub-01	ses-04	run-06	34	47.0	1518.0	0	0.48596104979515076
sub-01	ses-04	run-06	35	1518.0	1700.0	0	0.4784781038761139
sub-01	ses-04	run-06	36	1700.0	1606.0	0	0.5140631198883057
sub-01	ses-04	run-07	1	baseline	2192.0	0	0.522691547870636
sub-01	ses-04	run-07	2	2192.0	90.0	0	0.6002586483955383
sub-01	ses-04	run-07	3	90.0	548.0	0	0.4642166495323181
sub-01	ses-04	run-07	4	548.0	1369.0	0	0.5142863988876343
sub-01	ses-04	run-07	5	1369.0	1248.0	0	0.4451838731765747
sub-01	ses-04	run-07	6	1248.0	1555.0	0	0.5292450785636902
sub-01	ses-04	run-07	7	1555.0	1694.0	0	0.46861743927001953
sub-01	ses-04	run-07	8	1694.0	1598.0	0	0.7208040356636047
sub-01	ses-04	run-07	9	1598.0	700.0	0	0.5693668723106384
sub-01	ses-04	run-07	10	700.0	463.0	0	0.5473480224609375
sub-01	ses-04	run-07	11	463.0	326.0	0	0.5119593143463135
sub-01	ses-04	run-07	12	326.0	484.0	0	0.46446600556373596
sub-01	ses-04	run-07	13	484.0	1546.0	0	0.4775933623313904
sub-01	ses-04	run-07	14	1546.0	1973.0	0	0.48528626561164856
sub-01	ses-04	run-07	15	1973.0	2016.0	0	0.4151827394962311
sub-01	ses-04	run-07	16	2016.0	336.0	0	0.6651029586791992
sub-01	ses-04	run-07	17	336.0	829.0	0	0.5131825804710388
sub-01	ses-04	run-07	18	829.0	1857.0	0	0.48493054509162903
sub-01	ses-04	run-07	19	1857.0	272.0	0	0.6770922541618347
sub-01	ses-04	run-07	20	272.0	648.0	0	0.4054727554321289
sub-01	ses-04	run-07	21	648.0	977.0	0	0.5506302118301392
sub-01	ses-04	run-07	22	977.0	940.0	0	0.5135427713394165
sub-01	ses-04	run-07	23	940.0	2142.0	0	0.48599717020988464
sub-01	ses-04	run-07	24	2142.0	120.0	0	0.4570363163948059
sub-01	ses-04	run-07	25	120.0	1673.0	0	0.42998459935188293
sub-01	ses-04	run-07	26	1673.0	1346.0	0	0.4682444930076599
sub-01	ses-04	run-07	27	1346.0	1713.0	0	0.4922965466976166
sub-01	ses-04	run-07	28	1713.0	1503.0	0	0.6241816878318787
sub-01	ses-04	run-07	29	1503.0	1561.0	0	0.4684683382511139
sub-01	ses-04	run-07	30	1561.0	1729.0	0	0.4578480124473572
sub-01	ses-04	run-07	31	1729.0	1398.0	0	0.4872508943080902
sub-01	ses-04	run-07	32	1398.0	226.0	0	0.4146280586719513
sub-01	ses-04	run-07	33	226.0	2025.0	0	0.41489556431770325
sub-01	ses-04	run-07	34	2025.0	136.0	0	0.48684462904930115
sub-01	ses-04	run-07	35	136.0	379.0	0	0.46647417545318604
sub-01	ses-04	run-07	36	379.0	807.0	0	0.4678136110305786
sub-01	ses-04	run-08	1	baseline	1789.0	0	0.5623006224632263
sub-01	ses-04	run-08	2	1789.0	851.0	0	0.5859777331352234
sub-01	ses-04	run-08	3	851.0	1072.0	0	0.46732497215270996
sub-01	ses-04	run-08	4	1072.0	1939.0	0	0.5042926669120789
sub-01	ses-04	run-08	5	1939.0	118.0	0	0.5355566740036011
sub-01	ses-04	run-08	6	118.0	1228.0	0	0.6183412075042725
sub-01	ses-04	run-08	7	1228.0	298.0	0	0.5270178318023682
sub-01	ses-04	run-08	8	298.0	250.0	0	0.5222597718238831
sub-01	ses-04	run-08	9	250.0	1522.0	0	0.5641387104988098
sub-01	ses-04	run-08	10	1522.0	827.0	0	0.4883928596973419
sub-01	ses-04	run-08	11	827.0	308.0	0	0.5099712014198303
sub-01	ses-04	run-08	12	308.0	1038.0	0	0.5488799214363098
sub-01	ses-04	run-08	13	1038.0	1147.0	0	0.4787867069244385
sub-01	ses-04	run-08	14	1147.0	1409.0	0	0.5573254227638245
sub-01	ses-04	run-08	15	1409.0	256.0	0	0.5954397916793823
sub-01	ses-04	run-08	16	256.0	870.0	0	0.5821783542633057
sub-01	ses-04	run-08	17	870.0	1443.0	0	0.532016396522522
sub-01	ses-04	run-08	18	1443.0	77.0	0	0.6330800652503967
sub-01	ses-04	run-08	19	77.0	1765.0	0	0.5885195732116699
sub-01	ses-04	run-08	20	1765.0	1105.0	0	0.6494300365447998
sub-01	ses-04	run-08	21	1105.0	187.0	0	0.6173186302185059
sub-01	ses-04	run-08	22	187.0	1769.0	0	0.5366458296775818
sub-01	ses-04	run-08	23	1769.0	1863.0	0	0.630061686038971
sub-01	ses-04	run-08	24	1863.0	1272.0	0	0.4928210377693176
sub-01	ses-04	run-08	25	1272.0	2144.0	0	0.6073670387268066
sub-01	ses-04	run-08	26	2144.0	603.0	0	0.525081992149353
sub-01	ses-04	run-08	27	603.0	763.0	0	0.527180016040802
sub-01	ses-04	run-08	28	763.0	626.0	0	0.5416519045829773
sub-01	ses-04	run-08	29	626.0	409.0	0	0.5012454390525818
sub-01	ses-04	run-08	30	409.0	1125.0	0	0.5572167634963989
sub-01	ses-04	run-08	31	1125.0	106.0	0	0.5927610993385315
sub-01	ses-04	run-08	32	106.0	1476.0	0	0.5267778038978577
sub-01	ses-04	run-08	33	1476.0	2151.0	0	0.5274364948272705
sub-01	ses-04	run-08	34	2151.0	1730.0	0	0.5107319355010986
sub-01	ses-04	run-08	35	1730.0	1238.0	0	0.5445672273635864
sub-01	ses-04	run-08	36	1238.0	1436.0	0	0.6594929099082947
sub-01	ses-05	run-01	1	baseline	1843.0	0	0.5683547854423523
sub-01	ses-05	run-01	2	1843.0	2123.0	0	0.5226456522941589
sub-01	ses-05	run-01	3	2123.0	98.0	0	0.5411802530288696
sub-01	ses-05	run-01	4	98.0	1447.0	0	0.532619059085846
sub-01	ses-05	run-01	5	1447.0	2061.0	0	0.5043383836746216
sub-01	ses-05	run-01	6	2061.0	1227.0	0	0.5289890766143799
sub-01	ses-05	run-01	7	1227.0	898.0	0	0.5433744192123413
sub-01	ses-05	run-01	8	898.0	1751.0	0	0.5218465328216553
sub-01	ses-05	run-01	9	1751.0	1579.0	0	0.5581909418106079
sub-01	ses-05	run-01	10	1579.0	896.0	0	0.6027705669403076
sub-01	ses-05	run-01	11	896.0	420.0	0	0.5766743421554565
sub-01	ses-05	run-01	12	420.0	1611.0	0	0.556096076965332
sub-01	ses-05	run-01	13	1611.0	2040.0	0	0.5409266948699951
sub-01	ses-05	run-01	14	2040.0	2066.0	0	0.5629425644874573
sub-01	ses-05	run-01	15	2066.0	552.0	0	0.5409976840019226
sub-01	ses-05	run-01	16	552.0	1001.0	0	0.546293318271637
sub-01	ses-05	run-01	17	1001.0	501.0	0	0.6140548586845398
sub-01	ses-05	run-01	18	501.0	1947.0	0	0.5756922364234924
sub-01	ses-05	run-01	19	1947.0	1293.0	0	0.5740288496017456
sub-01	ses-05	run-01	20	1293.0	1603.0	0	0.5403972268104553
sub-01	ses-05	run-01	21	1603.0	1945.0	0	0.5284104943275452
sub-01	ses-05	run-01	22	1945.0	1326.0	0	0.5429970026016235
sub-01	ses-05	run-01	23	1326.0	1435.0	0	0.6297687888145447
sub-01	ses-05	run-01	24	1435.0	1626.0	0	0.7229770421981812
sub-01	ses-05	run-01	25	1626.0	2180.0	0	0.5781908631324768
sub-01	ses-05	run-01	26	2180.0	1205.0	0	0.5383609533309937
sub-01	ses-05	run-01	27	1205.0	49.0	0	0.5638304352760315
sub-01	ses-05	run-01	28	49.0	469.0	0	0.5672223567962646
sub-01	ses-05	run-01	29	469.0	2141.0	0	0.5255584120750427
sub-01	ses-05	run-01	30	2141.0	1233.0	0	0.5658712387084961
sub-01	ses-05	run-01	31	1233.0	279.0	0	0.5647117495536804
sub-01	ses-05	run-01	32	279.0	2165.0	0	0.5266099572181702
sub-01	ses-05	run-01	33	2165.0	696.0	0	0.5463392734527588
sub-01	ses-05	run-01	34	696.0	1080.0	0	0.5847144722938538
sub-01	ses-05	run-01	35	1080.0	2104.0	0	0.5436265468597412
sub-01	ses-05	run-01	36	2104.0	474.0	0	0.6036084294319153
sub-01	ses-05	run-02	1	baseline	645.0	0	0.5418636798858643
sub-01	ses-05	run-02	2	645.0	1322.0	0	0.5242873430252075
sub-01	ses-05	run-02	3	1322.0	638.0	0	0.6809069514274597
sub-01	ses-05	run-02	4	638.0	425.0	0	0.5732043385505676
sub-01	ses-05	run-02	5	425.0	1187.0	0	0.521176815032959
sub-01	ses-05	run-02	6	1187.0	2063.0	0	0.5502633452415466
sub-01	ses-05	run-02	7	2063.0	1903.0	0	0.5534303188323975
sub-01	ses-05	run-02	8	1903.0	614.0	0	0.534650981426239
sub-01	ses-05	run-02	9	614.0	104.0	0	0.5860887169837952
sub-01	ses-05	run-02	10	104.0	32.0	0	0.551496148109436
sub-01	ses-05	run-02	11	32.0	1381.0	0	0.5194011926651001
sub-01	ses-05	run-02	12	1381.0	563.0	0	0.528069794178009
sub-01	ses-05	run-02	13	563.0	1498.0	0	0.5725286602973938
sub-01	ses-05	run-02	14	1498.0	1006.0	0	0.549204409122467
sub-01	ses-05	run-02	15	1006.0	803.0	0	0.6035803556442261
sub-01	ses-05	run-02	16	803.0	1018.0	0	0.5638821721076965
sub-01	ses-05	run-02	17	1018.0	2170.0	0	0.667023777961731
sub-01	ses-05	run-02	18	2170.0	1371.0	0	0.6065853834152222
sub-01	ses-05	run-02	19	1371.0	1023.0	0	0.5284032225608826
sub-01	ses-05	run-02	20	1023.0	845.0	0	0.5373761653900146
sub-01	ses-05	run-02	21	845.0	1113.0	0	0.5112941265106201
sub-01	ses-05	run-02	22	1113.0	188.0	0	0.607532262802124
sub-01	ses-05	run-02	23	188.0	1692.0	0	0.6072220206260681
sub-01	ses-05	run-02	24	1692.0	508.0	0	0.6722593307495117
sub-01	ses-05	run-02	25	508.0	943.0	0	0.5386815071105957
sub-01	ses-05	run-02	26	943.0	808.0	0	0.5351083874702454
sub-01	ses-05	run-02	27	808.0	802.0	0	0.5886141061782837
sub-01	ses-05	run-02	28	802.0	301.0	0	0.6068869233131409
sub-01	ses-05	run-02	29	301.0	1646.0	0	0.6106763482093811
sub-01	ses-05	run-02	30	1646.0	434.0	0	0.6160756945610046
sub-01	ses-05	run-02	31	434.0	1296.0	0	0.5286086797714233
sub-01	ses-05	run-02	32	1296.0	1223.0	0	0.5658461451530457
sub-01	ses-05	run-02	33	1223.0	1471.0	0	0.5335769057273865
sub-01	ses-05	run-02	34	1471.0	260.0	0	0.5769511461257935
sub-01	ses-05	run-02	35	260.0	1226.0	0	0.5517746806144714
sub-01	ses-05	run-02	36	1226.0	1094.0	0	0.5605557560920715
sub-01	ses-05	run-03	1	baseline	1002.0	0	0.5387675166130066
sub-01	ses-05	run-03	2	1002.0	1456.0	0	0.5114593505859375
sub-01	ses-05	run-03	3	1456.0	275.0	0	0.5184813737869263
sub-01	ses-05	run-03	4	275.0	2001.0	0	0.5310214161872864
sub-01	ses-05	run-03	5	2001.0	2005.0	0	0.516942024230957
sub-01	ses-05	run-03	6	2005.0	1392.0	0	0.5709115266799927
sub-01	ses-05	run-03	7	1392.0	1844.0	0	0.5430606007575989
sub-01	ses-05	run-03	8	1844.0	1337.0	0	0.585478663444519
sub-01	ses-05	run-03	9	1337.0	1338.0	0	0.5446063876152039
sub-01	ses-05	run-03	10	1338.0	1735.0	0	0.5620421171188354
sub-01	ses-05	run-03	11	1735.0	138.0	0	0.6288607120513916
sub-01	ses-05	run-03	12	138.0	2044.0	0	0.5625957250595093
sub-01	ses-05	run-03	13	2044.0	2006.0	0	0.548423707485199
sub-01	ses-05	run-03	14	2006.0	1733.0	0	0.5902339816093445
sub-01	ses-05	run-03	15	1733.0	2121.0	0	0.5285972952842712
sub-01	ses-05	run-03	16	2121.0	873.0	0	0.5142616033554077
sub-01	ses-05	run-03	17	873.0	718.0	0	0.5919345617294312
sub-01	ses-05	run-03	18	718.0	2149.0	0	0.5820341110229492
sub-01	ses-05	run-03	19	2149.0	307.0	0	0.6062344908714294
sub-01	ses-05	run-03	20	307.0	1197.0	0	0.6192336082458496
sub-01	ses-05	run-03	21	1197.0	908.0	0	0.5279435515403748
sub-01	ses-05	run-03	22	908.0	214.0	0	0.5154850482940674
sub-01	ses-05	run-03	23	214.0	1607.0	0	0.5337483882904053
sub-01	ses-05	run-03	24	1607.0	1691.0	0	0.5501477718353271
sub-01	ses-05	run-03	25	1691.0	1901.0	0	0.5195878148078918
sub-01	ses-05	run-03	26	1901.0	2029.0	0	0.5151081681251526
sub-01	ses-05	run-03	27	2029.0	1257.0	0	0.5123185515403748
sub-01	ses-05	run-03	28	1257.0	1633.0	0	0.603194534778595
sub-01	ses-05	run-03	29	1633.0	996.0	0	0.6839065551757812
sub-01	ses-05	run-03	30	996.0	1927.0	0	0.6199724078178406
sub-01	ses-05	run-03	31	1927.0	1348.0	0	0.5136048793792725
sub-01	ses-05	run-03	32	1348.0	1787.0	0	0.5369876623153687
sub-01	ses-05	run-03	33	1787.0	178.0	0	0.5344696640968323
sub-01	ses-05	run-03	34	178.0	1864.0	0	0.5712624788284302
sub-01	ses-05	run-03	35	1864.0	1365.0	0	0.6160911917686462
sub-01	ses-05	run-03	36	1365.0	707.0	0	0.7920354008674622
sub-01	ses-05	run-04	1	baseline	367.0	0	0.501478910446167
sub-01	ses-05	run-04	2	367.0	1714.0	0	0.5426561832427979
sub-01	ses-05	run-04	3	1714.0	1591.0	0	0.5505877137184143
sub-01	ses-05	run-04	4	1591.0	810.0	0	0.5230093598365784
sub-01	ses-05	run-04	5	810.0	534.0	0	0.6244497299194336
sub-01	ses-05	run-04	6	534.0	979.0	0	0.5184228420257568
sub-01	ses-05	run-04	7	979.0	965.0	0	0.5112833976745605
sub-01	ses-05	run-04	8	965.0	2193.0	0	0.5265345573425293
sub-01	ses-05	run-04	9	2193.0	2072.0	0	0.5454065799713135
sub-01	ses-05	run-04	10	2072.0	2019.0	0	0.5544874668121338
sub-01	ses-05	run-04	11	2019.0	1977.0	0	0.542810320854187
sub-01	ses-05	run-04	12	1977.0	1193.0	0	0.5057470798492432
sub-01	ses-05	run-04	13	1193.0	70.0	0	0.5090053081512451
sub-01	ses-05	run-04	14	70.0	1188.0	0	0.5337989330291748
sub-01	ses-05	run-04	15	1188.0	162.0	0	0.48850589990615845
sub-01	ses-05	run-04	16	162.0	1010.0	0	0.5163424611091614
sub-01	ses-05	run-04	17	1010.0	1767.0	0	0.521655797958374
sub-01	ses-05	run-04	18	1767.0	973.0	0	0.5386883020401001
sub-01	ses-05	run-04	19	973.0	492.0	0	0.5489434003829956
sub-01	ses-05	run-04	20	492.0	1535.0	0	0.5643911361694336
sub-01	ses-05	run-04	21	1535.0	1158.0	0	0.5281487107276917
sub-01	ses-05	run-04	22	1158.0	1345.0	0	0.49388739466667175
sub-01	ses-05	run-04	23	1345.0	2159.0	0	0.5186013579368591
sub-01	ses-05	run-04	24	2159.0	1550.0	0	0.5552433729171753
sub-01	ses-05	run-04	25	1550.0	51.0	0	0.49685895442962646
sub-01	ses-05	run-04	26	51.0	1782.0	0	0.5434735417366028
sub-01	ses-05	run-04	27	1782.0	418.0	0	0.49686703085899353
sub-01	ses-05	run-04	28	418.0	969.0	0	0.47035545110702515
sub-01	ses-05	run-04	29	969.0	1744.0	0	0.6216407418251038
sub-01	ses-05	run-04	30	1744.0	1138.0	0	0.4897390604019165
sub-01	ses-05	run-04	31	1138.0	1331.0	0	0.49594616889953613
sub-01	ses-05	run-04	32	1331.0	1985.0	0	0.49547234177589417
sub-01	ses-05	run-04	33	1985.0	629.0	0	0.5647594928741455
sub-01	ses-05	run-04	34	629.0	725.0	0	0.6052190661430359
sub-01	ses-05	run-04	35	725.0	468.0	0	0.5258429050445557
sub-01	ses-05	run-04	36	468.0	2102.0	0	0.5249079465866089
sub-01	ses-05	run-05	1	baseline	1053.0	0	0.5745018720626831
sub-01	ses-05	run-05	2	1053.0	413.0	0	0.5975599884986877
sub-01	ses-05	run-05	3	413.0	1715.0	0	0.5729923248291016
sub-01	ses-05	run-05	4	1715.0	1104.0	0	0.512768566608429
sub-01	ses-05	run-05	5	1104.0	1661.0	0	0.5662825107574463
sub-01	ses-05	run-05	6	1661.0	172.0	0	0.5463890433311462
sub-01	ses-05	run-05	7	172.0	1942.0	0	0.5977820158004761
sub-01	ses-05	run-05	8	1942.0	927.0	0	0.5441827774047852
sub-01	ses-05	run-05	9	927.0	753.0	0	0.5378918051719666
sub-01	ses-05	run-05	10	753.0	1619.0	0	0.5200778245925903
sub-01	ses-05	run-05	11	1619.0	1662.0	0	0.4901857078075409
sub-01	ses-05	run-05	12	1662.0	643.0	0	0.557581901550293
sub-01	ses-05	run-05	13	643.0	567.0	0	0.5256314277648926
sub-01	ses-05	run-05	14	567.0	742.0	0	0.5636634230613708
sub-01	ses-05	run-05	15	742.0	446.0	0	0.564205527305603
sub-01	ses-05	run-05	16	446.0	1991.0	0	0.6659303903579712
sub-01	ses-05	run-05	17	1991.0	555.0	0	0.6036689281463623
sub-01	ses-05	run-05	18	555.0	1654.0	0	0.5731751918792725
sub-01	ses-05	run-05	19	1654.0	430.0	0	0.5175200700759888
sub-01	ses-05	run-05	20	430.0	1934.0	0	0.595400333404541
sub-01	ses-05	run-05	21	1934.0	1394.0	0	0.5396982431411743
sub-01	ses-05	run-05	22	1394.0	1590.0	0	0.5794748663902283
sub-01	ses-05	run-05	23	1590.0	1146.0	0	0.6119277477264404
sub-01	ses-05	run-05	24	1146.0	1279.0	0	0.5270956754684448
sub-01	ses-05	run-05	25	1279.0	1849.0	0	0.5067559480667114
sub-01	ses-05	run-05	26	1849.0	1615.0	0	0.5197130441665649
sub-01	ses-05	run-05	27	1615.0	902.0	0	0.5149902105331421
sub-01	ses-05	run-05	28	902.0	2182.0	0	0.5396510362625122
sub-01	ses-05	run-05	29	2182.0	1671.0	0	0.5263181328773499
sub-01	ses-05	run-05	30	1671.0	1762.0	0	0.5625985264778137
sub-01	ses-05	run-05	31	1762.0	328.0	0	0.5575390458106995
sub-01	ses-05	run-05	32	328.0	2137.0	0	0.5408437252044678
sub-01	ses-05	run-05	33	2137.0	721.0	0	0.5359293818473816
sub-01	ses-05	run-05	34	721.0	1142.0	0	0.524871826171875
sub-01	ses-05	run-05	35	1142.0	498.0	0	0.5158392786979675
sub-01	ses-05	run-05	36	498.0	639.0	0	0.5628563165664673
sub-01	ses-05	run-06	1	baseline	503.0	0	0.5678775906562805
sub-01	ses-05	run-06	2	503.0	405.0	0	0.5224608778953552
sub-01	ses-05	run-06	3	405.0	1123.0	0	0.5281683206558228
sub-01	ses-05	run-06	4	1123.0	2176.0	0	0.5610021948814392
sub-01	ses-05	run-06	5	2176.0	676.0	0	0.5386509895324707
sub-01	ses-05	run-06	6	676.0	1229.0	0	0.5550767183303833
sub-01	ses-05	run-06	7	1229.0	772.0	0	0.5320770740509033
sub-01	ses-05	run-06	8	772.0	441.0	0	0.5419604182243347
sub-01	ses-05	run-06	9	441.0	375.0	0	0.5463178157806396
sub-01	ses-05	run-06	10	375.0	984.0	0	0.5725072026252747
sub-01	ses-05	run-06	11	984.0	951.0	0	0.6026097536087036
sub-01	ses-05	run-06	12	951.0	983.0	0	0.6853947043418884
sub-01	ses-05	run-06	13	983.0	2039.0	0	0.5411162376403809
sub-01	ses-05	run-06	14	2039.0	608.0	0	0.5067206621170044
sub-01	ses-05	run-06	15	608.0	287.0	0	0.5109127163887024
sub-01	ses-05	run-06	16	287.0	1886.0	0	0.5856653451919556
sub-01	ses-05	run-06	17	1886.0	893.0	0	0.5682612061500549
sub-01	ses-05	run-06	18	893.0	1048.0	0	0.5438224077224731
sub-01	ses-05	run-06	19	1048.0	203.0	0	0.5079082250595093
sub-01	ses-05	run-06	20	203.0	993.0	0	0.5407673716545105
sub-01	ses-05	run-06	21	993.0	1684.0	0	0.5278798937797546
sub-01	ses-05	run-06	22	1684.0	281.0	0	0.5353216528892517
sub-01	ses-05	run-06	23	281.0	1446.0	0	0.5474406480789185
sub-01	ses-05	run-06	24	1446.0	1708.0	0	0.624344527721405
sub-01	ses-05	run-06	25	1708.0	18.0	0	0.6199907064437866
sub-01	ses-05	run-06	26	18.0	644.0	0	0.544029951095581
sub-01	ses-05	run-06	27	644.0	1198.0	0	0.5603262782096863
sub-01	ses-05	run-06	28	1198.0	547.0	0	0.5603251457214355
sub-01	ses-05	run-06	29	547.0	1315.0	0	0.5215653777122498
sub-01	ses-05	run-06	30	1315.0	660.0	0	0.5237256288528442
sub-01	ses-05	run-06	31	660.0	426.0	0	0.5218278169631958
sub-01	ses-05	run-06	32	426.0	1588.0	0	0.5298675894737244
sub-01	ses-05	run-06	33	1588.0	1890.0	0	0.5708403587341309
sub-01	ses-05	run-06	34	1890.0	1795.0	0	0.597889244556427
sub-01	ses-05	run-06	35	1795.0	1873.0	0	0.5273699164390564
sub-01	ses-05	run-06	36	1873.0	2004.0	0	0.5960157513618469
sub-01	ses-05	run-07	1	baseline	1699.0	0	0.5754884481430054
sub-01	ses-05	run-07	2	1699.0	760.0	0	0.6936700940132141
sub-01	ses-05	run-07	3	760.0	1393.0	0	0.5779054164886475
sub-01	ses-05	run-07	4	1393.0	1878.0	0	0.5389099717140198
sub-01	ses-05	run-07	5	1878.0	1480.0	0	0.5312303900718689
sub-01	ses-05	run-07	6	1480.0	504.0	0	0.5836766362190247
sub-01	ses-05	run-07	7	504.0	1833.0	0	0.5679749250411987
sub-01	ses-05	run-07	8	1833.0	1784.0	0	0.5682735443115234
sub-01	ses-05	run-07	9	1784.0	1742.0	0	0.6126325130462646
sub-01	ses-05	run-07	10	1742.0	1049.0	0	0.5579817891120911
sub-01	ses-05	run-07	11	1049.0	1386.0	0	0.5134215354919434
sub-01	ses-05	run-07	12	1386.0	327.0	0	0.5690484642982483
sub-01	ses-05	run-07	13	327.0	201.0	0	0.5901526212692261
sub-01	ses-05	run-07	14	201.0	625.0	0	0.5595707893371582
sub-01	ses-05	run-07	15	625.0	1363.0	0	0.5958659648895264
sub-01	ses-05	run-07	16	1363.0	1982.0	0	0.603288471698761
sub-01	ses-05	run-07	17	1982.0	2162.0	0	0.6005042791366577
sub-01	ses-05	run-07	18	2162.0	143.0	0	0.5514158010482788
sub-01	ses-05	run-07	19	143.0	1704.0	0	0.5521889328956604
sub-01	ses-05	run-07	20	1704.0	175.0	0	0.61501145362854
sub-01	ses-05	run-07	21	175.0	1808.0	0	0.5624678730964661
sub-01	ses-05	run-07	22	1808.0	372.0	0	0.573495626449585
sub-01	ses-05	run-07	23	372.0	141.0	0	0.5629575252532959
sub-01	ses-05	run-07	24	141.0	1170.0	0	0.5303010940551758
sub-01	ses-05	run-07	25	1170.0	1650.0	0	0.5576500296592712
sub-01	ses-05	run-07	26	1650.0	1079.0	0	0.5978955030441284
sub-01	ses-05	run-07	27	1079.0	1082.0	0	0.5755682587623596
sub-01	ses-05	run-07	28	1082.0	1300.0	0	0.572843074798584
sub-01	ses-05	run-07	29	1300.0	964.0	0	0.5233258008956909
sub-01	ses-05	run-07	30	964.0	1470.0	0	0.536712110042572
sub-01	ses-05	run-07	31	1470.0	1210.0	0	0.5855472087860107
sub-01	ses-05	run-07	32	1210.0	1732.0	0	0.5767858028411865
sub-01	ses-05	run-07	33	1732.0	1681.0	0	0.5551351308822632
sub-01	ses-05	run-07	34	1681.0	557.0	0	0.5486933588981628
sub-01	ses-05	run-07	35	557.0	994.0	0	0.5259614586830139
sub-01	ses-05	run-07	36	994.0	1571.0	0	0.5424811840057373
sub-01	ses-05	run-08	1	baseline	210.0	0	0.6017720699310303
sub-01	ses-05	run-08	2	210.0	1902.0	0	0.5603599548339844
sub-01	ses-05	run-08	3	1902.0	57.0	0	0.5639451146125793
sub-01	ses-05	run-08	4	57.0	1793.0	0	0.5508759021759033
sub-01	ses-05	run-08	5	1793.0	225.0	0	0.5355947017669678
sub-01	ses-05	run-08	6	225.0	235.0	0	0.6121063828468323
sub-01	ses-05	run-08	7	235.0	1576.0	0	0.5365580320358276
sub-01	ses-05	run-08	8	1576.0	1295.0	0	0.5378847718238831
sub-01	ses-05	run-08	9	1295.0	2113.0	0	0.5697780847549438
sub-01	ses-05	run-08	10	2113.0	883.0	0	0.5207566022872925
sub-01	ses-05	run-08	11	883.0	622.0	0	0.6049578189849854
sub-01	ses-05	run-08	12	622.0	1683.0	0	0.5729036331176758
sub-01	ses-05	run-08	13	1683.0	830.0	0	0.5208805799484253
sub-01	ses-05	run-08	14	830.0	1020.0	0	0.5478684306144714
sub-01	ses-05	run-08	15	1020.0	2033.0	0	0.5318041443824768
sub-01	ses-05	run-08	16	2033.0	1231.0	0	0.5196982622146606
sub-01	ses-05	run-08	17	1231.0	1317.0	0	0.5311512351036072
sub-01	ses-05	run-08	18	1317.0	302.0	0	0.5048391819000244
sub-01	ses-05	run-08	19	302.0	545.0	0	0.5283979773521423
sub-01	ses-05	run-08	20	545.0	665.0	0	0.6078768968582153
sub-01	ses-05	run-08	21	665.0	1.0	0	0.5268224477767944
sub-01	ses-05	run-08	22	1.0	470.0	0	0.505338191986084
sub-01	ses-05	run-08	23	470.0	1516.0	0	0.5134482383728027
sub-01	ses-05	run-08	24	1516.0	1867.0	0	0.5292774438858032
sub-01	ses-05	run-08	25	1867.0	1475.0	0	0.5146142244338989
sub-01	ses-05	run-08	26	1475.0	542.0	0	0.5664865374565125
sub-01	ses-05	run-08	27	542.0	1366.0	0	0.4913126826286316
sub-01	ses-05	run-08	28	1366.0	1332.0	0	0.5284948945045471
sub-01	ses-05	run-08	29	1332.0	1328.0	0	0.5670782923698425
sub-01	ses-05	run-08	30	1328.0	520.0	0	0.5382709503173828
sub-01	ses-05	run-08	31	520.0	1676.0	0	0.6352578997612
sub-01	ses-05	run-08	32	1676.0	1384.0	0	0.5917921662330627
sub-01	ses-05	run-08	33	1384.0	786.0	0	0.5818635821342468
sub-01	ses-05	run-08	34	786.0	1253.0	0	0.5841765999794006
sub-01	ses-05	run-08	35	1253.0	1959.0	0	0.5964794158935547
sub-01	ses-05	run-08	36	1959.0	1451.0	0	0.5934301614761353
sub-01	ses-06	run-01	1	baseline	2190.0	0	0.5035898089408875
sub-01	ses-06	run-01	2	2190.0	1880.0	0	0.48562386631965637
sub-01	ses-06	run-01	3	1880.0	23.0	0	0.5550482869148254
sub-01	ses-06	run-01	4	23.0	1225.0	0	0.5549604892730713
sub-01	ses-06	run-01	5	1225.0	179.0	0	0.5165359377861023
sub-01	ses-06	run-01	6	179.0	1074.0	0	0.5086755156517029
sub-01	ses-06	run-01	7	1074.0	1707.0	0	0.4947080612182617
sub-01	ses-06	run-01	8	1707.0	527.0	0	0.47006136178970337
sub-01	ses-06	run-01	9	527.0	1416.0	0	0.47919124364852905
sub-01	ses-06	run-01	10	1416.0	153.0	0	0.6044089198112488
sub-01	ses-06	run-01	11	153.0	887.0	0	0.5194907188415527
sub-01	ses-06	run-01	12	887.0	1154.0	0	0.4708394706249237
sub-01	ses-06	run-01	13	1154.0	1149.0	0	0.5007826089859009
sub-01	ses-06	run-01	14	1149.0	1062.0	0	0.4507560431957245
sub-01	ses-06	run-01	15	1062.0	322.0	0	0.4787936806678772
sub-01	ses-06	run-01	16	322.0	656.0	0	0.4701254367828369
sub-01	ses-06	run-01	17	656.0	1631.0	0	0.502640962600708
sub-01	ses-06	run-01	18	1631.0	533.0	0	0.5052764415740967
sub-01	ses-06	run-01	19	533.0	749.0	0	0.5362831950187683
sub-01	ses-06	run-01	20	749.0	1604.0	0	0.5422037243843079
sub-01	ses-06	run-01	21	1604.0	88.0	0	0.5971893072128296
sub-01	ses-06	run-01	22	88.0	1221.0	0	0.5017877817153931
sub-01	ses-06	run-01	23	1221.0	2.0	0	0.4747886657714844
sub-01	ses-06	run-01	24	2.0	112.0	0	0.5779359936714172
sub-01	ses-06	run-01	25	112.0	164.0	0	0.4867165982723236
sub-01	ses-06	run-01	26	164.0	990.0	0	0.4821160137653351
sub-01	ses-06	run-01	27	990.0	1350.0	0	0.4723286032676697
sub-01	ses-06	run-01	28	1350.0	954.0	0	0.4651484191417694
sub-01	ses-06	run-01	29	954.0	1442.0	0	0.5068607926368713
sub-01	ses-06	run-01	30	1442.0	180.0	0	0.5066872835159302
sub-01	ses-06	run-01	31	180.0	891.0	0	0.6434825658798218
sub-01	ses-06	run-01	32	891.0	1482.0	0	0.5879147052764893
sub-01	ses-06	run-01	33	1482.0	1448.0	0	0.5989823937416077
sub-01	ses-06	run-01	34	1448.0	607.0	0	0.525012731552124
sub-01	ses-06	run-01	35	607.0	1514.0	0	0.6323665976524353
sub-01	ses-06	run-01	36	1514.0	191.0	0	0.5176123976707458
sub-01	ses-06	run-02	1	baseline	683.0	0	0.5756536722183228
sub-01	ses-06	run-02	2	683.0	1944.0	0	0.5236093401908875
sub-01	ses-06	run-02	3	1944.0	813.0	0	0.5564289093017578
sub-01	ses-06	run-02	4	813.0	2116.0	0	0.4810786843299866
sub-01	ses-06	run-02	5	2116.0	2048.0	0	0.439297080039978
sub-01	ses-06	run-02	6	2048.0	1176.0	0	0.495813250541687
sub-01	ses-06	run-02	7	1176.0	206.0	0	0.45070698857307434
sub-01	ses-06	run-02	8	206.0	1641.0	0	0.4725565016269684
sub-01	ses-06	run-02	9	1641.0	87.0	0	0.42319920659065247
sub-01	ses-06	run-02	10	87.0	1122.0	0	0.46228837966918945
sub-01	ses-06	run-02	11	1122.0	930.0	0	0.43835633993148804
sub-01	ses-06	run-02	12	930.0	543.0	0	0.508383572101593
sub-01	ses-06	run-02	13	543.0	1508.0	0	0.4597398638725281
sub-01	ses-06	run-02	14	1508.0	362.0	0	0.5292015075683594
sub-01	ses-06	run-02	15	362.0	1275.0	0	0.5400798916816711
sub-01	ses-06	run-02	16	1275.0	1980.0	0	0.5233153700828552
sub-01	ses-06	run-02	17	1980.0	1963.0	0	0.49817097187042236
sub-01	ses-06	run-02	18	1963.0	1151.0	0	0.4319026470184326
sub-01	ses-06	run-02	19	1151.0	370.0	0	0.43732544779777527
sub-01	ses-06	run-02	20	370.0	675.0	0	0.44831976294517517
sub-01	ses-06	run-02	21	675.0	1391.0	0	0.4231705367565155
sub-01	ses-06	run-02	22	1391.0	671.0	0	0.559858500957489
sub-01	ses-06	run-02	23	671.0	812.0	0	0.5081167817115784
sub-01	ses-06	run-02	24	812.0	593.0	0	0.7936667203903198
sub-01	ses-06	run-02	25	593.0	8.0	0	0.5624966621398926
sub-01	ses-06	run-02	26	8.0	59.0	0	0.6136274933815002
sub-01	ses-06	run-02	27	59.0	978.0	0	0.59425288438797
sub-01	ses-06	run-02	28	978.0	1812.0	0	0.4577570855617523
sub-01	ses-06	run-02	29	1812.0	1785.0	0	0.6062408089637756
sub-01	ses-06	run-02	30	1785.0	1758.0	0	0.4642636775970459
sub-01	ses-06	run-02	31	1758.0	348.0	0	0.4894712567329407
sub-01	ses-06	run-02	32	348.0	878.0	0	0.5494836568832397
sub-01	ses-06	run-02	33	878.0	48.0	0	0.6579805016517639
sub-01	ses-06	run-02	34	48.0	890.0	0	0.6395341753959656
sub-01	ses-06	run-02	35	890.0	1530.0	0	0.4704532325267792
sub-01	ses-06	run-02	36	1530.0	897.0	0	0.4559537470340729
sub-01	ses-06	run-03	1	baseline	115.0	0	0.5464448928833008
sub-01	ses-06	run-03	2	115.0	1923.0	0	0.5235810875892639
sub-01	ses-06	run-03	3	1923.0	2106.0	0	0.5502534508705139
sub-01	ses-06	run-03	4	2106.0	2134.0	0	0.5351488590240479
sub-01	ses-06	run-03	5	2134.0	1759.0	0	0.568568766117096
sub-01	ses-06	run-03	6	1759.0	1307.0	0	0.5371056199073792
sub-01	ses-06	run-03	7	1307.0	933.0	0	0.5534020066261292
sub-01	ses-06	run-03	8	933.0	271.0	0	0.5752947926521301
sub-01	ses-06	run-03	9	271.0	383.0	0	0.4843266010284424
sub-01	ses-06	run-03	10	383.0	450.0	0	0.4690430164337158
sub-01	ses-06	run-03	11	450.0	1240.0	0	0.5350865721702576
sub-01	ses-06	run-03	12	1240.0	1461.0	0	0.4868966341018677
sub-01	ses-06	run-03	13	1461.0	793.0	0	0.4672098755836487
sub-01	ses-06	run-03	14	793.0	1930.0	0	0.46304869651794434
sub-01	ses-06	run-03	15	1930.0	1569.0	0	0.5682100057601929
sub-01	ses-06	run-03	16	1569.0	850.0	0	0.4940566122531891
sub-01	ses-06	run-03	17	850.0	1218.0	0	0.5545713305473328
sub-01	ses-06	run-03	18	1218.0	1881.0	0	0.5608387589454651
sub-01	ses-06	run-03	19	1881.0	82.0	0	0.5618329644203186
sub-01	ses-06	run-03	20	82.0	486.0	0	0.600444495677948
sub-01	ses-06	run-03	21	486.0	1460.0	0	0.5451967716217041
sub-01	ses-06	run-03	22	1460.0	514.0	0	0.6315826773643494
sub-01	ses-06	run-03	23	514.0	209.0	0	0.5142105221748352
sub-01	ses-06	run-03	24	209.0	1088.0	0	0.4770802855491638
sub-01	ses-06	run-03	25	1088.0	193.0	0	0.5101189017295837
sub-01	ses-06	run-03	26	193.0	443.0	0	0.5060986280441284
sub-01	ses-06	run-03	27	443.0	2015.0	0	0.4849187135696411
sub-01	ses-06	run-03	28	2015.0	27.0	0	0.48507219552993774
sub-01	ses-06	run-03	29	27.0	2098.0	0	0.4913801848888397
sub-01	ses-06	run-03	30	2098.0	691.0	0	0.6003969311714172
sub-01	ses-06	run-03	31	691.0	1169.0	0	0.6064486503601074
sub-01	ses-06	run-03	32	1169.0	754.0	0	0.49449458718299866
sub-01	ses-06	run-03	33	754.0	1722.0	0	0.5187293887138367
sub-01	ses-06	run-03	34	1722.0	856.0	0	0.5344393849372864
sub-01	ses-06	run-03	35	856.0	1400.0	0	0.4813748300075531
sub-01	ses-06	run-03	36	1400.0	1913.0	0	0.5789411664009094
sub-01	ses-06	run-04	1	baseline	1986.0	0	0.5748761296272278
sub-01	ses-06	run-04	2	1986.0	1255.0	0	0.48348361253738403
sub-01	ses-06	run-04	3	1255.0	1860.0	0	0.5086478590965271
sub-01	ses-06	run-04	4	1860.0	1288.0	0	0.5925920009613037
sub-01	ses-06	run-04	5	1288.0	52.0	0	0.47457125782966614
sub-01	ses-06	run-04	6	52.0	1441.0	0	0.4828633666038513
sub-01	ses-06	run-04	7	1441.0	54.0	0	0.47274771332740784
sub-01	ses-06	run-04	8	54.0	1827.0	0	0.47033312916755676
sub-01	ses-06	run-04	9	1827.0	239.0	0	0.5353403687477112
sub-01	ses-06	run-04	10	239.0	549.0	0	0.449869304895401
sub-01	ses-06	run-04	11	549.0	168.0	0	0.49704304337501526
sub-01	ses-06	run-04	12	168.0	1339.0	0	0.5249508619308472
sub-01	ses-06	run-04	13	1339.0	848.0	0	0.47256046533584595
sub-01	ses-06	run-04	14	848.0	1343.0	0	0.49556541442871094
sub-01	ses-06	run-04	15	1343.0	1589.0	0	0.4781751334667206
sub-01	ses-06	run-04	16	1589.0	587.0	0	0.579229474067688
sub-01	ses-06	run-04	17	587.0	1636.0	0	0.674131453037262
sub-01	ses-06	run-04	18	1636.0	1454.0	0	0.5598246455192566
sub-01	ses-06	run-04	19	1454.0	1581.0	0	0.47402477264404297
sub-01	ses-06	run-04	20	1581.0	1281.0	0	0.4507848620414734
sub-01	ses-06	run-04	21	1281.0	445.0	0	0.46925079822540283
sub-01	ses-06	run-04	22	445.0	1316.0	0	0.9012430310249329
sub-01	ses-06	run-04	23	1316.0	439.0	0	0.6006800532341003
sub-01	ses-06	run-04	24	439.0	741.0	0	0.4986165761947632
sub-01	ses-06	run-04	25	741.0	1513.0	0	0.4790845811367035
sub-01	ses-06	run-04	26	1513.0	1472.0	0	0.4702249765396118
sub-01	ses-06	run-04	27	1472.0	1124.0	0	0.48657047748565674
sub-01	ses-06	run-04	28	1124.0	1110.0	0	0.5851583480834961
sub-01	ses-06	run-04	29	1110.0	804.0	0	0.635014533996582
sub-01	ses-06	run-04	30	804.0	2109.0	0	0.49143049120903015
sub-01	ses-06	run-04	31	2109.0	1297.0	0	0.46954357624053955
sub-01	ses-06	run-04	32	1297.0	1905.0	0	0.4787619113922119
sub-01	ses-06	run-04	33	1905.0	1609.0	0	0.506420373916626
sub-01	ses-06	run-04	34	1609.0	1638.0	0	0.48355725407600403
sub-01	ses-06	run-04	35	1638.0	2160.0	0	0.50042724609375
sub-01	ses-06	run-04	36	2160.0	1273.0	0	0.5383167862892151
sub-01	ses-06	run-05	1	baseline	92.0	0	0.6316210031509399
sub-01	ses-06	run-05	2	92.0	669.0	0	0.5631499886512756
sub-01	ses-06	run-05	3	669.0	1133.0	0	0.4967704713344574
sub-01	ses-06	run-05	4	1133.0	1825.0	0	0.5325730443000793
sub-01	ses-06	run-05	5	1825.0	916.0	0	0.4885534346103668
sub-01	ses-06	run-05	6	916.0	681.0	0	0.4892847537994385
sub-01	ses-06	run-05	7	681.0	2060.0	0	0.45956873893737793
sub-01	ses-06	run-05	8	2060.0	1086.0	0	0.6240007877349854
sub-01	ses-06	run-05	9	1086.0	966.0	0	0.602726936340332
sub-01	ses-06	run-05	10	966.0	444.0	0	0.6071829795837402
sub-01	ses-06	run-05	11	444.0	2185.0	0	0.47363054752349854
sub-01	ses-06	run-05	12	2185.0	451.0	0	0.44975554943084717
sub-01	ses-06	run-05	13	451.0	222.0	0	0.4676890969276428
sub-01	ses-06	run-05	14	222.0	1596.0	0	0.5132747888565063
sub-01	ses-06	run-05	15	1596.0	1565.0	0	0.575978696346283
sub-01	ses-06	run-05	16	1565.0	541.0	0	0.6497014164924622
sub-01	ses-06	run-05	17	541.0	1320.0	0	0.5346348881721497
sub-01	ses-06	run-05	18	1320.0	1354.0	0	0.5451548099517822
sub-01	ses-06	run-05	19	1354.0	7.0	0	0.5327794551849365
sub-01	ses-06	run-05	20	7.0	1781.0	0	0.4759739935398102
sub-01	ses-06	run-05	21	1781.0	1310.0	0	0.5778120756149292
sub-01	ses-06	run-05	22	1310.0	378.0	0	0.5041033029556274
sub-01	ses-06	run-05	23	378.0	2070.0	0	0.5317178964614868
sub-01	ses-06	run-05	24	2070.0	1958.0	0	0.5431708693504333
sub-01	ses-06	run-05	25	1958.0	334.0	0	0.5791661739349365
sub-01	ses-06	run-05	26	334.0	1108.0	0	0.5011069774627686
sub-01	ses-06	run-05	27	1108.0	1666.0	0	0.5000972151756287
sub-01	ses-06	run-05	28	1666.0	726.0	0	0.48957106471061707
sub-01	ses-06	run-05	29	726.0	1112.0	0	0.5186324119567871
sub-01	ses-06	run-05	30	1112.0	530.0	0	0.5472642779350281
sub-01	ses-06	run-05	31	530.0	1420.0	0	0.5656923055648804
sub-01	ses-06	run-05	32	1420.0	734.0	0	0.5428752899169922
sub-01	ses-06	run-05	33	734.0	1529.0	0	0.5025323629379272
sub-01	ses-06	run-05	34	1529.0	89.0	0	0.5231107473373413
sub-01	ses-06	run-05	35	89.0	1379.0	0	0.47605153918266296
sub-01	ses-06	run-05	36	1379.0	972.0	0	0.531542956829071
sub-01	ses-06	run-06	1	baseline	920.0	0	0.5031749606132507
sub-01	ses-06	run-06	2	920.0	1280.0	0	0.5354191064834595
sub-01	ses-06	run-06	3	1280.0	585.0	0	0.5067318677902222
sub-01	ses-06	run-06	4	585.0	1594.0	0	0.5065085887908936
sub-01	ses-06	run-06	5	1594.0	1893.0	0	0.4478550851345062
sub-01	ses-06	run-06	6	1893.0	1627.0	0	0.46049225330352783
sub-01	ses-06	run-06	7	1627.0	461.0	0	0.48387375473976135
sub-01	ses-06	run-06	8	461.0	1984.0	0	0.501194953918457
sub-01	ses-06	run-06	9	1984.0	731.0	0	0.49416103959083557
sub-01	ses-06	run-06	10	731.0	1414.0	0	0.4586401879787445
sub-01	ses-06	run-06	11	1414.0	599.0	0	0.4956970512866974
sub-01	ses-06	run-06	12	599.0	85.0	0	0.6536085605621338
sub-01	ses-06	run-06	13	85.0	1926.0	0	0.6732590794563293
sub-01	ses-06	run-06	14	1926.0	918.0	0	0.5119529366493225
sub-01	ses-06	run-06	15	918.0	303.0	0	0.46657437086105347
sub-01	ses-06	run-06	16	303.0	1459.0	0	0.47967958450317383
sub-01	ses-06	run-06	17	1459.0	962.0	0	0.4885309040546417
sub-01	ses-06	run-06	18	962.0	184.0	0	0.4716964662075043
sub-01	ses-06	run-06	19	184.0	662.0	0	0.49425920844078064
sub-01	ses-06	run-06	20	662.0	252.0	0	0.515936553478241
sub-01	ses-06	run-06	21	252.0	79.0	0	0.5109160542488098
sub-01	ses-06	run-06	22	79.0	968.0	0	0.4894138276576996
sub-01	ses-06	run-06	23	968.0	1855.0	0	0.6245456337928772
sub-01	ses-06	run-06	24	1855.0	1378.0	0	0.6432541608810425
sub-01	ses-06	run-06	25	1378.0	800.0	0	0.5591878890991211
sub-01	ses-06	run-06	26	800.0	1807.0	0	0.537013590335846
sub-01	ses-06	run-06	27	1807.0	1523.0	0	0.6050540208816528
sub-01	ses-06	run-06	28	1523.0	2045.0	0	0.5710391402244568
sub-01	ses-06	run-06	29	2045.0	710.0	0	0.5667871236801147
sub-01	ses-06	run-06	30	710.0	2051.0	0	0.5107048153877258
sub-01	ses-06	run-06	31	2051.0	1510.0	0	0.53384929895401
sub-01	ses-06	run-06	32	1510.0	919.0	0	0.5174533724784851
sub-01	ses-06	run-06	33	919.0	1655.0	0	0.5122788548469543
sub-01	ses-06	run-06	34	1655.0	360.0	0	0.5691176056861877
sub-01	ses-06	run-06	35	360.0	116.0	0	0.6748062372207642
sub-01	ses-06	run-06	36	116.0	797.0	0	0.6497046947479248
sub-01	ses-06	run-07	1	baseline	1645.0	0	0.5897372961044312
sub-01	ses-06	run-07	2	1645.0	781.0	0	0.6391666531562805
sub-01	ses-06	run-07	3	781.0	528.0	0	0.5625884532928467
sub-01	ses-06	run-07	4	528.0	105.0	0	0.5413883924484253
sub-01	ses-06	run-07	5	105.0	872.0	0	0.4817928969860077
sub-01	ses-06	run-07	6	872.0	283.0	0	0.529975414276123
sub-01	ses-06	run-07	7	283.0	1900.0	0	0.5349481701850891
sub-01	ses-06	run-07	8	1900.0	2124.0	0	0.476770281791687
sub-01	ses-06	run-07	9	2124.0	1599.0	0	0.46834656596183777
sub-01	ses-06	run-07	10	1599.0	45.0	0	0.48193809390068054
sub-01	ses-06	run-07	11	45.0	876.0	0	0.4839554727077484
sub-01	ses-06	run-07	12	876.0	1978.0	0	0.6337171196937561
sub-01	ses-06	run-07	13	1978.0	1920.0	0	0.6501083970069885
sub-01	ses-06	run-07	14	1920.0	161.0	0	0.5498011112213135
sub-01	ses-06	run-07	15	161.0	657.0	0	0.49985209107398987
sub-01	ses-06	run-07	16	657.0	1168.0	0	0.48742279410362244
sub-01	ses-06	run-07	17	1168.0	366.0	0	0.5338401794433594
sub-01	ses-06	run-07	18	366.0	604.0	0	0.4928050637245178
sub-01	ses-06	run-07	19	604.0	2105.0	0	0.5712103247642517
sub-01	ses-06	run-07	20	2105.0	123.0	0	0.5713260173797607
sub-01	ses-06	run-07	21	123.0	1277.0	0	0.5505632162094116
sub-01	ses-06	run-07	22	1277.0	839.0	0	0.6052358150482178
sub-01	ses-06	run-07	23	839.0	1972.0	0	0.5814806222915649
sub-01	ses-06	run-07	24	1972.0	1916.0	0	0.48358750343322754
sub-01	ses-06	run-07	25	1916.0	300.0	0	0.5158073902130127
sub-01	ses-06	run-07	26	300.0	1397.0	0	0.5363450646400452
sub-01	ses-06	run-07	27	1397.0	396.0	0	0.6325833201408386
sub-01	ses-06	run-07	28	396.0	31.0	0	0.7429907917976379
sub-01	ses-06	run-07	29	31.0	752.0	0	0.49168193340301514
sub-01	ses-06	run-07	30	752.0	403.0	0	0.6021328568458557
sub-01	ses-06	run-07	31	403.0	1721.0	0	0.599392294883728
sub-01	ses-06	run-07	32	1721.0	998.0	0	0.6095373630523682
sub-01	ses-06	run-07	33	998.0	1152.0	0	0.6038327217102051
sub-01	ses-06	run-07	34	1152.0	832.0	0	0.5953359603881836
sub-01	ses-06	run-07	35	832.0	2085.0	0	0.7914633750915527
sub-01	ses-06	run-07	36	2085.0	1896.0	0	0.7498900890350342
sub-01	ses-06	run-08	1	baseline	817.0	0	0.5120001435279846
sub-01	ses-06	run-08	2	817.0	1776.0	0	0.49773135781288147
sub-01	ses-06	run-08	3	1776.0	1682.0	0	0.4825110137462616
sub-01	ses-06	run-08	4	1682.0	1202.0	0	0.517371654510498
sub-01	ses-06	run-08	5	1202.0	535.0	0	0.4809577763080597
sub-01	ses-06	run-08	6	535.0	959.0	0	0.48723581433296204
sub-01	ses-06	run-08	7	959.0	659.0	0	0.4995029866695404
sub-01	ses-06	run-08	8	659.0	2187.0	0	0.5019280910491943
sub-01	ses-06	run-08	9	2187.0	757.0	0	0.6071997284889221
sub-01	ses-06	run-08	10	757.0	340.0	0	0.6061307191848755
sub-01	ses-06	run-08	11	340.0	651.0	0	0.48031339049339294
sub-01	ses-06	run-08	12	651.0	329.0	0	0.5612295269966125
sub-01	ses-06	run-08	13	329.0	269.0	0	0.4879468083381653
sub-01	ses-06	run-08	14	269.0	892.0	0	0.5111231803894043
sub-01	ses-06	run-08	15	892.0	1859.0	0	0.6423078179359436
sub-01	ses-06	run-08	16	1859.0	1935.0	0	0.5363208651542664
sub-01	ses-06	run-08	17	1935.0	1262.0	0	0.48545175790786743
sub-01	ses-06	run-08	18	1262.0	1629.0	0	0.5115185976028442
sub-01	ses-06	run-08	19	1629.0	1209.0	0	0.5755294561386108
sub-01	ses-06	run-08	20	1209.0	2093.0	0	0.5246536135673523
sub-01	ses-06	run-08	21	2093.0	616.0	0	0.5081185102462769
sub-01	ses-06	run-08	22	616.0	1355.0	0	0.5943090319633484
sub-01	ses-06	run-08	23	1355.0	1674.0	0	0.4988045394420624
sub-01	ses-06	run-08	24	1674.0	457.0	0	0.5941617488861084
sub-01	ses-06	run-08	25	457.0	455.0	0	0.549199104309082
sub-01	ses-06	run-08	26	455.0	371.0	0	0.5604121088981628
sub-01	ses-06	run-08	27	371.0	863.0	0	0.5792195796966553
sub-01	ses-06	run-08	28	863.0	1755.0	0	0.5717442035675049
sub-01	ses-06	run-08	29	1755.0	692.0	0	0.5122109055519104
sub-01	ses-06	run-08	30	692.0	404.0	0	0.515511691570282
sub-01	ses-06	run-08	31	404.0	357.0	0	0.4803410768508911
sub-01	ses-06	run-08	32	357.0	382.0	0	0.5123996138572693
sub-01	ses-06	run-08	33	382.0	733.0	0	0.554023802280426
sub-01	ses-06	run-08	34	733.0	130.0	0	0.5324892401695251
sub-01	ses-06	run-08	35	130.0	1891.0	0	0.5183723568916321
sub-01	ses-06	run-08	36	1891.0	491.0	0	0.5187236666679382
sub-01	ses-07	run-01	1	baseline	2035.0	0	0.8652422428131104
sub-01	ses-07	run-01	2	2035.0	1063.0	0	0.6602423787117004
sub-01	ses-07	run-01	3	1063.0	790.0	0	0.6281828880310059
sub-01	ses-07	run-01	4	790.0	1821.0	0	0.5194213390350342
sub-01	ses-07	run-01	5	1821.0	516.0	0	0.5771282911300659
sub-01	ses-07	run-01	6	516.0	1304.0	0	0.5887798070907593
sub-01	ses-07	run-01	7	1304.0	1269.0	0	0.5681625604629517
sub-01	ses-07	run-01	8	1269.0	672.0	0	0.624103307723999
sub-01	ses-07	run-01	9	672.0	2131.0	0	0.5521698594093323
sub-01	ses-07	run-01	10	2131.0	512.0	0	0.511165976524353
sub-01	ses-07	run-01	11	512.0	71.0	0	0.5057249665260315
sub-01	ses-07	run-01	12	71.0	323.0	0	0.5129823088645935
sub-01	ses-07	run-01	13	323.0	646.0	0	0.6211054921150208
sub-01	ses-07	run-01	14	646.0	1766.0	0	0.49015575647354126
sub-01	ses-07	run-01	15	1766.0	1805.0	0	0.4577702581882477
sub-01	ses-07	run-01	16	1805.0	1388.0	0	0.5456740260124207
sub-01	ses-07	run-01	17	1388.0	911.0	0	0.5413632988929749
sub-01	ses-07	run-01	18	911.0	2027.0	0	0.49792200326919556
sub-01	ses-07	run-01	19	2027.0	1687.0	0	0.483094722032547
sub-01	ses-07	run-01	20	1687.0	254.0	0	0.4684804379940033
sub-01	ses-07	run-01	21	254.0	268.0	0	0.5003693103790283
sub-01	ses-07	run-01	22	268.0	2129.0	0	0.46931716799736023
sub-01	ses-07	run-01	23	2129.0	871.0	0	0.5456368327140808
sub-01	ses-07	run-01	24	871.0	2138.0	0	0.551397979259491
sub-01	ses-07	run-01	25	2138.0	107.0	0	0.5968862771987915
sub-01	ses-07	run-01	26	107.0	1457.0	0	0.4728896915912628
sub-01	ses-07	run-01	27	1457.0	1099.0	0	0.4823588728904724
sub-01	ses-07	run-01	28	1099.0	442.0	0	0.49690374732017517
sub-01	ses-07	run-01	29	442.0	1061.0	0	0.557171106338501
sub-01	ses-07	run-01	30	1061.0	519.0	0	0.4986359477043152
sub-01	ses-07	run-01	31	519.0	899.0	0	0.558782160282135
sub-01	ses-07	run-01	32	899.0	1439.0	0	0.4997042119503021
sub-01	ses-07	run-01	33	1439.0	502.0	0	0.480822890996933
sub-01	ses-07	run-01	34	502.0	315.0	0	0.5103938579559326
sub-01	ses-07	run-01	35	315.0	1560.0	0	0.5250598192214966
sub-01	ses-07	run-01	36	1560.0	1804.0	0	0.5203428864479065
sub-01	ses-07	run-02	1	baseline	321.0	0	0.5232008695602417
sub-01	ses-07	run-02	2	321.0	748.0	0	0.5277135968208313
sub-01	ses-07	run-02	3	748.0	849.0	0	0.5226318836212158
sub-01	ses-07	run-02	4	849.0	169.0	0	0.4933677315711975
sub-01	ses-07	run-02	5	169.0	1224.0	0	0.51763516664505
sub-01	ses-07	run-02	6	1224.0	723.0	0	0.5167851448059082
sub-01	ses-07	run-02	7	723.0	1483.0	0	0.5298279523849487
sub-01	ses-07	run-02	8	1483.0	1572.0	0	0.5512886643409729
sub-01	ses-07	run-02	9	1572.0	1005.0	0	0.5045062899589539
sub-01	ses-07	run-02	10	1005.0	1217.0	0	0.5449820160865784
sub-01	ses-07	run-02	11	1217.0	1092.0	0	0.500028669834137
sub-01	ses-07	run-02	12	1092.0	1933.0	0	0.49867764115333557
sub-01	ses-07	run-02	13	1933.0	1182.0	0	0.5151299834251404
sub-01	ses-07	run-02	14	1182.0	799.0	0	0.523865282535553
sub-01	ses-07	run-02	15	799.0	124.0	0	0.5581036806106567
sub-01	ses-07	run-02	16	124.0	769.0	0	0.5313789248466492
sub-01	ses-07	run-02	17	769.0	1479.0	0	0.5139415860176086
sub-01	ses-07	run-02	18	1479.0	1239.0	0	0.509124755859375
sub-01	ses-07	run-02	19	1239.0	602.0	0	0.4926282465457916
sub-01	ses-07	run-02	20	602.0	1621.0	0	0.5587623715400696
sub-01	ses-07	run-02	21	1621.0	1344.0	0	0.5943513512611389
sub-01	ses-07	run-02	22	1344.0	304.0	0	0.646249532699585
sub-01	ses-07	run-02	23	304.0	722.0	0	0.6114437580108643
sub-01	ses-07	run-02	24	722.0	682.0	0	0.6036707758903503
sub-01	ses-07	run-02	25	682.0	80.0	0	0.5577775835990906
sub-01	ses-07	run-02	26	80.0	661.0	0	0.5454427003860474
sub-01	ses-07	run-02	27	661.0	248.0	0	0.6492523550987244
sub-01	ses-07	run-02	28	248.0	1117.0	0	0.5634514689445496
sub-01	ses-07	run-02	29	1117.0	1938.0	0	0.5967949032783508
sub-01	ses-07	run-02	30	1938.0	150.0	0	0.6031385064125061
sub-01	ses-07	run-02	31	150.0	1191.0	0	0.5293713212013245
sub-01	ses-07	run-02	32	1191.0	2049.0	0	0.5272164940834045
sub-01	ses-07	run-02	33	2049.0	1877.0	0	0.5619277358055115
sub-01	ses-07	run-02	34	1877.0	1261.0	0	0.5776721835136414
sub-01	ses-07	run-02	35	1261.0	1425.0	0	0.5840499401092529
sub-01	ses-07	run-02	36	1425.0	655.0	0	0.6196200251579285
sub-01	ses-07	run-03	1	baseline	1577.0	0	0.6196315288543701
sub-01	ses-07	run-03	2	1577.0	842.0	0	0.6122090816497803
sub-01	ses-07	run-03	3	842.0	2079.0	0	0.5760193467140198
sub-01	ses-07	run-03	4	2079.0	1107.0	0	0.6194319128990173
sub-01	ses-07	run-03	5	1107.0	1206.0	0	0.5562082529067993
sub-01	ses-07	run-03	6	1206.0	1680.0	0	0.5309355854988098
sub-01	ses-07	run-03	7	1680.0	158.0	0	0.5108463764190674
sub-01	ses-07	run-03	8	158.0	1264.0	0	0.4971191883087158
sub-01	ses-07	run-03	9	1264.0	135.0	0	0.768380880355835
sub-01	ses-07	run-03	10	135.0	65.0	0	0.5930574536323547
sub-01	ses-07	run-03	11	65.0	2067.0	0	0.518290638923645
sub-01	ses-07	run-03	12	2067.0	1987.0	0	0.5258817076683044
sub-01	ses-07	run-03	13	1987.0	885.0	0	0.5115614533424377
sub-01	ses-07	run-03	14	885.0	1746.0	0	0.5169706344604492
sub-01	ses-07	run-03	15	1746.0	376.0	0	0.5623701810836792
sub-01	ses-07	run-03	16	376.0	246.0	0	0.5249828100204468
sub-01	ses-07	run-03	17	246.0	2117.0	0	0.5350915193557739
sub-01	ses-07	run-03	18	2117.0	1055.0	0	0.5366698503494263
sub-01	ses-07	run-03	19	1055.0	1382.0	0	0.49542543292045593
sub-01	ses-07	run-03	20	1382.0	464.0	0	0.5236222743988037
sub-01	ses-07	run-03	21	464.0	56.0	0	0.5162210464477539
sub-01	ses-07	run-03	22	56.0	1943.0	0	0.5255993008613586
sub-01	ses-07	run-03	23	1943.0	2111.0	0	0.5114338994026184
sub-01	ses-07	run-03	24	2111.0	392.0	0	0.5220662355422974
sub-01	ses-07	run-03	25	392.0	40.0	0	0.5689453482627869
sub-01	ses-07	run-03	26	40.0	776.0	0	0.5116920471191406
sub-01	ses-07	run-03	27	776.0	126.0	0	0.6557462215423584
sub-01	ses-07	run-03	28	126.0	101.0	0	0.6873942017555237
sub-01	ses-07	run-03	29	101.0	385.0	0	0.5747258067131042
sub-01	ses-07	run-03	30	385.0	1846.0	0	0.5129988789558411
sub-01	ses-07	run-03	31	1846.0	843.0	0	0.5180626511573792
sub-01	ses-07	run-03	32	843.0	422.0	0	0.5597572922706604
sub-01	ses-07	run-03	33	422.0	1067.0	0	0.5075612664222717
sub-01	ses-07	run-03	34	1067.0	1709.0	0	0.5330542325973511
sub-01	ses-07	run-03	35	1709.0	931.0	0	0.5685031414031982
sub-01	ses-07	run-03	36	931.0	958.0	0	0.5470418334007263
sub-01	ses-07	run-04	1	baseline	2030.0	0	0.6387832164764404
sub-01	ses-07	run-04	2	2030.0	818.0	0	0.5762324929237366
sub-01	ses-07	run-04	3	818.0	1748.0	0	0.5096538066864014
sub-01	ses-07	run-04	4	1748.0	1711.0	0	0.5498497486114502
sub-01	ses-07	run-04	5	1711.0	2011.0	0	0.6164678335189819
sub-01	ses-07	run-04	6	2011.0	2136.0	0	0.5106630325317383
sub-01	ses-07	run-04	7	2136.0	1340.0	0	0.5114973783493042
sub-01	ses-07	run-04	8	1340.0	1260.0	0	0.49247366189956665
sub-01	ses-07	run-04	9	1260.0	2055.0	0	0.5229125618934631
sub-01	ses-07	run-04	10	2055.0	171.0	0	0.5409529805183411
sub-01	ses-07	run-04	11	171.0	240.0	0	0.487018883228302
sub-01	ses-07	run-04	12	240.0	1030.0	0	0.5122177600860596
sub-01	ses-07	run-04	13	1030.0	1064.0	0	0.5146828293800354
sub-01	ses-07	run-04	14	1064.0	1136.0	0	0.5106496214866638
sub-01	ses-07	run-04	15	1136.0	1024.0	0	0.5046002864837646
sub-01	ses-07	run-04	16	1024.0	489.0	0	0.5150028467178345
sub-01	ses-07	run-04	17	489.0	1845.0	0	0.558077871799469
sub-01	ses-07	run-04	18	1845.0	1341.0	0	0.6038932204246521
sub-01	ses-07	run-04	19	1341.0	1213.0	0	0.6880394816398621
sub-01	ses-07	run-04	20	1213.0	949.0	0	0.6432304382324219
sub-01	ses-07	run-04	21	949.0	391.0	0	0.5301473140716553
sub-01	ses-07	run-04	22	391.0	950.0	0	0.5922132730484009
sub-01	ses-07	run-04	23	950.0	1549.0	0	0.523913562297821
sub-01	ses-07	run-04	24	1549.0	991.0	0	0.5349734425544739
sub-01	ses-07	run-04	25	991.0	589.0	0	0.49907034635543823
sub-01	ses-07	run-04	26	589.0	2057.0	0	0.5636581182479858
sub-01	ses-07	run-04	27	2057.0	915.0	0	0.6031673550605774
sub-01	ses-07	run-04	28	915.0	411.0	0	0.6509233117103577
sub-01	ses-07	run-04	29	411.0	2069.0	0	0.5719342827796936
sub-01	ses-07	run-04	30	2069.0	1489.0	0	0.5411806106567383
sub-01	ses-07	run-04	31	1489.0	1705.0	0	0.5427755117416382
sub-01	ses-07	run-04	32	1705.0	2120.0	0	0.5202895402908325
sub-01	ses-07	run-04	33	2120.0	961.0	0	0.5219801068305969
sub-01	ses-07	run-04	34	961.0	1960.0	0	0.5227721333503723
sub-01	ses-07	run-04	35	1960.0	1103.0	0	0.6329882740974426
sub-01	ses-07	run-04	36	1103.0	861.0	0	0.5446431636810303
sub-01	ses-07	run-05	1	baseline	448.0	0	0.5434604287147522
sub-01	ses-07	run-05	2	448.0	91.0	0	0.5152647495269775
sub-01	ses-07	run-05	3	91.0	1478.0	0	0.5201829671859741
sub-01	ses-07	run-05	4	1478.0	628.0	0	0.5413351058959961
sub-01	ses-07	run-05	5	628.0	1971.0	0	0.5464106202125549
sub-01	ses-07	run-05	6	1971.0	1536.0	0	0.5530348420143127
sub-01	ses-07	run-05	7	1536.0	1325.0	0	0.5271688103675842
sub-01	ses-07	run-05	8	1325.0	270.0	0	0.5441427826881409
sub-01	ses-07	run-05	9	270.0	709.0	0	0.5701843500137329
sub-01	ses-07	run-05	10	709.0	834.0	0	0.579762876033783
sub-01	ses-07	run-05	11	834.0	163.0	0	0.5556362867355347
sub-01	ses-07	run-05	12	163.0	1632.0	0	0.5235394239425659
sub-01	ses-07	run-05	13	1632.0	1955.0	0	0.5075018405914307
sub-01	ses-07	run-05	14	1955.0	233.0	0	0.5511518716812134
sub-01	ses-07	run-05	15	233.0	1623.0	0	0.5114840269088745
sub-01	ses-07	run-05	16	1623.0	1130.0	0	0.5113949179649353
sub-01	ses-07	run-05	17	1130.0	2046.0	0	0.5893023014068604
sub-01	ses-07	run-05	18	2046.0	566.0	0	0.6130121946334839
sub-01	ses-07	run-05	19	566.0	712.0	0	0.5783582925796509
sub-01	ses-07	run-05	20	712.0	822.0	0	0.5248846411705017
sub-01	ses-07	run-05	21	822.0	2154.0	0	0.5535237193107605
sub-01	ses-07	run-05	22	2154.0	1570.0	0	0.5711121559143066
sub-01	ses-07	run-05	23	1570.0	1743.0	0	0.5264036059379578
sub-01	ses-07	run-05	24	1743.0	588.0	0	0.5855135917663574
sub-01	ses-07	run-05	25	588.0	249.0	0	0.6291408538818359
sub-01	ses-07	run-05	26	249.0	128.0	0	0.5794084668159485
sub-01	ses-07	run-05	27	128.0	1928.0	0	0.5425323247909546
sub-01	ses-07	run-05	28	1928.0	1241.0	0	0.5296977758407593
sub-01	ses-07	run-05	29	1241.0	316.0	0	0.5372104048728943
sub-01	ses-07	run-05	30	316.0	612.0	0	0.5283663272857666
sub-01	ses-07	run-05	31	612.0	689.0	0	0.6453168988227844
sub-01	ses-07	run-05	32	689.0	296.0	0	0.5632125735282898
sub-01	ses-07	run-05	33	296.0	2173.0	0	0.5724731087684631
sub-01	ses-07	run-05	34	2173.0	407.0	0	0.5789499878883362
sub-01	ses-07	run-05	35	407.0	496.0	0	0.5431341528892517
sub-01	ses-07	run-05	36	496.0	1334.0	0	0.5593674778938293
sub-01	ses-07	run-06	1	baseline	1701.0	0	0.5752216577529907
sub-01	ses-07	run-06	2	1701.0	967.0	0	0.6051728129386902
sub-01	ses-07	run-06	3	967.0	1618.0	0	0.5506182312965393
sub-01	ses-07	run-06	4	1618.0	510.0	0	0.5759996771812439
sub-01	ses-07	run-06	5	510.0	1547.0	0	0.5999671816825867
sub-01	ses-07	run-06	6	1547.0	1066.0	0	0.5150089859962463
sub-01	ses-07	run-06	7	1066.0	1041.0	0	0.4849902093410492
sub-01	ses-07	run-06	8	1041.0	1562.0	0	0.48862576484680176
sub-01	ses-07	run-06	9	1562.0	923.0	0	0.4848595857620239
sub-01	ses-07	run-06	10	923.0	1883.0	0	0.5064177513122559
sub-01	ses-07	run-06	11	1883.0	913.0	0	0.6133742332458496
sub-01	ses-07	run-06	12	913.0	1996.0	0	0.6129840612411499
sub-01	ses-07	run-06	13	1996.0	1028.0	0	0.5636417269706726
sub-01	ses-07	run-06	14	1028.0	2183.0	0	0.5842610001564026
sub-01	ses-07	run-06	15	2183.0	866.0	0	0.5989243984222412
sub-01	ses-07	run-06	16	866.0	1940.0	0	0.5199800133705139
sub-01	ses-07	run-06	17	1940.0	1156.0	0	0.5274027585983276
sub-01	ses-07	run-06	18	1156.0	1116.0	0	0.5028672218322754
sub-01	ses-07	run-06	19	1116.0	2146.0	0	0.5063533186912537
sub-01	ses-07	run-06	20	2146.0	1862.0	0	0.5159378051757812
sub-01	ses-07	run-06	21	1862.0	1584.0	0	0.584185779094696
sub-01	ses-07	run-06	22	1584.0	1109.0	0	0.5494390726089478
sub-01	ses-07	run-06	23	1109.0	1820.0	0	0.5005242228507996
sub-01	ses-07	run-06	24	1820.0	1232.0	0	0.5191273093223572
sub-01	ses-07	run-06	25	1232.0	1595.0	0	0.5424331426620483
sub-01	ses-07	run-06	26	1595.0	291.0	0	0.5762172937393188
sub-01	ses-07	run-06	27	291.0	1602.0	0	0.6512954831123352
sub-01	ses-07	run-06	28	1602.0	1234.0	0	0.6701516509056091
sub-01	ses-07	run-06	29	1234.0	424.0	0	0.5793771743774414
sub-01	ses-07	run-06	30	424.0	221.0	0	0.5643435716629028
sub-01	ses-07	run-06	31	221.0	1362.0	0	0.5291383266448975
sub-01	ses-07	run-06	32	1362.0	1359.0	0	0.5061350464820862
sub-01	ses-07	run-06	33	1359.0	740.0	0	0.5218716859817505
sub-01	ses-07	run-06	34	740.0	1114.0	0	0.6298428177833557
sub-01	ses-07	run-06	35	1114.0	613.0	0	0.5617856383323669
sub-01	ses-07	run-06	36	613.0	1768.0	0	0.6383196115493774
sub-01	ses-07	run-07	1	baseline	1754.0	0	0.5954462885856628
sub-01	ses-07	run-07	2	1754.0	956.0	0	0.5396459102630615
sub-01	ses-07	run-07	3	956.0	1643.0	0	0.5740060806274414
sub-01	ses-07	run-07	4	1643.0	864.0	0	0.5621737241744995
sub-01	ses-07	run-07	5	864.0	74.0	0	0.5684235095977783
sub-01	ses-07	run-07	6	74.0	1427.0	0	0.5063852071762085
sub-01	ses-07	run-07	7	1427.0	1539.0	0	0.5853944420814514
sub-01	ses-07	run-07	8	1539.0	1884.0	0	0.6276920437812805
sub-01	ses-07	run-07	9	1884.0	1431.0	0	0.6322318911552429
sub-01	ses-07	run-07	10	1431.0	414.0	0	0.5455768704414368
sub-01	ses-07	run-07	11	414.0	2107.0	0	0.6972845196723938
sub-01	ses-07	run-07	12	2107.0	1989.0	0	0.6872268319129944
sub-01	ses-07	run-07	13	1989.0	1630.0	0	0.5413748621940613
sub-01	ses-07	run-07	14	1630.0	1254.0	0	0.5928236842155457
sub-01	ses-07	run-07	15	1254.0	263.0	0	0.5803855061531067
sub-01	ses-07	run-07	16	263.0	1511.0	0	0.5316483378410339
sub-01	ses-07	run-07	17	1511.0	351.0	0	0.5416441559791565
sub-01	ses-07	run-07	18	351.0	331.0	0	0.5759615302085876
sub-01	ses-07	run-07	19	331.0	1032.0	0	0.5986402630805969
sub-01	ses-07	run-07	20	1032.0	1532.0	0	0.5901936292648315
sub-01	ses-07	run-07	21	1532.0	289.0	0	0.618509829044342
sub-01	ses-07	run-07	22	289.0	788.0	0	0.641430139541626
sub-01	ses-07	run-07	23	788.0	1593.0	0	0.5191598534584045
sub-01	ses-07	run-07	24	1593.0	306.0	0	0.5211459994316101
sub-01	ses-07	run-07	25	306.0	879.0	0	0.5166559219360352
sub-01	ses-07	run-07	26	879.0	1358.0	0	0.5605141520500183
sub-01	ses-07	run-07	27	1358.0	122.0	0	0.6160816550254822
sub-01	ses-07	run-07	28	122.0	778.0	0	0.534873902797699
sub-01	ses-07	run-07	29	778.0	1089.0	0	0.5591633319854736
sub-01	ses-07	run-07	30	1089.0	1906.0	0	0.6023292541503906
sub-01	ses-07	run-07	31	1906.0	2009.0	0	0.5299626588821411
sub-01	ses-07	run-07	32	2009.0	1999.0	0	0.5913869738578796
sub-01	ses-07	run-07	33	1999.0	1548.0	0	0.593034029006958
sub-01	ses-07	run-07	34	1548.0	1740.0	0	0.6390668153762817
sub-01	ses-07	run-07	35	1740.0	2100.0	0	0.713979959487915
sub-01	ses-07	run-07	36	2100.0	1376.0	0	0.5962275266647339
sub-01	ses-07	run-08	1	baseline	1541.0	0	0.592130184173584
sub-01	ses-07	run-08	2	1541.0	2148.0	0	0.6102063059806824
sub-01	ses-07	run-08	3	2148.0	2188.0	0	0.5657098889350891
sub-01	ses-07	run-08	4	2188.0	2178.0	0	0.5371696352958679
sub-01	ses-07	run-08	5	2178.0	100.0	0	0.5176655650138855
sub-01	ses-07	run-08	6	100.0	1648.0	0	0.5358246564865112
sub-01	ses-07	run-08	7	1648.0	1524.0	0	0.5683899521827698
sub-01	ses-07	run-08	8	1524.0	1465.0	0	0.5209822058677673
sub-01	ses-07	run-08	9	1465.0	907.0	0	0.5097901225090027
sub-01	ses-07	run-08	10	907.0	704.0	0	0.517892599105835
sub-01	ses-07	run-08	11	704.0	237.0	0	0.5361767411231995
sub-01	ses-07	run-08	12	237.0	438.0	0	0.5119739174842834
sub-01	ses-07	run-08	13	438.0	2008.0	0	0.5409342646598816
sub-01	ses-07	run-08	14	2008.0	1422.0	0	0.5287725329399109
sub-01	ses-07	run-08	15	1422.0	1007.0	0	0.5872844457626343
sub-01	ses-07	run-08	16	1007.0	1622.0	0	0.5756344795227051
sub-01	ses-07	run-08	17	1622.0	1283.0	0	0.4996936023235321
sub-01	ses-07	run-08	18	1283.0	1208.0	0	0.519324541091919
sub-01	ses-07	run-08	19	1208.0	773.0	0	0.5037748217582703
sub-01	ses-07	run-08	20	773.0	1163.0	0	0.49197879433631897
sub-01	ses-07	run-08	21	1163.0	1311.0	0	0.5044849514961243
sub-01	ses-07	run-08	22	1311.0	78.0	0	0.6000739932060242
sub-01	ses-07	run-08	23	78.0	1836.0	0	0.568949818611145
sub-01	ses-07	run-08	24	1836.0	1872.0	0	0.5782691836357117
sub-01	ses-07	run-08	25	1872.0	1180.0	0	0.5373702645301819
sub-01	ses-07	run-08	26	1180.0	925.0	0	0.5149890184402466
sub-01	ses-07	run-08	27	925.0	1951.0	0	0.5245951414108276
sub-01	ses-07	run-08	28	1951.0	1752.0	0	0.48327821493148804
sub-01	ses-07	run-08	29	1752.0	1506.0	0	0.5207089185714722
sub-01	ses-07	run-08	30	1506.0	2155.0	0	0.566028892993927
sub-01	ses-07	run-08	31	2155.0	1519.0	0	0.5812066793441772
sub-01	ses-07	run-08	32	1519.0	312.0	0	0.5476003885269165
sub-01	ses-07	run-08	33	312.0	1582.0	0	0.5380091667175293
sub-01	ses-07	run-08	34	1582.0	465.0	0	0.5719663500785828
sub-01	ses-07	run-08	35	465.0	117.0	0	0.5500990152359009
sub-01	ses-07	run-08	36	117.0	1139.0	0	0.5796307921409607
sub-01	ses-08	run-01	1	baseline	837.0	0	0.6471373438835144
sub-01	ses-08	run-01	2	837.0	2000.0	0	0.6079007387161255
sub-01	ses-08	run-01	3	2000.0	245.0	0	0.5093877911567688
sub-01	ses-08	run-01	4	245.0	1783.0	0	0.7691051363945007
sub-01	ses-08	run-01	5	1783.0	278.0	0	0.7024252414703369
sub-01	ses-08	run-01	6	278.0	2090.0	0	0.5779600143432617
sub-01	ses-08	run-01	7	2090.0	1044.0	0	0.5099758505821228
sub-01	ses-08	run-01	8	1044.0	798.0	0	0.4810793697834015
sub-01	ses-08	run-01	9	798.0	1410.0	0	0.5039803385734558
sub-01	ses-08	run-01	10	1410.0	174.0	0	0.4959770143032074
sub-01	ses-08	run-01	11	174.0	1486.0	0	0.5171942114830017
sub-01	ses-08	run-01	12	1486.0	440.0	0	0.472260445356369
sub-01	ses-08	run-01	13	440.0	1838.0	0	0.48352184891700745
sub-01	ses-08	run-01	14	1838.0	1463.0	0	0.49358564615249634
sub-01	ses-08	run-01	15	1463.0	642.0	0	0.47877904772758484
sub-01	ses-08	run-01	16	642.0	1244.0	0	0.5485600829124451
sub-01	ses-08	run-01	17	1244.0	605.0	0	0.5250921249389648
sub-01	ses-08	run-01	18	605.0	1727.0	0	0.49269720911979675
sub-01	ses-08	run-01	19	1727.0	1543.0	0	0.5453585386276245
sub-01	ses-08	run-01	20	1543.0	641.0	0	0.5642770528793335
sub-01	ses-08	run-01	21	641.0	1167.0	0	0.592843770980835
sub-01	ses-08	run-01	22	1167.0	1246.0	0	0.5544601678848267
sub-01	ses-08	run-01	23	1246.0	2195.0	0	0.5625249147415161
sub-01	ses-08	run-01	24	2195.0	1380.0	0	0.5235525369644165
sub-01	ses-08	run-01	25	1380.0	1458.0	0	0.5620540380477905
sub-01	ses-08	run-01	26	1458.0	1637.0	0	0.5566785931587219
sub-01	ses-08	run-01	27	1637.0	1438.0	0	0.5843945145606995
sub-01	ses-08	run-01	28	1438.0	1488.0	0	0.5353415608406067
sub-01	ses-08	run-01	29	1488.0	6.0	0	0.5557647943496704
sub-01	ses-08	run-01	30	6.0	2078.0	0	0.5689854025840759
sub-01	ses-08	run-01	31	2078.0	1040.0	0	0.47167202830314636
sub-01	ses-08	run-01	32	1040.0	1423.0	0	0.5510870218276978
sub-01	ses-08	run-01	33	1423.0	26.0	0	0.489010214805603
sub-01	ses-08	run-01	34	26.0	1770.0	0	0.5179046392440796
sub-01	ses-08	run-01	35	1770.0	2077.0	0	0.5471094250679016
sub-01	ses-08	run-01	36	2077.0	1718.0	0	0.5957615375518799
sub-01	ses-08	run-02	1	baseline	427.0	0	0.5661128759384155
sub-01	ses-08	run-02	2	427.0	914.0	0	0.5596745610237122
sub-01	ses-08	run-02	3	914.0	1278.0	0	0.5243914723396301
sub-01	ses-08	run-02	4	1278.0	1027.0	0	0.5148478746414185
sub-01	ses-08	run-02	5	1027.0	183.0	0	0.49081751704216003
sub-01	ses-08	run-02	6	183.0	1921.0	0	0.5234173536300659
sub-01	ses-08	run-02	7	1921.0	280.0	0	0.5281083583831787
sub-01	ses-08	run-02	8	280.0	568.0	0	0.560775637626648
sub-01	ses-08	run-02	9	568.0	758.0	0	0.5532541871070862
sub-01	ses-08	run-02	10	758.0	2122.0	0	0.525452196598053
sub-01	ses-08	run-02	11	2122.0	775.0	0	0.5667054653167725
sub-01	ses-08	run-02	12	775.0	19.0	0	0.5118358731269836
sub-01	ses-08	run-02	13	19.0	1453.0	0	0.619842529296875
sub-01	ses-08	run-02	14	1453.0	454.0	0	0.5936186909675598
sub-01	ses-08	run-02	15	454.0	1628.0	0	0.6810352206230164
sub-01	ses-08	run-02	16	1628.0	2047.0	0	0.5944413542747498
sub-01	ses-08	run-02	17	2047.0	924.0	0	0.5808051824569702
sub-01	ses-08	run-02	18	924.0	156.0	0	0.5053117871284485
sub-01	ses-08	run-02	19	156.0	132.0	0	0.5656214356422424
sub-01	ses-08	run-02	20	132.0	771.0	0	0.4816611111164093
sub-01	ses-08	run-02	21	771.0	719.0	0	0.5156925320625305
sub-01	ses-08	run-02	22	719.0	1299.0	0	0.47857603430747986
sub-01	ses-08	run-02	23	1299.0	1492.0	0	0.5379669666290283
sub-01	ses-08	run-02	24	1492.0	600.0	0	0.485601544380188
sub-01	ses-08	run-02	25	600.0	1998.0	0	0.5912559032440186
sub-01	ses-08	run-02	26	1998.0	1675.0	0	0.5751038193702698
sub-01	ses-08	run-02	27	1675.0	436.0	0	0.5078036785125732
sub-01	ses-08	run-02	28	436.0	1017.0	0	0.5269681215286255
sub-01	ses-08	run-02	29	1017.0	205.0	0	0.48358118534088135
sub-01	ses-08	run-02	30	205.0	1957.0	0	0.6868385672569275
sub-01	ses-08	run-02	31	1957.0	632.0	0	0.5112614035606384
sub-01	ses-08	run-02	32	632.0	355.0	0	0.6597666144371033
sub-01	ses-08	run-02	33	355.0	909.0	0	0.5274706482887268
sub-01	ses-08	run-02	34	909.0	1983.0	0	0.4885028004646301
sub-01	ses-08	run-02	35	1983.0	1702.0	0	0.503058671951294
sub-01	ses-08	run-02	36	1702.0	1817.0	0	0.5214913487434387
sub-01	ses-08	run-03	1	baseline	971.0	0	0.6448773145675659
sub-01	ses-08	run-03	2	971.0	1360.0	0	0.7096952795982361
sub-01	ses-08	run-03	3	1360.0	199.0	0	0.6033839583396912
sub-01	ses-08	run-03	4	199.0	159.0	0	0.6322418451309204
sub-01	ses-08	run-03	5	159.0	330.0	0	0.5918931365013123
sub-01	ses-08	run-03	6	330.0	1695.0	0	0.5104048848152161
sub-01	ses-08	run-03	7	1695.0	2013.0	0	0.766954779624939
sub-01	ses-08	run-03	8	2013.0	1600.0	0	0.7206984162330627
sub-01	ses-08	run-03	9	1600.0	1481.0	0	0.4799599349498749
sub-01	ses-08	run-03	10	1481.0	1298.0	0	0.5109031200408936
sub-01	ses-08	run-03	11	1298.0	789.0	0	0.44573408365249634
sub-01	ses-08	run-03	12	789.0	1497.0	0	0.44037649035453796
sub-01	ses-08	run-03	13	1497.0	1790.0	0	0.45769134163856506
sub-01	ses-08	run-03	14	1790.0	1567.0	0	0.5306167602539062
sub-01	ses-08	run-03	15	1567.0	2150.0	0	0.5310840010643005
sub-01	ses-08	run-03	16	2150.0	1644.0	0	0.5854640603065491
sub-01	ses-08	run-03	17	1644.0	680.0	0	0.5152782797813416
sub-01	ses-08	run-03	18	680.0	1888.0	0	0.48451393842697144
sub-01	ses-08	run-03	19	1888.0	1050.0	0	0.5301924347877502
sub-01	ses-08	run-03	20	1050.0	894.0	0	0.5401602387428284
sub-01	ses-08	run-03	21	894.0	342.0	0	0.5745746493339539
sub-01	ses-08	run-03	22	342.0	1404.0	0	0.6136139035224915
sub-01	ses-08	run-03	23	1404.0	1798.0	0	0.49205589294433594
sub-01	ses-08	run-03	24	1798.0	1042.0	0	0.48821842670440674
sub-01	ses-08	run-03	25	1042.0	1407.0	0	0.49871671199798584
sub-01	ses-08	run-03	26	1407.0	1204.0	0	0.5321612358093262
sub-01	ses-08	run-03	27	1204.0	295.0	0	0.5283791422843933
sub-01	ses-08	run-03	28	295.0	1840.0	0	0.5371126532554626
sub-01	ses-08	run-03	29	1840.0	1031.0	0	0.5163887739181519
sub-01	ses-08	run-03	30	1031.0	1199.0	0	0.5411903858184814
sub-01	ses-08	run-03	31	1199.0	4.0	0	0.5100865364074707
sub-01	ses-08	run-03	32	4.0	509.0	0	0.4981987178325653
sub-01	ses-08	run-03	33	509.0	73.0	0	0.6008477807044983
sub-01	ses-08	run-03	34	73.0	784.0	0	0.5601599216461182
sub-01	ses-08	run-03	35	784.0	1852.0	0	0.5565723180770874
sub-01	ses-08	run-03	36	1852.0	795.0	0	0.6243259310722351
sub-01	ses-08	run-04	1	baseline	1950.0	0	0.5362672209739685
sub-01	ses-08	run-04	2	1950.0	5.0	0	0.5196180939674377
sub-01	ses-08	run-04	3	5.0	339.0	0	0.5159666538238525
sub-01	ses-08	run-04	4	339.0	1568.0	0	0.5710042119026184
sub-01	ses-08	run-04	5	1568.0	1361.0	0	0.4855329096317291
sub-01	ses-08	run-04	6	1361.0	2096.0	0	0.513274073600769
sub-01	ses-08	run-04	7	2096.0	926.0	0	0.5666335225105286
sub-01	ses-08	run-04	8	926.0	1688.0	0	0.48655277490615845
sub-01	ses-08	run-04	9	1688.0	293.0	0	0.467177152633667
sub-01	ses-08	run-04	10	293.0	2023.0	0	0.528497040271759
sub-01	ses-08	run-04	11	2023.0	1195.0	0	0.5409273505210876
sub-01	ses-08	run-04	12	1195.0	198.0	0	0.5094500780105591
sub-01	ses-08	run-04	13	198.0	1289.0	0	0.5287559032440186
sub-01	ses-08	run-04	14	1289.0	1375.0	0	0.45261192321777344
sub-01	ses-08	run-04	15	1375.0	459.0	0	0.5810837745666504
sub-01	ses-08	run-04	16	459.0	44.0	0	0.5534378290176392
sub-01	ses-08	run-04	17	44.0	1851.0	0	0.6775752305984497
sub-01	ses-08	run-04	18	1851.0	787.0	0	0.47760507464408875
sub-01	ses-08	run-04	19	787.0	2161.0	0	0.5361456871032715
sub-01	ses-08	run-04	20	2161.0	1659.0	0	0.5244585275650024
sub-01	ses-08	run-04	21	1659.0	667.0	0	0.5616661310195923
sub-01	ses-08	run-04	22	667.0	462.0	0	0.4877622723579407
sub-01	ses-08	run-04	23	462.0	903.0	0	0.5454742908477783
sub-01	ses-08	run-04	24	903.0	2012.0	0	0.5622850656509399
sub-01	ses-08	run-04	25	2012.0	2127.0	0	0.5501196980476379
sub-01	ses-08	run-04	26	2127.0	867.0	0	0.5425745248794556
sub-01	ses-08	run-04	27	867.0	860.0	0	0.5100303292274475
sub-01	ses-08	run-04	28	860.0	1925.0	0	0.48982155323028564
sub-01	ses-08	run-04	29	1925.0	2081.0	0	0.5422530770301819
sub-01	ses-08	run-04	30	2081.0	1553.0	0	0.633558988571167
sub-01	ses-08	run-04	31	1553.0	551.0	0	0.6136409640312195
sub-01	ses-08	run-04	32	551.0	1047.0	0	0.501957356929779
sub-01	ses-08	run-04	33	1047.0	2088.0	0	0.5666200518608093
sub-01	ses-08	run-04	34	2088.0	944.0	0	0.6024198532104492
sub-01	ses-08	run-04	35	944.0	1796.0	0	0.6000391840934753
sub-01	ses-08	run-04	36	1796.0	635.0	0	0.6408141255378723
sub-01	ses-08	run-05	1	baseline	2126.0	0	0.606395959854126
sub-01	ses-08	run-05	2	2126.0	288.0	0	0.6296470761299133
sub-01	ses-08	run-05	3	288.0	1468.0	0	0.559764564037323
sub-01	ses-08	run-05	4	1468.0	1853.0	0	0.5071772336959839
sub-01	ses-08	run-05	5	1853.0	1786.0	0	0.5451453924179077
sub-01	ses-08	run-05	6	1786.0	1200.0	0	0.5268832445144653
sub-01	ses-08	run-05	7	1200.0	1697.0	0	0.5160827040672302
sub-01	ses-08	run-05	8	1697.0	1321.0	0	0.5371139645576477
sub-01	ses-08	run-05	9	1321.0	1173.0	0	0.5771709084510803
sub-01	ses-08	run-05	10	1173.0	1249.0	0	0.4684044122695923
sub-01	ses-08	run-05	11	1249.0	1184.0	0	0.48428431153297424
sub-01	ses-08	run-05	12	1184.0	1037.0	0	0.44629231095314026
sub-01	ses-08	run-05	13	1037.0	756.0	0	0.5538309812545776
sub-01	ses-08	run-05	14	756.0	544.0	0	0.5231322050094604
sub-01	ses-08	run-05	15	544.0	394.0	0	0.5749424695968628
sub-01	ses-08	run-05	16	394.0	821.0	0	0.5577499270439148
sub-01	ses-08	run-05	17	821.0	258.0	0	0.4831530749797821
sub-01	ses-08	run-05	18	258.0	618.0	0	0.5362604260444641
sub-01	ses-08	run-05	19	618.0	2038.0	0	0.55142742395401
sub-01	ses-08	run-05	20	2038.0	2169.0	0	0.48423177003860474
sub-01	ses-08	run-05	21	2169.0	373.0	0	0.6011991500854492
sub-01	ses-08	run-05	22	373.0	1494.0	0	0.5577643513679504
sub-01	ses-08	run-05	23	1494.0	364.0	0	0.6742691397666931
sub-01	ses-08	run-05	24	364.0	2050.0	0	0.5565163493156433
sub-01	ses-08	run-05	25	2050.0	11.0	0	0.5653836131095886
sub-01	ses-08	run-05	26	11.0	1081.0	0	0.5760561227798462
sub-01	ses-08	run-05	27	1081.0	1834.0	0	0.5893387198448181
sub-01	ses-08	run-05	28	1834.0	2163.0	0	0.6758918762207031
sub-01	ses-08	run-05	29	2163.0	744.0	0	0.5480316877365112
sub-01	ses-08	run-05	30	744.0	1946.0	0	0.48877397179603577
sub-01	ses-08	run-05	31	1946.0	539.0	0	0.5826525092124939
sub-01	ses-08	run-05	32	539.0	63.0	0	0.5433404445648193
sub-01	ses-08	run-05	33	63.0	294.0	0	0.49172094464302063
sub-01	ses-08	run-05	34	294.0	2175.0	0	0.5197473764419556
sub-01	ses-08	run-05	35	2175.0	401.0	0	0.5318566560745239
sub-01	ses-08	run-05	36	401.0	2101.0	0	0.555587112903595
sub-01	ses-08	run-06	1	baseline	81.0	0	0.5240066647529602
sub-01	ses-08	run-06	2	81.0	15.0	0	0.5176055431365967
sub-01	ses-08	run-06	3	15.0	1192.0	0	0.4785435199737549
sub-01	ses-08	run-06	4	1192.0	148.0	0	0.5212359428405762
sub-01	ses-08	run-06	5	148.0	1667.0	0	0.4697440564632416
sub-01	ses-08	run-06	6	1667.0	1791.0	0	0.533990740776062
sub-01	ses-08	run-06	7	1791.0	140.0	0	0.5094200372695923
sub-01	ses-08	run-06	8	140.0	1818.0	0	0.5052229762077332
sub-01	ses-08	run-06	9	1818.0	515.0	0	0.5967509746551514
sub-01	ses-08	run-06	10	515.0	1351.0	0	0.544893205165863
sub-01	ses-08	run-06	11	1351.0	1542.0	0	0.5356970429420471
sub-01	ses-08	run-06	12	1542.0	1172.0	0	0.5392088890075684
sub-01	ses-08	run-06	13	1172.0	698.0	0	0.6096194386482239
sub-01	ses-08	run-06	14	698.0	1347.0	0	0.5904527306556702
sub-01	ses-08	run-06	15	1347.0	273.0	0	0.5701829195022583
sub-01	ses-08	run-06	16	273.0	728.0	0	0.4907868206501007
sub-01	ses-08	run-06	17	728.0	1716.0	0	0.5941184163093567
sub-01	ses-08	run-06	18	1716.0	1016.0	0	0.5707755088806152
sub-01	ses-08	run-06	19	1016.0	2064.0	0	0.6754903793334961
sub-01	ses-08	run-06	20	2064.0	724.0	0	0.4814409017562866
sub-01	ses-08	run-06	21	724.0	1941.0	0	0.4663116931915283
sub-01	ses-08	run-06	22	1941.0	1284.0	0	0.4769397974014282
sub-01	ses-08	run-06	23	1284.0	1413.0	0	0.4871262311935425
sub-01	ses-08	run-06	24	1413.0	1495.0	0	0.5164795517921448
sub-01	ses-08	run-06	25	1495.0	264.0	0	0.5103917717933655
sub-01	ses-08	run-06	26	264.0	1848.0	0	0.5545569658279419
sub-01	ses-08	run-06	27	1848.0	1760.0	0	0.5938321352005005
sub-01	ses-08	run-06	28	1760.0	1090.0	0	0.5595791935920715
sub-01	ses-08	run-06	29	1090.0	1189.0	0	0.7023585438728333
sub-01	ses-08	run-06	30	1189.0	1087.0	0	0.5531343221664429
sub-01	ses-08	run-06	31	1087.0	1101.0	0	0.495778352022171
sub-01	ses-08	run-06	32	1101.0	1419.0	0	0.5145949721336365
sub-01	ses-08	run-06	33	1419.0	155.0	0	0.5496793985366821
sub-01	ses-08	run-06	34	155.0	20.0	0	0.5294671654701233
sub-01	ses-08	run-06	35	20.0	417.0	0	0.6514248251914978
sub-01	ses-08	run-06	36	417.0	1563.0	0	0.5992326140403748
sub-01	ses-08	run-07	1	baseline	482.0	0	0.6089990735054016
sub-01	ses-08	run-07	2	482.0	1656.0	0	0.5090883374214172
sub-01	ses-08	run-07	3	1656.0	708.0	0	0.5307607054710388
sub-01	ses-08	run-07	4	708.0	1961.0	0	0.5102069973945618
sub-01	ses-08	run-07	5	1961.0	361.0	0	0.5358664393424988
sub-01	ses-08	run-07	6	361.0	1728.0	0	0.5484764575958252
sub-01	ses-08	run-07	7	1728.0	1060.0	0	0.500170886516571
sub-01	ses-08	run-07	8	1060.0	33.0	0	0.4925210177898407
sub-01	ses-08	run-07	9	33.0	262.0	0	0.543607771396637
sub-01	ses-08	run-07	10	262.0	39.0	0	0.586329996585846
sub-01	ses-08	run-07	11	39.0	806.0	0	0.5452539920806885
sub-01	ses-08	run-07	12	806.0	1399.0	0	0.49525904655456543
sub-01	ses-08	run-07	13	1399.0	550.0	0	0.490660697221756
sub-01	ses-08	run-07	14	550.0	166.0	0	0.46955323219299316
sub-01	ses-08	run-07	15	166.0	374.0	0	0.511393129825592
sub-01	ses-08	run-07	16	374.0	2083.0	0	0.508333683013916
sub-01	ses-08	run-07	17	2083.0	1842.0	0	0.49010932445526123
sub-01	ses-08	run-07	18	1842.0	2065.0	0	0.4751327931880951
sub-01	ses-08	run-07	19	2065.0	292.0	0	0.5365155935287476
sub-01	ses-08	run-07	20	292.0	1111.0	0	0.5309209227561951
sub-01	ses-08	run-07	21	1111.0	1876.0	0	0.4864449203014374
sub-01	ses-08	run-07	22	1876.0	97.0	0	0.4666426479816437
sub-01	ses-08	run-07	23	97.0	1936.0	0	0.604498565196991
sub-01	ses-08	run-07	24	1936.0	1551.0	0	0.6004828810691833
sub-01	ses-08	run-07	25	1551.0	1054.0	0	0.5375942587852478
sub-01	ses-08	run-07	26	1054.0	108.0	0	0.506766676902771
sub-01	ses-08	run-07	27	108.0	881.0	0	0.5113409161567688
sub-01	ses-08	run-07	28	881.0	735.0	0	0.5193886756896973
sub-01	ses-08	run-07	29	735.0	558.0	0	0.548315167427063
sub-01	ses-08	run-07	30	558.0	313.0	0	0.56831294298172
sub-01	ses-08	run-07	31	313.0	1620.0	0	0.5214245319366455
sub-01	ses-08	run-07	32	1620.0	820.0	0	0.5419951677322388
sub-01	ses-08	run-07	33	820.0	182.0	0	0.53120356798172
sub-01	ses-08	run-07	34	182.0	1015.0	0	0.5274292230606079
sub-01	ses-08	run-07	35	1015.0	69.0	0	0.5573175549507141
sub-01	ses-08	run-07	36	69.0	631.0	0	0.5471990704536438
sub-02	ses-01	run-01	1	baseline	2017.0	0	0.6069616079330444
sub-02	ses-01	run-01	2	2017.0	247.0	0	0.5602484345436096
sub-02	ses-01	run-01	3	247.0	540.0	0	0.5614734888076782
sub-02	ses-01	run-01	4	540.0	1162.0	0	0.5717751979827881
sub-02	ses-01	run-01	5	1162.0	946.0	0	0.5690088272094727
sub-02	ses-01	run-01	6	946.0	395.0	0	0.5918976068496704
sub-02	ses-01	run-01	7	395.0	677.0	0	0.5473957657814026
sub-02	ses-01	run-01	8	677.0	840.0	0	0.5590949654579163
sub-02	ses-01	run-01	9	840.0	1693.0	0	0.5569548606872559
sub-02	ses-01	run-01	10	1693.0	131.0	0	0.5487980246543884
sub-02	ses-01	run-01	11	131.0	1075.0	0	0.5575278997421265
sub-02	ses-01	run-01	12	1075.0	1068.0	0	0.5351935625076294
sub-02	ses-01	run-01	13	1068.0	582.0	0	0.5495975613594055
sub-02	ses-01	run-01	14	582.0	500.0	0	0.57696533203125
sub-02	ses-01	run-01	15	500.0	265.0	0	0.5681985020637512
sub-02	ses-01	run-01	16	265.0	2024.0	0	0.5604854822158813
sub-02	ses-01	run-01	17	2024.0	349.0	0	0.527716338634491
sub-02	ses-01	run-01	18	349.0	895.0	0	0.5553944110870361
sub-02	ses-01	run-01	19	895.0	636.0	0	0.5329989194869995
sub-02	ses-01	run-01	20	636.0	569.0	0	0.5291743874549866
sub-02	ses-01	run-01	21	569.0	846.0	0	0.5691545009613037
sub-02	ses-01	run-01	22	846.0	139.0	0	0.5538679957389832
sub-02	ses-01	run-01	23	139.0	1894.0	0	0.5502426624298096
sub-02	ses-01	run-01	24	1894.0	1286.0	0	0.5550447106361389
sub-02	ses-01	run-01	25	1286.0	46.0	0	0.5545698404312134
sub-02	ses-01	run-01	26	46.0	1601.0	0	0.5434288382530212
sub-02	ses-01	run-01	27	1601.0	229.0	0	0.5706186890602112
sub-02	ses-01	run-01	28	229.0	615.0	0	0.5326495170593262
sub-02	ses-01	run-01	29	615.0	1500.0	0	0.5575922727584839
sub-02	ses-01	run-01	30	1500.0	1267.0	0	0.5783874988555908
sub-02	ses-01	run-01	31	1267.0	921.0	0	0.5689418315887451
sub-02	ses-01	run-01	32	921.0	936.0	0	0.6058652400970459
sub-02	ses-01	run-01	33	936.0	546.0	0	0.6136213541030884
sub-02	ses-01	run-01	34	546.0	1405.0	0	0.6261774897575378
sub-02	ses-01	run-01	35	1405.0	2097.0	0	0.5645269751548767
sub-02	ses-01	run-01	36	2097.0	1917.0	0	0.6186150908470154
sub-02	ses-01	run-02	1	baseline	173.0	0	0.5585972666740417
sub-02	ses-01	run-02	2	173.0	687.0	0	0.5772309303283691
sub-02	ses-01	run-02	3	687.0	472.0	0	0.5860186815261841
sub-02	ses-01	run-02	4	472.0	400.0	0	0.5461074113845825
sub-02	ses-01	run-02	5	400.0	960.0	0	0.5609061121940613
sub-02	ses-01	run-02	6	960.0	386.0	0	0.5882116556167603
sub-02	ses-01	run-02	7	386.0	904.0	0	0.5703887343406677
sub-02	ses-01	run-02	8	904.0	456.0	0	0.554024338722229
sub-02	ses-01	run-02	9	456.0	352.0	0	0.5666942000389099
sub-02	ses-01	run-02	10	352.0	259.0	0	0.5552744269371033
sub-02	ses-01	run-02	11	259.0	1897.0	0	0.553783118724823
sub-02	ses-01	run-02	12	1897.0	732.0	0	0.5680627226829529
sub-02	ses-01	run-02	13	732.0	1668.0	0	0.5875787138938904
sub-02	ses-01	run-02	14	1668.0	805.0	0	0.5789068937301636
sub-02	ses-01	run-02	15	805.0	877.0	0	0.563559889793396
sub-02	ses-01	run-02	16	877.0	1657.0	0	0.575419008731842
sub-02	ses-01	run-02	17	1657.0	261.0	0	0.5879790782928467
sub-02	ses-01	run-02	18	261.0	416.0	0	0.5403860807418823
sub-02	ses-01	run-02	19	416.0	2177.0	0	0.5370951890945435
sub-02	ses-01	run-02	20	2177.0	1538.0	0	0.5654173493385315
sub-02	ses-01	run-02	21	1538.0	1837.0	0	0.5671871304512024
sub-02	ses-01	run-02	22	1837.0	929.0	0	0.5953156352043152
sub-02	ses-01	run-02	23	929.0	1990.0	0	0.5934117436408997
sub-02	ses-01	run-02	24	1990.0	499.0	0	0.5440320372581482
sub-02	ses-01	run-02	25	499.0	2007.0	0	0.5842437148094177
sub-02	ses-01	run-02	26	2007.0	1356.0	0	0.5779223442077637
sub-02	ses-01	run-02	27	1356.0	219.0	0	0.5783706903457642
sub-02	ses-01	run-02	28	219.0	215.0	0	0.5479682683944702
sub-02	ses-01	run-02	29	215.0	953.0	0	0.5857720375061035
sub-02	ses-01	run-02	30	953.0	1131.0	0	0.571169912815094
sub-02	ses-01	run-02	31	1131.0	1505.0	0	0.5742391347885132
sub-02	ses-01	run-02	32	1505.0	1736.0	0	0.5974098443984985
sub-02	ses-01	run-02	33	1736.0	238.0	0	0.5525051951408386
sub-02	ses-01	run-02	34	238.0	1979.0	0	0.5869417190551758
sub-02	ses-01	run-02	35	1979.0	471.0	0	0.5485082864761353
sub-02	ses-01	run-02	36	471.0	1583.0	0	0.5838950276374817
sub-02	ses-01	run-03	1	baseline	678.0	0	0.5937433838844299
sub-02	ses-01	run-03	2	678.0	402.0	0	0.5407813787460327
sub-02	ses-01	run-03	3	402.0	507.0	0	0.5641113519668579
sub-02	ses-01	run-03	4	507.0	711.0	0	0.525037407875061
sub-02	ses-01	run-03	5	711.0	1306.0	0	0.5512464046478271
sub-02	ses-01	run-03	6	1306.0	819.0	0	0.5350862145423889
sub-02	ses-01	run-03	7	819.0	1323.0	0	0.5816166996955872
sub-02	ses-01	run-03	8	1323.0	521.0	0	0.5739250779151917
sub-02	ses-01	run-03	9	521.0	369.0	0	0.5528841614723206
sub-02	ses-01	run-03	10	369.0	421.0	0	0.5441601276397705
sub-02	ses-01	run-03	11	421.0	1395.0	0	0.5479903221130371
sub-02	ses-01	run-03	12	1395.0	1258.0	0	0.5304950475692749
sub-02	ses-01	run-03	13	1258.0	1914.0	0	0.540256679058075
sub-02	ses-01	run-03	14	1914.0	695.0	0	0.5553184151649475
sub-02	ses-01	run-03	15	695.0	617.0	0	0.547916829586029
sub-02	ses-01	run-03	16	617.0	886.0	0	0.5272079706192017
sub-02	ses-01	run-03	17	886.0	2076.0	0	0.6231651306152344
sub-02	ses-01	run-03	18	2076.0	192.0	0	0.5820176601409912
sub-02	ses-01	run-03	19	192.0	970.0	0	0.5688064098358154
sub-02	ses-01	run-03	20	970.0	1899.0	0	0.5984044075012207
sub-02	ses-01	run-03	21	1899.0	495.0	0	0.5579560399055481
sub-02	ses-01	run-03	22	495.0	390.0	0	0.5350608229637146
sub-02	ses-01	run-03	23	390.0	1426.0	0	0.5637553930282593
sub-02	ses-01	run-03	24	1426.0	393.0	0	0.577319324016571
sub-02	ses-01	run-03	25	393.0	1211.0	0	0.556096076965332
sub-02	ses-01	run-03	26	1211.0	1141.0	0	0.5542853474617004
sub-02	ses-01	run-03	27	1141.0	811.0	0	0.5213242173194885
sub-02	ses-01	run-03	28	811.0	2140.0	0	0.5777885913848877
sub-02	ses-01	run-03	29	2140.0	145.0	0	0.5688004493713379
sub-02	ses-01	run-03	30	145.0	208.0	0	0.5580597519874573
sub-02	ses-01	run-03	31	208.0	1723.0	0	0.5780286192893982
sub-02	ses-01	run-03	32	1723.0	2014.0	0	0.5625005960464478
sub-02	ses-01	run-03	33	2014.0	1270.0	0	0.5468878746032715
sub-02	ses-01	run-03	34	1270.0	1819.0	0	0.5794236063957214
sub-02	ses-01	run-03	35	1819.0	1911.0	0	0.5736385583877563
sub-02	ses-01	run-03	36	1911.0	157.0	0	0.6091939806938171
sub-02	ses-01	run-04	1	baseline	317.0	0	0.5628193616867065
sub-02	ses-01	run-04	2	317.0	1835.0	0	0.5628675222396851
sub-02	ses-01	run-04	3	1835.0	1266.0	0	0.5830656886100769
sub-02	ses-01	run-04	4	1266.0	1390.0	0	0.5627432465553284
sub-02	ses-01	run-04	5	1390.0	95.0	0	0.5246672630310059
sub-02	ses-01	run-04	6	95.0	1847.0	0	0.5507778525352478
sub-02	ses-01	run-04	7	1847.0	1731.0	0	0.6115660667419434
sub-02	ses-01	run-04	8	1731.0	1333.0	0	0.5709655284881592
sub-02	ses-01	run-04	9	1333.0	1922.0	0	0.5474345684051514
sub-02	ses-01	run-04	10	1922.0	1912.0	0	0.5858870148658752
sub-02	ses-01	run-04	11	1912.0	452.0	0	0.5354347825050354
sub-02	ses-01	run-04	12	452.0	2133.0	0	0.5560717582702637
sub-02	ses-01	run-04	13	2133.0	717.0	0	0.5607544779777527
sub-02	ses-01	run-04	14	717.0	231.0	0	0.5451165437698364
sub-02	ses-01	run-04	15	231.0	1106.0	0	0.5710003972053528
sub-02	ses-01	run-04	16	1106.0	230.0	0	0.579695463180542
sub-02	ses-01	run-04	17	230.0	119.0	0	0.5542628765106201
sub-02	ses-01	run-04	18	119.0	1276.0	0	0.5839089751243591
sub-02	ses-01	run-04	19	1276.0	200.0	0	0.5729508996009827
sub-02	ses-01	run-04	20	200.0	2135.0	0	0.5587634444236755
sub-02	ses-01	run-04	21	2135.0	311.0	0	0.5760653614997864
sub-02	ses-01	run-04	22	311.0	1587.0	0	0.5995594263076782
sub-02	ses-01	run-04	23	1587.0	1245.0	0	0.5694156289100647
sub-02	ses-01	run-04	24	1245.0	1962.0	0	0.5841407775878906
sub-02	ses-01	run-04	25	1962.0	780.0	0	0.5673105716705322
sub-02	ses-01	run-04	26	780.0	309.0	0	0.5655099153518677
sub-02	ses-01	run-04	27	309.0	1250.0	0	0.5596097111701965
sub-02	ses-01	run-04	28	1250.0	1455.0	0	0.563384473323822
sub-02	ses-01	run-04	29	1455.0	1952.0	0	0.5592930912971497
sub-02	ses-01	run-04	30	1952.0	1557.0	0	0.5287588834762573
sub-02	ses-01	run-04	31	1557.0	1507.0	0	0.5328453183174133
sub-02	ses-01	run-04	32	1507.0	1580.0	0	0.5731934905052185
sub-02	ses-01	run-04	33	1580.0	2108.0	0	0.6286742091178894
sub-02	ses-01	run-04	34	2108.0	1302.0	0	0.5752167105674744
sub-02	ses-01	run-04	35	1302.0	338.0	0	0.564361035823822
sub-02	ses-01	run-04	36	338.0	1710.0	0	0.5765379667282104
sub-02	ses-01	run-05	1	baseline	1383.0	0	0.5904828906059265
sub-02	ses-01	run-05	2	1383.0	83.0	0	0.5634820461273193
sub-02	ses-01	run-05	3	83.0	1968.0	0	0.5627433061599731
sub-02	ses-01	run-05	4	1968.0	218.0	0	0.5690343379974365
sub-02	ses-01	run-05	5	218.0	2191.0	0	0.571694016456604
sub-02	ses-01	run-05	6	2191.0	1077.0	0	0.5613954067230225
sub-02	ses-01	run-05	7	1077.0	1520.0	0	0.5456321239471436
sub-02	ses-01	run-05	8	1520.0	1070.0	0	0.5594169497489929
sub-02	ses-01	run-05	9	1070.0	1166.0	0	0.5591510534286499
sub-02	ses-01	run-05	10	1166.0	1424.0	0	0.5334210991859436
sub-02	ses-01	run-05	11	1424.0	1389.0	0	0.5884610414505005
sub-02	ses-01	run-05	12	1389.0	1829.0	0	0.5779523849487305
sub-02	ses-01	run-05	13	1829.0	2043.0	0	0.5645785927772522
sub-02	ses-01	run-05	14	2043.0	751.0	0	0.5705314874649048
sub-02	ses-01	run-05	15	751.0	1566.0	0	0.548870325088501
sub-02	ses-01	run-05	16	1566.0	345.0	0	0.5981259942054749
sub-02	ses-01	run-05	17	345.0	595.0	0	0.5290148854255676
sub-02	ses-01	run-05	18	595.0	1771.0	0	0.5666916966438293
sub-02	ses-01	run-05	19	1771.0	2167.0	0	0.5728970766067505
sub-02	ses-01	run-05	20	2167.0	988.0	0	0.5157173275947571
sub-02	ses-01	run-05	21	988.0	419.0	0	0.5684095025062561
sub-02	ses-01	run-05	22	419.0	170.0	0	0.5651031136512756
sub-02	ses-01	run-05	23	170.0	762.0	0	0.5557910799980164
sub-02	ses-01	run-05	24	762.0	1995.0	0	0.5694522857666016
sub-02	ses-01	run-05	25	1995.0	2168.0	0	0.6282939314842224
sub-02	ses-01	run-05	26	2168.0	1810.0	0	0.5761023759841919
sub-02	ses-01	run-05	27	1810.0	299.0	0	0.5196385383605957
sub-02	ses-01	run-05	28	299.0	1823.0	0	0.5465600490570068
sub-02	ses-01	run-05	29	1823.0	17.0	0	0.586732804775238
sub-02	ses-01	run-05	30	17.0	36.0	0	0.5705918073654175
sub-02	ses-01	run-05	31	36.0	487.0	0	0.5834785103797913
sub-02	ses-01	run-05	32	487.0	536.0	0	0.5434738993644714
sub-02	ses-01	run-05	33	536.0	910.0	0	0.5855815410614014
sub-02	ses-01	run-05	34	910.0	1464.0	0	0.5643123388290405
sub-02	ses-01	run-05	35	1464.0	1073.0	0	0.5486371517181396
sub-02	ses-01	run-05	36	1073.0	485.0	0	0.5628122687339783
sub-02	ses-01	run-06	1	baseline	934.0	0	0.5784701108932495
sub-02	ses-01	run-06	2	934.0	1780.0	0	0.5343146920204163
sub-02	ses-01	run-06	3	1780.0	1160.0	0	0.535372257232666
sub-02	ses-01	run-06	4	1160.0	1597.0	0	0.571024477481842
sub-02	ses-01	run-06	5	1597.0	1954.0	0	0.5501764416694641
sub-02	ses-01	run-06	6	1954.0	596.0	0	0.5791068077087402
sub-02	ses-01	run-06	7	596.0	1462.0	0	0.562572717666626
sub-02	ses-01	run-06	8	1462.0	779.0	0	0.5540265440940857
sub-02	ses-01	run-06	9	779.0	356.0	0	0.5665899515151978
sub-02	ses-01	run-06	10	356.0	1319.0	0	0.5393524765968323
sub-02	ses-01	run-06	11	1319.0	922.0	0	0.5666926503181458
sub-02	ses-01	run-06	12	922.0	2171.0	0	0.5447952151298523
sub-02	ses-01	run-06	13	2171.0	955.0	0	0.5500885844230652
sub-02	ses-01	run-06	14	955.0	479.0	0	0.5800479054450989
sub-02	ses-01	run-06	15	479.0	1385.0	0	0.539581298828125
sub-02	ses-01	run-06	16	1385.0	511.0	0	0.5221864581108093
sub-02	ses-01	run-06	17	511.0	2034.0	0	0.5424646735191345
sub-02	ses-01	run-06	18	2034.0	449.0	0	0.5521644949913025
sub-02	ses-01	run-06	19	449.0	664.0	0	0.5709841847419739
sub-02	ses-01	run-06	20	664.0	1129.0	0	0.5651296377182007
sub-02	ses-01	run-06	21	1129.0	1858.0	0	0.5586123466491699
sub-02	ses-01	run-06	22	1858.0	1856.0	0	0.5681747794151306
sub-02	ses-01	run-06	23	1856.0	833.0	0	0.5640956163406372
sub-02	ses-01	run-06	24	833.0	1140.0	0	0.597032904624939
sub-02	ses-01	run-06	25	1140.0	783.0	0	0.6222724318504333
sub-02	ses-01	run-06	26	783.0	1179.0	0	0.5978251695632935
sub-02	ses-01	run-06	27	1179.0	1887.0	0	0.5756715536117554
sub-02	ses-01	run-06	28	1887.0	2003.0	0	0.5426173806190491
sub-02	ses-01	run-06	29	2003.0	96.0	0	0.5548049211502075
sub-02	ses-01	run-06	30	96.0	58.0	0	0.5760034322738647
sub-02	ses-01	run-06	31	58.0	86.0	0	0.5869455933570862
sub-02	ses-01	run-06	32	86.0	176.0	0	0.5604005455970764
sub-02	ses-01	run-06	33	176.0	211.0	0	0.5871386528015137
sub-02	ses-01	run-06	34	211.0	1349.0	0	0.6070289611816406
sub-02	ses-01	run-06	35	1349.0	2189.0	0	0.580241322517395
sub-02	ses-01	run-06	36	2189.0	686.0	0	0.5911778211593628
sub-02	ses-01	run-07	1	baseline	1663.0	0	0.6256856322288513
sub-02	ses-01	run-07	2	1663.0	900.0	0	0.562195360660553
sub-02	ses-01	run-07	3	900.0	2186.0	0	0.5503936409950256
sub-02	ses-01	run-07	4	2186.0	572.0	0	0.5856108665466309
sub-02	ses-01	run-07	5	572.0	1747.0	0	0.5705531239509583
sub-02	ses-01	run-07	6	1747.0	715.0	0	0.5615038871765137
sub-02	ses-01	run-07	7	715.0	453.0	0	0.5497835278511047
sub-02	ses-01	run-07	8	453.0	835.0	0	0.5750132203102112
sub-02	ses-01	run-07	9	835.0	146.0	0	0.5788202285766602
sub-02	ses-01	run-07	10	146.0	1324.0	0	0.5633724331855774
sub-02	ses-01	run-07	11	1324.0	826.0	0	0.5562486052513123
sub-02	ses-01	run-07	12	826.0	2145.0	0	0.5586037635803223
sub-02	ses-01	run-07	13	2145.0	389.0	0	0.564979612827301
sub-02	ses-01	run-07	14	389.0	1011.0	0	0.5742703080177307
sub-02	ses-01	run-07	15	1011.0	185.0	0	0.5849519371986389
sub-02	ses-01	run-07	16	185.0	716.0	0	0.5786095261573792
sub-02	ses-01	run-07	17	716.0	347.0	0	0.5743958353996277
sub-02	ses-01	run-07	18	347.0	1757.0	0	0.59879070520401
sub-02	ses-01	run-07	19	1757.0	1078.0	0	0.5601051449775696
sub-02	ses-01	run-07	20	1078.0	64.0	0	0.5603868961334229
sub-02	ses-01	run-07	21	64.0	1144.0	0	0.5688192844390869
sub-02	ses-01	run-07	22	1144.0	828.0	0	0.5810770988464355
sub-02	ses-01	run-07	23	828.0	1929.0	0	0.5305380821228027
sub-02	ses-01	run-07	24	1929.0	2002.0	0	0.5428033471107483
sub-02	ses-01	run-07	25	2002.0	1616.0	0	0.5603387951850891
sub-02	ses-01	run-07	26	1616.0	1097.0	0	0.583768367767334
sub-02	ses-01	run-07	27	1097.0	1014.0	0	0.6017042994499207
sub-02	ses-01	run-07	28	1014.0	286.0	0	0.5701183080673218
sub-02	ses-01	run-07	29	286.0	41.0	0	0.5725393295288086
sub-02	ses-01	run-07	30	41.0	1327.0	0	0.5880310535430908
sub-02	ses-01	run-07	31	1327.0	276.0	0	0.5544058084487915
sub-02	ses-01	run-07	32	276.0	989.0	0	0.6116576194763184
sub-02	ses-01	run-07	33	989.0	932.0	0	0.5962939858436584
sub-02	ses-01	run-07	34	932.0	151.0	0	0.5464393496513367
sub-02	ses-01	run-07	35	151.0	1387.0	0	0.5550537109375
sub-02	ses-01	run-07	36	1387.0	66.0	0	0.6108152866363525
sub-02	ses-01	run-08	1	baseline	694.0	0	0.5537473559379578
sub-02	ses-01	run-08	2	694.0	1274.0	0	0.540469229221344
sub-02	ses-01	run-08	3	1274.0	1919.0	0	0.5533747673034668
sub-02	ses-01	run-08	4	1919.0	746.0	0	0.561798632144928
sub-02	ses-01	run-08	5	746.0	1444.0	0	0.5246338844299316
sub-02	ses-01	run-08	6	1444.0	584.0	0	0.5420268177986145
sub-02	ses-01	run-08	7	584.0	1558.0	0	0.5693497061729431
sub-02	ses-01	run-08	8	1558.0	1402.0	0	0.5739200115203857
sub-02	ses-01	run-08	9	1402.0	1433.0	0	0.5626987218856812
sub-02	ses-01	run-08	10	1433.0	1763.0	0	0.5709061026573181
sub-02	ses-01	run-08	11	1763.0	570.0	0	0.54542475938797
sub-02	ses-01	run-08	12	570.0	34.0	0	0.5352286696434021
sub-02	ses-01	run-08	13	34.0	578.0	0	0.5849984288215637
sub-02	ses-01	run-08	14	578.0	1287.0	0	0.5858908891677856
sub-02	ses-01	run-08	15	1287.0	2082.0	0	0.5524541735649109
sub-02	ses-01	run-08	16	2082.0	1772.0	0	0.5510557293891907
sub-02	ses-01	run-08	17	1772.0	1150.0	0	0.5488970279693604
sub-02	ses-01	run-08	18	1150.0	61.0	0	0.5530266165733337
sub-02	ses-01	run-08	19	61.0	1469.0	0	0.5698012709617615
sub-02	ses-01	run-08	20	1469.0	1164.0	0	0.5778700113296509
sub-02	ses-01	run-08	21	1164.0	580.0	0	0.5537545084953308
sub-02	ses-01	run-08	22	580.0	1098.0	0	0.5348895788192749
sub-02	ses-01	run-08	23	1098.0	794.0	0	0.5421011447906494
sub-02	ses-01	run-08	24	794.0	398.0	0	0.5559051632881165
sub-02	ses-01	run-08	25	398.0	467.0	0	0.6193123459815979
sub-02	ses-01	run-08	26	467.0	433.0	0	0.5975750088691711
sub-02	ses-01	run-08	27	433.0	852.0	0	0.5606549978256226
sub-02	ses-01	run-08	28	852.0	2086.0	0	0.5309565663337708
sub-02	ses-01	run-08	29	2086.0	1305.0	0	0.5774738192558289
sub-02	ses-01	run-08	30	1305.0	1660.0	0	0.5916820764541626
sub-02	ses-01	run-08	31	1660.0	2139.0	0	0.5426108837127686
sub-02	ses-01	run-08	32	2139.0	244.0	0	0.572727620601654
sub-02	ses-01	run-08	33	244.0	1706.0	0	0.5771174430847168
sub-02	ses-01	run-08	34	1706.0	1126.0	0	0.5636541843414307
sub-02	ses-01	run-08	35	1126.0	1342.0	0	0.5413228273391724
sub-02	ses-01	run-08	36	1342.0	1121.0	0	0.6167030334472656
sub-02	ses-02	run-01	1	baseline	2110.0	0	0.5161795616149902
sub-02	ses-02	run-01	2	2110.0	1850.0	0	0.5712100863456726
sub-02	ses-02	run-01	3	1850.0	1564.0	0	0.6232890486717224
sub-02	ses-02	run-01	4	1564.0	14.0	0	0.5617666840553284
sub-02	ses-02	run-01	5	14.0	609.0	0	0.5682981014251709
sub-02	ses-02	run-01	6	609.0	668.0	0	0.5512698292732239
sub-02	ses-02	run-01	7	668.0	1499.0	0	0.5393471717834473
sub-02	ses-02	run-01	8	1499.0	1153.0	0	0.5496675372123718
sub-02	ses-02	run-01	9	1153.0	1368.0	0	0.5540733337402344
sub-02	ses-02	run-01	10	1368.0	1831.0	0	0.566651463508606
sub-02	ses-02	run-01	11	1831.0	121.0	0	0.5557525157928467
sub-02	ses-02	run-01	12	121.0	2022.0	0	0.5717652440071106
sub-02	ses-02	run-01	13	2022.0	1171.0	0	0.5452607870101929
sub-02	ses-02	run-01	14	1171.0	1556.0	0	0.6181653141975403
sub-02	ses-02	run-01	15	1556.0	673.0	0	0.5960944294929504
sub-02	ses-02	run-01	16	673.0	1948.0	0	0.582118570804596
sub-02	ses-02	run-01	17	1948.0	2156.0	0	0.5384645462036133
sub-02	ses-02	run-01	18	2156.0	1501.0	0	0.5371173620223999
sub-02	ses-02	run-01	19	1501.0	857.0	0	0.5888829827308655
sub-02	ses-02	run-01	20	857.0	1263.0	0	0.5564740896224976
sub-02	ses-02	run-01	21	1263.0	730.0	0	0.5911808609962463
sub-02	ses-02	run-01	22	730.0	995.0	0	0.5908703804016113
sub-02	ses-02	run-01	23	995.0	1918.0	0	0.550663411617279
sub-02	ses-02	run-01	24	1918.0	1418.0	0	0.5468658208847046
sub-02	ses-02	run-01	25	1418.0	277.0	0	0.5777930021286011
sub-02	ses-02	run-01	26	277.0	1898.0	0	0.5432546734809875
sub-02	ses-02	run-01	27	1898.0	1021.0	0	0.5789730548858643
sub-02	ses-02	run-01	28	1021.0	1974.0	0	0.6015299558639526
sub-02	ses-02	run-01	29	1974.0	1352.0	0	0.5585377216339111
sub-02	ses-02	run-01	30	1352.0	2074.0	0	0.5530669093132019
sub-02	ses-02	run-01	31	2074.0	1309.0	0	0.5342601537704468
sub-02	ses-02	run-01	32	1309.0	1115.0	0	0.5491583943367004
sub-02	ses-02	run-01	33	1115.0	365.0	0	0.6284705996513367
sub-02	ses-02	run-01	34	365.0	747.0	0	0.5811092257499695
sub-02	ses-02	run-01	35	747.0	652.0	0	0.5849301218986511
sub-02	ses-02	run-01	36	652.0	928.0	0	0.5747658014297485
sub-02	ses-02	run-02	1	baseline	2062.0	0	0.506506085395813
sub-02	ses-02	run-02	2	2062.0	1000.0	0	0.507874608039856
sub-02	ses-02	run-02	3	1000.0	2114.0	0	0.5460973381996155
sub-02	ses-02	run-02	4	2114.0	353.0	0	0.5409453511238098
sub-02	ses-02	run-02	5	353.0	1726.0	0	0.5566521883010864
sub-02	ses-02	run-02	6	1726.0	1353.0	0	0.6020759344100952
sub-02	ses-02	run-02	7	1353.0	186.0	0	0.5562222599983215
sub-02	ses-02	run-02	8	186.0	24.0	0	0.5268872976303101
sub-02	ses-02	run-02	9	24.0	1059.0	0	0.5678040385246277
sub-02	ses-02	run-02	10	1059.0	859.0	0	0.5431436896324158
sub-02	ses-02	run-02	11	859.0	1861.0	0	0.5177909135818481
sub-02	ses-02	run-02	12	1861.0	408.0	0	0.5229018926620483
sub-02	ses-02	run-02	13	408.0	1573.0	0	0.5281170606613159
sub-02	ses-02	run-02	14	1573.0	1145.0	0	0.5512640476226807
sub-02	ses-02	run-02	15	1145.0	129.0	0	0.5358170866966248
sub-02	ses-02	run-02	16	129.0	836.0	0	0.5335554480552673
sub-02	ses-02	run-02	17	836.0	344.0	0	0.526963472366333
sub-02	ses-02	run-02	18	344.0	1374.0	0	0.5835472941398621
sub-02	ses-02	run-02	19	1374.0	1937.0	0	0.5963868498802185
sub-02	ses-02	run-02	20	1937.0	1792.0	0	0.5549202561378479
sub-02	ses-02	run-02	21	1792.0	1372.0	0	0.5635969042778015
sub-02	ses-02	run-02	22	1372.0	865.0	0	0.5612977147102356
sub-02	ses-02	run-02	23	865.0	368.0	0	0.5891711711883545
sub-02	ses-02	run-02	24	368.0	109.0	0	0.5782933235168457
sub-02	ses-02	run-02	25	109.0	251.0	0	0.5505704879760742
sub-02	ses-02	run-02	26	251.0	242.0	0	0.5698299407958984
sub-02	ses-02	run-02	27	242.0	714.0	0	0.5361700057983398
sub-02	ses-02	run-02	28	714.0	1988.0	0	0.5608319640159607
sub-02	ses-02	run-02	29	1988.0	1875.0	0	0.5324770212173462
sub-02	ses-02	run-02	30	1875.0	497.0	0	0.559933602809906
sub-02	ses-02	run-02	31	497.0	30.0	0	0.5521214008331299
sub-02	ses-02	run-02	32	30.0	2020.0	0	0.5519123673439026
sub-02	ses-02	run-02	33	2020.0	76.0	0	0.5363184809684753
sub-02	ses-02	run-02	34	76.0	1756.0	0	0.563528299331665
sub-02	ses-02	run-02	35	1756.0	1664.0	0	0.6032083630561829
sub-02	ses-02	run-02	36	1664.0	1022.0	0	0.6619997024536133
sub-02	ses-02	run-03	1	baseline	318.0	0	0.5322347283363342
sub-02	ses-02	run-03	2	318.0	195.0	0	0.5125328302383423
sub-02	ses-02	run-03	3	195.0	801.0	0	0.6655734777450562
sub-02	ses-02	run-03	4	801.0	319.0	0	0.5248561501502991
sub-02	ses-02	run-03	5	319.0	113.0	0	0.5268990993499756
sub-02	ses-02	run-03	6	113.0	243.0	0	0.5306637287139893
sub-02	ses-02	run-03	7	243.0	975.0	0	0.5416122674942017
sub-02	ses-02	run-03	8	975.0	1437.0	0	0.5177191495895386
sub-02	ses-02	run-03	9	1437.0	1243.0	0	0.5365074276924133
sub-02	ses-02	run-03	10	1243.0	766.0	0	0.5330948233604431
sub-02	ses-02	run-03	11	766.0	888.0	0	0.5129103660583496
sub-02	ses-02	run-03	12	888.0	1120.0	0	0.4956948757171631
sub-02	ses-02	run-03	13	1120.0	947.0	0	0.5608757138252258
sub-02	ses-02	run-03	14	947.0	1056.0	0	0.5347234010696411
sub-02	ses-02	run-03	15	1056.0	1083.0	0	0.5649682283401489
sub-02	ses-02	run-03	16	1083.0	1613.0	0	0.5380775332450867
sub-02	ses-02	run-03	17	1613.0	1091.0	0	0.5153422951698303
sub-02	ses-02	run-03	18	1091.0	1259.0	0	0.5942185521125793
sub-02	ses-02	run-03	19	1259.0	654.0	0	0.7284790277481079
sub-02	ses-02	run-03	20	654.0	1809.0	0	0.5844597220420837
sub-02	ses-02	run-03	21	1809.0	1512.0	0	0.5576437711715698
sub-02	ses-02	run-03	22	1512.0	1185.0	0	0.5382927656173706
sub-02	ses-02	run-03	23	1185.0	1292.0	0	0.6102997660636902
sub-02	ses-02	run-03	24	1292.0	1336.0	0	0.5788848400115967
sub-02	ses-02	run-03	25	1336.0	1490.0	0	0.5617521405220032
sub-02	ses-02	run-03	26	1490.0	1330.0	0	0.5269671678543091
sub-02	ses-02	run-03	27	1330.0	494.0	0	0.5955350995063782
sub-02	ses-02	run-03	28	494.0	1665.0	0	0.7003689408302307
sub-02	ses-02	run-03	29	1665.0	1778.0	0	0.5331348776817322
sub-02	ses-02	run-03	30	1778.0	1815.0	0	0.5854068994522095
sub-02	ses-02	run-03	31	1815.0	1019.0	0	0.5401701331138611
sub-02	ses-02	run-03	32	1019.0	359.0	0	0.5501783490180969
sub-02	ses-02	run-03	33	359.0	825.0	0	0.5340929627418518
sub-02	ses-02	run-03	34	825.0	647.0	0	0.5222002863883972
sub-02	ses-02	run-03	35	647.0	1004.0	0	0.5206588506698608
sub-02	ses-02	run-03	36	1004.0	1373.0	0	0.5410460829734802
sub-02	ses-02	run-04	1	baseline	2068.0	0	0.5676772594451904
sub-02	ses-02	run-04	2	2068.0	435.0	0	0.5464622974395752
sub-02	ses-02	run-04	3	435.0	1057.0	0	0.5578702688217163
sub-02	ses-02	run-04	4	1057.0	1777.0	0	0.547558605670929
sub-02	ses-02	run-04	5	1777.0	1907.0	0	0.5434980392456055
sub-02	ses-02	run-04	6	1907.0	981.0	0	0.540755033493042
sub-02	ses-02	run-04	7	981.0	1741.0	0	0.5413722395896912
sub-02	ses-02	run-04	8	1741.0	1025.0	0	0.5416735410690308
sub-02	ses-02	run-04	9	1025.0	1135.0	0	0.5325563549995422
sub-02	ses-02	run-04	10	1135.0	729.0	0	0.53871750831604
sub-02	ses-02	run-04	11	729.0	882.0	0	0.547215461730957
sub-02	ses-02	run-04	12	882.0	1026.0	0	0.5399923324584961
sub-02	ses-02	run-04	13	1026.0	1502.0	0	0.5531514883041382
sub-02	ses-02	run-04	14	1502.0	2119.0	0	0.5469056963920593
sub-02	ses-02	run-04	15	2119.0	1148.0	0	0.5718146562576294
sub-02	ses-02	run-04	16	1148.0	234.0	0	0.5725816488265991
sub-02	ses-02	run-04	17	234.0	1802.0	0	0.5647668838500977
sub-02	ses-02	run-04	18	1802.0	1997.0	0	0.5714640021324158
sub-02	ses-02	run-04	19	1997.0	1534.0	0	0.6042706966400146
sub-02	ses-02	run-04	20	1534.0	324.0	0	0.5481117367744446
sub-02	ses-02	run-04	21	324.0	1531.0	0	0.5557539463043213
sub-02	ses-02	run-04	22	1531.0	554.0	0	0.5416421294212341
sub-02	ses-02	run-04	23	554.0	1540.0	0	0.5583289265632629
sub-02	ses-02	run-04	24	1540.0	144.0	0	0.5302976369857788
sub-02	ses-02	run-04	25	144.0	697.0	0	0.5377494096755981
sub-02	ses-02	run-04	26	697.0	1237.0	0	0.5723995566368103
sub-02	ses-02	run-04	27	1237.0	202.0	0	0.5356582403182983
sub-02	ses-02	run-04	28	202.0	1071.0	0	0.5753334164619446
sub-02	ses-02	run-04	29	1071.0	952.0	0	0.5859472155570984
sub-02	ses-02	run-04	30	952.0	1009.0	0	0.5795614719390869
sub-02	ses-02	run-04	31	1009.0	703.0	0	0.5521854758262634
sub-02	ses-02	run-04	32	703.0	2147.0	0	0.5574841499328613
sub-02	ses-02	run-04	33	2147.0	1965.0	0	0.5662723183631897
sub-02	ses-02	run-04	34	1965.0	1828.0	0	0.5416849851608276
sub-02	ses-02	run-04	35	1828.0	2084.0	0	0.5655935406684875
sub-02	ses-02	run-04	36	2084.0	764.0	0	0.6256466507911682
sub-02	ses-02	run-05	1	baseline	2166.0	0	0.5677311420440674
sub-02	ses-02	run-05	2	2166.0	1449.0	0	0.5337432026863098
sub-02	ses-02	run-05	3	1449.0	2036.0	0	0.5523119568824768
sub-02	ses-02	run-05	4	2036.0	1932.0	0	0.551011323928833
sub-02	ses-02	run-05	5	1932.0	937.0	0	0.5727448463439941
sub-02	ses-02	run-05	6	937.0	792.0	0	0.5658148527145386
sub-02	ses-02	run-05	7	792.0	290.0	0	0.574761688709259
sub-02	ses-02	run-05	8	290.0	1800.0	0	0.5473761558532715
sub-02	ses-02	run-05	9	1800.0	1194.0	0	0.6069785952568054
sub-02	ses-02	run-05	10	1194.0	50.0	0	0.5716308355331421
sub-02	ses-02	run-05	11	50.0	1575.0	0	0.5532494187355042
sub-02	ses-02	run-05	12	1575.0	1467.0	0	0.5568826794624329
sub-02	ses-02	run-05	13	1467.0	774.0	0	0.5631051063537598
sub-02	ses-02	run-05	14	774.0	1976.0	0	0.5993341207504272
sub-02	ses-02	run-05	15	1976.0	488.0	0	0.5644930005073547
sub-02	ses-02	run-05	16	488.0	1161.0	0	0.578790545463562
sub-02	ses-02	run-05	17	1161.0	531.0	0	0.575623631477356
sub-02	ses-02	run-05	18	531.0	688.0	0	0.5732113122940063
sub-02	ses-02	run-05	19	688.0	212.0	0	0.5903952717781067
sub-02	ses-02	run-05	20	212.0	1216.0	0	0.5581249594688416
sub-02	ses-02	run-05	21	1216.0	37.0	0	0.5743712782859802
sub-02	ses-02	run-05	22	37.0	939.0	0	0.5971699953079224
sub-02	ses-02	run-05	23	939.0	2056.0	0	0.6058146357536316
sub-02	ses-02	run-05	24	2056.0	1970.0	0	0.5320063829421997
sub-02	ses-02	run-05	25	1970.0	847.0	0	0.558381974697113
sub-02	ses-02	run-05	26	847.0	1134.0	0	0.6485899686813354
sub-02	ses-02	run-05	27	1134.0	743.0	0	0.5772309899330139
sub-02	ses-02	run-05	28	743.0	759.0	0	0.5802685022354126
sub-02	ses-02	run-05	29	759.0	142.0	0	0.590019941329956
sub-02	ses-02	run-05	30	142.0	624.0	0	0.5407186150550842
sub-02	ses-02	run-05	31	624.0	2059.0	0	0.5445889234542847
sub-02	ses-02	run-05	32	2059.0	1642.0	0	0.5676106214523315
sub-02	ses-02	run-05	33	1642.0	2184.0	0	0.5772213935852051
sub-02	ses-02	run-05	34	2184.0	640.0	0	0.5677316188812256
sub-02	ses-02	run-05	35	640.0	1132.0	0	0.5600707530975342
sub-02	ses-02	run-05	36	1132.0	1865.0	0	0.5324670672416687
sub-02	ses-02	run-06	1	baseline	564.0	0	0.6090249419212341
sub-02	ses-02	run-06	2	564.0	381.0	0	0.5809752345085144
sub-02	ses-02	run-06	3	381.0	562.0	0	0.5397109389305115
sub-02	ses-02	run-06	4	562.0	1874.0	0	0.5380377173423767
sub-02	ses-02	run-06	5	1874.0	750.0	0	0.581124484539032
sub-02	ses-02	run-06	6	750.0	1841.0	0	0.574864387512207
sub-02	ses-02	run-06	7	1841.0	460.0	0	0.5530112981796265
sub-02	ses-02	run-06	8	460.0	1220.0	0	0.5492861270904541
sub-02	ses-02	run-06	9	1220.0	1242.0	0	0.5466928482055664
sub-02	ses-02	run-06	10	1242.0	320.0	0	0.5388926267623901
sub-02	ses-02	run-06	11	320.0	2010.0	0	0.545098602771759
sub-02	ses-02	run-06	12	2010.0	2091.0	0	0.5550286769866943
sub-02	ses-02	run-06	13	2091.0	1308.0	0	0.5605562925338745
sub-02	ses-02	run-06	14	1308.0	310.0	0	0.5601047277450562
sub-02	ses-02	run-06	15	310.0	2130.0	0	0.5597840547561646
sub-02	ses-02	run-06	16	2130.0	42.0	0	0.5392056703567505
sub-02	ses-02	run-06	17	42.0	1826.0	0	0.5265946388244629
sub-02	ses-02	run-06	18	1826.0	1537.0	0	0.5373529195785522
sub-02	ses-02	run-06	19	1537.0	149.0	0	0.568947434425354
sub-02	ses-02	run-06	20	149.0	1720.0	0	0.5393123030662537
sub-02	ses-02	run-06	21	1720.0	1610.0	0	0.5856339335441589
sub-02	ses-02	run-06	22	1610.0	94.0	0	0.5786013603210449
sub-02	ses-02	run-06	23	94.0	1036.0	0	0.5519201755523682
sub-02	ses-02	run-06	24	1036.0	3.0	0	0.5777645707130432
sub-02	ses-02	run-06	25	3.0	477.0	0	0.5886064171791077
sub-02	ses-02	run-06	26	477.0	957.0	0	0.5542884469032288
sub-02	ses-02	run-06	27	957.0	586.0	0	0.5508360862731934
sub-02	ses-02	run-06	28	586.0	1816.0	0	0.5479676723480225
sub-02	ses-02	run-06	29	1816.0	412.0	0	0.5397981405258179
sub-02	ses-02	run-06	30	412.0	1428.0	0	0.5963155627250671
sub-02	ses-02	run-06	31	1428.0	1717.0	0	0.5595404505729675
sub-02	ses-02	run-06	32	1717.0	637.0	0	0.5534645915031433
sub-02	ses-02	run-06	33	637.0	127.0	0	0.5307795405387878
sub-02	ses-02	run-06	34	127.0	1788.0	0	0.5340782403945923
sub-02	ses-02	run-06	35	1788.0	685.0	0	0.555117666721344
sub-02	ses-02	run-06	36	685.0	232.0	0	0.5848626494407654
sub-02	ses-02	run-07	1	baseline	1719.0	0	0.5703319907188416
sub-02	ses-02	run-07	2	1719.0	67.0	0	0.577156126499176
sub-02	ses-02	run-07	3	67.0	1964.0	0	0.5604058504104614
sub-02	ses-02	run-07	4	1964.0	1230.0	0	0.5353178381919861
sub-02	ses-02	run-07	5	1230.0	1585.0	0	0.5231954455375671
sub-02	ses-02	run-07	6	1585.0	55.0	0	0.5638347864151001
sub-02	ses-02	run-07	7	55.0	1527.0	0	0.5554656386375427
sub-02	ses-02	run-07	8	1527.0	1915.0	0	0.5537498593330383
sub-02	ses-02	run-07	9	1915.0	1504.0	0	0.5941275358200073
sub-02	ses-02	run-07	10	1504.0	1377.0	0	0.5778966546058655
sub-02	ses-02	run-07	11	1377.0	196.0	0	0.5413885116577148
sub-02	ses-02	run-07	12	196.0	236.0	0	0.5561322569847107
sub-02	ses-02	run-07	13	236.0	917.0	0	0.5185845494270325
sub-02	ses-02	run-07	14	917.0	1487.0	0	0.5461388826370239
sub-02	ses-02	run-07	15	1487.0	241.0	0	0.5375845432281494
sub-02	ses-02	run-07	16	241.0	1981.0	0	0.54117751121521
sub-02	ses-02	run-07	17	1981.0	505.0	0	0.5501250624656677
sub-02	ses-02	run-07	18	505.0	823.0	0	0.5548523664474487
sub-02	ses-02	run-07	19	823.0	777.0	0	0.5657170414924622
sub-02	ses-02	run-07	20	777.0	506.0	0	0.5649255514144897
sub-02	ses-02	run-07	21	506.0	1517.0	0	0.5221843719482422
sub-02	ses-02	run-07	22	1517.0	1993.0	0	0.518839418888092
sub-02	ses-02	run-07	23	1993.0	976.0	0	0.5652974247932434
sub-02	ses-02	run-07	24	976.0	620.0	0	0.5421434640884399
sub-02	ses-02	run-07	25	620.0	93.0	0	0.5427102446556091
sub-02	ses-02	run-07	26	93.0	559.0	0	0.5659012794494629
sub-02	ses-02	run-07	27	559.0	1013.0	0	0.603884220123291
sub-02	ses-02	run-07	28	1013.0	1165.0	0	0.542415976524353
sub-02	ses-02	run-07	29	1165.0	181.0	0	0.552476167678833
sub-02	ses-02	run-07	30	181.0	490.0	0	0.5962601900100708
sub-02	ses-02	run-07	31	490.0	982.0	0	0.5585058331489563
sub-02	ses-02	run-07	32	982.0	945.0	0	0.5333760976791382
sub-02	ses-02	run-07	33	945.0	556.0	0	0.559954822063446
sub-02	ses-02	run-07	34	556.0	2037.0	0	0.5659696459770203
sub-02	ses-02	run-07	35	2037.0	905.0	0	0.6082521080970764
sub-02	ses-02	run-07	36	905.0	2054.0	0	0.6534357070922852
sub-02	ses-02	run-08	1	baseline	1811.0	0	0.5588176250457764
sub-02	ses-02	run-08	2	1811.0	1411.0	0	0.5578939318656921
sub-02	ses-02	run-08	3	1411.0	1215.0	0	0.5673748850822449
sub-02	ses-02	run-08	4	1215.0	623.0	0	0.5642246603965759
sub-02	ses-02	run-08	5	623.0	684.0	0	0.6154845952987671
sub-02	ses-02	run-08	6	684.0	720.0	0	0.5448814034461975
sub-02	ses-02	run-08	7	720.0	224.0	0	0.5409230589866638
sub-02	ses-02	run-08	8	224.0	1421.0	0	0.595128059387207
sub-02	ses-02	run-08	9	1421.0	2080.0	0	0.5926632881164551
sub-02	ses-02	run-08	10	2080.0	868.0	0	0.5605229139328003
sub-02	ses-02	run-08	11	868.0	1879.0	0	0.5376095175743103
sub-02	ses-02	run-08	12	1879.0	1222.0	0	0.5365976095199585
sub-02	ses-02	run-08	13	1222.0	1870.0	0	0.5383138060569763
sub-02	ses-02	run-08	14	1870.0	1889.0	0	0.5651525259017944
sub-02	ses-02	run-08	15	1889.0	574.0	0	0.5465815663337708
sub-02	ses-02	run-08	16	574.0	912.0	0	0.548114538192749
sub-02	ses-02	run-08	17	912.0	1412.0	0	0.5846616625785828
sub-02	ses-02	run-08	18	1412.0	2089.0	0	0.562153160572052
sub-02	ses-02	run-08	19	2089.0	110.0	0	0.5434445738792419
sub-02	ses-02	run-08	20	110.0	282.0	0	0.5709760785102844
sub-02	ses-02	run-08	21	282.0	1256.0	0	0.613314151763916
sub-02	ses-02	run-08	22	1256.0	745.0	0	0.5543255805969238
sub-02	ses-02	run-08	23	745.0	1677.0	0	0.5374496579170227
sub-02	ses-02	run-08	24	1677.0	874.0	0	0.556115984916687
sub-02	ses-02	run-08	25	874.0	705.0	0	0.5394601821899414
sub-02	ses-02	run-08	26	705.0	1689.0	0	0.5339049100875854
sub-02	ses-02	run-08	27	1689.0	274.0	0	0.5446649193763733
sub-02	ses-02	run-08	28	274.0	1403.0	0	0.6033069491386414
sub-02	ses-02	run-08	29	1403.0	713.0	0	0.5774606466293335
sub-02	ses-02	run-08	30	713.0	875.0	0	0.5674811005592346
sub-02	ses-02	run-08	31	875.0	791.0	0	0.5765231847763062
sub-02	ses-02	run-08	32	791.0	523.0	0	0.5886908173561096
sub-02	ses-02	run-08	33	523.0	314.0	0	0.5631005764007568
sub-02	ses-02	run-08	34	314.0	1477.0	0	0.5435805320739746
sub-02	ses-02	run-08	35	1477.0	1174.0	0	0.5550158619880676
sub-02	ses-02	run-08	36	1174.0	363.0	0	0.5612832903862
sub-02	ses-03	run-01	1	baseline	284.0	0	0.5958856344223022
sub-02	ses-03	run-01	2	284.0	633.0	0	0.554168164730072
sub-02	ses-03	run-01	3	633.0	354.0	0	0.5382559895515442
sub-02	ses-03	run-01	4	354.0	770.0	0	0.5490064024925232
sub-02	ses-03	run-01	5	770.0	579.0	0	0.544957160949707
sub-02	ses-03	run-01	6	579.0	2181.0	0	0.5916415452957153
sub-02	ses-03	run-01	7	2181.0	1533.0	0	0.5595002174377441
sub-02	ses-03	run-01	8	1533.0	9.0	0	0.5508753657341003
sub-02	ses-03	run-01	9	9.0	103.0	0	0.54929119348526
sub-02	ses-03	run-01	10	103.0	1157.0	0	0.5294520854949951
sub-02	ses-03	run-01	11	1157.0	1953.0	0	0.5520526170730591
sub-02	ses-03	run-01	12	1953.0	68.0	0	0.5423053503036499
sub-02	ses-03	run-01	13	68.0	862.0	0	0.531829833984375
sub-02	ses-03	run-01	14	862.0	1734.0	0	0.5641428828239441
sub-02	ses-03	run-01	15	1734.0	1908.0	0	0.5651317238807678
sub-02	ses-03	run-01	16	1908.0	1775.0	0	0.5902776718139648
sub-02	ses-03	run-01	17	1775.0	1440.0	0	0.5961018204689026
sub-02	ses-03	run-01	18	1440.0	619.0	0	0.5657795667648315
sub-02	ses-03	run-01	19	619.0	941.0	0	0.5613433122634888
sub-02	ses-03	run-01	20	941.0	906.0	0	0.5992640256881714
sub-02	ses-03	run-01	21	906.0	590.0	0	0.5659876465797424
sub-02	ses-03	run-01	22	590.0	1608.0	0	0.546676754951477
sub-02	ses-03	run-01	23	1608.0	739.0	0	0.5676212310791016
sub-02	ses-03	run-01	24	739.0	601.0	0	0.5977573394775391
sub-02	ses-03	run-01	25	601.0	2174.0	0	0.5960170030593872
sub-02	ses-03	run-01	26	2174.0	1526.0	0	0.5707743763923645
sub-02	ses-03	run-01	27	1526.0	1737.0	0	0.5687049627304077
sub-02	ses-03	run-01	28	1737.0	1653.0	0	0.5591004490852356
sub-02	ses-03	run-01	29	1653.0	782.0	0	0.5607803463935852
sub-02	ses-03	run-01	30	782.0	84.0	0	0.6174232363700867
sub-02	ses-03	run-01	31	84.0	253.0	0	0.5543262362480164
sub-02	ses-03	run-01	32	253.0	581.0	0	0.5812838673591614
sub-02	ses-03	run-01	33	581.0	577.0	0	0.5865755677223206
sub-02	ses-03	run-01	34	577.0	1592.0	0	0.580274224281311
sub-02	ses-03	run-01	35	1592.0	1401.0	0	0.5809030532836914
sub-02	ses-03	run-01	36	1401.0	1367.0	0	0.622296929359436
sub-02	ses-03	run-02	1	baseline	985.0	0	0.5991396307945251
sub-02	ses-03	run-02	2	985.0	853.0	0	0.5610142350196838
sub-02	ses-03	run-02	3	853.0	2094.0	0	0.5681447982788086
sub-02	ses-03	run-02	4	2094.0	785.0	0	0.5345638990402222
sub-02	ses-03	run-02	5	785.0	431.0	0	0.5252614617347717
sub-02	ses-03	run-02	6	431.0	114.0	0	0.5377777218818665
sub-02	ses-03	run-02	7	114.0	432.0	0	0.5381481051445007
sub-02	ses-03	run-02	8	432.0	1839.0	0	0.6118554472923279
sub-02	ses-03	run-02	9	1839.0	2125.0	0	0.675594687461853
sub-02	ses-03	run-02	10	2125.0	1969.0	0	0.5567659139633179
sub-02	ses-03	run-02	11	1969.0	167.0	0	0.5378683805465698
sub-02	ses-03	run-02	12	167.0	111.0	0	0.5393431186676025
sub-02	ses-03	run-02	13	111.0	980.0	0	0.5412920117378235
sub-02	ses-03	run-02	14	980.0	217.0	0	0.5374274253845215
sub-02	ses-03	run-02	15	217.0	1251.0	0	0.5339377522468567
sub-02	ses-03	run-02	16	1251.0	844.0	0	0.540526807308197
sub-02	ses-03	run-02	17	844.0	483.0	0	0.5541757345199585
sub-02	ses-03	run-02	18	483.0	1046.0	0	0.549385666847229
sub-02	ses-03	run-02	19	1046.0	1554.0	0	0.5864340662956238
sub-02	ses-03	run-02	20	1554.0	10.0	0	0.5585487484931946
sub-02	ses-03	run-02	21	10.0	701.0	0	0.5464742183685303
sub-02	ses-03	run-02	22	701.0	147.0	0	0.5321381092071533
sub-02	ses-03	run-02	23	147.0	2028.0	0	0.583134114742279
sub-02	ses-03	run-02	24	2028.0	2132.0	0	0.5564152002334595
sub-02	ses-03	run-02	25	2132.0	670.0	0	0.5976704359054565
sub-02	ses-03	run-02	26	670.0	1739.0	0	0.5424307584762573
sub-02	ses-03	run-02	27	1739.0	1178.0	0	0.5444863438606262
sub-02	ses-03	run-02	28	1178.0	1882.0	0	0.5415322184562683
sub-02	ses-03	run-02	29	1882.0	197.0	0	0.6337725520133972
sub-02	ses-03	run-02	30	197.0	518.0	0	0.5622239708900452
sub-02	ses-03	run-02	31	518.0	963.0	0	0.5955209136009216
sub-02	ses-03	run-02	32	963.0	594.0	0	0.5600066184997559
sub-02	ses-03	run-02	33	594.0	428.0	0	0.6341925263404846
sub-02	ses-03	run-02	34	428.0	2026.0	0	0.5655444860458374
sub-02	ses-03	run-02	35	2026.0	22.0	0	0.6030650734901428
sub-02	ses-03	run-02	36	22.0	1190.0	0	0.581565797328949
sub-02	ses-03	run-03	1	baseline	884.0	0	0.5773882865905762
sub-02	ses-03	run-03	2	884.0	938.0	0	0.5689080953598022
sub-02	ses-03	run-03	3	938.0	824.0	0	0.5841322541236877
sub-02	ses-03	run-03	4	824.0	165.0	0	0.5363779067993164
sub-02	ses-03	run-03	5	165.0	1909.0	0	0.5394062399864197
sub-02	ses-03	run-03	6	1909.0	1690.0	0	0.5383647680282593
sub-02	ses-03	run-03	7	1690.0	1521.0	0	0.5459672212600708
sub-02	ses-03	run-03	8	1521.0	1617.0	0	0.6060444712638855
sub-02	ses-03	run-03	9	1617.0	1084.0	0	0.545393168926239
sub-02	ses-03	run-03	10	1084.0	1290.0	0	0.5323925018310547
sub-02	ses-03	run-03	11	1290.0	28.0	0	0.5264842510223389
sub-02	ses-03	run-03	12	28.0	1544.0	0	0.5409192442893982
sub-02	ses-03	run-03	13	1544.0	706.0	0	0.5369331240653992
sub-02	ses-03	run-03	14	706.0	481.0	0	0.5291677713394165
sub-02	ses-03	run-03	15	481.0	1364.0	0	0.5661213397979736
sub-02	ses-03	run-03	16	1364.0	576.0	0	0.6010247468948364
sub-02	ses-03	run-03	17	576.0	1236.0	0	0.5564454197883606
sub-02	ses-03	run-03	18	1236.0	650.0	0	0.5358261466026306
sub-02	ses-03	run-03	19	650.0	2196.0	0	0.5442866683006287
sub-02	ses-03	run-03	20	2196.0	1485.0	0	0.5634785294532776
sub-02	ses-03	run-03	21	1485.0	38.0	0	0.5560961365699768
sub-02	ses-03	run-03	22	38.0	1496.0	0	0.5932614207267761
sub-02	ses-03	run-03	23	1496.0	335.0	0	0.5920825004577637
sub-02	ses-03	run-03	24	335.0	154.0	0	0.562861442565918
sub-02	ses-03	run-03	25	154.0	1271.0	0	0.5608853697776794
sub-02	ses-03	run-03	26	1271.0	2143.0	0	0.5802727341651917
sub-02	ses-03	run-03	27	2143.0	855.0	0	0.6113325953483582
sub-02	ses-03	run-03	28	855.0	1095.0	0	0.5485094785690308
sub-02	ses-03	run-03	29	1095.0	986.0	0	0.5322625041007996
sub-02	ses-03	run-03	30	986.0	565.0	0	0.546949565410614
sub-02	ses-03	run-03	31	565.0	2075.0	0	0.5510479211807251
sub-02	ses-03	run-03	32	2075.0	1445.0	0	0.5647191405296326
sub-02	ses-03	run-03	33	1445.0	561.0	0	0.5398009419441223
sub-02	ses-03	run-03	34	561.0	493.0	0	0.5909728407859802
sub-02	ses-03	run-03	35	493.0	854.0	0	0.6531312465667725
sub-02	ses-03	run-03	36	854.0	815.0	0	0.5883727669715881
sub-02	ses-03	run-04	1	baseline	1181.0	0	0.639589786529541
sub-02	ses-03	run-04	2	1181.0	1794.0	0	0.5772212147712708
sub-02	ses-03	run-04	3	1794.0	1799.0	0	0.5873746275901794
sub-02	ses-03	run-04	4	1799.0	447.0	0	0.5441368818283081
sub-02	ses-03	run-04	5	447.0	1035.0	0	0.5511571168899536
sub-02	ses-03	run-04	6	1035.0	1949.0	0	0.5658071637153625
sub-02	ses-03	run-04	7	1949.0	992.0	0	0.5937210917472839
sub-02	ses-03	run-04	8	992.0	1764.0	0	0.5439739227294922
sub-02	ses-03	run-04	9	1764.0	553.0	0	0.5415868163108826
sub-02	ses-03	run-04	10	553.0	2115.0	0	0.5733614563941956
sub-02	ses-03	run-04	11	2115.0	2092.0	0	0.5391968488693237
sub-02	ses-03	run-04	12	2092.0	1127.0	0	0.5359897017478943
sub-02	ses-03	run-04	13	1127.0	257.0	0	0.6175236105918884
sub-02	ses-03	run-04	14	257.0	1473.0	0	0.5852360129356384
sub-02	ses-03	run-04	15	1473.0	194.0	0	0.5505029559135437
sub-02	ses-03	run-04	16	194.0	458.0	0	0.54823237657547
sub-02	ses-03	run-04	17	458.0	1118.0	0	0.5650843381881714
sub-02	ses-03	run-04	18	1118.0	1670.0	0	0.5404146909713745
sub-02	ses-03	run-04	19	1670.0	1639.0	0	0.5460851788520813
sub-02	ses-03	run-04	20	1639.0	522.0	0	0.5269998908042908
sub-02	ses-03	run-04	21	522.0	1910.0	0	0.5602834224700928
sub-02	ses-03	run-04	22	1910.0	2021.0	0	0.5254618525505066
sub-02	ses-03	run-04	23	2021.0	1892.0	0	0.5601893067359924
sub-02	ses-03	run-04	24	1892.0	1975.0	0	0.6195675730705261
sub-02	ses-03	run-04	25	1975.0	1219.0	0	0.5679307579994202
sub-02	ses-03	run-04	26	1219.0	2099.0	0	0.601036548614502
sub-02	ses-03	run-04	27	2099.0	1854.0	0	0.5792280435562134
sub-02	ses-03	run-04	28	1854.0	1967.0	0	0.5862623453140259
sub-02	ses-03	run-04	29	1967.0	1329.0	0	0.5476603507995605
sub-02	ses-03	run-04	30	1329.0	223.0	0	0.6225025057792664
sub-02	ses-03	run-04	31	223.0	1745.0	0	0.5789773464202881
sub-02	ses-03	run-04	32	1745.0	838.0	0	0.5372007489204407
sub-02	ses-03	run-04	33	838.0	526.0	0	0.5684288144111633
sub-02	ses-03	run-04	34	526.0	1761.0	0	0.5575138330459595
sub-02	ses-03	run-04	35	1761.0	133.0	0	0.6021119356155396
sub-02	ses-03	run-04	36	133.0	702.0	0	0.5710927844047546
sub-02	ses-03	run-05	1	baseline	942.0	0	0.5229864716529846
sub-02	ses-03	run-05	2	942.0	1801.0	0	0.633927047252655
sub-02	ses-03	run-05	3	1801.0	1102.0	0	0.5370727181434631
sub-02	ses-03	run-05	4	1102.0	102.0	0	0.5616284012794495
sub-02	ses-03	run-05	5	102.0	814.0	0	0.5384644865989685
sub-02	ses-03	run-05	6	814.0	2018.0	0	0.5416615009307861
sub-02	ses-03	run-05	7	2018.0	737.0	0	0.5547060966491699
sub-02	ses-03	run-05	8	737.0	658.0	0	0.5726561546325684
sub-02	ses-03	run-05	9	658.0	610.0	0	0.6477044224739075
sub-02	ses-03	run-05	10	610.0	538.0	0	0.5311748385429382
sub-02	ses-03	run-05	11	538.0	160.0	0	0.5610540509223938
sub-02	ses-03	run-05	12	160.0	1069.0	0	0.5360212922096252
sub-02	ses-03	run-05	13	1069.0	1058.0	0	0.5732073187828064
sub-02	ses-03	run-05	14	1058.0	1895.0	0	0.6109429001808167
sub-02	ses-03	run-05	15	1895.0	1052.0	0	0.5602009892463684
sub-02	ses-03	run-05	16	1052.0	13.0	0	0.5667963624000549
sub-02	ses-03	run-05	17	13.0	337.0	0	0.5487152934074402
sub-02	ses-03	run-05	18	337.0	1100.0	0	0.5442659854888916
sub-02	ses-03	run-05	19	1100.0	796.0	0	0.6468011736869812
sub-02	ses-03	run-05	20	796.0	213.0	0	0.5210486054420471
sub-02	ses-03	run-05	21	213.0	1658.0	0	0.5523110628128052
sub-02	ses-03	run-05	22	1658.0	410.0	0	0.5982477068901062
sub-02	ses-03	run-05	23	410.0	591.0	0	0.5771549940109253
sub-02	ses-03	run-05	24	591.0	415.0	0	0.6044244766235352
sub-02	ses-03	run-05	25	415.0	611.0	0	0.5372912287712097
sub-02	ses-03	run-05	26	611.0	1635.0	0	0.5964679718017578
sub-02	ses-03	run-05	27	1635.0	560.0	0	0.584886372089386
sub-02	ses-03	run-05	28	560.0	1268.0	0	0.6359153985977173
sub-02	ses-03	run-05	29	1268.0	2112.0	0	0.6581553816795349
sub-02	ses-03	run-05	30	2112.0	1119.0	0	0.6000274419784546
sub-02	ses-03	run-05	31	1119.0	216.0	0	0.5557629466056824
sub-02	ses-03	run-05	32	216.0	630.0	0	0.5791112780570984
sub-02	ses-03	run-05	33	630.0	429.0	0	0.5941823720932007
sub-02	ses-03	run-05	34	429.0	736.0	0	0.6858639121055603
sub-02	ses-03	run-05	35	736.0	1301.0	0	0.5578067302703857
sub-02	ses-03	run-05	36	1301.0	653.0	0	0.5324069261550903
sub-02	ses-03	run-06	1	baseline	2128.0	0	0.5836347937583923
sub-02	ses-03	run-06	2	2128.0	1450.0	0	0.6064738035202026
sub-02	ses-03	run-06	3	1450.0	597.0	0	0.5531224608421326
sub-02	ses-03	run-06	4	597.0	2164.0	0	0.5668820738792419
sub-02	ses-03	run-06	5	2164.0	72.0	0	0.5469745993614197
sub-02	ses-03	run-06	6	72.0	1696.0	0	0.6503994464874268
sub-02	ses-03	run-06	7	1696.0	1712.0	0	0.5323781967163086
sub-02	ses-03	run-06	8	1712.0	480.0	0	0.5453625321388245
sub-02	ses-03	run-06	9	480.0	858.0	0	0.5618987083435059
sub-02	ses-03	run-06	10	858.0	1574.0	0	0.5654827356338501
sub-02	ses-03	run-06	11	1574.0	1417.0	0	0.5503301024436951
sub-02	ses-03	run-06	12	1417.0	1029.0	0	0.5359798073768616
sub-02	ses-03	run-06	13	1029.0	1931.0	0	0.5792152881622314
sub-02	ses-03	run-06	14	1931.0	1509.0	0	0.6202598214149475
sub-02	ses-03	run-06	15	1509.0	809.0	0	0.5587403178215027
sub-02	ses-03	run-06	16	809.0	1207.0	0	0.588714063167572
sub-02	ses-03	run-06	17	1207.0	1003.0	0	0.6425552368164062
sub-02	ses-03	run-06	18	1003.0	816.0	0	0.5697501301765442
sub-02	ses-03	run-06	19	816.0	738.0	0	0.5545886754989624
sub-02	ses-03	run-06	20	738.0	634.0	0	0.599565327167511
sub-02	ses-03	run-06	21	634.0	1679.0	0	0.5340912938117981
sub-02	ses-03	run-06	22	1679.0	1614.0	0	0.5520512461662292
sub-02	ses-03	run-06	23	1614.0	693.0	0	0.5717183351516724
sub-02	ses-03	run-06	24	693.0	1625.0	0	0.574576199054718
sub-02	ses-03	run-06	25	1625.0	761.0	0	0.5984044671058655
sub-02	ses-03	run-06	26	761.0	358.0	0	0.5872944593429565
sub-02	ses-03	run-06	27	358.0	1408.0	0	0.5646435618400574
sub-02	ses-03	run-06	28	1408.0	285.0	0	0.5376148819923401
sub-02	ses-03	run-06	29	285.0	2073.0	0	0.5410143733024597
sub-02	ses-03	run-06	30	2073.0	1956.0	0	0.6176990270614624
sub-02	ses-03	run-06	31	1956.0	305.0	0	0.6047613620758057
sub-02	ses-03	run-06	32	305.0	767.0	0	0.5401690602302551
sub-02	ses-03	run-06	33	767.0	1183.0	0	0.5642949938774109
sub-02	ses-03	run-06	34	1183.0	1312.0	0	0.5695301294326782
sub-02	ses-03	run-06	35	1312.0	1698.0	0	0.5478048324584961
sub-02	ses-03	run-06	36	1698.0	1525.0	0	0.5859646201133728
sub-02	ses-03	run-07	1	baseline	1814.0	0	0.6228532791137695
sub-02	ses-03	run-07	2	1814.0	1432.0	0	0.6017496585845947
sub-02	ses-03	run-07	3	1432.0	573.0	0	0.5981048345565796
sub-02	ses-03	run-07	4	573.0	1866.0	0	0.5997056365013123
sub-02	ses-03	run-07	5	1866.0	524.0	0	0.5625356435775757
sub-02	ses-03	run-07	6	524.0	2042.0	0	0.577077329158783
sub-02	ses-03	run-07	7	2042.0	2158.0	0	0.5810303092002869
sub-02	ses-03	run-07	8	2158.0	666.0	0	0.5776274800300598
sub-02	ses-03	run-07	9	666.0	1291.0	0	0.5856426358222961
sub-02	ses-03	run-07	10	1291.0	125.0	0	0.6034777760505676
sub-02	ses-03	run-07	11	125.0	1703.0	0	0.5929664969444275
sub-02	ses-03	run-07	12	1703.0	1559.0	0	0.5825681686401367
sub-02	ses-03	run-07	13	1559.0	1749.0	0	0.6017364859580994
sub-02	ses-03	run-07	14	1749.0	1357.0	0	0.5823240876197815
sub-02	ses-03	run-07	15	1357.0	1294.0	0	0.5474718809127808
sub-02	ses-03	run-07	16	1294.0	43.0	0	0.5871960520744324
sub-02	ses-03	run-07	17	43.0	1869.0	0	0.5844981670379639
sub-02	ses-03	run-07	18	1869.0	1966.0	0	0.59514319896698
sub-02	ses-03	run-07	19	1966.0	1415.0	0	0.5628035664558411
sub-02	ses-03	run-07	20	1415.0	517.0	0	0.5631486177444458
sub-02	ses-03	run-07	21	517.0	1155.0	0	0.558318555355072
sub-02	ses-03	run-07	22	1155.0	1994.0	0	0.5355188250541687
sub-02	ses-03	run-07	23	1994.0	16.0	0	0.5709154009819031
sub-02	ses-03	run-07	24	16.0	1753.0	0	0.5398911833763123
sub-02	ses-03	run-07	25	1753.0	727.0	0	0.5564677715301514
sub-02	ses-03	run-07	26	727.0	935.0	0	0.5573804974555969
sub-02	ses-03	run-07	27	935.0	621.0	0	0.5590189695358276
sub-02	ses-03	run-07	28	621.0	475.0	0	0.5802686810493469
sub-02	ses-03	run-07	29	475.0	1128.0	0	0.5411686301231384
sub-02	ses-03	run-07	30	1128.0	1750.0	0	0.5707698464393616
sub-02	ses-03	run-07	31	1750.0	267.0	0	0.5614468455314636
sub-02	ses-03	run-07	32	267.0	343.0	0	0.547147810459137
sub-02	ses-03	run-07	33	343.0	1924.0	0	0.5617936253547668
sub-02	ses-03	run-07	34	1924.0	60.0	0	0.6062254905700684
sub-02	ses-03	run-07	35	60.0	1806.0	0	0.5606809258460999
sub-02	ses-03	run-07	36	1806.0	2153.0	0	0.5900173783302307
sub-02	ses-03	run-08	1	baseline	384.0	0	0.5635209083557129
sub-02	ses-03	run-08	2	384.0	583.0	0	0.5589268803596497
sub-02	ses-03	run-08	3	583.0	571.0	0	0.5694798231124878
sub-02	ses-03	run-08	4	571.0	1335.0	0	0.5617541074752808
sub-02	ses-03	run-08	5	1335.0	1484.0	0	0.5429913401603699
sub-02	ses-03	run-08	6	1484.0	2103.0	0	0.5755064487457275
sub-02	ses-03	run-08	7	2103.0	1647.0	0	0.5619690418243408
sub-02	ses-03	run-08	8	1647.0	1651.0	0	0.5787885189056396
sub-02	ses-03	run-08	9	1651.0	397.0	0	0.5880141258239746
sub-02	ses-03	run-08	10	397.0	134.0	0	0.5594355463981628
sub-02	ses-03	run-08	11	134.0	1186.0	0	0.5809271931648254
sub-02	ses-03	run-08	12	1186.0	1885.0	0	0.5770905017852783
sub-02	ses-03	run-08	13	1885.0	1797.0	0	0.5984691977500916
sub-02	ses-03	run-08	14	1797.0	765.0	0	0.5734931826591492
sub-02	ses-03	run-08	15	765.0	532.0	0	0.574449896812439
sub-02	ses-03	run-08	16	532.0	423.0	0	0.5535681843757629
sub-02	ses-03	run-08	17	423.0	649.0	0	0.5504615306854248
sub-02	ses-03	run-08	18	649.0	987.0	0	0.5621185302734375
sub-02	ses-03	run-08	19	987.0	841.0	0	0.567275881767273
sub-02	ses-03	run-08	20	841.0	2157.0	0	0.5928199887275696
sub-02	ses-03	run-08	21	2157.0	1051.0	0	0.5874826312065125
sub-02	ses-03	run-08	22	1051.0	2172.0	0	0.532766580581665
sub-02	ses-03	run-08	23	2172.0	674.0	0	0.5435886383056641
sub-02	ses-03	run-08	24	674.0	62.0	0	0.5989594459533691
sub-02	ses-03	run-08	25	62.0	1452.0	0	0.564712405204773
sub-02	ses-03	run-08	26	1452.0	1282.0	0	0.5678835511207581
sub-02	ses-03	run-08	27	1282.0	1774.0	0	0.5662716627120972
sub-02	ses-03	run-08	28	1774.0	1773.0	0	0.5603986978530884
sub-02	ses-03	run-08	29	1773.0	204.0	0	0.5725020170211792
sub-02	ses-03	run-08	30	204.0	1252.0	0	0.5487948060035706
sub-02	ses-03	run-08	31	1252.0	525.0	0	0.563482403755188
sub-02	ses-03	run-08	32	525.0	592.0	0	0.5997596383094788
sub-02	ses-03	run-08	33	592.0	255.0	0	0.5993254780769348
sub-02	ses-03	run-08	34	255.0	1012.0	0	0.5618586540222168
sub-02	ses-03	run-08	35	1012.0	1214.0	0	0.5713426470756531
sub-02	ses-03	run-08	36	1214.0	2053.0	0	0.575806736946106
sub-02	ses-03	run-09	1	baseline	1314.0	0	0.5528334975242615
sub-02	ses-03	run-09	2	1314.0	177.0	0	0.5617204308509827
sub-02	ses-03	run-09	3	177.0	137.0	0	0.5382449626922607
sub-02	ses-03	run-09	4	137.0	869.0	0	0.5404332876205444
sub-02	ses-03	run-09	5	869.0	1247.0	0	0.6119773983955383
sub-02	ses-03	run-09	6	1247.0	1803.0	0	0.6050116419792175
sub-02	ses-03	run-09	7	1803.0	627.0	0	0.567551851272583
sub-02	ses-03	run-09	8	627.0	1285.0	0	0.571060836315155
sub-02	ses-03	run-09	9	1285.0	880.0	0	0.5655240416526794
sub-02	ses-03	run-09	10	880.0	1137.0	0	0.567934513092041
sub-02	ses-03	run-09	11	1137.0	1474.0	0	0.5549764037132263
sub-02	ses-03	run-09	12	1474.0	901.0	0	0.5856757164001465
sub-02	ses-03	run-09	13	901.0	1466.0	0	0.54718416929245
sub-02	ses-03	run-09	14	1466.0	1634.0	0	0.5987468361854553
sub-02	ses-03	run-09	15	1634.0	1491.0	0	0.5477732419967651
sub-02	ses-03	run-09	16	1491.0	341.0	0	0.5515138506889343
sub-02	ses-03	run-09	17	341.0	529.0	0	0.5686178207397461
sub-02	ses-03	run-09	18	529.0	606.0	0	0.5603457093238831
sub-02	ses-03	run-09	19	606.0	190.0	0	0.5924309492111206
sub-02	ses-03	run-09	20	190.0	2179.0	0	0.5410662889480591
sub-02	ses-03	run-09	21	2179.0	2087.0	0	0.591639518737793
sub-02	ses-03	run-09	22	2087.0	1545.0	0	0.5645142197608948
sub-02	ses-03	run-09	23	1545.0	2152.0	0	0.5690600275993347
sub-02	ses-03	run-09	24	2152.0	1779.0	0	0.5551550984382629
sub-02	ses-03	run-09	25	1779.0	228.0	0	0.6202383637428284
sub-02	ses-03	run-09	26	228.0	755.0	0	0.5859612822532654
sub-02	ses-03	run-09	27	755.0	1552.0	0	0.5515279173851013
sub-02	ses-03	run-09	28	1552.0	1624.0	0	0.5439853072166443
sub-02	ses-03	run-09	29	1624.0	1686.0	0	0.5574513077735901
sub-02	ses-03	run-09	30	1686.0	663.0	0	0.6346251368522644
sub-02	ses-03	run-09	31	663.0	332.0	0	0.6353620886802673
sub-02	ses-03	run-09	32	332.0	1832.0	0	0.592079222202301
sub-02	ses-03	run-09	33	1832.0	1043.0	0	0.5674469470977783
sub-02	ses-03	run-09	34	1043.0	325.0	0	0.5781952142715454
sub-02	ses-03	run-09	35	325.0	12.0	0	0.5941750407218933
sub-02	ses-03	run-09	36	12.0	1196.0	0	0.6474823355674744
sub-02	ses-04	run-01	1	baseline	1992.0	0	0.5780918598175049
sub-02	ses-04	run-01	2	1992.0	227.0	0	0.5983705520629883
sub-02	ses-04	run-01	3	227.0	297.0	0	0.5943172574043274
sub-02	ses-04	run-01	4	297.0	388.0	0	0.5834906697273254
sub-02	ses-04	run-01	5	388.0	575.0	0	0.5361246466636658
sub-02	ses-04	run-01	6	575.0	1669.0	0	0.5468781590461731
sub-02	ses-04	run-01	7	1669.0	1678.0	0	0.5422651171684265
sub-02	ses-04	run-01	8	1678.0	999.0	0	0.5489802360534668
sub-02	ses-04	run-01	9	999.0	948.0	0	0.5683685541152954
sub-02	ses-04	run-01	10	948.0	1822.0	0	0.5645351409912109
sub-02	ses-04	run-01	11	1822.0	1652.0	0	0.5434095859527588
sub-02	ses-04	run-01	12	1652.0	220.0	0	0.5441623330116272
sub-02	ses-04	run-01	13	220.0	1434.0	0	0.557823657989502
sub-02	ses-04	run-01	14	1434.0	333.0	0	0.5730606317520142
sub-02	ses-04	run-01	15	333.0	478.0	0	0.5808430314064026
sub-02	ses-04	run-01	16	478.0	1738.0	0	0.5709267258644104
sub-02	ses-04	run-01	17	1738.0	1685.0	0	0.5984933376312256
sub-02	ses-04	run-01	18	1685.0	350.0	0	0.5878816246986389
sub-02	ses-04	run-01	19	350.0	21.0	0	0.6147342920303345
sub-02	ses-04	run-01	20	21.0	406.0	0	0.5819289088249207
sub-02	ses-04	run-01	21	406.0	1039.0	0	0.5405496954917908
sub-02	ses-04	run-01	22	1039.0	1406.0	0	0.5813576579093933
sub-02	ses-04	run-01	23	1406.0	1605.0	0	0.619685709476471
sub-02	ses-04	run-01	24	1605.0	831.0	0	0.5536316633224487
sub-02	ses-04	run-01	25	831.0	1076.0	0	0.5471247434616089
sub-02	ses-04	run-01	26	1076.0	1235.0	0	0.5507060885429382
sub-02	ses-04	run-01	27	1235.0	1203.0	0	0.5573707222938538
sub-02	ses-04	run-01	28	1203.0	1034.0	0	0.5650126934051514
sub-02	ses-04	run-01	29	1034.0	1824.0	0	0.5362076163291931
sub-02	ses-04	run-01	30	1824.0	35.0	0	0.5507907271385193
sub-02	ses-04	run-01	31	35.0	399.0	0	0.5464155077934265
sub-02	ses-04	run-01	32	399.0	1159.0	0	0.5340768694877625
sub-02	ses-04	run-01	33	1159.0	1640.0	0	0.5772987604141235
sub-02	ses-04	run-01	34	1640.0	1586.0	0	0.6142369508743286
sub-02	ses-04	run-01	35	1586.0	437.0	0	0.5562441945075989
sub-02	ses-04	run-01	36	437.0	997.0	0	0.5945223569869995
sub-02	ses-04	run-02	1	baseline	377.0	0	0.5585151314735413
sub-02	ses-04	run-02	2	377.0	1904.0	0	0.573977530002594
sub-02	ses-04	run-02	3	1904.0	2095.0	0	0.5938266515731812
sub-02	ses-04	run-02	4	2095.0	380.0	0	0.5745849609375
sub-02	ses-04	run-02	5	380.0	53.0	0	0.5538963675498962
sub-02	ses-04	run-02	6	53.0	2041.0	0	0.5522539019584656
sub-02	ses-04	run-02	7	2041.0	1649.0	0	0.5889566540718079
sub-02	ses-04	run-02	8	1649.0	1493.0	0	0.5817649960517883
sub-02	ses-04	run-02	9	1493.0	889.0	0	0.5496779680252075
sub-02	ses-04	run-02	10	889.0	1318.0	0	0.5399775505065918
sub-02	ses-04	run-02	11	1318.0	1175.0	0	0.5852296948432922
sub-02	ses-04	run-02	12	1175.0	974.0	0	0.5553731322288513
sub-02	ses-04	run-02	13	974.0	1177.0	0	0.568332314491272
sub-02	ses-04	run-02	14	1177.0	1370.0	0	0.5374876856803894
sub-02	ses-04	run-02	15	1370.0	679.0	0	0.5731831192970276
sub-02	ses-04	run-02	16	679.0	2071.0	0	0.5566692352294922
sub-02	ses-04	run-02	17	2071.0	476.0	0	0.5778701901435852
sub-02	ses-04	run-02	18	476.0	2058.0	0	0.5484369993209839
sub-02	ses-04	run-02	19	2058.0	1085.0	0	0.5359492897987366
sub-02	ses-04	run-02	20	1085.0	1515.0	0	0.5948413610458374
sub-02	ses-04	run-02	21	1515.0	2031.0	0	0.5873757600784302
sub-02	ses-04	run-02	22	2031.0	1868.0	0	0.5503756999969482
sub-02	ses-04	run-02	23	1868.0	699.0	0	0.5577392578125
sub-02	ses-04	run-02	24	699.0	1429.0	0	0.5632289052009583
sub-02	ses-04	run-02	25	1429.0	1093.0	0	0.5700842142105103
sub-02	ses-04	run-02	26	1093.0	598.0	0	0.5548675656318665
sub-02	ses-04	run-02	27	598.0	1725.0	0	0.535938024520874
sub-02	ses-04	run-02	28	1725.0	1065.0	0	0.5599809288978577
sub-02	ses-04	run-02	29	1065.0	1212.0	0	0.5665678381919861
sub-02	ses-04	run-02	30	1212.0	1096.0	0	0.5440700650215149
sub-02	ses-04	run-02	31	1096.0	1830.0	0	0.5782824158668518
sub-02	ses-04	run-02	32	1830.0	1724.0	0	0.5901278853416443
sub-02	ses-04	run-02	33	1724.0	1201.0	0	0.5507358908653259
sub-02	ses-04	run-02	34	1201.0	1813.0	0	0.5692352652549744
sub-02	ses-04	run-02	35	1813.0	1612.0	0	0.5616773366928101
sub-02	ses-04	run-02	36	1612.0	513.0	0	0.590761125087738
sub-02	ses-04	run-03	1	baseline	2194.0	0	0.5588737726211548
sub-02	ses-04	run-03	2	2194.0	2032.0	0	0.5525851249694824
sub-02	ses-04	run-03	3	2032.0	99.0	0	0.5438384413719177
sub-02	ses-04	run-03	4	99.0	1265.0	0	0.6078251004219055
sub-02	ses-04	run-03	5	1265.0	207.0	0	0.5675411820411682
sub-02	ses-04	run-03	6	207.0	29.0	0	0.539638876914978
sub-02	ses-04	run-03	7	29.0	266.0	0	0.6131736636161804
sub-02	ses-04	run-03	8	266.0	189.0	0	0.5555735230445862
sub-02	ses-04	run-03	9	189.0	690.0	0	0.5557258725166321
sub-02	ses-04	run-03	10	690.0	473.0	0	0.5604212880134583
sub-02	ses-04	run-03	11	473.0	1045.0	0	0.5398282408714294
sub-02	ses-04	run-03	12	1045.0	75.0	0	0.5495418906211853
sub-02	ses-04	run-03	13	75.0	1396.0	0	0.5267361998558044
sub-02	ses-04	run-03	14	1396.0	1303.0	0	0.5503355860710144
sub-02	ses-04	run-03	15	1303.0	2118.0	0	0.5540310144424438
sub-02	ses-04	run-03	16	2118.0	1578.0	0	0.5618485808372498
sub-02	ses-04	run-03	17	1578.0	1871.0	0	0.5908277034759521
sub-02	ses-04	run-03	18	1871.0	152.0	0	0.560443639755249
sub-02	ses-04	run-03	19	152.0	1033.0	0	0.5827553272247314
sub-02	ses-04	run-03	20	1033.0	1430.0	0	0.6303319334983826
sub-02	ses-04	run-03	21	1430.0	1313.0	0	0.5665436387062073
sub-02	ses-04	run-03	22	1313.0	537.0	0	0.6503362655639648
sub-02	ses-04	run-03	23	537.0	1672.0	0	0.5878822207450867
sub-02	ses-04	run-03	24	1672.0	2052.0	0	0.5523711442947388
sub-02	ses-04	run-03	25	2052.0	1143.0	0	0.5657789707183838
sub-02	ses-04	run-03	26	1143.0	466.0	0	0.5522333979606628
sub-02	ses-04	run-03	27	466.0	346.0	0	0.5369737148284912
sub-02	ses-04	run-03	28	346.0	25.0	0	0.545719563961029
sub-02	ses-04	run-03	29	25.0	768.0	0	0.6027944087982178
sub-02	ses-04	run-03	30	768.0	1008.0	0	0.6145672798156738
sub-02	ses-04	run-03	31	1008.0	1528.0	0	0.604865312576294
sub-02	ses-04	run-03	32	1528.0	387.0	0	0.5462075471878052
sub-02	ses-04	run-03	33	387.0	47.0	0	0.5602055191993713
sub-02	ses-04	run-03	34	47.0	1518.0	0	0.5954867601394653
sub-02	ses-04	run-03	35	1518.0	1700.0	0	0.5679868459701538
sub-02	ses-04	run-03	36	1700.0	1606.0	0	0.5562862157821655
sub-02	ses-04	run-04	1	baseline	2192.0	0	0.5632691383361816
sub-02	ses-04	run-04	2	2192.0	90.0	0	0.5771963596343994
sub-02	ses-04	run-04	3	90.0	548.0	0	0.5585487484931946
sub-02	ses-04	run-04	4	548.0	1369.0	0	0.6019651889801025
sub-02	ses-04	run-04	5	1369.0	1248.0	0	0.5599244236946106
sub-02	ses-04	run-04	6	1248.0	1555.0	0	0.5433445572853088
sub-02	ses-04	run-04	7	1555.0	1694.0	0	0.5682281851768494
sub-02	ses-04	run-04	8	1694.0	1598.0	0	0.5779758095741272
sub-02	ses-04	run-04	9	1598.0	700.0	0	0.5473689436912537
sub-02	ses-04	run-04	10	700.0	463.0	0	0.5649638175964355
sub-02	ses-04	run-04	11	463.0	326.0	0	0.61494380235672
sub-02	ses-04	run-04	12	326.0	484.0	0	0.5654138922691345
sub-02	ses-04	run-04	13	484.0	1546.0	0	0.5699213147163391
sub-02	ses-04	run-04	14	1546.0	1973.0	0	0.5884034633636475
sub-02	ses-04	run-04	15	1973.0	2016.0	0	0.5364833474159241
sub-02	ses-04	run-04	16	2016.0	336.0	0	0.5562055110931396
sub-02	ses-04	run-04	17	336.0	829.0	0	0.5471937656402588
sub-02	ses-04	run-04	18	829.0	1857.0	0	0.5397326350212097
sub-02	ses-04	run-04	19	1857.0	272.0	0	0.5691412091255188
sub-02	ses-04	run-04	20	272.0	648.0	0	0.5911610126495361
sub-02	ses-04	run-04	21	648.0	977.0	0	0.5946872234344482
sub-02	ses-04	run-04	22	977.0	940.0	0	0.538068413734436
sub-02	ses-04	run-04	23	940.0	2142.0	0	0.5597842931747437
sub-02	ses-04	run-04	24	2142.0	120.0	0	0.5562739968299866
sub-02	ses-04	run-04	25	120.0	1673.0	0	0.6228426694869995
sub-02	ses-04	run-04	26	1673.0	1346.0	0	0.6452159881591797
sub-02	ses-04	run-04	27	1346.0	1713.0	0	0.5509409308433533
sub-02	ses-04	run-04	28	1713.0	1503.0	0	0.5648272633552551
sub-02	ses-04	run-04	29	1503.0	1561.0	0	0.5332636833190918
sub-02	ses-04	run-04	30	1561.0	1729.0	0	0.5471397042274475
sub-02	ses-04	run-04	31	1729.0	1398.0	0	0.579414427280426
sub-02	ses-04	run-04	32	1398.0	226.0	0	0.5658800005912781
sub-02	ses-04	run-04	33	226.0	2025.0	0	0.559938371181488
sub-02	ses-04	run-04	34	2025.0	136.0	0	0.5405582189559937
sub-02	ses-04	run-04	35	136.0	379.0	0	0.5500071048736572
sub-02	ses-04	run-04	36	379.0	807.0	0	0.5909350514411926
sub-02	ses-04	run-05	1	baseline	1789.0	0	0.6240513920783997
sub-02	ses-04	run-05	2	1789.0	851.0	0	0.5648888349533081
sub-02	ses-04	run-05	3	851.0	1072.0	0	0.6292558908462524
sub-02	ses-04	run-05	4	1072.0	1939.0	0	0.54608154296875
sub-02	ses-04	run-05	5	1939.0	118.0	0	0.5575169920921326
sub-02	ses-04	run-05	6	118.0	1228.0	0	0.5882197022438049
sub-02	ses-04	run-05	7	1228.0	298.0	0	0.587704598903656
sub-02	ses-04	run-05	8	298.0	250.0	0	0.5578154921531677
sub-02	ses-04	run-05	9	250.0	1522.0	0	0.6122287511825562
sub-02	ses-04	run-05	10	1522.0	827.0	0	0.5790790915489197
sub-02	ses-04	run-05	11	827.0	308.0	0	0.5596051812171936
sub-02	ses-04	run-05	12	308.0	1038.0	0	0.5601566433906555
sub-02	ses-04	run-05	13	1038.0	1147.0	0	0.537307620048523
sub-02	ses-04	run-05	14	1147.0	1409.0	0	0.5939366221427917
sub-02	ses-04	run-05	15	1409.0	256.0	0	0.5782972574234009
sub-02	ses-04	run-05	16	256.0	870.0	0	0.5888128280639648
sub-02	ses-04	run-05	17	870.0	1443.0	0	0.5510414242744446
sub-02	ses-04	run-05	18	1443.0	77.0	0	0.547299325466156
sub-02	ses-04	run-05	19	77.0	1765.0	0	0.5339429974555969
sub-02	ses-04	run-05	20	1765.0	1105.0	0	0.5852779150009155
sub-02	ses-04	run-05	21	1105.0	187.0	0	0.5736391544342041
sub-02	ses-04	run-05	22	187.0	1769.0	0	0.5542050004005432
sub-02	ses-04	run-05	23	1769.0	1863.0	0	0.5347887873649597
sub-02	ses-04	run-05	24	1863.0	1272.0	0	0.5412839651107788
sub-02	ses-04	run-05	25	1272.0	2144.0	0	0.5641688704490662
sub-02	ses-04	run-05	26	2144.0	603.0	0	0.5355753302574158
sub-02	ses-04	run-05	27	603.0	763.0	0	0.5340887308120728
sub-02	ses-04	run-05	28	763.0	626.0	0	0.5754278302192688
sub-02	ses-04	run-05	29	626.0	409.0	0	0.5605971217155457
sub-02	ses-04	run-05	30	409.0	1125.0	0	0.5789773464202881
sub-02	ses-04	run-05	31	1125.0	106.0	0	0.5767807960510254
sub-02	ses-04	run-05	32	106.0	1476.0	0	0.6016454100608826
sub-02	ses-04	run-05	33	1476.0	2151.0	0	0.5378717184066772
sub-02	ses-04	run-05	34	2151.0	1730.0	0	0.5916765332221985
sub-02	ses-04	run-05	35	1730.0	1238.0	0	0.6049162745475769
sub-02	ses-04	run-05	36	1238.0	1436.0	0	0.5454357862472534
sub-02	ses-04	run-06	1	baseline	1843.0	0	0.5594739317893982
sub-02	ses-04	run-06	2	1843.0	2123.0	0	0.5982110500335693
sub-02	ses-04	run-06	3	2123.0	98.0	0	0.5360967516899109
sub-02	ses-04	run-06	4	98.0	1447.0	0	0.5607808828353882
sub-02	ses-04	run-06	5	1447.0	2061.0	0	0.5370444655418396
sub-02	ses-04	run-06	6	2061.0	1227.0	0	0.5533403754234314
sub-02	ses-04	run-06	7	1227.0	898.0	0	0.5571035742759705
sub-02	ses-04	run-06	8	898.0	1751.0	0	0.5318541526794434
sub-02	ses-04	run-06	9	1751.0	1579.0	0	0.5412516593933105
sub-02	ses-04	run-06	10	1579.0	896.0	0	0.5539847016334534
sub-02	ses-04	run-06	11	896.0	420.0	0	0.5872148275375366
sub-02	ses-04	run-06	12	420.0	1611.0	0	0.5453723073005676
sub-02	ses-04	run-06	13	1611.0	2040.0	0	0.5341231226921082
sub-02	ses-04	run-06	14	2040.0	2066.0	0	0.5564971566200256
sub-02	ses-04	run-06	15	2066.0	552.0	0	0.607215940952301
sub-02	ses-04	run-06	16	552.0	1001.0	0	0.5545701384544373
sub-02	ses-04	run-06	17	1001.0	501.0	0	0.576979398727417
sub-02	ses-04	run-06	18	501.0	1947.0	0	0.5718916654586792
sub-02	ses-04	run-06	19	1947.0	1293.0	0	0.553032398223877
sub-02	ses-04	run-06	20	1293.0	1603.0	0	0.5266179442405701
sub-02	ses-04	run-06	21	1603.0	1945.0	0	0.5414347648620605
sub-02	ses-04	run-06	22	1945.0	1326.0	0	0.5761930346488953
sub-02	ses-04	run-06	23	1326.0	1435.0	0	0.5855860710144043
sub-02	ses-04	run-06	24	1435.0	1626.0	0	0.5314030051231384
sub-02	ses-04	run-06	25	1626.0	2180.0	0	0.537967324256897
sub-02	ses-04	run-06	26	2180.0	1205.0	0	0.5734630227088928
sub-02	ses-04	run-06	27	1205.0	49.0	0	0.5520337820053101
sub-02	ses-04	run-06	28	49.0	469.0	0	0.5619540214538574
sub-02	ses-04	run-06	29	469.0	2141.0	0	0.5498825907707214
sub-02	ses-04	run-06	30	2141.0	1233.0	0	0.5475764274597168
sub-02	ses-04	run-06	31	1233.0	279.0	0	0.536503791809082
sub-02	ses-04	run-06	32	279.0	2165.0	0	0.5330219864845276
sub-02	ses-04	run-06	33	2165.0	696.0	0	0.571551501750946
sub-02	ses-04	run-06	34	696.0	1080.0	0	0.5849535465240479
sub-02	ses-04	run-06	35	1080.0	2104.0	0	0.5477920174598694
sub-02	ses-04	run-06	36	2104.0	474.0	0	0.5374557375907898
sub-02	ses-04	run-07	1	baseline	645.0	0	0.5922777056694031
sub-02	ses-04	run-07	2	645.0	1322.0	0	0.5676254630088806
sub-02	ses-04	run-07	3	1322.0	638.0	0	0.5820321440696716
sub-02	ses-04	run-07	4	638.0	425.0	0	0.5395538210868835
sub-02	ses-04	run-07	5	425.0	1187.0	0	0.5742409229278564
sub-02	ses-04	run-07	6	1187.0	2063.0	0	0.5698109269142151
sub-02	ses-04	run-07	7	2063.0	1903.0	0	0.5889405608177185
sub-02	ses-04	run-07	8	1903.0	614.0	0	0.5651724338531494
sub-02	ses-04	run-07	9	614.0	104.0	0	0.5566591024398804
sub-02	ses-04	run-07	10	104.0	32.0	0	0.5936795473098755
sub-02	ses-04	run-07	11	32.0	1381.0	0	0.5418069362640381
sub-02	ses-04	run-07	12	1381.0	563.0	0	0.5975199937820435
sub-02	ses-04	run-07	13	563.0	1498.0	0	0.6047329306602478
sub-02	ses-04	run-07	14	1498.0	1006.0	0	0.6043304204940796
sub-02	ses-04	run-07	15	1006.0	803.0	0	0.5587785243988037
sub-02	ses-04	run-07	16	803.0	1018.0	0	0.5440107583999634
sub-02	ses-04	run-07	17	1018.0	2170.0	0	0.5353450775146484
sub-02	ses-04	run-07	18	2170.0	1371.0	0	0.567500650882721
sub-02	ses-04	run-07	19	1371.0	1023.0	0	0.5478340983390808
sub-02	ses-04	run-07	20	1023.0	845.0	0	0.5271677374839783
sub-02	ses-04	run-07	21	845.0	1113.0	0	0.5797467827796936
sub-02	ses-04	run-07	22	1113.0	188.0	0	0.5822024941444397
sub-02	ses-04	run-07	23	188.0	1692.0	0	0.549888551235199
sub-02	ses-04	run-07	24	1692.0	508.0	0	0.5621799230575562
sub-02	ses-04	run-07	25	508.0	943.0	0	0.5455970764160156
sub-02	ses-04	run-07	26	943.0	808.0	0	0.5420790910720825
sub-02	ses-04	run-07	27	808.0	802.0	0	0.5906381607055664
sub-02	ses-04	run-07	28	802.0	301.0	0	0.5578307509422302
sub-02	ses-04	run-07	29	301.0	1646.0	0	0.5885400772094727
sub-02	ses-04	run-07	30	1646.0	434.0	0	0.5451824069023132
sub-02	ses-04	run-07	31	434.0	1296.0	0	0.5497856140136719
sub-02	ses-04	run-07	32	1296.0	1223.0	0	0.5504844784736633
sub-02	ses-04	run-07	33	1223.0	1471.0	0	0.5908317565917969
sub-02	ses-04	run-07	34	1471.0	260.0	0	0.5609045624732971
sub-02	ses-04	run-07	35	260.0	1226.0	0	0.5655230283737183
sub-02	ses-04	run-07	36	1226.0	1094.0	0	0.5906276106834412
sub-02	ses-04	run-08	1	baseline	1002.0	0	0.5438344478607178
sub-02	ses-04	run-08	2	1002.0	1456.0	0	0.6793726682662964
sub-02	ses-04	run-08	3	1456.0	275.0	0	0.6016142964363098
sub-02	ses-04	run-08	4	275.0	2001.0	0	0.5360877513885498
sub-02	ses-04	run-08	5	2001.0	2005.0	0	0.5908482670783997
sub-02	ses-04	run-08	6	2005.0	1392.0	0	0.573721170425415
sub-02	ses-04	run-08	7	1392.0	1844.0	0	0.6055837273597717
sub-02	ses-04	run-08	8	1844.0	1337.0	0	0.5532549619674683
sub-02	ses-04	run-08	9	1337.0	1338.0	0	0.56805419921875
sub-02	ses-04	run-08	10	1338.0	1735.0	0	0.5803645849227905
sub-02	ses-04	run-08	11	1735.0	138.0	0	0.5999963283538818
sub-02	ses-04	run-08	12	138.0	2044.0	0	0.6487554311752319
sub-02	ses-04	run-08	13	2044.0	2006.0	0	0.5813280940055847
sub-02	ses-04	run-08	14	2006.0	1733.0	0	0.535417914390564
sub-02	ses-04	run-08	15	1733.0	2121.0	0	0.5377951264381409
sub-02	ses-04	run-08	16	2121.0	873.0	0	0.5334309935569763
sub-02	ses-04	run-08	17	873.0	718.0	0	0.555575966835022
sub-02	ses-04	run-08	18	718.0	2149.0	0	0.5814560055732727
sub-02	ses-04	run-08	19	2149.0	307.0	0	0.577048122882843
sub-02	ses-04	run-08	20	307.0	1197.0	0	0.5710048675537109
sub-02	ses-04	run-08	21	1197.0	908.0	0	0.5461726188659668
sub-02	ses-04	run-08	22	908.0	214.0	0	0.5792378187179565
sub-02	ses-04	run-08	23	214.0	1607.0	0	0.5466322302818298
sub-02	ses-04	run-08	24	1607.0	1691.0	0	0.6192895174026489
sub-02	ses-04	run-08	25	1691.0	1901.0	0	0.5460292100906372
sub-02	ses-04	run-08	26	1901.0	2029.0	0	0.5785778164863586
sub-02	ses-04	run-08	27	2029.0	1257.0	0	0.538551390171051
sub-02	ses-04	run-08	28	1257.0	1633.0	0	0.5644544363021851
sub-02	ses-04	run-08	29	1633.0	996.0	0	0.5859425067901611
sub-02	ses-04	run-08	30	996.0	1927.0	0	0.5481645464897156
sub-02	ses-04	run-08	31	1927.0	1348.0	0	0.5257530212402344
sub-02	ses-04	run-08	32	1348.0	1787.0	0	0.6001454591751099
sub-02	ses-04	run-08	33	1787.0	178.0	0	0.557532548904419
sub-02	ses-04	run-08	34	178.0	1864.0	0	0.5778334140777588
sub-02	ses-04	run-08	35	1864.0	1365.0	0	0.5548064708709717
sub-02	ses-04	run-08	36	1365.0	707.0	0	0.5551267266273499
sub-02	ses-05	run-01	1	baseline	367.0	0	0.5906813144683838
sub-02	ses-05	run-01	2	367.0	1714.0	0	0.5894192457199097
sub-02	ses-05	run-01	3	1714.0	1591.0	0	0.5559800863265991
sub-02	ses-05	run-01	4	1591.0	810.0	0	0.5333715081214905
sub-02	ses-05	run-01	5	810.0	534.0	0	0.5858542323112488
sub-02	ses-05	run-01	6	534.0	979.0	0	0.5913045406341553
sub-02	ses-05	run-01	7	979.0	965.0	0	0.5409243106842041
sub-02	ses-05	run-01	8	965.0	2193.0	0	0.5942134261131287
sub-02	ses-05	run-01	9	2193.0	2072.0	0	0.5538158416748047
sub-02	ses-05	run-01	10	2072.0	2019.0	0	0.5964128971099854
sub-02	ses-05	run-01	11	2019.0	1977.0	0	0.5625320076942444
sub-02	ses-05	run-01	12	1977.0	1193.0	0	0.5689083337783813
sub-02	ses-05	run-01	13	1193.0	70.0	0	0.5786131024360657
sub-02	ses-05	run-01	14	70.0	1188.0	0	0.5543504953384399
sub-02	ses-05	run-01	15	1188.0	162.0	0	0.5585083365440369
sub-02	ses-05	run-01	16	162.0	1010.0	0	0.5790050625801086
sub-02	ses-05	run-01	17	1010.0	1767.0	0	0.5511670708656311
sub-02	ses-05	run-01	18	1767.0	973.0	0	0.5514365434646606
sub-02	ses-05	run-01	19	973.0	492.0	0	0.5848243832588196
sub-02	ses-05	run-01	20	492.0	1535.0	0	0.5431119203567505
sub-02	ses-05	run-01	21	1535.0	1158.0	0	0.5458022952079773
sub-02	ses-05	run-01	22	1158.0	1345.0	0	0.5799363851547241
sub-02	ses-05	run-01	23	1345.0	2159.0	0	0.6107844114303589
sub-02	ses-05	run-01	24	2159.0	1550.0	0	0.5571320056915283
sub-02	ses-05	run-01	25	1550.0	51.0	0	0.5598921179771423
sub-02	ses-05	run-01	26	51.0	1782.0	0	0.561932384967804
sub-02	ses-05	run-01	27	1782.0	418.0	0	0.5663053393363953
sub-02	ses-05	run-01	28	418.0	969.0	0	0.5351637005805969
sub-02	ses-05	run-01	29	969.0	1744.0	0	0.5621803998947144
sub-02	ses-05	run-01	30	1744.0	1138.0	0	0.5511451363563538
sub-02	ses-05	run-01	31	1138.0	1331.0	0	0.5590280890464783
sub-02	ses-05	run-01	32	1331.0	1985.0	0	0.5570325255393982
sub-02	ses-05	run-01	33	1985.0	629.0	0	0.5844339728355408
sub-02	ses-05	run-01	34	629.0	725.0	0	0.5532041788101196
sub-02	ses-05	run-01	35	725.0	468.0	0	0.5798631310462952
sub-02	ses-05	run-01	36	468.0	2102.0	0	0.5523051619529724
sub-02	ses-05	run-02	1	baseline	1053.0	0	0.5572305917739868
sub-02	ses-05	run-02	2	1053.0	413.0	0	0.5450824499130249
sub-02	ses-05	run-02	3	413.0	1715.0	0	0.5573650002479553
sub-02	ses-05	run-02	4	1715.0	1104.0	0	0.5567136406898499
sub-02	ses-05	run-02	5	1104.0	1661.0	0	0.5584477186203003
sub-02	ses-05	run-02	6	1661.0	172.0	0	0.5522355437278748
sub-02	ses-05	run-02	7	172.0	1942.0	0	0.5752679109573364
sub-02	ses-05	run-02	8	1942.0	927.0	0	0.574481189250946
sub-02	ses-05	run-02	9	927.0	753.0	0	0.5524893403053284
sub-02	ses-05	run-02	10	753.0	1619.0	0	0.5541654229164124
sub-02	ses-05	run-02	11	1619.0	1662.0	0	0.5546854138374329
sub-02	ses-05	run-02	12	1662.0	643.0	0	0.5437066555023193
sub-02	ses-05	run-02	13	643.0	567.0	0	0.5590664148330688
sub-02	ses-05	run-02	14	567.0	742.0	0	0.5745531320571899
sub-02	ses-05	run-02	15	742.0	446.0	0	0.5465714335441589
sub-02	ses-05	run-02	16	446.0	1991.0	0	0.5678923726081848
sub-02	ses-05	run-02	17	1991.0	555.0	0	0.604963481426239
sub-02	ses-05	run-02	18	555.0	1654.0	0	0.5891351699829102
sub-02	ses-05	run-02	19	1654.0	430.0	0	0.5785302519798279
sub-02	ses-05	run-02	20	430.0	1934.0	0	0.5725001096725464
sub-02	ses-05	run-02	21	1934.0	1394.0	0	0.592661440372467
sub-02	ses-05	run-02	22	1394.0	1590.0	0	0.554883599281311
sub-02	ses-05	run-02	23	1590.0	1146.0	0	0.5744118094444275
sub-02	ses-05	run-02	24	1146.0	1279.0	0	0.5588518381118774
sub-02	ses-05	run-02	25	1279.0	1849.0	0	0.5964555144309998
sub-02	ses-05	run-02	26	1849.0	1615.0	0	0.5608465075492859
sub-02	ses-05	run-02	27	1615.0	902.0	0	0.5707839727401733
sub-02	ses-05	run-02	28	902.0	2182.0	0	0.5668070316314697
sub-02	ses-05	run-02	29	2182.0	1671.0	0	0.5490912199020386
sub-02	ses-05	run-02	30	1671.0	1762.0	0	0.5713481903076172
sub-02	ses-05	run-02	31	1762.0	328.0	0	0.579658567905426
sub-02	ses-05	run-02	32	328.0	2137.0	0	0.5570737719535828
sub-02	ses-05	run-02	33	2137.0	721.0	0	0.5374069809913635
sub-02	ses-05	run-02	34	721.0	1142.0	0	0.5697064995765686
sub-02	ses-05	run-02	35	1142.0	498.0	0	0.5955716371536255
sub-02	ses-05	run-02	36	498.0	639.0	0	0.5854869484901428
sub-02	ses-05	run-03	1	baseline	503.0	0	0.5924298763275146
sub-02	ses-05	run-03	2	503.0	405.0	0	0.5651859641075134
sub-02	ses-05	run-03	3	405.0	1123.0	0	0.5593037605285645
sub-02	ses-05	run-03	4	1123.0	2176.0	0	0.5642379522323608
sub-02	ses-05	run-03	5	2176.0	676.0	0	0.5715110301971436
sub-02	ses-05	run-03	6	676.0	1229.0	0	0.5883382558822632
sub-02	ses-05	run-03	7	1229.0	772.0	0	0.5594277381896973
sub-02	ses-05	run-03	8	772.0	441.0	0	0.6023440361022949
sub-02	ses-05	run-03	9	441.0	375.0	0	0.5565726161003113
sub-02	ses-05	run-03	10	375.0	984.0	0	0.548057496547699
sub-02	ses-05	run-03	11	984.0	951.0	0	0.5524982810020447
sub-02	ses-05	run-03	12	951.0	983.0	0	0.5924971103668213
sub-02	ses-05	run-03	13	983.0	2039.0	0	0.5613580942153931
sub-02	ses-05	run-03	14	2039.0	608.0	0	0.5548068284988403
sub-02	ses-05	run-03	15	608.0	287.0	0	0.5821638107299805
sub-02	ses-05	run-03	16	287.0	1886.0	0	0.5747810006141663
sub-02	ses-05	run-03	17	1886.0	893.0	0	0.5845516324043274
sub-02	ses-05	run-03	18	893.0	1048.0	0	0.6017899513244629
sub-02	ses-05	run-03	19	1048.0	203.0	0	0.5645058751106262
sub-02	ses-05	run-03	20	203.0	993.0	0	0.5784286260604858
sub-02	ses-05	run-03	21	993.0	1684.0	0	0.5895072817802429
sub-02	ses-05	run-03	22	1684.0	281.0	0	0.5558731555938721
sub-02	ses-05	run-03	23	281.0	1446.0	0	0.5712354183197021
sub-02	ses-05	run-03	24	1446.0	1708.0	0	0.5641450881958008
sub-02	ses-05	run-03	25	1708.0	18.0	0	0.5882656574249268
sub-02	ses-05	run-03	26	18.0	644.0	0	0.5568116903305054
sub-02	ses-05	run-03	27	644.0	1198.0	0	0.5429490208625793
sub-02	ses-05	run-03	28	1198.0	547.0	0	0.5758089423179626
sub-02	ses-05	run-03	29	547.0	1315.0	0	0.5692575573921204
sub-02	ses-05	run-03	30	1315.0	660.0	0	0.5303511023521423
sub-02	ses-05	run-03	31	660.0	426.0	0	0.5512639880180359
sub-02	ses-05	run-03	32	426.0	1588.0	0	0.5774171352386475
sub-02	ses-05	run-03	33	1588.0	1890.0	0	0.6197366118431091
sub-02	ses-05	run-03	34	1890.0	1795.0	0	0.6055814623832703
sub-02	ses-05	run-03	35	1795.0	1873.0	0	0.5903624296188354
sub-02	ses-05	run-03	36	1873.0	2004.0	0	0.6238049268722534
sub-02	ses-05	run-04	1	baseline	1699.0	0	0.5393655896186829
sub-02	ses-05	run-04	2	1699.0	760.0	0	0.5621479153633118
sub-02	ses-05	run-04	3	760.0	1393.0	0	0.5468448400497437
sub-02	ses-05	run-04	4	1393.0	1878.0	0	0.5363820195198059
sub-02	ses-05	run-04	5	1878.0	1480.0	0	0.5660384893417358
sub-02	ses-05	run-04	6	1480.0	504.0	0	0.5489580035209656
sub-02	ses-05	run-04	7	504.0	1833.0	0	0.581459641456604
sub-02	ses-05	run-04	8	1833.0	1784.0	0	0.5706178545951843
sub-02	ses-05	run-04	9	1784.0	1742.0	0	0.6310957670211792
sub-02	ses-05	run-04	10	1742.0	1049.0	0	0.5545965433120728
sub-02	ses-05	run-04	11	1049.0	1386.0	0	0.5698606371879578
sub-02	ses-05	run-04	12	1386.0	327.0	0	0.5565375089645386
sub-02	ses-05	run-04	13	327.0	201.0	0	0.5475905537605286
sub-02	ses-05	run-04	14	201.0	625.0	0	0.5659330487251282
sub-02	ses-05	run-04	15	625.0	1363.0	0	0.582072377204895
sub-02	ses-05	run-04	16	1363.0	1982.0	0	0.6649267077445984
sub-02	ses-05	run-04	17	1982.0	2162.0	0	0.5884422659873962
sub-02	ses-05	run-04	18	2162.0	143.0	0	0.5661420822143555
sub-02	ses-05	run-04	19	143.0	1704.0	0	0.6452785730361938
sub-02	ses-05	run-04	20	1704.0	175.0	0	0.6037774085998535
sub-02	ses-05	run-04	21	175.0	1808.0	0	0.5507903099060059
sub-02	ses-05	run-04	22	1808.0	372.0	0	0.5652744174003601
sub-02	ses-05	run-04	23	372.0	141.0	0	0.5446230173110962
sub-02	ses-05	run-04	24	141.0	1170.0	0	0.5529922842979431
sub-02	ses-05	run-04	25	1170.0	1650.0	0	0.583550751209259
sub-02	ses-05	run-04	26	1650.0	1079.0	0	0.6057026982307434
sub-02	ses-05	run-04	27	1079.0	1082.0	0	0.5611200332641602
sub-02	ses-05	run-04	28	1082.0	1300.0	0	0.5557039380073547
sub-02	ses-05	run-04	29	1300.0	964.0	0	0.5776102542877197
sub-02	ses-05	run-04	30	964.0	1470.0	0	0.5693024396896362
sub-02	ses-05	run-04	31	1470.0	1210.0	0	0.5468674302101135
sub-02	ses-05	run-04	32	1210.0	1732.0	0	0.5478330850601196
sub-02	ses-05	run-04	33	1732.0	1681.0	0	0.5446110963821411
sub-02	ses-05	run-04	34	1681.0	557.0	0	0.5809805989265442
sub-02	ses-05	run-04	35	557.0	994.0	0	0.5724948644638062
sub-02	ses-05	run-04	36	994.0	1571.0	0	0.6203815937042236
sub-02	ses-05	run-05	1	baseline	210.0	0	0.5731039047241211
sub-02	ses-05	run-05	2	210.0	1902.0	0	0.5415477156639099
sub-02	ses-05	run-05	3	1902.0	57.0	0	0.5671108961105347
sub-02	ses-05	run-05	4	57.0	1793.0	0	0.5886980295181274
sub-02	ses-05	run-05	5	1793.0	225.0	0	0.5829690098762512
sub-02	ses-05	run-05	6	225.0	235.0	0	0.6174243092536926
sub-02	ses-05	run-05	7	235.0	1576.0	0	0.5547188520431519
sub-02	ses-05	run-05	8	1576.0	1295.0	0	0.5238452553749084
sub-02	ses-05	run-05	9	1295.0	2113.0	0	0.5304592847824097
sub-02	ses-05	run-05	10	2113.0	883.0	0	0.5424315333366394
sub-02	ses-05	run-05	11	883.0	622.0	0	0.5857760906219482
sub-02	ses-05	run-05	12	622.0	1683.0	0	0.5709679126739502
sub-02	ses-05	run-05	13	1683.0	830.0	0	0.5339887738227844
sub-02	ses-05	run-05	14	830.0	1020.0	0	0.5425469875335693
sub-02	ses-05	run-05	15	1020.0	2033.0	0	0.599005937576294
sub-02	ses-05	run-05	16	2033.0	1231.0	0	0.5626853108406067
sub-02	ses-05	run-05	17	1231.0	1317.0	0	0.556463897228241
sub-02	ses-05	run-05	18	1317.0	302.0	0	0.6660889387130737
sub-02	ses-05	run-05	19	302.0	545.0	0	0.575515866279602
sub-02	ses-05	run-05	20	545.0	665.0	0	0.5504831075668335
sub-02	ses-05	run-05	21	665.0	1.0	0	0.573344886302948
sub-02	ses-05	run-05	22	1.0	470.0	0	0.6011955738067627
sub-02	ses-05	run-05	23	470.0	1516.0	0	0.541573703289032
sub-02	ses-05	run-05	24	1516.0	1867.0	0	0.5523189902305603
sub-02	ses-05	run-05	25	1867.0	1475.0	0	0.5635973811149597
sub-02	ses-05	run-05	26	1475.0	542.0	0	0.5690421462059021
sub-02	ses-05	run-05	27	542.0	1366.0	0	0.5943608283996582
sub-02	ses-05	run-05	28	1366.0	1332.0	0	0.5263425707817078
sub-02	ses-05	run-05	29	1332.0	1328.0	0	0.5219603776931763
sub-02	ses-05	run-05	30	1328.0	520.0	0	0.5552766919136047
sub-02	ses-05	run-05	31	520.0	1676.0	0	0.5783021450042725
sub-02	ses-05	run-05	32	1676.0	1384.0	0	0.554108738899231
sub-02	ses-05	run-05	33	1384.0	786.0	0	0.5897932648658752
sub-02	ses-05	run-05	34	786.0	1253.0	0	0.5757169127464294
sub-02	ses-05	run-05	35	1253.0	1959.0	0	0.5549154877662659
sub-02	ses-05	run-05	36	1959.0	1451.0	0	0.5646950006484985
sub-02	ses-05	run-06	1	baseline	2190.0	0	0.5795297026634216
sub-02	ses-05	run-06	2	2190.0	1880.0	0	0.5959964990615845
sub-02	ses-05	run-06	3	1880.0	23.0	0	0.5533847808837891
sub-02	ses-05	run-06	4	23.0	1225.0	0	0.6059128046035767
sub-02	ses-05	run-06	5	1225.0	179.0	0	0.5362778902053833
sub-02	ses-05	run-06	6	179.0	1074.0	0	0.5701134204864502
sub-02	ses-05	run-06	7	1074.0	1707.0	0	0.5472360253334045
sub-02	ses-05	run-06	8	1707.0	527.0	0	0.5205316543579102
sub-02	ses-05	run-06	9	527.0	1416.0	0	0.562112033367157
sub-02	ses-05	run-06	10	1416.0	153.0	0	0.5197575688362122
sub-02	ses-05	run-06	11	153.0	887.0	0	0.5264707803726196
sub-02	ses-05	run-06	12	887.0	1154.0	0	0.5285047292709351
sub-02	ses-05	run-06	13	1154.0	1149.0	0	0.5485654473304749
sub-02	ses-05	run-06	14	1149.0	1062.0	0	0.5732228755950928
sub-02	ses-05	run-06	15	1062.0	322.0	0	0.5183464884757996
sub-02	ses-05	run-06	16	322.0	656.0	0	0.5552385449409485
sub-02	ses-05	run-06	17	656.0	1631.0	0	0.5335643291473389
sub-02	ses-05	run-06	18	1631.0	533.0	0	0.5505303144454956
sub-02	ses-05	run-06	19	533.0	749.0	0	0.5641724467277527
sub-02	ses-05	run-06	20	749.0	1604.0	0	0.5572313070297241
sub-02	ses-05	run-06	21	1604.0	88.0	0	0.5568479895591736
sub-02	ses-05	run-06	22	88.0	1221.0	0	0.598038911819458
sub-02	ses-05	run-06	23	1221.0	2.0	0	0.5804607272148132
sub-02	ses-05	run-06	24	2.0	112.0	0	0.6043604016304016
sub-02	ses-05	run-06	25	112.0	164.0	0	0.6980257630348206
sub-02	ses-05	run-06	26	164.0	990.0	0	0.5739423632621765
sub-02	ses-05	run-06	27	990.0	1350.0	0	0.5535106062889099
sub-02	ses-05	run-06	28	1350.0	954.0	0	0.578633725643158
sub-02	ses-05	run-06	29	954.0	1442.0	0	0.5668501853942871
sub-02	ses-05	run-06	30	1442.0	180.0	0	0.6139335632324219
sub-02	ses-05	run-06	31	180.0	891.0	0	0.6290937066078186
sub-02	ses-05	run-06	32	891.0	1482.0	0	0.6450595855712891
sub-02	ses-05	run-06	33	1482.0	1448.0	0	0.64133220911026
sub-02	ses-05	run-06	34	1448.0	607.0	0	0.5840461254119873
sub-02	ses-05	run-06	35	607.0	1514.0	0	0.5593053102493286
sub-02	ses-05	run-06	36	1514.0	191.0	0	0.5605039000511169
sub-02	ses-05	run-07	1	baseline	683.0	0	0.6182816624641418
sub-02	ses-05	run-07	2	683.0	1944.0	0	0.5744248032569885
sub-02	ses-05	run-07	3	1944.0	813.0	0	0.5674833655357361
sub-02	ses-05	run-07	4	813.0	2116.0	0	0.5426788926124573
sub-02	ses-05	run-07	5	2116.0	2048.0	0	0.5602157115936279
sub-02	ses-05	run-07	6	2048.0	1176.0	0	0.5455561280250549
sub-02	ses-05	run-07	7	1176.0	206.0	0	0.5433444380760193
sub-02	ses-05	run-07	8	206.0	1641.0	0	0.5665805339813232
sub-02	ses-05	run-07	9	1641.0	87.0	0	0.6069756746292114
sub-02	ses-05	run-07	10	87.0	1122.0	0	0.5685044527053833
sub-02	ses-05	run-07	11	1122.0	930.0	0	0.5841550230979919
sub-02	ses-05	run-07	12	930.0	543.0	0	0.6765202283859253
sub-02	ses-05	run-07	13	543.0	1508.0	0	0.5541281700134277
sub-02	ses-05	run-07	14	1508.0	362.0	0	0.5925408601760864
sub-02	ses-05	run-07	15	362.0	1275.0	0	0.5997908711433411
sub-02	ses-05	run-07	16	1275.0	1980.0	0	0.6831473112106323
sub-02	ses-05	run-07	17	1980.0	1963.0	0	0.560483455657959
sub-02	ses-05	run-07	18	1963.0	1151.0	0	0.5350131392478943
sub-02	ses-05	run-07	19	1151.0	370.0	0	0.5361191034317017
sub-02	ses-05	run-07	20	370.0	675.0	0	0.6175975799560547
sub-02	ses-05	run-07	21	675.0	1391.0	0	0.5263639688491821
sub-02	ses-05	run-07	22	1391.0	671.0	0	0.5502308011054993
sub-02	ses-05	run-07	23	671.0	812.0	0	0.5401223301887512
sub-02	ses-05	run-07	24	812.0	593.0	0	0.54738849401474
sub-02	ses-05	run-07	25	593.0	8.0	0	0.5513547658920288
sub-02	ses-05	run-07	26	8.0	59.0	0	0.5232684016227722
sub-02	ses-05	run-07	27	59.0	978.0	0	0.5135806202888489
sub-02	ses-05	run-07	28	978.0	1812.0	0	0.5518242120742798
sub-02	ses-05	run-07	29	1812.0	1785.0	0	0.5568821430206299
sub-02	ses-05	run-07	30	1785.0	1758.0	0	0.5214675068855286
sub-02	ses-05	run-07	31	1758.0	348.0	0	0.5513634085655212
sub-02	ses-05	run-07	32	348.0	878.0	0	0.5549224019050598
sub-02	ses-05	run-07	33	878.0	48.0	0	0.5790741443634033
sub-02	ses-05	run-07	34	48.0	890.0	0	0.5319603681564331
sub-02	ses-05	run-07	35	890.0	1530.0	0	0.5560334920883179
sub-02	ses-05	run-07	36	1530.0	897.0	0	0.547802209854126
sub-02	ses-05	run-08	1	baseline	115.0	0	0.5558693408966064
sub-02	ses-05	run-08	2	115.0	1923.0	0	0.6128787398338318
sub-02	ses-05	run-08	3	1923.0	2106.0	0	0.6180848479270935
sub-02	ses-05	run-08	4	2106.0	2134.0	0	0.5260650515556335
sub-02	ses-05	run-08	5	2134.0	1759.0	0	0.5685086846351624
sub-02	ses-05	run-08	6	1759.0	1307.0	0	0.5636245012283325
sub-02	ses-05	run-08	7	1307.0	933.0	0	0.5408214926719666
sub-02	ses-05	run-08	8	933.0	271.0	0	0.5588374137878418
sub-02	ses-05	run-08	9	271.0	383.0	0	0.5311577916145325
sub-02	ses-05	run-08	10	383.0	450.0	0	0.5430587530136108
sub-02	ses-05	run-08	11	450.0	1240.0	0	0.5526741147041321
sub-02	ses-05	run-08	12	1240.0	1461.0	0	0.5494961738586426
sub-02	ses-05	run-08	13	1461.0	793.0	0	0.5852317214012146
sub-02	ses-05	run-08	14	793.0	1930.0	0	0.5761345624923706
sub-02	ses-05	run-08	15	1930.0	1569.0	0	0.5709210634231567
sub-02	ses-05	run-08	16	1569.0	850.0	0	0.568177342414856
sub-02	ses-05	run-08	17	850.0	1218.0	0	0.5434134006500244
sub-02	ses-05	run-08	18	1218.0	1881.0	0	0.5938363075256348
sub-02	ses-05	run-08	19	1881.0	82.0	0	0.5863320827484131
sub-02	ses-05	run-08	20	82.0	486.0	0	0.5567647814750671
sub-02	ses-05	run-08	21	486.0	1460.0	0	0.555890679359436
sub-02	ses-05	run-08	22	1460.0	514.0	0	0.5816762447357178
sub-02	ses-05	run-08	23	514.0	209.0	0	0.5819385647773743
sub-02	ses-05	run-08	24	209.0	1088.0	0	0.5505824089050293
sub-02	ses-05	run-08	25	1088.0	193.0	0	0.583816409111023
sub-02	ses-05	run-08	26	193.0	443.0	0	0.5775712132453918
sub-02	ses-05	run-08	27	443.0	2015.0	0	0.5833740830421448
sub-02	ses-05	run-08	28	2015.0	27.0	0	0.6070480942726135
sub-02	ses-05	run-08	29	27.0	2098.0	0	0.5677350759506226
sub-02	ses-05	run-08	30	2098.0	691.0	0	0.5383186340332031
sub-02	ses-05	run-08	31	691.0	1169.0	0	0.5697115063667297
sub-02	ses-05	run-08	32	1169.0	754.0	0	0.5457165241241455
sub-02	ses-05	run-08	33	754.0	1722.0	0	0.5952614545822144
sub-02	ses-05	run-08	34	1722.0	856.0	0	0.57045978307724
sub-02	ses-05	run-08	35	856.0	1400.0	0	0.6105318665504456
sub-02	ses-05	run-08	36	1400.0	1913.0	0	0.5841094255447388
sub-02	ses-06	run-01	1	baseline	1986.0	0	0.5788785815238953
sub-02	ses-06	run-01	2	1986.0	1255.0	0	0.6289248466491699
sub-02	ses-06	run-01	3	1255.0	1860.0	0	0.5691046714782715
sub-02	ses-06	run-01	4	1860.0	1288.0	0	0.639004111289978
sub-02	ses-06	run-01	5	1288.0	52.0	0	0.5446999669075012
sub-02	ses-06	run-01	6	52.0	1441.0	0	0.5639064908027649
sub-02	ses-06	run-01	7	1441.0	54.0	0	0.5296894311904907
sub-02	ses-06	run-01	8	54.0	1827.0	0	0.5874541401863098
sub-02	ses-06	run-01	9	1827.0	239.0	0	0.5895503163337708
sub-02	ses-06	run-01	10	239.0	549.0	0	0.5711235404014587
sub-02	ses-06	run-01	11	549.0	168.0	0	0.551244854927063
sub-02	ses-06	run-01	12	168.0	1339.0	0	0.544073224067688
sub-02	ses-06	run-01	13	1339.0	848.0	0	0.596440315246582
sub-02	ses-06	run-01	14	848.0	1343.0	0	0.5882459282875061
sub-02	ses-06	run-01	15	1343.0	1589.0	0	0.5876167416572571
sub-02	ses-06	run-01	16	1589.0	587.0	0	0.5914856791496277
sub-02	ses-06	run-01	17	587.0	1636.0	0	0.569349467754364
sub-02	ses-06	run-01	18	1636.0	1454.0	0	0.5308886766433716
sub-02	ses-06	run-01	19	1454.0	1581.0	0	0.5616241097450256
sub-02	ses-06	run-01	20	1581.0	1281.0	0	0.5597924590110779
sub-02	ses-06	run-01	21	1281.0	445.0	0	0.5570688247680664
sub-02	ses-06	run-01	22	445.0	1316.0	0	0.5582211017608643
sub-02	ses-06	run-01	23	1316.0	439.0	0	0.5498523116111755
sub-02	ses-06	run-01	24	439.0	741.0	0	0.5430048108100891
sub-02	ses-06	run-01	25	741.0	1513.0	0	0.528060793876648
sub-02	ses-06	run-01	26	1513.0	1472.0	0	0.5514760613441467
sub-02	ses-06	run-01	27	1472.0	1124.0	0	0.5560857057571411
sub-02	ses-06	run-01	28	1124.0	1110.0	0	0.5604225397109985
sub-02	ses-06	run-01	29	1110.0	804.0	0	0.5804062485694885
sub-02	ses-06	run-01	30	804.0	2109.0	0	0.5822364687919617
sub-02	ses-06	run-01	31	2109.0	1297.0	0	0.5680112242698669
sub-02	ses-06	run-01	32	1297.0	1905.0	0	0.5533486604690552
sub-02	ses-06	run-01	33	1905.0	1609.0	0	0.5697091221809387
sub-02	ses-06	run-01	34	1609.0	1638.0	0	0.5859163403511047
sub-02	ses-06	run-01	35	1638.0	2160.0	0	0.5610033869743347
sub-02	ses-06	run-01	36	2160.0	1273.0	0	0.548615038394928
sub-02	ses-06	run-02	1	baseline	92.0	0	0.5757816433906555
sub-02	ses-06	run-02	2	92.0	669.0	0	0.5330758690834045
sub-02	ses-06	run-02	3	669.0	1133.0	0	0.546875
sub-02	ses-06	run-02	4	1133.0	1825.0	0	0.5577783584594727
sub-02	ses-06	run-02	5	1825.0	916.0	0	0.5539774298667908
sub-02	ses-06	run-02	6	916.0	681.0	0	0.6005696654319763
sub-02	ses-06	run-02	7	681.0	2060.0	0	0.6098501682281494
sub-02	ses-06	run-02	8	2060.0	1086.0	0	0.5459075570106506
sub-02	ses-06	run-02	9	1086.0	966.0	0	0.5343050360679626
sub-02	ses-06	run-02	10	966.0	444.0	0	0.5610361695289612
sub-02	ses-06	run-02	11	444.0	2185.0	0	0.5351237058639526
sub-02	ses-06	run-02	12	2185.0	451.0	0	0.5537327527999878
sub-02	ses-06	run-02	13	451.0	222.0	0	0.5629374384880066
sub-02	ses-06	run-02	14	222.0	1596.0	0	0.5490058660507202
sub-02	ses-06	run-02	15	1596.0	1565.0	0	0.5556239485740662
sub-02	ses-06	run-02	16	1565.0	541.0	0	0.5557276010513306
sub-02	ses-06	run-02	17	541.0	1320.0	0	0.5602944493293762
sub-02	ses-06	run-02	18	1320.0	1354.0	0	0.5648017525672913
sub-02	ses-06	run-02	19	1354.0	7.0	0	0.5342849493026733
sub-02	ses-06	run-02	20	7.0	1781.0	0	0.5643792748451233
sub-02	ses-06	run-02	21	1781.0	1310.0	0	0.5537853240966797
sub-02	ses-06	run-02	22	1310.0	378.0	0	0.5242608785629272
sub-02	ses-06	run-02	23	378.0	2070.0	0	0.5648095607757568
sub-02	ses-06	run-02	24	2070.0	1958.0	0	0.5820316076278687
sub-02	ses-06	run-02	25	1958.0	334.0	0	0.5886968374252319
sub-02	ses-06	run-02	26	334.0	1108.0	0	0.5540244579315186
sub-02	ses-06	run-02	27	1108.0	1666.0	0	0.566916823387146
sub-02	ses-06	run-02	28	1666.0	726.0	0	0.6566600203514099
sub-02	ses-06	run-02	29	726.0	1112.0	0	0.59147709608078
sub-02	ses-06	run-02	30	1112.0	530.0	0	0.6280238032341003
sub-02	ses-06	run-02	31	530.0	1420.0	0	0.5553885102272034
sub-02	ses-06	run-02	32	1420.0	734.0	0	0.5612860918045044
sub-02	ses-06	run-02	33	734.0	1529.0	0	0.5407723784446716
sub-02	ses-06	run-02	34	1529.0	89.0	0	0.5452559590339661
sub-02	ses-06	run-02	35	89.0	1379.0	0	0.5656412243843079
sub-02	ses-06	run-02	36	1379.0	972.0	0	0.5483362674713135
sub-02	ses-06	run-03	1	baseline	920.0	0	0.5666564106941223
sub-02	ses-06	run-03	2	920.0	1280.0	0	0.5323511362075806
sub-02	ses-06	run-03	3	1280.0	585.0	0	0.5288980603218079
sub-02	ses-06	run-03	4	585.0	1594.0	0	0.5299894213676453
sub-02	ses-06	run-03	5	1594.0	1893.0	0	0.5310317873954773
sub-02	ses-06	run-03	6	1893.0	1627.0	0	0.6491729021072388
sub-02	ses-06	run-03	7	1627.0	461.0	0	0.5340091586112976
sub-02	ses-06	run-03	8	461.0	1984.0	0	0.5543973445892334
sub-02	ses-06	run-03	9	1984.0	731.0	0	0.5582060217857361
sub-02	ses-06	run-03	10	731.0	1414.0	0	0.519295871257782
sub-02	ses-06	run-03	11	1414.0	599.0	0	0.5319957137107849
sub-02	ses-06	run-03	12	599.0	85.0	0	0.5444563031196594
sub-02	ses-06	run-03	13	85.0	1926.0	0	0.5097072720527649
sub-02	ses-06	run-03	14	1926.0	918.0	0	0.5251134037971497
sub-02	ses-06	run-03	15	918.0	303.0	0	0.5368582010269165
sub-02	ses-06	run-03	16	303.0	1459.0	0	0.5253901481628418
sub-02	ses-06	run-03	17	1459.0	962.0	0	0.5432015061378479
sub-02	ses-06	run-03	18	962.0	184.0	0	0.5474060773849487
sub-02	ses-06	run-03	19	184.0	662.0	0	0.5460591316223145
sub-02	ses-06	run-03	20	662.0	252.0	0	0.5481469035148621
sub-02	ses-06	run-03	21	252.0	79.0	0	0.6282525658607483
sub-02	ses-06	run-03	22	79.0	968.0	0	0.5554633140563965
sub-02	ses-06	run-03	23	968.0	1855.0	0	0.5807986855506897
sub-02	ses-06	run-03	24	1855.0	1378.0	0	0.526390552520752
sub-02	ses-06	run-03	25	1378.0	800.0	0	0.5385937094688416
sub-02	ses-06	run-03	26	800.0	1807.0	0	0.5617485046386719
sub-02	ses-06	run-03	27	1807.0	1523.0	0	0.541800856590271
sub-02	ses-06	run-03	28	1523.0	2045.0	0	0.5512297749519348
sub-02	ses-06	run-03	29	2045.0	710.0	0	0.5499475002288818
sub-02	ses-06	run-03	30	710.0	2051.0	0	0.5910955667495728
sub-02	ses-06	run-03	31	2051.0	1510.0	0	0.5463243126869202
sub-02	ses-06	run-03	32	1510.0	919.0	0	0.5244107842445374
sub-02	ses-06	run-03	33	919.0	1655.0	0	0.5704979300498962
sub-02	ses-06	run-03	34	1655.0	360.0	0	0.5689193606376648
sub-02	ses-06	run-03	35	360.0	116.0	0	0.5804407000541687
sub-02	ses-06	run-03	36	116.0	797.0	0	0.719440221786499
sub-02	ses-06	run-04	1	baseline	1645.0	0	0.5892580151557922
sub-02	ses-06	run-04	2	1645.0	781.0	0	0.6117959022521973
sub-02	ses-06	run-04	3	781.0	528.0	0	0.5847102999687195
sub-02	ses-06	run-04	4	528.0	105.0	0	0.5186225771903992
sub-02	ses-06	run-04	5	105.0	872.0	0	0.5905857086181641
sub-02	ses-06	run-04	6	872.0	283.0	0	0.5026678442955017
sub-02	ses-06	run-04	7	283.0	1900.0	0	0.532010555267334
sub-02	ses-06	run-04	8	1900.0	2124.0	0	0.5102574825286865
sub-02	ses-06	run-04	9	2124.0	1599.0	0	0.5344383716583252
sub-02	ses-06	run-04	10	1599.0	45.0	0	0.507391095161438
sub-02	ses-06	run-04	11	45.0	876.0	0	0.5135049819946289
sub-02	ses-06	run-04	12	876.0	1978.0	0	0.5490142107009888
sub-02	ses-06	run-04	13	1978.0	1920.0	0	0.5451281666755676
sub-02	ses-06	run-04	14	1920.0	161.0	0	0.5280819535255432
sub-02	ses-06	run-04	15	161.0	657.0	0	0.5969076156616211
sub-02	ses-06	run-04	16	657.0	1168.0	0	0.5901998281478882
sub-02	ses-06	run-04	17	1168.0	366.0	0	0.5696417689323425
sub-02	ses-06	run-04	18	366.0	604.0	0	0.5448547005653381
sub-02	ses-06	run-04	19	604.0	2105.0	0	0.5764631628990173
sub-02	ses-06	run-04	20	2105.0	123.0	0	0.7035535573959351
sub-02	ses-06	run-04	21	123.0	1277.0	0	0.5260260701179504
sub-02	ses-06	run-04	22	1277.0	839.0	0	0.5693686008453369
sub-02	ses-06	run-04	23	839.0	1972.0	0	0.5623326897621155
sub-02	ses-06	run-04	24	1972.0	1916.0	0	0.5433434844017029
sub-02	ses-06	run-04	25	1916.0	300.0	0	0.6011261343955994
sub-02	ses-06	run-04	26	300.0	1397.0	0	0.5246695876121521
sub-02	ses-06	run-04	27	1397.0	396.0	0	0.5276256799697876
sub-02	ses-06	run-04	28	396.0	31.0	0	0.5772890448570251
sub-02	ses-06	run-04	29	31.0	752.0	0	0.5906186103820801
sub-02	ses-06	run-04	30	752.0	403.0	0	0.5858407020568848
sub-02	ses-06	run-04	31	403.0	1721.0	0	0.5665499567985535
sub-02	ses-06	run-04	32	1721.0	998.0	0	0.5381236672401428
sub-02	ses-06	run-04	33	998.0	1152.0	0	0.5662912726402283
sub-02	ses-06	run-04	34	1152.0	832.0	0	0.5244656205177307
sub-02	ses-06	run-04	35	832.0	2085.0	0	0.5710967779159546
sub-02	ses-06	run-04	36	2085.0	1896.0	0	0.5792960524559021
sub-02	ses-06	run-05	1	baseline	817.0	0	0.6800715923309326
sub-02	ses-06	run-05	2	817.0	1776.0	0	0.6020776033401489
sub-02	ses-06	run-05	3	1776.0	1682.0	0	0.5058993697166443
sub-02	ses-06	run-05	4	1682.0	1202.0	0	0.5066253542900085
sub-02	ses-06	run-05	5	1202.0	535.0	0	0.49343952536582947
sub-02	ses-06	run-05	6	535.0	959.0	0	0.5143473148345947
sub-02	ses-06	run-05	7	959.0	659.0	0	0.5226859450340271
sub-02	ses-06	run-05	8	659.0	2187.0	0	0.5271621942520142
sub-02	ses-06	run-05	9	2187.0	757.0	0	0.5119017362594604
sub-02	ses-06	run-05	10	757.0	340.0	0	0.6150973439216614
sub-02	ses-06	run-05	11	340.0	651.0	0	0.5172486305236816
sub-02	ses-06	run-05	12	651.0	329.0	0	0.7546936273574829
sub-02	ses-06	run-05	13	329.0	269.0	0	0.5443660616874695
sub-02	ses-06	run-05	14	269.0	892.0	0	0.6459694504737854
sub-02	ses-06	run-05	15	892.0	1859.0	0	0.487942636013031
sub-02	ses-06	run-05	16	1859.0	1935.0	0	0.49923303723335266
sub-02	ses-06	run-05	17	1935.0	1262.0	0	0.5345807671546936
sub-02	ses-06	run-05	18	1262.0	1629.0	0	0.5663984417915344
sub-02	ses-06	run-05	19	1629.0	1209.0	0	0.5737601518630981
sub-02	ses-06	run-05	20	1209.0	2093.0	0	0.6206492185592651
sub-02	ses-06	run-05	21	2093.0	616.0	0	0.5680497884750366
sub-02	ses-06	run-05	22	616.0	1355.0	0	0.5014996528625488
sub-02	ses-06	run-05	23	1355.0	1674.0	0	0.5138503313064575
sub-02	ses-06	run-05	24	1674.0	457.0	0	0.5257876515388489
sub-02	ses-06	run-05	25	457.0	455.0	0	0.5729072690010071
sub-02	ses-06	run-05	26	455.0	371.0	0	0.5448108315467834
sub-02	ses-06	run-05	27	371.0	863.0	0	0.504671573638916
sub-02	ses-06	run-05	28	863.0	1755.0	0	0.5065290927886963
sub-02	ses-06	run-05	29	1755.0	692.0	0	0.5611990690231323
sub-02	ses-06	run-05	30	692.0	404.0	0	0.5134495496749878
sub-02	ses-06	run-05	31	404.0	357.0	0	0.48156219720840454
sub-02	ses-06	run-05	32	357.0	382.0	0	0.4911388158798218
sub-02	ses-06	run-05	33	382.0	733.0	0	0.6094544529914856
sub-02	ses-06	run-05	34	733.0	130.0	0	0.5411006808280945
sub-02	ses-06	run-05	35	130.0	1891.0	0	0.5332789421081543
sub-02	ses-06	run-05	36	1891.0	491.0	0	0.5096414089202881
sub-02	ses-06	run-06	1	baseline	2035.0	0	0.5344032049179077
sub-02	ses-06	run-06	2	2035.0	1063.0	0	0.5828065872192383
sub-02	ses-06	run-06	3	1063.0	790.0	0	0.520821213722229
sub-02	ses-06	run-06	4	790.0	1821.0	0	0.5411158800125122
sub-02	ses-06	run-06	5	1821.0	516.0	0	0.6756765246391296
sub-02	ses-06	run-06	6	516.0	1304.0	0	0.6074868440628052
sub-02	ses-06	run-06	7	1304.0	1269.0	0	0.5550350546836853
sub-02	ses-06	run-06	8	1269.0	672.0	0	0.5279541611671448
sub-02	ses-06	run-06	9	672.0	2131.0	0	0.48974066972732544
sub-02	ses-06	run-06	10	2131.0	512.0	0	0.560126543045044
sub-02	ses-06	run-06	11	512.0	71.0	0	0.5188115835189819
sub-02	ses-06	run-06	12	71.0	323.0	0	0.5505868196487427
sub-02	ses-06	run-06	13	323.0	646.0	0	0.5952300429344177
sub-02	ses-06	run-06	14	646.0	1766.0	0	0.5898938179016113
sub-02	ses-06	run-06	15	1766.0	1805.0	0	0.5376208424568176
sub-02	ses-06	run-06	16	1805.0	1388.0	0	0.5767835378646851
sub-02	ses-06	run-06	17	1388.0	911.0	0	0.5166893601417542
sub-02	ses-06	run-06	18	911.0	2027.0	0	0.5591216087341309
sub-02	ses-06	run-06	19	2027.0	1687.0	0	0.4957587718963623
sub-02	ses-06	run-06	20	1687.0	254.0	0	0.5905028581619263
sub-02	ses-06	run-06	21	254.0	268.0	0	0.5582900643348694
sub-02	ses-06	run-06	22	268.0	2129.0	0	0.5136851668357849
sub-02	ses-06	run-06	23	2129.0	871.0	0	0.5243321657180786
sub-02	ses-06	run-06	24	871.0	2138.0	0	0.5351902842521667
sub-02	ses-06	run-06	25	2138.0	107.0	0	0.529297411441803
sub-02	ses-06	run-06	26	107.0	1457.0	0	0.5629876255989075
sub-02	ses-06	run-06	27	1457.0	1099.0	0	0.5624929666519165
sub-02	ses-06	run-06	28	1099.0	442.0	0	0.5366477370262146
sub-02	ses-06	run-06	29	442.0	1061.0	0	0.5532106757164001
sub-02	ses-06	run-06	30	1061.0	519.0	0	0.5300164818763733
sub-02	ses-06	run-06	31	519.0	899.0	0	0.5105404257774353
sub-02	ses-06	run-06	32	899.0	1439.0	0	0.5828946828842163
sub-02	ses-06	run-06	33	1439.0	502.0	0	0.619121253490448
sub-02	ses-06	run-06	34	502.0	315.0	0	0.5221278071403503
sub-02	ses-06	run-06	35	315.0	1560.0	0	0.564218282699585
sub-02	ses-06	run-06	36	1560.0	1804.0	0	0.5321350693702698
sub-02	ses-06	run-07	1	baseline	321.0	0	0.5913805365562439
sub-02	ses-06	run-07	2	321.0	748.0	0	0.639790415763855
sub-02	ses-06	run-07	3	748.0	849.0	0	0.586900532245636
sub-02	ses-06	run-07	4	849.0	169.0	0	0.7010273933410645
sub-02	ses-06	run-07	5	169.0	1224.0	0	0.5513312220573425
sub-02	ses-06	run-07	6	1224.0	723.0	0	0.4934120178222656
sub-02	ses-06	run-07	7	723.0	1483.0	0	0.517705500125885
sub-02	ses-06	run-07	8	1483.0	1572.0	0	0.477632999420166
sub-02	ses-06	run-07	9	1572.0	1005.0	0	0.5458971261978149
sub-02	ses-06	run-07	10	1005.0	1217.0	0	0.46782881021499634
sub-02	ses-06	run-07	11	1217.0	1092.0	0	0.5015190243721008
sub-02	ses-06	run-07	12	1092.0	1933.0	0	0.6215237379074097
sub-02	ses-06	run-07	13	1933.0	1182.0	0	0.6810353994369507
sub-02	ses-06	run-07	14	1182.0	799.0	0	0.5119792222976685
sub-02	ses-06	run-07	15	799.0	124.0	0	0.48633936047554016
sub-02	ses-06	run-07	16	124.0	769.0	0	0.4831005334854126
sub-02	ses-06	run-07	17	769.0	1479.0	0	0.5081169605255127
sub-02	ses-06	run-07	18	1479.0	1239.0	0	0.5775030255317688
sub-02	ses-06	run-07	19	1239.0	602.0	0	0.6005079746246338
sub-02	ses-06	run-07	20	602.0	1621.0	0	0.5026949048042297
sub-02	ses-06	run-07	21	1621.0	1344.0	0	0.5229304432868958
sub-02	ses-06	run-07	22	1344.0	304.0	0	0.5870571136474609
sub-02	ses-06	run-07	23	304.0	722.0	0	0.5679622292518616
sub-02	ses-06	run-07	24	722.0	682.0	0	0.50669264793396
sub-02	ses-06	run-07	25	682.0	80.0	0	0.5350841879844666
sub-02	ses-06	run-07	26	80.0	661.0	0	0.5164885520935059
sub-02	ses-06	run-07	27	661.0	248.0	0	0.5356044173240662
sub-02	ses-06	run-07	28	248.0	1117.0	0	0.5548405647277832
sub-02	ses-06	run-07	29	1117.0	1938.0	0	0.5520946979522705
sub-02	ses-06	run-07	30	1938.0	150.0	0	0.5765828490257263
sub-02	ses-06	run-07	31	150.0	1191.0	0	0.570511519908905
sub-02	ses-06	run-07	32	1191.0	2049.0	0	0.5334641337394714
sub-02	ses-06	run-07	33	2049.0	1877.0	0	0.6246514916419983
sub-02	ses-06	run-07	34	1877.0	1261.0	0	0.5996185541152954
sub-02	ses-06	run-07	35	1261.0	1425.0	0	0.5994672179222107
sub-02	ses-06	run-07	36	1425.0	655.0	0	0.6022172570228577
sub-02	ses-06	run-08	1	baseline	1577.0	0	0.5291263461112976
sub-02	ses-06	run-08	2	1577.0	842.0	0	0.5332214832305908
sub-02	ses-06	run-08	3	842.0	2079.0	0	0.539276659488678
sub-02	ses-06	run-08	4	2079.0	1107.0	0	0.5253454446792603
sub-02	ses-06	run-08	5	1107.0	1206.0	0	0.5196871161460876
sub-02	ses-06	run-08	6	1206.0	1680.0	0	0.5457195043563843
sub-02	ses-06	run-08	7	1680.0	158.0	0	0.5533679723739624
sub-02	ses-06	run-08	8	158.0	1264.0	0	0.5442709922790527
sub-02	ses-06	run-08	9	1264.0	135.0	0	0.6039333939552307
sub-02	ses-06	run-08	10	135.0	65.0	0	0.5665372610092163
sub-02	ses-06	run-08	11	65.0	2067.0	0	0.6004593372344971
sub-02	ses-06	run-08	12	2067.0	1987.0	0	0.5723100304603577
sub-02	ses-06	run-08	13	1987.0	885.0	0	0.5800157785415649
sub-02	ses-06	run-08	14	885.0	1746.0	0	0.6826953887939453
sub-02	ses-06	run-08	15	1746.0	376.0	0	0.5840214490890503
sub-02	ses-06	run-08	16	376.0	246.0	0	0.5162039995193481
sub-02	ses-06	run-08	17	246.0	2117.0	0	0.5575716495513916
sub-02	ses-06	run-08	18	2117.0	1055.0	0	0.580804169178009
sub-02	ses-06	run-08	19	1055.0	1382.0	0	0.6396002769470215
sub-02	ses-06	run-08	20	1382.0	464.0	0	0.7304955720901489
sub-02	ses-06	run-08	21	464.0	56.0	0	0.5614854097366333
sub-02	ses-06	run-08	22	56.0	1943.0	0	0.5483931303024292
sub-02	ses-06	run-08	23	1943.0	2111.0	0	0.5009543895721436
sub-02	ses-06	run-08	24	2111.0	392.0	0	0.504199206829071
sub-02	ses-06	run-08	25	392.0	40.0	0	0.600321888923645
sub-02	ses-06	run-08	26	40.0	776.0	0	0.5192413330078125
sub-02	ses-06	run-08	27	776.0	126.0	0	0.5317773222923279
sub-02	ses-06	run-08	28	126.0	101.0	0	0.5016470551490784
sub-02	ses-06	run-08	29	101.0	385.0	0	0.559497594833374
sub-02	ses-06	run-08	30	385.0	1846.0	0	0.6089228987693787
sub-02	ses-06	run-08	31	1846.0	843.0	0	0.6064258217811584
sub-02	ses-06	run-08	32	843.0	422.0	0	0.5495548248291016
sub-02	ses-06	run-08	33	422.0	1067.0	0	0.5282266139984131
sub-02	ses-06	run-08	34	1067.0	1709.0	0	0.5358220338821411
sub-02	ses-06	run-08	35	1709.0	931.0	0	0.6003847718238831
sub-02	ses-06	run-08	36	931.0	958.0	0	0.7438964247703552
sub-02	ses-07	run-01	1	baseline	2030.0	0	0.5763489603996277
sub-02	ses-07	run-01	2	2030.0	818.0	0	0.5707483887672424
sub-02	ses-07	run-01	3	818.0	1748.0	0	0.546453595161438
sub-02	ses-07	run-01	4	1748.0	1711.0	0	0.5906082391738892
sub-02	ses-07	run-01	5	1711.0	2011.0	0	0.5537683963775635
sub-02	ses-07	run-01	6	2011.0	2136.0	0	0.5940341949462891
sub-02	ses-07	run-01	7	2136.0	1340.0	0	0.5680961012840271
sub-02	ses-07	run-01	8	1340.0	1260.0	0	0.5932081341743469
sub-02	ses-07	run-01	9	1260.0	2055.0	0	0.6112686395645142
sub-02	ses-07	run-01	10	2055.0	171.0	0	0.5843395590782166
sub-02	ses-07	run-01	11	171.0	240.0	0	0.5534154772758484
sub-02	ses-07	run-01	12	240.0	1030.0	0	0.5428749918937683
sub-02	ses-07	run-01	13	1030.0	1064.0	0	0.5303335785865784
sub-02	ses-07	run-01	14	1064.0	1136.0	0	0.529144823551178
sub-02	ses-07	run-01	15	1136.0	1024.0	0	0.58880215883255
sub-02	ses-07	run-01	16	1024.0	489.0	0	0.5507866144180298
sub-02	ses-07	run-01	17	489.0	1845.0	0	0.541551411151886
sub-02	ses-07	run-01	18	1845.0	1341.0	0	0.5763112902641296
sub-02	ses-07	run-01	19	1341.0	1213.0	0	0.5783957242965698
sub-02	ses-07	run-01	20	1213.0	949.0	0	0.564814031124115
sub-02	ses-07	run-01	21	949.0	391.0	0	0.5610671043395996
sub-02	ses-07	run-01	22	391.0	950.0	0	0.5621710419654846
sub-02	ses-07	run-01	23	950.0	1549.0	0	0.5783360600471497
sub-02	ses-07	run-01	24	1549.0	991.0	0	0.5657352805137634
sub-02	ses-07	run-01	25	991.0	589.0	0	0.5832313299179077
sub-02	ses-07	run-01	26	589.0	2057.0	0	0.5364716649055481
sub-02	ses-07	run-01	27	2057.0	915.0	0	0.5365335941314697
sub-02	ses-07	run-01	28	915.0	411.0	0	0.5575755834579468
sub-02	ses-07	run-01	29	411.0	2069.0	0	0.6126257181167603
sub-02	ses-07	run-01	30	2069.0	1489.0	0	0.5938540101051331
sub-02	ses-07	run-01	31	1489.0	1705.0	0	0.5603916645050049
sub-02	ses-07	run-01	32	1705.0	2120.0	0	0.5585511922836304
sub-02	ses-07	run-01	33	2120.0	961.0	0	0.5800825953483582
sub-02	ses-07	run-01	34	961.0	1960.0	0	0.5410424470901489
sub-02	ses-07	run-01	35	1960.0	1103.0	0	0.5682690739631653
sub-02	ses-07	run-01	36	1103.0	861.0	0	0.6160392761230469
sub-02	ses-07	run-02	1	baseline	448.0	0	0.5417567491531372
sub-02	ses-07	run-02	2	448.0	91.0	0	0.560646116733551
sub-02	ses-07	run-02	3	91.0	1478.0	0	0.546014666557312
sub-02	ses-07	run-02	4	1478.0	628.0	0	0.545026421546936
sub-02	ses-07	run-02	5	628.0	1971.0	0	0.5474179983139038
sub-02	ses-07	run-02	6	1971.0	1536.0	0	0.5576609373092651
sub-02	ses-07	run-02	7	1536.0	1325.0	0	0.5699005722999573
sub-02	ses-07	run-02	8	1325.0	270.0	0	0.5646725296974182
sub-02	ses-07	run-02	9	270.0	709.0	0	0.5606858134269714
sub-02	ses-07	run-02	10	709.0	834.0	0	0.5500773787498474
sub-02	ses-07	run-02	11	834.0	163.0	0	0.5273396968841553
sub-02	ses-07	run-02	12	163.0	1632.0	0	0.5863820314407349
sub-02	ses-07	run-02	13	1632.0	1955.0	0	0.5626099109649658
sub-02	ses-07	run-02	14	1955.0	233.0	0	0.5392523407936096
sub-02	ses-07	run-02	15	233.0	1623.0	0	0.5304648876190186
sub-02	ses-07	run-02	16	1623.0	1130.0	0	0.5335391163825989
sub-02	ses-07	run-02	17	1130.0	2046.0	0	0.5316375494003296
sub-02	ses-07	run-02	18	2046.0	566.0	0	0.5480192303657532
sub-02	ses-07	run-02	19	566.0	712.0	0	0.5649394392967224
sub-02	ses-07	run-02	20	712.0	822.0	0	0.551935613155365
sub-02	ses-07	run-02	21	822.0	2154.0	0	0.5330155491828918
sub-02	ses-07	run-02	22	2154.0	1570.0	0	0.5115764141082764
sub-02	ses-07	run-02	23	1570.0	1743.0	0	0.5646231174468994
sub-02	ses-07	run-02	24	1743.0	588.0	0	0.6247174143791199
sub-02	ses-07	run-02	25	588.0	249.0	0	0.5595532059669495
sub-02	ses-07	run-02	26	249.0	128.0	0	0.5576172471046448
sub-02	ses-07	run-02	27	128.0	1928.0	0	0.5742037296295166
sub-02	ses-07	run-02	28	1928.0	1241.0	0	0.5893370509147644
sub-02	ses-07	run-02	29	1241.0	316.0	0	0.5297661423683167
sub-02	ses-07	run-02	30	316.0	612.0	0	0.5245494246482849
sub-02	ses-07	run-02	31	612.0	689.0	0	0.5855014324188232
sub-02	ses-07	run-02	32	689.0	296.0	0	0.6175238490104675
sub-02	ses-07	run-02	33	296.0	2173.0	0	0.5768070220947266
sub-02	ses-07	run-02	34	2173.0	407.0	0	0.5545966625213623
sub-02	ses-07	run-02	35	407.0	496.0	0	0.5681821703910828
sub-02	ses-07	run-02	36	496.0	1334.0	0	0.5848168730735779
sub-02	ses-07	run-03	1	baseline	1701.0	0	0.5826871395111084
sub-02	ses-07	run-03	2	1701.0	967.0	0	0.560768723487854
sub-02	ses-07	run-03	3	967.0	1618.0	0	0.5386377573013306
sub-02	ses-07	run-03	4	1618.0	510.0	0	0.5748172402381897
sub-02	ses-07	run-03	5	510.0	1547.0	0	0.5469405651092529
sub-02	ses-07	run-03	6	1547.0	1066.0	0	0.5685386657714844
sub-02	ses-07	run-03	7	1066.0	1041.0	0	0.5609363913536072
sub-02	ses-07	run-03	8	1041.0	1562.0	0	0.5692367553710938
sub-02	ses-07	run-03	9	1562.0	923.0	0	0.586632251739502
sub-02	ses-07	run-03	10	923.0	1883.0	0	0.5805606842041016
sub-02	ses-07	run-03	11	1883.0	913.0	0	0.5214871764183044
sub-02	ses-07	run-03	12	913.0	1996.0	0	0.5761075019836426
sub-02	ses-07	run-03	13	1996.0	1028.0	0	0.5482982397079468
sub-02	ses-07	run-03	14	1028.0	2183.0	0	0.540627658367157
sub-02	ses-07	run-03	15	2183.0	866.0	0	0.5319157838821411
sub-02	ses-07	run-03	16	866.0	1940.0	0	0.5525974631309509
sub-02	ses-07	run-03	17	1940.0	1156.0	0	0.5285483002662659
sub-02	ses-07	run-03	18	1156.0	1116.0	0	0.5164470672607422
sub-02	ses-07	run-03	19	1116.0	2146.0	0	0.5662793517112732
sub-02	ses-07	run-03	20	2146.0	1862.0	0	0.5786930322647095
sub-02	ses-07	run-03	21	1862.0	1584.0	0	0.5591445565223694
sub-02	ses-07	run-03	22	1584.0	1109.0	0	0.5783828496932983
sub-02	ses-07	run-03	23	1109.0	1820.0	0	0.5552071928977966
sub-02	ses-07	run-03	24	1820.0	1232.0	0	0.5649462342262268
sub-02	ses-07	run-03	25	1232.0	1595.0	0	0.5670029520988464
sub-02	ses-07	run-03	26	1595.0	291.0	0	0.6403313875198364
sub-02	ses-07	run-03	27	291.0	1602.0	0	0.5271418690681458
sub-02	ses-07	run-03	28	1602.0	1234.0	0	0.5357073545455933
sub-02	ses-07	run-03	29	1234.0	424.0	0	0.5506381392478943
sub-02	ses-07	run-03	30	424.0	221.0	0	0.5665767788887024
sub-02	ses-07	run-03	31	221.0	1362.0	0	0.5133324861526489
sub-02	ses-07	run-03	32	1362.0	1359.0	0	0.5602260828018188
sub-02	ses-07	run-03	33	1359.0	740.0	0	0.5427926182746887
sub-02	ses-07	run-03	34	740.0	1114.0	0	0.5748862028121948
sub-02	ses-07	run-03	35	1114.0	613.0	0	0.6337351202964783
sub-02	ses-07	run-03	36	613.0	1768.0	0	0.5612624287605286
sub-02	ses-07	run-04	1	baseline	1754.0	0	0.632990300655365
sub-02	ses-07	run-04	2	1754.0	956.0	0	0.5652827024459839
sub-02	ses-07	run-04	3	956.0	1643.0	0	0.5650331974029541
sub-02	ses-07	run-04	4	1643.0	864.0	0	0.5588991641998291
sub-02	ses-07	run-04	5	864.0	74.0	0	0.5614425539970398
sub-02	ses-07	run-04	6	74.0	1427.0	0	0.5416226387023926
sub-02	ses-07	run-04	7	1427.0	1539.0	0	0.5193969011306763
sub-02	ses-07	run-04	8	1539.0	1884.0	0	0.5011940598487854
sub-02	ses-07	run-04	9	1884.0	1431.0	0	0.5253382921218872
sub-02	ses-07	run-04	10	1431.0	414.0	0	0.5446296334266663
sub-02	ses-07	run-04	11	414.0	2107.0	0	0.5405679941177368
sub-02	ses-07	run-04	12	2107.0	1989.0	0	0.5073279142379761
sub-02	ses-07	run-04	13	1989.0	1630.0	0	0.5179222822189331
sub-02	ses-07	run-04	14	1630.0	1254.0	0	0.48075947165489197
sub-02	ses-07	run-04	15	1254.0	263.0	0	0.5515611171722412
sub-02	ses-07	run-04	16	263.0	1511.0	0	0.6913591623306274
sub-02	ses-07	run-04	17	1511.0	351.0	0	0.4977242052555084
sub-02	ses-07	run-04	18	351.0	331.0	0	0.5554429888725281
sub-02	ses-07	run-04	19	331.0	1032.0	0	0.5297610759735107
sub-02	ses-07	run-04	20	1032.0	1532.0	0	0.557251513004303
sub-02	ses-07	run-04	21	1532.0	289.0	0	0.7344743609428406
sub-02	ses-07	run-04	22	289.0	788.0	0	0.5559626817703247
sub-02	ses-07	run-04	23	788.0	1593.0	0	0.6738206744194031
sub-02	ses-07	run-04	24	1593.0	306.0	0	0.6029455661773682
sub-02	ses-07	run-04	25	306.0	879.0	0	0.5396094918251038
sub-02	ses-07	run-04	26	879.0	1358.0	0	0.5306088924407959
sub-02	ses-07	run-04	27	1358.0	122.0	0	0.515049934387207
sub-02	ses-07	run-04	28	122.0	778.0	0	0.578765332698822
sub-02	ses-07	run-04	29	778.0	1089.0	0	0.534501850605011
sub-02	ses-07	run-04	30	1089.0	1906.0	0	0.576504111289978
sub-02	ses-07	run-04	31	1906.0	2009.0	0	0.5456246733665466
sub-02	ses-07	run-04	32	2009.0	1999.0	0	0.5937545299530029
sub-02	ses-07	run-04	33	1999.0	1548.0	0	0.6021490097045898
sub-02	ses-07	run-04	34	1548.0	1740.0	0	0.5115759372711182
sub-02	ses-07	run-04	35	1740.0	2100.0	0	0.5890880823135376
sub-02	ses-07	run-04	36	2100.0	1376.0	0	0.5376509428024292
sub-02	ses-07	run-05	1	baseline	1541.0	0	0.5332237482070923
sub-02	ses-07	run-05	2	1541.0	2148.0	0	0.5135573148727417
sub-02	ses-07	run-05	3	2148.0	2188.0	0	0.48932409286499023
sub-02	ses-07	run-05	4	2188.0	2178.0	0	0.516585111618042
sub-02	ses-07	run-05	5	2178.0	100.0	0	0.5582495331764221
sub-02	ses-07	run-05	6	100.0	1648.0	0	0.6204383373260498
sub-02	ses-07	run-05	7	1648.0	1524.0	0	0.6136578917503357
sub-02	ses-07	run-05	8	1524.0	1465.0	0	0.5442379117012024
sub-02	ses-07	run-05	9	1465.0	907.0	0	0.5665666460990906
sub-02	ses-07	run-05	10	907.0	704.0	0	0.7083138227462769
sub-02	ses-07	run-05	11	704.0	237.0	0	0.5445205569267273
sub-02	ses-07	run-05	12	237.0	438.0	0	0.5448225140571594
sub-02	ses-07	run-05	13	438.0	2008.0	0	0.5454288125038147
sub-02	ses-07	run-05	14	2008.0	1422.0	0	0.5821369290351868
sub-02	ses-07	run-05	15	1422.0	1007.0	0	0.5189945697784424
sub-02	ses-07	run-05	16	1007.0	1622.0	0	0.5920377969741821
sub-02	ses-07	run-05	17	1622.0	1283.0	0	0.5709185004234314
sub-02	ses-07	run-05	18	1283.0	1208.0	0	0.6302937865257263
sub-02	ses-07	run-05	19	1208.0	773.0	0	0.5682170391082764
sub-02	ses-07	run-05	20	773.0	1163.0	0	0.49530020356178284
sub-02	ses-07	run-05	21	1163.0	1311.0	0	0.5709083080291748
sub-02	ses-07	run-05	22	1311.0	78.0	0	0.5372302532196045
sub-02	ses-07	run-05	23	78.0	1836.0	0	0.4789130985736847
sub-02	ses-07	run-05	24	1836.0	1872.0	0	0.5340532064437866
sub-02	ses-07	run-05	25	1872.0	1180.0	0	0.5308184027671814
sub-02	ses-07	run-05	26	1180.0	925.0	0	0.6104173064231873
sub-02	ses-07	run-05	27	925.0	1951.0	0	0.4851275682449341
sub-02	ses-07	run-05	28	1951.0	1752.0	0	0.5021560788154602
sub-02	ses-07	run-05	29	1752.0	1506.0	0	0.5426962375640869
sub-02	ses-07	run-05	30	1506.0	2155.0	0	0.5220600366592407
sub-02	ses-07	run-05	31	2155.0	1519.0	0	0.5174213647842407
sub-02	ses-07	run-05	32	1519.0	312.0	0	0.5036811232566833
sub-02	ses-07	run-05	33	312.0	1582.0	0	0.6374799609184265
sub-02	ses-07	run-05	34	1582.0	465.0	0	0.5634555220603943
sub-02	ses-07	run-05	35	465.0	117.0	0	0.5400648713111877
sub-02	ses-07	run-05	36	117.0	1139.0	0	0.527266800403595
sub-02	ses-07	run-06	1	baseline	837.0	0	0.5631701946258545
sub-02	ses-07	run-06	2	837.0	2000.0	0	0.6168264150619507
sub-02	ses-07	run-06	3	2000.0	245.0	0	0.5555387735366821
sub-02	ses-07	run-06	4	245.0	1783.0	0	0.49874576926231384
sub-02	ses-07	run-06	5	1783.0	278.0	0	0.4906003475189209
sub-02	ses-07	run-06	6	278.0	2090.0	0	0.587218165397644
sub-02	ses-07	run-06	7	2090.0	1044.0	0	0.5448580384254456
sub-02	ses-07	run-06	8	1044.0	798.0	0	0.5892519950866699
sub-02	ses-07	run-06	9	798.0	1410.0	0	0.6482986211776733
sub-02	ses-07	run-06	10	1410.0	174.0	0	0.5575687885284424
sub-02	ses-07	run-06	11	174.0	1486.0	0	0.5283985733985901
sub-02	ses-07	run-06	12	1486.0	440.0	0	0.5550572276115417
sub-02	ses-07	run-06	13	440.0	1838.0	0	0.5209712386131287
sub-02	ses-07	run-06	14	1838.0	1463.0	0	0.5657493472099304
sub-02	ses-07	run-06	15	1463.0	642.0	0	0.636837899684906
sub-02	ses-07	run-06	16	642.0	1244.0	0	0.6517733931541443
sub-02	ses-07	run-06	17	1244.0	605.0	0	0.6138347387313843
sub-02	ses-07	run-06	18	605.0	1727.0	0	0.6055992841720581
sub-02	ses-07	run-06	19	1727.0	1543.0	0	0.5103099346160889
sub-02	ses-07	run-06	20	1543.0	641.0	0	0.5086729526519775
sub-02	ses-07	run-06	21	641.0	1167.0	0	0.4933478832244873
sub-02	ses-07	run-06	22	1167.0	1246.0	0	0.546364426612854
sub-02	ses-07	run-06	23	1246.0	2195.0	0	0.5338188409805298
sub-02	ses-07	run-06	24	2195.0	1380.0	0	0.5479452013969421
sub-02	ses-07	run-06	25	1380.0	1458.0	0	0.5616800785064697
sub-02	ses-07	run-06	26	1458.0	1637.0	0	0.5568175315856934
sub-02	ses-07	run-06	27	1637.0	1438.0	0	0.5034614205360413
sub-02	ses-07	run-06	28	1438.0	1488.0	0	0.50850510597229
sub-02	ses-07	run-06	29	1488.0	6.0	0	0.4961891174316406
sub-02	ses-07	run-06	30	6.0	2078.0	0	0.553025484085083
sub-02	ses-07	run-06	31	2078.0	1040.0	0	0.593481719493866
sub-02	ses-07	run-06	32	1040.0	1423.0	0	0.6524031758308411
sub-02	ses-07	run-06	33	1423.0	26.0	0	0.6348965167999268
sub-02	ses-07	run-06	34	26.0	1770.0	0	0.4932526648044586
sub-02	ses-07	run-06	35	1770.0	2077.0	0	0.5009028911590576
sub-02	ses-07	run-06	36	2077.0	1718.0	0	0.5908108949661255
sub-02	ses-07	run-07	1	baseline	427.0	0	0.4748580753803253
sub-02	ses-07	run-07	2	427.0	914.0	0	0.48538604378700256
sub-02	ses-07	run-07	3	914.0	1278.0	0	0.5010986328125
sub-02	ses-07	run-07	4	1278.0	1027.0	0	0.47069981694221497
sub-02	ses-07	run-07	5	1027.0	183.0	0	0.47683683037757874
sub-02	ses-07	run-07	6	183.0	1921.0	0	0.4944116175174713
sub-02	ses-07	run-07	7	1921.0	280.0	0	0.5644834637641907
sub-02	ses-07	run-07	8	280.0	568.0	0	0.5640591382980347
sub-02	ses-07	run-07	9	568.0	758.0	0	0.6477201581001282
sub-02	ses-07	run-07	10	758.0	2122.0	0	0.6047526001930237
sub-02	ses-07	run-07	11	2122.0	775.0	0	0.6109024882316589
sub-02	ses-07	run-07	12	775.0	19.0	0	0.5667139291763306
sub-02	ses-07	run-07	13	19.0	1453.0	0	0.5460759997367859
sub-02	ses-07	run-07	14	1453.0	454.0	0	0.5903608202934265
sub-02	ses-07	run-07	15	454.0	1628.0	0	0.6435815691947937
sub-02	ses-07	run-07	16	1628.0	2047.0	0	0.6144660711288452
sub-02	ses-07	run-07	17	2047.0	924.0	0	0.6393165588378906
sub-02	ses-07	run-07	18	924.0	156.0	0	0.570031464099884
sub-02	ses-07	run-07	19	156.0	132.0	0	0.5215148329734802
sub-02	ses-07	run-07	20	132.0	771.0	0	0.5204489827156067
sub-02	ses-07	run-07	21	771.0	719.0	0	0.515377938747406
sub-02	ses-07	run-07	22	719.0	1299.0	0	0.5849726796150208
sub-02	ses-07	run-07	23	1299.0	1492.0	0	0.5497978925704956
sub-02	ses-07	run-07	24	1492.0	600.0	0	0.5255946516990662
sub-02	ses-07	run-07	25	600.0	1998.0	0	0.5974671840667725
sub-02	ses-07	run-07	26	1998.0	1675.0	0	0.5385711193084717
sub-02	ses-07	run-07	27	1675.0	436.0	0	0.5152430534362793
sub-02	ses-07	run-07	28	436.0	1017.0	0	0.7465066909790039
sub-02	ses-07	run-07	29	1017.0	205.0	0	0.5649731159210205
sub-02	ses-07	run-07	30	205.0	1957.0	0	0.5131893157958984
sub-02	ses-07	run-07	31	1957.0	632.0	0	0.4977172315120697
sub-02	ses-07	run-07	32	632.0	355.0	0	0.5202621817588806
sub-02	ses-07	run-07	33	355.0	909.0	0	0.49272486567497253
sub-02	ses-07	run-07	34	909.0	1983.0	0	0.5036808252334595
sub-02	ses-07	run-07	35	1983.0	1702.0	0	0.501187264919281
sub-02	ses-07	run-07	36	1702.0	1817.0	0	0.5211064219474792
sub-02	ses-07	run-08	1	baseline	971.0	0	0.6979883909225464
sub-02	ses-07	run-08	2	971.0	1360.0	0	0.6008968353271484
sub-02	ses-07	run-08	3	1360.0	199.0	0	0.5603018403053284
sub-02	ses-07	run-08	4	199.0	159.0	0	0.5882300734519958
sub-02	ses-07	run-08	5	159.0	330.0	0	0.6213609576225281
sub-02	ses-07	run-08	6	330.0	1695.0	0	0.5485876798629761
sub-02	ses-07	run-08	7	1695.0	2013.0	0	0.5542569756507874
sub-02	ses-07	run-08	8	2013.0	1600.0	0	0.5634722709655762
sub-02	ses-07	run-08	9	1600.0	1481.0	0	0.5549865365028381
sub-02	ses-07	run-08	10	1481.0	1298.0	0	0.5779495239257812
sub-02	ses-07	run-08	11	1298.0	789.0	0	0.5568308234214783
sub-02	ses-07	run-08	12	789.0	1497.0	0	0.5638742446899414
sub-02	ses-07	run-08	13	1497.0	1790.0	0	0.5737994313240051
sub-02	ses-07	run-08	14	1790.0	1567.0	0	0.5733389854431152
sub-02	ses-07	run-08	15	1567.0	2150.0	0	0.6133052110671997
sub-02	ses-07	run-08	16	2150.0	1644.0	0	0.583274245262146
sub-02	ses-07	run-08	17	1644.0	680.0	0	0.5363950729370117
sub-02	ses-07	run-08	18	680.0	1888.0	0	0.5657446384429932
sub-02	ses-07	run-08	19	1888.0	1050.0	0	0.5653405785560608
sub-02	ses-07	run-08	20	1050.0	894.0	0	0.5395424962043762
sub-02	ses-07	run-08	21	894.0	342.0	0	0.6208623647689819
sub-02	ses-07	run-08	22	342.0	1404.0	0	0.5448777675628662
sub-02	ses-07	run-08	23	1404.0	1798.0	0	0.5405433773994446
sub-02	ses-07	run-08	24	1798.0	1042.0	0	0.5735743045806885
sub-02	ses-07	run-08	25	1042.0	1407.0	0	0.6018670201301575
sub-02	ses-07	run-08	26	1407.0	1204.0	0	0.6057891249656677
sub-02	ses-07	run-08	27	1204.0	295.0	0	0.5584161877632141
sub-02	ses-07	run-08	28	295.0	1840.0	0	0.6003234386444092
sub-02	ses-07	run-08	29	1840.0	1031.0	0	0.5507437586784363
sub-02	ses-07	run-08	30	1031.0	1199.0	0	0.5344203114509583
sub-02	ses-07	run-08	31	1199.0	4.0	0	0.5659050941467285
sub-02	ses-07	run-08	32	4.0	509.0	0	0.6642729640007019
sub-02	ses-07	run-08	33	509.0	73.0	0	0.5511997938156128
sub-02	ses-07	run-08	34	73.0	784.0	0	0.5765103101730347
sub-02	ses-07	run-08	35	784.0	1852.0	0	0.5719782710075378
sub-02	ses-07	run-08	36	1852.0	795.0	0	0.5603229999542236
sub-02	ses-08	run-01	1	baseline	1950.0	0	0.6486021876335144
sub-02	ses-08	run-01	2	1950.0	5.0	0	0.5568909645080566
sub-02	ses-08	run-01	3	5.0	339.0	0	0.5481222867965698
sub-02	ses-08	run-01	4	339.0	1568.0	0	0.5965606570243835
sub-02	ses-08	run-01	5	1568.0	1361.0	0	0.5909048914909363
sub-02	ses-08	run-01	6	1361.0	2096.0	0	0.5670793056488037
sub-02	ses-08	run-01	7	2096.0	926.0	0	0.5529404878616333
sub-02	ses-08	run-01	8	926.0	1688.0	0	0.6119942665100098
sub-02	ses-08	run-01	9	1688.0	293.0	0	0.5504546761512756
sub-02	ses-08	run-01	10	293.0	2023.0	0	0.5650177597999573
sub-02	ses-08	run-01	11	2023.0	1195.0	0	0.5650656819343567
sub-02	ses-08	run-01	12	1195.0	198.0	0	0.5543057918548584
sub-02	ses-08	run-01	13	198.0	1289.0	0	0.5702570676803589
sub-02	ses-08	run-01	14	1289.0	1375.0	0	0.5899474620819092
sub-02	ses-08	run-01	15	1375.0	459.0	0	0.5556401014328003
sub-02	ses-08	run-01	16	459.0	44.0	0	0.5808472633361816
sub-02	ses-08	run-01	17	44.0	1851.0	0	0.5653876662254333
sub-02	ses-08	run-01	18	1851.0	787.0	0	0.5447160601615906
sub-02	ses-08	run-01	19	787.0	2161.0	0	0.5632799863815308
sub-02	ses-08	run-01	20	2161.0	1659.0	0	0.5498629808425903
sub-02	ses-08	run-01	21	1659.0	667.0	0	0.5424515008926392
sub-02	ses-08	run-01	22	667.0	462.0	0	0.5776187777519226
sub-02	ses-08	run-01	23	462.0	903.0	0	0.5522218942642212
sub-02	ses-08	run-01	24	903.0	2012.0	0	0.5544741749763489
sub-02	ses-08	run-01	25	2012.0	2127.0	0	0.5620937943458557
sub-02	ses-08	run-01	26	2127.0	867.0	0	0.5485599040985107
sub-02	ses-08	run-01	27	867.0	860.0	0	0.5607998371124268
sub-02	ses-08	run-01	28	860.0	1925.0	0	0.5769488215446472
sub-02	ses-08	run-01	29	1925.0	2081.0	0	0.5455079078674316
sub-02	ses-08	run-01	30	2081.0	1553.0	0	0.568536102771759
sub-02	ses-08	run-01	31	1553.0	551.0	0	0.572328507900238
sub-02	ses-08	run-01	32	551.0	1047.0	0	0.5512495040893555
sub-02	ses-08	run-01	33	1047.0	2088.0	0	0.5521186590194702
sub-02	ses-08	run-01	34	2088.0	944.0	0	0.5571458339691162
sub-02	ses-08	run-01	35	944.0	1796.0	0	0.5589033365249634
sub-02	ses-08	run-01	36	1796.0	635.0	0	0.6022394299507141
sub-02	ses-08	run-02	1	baseline	2126.0	0	0.6096889972686768
sub-02	ses-08	run-02	2	2126.0	288.0	0	0.5603074431419373
sub-02	ses-08	run-02	3	288.0	1468.0	0	0.5435739159584045
sub-02	ses-08	run-02	4	1468.0	1853.0	0	0.5389443635940552
sub-02	ses-08	run-02	5	1853.0	1786.0	0	0.5382534265518188
sub-02	ses-08	run-02	6	1786.0	1200.0	0	0.5501296520233154
sub-02	ses-08	run-02	7	1200.0	1697.0	0	0.5518798828125
sub-02	ses-08	run-02	8	1697.0	1321.0	0	0.5531548261642456
sub-02	ses-08	run-02	9	1321.0	1173.0	0	0.5974351763725281
sub-02	ses-08	run-02	10	1173.0	1249.0	0	0.5794969201087952
sub-02	ses-08	run-02	11	1249.0	1184.0	0	0.5339820384979248
sub-02	ses-08	run-02	12	1184.0	1037.0	0	0.5773943066596985
sub-02	ses-08	run-02	13	1037.0	756.0	0	0.5471563339233398
sub-02	ses-08	run-02	14	756.0	544.0	0	0.5678666830062866
sub-02	ses-08	run-02	15	544.0	394.0	0	0.5692354440689087
sub-02	ses-08	run-02	16	394.0	821.0	0	0.5603138208389282
sub-02	ses-08	run-02	17	821.0	258.0	0	0.5611078143119812
sub-02	ses-08	run-02	18	258.0	618.0	0	0.5544996857643127
sub-02	ses-08	run-02	19	618.0	2038.0	0	0.5718863606452942
sub-02	ses-08	run-02	20	2038.0	2169.0	0	0.5490544438362122
sub-02	ses-08	run-02	21	2169.0	373.0	0	0.5651801824569702
sub-02	ses-08	run-02	22	373.0	1494.0	0	0.5613413453102112
sub-02	ses-08	run-02	23	1494.0	364.0	0	0.5534240007400513
sub-02	ses-08	run-02	24	364.0	2050.0	0	0.581444263458252
sub-02	ses-08	run-02	25	2050.0	11.0	0	0.5442168712615967
sub-02	ses-08	run-02	26	11.0	1081.0	0	0.5891121625900269
sub-02	ses-08	run-02	27	1081.0	1834.0	0	0.566129207611084
sub-02	ses-08	run-02	28	1834.0	2163.0	0	0.5565248131752014
sub-02	ses-08	run-02	29	2163.0	744.0	0	0.6000564098358154
sub-02	ses-08	run-02	30	744.0	1946.0	0	0.6274929046630859
sub-02	ses-08	run-02	31	1946.0	539.0	0	0.5900216102600098
sub-02	ses-08	run-02	32	539.0	63.0	0	0.5823088884353638
sub-02	ses-08	run-02	33	63.0	294.0	0	0.5593497157096863
sub-02	ses-08	run-02	34	294.0	2175.0	0	0.5404238104820251
sub-02	ses-08	run-02	35	2175.0	401.0	0	0.5630451440811157
sub-02	ses-08	run-02	36	401.0	2101.0	0	0.548164427280426
sub-02	ses-08	run-03	1	baseline	81.0	0	0.572517454624176
sub-02	ses-08	run-03	2	81.0	15.0	0	0.5577396750450134
sub-02	ses-08	run-03	3	15.0	1192.0	0	0.5357940196990967
sub-02	ses-08	run-03	4	1192.0	148.0	0	0.5829172730445862
sub-02	ses-08	run-03	5	148.0	1667.0	0	0.539137065410614
sub-02	ses-08	run-03	6	1667.0	1791.0	0	0.560023844242096
sub-02	ses-08	run-03	7	1791.0	140.0	0	0.531902015209198
sub-02	ses-08	run-03	8	140.0	1818.0	0	0.5562873482704163
sub-02	ses-08	run-03	9	1818.0	515.0	0	0.5444087982177734
sub-02	ses-08	run-03	10	515.0	1351.0	0	0.5537816882133484
sub-02	ses-08	run-03	11	1351.0	1542.0	0	0.537560224533081
sub-02	ses-08	run-03	12	1542.0	1172.0	0	0.5386092662811279
sub-02	ses-08	run-03	13	1172.0	698.0	0	0.5626112222671509
sub-02	ses-08	run-03	14	698.0	1347.0	0	0.5698745846748352
sub-02	ses-08	run-03	15	1347.0	273.0	0	0.5380592942237854
sub-02	ses-08	run-03	16	273.0	728.0	0	0.5649412870407104
sub-02	ses-08	run-03	17	728.0	1716.0	0	0.5890489816665649
sub-02	ses-08	run-03	18	1716.0	1016.0	0	0.5693532824516296
sub-02	ses-08	run-03	19	1016.0	2064.0	0	0.5523182153701782
sub-02	ses-08	run-03	20	2064.0	724.0	0	0.5476483106613159
sub-02	ses-08	run-03	21	724.0	1941.0	0	0.5407655835151672
sub-02	ses-08	run-03	22	1941.0	1284.0	0	0.5484217405319214
sub-02	ses-08	run-03	23	1284.0	1413.0	0	0.5893762111663818
sub-02	ses-08	run-03	24	1413.0	1495.0	0	0.5907098650932312
sub-02	ses-08	run-03	25	1495.0	264.0	0	0.5431280732154846
sub-02	ses-08	run-03	26	264.0	1848.0	0	0.5940496325492859
sub-02	ses-08	run-03	27	1848.0	1760.0	0	0.5547093152999878
sub-02	ses-08	run-03	28	1760.0	1090.0	0	0.5858564376831055
sub-02	ses-08	run-03	29	1090.0	1189.0	0	0.53752201795578
sub-02	ses-08	run-03	30	1189.0	1087.0	0	0.5727925896644592
sub-02	ses-08	run-03	31	1087.0	1101.0	0	0.553776204586029
sub-02	ses-08	run-03	32	1101.0	1419.0	0	0.5627748370170593
sub-02	ses-08	run-03	33	1419.0	155.0	0	0.5795207023620605
sub-02	ses-08	run-03	34	155.0	20.0	0	0.5637935400009155
sub-02	ses-08	run-03	35	20.0	417.0	0	0.592048704624176
sub-02	ses-08	run-03	36	417.0	1563.0	0	0.5592527985572815
sub-02	ses-08	run-04	1	baseline	482.0	0	0.5466769337654114
sub-02	ses-08	run-04	2	482.0	1656.0	0	0.5245997905731201
sub-02	ses-08	run-04	3	1656.0	708.0	0	0.5340145826339722
sub-02	ses-08	run-04	4	708.0	1961.0	0	0.5595532655715942
sub-02	ses-08	run-04	5	1961.0	361.0	0	0.5196152925491333
sub-02	ses-08	run-04	6	361.0	1728.0	0	0.5277738571166992
sub-02	ses-08	run-04	7	1728.0	1060.0	0	0.5288243889808655
sub-02	ses-08	run-04	8	1060.0	33.0	0	0.541005551815033
sub-02	ses-08	run-04	9	33.0	262.0	0	0.5615400075912476
sub-02	ses-08	run-04	10	262.0	39.0	0	0.5744284391403198
sub-02	ses-08	run-04	11	39.0	806.0	0	0.5329776406288147
sub-02	ses-08	run-04	12	806.0	1399.0	0	0.5681256651878357
sub-02	ses-08	run-04	13	1399.0	550.0	0	0.5636683106422424
sub-02	ses-08	run-04	14	550.0	166.0	0	0.5409015417098999
sub-02	ses-08	run-04	15	166.0	374.0	0	0.5389103293418884
sub-02	ses-08	run-04	16	374.0	2083.0	0	0.573073148727417
sub-02	ses-08	run-04	17	2083.0	1842.0	0	0.5558450818061829
sub-02	ses-08	run-04	18	1842.0	2065.0	0	0.5903597474098206
sub-02	ses-08	run-04	19	2065.0	292.0	0	0.6520907878875732
sub-02	ses-08	run-04	20	292.0	1111.0	0	0.5536563992500305
sub-02	ses-08	run-04	21	1111.0	1876.0	0	0.5209033489227295
sub-02	ses-08	run-04	22	1876.0	97.0	0	0.5497244000434875
sub-02	ses-08	run-04	23	97.0	1936.0	0	0.5836366415023804
sub-02	ses-08	run-04	24	1936.0	1551.0	0	0.572402834892273
sub-02	ses-08	run-04	25	1551.0	1054.0	0	0.5515679121017456
sub-02	ses-08	run-04	26	1054.0	108.0	0	0.5427353978157043
sub-02	ses-08	run-04	27	108.0	881.0	0	0.5466759204864502
sub-02	ses-08	run-04	28	881.0	735.0	0	0.5318743586540222
sub-02	ses-08	run-04	29	735.0	558.0	0	0.5528039336204529
sub-02	ses-08	run-04	30	558.0	313.0	0	0.5757873058319092
sub-02	ses-08	run-04	31	313.0	1620.0	0	0.6265127658843994
sub-02	ses-08	run-04	32	1620.0	820.0	0	0.5638153553009033
sub-02	ses-08	run-04	33	820.0	182.0	0	0.5382881760597229
sub-02	ses-08	run-04	34	182.0	1015.0	0	0.6424605250358582
sub-02	ses-08	run-04	35	1015.0	69.0	0	0.5900030732154846
sub-02	ses-08	run-04	36	69.0	631.0	0	0.5726247429847717
sub-03	ses-01	run-01	1	baseline	2017.0	0	0.6691407561302185
sub-03	ses-01	run-01	2	2017.0	247.0	0	0.578633725643158
sub-03	ses-01	run-01	3	247.0	540.0	0	0.5541552901268005
sub-03	ses-01	run-01	4	540.0	1162.0	0	0.595247745513916
sub-03	ses-01	run-01	5	1162.0	946.0	0	0.5921251177787781
sub-03	ses-01	run-01	6	946.0	395.0	0	0.5507475733757019
sub-03	ses-01	run-01	7	395.0	677.0	0	0.5437005162239075
sub-03	ses-01	run-01	8	677.0	840.0	0	0.543878972530365
sub-03	ses-01	run-01	9	840.0	1693.0	0	0.5416544079780579
sub-03	ses-01	run-01	10	1693.0	131.0	0	0.6114157438278198
sub-03	ses-01	run-01	11	131.0	1075.0	0	0.5739173889160156
sub-03	ses-01	run-01	12	1075.0	1068.0	0	0.5581145882606506
sub-03	ses-01	run-01	13	1068.0	582.0	0	0.5443893074989319
sub-03	ses-01	run-01	14	582.0	500.0	0	0.5527826547622681
sub-03	ses-01	run-01	15	500.0	265.0	0	0.5384000539779663
sub-03	ses-01	run-01	16	265.0	2024.0	0	0.5579352378845215
sub-03	ses-01	run-01	17	2024.0	349.0	0	0.5388801097869873
sub-03	ses-01	run-01	18	349.0	895.0	0	0.533799409866333
sub-03	ses-01	run-01	19	895.0	636.0	0	0.567884087562561
sub-03	ses-01	run-01	20	636.0	569.0	0	0.6216655373573303
sub-03	ses-01	run-01	21	569.0	846.0	0	0.6206670999526978
sub-03	ses-01	run-01	22	846.0	139.0	0	0.5834797024726868
sub-03	ses-01	run-01	23	139.0	1894.0	0	0.5534316897392273
sub-03	ses-01	run-01	24	1894.0	1286.0	0	0.5535881519317627
sub-03	ses-01	run-01	25	1286.0	46.0	0	0.5600865483283997
sub-03	ses-01	run-01	26	46.0	1601.0	0	0.5377603769302368
sub-03	ses-01	run-01	27	1601.0	229.0	0	0.5504300594329834
sub-03	ses-01	run-01	28	229.0	615.0	0	0.528109073638916
sub-03	ses-01	run-01	29	615.0	1500.0	0	0.5323762893676758
sub-03	ses-01	run-01	30	1500.0	1267.0	0	0.5756210088729858
sub-03	ses-01	run-01	31	1267.0	921.0	0	0.5620031952857971
sub-03	ses-01	run-01	32	921.0	936.0	0	0.5920931696891785
sub-03	ses-01	run-01	33	936.0	546.0	0	0.5709950923919678
sub-03	ses-01	run-01	34	546.0	1405.0	0	0.551593005657196
sub-03	ses-01	run-01	35	1405.0	2097.0	0	0.583827018737793
sub-03	ses-01	run-01	36	2097.0	1917.0	0	0.6436150670051575
sub-03	ses-01	run-02	1	baseline	173.0	0	0.5412653088569641
sub-03	ses-01	run-02	2	173.0	687.0	0	0.5768657922744751
sub-03	ses-01	run-02	3	687.0	472.0	0	0.6177361607551575
sub-03	ses-01	run-02	4	472.0	400.0	0	0.5559131503105164
sub-03	ses-01	run-02	5	400.0	960.0	0	0.5715225338935852
sub-03	ses-01	run-02	6	960.0	386.0	0	0.5569566488265991
sub-03	ses-01	run-02	7	386.0	904.0	0	0.5506425499916077
sub-03	ses-01	run-02	8	904.0	456.0	0	0.5357934832572937
sub-03	ses-01	run-02	9	456.0	352.0	0	0.5224460363388062
sub-03	ses-01	run-02	10	352.0	259.0	0	0.5191430449485779
sub-03	ses-01	run-02	11	259.0	1897.0	0	0.5451635718345642
sub-03	ses-01	run-02	12	1897.0	732.0	0	0.5331025719642639
sub-03	ses-01	run-02	13	732.0	1668.0	0	0.5740330815315247
sub-03	ses-01	run-02	14	1668.0	805.0	0	0.564189612865448
sub-03	ses-01	run-02	15	805.0	877.0	0	0.5318636298179626
sub-03	ses-01	run-02	16	877.0	1657.0	0	0.5365198850631714
sub-03	ses-01	run-02	17	1657.0	261.0	0	0.6534667611122131
sub-03	ses-01	run-02	18	261.0	416.0	0	0.7676400542259216
sub-03	ses-01	run-02	19	416.0	2177.0	0	0.687768280506134
sub-03	ses-01	run-02	20	2177.0	1538.0	0	0.6630659699440002
sub-03	ses-01	run-02	21	1538.0	1837.0	0	0.5969972014427185
sub-03	ses-01	run-02	22	1837.0	929.0	0	0.5715598464012146
sub-03	ses-01	run-02	23	929.0	1990.0	0	0.5591621994972229
sub-03	ses-01	run-02	24	1990.0	499.0	0	0.5640052556991577
sub-03	ses-01	run-02	25	499.0	2007.0	0	0.556658148765564
sub-03	ses-01	run-02	26	2007.0	1356.0	0	0.5908324718475342
sub-03	ses-01	run-02	27	1356.0	219.0	0	0.6508184671401978
sub-03	ses-01	run-02	28	219.0	215.0	0	0.6404168009757996
sub-03	ses-01	run-02	29	215.0	953.0	0	0.5661659836769104
sub-03	ses-01	run-02	30	953.0	1131.0	0	0.5214300751686096
sub-03	ses-01	run-02	31	1131.0	1505.0	0	0.5174883604049683
sub-03	ses-01	run-02	32	1505.0	1736.0	0	0.5618526935577393
sub-03	ses-01	run-02	33	1736.0	238.0	0	0.5321179032325745
sub-03	ses-01	run-02	34	238.0	1979.0	0	0.56939697265625
sub-03	ses-01	run-02	35	1979.0	471.0	0	0.5492591857910156
sub-03	ses-01	run-02	36	471.0	1583.0	0	0.5802631974220276
sub-03	ses-01	run-03	1	baseline	678.0	0	0.5642701983451843
sub-03	ses-01	run-03	2	678.0	402.0	0	0.5632607936859131
sub-03	ses-01	run-03	3	402.0	507.0	0	0.5293635725975037
sub-03	ses-01	run-03	4	507.0	711.0	0	0.5147464871406555
sub-03	ses-01	run-03	5	711.0	1306.0	0	0.5164200067520142
sub-03	ses-01	run-03	6	1306.0	819.0	0	0.5516334176063538
sub-03	ses-01	run-03	7	819.0	1323.0	0	0.5740657448768616
sub-03	ses-01	run-03	8	1323.0	521.0	0	0.5691719055175781
sub-03	ses-01	run-03	9	521.0	369.0	0	0.5526562333106995
sub-03	ses-01	run-03	10	369.0	421.0	0	0.565102219581604
sub-03	ses-01	run-03	11	421.0	1395.0	0	0.5654650926589966
sub-03	ses-01	run-03	12	1395.0	1258.0	0	0.5460408926010132
sub-03	ses-01	run-03	13	1258.0	1914.0	0	0.5352217555046082
sub-03	ses-01	run-03	14	1914.0	695.0	0	0.5858166217803955
sub-03	ses-01	run-03	15	695.0	617.0	0	0.6214563250541687
sub-03	ses-01	run-03	16	617.0	886.0	0	0.5819429159164429
sub-03	ses-01	run-03	17	886.0	2076.0	0	0.5195988416671753
sub-03	ses-01	run-03	18	2076.0	192.0	0	0.5606735944747925
sub-03	ses-01	run-03	19	192.0	970.0	0	0.527061939239502
sub-03	ses-01	run-03	20	970.0	1899.0	0	0.5606743693351746
sub-03	ses-01	run-03	21	1899.0	495.0	0	0.5891026258468628
sub-03	ses-01	run-03	22	495.0	390.0	0	0.6366973519325256
sub-03	ses-01	run-03	23	390.0	1426.0	0	0.6799407601356506
sub-03	ses-01	run-03	24	1426.0	393.0	0	0.7186986207962036
sub-03	ses-01	run-03	25	393.0	1211.0	0	0.6500048041343689
sub-03	ses-01	run-03	26	1211.0	1141.0	0	0.6192821264266968
sub-03	ses-01	run-03	27	1141.0	811.0	0	0.5261756777763367
sub-03	ses-01	run-03	28	811.0	2140.0	0	0.5388590097427368
sub-03	ses-01	run-03	29	2140.0	145.0	0	0.5252790451049805
sub-03	ses-01	run-03	30	145.0	208.0	0	0.5468325018882751
sub-03	ses-01	run-03	31	208.0	1723.0	0	0.6235917210578918
sub-03	ses-01	run-03	32	1723.0	2014.0	0	0.5258274078369141
sub-03	ses-01	run-03	33	2014.0	1270.0	0	0.5275765061378479
sub-03	ses-01	run-03	34	1270.0	1819.0	0	0.5750767588615417
sub-03	ses-01	run-03	35	1819.0	1911.0	0	0.5409963726997375
sub-03	ses-01	run-03	36	1911.0	157.0	0	0.587641716003418
sub-03	ses-01	run-04	1	baseline	317.0	0	0.5743527412414551
sub-03	ses-01	run-04	2	317.0	1835.0	0	0.5602419376373291
sub-03	ses-01	run-04	3	1835.0	1266.0	0	0.5953270792961121
sub-03	ses-01	run-04	4	1266.0	1390.0	0	0.5527954697608948
sub-03	ses-01	run-04	5	1390.0	95.0	0	0.5526698231697083
sub-03	ses-01	run-04	6	95.0	1847.0	0	0.5616191625595093
sub-03	ses-01	run-04	7	1847.0	1731.0	0	0.548297107219696
sub-03	ses-01	run-04	8	1731.0	1333.0	0	0.5825841426849365
sub-03	ses-01	run-04	9	1333.0	1922.0	0	0.5627541542053223
sub-03	ses-01	run-04	10	1922.0	1912.0	0	0.5433053970336914
sub-03	ses-01	run-04	11	1912.0	452.0	0	0.5700464844703674
sub-03	ses-01	run-04	12	452.0	2133.0	0	0.5309596061706543
sub-03	ses-01	run-04	13	2133.0	717.0	0	0.5655601620674133
sub-03	ses-01	run-04	14	717.0	231.0	0	0.5503934025764465
sub-03	ses-01	run-04	15	231.0	1106.0	0	0.5755326151847839
sub-03	ses-01	run-04	16	1106.0	230.0	0	0.5480465888977051
sub-03	ses-01	run-04	17	230.0	119.0	0	0.6877180337905884
sub-03	ses-01	run-04	18	119.0	1276.0	0	0.6514197587966919
sub-03	ses-01	run-04	19	1276.0	200.0	0	0.5656222105026245
sub-03	ses-01	run-04	20	200.0	2135.0	0	0.5369223952293396
sub-03	ses-01	run-04	21	2135.0	311.0	0	0.5730353593826294
sub-03	ses-01	run-04	22	311.0	1587.0	0	0.5761240720748901
sub-03	ses-01	run-04	23	1587.0	1245.0	0	0.5694751143455505
sub-03	ses-01	run-04	24	1245.0	1962.0	0	0.564104437828064
sub-03	ses-01	run-04	25	1962.0	780.0	0	0.5746031403541565
sub-03	ses-01	run-04	26	780.0	309.0	0	0.5496488213539124
sub-03	ses-01	run-04	27	309.0	1250.0	0	0.5620124936103821
sub-03	ses-01	run-04	28	1250.0	1455.0	0	0.5653582215309143
sub-03	ses-01	run-04	29	1455.0	1952.0	0	0.5635599493980408
sub-03	ses-01	run-04	30	1952.0	1557.0	0	0.5461069941520691
sub-03	ses-01	run-04	31	1557.0	1507.0	0	0.5611823201179504
sub-03	ses-01	run-04	32	1507.0	1580.0	0	0.5679752826690674
sub-03	ses-01	run-04	33	1580.0	2108.0	0	0.5645362734794617
sub-03	ses-01	run-04	34	2108.0	1302.0	0	0.5483169555664062
sub-03	ses-01	run-04	35	1302.0	338.0	0	0.673698902130127
sub-03	ses-01	run-04	36	338.0	1710.0	0	0.6516998410224915
sub-03	ses-01	run-05	1	baseline	1383.0	0	0.5549156665802002
sub-03	ses-01	run-05	2	1383.0	83.0	0	0.6148433089256287
sub-03	ses-01	run-05	3	83.0	1968.0	0	0.690861165523529
sub-03	ses-01	run-05	4	1968.0	218.0	0	0.6052902340888977
sub-03	ses-01	run-05	5	218.0	2191.0	0	0.5592666268348694
sub-03	ses-01	run-05	6	2191.0	1077.0	0	0.5773619413375854
sub-03	ses-01	run-05	7	1077.0	1520.0	0	0.537081241607666
sub-03	ses-01	run-05	8	1520.0	1070.0	0	0.5583896636962891
sub-03	ses-01	run-05	9	1070.0	1166.0	0	0.5534752011299133
sub-03	ses-01	run-05	10	1166.0	1424.0	0	0.542992353439331
sub-03	ses-01	run-05	11	1424.0	1389.0	0	0.5558473467826843
sub-03	ses-01	run-05	12	1389.0	1829.0	0	0.5920933485031128
sub-03	ses-01	run-05	13	1829.0	2043.0	0	0.583023726940155
sub-03	ses-01	run-05	14	2043.0	751.0	0	0.620899498462677
sub-03	ses-01	run-05	15	751.0	1566.0	0	0.6354861259460449
sub-03	ses-01	run-05	16	1566.0	345.0	0	0.5744527578353882
sub-03	ses-01	run-05	17	345.0	595.0	0	0.5868129730224609
sub-03	ses-01	run-05	18	595.0	1771.0	0	0.5403289198875427
sub-03	ses-01	run-05	19	1771.0	2167.0	0	0.5439445972442627
sub-03	ses-01	run-05	20	2167.0	988.0	0	0.5658246278762817
sub-03	ses-01	run-05	21	988.0	419.0	0	0.5703331232070923
sub-03	ses-01	run-05	22	419.0	170.0	0	0.5787427425384521
sub-03	ses-01	run-05	23	170.0	762.0	0	0.5564200282096863
sub-03	ses-01	run-05	24	762.0	1995.0	0	0.5616803765296936
sub-03	ses-01	run-05	25	1995.0	2168.0	0	0.6346490383148193
sub-03	ses-01	run-05	26	2168.0	1810.0	0	0.5741965174674988
sub-03	ses-01	run-05	27	1810.0	299.0	0	0.5310796499252319
sub-03	ses-01	run-05	28	299.0	1823.0	0	0.5737797617912292
sub-03	ses-01	run-05	29	1823.0	17.0	0	0.5600678324699402
sub-03	ses-01	run-05	30	17.0	36.0	0	0.5681747198104858
sub-03	ses-01	run-05	31	36.0	487.0	0	0.5790058374404907
sub-03	ses-01	run-05	32	487.0	536.0	0	0.5692405700683594
sub-03	ses-01	run-05	33	536.0	910.0	0	0.5685747265815735
sub-03	ses-01	run-05	34	910.0	1464.0	0	0.5758448839187622
sub-03	ses-01	run-05	35	1464.0	1073.0	0	0.5853079557418823
sub-03	ses-01	run-05	36	1073.0	485.0	0	0.6158592104911804
sub-03	ses-01	run-06	1	baseline	934.0	0	0.7437115907669067
sub-03	ses-01	run-06	2	934.0	1780.0	0	0.704308271408081
sub-03	ses-01	run-06	3	1780.0	1160.0	0	0.5733991265296936
sub-03	ses-01	run-06	4	1160.0	1597.0	0	0.5358836650848389
sub-03	ses-01	run-06	5	1597.0	1954.0	0	0.526719331741333
sub-03	ses-01	run-06	6	1954.0	596.0	0	0.5473445057868958
sub-03	ses-01	run-06	7	596.0	1462.0	0	0.5379089117050171
sub-03	ses-01	run-06	8	1462.0	779.0	0	0.5853368043899536
sub-03	ses-01	run-06	9	779.0	356.0	0	0.5249158143997192
sub-03	ses-01	run-06	10	356.0	1319.0	0	0.5432426333427429
sub-03	ses-01	run-06	11	1319.0	922.0	0	0.5342702865600586
sub-03	ses-01	run-06	12	922.0	2171.0	0	0.5767803192138672
sub-03	ses-01	run-06	13	2171.0	955.0	0	0.5494794845581055
sub-03	ses-01	run-06	14	955.0	479.0	0	0.5762409567832947
sub-03	ses-01	run-06	15	479.0	1385.0	0	0.5386741757392883
sub-03	ses-01	run-06	16	1385.0	511.0	0	0.5463467836380005
sub-03	ses-01	run-06	17	511.0	2034.0	0	0.5454061031341553
sub-03	ses-01	run-06	18	2034.0	449.0	0	0.5284770727157593
sub-03	ses-01	run-06	19	449.0	664.0	0	0.524882972240448
sub-03	ses-01	run-06	20	664.0	1129.0	0	0.5563458204269409
sub-03	ses-01	run-06	21	1129.0	1858.0	0	0.5611202120780945
sub-03	ses-01	run-06	22	1858.0	1856.0	0	0.5087867379188538
sub-03	ses-01	run-06	23	1856.0	833.0	0	0.5535755157470703
sub-03	ses-01	run-06	24	833.0	1140.0	0	0.5598975419998169
sub-03	ses-01	run-06	25	1140.0	783.0	0	0.5280638933181763
sub-03	ses-01	run-06	26	783.0	1179.0	0	0.5954480767250061
sub-03	ses-01	run-06	27	1179.0	1887.0	0	0.5357939004898071
sub-03	ses-01	run-06	28	1887.0	2003.0	0	0.6496633887290955
sub-03	ses-01	run-06	29	2003.0	96.0	0	0.5754754543304443
sub-03	ses-01	run-06	30	96.0	58.0	0	0.5995748043060303
sub-03	ses-01	run-06	31	58.0	86.0	0	0.5429823994636536
sub-03	ses-01	run-06	32	86.0	176.0	0	0.5617689490318298
sub-03	ses-01	run-06	33	176.0	211.0	0	0.549087405204773
sub-03	ses-01	run-06	34	211.0	1349.0	0	0.5519778728485107
sub-03	ses-01	run-06	35	1349.0	2189.0	0	0.5397943258285522
sub-03	ses-01	run-06	36	2189.0	686.0	0	0.553701639175415
sub-03	ses-01	run-07	1	baseline	1663.0	0	0.6668714284896851
sub-03	ses-01	run-07	2	1663.0	900.0	0	0.5987388491630554
sub-03	ses-01	run-07	3	900.0	2186.0	0	0.5924059152603149
sub-03	ses-01	run-07	4	2186.0	572.0	0	0.5870356559753418
sub-03	ses-01	run-07	5	572.0	1747.0	0	0.5253862142562866
sub-03	ses-01	run-07	6	1747.0	715.0	0	0.5480712652206421
sub-03	ses-01	run-07	7	715.0	453.0	0	0.5426013469696045
sub-03	ses-01	run-07	8	453.0	835.0	0	0.5548567175865173
sub-03	ses-01	run-07	9	835.0	146.0	0	0.537581741809845
sub-03	ses-01	run-07	10	146.0	1324.0	0	0.5911595821380615
sub-03	ses-01	run-07	11	1324.0	826.0	0	0.5491510629653931
sub-03	ses-01	run-07	12	826.0	2145.0	0	0.5747971534729004
sub-03	ses-01	run-07	13	2145.0	389.0	0	0.5682095289230347
sub-03	ses-01	run-07	14	389.0	1011.0	0	0.5530078411102295
sub-03	ses-01	run-07	15	1011.0	185.0	0	0.5244588255882263
sub-03	ses-01	run-07	16	185.0	716.0	0	0.5482829809188843
sub-03	ses-01	run-07	17	716.0	347.0	0	0.5734786987304688
sub-03	ses-01	run-07	18	347.0	1757.0	0	0.5623868703842163
sub-03	ses-01	run-07	19	1757.0	1078.0	0	0.5445007681846619
sub-03	ses-01	run-07	20	1078.0	64.0	0	0.5430148839950562
sub-03	ses-01	run-07	21	64.0	1144.0	0	0.5557613968849182
sub-03	ses-01	run-07	22	1144.0	828.0	0	0.689599871635437
sub-03	ses-01	run-07	23	828.0	1929.0	0	0.6707473993301392
sub-03	ses-01	run-07	24	1929.0	2002.0	0	0.5729933381080627
sub-03	ses-01	run-07	25	2002.0	1616.0	0	0.5573445558547974
sub-03	ses-01	run-07	26	1616.0	1097.0	0	0.5558907985687256
sub-03	ses-01	run-07	27	1097.0	1014.0	0	0.5645618438720703
sub-03	ses-01	run-07	28	1014.0	286.0	0	0.5741541981697083
sub-03	ses-01	run-07	29	286.0	41.0	0	0.5991576313972473
sub-03	ses-01	run-07	30	41.0	1327.0	0	0.6135260462760925
sub-03	ses-01	run-07	31	1327.0	276.0	0	0.5737683176994324
sub-03	ses-01	run-07	32	276.0	989.0	0	0.571223795413971
sub-03	ses-01	run-07	33	989.0	932.0	0	0.5741546750068665
sub-03	ses-01	run-07	34	932.0	151.0	0	0.5585788488388062
sub-03	ses-01	run-07	35	151.0	1387.0	0	0.5561980605125427
sub-03	ses-01	run-07	36	1387.0	66.0	0	0.5755298137664795
sub-03	ses-01	run-08	1	baseline	694.0	0	0.7483148574829102
sub-03	ses-01	run-08	2	694.0	1274.0	0	0.6316293478012085
sub-03	ses-01	run-08	3	1274.0	1919.0	0	0.4638586640357971
sub-03	ses-01	run-08	4	1919.0	746.0	0	0.4763132333755493
sub-03	ses-01	run-08	5	746.0	1444.0	0	0.4631062150001526
sub-03	ses-01	run-08	6	1444.0	584.0	0	0.4677278399467468
sub-03	ses-01	run-08	7	584.0	1558.0	0	0.468783974647522
sub-03	ses-01	run-08	8	1558.0	1402.0	0	0.4569981098175049
sub-03	ses-01	run-08	9	1402.0	1433.0	0	0.45848801732063293
sub-03	ses-01	run-08	10	1433.0	1763.0	0	0.49346649646759033
sub-03	ses-01	run-08	11	1763.0	570.0	0	0.47769811749458313
sub-03	ses-01	run-08	12	570.0	34.0	0	0.4936862587928772
sub-03	ses-01	run-08	13	34.0	578.0	0	0.4786101281642914
sub-03	ses-01	run-08	14	578.0	1287.0	0	0.4963326156139374
sub-03	ses-01	run-08	15	1287.0	2082.0	0	0.46177157759666443
sub-03	ses-01	run-08	16	2082.0	1772.0	0	0.45369258522987366
sub-03	ses-01	run-08	17	1772.0	1150.0	0	0.4599444568157196
sub-03	ses-01	run-08	18	1150.0	61.0	0	0.45460420846939087
sub-03	ses-01	run-08	19	61.0	1469.0	0	0.49504438042640686
sub-03	ses-01	run-08	20	1469.0	1164.0	0	0.44418030977249146
sub-03	ses-01	run-08	21	1164.0	580.0	0	0.4572089612483978
sub-03	ses-01	run-08	22	580.0	1098.0	0	0.5128304958343506
sub-03	ses-01	run-08	23	1098.0	794.0	0	0.47885018587112427
sub-03	ses-01	run-08	24	794.0	398.0	0	0.4899585545063019
sub-03	ses-01	run-08	25	398.0	467.0	0	0.5237011313438416
sub-03	ses-01	run-08	26	467.0	433.0	0	0.46212950348854065
sub-03	ses-01	run-08	27	433.0	852.0	0	0.5401824116706848
sub-03	ses-01	run-08	28	852.0	2086.0	0	0.5083306431770325
sub-03	ses-01	run-08	29	2086.0	1305.0	0	0.5209327936172485
sub-03	ses-01	run-08	30	1305.0	1660.0	0	0.540084183216095
sub-03	ses-01	run-08	31	1660.0	2139.0	0	0.5920307040214539
sub-03	ses-01	run-08	32	2139.0	244.0	0	0.5852290987968445
sub-03	ses-01	run-08	33	244.0	1706.0	0	0.824415922164917
sub-03	ses-01	run-08	34	1706.0	1126.0	0	0.7461780905723572
sub-03	ses-01	run-08	35	1126.0	1342.0	0	0.7485519647598267
sub-03	ses-01	run-08	36	1342.0	1121.0	0	0.6963942646980286
sub-03	ses-02	run-01	1	baseline	2110.0	0	0.6036027073860168
sub-03	ses-02	run-01	2	2110.0	1850.0	0	0.5522762537002563
sub-03	ses-02	run-01	3	1850.0	1564.0	0	0.5355208516120911
sub-03	ses-02	run-01	4	1564.0	14.0	0	0.5218921303749084
sub-03	ses-02	run-01	5	14.0	609.0	0	0.572476863861084
sub-03	ses-02	run-01	6	609.0	668.0	0	0.5164202451705933
sub-03	ses-02	run-01	7	668.0	1499.0	0	0.5195138454437256
sub-03	ses-02	run-01	8	1499.0	1153.0	0	0.5891095995903015
sub-03	ses-02	run-01	9	1153.0	1368.0	0	0.5232466459274292
sub-03	ses-02	run-01	10	1368.0	1831.0	0	0.5856037735939026
sub-03	ses-02	run-01	11	1831.0	121.0	0	0.5380184650421143
sub-03	ses-02	run-01	12	121.0	2022.0	0	0.5308184623718262
sub-03	ses-02	run-01	13	2022.0	1171.0	0	0.5353881120681763
sub-03	ses-02	run-01	14	1171.0	1556.0	0	0.5280928611755371
sub-03	ses-02	run-01	15	1556.0	673.0	0	0.5420735478401184
sub-03	ses-02	run-01	16	673.0	1948.0	0	0.5436223149299622
sub-03	ses-02	run-01	17	1948.0	2156.0	0	0.5572757124900818
sub-03	ses-02	run-01	18	2156.0	1501.0	0	0.55255126953125
sub-03	ses-02	run-01	19	1501.0	857.0	0	0.5425336360931396
sub-03	ses-02	run-01	20	857.0	1263.0	0	0.5252237319946289
sub-03	ses-02	run-01	21	1263.0	730.0	0	0.5285519957542419
sub-03	ses-02	run-01	22	730.0	995.0	0	0.5504798293113708
sub-03	ses-02	run-01	23	995.0	1918.0	0	0.5276252031326294
sub-03	ses-02	run-01	24	1918.0	1418.0	0	0.5150810480117798
sub-03	ses-02	run-01	25	1418.0	277.0	0	0.5444834232330322
sub-03	ses-02	run-01	26	277.0	1898.0	0	0.527481734752655
sub-03	ses-02	run-01	27	1898.0	1021.0	0	0.5559791326522827
sub-03	ses-02	run-01	28	1021.0	1974.0	0	0.5330302715301514
sub-03	ses-02	run-01	29	1974.0	1352.0	0	0.5229341983795166
sub-03	ses-02	run-01	30	1352.0	2074.0	0	0.5235218405723572
sub-03	ses-02	run-01	31	2074.0	1309.0	0	0.5460923314094543
sub-03	ses-02	run-01	32	1309.0	1115.0	0	0.533363938331604
sub-03	ses-02	run-01	33	1115.0	365.0	0	0.564681887626648
sub-03	ses-02	run-01	34	365.0	747.0	0	0.5767932534217834
sub-03	ses-02	run-01	35	747.0	652.0	0	0.5893386006355286
sub-03	ses-02	run-01	36	652.0	928.0	0	0.5658982992172241
sub-03	ses-02	run-02	1	baseline	2062.0	0	0.5506467819213867
sub-03	ses-02	run-02	2	2062.0	1000.0	0	0.6030712127685547
sub-03	ses-02	run-02	3	1000.0	2114.0	0	0.571164608001709
sub-03	ses-02	run-02	4	2114.0	353.0	0	0.5004879236221313
sub-03	ses-02	run-02	5	353.0	1726.0	0	0.5013852715492249
sub-03	ses-02	run-02	6	1726.0	1353.0	0	0.5204529166221619
sub-03	ses-02	run-02	7	1353.0	186.0	0	0.49316543340682983
sub-03	ses-02	run-02	8	186.0	24.0	0	0.553020179271698
sub-03	ses-02	run-02	9	24.0	1059.0	0	0.5573107600212097
sub-03	ses-02	run-02	10	1059.0	859.0	0	0.5949865579605103
sub-03	ses-02	run-02	11	859.0	1861.0	0	0.558027982711792
sub-03	ses-02	run-02	12	1861.0	408.0	0	0.5243066549301147
sub-03	ses-02	run-02	13	408.0	1573.0	0	0.4966467320919037
sub-03	ses-02	run-02	14	1573.0	1145.0	0	0.5016821026802063
sub-03	ses-02	run-02	15	1145.0	129.0	0	0.4886706471443176
sub-03	ses-02	run-02	16	129.0	836.0	0	0.5116094350814819
sub-03	ses-02	run-02	17	836.0	344.0	0	0.5096539855003357
sub-03	ses-02	run-02	18	344.0	1374.0	0	0.5256761908531189
sub-03	ses-02	run-02	19	1374.0	1937.0	0	0.5026982426643372
sub-03	ses-02	run-02	20	1937.0	1792.0	0	0.498089075088501
sub-03	ses-02	run-02	21	1792.0	1372.0	0	0.5933371782302856
sub-03	ses-02	run-02	22	1372.0	865.0	0	0.626039445400238
sub-03	ses-02	run-02	23	865.0	368.0	0	0.5942142009735107
sub-03	ses-02	run-02	24	368.0	109.0	0	0.5750288963317871
sub-03	ses-02	run-02	25	109.0	251.0	0	0.5547689199447632
sub-03	ses-02	run-02	26	251.0	242.0	0	0.5251798629760742
sub-03	ses-02	run-02	27	242.0	714.0	0	0.5067899227142334
sub-03	ses-02	run-02	28	714.0	1988.0	0	0.5310931205749512
sub-03	ses-02	run-02	29	1988.0	1875.0	0	0.5206385850906372
sub-03	ses-02	run-02	30	1875.0	497.0	0	0.5056626200675964
sub-03	ses-02	run-02	31	497.0	30.0	0	0.49598875641822815
sub-03	ses-02	run-02	32	30.0	2020.0	0	0.48130884766578674
sub-03	ses-02	run-02	33	2020.0	76.0	0	0.5060870051383972
sub-03	ses-02	run-02	34	76.0	1756.0	0	0.532035768032074
sub-03	ses-02	run-02	35	1756.0	1664.0	0	0.5429803729057312
sub-03	ses-02	run-02	36	1664.0	1022.0	0	0.6175600290298462
sub-03	ses-02	run-03	1	baseline	318.0	0	0.7226292490959167
sub-03	ses-02	run-03	2	318.0	195.0	0	0.5308688879013062
sub-03	ses-02	run-03	3	195.0	801.0	0	0.5339978337287903
sub-03	ses-02	run-03	4	801.0	319.0	0	0.5809670090675354
sub-03	ses-02	run-03	5	319.0	113.0	0	0.5219807028770447
sub-03	ses-02	run-03	6	113.0	243.0	0	0.4902430474758148
sub-03	ses-02	run-03	7	243.0	975.0	0	0.5422237515449524
sub-03	ses-02	run-03	8	975.0	1437.0	0	0.5244374871253967
sub-03	ses-02	run-03	9	1437.0	1243.0	0	0.5004435181617737
sub-03	ses-02	run-03	10	1243.0	766.0	0	0.549088180065155
sub-03	ses-02	run-03	11	766.0	888.0	0	0.5052446126937866
sub-03	ses-02	run-03	12	888.0	1120.0	0	0.5145883560180664
sub-03	ses-02	run-03	13	1120.0	947.0	0	0.5505015850067139
sub-03	ses-02	run-03	14	947.0	1056.0	0	0.6120764017105103
sub-03	ses-02	run-03	15	1056.0	1083.0	0	0.6258944869041443
sub-03	ses-02	run-03	16	1083.0	1613.0	0	0.603084921836853
sub-03	ses-02	run-03	17	1613.0	1091.0	0	0.5441400408744812
sub-03	ses-02	run-03	18	1091.0	1259.0	0	0.525516152381897
sub-03	ses-02	run-03	19	1259.0	654.0	0	0.513595461845398
sub-03	ses-02	run-03	20	654.0	1809.0	0	0.5382117033004761
sub-03	ses-02	run-03	21	1809.0	1512.0	0	0.5126829147338867
sub-03	ses-02	run-03	22	1512.0	1185.0	0	0.5289380550384521
sub-03	ses-02	run-03	23	1185.0	1292.0	0	0.5250461101531982
sub-03	ses-02	run-03	24	1292.0	1336.0	0	0.5270706415176392
sub-03	ses-02	run-03	25	1336.0	1490.0	0	0.5616787672042847
sub-03	ses-02	run-03	26	1490.0	1330.0	0	0.5426428318023682
sub-03	ses-02	run-03	27	1330.0	494.0	0	0.5256399512290955
sub-03	ses-02	run-03	28	494.0	1665.0	0	0.5940272808074951
sub-03	ses-02	run-03	29	1665.0	1778.0	0	0.5997596979141235
sub-03	ses-02	run-03	30	1778.0	1815.0	0	0.5738297700881958
sub-03	ses-02	run-03	31	1815.0	1019.0	0	0.5304555296897888
sub-03	ses-02	run-03	32	1019.0	359.0	0	0.5161274075508118
sub-03	ses-02	run-03	33	359.0	825.0	0	0.5492990612983704
sub-03	ses-02	run-03	34	825.0	647.0	0	0.5261380672454834
sub-03	ses-02	run-03	35	647.0	1004.0	0	0.4996020197868347
sub-03	ses-02	run-03	36	1004.0	1373.0	0	0.498572438955307
sub-03	ses-02	run-04	1	baseline	2068.0	0	0.5162660479545593
sub-03	ses-02	run-04	2	2068.0	435.0	0	0.5881990194320679
sub-03	ses-02	run-04	3	435.0	1057.0	0	0.5795547366142273
sub-03	ses-02	run-04	4	1057.0	1777.0	0	0.5323204398155212
sub-03	ses-02	run-04	5	1777.0	1907.0	0	0.5261820554733276
sub-03	ses-02	run-04	6	1907.0	981.0	0	0.5239601731300354
sub-03	ses-02	run-04	7	981.0	1741.0	0	0.5383107662200928
sub-03	ses-02	run-04	8	1741.0	1025.0	0	0.5660147070884705
sub-03	ses-02	run-04	9	1025.0	1135.0	0	0.5774052143096924
sub-03	ses-02	run-04	10	1135.0	729.0	0	0.5722880959510803
sub-03	ses-02	run-04	11	729.0	882.0	0	0.560894787311554
sub-03	ses-02	run-04	12	882.0	1026.0	0	0.4988986849784851
sub-03	ses-02	run-04	13	1026.0	1502.0	0	0.5530444383621216
sub-03	ses-02	run-04	14	1502.0	2119.0	0	0.543168842792511
sub-03	ses-02	run-04	15	2119.0	1148.0	0	0.514323353767395
sub-03	ses-02	run-04	16	1148.0	234.0	0	0.5361237525939941
sub-03	ses-02	run-04	17	234.0	1802.0	0	0.5249049067497253
sub-03	ses-02	run-04	18	1802.0	1997.0	0	0.5370921492576599
sub-03	ses-02	run-04	19	1997.0	1534.0	0	0.5204569101333618
sub-03	ses-02	run-04	20	1534.0	324.0	0	0.5124276280403137
sub-03	ses-02	run-04	21	324.0	1531.0	0	0.5513782501220703
sub-03	ses-02	run-04	22	1531.0	554.0	0	0.5116024613380432
sub-03	ses-02	run-04	23	554.0	1540.0	0	0.5063130259513855
sub-03	ses-02	run-04	24	1540.0	144.0	0	0.5143202543258667
sub-03	ses-02	run-04	25	144.0	697.0	0	0.5139411687850952
sub-03	ses-02	run-04	26	697.0	1237.0	0	0.5233474969863892
sub-03	ses-02	run-04	27	1237.0	202.0	0	0.6420077681541443
sub-03	ses-02	run-04	28	202.0	1071.0	0	0.6007943749427795
sub-03	ses-02	run-04	29	1071.0	952.0	0	0.5374453067779541
sub-03	ses-02	run-04	30	952.0	1009.0	0	0.5238651037216187
sub-03	ses-02	run-04	31	1009.0	703.0	0	0.4863581657409668
sub-03	ses-02	run-04	32	703.0	2147.0	0	0.515952467918396
sub-03	ses-02	run-04	33	2147.0	1965.0	0	0.503528892993927
sub-03	ses-02	run-04	34	1965.0	1828.0	0	0.509867250919342
sub-03	ses-02	run-04	35	1828.0	2084.0	0	0.5252426862716675
sub-03	ses-02	run-04	36	2084.0	764.0	0	0.5532184839248657
sub-03	ses-02	run-05	1	baseline	2166.0	0	0.5680961012840271
sub-03	ses-02	run-05	2	2166.0	1449.0	0	0.5474280714988708
sub-03	ses-02	run-05	3	1449.0	2036.0	0	0.5137684345245361
sub-03	ses-02	run-05	4	2036.0	1932.0	0	0.522156834602356
sub-03	ses-02	run-05	5	1932.0	937.0	0	0.5130490064620972
sub-03	ses-02	run-05	6	937.0	792.0	0	0.5022566914558411
sub-03	ses-02	run-05	7	792.0	290.0	0	0.5270137190818787
sub-03	ses-02	run-05	8	290.0	1800.0	0	0.560029149055481
sub-03	ses-02	run-05	9	1800.0	1194.0	0	0.555271327495575
sub-03	ses-02	run-05	10	1194.0	50.0	0	0.4959806501865387
sub-03	ses-02	run-05	11	50.0	1575.0	0	0.5107194781303406
sub-03	ses-02	run-05	12	1575.0	1467.0	0	0.5289497971534729
sub-03	ses-02	run-05	13	1467.0	774.0	0	0.505748450756073
sub-03	ses-02	run-05	14	774.0	1976.0	0	0.5379347205162048
sub-03	ses-02	run-05	15	1976.0	488.0	0	0.5331894755363464
sub-03	ses-02	run-05	16	488.0	1161.0	0	0.5319355726242065
sub-03	ses-02	run-05	17	1161.0	531.0	0	0.6041203141212463
sub-03	ses-02	run-05	18	531.0	688.0	0	0.5424555540084839
sub-03	ses-02	run-05	19	688.0	212.0	0	0.5101965069770813
sub-03	ses-02	run-05	20	212.0	1216.0	0	0.5258467197418213
sub-03	ses-02	run-05	21	1216.0	37.0	0	0.556286096572876
sub-03	ses-02	run-05	22	37.0	939.0	0	0.5792560577392578
sub-03	ses-02	run-05	23	939.0	2056.0	0	0.6040785312652588
sub-03	ses-02	run-05	24	2056.0	1970.0	0	0.5931920409202576
sub-03	ses-02	run-05	25	1970.0	847.0	0	0.5107319951057434
sub-03	ses-02	run-05	26	847.0	1134.0	0	0.5205709934234619
sub-03	ses-02	run-05	27	1134.0	743.0	0	0.5376503467559814
sub-03	ses-02	run-05	28	743.0	759.0	0	0.5451663732528687
sub-03	ses-02	run-05	29	759.0	142.0	0	0.5147372484207153
sub-03	ses-02	run-05	30	142.0	624.0	0	0.5137921571731567
sub-03	ses-02	run-05	31	624.0	2059.0	0	0.5301988124847412
sub-03	ses-02	run-05	32	2059.0	1642.0	0	0.5580415725708008
sub-03	ses-02	run-05	33	1642.0	2184.0	0	0.5597442984580994
sub-03	ses-02	run-05	34	2184.0	640.0	0	0.5473805069923401
sub-03	ses-02	run-05	35	640.0	1132.0	0	0.5631687045097351
sub-03	ses-02	run-05	36	1132.0	1865.0	0	0.705845832824707
sub-03	ses-03	run-01	1	baseline	564.0	0	0.6092880368232727
sub-03	ses-03	run-01	2	564.0	381.0	0	0.6122272610664368
sub-03	ses-03	run-01	3	381.0	562.0	0	0.5325825810432434
sub-03	ses-03	run-01	4	562.0	1874.0	0	0.530522882938385
sub-03	ses-03	run-01	5	1874.0	750.0	0	0.5975257158279419
sub-03	ses-03	run-01	6	750.0	1841.0	0	0.5844603180885315
sub-03	ses-03	run-01	7	1841.0	460.0	0	0.5793964862823486
sub-03	ses-03	run-01	8	460.0	1220.0	0	0.6274920701980591
sub-03	ses-03	run-01	9	1220.0	1242.0	0	0.5686032772064209
sub-03	ses-03	run-01	10	1242.0	320.0	0	0.5915006399154663
sub-03	ses-03	run-01	11	320.0	2010.0	0	0.5406115055084229
sub-03	ses-03	run-01	12	2010.0	2091.0	0	0.5120909214019775
sub-03	ses-03	run-01	13	2091.0	1308.0	0	0.5596039295196533
sub-03	ses-03	run-01	14	1308.0	310.0	0	0.5283765196800232
sub-03	ses-03	run-01	15	310.0	2130.0	0	0.547427773475647
sub-03	ses-03	run-01	16	2130.0	42.0	0	0.544377863407135
sub-03	ses-03	run-01	17	42.0	1826.0	0	0.5384714603424072
sub-03	ses-03	run-01	18	1826.0	1537.0	0	0.5543370842933655
sub-03	ses-03	run-01	19	1537.0	149.0	0	0.5602385997772217
sub-03	ses-03	run-01	20	149.0	1720.0	0	0.5411108136177063
sub-03	ses-03	run-01	21	1720.0	1610.0	0	0.5814705491065979
sub-03	ses-03	run-01	22	1610.0	94.0	0	0.6009746789932251
sub-03	ses-03	run-01	23	94.0	1036.0	0	0.5754485726356506
sub-03	ses-03	run-01	24	1036.0	3.0	0	0.5749433636665344
sub-03	ses-03	run-01	25	3.0	477.0	0	0.5515084266662598
sub-03	ses-03	run-01	26	477.0	957.0	0	0.5515705943107605
sub-03	ses-03	run-01	27	957.0	586.0	0	0.5401939153671265
sub-03	ses-03	run-01	28	586.0	1816.0	0	0.5506433844566345
sub-03	ses-03	run-01	29	1816.0	412.0	0	0.5248023867607117
sub-03	ses-03	run-01	30	412.0	1428.0	0	0.5520073175430298
sub-03	ses-03	run-01	31	1428.0	1717.0	0	0.5752502083778381
sub-03	ses-03	run-01	32	1717.0	637.0	0	0.5950465798377991
sub-03	ses-03	run-01	33	637.0	127.0	0	0.5747390985488892
sub-03	ses-03	run-01	34	127.0	1788.0	0	0.5404723286628723
sub-03	ses-03	run-01	35	1788.0	685.0	0	0.5705905556678772
sub-03	ses-03	run-01	36	685.0	232.0	0	0.5597109198570251
sub-03	ses-03	run-02	1	baseline	1719.0	0	0.551834225654602
sub-03	ses-03	run-02	2	1719.0	67.0	0	0.5320891737937927
sub-03	ses-03	run-02	3	67.0	1964.0	0	0.5468732118606567
sub-03	ses-03	run-02	4	1964.0	1230.0	0	0.5723485946655273
sub-03	ses-03	run-02	5	1230.0	1585.0	0	0.5511559247970581
sub-03	ses-03	run-02	6	1585.0	55.0	0	0.5324839949607849
sub-03	ses-03	run-02	7	55.0	1527.0	0	0.5460370182991028
sub-03	ses-03	run-02	8	1527.0	1915.0	0	0.5440505743026733
sub-03	ses-03	run-02	9	1915.0	1504.0	0	0.5434810519218445
sub-03	ses-03	run-02	10	1504.0	1377.0	0	0.5289686918258667
sub-03	ses-03	run-02	11	1377.0	196.0	0	0.5329890251159668
sub-03	ses-03	run-02	12	196.0	236.0	0	0.5597637295722961
sub-03	ses-03	run-02	13	236.0	917.0	0	0.5366288423538208
sub-03	ses-03	run-02	14	917.0	1487.0	0	0.548753559589386
sub-03	ses-03	run-02	15	1487.0	241.0	0	0.5790728330612183
sub-03	ses-03	run-02	16	241.0	1981.0	0	0.5881259441375732
sub-03	ses-03	run-02	17	1981.0	505.0	0	0.708750307559967
sub-03	ses-03	run-02	18	505.0	823.0	0	0.576991856098175
sub-03	ses-03	run-02	19	823.0	777.0	0	0.5579352378845215
sub-03	ses-03	run-02	20	777.0	506.0	0	0.5596243143081665
sub-03	ses-03	run-02	21	506.0	1517.0	0	0.5678616166114807
sub-03	ses-03	run-02	22	1517.0	1993.0	0	0.5451153516769409
sub-03	ses-03	run-02	23	1993.0	976.0	0	0.5208474397659302
sub-03	ses-03	run-02	24	976.0	620.0	0	0.579684853553772
sub-03	ses-03	run-02	25	620.0	93.0	0	0.5658125877380371
sub-03	ses-03	run-02	26	93.0	559.0	0	0.6421748399734497
sub-03	ses-03	run-02	27	559.0	1013.0	0	0.6101319193840027
sub-03	ses-03	run-02	28	1013.0	1165.0	0	0.5720877647399902
sub-03	ses-03	run-02	29	1165.0	181.0	0	0.56285560131073
sub-03	ses-03	run-02	30	181.0	490.0	0	0.5638490319252014
sub-03	ses-03	run-02	31	490.0	982.0	0	0.5591504573822021
sub-03	ses-03	run-02	32	982.0	945.0	0	0.5506318807601929
sub-03	ses-03	run-02	33	945.0	556.0	0	0.5872949361801147
sub-03	ses-03	run-02	34	556.0	2037.0	0	0.5430390238761902
sub-03	ses-03	run-02	35	2037.0	905.0	0	0.5624441504478455
sub-03	ses-03	run-02	36	905.0	2054.0	0	0.6140968799591064
sub-03	ses-03	run-03	1	baseline	1811.0	0	0.5727137923240662
sub-03	ses-03	run-03	2	1811.0	1411.0	0	0.5647473931312561
sub-03	ses-03	run-03	3	1411.0	1215.0	0	0.5512409210205078
sub-03	ses-03	run-03	4	1215.0	623.0	0	0.519395649433136
sub-03	ses-03	run-03	5	623.0	684.0	0	0.5539592504501343
sub-03	ses-03	run-03	6	684.0	720.0	0	0.5549508929252625
sub-03	ses-03	run-03	7	720.0	224.0	0	0.5189825296401978
sub-03	ses-03	run-03	8	224.0	1421.0	0	0.5151729583740234
sub-03	ses-03	run-03	9	1421.0	2080.0	0	0.5549313426017761
sub-03	ses-03	run-03	10	2080.0	868.0	0	0.5527811050415039
sub-03	ses-03	run-03	11	868.0	1879.0	0	0.5306629538536072
sub-03	ses-03	run-03	12	1879.0	1222.0	0	0.5447573661804199
sub-03	ses-03	run-03	13	1222.0	1870.0	0	0.6681044101715088
sub-03	ses-03	run-03	14	1870.0	1889.0	0	0.6013412475585938
sub-03	ses-03	run-03	15	1889.0	574.0	0	0.5454925894737244
sub-03	ses-03	run-03	16	574.0	912.0	0	0.5268341898918152
sub-03	ses-03	run-03	17	912.0	1412.0	0	0.5310381650924683
sub-03	ses-03	run-03	18	1412.0	2089.0	0	0.5454486608505249
sub-03	ses-03	run-03	19	2089.0	110.0	0	0.5336183905601501
sub-03	ses-03	run-03	20	110.0	282.0	0	0.5161609649658203
sub-03	ses-03	run-03	21	282.0	1256.0	0	0.525028645992279
sub-03	ses-03	run-03	22	1256.0	745.0	0	0.5715059041976929
sub-03	ses-03	run-03	23	745.0	1677.0	0	0.576675295829773
sub-03	ses-03	run-03	24	1677.0	874.0	0	0.5417299866676331
sub-03	ses-03	run-03	25	874.0	705.0	0	0.5412471294403076
sub-03	ses-03	run-03	26	705.0	1689.0	0	0.526201069355011
sub-03	ses-03	run-03	27	1689.0	274.0	0	0.5774579048156738
sub-03	ses-03	run-03	28	274.0	1403.0	0	0.6444243788719177
sub-03	ses-03	run-03	29	1403.0	713.0	0	0.6084254384040833
sub-03	ses-03	run-03	30	713.0	875.0	0	0.5576227307319641
sub-03	ses-03	run-03	31	875.0	791.0	0	0.5416589975357056
sub-03	ses-03	run-03	32	791.0	523.0	0	0.552526593208313
sub-03	ses-03	run-03	33	523.0	314.0	0	0.5538541674613953
sub-03	ses-03	run-03	34	314.0	1477.0	0	0.5203514099121094
sub-03	ses-03	run-03	35	1477.0	1174.0	0	0.529951274394989
sub-03	ses-03	run-03	36	1174.0	363.0	0	0.5460264086723328
sub-03	ses-03	run-04	1	baseline	284.0	0	0.5379872918128967
sub-03	ses-03	run-04	2	284.0	633.0	0	0.609259843826294
sub-03	ses-03	run-04	3	633.0	354.0	0	0.5598536729812622
sub-03	ses-03	run-04	4	354.0	770.0	0	0.5855933427810669
sub-03	ses-03	run-04	5	770.0	579.0	0	0.532197117805481
sub-03	ses-03	run-04	6	579.0	2181.0	0	0.5401870608329773
sub-03	ses-03	run-04	7	2181.0	1533.0	0	0.5428438782691956
sub-03	ses-03	run-04	8	1533.0	9.0	0	0.5562479496002197
sub-03	ses-03	run-04	9	9.0	103.0	0	0.5364718437194824
sub-03	ses-03	run-04	10	103.0	1157.0	0	0.536226212978363
sub-03	ses-03	run-04	11	1157.0	1953.0	0	0.5501760244369507
sub-03	ses-03	run-04	12	1953.0	68.0	0	0.5211287140846252
sub-03	ses-03	run-04	13	68.0	862.0	0	0.5416404604911804
sub-03	ses-03	run-04	14	862.0	1734.0	0	0.5568743944168091
sub-03	ses-03	run-04	15	1734.0	1908.0	0	0.5228486657142639
sub-03	ses-03	run-04	16	1908.0	1775.0	0	0.6012105941772461
sub-03	ses-03	run-04	17	1775.0	1440.0	0	0.5648382306098938
sub-03	ses-03	run-04	18	1440.0	619.0	0	0.535984992980957
sub-03	ses-03	run-04	19	619.0	941.0	0	0.550288736820221
sub-03	ses-03	run-04	20	941.0	906.0	0	0.5356444716453552
sub-03	ses-03	run-04	21	906.0	590.0	0	0.5579485893249512
sub-03	ses-03	run-04	22	590.0	1608.0	0	0.5777549743652344
sub-03	ses-03	run-04	23	1608.0	739.0	0	0.5720421075820923
sub-03	ses-03	run-04	24	739.0	601.0	0	0.5860142111778259
sub-03	ses-03	run-04	25	601.0	2174.0	0	0.6566822528839111
sub-03	ses-03	run-04	26	2174.0	1526.0	0	0.6480835676193237
sub-03	ses-03	run-04	27	1526.0	1737.0	0	0.6052590012550354
sub-03	ses-03	run-04	28	1737.0	1653.0	0	0.5133383274078369
sub-03	ses-03	run-04	29	1653.0	782.0	0	0.5274707078933716
sub-03	ses-03	run-04	30	782.0	84.0	0	0.5666046738624573
sub-03	ses-03	run-04	31	84.0	253.0	0	0.546941339969635
sub-03	ses-03	run-04	32	253.0	581.0	0	0.5679216384887695
sub-03	ses-03	run-04	33	581.0	577.0	0	0.5517716407775879
sub-03	ses-03	run-04	34	577.0	1592.0	0	0.5546278953552246
sub-03	ses-03	run-04	35	1592.0	1401.0	0	0.5732294917106628
sub-03	ses-03	run-04	36	1401.0	1367.0	0	0.6016787886619568
sub-03	ses-03	run-05	1	baseline	985.0	0	0.5240709185600281
sub-03	ses-03	run-05	2	985.0	853.0	0	0.5267668962478638
sub-03	ses-03	run-05	3	853.0	2094.0	0	0.5772931575775146
sub-03	ses-03	run-05	4	2094.0	785.0	0	0.5431773066520691
sub-03	ses-03	run-05	5	785.0	431.0	0	0.5530483722686768
sub-03	ses-03	run-05	6	431.0	114.0	0	0.531730592250824
sub-03	ses-03	run-05	7	114.0	432.0	0	0.5481047630310059
sub-03	ses-03	run-05	8	432.0	1839.0	0	0.522343635559082
sub-03	ses-03	run-05	9	1839.0	2125.0	0	0.5391944050788879
sub-03	ses-03	run-05	10	2125.0	1969.0	0	0.5566315054893494
sub-03	ses-03	run-05	11	1969.0	167.0	0	0.5919665098190308
sub-03	ses-03	run-05	12	167.0	111.0	0	0.6347662806510925
sub-03	ses-03	run-05	13	111.0	980.0	0	0.6123422980308533
sub-03	ses-03	run-05	14	980.0	217.0	0	0.5410866141319275
sub-03	ses-03	run-05	15	217.0	1251.0	0	0.5359709858894348
sub-03	ses-03	run-05	16	1251.0	844.0	0	0.5473660826683044
sub-03	ses-03	run-05	17	844.0	483.0	0	0.5365994572639465
sub-03	ses-03	run-05	18	483.0	1046.0	0	0.5703529715538025
sub-03	ses-03	run-05	19	1046.0	1554.0	0	0.546031653881073
sub-03	ses-03	run-05	20	1554.0	10.0	0	0.5613909959793091
sub-03	ses-03	run-05	21	10.0	701.0	0	0.5677023530006409
sub-03	ses-03	run-05	22	701.0	147.0	0	0.566622793674469
sub-03	ses-03	run-05	23	147.0	2028.0	0	0.5879807472229004
sub-03	ses-03	run-05	24	2028.0	2132.0	0	0.5444043874740601
sub-03	ses-03	run-05	25	2132.0	670.0	0	0.5877184867858887
sub-03	ses-03	run-05	26	670.0	1739.0	0	0.5635099411010742
sub-03	ses-03	run-05	27	1739.0	1178.0	0	0.5566562414169312
sub-03	ses-03	run-05	28	1178.0	1882.0	0	0.5476221442222595
sub-03	ses-03	run-05	29	1882.0	197.0	0	0.5414748191833496
sub-03	ses-03	run-05	30	197.0	518.0	0	0.537219226360321
sub-03	ses-03	run-05	31	518.0	963.0	0	0.5479452013969421
sub-03	ses-03	run-05	32	963.0	594.0	0	0.55901038646698
sub-03	ses-03	run-05	33	594.0	428.0	0	0.5641353130340576
sub-03	ses-03	run-05	34	428.0	2026.0	0	0.5602699518203735
sub-03	ses-03	run-05	35	2026.0	22.0	0	0.6803746819496155
sub-03	ses-03	run-05	36	22.0	1190.0	0	0.5617038011550903
sub-03	ses-03	run-06	1	baseline	884.0	0	0.5407924652099609
sub-03	ses-03	run-06	2	884.0	938.0	0	0.5466578602790833
sub-03	ses-03	run-06	3	938.0	824.0	0	0.5427080392837524
sub-03	ses-03	run-06	4	824.0	165.0	0	0.548798680305481
sub-03	ses-03	run-06	5	165.0	1909.0	0	0.6113920211791992
sub-03	ses-03	run-06	6	1909.0	1690.0	0	0.7922371029853821
sub-03	ses-03	run-06	7	1690.0	1521.0	0	0.524713933467865
sub-03	ses-03	run-06	8	1521.0	1617.0	0	0.5581389665603638
sub-03	ses-03	run-06	9	1617.0	1084.0	0	0.5207980275154114
sub-03	ses-03	run-06	10	1084.0	1290.0	0	0.5369638800621033
sub-03	ses-03	run-06	11	1290.0	28.0	0	0.5190157890319824
sub-03	ses-03	run-06	12	28.0	1544.0	0	0.5891106724739075
sub-03	ses-03	run-06	13	1544.0	706.0	0	0.5690491795539856
sub-03	ses-03	run-06	14	706.0	481.0	0	0.5326886177062988
sub-03	ses-03	run-06	15	481.0	1364.0	0	0.5315643548965454
sub-03	ses-03	run-06	16	1364.0	576.0	0	0.5266833901405334
sub-03	ses-03	run-06	17	576.0	1236.0	0	0.5647975206375122
sub-03	ses-03	run-06	18	1236.0	650.0	0	0.5576369166374207
sub-03	ses-03	run-06	19	650.0	2196.0	0	0.556023895740509
sub-03	ses-03	run-06	20	2196.0	1485.0	0	0.6975957751274109
sub-03	ses-03	run-06	21	1485.0	38.0	0	0.6148781776428223
sub-03	ses-03	run-06	22	38.0	1496.0	0	0.5913963913917542
sub-03	ses-03	run-06	23	1496.0	335.0	0	0.5712454915046692
sub-03	ses-03	run-06	24	335.0	154.0	0	0.5450385212898254
sub-03	ses-03	run-06	25	154.0	1271.0	0	0.5039139986038208
sub-03	ses-03	run-06	26	1271.0	2143.0	0	0.5802591443061829
sub-03	ses-03	run-06	27	2143.0	855.0	0	0.5584127902984619
sub-03	ses-03	run-06	28	855.0	1095.0	0	0.5614538788795471
sub-03	ses-03	run-06	29	1095.0	986.0	0	0.5182146430015564
sub-03	ses-03	run-06	30	986.0	565.0	0	0.5109551548957825
sub-03	ses-03	run-06	31	565.0	2075.0	0	0.5504828095436096
sub-03	ses-03	run-06	32	2075.0	1445.0	0	0.6850773692131042
sub-03	ses-03	run-06	33	1445.0	561.0	0	0.7150755524635315
sub-03	ses-03	run-06	34	561.0	493.0	0	0.541572093963623
sub-03	ses-03	run-06	35	493.0	854.0	0	0.5660424828529358
sub-03	ses-03	run-06	36	854.0	815.0	0	0.5306994915008545
sub-03	ses-03	run-07	1	baseline	1181.0	0	0.593726634979248
sub-03	ses-03	run-07	2	1181.0	1794.0	0	0.570349931716919
sub-03	ses-03	run-07	3	1794.0	1799.0	0	0.6116095781326294
sub-03	ses-03	run-07	4	1799.0	447.0	0	0.5535205602645874
sub-03	ses-03	run-07	5	447.0	1035.0	0	0.5453214645385742
sub-03	ses-03	run-07	6	1035.0	1949.0	0	0.558670163154602
sub-03	ses-03	run-07	7	1949.0	992.0	0	0.5980241298675537
sub-03	ses-03	run-07	8	992.0	1764.0	0	0.5920100808143616
sub-03	ses-03	run-07	9	1764.0	553.0	0	0.57215815782547
sub-03	ses-03	run-07	10	553.0	2115.0	0	0.5725005865097046
sub-03	ses-03	run-07	11	2115.0	2092.0	0	0.6211684942245483
sub-03	ses-03	run-07	12	2092.0	1127.0	0	0.5977122783660889
sub-03	ses-03	run-07	13	1127.0	257.0	0	0.5461726784706116
sub-03	ses-03	run-07	14	257.0	1473.0	0	0.5324311256408691
sub-03	ses-03	run-07	15	1473.0	194.0	0	0.5452731251716614
sub-03	ses-03	run-07	16	194.0	458.0	0	0.5467274188995361
sub-03	ses-03	run-07	17	458.0	1118.0	0	0.5689247250556946
sub-03	ses-03	run-07	18	1118.0	1670.0	0	0.5442154407501221
sub-03	ses-03	run-07	19	1670.0	1639.0	0	0.5418209433555603
sub-03	ses-03	run-07	20	1639.0	522.0	0	0.5678765177726746
sub-03	ses-03	run-07	21	522.0	1910.0	0	0.5676178336143494
sub-03	ses-03	run-07	22	1910.0	2021.0	0	0.5547441244125366
sub-03	ses-03	run-07	23	2021.0	1892.0	0	0.5428955554962158
sub-03	ses-03	run-07	24	1892.0	1975.0	0	0.6172623634338379
sub-03	ses-03	run-07	25	1975.0	1219.0	0	0.5534183979034424
sub-03	ses-03	run-07	26	1219.0	2099.0	0	0.5563027858734131
sub-03	ses-03	run-07	27	2099.0	1854.0	0	0.558770477771759
sub-03	ses-03	run-07	28	1854.0	1967.0	0	0.548800528049469
sub-03	ses-03	run-07	29	1967.0	1329.0	0	0.512810468673706
sub-03	ses-03	run-07	30	1329.0	223.0	0	0.5159956812858582
sub-03	ses-03	run-07	31	223.0	1745.0	0	0.53423011302948
sub-03	ses-03	run-07	32	1745.0	838.0	0	0.5396609902381897
sub-03	ses-03	run-07	33	838.0	526.0	0	0.5422612428665161
sub-03	ses-03	run-07	34	526.0	1761.0	0	0.5770938396453857
sub-03	ses-03	run-07	35	1761.0	133.0	0	0.5819716453552246
sub-03	ses-03	run-07	36	133.0	702.0	0	0.5312186479568481
sub-03	ses-03	run-08	1	baseline	942.0	0	0.5916624069213867
sub-03	ses-03	run-08	2	942.0	1801.0	0	0.6145195960998535
sub-03	ses-03	run-08	3	1801.0	1102.0	0	0.5832187533378601
sub-03	ses-03	run-08	4	1102.0	102.0	0	0.5228196382522583
sub-03	ses-03	run-08	5	102.0	814.0	0	0.5376571416854858
sub-03	ses-03	run-08	6	814.0	2018.0	0	0.5730259418487549
sub-03	ses-03	run-08	7	2018.0	737.0	0	0.5376066565513611
sub-03	ses-03	run-08	8	737.0	658.0	0	0.5101279616355896
sub-03	ses-03	run-08	9	658.0	610.0	0	0.5348072648048401
sub-03	ses-03	run-08	10	610.0	538.0	0	0.5235143899917603
sub-03	ses-03	run-08	11	538.0	160.0	0	0.5383273363113403
sub-03	ses-03	run-08	12	160.0	1069.0	0	0.6685542464256287
sub-03	ses-03	run-08	13	1069.0	1058.0	0	0.6282280087471008
sub-03	ses-03	run-08	14	1058.0	1895.0	0	0.5718919634819031
sub-03	ses-03	run-08	15	1895.0	1052.0	0	0.5952584743499756
sub-03	ses-03	run-08	16	1052.0	13.0	0	0.6306672692298889
sub-03	ses-03	run-08	17	13.0	337.0	0	0.5447760820388794
sub-03	ses-03	run-08	18	337.0	1100.0	0	0.5374755859375
sub-03	ses-03	run-08	19	1100.0	796.0	0	0.5521963834762573
sub-03	ses-03	run-08	20	796.0	213.0	0	0.548005998134613
sub-03	ses-03	run-08	21	213.0	1658.0	0	0.53941810131073
sub-03	ses-03	run-08	22	1658.0	410.0	0	0.5359601974487305
sub-03	ses-03	run-08	23	410.0	591.0	0	0.5556201338768005
sub-03	ses-03	run-08	24	591.0	415.0	0	0.563563346862793
sub-03	ses-03	run-08	25	415.0	611.0	0	0.5324293971061707
sub-03	ses-03	run-08	26	611.0	1635.0	0	0.5867934823036194
sub-03	ses-03	run-08	27	1635.0	560.0	0	0.6196910738945007
sub-03	ses-03	run-08	28	560.0	1268.0	0	0.6376914381980896
sub-03	ses-03	run-08	29	1268.0	2112.0	0	0.5639324188232422
sub-03	ses-03	run-08	30	2112.0	1119.0	0	0.5518938899040222
sub-03	ses-03	run-08	31	1119.0	216.0	0	0.5490089654922485
sub-03	ses-03	run-08	32	216.0	630.0	0	0.5883356332778931
sub-03	ses-03	run-08	33	630.0	429.0	0	0.5748740434646606
sub-03	ses-03	run-08	34	429.0	736.0	0	0.526832103729248
sub-03	ses-03	run-08	35	736.0	1301.0	0	0.5522509813308716
sub-03	ses-03	run-08	36	1301.0	653.0	0	0.6224998831748962
sub-03	ses-04	run-01	1	baseline	2128.0	0	0.5674352049827576
sub-03	ses-04	run-01	2	2128.0	1450.0	0	0.5535671710968018
sub-03	ses-04	run-01	3	1450.0	597.0	0	0.5431894063949585
sub-03	ses-04	run-01	4	597.0	2164.0	0	0.5983458161354065
sub-03	ses-04	run-01	5	2164.0	72.0	0	0.6103804111480713
sub-03	ses-04	run-01	6	72.0	1696.0	0	0.6126503944396973
sub-03	ses-04	run-01	7	1696.0	1712.0	0	0.5416930913925171
sub-03	ses-04	run-01	8	1712.0	480.0	0	0.530762255191803
sub-03	ses-04	run-01	9	480.0	858.0	0	0.5258285403251648
sub-03	ses-04	run-01	10	858.0	1574.0	0	0.5418705940246582
sub-03	ses-04	run-01	11	1574.0	1417.0	0	0.5214855670928955
sub-03	ses-04	run-01	12	1417.0	1029.0	0	0.5231798887252808
sub-03	ses-04	run-01	13	1029.0	1931.0	0	0.5429397225379944
sub-03	ses-04	run-01	14	1931.0	1509.0	0	0.5504599213600159
sub-03	ses-04	run-01	15	1509.0	809.0	0	0.5383938550949097
sub-03	ses-04	run-01	16	809.0	1207.0	0	0.5515250563621521
sub-03	ses-04	run-01	17	1207.0	1003.0	0	0.5233622789382935
sub-03	ses-04	run-01	18	1003.0	816.0	0	0.5658251643180847
sub-03	ses-04	run-01	19	816.0	738.0	0	0.5773810744285583
sub-03	ses-04	run-01	20	738.0	634.0	0	0.5738254189491272
sub-03	ses-04	run-01	21	634.0	1679.0	0	0.5490859746932983
sub-03	ses-04	run-01	22	1679.0	1614.0	0	0.6423994302749634
sub-03	ses-04	run-01	23	1614.0	693.0	0	0.6030340194702148
sub-03	ses-04	run-01	24	693.0	1625.0	0	0.612878680229187
sub-03	ses-04	run-01	25	1625.0	761.0	0	0.5563492178916931
sub-03	ses-04	run-01	26	761.0	358.0	0	0.58758145570755
sub-03	ses-04	run-01	27	358.0	1408.0	0	0.5463081002235413
sub-03	ses-04	run-01	28	1408.0	285.0	0	0.5857546925544739
sub-03	ses-04	run-01	29	285.0	2073.0	0	0.552503764629364
sub-03	ses-04	run-01	30	2073.0	1956.0	0	0.5719218850135803
sub-03	ses-04	run-01	31	1956.0	305.0	0	0.5811551809310913
sub-03	ses-04	run-01	32	305.0	767.0	0	0.5385732650756836
sub-03	ses-04	run-01	33	767.0	1183.0	0	0.5470799207687378
sub-03	ses-04	run-01	34	1183.0	1312.0	0	0.5596867203712463
sub-03	ses-04	run-01	35	1312.0	1698.0	0	0.5731686353683472
sub-03	ses-04	run-01	36	1698.0	1525.0	0	0.597200334072113
sub-03	ses-04	run-02	1	baseline	1814.0	0	0.5838618874549866
sub-03	ses-04	run-02	2	1814.0	1432.0	0	0.5712125897407532
sub-03	ses-04	run-02	3	1432.0	573.0	0	0.6169596910476685
sub-03	ses-04	run-02	4	573.0	1866.0	0	0.5761398077011108
sub-03	ses-04	run-02	5	1866.0	524.0	0	0.5514047741889954
sub-03	ses-04	run-02	6	524.0	2042.0	0	0.6397961378097534
sub-03	ses-04	run-02	7	2042.0	2158.0	0	0.5825449824333191
sub-03	ses-04	run-02	8	2158.0	666.0	0	0.5518065094947815
sub-03	ses-04	run-02	9	666.0	1291.0	0	0.6242823600769043
sub-03	ses-04	run-02	10	1291.0	125.0	0	0.6658844947814941
sub-03	ses-04	run-02	11	125.0	1703.0	0	0.5575083494186401
sub-03	ses-04	run-02	12	1703.0	1559.0	0	0.5678118467330933
sub-03	ses-04	run-02	13	1559.0	1749.0	0	0.5828362703323364
sub-03	ses-04	run-02	14	1749.0	1357.0	0	0.5848684310913086
sub-03	ses-04	run-02	15	1357.0	1294.0	0	0.5452836155891418
sub-03	ses-04	run-02	16	1294.0	43.0	0	0.5403014421463013
sub-03	ses-04	run-02	17	43.0	1869.0	0	0.5642096996307373
sub-03	ses-04	run-02	18	1869.0	1966.0	0	0.6307300925254822
sub-03	ses-04	run-02	19	1966.0	1415.0	0	0.5173622369766235
sub-03	ses-04	run-02	20	1415.0	517.0	0	0.5389596819877625
sub-03	ses-04	run-02	21	517.0	1155.0	0	0.5937649011611938
sub-03	ses-04	run-02	22	1155.0	1994.0	0	0.5264449119567871
sub-03	ses-04	run-02	23	1994.0	16.0	0	0.5944737195968628
sub-03	ses-04	run-02	24	16.0	1753.0	0	0.5591931343078613
sub-03	ses-04	run-02	25	1753.0	727.0	0	0.522229015827179
sub-03	ses-04	run-02	26	727.0	935.0	0	0.567665159702301
sub-03	ses-04	run-02	27	935.0	621.0	0	0.5620834231376648
sub-03	ses-04	run-02	28	621.0	475.0	0	0.608611524105072
sub-03	ses-04	run-02	29	475.0	1128.0	0	0.581225574016571
sub-03	ses-04	run-02	30	1128.0	1750.0	0	0.6291331052780151
sub-03	ses-04	run-02	31	1750.0	267.0	0	0.5833461880683899
sub-03	ses-04	run-02	32	267.0	343.0	0	0.5741298794746399
sub-03	ses-04	run-02	33	343.0	1924.0	0	0.5461999177932739
sub-03	ses-04	run-02	34	1924.0	60.0	0	0.5766739249229431
sub-03	ses-04	run-02	35	60.0	1806.0	0	0.5930721759796143
sub-03	ses-04	run-02	36	1806.0	2153.0	0	0.5718157291412354
sub-03	ses-04	run-03	1	baseline	384.0	0	0.5359367728233337
sub-03	ses-04	run-03	2	384.0	583.0	0	0.5579447150230408
sub-03	ses-04	run-03	3	583.0	571.0	0	0.5544896721839905
sub-03	ses-04	run-03	4	571.0	1335.0	0	0.565321683883667
sub-03	ses-04	run-03	5	1335.0	1484.0	0	0.5614943504333496
sub-03	ses-04	run-03	6	1484.0	2103.0	0	0.5658069849014282
sub-03	ses-04	run-03	7	2103.0	1647.0	0	0.5553338527679443
sub-03	ses-04	run-03	8	1647.0	1651.0	0	0.5655248165130615
sub-03	ses-04	run-03	9	1651.0	397.0	0	0.5667009949684143
sub-03	ses-04	run-03	10	397.0	134.0	0	0.5680686831474304
sub-03	ses-04	run-03	11	134.0	1186.0	0	0.5433310270309448
sub-03	ses-04	run-03	12	1186.0	1885.0	0	0.546884298324585
sub-03	ses-04	run-03	13	1885.0	1797.0	0	0.5300137400627136
sub-03	ses-04	run-03	14	1797.0	765.0	0	0.5605642199516296
sub-03	ses-04	run-03	15	765.0	532.0	0	0.5570629239082336
sub-03	ses-04	run-03	16	532.0	423.0	0	0.5958563089370728
sub-03	ses-04	run-03	17	423.0	649.0	0	0.6631625890731812
sub-03	ses-04	run-03	18	649.0	987.0	0	0.6137908697128296
sub-03	ses-04	run-03	19	987.0	841.0	0	0.5897871255874634
sub-03	ses-04	run-03	20	841.0	2157.0	0	0.5746321678161621
sub-03	ses-04	run-03	21	2157.0	1051.0	0	0.5358542203903198
sub-03	ses-04	run-03	22	1051.0	2172.0	0	0.5451999306678772
sub-03	ses-04	run-03	23	2172.0	674.0	0	0.5479105710983276
sub-03	ses-04	run-03	24	674.0	62.0	0	0.5451350212097168
sub-03	ses-04	run-03	25	62.0	1452.0	0	0.5517667531967163
sub-03	ses-04	run-03	26	1452.0	1282.0	0	0.5736600756645203
sub-03	ses-04	run-03	27	1282.0	1774.0	0	0.5545708537101746
sub-03	ses-04	run-03	28	1774.0	1773.0	0	0.6382354497909546
sub-03	ses-04	run-03	29	1773.0	204.0	0	0.5711122155189514
sub-03	ses-04	run-03	30	204.0	1252.0	0	0.5347771048545837
sub-03	ses-04	run-03	31	1252.0	525.0	0	0.5962886810302734
sub-03	ses-04	run-03	32	525.0	592.0	0	0.5705962181091309
sub-03	ses-04	run-03	33	592.0	255.0	0	0.6029442548751831
sub-03	ses-04	run-03	34	255.0	1012.0	0	0.6326165795326233
sub-03	ses-04	run-03	35	1012.0	1214.0	0	0.5590364336967468
sub-03	ses-04	run-03	36	1214.0	2053.0	0	0.5335348844528198
sub-03	ses-04	run-04	1	baseline	1314.0	0	0.5643225908279419
sub-03	ses-04	run-04	2	1314.0	177.0	0	0.6327986121177673
sub-03	ses-04	run-04	3	177.0	137.0	0	0.5569182634353638
sub-03	ses-04	run-04	4	137.0	869.0	0	0.567061722278595
sub-03	ses-04	run-04	5	869.0	1247.0	0	0.5647959113121033
sub-03	ses-04	run-04	6	1247.0	1803.0	0	0.5496209859848022
sub-03	ses-04	run-04	7	1803.0	627.0	0	0.5498024225234985
sub-03	ses-04	run-04	8	627.0	1285.0	0	0.5665259957313538
sub-03	ses-04	run-04	9	1285.0	880.0	0	0.5561535954475403
sub-03	ses-04	run-04	10	880.0	1137.0	0	0.5260968804359436
sub-03	ses-04	run-04	11	1137.0	1474.0	0	0.5394005179405212
sub-03	ses-04	run-04	12	1474.0	901.0	0	0.5487529635429382
sub-03	ses-04	run-04	13	901.0	1466.0	0	0.5697485208511353
sub-03	ses-04	run-04	14	1466.0	1634.0	0	0.5321322083473206
sub-03	ses-04	run-04	15	1634.0	1491.0	0	0.5178438425064087
sub-03	ses-04	run-04	16	1491.0	341.0	0	0.5559093356132507
sub-03	ses-04	run-04	17	341.0	529.0	0	0.5550170540809631
sub-03	ses-04	run-04	18	529.0	606.0	0	0.5323829054832458
sub-03	ses-04	run-04	19	606.0	190.0	0	0.549221396446228
sub-03	ses-04	run-04	20	190.0	2179.0	0	0.5293493866920471
sub-03	ses-04	run-04	21	2179.0	2087.0	0	0.5466680526733398
sub-03	ses-04	run-04	22	2087.0	1545.0	0	0.5712125897407532
sub-03	ses-04	run-04	23	1545.0	2152.0	0	0.644122838973999
sub-03	ses-04	run-04	24	2152.0	1779.0	0	0.611843466758728
sub-03	ses-04	run-04	25	1779.0	228.0	0	0.5961467623710632
sub-03	ses-04	run-04	26	228.0	755.0	0	0.5470237731933594
sub-03	ses-04	run-04	27	755.0	1552.0	0	0.5474037528038025
sub-03	ses-04	run-04	28	1552.0	1624.0	0	0.5170139074325562
sub-03	ses-04	run-04	29	1624.0	1686.0	0	0.5634486675262451
sub-03	ses-04	run-04	30	1686.0	663.0	0	0.5557109713554382
sub-03	ses-04	run-04	31	663.0	332.0	0	0.5498016476631165
sub-03	ses-04	run-04	32	332.0	1832.0	0	0.5495068430900574
sub-03	ses-04	run-04	33	1832.0	1043.0	0	0.6010226607322693
sub-03	ses-04	run-04	34	1043.0	325.0	0	0.6034813523292542
sub-03	ses-04	run-04	35	325.0	12.0	0	0.6088882684707642
sub-03	ses-04	run-04	36	12.0	1196.0	0	0.6104219555854797
sub-03	ses-04	run-05	1	baseline	1992.0	0	0.5406854152679443
sub-03	ses-04	run-05	2	1992.0	227.0	0	0.5577017068862915
sub-03	ses-04	run-05	3	227.0	297.0	0	0.5847397446632385
sub-03	ses-04	run-05	4	297.0	388.0	0	0.5838941335678101
sub-03	ses-04	run-05	5	388.0	575.0	0	0.5393922328948975
sub-03	ses-04	run-05	6	575.0	1669.0	0	0.5346497893333435
sub-03	ses-04	run-05	7	1669.0	1678.0	0	0.6438674330711365
sub-03	ses-04	run-05	8	1678.0	999.0	0	0.7600005865097046
sub-03	ses-04	run-05	9	999.0	948.0	0	0.6561077833175659
sub-03	ses-04	run-05	10	948.0	1822.0	0	0.5616610646247864
sub-03	ses-04	run-05	11	1822.0	1652.0	0	0.5422909259796143
sub-03	ses-04	run-05	12	1652.0	220.0	0	0.5245882868766785
sub-03	ses-04	run-05	13	220.0	1434.0	0	0.5422140955924988
sub-03	ses-04	run-05	14	1434.0	333.0	0	0.5365641713142395
sub-03	ses-04	run-05	15	333.0	478.0	0	0.5561161637306213
sub-03	ses-04	run-05	16	478.0	1738.0	0	0.5383512377738953
sub-03	ses-04	run-05	17	1738.0	1685.0	0	0.5494494438171387
sub-03	ses-04	run-05	18	1685.0	350.0	0	0.5385240912437439
sub-03	ses-04	run-05	19	350.0	21.0	0	0.5933613181114197
sub-03	ses-04	run-05	20	21.0	406.0	0	0.5963971614837646
sub-03	ses-04	run-05	21	406.0	1039.0	0	0.5703005790710449
sub-03	ses-04	run-05	22	1039.0	1406.0	0	0.6420441269874573
sub-03	ses-04	run-05	23	1406.0	1605.0	0	0.6185306906700134
sub-03	ses-04	run-05	24	1605.0	831.0	0	0.5331807136535645
sub-03	ses-04	run-05	25	831.0	1076.0	0	0.5516228079795837
sub-03	ses-04	run-05	26	1076.0	1235.0	0	0.5649079084396362
sub-03	ses-04	run-05	27	1235.0	1203.0	0	0.5198279023170471
sub-03	ses-04	run-05	28	1203.0	1034.0	0	0.5418873429298401
sub-03	ses-04	run-05	29	1034.0	1824.0	0	0.5594315528869629
sub-03	ses-04	run-05	30	1824.0	35.0	0	0.5226062536239624
sub-03	ses-04	run-05	31	35.0	399.0	0	0.5200187563896179
sub-03	ses-04	run-05	32	399.0	1159.0	0	0.5564625263214111
sub-03	ses-04	run-05	33	1159.0	1640.0	0	0.5567830801010132
sub-03	ses-04	run-05	34	1640.0	1586.0	0	0.5733230113983154
sub-03	ses-04	run-05	35	1586.0	437.0	0	0.6525332927703857
sub-03	ses-04	run-05	36	437.0	997.0	0	0.6294249892234802
sub-03	ses-04	run-06	1	baseline	377.0	0	0.5916934609413147
sub-03	ses-04	run-06	2	377.0	1904.0	0	0.5601822137832642
sub-03	ses-04	run-06	3	1904.0	2095.0	0	0.5816328525543213
sub-03	ses-04	run-06	4	2095.0	380.0	0	0.6100035309791565
sub-03	ses-04	run-06	5	380.0	53.0	0	0.5943388938903809
sub-03	ses-04	run-06	6	53.0	2041.0	0	0.5735569596290588
sub-03	ses-04	run-06	7	2041.0	1649.0	0	0.5450264811515808
sub-03	ses-04	run-06	8	1649.0	1493.0	0	0.5489661693572998
sub-03	ses-04	run-06	9	1493.0	889.0	0	0.5786677598953247
sub-03	ses-04	run-06	10	889.0	1318.0	0	0.5412530899047852
sub-03	ses-04	run-06	11	1318.0	1175.0	0	0.5986254811286926
sub-03	ses-04	run-06	12	1175.0	974.0	0	0.5667988061904907
sub-03	ses-04	run-06	13	974.0	1177.0	0	0.533804714679718
sub-03	ses-04	run-06	14	1177.0	1370.0	0	0.54238361120224
sub-03	ses-04	run-06	15	1370.0	679.0	0	0.5461209416389465
sub-03	ses-04	run-06	16	679.0	2071.0	0	0.5469688773155212
sub-03	ses-04	run-06	17	2071.0	476.0	0	0.5640908479690552
sub-03	ses-04	run-06	18	476.0	2058.0	0	0.5689513683319092
sub-03	ses-04	run-06	19	2058.0	1085.0	0	0.5979611873626709
sub-03	ses-04	run-06	20	1085.0	1515.0	0	0.6830565333366394
sub-03	ses-04	run-06	21	1515.0	2031.0	0	0.6428999304771423
sub-03	ses-04	run-06	22	2031.0	1868.0	0	0.5620070099830627
sub-03	ses-04	run-06	23	1868.0	699.0	0	0.539679229259491
sub-03	ses-04	run-06	24	699.0	1429.0	0	0.5955163240432739
sub-03	ses-04	run-06	25	1429.0	1093.0	0	0.5290901064872742
sub-03	ses-04	run-06	26	1093.0	598.0	0	0.5580222010612488
sub-03	ses-04	run-06	27	598.0	1725.0	0	0.5464599132537842
sub-03	ses-04	run-06	28	1725.0	1065.0	0	0.5392041206359863
sub-03	ses-04	run-06	29	1065.0	1212.0	0	0.5487684607505798
sub-03	ses-04	run-06	30	1212.0	1096.0	0	0.5796804428100586
sub-03	ses-04	run-06	31	1096.0	1830.0	0	0.5640813708305359
sub-03	ses-04	run-06	32	1830.0	1724.0	0	0.5384836792945862
sub-03	ses-04	run-06	33	1724.0	1201.0	0	0.5322721004486084
sub-03	ses-04	run-06	34	1201.0	1813.0	0	0.618647575378418
sub-03	ses-04	run-06	35	1813.0	1612.0	0	0.6586146950721741
sub-03	ses-04	run-06	36	1612.0	513.0	0	0.5785489082336426
sub-03	ses-04	run-07	1	baseline	2194.0	0	0.5906010270118713
sub-03	ses-04	run-07	2	2194.0	2032.0	0	0.5700510740280151
sub-03	ses-04	run-07	3	2032.0	99.0	0	0.552483856678009
sub-03	ses-04	run-07	4	99.0	1265.0	0	0.5498703718185425
sub-03	ses-04	run-07	5	1265.0	207.0	0	0.5470660924911499
sub-03	ses-04	run-07	6	207.0	29.0	0	0.5394896864891052
sub-03	ses-04	run-07	7	29.0	266.0	0	0.5380550026893616
sub-03	ses-04	run-07	8	266.0	189.0	0	0.5732008814811707
sub-03	ses-04	run-07	9	189.0	690.0	0	0.545204222202301
sub-03	ses-04	run-07	10	690.0	473.0	0	0.6035176515579224
sub-03	ses-04	run-07	11	473.0	1045.0	0	0.5419655442237854
sub-03	ses-04	run-07	12	1045.0	75.0	0	0.5233035087585449
sub-03	ses-04	run-07	13	75.0	1396.0	0	0.5502778887748718
sub-03	ses-04	run-07	14	1396.0	1303.0	0	0.5627783536911011
sub-03	ses-04	run-07	15	1303.0	2118.0	0	0.6210163235664368
sub-03	ses-04	run-07	16	2118.0	1578.0	0	0.6475551128387451
sub-03	ses-04	run-07	17	1578.0	1871.0	0	0.585686206817627
sub-03	ses-04	run-07	18	1871.0	152.0	0	0.6807822585105896
sub-03	ses-04	run-07	19	152.0	1033.0	0	0.5786581039428711
sub-03	ses-04	run-07	20	1033.0	1430.0	0	0.5443993806838989
sub-03	ses-04	run-07	21	1430.0	1313.0	0	0.5530844330787659
sub-03	ses-04	run-07	22	1313.0	537.0	0	0.5465531349182129
sub-03	ses-04	run-07	23	537.0	1672.0	0	0.5542040467262268
sub-03	ses-04	run-07	24	1672.0	2052.0	0	0.5400028228759766
sub-03	ses-04	run-07	25	2052.0	1143.0	0	0.5503252148628235
sub-03	ses-04	run-07	26	1143.0	466.0	0	0.5865556001663208
sub-03	ses-04	run-07	27	466.0	346.0	0	0.5409315824508667
sub-03	ses-04	run-07	28	346.0	25.0	0	0.6315743923187256
sub-03	ses-04	run-07	29	25.0	768.0	0	0.6515669822692871
sub-03	ses-04	run-07	30	768.0	1008.0	0	0.6239094734191895
sub-03	ses-04	run-07	31	1008.0	1528.0	0	0.6099585294723511
sub-03	ses-04	run-07	32	1528.0	387.0	0	0.5585217475891113
sub-03	ses-04	run-07	33	387.0	47.0	0	0.5552822351455688
sub-03	ses-04	run-07	34	47.0	1518.0	0	0.570889949798584
sub-03	ses-04	run-07	35	1518.0	1700.0	0	0.5543997883796692
sub-03	ses-04	run-07	36	1700.0	1606.0	0	0.5783416628837585
sub-03	ses-04	run-08	1	baseline	2192.0	0	0.5809869766235352
sub-03	ses-04	run-08	2	2192.0	90.0	0	0.5508415102958679
sub-03	ses-04	run-08	3	90.0	548.0	0	0.5259577631950378
sub-03	ses-04	run-08	4	548.0	1369.0	0	0.5413330793380737
sub-03	ses-04	run-08	5	1369.0	1248.0	0	0.5848119854927063
sub-03	ses-04	run-08	6	1248.0	1555.0	0	0.5936558842658997
sub-03	ses-04	run-08	7	1555.0	1694.0	0	0.5289379358291626
sub-03	ses-04	run-08	8	1694.0	1598.0	0	0.5692559480667114
sub-03	ses-04	run-08	9	1598.0	700.0	0	0.5381438732147217
sub-03	ses-04	run-08	10	700.0	463.0	0	0.532950758934021
sub-03	ses-04	run-08	11	463.0	326.0	0	0.5802904963493347
sub-03	ses-04	run-08	12	326.0	484.0	0	0.7154707312583923
sub-03	ses-04	run-08	13	484.0	1546.0	0	0.6067236661911011
sub-03	ses-04	run-08	14	1546.0	1973.0	0	0.6566559076309204
sub-03	ses-04	run-08	15	1973.0	2016.0	0	0.5643886923789978
sub-03	ses-04	run-08	16	2016.0	336.0	0	0.5679666996002197
sub-03	ses-04	run-08	17	336.0	829.0	0	0.6305010318756104
sub-03	ses-04	run-08	18	829.0	1857.0	0	0.5711341500282288
sub-03	ses-04	run-08	19	1857.0	272.0	0	0.5734274387359619
sub-03	ses-04	run-08	20	272.0	648.0	0	0.6297023892402649
sub-03	ses-04	run-08	21	648.0	977.0	0	0.5493394136428833
sub-03	ses-04	run-08	22	977.0	940.0	0	0.5249539017677307
sub-03	ses-04	run-08	23	940.0	2142.0	0	0.584347665309906
sub-03	ses-04	run-08	24	2142.0	120.0	0	0.526850700378418
sub-03	ses-04	run-08	25	120.0	1673.0	0	0.5507060289382935
sub-03	ses-04	run-08	26	1673.0	1346.0	0	0.580710768699646
sub-03	ses-04	run-08	27	1346.0	1713.0	0	0.5707264542579651
sub-03	ses-04	run-08	28	1713.0	1503.0	0	0.5752946734428406
sub-03	ses-04	run-08	29	1503.0	1561.0	0	0.5309008359909058
sub-03	ses-04	run-08	30	1561.0	1729.0	0	0.5643205642700195
sub-03	ses-04	run-08	31	1729.0	1398.0	0	0.545600414276123
sub-03	ses-04	run-08	32	1398.0	226.0	0	0.5519135594367981
sub-03	ses-04	run-08	33	226.0	2025.0	0	0.5323121547698975
sub-03	ses-04	run-08	34	2025.0	136.0	0	0.554233193397522
sub-03	ses-04	run-08	35	136.0	379.0	0	0.5814322829246521
sub-03	ses-04	run-08	36	379.0	807.0	0	0.5654222369194031
sub-03	ses-05	run-01	1	baseline	1789.0	0	0.5421087741851807
sub-03	ses-05	run-01	2	1789.0	851.0	0	0.5930792093276978
sub-03	ses-05	run-01	3	851.0	1072.0	0	0.550151526927948
sub-03	ses-05	run-01	4	1072.0	1939.0	0	0.5802578330039978
sub-03	ses-05	run-01	5	1939.0	118.0	0	0.5709787011146545
sub-03	ses-05	run-01	6	118.0	1228.0	0	0.60395747423172
sub-03	ses-05	run-01	7	1228.0	298.0	0	0.5670419335365295
sub-03	ses-05	run-01	8	298.0	250.0	0	0.5839969515800476
sub-03	ses-05	run-01	9	250.0	1522.0	0	0.567099392414093
sub-03	ses-05	run-01	10	1522.0	827.0	0	0.5362706780433655
sub-03	ses-05	run-01	11	827.0	308.0	0	0.5625659227371216
sub-03	ses-05	run-01	12	308.0	1038.0	0	0.5437271595001221
sub-03	ses-05	run-01	13	1038.0	1147.0	0	0.5776941776275635
sub-03	ses-05	run-01	14	1147.0	1409.0	0	0.568638265132904
sub-03	ses-05	run-01	15	1409.0	256.0	0	0.5824007987976074
sub-03	ses-05	run-01	16	256.0	870.0	0	0.5995480418205261
sub-03	ses-05	run-01	17	870.0	1443.0	0	0.6056470274925232
sub-03	ses-05	run-01	18	1443.0	77.0	0	0.6156162023544312
sub-03	ses-05	run-01	19	77.0	1765.0	0	0.5748593807220459
sub-03	ses-05	run-01	20	1765.0	1105.0	0	0.5738963484764099
sub-03	ses-05	run-01	21	1105.0	187.0	0	0.5534749627113342
sub-03	ses-05	run-01	22	187.0	1769.0	0	0.5591777563095093
sub-03	ses-05	run-01	23	1769.0	1863.0	0	0.581899881362915
sub-03	ses-05	run-01	24	1863.0	1272.0	0	0.5365147590637207
sub-03	ses-05	run-01	25	1272.0	2144.0	0	0.527404248714447
sub-03	ses-05	run-01	26	2144.0	603.0	0	0.5954077839851379
sub-03	ses-05	run-01	27	603.0	763.0	0	0.5651472806930542
sub-03	ses-05	run-01	28	763.0	626.0	0	0.5422869920730591
sub-03	ses-05	run-01	29	626.0	409.0	0	0.5378667712211609
sub-03	ses-05	run-01	30	409.0	1125.0	0	0.5781536102294922
sub-03	ses-05	run-01	31	1125.0	106.0	0	0.5279627442359924
sub-03	ses-05	run-01	32	106.0	1476.0	0	0.555611252784729
sub-03	ses-05	run-01	33	1476.0	2151.0	0	0.5820659399032593
sub-03	ses-05	run-01	34	2151.0	1730.0	0	0.5294219851493835
sub-03	ses-05	run-01	35	1730.0	1238.0	0	0.5211390256881714
sub-03	ses-05	run-01	36	1238.0	1436.0	0	0.6295973062515259
sub-03	ses-05	run-02	1	baseline	1843.0	0	0.5271576046943665
sub-03	ses-05	run-02	2	1843.0	2123.0	0	0.565615177154541
sub-03	ses-05	run-02	3	2123.0	98.0	0	0.5688391923904419
sub-03	ses-05	run-02	4	98.0	1447.0	0	0.5993459820747375
sub-03	ses-05	run-02	5	1447.0	2061.0	0	0.5897635817527771
sub-03	ses-05	run-02	6	2061.0	1227.0	0	0.539498507976532
sub-03	ses-05	run-02	7	1227.0	898.0	0	0.5188406705856323
sub-03	ses-05	run-02	8	898.0	1751.0	0	0.5196006894111633
sub-03	ses-05	run-02	9	1751.0	1579.0	0	0.5114195942878723
sub-03	ses-05	run-02	10	1579.0	896.0	0	0.5449903011322021
sub-03	ses-05	run-02	11	896.0	420.0	0	0.5620261430740356
sub-03	ses-05	run-02	12	420.0	1611.0	0	0.5453319549560547
sub-03	ses-05	run-02	13	1611.0	2040.0	0	0.567885160446167
sub-03	ses-05	run-02	14	2040.0	2066.0	0	0.5607774257659912
sub-03	ses-05	run-02	15	2066.0	552.0	0	0.5678049921989441
sub-03	ses-05	run-02	16	552.0	1001.0	0	0.5712730288505554
sub-03	ses-05	run-02	17	1001.0	501.0	0	0.5617889165878296
sub-03	ses-05	run-02	18	501.0	1947.0	0	0.5351619124412537
sub-03	ses-05	run-02	19	1947.0	1293.0	0	0.5634875893592834
sub-03	ses-05	run-02	20	1293.0	1603.0	0	0.5464920997619629
sub-03	ses-05	run-02	21	1603.0	1945.0	0	0.5459486246109009
sub-03	ses-05	run-02	22	1945.0	1326.0	0	0.5040838718414307
sub-03	ses-05	run-02	23	1326.0	1435.0	0	0.5173611044883728
sub-03	ses-05	run-02	24	1435.0	1626.0	0	0.5206193923950195
sub-03	ses-05	run-02	25	1626.0	2180.0	0	0.5142920017242432
sub-03	ses-05	run-02	26	2180.0	1205.0	0	0.5591853260993958
sub-03	ses-05	run-02	27	1205.0	49.0	0	0.5988683700561523
sub-03	ses-05	run-02	28	49.0	469.0	0	0.5906700491905212
sub-03	ses-05	run-02	29	469.0	2141.0	0	0.5760953426361084
sub-03	ses-05	run-02	30	2141.0	1233.0	0	0.578022301197052
sub-03	ses-05	run-02	31	1233.0	279.0	0	0.5699284076690674
sub-03	ses-05	run-02	32	279.0	2165.0	0	0.6001938581466675
sub-03	ses-05	run-02	33	2165.0	696.0	0	0.531105637550354
sub-03	ses-05	run-02	34	696.0	1080.0	0	0.5465772151947021
sub-03	ses-05	run-02	35	1080.0	2104.0	0	0.5321812033653259
sub-03	ses-05	run-02	36	2104.0	474.0	0	0.5401434898376465
sub-03	ses-05	run-03	1	baseline	645.0	0	0.5318577885627747
sub-03	ses-05	run-03	2	645.0	1322.0	0	0.5183486342430115
sub-03	ses-05	run-03	3	1322.0	638.0	0	0.5276204943656921
sub-03	ses-05	run-03	4	638.0	425.0	0	0.5296648740768433
sub-03	ses-05	run-03	5	425.0	1187.0	0	0.5297257304191589
sub-03	ses-05	run-03	6	1187.0	2063.0	0	0.5280057191848755
sub-03	ses-05	run-03	7	2063.0	1903.0	0	0.5199182033538818
sub-03	ses-05	run-03	8	1903.0	614.0	0	0.5257184505462646
sub-03	ses-05	run-03	9	614.0	104.0	0	0.49029356241226196
sub-03	ses-05	run-03	10	104.0	32.0	0	0.5370398163795471
sub-03	ses-05	run-03	11	32.0	1381.0	0	0.4853256642818451
sub-03	ses-05	run-03	12	1381.0	563.0	0	0.5265302062034607
sub-03	ses-05	run-03	13	563.0	1498.0	0	0.540504515171051
sub-03	ses-05	run-03	14	1498.0	1006.0	0	0.5337100625038147
sub-03	ses-05	run-03	15	1006.0	803.0	0	0.5614500641822815
sub-03	ses-05	run-03	16	803.0	1018.0	0	0.5514944791793823
sub-03	ses-05	run-03	17	1018.0	2170.0	0	0.5518758893013
sub-03	ses-05	run-03	18	2170.0	1371.0	0	0.5284959673881531
sub-03	ses-05	run-03	19	1371.0	1023.0	0	0.5311357975006104
sub-03	ses-05	run-03	20	1023.0	845.0	0	0.5874018669128418
sub-03	ses-05	run-03	21	845.0	1113.0	0	0.5638601779937744
sub-03	ses-05	run-03	22	1113.0	188.0	0	0.9665815234184265
sub-03	ses-05	run-03	23	188.0	1692.0	0	0.5816025733947754
sub-03	ses-05	run-03	24	1692.0	508.0	0	0.6030288934707642
sub-03	ses-05	run-03	25	508.0	943.0	0	0.524678647518158
sub-03	ses-05	run-03	26	943.0	808.0	0	0.5716496109962463
sub-03	ses-05	run-03	27	808.0	802.0	0	0.4764532446861267
sub-03	ses-05	run-03	28	802.0	301.0	0	0.4919443428516388
sub-03	ses-05	run-03	29	301.0	1646.0	0	0.5537390112876892
sub-03	ses-05	run-03	30	1646.0	434.0	0	0.494307279586792
sub-03	ses-05	run-03	31	434.0	1296.0	0	0.5011877417564392
sub-03	ses-05	run-03	32	1296.0	1223.0	0	0.512538492679596
sub-03	ses-05	run-03	33	1223.0	1471.0	0	0.5112939476966858
sub-03	ses-05	run-03	34	1471.0	260.0	0	0.5267883539199829
sub-03	ses-05	run-03	35	260.0	1226.0	0	0.5899631977081299
sub-03	ses-05	run-03	36	1226.0	1094.0	0	0.7165385484695435
sub-03	ses-05	run-04	1	baseline	1002.0	0	0.5666695833206177
sub-03	ses-05	run-04	2	1002.0	1456.0	0	0.6786033511161804
sub-03	ses-05	run-04	3	1456.0	275.0	0	0.5086251497268677
sub-03	ses-05	run-04	4	275.0	2001.0	0	0.5076873302459717
sub-03	ses-05	run-04	5	2001.0	2005.0	0	0.5321477651596069
sub-03	ses-05	run-04	6	2005.0	1392.0	0	0.5213912129402161
sub-03	ses-05	run-04	7	1392.0	1844.0	0	0.5166178941726685
sub-03	ses-05	run-04	8	1844.0	1337.0	0	0.4903852641582489
sub-03	ses-05	run-04	9	1337.0	1338.0	0	0.5143502354621887
sub-03	ses-05	run-04	10	1338.0	1735.0	0	0.494968444108963
sub-03	ses-05	run-04	11	1735.0	138.0	0	0.5413467288017273
sub-03	ses-05	run-04	12	138.0	2044.0	0	0.532801628112793
sub-03	ses-05	run-04	13	2044.0	2006.0	0	0.514132559299469
sub-03	ses-05	run-04	14	2006.0	1733.0	0	0.49671196937561035
sub-03	ses-05	run-04	15	1733.0	2121.0	0	0.5266809463500977
sub-03	ses-05	run-04	16	2121.0	873.0	0	0.5756691694259644
sub-03	ses-05	run-04	17	873.0	718.0	0	0.5270025134086609
sub-03	ses-05	run-04	18	718.0	2149.0	0	0.5156417489051819
sub-03	ses-05	run-04	19	2149.0	307.0	0	0.5567743182182312
sub-03	ses-05	run-04	20	307.0	1197.0	0	0.5111350417137146
sub-03	ses-05	run-04	21	1197.0	908.0	0	0.5076082348823547
sub-03	ses-05	run-04	22	908.0	214.0	0	0.5283371210098267
sub-03	ses-05	run-04	23	214.0	1607.0	0	0.5321742296218872
sub-03	ses-05	run-04	24	1607.0	1691.0	0	0.5289653539657593
sub-03	ses-05	run-04	25	1691.0	1901.0	0	0.522408127784729
sub-03	ses-05	run-04	26	1901.0	2029.0	0	0.5683613419532776
sub-03	ses-05	run-04	27	2029.0	1257.0	0	0.555992603302002
sub-03	ses-05	run-04	28	1257.0	1633.0	0	0.545584499835968
sub-03	ses-05	run-04	29	1633.0	996.0	0	0.5846956968307495
sub-03	ses-05	run-04	30	996.0	1927.0	0	0.5739113092422485
sub-03	ses-05	run-04	31	1927.0	1348.0	0	0.6796231865882874
sub-03	ses-05	run-04	32	1348.0	1787.0	0	0.6969826221466064
sub-03	ses-05	run-04	33	1787.0	178.0	0	0.5670179724693298
sub-03	ses-05	run-04	34	178.0	1864.0	0	0.5574551224708557
sub-03	ses-05	run-04	35	1864.0	1365.0	0	0.593913197517395
sub-03	ses-05	run-04	36	1365.0	707.0	0	0.5909422636032104
sub-03	ses-05	run-05	1	baseline	367.0	0	0.5449686646461487
sub-03	ses-05	run-05	2	367.0	1714.0	0	0.4917745888233185
sub-03	ses-05	run-05	3	1714.0	1591.0	0	0.5338941216468811
sub-03	ses-05	run-05	4	1591.0	810.0	0	0.5388919711112976
sub-03	ses-05	run-05	5	810.0	534.0	0	0.540099024772644
sub-03	ses-05	run-05	6	534.0	979.0	0	0.5519924163818359
sub-03	ses-05	run-05	7	979.0	965.0	0	0.5058512091636658
sub-03	ses-05	run-05	8	965.0	2193.0	0	0.5644286274909973
sub-03	ses-05	run-05	9	2193.0	2072.0	0	0.5401517748832703
sub-03	ses-05	run-05	10	2072.0	2019.0	0	0.560174286365509
sub-03	ses-05	run-05	11	2019.0	1977.0	0	0.5950194001197815
sub-03	ses-05	run-05	12	1977.0	1193.0	0	0.5489035248756409
sub-03	ses-05	run-05	13	1193.0	70.0	0	0.593082070350647
sub-03	ses-05	run-05	14	70.0	1188.0	0	0.5204734206199646
sub-03	ses-05	run-05	15	1188.0	162.0	0	0.5386568903923035
sub-03	ses-05	run-05	16	162.0	1010.0	0	0.5039307475090027
sub-03	ses-05	run-05	17	1010.0	1767.0	0	0.520112156867981
sub-03	ses-05	run-05	18	1767.0	973.0	0	0.5541853904724121
sub-03	ses-05	run-05	19	973.0	492.0	0	0.5774369835853577
sub-03	ses-05	run-05	20	492.0	1535.0	0	0.5697592496871948
sub-03	ses-05	run-05	21	1535.0	1158.0	0	0.6046620011329651
sub-03	ses-05	run-05	22	1158.0	1345.0	0	0.5581895112991333
sub-03	ses-05	run-05	23	1345.0	2159.0	0	0.6589721441268921
sub-03	ses-05	run-05	24	2159.0	1550.0	0	0.5781829357147217
sub-03	ses-05	run-05	25	1550.0	51.0	0	0.6718701720237732
sub-03	ses-05	run-05	26	51.0	1782.0	0	0.5406939387321472
sub-03	ses-05	run-05	27	1782.0	418.0	0	0.5404768586158752
sub-03	ses-05	run-05	28	418.0	969.0	0	0.5017390251159668
sub-03	ses-05	run-05	29	969.0	1744.0	0	0.5042777061462402
sub-03	ses-05	run-05	30	1744.0	1138.0	0	0.49394768476486206
sub-03	ses-05	run-05	31	1138.0	1331.0	0	0.5898030400276184
sub-03	ses-05	run-05	32	1331.0	1985.0	0	0.5353705883026123
sub-03	ses-05	run-05	33	1985.0	629.0	0	0.5704262256622314
sub-03	ses-05	run-05	34	629.0	725.0	0	0.5843048691749573
sub-03	ses-05	run-05	35	725.0	468.0	0	0.5252869129180908
sub-03	ses-05	run-05	36	468.0	2102.0	0	0.5683173537254333
sub-03	ses-05	run-06	1	baseline	1053.0	0	0.5568209886550903
sub-03	ses-05	run-06	2	1053.0	413.0	0	0.5173283219337463
sub-03	ses-05	run-06	3	413.0	1715.0	0	0.5370455384254456
sub-03	ses-05	run-06	4	1715.0	1104.0	0	0.5696573257446289
sub-03	ses-05	run-06	5	1104.0	1661.0	0	0.5253133177757263
sub-03	ses-05	run-06	6	1661.0	172.0	0	0.5363507866859436
sub-03	ses-05	run-06	7	172.0	1942.0	0	0.536905825138092
sub-03	ses-05	run-06	8	1942.0	927.0	0	0.5520412921905518
sub-03	ses-05	run-06	9	927.0	753.0	0	0.5584763884544373
sub-03	ses-05	run-06	10	753.0	1619.0	0	0.5541494488716125
sub-03	ses-05	run-06	11	1619.0	1662.0	0	0.531580924987793
sub-03	ses-05	run-06	12	1662.0	643.0	0	0.5469599366188049
sub-03	ses-05	run-06	13	643.0	567.0	0	0.5272551774978638
sub-03	ses-05	run-06	14	567.0	742.0	0	0.5414246320724487
sub-03	ses-05	run-06	15	742.0	446.0	0	0.5369762778282166
sub-03	ses-05	run-06	16	446.0	1991.0	0	0.5994758009910583
sub-03	ses-05	run-06	17	1991.0	555.0	0	0.5609945058822632
sub-03	ses-05	run-06	18	555.0	1654.0	0	0.5266696214675903
sub-03	ses-05	run-06	19	1654.0	430.0	0	0.5742679834365845
sub-03	ses-05	run-06	20	430.0	1934.0	0	0.5938331484794617
sub-03	ses-05	run-06	21	1934.0	1394.0	0	0.536657989025116
sub-03	ses-05	run-06	22	1394.0	1590.0	0	0.5222824811935425
sub-03	ses-05	run-06	23	1590.0	1146.0	0	0.5792972445487976
sub-03	ses-05	run-06	24	1146.0	1279.0	0	0.5286045670509338
sub-03	ses-05	run-06	25	1279.0	1849.0	0	0.6417683362960815
sub-03	ses-05	run-06	26	1849.0	1615.0	0	0.5512641072273254
sub-03	ses-05	run-06	27	1615.0	902.0	0	0.5531291365623474
sub-03	ses-05	run-06	28	902.0	2182.0	0	0.5413420796394348
sub-03	ses-05	run-06	29	2182.0	1671.0	0	0.5392137765884399
sub-03	ses-05	run-06	30	1671.0	1762.0	0	0.5464307069778442
sub-03	ses-05	run-06	31	1762.0	328.0	0	0.5636782646179199
sub-03	ses-05	run-06	32	328.0	2137.0	0	0.5333581566810608
sub-03	ses-05	run-06	33	2137.0	721.0	0	0.5252725481987
sub-03	ses-05	run-06	34	721.0	1142.0	0	0.5394054651260376
sub-03	ses-05	run-06	35	1142.0	498.0	0	0.553426206111908
sub-03	ses-05	run-06	36	498.0	639.0	0	0.5686821341514587
sub-03	ses-05	run-07	1	baseline	503.0	0	0.5090852975845337
sub-03	ses-05	run-07	2	503.0	405.0	0	0.5282204151153564
sub-03	ses-05	run-07	3	405.0	1123.0	0	0.5793040990829468
sub-03	ses-05	run-07	4	1123.0	2176.0	0	0.556171178817749
sub-03	ses-05	run-07	5	2176.0	676.0	0	0.5601503252983093
sub-03	ses-05	run-07	6	676.0	1229.0	0	0.5770753026008606
sub-03	ses-05	run-07	7	1229.0	772.0	0	0.568756639957428
sub-03	ses-05	run-07	8	772.0	441.0	0	0.5565134286880493
sub-03	ses-05	run-07	9	441.0	375.0	0	0.5552961230278015
sub-03	ses-05	run-07	10	375.0	984.0	0	0.5597670078277588
sub-03	ses-05	run-07	11	984.0	951.0	0	0.5649088621139526
sub-03	ses-05	run-07	12	951.0	983.0	0	0.5962492823600769
sub-03	ses-05	run-07	13	983.0	2039.0	0	0.595608651638031
sub-03	ses-05	run-07	14	2039.0	608.0	0	0.5971782207489014
sub-03	ses-05	run-07	15	608.0	287.0	0	0.5825595855712891
sub-03	ses-05	run-07	16	287.0	1886.0	0	0.5664474368095398
sub-03	ses-05	run-07	17	1886.0	893.0	0	0.6403601169586182
sub-03	ses-05	run-07	18	893.0	1048.0	0	0.5611892342567444
sub-03	ses-05	run-07	19	1048.0	203.0	0	0.6228543519973755
sub-03	ses-05	run-07	20	203.0	993.0	0	0.5535018444061279
sub-03	ses-05	run-07	21	993.0	1684.0	0	0.5838726758956909
sub-03	ses-05	run-07	22	1684.0	281.0	0	0.5329474806785583
sub-03	ses-05	run-07	23	281.0	1446.0	0	0.5644181370735168
sub-03	ses-05	run-07	24	1446.0	1708.0	0	0.5428224802017212
sub-03	ses-05	run-07	25	1708.0	18.0	0	0.5624830722808838
sub-03	ses-05	run-07	26	18.0	644.0	0	0.6305585503578186
sub-03	ses-05	run-07	27	644.0	1198.0	0	0.5849868059158325
sub-03	ses-05	run-07	28	1198.0	547.0	0	0.5923691391944885
sub-03	ses-05	run-07	29	547.0	1315.0	0	0.5669524073600769
sub-03	ses-05	run-07	30	1315.0	660.0	0	0.5137856602668762
sub-03	ses-05	run-07	31	660.0	426.0	0	0.5198485255241394
sub-03	ses-05	run-07	32	426.0	1588.0	0	0.5831916332244873
sub-03	ses-05	run-07	33	1588.0	1890.0	0	0.5496983528137207
sub-03	ses-05	run-07	34	1890.0	1795.0	0	0.524624228477478
sub-03	ses-05	run-07	35	1795.0	1873.0	0	0.5842905640602112
sub-03	ses-05	run-07	36	1873.0	2004.0	0	0.5999004244804382
sub-03	ses-05	run-08	1	baseline	1699.0	0	0.6014600396156311
sub-03	ses-05	run-08	2	1699.0	760.0	0	0.589057207107544
sub-03	ses-05	run-08	3	760.0	1393.0	0	0.5859730243682861
sub-03	ses-05	run-08	4	1393.0	1878.0	0	0.5949653387069702
sub-03	ses-05	run-08	5	1878.0	1480.0	0	0.6394944190979004
sub-03	ses-05	run-08	6	1480.0	504.0	0	0.5539715886116028
sub-03	ses-05	run-08	7	504.0	1833.0	0	0.5109648108482361
sub-03	ses-05	run-08	8	1833.0	1784.0	0	0.5650551319122314
sub-03	ses-05	run-08	9	1784.0	1742.0	0	0.5325753688812256
sub-03	ses-05	run-08	10	1742.0	1049.0	0	0.5133163332939148
sub-03	ses-05	run-08	11	1049.0	1386.0	0	0.5517992377281189
sub-03	ses-05	run-08	12	1386.0	327.0	0	0.5688545107841492
sub-03	ses-05	run-08	13	327.0	201.0	0	0.5856189131736755
sub-03	ses-05	run-08	14	201.0	625.0	0	0.7011607885360718
sub-03	ses-05	run-08	15	625.0	1363.0	0	0.6057050228118896
sub-03	ses-05	run-08	16	1363.0	1982.0	0	0.5082365870475769
sub-03	ses-05	run-08	17	1982.0	2162.0	0	0.605224609375
sub-03	ses-05	run-08	18	2162.0	143.0	0	0.5198013782501221
sub-03	ses-05	run-08	19	143.0	1704.0	0	0.5664889812469482
sub-03	ses-05	run-08	20	1704.0	175.0	0	0.5228863954544067
sub-03	ses-05	run-08	21	175.0	1808.0	0	0.5669232606887817
sub-03	ses-05	run-08	22	1808.0	372.0	0	0.584358274936676
sub-03	ses-05	run-08	23	372.0	141.0	0	0.5310078859329224
sub-03	ses-05	run-08	24	141.0	1170.0	0	0.556559145450592
sub-03	ses-05	run-08	25	1170.0	1650.0	0	0.5498096942901611
sub-03	ses-05	run-08	26	1650.0	1079.0	0	0.5433347225189209
sub-03	ses-05	run-08	27	1079.0	1082.0	0	0.5500345826148987
sub-03	ses-05	run-08	28	1082.0	1300.0	0	0.5731387138366699
sub-03	ses-05	run-08	29	1300.0	964.0	0	0.5489820837974548
sub-03	ses-05	run-08	30	964.0	1470.0	0	0.5876573920249939
sub-03	ses-05	run-08	31	1470.0	1210.0	0	0.5365999341011047
sub-03	ses-05	run-08	32	1210.0	1732.0	0	0.5773231387138367
sub-03	ses-05	run-08	33	1732.0	1681.0	0	0.534878134727478
sub-03	ses-05	run-08	34	1681.0	557.0	0	0.5442659854888916
sub-03	ses-05	run-08	35	557.0	994.0	0	0.5401235818862915
sub-03	ses-05	run-08	36	994.0	1571.0	0	0.625332236289978
sub-03	ses-06	run-01	1	baseline	210.0	0	0.5765400528907776
sub-03	ses-06	run-01	2	210.0	1902.0	0	0.5892414450645447
sub-03	ses-06	run-01	3	1902.0	57.0	0	0.5594240427017212
sub-03	ses-06	run-01	4	57.0	1793.0	0	0.5557293891906738
sub-03	ses-06	run-01	5	1793.0	225.0	0	0.582686722278595
sub-03	ses-06	run-01	6	225.0	235.0	0	0.5871253609657288
sub-03	ses-06	run-01	7	235.0	1576.0	0	0.6866433024406433
sub-03	ses-06	run-01	8	1576.0	1295.0	0	0.5707394480705261
sub-03	ses-06	run-01	9	1295.0	2113.0	0	0.5657321214675903
sub-03	ses-06	run-01	10	2113.0	883.0	0	0.5970299243927002
sub-03	ses-06	run-01	11	883.0	622.0	0	0.6442122459411621
sub-03	ses-06	run-01	12	622.0	1683.0	0	0.6122457385063171
sub-03	ses-06	run-01	13	1683.0	830.0	0	0.6073452234268188
sub-03	ses-06	run-01	14	830.0	1020.0	0	0.5600104331970215
sub-03	ses-06	run-01	15	1020.0	2033.0	0	0.5995656847953796
sub-03	ses-06	run-01	16	2033.0	1231.0	0	0.5807331800460815
sub-03	ses-06	run-01	17	1231.0	1317.0	0	0.5736705660820007
sub-03	ses-06	run-01	18	1317.0	302.0	0	0.5611230134963989
sub-03	ses-06	run-01	19	302.0	545.0	0	0.5638561844825745
sub-03	ses-06	run-01	20	545.0	665.0	0	0.5506026744842529
sub-03	ses-06	run-01	21	665.0	1.0	0	0.5258342027664185
sub-03	ses-06	run-01	22	1.0	470.0	0	0.5448293685913086
sub-03	ses-06	run-01	23	470.0	1516.0	0	0.5792881846427917
sub-03	ses-06	run-01	24	1516.0	1867.0	0	0.525273323059082
sub-03	ses-06	run-01	25	1867.0	1475.0	0	0.5433673858642578
sub-03	ses-06	run-01	26	1475.0	542.0	0	0.5493559837341309
sub-03	ses-06	run-01	27	542.0	1366.0	0	0.5919320583343506
sub-03	ses-06	run-01	28	1366.0	1332.0	0	0.5697968006134033
sub-03	ses-06	run-01	29	1332.0	1328.0	0	0.5783419609069824
sub-03	ses-06	run-01	30	1328.0	520.0	0	0.5222603678703308
sub-03	ses-06	run-01	31	520.0	1676.0	0	0.5291749238967896
sub-03	ses-06	run-01	32	1676.0	1384.0	0	0.5691303014755249
sub-03	ses-06	run-01	33	1384.0	786.0	0	0.5240457653999329
sub-03	ses-06	run-01	34	786.0	1253.0	0	0.5770728588104248
sub-03	ses-06	run-01	35	1253.0	1959.0	0	0.567352831363678
sub-03	ses-06	run-01	36	1959.0	1451.0	0	0.5302167534828186
sub-03	ses-06	run-02	1	baseline	2190.0	0	0.5912763476371765
sub-03	ses-06	run-02	2	2190.0	1880.0	0	0.6770209074020386
sub-03	ses-06	run-02	3	1880.0	23.0	0	0.6569843292236328
sub-03	ses-06	run-02	4	23.0	1225.0	0	0.6296166777610779
sub-03	ses-06	run-02	5	1225.0	179.0	0	0.5705288648605347
sub-03	ses-06	run-02	6	179.0	1074.0	0	0.5655307769775391
sub-03	ses-06	run-02	7	1074.0	1707.0	0	0.5410603284835815
sub-03	ses-06	run-02	8	1707.0	527.0	0	0.521710216999054
sub-03	ses-06	run-02	9	527.0	1416.0	0	0.5222590565681458
sub-03	ses-06	run-02	10	1416.0	153.0	0	0.5308904647827148
sub-03	ses-06	run-02	11	153.0	887.0	0	0.5185514688491821
sub-03	ses-06	run-02	12	887.0	1154.0	0	0.5305426120758057
sub-03	ses-06	run-02	13	1154.0	1149.0	0	0.5598382353782654
sub-03	ses-06	run-02	14	1149.0	1062.0	0	0.527563750743866
sub-03	ses-06	run-02	15	1062.0	322.0	0	0.5190839171409607
sub-03	ses-06	run-02	16	322.0	656.0	0	0.5255364179611206
sub-03	ses-06	run-02	17	656.0	1631.0	0	0.5316360592842102
sub-03	ses-06	run-02	18	1631.0	533.0	0	0.5548976063728333
sub-03	ses-06	run-02	19	533.0	749.0	0	0.6038016080856323
sub-03	ses-06	run-02	20	749.0	1604.0	0	0.5302955508232117
sub-03	ses-06	run-02	21	1604.0	88.0	0	0.5280516147613525
sub-03	ses-06	run-02	22	88.0	1221.0	0	0.5474647879600525
sub-03	ses-06	run-02	23	1221.0	2.0	0	0.5372388362884521
sub-03	ses-06	run-02	24	2.0	112.0	0	0.5593596696853638
sub-03	ses-06	run-02	25	112.0	164.0	0	0.5116791725158691
sub-03	ses-06	run-02	26	164.0	990.0	0	0.5205379724502563
sub-03	ses-06	run-02	27	990.0	1350.0	0	0.5211085081100464
sub-03	ses-06	run-02	28	1350.0	954.0	0	0.49023333191871643
sub-03	ses-06	run-02	29	954.0	1442.0	0	0.5660077929496765
sub-03	ses-06	run-02	30	1442.0	180.0	0	0.600540041923523
sub-03	ses-06	run-02	31	180.0	891.0	0	0.5906582474708557
sub-03	ses-06	run-02	32	891.0	1482.0	0	0.586216151714325
sub-03	ses-06	run-02	33	1482.0	1448.0	0	0.5369361639022827
sub-03	ses-06	run-02	34	1448.0	607.0	0	0.5503990054130554
sub-03	ses-06	run-02	35	607.0	1514.0	0	0.5334075689315796
sub-03	ses-06	run-02	36	1514.0	191.0	0	0.6174212098121643
sub-03	ses-06	run-03	1	baseline	683.0	0	0.5978052020072937
sub-03	ses-06	run-03	2	683.0	1944.0	0	0.5381269454956055
sub-03	ses-06	run-03	3	1944.0	813.0	0	0.5450611114501953
sub-03	ses-06	run-03	4	813.0	2116.0	0	0.6232476234436035
sub-03	ses-06	run-03	5	2116.0	2048.0	0	0.6108797192573547
sub-03	ses-06	run-03	6	2048.0	1176.0	0	0.6039928793907166
sub-03	ses-06	run-03	7	1176.0	206.0	0	0.5455096960067749
sub-03	ses-06	run-03	8	206.0	1641.0	0	0.531394898891449
sub-03	ses-06	run-03	9	1641.0	87.0	0	0.5326281785964966
sub-03	ses-06	run-03	10	87.0	1122.0	0	0.548159658908844
sub-03	ses-06	run-03	11	1122.0	930.0	0	0.5613213777542114
sub-03	ses-06	run-03	12	930.0	543.0	0	0.5318061113357544
sub-03	ses-06	run-03	13	543.0	1508.0	0	0.5268669128417969
sub-03	ses-06	run-03	14	1508.0	362.0	0	0.5265970230102539
sub-03	ses-06	run-03	15	362.0	1275.0	0	0.5331069231033325
sub-03	ses-06	run-03	16	1275.0	1980.0	0	0.5712162852287292
sub-03	ses-06	run-03	17	1980.0	1963.0	0	0.5555512309074402
sub-03	ses-06	run-03	18	1963.0	1151.0	0	0.5719580054283142
sub-03	ses-06	run-03	19	1151.0	370.0	0	0.7006519436836243
sub-03	ses-06	run-03	20	370.0	675.0	0	0.6726969480514526
sub-03	ses-06	run-03	21	675.0	1391.0	0	0.5430920720100403
sub-03	ses-06	run-03	22	1391.0	671.0	0	0.5601577758789062
sub-03	ses-06	run-03	23	671.0	812.0	0	0.5084210634231567
sub-03	ses-06	run-03	24	812.0	593.0	0	0.5450884103775024
sub-03	ses-06	run-03	25	593.0	8.0	0	0.545777440071106
sub-03	ses-06	run-03	26	8.0	59.0	0	0.5428292155265808
sub-03	ses-06	run-03	27	59.0	978.0	0	0.5201808214187622
sub-03	ses-06	run-03	28	978.0	1812.0	0	0.603487491607666
sub-03	ses-06	run-03	29	1812.0	1785.0	0	0.5278639793395996
sub-03	ses-06	run-03	30	1785.0	1758.0	0	0.5765572786331177
sub-03	ses-06	run-03	31	1758.0	348.0	0	0.6026057600975037
sub-03	ses-06	run-03	32	348.0	878.0	0	0.5800237655639648
sub-03	ses-06	run-03	33	878.0	48.0	0	0.504683256149292
sub-03	ses-06	run-03	34	48.0	890.0	0	0.5094850063323975
sub-03	ses-06	run-03	35	890.0	1530.0	0	0.5372681021690369
sub-03	ses-06	run-03	36	1530.0	897.0	0	0.6680922508239746
sub-03	ses-06	run-04	1	baseline	115.0	0	0.5959306359291077
sub-03	ses-06	run-04	2	115.0	1923.0	0	0.5887262225151062
sub-03	ses-06	run-04	3	1923.0	2106.0	0	0.5362796187400818
sub-03	ses-06	run-04	4	2106.0	2134.0	0	0.5564038753509521
sub-03	ses-06	run-04	5	2134.0	1759.0	0	0.5201744437217712
sub-03	ses-06	run-04	6	1759.0	1307.0	0	0.5414662957191467
sub-03	ses-06	run-04	7	1307.0	933.0	0	0.5714753270149231
sub-03	ses-06	run-04	8	933.0	271.0	0	0.579659640789032
sub-03	ses-06	run-04	9	271.0	383.0	0	0.5517165660858154
sub-03	ses-06	run-04	10	383.0	450.0	0	0.5360944271087646
sub-03	ses-06	run-04	11	450.0	1240.0	0	0.5724886655807495
sub-03	ses-06	run-04	12	1240.0	1461.0	0	0.6052812337875366
sub-03	ses-06	run-04	13	1461.0	793.0	0	0.5625624060630798
sub-03	ses-06	run-04	14	793.0	1930.0	0	0.5463957786560059
sub-03	ses-06	run-04	15	1930.0	1569.0	0	0.5521029829978943
sub-03	ses-06	run-04	16	1569.0	850.0	0	0.5046889781951904
sub-03	ses-06	run-04	17	850.0	1218.0	0	0.5523552298545837
sub-03	ses-06	run-04	18	1218.0	1881.0	0	0.5389160513877869
sub-03	ses-06	run-04	19	1881.0	82.0	0	0.5568389892578125
sub-03	ses-06	run-04	20	82.0	486.0	0	0.5872806906700134
sub-03	ses-06	run-04	21	486.0	1460.0	0	0.5553789138793945
sub-03	ses-06	run-04	22	1460.0	514.0	0	0.6195134520530701
sub-03	ses-06	run-04	23	514.0	209.0	0	0.5589520335197449
sub-03	ses-06	run-04	24	209.0	1088.0	0	0.529146671295166
sub-03	ses-06	run-04	25	1088.0	193.0	0	0.6909640431404114
sub-03	ses-06	run-04	26	193.0	443.0	0	0.5817325115203857
sub-03	ses-06	run-04	27	443.0	2015.0	0	0.560681164264679
sub-03	ses-06	run-04	28	2015.0	27.0	0	0.5260393619537354
sub-03	ses-06	run-04	29	27.0	2098.0	0	0.5233839154243469
sub-03	ses-06	run-04	30	2098.0	691.0	0	0.5262874960899353
sub-03	ses-06	run-04	31	691.0	1169.0	0	0.5515475273132324
sub-03	ses-06	run-04	32	1169.0	754.0	0	0.5397192239761353
sub-03	ses-06	run-04	33	754.0	1722.0	0	0.5297248363494873
sub-03	ses-06	run-04	34	1722.0	856.0	0	0.6381860375404358
sub-03	ses-06	run-04	35	856.0	1400.0	0	0.5168206095695496
sub-03	ses-06	run-04	36	1400.0	1913.0	0	0.5573843121528625
sub-03	ses-06	run-05	1	baseline	1986.0	0	0.5227199196815491
sub-03	ses-06	run-05	2	1986.0	1255.0	0	0.5295758247375488
sub-03	ses-06	run-05	3	1255.0	1860.0	0	0.5859082341194153
sub-03	ses-06	run-05	4	1860.0	1288.0	0	0.53559809923172
sub-03	ses-06	run-05	5	1288.0	52.0	0	0.5615060925483704
sub-03	ses-06	run-05	6	52.0	1441.0	0	0.5574678182601929
sub-03	ses-06	run-05	7	1441.0	54.0	0	0.5708031058311462
sub-03	ses-06	run-05	8	54.0	1827.0	0	0.5808030366897583
sub-03	ses-06	run-05	9	1827.0	239.0	0	0.5259619951248169
sub-03	ses-06	run-05	10	239.0	549.0	0	0.553572952747345
sub-03	ses-06	run-05	11	549.0	168.0	0	0.5286216139793396
sub-03	ses-06	run-05	12	168.0	1339.0	0	0.7400414943695068
sub-03	ses-06	run-05	13	1339.0	848.0	0	0.6019474864006042
sub-03	ses-06	run-05	14	848.0	1343.0	0	0.5584495663642883
sub-03	ses-06	run-05	15	1343.0	1589.0	0	0.5215499997138977
sub-03	ses-06	run-05	16	1589.0	587.0	0	0.5441581010818481
sub-03	ses-06	run-05	17	587.0	1636.0	0	0.561127245426178
sub-03	ses-06	run-05	18	1636.0	1454.0	0	0.5319893956184387
sub-03	ses-06	run-05	19	1454.0	1581.0	0	0.5381038784980774
sub-03	ses-06	run-05	20	1581.0	1281.0	0	0.5546291470527649
sub-03	ses-06	run-05	21	1281.0	445.0	0	0.5652329325675964
sub-03	ses-06	run-05	22	445.0	1316.0	0	0.5529459714889526
sub-03	ses-06	run-05	23	1316.0	439.0	0	0.6702859401702881
sub-03	ses-06	run-05	24	439.0	741.0	0	0.6645717024803162
sub-03	ses-06	run-05	25	741.0	1513.0	0	0.6017155051231384
sub-03	ses-06	run-05	26	1513.0	1472.0	0	0.5408368706703186
sub-03	ses-06	run-05	27	1472.0	1124.0	0	0.4965309500694275
sub-03	ses-06	run-05	28	1124.0	1110.0	0	0.5774238705635071
sub-03	ses-06	run-05	29	1110.0	804.0	0	0.6073663234710693
sub-03	ses-06	run-05	30	804.0	2109.0	0	0.5324131846427917
sub-03	ses-06	run-05	31	2109.0	1297.0	0	0.498218297958374
sub-03	ses-06	run-05	32	1297.0	1905.0	0	0.5616333484649658
sub-03	ses-06	run-05	33	1905.0	1609.0	0	0.6195368766784668
sub-03	ses-06	run-05	34	1609.0	1638.0	0	0.6685391068458557
sub-03	ses-06	run-05	35	1638.0	2160.0	0	0.5510448217391968
sub-03	ses-06	run-05	36	2160.0	1273.0	0	0.591433584690094
sub-03	ses-06	run-06	1	baseline	92.0	0	0.5944072604179382
sub-03	ses-06	run-06	2	92.0	669.0	0	0.5683795809745789
sub-03	ses-06	run-06	3	669.0	1133.0	0	0.5601447820663452
sub-03	ses-06	run-06	4	1133.0	1825.0	0	0.6358742713928223
sub-03	ses-06	run-06	5	1825.0	916.0	0	0.5640910267829895
sub-03	ses-06	run-06	6	916.0	681.0	0	0.5474017858505249
sub-03	ses-06	run-06	7	681.0	2060.0	0	0.5407043099403381
sub-03	ses-06	run-06	8	2060.0	1086.0	0	0.5181574821472168
sub-03	ses-06	run-06	9	1086.0	966.0	0	0.5679964423179626
sub-03	ses-06	run-06	10	966.0	444.0	0	0.5089560151100159
sub-03	ses-06	run-06	11	444.0	2185.0	0	0.5378513336181641
sub-03	ses-06	run-06	12	2185.0	451.0	0	0.523546576499939
sub-03	ses-06	run-06	13	451.0	222.0	0	0.6074907779693604
sub-03	ses-06	run-06	14	222.0	1596.0	0	0.5879911184310913
sub-03	ses-06	run-06	15	1596.0	1565.0	0	0.6078835129737854
sub-03	ses-06	run-06	16	1565.0	541.0	0	0.5643524527549744
sub-03	ses-06	run-06	17	541.0	1320.0	0	0.5158706903457642
sub-03	ses-06	run-06	18	1320.0	1354.0	0	0.5545803308486938
sub-03	ses-06	run-06	19	1354.0	7.0	0	0.5699003338813782
sub-03	ses-06	run-06	20	7.0	1781.0	0	0.5611229538917542
sub-03	ses-06	run-06	21	1781.0	1310.0	0	0.5394625067710876
sub-03	ses-06	run-06	22	1310.0	378.0	0	0.5197514295578003
sub-03	ses-06	run-06	23	378.0	2070.0	0	0.5176496505737305
sub-03	ses-06	run-06	24	2070.0	1958.0	0	0.5596336722373962
sub-03	ses-06	run-06	25	1958.0	334.0	0	0.5200402140617371
sub-03	ses-06	run-06	26	334.0	1108.0	0	0.6002621650695801
sub-03	ses-06	run-06	27	1108.0	1666.0	0	0.5602144598960876
sub-03	ses-06	run-06	28	1666.0	726.0	0	0.5285759568214417
sub-03	ses-06	run-06	29	726.0	1112.0	0	0.568366527557373
sub-03	ses-06	run-06	30	1112.0	530.0	0	0.5507876873016357
sub-03	ses-06	run-06	31	530.0	1420.0	0	0.5788922905921936
sub-03	ses-06	run-06	32	1420.0	734.0	0	0.508617639541626
sub-03	ses-06	run-06	33	734.0	1529.0	0	0.5763100385665894
sub-03	ses-06	run-06	34	1529.0	89.0	0	0.5875303745269775
sub-03	ses-06	run-06	35	89.0	1379.0	0	0.6099221706390381
sub-03	ses-06	run-06	36	1379.0	972.0	0	0.5800918936729431
sub-03	ses-06	run-07	1	baseline	920.0	0	0.5648350715637207
sub-03	ses-06	run-07	2	920.0	1280.0	0	0.5518859624862671
sub-03	ses-06	run-07	3	1280.0	585.0	0	0.5423332452774048
sub-03	ses-06	run-07	4	585.0	1594.0	0	0.5473780632019043
sub-03	ses-06	run-07	5	1594.0	1893.0	0	0.5056504607200623
sub-03	ses-06	run-07	6	1893.0	1627.0	0	0.5355439186096191
sub-03	ses-06	run-07	7	1627.0	461.0	0	0.555511474609375
sub-03	ses-06	run-07	8	461.0	1984.0	0	0.5516639947891235
sub-03	ses-06	run-07	9	1984.0	731.0	0	0.6227917075157166
sub-03	ses-06	run-07	10	731.0	1414.0	0	0.5428899526596069
sub-03	ses-06	run-07	11	1414.0	599.0	0	0.5523021817207336
sub-03	ses-06	run-07	12	599.0	85.0	0	0.5169118046760559
sub-03	ses-06	run-07	13	85.0	1926.0	0	0.4784614145755768
sub-03	ses-06	run-07	14	1926.0	918.0	0	0.5356690287590027
sub-03	ses-06	run-07	15	918.0	303.0	0	0.5401834845542908
sub-03	ses-06	run-07	16	303.0	1459.0	0	0.5290632247924805
sub-03	ses-06	run-07	17	1459.0	962.0	0	0.5326706767082214
sub-03	ses-06	run-07	18	962.0	184.0	0	0.6172468066215515
sub-03	ses-06	run-07	19	184.0	662.0	0	0.567620575428009
sub-03	ses-06	run-07	20	662.0	252.0	0	0.5269489288330078
sub-03	ses-06	run-07	21	252.0	79.0	0	0.5641819834709167
sub-03	ses-06	run-07	22	79.0	968.0	0	0.5876533389091492
sub-03	ses-06	run-07	23	968.0	1855.0	0	0.6286002993583679
sub-03	ses-06	run-07	24	1855.0	1378.0	0	0.5490474700927734
sub-03	ses-06	run-07	25	1378.0	800.0	0	0.514019250869751
sub-03	ses-06	run-07	26	800.0	1807.0	0	0.5618715882301331
sub-03	ses-06	run-07	27	1807.0	1523.0	0	0.5761093497276306
sub-03	ses-06	run-07	28	1523.0	2045.0	0	0.5633978843688965
sub-03	ses-06	run-07	29	2045.0	710.0	0	0.5197563767433167
sub-03	ses-06	run-07	30	710.0	2051.0	0	0.6737058758735657
sub-03	ses-06	run-07	31	2051.0	1510.0	0	0.5923205614089966
sub-03	ses-06	run-07	32	1510.0	919.0	0	0.5306597948074341
sub-03	ses-06	run-07	33	919.0	1655.0	0	0.6910512447357178
sub-03	ses-06	run-07	34	1655.0	360.0	0	0.572359561920166
sub-03	ses-06	run-07	35	360.0	116.0	0	0.5861063003540039
sub-03	ses-06	run-07	36	116.0	797.0	0	0.6486300826072693
sub-03	ses-06	run-08	1	baseline	1645.0	0	0.5017231702804565
sub-03	ses-06	run-08	2	1645.0	781.0	0	0.5906683802604675
sub-03	ses-06	run-08	3	781.0	528.0	0	0.5629357695579529
sub-03	ses-06	run-08	4	528.0	105.0	0	0.5274262428283691
sub-03	ses-06	run-08	5	105.0	872.0	0	0.5333591103553772
sub-03	ses-06	run-08	6	872.0	283.0	0	0.5305695533752441
sub-03	ses-06	run-08	7	283.0	1900.0	0	0.5751684904098511
sub-03	ses-06	run-08	8	1900.0	2124.0	0	0.5327239632606506
sub-03	ses-06	run-08	9	2124.0	1599.0	0	0.562839150428772
sub-03	ses-06	run-08	10	1599.0	45.0	0	0.6412498950958252
sub-03	ses-06	run-08	11	45.0	876.0	0	0.5440269708633423
sub-03	ses-06	run-08	12	876.0	1978.0	0	0.6510355472564697
sub-03	ses-06	run-08	13	1978.0	1920.0	0	0.5043832063674927
sub-03	ses-06	run-08	14	1920.0	161.0	0	0.6732861995697021
sub-03	ses-06	run-08	15	161.0	657.0	0	0.5016088485717773
sub-03	ses-06	run-08	16	657.0	1168.0	0	0.5283198356628418
sub-03	ses-06	run-08	17	1168.0	366.0	0	0.5924891829490662
sub-03	ses-06	run-08	18	366.0	604.0	0	0.5249954462051392
sub-03	ses-06	run-08	19	604.0	2105.0	0	0.5232962369918823
sub-03	ses-06	run-08	20	2105.0	123.0	0	0.5108951926231384
sub-03	ses-06	run-08	21	123.0	1277.0	0	0.5126104950904846
sub-03	ses-06	run-08	22	1277.0	839.0	0	0.5221109390258789
sub-03	ses-06	run-08	23	839.0	1972.0	0	0.5573381185531616
sub-03	ses-06	run-08	24	1972.0	1916.0	0	0.637717068195343
sub-03	ses-06	run-08	25	1916.0	300.0	0	0.5593466758728027
sub-03	ses-06	run-08	26	300.0	1397.0	0	0.5570560693740845
sub-03	ses-06	run-08	27	1397.0	396.0	0	0.6127620339393616
sub-03	ses-06	run-08	28	396.0	31.0	0	0.7417668104171753
sub-03	ses-06	run-08	29	31.0	752.0	0	0.7843950390815735
sub-03	ses-06	run-08	30	752.0	403.0	0	0.6240272521972656
sub-03	ses-06	run-08	31	403.0	1721.0	0	0.5141693353652954
sub-03	ses-06	run-08	32	1721.0	998.0	0	0.5232556462287903
sub-03	ses-06	run-08	33	998.0	1152.0	0	0.5335821509361267
sub-03	ses-06	run-08	34	1152.0	832.0	0	0.5846558213233948
sub-03	ses-06	run-08	35	832.0	2085.0	0	0.5894945859909058
sub-03	ses-06	run-08	36	2085.0	1896.0	0	0.6352027654647827
sub-03	ses-07	run-01	1	baseline	817.0	0	0.5402871370315552
sub-03	ses-07	run-01	2	817.0	1776.0	0	0.5486658215522766
sub-03	ses-07	run-01	3	1776.0	1682.0	0	0.6254722476005554
sub-03	ses-07	run-01	4	1682.0	1202.0	0	0.5184007883071899
sub-03	ses-07	run-01	5	1202.0	535.0	0	0.5330381393432617
sub-03	ses-07	run-01	6	535.0	959.0	0	0.5404807329177856
sub-03	ses-07	run-01	7	959.0	659.0	0	0.5213043689727783
sub-03	ses-07	run-01	8	659.0	2187.0	0	0.5770043730735779
sub-03	ses-07	run-01	9	2187.0	757.0	0	0.5396251082420349
sub-03	ses-07	run-01	10	757.0	340.0	0	0.5376230478286743
sub-03	ses-07	run-01	11	340.0	651.0	0	0.5714489221572876
sub-03	ses-07	run-01	12	651.0	329.0	0	0.539648175239563
sub-03	ses-07	run-01	13	329.0	269.0	0	0.6091136336326599
sub-03	ses-07	run-01	14	269.0	892.0	0	0.5325493216514587
sub-03	ses-07	run-01	15	892.0	1859.0	0	0.5473398566246033
sub-03	ses-07	run-01	16	1859.0	1935.0	0	0.4950132668018341
sub-03	ses-07	run-01	17	1935.0	1262.0	0	0.5072724223136902
sub-03	ses-07	run-01	18	1262.0	1629.0	0	0.5024638772010803
sub-03	ses-07	run-01	19	1629.0	1209.0	0	0.5428903102874756
sub-03	ses-07	run-01	20	1209.0	2093.0	0	0.549506425857544
sub-03	ses-07	run-01	21	2093.0	616.0	0	0.5173100233078003
sub-03	ses-07	run-01	22	616.0	1355.0	0	0.5228856205940247
sub-03	ses-07	run-01	23	1355.0	1674.0	0	0.5626319050788879
sub-03	ses-07	run-01	24	1674.0	457.0	0	0.5106459259986877
sub-03	ses-07	run-01	25	457.0	455.0	0	0.5374880433082581
sub-03	ses-07	run-01	26	455.0	371.0	0	0.6291947960853577
sub-03	ses-07	run-01	27	371.0	863.0	0	0.5382330417633057
sub-03	ses-07	run-01	28	863.0	1755.0	0	0.5244841575622559
sub-03	ses-07	run-01	29	1755.0	692.0	0	0.50715571641922
sub-03	ses-07	run-01	30	692.0	404.0	0	0.5476118922233582
sub-03	ses-07	run-01	31	404.0	357.0	0	0.5555084347724915
sub-03	ses-07	run-01	32	357.0	382.0	0	0.5712808966636658
sub-03	ses-07	run-01	33	382.0	733.0	0	0.6953034996986389
sub-03	ses-07	run-01	34	733.0	130.0	0	0.5978170037269592
sub-03	ses-07	run-01	35	130.0	1891.0	0	0.6219525933265686
sub-03	ses-07	run-01	36	1891.0	491.0	0	0.6292369961738586
sub-03	ses-07	run-02	1	baseline	2035.0	0	0.5619978904724121
sub-03	ses-07	run-02	2	2035.0	1063.0	0	0.520742654800415
sub-03	ses-07	run-02	3	1063.0	790.0	0	0.5591236352920532
sub-03	ses-07	run-02	4	790.0	1821.0	0	0.5391560196876526
sub-03	ses-07	run-02	5	1821.0	516.0	0	0.5864028930664062
sub-03	ses-07	run-02	6	516.0	1304.0	0	0.6966983675956726
sub-03	ses-07	run-02	7	1304.0	1269.0	0	0.6146511435508728
sub-03	ses-07	run-02	8	1269.0	672.0	0	0.5655741691589355
sub-03	ses-07	run-02	9	672.0	2131.0	0	0.5455825924873352
sub-03	ses-07	run-02	10	2131.0	512.0	0	0.5919963121414185
sub-03	ses-07	run-02	11	512.0	71.0	0	0.5527409911155701
sub-03	ses-07	run-02	12	71.0	323.0	0	0.6089105606079102
sub-03	ses-07	run-02	13	323.0	646.0	0	0.5302352905273438
sub-03	ses-07	run-02	14	646.0	1766.0	0	0.5265551209449768
sub-03	ses-07	run-02	15	1766.0	1805.0	0	0.5485855937004089
sub-03	ses-07	run-02	16	1805.0	1388.0	0	0.5841081142425537
sub-03	ses-07	run-02	17	1388.0	911.0	0	0.5846601128578186
sub-03	ses-07	run-02	18	911.0	2027.0	0	0.5723996758460999
sub-03	ses-07	run-02	19	2027.0	1687.0	0	0.5290855169296265
sub-03	ses-07	run-02	20	1687.0	254.0	0	0.6001362800598145
sub-03	ses-07	run-02	21	254.0	268.0	0	0.594523549079895
sub-03	ses-07	run-02	22	268.0	2129.0	0	0.5836960077285767
sub-03	ses-07	run-02	23	2129.0	871.0	0	0.584847092628479
sub-03	ses-07	run-02	24	871.0	2138.0	0	0.5413899421691895
sub-03	ses-07	run-02	25	2138.0	107.0	0	0.535298764705658
sub-03	ses-07	run-02	26	107.0	1457.0	0	0.5247970819473267
sub-03	ses-07	run-02	27	1457.0	1099.0	0	0.5375432372093201
sub-03	ses-07	run-02	28	1099.0	442.0	0	0.588772714138031
sub-03	ses-07	run-02	29	442.0	1061.0	0	0.6411316394805908
sub-03	ses-07	run-02	30	1061.0	519.0	0	0.6069669127464294
sub-03	ses-07	run-02	31	519.0	899.0	0	0.5416102409362793
sub-03	ses-07	run-02	32	899.0	1439.0	0	0.5468792915344238
sub-03	ses-07	run-02	33	1439.0	502.0	0	0.5757501125335693
sub-03	ses-07	run-02	34	502.0	315.0	0	0.5358016490936279
sub-03	ses-07	run-02	35	315.0	1560.0	0	0.5131661891937256
sub-03	ses-07	run-02	36	1560.0	1804.0	0	0.583683967590332
sub-03	ses-07	run-03	1	baseline	321.0	0	0.5738415122032166
sub-03	ses-07	run-03	2	321.0	748.0	0	0.5568763613700867
sub-03	ses-07	run-03	3	748.0	849.0	0	0.5599735379219055
sub-03	ses-07	run-03	4	849.0	169.0	0	0.53626948595047
sub-03	ses-07	run-03	5	169.0	1224.0	0	0.6166618466377258
sub-03	ses-07	run-03	6	1224.0	723.0	0	0.5660561919212341
sub-03	ses-07	run-03	7	723.0	1483.0	0	0.5434497594833374
sub-03	ses-07	run-03	8	1483.0	1572.0	0	0.5439786314964294
sub-03	ses-07	run-03	9	1572.0	1005.0	0	0.5405660271644592
sub-03	ses-07	run-03	10	1005.0	1217.0	0	0.5601218342781067
sub-03	ses-07	run-03	11	1217.0	1092.0	0	0.5791590213775635
sub-03	ses-07	run-03	12	1092.0	1933.0	0	0.6044553518295288
sub-03	ses-07	run-03	13	1933.0	1182.0	0	0.5034412741661072
sub-03	ses-07	run-03	14	1182.0	799.0	0	0.5033913254737854
sub-03	ses-07	run-03	15	799.0	124.0	0	0.5974476337432861
sub-03	ses-07	run-03	16	124.0	769.0	0	0.5594232678413391
sub-03	ses-07	run-03	17	769.0	1479.0	0	0.5647997856140137
sub-03	ses-07	run-03	18	1479.0	1239.0	0	0.5674358010292053
sub-03	ses-07	run-03	19	1239.0	602.0	0	0.5434036254882812
sub-03	ses-07	run-03	20	602.0	1621.0	0	0.5796694755554199
sub-03	ses-07	run-03	21	1621.0	1344.0	0	0.6258599758148193
sub-03	ses-07	run-03	22	1344.0	304.0	0	0.684938371181488
sub-03	ses-07	run-03	23	304.0	722.0	0	0.7294619679450989
sub-03	ses-07	run-03	24	722.0	682.0	0	0.6053045988082886
sub-03	ses-07	run-03	25	682.0	80.0	0	0.6378363966941833
sub-03	ses-07	run-03	26	80.0	661.0	0	0.6808801889419556
sub-03	ses-07	run-03	27	661.0	248.0	0	0.640308141708374
sub-03	ses-07	run-03	28	248.0	1117.0	0	0.6016517877578735
sub-03	ses-07	run-03	29	1117.0	1938.0	0	0.5505176782608032
sub-03	ses-07	run-03	30	1938.0	150.0	0	0.5589787364006042
sub-03	ses-07	run-03	31	150.0	1191.0	0	0.5624368190765381
sub-03	ses-07	run-03	32	1191.0	2049.0	0	0.5594900846481323
sub-03	ses-07	run-03	33	2049.0	1877.0	0	0.5409845113754272
sub-03	ses-07	run-03	34	1877.0	1261.0	0	0.564424991607666
sub-03	ses-07	run-03	35	1261.0	1425.0	0	0.5407195687294006
sub-03	ses-07	run-03	36	1425.0	655.0	0	0.58111971616745
sub-03	ses-07	run-04	1	baseline	1577.0	0	0.538702130317688
sub-03	ses-07	run-04	2	1577.0	842.0	0	0.5529419779777527
sub-03	ses-07	run-04	3	842.0	2079.0	0	0.5274612903594971
sub-03	ses-07	run-04	4	2079.0	1107.0	0	0.5532118082046509
sub-03	ses-07	run-04	5	1107.0	1206.0	0	0.6212231516838074
sub-03	ses-07	run-04	6	1206.0	1680.0	0	0.5598422288894653
sub-03	ses-07	run-04	7	1680.0	158.0	0	0.5302344560623169
sub-03	ses-07	run-04	8	158.0	1264.0	0	0.5504281520843506
sub-03	ses-07	run-04	9	1264.0	135.0	0	0.6436779499053955
sub-03	ses-07	run-04	10	135.0	65.0	0	0.742992103099823
sub-03	ses-07	run-04	11	65.0	2067.0	0	0.5339084267616272
sub-03	ses-07	run-04	12	2067.0	1987.0	0	0.5198156833648682
sub-03	ses-07	run-04	13	1987.0	885.0	0	0.5894525647163391
sub-03	ses-07	run-04	14	885.0	1746.0	0	0.5909632444381714
sub-03	ses-07	run-04	15	1746.0	376.0	0	0.5160518884658813
sub-03	ses-07	run-04	16	376.0	246.0	0	0.5281838774681091
sub-03	ses-07	run-04	17	246.0	2117.0	0	0.5782637000083923
sub-03	ses-07	run-04	18	2117.0	1055.0	0	0.5615633130073547
sub-03	ses-07	run-04	19	1055.0	1382.0	0	0.566951334476471
sub-03	ses-07	run-04	20	1382.0	464.0	0	0.5077258944511414
sub-03	ses-07	run-04	21	464.0	56.0	0	0.5469577312469482
sub-03	ses-07	run-04	22	56.0	1943.0	0	0.5998650789260864
sub-03	ses-07	run-04	23	1943.0	2111.0	0	0.6219239830970764
sub-03	ses-07	run-04	24	2111.0	392.0	0	0.5654817819595337
sub-03	ses-07	run-04	25	392.0	40.0	0	0.5475978851318359
sub-03	ses-07	run-04	26	40.0	776.0	0	0.5530944466590881
sub-03	ses-07	run-04	27	776.0	126.0	0	0.5309264063835144
sub-03	ses-07	run-04	28	126.0	101.0	0	0.5376447439193726
sub-03	ses-07	run-04	29	101.0	385.0	0	0.5510997772216797
sub-03	ses-07	run-04	30	385.0	1846.0	0	0.5600553154945374
sub-03	ses-07	run-04	31	1846.0	843.0	0	0.639224648475647
sub-03	ses-07	run-04	32	843.0	422.0	0	0.5902727842330933
sub-03	ses-07	run-04	33	422.0	1067.0	0	0.5707969665527344
sub-03	ses-07	run-04	34	1067.0	1709.0	0	0.5445767045021057
sub-03	ses-07	run-04	35	1709.0	931.0	0	0.5490275621414185
sub-03	ses-07	run-04	36	931.0	958.0	0	0.5996972918510437
sub-03	ses-07	run-05	1	baseline	2030.0	0	0.5449990034103394
sub-03	ses-07	run-05	2	2030.0	818.0	0	0.5290883183479309
sub-03	ses-07	run-05	3	818.0	1748.0	0	0.5504564642906189
sub-03	ses-07	run-05	4	1748.0	1711.0	0	0.539256751537323
sub-03	ses-07	run-05	5	1711.0	2011.0	0	0.5602684020996094
sub-03	ses-07	run-05	6	2011.0	2136.0	0	0.5531493425369263
sub-03	ses-07	run-05	7	2136.0	1340.0	0	0.6142861843109131
sub-03	ses-07	run-05	8	1340.0	1260.0	0	0.510342538356781
sub-03	ses-07	run-05	9	1260.0	2055.0	0	0.5106362104415894
sub-03	ses-07	run-05	10	2055.0	171.0	0	0.5431100130081177
sub-03	ses-07	run-05	11	171.0	240.0	0	0.5813448429107666
sub-03	ses-07	run-05	12	240.0	1030.0	0	0.5329819321632385
sub-03	ses-07	run-05	13	1030.0	1064.0	0	0.5590387582778931
sub-03	ses-07	run-05	14	1064.0	1136.0	0	0.5737462043762207
sub-03	ses-07	run-05	15	1136.0	1024.0	0	0.5673292279243469
sub-03	ses-07	run-05	16	1024.0	489.0	0	0.5112274885177612
sub-03	ses-07	run-05	17	489.0	1845.0	0	0.5023780465126038
sub-03	ses-07	run-05	18	1845.0	1341.0	0	0.5038322806358337
sub-03	ses-07	run-05	19	1341.0	1213.0	0	0.5569656491279602
sub-03	ses-07	run-05	20	1213.0	949.0	0	0.5600973963737488
sub-03	ses-07	run-05	21	949.0	391.0	0	0.559502363204956
sub-03	ses-07	run-05	22	391.0	950.0	0	0.5381883382797241
sub-03	ses-07	run-05	23	950.0	1549.0	0	0.5378912091255188
sub-03	ses-07	run-05	24	1549.0	991.0	0	0.5295370817184448
sub-03	ses-07	run-05	25	991.0	589.0	0	0.5379967093467712
sub-03	ses-07	run-05	26	589.0	2057.0	0	0.5627238750457764
sub-03	ses-07	run-05	27	2057.0	915.0	0	0.507273256778717
sub-03	ses-07	run-05	28	915.0	411.0	0	0.581245481967926
sub-03	ses-07	run-05	29	411.0	2069.0	0	0.5652276277542114
sub-03	ses-07	run-05	30	2069.0	1489.0	0	0.5489864349365234
sub-03	ses-07	run-05	31	1489.0	1705.0	0	0.5326993465423584
sub-03	ses-07	run-05	32	1705.0	2120.0	0	0.5042253732681274
sub-03	ses-07	run-05	33	2120.0	961.0	0	0.6038833260536194
sub-03	ses-07	run-05	34	961.0	1960.0	0	0.6831739544868469
sub-03	ses-07	run-05	35	1960.0	1103.0	0	0.5186427235603333
sub-03	ses-07	run-05	36	1103.0	861.0	0	0.5091657042503357
sub-03	ses-07	run-06	1	baseline	448.0	0	0.5567494034767151
sub-03	ses-07	run-06	2	448.0	91.0	0	0.579895555973053
sub-03	ses-07	run-06	3	91.0	1478.0	0	0.5485132336616516
sub-03	ses-07	run-06	4	1478.0	628.0	0	0.5553798675537109
sub-03	ses-07	run-06	5	628.0	1971.0	0	0.552553653717041
sub-03	ses-07	run-06	6	1971.0	1536.0	0	0.5471026301383972
sub-03	ses-07	run-06	7	1536.0	1325.0	0	0.5359272956848145
sub-03	ses-07	run-06	8	1325.0	270.0	0	0.5935882329940796
sub-03	ses-07	run-06	9	270.0	709.0	0	0.55519038438797
sub-03	ses-07	run-06	10	709.0	834.0	0	0.5481825470924377
sub-03	ses-07	run-06	11	834.0	163.0	0	0.5869744420051575
sub-03	ses-07	run-06	12	163.0	1632.0	0	0.542060375213623
sub-03	ses-07	run-06	13	1632.0	1955.0	0	0.5710126161575317
sub-03	ses-07	run-06	14	1955.0	233.0	0	0.6199631690979004
sub-03	ses-07	run-06	15	233.0	1623.0	0	0.5425175428390503
sub-03	ses-07	run-06	16	1623.0	1130.0	0	0.5272743701934814
sub-03	ses-07	run-06	17	1130.0	2046.0	0	0.5745682120323181
sub-03	ses-07	run-06	18	2046.0	566.0	0	0.6177610754966736
sub-03	ses-07	run-06	19	566.0	712.0	0	0.5788330435752869
sub-03	ses-07	run-06	20	712.0	822.0	0	0.5929898619651794
sub-03	ses-07	run-06	21	822.0	2154.0	0	0.5698374509811401
sub-03	ses-07	run-06	22	2154.0	1570.0	0	0.5982624888420105
sub-03	ses-07	run-06	23	1570.0	1743.0	0	0.6568081378936768
sub-03	ses-07	run-06	24	1743.0	588.0	0	0.5883035659790039
sub-03	ses-07	run-06	25	588.0	249.0	0	0.5710281133651733
sub-03	ses-07	run-06	26	249.0	128.0	0	0.6214391589164734
sub-03	ses-07	run-06	27	128.0	1928.0	0	0.590786337852478
sub-03	ses-07	run-06	28	1928.0	1241.0	0	0.6287438273429871
sub-03	ses-07	run-06	29	1241.0	316.0	0	0.665981650352478
sub-03	ses-07	run-06	30	316.0	612.0	0	0.6005061864852905
sub-03	ses-07	run-06	31	612.0	689.0	0	0.5693718194961548
sub-03	ses-07	run-06	32	689.0	296.0	0	0.5276470184326172
sub-03	ses-07	run-06	33	296.0	2173.0	0	0.6023709774017334
sub-03	ses-07	run-06	34	2173.0	407.0	0	0.5150368213653564
sub-03	ses-07	run-06	35	407.0	496.0	0	0.6423788070678711
sub-03	ses-07	run-06	36	496.0	1334.0	0	0.6362793445587158
sub-03	ses-07	run-07	1	baseline	1701.0	0	0.5338667631149292
sub-03	ses-07	run-07	2	1701.0	967.0	0	0.5432028770446777
sub-03	ses-07	run-07	3	967.0	1618.0	0	0.5356131196022034
sub-03	ses-07	run-07	4	1618.0	510.0	0	0.6259375810623169
sub-03	ses-07	run-07	5	510.0	1547.0	0	0.5500580668449402
sub-03	ses-07	run-07	6	1547.0	1066.0	0	0.5503635406494141
sub-03	ses-07	run-07	7	1066.0	1041.0	0	0.49567094445228577
sub-03	ses-07	run-07	8	1041.0	1562.0	0	0.5371248126029968
sub-03	ses-07	run-07	9	1562.0	923.0	0	0.540723979473114
sub-03	ses-07	run-07	10	923.0	1883.0	0	0.5611098408699036
sub-03	ses-07	run-07	11	1883.0	913.0	0	0.48903366923332214
sub-03	ses-07	run-07	12	913.0	1996.0	0	0.4874960780143738
sub-03	ses-07	run-07	13	1996.0	1028.0	0	0.5152272582054138
sub-03	ses-07	run-07	14	1028.0	2183.0	0	0.5693331360816956
sub-03	ses-07	run-07	15	2183.0	866.0	0	0.5923538208007812
sub-03	ses-07	run-07	16	866.0	1940.0	0	0.6210927963256836
sub-03	ses-07	run-07	17	1940.0	1156.0	0	0.590000331401825
sub-03	ses-07	run-07	18	1156.0	1116.0	0	0.5206893086433411
sub-03	ses-07	run-07	19	1116.0	2146.0	0	0.5689795017242432
sub-03	ses-07	run-07	20	2146.0	1862.0	0	0.6128251552581787
sub-03	ses-07	run-07	21	1862.0	1584.0	0	0.6639556288719177
sub-03	ses-07	run-07	22	1584.0	1109.0	0	0.6533725261688232
sub-03	ses-07	run-07	23	1109.0	1820.0	0	0.5962637066841125
sub-03	ses-07	run-07	24	1820.0	1232.0	0	0.5541992783546448
sub-03	ses-07	run-07	25	1232.0	1595.0	0	0.6563629508018494
sub-03	ses-07	run-07	26	1595.0	291.0	0	0.5973811745643616
sub-03	ses-07	run-07	27	291.0	1602.0	0	0.582161545753479
sub-03	ses-07	run-07	28	1602.0	1234.0	0	0.5961229205131531
sub-03	ses-07	run-07	29	1234.0	424.0	0	0.5968075394630432
sub-03	ses-07	run-07	30	424.0	221.0	0	0.5476088523864746
sub-03	ses-07	run-07	31	221.0	1362.0	0	0.6094142198562622
sub-03	ses-07	run-07	32	1362.0	1359.0	0	0.5732875466346741
sub-03	ses-07	run-07	33	1359.0	740.0	0	0.6704576015472412
sub-03	ses-07	run-07	34	740.0	1114.0	0	0.5669634342193604
sub-03	ses-07	run-07	35	1114.0	613.0	0	0.5565829873085022
sub-03	ses-07	run-07	36	613.0	1768.0	0	0.5233229994773865
sub-03	ses-07	run-08	1	baseline	1754.0	0	0.6155602931976318
sub-03	ses-07	run-08	2	1754.0	956.0	0	0.5737349987030029
sub-03	ses-07	run-08	3	956.0	1643.0	0	0.5293026566505432
sub-03	ses-07	run-08	4	1643.0	864.0	0	0.5164769291877747
sub-03	ses-07	run-08	5	864.0	74.0	0	0.5075950026512146
sub-03	ses-07	run-08	6	74.0	1427.0	0	0.5447924137115479
sub-03	ses-07	run-08	7	1427.0	1539.0	0	0.6123397350311279
sub-03	ses-07	run-08	8	1539.0	1884.0	0	0.5838756561279297
sub-03	ses-07	run-08	9	1884.0	1431.0	0	0.6462839841842651
sub-03	ses-07	run-08	10	1431.0	414.0	0	0.5603967905044556
sub-03	ses-07	run-08	11	414.0	2107.0	0	0.5789422392845154
sub-03	ses-07	run-08	12	2107.0	1989.0	0	0.5302219390869141
sub-03	ses-07	run-08	13	1989.0	1630.0	0	0.5554588437080383
sub-03	ses-07	run-08	14	1630.0	1254.0	0	0.5754556655883789
sub-03	ses-07	run-08	15	1254.0	263.0	0	0.538708508014679
sub-03	ses-07	run-08	16	263.0	1511.0	0	0.5158588290214539
sub-03	ses-07	run-08	17	1511.0	351.0	0	0.5585320591926575
sub-03	ses-07	run-08	18	351.0	331.0	0	0.5492361187934875
sub-03	ses-07	run-08	19	331.0	1032.0	0	0.5578509569168091
sub-03	ses-07	run-08	20	1032.0	1532.0	0	0.6027233600616455
sub-03	ses-07	run-08	21	1532.0	289.0	0	0.6675818562507629
sub-03	ses-07	run-08	22	289.0	788.0	0	0.8543234467506409
sub-03	ses-07	run-08	23	788.0	1593.0	0	0.6095830798149109
sub-03	ses-07	run-08	24	1593.0	306.0	0	0.5956279635429382
sub-03	ses-07	run-08	25	306.0	879.0	0	0.5449565649032593
sub-03	ses-07	run-08	26	879.0	1358.0	0	0.511708676815033
sub-03	ses-07	run-08	27	1358.0	122.0	0	0.5496529936790466
sub-03	ses-07	run-08	28	122.0	778.0	0	0.6364371180534363
sub-03	ses-07	run-08	29	778.0	1089.0	0	0.5404219627380371
sub-03	ses-07	run-08	30	1089.0	1906.0	0	0.5196593403816223
sub-03	ses-07	run-08	31	1906.0	2009.0	0	0.5352548360824585
sub-03	ses-07	run-08	32	2009.0	1999.0	0	0.5990384817123413
sub-03	ses-07	run-08	33	1999.0	1548.0	0	0.5277248024940491
sub-03	ses-07	run-08	34	1548.0	1740.0	0	0.5410387516021729
sub-03	ses-07	run-08	35	1740.0	2100.0	0	0.5844658017158508
sub-03	ses-07	run-08	36	2100.0	1376.0	0	0.568284273147583
sub-03	ses-08	run-01	1	baseline	1541.0	0	0.7006255984306335
sub-03	ses-08	run-01	2	1541.0	2148.0	0	0.5204623341560364
sub-03	ses-08	run-01	3	2148.0	2188.0	0	0.4934252202510834
sub-03	ses-08	run-01	4	2188.0	2178.0	0	0.5416136384010315
sub-03	ses-08	run-01	5	2178.0	100.0	0	0.5358197689056396
sub-03	ses-08	run-01	6	100.0	1648.0	0	0.5548701286315918
sub-03	ses-08	run-01	7	1648.0	1524.0	0	0.572104275226593
sub-03	ses-08	run-01	8	1524.0	1465.0	0	0.5279057025909424
sub-03	ses-08	run-01	9	1465.0	907.0	0	0.5212346315383911
sub-03	ses-08	run-01	10	907.0	704.0	0	0.545630156993866
sub-03	ses-08	run-01	11	704.0	237.0	0	0.5827333927154541
sub-03	ses-08	run-01	12	237.0	438.0	0	0.5228413343429565
sub-03	ses-08	run-01	13	438.0	2008.0	0	0.5379816293716431
sub-03	ses-08	run-01	14	2008.0	1422.0	0	0.5037943720817566
sub-03	ses-08	run-01	15	1422.0	1007.0	0	0.5089403390884399
sub-03	ses-08	run-01	16	1007.0	1622.0	0	0.5657311081886292
sub-03	ses-08	run-01	17	1622.0	1283.0	0	0.5183266997337341
sub-03	ses-08	run-01	18	1283.0	1208.0	0	0.5311879515647888
sub-03	ses-08	run-01	19	1208.0	773.0	0	0.5205226540565491
sub-03	ses-08	run-01	20	773.0	1163.0	0	0.5427221655845642
sub-03	ses-08	run-01	21	1163.0	1311.0	0	0.5353648066520691
sub-03	ses-08	run-01	22	1311.0	78.0	0	0.5113014578819275
sub-03	ses-08	run-01	23	78.0	1836.0	0	0.5229911804199219
sub-03	ses-08	run-01	24	1836.0	1872.0	0	0.5472350716590881
sub-03	ses-08	run-01	25	1872.0	1180.0	0	0.5643850564956665
sub-03	ses-08	run-01	26	1180.0	925.0	0	0.5117800831794739
sub-03	ses-08	run-01	27	925.0	1951.0	0	0.5048275589942932
sub-03	ses-08	run-01	28	1951.0	1752.0	0	0.49931973218917847
sub-03	ses-08	run-01	29	1752.0	1506.0	0	0.550653874874115
sub-03	ses-08	run-01	30	1506.0	2155.0	0	0.5659857988357544
sub-03	ses-08	run-01	31	2155.0	1519.0	0	0.5744104385375977
sub-03	ses-08	run-01	32	1519.0	312.0	0	0.5537940859794617
sub-03	ses-08	run-01	33	312.0	1582.0	0	0.5440188050270081
sub-03	ses-08	run-01	34	1582.0	465.0	0	0.5606548190116882
sub-03	ses-08	run-01	35	465.0	117.0	0	0.6274453401565552
sub-03	ses-08	run-01	36	117.0	1139.0	0	0.6255770921707153
sub-03	ses-08	run-02	1	baseline	837.0	0	0.571419358253479
sub-03	ses-08	run-02	2	837.0	2000.0	0	0.5375649333000183
sub-03	ses-08	run-02	3	2000.0	245.0	0	0.5719678997993469
sub-03	ses-08	run-02	4	245.0	1783.0	0	0.5360704064369202
sub-03	ses-08	run-02	5	1783.0	278.0	0	0.5579497218132019
sub-03	ses-08	run-02	6	278.0	2090.0	0	0.5447418093681335
sub-03	ses-08	run-02	7	2090.0	1044.0	0	0.5798450708389282
sub-03	ses-08	run-02	8	1044.0	798.0	0	0.5581769347190857
sub-03	ses-08	run-02	9	798.0	1410.0	0	0.5433334112167358
sub-03	ses-08	run-02	10	1410.0	174.0	0	0.5280140042304993
sub-03	ses-08	run-02	11	174.0	1486.0	0	0.5241599082946777
sub-03	ses-08	run-02	12	1486.0	440.0	0	0.5187680721282959
sub-03	ses-08	run-02	13	440.0	1838.0	0	0.5374140739440918
sub-03	ses-08	run-02	14	1838.0	1463.0	0	0.5153509378433228
sub-03	ses-08	run-02	15	1463.0	642.0	0	0.5721157789230347
sub-03	ses-08	run-02	16	642.0	1244.0	0	0.640174388885498
sub-03	ses-08	run-02	17	1244.0	605.0	0	0.7970434427261353
sub-03	ses-08	run-02	18	605.0	1727.0	0	0.5398905873298645
sub-03	ses-08	run-02	19	1727.0	1543.0	0	0.5384656190872192
sub-03	ses-08	run-02	20	1543.0	641.0	0	0.5235515832901001
sub-03	ses-08	run-02	21	641.0	1167.0	0	0.5259115695953369
sub-03	ses-08	run-02	22	1167.0	1246.0	0	0.5209552049636841
sub-03	ses-08	run-02	23	1246.0	2195.0	0	0.5184914469718933
sub-03	ses-08	run-02	24	2195.0	1380.0	0	0.5123825669288635
sub-03	ses-08	run-02	25	1380.0	1458.0	0	0.6312775611877441
sub-03	ses-08	run-02	26	1458.0	1637.0	0	0.5617244243621826
sub-03	ses-08	run-02	27	1637.0	1438.0	0	0.5791038274765015
sub-03	ses-08	run-02	28	1438.0	1488.0	0	0.5209231376647949
sub-03	ses-08	run-02	29	1488.0	6.0	0	0.5574861168861389
sub-03	ses-08	run-02	30	6.0	2078.0	0	0.5326053500175476
sub-03	ses-08	run-02	31	2078.0	1040.0	0	0.5414285063743591
sub-03	ses-08	run-02	32	1040.0	1423.0	0	0.5652074217796326
sub-03	ses-08	run-02	33	1423.0	26.0	0	0.5250546336174011
sub-03	ses-08	run-02	34	26.0	1770.0	0	0.5696194767951965
sub-03	ses-08	run-02	35	1770.0	2077.0	0	0.5764588117599487
sub-03	ses-08	run-02	36	2077.0	1718.0	0	0.6034845113754272
sub-03	ses-08	run-03	1	baseline	427.0	0	0.5675719380378723
sub-03	ses-08	run-03	2	427.0	914.0	0	0.49967074394226074
sub-03	ses-08	run-03	3	914.0	1278.0	0	0.51841801404953
sub-03	ses-08	run-03	4	1278.0	1027.0	0	0.5231354832649231
sub-03	ses-08	run-03	5	1027.0	183.0	0	0.5292977094650269
sub-03	ses-08	run-03	6	183.0	1921.0	0	0.5104156732559204
sub-03	ses-08	run-03	7	1921.0	280.0	0	0.5364961624145508
sub-03	ses-08	run-03	8	280.0	568.0	0	0.5079178214073181
sub-03	ses-08	run-03	9	568.0	758.0	0	0.542021632194519
sub-03	ses-08	run-03	10	758.0	2122.0	0	0.4887644350528717
sub-03	ses-08	run-03	11	2122.0	775.0	0	0.4902929961681366
sub-03	ses-08	run-03	12	775.0	19.0	0	0.4857507646083832
sub-03	ses-08	run-03	13	19.0	1453.0	0	0.5255672931671143
sub-03	ses-08	run-03	14	1453.0	454.0	0	0.4922617971897125
sub-03	ses-08	run-03	15	454.0	1628.0	0	0.5344759225845337
sub-03	ses-08	run-03	16	1628.0	2047.0	0	0.5418834090232849
sub-03	ses-08	run-03	17	2047.0	924.0	0	0.5214095711708069
sub-03	ses-08	run-03	18	924.0	156.0	0	0.5744606852531433
sub-03	ses-08	run-03	19	156.0	132.0	0	0.5118468999862671
sub-03	ses-08	run-03	20	132.0	771.0	0	0.6172803044319153
sub-03	ses-08	run-03	21	771.0	719.0	0	0.5239408016204834
sub-03	ses-08	run-03	22	719.0	1299.0	0	0.5332390069961548
sub-03	ses-08	run-03	23	1299.0	1492.0	0	0.4978867769241333
sub-03	ses-08	run-03	24	1492.0	600.0	0	0.5082146525382996
sub-03	ses-08	run-03	25	600.0	1998.0	0	0.5199010968208313
sub-03	ses-08	run-03	26	1998.0	1675.0	0	0.5779672861099243
sub-03	ses-08	run-03	27	1675.0	436.0	0	0.5401193499565125
sub-03	ses-08	run-03	28	436.0	1017.0	0	0.5372117161750793
sub-03	ses-08	run-03	29	1017.0	205.0	0	0.6549296379089355
sub-03	ses-08	run-03	30	205.0	1957.0	0	0.5970107316970825
sub-03	ses-08	run-03	31	1957.0	632.0	0	0.5123715996742249
sub-03	ses-08	run-03	32	632.0	355.0	0	0.5108655095100403
sub-03	ses-08	run-03	33	355.0	909.0	0	0.48244044184684753
sub-03	ses-08	run-03	34	909.0	1983.0	0	0.5415092706680298
sub-03	ses-08	run-03	35	1983.0	1702.0	0	0.5509327054023743
sub-03	ses-08	run-03	36	1702.0	1817.0	0	0.5131472945213318
sub-03	ses-08	run-04	1	baseline	971.0	0	0.5430384278297424
sub-03	ses-08	run-04	2	971.0	1360.0	0	0.5283026695251465
sub-03	ses-08	run-04	3	1360.0	199.0	0	0.538188636302948
sub-03	ses-08	run-04	4	199.0	159.0	0	0.549252986907959
sub-03	ses-08	run-04	5	159.0	330.0	0	0.5380651354789734
sub-03	ses-08	run-04	6	330.0	1695.0	0	0.5045662522315979
sub-03	ses-08	run-04	7	1695.0	2013.0	0	0.5337963700294495
sub-03	ses-08	run-04	8	2013.0	1600.0	0	0.6024709939956665
sub-03	ses-08	run-04	9	1600.0	1481.0	0	0.5583733320236206
sub-03	ses-08	run-04	10	1481.0	1298.0	0	0.5261268019676208
sub-03	ses-08	run-04	11	1298.0	789.0	0	0.5067300796508789
sub-03	ses-08	run-04	12	789.0	1497.0	0	0.5699542760848999
sub-03	ses-08	run-04	13	1497.0	1790.0	0	0.5710752606391907
sub-03	ses-08	run-04	14	1790.0	1567.0	0	0.5198640823364258
sub-03	ses-08	run-04	15	1567.0	2150.0	0	0.5781676769256592
sub-03	ses-08	run-04	16	2150.0	1644.0	0	0.5905545949935913
sub-03	ses-08	run-04	17	1644.0	680.0	0	0.5016899108886719
sub-03	ses-08	run-04	18	680.0	1888.0	0	0.5208704471588135
sub-03	ses-08	run-04	19	1888.0	1050.0	0	0.536212146282196
sub-03	ses-08	run-04	20	1050.0	894.0	0	0.5553747415542603
sub-03	ses-08	run-04	21	894.0	342.0	0	0.5409226417541504
sub-03	ses-08	run-04	22	342.0	1404.0	0	0.5090497136116028
sub-03	ses-08	run-04	23	1404.0	1798.0	0	0.5332040786743164
sub-03	ses-08	run-04	24	1798.0	1042.0	0	0.5883474946022034
sub-03	ses-08	run-04	25	1042.0	1407.0	0	0.5789856314659119
sub-03	ses-08	run-04	26	1407.0	1204.0	0	0.553494930267334
sub-03	ses-08	run-04	27	1204.0	295.0	0	0.5187978148460388
sub-03	ses-08	run-04	28	295.0	1840.0	0	0.5325055718421936
sub-03	ses-08	run-04	29	1840.0	1031.0	0	0.6355000734329224
sub-03	ses-08	run-04	30	1031.0	1199.0	0	0.7775498628616333
sub-03	ses-08	run-04	31	1199.0	4.0	0	0.5415179133415222
sub-03	ses-08	run-04	32	4.0	509.0	0	0.5342720150947571
sub-03	ses-08	run-04	33	509.0	73.0	0	0.5337761640548706
sub-03	ses-08	run-04	34	73.0	784.0	0	0.5397981405258179
sub-03	ses-08	run-04	35	784.0	1852.0	0	0.5361184477806091
sub-03	ses-08	run-04	36	1852.0	795.0	0	0.5426691174507141
sub-03	ses-08	run-05	1	baseline	1950.0	0	0.5303751230239868
sub-03	ses-08	run-05	2	1950.0	5.0	0	0.5074038505554199
sub-03	ses-08	run-05	3	5.0	339.0	0	0.6108770966529846
sub-03	ses-08	run-05	4	339.0	1568.0	0	0.5240651369094849
sub-03	ses-08	run-05	5	1568.0	1361.0	0	0.5534257888793945
sub-03	ses-08	run-05	6	1361.0	2096.0	0	0.59488844871521
sub-03	ses-08	run-05	7	2096.0	926.0	0	0.543206512928009
sub-03	ses-08	run-05	8	926.0	1688.0	0	0.5511283874511719
sub-03	ses-08	run-05	9	1688.0	293.0	0	0.5714268684387207
sub-03	ses-08	run-05	10	293.0	2023.0	0	0.5259718894958496
sub-03	ses-08	run-05	11	2023.0	1195.0	0	0.5461718440055847
sub-03	ses-08	run-05	12	1195.0	198.0	0	0.5348222255706787
sub-03	ses-08	run-05	13	198.0	1289.0	0	0.5276941061019897
sub-03	ses-08	run-05	14	1289.0	1375.0	0	0.5362374782562256
sub-03	ses-08	run-05	15	1375.0	459.0	0	0.5234289765357971
sub-03	ses-08	run-05	16	459.0	44.0	0	0.5798970460891724
sub-03	ses-08	run-05	17	44.0	1851.0	0	0.7301087379455566
sub-03	ses-08	run-05	18	1851.0	787.0	0	0.6082084774971008
sub-03	ses-08	run-05	19	787.0	2161.0	0	0.5321252346038818
sub-03	ses-08	run-05	20	2161.0	1659.0	0	0.5249143242835999
sub-03	ses-08	run-05	21	1659.0	667.0	0	0.5184779763221741
sub-03	ses-08	run-05	22	667.0	462.0	0	0.5617165565490723
sub-03	ses-08	run-05	23	462.0	903.0	0	0.5560851097106934
sub-03	ses-08	run-05	24	903.0	2012.0	0	0.5276198983192444
sub-03	ses-08	run-05	25	2012.0	2127.0	0	0.5149083733558655
sub-03	ses-08	run-05	26	2127.0	867.0	0	0.5100427865982056
sub-03	ses-08	run-05	27	867.0	860.0	0	0.4889644384384155
sub-03	ses-08	run-05	28	860.0	1925.0	0	0.5330013632774353
sub-03	ses-08	run-05	29	1925.0	2081.0	0	0.5243757963180542
sub-03	ses-08	run-05	30	2081.0	1553.0	0	0.5044958591461182
sub-03	ses-08	run-05	31	1553.0	551.0	0	0.5471232533454895
sub-03	ses-08	run-05	32	551.0	1047.0	0	0.547701895236969
sub-03	ses-08	run-05	33	1047.0	2088.0	0	0.5195683836936951
sub-03	ses-08	run-05	34	2088.0	944.0	0	0.5849379301071167
sub-03	ses-08	run-05	35	944.0	1796.0	0	0.5869690179824829
sub-03	ses-08	run-05	36	1796.0	635.0	0	0.7992722988128662
sub-03	ses-08	run-06	1	baseline	2126.0	0	0.5627796053886414
sub-03	ses-08	run-06	2	2126.0	288.0	0	0.5962110757827759
sub-03	ses-08	run-06	3	288.0	1468.0	0	0.5424015522003174
sub-03	ses-08	run-06	4	1468.0	1853.0	0	0.5193896889686584
sub-03	ses-08	run-06	5	1853.0	1786.0	0	0.5308815240859985
sub-03	ses-08	run-06	6	1786.0	1200.0	0	0.5181235671043396
sub-03	ses-08	run-06	7	1200.0	1697.0	0	0.5350420475006104
sub-03	ses-08	run-06	8	1697.0	1321.0	0	0.5444920659065247
sub-03	ses-08	run-06	9	1321.0	1173.0	0	0.5553659796714783
sub-03	ses-08	run-06	10	1173.0	1249.0	0	0.5382212400436401
sub-03	ses-08	run-06	11	1249.0	1184.0	0	0.5174505114555359
sub-03	ses-08	run-06	12	1184.0	1037.0	0	0.5893020033836365
sub-03	ses-08	run-06	13	1037.0	756.0	0	0.5272592306137085
sub-03	ses-08	run-06	14	756.0	544.0	0	0.5258380174636841
sub-03	ses-08	run-06	15	544.0	394.0	0	0.5352497696876526
sub-03	ses-08	run-06	16	394.0	821.0	0	0.5215920209884644
sub-03	ses-08	run-06	17	821.0	258.0	0	0.5075435638427734
sub-03	ses-08	run-06	18	258.0	618.0	0	0.5799260139465332
sub-03	ses-08	run-06	19	618.0	2038.0	0	0.5527137517929077
sub-03	ses-08	run-06	20	2038.0	2169.0	0	0.6411814093589783
sub-03	ses-08	run-06	21	2169.0	373.0	0	0.6326802968978882
sub-03	ses-08	run-06	22	373.0	1494.0	0	0.5713485479354858
sub-03	ses-08	run-06	23	1494.0	364.0	0	0.5365363359451294
sub-03	ses-08	run-06	24	364.0	2050.0	0	0.8544790744781494
sub-03	ses-08	run-06	25	2050.0	11.0	0	0.6312604546546936
sub-03	ses-08	run-06	26	11.0	1081.0	0	0.542624831199646
sub-03	ses-08	run-06	27	1081.0	1834.0	0	0.548383891582489
sub-03	ses-08	run-06	28	1834.0	2163.0	0	0.5256788730621338
sub-03	ses-08	run-06	29	2163.0	744.0	0	0.5439533591270447
sub-03	ses-08	run-06	30	744.0	1946.0	0	0.5324118137359619
sub-03	ses-08	run-06	31	1946.0	539.0	0	0.6475687623023987
sub-03	ses-08	run-06	32	539.0	63.0	0	0.5400575399398804
sub-03	ses-08	run-06	33	63.0	294.0	0	0.532971203327179
sub-03	ses-08	run-06	34	294.0	2175.0	0	0.6107727289199829
sub-03	ses-08	run-06	35	2175.0	401.0	0	0.6084544062614441
sub-03	ses-08	run-06	36	401.0	2101.0	0	0.5941722393035889
sub-03	ses-08	run-07	1	baseline	81.0	0	0.6311538219451904
sub-03	ses-08	run-07	2	81.0	15.0	0	0.517011284828186
sub-03	ses-08	run-07	3	15.0	1192.0	0	0.586601734161377
sub-03	ses-08	run-07	4	1192.0	148.0	0	0.5707628726959229
sub-03	ses-08	run-07	5	148.0	1667.0	0	0.5690115094184875
sub-03	ses-08	run-07	6	1667.0	1791.0	0	0.5684396028518677
sub-03	ses-08	run-07	7	1791.0	140.0	0	0.5647581815719604
sub-03	ses-08	run-07	8	140.0	1818.0	0	0.5207729935646057
sub-03	ses-08	run-07	9	1818.0	515.0	0	0.5641393065452576
sub-03	ses-08	run-07	10	515.0	1351.0	0	0.580275297164917
sub-03	ses-08	run-07	11	1351.0	1542.0	0	0.53487628698349
sub-03	ses-08	run-07	12	1542.0	1172.0	0	0.5226879715919495
sub-03	ses-08	run-07	13	1172.0	698.0	0	0.552313506603241
sub-03	ses-08	run-07	14	698.0	1347.0	0	0.5619075298309326
sub-03	ses-08	run-07	15	1347.0	273.0	0	0.5326030254364014
sub-03	ses-08	run-07	16	273.0	728.0	0	0.6131002902984619
sub-03	ses-08	run-07	17	728.0	1716.0	0	0.596843957901001
sub-03	ses-08	run-07	18	1716.0	1016.0	0	0.5554488897323608
sub-03	ses-08	run-07	19	1016.0	2064.0	0	0.522943377494812
sub-03	ses-08	run-07	20	2064.0	724.0	0	0.5116801857948303
sub-03	ses-08	run-07	21	724.0	1941.0	0	0.5389788150787354
sub-03	ses-08	run-07	22	1941.0	1284.0	0	0.5815383791923523
sub-03	ses-08	run-07	23	1284.0	1413.0	0	0.5644855499267578
sub-03	ses-08	run-07	24	1413.0	1495.0	0	0.5732948780059814
sub-03	ses-08	run-07	25	1495.0	264.0	0	0.513468861579895
sub-03	ses-08	run-07	26	264.0	1848.0	0	0.5496315956115723
sub-03	ses-08	run-07	27	1848.0	1760.0	0	0.5653995871543884
sub-03	ses-08	run-07	28	1760.0	1090.0	0	0.5192447304725647
sub-03	ses-08	run-07	29	1090.0	1189.0	0	0.5290894508361816
sub-03	ses-08	run-07	30	1189.0	1087.0	0	0.5596877932548523
sub-03	ses-08	run-07	31	1087.0	1101.0	0	0.6083532571792603
sub-03	ses-08	run-07	32	1101.0	1419.0	0	0.5298910140991211
sub-03	ses-08	run-07	33	1419.0	155.0	0	0.6101750731468201
sub-03	ses-08	run-07	34	155.0	20.0	0	0.544302761554718
sub-03	ses-08	run-07	35	20.0	417.0	0	0.5748199224472046
sub-03	ses-08	run-07	36	417.0	1563.0	0	0.6038281321525574
sub-03	ses-08	run-08	1	baseline	482.0	0	0.5777843594551086
sub-03	ses-08	run-08	2	482.0	1656.0	0	0.6343881487846375
sub-03	ses-08	run-08	3	1656.0	708.0	0	0.5833718180656433
sub-03	ses-08	run-08	4	708.0	1961.0	0	0.5874204039573669
sub-03	ses-08	run-08	5	1961.0	361.0	0	0.5632627606391907
sub-03	ses-08	run-08	6	361.0	1728.0	0	0.5689607262611389
sub-03	ses-08	run-08	7	1728.0	1060.0	0	0.5323264002799988
sub-03	ses-08	run-08	8	1060.0	33.0	0	0.5714409351348877
sub-03	ses-08	run-08	9	33.0	262.0	0	0.5841591954231262
sub-03	ses-08	run-08	10	262.0	39.0	0	0.5240176916122437
sub-03	ses-08	run-08	11	39.0	806.0	0	0.5141448974609375
sub-03	ses-08	run-08	12	806.0	1399.0	0	0.5930465459823608
sub-03	ses-08	run-08	13	1399.0	550.0	0	0.5652326345443726
sub-03	ses-08	run-08	14	550.0	166.0	0	0.5662705898284912
sub-03	ses-08	run-08	15	166.0	374.0	0	0.5558196306228638
sub-03	ses-08	run-08	16	374.0	2083.0	0	0.5931377410888672
sub-03	ses-08	run-08	17	2083.0	1842.0	0	0.562399685382843
sub-03	ses-08	run-08	18	1842.0	2065.0	0	0.6065020561218262
sub-03	ses-08	run-08	19	2065.0	292.0	0	0.5873517394065857
sub-03	ses-08	run-08	20	292.0	1111.0	0	0.5651732683181763
sub-03	ses-08	run-08	21	1111.0	1876.0	0	0.5477242469787598
sub-03	ses-08	run-08	22	1876.0	97.0	0	0.5907679796218872
sub-03	ses-08	run-08	23	97.0	1936.0	0	0.5693761110305786
sub-03	ses-08	run-08	24	1936.0	1551.0	0	0.6034491062164307
sub-03	ses-08	run-08	25	1551.0	1054.0	0	0.5609581470489502
sub-03	ses-08	run-08	26	1054.0	108.0	0	0.5330191254615784
sub-03	ses-08	run-08	27	108.0	881.0	0	0.5311362147331238
sub-03	ses-08	run-08	28	881.0	735.0	0	0.5323971509933472
sub-03	ses-08	run-08	29	735.0	558.0	0	0.5871886610984802
sub-03	ses-08	run-08	30	558.0	313.0	0	0.5427480340003967
sub-03	ses-08	run-08	31	313.0	1620.0	0	0.6216210126876831
sub-03	ses-08	run-08	32	1620.0	820.0	0	0.5852363109588623
sub-03	ses-08	run-08	33	820.0	182.0	0	0.5318905115127563
sub-03	ses-08	run-08	34	182.0	1015.0	0	0.6111022233963013
sub-03	ses-08	run-08	35	1015.0	69.0	0	0.6385536193847656
sub-03	ses-08	run-08	36	69.0	631.0	0	0.6113324165344238
sub-04	ses-01	run-01	1	baseline	2017.0	0	0.5805810689926147
sub-04	ses-01	run-01	2	2017.0	247.0	0	0.5517317652702332
sub-04	ses-01	run-01	3	247.0	540.0	0	0.5904661417007446
sub-04	ses-01	run-01	4	540.0	1162.0	0	0.5645254850387573
sub-04	ses-01	run-01	5	1162.0	946.0	0	0.5563163161277771
sub-04	ses-01	run-01	6	946.0	395.0	0	0.5060061812400818
sub-04	ses-01	run-01	7	395.0	677.0	0	0.5598060488700867
sub-04	ses-01	run-01	8	677.0	840.0	0	0.5544177889823914
sub-04	ses-01	run-01	9	840.0	1693.0	0	0.5650835633277893
sub-04	ses-01	run-01	10	1693.0	131.0	0	0.5531931519508362
sub-04	ses-01	run-01	11	131.0	1075.0	0	0.5579181909561157
sub-04	ses-01	run-01	12	1075.0	1068.0	0	0.6029146313667297
sub-04	ses-01	run-01	13	1068.0	582.0	0	0.5540599226951599
sub-04	ses-01	run-01	14	582.0	500.0	0	0.627165675163269
sub-04	ses-01	run-01	15	500.0	265.0	0	0.5644318461418152
sub-04	ses-01	run-01	16	265.0	2024.0	0	0.6109725832939148
sub-04	ses-01	run-01	17	2024.0	349.0	0	0.5991963148117065
sub-04	ses-01	run-01	18	349.0	895.0	0	0.5777987241744995
sub-04	ses-01	run-01	19	895.0	636.0	0	0.5260956883430481
sub-04	ses-01	run-01	20	636.0	569.0	0	0.5488951206207275
sub-04	ses-01	run-01	21	569.0	846.0	0	0.6741259694099426
sub-04	ses-01	run-01	22	846.0	139.0	0	0.5376031994819641
sub-04	ses-01	run-01	23	139.0	1894.0	0	0.525150716304779
sub-04	ses-01	run-01	24	1894.0	1286.0	0	0.49263936281204224
sub-04	ses-01	run-01	25	1286.0	46.0	0	0.549951434135437
sub-04	ses-01	run-01	26	46.0	1601.0	0	0.5839220881462097
sub-04	ses-01	run-01	27	1601.0	229.0	0	0.6484552025794983
sub-04	ses-01	run-01	28	229.0	615.0	0	0.566791296005249
sub-04	ses-01	run-01	29	615.0	1500.0	0	0.6319576501846313
sub-04	ses-01	run-01	30	1500.0	1267.0	0	0.5629201531410217
sub-04	ses-01	run-01	31	1267.0	921.0	0	0.5748807787895203
sub-04	ses-01	run-01	32	921.0	936.0	0	0.5439361333847046
sub-04	ses-01	run-01	33	936.0	546.0	0	0.5451028347015381
sub-04	ses-01	run-01	34	546.0	1405.0	0	0.57464998960495
sub-04	ses-01	run-01	35	1405.0	2097.0	0	0.5757023692131042
sub-04	ses-01	run-01	36	2097.0	1917.0	0	0.5753195285797119
sub-04	ses-01	run-02	1	baseline	173.0	0	0.5103631615638733
sub-04	ses-01	run-02	2	173.0	687.0	0	0.5348701477050781
sub-04	ses-01	run-02	3	687.0	472.0	0	0.5454562306404114
sub-04	ses-01	run-02	4	472.0	400.0	0	0.533311128616333
sub-04	ses-01	run-02	5	400.0	960.0	0	0.5010673999786377
sub-04	ses-01	run-02	6	960.0	386.0	0	0.6501311659812927
sub-04	ses-01	run-02	7	386.0	904.0	0	0.610971212387085
sub-04	ses-01	run-02	8	904.0	456.0	0	0.5386813879013062
sub-04	ses-01	run-02	9	456.0	352.0	0	0.5559656620025635
sub-04	ses-01	run-02	10	352.0	259.0	0	0.5889249444007874
sub-04	ses-01	run-02	11	259.0	1897.0	0	0.5367643237113953
sub-04	ses-01	run-02	12	1897.0	732.0	0	0.5555161237716675
sub-04	ses-01	run-02	13	732.0	1668.0	0	0.5571099519729614
sub-04	ses-01	run-02	14	1668.0	805.0	0	0.5495608448982239
sub-04	ses-01	run-02	15	805.0	877.0	0	0.5541742444038391
sub-04	ses-01	run-02	16	877.0	1657.0	0	0.5339258313179016
sub-04	ses-01	run-02	17	1657.0	261.0	0	0.5637936592102051
sub-04	ses-01	run-02	18	261.0	416.0	0	0.5744057297706604
sub-04	ses-01	run-02	19	416.0	2177.0	0	0.580328106880188
sub-04	ses-01	run-02	20	2177.0	1538.0	0	0.6026979684829712
sub-04	ses-01	run-02	21	1538.0	1837.0	0	0.5509119629859924
sub-04	ses-01	run-02	22	1837.0	929.0	0	0.5329427123069763
sub-04	ses-01	run-02	23	929.0	1990.0	0	0.7097889184951782
sub-04	ses-01	run-02	24	1990.0	499.0	0	0.5489676594734192
sub-04	ses-01	run-02	25	499.0	2007.0	0	0.5245094895362854
sub-04	ses-01	run-02	26	2007.0	1356.0	0	0.626873254776001
sub-04	ses-01	run-02	27	1356.0	219.0	0	0.6313349604606628
sub-04	ses-01	run-02	28	219.0	215.0	0	0.5438294410705566
sub-04	ses-01	run-02	29	215.0	953.0	0	0.5387745499610901
sub-04	ses-01	run-02	30	953.0	1131.0	0	0.5413174629211426
sub-04	ses-01	run-02	31	1131.0	1505.0	0	0.5473514199256897
sub-04	ses-01	run-02	32	1505.0	1736.0	0	0.73615962266922
sub-04	ses-01	run-02	33	1736.0	238.0	0	0.5839210748672485
sub-04	ses-01	run-02	34	238.0	1979.0	0	0.5516016483306885
sub-04	ses-01	run-02	35	1979.0	471.0	0	0.6215158104896545
sub-04	ses-01	run-02	36	471.0	1583.0	0	0.5754332542419434
sub-04	ses-01	run-03	1	baseline	678.0	0	0.5614272952079773
sub-04	ses-01	run-03	2	678.0	402.0	0	0.5461426973342896
sub-04	ses-01	run-03	3	402.0	507.0	0	0.5273187756538391
sub-04	ses-01	run-03	4	507.0	711.0	0	0.5285637974739075
sub-04	ses-01	run-03	5	711.0	1306.0	0	0.5478187203407288
sub-04	ses-01	run-03	6	1306.0	819.0	0	0.5730277299880981
sub-04	ses-01	run-03	7	819.0	1323.0	0	0.6501396298408508
sub-04	ses-01	run-03	8	1323.0	521.0	0	0.5597631335258484
sub-04	ses-01	run-03	9	521.0	369.0	0	0.599271297454834
sub-04	ses-01	run-03	10	369.0	421.0	0	0.5333956480026245
sub-04	ses-01	run-03	11	421.0	1395.0	0	0.5215258002281189
sub-04	ses-01	run-03	12	1395.0	1258.0	0	0.5179542899131775
sub-04	ses-01	run-03	13	1258.0	1914.0	0	0.5075569748878479
sub-04	ses-01	run-03	14	1914.0	695.0	0	0.5494768023490906
sub-04	ses-01	run-03	15	695.0	617.0	0	0.5413609147071838
sub-04	ses-01	run-03	16	617.0	886.0	0	0.5281641483306885
sub-04	ses-01	run-03	17	886.0	2076.0	0	0.5294674038887024
sub-04	ses-01	run-03	18	2076.0	192.0	0	0.542101263999939
sub-04	ses-01	run-03	19	192.0	970.0	0	0.511134684085846
sub-04	ses-01	run-03	20	970.0	1899.0	0	0.5503675937652588
sub-04	ses-01	run-03	21	1899.0	495.0	0	0.5351221561431885
sub-04	ses-01	run-03	22	495.0	390.0	0	0.5659462213516235
sub-04	ses-01	run-03	23	390.0	1426.0	0	0.5524933934211731
sub-04	ses-01	run-03	24	1426.0	393.0	0	0.5510933995246887
sub-04	ses-01	run-03	25	393.0	1211.0	0	0.5126399993896484
sub-04	ses-01	run-03	26	1211.0	1141.0	0	0.5227044224739075
sub-04	ses-01	run-03	27	1141.0	811.0	0	0.5264683961868286
sub-04	ses-01	run-03	28	811.0	2140.0	0	0.562850832939148
sub-04	ses-01	run-03	29	2140.0	145.0	0	0.572826087474823
sub-04	ses-01	run-03	30	145.0	208.0	0	0.5524985790252686
sub-04	ses-01	run-03	31	208.0	1723.0	0	0.5440267324447632
sub-04	ses-01	run-03	32	1723.0	2014.0	0	0.6315728425979614
sub-04	ses-01	run-03	33	2014.0	1270.0	0	0.5503308773040771
sub-04	ses-01	run-03	34	1270.0	1819.0	0	0.6509954333305359
sub-04	ses-01	run-03	35	1819.0	1911.0	0	0.6328127980232239
sub-04	ses-01	run-03	36	1911.0	157.0	0	0.6196239590644836
sub-04	ses-01	run-04	1	baseline	317.0	0	0.5499475002288818
sub-04	ses-01	run-04	2	317.0	1835.0	0	0.5180836915969849
sub-04	ses-01	run-04	3	1835.0	1266.0	0	0.6083270311355591
sub-04	ses-01	run-04	4	1266.0	1390.0	0	0.5789021253585815
sub-04	ses-01	run-04	5	1390.0	95.0	0	0.6105329990386963
sub-04	ses-01	run-04	6	95.0	1847.0	0	0.5575720071792603
sub-04	ses-01	run-04	7	1847.0	1731.0	0	0.6114608645439148
sub-04	ses-01	run-04	8	1731.0	1333.0	0	0.5833967924118042
sub-04	ses-01	run-04	9	1333.0	1922.0	0	0.5431379675865173
sub-04	ses-01	run-04	10	1922.0	1912.0	0	0.5975051522254944
sub-04	ses-01	run-04	11	1912.0	452.0	0	0.554422914981842
sub-04	ses-01	run-04	12	452.0	2133.0	0	0.6275486946105957
sub-04	ses-01	run-04	13	2133.0	717.0	0	0.5931702852249146
sub-04	ses-01	run-04	14	717.0	231.0	0	0.5522931218147278
sub-04	ses-01	run-04	15	231.0	1106.0	0	0.5329208970069885
sub-04	ses-01	run-04	16	1106.0	230.0	0	0.526809573173523
sub-04	ses-01	run-04	17	230.0	119.0	0	0.5582206845283508
sub-04	ses-01	run-04	18	119.0	1276.0	0	0.5569561123847961
sub-04	ses-01	run-04	19	1276.0	200.0	0	0.6679945588111877
sub-04	ses-01	run-04	20	200.0	2135.0	0	0.6150280237197876
sub-04	ses-01	run-04	21	2135.0	311.0	0	0.5821224451065063
sub-04	ses-01	run-04	22	311.0	1587.0	0	0.5387859344482422
sub-04	ses-01	run-04	23	1587.0	1245.0	0	0.5852792263031006
sub-04	ses-01	run-04	24	1245.0	1962.0	0	0.6833310723304749
sub-04	ses-01	run-04	25	1962.0	780.0	0	0.5491304993629456
sub-04	ses-01	run-04	26	780.0	309.0	0	0.5292672514915466
sub-04	ses-01	run-04	27	309.0	1250.0	0	0.5449424386024475
sub-04	ses-01	run-04	28	1250.0	1455.0	0	0.5835326910018921
sub-04	ses-01	run-04	29	1455.0	1952.0	0	0.5481551289558411
sub-04	ses-01	run-04	30	1952.0	1557.0	0	0.4984891414642334
sub-04	ses-01	run-04	31	1557.0	1507.0	0	0.579200029373169
sub-04	ses-01	run-04	32	1507.0	1580.0	0	0.5250753164291382
sub-04	ses-01	run-04	33	1580.0	2108.0	0	0.5375816226005554
sub-04	ses-01	run-04	34	2108.0	1302.0	0	0.6161538362503052
sub-04	ses-01	run-04	35	1302.0	338.0	0	0.5854604840278625
sub-04	ses-01	run-04	36	338.0	1710.0	0	0.5972533226013184
sub-04	ses-01	run-05	1	baseline	1383.0	0	0.514451801776886
sub-04	ses-01	run-05	2	1383.0	83.0	0	0.5324686765670776
sub-04	ses-01	run-05	3	83.0	1968.0	0	0.5302173495292664
sub-04	ses-01	run-05	4	1968.0	218.0	0	0.5828685760498047
sub-04	ses-01	run-05	5	218.0	2191.0	0	0.5496314764022827
sub-04	ses-01	run-05	6	2191.0	1077.0	0	0.5424749851226807
sub-04	ses-01	run-05	7	1077.0	1520.0	0	0.5514366626739502
sub-04	ses-01	run-05	8	1520.0	1070.0	0	0.5339782238006592
sub-04	ses-01	run-05	9	1070.0	1166.0	0	0.6517216563224792
sub-04	ses-01	run-05	10	1166.0	1424.0	0	0.672874927520752
sub-04	ses-01	run-05	11	1424.0	1389.0	0	0.5781804323196411
sub-04	ses-01	run-05	12	1389.0	1829.0	0	0.5460944175720215
sub-04	ses-01	run-05	13	1829.0	2043.0	0	0.5316354632377625
sub-04	ses-01	run-05	14	2043.0	751.0	0	0.5524614453315735
sub-04	ses-01	run-05	15	751.0	1566.0	0	0.572776198387146
sub-04	ses-01	run-05	16	1566.0	345.0	0	0.5919013023376465
sub-04	ses-01	run-05	17	345.0	595.0	0	0.555823028087616
sub-04	ses-01	run-05	18	595.0	1771.0	0	0.543420135974884
sub-04	ses-01	run-05	19	1771.0	2167.0	0	0.576323926448822
sub-04	ses-01	run-05	20	2167.0	988.0	0	0.593206524848938
sub-04	ses-01	run-05	21	988.0	419.0	0	0.5722379088401794
sub-04	ses-01	run-05	22	419.0	170.0	0	0.5359819531440735
sub-04	ses-01	run-05	23	170.0	762.0	0	0.5171388387680054
sub-04	ses-01	run-05	24	762.0	1995.0	0	0.5201069712638855
sub-04	ses-01	run-05	25	1995.0	2168.0	0	0.6013167500495911
sub-04	ses-01	run-05	26	2168.0	1810.0	0	0.575685441493988
sub-04	ses-01	run-05	27	1810.0	299.0	0	0.5692074298858643
sub-04	ses-01	run-05	28	299.0	1823.0	0	0.6410249471664429
sub-04	ses-01	run-05	29	1823.0	17.0	0	0.5324183106422424
sub-04	ses-01	run-05	30	17.0	36.0	0	0.6743481159210205
sub-04	ses-01	run-05	31	36.0	487.0	0	0.5216624140739441
sub-04	ses-01	run-05	32	487.0	536.0	0	0.5630550980567932
sub-04	ses-01	run-05	33	536.0	910.0	0	0.5325433611869812
sub-04	ses-01	run-05	34	910.0	1464.0	0	0.546707272529602
sub-04	ses-01	run-05	35	1464.0	1073.0	0	0.6116815805435181
sub-04	ses-01	run-05	36	1073.0	485.0	0	0.5787394046783447
sub-04	ses-01	run-06	1	baseline	934.0	0	0.5289797186851501
sub-04	ses-01	run-06	2	934.0	1780.0	0	0.5473271012306213
sub-04	ses-01	run-06	3	1780.0	1160.0	0	0.6014035940170288
sub-04	ses-01	run-06	4	1160.0	1597.0	0	0.6799842119216919
sub-04	ses-01	run-06	5	1597.0	1954.0	0	0.5108831524848938
sub-04	ses-01	run-06	6	1954.0	596.0	0	0.5881982445716858
sub-04	ses-01	run-06	7	596.0	1462.0	0	0.5664130449295044
sub-04	ses-01	run-06	8	1462.0	779.0	0	0.5824323296546936
sub-04	ses-01	run-06	9	779.0	356.0	0	0.590758740901947
sub-04	ses-01	run-06	10	356.0	1319.0	0	0.49828389286994934
sub-04	ses-01	run-06	11	1319.0	922.0	0	0.6065024137496948
sub-04	ses-01	run-06	12	922.0	2171.0	0	0.5598039031028748
sub-04	ses-01	run-06	13	2171.0	955.0	0	0.5568342208862305
sub-04	ses-01	run-06	14	955.0	479.0	0	0.5301337838172913
sub-04	ses-01	run-06	15	479.0	1385.0	0	0.6091195940971375
sub-04	ses-01	run-06	16	1385.0	511.0	0	0.5326573252677917
sub-04	ses-01	run-06	17	511.0	2034.0	0	0.6049253344535828
sub-04	ses-01	run-06	18	2034.0	449.0	0	0.51734858751297
sub-04	ses-01	run-06	19	449.0	664.0	0	0.5361329317092896
sub-04	ses-01	run-06	20	664.0	1129.0	0	0.5388783812522888
sub-04	ses-01	run-06	21	1129.0	1858.0	0	0.512991189956665
sub-04	ses-01	run-06	22	1858.0	1856.0	0	0.5440505743026733
sub-04	ses-01	run-06	23	1856.0	833.0	0	0.5259053707122803
sub-04	ses-01	run-06	24	833.0	1140.0	0	0.5649925470352173
sub-04	ses-01	run-06	25	1140.0	783.0	0	0.540658712387085
sub-04	ses-01	run-06	26	783.0	1179.0	0	0.5651513934135437
sub-04	ses-01	run-06	27	1179.0	1887.0	0	0.5832374691963196
sub-04	ses-01	run-06	28	1887.0	2003.0	0	0.5596046447753906
sub-04	ses-01	run-06	29	2003.0	96.0	0	0.5145706534385681
sub-04	ses-01	run-06	30	96.0	58.0	0	0.6054484248161316
sub-04	ses-01	run-06	31	58.0	86.0	0	0.5850679278373718
sub-04	ses-01	run-06	32	86.0	176.0	0	0.5260875821113586
sub-04	ses-01	run-06	33	176.0	211.0	0	0.6604975461959839
sub-04	ses-01	run-06	34	211.0	1349.0	0	0.7050647139549255
sub-04	ses-01	run-06	35	1349.0	2189.0	0	0.5694261193275452
sub-04	ses-01	run-06	36	2189.0	686.0	0	0.5987023115158081
sub-04	ses-01	run-07	1	baseline	1663.0	0	0.6243478059768677
sub-04	ses-01	run-07	2	1663.0	900.0	0	0.6034438014030457
sub-04	ses-01	run-07	3	900.0	2186.0	0	0.558253288269043
sub-04	ses-01	run-07	4	2186.0	572.0	0	0.5701107978820801
sub-04	ses-01	run-07	5	572.0	1747.0	0	0.5391398668289185
sub-04	ses-01	run-07	6	1747.0	715.0	0	0.6719663739204407
sub-04	ses-01	run-07	7	715.0	453.0	0	0.5554553270339966
sub-04	ses-01	run-07	8	453.0	835.0	0	0.5431063771247864
sub-04	ses-01	run-07	9	835.0	146.0	0	0.5064236521720886
sub-04	ses-01	run-07	10	146.0	1324.0	0	0.546676516532898
sub-04	ses-01	run-07	11	1324.0	826.0	0	0.6306948661804199
sub-04	ses-01	run-07	12	826.0	2145.0	0	0.5719186067581177
sub-04	ses-01	run-07	13	2145.0	389.0	0	0.6644195914268494
sub-04	ses-01	run-07	14	389.0	1011.0	0	0.5549576878547668
sub-04	ses-01	run-07	15	1011.0	185.0	0	0.5837576985359192
sub-04	ses-01	run-07	16	185.0	716.0	0	0.6585801243782043
sub-04	ses-01	run-07	17	716.0	347.0	0	0.5704596638679504
sub-04	ses-01	run-07	18	347.0	1757.0	0	0.5684645771980286
sub-04	ses-01	run-07	19	1757.0	1078.0	0	0.625437319278717
sub-04	ses-01	run-07	20	1078.0	64.0	0	0.5909255743026733
sub-04	ses-01	run-07	21	64.0	1144.0	0	0.5722588896751404
sub-04	ses-01	run-07	22	1144.0	828.0	0	0.5521289110183716
sub-04	ses-01	run-07	23	828.0	1929.0	0	0.5428725481033325
sub-04	ses-01	run-07	24	1929.0	2002.0	0	0.584272027015686
sub-04	ses-01	run-07	25	2002.0	1616.0	0	0.5382312536239624
sub-04	ses-01	run-07	26	1616.0	1097.0	0	0.5399699211120605
sub-04	ses-01	run-07	27	1097.0	1014.0	0	0.5417371988296509
sub-04	ses-01	run-07	28	1014.0	286.0	0	0.5289872288703918
sub-04	ses-01	run-07	29	286.0	41.0	0	0.5847300887107849
sub-04	ses-01	run-07	30	41.0	1327.0	0	0.5416033267974854
sub-04	ses-01	run-07	31	1327.0	276.0	0	0.5295240879058838
sub-04	ses-01	run-07	32	276.0	989.0	0	0.5933619141578674
sub-04	ses-01	run-07	33	989.0	932.0	0	0.6375387907028198
sub-04	ses-01	run-07	34	932.0	151.0	0	0.5769469141960144
sub-04	ses-01	run-07	35	151.0	1387.0	0	0.529130220413208
sub-04	ses-01	run-07	36	1387.0	66.0	0	0.5388643741607666
sub-04	ses-01	run-08	1	baseline	694.0	0	0.5490451455116272
sub-04	ses-01	run-08	2	694.0	1274.0	0	0.5557245016098022
sub-04	ses-01	run-08	3	1274.0	1919.0	0	0.6206849813461304
sub-04	ses-01	run-08	4	1919.0	746.0	0	0.6510883569717407
sub-04	ses-01	run-08	5	746.0	1444.0	0	0.5452642440795898
sub-04	ses-01	run-08	6	1444.0	584.0	0	0.5648897290229797
sub-04	ses-01	run-08	7	584.0	1558.0	0	0.5599011182785034
sub-04	ses-01	run-08	8	1558.0	1402.0	0	0.5887337327003479
sub-04	ses-01	run-08	9	1402.0	1433.0	0	0.6123679876327515
sub-04	ses-01	run-08	10	1433.0	1763.0	0	0.6201810836791992
sub-04	ses-01	run-08	11	1763.0	570.0	0	0.5721326470375061
sub-04	ses-01	run-08	12	570.0	34.0	0	0.5270813703536987
sub-04	ses-01	run-08	13	34.0	578.0	0	0.615692675113678
sub-04	ses-01	run-08	14	578.0	1287.0	0	0.5857242941856384
sub-04	ses-01	run-08	15	1287.0	2082.0	0	0.5695427656173706
sub-04	ses-01	run-08	16	2082.0	1772.0	0	0.583047091960907
sub-04	ses-01	run-08	17	1772.0	1150.0	0	0.547164797782898
sub-04	ses-01	run-08	18	1150.0	61.0	0	0.518898606300354
sub-04	ses-01	run-08	19	61.0	1469.0	0	0.5972819924354553
sub-04	ses-01	run-08	20	1469.0	1164.0	0	0.5674746632575989
sub-04	ses-01	run-08	21	1164.0	580.0	0	0.5639220476150513
sub-04	ses-01	run-08	22	580.0	1098.0	0	0.5358086228370667
sub-04	ses-01	run-08	23	1098.0	794.0	0	0.4906647801399231
sub-04	ses-01	run-08	24	794.0	398.0	0	0.5350304245948792
sub-04	ses-01	run-08	25	398.0	467.0	0	0.5117588043212891
sub-04	ses-01	run-08	26	467.0	433.0	0	0.6054916381835938
sub-04	ses-01	run-08	27	433.0	852.0	0	0.5926222801208496
sub-04	ses-01	run-08	28	852.0	2086.0	0	0.5915384292602539
sub-04	ses-01	run-08	29	2086.0	1305.0	0	0.6647946834564209
sub-04	ses-01	run-08	30	1305.0	1660.0	0	0.5817187428474426
sub-04	ses-01	run-08	31	1660.0	2139.0	0	0.5733701586723328
sub-04	ses-01	run-08	32	2139.0	244.0	0	0.5605964660644531
sub-04	ses-01	run-08	33	244.0	1706.0	0	0.6150773167610168
sub-04	ses-01	run-08	34	1706.0	1126.0	0	0.6505522727966309
sub-04	ses-01	run-08	35	1126.0	1342.0	0	0.5644631385803223
sub-04	ses-01	run-08	36	1342.0	1121.0	0	0.6112331748008728
sub-04	ses-02	run-01	1	baseline	2110.0	0	0.539635956287384
sub-04	ses-02	run-01	2	2110.0	1850.0	0	0.5484673976898193
sub-04	ses-02	run-01	3	1850.0	1564.0	0	0.5355826020240784
sub-04	ses-02	run-01	4	1564.0	14.0	0	0.5373132228851318
sub-04	ses-02	run-01	5	14.0	609.0	0	0.5547081828117371
sub-04	ses-02	run-01	6	609.0	668.0	0	0.5550000071525574
sub-04	ses-02	run-01	7	668.0	1499.0	0	0.617729902267456
sub-04	ses-02	run-01	8	1499.0	1153.0	0	0.5795714855194092
sub-04	ses-02	run-01	9	1153.0	1368.0	0	0.5697535872459412
sub-04	ses-02	run-01	10	1368.0	1831.0	0	0.5222555994987488
sub-04	ses-02	run-01	11	1831.0	121.0	0	0.5669886469841003
sub-04	ses-02	run-01	12	121.0	2022.0	0	0.5530549883842468
sub-04	ses-02	run-01	13	2022.0	1171.0	0	0.5894737839698792
sub-04	ses-02	run-01	14	1171.0	1556.0	0	0.5671029090881348
sub-04	ses-02	run-01	15	1556.0	673.0	0	0.5909167528152466
sub-04	ses-02	run-01	16	673.0	1948.0	0	0.5745909810066223
sub-04	ses-02	run-01	17	1948.0	2156.0	0	0.4998559057712555
sub-04	ses-02	run-01	18	2156.0	1501.0	0	0.646702229976654
sub-04	ses-02	run-01	19	1501.0	857.0	0	0.5313043594360352
sub-04	ses-02	run-01	20	857.0	1263.0	0	0.546114444732666
sub-04	ses-02	run-01	21	1263.0	730.0	0	0.5503202676773071
sub-04	ses-02	run-01	22	730.0	995.0	0	0.5244170427322388
sub-04	ses-02	run-01	23	995.0	1918.0	0	0.5664580464363098
sub-04	ses-02	run-01	24	1918.0	1418.0	0	0.5904106497764587
sub-04	ses-02	run-01	25	1418.0	277.0	0	0.5011367797851562
sub-04	ses-02	run-01	26	277.0	1898.0	0	0.5423333048820496
sub-04	ses-02	run-01	27	1898.0	1021.0	0	0.5332448482513428
sub-04	ses-02	run-01	28	1021.0	1974.0	0	0.5213800668716431
sub-04	ses-02	run-01	29	1974.0	1352.0	0	0.5144318342208862
sub-04	ses-02	run-01	30	1352.0	2074.0	0	0.5357803702354431
sub-04	ses-02	run-01	31	2074.0	1309.0	0	0.509141206741333
sub-04	ses-02	run-01	32	1309.0	1115.0	0	0.5832294821739197
sub-04	ses-02	run-01	33	1115.0	365.0	0	0.521908700466156
sub-04	ses-02	run-01	34	365.0	747.0	0	0.6150198578834534
sub-04	ses-02	run-01	35	747.0	652.0	0	0.6213430762290955
sub-04	ses-02	run-01	36	652.0	928.0	0	0.5947064161300659
sub-04	ses-02	run-02	1	baseline	2062.0	0	0.557137131690979
sub-04	ses-02	run-02	2	2062.0	1000.0	0	0.49871155619621277
sub-04	ses-02	run-02	3	1000.0	2114.0	0	0.45482325553894043
sub-04	ses-02	run-02	4	2114.0	353.0	0	0.489790678024292
sub-04	ses-02	run-02	5	353.0	1726.0	0	0.5751336812973022
sub-04	ses-02	run-02	6	1726.0	1353.0	0	0.595900297164917
sub-04	ses-02	run-02	7	1353.0	186.0	0	0.6341379284858704
sub-04	ses-02	run-02	8	186.0	24.0	0	0.5794396996498108
sub-04	ses-02	run-02	9	24.0	1059.0	0	0.5904843211174011
sub-04	ses-02	run-02	10	1059.0	859.0	0	0.5754923820495605
sub-04	ses-02	run-02	11	859.0	1861.0	0	0.5271732211112976
sub-04	ses-02	run-02	12	1861.0	408.0	0	0.5320091247558594
sub-04	ses-02	run-02	13	408.0	1573.0	0	0.5488613247871399
sub-04	ses-02	run-02	14	1573.0	1145.0	0	0.5484461784362793
sub-04	ses-02	run-02	15	1145.0	129.0	0	0.5415650606155396
sub-04	ses-02	run-02	16	129.0	836.0	0	0.5726513266563416
sub-04	ses-02	run-02	17	836.0	344.0	0	0.6052913069725037
sub-04	ses-02	run-02	18	344.0	1374.0	0	0.5998263359069824
sub-04	ses-02	run-02	19	1374.0	1937.0	0	0.6568648219108582
sub-04	ses-02	run-02	20	1937.0	1792.0	0	0.7056984901428223
sub-04	ses-02	run-02	21	1792.0	1372.0	0	0.5329744219779968
sub-04	ses-02	run-02	22	1372.0	865.0	0	0.49985483288764954
sub-04	ses-02	run-02	23	865.0	368.0	0	0.5723974108695984
sub-04	ses-02	run-02	24	368.0	109.0	0	0.6224503517150879
sub-04	ses-02	run-02	25	109.0	251.0	0	0.502670168876648
sub-04	ses-02	run-02	26	251.0	242.0	0	0.5194982886314392
sub-04	ses-02	run-02	27	242.0	714.0	0	0.5346682667732239
sub-04	ses-02	run-02	28	714.0	1988.0	0	0.6288262605667114
sub-04	ses-02	run-02	29	1988.0	1875.0	0	0.5401340126991272
sub-04	ses-02	run-02	30	1875.0	497.0	0	0.5479958653450012
sub-04	ses-02	run-02	31	497.0	30.0	0	0.5810408592224121
sub-04	ses-02	run-02	32	30.0	2020.0	0	0.7096343040466309
sub-04	ses-02	run-02	33	2020.0	76.0	0	0.5750216841697693
sub-04	ses-02	run-02	34	76.0	1756.0	0	0.5640835762023926
sub-04	ses-02	run-02	35	1756.0	1664.0	0	0.541226327419281
sub-04	ses-02	run-02	36	1664.0	1022.0	0	0.5254358649253845
sub-04	ses-02	run-03	1	baseline	318.0	0	0.6506247520446777
sub-04	ses-02	run-03	2	318.0	195.0	0	0.6078590750694275
sub-04	ses-02	run-03	3	195.0	801.0	0	0.5969545841217041
sub-04	ses-02	run-03	4	801.0	319.0	0	0.592854380607605
sub-04	ses-02	run-03	5	319.0	113.0	0	0.609801709651947
sub-04	ses-02	run-03	6	113.0	243.0	0	0.5625269412994385
sub-04	ses-02	run-03	7	243.0	975.0	0	0.5902162790298462
sub-04	ses-02	run-03	8	975.0	1437.0	0	0.5770843029022217
sub-04	ses-02	run-03	9	1437.0	1243.0	0	0.5494879484176636
sub-04	ses-02	run-03	10	1243.0	766.0	0	0.5717711448669434
sub-04	ses-02	run-03	11	766.0	888.0	0	0.6621829867362976
sub-04	ses-02	run-03	12	888.0	1120.0	0	0.5723649263381958
sub-04	ses-02	run-03	13	1120.0	947.0	0	0.5482107400894165
sub-04	ses-02	run-03	14	947.0	1056.0	0	0.5020084381103516
sub-04	ses-02	run-03	15	1056.0	1083.0	0	0.5069706439971924
sub-04	ses-02	run-03	16	1083.0	1613.0	0	0.49767449498176575
sub-04	ses-02	run-03	17	1613.0	1091.0	0	0.4978716969490051
sub-04	ses-02	run-03	18	1091.0	1259.0	0	0.5663453936576843
sub-04	ses-02	run-03	19	1259.0	654.0	0	0.5539590120315552
sub-04	ses-02	run-03	20	654.0	1809.0	0	0.5170954465866089
sub-04	ses-02	run-03	21	1809.0	1512.0	0	0.5533071160316467
sub-04	ses-02	run-03	22	1512.0	1185.0	0	0.5664789080619812
sub-04	ses-02	run-03	23	1185.0	1292.0	0	0.524895191192627
sub-04	ses-02	run-03	24	1292.0	1336.0	0	0.5802693367004395
sub-04	ses-02	run-03	25	1336.0	1490.0	0	0.5343436002731323
sub-04	ses-02	run-03	26	1490.0	1330.0	0	0.5801365375518799
sub-04	ses-02	run-03	27	1330.0	494.0	0	0.677134096622467
sub-04	ses-02	run-03	28	494.0	1665.0	0	0.5382632613182068
sub-04	ses-02	run-03	29	1665.0	1778.0	0	0.574553370475769
sub-04	ses-02	run-03	30	1778.0	1815.0	0	0.6103376150131226
sub-04	ses-02	run-03	31	1815.0	1019.0	0	0.5125324726104736
sub-04	ses-02	run-03	32	1019.0	359.0	0	0.5790267586708069
sub-04	ses-02	run-03	33	359.0	825.0	0	0.5131686329841614
sub-04	ses-02	run-03	34	825.0	647.0	0	0.647739052772522
sub-04	ses-02	run-03	35	647.0	1004.0	0	0.578667402267456
sub-04	ses-02	run-03	36	1004.0	1373.0	0	0.5880678296089172
sub-04	ses-02	run-04	1	baseline	2068.0	0	0.5268123745918274
sub-04	ses-02	run-04	2	2068.0	435.0	0	0.5174380540847778
sub-04	ses-02	run-04	3	435.0	1057.0	0	0.5028810501098633
sub-04	ses-02	run-04	4	1057.0	1777.0	0	0.5971691608428955
sub-04	ses-02	run-04	5	1777.0	1907.0	0	0.5942256450653076
sub-04	ses-02	run-04	6	1907.0	981.0	0	0.5809722542762756
sub-04	ses-02	run-04	7	981.0	1741.0	0	0.5052627921104431
sub-04	ses-02	run-04	8	1741.0	1025.0	0	0.5602253079414368
sub-04	ses-02	run-04	9	1025.0	1135.0	0	0.6187251806259155
sub-04	ses-02	run-04	10	1135.0	729.0	0	0.5548558831214905
sub-04	ses-02	run-04	11	729.0	882.0	0	0.5930010676383972
sub-04	ses-02	run-04	12	882.0	1026.0	0	0.5564386248588562
sub-04	ses-02	run-04	13	1026.0	1502.0	0	0.6043629050254822
sub-04	ses-02	run-04	14	1502.0	2119.0	0	0.6504254937171936
sub-04	ses-02	run-04	15	2119.0	1148.0	0	0.5319985747337341
sub-04	ses-02	run-04	16	1148.0	234.0	0	0.5110098123550415
sub-04	ses-02	run-04	17	234.0	1802.0	0	0.6147283315658569
sub-04	ses-02	run-04	18	1802.0	1997.0	0	0.5089107155799866
sub-04	ses-02	run-04	19	1997.0	1534.0	0	0.5491838455200195
sub-04	ses-02	run-04	20	1534.0	324.0	0	0.6392855644226074
sub-04	ses-02	run-04	21	324.0	1531.0	0	0.5546534061431885
sub-04	ses-02	run-04	22	1531.0	554.0	0	0.6422191858291626
sub-04	ses-02	run-04	23	554.0	1540.0	0	0.6638373136520386
sub-04	ses-02	run-04	24	1540.0	144.0	0	0.5475113987922668
sub-04	ses-02	run-04	25	144.0	697.0	0	0.615290641784668
sub-04	ses-02	run-04	26	697.0	1237.0	0	0.609399676322937
sub-04	ses-02	run-04	27	1237.0	202.0	0	0.5693303346633911
sub-04	ses-02	run-04	28	202.0	1071.0	0	0.5167559385299683
sub-04	ses-02	run-04	29	1071.0	952.0	0	0.5293782353401184
sub-04	ses-02	run-04	30	952.0	1009.0	0	0.5689780712127686
sub-04	ses-02	run-04	31	1009.0	703.0	0	0.5363290905952454
sub-04	ses-02	run-04	32	703.0	2147.0	0	0.6030205488204956
sub-04	ses-02	run-04	33	2147.0	1965.0	0	0.5633351802825928
sub-04	ses-02	run-04	34	1965.0	1828.0	0	0.5610053539276123
sub-04	ses-02	run-04	35	1828.0	2084.0	0	0.4831109344959259
sub-04	ses-02	run-04	36	2084.0	764.0	0	0.502600908279419
sub-04	ses-02	run-05	1	baseline	2166.0	0	0.5934914946556091
sub-04	ses-02	run-05	2	2166.0	1449.0	0	0.5247060060501099
sub-04	ses-02	run-05	3	1449.0	2036.0	0	0.636253297328949
sub-04	ses-02	run-05	4	2036.0	1932.0	0	0.5610365271568298
sub-04	ses-02	run-05	5	1932.0	937.0	0	0.5496021509170532
sub-04	ses-02	run-05	6	937.0	792.0	0	0.5753495097160339
sub-04	ses-02	run-05	7	792.0	290.0	0	0.518113374710083
sub-04	ses-02	run-05	8	290.0	1800.0	0	0.5055661201477051
sub-04	ses-02	run-05	9	1800.0	1194.0	0	0.6256693601608276
sub-04	ses-02	run-05	10	1194.0	50.0	0	0.5006299614906311
sub-04	ses-02	run-05	11	50.0	1575.0	0	0.4927571713924408
sub-04	ses-02	run-05	12	1575.0	1467.0	0	0.5876076221466064
sub-04	ses-02	run-05	13	1467.0	774.0	0	0.5488402247428894
sub-04	ses-02	run-05	14	774.0	1976.0	0	0.5395458340644836
sub-04	ses-02	run-05	15	1976.0	488.0	0	0.6683293581008911
sub-04	ses-02	run-05	16	488.0	1161.0	0	0.5550456643104553
sub-04	ses-02	run-05	17	1161.0	531.0	0	0.6135451793670654
sub-04	ses-02	run-05	18	531.0	688.0	0	0.5416287779808044
sub-04	ses-02	run-05	19	688.0	212.0	0	0.5880827903747559
sub-04	ses-02	run-05	20	212.0	1216.0	0	0.574004590511322
sub-04	ses-02	run-05	21	1216.0	37.0	0	0.5449106097221375
sub-04	ses-02	run-05	22	37.0	939.0	0	0.4853203296661377
sub-04	ses-02	run-05	23	939.0	2056.0	0	0.4966144859790802
sub-04	ses-02	run-05	24	2056.0	1970.0	0	0.5952524542808533
sub-04	ses-02	run-05	25	1970.0	847.0	0	0.523083508014679
sub-04	ses-02	run-05	26	847.0	1134.0	0	0.5099714994430542
sub-04	ses-02	run-05	27	1134.0	743.0	0	0.5345094203948975
sub-04	ses-02	run-05	28	743.0	759.0	0	0.539134681224823
sub-04	ses-02	run-05	29	759.0	142.0	0	0.5500046014785767
sub-04	ses-02	run-05	30	142.0	624.0	0	0.5664597153663635
sub-04	ses-02	run-05	31	624.0	2059.0	0	0.5958518385887146
sub-04	ses-02	run-05	32	2059.0	1642.0	0	0.5659582018852234
sub-04	ses-02	run-05	33	1642.0	2184.0	0	0.5521044135093689
sub-04	ses-02	run-05	34	2184.0	640.0	0	0.5154673457145691
sub-04	ses-02	run-05	35	640.0	1132.0	0	0.562664270401001
sub-04	ses-02	run-05	36	1132.0	1865.0	0	0.5673291087150574
sub-04	ses-02	run-06	1	baseline	564.0	0	0.5368372797966003
sub-04	ses-02	run-06	2	564.0	381.0	0	0.6233687996864319
sub-04	ses-02	run-06	3	381.0	562.0	0	0.520054280757904
sub-04	ses-02	run-06	4	562.0	1874.0	0	0.5719069242477417
sub-04	ses-02	run-06	5	1874.0	750.0	0	0.7055361866950989
sub-04	ses-02	run-06	6	750.0	1841.0	0	0.5525868535041809
sub-04	ses-02	run-06	7	1841.0	460.0	0	0.5097953677177429
sub-04	ses-02	run-06	8	460.0	1220.0	0	0.8049368858337402
sub-04	ses-02	run-06	9	1220.0	1242.0	0	0.6663199067115784
sub-04	ses-02	run-06	10	1242.0	320.0	0	0.5134471654891968
sub-04	ses-02	run-06	11	320.0	2010.0	0	0.530556321144104
sub-04	ses-02	run-06	12	2010.0	2091.0	0	0.5170139670372009
sub-04	ses-02	run-06	13	2091.0	1308.0	0	0.5424938797950745
sub-04	ses-02	run-06	14	1308.0	310.0	0	0.5554776191711426
sub-04	ses-02	run-06	15	310.0	2130.0	0	0.5947023034095764
sub-04	ses-02	run-06	16	2130.0	42.0	0	0.552909791469574
sub-04	ses-02	run-06	17	42.0	1826.0	0	0.5731803178787231
sub-04	ses-02	run-06	18	1826.0	1537.0	0	0.5862720012664795
sub-04	ses-02	run-06	19	1537.0	149.0	0	0.5828965902328491
sub-04	ses-02	run-06	20	149.0	1720.0	0	0.5682631134986877
sub-04	ses-02	run-06	21	1720.0	1610.0	0	0.56671541929245
sub-04	ses-02	run-06	22	1610.0	94.0	0	0.5224413275718689
sub-04	ses-02	run-06	23	94.0	1036.0	0	0.47230857610702515
sub-04	ses-02	run-06	24	1036.0	3.0	0	0.5095500946044922
sub-04	ses-02	run-06	25	3.0	477.0	0	0.5675278902053833
sub-04	ses-02	run-06	26	477.0	957.0	0	0.5576117634773254
sub-04	ses-02	run-06	27	957.0	586.0	0	0.546116828918457
sub-04	ses-02	run-06	28	586.0	1816.0	0	0.5337980389595032
sub-04	ses-02	run-06	29	1816.0	412.0	0	0.5404589772224426
sub-04	ses-02	run-06	30	412.0	1428.0	0	0.5830410718917847
sub-04	ses-02	run-06	31	1428.0	1717.0	0	0.5589936375617981
sub-04	ses-02	run-06	32	1717.0	637.0	0	0.555608868598938
sub-04	ses-02	run-06	33	637.0	127.0	0	0.6457095742225647
sub-04	ses-02	run-06	34	127.0	1788.0	0	0.5799530744552612
sub-04	ses-02	run-06	35	1788.0	685.0	0	0.5713818669319153
sub-04	ses-02	run-06	36	685.0	232.0	0	0.5973533391952515
sub-04	ses-02	run-07	1	baseline	1719.0	0	0.6063932180404663
sub-04	ses-02	run-07	2	1719.0	67.0	0	0.5351466536521912
sub-04	ses-02	run-07	3	67.0	1964.0	0	0.5765413045883179
sub-04	ses-02	run-07	4	1964.0	1230.0	0	0.5622431635856628
sub-04	ses-02	run-07	5	1230.0	1585.0	0	0.5556638836860657
sub-04	ses-02	run-07	6	1585.0	55.0	0	0.5256707668304443
sub-04	ses-02	run-07	7	55.0	1527.0	0	0.5256549119949341
sub-04	ses-02	run-07	8	1527.0	1915.0	0	0.5883609652519226
sub-04	ses-02	run-07	9	1915.0	1504.0	0	0.5417881608009338
sub-04	ses-02	run-07	10	1504.0	1377.0	0	0.5247942805290222
sub-04	ses-02	run-07	11	1377.0	196.0	0	0.5150326490402222
sub-04	ses-02	run-07	12	196.0	236.0	0	0.5330407023429871
sub-04	ses-02	run-07	13	236.0	917.0	0	0.5745915770530701
sub-04	ses-02	run-07	14	917.0	1487.0	0	0.5525195002555847
sub-04	ses-02	run-07	15	1487.0	241.0	0	0.5323905348777771
sub-04	ses-02	run-07	16	241.0	1981.0	0	0.513363242149353
sub-04	ses-02	run-07	17	1981.0	505.0	0	0.630239725112915
sub-04	ses-02	run-07	18	505.0	823.0	0	0.5440114140510559
sub-04	ses-02	run-07	19	823.0	777.0	0	0.6694548726081848
sub-04	ses-02	run-07	20	777.0	506.0	0	0.591416597366333
sub-04	ses-02	run-07	21	506.0	1517.0	0	0.5664246082305908
sub-04	ses-02	run-07	22	1517.0	1993.0	0	0.6319072842597961
sub-04	ses-02	run-07	23	1993.0	976.0	0	0.5515309572219849
sub-04	ses-02	run-07	24	976.0	620.0	0	0.5243926644325256
sub-04	ses-02	run-07	25	620.0	93.0	0	0.48646634817123413
sub-04	ses-02	run-07	26	93.0	559.0	0	0.5327126979827881
sub-04	ses-02	run-07	27	559.0	1013.0	0	0.563624918460846
sub-04	ses-02	run-07	28	1013.0	1165.0	0	0.5380185842514038
sub-04	ses-02	run-07	29	1165.0	181.0	0	0.5411663055419922
sub-04	ses-02	run-07	30	181.0	490.0	0	0.620032787322998
sub-04	ses-02	run-07	31	490.0	982.0	0	0.6139174103736877
sub-04	ses-02	run-07	32	982.0	945.0	0	0.5676626563072205
sub-04	ses-02	run-07	33	945.0	556.0	0	0.5393758416175842
sub-04	ses-02	run-07	34	556.0	2037.0	0	0.49579888582229614
sub-04	ses-02	run-07	35	2037.0	905.0	0	0.5531025528907776
sub-04	ses-02	run-07	36	905.0	2054.0	0	0.5999361872673035
sub-04	ses-02	run-08	1	baseline	1811.0	0	0.5855255126953125
sub-04	ses-02	run-08	2	1811.0	1411.0	0	0.5189914703369141
sub-04	ses-02	run-08	3	1411.0	1215.0	0	0.5283780694007874
sub-04	ses-02	run-08	4	1215.0	623.0	0	0.5388170480728149
sub-04	ses-02	run-08	5	623.0	684.0	0	0.6052688360214233
sub-04	ses-02	run-08	6	684.0	720.0	0	0.5492600202560425
sub-04	ses-02	run-08	7	720.0	224.0	0	0.5103655457496643
sub-04	ses-02	run-08	8	224.0	1421.0	0	0.5733287930488586
sub-04	ses-02	run-08	9	1421.0	2080.0	0	0.5958092212677002
sub-04	ses-02	run-08	10	2080.0	868.0	0	0.5815451741218567
sub-04	ses-02	run-08	11	868.0	1879.0	0	0.5439745783805847
sub-04	ses-02	run-08	12	1879.0	1222.0	0	0.5038782358169556
sub-04	ses-02	run-08	13	1222.0	1870.0	0	0.5756160616874695
sub-04	ses-02	run-08	14	1870.0	1889.0	0	0.5443929433822632
sub-04	ses-02	run-08	15	1889.0	574.0	0	0.5514995455741882
sub-04	ses-02	run-08	16	574.0	912.0	0	0.6264514923095703
sub-04	ses-02	run-08	17	912.0	1412.0	0	0.5172316431999207
sub-04	ses-02	run-08	18	1412.0	2089.0	0	0.5273224711418152
sub-04	ses-02	run-08	19	2089.0	110.0	0	0.49773305654525757
sub-04	ses-02	run-08	20	110.0	282.0	0	0.5618347525596619
sub-04	ses-02	run-08	21	282.0	1256.0	0	0.549411952495575
sub-04	ses-02	run-08	22	1256.0	745.0	0	0.5650603771209717
sub-04	ses-02	run-08	23	745.0	1677.0	0	0.5072634816169739
sub-04	ses-02	run-08	24	1677.0	874.0	0	0.5540961027145386
sub-04	ses-02	run-08	25	874.0	705.0	0	0.5547969341278076
sub-04	ses-02	run-08	26	705.0	1689.0	0	0.6058502793312073
sub-04	ses-02	run-08	27	1689.0	274.0	0	0.5304595232009888
sub-04	ses-02	run-08	28	274.0	1403.0	0	0.58292555809021
sub-04	ses-02	run-08	29	1403.0	713.0	0	0.4918384552001953
sub-04	ses-02	run-08	30	713.0	875.0	0	0.587975263595581
sub-04	ses-02	run-08	31	875.0	791.0	0	0.5691906809806824
sub-04	ses-02	run-08	32	791.0	523.0	0	0.5645689964294434
sub-04	ses-02	run-08	33	523.0	314.0	0	0.5564568042755127
sub-04	ses-02	run-08	34	314.0	1477.0	0	0.577378511428833
sub-04	ses-02	run-08	35	1477.0	1174.0	0	0.6276255249977112
sub-04	ses-02	run-08	36	1174.0	363.0	0	0.5754284858703613
sub-04	ses-03	run-01	1	baseline	284.0	0	0.5534123778343201
sub-04	ses-03	run-01	2	284.0	633.0	0	0.5584589242935181
sub-04	ses-03	run-01	3	633.0	354.0	0	0.5179525017738342
sub-04	ses-03	run-01	4	354.0	770.0	0	0.551716148853302
sub-04	ses-03	run-01	5	770.0	579.0	0	0.5300977230072021
sub-04	ses-03	run-01	6	579.0	2181.0	0	0.5245682597160339
sub-04	ses-03	run-01	7	2181.0	1533.0	0	0.6023282408714294
sub-04	ses-03	run-01	8	1533.0	9.0	0	0.5459407567977905
sub-04	ses-03	run-01	9	9.0	103.0	0	0.53477942943573
sub-04	ses-03	run-01	10	103.0	1157.0	0	0.5546112060546875
sub-04	ses-03	run-01	11	1157.0	1953.0	0	0.6116480827331543
sub-04	ses-03	run-01	12	1953.0	68.0	0	0.5925264358520508
sub-04	ses-03	run-01	13	68.0	862.0	0	0.5247741937637329
sub-04	ses-03	run-01	14	862.0	1734.0	0	0.546541154384613
sub-04	ses-03	run-01	15	1734.0	1908.0	0	0.5967670679092407
sub-04	ses-03	run-01	16	1908.0	1775.0	0	0.5442910194396973
sub-04	ses-03	run-01	17	1775.0	1440.0	0	0.6964063048362732
sub-04	ses-03	run-01	18	1440.0	619.0	0	0.6679384112358093
sub-04	ses-03	run-01	19	619.0	941.0	0	0.5700377821922302
sub-04	ses-03	run-01	20	941.0	906.0	0	0.5445186495780945
sub-04	ses-03	run-01	21	906.0	590.0	0	0.5398152470588684
sub-04	ses-03	run-01	22	590.0	1608.0	0	0.5702157020568848
sub-04	ses-03	run-01	23	1608.0	739.0	0	0.659504771232605
sub-04	ses-03	run-01	24	739.0	601.0	0	0.6254925727844238
sub-04	ses-03	run-01	25	601.0	2174.0	0	0.6571754217147827
sub-04	ses-03	run-01	26	2174.0	1526.0	0	0.5533518195152283
sub-04	ses-03	run-01	27	1526.0	1737.0	0	0.5528777837753296
sub-04	ses-03	run-01	28	1737.0	1653.0	0	0.515254557132721
sub-04	ses-03	run-01	29	1653.0	782.0	0	0.5302743911743164
sub-04	ses-03	run-01	30	782.0	84.0	0	0.5438017249107361
sub-04	ses-03	run-01	31	84.0	253.0	0	0.5470286011695862
sub-04	ses-03	run-01	32	253.0	581.0	0	0.6094805598258972
sub-04	ses-03	run-01	33	581.0	577.0	0	0.5568732619285583
sub-04	ses-03	run-01	34	577.0	1592.0	0	0.5389637351036072
sub-04	ses-03	run-01	35	1592.0	1401.0	0	0.595836341381073
sub-04	ses-03	run-01	36	1401.0	1367.0	0	0.6175335049629211
sub-04	ses-03	run-02	1	baseline	985.0	0	0.5332564115524292
sub-04	ses-03	run-02	2	985.0	853.0	0	0.5013818740844727
sub-04	ses-03	run-02	3	853.0	2094.0	0	0.6585052609443665
sub-04	ses-03	run-02	4	2094.0	785.0	0	0.5465191602706909
sub-04	ses-03	run-02	5	785.0	431.0	0	0.5287660956382751
sub-04	ses-03	run-02	6	431.0	114.0	0	0.5581803917884827
sub-04	ses-03	run-02	7	114.0	432.0	0	0.5702364444732666
sub-04	ses-03	run-02	8	432.0	1839.0	0	0.49096474051475525
sub-04	ses-03	run-02	9	1839.0	2125.0	0	0.5903709530830383
sub-04	ses-03	run-02	10	2125.0	1969.0	0	0.5644012689590454
sub-04	ses-03	run-02	11	1969.0	167.0	0	0.5720072984695435
sub-04	ses-03	run-02	12	167.0	111.0	0	0.5352650284767151
sub-04	ses-03	run-02	13	111.0	980.0	0	0.5938177108764648
sub-04	ses-03	run-02	14	980.0	217.0	0	0.5755609273910522
sub-04	ses-03	run-02	15	217.0	1251.0	0	0.5447714328765869
sub-04	ses-03	run-02	16	1251.0	844.0	0	0.5340409874916077
sub-04	ses-03	run-02	17	844.0	483.0	0	0.6032071709632874
sub-04	ses-03	run-02	18	483.0	1046.0	0	0.5839806199073792
sub-04	ses-03	run-02	19	1046.0	1554.0	0	0.5785355567932129
sub-04	ses-03	run-02	20	1554.0	10.0	0	0.5701151490211487
sub-04	ses-03	run-02	21	10.0	701.0	0	0.5344799757003784
sub-04	ses-03	run-02	22	701.0	147.0	0	0.5161193609237671
sub-04	ses-03	run-02	23	147.0	2028.0	0	0.5211036801338196
sub-04	ses-03	run-02	24	2028.0	2132.0	0	0.6232246160507202
sub-04	ses-03	run-02	25	2132.0	670.0	0	0.5578256845474243
sub-04	ses-03	run-02	26	670.0	1739.0	0	0.6662350296974182
sub-04	ses-03	run-02	27	1739.0	1178.0	0	0.6500670909881592
sub-04	ses-03	run-02	28	1178.0	1882.0	0	0.5528721809387207
sub-04	ses-03	run-02	29	1882.0	197.0	0	0.5648874044418335
sub-04	ses-03	run-02	30	197.0	518.0	0	0.5737342834472656
sub-04	ses-03	run-02	31	518.0	963.0	0	0.5367255210876465
sub-04	ses-03	run-02	32	963.0	594.0	0	0.5334973335266113
sub-04	ses-03	run-02	33	594.0	428.0	0	0.5287438631057739
sub-04	ses-03	run-02	34	428.0	2026.0	0	0.5009291768074036
sub-04	ses-03	run-02	35	2026.0	22.0	0	0.5565150380134583
sub-04	ses-03	run-02	36	22.0	1190.0	0	0.6031535267829895
sub-04	ses-03	run-03	1	baseline	884.0	0	0.5568869709968567
sub-04	ses-03	run-03	2	884.0	938.0	0	0.5430532693862915
sub-04	ses-03	run-03	3	938.0	824.0	0	0.5675944089889526
sub-04	ses-03	run-03	4	824.0	165.0	0	0.569951057434082
sub-04	ses-03	run-03	5	165.0	1909.0	0	0.5682653784751892
sub-04	ses-03	run-03	6	1909.0	1690.0	0	0.5714360475540161
sub-04	ses-03	run-03	7	1690.0	1521.0	0	0.5394019484519958
sub-04	ses-03	run-03	8	1521.0	1617.0	0	0.5320791602134705
sub-04	ses-03	run-03	9	1617.0	1084.0	0	0.5120507478713989
sub-04	ses-03	run-03	10	1084.0	1290.0	0	0.6110885143280029
sub-04	ses-03	run-03	11	1290.0	28.0	0	0.5513103008270264
sub-04	ses-03	run-03	12	28.0	1544.0	0	0.6304269433021545
sub-04	ses-03	run-03	13	1544.0	706.0	0	0.5941329002380371
sub-04	ses-03	run-03	14	706.0	481.0	0	0.5843185782432556
sub-04	ses-03	run-03	15	481.0	1364.0	0	0.5103695392608643
sub-04	ses-03	run-03	16	1364.0	576.0	0	0.5705568194389343
sub-04	ses-03	run-03	17	576.0	1236.0	0	0.5220065712928772
sub-04	ses-03	run-03	18	1236.0	650.0	0	0.539885401725769
sub-04	ses-03	run-03	19	650.0	2196.0	0	0.6374875903129578
sub-04	ses-03	run-03	20	2196.0	1485.0	0	0.5896753668785095
sub-04	ses-03	run-03	21	1485.0	38.0	0	0.5821110010147095
sub-04	ses-03	run-03	22	38.0	1496.0	0	0.5197682976722717
sub-04	ses-03	run-03	23	1496.0	335.0	0	0.5849629044532776
sub-04	ses-03	run-03	24	335.0	154.0	0	0.5425904989242554
sub-04	ses-03	run-03	25	154.0	1271.0	0	0.5049706101417542
sub-04	ses-03	run-03	26	1271.0	2143.0	0	0.5480198860168457
sub-04	ses-03	run-03	27	2143.0	855.0	0	0.5556119680404663
sub-04	ses-03	run-03	28	855.0	1095.0	0	0.5879546999931335
sub-04	ses-03	run-03	29	1095.0	986.0	0	0.577705979347229
sub-04	ses-03	run-03	30	986.0	565.0	0	0.5924649238586426
sub-04	ses-03	run-03	31	565.0	2075.0	0	0.5624272227287292
sub-04	ses-03	run-03	32	2075.0	1445.0	0	0.6076924800872803
sub-04	ses-03	run-03	33	1445.0	561.0	0	0.6068320274353027
sub-04	ses-03	run-03	34	561.0	493.0	0	0.6282104253768921
sub-04	ses-03	run-03	35	493.0	854.0	0	0.5628589391708374
sub-04	ses-03	run-03	36	854.0	815.0	0	0.6274955868721008
sub-04	ses-03	run-04	1	baseline	1181.0	0	0.5700610280036926
sub-04	ses-03	run-04	2	1181.0	1794.0	0	0.5296242237091064
sub-04	ses-03	run-04	3	1794.0	1799.0	0	0.49829885363578796
sub-04	ses-03	run-04	4	1799.0	447.0	0	0.5373561382293701
sub-04	ses-03	run-04	5	447.0	1035.0	0	0.549937903881073
sub-04	ses-03	run-04	6	1035.0	1949.0	0	0.5217148661613464
sub-04	ses-03	run-04	7	1949.0	992.0	0	0.5124615430831909
sub-04	ses-03	run-04	8	992.0	1764.0	0	0.500698983669281
sub-04	ses-03	run-04	9	1764.0	553.0	0	0.5448470711708069
sub-04	ses-03	run-04	10	553.0	2115.0	0	0.5417606234550476
sub-04	ses-03	run-04	11	2115.0	2092.0	0	0.533599853515625
sub-04	ses-03	run-04	12	2092.0	1127.0	0	0.5503048300743103
sub-04	ses-03	run-04	13	1127.0	257.0	0	0.5059618949890137
sub-04	ses-03	run-04	14	257.0	1473.0	0	0.6212911009788513
sub-04	ses-03	run-04	15	1473.0	194.0	0	0.576194703578949
sub-04	ses-03	run-04	16	194.0	458.0	0	0.634389340877533
sub-04	ses-03	run-04	17	458.0	1118.0	0	0.5881837010383606
sub-04	ses-03	run-04	18	1118.0	1670.0	0	0.6077300906181335
sub-04	ses-03	run-04	19	1670.0	1639.0	0	0.6996689438819885
sub-04	ses-03	run-04	20	1639.0	522.0	0	0.5460346341133118
sub-04	ses-03	run-04	21	522.0	1910.0	0	0.6543670892715454
sub-04	ses-03	run-04	22	1910.0	2021.0	0	0.5860453248023987
sub-04	ses-03	run-04	23	2021.0	1892.0	0	0.5734466910362244
sub-04	ses-03	run-04	24	1892.0	1975.0	0	0.5237711668014526
sub-04	ses-03	run-04	25	1975.0	1219.0	0	0.5729450583457947
sub-04	ses-03	run-04	26	1219.0	2099.0	0	0.6064839363098145
sub-04	ses-03	run-04	27	2099.0	1854.0	0	0.5250967741012573
sub-04	ses-03	run-04	28	1854.0	1967.0	0	0.5465307235717773
sub-04	ses-03	run-04	29	1967.0	1329.0	0	0.6158342361450195
sub-04	ses-03	run-04	30	1329.0	223.0	0	0.5564395785331726
sub-04	ses-03	run-04	31	223.0	1745.0	0	0.5398591756820679
sub-04	ses-03	run-04	32	1745.0	838.0	0	0.5596027970314026
sub-04	ses-03	run-04	33	838.0	526.0	0	0.5398830771446228
sub-04	ses-03	run-04	34	526.0	1761.0	0	0.529002845287323
sub-04	ses-03	run-04	35	1761.0	133.0	0	0.5476856231689453
sub-04	ses-03	run-04	36	133.0	702.0	0	0.6072995066642761
sub-04	ses-03	run-05	1	baseline	942.0	0	0.61929851770401
sub-04	ses-03	run-05	2	942.0	1801.0	0	0.5245251655578613
sub-04	ses-03	run-05	3	1801.0	1102.0	0	0.5004076361656189
sub-04	ses-03	run-05	4	1102.0	102.0	0	0.5572277903556824
sub-04	ses-03	run-05	5	102.0	814.0	0	0.5367436408996582
sub-04	ses-03	run-05	6	814.0	2018.0	0	0.6041306257247925
sub-04	ses-03	run-05	7	2018.0	737.0	0	0.5582706928253174
sub-04	ses-03	run-05	8	737.0	658.0	0	0.6353197693824768
sub-04	ses-03	run-05	9	658.0	610.0	0	0.5529106259346008
sub-04	ses-03	run-05	10	610.0	538.0	0	0.49394598603248596
sub-04	ses-03	run-05	11	538.0	160.0	0	0.5293391942977905
sub-04	ses-03	run-05	12	160.0	1069.0	0	0.5560620427131653
sub-04	ses-03	run-05	13	1069.0	1058.0	0	0.5619537830352783
sub-04	ses-03	run-05	14	1058.0	1895.0	0	0.6255546808242798
sub-04	ses-03	run-05	15	1895.0	1052.0	0	0.5283427834510803
sub-04	ses-03	run-05	16	1052.0	13.0	0	0.5182648301124573
sub-04	ses-03	run-05	17	13.0	337.0	0	0.5523748993873596
sub-04	ses-03	run-05	18	337.0	1100.0	0	0.6356028318405151
sub-04	ses-03	run-05	19	1100.0	796.0	0	0.513787567615509
sub-04	ses-03	run-05	20	796.0	213.0	0	0.507745087146759
sub-04	ses-03	run-05	21	213.0	1658.0	0	0.5276838541030884
sub-04	ses-03	run-05	22	1658.0	410.0	0	0.5747851133346558
sub-04	ses-03	run-05	23	410.0	591.0	0	0.5774151682853699
sub-04	ses-03	run-05	24	591.0	415.0	0	0.5496737957000732
sub-04	ses-03	run-05	25	415.0	611.0	0	0.5207914113998413
sub-04	ses-03	run-05	26	611.0	1635.0	0	0.5229339599609375
sub-04	ses-03	run-05	27	1635.0	560.0	0	0.5456371903419495
sub-04	ses-03	run-05	28	560.0	1268.0	0	0.5950824022293091
sub-04	ses-03	run-05	29	1268.0	2112.0	0	0.5652467608451843
sub-04	ses-03	run-05	30	2112.0	1119.0	0	0.5648614168167114
sub-04	ses-03	run-05	31	1119.0	216.0	0	0.5535865426063538
sub-04	ses-03	run-05	32	216.0	630.0	0	0.5724790096282959
sub-04	ses-03	run-05	33	630.0	429.0	0	0.625946044921875
sub-04	ses-03	run-05	34	429.0	736.0	0	0.6812254786491394
sub-04	ses-03	run-05	35	736.0	1301.0	0	0.559845507144928
sub-04	ses-03	run-05	36	1301.0	653.0	0	0.6888185739517212
sub-04	ses-03	run-06	1	baseline	2128.0	0	0.5052915811538696
sub-04	ses-03	run-06	2	2128.0	1450.0	0	0.5439822673797607
sub-04	ses-03	run-06	3	1450.0	597.0	0	0.5224977731704712
sub-04	ses-03	run-06	4	597.0	2164.0	0	0.531261146068573
sub-04	ses-03	run-06	5	2164.0	72.0	0	0.5330432653427124
sub-04	ses-03	run-06	6	72.0	1696.0	0	0.6001136898994446
sub-04	ses-03	run-06	7	1696.0	1712.0	0	0.5320866107940674
sub-04	ses-03	run-06	8	1712.0	480.0	0	0.4996390640735626
sub-04	ses-03	run-06	9	480.0	858.0	0	0.5594254732131958
sub-04	ses-03	run-06	10	858.0	1574.0	0	0.5389413833618164
sub-04	ses-03	run-06	11	1574.0	1417.0	0	0.6276974678039551
sub-04	ses-03	run-06	12	1417.0	1029.0	0	0.513961136341095
sub-04	ses-03	run-06	13	1029.0	1931.0	0	0.5364575386047363
sub-04	ses-03	run-06	14	1931.0	1509.0	0	0.47933095693588257
sub-04	ses-03	run-06	15	1509.0	809.0	0	0.47983431816101074
sub-04	ses-03	run-06	16	809.0	1207.0	0	0.5230364799499512
sub-04	ses-03	run-06	17	1207.0	1003.0	0	0.5776587128639221
sub-04	ses-03	run-06	18	1003.0	816.0	0	0.5572593212127686
sub-04	ses-03	run-06	19	816.0	738.0	0	0.5206169486045837
sub-04	ses-03	run-06	20	738.0	634.0	0	0.5376362204551697
sub-04	ses-03	run-06	21	634.0	1679.0	0	0.5176345109939575
sub-04	ses-03	run-06	22	1679.0	1614.0	0	0.5572376847267151
sub-04	ses-03	run-06	23	1614.0	693.0	0	0.5822110176086426
sub-04	ses-03	run-06	24	693.0	1625.0	0	0.5344827771186829
sub-04	ses-03	run-06	25	1625.0	761.0	0	0.5157289505004883
sub-04	ses-03	run-06	26	761.0	358.0	0	0.6207329034805298
sub-04	ses-03	run-06	27	358.0	1408.0	0	0.6430531144142151
sub-04	ses-03	run-06	28	1408.0	285.0	0	0.535904586315155
sub-04	ses-03	run-06	29	285.0	2073.0	0	0.5449851751327515
sub-04	ses-03	run-06	30	2073.0	1956.0	0	0.5073535442352295
sub-04	ses-03	run-06	31	1956.0	305.0	0	0.5795225501060486
sub-04	ses-03	run-06	32	305.0	767.0	0	0.5289651155471802
sub-04	ses-03	run-06	33	767.0	1183.0	0	0.5233547687530518
sub-04	ses-03	run-06	34	1183.0	1312.0	0	0.6017969846725464
sub-04	ses-03	run-06	35	1312.0	1698.0	0	0.5710203051567078
sub-04	ses-03	run-06	36	1698.0	1525.0	0	0.5132965445518494
sub-04	ses-03	run-07	1	baseline	1814.0	0	0.4874923825263977
sub-04	ses-03	run-07	2	1814.0	1432.0	0	0.5077070593833923
sub-04	ses-03	run-07	3	1432.0	573.0	0	0.49670639634132385
sub-04	ses-03	run-07	4	573.0	1866.0	0	0.5085525512695312
sub-04	ses-03	run-07	5	1866.0	524.0	0	0.5046998262405396
sub-04	ses-03	run-07	6	524.0	2042.0	0	0.5449998378753662
sub-04	ses-03	run-07	7	2042.0	2158.0	0	0.5556309223175049
sub-04	ses-03	run-07	8	2158.0	666.0	0	0.6367352604866028
sub-04	ses-03	run-07	9	666.0	1291.0	0	0.5878063440322876
sub-04	ses-03	run-07	10	1291.0	125.0	0	0.5799084305763245
sub-04	ses-03	run-07	11	125.0	1703.0	0	0.5338622331619263
sub-04	ses-03	run-07	12	1703.0	1559.0	0	0.5700117349624634
sub-04	ses-03	run-07	13	1559.0	1749.0	0	0.5507993698120117
sub-04	ses-03	run-07	14	1749.0	1357.0	0	0.5623115301132202
sub-04	ses-03	run-07	15	1357.0	1294.0	0	0.5825847387313843
sub-04	ses-03	run-07	16	1294.0	43.0	0	0.5484936833381653
sub-04	ses-03	run-07	17	43.0	1869.0	0	0.6620281934738159
sub-04	ses-03	run-07	18	1869.0	1966.0	0	0.6541900038719177
sub-04	ses-03	run-07	19	1966.0	1415.0	0	0.5717654228210449
sub-04	ses-03	run-07	20	1415.0	517.0	0	0.6161491274833679
sub-04	ses-03	run-07	21	517.0	1155.0	0	0.5608358383178711
sub-04	ses-03	run-07	22	1155.0	1994.0	0	0.5154879689216614
sub-04	ses-03	run-07	23	1994.0	16.0	0	0.6243086457252502
sub-04	ses-03	run-07	24	16.0	1753.0	0	0.5536812543869019
sub-04	ses-03	run-07	25	1753.0	727.0	0	0.49089983105659485
sub-04	ses-03	run-07	26	727.0	935.0	0	0.5445607304573059
sub-04	ses-03	run-07	27	935.0	621.0	0	0.49066728353500366
sub-04	ses-03	run-07	28	621.0	475.0	0	0.5742886662483215
sub-04	ses-03	run-07	29	475.0	1128.0	0	0.5700563788414001
sub-04	ses-03	run-07	30	1128.0	1750.0	0	0.578619658946991
sub-04	ses-03	run-07	31	1750.0	267.0	0	0.5433763265609741
sub-04	ses-03	run-07	32	267.0	343.0	0	0.5768603086471558
sub-04	ses-03	run-07	33	343.0	1924.0	0	0.5207099914550781
sub-04	ses-03	run-07	34	1924.0	60.0	0	0.5239332914352417
sub-04	ses-03	run-07	35	60.0	1806.0	0	0.5818772315979004
sub-04	ses-03	run-07	36	1806.0	2153.0	0	0.4996853172779083
sub-04	ses-03	run-08	1	baseline	384.0	0	0.5455124378204346
sub-04	ses-03	run-08	2	384.0	583.0	0	0.532363772392273
sub-04	ses-03	run-08	3	583.0	571.0	0	0.5042127966880798
sub-04	ses-03	run-08	4	571.0	1335.0	0	0.5439488887786865
sub-04	ses-03	run-08	5	1335.0	1484.0	0	0.6459432244300842
sub-04	ses-03	run-08	6	1484.0	2103.0	0	0.5256572365760803
sub-04	ses-03	run-08	7	2103.0	1647.0	0	0.5768538117408752
sub-04	ses-03	run-08	8	1647.0	1651.0	0	0.5546950697898865
sub-04	ses-03	run-08	9	1651.0	397.0	0	0.5661850571632385
sub-04	ses-03	run-08	10	397.0	134.0	0	0.5616474747657776
sub-04	ses-03	run-08	11	134.0	1186.0	0	0.5623011589050293
sub-04	ses-03	run-08	12	1186.0	1885.0	0	0.5801572203636169
sub-04	ses-03	run-08	13	1885.0	1797.0	0	0.5599726438522339
sub-04	ses-03	run-08	14	1797.0	765.0	0	0.6075439453125
sub-04	ses-03	run-08	15	765.0	532.0	0	0.5577869415283203
sub-04	ses-03	run-08	16	532.0	423.0	0	0.5692546367645264
sub-04	ses-03	run-08	17	423.0	649.0	0	0.5098315477371216
sub-04	ses-03	run-08	18	649.0	987.0	0	0.5686447620391846
sub-04	ses-03	run-08	19	987.0	841.0	0	0.549690842628479
sub-04	ses-03	run-08	20	841.0	2157.0	0	0.6276337504386902
sub-04	ses-03	run-08	21	2157.0	1051.0	0	0.5419920086860657
sub-04	ses-03	run-08	22	1051.0	2172.0	0	0.5393121838569641
sub-04	ses-03	run-08	23	2172.0	674.0	0	0.6434581279754639
sub-04	ses-03	run-08	24	674.0	62.0	0	0.6219338774681091
sub-04	ses-03	run-08	25	62.0	1452.0	0	0.5427297949790955
sub-04	ses-03	run-08	26	1452.0	1282.0	0	0.6006298065185547
sub-04	ses-03	run-08	27	1282.0	1774.0	0	0.6117599010467529
sub-04	ses-03	run-08	28	1774.0	1773.0	0	0.5577019453048706
sub-04	ses-03	run-08	29	1773.0	204.0	0	0.5594244003295898
sub-04	ses-03	run-08	30	204.0	1252.0	0	0.5511961579322815
sub-04	ses-03	run-08	31	1252.0	525.0	0	0.5091694593429565
sub-04	ses-03	run-08	32	525.0	592.0	0	0.5852882266044617
sub-04	ses-03	run-08	33	592.0	255.0	0	0.5684037208557129
sub-04	ses-03	run-08	34	255.0	1012.0	0	0.5531854629516602
sub-04	ses-03	run-08	35	1012.0	1214.0	0	0.5311559438705444
sub-04	ses-03	run-08	36	1214.0	2053.0	0	0.5292595028877258
sub-04	ses-04	run-01	1	baseline	1314.0	0	0.5450202822685242
sub-04	ses-04	run-01	2	1314.0	177.0	0	0.5124266743659973
sub-04	ses-04	run-01	3	177.0	137.0	0	0.5380122661590576
sub-04	ses-04	run-01	4	137.0	869.0	0	0.5782861709594727
sub-04	ses-04	run-01	5	869.0	1247.0	0	0.6679493188858032
sub-04	ses-04	run-01	6	1247.0	1803.0	0	0.565587043762207
sub-04	ses-04	run-01	7	1803.0	627.0	0	0.5885123610496521
sub-04	ses-04	run-01	8	627.0	1285.0	0	0.5469053387641907
sub-04	ses-04	run-01	9	1285.0	880.0	0	0.5111402869224548
sub-04	ses-04	run-01	10	880.0	1137.0	0	0.5356574058532715
sub-04	ses-04	run-01	11	1137.0	1474.0	0	0.5123700499534607
sub-04	ses-04	run-01	12	1474.0	901.0	0	0.5425268411636353
sub-04	ses-04	run-01	13	901.0	1466.0	0	0.5701649785041809
sub-04	ses-04	run-01	14	1466.0	1634.0	0	0.5733385682106018
sub-04	ses-04	run-01	15	1634.0	1491.0	0	0.5141794681549072
sub-04	ses-04	run-01	16	1491.0	341.0	0	0.5391175746917725
sub-04	ses-04	run-01	17	341.0	529.0	0	0.5614987015724182
sub-04	ses-04	run-01	18	529.0	606.0	0	0.5591611862182617
sub-04	ses-04	run-01	19	606.0	190.0	0	0.5839950442314148
sub-04	ses-04	run-01	20	190.0	2179.0	0	0.6192236542701721
sub-04	ses-04	run-01	21	2179.0	2087.0	0	0.5908478498458862
sub-04	ses-04	run-01	22	2087.0	1545.0	0	0.5316541790962219
sub-04	ses-04	run-01	23	1545.0	2152.0	0	0.5745153427124023
sub-04	ses-04	run-01	24	2152.0	1779.0	0	0.5709348917007446
sub-04	ses-04	run-01	25	1779.0	228.0	0	0.5729001760482788
sub-04	ses-04	run-01	26	228.0	755.0	0	0.5032839179039001
sub-04	ses-04	run-01	27	755.0	1552.0	0	0.5628526210784912
sub-04	ses-04	run-01	28	1552.0	1624.0	0	0.556006908416748
sub-04	ses-04	run-01	29	1624.0	1686.0	0	0.5766072869300842
sub-04	ses-04	run-01	30	1686.0	663.0	0	0.5857626795768738
sub-04	ses-04	run-01	31	663.0	332.0	0	0.5334466695785522
sub-04	ses-04	run-01	32	332.0	1832.0	0	0.5090628266334534
sub-04	ses-04	run-01	33	1832.0	1043.0	0	0.5572026968002319
sub-04	ses-04	run-01	34	1043.0	325.0	0	0.5455710291862488
sub-04	ses-04	run-01	35	325.0	12.0	0	0.6256802082061768
sub-04	ses-04	run-01	36	12.0	1196.0	0	0.6625171899795532
sub-04	ses-04	run-02	1	baseline	1992.0	0	0.6006134152412415
sub-04	ses-04	run-02	2	1992.0	227.0	0	0.5068237781524658
sub-04	ses-04	run-02	3	227.0	297.0	0	0.5740315914154053
sub-04	ses-04	run-02	4	297.0	388.0	0	0.5500176548957825
sub-04	ses-04	run-02	5	388.0	575.0	0	0.5369161367416382
sub-04	ses-04	run-02	6	575.0	1669.0	0	0.48280778527259827
sub-04	ses-04	run-02	7	1669.0	1678.0	0	0.5889226794242859
sub-04	ses-04	run-02	8	1678.0	999.0	0	0.56928551197052
sub-04	ses-04	run-02	9	999.0	948.0	0	0.5561889410018921
sub-04	ses-04	run-02	10	948.0	1822.0	0	0.5146150588989258
sub-04	ses-04	run-02	11	1822.0	1652.0	0	0.5573098063468933
sub-04	ses-04	run-02	12	1652.0	220.0	0	0.517701268196106
sub-04	ses-04	run-02	13	220.0	1434.0	0	0.537052571773529
sub-04	ses-04	run-02	14	1434.0	333.0	0	0.5512827634811401
sub-04	ses-04	run-02	15	333.0	478.0	0	0.6518059372901917
sub-04	ses-04	run-02	16	478.0	1738.0	0	0.5547786951065063
sub-04	ses-04	run-02	17	1738.0	1685.0	0	0.6138545274734497
sub-04	ses-04	run-02	18	1685.0	350.0	0	0.6360132694244385
sub-04	ses-04	run-02	19	350.0	21.0	0	0.7493033409118652
sub-04	ses-04	run-02	20	21.0	406.0	0	0.5537539124488831
sub-04	ses-04	run-02	21	406.0	1039.0	0	0.5097682476043701
sub-04	ses-04	run-02	22	1039.0	1406.0	0	0.6015293598175049
sub-04	ses-04	run-02	23	1406.0	1605.0	0	0.6007518172264099
sub-04	ses-04	run-02	24	1605.0	831.0	0	0.518329381942749
sub-04	ses-04	run-02	25	831.0	1076.0	0	0.53202223777771
sub-04	ses-04	run-02	26	1076.0	1235.0	0	0.5337538719177246
sub-04	ses-04	run-02	27	1235.0	1203.0	0	0.5714004635810852
sub-04	ses-04	run-02	28	1203.0	1034.0	0	0.5564938187599182
sub-04	ses-04	run-02	29	1034.0	1824.0	0	0.5520289540290833
sub-04	ses-04	run-02	30	1824.0	35.0	0	0.5489932298660278
sub-04	ses-04	run-02	31	35.0	399.0	0	0.5049826502799988
sub-04	ses-04	run-02	32	399.0	1159.0	0	0.5547769069671631
sub-04	ses-04	run-02	33	1159.0	1640.0	0	0.5339110493659973
sub-04	ses-04	run-02	34	1640.0	1586.0	0	0.5721853971481323
sub-04	ses-04	run-02	35	1586.0	437.0	0	0.5517147779464722
sub-04	ses-04	run-02	36	437.0	997.0	0	0.5967780351638794
sub-04	ses-04	run-03	1	baseline	377.0	0	0.5880552530288696
sub-04	ses-04	run-03	2	377.0	1904.0	0	0.6158584356307983
sub-04	ses-04	run-03	3	1904.0	2095.0	0	0.5755011439323425
sub-04	ses-04	run-03	4	2095.0	380.0	0	0.589238166809082
sub-04	ses-04	run-03	5	380.0	53.0	0	0.5670381188392639
sub-04	ses-04	run-03	6	53.0	2041.0	0	0.5444321632385254
sub-04	ses-04	run-03	7	2041.0	1649.0	0	0.5407658815383911
sub-04	ses-04	run-03	8	1649.0	1493.0	0	0.5304970145225525
sub-04	ses-04	run-03	9	1493.0	889.0	0	0.5791016817092896
sub-04	ses-04	run-03	10	889.0	1318.0	0	0.5197808742523193
sub-04	ses-04	run-03	11	1318.0	1175.0	0	0.5437400341033936
sub-04	ses-04	run-03	12	1175.0	974.0	0	0.5710929036140442
sub-04	ses-04	run-03	13	974.0	1177.0	0	0.5261797308921814
sub-04	ses-04	run-03	14	1177.0	1370.0	0	0.5443053245544434
sub-04	ses-04	run-03	15	1370.0	679.0	0	0.5115841031074524
sub-04	ses-04	run-03	16	679.0	2071.0	0	0.5962098836898804
sub-04	ses-04	run-03	17	2071.0	476.0	0	0.5687987804412842
sub-04	ses-04	run-03	18	476.0	2058.0	0	0.618480384349823
sub-04	ses-04	run-03	19	2058.0	1085.0	0	0.5809774994850159
sub-04	ses-04	run-03	20	1085.0	1515.0	0	0.5372750759124756
sub-04	ses-04	run-03	21	1515.0	2031.0	0	0.5588525533676147
sub-04	ses-04	run-03	22	2031.0	1868.0	0	0.6005690693855286
sub-04	ses-04	run-03	23	1868.0	699.0	0	0.6244682669639587
sub-04	ses-04	run-03	24	699.0	1429.0	0	0.5721531510353088
sub-04	ses-04	run-03	25	1429.0	1093.0	0	0.5907405018806458
sub-04	ses-04	run-03	26	1093.0	598.0	0	0.5245564579963684
sub-04	ses-04	run-03	27	598.0	1725.0	0	0.5365977883338928
sub-04	ses-04	run-03	28	1725.0	1065.0	0	0.5852587819099426
sub-04	ses-04	run-03	29	1065.0	1212.0	0	0.5495701432228088
sub-04	ses-04	run-03	30	1212.0	1096.0	0	0.576994001865387
sub-04	ses-04	run-03	31	1096.0	1830.0	0	0.6518349051475525
sub-04	ses-04	run-03	32	1830.0	1724.0	0	0.5455761551856995
sub-04	ses-04	run-03	33	1724.0	1201.0	0	0.5808650255203247
sub-04	ses-04	run-03	34	1201.0	1813.0	0	0.6090801358222961
sub-04	ses-04	run-03	35	1813.0	1612.0	0	0.635108232498169
sub-04	ses-04	run-03	36	1612.0	513.0	0	0.6383660435676575
sub-04	ses-04	run-04	1	baseline	2194.0	0	0.5313373804092407
sub-04	ses-04	run-04	2	2194.0	2032.0	0	0.5342286825180054
sub-04	ses-04	run-04	3	2032.0	99.0	0	0.5577689409255981
sub-04	ses-04	run-04	4	99.0	1265.0	0	0.5457192659378052
sub-04	ses-04	run-04	5	1265.0	207.0	0	0.5307750105857849
sub-04	ses-04	run-04	6	207.0	29.0	0	0.6354420781135559
sub-04	ses-04	run-04	7	29.0	266.0	0	0.5702008008956909
sub-04	ses-04	run-04	8	266.0	189.0	0	0.5489610433578491
sub-04	ses-04	run-04	9	189.0	690.0	0	0.5891125798225403
sub-04	ses-04	run-04	10	690.0	473.0	0	0.6210393905639648
sub-04	ses-04	run-04	11	473.0	1045.0	0	0.6072053909301758
sub-04	ses-04	run-04	12	1045.0	75.0	0	0.6343938708305359
sub-04	ses-04	run-04	13	75.0	1396.0	0	0.6134964227676392
sub-04	ses-04	run-04	14	1396.0	1303.0	0	0.5147452354431152
sub-04	ses-04	run-04	15	1303.0	2118.0	0	0.5243322253227234
sub-04	ses-04	run-04	16	2118.0	1578.0	0	0.5392503142356873
sub-04	ses-04	run-04	17	1578.0	1871.0	0	0.554203987121582
sub-04	ses-04	run-04	18	1871.0	152.0	0	0.5465541481971741
sub-04	ses-04	run-04	19	152.0	1033.0	0	0.5893446803092957
sub-04	ses-04	run-04	20	1033.0	1430.0	0	0.5822006464004517
sub-04	ses-04	run-04	21	1430.0	1313.0	0	0.623465895652771
sub-04	ses-04	run-04	22	1313.0	537.0	0	0.5819016098976135
sub-04	ses-04	run-04	23	537.0	1672.0	0	0.5698909163475037
sub-04	ses-04	run-04	24	1672.0	2052.0	0	0.5571430325508118
sub-04	ses-04	run-04	25	2052.0	1143.0	0	0.5899529457092285
sub-04	ses-04	run-04	26	1143.0	466.0	0	0.5112127661705017
sub-04	ses-04	run-04	27	466.0	346.0	0	0.5143111944198608
sub-04	ses-04	run-04	28	346.0	25.0	0	0.558113694190979
sub-04	ses-04	run-04	29	25.0	768.0	0	0.5606501698493958
sub-04	ses-04	run-04	30	768.0	1008.0	0	0.525534987449646
sub-04	ses-04	run-04	31	1008.0	1528.0	0	0.5620296001434326
sub-04	ses-04	run-04	32	1528.0	387.0	0	0.5569934844970703
sub-04	ses-04	run-04	33	387.0	47.0	0	0.58355712890625
sub-04	ses-04	run-04	34	47.0	1518.0	0	0.5603281259536743
sub-04	ses-04	run-04	35	1518.0	1700.0	0	0.5461322665214539
sub-04	ses-04	run-04	36	1700.0	1606.0	0	0.661867618560791
sub-04	ses-04	run-05	1	baseline	2192.0	0	0.5858752131462097
sub-04	ses-04	run-05	2	2192.0	90.0	0	0.5498884916305542
sub-04	ses-04	run-05	3	90.0	548.0	0	0.6042844653129578
sub-04	ses-04	run-05	4	548.0	1369.0	0	0.5288650989532471
sub-04	ses-04	run-05	5	1369.0	1248.0	0	0.5438310503959656
sub-04	ses-04	run-05	6	1248.0	1555.0	0	0.5287798643112183
sub-04	ses-04	run-05	7	1555.0	1694.0	0	0.5651400685310364
sub-04	ses-04	run-05	8	1694.0	1598.0	0	0.6256418824195862
sub-04	ses-04	run-05	9	1598.0	700.0	0	0.590783417224884
sub-04	ses-04	run-05	10	700.0	463.0	0	0.6259998083114624
sub-04	ses-04	run-05	11	463.0	326.0	0	0.5899029970169067
sub-04	ses-04	run-05	12	326.0	484.0	0	0.5801563858985901
sub-04	ses-04	run-05	13	484.0	1546.0	0	0.5375072956085205
sub-04	ses-04	run-05	14	1546.0	1973.0	0	0.5429196953773499
sub-04	ses-04	run-05	15	1973.0	2016.0	0	0.5346400737762451
sub-04	ses-04	run-05	16	2016.0	336.0	0	0.5437980890274048
sub-04	ses-04	run-05	17	336.0	829.0	0	0.5500796437263489
sub-04	ses-04	run-05	18	829.0	1857.0	0	0.5837793350219727
sub-04	ses-04	run-05	19	1857.0	272.0	0	0.533586323261261
sub-04	ses-04	run-05	20	272.0	648.0	0	0.599217414855957
sub-04	ses-04	run-05	21	648.0	977.0	0	0.5623888373374939
sub-04	ses-04	run-05	22	977.0	940.0	0	0.5261718034744263
sub-04	ses-04	run-05	23	940.0	2142.0	0	0.5440147519111633
sub-04	ses-04	run-05	24	2142.0	120.0	0	0.5335890054702759
sub-04	ses-04	run-05	25	120.0	1673.0	0	0.6033746600151062
sub-04	ses-04	run-05	26	1673.0	1346.0	0	0.5935482978820801
sub-04	ses-04	run-05	27	1346.0	1713.0	0	0.5294244289398193
sub-04	ses-04	run-05	28	1713.0	1503.0	0	0.5841801166534424
sub-04	ses-04	run-05	29	1503.0	1561.0	0	0.5442671775817871
sub-04	ses-04	run-05	30	1561.0	1729.0	0	0.5494820475578308
sub-04	ses-04	run-05	31	1729.0	1398.0	0	0.5573805570602417
sub-04	ses-04	run-05	32	1398.0	226.0	0	0.5697269439697266
sub-04	ses-04	run-05	33	226.0	2025.0	0	0.5737496018409729
sub-04	ses-04	run-05	34	2025.0	136.0	0	0.4893210232257843
sub-04	ses-04	run-05	35	136.0	379.0	0	0.5600703358650208
sub-04	ses-04	run-05	36	379.0	807.0	0	0.5193634629249573
sub-04	ses-05	run-01	1	baseline	1789.0	0	0.60394287109375
sub-04	ses-05	run-01	2	1789.0	851.0	0	0.5329805016517639
sub-04	ses-05	run-01	3	851.0	1072.0	0	0.5048645734786987
sub-04	ses-05	run-01	4	1072.0	1939.0	0	0.5028083324432373
sub-04	ses-05	run-01	5	1939.0	118.0	0	0.5283164381980896
sub-04	ses-05	run-01	6	118.0	1228.0	0	0.536105215549469
sub-04	ses-05	run-01	7	1228.0	298.0	0	0.601886510848999
sub-04	ses-05	run-01	8	298.0	250.0	0	0.501952052116394
sub-04	ses-05	run-01	9	250.0	1522.0	0	0.49475789070129395
sub-04	ses-05	run-01	10	1522.0	827.0	0	0.578458309173584
sub-04	ses-05	run-01	11	827.0	308.0	0	0.5327615737915039
sub-04	ses-05	run-01	12	308.0	1038.0	0	0.525883674621582
sub-04	ses-05	run-01	13	1038.0	1147.0	0	0.5463954210281372
sub-04	ses-05	run-01	14	1147.0	1409.0	0	0.6033862233161926
sub-04	ses-05	run-01	15	1409.0	256.0	0	0.5534172654151917
sub-04	ses-05	run-01	16	256.0	870.0	0	0.546992301940918
sub-04	ses-05	run-01	17	870.0	1443.0	0	0.5011265277862549
sub-04	ses-05	run-01	18	1443.0	77.0	0	0.58064866065979
sub-04	ses-05	run-01	19	77.0	1765.0	0	0.5617064833641052
sub-04	ses-05	run-01	20	1765.0	1105.0	0	0.4802078604698181
sub-04	ses-05	run-01	21	1105.0	187.0	0	0.5305739641189575
sub-04	ses-05	run-01	22	187.0	1769.0	0	0.522627592086792
sub-04	ses-05	run-01	23	1769.0	1863.0	0	0.5579765439033508
sub-04	ses-05	run-01	24	1863.0	1272.0	0	0.5239332318305969
sub-04	ses-05	run-01	25	1272.0	2144.0	0	0.5667272806167603
sub-04	ses-05	run-01	26	2144.0	603.0	0	0.536337673664093
sub-04	ses-05	run-01	27	603.0	763.0	0	0.5147199630737305
sub-04	ses-05	run-01	28	763.0	626.0	0	0.5547835826873779
sub-04	ses-05	run-01	29	626.0	409.0	0	0.6090858578681946
sub-04	ses-05	run-01	30	409.0	1125.0	0	0.5699776411056519
sub-04	ses-05	run-01	31	1125.0	106.0	0	0.6443601250648499
sub-04	ses-05	run-01	32	106.0	1476.0	0	0.6231243014335632
sub-04	ses-05	run-01	33	1476.0	2151.0	0	0.5384278297424316
sub-04	ses-05	run-01	34	2151.0	1730.0	0	0.5233014225959778
sub-04	ses-05	run-01	35	1730.0	1238.0	0	0.607443630695343
sub-04	ses-05	run-01	36	1238.0	1436.0	0	0.5115530490875244
sub-04	ses-05	run-02	1	baseline	1843.0	0	0.5500708818435669
sub-04	ses-05	run-02	2	1843.0	2123.0	0	0.5484114289283752
sub-04	ses-05	run-02	3	2123.0	98.0	0	0.47144457697868347
sub-04	ses-05	run-02	4	98.0	1447.0	0	0.5128983855247498
sub-04	ses-05	run-02	5	1447.0	2061.0	0	0.4877934753894806
sub-04	ses-05	run-02	6	2061.0	1227.0	0	0.5626428723335266
sub-04	ses-05	run-02	7	1227.0	898.0	0	0.5519784092903137
sub-04	ses-05	run-02	8	898.0	1751.0	0	0.5307613015174866
sub-04	ses-05	run-02	9	1751.0	1579.0	0	0.5310193300247192
sub-04	ses-05	run-02	10	1579.0	896.0	0	0.5961994528770447
sub-04	ses-05	run-02	11	896.0	420.0	0	0.6784313321113586
sub-04	ses-05	run-02	12	420.0	1611.0	0	0.5742543339729309
sub-04	ses-05	run-02	13	1611.0	2040.0	0	0.614048182964325
sub-04	ses-05	run-02	14	2040.0	2066.0	0	0.5073583126068115
sub-04	ses-05	run-02	15	2066.0	552.0	0	0.5518209934234619
sub-04	ses-05	run-02	16	552.0	1001.0	0	0.6009844541549683
sub-04	ses-05	run-02	17	1001.0	501.0	0	0.5063877105712891
sub-04	ses-05	run-02	18	501.0	1947.0	0	0.5275338292121887
sub-04	ses-05	run-02	19	1947.0	1293.0	0	0.6715753078460693
sub-04	ses-05	run-02	20	1293.0	1603.0	0	0.5184991359710693
sub-04	ses-05	run-02	21	1603.0	1945.0	0	0.5189674496650696
sub-04	ses-05	run-02	22	1945.0	1326.0	0	0.5293099880218506
sub-04	ses-05	run-02	23	1326.0	1435.0	0	0.5548514127731323
sub-04	ses-05	run-02	24	1435.0	1626.0	0	0.5168966054916382
sub-04	ses-05	run-02	25	1626.0	2180.0	0	0.5297818779945374
sub-04	ses-05	run-02	26	2180.0	1205.0	0	0.5342496633529663
sub-04	ses-05	run-02	27	1205.0	49.0	0	0.5473589897155762
sub-04	ses-05	run-02	28	49.0	469.0	0	0.5416907072067261
sub-04	ses-05	run-02	29	469.0	2141.0	0	0.5585432052612305
sub-04	ses-05	run-02	30	2141.0	1233.0	0	0.5148448944091797
sub-04	ses-05	run-02	31	1233.0	279.0	0	0.5419657826423645
sub-04	ses-05	run-02	32	279.0	2165.0	0	0.5533351302146912
sub-04	ses-05	run-02	33	2165.0	696.0	0	0.6179239749908447
sub-04	ses-05	run-02	34	696.0	1080.0	0	0.7222388386726379
sub-04	ses-05	run-02	35	1080.0	2104.0	0	0.5876361131668091
sub-04	ses-05	run-02	36	2104.0	474.0	0	0.5592467188835144
sub-04	ses-05	run-03	1	baseline	645.0	0	0.5290544033050537
sub-04	ses-05	run-03	2	645.0	1322.0	0	0.5859763026237488
sub-04	ses-05	run-03	3	1322.0	638.0	0	0.5211871266365051
sub-04	ses-05	run-03	4	638.0	425.0	0	0.5054479241371155
sub-04	ses-05	run-03	5	425.0	1187.0	0	0.5473378896713257
sub-04	ses-05	run-03	6	1187.0	2063.0	0	0.5261965990066528
sub-04	ses-05	run-03	7	2063.0	1903.0	0	0.5315549969673157
sub-04	ses-05	run-03	8	1903.0	614.0	0	0.5478197932243347
sub-04	ses-05	run-03	9	614.0	104.0	0	0.5523708462715149
sub-04	ses-05	run-03	10	104.0	32.0	0	0.535568118095398
sub-04	ses-05	run-03	11	32.0	1381.0	0	0.5506517887115479
sub-04	ses-05	run-03	12	1381.0	563.0	0	0.551723062992096
sub-04	ses-05	run-03	13	563.0	1498.0	0	0.6010882258415222
sub-04	ses-05	run-03	14	1498.0	1006.0	0	0.5832707285881042
sub-04	ses-05	run-03	15	1006.0	803.0	0	0.5981698632240295
sub-04	ses-05	run-03	16	803.0	1018.0	0	0.6166598796844482
sub-04	ses-05	run-03	17	1018.0	2170.0	0	0.5929011106491089
sub-04	ses-05	run-03	18	2170.0	1371.0	0	0.5771509408950806
sub-04	ses-05	run-03	19	1371.0	1023.0	0	0.5200944542884827
sub-04	ses-05	run-03	20	1023.0	845.0	0	0.5885931849479675
sub-04	ses-05	run-03	21	845.0	1113.0	0	0.5619819164276123
sub-04	ses-05	run-03	22	1113.0	188.0	0	0.6052446961402893
sub-04	ses-05	run-03	23	188.0	1692.0	0	0.5596310496330261
sub-04	ses-05	run-03	24	1692.0	508.0	0	0.5826961994171143
sub-04	ses-05	run-03	25	508.0	943.0	0	0.5459327101707458
sub-04	ses-05	run-03	26	943.0	808.0	0	0.5626048445701599
sub-04	ses-05	run-03	27	808.0	802.0	0	0.6011086702346802
sub-04	ses-05	run-03	28	802.0	301.0	0	0.5550664067268372
sub-04	ses-05	run-03	29	301.0	1646.0	0	0.5539877414703369
sub-04	ses-05	run-03	30	1646.0	434.0	0	0.5150530338287354
sub-04	ses-05	run-03	31	434.0	1296.0	0	0.5449270606040955
sub-04	ses-05	run-03	32	1296.0	1223.0	0	0.5593975186347961
sub-04	ses-05	run-03	33	1223.0	1471.0	0	0.5782949328422546
sub-04	ses-05	run-03	34	1471.0	260.0	0	0.6263994574546814
sub-04	ses-05	run-03	35	260.0	1226.0	0	0.6128129959106445
sub-04	ses-05	run-03	36	1226.0	1094.0	0	0.5677497982978821
sub-04	ses-05	run-04	1	baseline	1002.0	0	0.5130316615104675
sub-04	ses-05	run-04	2	1002.0	1456.0	0	0.5658407807350159
sub-04	ses-05	run-04	3	1456.0	275.0	0	0.5357497334480286
sub-04	ses-05	run-04	4	275.0	2001.0	0	0.6092527508735657
sub-04	ses-05	run-04	5	2001.0	2005.0	0	0.564153254032135
sub-04	ses-05	run-04	6	2005.0	1392.0	0	0.5350818037986755
sub-04	ses-05	run-04	7	1392.0	1844.0	0	0.5366209149360657
sub-04	ses-05	run-04	8	1844.0	1337.0	0	0.5249821543693542
sub-04	ses-05	run-04	9	1337.0	1338.0	0	0.5255128741264343
sub-04	ses-05	run-04	10	1338.0	1735.0	0	0.5226026773452759
sub-04	ses-05	run-04	11	1735.0	138.0	0	0.5349652171134949
sub-04	ses-05	run-04	12	138.0	2044.0	0	0.5380704998970032
sub-04	ses-05	run-04	13	2044.0	2006.0	0	0.6647047996520996
sub-04	ses-05	run-04	14	2006.0	1733.0	0	0.5842416882514954
sub-04	ses-05	run-04	15	1733.0	2121.0	0	0.6098983287811279
sub-04	ses-05	run-04	16	2121.0	873.0	0	0.5212199687957764
sub-04	ses-05	run-04	17	873.0	718.0	0	0.5589795112609863
sub-04	ses-05	run-04	18	718.0	2149.0	0	0.5349756479263306
sub-04	ses-05	run-04	19	2149.0	307.0	0	0.509508490562439
sub-04	ses-05	run-04	20	307.0	1197.0	0	0.4930747151374817
sub-04	ses-05	run-04	21	1197.0	908.0	0	0.5763992667198181
sub-04	ses-05	run-04	22	908.0	214.0	0	0.6244884729385376
sub-04	ses-05	run-04	23	214.0	1607.0	0	0.6127319931983948
sub-04	ses-05	run-04	24	1607.0	1691.0	0	0.5996099710464478
sub-04	ses-05	run-04	25	1691.0	1901.0	0	0.57399982213974
sub-04	ses-05	run-04	26	1901.0	2029.0	0	0.6108734011650085
sub-04	ses-05	run-04	27	2029.0	1257.0	0	0.5660759210586548
sub-04	ses-05	run-04	28	1257.0	1633.0	0	0.6581354737281799
sub-04	ses-05	run-04	29	1633.0	996.0	0	0.6462824940681458
sub-04	ses-05	run-04	30	996.0	1927.0	0	0.5789037942886353
sub-04	ses-05	run-04	31	1927.0	1348.0	0	0.5575212836265564
sub-04	ses-05	run-04	32	1348.0	1787.0	0	0.6240130662918091
sub-04	ses-05	run-04	33	1787.0	178.0	0	0.5886664986610413
sub-04	ses-05	run-04	34	178.0	1864.0	0	0.5681502223014832
sub-04	ses-05	run-04	35	1864.0	1365.0	0	0.5333990454673767
sub-04	ses-05	run-04	36	1365.0	707.0	0	0.5283534526824951
sub-04	ses-05	run-05	1	baseline	367.0	0	0.6547738909721375
sub-04	ses-05	run-05	2	367.0	1714.0	0	0.566171407699585
sub-04	ses-05	run-05	3	1714.0	1591.0	0	0.5569180846214294
sub-04	ses-05	run-05	4	1591.0	810.0	0	0.5008567571640015
sub-04	ses-05	run-05	5	810.0	534.0	0	0.5090884566307068
sub-04	ses-05	run-05	6	534.0	979.0	0	0.5458420515060425
sub-04	ses-05	run-05	7	979.0	965.0	0	0.5760926604270935
sub-04	ses-05	run-05	8	965.0	2193.0	0	0.5926927924156189
sub-04	ses-05	run-05	9	2193.0	2072.0	0	0.5049712657928467
sub-04	ses-05	run-05	10	2072.0	2019.0	0	0.5188377499580383
sub-04	ses-05	run-05	11	2019.0	1977.0	0	0.46525493264198303
sub-04	ses-05	run-05	12	1977.0	1193.0	0	0.5637834072113037
sub-04	ses-05	run-05	13	1193.0	70.0	0	0.5163587927818298
sub-04	ses-05	run-05	14	70.0	1188.0	0	0.5853509306907654
sub-04	ses-05	run-05	15	1188.0	162.0	0	0.5291349291801453
sub-04	ses-05	run-05	16	162.0	1010.0	0	0.48267990350723267
sub-04	ses-05	run-05	17	1010.0	1767.0	0	0.5236384868621826
sub-04	ses-05	run-05	18	1767.0	973.0	0	0.5375676155090332
sub-04	ses-05	run-05	19	973.0	492.0	0	0.49275049567222595
sub-04	ses-05	run-05	20	492.0	1535.0	0	0.5083433985710144
sub-04	ses-05	run-05	21	1535.0	1158.0	0	0.5452460050582886
sub-04	ses-05	run-05	22	1158.0	1345.0	0	0.6287400722503662
sub-04	ses-05	run-05	23	1345.0	2159.0	0	0.4586576819419861
sub-04	ses-05	run-05	24	2159.0	1550.0	0	0.49656638503074646
sub-04	ses-05	run-05	25	1550.0	51.0	0	0.602487325668335
sub-04	ses-05	run-05	26	51.0	1782.0	0	0.5570722818374634
sub-04	ses-05	run-05	27	1782.0	418.0	0	0.5541127324104309
sub-04	ses-05	run-05	28	418.0	969.0	0	0.47367966175079346
sub-04	ses-05	run-05	29	969.0	1744.0	0	0.4932568073272705
sub-04	ses-05	run-05	30	1744.0	1138.0	0	0.5301589965820312
sub-04	ses-05	run-05	31	1138.0	1331.0	0	0.521067202091217
sub-04	ses-05	run-05	32	1331.0	1985.0	0	0.48163118958473206
sub-04	ses-05	run-05	33	1985.0	629.0	0	0.6389762759208679
sub-04	ses-05	run-05	34	629.0	725.0	0	0.7617136836051941
sub-04	ses-05	run-05	35	725.0	468.0	0	0.539767324924469
sub-04	ses-05	run-05	36	468.0	2102.0	0	0.5140489339828491
sub-04	ses-05	run-06	1	baseline	1053.0	0	0.5050539970397949
sub-04	ses-05	run-06	2	1053.0	413.0	0	0.5256307721138
sub-04	ses-05	run-06	3	413.0	1715.0	0	0.5043866634368896
sub-04	ses-05	run-06	4	1715.0	1104.0	0	0.5319119691848755
sub-04	ses-05	run-06	5	1104.0	1661.0	0	0.5109882950782776
sub-04	ses-05	run-06	6	1661.0	172.0	0	0.5361279845237732
sub-04	ses-05	run-06	7	172.0	1942.0	0	0.5691676139831543
sub-04	ses-05	run-06	8	1942.0	927.0	0	0.5306814908981323
sub-04	ses-05	run-06	9	927.0	753.0	0	0.64264976978302
sub-04	ses-05	run-06	10	753.0	1619.0	0	0.5400688052177429
sub-04	ses-05	run-06	11	1619.0	1662.0	0	0.5720672011375427
sub-04	ses-05	run-06	12	1662.0	643.0	0	0.5257298350334167
sub-04	ses-05	run-06	13	643.0	567.0	0	0.5703930854797363
sub-04	ses-05	run-06	14	567.0	742.0	0	0.5063591599464417
sub-04	ses-05	run-06	15	742.0	446.0	0	0.49265897274017334
sub-04	ses-05	run-06	16	446.0	1991.0	0	0.5762737989425659
sub-04	ses-05	run-06	17	1991.0	555.0	0	0.5657192468643188
sub-04	ses-05	run-06	18	555.0	1654.0	0	0.5538902282714844
sub-04	ses-05	run-06	19	1654.0	430.0	0	0.5354083180427551
sub-04	ses-05	run-06	20	430.0	1934.0	0	0.5250063538551331
sub-04	ses-05	run-06	21	1934.0	1394.0	0	0.533682107925415
sub-04	ses-05	run-06	22	1394.0	1590.0	0	0.5964588522911072
sub-04	ses-05	run-06	23	1590.0	1146.0	0	0.5950788259506226
sub-04	ses-05	run-06	24	1146.0	1279.0	0	0.5204128623008728
sub-04	ses-05	run-06	25	1279.0	1849.0	0	0.5191974639892578
sub-04	ses-05	run-06	26	1849.0	1615.0	0	0.5504679679870605
sub-04	ses-05	run-06	27	1615.0	902.0	0	0.6661229729652405
sub-04	ses-05	run-06	28	902.0	2182.0	0	0.5841933488845825
sub-04	ses-05	run-06	29	2182.0	1671.0	0	0.5073994398117065
sub-04	ses-05	run-06	30	1671.0	1762.0	0	0.5254284143447876
sub-04	ses-05	run-06	31	1762.0	328.0	0	0.5707646608352661
sub-04	ses-05	run-06	32	328.0	2137.0	0	0.49706512689590454
sub-04	ses-05	run-06	33	2137.0	721.0	0	0.5066418647766113
sub-04	ses-05	run-06	34	721.0	1142.0	0	0.5679370164871216
sub-04	ses-05	run-06	35	1142.0	498.0	0	0.6124026775360107
sub-04	ses-05	run-06	36	498.0	639.0	0	0.586191713809967
sub-04	ses-05	run-07	1	baseline	503.0	0	0.5141127109527588
sub-04	ses-05	run-07	2	503.0	405.0	0	0.5313990712165833
sub-04	ses-05	run-07	3	405.0	1123.0	0	0.566895604133606
sub-04	ses-05	run-07	4	1123.0	2176.0	0	0.5152812004089355
sub-04	ses-05	run-07	5	2176.0	676.0	0	0.5294574499130249
sub-04	ses-05	run-07	6	676.0	1229.0	0	0.5864748358726501
sub-04	ses-05	run-07	7	1229.0	772.0	0	0.6495642066001892
sub-04	ses-05	run-07	8	772.0	441.0	0	0.6745229959487915
sub-04	ses-05	run-07	9	441.0	375.0	0	0.621919572353363
sub-04	ses-05	run-07	10	375.0	984.0	0	0.5483413338661194
sub-04	ses-05	run-07	11	984.0	951.0	0	0.5338647961616516
sub-04	ses-05	run-07	12	951.0	983.0	0	0.5349892973899841
sub-04	ses-05	run-07	13	983.0	2039.0	0	0.5169938206672668
sub-04	ses-05	run-07	14	2039.0	608.0	0	0.578801691532135
sub-04	ses-05	run-07	15	608.0	287.0	0	0.5346531867980957
sub-04	ses-05	run-07	16	287.0	1886.0	0	0.6491337418556213
sub-04	ses-05	run-07	17	1886.0	893.0	0	0.5582699775695801
sub-04	ses-05	run-07	18	893.0	1048.0	0	0.5372543334960938
sub-04	ses-05	run-07	19	1048.0	203.0	0	0.6061068177223206
sub-04	ses-05	run-07	20	203.0	993.0	0	0.5258596539497375
sub-04	ses-05	run-07	21	993.0	1684.0	0	0.5164210200309753
sub-04	ses-05	run-07	22	1684.0	281.0	0	0.5158600211143494
sub-04	ses-05	run-07	23	281.0	1446.0	0	0.5487632751464844
sub-04	ses-05	run-07	24	1446.0	1708.0	0	0.6142838001251221
sub-04	ses-05	run-07	25	1708.0	18.0	0	0.5620281100273132
sub-04	ses-05	run-07	26	18.0	644.0	0	0.5323374271392822
sub-04	ses-05	run-07	27	644.0	1198.0	0	0.5647463202476501
sub-04	ses-05	run-07	28	1198.0	547.0	0	0.5213392972946167
sub-04	ses-05	run-07	29	547.0	1315.0	0	0.5365064144134521
sub-04	ses-05	run-07	30	1315.0	660.0	0	0.5205005407333374
sub-04	ses-05	run-07	31	660.0	426.0	0	0.6299335360527039
sub-04	ses-05	run-07	32	426.0	1588.0	0	0.5764177441596985
sub-04	ses-05	run-07	33	1588.0	1890.0	0	0.5537434816360474
sub-04	ses-05	run-07	34	1890.0	1795.0	0	0.6067211031913757
sub-04	ses-05	run-07	35	1795.0	1873.0	0	0.6350340843200684
sub-04	ses-05	run-07	36	1873.0	2004.0	0	0.520173192024231
sub-04	ses-05	run-08	1	baseline	1699.0	0	0.5802181363105774
sub-04	ses-05	run-08	2	1699.0	760.0	0	0.6136685013771057
sub-04	ses-05	run-08	3	760.0	1393.0	0	0.6059308648109436
sub-04	ses-05	run-08	4	1393.0	1878.0	0	0.5185418128967285
sub-04	ses-05	run-08	5	1878.0	1480.0	0	0.6160658001899719
sub-04	ses-05	run-08	6	1480.0	504.0	0	0.6782233119010925
sub-04	ses-05	run-08	7	504.0	1833.0	0	0.6414637565612793
sub-04	ses-05	run-08	8	1833.0	1784.0	0	0.5272100567817688
sub-04	ses-05	run-08	9	1784.0	1742.0	0	0.5946868658065796
sub-04	ses-05	run-08	10	1742.0	1049.0	0	0.5399654507637024
sub-04	ses-05	run-08	11	1049.0	1386.0	0	0.5835257172584534
sub-04	ses-05	run-08	12	1386.0	327.0	0	0.6330571174621582
sub-04	ses-05	run-08	13	327.0	201.0	0	0.5574634075164795
sub-04	ses-05	run-08	14	201.0	625.0	0	0.5858418941497803
sub-04	ses-05	run-08	15	625.0	1363.0	0	0.535598635673523
sub-04	ses-05	run-08	16	1363.0	1982.0	0	0.5396077632904053
sub-04	ses-05	run-08	17	1982.0	2162.0	0	0.5179793834686279
sub-04	ses-05	run-08	18	2162.0	143.0	0	0.5998163819313049
sub-04	ses-05	run-08	19	143.0	1704.0	0	0.577306866645813
sub-04	ses-05	run-08	20	1704.0	175.0	0	0.5774240493774414
sub-04	ses-05	run-08	21	175.0	1808.0	0	0.5263500213623047
sub-04	ses-05	run-08	22	1808.0	372.0	0	0.49980103969573975
sub-04	ses-05	run-08	23	372.0	141.0	0	0.5359082221984863
sub-04	ses-05	run-08	24	141.0	1170.0	0	0.6565219759941101
sub-04	ses-05	run-08	25	1170.0	1650.0	0	0.6431683301925659
sub-04	ses-05	run-08	26	1650.0	1079.0	0	0.57212895154953
sub-04	ses-05	run-08	27	1079.0	1082.0	0	0.5259746313095093
sub-04	ses-05	run-08	28	1082.0	1300.0	0	0.5546586513519287
sub-04	ses-05	run-08	29	1300.0	964.0	0	0.5284268856048584
sub-04	ses-05	run-08	30	964.0	1470.0	0	0.5100420117378235
sub-04	ses-05	run-08	31	1470.0	1210.0	0	0.6119229793548584
sub-04	ses-05	run-08	32	1210.0	1732.0	0	0.6225289106369019
sub-04	ses-05	run-08	33	1732.0	1681.0	0	0.6868749856948853
sub-04	ses-05	run-08	34	1681.0	557.0	0	0.575674831867218
sub-04	ses-05	run-08	35	557.0	994.0	0	0.5353786945343018
sub-04	ses-05	run-08	36	994.0	1571.0	0	0.5879412889480591
sub-04	ses-06	run-01	1	baseline	210.0	0	0.528727114200592
sub-04	ses-06	run-01	2	210.0	1902.0	0	0.5738145112991333
sub-04	ses-06	run-01	3	1902.0	57.0	0	0.501419723033905
sub-04	ses-06	run-01	4	57.0	1793.0	0	0.5267664790153503
sub-04	ses-06	run-01	5	1793.0	225.0	0	0.5758576393127441
sub-04	ses-06	run-01	6	225.0	235.0	0	0.5133265852928162
sub-04	ses-06	run-01	7	235.0	1576.0	0	0.5384198427200317
sub-04	ses-06	run-01	8	1576.0	1295.0	0	0.5473153591156006
sub-04	ses-06	run-01	9	1295.0	2113.0	0	0.532011091709137
sub-04	ses-06	run-01	10	2113.0	883.0	0	0.5248246192932129
sub-04	ses-06	run-01	11	883.0	622.0	0	0.5169103741645813
sub-04	ses-06	run-01	12	622.0	1683.0	0	0.5361301898956299
sub-04	ses-06	run-01	13	1683.0	830.0	0	0.546337902545929
sub-04	ses-06	run-01	14	830.0	1020.0	0	0.5541032552719116
sub-04	ses-06	run-01	15	1020.0	2033.0	0	0.5449510812759399
sub-04	ses-06	run-01	16	2033.0	1231.0	0	0.5585907101631165
sub-04	ses-06	run-01	17	1231.0	1317.0	0	0.5710899829864502
sub-04	ses-06	run-01	18	1317.0	302.0	0	0.5839058756828308
sub-04	ses-06	run-01	19	302.0	545.0	0	0.5437332391738892
sub-04	ses-06	run-01	20	545.0	665.0	0	0.6347018480300903
sub-04	ses-06	run-01	21	665.0	1.0	0	0.5575494170188904
sub-04	ses-06	run-01	22	1.0	470.0	0	0.5338183641433716
sub-04	ses-06	run-01	23	470.0	1516.0	0	0.5483270883560181
sub-04	ses-06	run-01	24	1516.0	1867.0	0	0.5559968948364258
sub-04	ses-06	run-01	25	1867.0	1475.0	0	0.619773268699646
sub-04	ses-06	run-01	26	1475.0	542.0	0	0.5751749873161316
sub-04	ses-06	run-01	27	542.0	1366.0	0	0.587570071220398
sub-04	ses-06	run-01	28	1366.0	1332.0	0	0.5716071128845215
sub-04	ses-06	run-01	29	1332.0	1328.0	0	0.58833247423172
sub-04	ses-06	run-01	30	1328.0	520.0	0	0.5422897934913635
sub-04	ses-06	run-01	31	520.0	1676.0	0	0.5497688055038452
sub-04	ses-06	run-01	32	1676.0	1384.0	0	0.5741412043571472
sub-04	ses-06	run-01	33	1384.0	786.0	0	0.5549153685569763
sub-04	ses-06	run-01	34	786.0	1253.0	0	0.5614637136459351
sub-04	ses-06	run-01	35	1253.0	1959.0	0	0.6288104057312012
sub-04	ses-06	run-01	36	1959.0	1451.0	0	0.5733084082603455
sub-04	ses-06	run-02	1	baseline	2190.0	0	0.5778881907463074
sub-04	ses-06	run-02	2	2190.0	1880.0	0	0.5307799577713013
sub-04	ses-06	run-02	3	1880.0	23.0	0	0.5599088668823242
sub-04	ses-06	run-02	4	23.0	1225.0	0	0.5272424221038818
sub-04	ses-06	run-02	5	1225.0	179.0	0	0.49232161045074463
sub-04	ses-06	run-02	6	179.0	1074.0	0	0.54194176197052
sub-04	ses-06	run-02	7	1074.0	1707.0	0	0.5772733688354492
sub-04	ses-06	run-02	8	1707.0	527.0	0	0.5922451019287109
sub-04	ses-06	run-02	9	527.0	1416.0	0	0.5335520505905151
sub-04	ses-06	run-02	10	1416.0	153.0	0	0.5370930433273315
sub-04	ses-06	run-02	11	153.0	887.0	0	0.5620074272155762
sub-04	ses-06	run-02	12	887.0	1154.0	0	0.5879796147346497
sub-04	ses-06	run-02	13	1154.0	1149.0	0	0.5033233165740967
sub-04	ses-06	run-02	14	1149.0	1062.0	0	0.5414712429046631
sub-04	ses-06	run-02	15	1062.0	322.0	0	0.548952043056488
sub-04	ses-06	run-02	16	322.0	656.0	0	0.5122583508491516
sub-04	ses-06	run-02	17	656.0	1631.0	0	0.5447630882263184
sub-04	ses-06	run-02	18	1631.0	533.0	0	0.5743629932403564
sub-04	ses-06	run-02	19	533.0	749.0	0	0.5948167443275452
sub-04	ses-06	run-02	20	749.0	1604.0	0	0.6062084436416626
sub-04	ses-06	run-02	21	1604.0	88.0	0	0.5887235999107361
sub-04	ses-06	run-02	22	88.0	1221.0	0	0.5786046385765076
sub-04	ses-06	run-02	23	1221.0	2.0	0	0.5934633016586304
sub-04	ses-06	run-02	24	2.0	112.0	0	0.5637785792350769
sub-04	ses-06	run-02	25	112.0	164.0	0	0.5319533348083496
sub-04	ses-06	run-02	26	164.0	990.0	0	0.5539594888687134
sub-04	ses-06	run-02	27	990.0	1350.0	0	0.537135660648346
sub-04	ses-06	run-02	28	1350.0	954.0	0	0.5392625331878662
sub-04	ses-06	run-02	29	954.0	1442.0	0	0.6592763066291809
sub-04	ses-06	run-02	30	1442.0	180.0	0	0.5381163954734802
sub-04	ses-06	run-02	31	180.0	891.0	0	0.5198649764060974
sub-04	ses-06	run-02	32	891.0	1482.0	0	0.6052039861679077
sub-04	ses-06	run-02	33	1482.0	1448.0	0	0.5640094876289368
sub-04	ses-06	run-02	34	1448.0	607.0	0	0.5516562461853027
sub-04	ses-06	run-02	35	607.0	1514.0	0	0.5782153010368347
sub-04	ses-06	run-02	36	1514.0	191.0	0	0.559185266494751
sub-04	ses-06	run-03	1	baseline	683.0	0	0.5912578701972961
sub-04	ses-06	run-03	2	683.0	1944.0	0	0.5934657454490662
sub-04	ses-06	run-03	3	1944.0	813.0	0	0.5746605396270752
sub-04	ses-06	run-03	4	813.0	2116.0	0	0.5384361743927002
sub-04	ses-06	run-03	5	2116.0	2048.0	0	0.5332037806510925
sub-04	ses-06	run-03	6	2048.0	1176.0	0	0.5394034385681152
sub-04	ses-06	run-03	7	1176.0	206.0	0	0.5740485787391663
sub-04	ses-06	run-03	8	206.0	1641.0	0	0.5777871608734131
sub-04	ses-06	run-03	9	1641.0	87.0	0	0.7008650302886963
sub-04	ses-06	run-03	10	87.0	1122.0	0	0.5413850545883179
sub-04	ses-06	run-03	11	1122.0	930.0	0	0.5522990822792053
sub-04	ses-06	run-03	12	930.0	543.0	0	0.5024588704109192
sub-04	ses-06	run-03	13	543.0	1508.0	0	0.4916015863418579
sub-04	ses-06	run-03	14	1508.0	362.0	0	0.5579726099967957
sub-04	ses-06	run-03	15	362.0	1275.0	0	0.5124610066413879
sub-04	ses-06	run-03	16	1275.0	1980.0	0	0.5556740760803223
sub-04	ses-06	run-03	17	1980.0	1963.0	0	0.5604179501533508
sub-04	ses-06	run-03	18	1963.0	1151.0	0	0.6159631013870239
sub-04	ses-06	run-03	19	1151.0	370.0	0	0.5432854294776917
sub-04	ses-06	run-03	20	370.0	675.0	0	0.5174810886383057
sub-04	ses-06	run-03	21	675.0	1391.0	0	0.5616233944892883
sub-04	ses-06	run-03	22	1391.0	671.0	0	0.5109825730323792
sub-04	ses-06	run-03	23	671.0	812.0	0	0.5685102939605713
sub-04	ses-06	run-03	24	812.0	593.0	0	0.5541664361953735
sub-04	ses-06	run-03	25	593.0	8.0	0	0.551032304763794
sub-04	ses-06	run-03	26	8.0	59.0	0	0.6107727885246277
sub-04	ses-06	run-03	27	59.0	978.0	0	0.547122061252594
sub-04	ses-06	run-03	28	978.0	1812.0	0	0.5818099975585938
sub-04	ses-06	run-03	29	1812.0	1785.0	0	0.5356506705284119
sub-04	ses-06	run-03	30	1785.0	1758.0	0	0.5821792483329773
sub-04	ses-06	run-03	31	1758.0	348.0	0	0.571211040019989
sub-04	ses-06	run-03	32	348.0	878.0	0	0.5681893229484558
sub-04	ses-06	run-03	33	878.0	48.0	0	0.5510880351066589
sub-04	ses-06	run-03	34	48.0	890.0	0	0.5693118572235107
sub-04	ses-06	run-03	35	890.0	1530.0	0	0.5372424125671387
sub-04	ses-06	run-03	36	1530.0	897.0	0	0.5589927434921265
sub-04	ses-06	run-04	1	baseline	115.0	0	0.5829625129699707
sub-04	ses-06	run-04	2	115.0	1923.0	0	0.6330687999725342
sub-04	ses-06	run-04	3	1923.0	2106.0	0	0.5502962470054626
sub-04	ses-06	run-04	4	2106.0	2134.0	0	0.5127931237220764
sub-04	ses-06	run-04	5	2134.0	1759.0	0	0.6105461120605469
sub-04	ses-06	run-04	6	1759.0	1307.0	0	0.6084240078926086
sub-04	ses-06	run-04	7	1307.0	933.0	0	0.5330084562301636
sub-04	ses-06	run-04	8	933.0	271.0	0	0.5819742679595947
sub-04	ses-06	run-04	9	271.0	383.0	0	0.543104350566864
sub-04	ses-06	run-04	10	383.0	450.0	0	0.5426071882247925
sub-04	ses-06	run-04	11	450.0	1240.0	0	0.6395692825317383
sub-04	ses-06	run-04	12	1240.0	1461.0	0	0.5221140384674072
sub-04	ses-06	run-04	13	1461.0	793.0	0	0.6138663291931152
sub-04	ses-06	run-04	14	793.0	1930.0	0	0.5085960626602173
sub-04	ses-06	run-04	15	1930.0	1569.0	0	0.6110540628433228
sub-04	ses-06	run-04	16	1569.0	850.0	0	0.5410067439079285
sub-04	ses-06	run-04	17	850.0	1218.0	0	0.5521607995033264
sub-04	ses-06	run-04	18	1218.0	1881.0	0	0.5438762903213501
sub-04	ses-06	run-04	19	1881.0	82.0	0	0.5260627865791321
sub-04	ses-06	run-04	20	82.0	486.0	0	0.5856674313545227
sub-04	ses-06	run-04	21	486.0	1460.0	0	0.5139172673225403
sub-04	ses-06	run-04	22	1460.0	514.0	0	0.5287436246871948
sub-04	ses-06	run-04	23	514.0	209.0	0	0.582604706287384
sub-04	ses-06	run-04	24	209.0	1088.0	0	0.5894918441772461
sub-04	ses-06	run-04	25	1088.0	193.0	0	0.5629398822784424
sub-04	ses-06	run-04	26	193.0	443.0	0	0.6525389552116394
sub-04	ses-06	run-04	27	443.0	2015.0	0	0.5435386300086975
sub-04	ses-06	run-04	28	2015.0	27.0	0	0.5717694163322449
sub-04	ses-06	run-04	29	27.0	2098.0	0	0.6003472805023193
sub-04	ses-06	run-04	30	2098.0	691.0	0	0.5314638018608093
sub-04	ses-06	run-04	31	691.0	1169.0	0	0.5702289938926697
sub-04	ses-06	run-04	32	1169.0	754.0	0	0.5240364074707031
sub-04	ses-06	run-04	33	754.0	1722.0	0	0.5345538854598999
sub-04	ses-06	run-04	34	1722.0	856.0	0	0.5531150698661804
sub-04	ses-06	run-04	35	856.0	1400.0	0	0.5918151140213013
sub-04	ses-06	run-04	36	1400.0	1913.0	0	0.5532845258712769
sub-04	ses-06	run-05	1	baseline	1986.0	0	0.5414953231811523
sub-04	ses-06	run-05	2	1986.0	1255.0	0	0.5561088919639587
sub-04	ses-06	run-05	3	1255.0	1860.0	0	0.5698120594024658
sub-04	ses-06	run-05	4	1860.0	1288.0	0	0.565174400806427
sub-04	ses-06	run-05	5	1288.0	52.0	0	0.5130627155303955
sub-04	ses-06	run-05	6	52.0	1441.0	0	0.5623041391372681
sub-04	ses-06	run-05	7	1441.0	54.0	0	0.535092294216156
sub-04	ses-06	run-05	8	54.0	1827.0	0	0.6113681793212891
sub-04	ses-06	run-05	9	1827.0	239.0	0	0.5682448744773865
sub-04	ses-06	run-05	10	239.0	549.0	0	0.5392652750015259
sub-04	ses-06	run-05	11	549.0	168.0	0	0.5894346237182617
sub-04	ses-06	run-05	12	168.0	1339.0	0	0.6207146048545837
sub-04	ses-06	run-05	13	1339.0	848.0	0	0.5794175863265991
sub-04	ses-06	run-05	14	848.0	1343.0	0	0.5284592509269714
sub-04	ses-06	run-05	15	1343.0	1589.0	0	0.519725501537323
sub-04	ses-06	run-05	16	1589.0	587.0	0	0.5356569886207581
sub-04	ses-06	run-05	17	587.0	1636.0	0	0.49956846237182617
sub-04	ses-06	run-05	18	1636.0	1454.0	0	0.5154850482940674
sub-04	ses-06	run-05	19	1454.0	1581.0	0	0.5021774768829346
sub-04	ses-06	run-05	20	1581.0	1281.0	0	0.5349546670913696
sub-04	ses-06	run-05	21	1281.0	445.0	0	0.5396809577941895
sub-04	ses-06	run-05	22	445.0	1316.0	0	0.6029483675956726
sub-04	ses-06	run-05	23	1316.0	439.0	0	0.5242776274681091
sub-04	ses-06	run-05	24	439.0	741.0	0	0.5579441785812378
sub-04	ses-06	run-05	25	741.0	1513.0	0	0.541117250919342
sub-04	ses-06	run-05	26	1513.0	1472.0	0	0.5101578235626221
sub-04	ses-06	run-05	27	1472.0	1124.0	0	0.5052201747894287
sub-04	ses-06	run-05	28	1124.0	1110.0	0	0.5538011789321899
sub-04	ses-06	run-05	29	1110.0	804.0	0	0.5363610982894897
sub-04	ses-06	run-05	30	804.0	2109.0	0	0.5733321309089661
sub-04	ses-06	run-05	31	2109.0	1297.0	0	0.6052384376525879
sub-04	ses-06	run-05	32	1297.0	1905.0	0	0.6015221476554871
sub-04	ses-06	run-05	33	1905.0	1609.0	0	0.5748720169067383
sub-04	ses-06	run-05	34	1609.0	1638.0	0	0.54190593957901
sub-04	ses-06	run-05	35	1638.0	2160.0	0	0.5829097628593445
sub-04	ses-06	run-05	36	2160.0	1273.0	0	0.5829618573188782
sub-04	ses-06	run-06	1	baseline	92.0	0	0.5519866347312927
sub-04	ses-06	run-06	2	92.0	669.0	0	0.547544538974762
sub-04	ses-06	run-06	3	669.0	1133.0	0	0.48872098326683044
sub-04	ses-06	run-06	4	1133.0	1825.0	0	0.5648565888404846
sub-04	ses-06	run-06	5	1825.0	916.0	0	0.5297787189483643
sub-04	ses-06	run-06	6	916.0	681.0	0	0.5447483062744141
sub-04	ses-06	run-06	7	681.0	2060.0	0	0.501105546951294
sub-04	ses-06	run-06	8	2060.0	1086.0	0	0.5403165221214294
sub-04	ses-06	run-06	9	1086.0	966.0	0	0.5549617409706116
sub-04	ses-06	run-06	10	966.0	444.0	0	0.5382269620895386
sub-04	ses-06	run-06	11	444.0	2185.0	0	0.5255476236343384
sub-04	ses-06	run-06	12	2185.0	451.0	0	0.5112792253494263
sub-04	ses-06	run-06	13	451.0	222.0	0	0.5129179358482361
sub-04	ses-06	run-06	14	222.0	1596.0	0	0.524643063545227
sub-04	ses-06	run-06	15	1596.0	1565.0	0	0.6204472780227661
sub-04	ses-06	run-06	16	1565.0	541.0	0	0.5747963190078735
sub-04	ses-06	run-06	17	541.0	1320.0	0	0.502400279045105
sub-04	ses-06	run-06	18	1320.0	1354.0	0	0.5458963513374329
sub-04	ses-06	run-06	19	1354.0	7.0	0	0.5275790691375732
sub-04	ses-06	run-06	20	7.0	1781.0	0	0.5487237572669983
sub-04	ses-06	run-06	21	1781.0	1310.0	0	0.5241600275039673
sub-04	ses-06	run-06	22	1310.0	378.0	0	0.5690811276435852
sub-04	ses-06	run-06	23	378.0	2070.0	0	0.5014927983283997
sub-04	ses-06	run-06	24	2070.0	1958.0	0	0.5060614943504333
sub-04	ses-06	run-06	25	1958.0	334.0	0	0.5262930989265442
sub-04	ses-06	run-06	26	334.0	1108.0	0	0.5765313506126404
sub-04	ses-06	run-06	27	1108.0	1666.0	0	0.5858538150787354
sub-04	ses-06	run-06	28	1666.0	726.0	0	0.6377146244049072
sub-04	ses-06	run-06	29	726.0	1112.0	0	0.5648573637008667
sub-04	ses-06	run-06	30	1112.0	530.0	0	0.5250455141067505
sub-04	ses-06	run-06	31	530.0	1420.0	0	0.516175389289856
sub-04	ses-06	run-06	32	1420.0	734.0	0	0.5103617906570435
sub-04	ses-06	run-06	33	734.0	1529.0	0	0.5230932235717773
sub-04	ses-06	run-06	34	1529.0	89.0	0	0.5860891342163086
sub-04	ses-06	run-06	35	89.0	1379.0	0	0.6205648183822632
sub-04	ses-06	run-06	36	1379.0	972.0	0	0.5996060371398926
sub-04	ses-06	run-07	1	baseline	920.0	0	0.5885180234909058
sub-04	ses-06	run-07	2	920.0	1280.0	0	0.616616427898407
sub-04	ses-06	run-07	3	1280.0	585.0	0	0.572472095489502
sub-04	ses-06	run-07	4	585.0	1594.0	0	0.5864408016204834
sub-04	ses-06	run-07	5	1594.0	1893.0	0	0.5042749047279358
sub-04	ses-06	run-07	6	1893.0	1627.0	0	0.5335032939910889
sub-04	ses-06	run-07	7	1627.0	461.0	0	0.5505629181861877
sub-04	ses-06	run-07	8	461.0	1984.0	0	0.5734429955482483
sub-04	ses-06	run-07	9	1984.0	731.0	0	0.6836427450180054
sub-04	ses-06	run-07	10	731.0	1414.0	0	0.5604429841041565
sub-04	ses-06	run-07	11	1414.0	599.0	0	0.5075857043266296
sub-04	ses-06	run-07	12	599.0	85.0	0	0.623877763748169
sub-04	ses-06	run-07	13	85.0	1926.0	0	0.6344653964042664
sub-04	ses-06	run-07	14	1926.0	918.0	0	0.5111896991729736
sub-04	ses-06	run-07	15	918.0	303.0	0	0.5788664817810059
sub-04	ses-06	run-07	16	303.0	1459.0	0	0.5724658370018005
sub-04	ses-06	run-07	17	1459.0	962.0	0	0.5826806426048279
sub-04	ses-06	run-07	18	962.0	184.0	0	0.565237283706665
sub-04	ses-06	run-07	19	184.0	662.0	0	0.5715126395225525
sub-04	ses-06	run-07	20	662.0	252.0	0	0.5310389995574951
sub-04	ses-06	run-07	21	252.0	79.0	0	0.5445147156715393
sub-04	ses-06	run-07	22	79.0	968.0	0	0.5755095481872559
sub-04	ses-06	run-07	23	968.0	1855.0	0	0.5985006093978882
sub-04	ses-06	run-07	24	1855.0	1378.0	0	0.787087082862854
sub-04	ses-06	run-07	25	1378.0	800.0	0	0.6229627132415771
sub-04	ses-06	run-07	26	800.0	1807.0	0	0.5442404747009277
sub-04	ses-06	run-07	27	1807.0	1523.0	0	0.5125854015350342
sub-04	ses-06	run-07	28	1523.0	2045.0	0	0.5998317003250122
sub-04	ses-06	run-07	29	2045.0	710.0	0	0.5111285448074341
sub-04	ses-06	run-07	30	710.0	2051.0	0	0.5703784823417664
sub-04	ses-06	run-07	31	2051.0	1510.0	0	0.5930477976799011
sub-04	ses-06	run-07	32	1510.0	919.0	0	0.562379777431488
sub-04	ses-06	run-07	33	919.0	1655.0	0	0.5094080567359924
sub-04	ses-06	run-07	34	1655.0	360.0	0	0.5505033135414124
sub-04	ses-06	run-07	35	360.0	116.0	0	0.5590062141418457
sub-04	ses-06	run-07	36	116.0	797.0	0	0.5306011438369751
sub-04	ses-06	run-08	1	baseline	1645.0	0	0.5862472653388977
sub-04	ses-06	run-08	2	1645.0	781.0	0	0.601838231086731
sub-04	ses-06	run-08	3	781.0	528.0	0	0.6782791614532471
sub-04	ses-06	run-08	4	528.0	105.0	0	0.5835073590278625
sub-04	ses-06	run-08	5	105.0	872.0	0	0.5895469188690186
sub-04	ses-06	run-08	6	872.0	283.0	0	0.5576649904251099
sub-04	ses-06	run-08	7	283.0	1900.0	0	0.5714472532272339
sub-04	ses-06	run-08	8	1900.0	2124.0	0	0.5442657470703125
sub-04	ses-06	run-08	9	2124.0	1599.0	0	0.5677095055580139
sub-04	ses-06	run-08	10	1599.0	45.0	0	0.5578355193138123
sub-04	ses-06	run-08	11	45.0	876.0	0	0.5596334934234619
sub-04	ses-06	run-08	12	876.0	1978.0	0	0.5319265127182007
sub-04	ses-06	run-08	13	1978.0	1920.0	0	0.5475544929504395
sub-04	ses-06	run-08	14	1920.0	161.0	0	0.5853913426399231
sub-04	ses-06	run-08	15	161.0	657.0	0	0.5904390811920166
sub-04	ses-06	run-08	16	657.0	1168.0	0	0.6119285225868225
sub-04	ses-06	run-08	17	1168.0	366.0	0	0.5447519421577454
sub-04	ses-06	run-08	18	366.0	604.0	0	0.5445336699485779
sub-04	ses-06	run-08	19	604.0	2105.0	0	0.5887844562530518
sub-04	ses-06	run-08	20	2105.0	123.0	0	0.550338089466095
sub-04	ses-06	run-08	21	123.0	1277.0	0	0.565669596195221
sub-04	ses-06	run-08	22	1277.0	839.0	0	0.552065372467041
sub-04	ses-06	run-08	23	839.0	1972.0	0	0.5453618764877319
sub-04	ses-06	run-08	24	1972.0	1916.0	0	0.5529882311820984
sub-04	ses-06	run-08	25	1916.0	300.0	0	0.5459272861480713
sub-04	ses-06	run-08	26	300.0	1397.0	0	0.5409791469573975
sub-04	ses-06	run-08	27	1397.0	396.0	0	0.5792377591133118
sub-04	ses-06	run-08	28	396.0	31.0	0	0.5432987809181213
sub-04	ses-06	run-08	29	31.0	752.0	0	0.579489529132843
sub-04	ses-06	run-08	30	752.0	403.0	0	0.5916163921356201
sub-04	ses-06	run-08	31	403.0	1721.0	0	0.5838091969490051
sub-04	ses-06	run-08	32	1721.0	998.0	0	0.6055660247802734
sub-04	ses-06	run-08	33	998.0	1152.0	0	0.5869365334510803
sub-04	ses-06	run-08	34	1152.0	832.0	0	0.5938172936439514
sub-04	ses-06	run-08	35	832.0	2085.0	0	0.5759187340736389
sub-04	ses-06	run-08	36	2085.0	1896.0	0	0.5645585656166077
sub-04	ses-07	run-01	1	baseline	817.0	0	0.5885531306266785
sub-04	ses-07	run-01	2	817.0	1776.0	0	0.5489228963851929
sub-04	ses-07	run-01	3	1776.0	1682.0	0	0.5386968851089478
sub-04	ses-07	run-01	4	1682.0	1202.0	0	0.5545224547386169
sub-04	ses-07	run-01	5	1202.0	535.0	0	0.6527454257011414
sub-04	ses-07	run-01	6	535.0	959.0	0	0.5804473757743835
sub-04	ses-07	run-01	7	959.0	659.0	0	0.5454096794128418
sub-04	ses-07	run-01	8	659.0	2187.0	0	0.603888750076294
sub-04	ses-07	run-01	9	2187.0	757.0	0	0.5658578872680664
sub-04	ses-07	run-01	10	757.0	340.0	0	0.577392578125
sub-04	ses-07	run-01	11	340.0	651.0	0	0.6020117402076721
sub-04	ses-07	run-01	12	651.0	329.0	0	0.5434623956680298
sub-04	ses-07	run-01	13	329.0	269.0	0	0.6126133799552917
sub-04	ses-07	run-01	14	269.0	892.0	0	0.5531530976295471
sub-04	ses-07	run-01	15	892.0	1859.0	0	0.5291669964790344
sub-04	ses-07	run-01	16	1859.0	1935.0	0	0.5889778733253479
sub-04	ses-07	run-01	17	1935.0	1262.0	0	0.5928460359573364
sub-04	ses-07	run-01	18	1262.0	1629.0	0	0.6037343144416809
sub-04	ses-07	run-01	19	1629.0	1209.0	0	0.5427841544151306
sub-04	ses-07	run-01	20	1209.0	2093.0	0	0.5696757435798645
sub-04	ses-07	run-01	21	2093.0	616.0	0	0.5609428882598877
sub-04	ses-07	run-01	22	616.0	1355.0	0	0.5678696036338806
sub-04	ses-07	run-01	23	1355.0	1674.0	0	0.5304804444313049
sub-04	ses-07	run-01	24	1674.0	457.0	0	0.5322810411453247
sub-04	ses-07	run-01	25	457.0	455.0	0	0.5388718843460083
sub-04	ses-07	run-01	26	455.0	371.0	0	0.5937602519989014
sub-04	ses-07	run-01	27	371.0	863.0	0	0.5903062224388123
sub-04	ses-07	run-01	28	863.0	1755.0	0	0.5576940178871155
sub-04	ses-07	run-01	29	1755.0	692.0	0	0.5317725539207458
sub-04	ses-07	run-01	30	692.0	404.0	0	0.5896033048629761
sub-04	ses-07	run-01	31	404.0	357.0	0	0.6284984350204468
sub-04	ses-07	run-01	32	357.0	382.0	0	0.6056753993034363
sub-04	ses-07	run-01	33	382.0	733.0	0	0.6205957531929016
sub-04	ses-07	run-01	34	733.0	130.0	0	0.575059711933136
sub-04	ses-07	run-01	35	130.0	1891.0	0	0.552818775177002
sub-04	ses-07	run-01	36	1891.0	491.0	0	0.5881504416465759
sub-04	ses-07	run-02	1	baseline	2035.0	0	0.6026060581207275
sub-04	ses-07	run-02	2	2035.0	1063.0	0	0.511016845703125
sub-04	ses-07	run-02	3	1063.0	790.0	0	0.5649939179420471
sub-04	ses-07	run-02	4	790.0	1821.0	0	0.5384110808372498
sub-04	ses-07	run-02	5	1821.0	516.0	0	0.5411330461502075
sub-04	ses-07	run-02	6	516.0	1304.0	0	0.5704876184463501
sub-04	ses-07	run-02	7	1304.0	1269.0	0	0.5334829688072205
sub-04	ses-07	run-02	8	1269.0	672.0	0	0.5342017412185669
sub-04	ses-07	run-02	9	672.0	2131.0	0	0.5119585394859314
sub-04	ses-07	run-02	10	2131.0	512.0	0	0.5738855600357056
sub-04	ses-07	run-02	11	512.0	71.0	0	0.582942008972168
sub-04	ses-07	run-02	12	71.0	323.0	0	0.505940318107605
sub-04	ses-07	run-02	13	323.0	646.0	0	0.5970253944396973
sub-04	ses-07	run-02	14	646.0	1766.0	0	0.5317709445953369
sub-04	ses-07	run-02	15	1766.0	1805.0	0	0.5452027320861816
sub-04	ses-07	run-02	16	1805.0	1388.0	0	0.5643602609634399
sub-04	ses-07	run-02	17	1388.0	911.0	0	0.5791937112808228
sub-04	ses-07	run-02	18	911.0	2027.0	0	0.6317647099494934
sub-04	ses-07	run-02	19	2027.0	1687.0	0	0.5740615129470825
sub-04	ses-07	run-02	20	1687.0	254.0	0	0.5213891267776489
sub-04	ses-07	run-02	21	254.0	268.0	0	0.5687588453292847
sub-04	ses-07	run-02	22	268.0	2129.0	0	0.5681684613227844
sub-04	ses-07	run-02	23	2129.0	871.0	0	0.5240619778633118
sub-04	ses-07	run-02	24	871.0	2138.0	0	0.5934268832206726
sub-04	ses-07	run-02	25	2138.0	107.0	0	0.5859172344207764
sub-04	ses-07	run-02	26	107.0	1457.0	0	0.5629402995109558
sub-04	ses-07	run-02	27	1457.0	1099.0	0	0.5751165747642517
sub-04	ses-07	run-02	28	1099.0	442.0	0	0.5416785478591919
sub-04	ses-07	run-02	29	442.0	1061.0	0	0.5922554731369019
sub-04	ses-07	run-02	30	1061.0	519.0	0	0.576910674571991
sub-04	ses-07	run-02	31	519.0	899.0	0	0.6191685199737549
sub-04	ses-07	run-02	32	899.0	1439.0	0	0.6159188151359558
sub-04	ses-07	run-02	33	1439.0	502.0	0	0.5276856422424316
sub-04	ses-07	run-02	34	502.0	315.0	0	0.5383545756340027
sub-04	ses-07	run-02	35	315.0	1560.0	0	0.5273401737213135
sub-04	ses-07	run-02	36	1560.0	1804.0	0	0.6370178461074829
sub-04	ses-07	run-03	1	baseline	321.0	0	0.5536947250366211
sub-04	ses-07	run-03	2	321.0	748.0	0	0.6008158326148987
sub-04	ses-07	run-03	3	748.0	849.0	0	0.525531530380249
sub-04	ses-07	run-03	4	849.0	169.0	0	0.4987335801124573
sub-04	ses-07	run-03	5	169.0	1224.0	0	0.5304166674613953
sub-04	ses-07	run-03	6	1224.0	723.0	0	0.5695459246635437
sub-04	ses-07	run-03	7	723.0	1483.0	0	0.5971231460571289
sub-04	ses-07	run-03	8	1483.0	1572.0	0	0.5460920929908752
sub-04	ses-07	run-03	9	1572.0	1005.0	0	0.5589120388031006
sub-04	ses-07	run-03	10	1005.0	1217.0	0	0.5597964525222778
sub-04	ses-07	run-03	11	1217.0	1092.0	0	0.5214272141456604
sub-04	ses-07	run-03	12	1092.0	1933.0	0	0.6151374578475952
sub-04	ses-07	run-03	13	1933.0	1182.0	0	0.6136805415153503
sub-04	ses-07	run-03	14	1182.0	799.0	0	0.5229470729827881
sub-04	ses-07	run-03	15	799.0	124.0	0	0.5574068427085876
sub-04	ses-07	run-03	16	124.0	769.0	0	0.5314134359359741
sub-04	ses-07	run-03	17	769.0	1479.0	0	0.5560837984085083
sub-04	ses-07	run-03	18	1479.0	1239.0	0	0.597542941570282
sub-04	ses-07	run-03	19	1239.0	602.0	0	0.5400302410125732
sub-04	ses-07	run-03	20	602.0	1621.0	0	0.5466210246086121
sub-04	ses-07	run-03	21	1621.0	1344.0	0	0.5474010109901428
sub-04	ses-07	run-03	22	1344.0	304.0	0	0.5137924551963806
sub-04	ses-07	run-03	23	304.0	722.0	0	0.5252987146377563
sub-04	ses-07	run-03	24	722.0	682.0	0	0.4927317202091217
sub-04	ses-07	run-03	25	682.0	80.0	0	0.5511959791183472
sub-04	ses-07	run-03	26	80.0	661.0	0	0.5625577569007874
sub-04	ses-07	run-03	27	661.0	248.0	0	0.5771163702011108
sub-04	ses-07	run-03	28	248.0	1117.0	0	0.59300297498703
sub-04	ses-07	run-03	29	1117.0	1938.0	0	0.6230417490005493
sub-04	ses-07	run-03	30	1938.0	150.0	0	0.5388287305831909
sub-04	ses-07	run-03	31	150.0	1191.0	0	0.5475625395774841
sub-04	ses-07	run-03	32	1191.0	2049.0	0	0.5459855794906616
sub-04	ses-07	run-03	33	2049.0	1877.0	0	0.5317856669425964
sub-04	ses-07	run-03	34	1877.0	1261.0	0	0.6057467460632324
sub-04	ses-07	run-03	35	1261.0	1425.0	0	0.5525491833686829
sub-04	ses-07	run-03	36	1425.0	655.0	0	0.5408958792686462
sub-04	ses-07	run-04	1	baseline	1577.0	0	0.5955905914306641
sub-04	ses-07	run-04	2	1577.0	842.0	0	0.6586452126502991
sub-04	ses-07	run-04	3	842.0	2079.0	0	0.5314967632293701
sub-04	ses-07	run-04	4	2079.0	1107.0	0	0.5796388387680054
sub-04	ses-07	run-04	5	1107.0	1206.0	0	0.531838059425354
sub-04	ses-07	run-04	6	1206.0	1680.0	0	0.5836276412010193
sub-04	ses-07	run-04	7	1680.0	158.0	0	0.5602276921272278
sub-04	ses-07	run-04	8	158.0	1264.0	0	0.5862026214599609
sub-04	ses-07	run-04	9	1264.0	135.0	0	0.5400875210762024
sub-04	ses-07	run-04	10	135.0	65.0	0	0.5200769305229187
sub-04	ses-07	run-04	11	65.0	2067.0	0	0.5810068845748901
sub-04	ses-07	run-04	12	2067.0	1987.0	0	0.5850872993469238
sub-04	ses-07	run-04	13	1987.0	885.0	0	0.6375272274017334
sub-04	ses-07	run-04	14	885.0	1746.0	0	0.6506157517433167
sub-04	ses-07	run-04	15	1746.0	376.0	0	0.5689433813095093
sub-04	ses-07	run-04	16	376.0	246.0	0	0.5083715319633484
sub-04	ses-07	run-04	17	246.0	2117.0	0	0.6392807364463806
sub-04	ses-07	run-04	18	2117.0	1055.0	0	0.5462935566902161
sub-04	ses-07	run-04	19	1055.0	1382.0	0	0.49753662943840027
sub-04	ses-07	run-04	20	1382.0	464.0	0	0.591423749923706
sub-04	ses-07	run-04	21	464.0	56.0	0	0.6301133036613464
sub-04	ses-07	run-04	22	56.0	1943.0	0	0.5497663021087646
sub-04	ses-07	run-04	23	1943.0	2111.0	0	0.5770122408866882
sub-04	ses-07	run-04	24	2111.0	392.0	0	0.5425243377685547
sub-04	ses-07	run-04	25	392.0	40.0	0	0.6124272346496582
sub-04	ses-07	run-04	26	40.0	776.0	0	0.5161696672439575
sub-04	ses-07	run-04	27	776.0	126.0	0	0.5254631042480469
sub-04	ses-07	run-04	28	126.0	101.0	0	0.5562190413475037
sub-04	ses-07	run-04	29	101.0	385.0	0	0.5399863123893738
sub-04	ses-07	run-04	30	385.0	1846.0	0	0.5163254141807556
sub-04	ses-07	run-04	31	1846.0	843.0	0	0.514347493648529
sub-04	ses-07	run-04	32	843.0	422.0	0	0.5571287274360657
sub-04	ses-07	run-04	33	422.0	1067.0	0	0.5362704992294312
sub-04	ses-07	run-04	34	1067.0	1709.0	0	0.5402156710624695
sub-04	ses-07	run-04	35	1709.0	931.0	0	0.6020910143852234
sub-04	ses-07	run-04	36	931.0	958.0	0	0.6451281905174255
sub-04	ses-07	run-05	1	baseline	2030.0	0	0.6002103686332703
sub-04	ses-07	run-05	2	2030.0	818.0	0	0.612654983997345
sub-04	ses-07	run-05	3	818.0	1748.0	0	0.5449762940406799
sub-04	ses-07	run-05	4	1748.0	1711.0	0	0.6326794624328613
sub-04	ses-07	run-05	5	1711.0	2011.0	0	0.5757135152816772
sub-04	ses-07	run-05	6	2011.0	2136.0	0	0.5582780241966248
sub-04	ses-07	run-05	7	2136.0	1340.0	0	0.551009476184845
sub-04	ses-07	run-05	8	1340.0	1260.0	0	0.5196526646614075
sub-04	ses-07	run-05	9	1260.0	2055.0	0	0.5719508528709412
sub-04	ses-07	run-05	10	2055.0	171.0	0	0.5153648853302002
sub-04	ses-07	run-05	11	171.0	240.0	0	0.5818575024604797
sub-04	ses-07	run-05	12	240.0	1030.0	0	0.575347363948822
sub-04	ses-07	run-05	13	1030.0	1064.0	0	0.5474065542221069
sub-04	ses-07	run-05	14	1064.0	1136.0	0	0.5412333011627197
sub-04	ses-07	run-05	15	1136.0	1024.0	0	0.5389842987060547
sub-04	ses-07	run-05	16	1024.0	489.0	0	0.5692628026008606
sub-04	ses-07	run-05	17	489.0	1845.0	0	0.5823089480400085
sub-04	ses-07	run-05	18	1845.0	1341.0	0	0.6005348563194275
sub-04	ses-07	run-05	19	1341.0	1213.0	0	0.5735840797424316
sub-04	ses-07	run-05	20	1213.0	949.0	0	0.5382978916168213
sub-04	ses-07	run-05	21	949.0	391.0	0	0.5415133833885193
sub-04	ses-07	run-05	22	391.0	950.0	0	0.563989520072937
sub-04	ses-07	run-05	23	950.0	1549.0	0	0.55243319272995
sub-04	ses-07	run-05	24	1549.0	991.0	0	0.5454728007316589
sub-04	ses-07	run-05	25	991.0	589.0	0	0.5386455655097961
sub-04	ses-07	run-05	26	589.0	2057.0	0	0.5366436839103699
sub-04	ses-07	run-05	27	2057.0	915.0	0	0.5634849071502686
sub-04	ses-07	run-05	28	915.0	411.0	0	0.5854186415672302
sub-04	ses-07	run-05	29	411.0	2069.0	0	0.53166663646698
sub-04	ses-07	run-05	30	2069.0	1489.0	0	0.6056668162345886
sub-04	ses-07	run-05	31	1489.0	1705.0	0	0.5329066514968872
sub-04	ses-07	run-05	32	1705.0	2120.0	0	0.5444768071174622
sub-04	ses-07	run-05	33	2120.0	961.0	0	0.5684913992881775
sub-04	ses-07	run-05	34	961.0	1960.0	0	0.5688516497612
sub-04	ses-07	run-05	35	1960.0	1103.0	0	0.5828843712806702
sub-04	ses-07	run-05	36	1103.0	861.0	0	0.5836648344993591
sub-04	ses-07	run-06	1	baseline	448.0	0	0.5515264868736267
sub-04	ses-07	run-06	2	448.0	91.0	0	0.5225992202758789
sub-04	ses-07	run-06	3	91.0	1478.0	0	0.5691187381744385
sub-04	ses-07	run-06	4	1478.0	628.0	0	0.6412338018417358
sub-04	ses-07	run-06	5	628.0	1971.0	0	0.5795508027076721
sub-04	ses-07	run-06	6	1971.0	1536.0	0	0.5928104519844055
sub-04	ses-07	run-06	7	1536.0	1325.0	0	0.5704001784324646
sub-04	ses-07	run-06	8	1325.0	270.0	0	0.6429589986801147
sub-04	ses-07	run-06	9	270.0	709.0	0	0.5347053408622742
sub-04	ses-07	run-06	10	709.0	834.0	0	0.5736233592033386
sub-04	ses-07	run-06	11	834.0	163.0	0	0.5785755515098572
sub-04	ses-07	run-06	12	163.0	1632.0	0	0.5555806756019592
sub-04	ses-07	run-06	13	1632.0	1955.0	0	0.5944603681564331
sub-04	ses-07	run-06	14	1955.0	233.0	0	0.5070033669471741
sub-04	ses-07	run-06	15	233.0	1623.0	0	0.6647733449935913
sub-04	ses-07	run-06	16	1623.0	1130.0	0	0.7321020364761353
sub-04	ses-07	run-06	17	1130.0	2046.0	0	0.5312229990959167
sub-04	ses-07	run-06	18	2046.0	566.0	0	0.5028014779090881
sub-04	ses-07	run-06	19	566.0	712.0	0	0.5386324524879456
sub-04	ses-07	run-06	20	712.0	822.0	0	0.5357174277305603
sub-04	ses-07	run-06	21	822.0	2154.0	0	0.5324707627296448
sub-04	ses-07	run-06	22	2154.0	1570.0	0	0.5906766653060913
sub-04	ses-07	run-06	23	1570.0	1743.0	0	0.5734750032424927
sub-04	ses-07	run-06	24	1743.0	588.0	0	0.5595372319221497
sub-04	ses-07	run-06	25	588.0	249.0	0	0.5522472262382507
sub-04	ses-07	run-06	26	249.0	128.0	0	0.586150050163269
sub-04	ses-07	run-06	27	128.0	1928.0	0	0.5227634310722351
sub-04	ses-07	run-06	28	1928.0	1241.0	0	0.5675784945487976
sub-04	ses-07	run-06	29	1241.0	316.0	0	0.5722348690032959
sub-04	ses-07	run-06	30	316.0	612.0	0	0.5661771893501282
sub-04	ses-07	run-06	31	612.0	689.0	0	0.549144446849823
sub-04	ses-07	run-06	32	689.0	296.0	0	0.5863927602767944
sub-04	ses-07	run-06	33	296.0	2173.0	0	0.5647138953208923
sub-04	ses-07	run-06	34	2173.0	407.0	0	0.5755144953727722
sub-04	ses-07	run-06	35	407.0	496.0	0	0.5837281346321106
sub-04	ses-07	run-06	36	496.0	1334.0	0	0.5459405183792114
sub-04	ses-07	run-07	1	baseline	1701.0	0	0.6171971559524536
sub-04	ses-07	run-07	2	1701.0	967.0	0	0.5907005071640015
sub-04	ses-07	run-07	3	967.0	1618.0	0	0.6058353781700134
sub-04	ses-07	run-07	4	1618.0	510.0	0	0.5680074691772461
sub-04	ses-07	run-07	5	510.0	1547.0	0	0.6588865518569946
sub-04	ses-07	run-07	6	1547.0	1066.0	0	0.6048065423965454
sub-04	ses-07	run-07	7	1066.0	1041.0	0	0.5102449059486389
sub-04	ses-07	run-07	8	1041.0	1562.0	0	0.496499627828598
sub-04	ses-07	run-07	9	1562.0	923.0	0	0.5168472528457642
sub-04	ses-07	run-07	10	923.0	1883.0	0	0.6013197898864746
sub-04	ses-07	run-07	11	1883.0	913.0	0	0.5494341850280762
sub-04	ses-07	run-07	12	913.0	1996.0	0	0.5760403275489807
sub-04	ses-07	run-07	13	1996.0	1028.0	0	0.6165466904640198
sub-04	ses-07	run-07	14	1028.0	2183.0	0	0.5845755934715271
sub-04	ses-07	run-07	15	2183.0	866.0	0	0.5997092723846436
sub-04	ses-07	run-07	16	866.0	1940.0	0	0.5439664125442505
sub-04	ses-07	run-07	17	1940.0	1156.0	0	0.593458354473114
sub-04	ses-07	run-07	18	1156.0	1116.0	0	0.5391640067100525
sub-04	ses-07	run-07	19	1116.0	2146.0	0	0.575118362903595
sub-04	ses-07	run-07	20	2146.0	1862.0	0	0.5565428733825684
sub-04	ses-07	run-07	21	1862.0	1584.0	0	0.5356584787368774
sub-04	ses-07	run-07	22	1584.0	1109.0	0	0.5501585602760315
sub-04	ses-07	run-07	23	1109.0	1820.0	0	0.581025242805481
sub-04	ses-07	run-07	24	1820.0	1232.0	0	0.5433260798454285
sub-04	ses-07	run-07	25	1232.0	1595.0	0	0.5700715780258179
sub-04	ses-07	run-07	26	1595.0	291.0	0	0.5554208159446716
sub-04	ses-07	run-07	27	291.0	1602.0	0	0.5394770503044128
sub-04	ses-07	run-07	28	1602.0	1234.0	0	0.7408280372619629
sub-04	ses-07	run-07	29	1234.0	424.0	0	0.5375941395759583
sub-04	ses-07	run-07	30	424.0	221.0	0	0.5707598328590393
sub-04	ses-07	run-07	31	221.0	1362.0	0	0.5919137001037598
sub-04	ses-07	run-07	32	1362.0	1359.0	0	0.5289111733436584
sub-04	ses-07	run-07	33	1359.0	740.0	0	0.5135679244995117
sub-04	ses-07	run-07	34	740.0	1114.0	0	0.579144299030304
sub-04	ses-07	run-07	35	1114.0	613.0	0	0.555020272731781
sub-04	ses-07	run-07	36	613.0	1768.0	0	0.5875470638275146
sub-04	ses-07	run-08	1	baseline	1754.0	0	0.6040081977844238
sub-04	ses-07	run-08	2	1754.0	956.0	0	0.5210590362548828
sub-04	ses-07	run-08	3	956.0	1643.0	0	0.5126814842224121
sub-04	ses-07	run-08	4	1643.0	864.0	0	0.6573796272277832
sub-04	ses-07	run-08	5	864.0	74.0	0	0.5782603025436401
sub-04	ses-07	run-08	6	74.0	1427.0	0	0.6515399217605591
sub-04	ses-07	run-08	7	1427.0	1539.0	0	0.5533723831176758
sub-04	ses-07	run-08	8	1539.0	1884.0	0	0.5346890687942505
sub-04	ses-07	run-08	9	1884.0	1431.0	0	0.5449861288070679
sub-04	ses-07	run-08	10	1431.0	414.0	0	0.5511878728866577
sub-04	ses-07	run-08	11	414.0	2107.0	0	0.5489972233772278
sub-04	ses-07	run-08	12	2107.0	1989.0	0	0.5413588285446167
sub-04	ses-07	run-08	13	1989.0	1630.0	0	0.48069360852241516
sub-04	ses-07	run-08	14	1630.0	1254.0	0	0.5941357612609863
sub-04	ses-07	run-08	15	1254.0	263.0	0	0.5773395895957947
sub-04	ses-07	run-08	16	263.0	1511.0	0	0.49489542841911316
sub-04	ses-07	run-08	17	1511.0	351.0	0	0.6061004996299744
sub-04	ses-07	run-08	18	351.0	331.0	0	0.5145870447158813
sub-04	ses-07	run-08	19	331.0	1032.0	0	0.6069969534873962
sub-04	ses-07	run-08	20	1032.0	1532.0	0	0.5069379210472107
sub-04	ses-07	run-08	21	1532.0	289.0	0	0.5314311385154724
sub-04	ses-07	run-08	22	289.0	788.0	0	0.5301259160041809
sub-04	ses-07	run-08	23	788.0	1593.0	0	0.4966549575328827
sub-04	ses-07	run-08	24	1593.0	306.0	0	0.5163137912750244
sub-04	ses-07	run-08	25	306.0	879.0	0	0.5307902693748474
sub-04	ses-07	run-08	26	879.0	1358.0	0	0.5488597750663757
sub-04	ses-07	run-08	27	1358.0	122.0	0	0.6106632947921753
sub-04	ses-07	run-08	28	122.0	778.0	0	0.5211336612701416
sub-04	ses-07	run-08	29	778.0	1089.0	0	0.554448664188385
sub-04	ses-07	run-08	30	1089.0	1906.0	0	0.5496182441711426
sub-04	ses-07	run-08	31	1906.0	2009.0	0	0.5464905500411987
sub-04	ses-07	run-08	32	2009.0	1999.0	0	0.623765230178833
sub-04	ses-07	run-08	33	1999.0	1548.0	0	0.5980730652809143
sub-04	ses-07	run-08	34	1548.0	1740.0	0	0.662777304649353
sub-04	ses-07	run-08	35	1740.0	2100.0	0	0.6322357058525085
sub-04	ses-07	run-08	36	2100.0	1376.0	0	0.5894076824188232
sub-04	ses-08	run-01	1	baseline	1541.0	0	0.560663640499115
sub-04	ses-08	run-01	2	1541.0	2148.0	0	0.5377153158187866
sub-04	ses-08	run-01	3	2148.0	2188.0	0	0.5853943228721619
sub-04	ses-08	run-01	4	2188.0	2178.0	0	0.5489417910575867
sub-04	ses-08	run-01	5	2178.0	100.0	0	0.5747522711753845
sub-04	ses-08	run-01	6	100.0	1648.0	0	0.6264363527297974
sub-04	ses-08	run-01	7	1648.0	1524.0	0	0.5107865333557129
sub-04	ses-08	run-01	8	1524.0	1465.0	0	0.5519622564315796
sub-04	ses-08	run-01	9	1465.0	907.0	0	0.5284869074821472
sub-04	ses-08	run-01	10	907.0	704.0	0	0.5594213008880615
sub-04	ses-08	run-01	11	704.0	237.0	0	0.5483300685882568
sub-04	ses-08	run-01	12	237.0	438.0	0	0.6041681170463562
sub-04	ses-08	run-01	13	438.0	2008.0	0	0.5990092754364014
sub-04	ses-08	run-01	14	2008.0	1422.0	0	0.5601131916046143
sub-04	ses-08	run-01	15	1422.0	1007.0	0	0.5474201440811157
sub-04	ses-08	run-01	16	1007.0	1622.0	0	0.563910961151123
sub-04	ses-08	run-01	17	1622.0	1283.0	0	0.5632071495056152
sub-04	ses-08	run-01	18	1283.0	1208.0	0	0.6001171469688416
sub-04	ses-08	run-01	19	1208.0	773.0	0	0.5252976417541504
sub-04	ses-08	run-01	20	773.0	1163.0	0	0.5370543599128723
sub-04	ses-08	run-01	21	1163.0	1311.0	0	0.5354883074760437
sub-04	ses-08	run-01	22	1311.0	78.0	0	0.6521012783050537
sub-04	ses-08	run-01	23	78.0	1836.0	0	0.5975354909896851
sub-04	ses-08	run-01	24	1836.0	1872.0	0	0.5944311618804932
sub-04	ses-08	run-01	25	1872.0	1180.0	0	0.5920405387878418
sub-04	ses-08	run-01	26	1180.0	925.0	0	0.5632708668708801
sub-04	ses-08	run-01	27	925.0	1951.0	0	0.5364199280738831
sub-04	ses-08	run-01	28	1951.0	1752.0	0	0.5543275475502014
sub-04	ses-08	run-01	29	1752.0	1506.0	0	0.573795735836029
sub-04	ses-08	run-01	30	1506.0	2155.0	0	0.5545494556427002
sub-04	ses-08	run-01	31	2155.0	1519.0	0	0.562516450881958
sub-04	ses-08	run-01	32	1519.0	312.0	0	0.6061322689056396
sub-04	ses-08	run-01	33	312.0	1582.0	0	0.533545732498169
sub-04	ses-08	run-01	34	1582.0	465.0	0	0.6016199588775635
sub-04	ses-08	run-01	35	465.0	117.0	0	0.5519102215766907
sub-04	ses-08	run-01	36	117.0	1139.0	0	0.5667101740837097
sub-04	ses-08	run-02	1	baseline	837.0	0	0.6071380972862244
sub-04	ses-08	run-02	2	837.0	2000.0	0	0.5315161943435669
sub-04	ses-08	run-02	3	2000.0	245.0	0	0.5681224465370178
sub-04	ses-08	run-02	4	245.0	1783.0	0	0.5329734086990356
sub-04	ses-08	run-02	5	1783.0	278.0	0	0.5813643932342529
sub-04	ses-08	run-02	6	278.0	2090.0	0	0.5392273664474487
sub-04	ses-08	run-02	7	2090.0	1044.0	0	0.5585235357284546
sub-04	ses-08	run-02	8	1044.0	798.0	0	0.5654457807540894
sub-04	ses-08	run-02	9	798.0	1410.0	0	0.5217759609222412
sub-04	ses-08	run-02	10	1410.0	174.0	0	0.5817657113075256
sub-04	ses-08	run-02	11	174.0	1486.0	0	0.6251968741416931
sub-04	ses-08	run-02	12	1486.0	440.0	0	0.5648964047431946
sub-04	ses-08	run-02	13	440.0	1838.0	0	0.5437056422233582
sub-04	ses-08	run-02	14	1838.0	1463.0	0	0.5274254083633423
sub-04	ses-08	run-02	15	1463.0	642.0	0	0.5800715684890747
sub-04	ses-08	run-02	16	642.0	1244.0	0	0.5017028450965881
sub-04	ses-08	run-02	17	1244.0	605.0	0	0.5107476115226746
sub-04	ses-08	run-02	18	605.0	1727.0	0	0.5443621277809143
sub-04	ses-08	run-02	19	1727.0	1543.0	0	0.6046602129936218
sub-04	ses-08	run-02	20	1543.0	641.0	0	0.5344988703727722
sub-04	ses-08	run-02	21	641.0	1167.0	0	0.5375387668609619
sub-04	ses-08	run-02	22	1167.0	1246.0	0	0.5567975640296936
sub-04	ses-08	run-02	23	1246.0	2195.0	0	0.5659967064857483
sub-04	ses-08	run-02	24	2195.0	1380.0	0	0.5482495427131653
sub-04	ses-08	run-02	25	1380.0	1458.0	0	0.5102638602256775
sub-04	ses-08	run-02	26	1458.0	1637.0	0	0.5570275187492371
sub-04	ses-08	run-02	27	1637.0	1438.0	0	0.5737164616584778
sub-04	ses-08	run-02	28	1438.0	1488.0	0	0.5290838479995728
sub-04	ses-08	run-02	29	1488.0	6.0	0	0.5291146039962769
sub-04	ses-08	run-02	30	6.0	2078.0	0	0.5885368585586548
sub-04	ses-08	run-02	31	2078.0	1040.0	0	0.5431051850318909
sub-04	ses-08	run-02	32	1040.0	1423.0	0	0.621403694152832
sub-04	ses-08	run-02	33	1423.0	26.0	0	0.5729537606239319
sub-04	ses-08	run-02	34	26.0	1770.0	0	0.5801907777786255
sub-04	ses-08	run-02	35	1770.0	2077.0	0	0.5853897929191589
sub-04	ses-08	run-02	36	2077.0	1718.0	0	0.5803688168525696
sub-04	ses-08	run-03	1	baseline	427.0	0	0.5782297253608704
sub-04	ses-08	run-03	2	427.0	914.0	0	0.5573745965957642
sub-04	ses-08	run-03	3	914.0	1278.0	0	0.5138076543807983
sub-04	ses-08	run-03	4	1278.0	1027.0	0	0.5942729711532593
sub-04	ses-08	run-03	5	1027.0	183.0	0	0.5362814664840698
sub-04	ses-08	run-03	6	183.0	1921.0	0	0.5403778553009033
sub-04	ses-08	run-03	7	1921.0	280.0	0	0.5724120140075684
sub-04	ses-08	run-03	8	280.0	568.0	0	0.5730534791946411
sub-04	ses-08	run-03	9	568.0	758.0	0	0.5319700837135315
sub-04	ses-08	run-03	10	758.0	2122.0	0	0.5482934713363647
sub-04	ses-08	run-03	11	2122.0	775.0	0	0.5124139785766602
sub-04	ses-08	run-03	12	775.0	19.0	0	0.5022693276405334
sub-04	ses-08	run-03	13	19.0	1453.0	0	0.5679407715797424
sub-04	ses-08	run-03	14	1453.0	454.0	0	0.6112488508224487
sub-04	ses-08	run-03	15	454.0	1628.0	0	0.5528934001922607
sub-04	ses-08	run-03	16	1628.0	2047.0	0	0.541419506072998
sub-04	ses-08	run-03	17	2047.0	924.0	0	0.6203945875167847
sub-04	ses-08	run-03	18	924.0	156.0	0	0.5538143515586853
sub-04	ses-08	run-03	19	156.0	132.0	0	0.6559271812438965
sub-04	ses-08	run-03	20	132.0	771.0	0	0.5863195657730103
sub-04	ses-08	run-03	21	771.0	719.0	0	0.5737025737762451
sub-04	ses-08	run-03	22	719.0	1299.0	0	0.6417076587677002
sub-04	ses-08	run-03	23	1299.0	1492.0	0	0.6514930129051208
sub-04	ses-08	run-03	24	1492.0	600.0	0	0.5329963564872742
sub-04	ses-08	run-03	25	600.0	1998.0	0	0.645322859287262
sub-04	ses-08	run-03	26	1998.0	1675.0	0	0.6412566304206848
sub-04	ses-08	run-03	27	1675.0	436.0	0	0.5499887466430664
sub-04	ses-08	run-03	28	436.0	1017.0	0	0.525754451751709
sub-04	ses-08	run-03	29	1017.0	205.0	0	0.5987147092819214
sub-04	ses-08	run-03	30	205.0	1957.0	0	0.599345326423645
sub-04	ses-08	run-03	31	1957.0	632.0	0	0.6015497446060181
sub-04	ses-08	run-03	32	632.0	355.0	0	0.5726733803749084
sub-04	ses-08	run-03	33	355.0	909.0	0	0.6395843625068665
sub-04	ses-08	run-03	34	909.0	1983.0	0	0.5964981913566589
sub-04	ses-08	run-03	35	1983.0	1702.0	0	0.5921075940132141
sub-04	ses-08	run-03	36	1702.0	1817.0	0	0.6529799103736877
sub-04	ses-08	run-04	1	baseline	971.0	0	0.5290412306785583
sub-04	ses-08	run-04	2	971.0	1360.0	0	0.5019449591636658
sub-04	ses-08	run-04	3	1360.0	199.0	0	0.4894181489944458
sub-04	ses-08	run-04	4	199.0	159.0	0	0.5488061308860779
sub-04	ses-08	run-04	5	159.0	330.0	0	0.5227698087692261
sub-04	ses-08	run-04	6	330.0	1695.0	0	0.5081593990325928
sub-04	ses-08	run-04	7	1695.0	2013.0	0	0.5210075378417969
sub-04	ses-08	run-04	8	2013.0	1600.0	0	0.548556923866272
sub-04	ses-08	run-04	9	1600.0	1481.0	0	0.5602437257766724
sub-04	ses-08	run-04	10	1481.0	1298.0	0	0.5360271334648132
sub-04	ses-08	run-04	11	1298.0	789.0	0	0.6123043298721313
sub-04	ses-08	run-04	12	789.0	1497.0	0	0.5383870005607605
sub-04	ses-08	run-04	13	1497.0	1790.0	0	0.531252384185791
sub-04	ses-08	run-04	14	1790.0	1567.0	0	0.5913371443748474
sub-04	ses-08	run-04	15	1567.0	2150.0	0	0.5556688904762268
sub-04	ses-08	run-04	16	2150.0	1644.0	0	0.49809393286705017
sub-04	ses-08	run-04	17	1644.0	680.0	0	0.5066593289375305
sub-04	ses-08	run-04	18	680.0	1888.0	0	0.5525373220443726
sub-04	ses-08	run-04	19	1888.0	1050.0	0	0.5353772044181824
sub-04	ses-08	run-04	20	1050.0	894.0	0	0.5332197546958923
sub-04	ses-08	run-04	21	894.0	342.0	0	0.6965932846069336
sub-04	ses-08	run-04	22	342.0	1404.0	0	0.5643755197525024
sub-04	ses-08	run-04	23	1404.0	1798.0	0	0.5787209868431091
sub-04	ses-08	run-04	24	1798.0	1042.0	0	0.5683854818344116
sub-04	ses-08	run-04	25	1042.0	1407.0	0	0.6742683053016663
sub-04	ses-08	run-04	26	1407.0	1204.0	0	0.7122018337249756
sub-04	ses-08	run-04	27	1204.0	295.0	0	0.5496736168861389
sub-04	ses-08	run-04	28	295.0	1840.0	0	0.5993625521659851
sub-04	ses-08	run-04	29	1840.0	1031.0	0	0.5123441815376282
sub-04	ses-08	run-04	30	1031.0	1199.0	0	0.5620786547660828
sub-04	ses-08	run-04	31	1199.0	4.0	0	0.5849974155426025
sub-04	ses-08	run-04	32	4.0	509.0	0	0.5892540216445923
sub-04	ses-08	run-04	33	509.0	73.0	0	0.5474830269813538
sub-04	ses-08	run-04	34	73.0	784.0	0	0.6092402935028076
sub-04	ses-08	run-04	35	784.0	1852.0	0	0.6369624733924866
sub-04	ses-08	run-04	36	1852.0	795.0	0	0.5697183609008789
sub-04	ses-08	run-05	1	baseline	1950.0	0	0.5902997851371765
sub-04	ses-08	run-05	2	1950.0	5.0	0	0.6147205829620361
sub-04	ses-08	run-05	3	5.0	339.0	0	0.6238905787467957
sub-04	ses-08	run-05	4	339.0	1568.0	0	0.6099445819854736
sub-04	ses-08	run-05	5	1568.0	1361.0	0	0.5389400124549866
sub-04	ses-08	run-05	6	1361.0	2096.0	0	0.5262935757637024
sub-04	ses-08	run-05	7	2096.0	926.0	0	0.598881721496582
sub-04	ses-08	run-05	8	926.0	1688.0	0	0.6144123673439026
sub-04	ses-08	run-05	9	1688.0	293.0	0	0.5940105319023132
sub-04	ses-08	run-05	10	293.0	2023.0	0	0.5511511564254761
sub-04	ses-08	run-05	11	2023.0	1195.0	0	0.5497690439224243
sub-04	ses-08	run-05	12	1195.0	198.0	0	0.5679047703742981
sub-04	ses-08	run-05	13	198.0	1289.0	0	0.5514065027236938
sub-04	ses-08	run-05	14	1289.0	1375.0	0	0.5768111944198608
sub-04	ses-08	run-05	15	1375.0	459.0	0	0.642763614654541
sub-04	ses-08	run-05	16	459.0	44.0	0	0.5829304456710815
sub-04	ses-08	run-05	17	44.0	1851.0	0	0.500935971736908
sub-04	ses-08	run-05	18	1851.0	787.0	0	0.5659762620925903
sub-04	ses-08	run-05	19	787.0	2161.0	0	0.6205892562866211
sub-04	ses-08	run-05	20	2161.0	1659.0	0	0.5360979437828064
sub-04	ses-08	run-05	21	1659.0	667.0	0	0.5228717923164368
sub-04	ses-08	run-05	22	667.0	462.0	0	0.5274744033813477
sub-04	ses-08	run-05	23	462.0	903.0	0	0.5227102637290955
sub-04	ses-08	run-05	24	903.0	2012.0	0	0.5894349217414856
sub-04	ses-08	run-05	25	2012.0	2127.0	0	0.5701085925102234
sub-04	ses-08	run-05	26	2127.0	867.0	0	0.5496366024017334
sub-04	ses-08	run-05	27	867.0	860.0	0	0.526190996170044
sub-04	ses-08	run-05	28	860.0	1925.0	0	0.5300272107124329
sub-04	ses-08	run-05	29	1925.0	2081.0	0	0.5195227265357971
sub-04	ses-08	run-05	30	2081.0	1553.0	0	0.5608803033828735
sub-04	ses-08	run-05	31	1553.0	551.0	0	0.5317152142524719
sub-04	ses-08	run-05	32	551.0	1047.0	0	0.5941306948661804
sub-04	ses-08	run-05	33	1047.0	2088.0	0	0.5481192469596863
sub-04	ses-08	run-05	34	2088.0	944.0	0	0.550902247428894
sub-04	ses-08	run-05	35	944.0	1796.0	0	0.6293761730194092
sub-04	ses-08	run-05	36	1796.0	635.0	0	0.5726668834686279
sub-04	ses-08	run-06	1	baseline	2126.0	0	0.5103611350059509
sub-04	ses-08	run-06	2	2126.0	288.0	0	0.5423075556755066
sub-04	ses-08	run-06	3	288.0	1468.0	0	0.5976543426513672
sub-04	ses-08	run-06	4	1468.0	1853.0	0	0.5195189714431763
sub-04	ses-08	run-06	5	1853.0	1786.0	0	0.5311670303344727
sub-04	ses-08	run-06	6	1786.0	1200.0	0	0.577204167842865
sub-04	ses-08	run-06	7	1200.0	1697.0	0	0.5453060269355774
sub-04	ses-08	run-06	8	1697.0	1321.0	0	0.5657626390457153
sub-04	ses-08	run-06	9	1321.0	1173.0	0	0.5997706055641174
sub-04	ses-08	run-06	10	1173.0	1249.0	0	0.5492992997169495
sub-04	ses-08	run-06	11	1249.0	1184.0	0	0.5793690085411072
sub-04	ses-08	run-06	12	1184.0	1037.0	0	0.5350847840309143
sub-04	ses-08	run-06	13	1037.0	756.0	0	0.5356423258781433
sub-04	ses-08	run-06	14	756.0	544.0	0	0.5033047795295715
sub-04	ses-08	run-06	15	544.0	394.0	0	0.5557941198348999
sub-04	ses-08	run-06	16	394.0	821.0	0	0.5940882563591003
sub-04	ses-08	run-06	17	821.0	258.0	0	0.6263390779495239
sub-04	ses-08	run-06	18	258.0	618.0	0	0.5782452821731567
sub-04	ses-08	run-06	19	618.0	2038.0	0	0.5449947118759155
sub-04	ses-08	run-06	20	2038.0	2169.0	0	0.5818519592285156
sub-04	ses-08	run-06	21	2169.0	373.0	0	0.542105495929718
sub-04	ses-08	run-06	22	373.0	1494.0	0	0.5370147824287415
sub-04	ses-08	run-06	23	1494.0	364.0	0	0.5646278858184814
sub-04	ses-08	run-06	24	364.0	2050.0	0	0.5862346887588501
sub-04	ses-08	run-06	25	2050.0	11.0	0	0.5367056131362915
sub-04	ses-08	run-06	26	11.0	1081.0	0	0.5557006001472473
sub-04	ses-08	run-06	27	1081.0	1834.0	0	0.6033170819282532
sub-04	ses-08	run-06	28	1834.0	2163.0	0	0.6391134858131409
sub-04	ses-08	run-06	29	2163.0	744.0	0	0.573671281337738
sub-04	ses-08	run-06	30	744.0	1946.0	0	0.5951760411262512
sub-04	ses-08	run-06	31	1946.0	539.0	0	0.5551702380180359
sub-04	ses-08	run-06	32	539.0	63.0	0	0.5706173181533813
sub-04	ses-08	run-06	33	63.0	294.0	0	0.6531968116760254
sub-04	ses-08	run-06	34	294.0	2175.0	0	0.5658519864082336
sub-04	ses-08	run-06	35	2175.0	401.0	0	0.5398174524307251
sub-04	ses-08	run-06	36	401.0	2101.0	0	0.5670543909072876
sub-04	ses-08	run-07	1	baseline	81.0	0	0.5695933103561401
sub-04	ses-08	run-07	2	81.0	15.0	0	0.5509331226348877
sub-04	ses-08	run-07	3	15.0	1192.0	0	0.532637357711792
sub-04	ses-08	run-07	4	1192.0	148.0	0	0.5462961792945862
sub-04	ses-08	run-07	5	148.0	1667.0	0	0.650206446647644
sub-04	ses-08	run-07	6	1667.0	1791.0	0	0.536102831363678
sub-04	ses-08	run-07	7	1791.0	140.0	0	0.5215017199516296
sub-04	ses-08	run-07	8	140.0	1818.0	0	0.5349369049072266
sub-04	ses-08	run-07	9	1818.0	515.0	0	0.6343899965286255
sub-04	ses-08	run-07	10	515.0	1351.0	0	0.5962180495262146
sub-04	ses-08	run-07	11	1351.0	1542.0	0	0.6022740602493286
sub-04	ses-08	run-07	12	1542.0	1172.0	0	0.5165709853172302
sub-04	ses-08	run-07	13	1172.0	698.0	0	0.5728294849395752
sub-04	ses-08	run-07	14	698.0	1347.0	0	0.5928897857666016
sub-04	ses-08	run-07	15	1347.0	273.0	0	0.540273904800415
sub-04	ses-08	run-07	16	273.0	728.0	0	0.5546616315841675
sub-04	ses-08	run-07	17	728.0	1716.0	0	0.5482446551322937
sub-04	ses-08	run-07	18	1716.0	1016.0	0	0.5504428148269653
sub-04	ses-08	run-07	19	1016.0	2064.0	0	0.5901526212692261
sub-04	ses-08	run-07	20	2064.0	724.0	0	0.5371266007423401
sub-04	ses-08	run-07	21	724.0	1941.0	0	0.5619939565658569
sub-04	ses-08	run-07	22	1941.0	1284.0	0	0.5420297384262085
sub-04	ses-08	run-07	23	1284.0	1413.0	0	0.5446434020996094
sub-04	ses-08	run-07	24	1413.0	1495.0	0	0.5696604251861572
sub-04	ses-08	run-07	25	1495.0	264.0	0	0.5683998465538025
sub-04	ses-08	run-07	26	264.0	1848.0	0	0.5745922327041626
sub-04	ses-08	run-07	27	1848.0	1760.0	0	0.5934475660324097
sub-04	ses-08	run-07	28	1760.0	1090.0	0	0.5237337946891785
sub-04	ses-08	run-07	29	1090.0	1189.0	0	0.5176971554756165
sub-04	ses-08	run-07	30	1189.0	1087.0	0	0.5685104727745056
sub-04	ses-08	run-07	31	1087.0	1101.0	0	0.6421344876289368
sub-04	ses-08	run-07	32	1101.0	1419.0	0	0.5691848397254944
sub-04	ses-08	run-07	33	1419.0	155.0	0	0.5486718416213989
sub-04	ses-08	run-07	34	155.0	20.0	0	0.5939138531684875
sub-04	ses-08	run-07	35	20.0	417.0	0	0.6921073198318481
sub-04	ses-08	run-07	36	417.0	1563.0	0	0.5939567685127258
sub-04	ses-08	run-08	1	baseline	482.0	0	0.5487481951713562
sub-04	ses-08	run-08	2	482.0	1656.0	0	0.5395739674568176
sub-04	ses-08	run-08	3	1656.0	708.0	0	0.5665827989578247
sub-04	ses-08	run-08	4	708.0	1961.0	0	0.5657092332839966
sub-04	ses-08	run-08	5	1961.0	361.0	0	0.5561808943748474
sub-04	ses-08	run-08	6	361.0	1728.0	0	0.5513291954994202
sub-04	ses-08	run-08	7	1728.0	1060.0	0	0.5073242783546448
sub-04	ses-08	run-08	8	1060.0	33.0	0	0.5631873607635498
sub-04	ses-08	run-08	9	33.0	262.0	0	0.5939780473709106
sub-04	ses-08	run-08	10	262.0	39.0	0	0.6764528155326843
sub-04	ses-08	run-08	11	39.0	806.0	0	0.6943086385726929
sub-04	ses-08	run-08	12	806.0	1399.0	0	0.5683885216712952
sub-04	ses-08	run-08	13	1399.0	550.0	0	0.5268694162368774
sub-04	ses-08	run-08	14	550.0	166.0	0	0.6710205674171448
sub-04	ses-08	run-08	15	166.0	374.0	0	0.5172398090362549
sub-04	ses-08	run-08	16	374.0	2083.0	0	0.5726077556610107
sub-04	ses-08	run-08	17	2083.0	1842.0	0	0.5225847959518433
sub-04	ses-08	run-08	18	1842.0	2065.0	0	0.5315059423446655
sub-04	ses-08	run-08	19	2065.0	292.0	0	0.5807542204856873
sub-04	ses-08	run-08	20	292.0	1111.0	0	0.5606814026832581
sub-04	ses-08	run-08	21	1111.0	1876.0	0	0.5244573354721069
sub-04	ses-08	run-08	22	1876.0	97.0	0	0.5069677829742432
sub-04	ses-08	run-08	23	97.0	1936.0	0	0.5898726582527161
sub-04	ses-08	run-08	24	1936.0	1551.0	0	0.631285548210144
sub-04	ses-08	run-08	25	1551.0	1054.0	0	0.5290466547012329
sub-04	ses-08	run-08	26	1054.0	108.0	0	0.5411258935928345
sub-04	ses-08	run-08	27	108.0	881.0	0	0.5989764928817749
sub-04	ses-08	run-08	28	881.0	735.0	0	0.5391889810562134
sub-04	ses-08	run-08	29	735.0	558.0	0	0.650903582572937
sub-04	ses-08	run-08	30	558.0	313.0	0	0.5923106074333191
sub-04	ses-08	run-08	31	313.0	1620.0	0	0.5980109572410583
sub-04	ses-08	run-08	32	1620.0	820.0	0	0.5579065084457397
sub-04	ses-08	run-08	33	820.0	182.0	0	0.5529573559761047
sub-04	ses-08	run-08	34	182.0	1015.0	0	0.5689685940742493
sub-04	ses-08	run-08	35	1015.0	69.0	0	0.6661118865013123
sub-04	ses-08	run-08	36	69.0	631.0	0	0.519028902053833
sub-05	ses-01	run-01	1	baseline	2017.0	0	0.5453346967697144
sub-05	ses-01	run-01	2	2017.0	247.0	0	0.5272727608680725
sub-05	ses-01	run-01	3	247.0	540.0	0	0.528374195098877
sub-05	ses-01	run-01	4	540.0	1162.0	0	0.5657989382743835
sub-05	ses-01	run-01	5	1162.0	946.0	0	0.546055257320404
sub-05	ses-01	run-01	6	946.0	395.0	0	0.5347220301628113
sub-05	ses-01	run-01	7	395.0	677.0	0	0.5278878211975098
sub-05	ses-01	run-01	8	677.0	840.0	0	0.5732048749923706
sub-05	ses-01	run-01	9	840.0	1693.0	0	0.5391382575035095
sub-05	ses-01	run-01	10	1693.0	131.0	0	0.5451255440711975
sub-05	ses-01	run-01	11	131.0	1075.0	0	0.5466842651367188
sub-05	ses-01	run-01	12	1075.0	1068.0	0	0.5328875184059143
sub-05	ses-01	run-01	13	1068.0	582.0	0	0.5320210456848145
sub-05	ses-01	run-01	14	582.0	500.0	0	0.5420162081718445
sub-05	ses-01	run-01	15	500.0	265.0	0	0.5504760146141052
sub-05	ses-01	run-01	16	265.0	2024.0	0	0.5342710018157959
sub-05	ses-01	run-01	17	2024.0	349.0	0	0.5377194881439209
sub-05	ses-01	run-01	18	349.0	895.0	0	0.5499058365821838
sub-05	ses-01	run-01	19	895.0	636.0	0	0.5287918448448181
sub-05	ses-01	run-01	20	636.0	569.0	0	0.5128653645515442
sub-05	ses-01	run-01	21	569.0	846.0	0	0.5317315459251404
sub-05	ses-01	run-01	22	846.0	139.0	0	0.5925295352935791
sub-05	ses-01	run-01	23	139.0	1894.0	0	0.5939210653305054
sub-05	ses-01	run-01	24	1894.0	1286.0	0	0.5803864002227783
sub-05	ses-01	run-01	25	1286.0	46.0	0	0.5482825636863708
sub-05	ses-01	run-01	26	46.0	1601.0	0	0.5921106338500977
sub-05	ses-01	run-01	27	1601.0	229.0	0	0.6358577609062195
sub-05	ses-01	run-01	28	229.0	615.0	0	0.6063308119773865
sub-05	ses-01	run-01	29	615.0	1500.0	0	0.5654445886611938
sub-05	ses-01	run-01	30	1500.0	1267.0	0	0.5506425499916077
sub-05	ses-01	run-01	31	1267.0	921.0	0	0.5639253258705139
sub-05	ses-01	run-01	32	921.0	936.0	0	0.5763192176818848
sub-05	ses-01	run-01	33	936.0	546.0	0	0.5386282801628113
sub-05	ses-01	run-01	34	546.0	1405.0	0	0.5558925867080688
sub-05	ses-01	run-01	35	1405.0	2097.0	0	0.5415303111076355
sub-05	ses-01	run-01	36	2097.0	1917.0	0	0.5620290637016296
sub-05	ses-01	run-02	1	baseline	173.0	0	0.7655596137046814
sub-05	ses-01	run-02	2	173.0	687.0	0	0.5544289946556091
sub-05	ses-01	run-02	3	687.0	472.0	0	0.5388244390487671
sub-05	ses-01	run-02	4	472.0	400.0	0	0.5442522764205933
sub-05	ses-01	run-02	5	400.0	960.0	0	0.5400565266609192
sub-05	ses-01	run-02	6	960.0	386.0	0	0.538985013961792
sub-05	ses-01	run-02	7	386.0	904.0	0	0.5283991098403931
sub-05	ses-01	run-02	8	904.0	456.0	0	0.5526392459869385
sub-05	ses-01	run-02	9	456.0	352.0	0	0.5848851203918457
sub-05	ses-01	run-02	10	352.0	259.0	0	0.596177875995636
sub-05	ses-01	run-02	11	259.0	1897.0	0	0.5502009391784668
sub-05	ses-01	run-02	12	1897.0	732.0	0	0.6039472818374634
sub-05	ses-01	run-02	13	732.0	1668.0	0	0.5591555833816528
sub-05	ses-01	run-02	14	1668.0	805.0	0	0.5591334700584412
sub-05	ses-01	run-02	15	805.0	877.0	0	0.5670598149299622
sub-05	ses-01	run-02	16	877.0	1657.0	0	0.5489602088928223
sub-05	ses-01	run-02	17	1657.0	261.0	0	0.5539878010749817
sub-05	ses-01	run-02	18	261.0	416.0	0	0.5781928896903992
sub-05	ses-01	run-02	19	416.0	2177.0	0	0.5488160848617554
sub-05	ses-01	run-02	20	2177.0	1538.0	0	0.5480158925056458
sub-05	ses-01	run-02	21	1538.0	1837.0	0	0.567874014377594
sub-05	ses-01	run-02	22	1837.0	929.0	0	0.6268361210823059
sub-05	ses-01	run-02	23	929.0	1990.0	0	0.5825653672218323
sub-05	ses-01	run-02	24	1990.0	499.0	0	0.5786904096603394
sub-05	ses-01	run-02	25	499.0	2007.0	0	0.5331400036811829
sub-05	ses-01	run-02	26	2007.0	1356.0	0	0.5593785643577576
sub-05	ses-01	run-02	27	1356.0	219.0	0	0.5643284916877747
sub-05	ses-01	run-02	28	219.0	215.0	0	0.5484935641288757
sub-05	ses-01	run-02	29	215.0	953.0	0	0.571333646774292
sub-05	ses-01	run-02	30	953.0	1131.0	0	0.6063507199287415
sub-05	ses-01	run-02	31	1131.0	1505.0	0	0.5813467502593994
sub-05	ses-01	run-02	32	1505.0	1736.0	0	0.6026121377944946
sub-05	ses-01	run-02	33	1736.0	238.0	0	0.5894495844841003
sub-05	ses-01	run-02	34	238.0	1979.0	0	0.5633749961853027
sub-05	ses-01	run-02	35	1979.0	471.0	0	0.6163101196289062
sub-05	ses-01	run-02	36	471.0	1583.0	0	0.593056857585907
sub-05	ses-01	run-03	1	baseline	678.0	0	0.5867269039154053
sub-05	ses-01	run-03	2	678.0	402.0	0	0.569665789604187
sub-05	ses-01	run-03	3	402.0	507.0	0	0.5325382351875305
sub-05	ses-01	run-03	4	507.0	711.0	0	0.5168063640594482
sub-05	ses-01	run-03	5	711.0	1306.0	0	0.5303530693054199
sub-05	ses-01	run-03	6	1306.0	819.0	0	0.5718806385993958
sub-05	ses-01	run-03	7	819.0	1323.0	0	0.5447070598602295
sub-05	ses-01	run-03	8	1323.0	521.0	0	0.5935351252555847
sub-05	ses-01	run-03	9	521.0	369.0	0	0.5745673775672913
sub-05	ses-01	run-03	10	369.0	421.0	0	0.5091782212257385
sub-05	ses-01	run-03	11	421.0	1395.0	0	0.5518996715545654
sub-05	ses-01	run-03	12	1395.0	1258.0	0	0.5008935332298279
sub-05	ses-01	run-03	13	1258.0	1914.0	0	0.5195959210395813
sub-05	ses-01	run-03	14	1914.0	695.0	0	0.5384319424629211
sub-05	ses-01	run-03	15	695.0	617.0	0	0.5481202602386475
sub-05	ses-01	run-03	16	617.0	886.0	0	0.6023207306861877
sub-05	ses-01	run-03	17	886.0	2076.0	0	0.5589153170585632
sub-05	ses-01	run-03	18	2076.0	192.0	0	0.5601389408111572
sub-05	ses-01	run-03	19	192.0	970.0	0	0.7060999274253845
sub-05	ses-01	run-03	20	970.0	1899.0	0	0.5679880380630493
sub-05	ses-01	run-03	21	1899.0	495.0	0	0.5884559750556946
sub-05	ses-01	run-03	22	495.0	390.0	0	0.5707799196243286
sub-05	ses-01	run-03	23	390.0	1426.0	0	0.556479811668396
sub-05	ses-01	run-03	24	1426.0	393.0	0	0.5636236071586609
sub-05	ses-01	run-03	25	393.0	1211.0	0	0.5579127669334412
sub-05	ses-01	run-03	26	1211.0	1141.0	0	0.5727308392524719
sub-05	ses-01	run-03	27	1141.0	811.0	0	0.5440279841423035
sub-05	ses-01	run-03	28	811.0	2140.0	0	0.5470643639564514
sub-05	ses-01	run-03	29	2140.0	145.0	0	0.6451889872550964
sub-05	ses-01	run-03	30	145.0	208.0	0	0.5686713457107544
sub-05	ses-01	run-03	31	208.0	1723.0	0	0.6226276159286499
sub-05	ses-01	run-03	32	1723.0	2014.0	0	0.6287928819656372
sub-05	ses-01	run-03	33	2014.0	1270.0	0	0.6081308126449585
sub-05	ses-01	run-03	34	1270.0	1819.0	0	0.5901947021484375
sub-05	ses-01	run-03	35	1819.0	1911.0	0	0.5556371212005615
sub-05	ses-01	run-03	36	1911.0	157.0	0	0.5674217343330383
sub-05	ses-01	run-04	1	baseline	317.0	0	0.5384319424629211
sub-05	ses-01	run-04	2	317.0	1835.0	0	0.565242350101471
sub-05	ses-01	run-04	3	1835.0	1266.0	0	0.5335545539855957
sub-05	ses-01	run-04	4	1266.0	1390.0	0	0.4955473244190216
sub-05	ses-01	run-04	5	1390.0	95.0	0	0.5219854712486267
sub-05	ses-01	run-04	6	95.0	1847.0	0	0.504193127155304
sub-05	ses-01	run-04	7	1847.0	1731.0	0	0.5173553228378296
sub-05	ses-01	run-04	8	1731.0	1333.0	0	0.51272052526474
sub-05	ses-01	run-04	9	1333.0	1922.0	0	0.5056167840957642
sub-05	ses-01	run-04	10	1922.0	1912.0	0	0.517055869102478
sub-05	ses-01	run-04	11	1912.0	452.0	0	0.5309516191482544
sub-05	ses-01	run-04	12	452.0	2133.0	0	0.5207167267799377
sub-05	ses-01	run-04	13	2133.0	717.0	0	0.739416241645813
sub-05	ses-01	run-04	14	717.0	231.0	0	0.6429246664047241
sub-05	ses-01	run-04	15	231.0	1106.0	0	0.5510949492454529
sub-05	ses-01	run-04	16	1106.0	230.0	0	0.4795120656490326
sub-05	ses-01	run-04	17	230.0	119.0	0	0.4815816879272461
sub-05	ses-01	run-04	18	119.0	1276.0	0	0.49463626742362976
sub-05	ses-01	run-04	19	1276.0	200.0	0	0.5464838147163391
sub-05	ses-01	run-04	20	200.0	2135.0	0	0.5337916612625122
sub-05	ses-01	run-04	21	2135.0	311.0	0	0.506549060344696
sub-05	ses-01	run-04	22	311.0	1587.0	0	0.5193346738815308
sub-05	ses-01	run-04	23	1587.0	1245.0	0	0.8798606991767883
sub-05	ses-01	run-04	24	1245.0	1962.0	0	0.63631272315979
sub-05	ses-01	run-04	25	1962.0	780.0	0	0.6604174971580505
sub-05	ses-01	run-04	26	780.0	309.0	0	0.5806652903556824
sub-05	ses-01	run-04	27	309.0	1250.0	0	0.4851938486099243
sub-05	ses-01	run-04	28	1250.0	1455.0	0	0.4900956153869629
sub-05	ses-01	run-04	29	1455.0	1952.0	0	0.5311383605003357
sub-05	ses-01	run-04	30	1952.0	1557.0	0	0.5374952554702759
sub-05	ses-01	run-04	31	1557.0	1507.0	0	0.517391562461853
sub-05	ses-01	run-04	32	1507.0	1580.0	0	0.5354419946670532
sub-05	ses-01	run-04	33	1580.0	2108.0	0	0.5010652542114258
sub-05	ses-01	run-04	34	2108.0	1302.0	0	0.5067645311355591
sub-05	ses-01	run-04	35	1302.0	338.0	0	0.5344127416610718
sub-05	ses-01	run-04	36	338.0	1710.0	0	0.5161960124969482
sub-05	ses-01	run-05	1	baseline	1383.0	0	0.6270755529403687
sub-05	ses-01	run-05	2	1383.0	83.0	0	0.5368584394454956
sub-05	ses-01	run-05	3	83.0	1968.0	0	0.5508692860603333
sub-05	ses-01	run-05	4	1968.0	218.0	0	0.5437575578689575
sub-05	ses-01	run-05	5	218.0	2191.0	0	0.5491200089454651
sub-05	ses-01	run-05	6	2191.0	1077.0	0	0.564250648021698
sub-05	ses-01	run-05	7	1077.0	1520.0	0	0.5441427826881409
sub-05	ses-01	run-05	8	1520.0	1070.0	0	0.530367374420166
sub-05	ses-01	run-05	9	1070.0	1166.0	0	0.5427170395851135
sub-05	ses-01	run-05	10	1166.0	1424.0	0	0.5715320110321045
sub-05	ses-01	run-05	11	1424.0	1389.0	0	0.5123200416564941
sub-05	ses-01	run-05	12	1389.0	1829.0	0	0.49784722924232483
sub-05	ses-01	run-05	13	1829.0	2043.0	0	0.5716331005096436
sub-05	ses-01	run-05	14	2043.0	751.0	0	0.5748536586761475
sub-05	ses-01	run-05	15	751.0	1566.0	0	0.5491496324539185
sub-05	ses-01	run-05	16	1566.0	345.0	0	0.5576851963996887
sub-05	ses-01	run-05	17	345.0	595.0	0	0.5258382558822632
sub-05	ses-01	run-05	18	595.0	1771.0	0	0.5405298471450806
sub-05	ses-01	run-05	19	1771.0	2167.0	0	0.5012919306755066
sub-05	ses-01	run-05	20	2167.0	988.0	0	0.5339153409004211
sub-05	ses-01	run-05	21	988.0	419.0	0	0.5738203525543213
sub-05	ses-01	run-05	22	419.0	170.0	0	0.5391573309898376
sub-05	ses-01	run-05	23	170.0	762.0	0	0.5888346433639526
sub-05	ses-01	run-05	24	762.0	1995.0	0	0.5941621661186218
sub-05	ses-01	run-05	25	1995.0	2168.0	0	0.6251511573791504
sub-05	ses-01	run-05	26	2168.0	1810.0	0	0.6389227509498596
sub-05	ses-01	run-05	27	1810.0	299.0	0	0.5214345455169678
sub-05	ses-01	run-05	28	299.0	1823.0	0	0.6617844700813293
sub-05	ses-01	run-05	29	1823.0	17.0	0	0.5797662138938904
sub-05	ses-01	run-05	30	17.0	36.0	0	0.559251070022583
sub-05	ses-01	run-05	31	36.0	487.0	0	0.5569584965705872
sub-05	ses-01	run-05	32	487.0	536.0	0	0.5435760021209717
sub-05	ses-01	run-05	33	536.0	910.0	0	0.5289243459701538
sub-05	ses-01	run-05	34	910.0	1464.0	0	0.532973051071167
sub-05	ses-01	run-05	35	1464.0	1073.0	0	0.5461167693138123
sub-05	ses-01	run-05	36	1073.0	485.0	0	0.5516126155853271
sub-05	ses-01	run-06	1	baseline	934.0	0	0.5401344299316406
sub-05	ses-01	run-06	2	934.0	1780.0	0	0.5063725113868713
sub-05	ses-01	run-06	3	1780.0	1160.0	0	0.5162774324417114
sub-05	ses-01	run-06	4	1160.0	1597.0	0	0.48835259675979614
sub-05	ses-01	run-06	5	1597.0	1954.0	0	0.4941694140434265
sub-05	ses-01	run-06	6	1954.0	596.0	0	0.4851900339126587
sub-05	ses-01	run-06	7	596.0	1462.0	0	0.48481234908103943
sub-05	ses-01	run-06	8	1462.0	779.0	0	0.5010961294174194
sub-05	ses-01	run-06	9	779.0	356.0	0	0.5116303563117981
sub-05	ses-01	run-06	10	356.0	1319.0	0	0.5338634252548218
sub-05	ses-01	run-06	11	1319.0	922.0	0	0.5344261527061462
sub-05	ses-01	run-06	12	922.0	2171.0	0	0.48089146614074707
sub-05	ses-01	run-06	13	2171.0	955.0	0	0.5311217904090881
sub-05	ses-01	run-06	14	955.0	479.0	0	0.5034473538398743
sub-05	ses-01	run-06	15	479.0	1385.0	0	0.5330691933631897
sub-05	ses-01	run-06	16	1385.0	511.0	0	0.5720611810684204
sub-05	ses-01	run-06	17	511.0	2034.0	0	0.5021111965179443
sub-05	ses-01	run-06	18	2034.0	449.0	0	0.5180371999740601
sub-05	ses-01	run-06	19	449.0	664.0	0	0.5745007991790771
sub-05	ses-01	run-06	20	664.0	1129.0	0	0.5507407784461975
sub-05	ses-01	run-06	21	1129.0	1858.0	0	0.516741931438446
sub-05	ses-01	run-06	22	1858.0	1856.0	0	0.5060383081436157
sub-05	ses-01	run-06	23	1856.0	833.0	0	0.5626727938652039
sub-05	ses-01	run-06	24	833.0	1140.0	0	0.5201324820518494
sub-05	ses-01	run-06	25	1140.0	783.0	0	0.49776071310043335
sub-05	ses-01	run-06	26	783.0	1179.0	0	0.5044010877609253
sub-05	ses-01	run-06	27	1179.0	1887.0	0	0.5400833487510681
sub-05	ses-01	run-06	28	1887.0	2003.0	0	0.5338222980499268
sub-05	ses-01	run-06	29	2003.0	96.0	0	0.5673044323921204
sub-05	ses-01	run-06	30	96.0	58.0	0	0.5286553502082825
sub-05	ses-01	run-06	31	58.0	86.0	0	0.5357389450073242
sub-05	ses-01	run-06	32	86.0	176.0	0	0.4832513630390167
sub-05	ses-01	run-06	33	176.0	211.0	0	0.531036376953125
sub-05	ses-01	run-06	34	211.0	1349.0	0	0.5659146904945374
sub-05	ses-01	run-06	35	1349.0	2189.0	0	0.5637342929840088
sub-05	ses-01	run-06	36	2189.0	686.0	0	0.5371264815330505
sub-05	ses-01	run-07	1	baseline	1663.0	0	0.49619194865226746
sub-05	ses-01	run-07	2	1663.0	900.0	0	0.4906785786151886
sub-05	ses-01	run-07	3	900.0	2186.0	0	0.5285173058509827
sub-05	ses-01	run-07	4	2186.0	572.0	0	0.5360466241836548
sub-05	ses-01	run-07	5	572.0	1747.0	0	0.4802195131778717
sub-05	ses-01	run-07	6	1747.0	715.0	0	0.5014851093292236
sub-05	ses-01	run-07	7	715.0	453.0	0	0.5240353941917419
sub-05	ses-01	run-07	8	453.0	835.0	0	0.5034080147743225
sub-05	ses-01	run-07	9	835.0	146.0	0	0.5702603459358215
sub-05	ses-01	run-07	10	146.0	1324.0	0	0.5004414916038513
sub-05	ses-01	run-07	11	1324.0	826.0	0	0.5490930080413818
sub-05	ses-01	run-07	12	826.0	2145.0	0	0.4739016890525818
sub-05	ses-01	run-07	13	2145.0	389.0	0	0.47608572244644165
sub-05	ses-01	run-07	14	389.0	1011.0	0	0.5103835463523865
sub-05	ses-01	run-07	15	1011.0	185.0	0	0.4759373962879181
sub-05	ses-01	run-07	16	185.0	716.0	0	0.4993155896663666
sub-05	ses-01	run-07	17	716.0	347.0	0	0.5111342072486877
sub-05	ses-01	run-07	18	347.0	1757.0	0	0.48370781540870667
sub-05	ses-01	run-07	19	1757.0	1078.0	0	0.48783233761787415
sub-05	ses-01	run-07	20	1078.0	64.0	0	0.5871649384498596
sub-05	ses-01	run-07	21	64.0	1144.0	0	0.7731133699417114
sub-05	ses-01	run-07	22	1144.0	828.0	0	0.7037999629974365
sub-05	ses-01	run-07	23	828.0	1929.0	0	0.5405573844909668
sub-05	ses-01	run-07	24	1929.0	2002.0	0	0.6430972814559937
sub-05	ses-01	run-07	25	2002.0	1616.0	0	0.823926568031311
sub-05	ses-01	run-07	26	1616.0	1097.0	0	0.7309955954551697
sub-05	ses-01	run-07	27	1097.0	1014.0	0	0.5377117991447449
sub-05	ses-01	run-07	28	1014.0	286.0	0	0.5085850358009338
sub-05	ses-01	run-07	29	286.0	41.0	0	0.5181158781051636
sub-05	ses-01	run-07	30	41.0	1327.0	0	0.48299819231033325
sub-05	ses-01	run-07	31	1327.0	276.0	0	0.46896442770957947
sub-05	ses-01	run-07	32	276.0	989.0	0	0.4682212769985199
sub-05	ses-01	run-07	33	989.0	932.0	0	0.4653388559818268
sub-05	ses-01	run-07	34	932.0	151.0	0	0.5389045476913452
sub-05	ses-01	run-07	35	151.0	1387.0	0	0.4905255436897278
sub-05	ses-01	run-07	36	1387.0	66.0	0	0.49624818563461304
sub-05	ses-01	run-08	1	baseline	694.0	0	0.7129421830177307
sub-05	ses-01	run-08	2	694.0	1274.0	0	0.6444363594055176
sub-05	ses-01	run-08	3	1274.0	1919.0	0	0.5364497303962708
sub-05	ses-01	run-08	4	1919.0	746.0	0	0.5379565358161926
sub-05	ses-01	run-08	5	746.0	1444.0	0	0.5731751322746277
sub-05	ses-01	run-08	6	1444.0	584.0	0	0.5056092739105225
sub-05	ses-01	run-08	7	584.0	1558.0	0	0.5822112560272217
sub-05	ses-01	run-08	8	1558.0	1402.0	0	0.6233662962913513
sub-05	ses-01	run-08	9	1402.0	1433.0	0	0.5454971790313721
sub-05	ses-01	run-08	10	1433.0	1763.0	0	0.5406402945518494
sub-05	ses-01	run-08	11	1763.0	570.0	0	0.5568155646324158
sub-05	ses-01	run-08	12	570.0	34.0	0	0.5654472708702087
sub-05	ses-01	run-08	13	34.0	578.0	0	0.7458289265632629
sub-05	ses-01	run-08	14	578.0	1287.0	0	0.592456579208374
sub-05	ses-01	run-08	15	1287.0	2082.0	0	0.5174329280853271
sub-05	ses-01	run-08	16	2082.0	1772.0	0	0.5112498998641968
sub-05	ses-01	run-08	17	1772.0	1150.0	0	0.5281044244766235
sub-05	ses-01	run-08	18	1150.0	61.0	0	0.560318112373352
sub-05	ses-01	run-08	19	61.0	1469.0	0	0.54311203956604
sub-05	ses-01	run-08	20	1469.0	1164.0	0	0.5034443140029907
sub-05	ses-01	run-08	21	1164.0	580.0	0	0.5212262272834778
sub-05	ses-01	run-08	22	580.0	1098.0	0	0.5207385420799255
sub-05	ses-01	run-08	23	1098.0	794.0	0	0.5300915241241455
sub-05	ses-01	run-08	24	794.0	398.0	0	0.5357975363731384
sub-05	ses-01	run-08	25	398.0	467.0	0	0.5144646167755127
sub-05	ses-01	run-08	26	467.0	433.0	0	0.5277644991874695
sub-05	ses-01	run-08	27	433.0	852.0	0	0.5599309802055359
sub-05	ses-01	run-08	28	852.0	2086.0	0	0.5727564692497253
sub-05	ses-01	run-08	29	2086.0	1305.0	0	0.549333930015564
sub-05	ses-01	run-08	30	1305.0	1660.0	0	0.5646200776100159
sub-05	ses-01	run-08	31	1660.0	2139.0	0	0.5490080118179321
sub-05	ses-01	run-08	32	2139.0	244.0	0	0.5753602981567383
sub-05	ses-01	run-08	33	244.0	1706.0	0	0.5700512528419495
sub-05	ses-01	run-08	34	1706.0	1126.0	0	0.5913590788841248
sub-05	ses-01	run-08	35	1126.0	1342.0	0	0.5669630765914917
sub-05	ses-01	run-08	36	1342.0	1121.0	0	0.5865086913108826
sub-05	ses-02	run-01	1	baseline	2110.0	0	0.5865990519523621
sub-05	ses-02	run-01	2	2110.0	1850.0	0	0.5664909482002258
sub-05	ses-02	run-01	3	1850.0	1564.0	0	0.5446792244911194
sub-05	ses-02	run-01	4	1564.0	14.0	0	0.5577457547187805
sub-05	ses-02	run-01	5	14.0	609.0	0	0.5603810548782349
sub-05	ses-02	run-01	6	609.0	668.0	0	0.5791918039321899
sub-05	ses-02	run-01	7	668.0	1499.0	0	0.5720243453979492
sub-05	ses-02	run-01	8	1499.0	1153.0	0	0.5668060779571533
sub-05	ses-02	run-01	9	1153.0	1368.0	0	0.5864354372024536
sub-05	ses-02	run-01	10	1368.0	1831.0	0	0.5226458311080933
sub-05	ses-02	run-01	11	1831.0	121.0	0	0.5434256792068481
sub-05	ses-02	run-01	12	121.0	2022.0	0	0.5680153965950012
sub-05	ses-02	run-01	13	2022.0	1171.0	0	0.5225920081138611
sub-05	ses-02	run-01	14	1171.0	1556.0	0	0.5651718974113464
sub-05	ses-02	run-01	15	1556.0	673.0	0	0.5777381658554077
sub-05	ses-02	run-01	16	673.0	1948.0	0	0.5702776312828064
sub-05	ses-02	run-01	17	1948.0	2156.0	0	0.5720562934875488
sub-05	ses-02	run-01	18	2156.0	1501.0	0	0.5821810364723206
sub-05	ses-02	run-01	19	1501.0	857.0	0	0.5654204487800598
sub-05	ses-02	run-01	20	857.0	1263.0	0	0.5311046242713928
sub-05	ses-02	run-01	21	1263.0	730.0	0	0.5809841156005859
sub-05	ses-02	run-01	22	730.0	995.0	0	0.5634123682975769
sub-05	ses-02	run-01	23	995.0	1918.0	0	0.5710862874984741
sub-05	ses-02	run-01	24	1918.0	1418.0	0	0.5698183178901672
sub-05	ses-02	run-01	25	1418.0	277.0	0	0.585589587688446
sub-05	ses-02	run-01	26	277.0	1898.0	0	0.5894546508789062
sub-05	ses-02	run-01	27	1898.0	1021.0	0	0.5833173394203186
sub-05	ses-02	run-01	28	1021.0	1974.0	0	0.5460898876190186
sub-05	ses-02	run-01	29	1974.0	1352.0	0	0.5441665053367615
sub-05	ses-02	run-01	30	1352.0	2074.0	0	0.5598700046539307
sub-05	ses-02	run-01	31	2074.0	1309.0	0	0.5518458485603333
sub-05	ses-02	run-01	32	1309.0	1115.0	0	0.5649787783622742
sub-05	ses-02	run-01	33	1115.0	365.0	0	0.5903591513633728
sub-05	ses-02	run-01	34	365.0	747.0	0	0.5698508620262146
sub-05	ses-02	run-01	35	747.0	652.0	0	0.5909181237220764
sub-05	ses-02	run-01	36	652.0	928.0	0	0.6334554553031921
sub-05	ses-02	run-02	1	baseline	2062.0	0	0.582575261592865
sub-05	ses-02	run-02	2	2062.0	1000.0	0	0.5638818144798279
sub-05	ses-02	run-02	3	1000.0	2114.0	0	0.5602194666862488
sub-05	ses-02	run-02	4	2114.0	353.0	0	0.5483170747756958
sub-05	ses-02	run-02	5	353.0	1726.0	0	0.49245548248291016
sub-05	ses-02	run-02	6	1726.0	1353.0	0	0.5739099979400635
sub-05	ses-02	run-02	7	1353.0	186.0	0	0.6178621649742126
sub-05	ses-02	run-02	8	186.0	24.0	0	0.5316508412361145
sub-05	ses-02	run-02	9	24.0	1059.0	0	0.540485143661499
sub-05	ses-02	run-02	10	1059.0	859.0	0	0.5066384673118591
sub-05	ses-02	run-02	11	859.0	1861.0	0	0.5342395901679993
sub-05	ses-02	run-02	12	1861.0	408.0	0	0.505830705165863
sub-05	ses-02	run-02	13	408.0	1573.0	0	0.5273077487945557
sub-05	ses-02	run-02	14	1573.0	1145.0	0	0.537004828453064
sub-05	ses-02	run-02	15	1145.0	129.0	0	0.525917112827301
sub-05	ses-02	run-02	16	129.0	836.0	0	0.5768376588821411
sub-05	ses-02	run-02	17	836.0	344.0	0	0.5209143161773682
sub-05	ses-02	run-02	18	344.0	1374.0	0	0.532597005367279
sub-05	ses-02	run-02	19	1374.0	1937.0	0	0.5193291306495667
sub-05	ses-02	run-02	20	1937.0	1792.0	0	0.6139222383499146
sub-05	ses-02	run-02	21	1792.0	1372.0	0	0.5107102394104004
sub-05	ses-02	run-02	22	1372.0	865.0	0	0.5050036907196045
sub-05	ses-02	run-02	23	865.0	368.0	0	0.5480303764343262
sub-05	ses-02	run-02	24	368.0	109.0	0	0.5623546242713928
sub-05	ses-02	run-02	25	109.0	251.0	0	0.5117963552474976
sub-05	ses-02	run-02	26	251.0	242.0	0	0.5485753417015076
sub-05	ses-02	run-02	27	242.0	714.0	0	0.5353397130966187
sub-05	ses-02	run-02	28	714.0	1988.0	0	0.5474416613578796
sub-05	ses-02	run-02	29	1988.0	1875.0	0	0.5515664219856262
sub-05	ses-02	run-02	30	1875.0	497.0	0	0.5533510446548462
sub-05	ses-02	run-02	31	497.0	30.0	0	0.49804791808128357
sub-05	ses-02	run-02	32	30.0	2020.0	0	0.5372880697250366
sub-05	ses-02	run-02	33	2020.0	76.0	0	0.5236625075340271
sub-05	ses-02	run-02	34	76.0	1756.0	0	0.5541326403617859
sub-05	ses-02	run-02	35	1756.0	1664.0	0	0.522190511226654
sub-05	ses-02	run-02	36	1664.0	1022.0	0	0.5469120144844055
sub-05	ses-02	run-03	1	baseline	318.0	0	0.6345542669296265
sub-05	ses-02	run-03	2	318.0	195.0	0	0.5881423354148865
sub-05	ses-02	run-03	3	195.0	801.0	0	0.5628626346588135
sub-05	ses-02	run-03	4	801.0	319.0	0	0.556468665599823
sub-05	ses-02	run-03	5	319.0	113.0	0	0.5357198715209961
sub-05	ses-02	run-03	6	113.0	243.0	0	0.5487909317016602
sub-05	ses-02	run-03	7	243.0	975.0	0	0.554283618927002
sub-05	ses-02	run-03	8	975.0	1437.0	0	0.5562521815299988
sub-05	ses-02	run-03	9	1437.0	1243.0	0	0.5315068364143372
sub-05	ses-02	run-03	10	1243.0	766.0	0	0.5769318342208862
sub-05	ses-02	run-03	11	766.0	888.0	0	0.5458860397338867
sub-05	ses-02	run-03	12	888.0	1120.0	0	0.5329761505126953
sub-05	ses-02	run-03	13	1120.0	947.0	0	0.5461525321006775
sub-05	ses-02	run-03	14	947.0	1056.0	0	0.5932937264442444
sub-05	ses-02	run-03	15	1056.0	1083.0	0	0.6004714369773865
sub-05	ses-02	run-03	16	1083.0	1613.0	0	0.5655739307403564
sub-05	ses-02	run-03	17	1613.0	1091.0	0	0.6515215635299683
sub-05	ses-02	run-03	18	1091.0	1259.0	0	0.5401152968406677
sub-05	ses-02	run-03	19	1259.0	654.0	0	0.573081374168396
sub-05	ses-02	run-03	20	654.0	1809.0	0	0.4919741451740265
sub-05	ses-02	run-03	21	1809.0	1512.0	0	0.525117814540863
sub-05	ses-02	run-03	22	1512.0	1185.0	0	0.5362899303436279
sub-05	ses-02	run-03	23	1185.0	1292.0	0	0.5077539086341858
sub-05	ses-02	run-03	24	1292.0	1336.0	0	0.54291170835495
sub-05	ses-02	run-03	25	1336.0	1490.0	0	0.5444513559341431
sub-05	ses-02	run-03	26	1490.0	1330.0	0	0.5336002111434937
sub-05	ses-02	run-03	27	1330.0	494.0	0	0.5264971852302551
sub-05	ses-02	run-03	28	494.0	1665.0	0	0.5210068225860596
sub-05	ses-02	run-03	29	1665.0	1778.0	0	0.5277735590934753
sub-05	ses-02	run-03	30	1778.0	1815.0	0	0.5595836043357849
sub-05	ses-02	run-03	31	1815.0	1019.0	0	0.5153598785400391
sub-05	ses-02	run-03	32	1019.0	359.0	0	0.5318797826766968
sub-05	ses-02	run-03	33	359.0	825.0	0	0.5305653214454651
sub-05	ses-02	run-03	34	825.0	647.0	0	0.6565510630607605
sub-05	ses-02	run-03	35	647.0	1004.0	0	0.5277791023254395
sub-05	ses-02	run-03	36	1004.0	1373.0	0	0.5901380181312561
sub-05	ses-02	run-04	1	baseline	2068.0	0	0.5423551201820374
sub-05	ses-02	run-04	2	2068.0	435.0	0	0.5421566367149353
sub-05	ses-02	run-04	3	435.0	1057.0	0	0.5755296945571899
sub-05	ses-02	run-04	4	1057.0	1777.0	0	0.541249692440033
sub-05	ses-02	run-04	5	1777.0	1907.0	0	0.5283762216567993
sub-05	ses-02	run-04	6	1907.0	981.0	0	0.5458977818489075
sub-05	ses-02	run-04	7	981.0	1741.0	0	0.5440090894699097
sub-05	ses-02	run-04	8	1741.0	1025.0	0	0.5274975299835205
sub-05	ses-02	run-04	9	1025.0	1135.0	0	0.5124295949935913
sub-05	ses-02	run-04	10	1135.0	729.0	0	0.5334838032722473
sub-05	ses-02	run-04	11	729.0	882.0	0	0.6239885687828064
sub-05	ses-02	run-04	12	882.0	1026.0	0	0.5819457173347473
sub-05	ses-02	run-04	13	1026.0	1502.0	0	0.5396920442581177
sub-05	ses-02	run-04	14	1502.0	2119.0	0	0.5415275692939758
sub-05	ses-02	run-04	15	2119.0	1148.0	0	0.5221757292747498
sub-05	ses-02	run-04	16	1148.0	234.0	0	0.5330572128295898
sub-05	ses-02	run-04	17	234.0	1802.0	0	0.5377223491668701
sub-05	ses-02	run-04	18	1802.0	1997.0	0	0.5238053798675537
sub-05	ses-02	run-04	19	1997.0	1534.0	0	0.5679343342781067
sub-05	ses-02	run-04	20	1534.0	324.0	0	0.624937891960144
sub-05	ses-02	run-04	21	324.0	1531.0	0	0.571927547454834
sub-05	ses-02	run-04	22	1531.0	554.0	0	0.5099037289619446
sub-05	ses-02	run-04	23	554.0	1540.0	0	0.5005307793617249
sub-05	ses-02	run-04	24	1540.0	144.0	0	0.5046103596687317
sub-05	ses-02	run-04	25	144.0	697.0	0	0.5627644658088684
sub-05	ses-02	run-04	26	697.0	1237.0	0	0.5464845299720764
sub-05	ses-02	run-04	27	1237.0	202.0	0	0.5633564591407776
sub-05	ses-02	run-04	28	202.0	1071.0	0	0.5671641230583191
sub-05	ses-02	run-04	29	1071.0	952.0	0	0.5479859113693237
sub-05	ses-02	run-04	30	952.0	1009.0	0	0.5793089866638184
sub-05	ses-02	run-04	31	1009.0	703.0	0	0.5583301782608032
sub-05	ses-02	run-04	32	703.0	2147.0	0	0.6000352501869202
sub-05	ses-02	run-04	33	2147.0	1965.0	0	0.5359135866165161
sub-05	ses-02	run-04	34	1965.0	1828.0	0	0.5289825201034546
sub-05	ses-02	run-04	35	1828.0	2084.0	0	0.6101561188697815
sub-05	ses-02	run-04	36	2084.0	764.0	0	0.5800482630729675
sub-05	ses-02	run-05	1	baseline	2166.0	0	0.583607017993927
sub-05	ses-02	run-05	2	2166.0	1449.0	0	0.5489504337310791
sub-05	ses-02	run-05	3	1449.0	2036.0	0	0.5672441124916077
sub-05	ses-02	run-05	4	2036.0	1932.0	0	0.5496031045913696
sub-05	ses-02	run-05	5	1932.0	937.0	0	0.5531465411186218
sub-05	ses-02	run-05	6	937.0	792.0	0	0.5799983143806458
sub-05	ses-02	run-05	7	792.0	290.0	0	0.5528579354286194
sub-05	ses-02	run-05	8	290.0	1800.0	0	0.5286118388175964
sub-05	ses-02	run-05	9	1800.0	1194.0	0	0.6088135242462158
sub-05	ses-02	run-05	10	1194.0	50.0	0	0.5931679010391235
sub-05	ses-02	run-05	11	50.0	1575.0	0	0.5154067873954773
sub-05	ses-02	run-05	12	1575.0	1467.0	0	0.5323569178581238
sub-05	ses-02	run-05	13	1467.0	774.0	0	0.5325335264205933
sub-05	ses-02	run-05	14	774.0	1976.0	0	0.5400763154029846
sub-05	ses-02	run-05	15	1976.0	488.0	0	0.5228680372238159
sub-05	ses-02	run-05	16	488.0	1161.0	0	0.5663890838623047
sub-05	ses-02	run-05	17	1161.0	531.0	0	0.522262454032898
sub-05	ses-02	run-05	18	531.0	688.0	0	0.5309848785400391
sub-05	ses-02	run-05	19	688.0	212.0	0	0.5130234360694885
sub-05	ses-02	run-05	20	212.0	1216.0	0	0.5754492878913879
sub-05	ses-02	run-05	21	1216.0	37.0	0	0.5544463396072388
sub-05	ses-02	run-05	22	37.0	939.0	0	0.5627226233482361
sub-05	ses-02	run-05	23	939.0	2056.0	0	0.5260475873947144
sub-05	ses-02	run-05	24	2056.0	1970.0	0	0.5393983125686646
sub-05	ses-02	run-05	25	1970.0	847.0	0	0.5360956788063049
sub-05	ses-02	run-05	26	847.0	1134.0	0	0.5585451722145081
sub-05	ses-02	run-05	27	1134.0	743.0	0	0.583619236946106
sub-05	ses-02	run-05	28	743.0	759.0	0	0.5423561334609985
sub-05	ses-02	run-05	29	759.0	142.0	0	0.5983547568321228
sub-05	ses-02	run-05	30	142.0	624.0	0	0.5505704283714294
sub-05	ses-02	run-05	31	624.0	2059.0	0	0.526562511920929
sub-05	ses-02	run-05	32	2059.0	1642.0	0	0.578856348991394
sub-05	ses-02	run-05	33	1642.0	2184.0	0	0.5328602194786072
sub-05	ses-02	run-05	34	2184.0	640.0	0	0.5432226657867432
sub-05	ses-02	run-05	35	640.0	1132.0	0	0.5577095746994019
sub-05	ses-02	run-05	36	1132.0	1865.0	0	0.6048170924186707
sub-05	ses-02	run-06	1	baseline	564.0	0	0.5319222211837769
sub-05	ses-02	run-06	2	564.0	381.0	0	0.5076013207435608
sub-05	ses-02	run-06	3	381.0	562.0	0	0.5638837218284607
sub-05	ses-02	run-06	4	562.0	1874.0	0	0.5144836902618408
sub-05	ses-02	run-06	5	1874.0	750.0	0	0.5183292627334595
sub-05	ses-02	run-06	6	750.0	1841.0	0	0.5161325335502625
sub-05	ses-02	run-06	7	1841.0	460.0	0	0.5220019817352295
sub-05	ses-02	run-06	8	460.0	1220.0	0	0.489994078874588
sub-05	ses-02	run-06	9	1220.0	1242.0	0	0.5167980194091797
sub-05	ses-02	run-06	10	1242.0	320.0	0	0.6134694218635559
sub-05	ses-02	run-06	11	320.0	2010.0	0	0.5064243674278259
sub-05	ses-02	run-06	12	2010.0	2091.0	0	0.501934289932251
sub-05	ses-02	run-06	13	2091.0	1308.0	0	0.5542839765548706
sub-05	ses-02	run-06	14	1308.0	310.0	0	0.5445603132247925
sub-05	ses-02	run-06	15	310.0	2130.0	0	0.5065516233444214
sub-05	ses-02	run-06	16	2130.0	42.0	0	0.49174264073371887
sub-05	ses-02	run-06	17	42.0	1826.0	0	0.5259183645248413
sub-05	ses-02	run-06	18	1826.0	1537.0	0	0.5280413031578064
sub-05	ses-02	run-06	19	1537.0	149.0	0	0.545927882194519
sub-05	ses-02	run-06	20	149.0	1720.0	0	0.5168708562850952
sub-05	ses-02	run-06	21	1720.0	1610.0	0	0.5252082943916321
sub-05	ses-02	run-06	22	1610.0	94.0	0	0.5097649097442627
sub-05	ses-02	run-06	23	94.0	1036.0	0	0.5903747081756592
sub-05	ses-02	run-06	24	1036.0	3.0	0	0.5042366981506348
sub-05	ses-02	run-06	25	3.0	477.0	0	0.4856456518173218
sub-05	ses-02	run-06	26	477.0	957.0	0	0.4876094460487366
sub-05	ses-02	run-06	27	957.0	586.0	0	0.4912022650241852
sub-05	ses-02	run-06	28	586.0	1816.0	0	0.5594754219055176
sub-05	ses-02	run-06	29	1816.0	412.0	0	0.6437270641326904
sub-05	ses-02	run-06	30	412.0	1428.0	0	0.5213496685028076
sub-05	ses-02	run-06	31	1428.0	1717.0	0	0.5360883474349976
sub-05	ses-02	run-06	32	1717.0	637.0	0	0.5477776527404785
sub-05	ses-02	run-06	33	637.0	127.0	0	0.6068484783172607
sub-05	ses-02	run-06	34	127.0	1788.0	0	0.5083189010620117
sub-05	ses-02	run-06	35	1788.0	685.0	0	0.5628299117088318
sub-05	ses-02	run-06	36	685.0	232.0	0	0.5312014222145081
sub-05	ses-02	run-07	1	baseline	1719.0	0	0.5739985704421997
sub-05	ses-02	run-07	2	1719.0	67.0	0	0.5600571036338806
sub-05	ses-02	run-07	3	67.0	1964.0	0	0.546095609664917
sub-05	ses-02	run-07	4	1964.0	1230.0	0	0.5954749584197998
sub-05	ses-02	run-07	5	1230.0	1585.0	0	0.5663703083992004
sub-05	ses-02	run-07	6	1585.0	55.0	0	0.5566425323486328
sub-05	ses-02	run-07	7	55.0	1527.0	0	0.5503427386283875
sub-05	ses-02	run-07	8	1527.0	1915.0	0	0.5424871444702148
sub-05	ses-02	run-07	9	1915.0	1504.0	0	0.6544893980026245
sub-05	ses-02	run-07	10	1504.0	1377.0	0	0.6376332640647888
sub-05	ses-02	run-07	11	1377.0	196.0	0	0.550002932548523
sub-05	ses-02	run-07	12	196.0	236.0	0	0.5390270352363586
sub-05	ses-02	run-07	13	236.0	917.0	0	0.5202254056930542
sub-05	ses-02	run-07	14	917.0	1487.0	0	0.51728355884552
sub-05	ses-02	run-07	15	1487.0	241.0	0	0.5256190896034241
sub-05	ses-02	run-07	16	241.0	1981.0	0	0.5196532011032104
sub-05	ses-02	run-07	17	1981.0	505.0	0	0.5011698007583618
sub-05	ses-02	run-07	18	505.0	823.0	0	0.5135291814804077
sub-05	ses-02	run-07	19	823.0	777.0	0	0.5380580425262451
sub-05	ses-02	run-07	20	777.0	506.0	0	0.5330598950386047
sub-05	ses-02	run-07	21	506.0	1517.0	0	0.5238012075424194
sub-05	ses-02	run-07	22	1517.0	1993.0	0	0.5203760862350464
sub-05	ses-02	run-07	23	1993.0	976.0	0	0.5424226522445679
sub-05	ses-02	run-07	24	976.0	620.0	0	0.5369587540626526
sub-05	ses-02	run-07	25	620.0	93.0	0	0.5546656250953674
sub-05	ses-02	run-07	26	93.0	559.0	0	0.5294950604438782
sub-05	ses-02	run-07	27	559.0	1013.0	0	0.6622918248176575
sub-05	ses-02	run-07	28	1013.0	1165.0	0	0.5610290169715881
sub-05	ses-02	run-07	29	1165.0	181.0	0	0.5485682487487793
sub-05	ses-02	run-07	30	181.0	490.0	0	0.5188397765159607
sub-05	ses-02	run-07	31	490.0	982.0	0	0.5242581963539124
sub-05	ses-02	run-07	32	982.0	945.0	0	0.5623623132705688
sub-05	ses-02	run-07	33	945.0	556.0	0	0.5224103927612305
sub-05	ses-02	run-07	34	556.0	2037.0	0	0.49526405334472656
sub-05	ses-02	run-07	35	2037.0	905.0	0	0.5315791964530945
sub-05	ses-02	run-07	36	905.0	2054.0	0	0.542769730091095
sub-05	ses-02	run-08	1	baseline	1811.0	0	0.571329653263092
sub-05	ses-02	run-08	2	1811.0	1411.0	0	0.5743270516395569
sub-05	ses-02	run-08	3	1411.0	1215.0	0	0.5724248290061951
sub-05	ses-02	run-08	4	1215.0	623.0	0	0.5871440172195435
sub-05	ses-02	run-08	5	623.0	684.0	0	0.5362451076507568
sub-05	ses-02	run-08	6	684.0	720.0	0	0.5736297369003296
sub-05	ses-02	run-08	7	720.0	224.0	0	0.5247522592544556
sub-05	ses-02	run-08	8	224.0	1421.0	0	0.5242846012115479
sub-05	ses-02	run-08	9	1421.0	2080.0	0	0.5306618809700012
sub-05	ses-02	run-08	10	2080.0	868.0	0	0.5204576253890991
sub-05	ses-02	run-08	11	868.0	1879.0	0	0.5313470363616943
sub-05	ses-02	run-08	12	1879.0	1222.0	0	0.5499095916748047
sub-05	ses-02	run-08	13	1222.0	1870.0	0	0.49143126606941223
sub-05	ses-02	run-08	14	1870.0	1889.0	0	0.5974055528640747
sub-05	ses-02	run-08	15	1889.0	574.0	0	0.5330410599708557
sub-05	ses-02	run-08	16	574.0	912.0	0	0.5343018174171448
sub-05	ses-02	run-08	17	912.0	1412.0	0	0.4975869059562683
sub-05	ses-02	run-08	18	1412.0	2089.0	0	0.6816512942314148
sub-05	ses-02	run-08	19	2089.0	110.0	0	0.5971911549568176
sub-05	ses-02	run-08	20	110.0	282.0	0	0.5705374479293823
sub-05	ses-02	run-08	21	282.0	1256.0	0	0.5248784422874451
sub-05	ses-02	run-08	22	1256.0	745.0	0	0.5120405554771423
sub-05	ses-02	run-08	23	745.0	1677.0	0	0.5682407021522522
sub-05	ses-02	run-08	24	1677.0	874.0	0	0.6025601029396057
sub-05	ses-02	run-08	25	874.0	705.0	0	0.5373978614807129
sub-05	ses-02	run-08	26	705.0	1689.0	0	0.5007197856903076
sub-05	ses-02	run-08	27	1689.0	274.0	0	0.49052509665489197
sub-05	ses-02	run-08	28	274.0	1403.0	0	0.5399414300918579
sub-05	ses-02	run-08	29	1403.0	713.0	0	0.5653582215309143
sub-05	ses-02	run-08	30	713.0	875.0	0	0.5126556754112244
sub-05	ses-02	run-08	31	875.0	791.0	0	0.49629494547843933
sub-05	ses-02	run-08	32	791.0	523.0	0	0.5688067674636841
sub-05	ses-02	run-08	33	523.0	314.0	0	0.5583862662315369
sub-05	ses-02	run-08	34	314.0	1477.0	0	0.5375876426696777
sub-05	ses-02	run-08	35	1477.0	1174.0	0	0.5181301236152649
sub-05	ses-02	run-08	36	1174.0	363.0	0	0.5495957136154175
sub-05	ses-03	run-01	1	baseline	284.0	0	0.6866416335105896
sub-05	ses-03	run-01	2	284.0	633.0	0	0.563694179058075
sub-05	ses-03	run-01	3	633.0	354.0	0	0.5018816590309143
sub-05	ses-03	run-01	4	354.0	770.0	0	0.5516153573989868
sub-05	ses-03	run-01	5	770.0	579.0	0	0.5114248991012573
sub-05	ses-03	run-01	6	579.0	2181.0	0	0.5348984599113464
sub-05	ses-03	run-01	7	2181.0	1533.0	0	0.5161299705505371
sub-05	ses-03	run-01	8	1533.0	9.0	0	0.5399388670921326
sub-05	ses-03	run-01	9	9.0	103.0	0	0.6817263960838318
sub-05	ses-03	run-01	10	103.0	1157.0	0	0.5543049573898315
sub-05	ses-03	run-01	11	1157.0	1953.0	0	0.5271154046058655
sub-05	ses-03	run-01	12	1953.0	68.0	0	0.5224051475524902
sub-05	ses-03	run-01	13	68.0	862.0	0	0.5208141207695007
sub-05	ses-03	run-01	14	862.0	1734.0	0	0.5450266599655151
sub-05	ses-03	run-01	15	1734.0	1908.0	0	0.5658695697784424
sub-05	ses-03	run-01	16	1908.0	1775.0	0	0.557395875453949
sub-05	ses-03	run-01	17	1775.0	1440.0	0	0.5352709889411926
sub-05	ses-03	run-01	18	1440.0	619.0	0	0.5403794050216675
sub-05	ses-03	run-01	19	619.0	941.0	0	0.514893651008606
sub-05	ses-03	run-01	20	941.0	906.0	0	0.5649428963661194
sub-05	ses-03	run-01	21	906.0	590.0	0	0.5551968812942505
sub-05	ses-03	run-01	22	590.0	1608.0	0	0.7287470698356628
sub-05	ses-03	run-01	23	1608.0	739.0	0	0.5395792722702026
sub-05	ses-03	run-01	24	739.0	601.0	0	0.6451568603515625
sub-05	ses-03	run-01	25	601.0	2174.0	0	0.5638222694396973
sub-05	ses-03	run-01	26	2174.0	1526.0	0	0.5510603785514832
sub-05	ses-03	run-01	27	1526.0	1737.0	0	0.5577925443649292
sub-05	ses-03	run-01	28	1737.0	1653.0	0	0.5262396931648254
sub-05	ses-03	run-01	29	1653.0	782.0	0	0.52278071641922
sub-05	ses-03	run-01	30	782.0	84.0	0	0.5858364105224609
sub-05	ses-03	run-01	31	84.0	253.0	0	0.5268067717552185
sub-05	ses-03	run-01	32	253.0	581.0	0	0.5385580658912659
sub-05	ses-03	run-01	33	581.0	577.0	0	0.5223772525787354
sub-05	ses-03	run-01	34	577.0	1592.0	0	0.5605095028877258
sub-05	ses-03	run-01	35	1592.0	1401.0	0	0.6194711327552795
sub-05	ses-03	run-01	36	1401.0	1367.0	0	0.6020126938819885
sub-05	ses-03	run-02	1	baseline	985.0	0	0.4776201546192169
sub-05	ses-03	run-02	2	985.0	853.0	0	0.5163567066192627
sub-05	ses-03	run-02	3	853.0	2094.0	0	0.49780336022377014
sub-05	ses-03	run-02	4	2094.0	785.0	0	0.46611663699150085
sub-05	ses-03	run-02	5	785.0	431.0	0	0.4627133905887604
sub-05	ses-03	run-02	6	431.0	114.0	0	0.5456871390342712
sub-05	ses-03	run-02	7	114.0	432.0	0	0.6021155714988708
sub-05	ses-03	run-02	8	432.0	1839.0	0	0.5394554138183594
sub-05	ses-03	run-02	9	1839.0	2125.0	0	0.5380819439888
sub-05	ses-03	run-02	10	2125.0	1969.0	0	0.5076661109924316
sub-05	ses-03	run-02	11	1969.0	167.0	0	0.6463902592658997
sub-05	ses-03	run-02	12	167.0	111.0	0	0.47115400433540344
sub-05	ses-03	run-02	13	111.0	980.0	0	0.5602043867111206
sub-05	ses-03	run-02	14	980.0	217.0	0	0.614020586013794
sub-05	ses-03	run-02	15	217.0	1251.0	0	0.5053115487098694
sub-05	ses-03	run-02	16	1251.0	844.0	0	0.5135999321937561
sub-05	ses-03	run-02	17	844.0	483.0	0	0.5137169361114502
sub-05	ses-03	run-02	18	483.0	1046.0	0	0.4731760025024414
sub-05	ses-03	run-02	19	1046.0	1554.0	0	0.5762208104133606
sub-05	ses-03	run-02	20	1554.0	10.0	0	0.5268285870552063
sub-05	ses-03	run-02	21	10.0	701.0	0	0.4861476719379425
sub-05	ses-03	run-02	22	701.0	147.0	0	0.5159800052642822
sub-05	ses-03	run-02	23	147.0	2028.0	0	0.6438501477241516
sub-05	ses-03	run-02	24	2028.0	2132.0	0	0.4766230285167694
sub-05	ses-03	run-02	25	2132.0	670.0	0	0.5384362936019897
sub-05	ses-03	run-02	26	670.0	1739.0	0	0.48166048526763916
sub-05	ses-03	run-02	27	1739.0	1178.0	0	0.47083523869514465
sub-05	ses-03	run-02	28	1178.0	1882.0	0	0.58827143907547
sub-05	ses-03	run-02	29	1882.0	197.0	0	0.6115102767944336
sub-05	ses-03	run-02	30	197.0	518.0	0	0.5276647806167603
sub-05	ses-03	run-02	31	518.0	963.0	0	0.6546335220336914
sub-05	ses-03	run-02	32	963.0	594.0	0	0.5581098198890686
sub-05	ses-03	run-02	33	594.0	428.0	0	0.49772951006889343
sub-05	ses-03	run-02	34	428.0	2026.0	0	0.48495370149612427
sub-05	ses-03	run-02	35	2026.0	22.0	0	0.5724711418151855
sub-05	ses-03	run-02	36	22.0	1190.0	0	0.5417051911354065
sub-05	ses-03	run-03	1	baseline	884.0	0	0.5236992835998535
sub-05	ses-03	run-03	2	884.0	938.0	0	0.5012351870536804
sub-05	ses-03	run-03	3	938.0	824.0	0	0.48314395546913147
sub-05	ses-03	run-03	4	824.0	165.0	0	0.5003760457038879
sub-05	ses-03	run-03	5	165.0	1909.0	0	0.48530539870262146
sub-05	ses-03	run-03	6	1909.0	1690.0	0	0.4752154052257538
sub-05	ses-03	run-03	7	1690.0	1521.0	0	0.4788702130317688
sub-05	ses-03	run-03	8	1521.0	1617.0	0	0.49511659145355225
sub-05	ses-03	run-03	9	1617.0	1084.0	0	0.47330814599990845
sub-05	ses-03	run-03	10	1084.0	1290.0	0	0.47540560364723206
sub-05	ses-03	run-03	11	1290.0	28.0	0	0.4815003573894501
sub-05	ses-03	run-03	12	28.0	1544.0	0	0.45571038126945496
sub-05	ses-03	run-03	13	1544.0	706.0	0	0.4696406424045563
sub-05	ses-03	run-03	14	706.0	481.0	0	0.45930197834968567
sub-05	ses-03	run-03	15	481.0	1364.0	0	0.47901949286460876
sub-05	ses-03	run-03	16	1364.0	576.0	0	0.5855292677879333
sub-05	ses-03	run-03	17	576.0	1236.0	0	0.5168951749801636
sub-05	ses-03	run-03	18	1236.0	650.0	0	0.5010699033737183
sub-05	ses-03	run-03	19	650.0	2196.0	0	0.5066620707511902
sub-05	ses-03	run-03	20	2196.0	1485.0	0	0.539985716342926
sub-05	ses-03	run-03	21	1485.0	38.0	0	0.644996702671051
sub-05	ses-03	run-03	22	38.0	1496.0	0	0.5036415457725525
sub-05	ses-03	run-03	23	1496.0	335.0	0	0.5798391103744507
sub-05	ses-03	run-03	24	335.0	154.0	0	0.5094637274742126
sub-05	ses-03	run-03	25	154.0	1271.0	0	0.5326500535011292
sub-05	ses-03	run-03	26	1271.0	2143.0	0	0.6027757525444031
sub-05	ses-03	run-03	27	2143.0	855.0	0	0.5155419707298279
sub-05	ses-03	run-03	28	855.0	1095.0	0	0.5147747993469238
sub-05	ses-03	run-03	29	1095.0	986.0	0	0.4971553385257721
sub-05	ses-03	run-03	30	986.0	565.0	0	0.5304751396179199
sub-05	ses-03	run-03	31	565.0	2075.0	0	0.4837193489074707
sub-05	ses-03	run-03	32	2075.0	1445.0	0	0.48966479301452637
sub-05	ses-03	run-03	33	1445.0	561.0	0	0.5262815952301025
sub-05	ses-03	run-03	34	561.0	493.0	0	0.5802987217903137
sub-05	ses-03	run-03	35	493.0	854.0	0	0.5314368605613708
sub-05	ses-03	run-03	36	854.0	815.0	0	0.5006664991378784
sub-05	ses-03	run-04	1	baseline	1181.0	0	0.534866988658905
sub-05	ses-03	run-04	2	1181.0	1794.0	0	0.5176615715026855
sub-05	ses-03	run-04	3	1794.0	1799.0	0	0.5303227305412292
sub-05	ses-03	run-04	4	1799.0	447.0	0	0.5143781304359436
sub-05	ses-03	run-04	5	447.0	1035.0	0	0.5171646475791931
sub-05	ses-03	run-04	6	1035.0	1949.0	0	0.5480530858039856
sub-05	ses-03	run-04	7	1949.0	992.0	0	0.5335149765014648
sub-05	ses-03	run-04	8	992.0	1764.0	0	0.5563617944717407
sub-05	ses-03	run-04	9	1764.0	553.0	0	0.49614033102989197
sub-05	ses-03	run-04	10	553.0	2115.0	0	0.5323265194892883
sub-05	ses-03	run-04	11	2115.0	2092.0	0	0.5019411444664001
sub-05	ses-03	run-04	12	2092.0	1127.0	0	0.6322160959243774
sub-05	ses-03	run-04	13	1127.0	257.0	0	0.6109604835510254
sub-05	ses-03	run-04	14	257.0	1473.0	0	0.5632339715957642
sub-05	ses-03	run-04	15	1473.0	194.0	0	0.5213738083839417
sub-05	ses-03	run-04	16	194.0	458.0	0	0.49770548939704895
sub-05	ses-03	run-04	17	458.0	1118.0	0	0.5627320408821106
sub-05	ses-03	run-04	18	1118.0	1670.0	0	0.48798781633377075
sub-05	ses-03	run-04	19	1670.0	1639.0	0	0.4831775426864624
sub-05	ses-03	run-04	20	1639.0	522.0	0	0.5102294683456421
sub-05	ses-03	run-04	21	522.0	1910.0	0	0.554174542427063
sub-05	ses-03	run-04	22	1910.0	2021.0	0	0.5650254487991333
sub-05	ses-03	run-04	23	2021.0	1892.0	0	0.5493881702423096
sub-05	ses-03	run-04	24	1892.0	1975.0	0	0.5412087440490723
sub-05	ses-03	run-04	25	1975.0	1219.0	0	0.5759797096252441
sub-05	ses-03	run-04	26	1219.0	2099.0	0	0.5737985372543335
sub-05	ses-03	run-04	27	2099.0	1854.0	0	0.549167275428772
sub-05	ses-03	run-04	28	1854.0	1967.0	0	0.6307745575904846
sub-05	ses-03	run-04	29	1967.0	1329.0	0	0.5279327630996704
sub-05	ses-03	run-04	30	1329.0	223.0	0	0.5465996265411377
sub-05	ses-03	run-04	31	223.0	1745.0	0	0.5647678375244141
sub-05	ses-03	run-04	32	1745.0	838.0	0	0.5707374811172485
sub-05	ses-03	run-04	33	838.0	526.0	0	0.6321037411689758
sub-05	ses-03	run-04	34	526.0	1761.0	0	0.52726149559021
sub-05	ses-03	run-04	35	1761.0	133.0	0	0.5619663000106812
sub-05	ses-03	run-04	36	133.0	702.0	0	0.6959694027900696
sub-05	ses-03	run-05	1	baseline	942.0	0	0.5377909541130066
sub-05	ses-03	run-05	2	942.0	1801.0	0	0.5554956793785095
sub-05	ses-03	run-05	3	1801.0	1102.0	0	0.5565608143806458
sub-05	ses-03	run-05	4	1102.0	102.0	0	0.5939338207244873
sub-05	ses-03	run-05	5	102.0	814.0	0	0.5378342270851135
sub-05	ses-03	run-05	6	814.0	2018.0	0	0.5730709433555603
sub-05	ses-03	run-05	7	2018.0	737.0	0	0.5194385051727295
sub-05	ses-03	run-05	8	737.0	658.0	0	0.5043681263923645
sub-05	ses-03	run-05	9	658.0	610.0	0	0.5048077702522278
sub-05	ses-03	run-05	10	610.0	538.0	0	0.5491634607315063
sub-05	ses-03	run-05	11	538.0	160.0	0	0.5383802056312561
sub-05	ses-03	run-05	12	160.0	1069.0	0	0.5126996636390686
sub-05	ses-03	run-05	13	1069.0	1058.0	0	0.5199620723724365
sub-05	ses-03	run-05	14	1058.0	1895.0	0	0.5388202667236328
sub-05	ses-03	run-05	15	1895.0	1052.0	0	0.6273499131202698
sub-05	ses-03	run-05	16	1052.0	13.0	0	0.5377112030982971
sub-05	ses-03	run-05	17	13.0	337.0	0	0.5639283657073975
sub-05	ses-03	run-05	18	337.0	1100.0	0	0.592022180557251
sub-05	ses-03	run-05	19	1100.0	796.0	0	0.5497406721115112
sub-05	ses-03	run-05	20	796.0	213.0	0	0.5547299385070801
sub-05	ses-03	run-05	21	213.0	1658.0	0	0.4990229308605194
sub-05	ses-03	run-05	22	1658.0	410.0	0	0.5347049832344055
sub-05	ses-03	run-05	23	410.0	591.0	0	0.6487089395523071
sub-05	ses-03	run-05	24	591.0	415.0	0	0.5482459664344788
sub-05	ses-03	run-05	25	415.0	611.0	0	0.5932741761207581
sub-05	ses-03	run-05	26	611.0	1635.0	0	0.5381906032562256
sub-05	ses-03	run-05	27	1635.0	560.0	0	0.5818356871604919
sub-05	ses-03	run-05	28	560.0	1268.0	0	0.6746532917022705
sub-05	ses-03	run-05	29	1268.0	2112.0	0	0.5501651763916016
sub-05	ses-03	run-05	30	2112.0	1119.0	0	0.5210654139518738
sub-05	ses-03	run-05	31	1119.0	216.0	0	0.5458740592002869
sub-05	ses-03	run-05	32	216.0	630.0	0	0.5851571559906006
sub-05	ses-03	run-05	33	630.0	429.0	0	0.6402273774147034
sub-05	ses-03	run-05	34	429.0	736.0	0	0.587844967842102
sub-05	ses-03	run-05	35	736.0	1301.0	0	0.6638039350509644
sub-05	ses-03	run-05	36	1301.0	653.0	0	0.6514708995819092
sub-05	ses-03	run-06	1	baseline	2128.0	0	0.5592955946922302
sub-05	ses-03	run-06	2	2128.0	1450.0	0	0.5278208255767822
sub-05	ses-03	run-06	3	1450.0	597.0	0	0.4903922379016876
sub-05	ses-03	run-06	4	597.0	2164.0	0	0.5386903285980225
sub-05	ses-03	run-06	5	2164.0	72.0	0	0.557017982006073
sub-05	ses-03	run-06	6	72.0	1696.0	0	0.560615599155426
sub-05	ses-03	run-06	7	1696.0	1712.0	0	0.5173172354698181
sub-05	ses-03	run-06	8	1712.0	480.0	0	0.495285302400589
sub-05	ses-03	run-06	9	480.0	858.0	0	0.5063918828964233
sub-05	ses-03	run-06	10	858.0	1574.0	0	0.584237813949585
sub-05	ses-03	run-06	11	1574.0	1417.0	0	0.5270259976387024
sub-05	ses-03	run-06	12	1417.0	1029.0	0	0.4936367869377136
sub-05	ses-03	run-06	13	1029.0	1931.0	0	0.5538801550865173
sub-05	ses-03	run-06	14	1931.0	1509.0	0	0.551047146320343
sub-05	ses-03	run-06	15	1509.0	809.0	0	0.5251140594482422
sub-05	ses-03	run-06	16	809.0	1207.0	0	0.48216599225997925
sub-05	ses-03	run-06	17	1207.0	1003.0	0	0.5242788791656494
sub-05	ses-03	run-06	18	1003.0	816.0	0	0.5300948023796082
sub-05	ses-03	run-06	19	816.0	738.0	0	0.5446733236312866
sub-05	ses-03	run-06	20	738.0	634.0	0	0.528304398059845
sub-05	ses-03	run-06	21	634.0	1679.0	0	0.5515572428703308
sub-05	ses-03	run-06	22	1679.0	1614.0	0	0.6074870228767395
sub-05	ses-03	run-06	23	1614.0	693.0	0	0.5829809308052063
sub-05	ses-03	run-06	24	693.0	1625.0	0	0.5920969843864441
sub-05	ses-03	run-06	25	1625.0	761.0	0	0.5510302782058716
sub-05	ses-03	run-06	26	761.0	358.0	0	0.565327525138855
sub-05	ses-03	run-06	27	358.0	1408.0	0	0.5277668237686157
sub-05	ses-03	run-06	28	1408.0	285.0	0	0.5815990567207336
sub-05	ses-03	run-06	29	285.0	2073.0	0	0.6221737265586853
sub-05	ses-03	run-06	30	2073.0	1956.0	0	0.514128565788269
sub-05	ses-03	run-06	31	1956.0	305.0	0	0.5190853476524353
sub-05	ses-03	run-06	32	305.0	767.0	0	0.5028708577156067
sub-05	ses-03	run-06	33	767.0	1183.0	0	0.5284684300422668
sub-05	ses-03	run-06	34	1183.0	1312.0	0	0.5616323351860046
sub-05	ses-03	run-06	35	1312.0	1698.0	0	0.5802329182624817
sub-05	ses-03	run-06	36	1698.0	1525.0	0	0.5411794185638428
sub-05	ses-03	run-07	1	baseline	1814.0	0	0.5031300187110901
sub-05	ses-03	run-07	2	1814.0	1432.0	0	0.4911736249923706
sub-05	ses-03	run-07	3	1432.0	573.0	0	0.47693175077438354
sub-05	ses-03	run-07	4	573.0	1866.0	0	0.4949321448802948
sub-05	ses-03	run-07	5	1866.0	524.0	0	0.47167620062828064
sub-05	ses-03	run-07	6	524.0	2042.0	0	0.5153062343597412
sub-05	ses-03	run-07	7	2042.0	2158.0	0	0.5150630474090576
sub-05	ses-03	run-07	8	2158.0	666.0	0	0.5093441009521484
sub-05	ses-03	run-07	9	666.0	1291.0	0	0.5028187036514282
sub-05	ses-03	run-07	10	1291.0	125.0	0	0.46729621291160583
sub-05	ses-03	run-07	11	125.0	1703.0	0	0.5476235151290894
sub-05	ses-03	run-07	12	1703.0	1559.0	0	0.5034486055374146
sub-05	ses-03	run-07	13	1559.0	1749.0	0	0.487333744764328
sub-05	ses-03	run-07	14	1749.0	1357.0	0	0.49259018898010254
sub-05	ses-03	run-07	15	1357.0	1294.0	0	0.45838314294815063
sub-05	ses-03	run-07	16	1294.0	43.0	0	0.48840028047561646
sub-05	ses-03	run-07	17	43.0	1869.0	0	0.4776204526424408
sub-05	ses-03	run-07	18	1869.0	1966.0	0	0.5100551247596741
sub-05	ses-03	run-07	19	1966.0	1415.0	0	0.47728395462036133
sub-05	ses-03	run-07	20	1415.0	517.0	0	0.46025776863098145
sub-05	ses-03	run-07	21	517.0	1155.0	0	0.4664771556854248
sub-05	ses-03	run-07	22	1155.0	1994.0	0	0.4534268379211426
sub-05	ses-03	run-07	23	1994.0	16.0	0	0.9969428181648254
sub-05	ses-03	run-07	24	16.0	1753.0	0	0.6445692777633667
sub-05	ses-03	run-07	25	1753.0	727.0	0	0.4943808317184448
sub-05	ses-03	run-07	26	727.0	935.0	0	0.4939038157463074
sub-05	ses-03	run-07	27	935.0	621.0	0	0.46128952503204346
sub-05	ses-03	run-07	28	621.0	475.0	0	0.4803304970264435
sub-05	ses-03	run-07	29	475.0	1128.0	0	0.4830305874347687
sub-05	ses-03	run-07	30	1128.0	1750.0	0	0.5553016066551208
sub-05	ses-03	run-07	31	1750.0	267.0	0	0.4958164393901825
sub-05	ses-03	run-07	32	267.0	343.0	0	0.46391287446022034
sub-05	ses-03	run-07	33	343.0	1924.0	0	0.45342448353767395
sub-05	ses-03	run-07	34	1924.0	60.0	0	0.4477679133415222
sub-05	ses-03	run-07	35	60.0	1806.0	0	0.48023712635040283
sub-05	ses-03	run-07	36	1806.0	2153.0	0	0.8831228613853455
sub-05	ses-03	run-08	1	baseline	384.0	0	0.5133945345878601
sub-05	ses-03	run-08	2	384.0	583.0	0	0.49580860137939453
sub-05	ses-03	run-08	3	583.0	571.0	0	0.44335225224494934
sub-05	ses-03	run-08	4	571.0	1335.0	0	0.41821154952049255
sub-05	ses-03	run-08	5	1335.0	1484.0	0	0.46090447902679443
sub-05	ses-03	run-08	6	1484.0	2103.0	0	0.4224645793437958
sub-05	ses-03	run-08	7	2103.0	1647.0	0	0.45139074325561523
sub-05	ses-03	run-08	8	1647.0	1651.0	0	0.4408257305622101
sub-05	ses-03	run-08	9	1651.0	397.0	0	0.551077663898468
sub-05	ses-03	run-08	10	397.0	134.0	0	0.47552648186683655
sub-05	ses-03	run-08	11	134.0	1186.0	0	0.47076186537742615
sub-05	ses-03	run-08	12	1186.0	1885.0	0	0.4434486925601959
sub-05	ses-03	run-08	13	1885.0	1797.0	0	0.40534865856170654
sub-05	ses-03	run-08	14	1797.0	765.0	0	0.44427090883255005
sub-05	ses-03	run-08	15	765.0	532.0	0	0.4412767291069031
sub-05	ses-03	run-08	16	532.0	423.0	0	0.43249398469924927
sub-05	ses-03	run-08	17	423.0	649.0	0	0.4345989525318146
sub-05	ses-03	run-08	18	649.0	987.0	0	0.7438942193984985
sub-05	ses-03	run-08	19	987.0	841.0	0	0.88266521692276
sub-05	ses-03	run-08	20	841.0	2157.0	0	0.5539067983627319
sub-05	ses-03	run-08	21	2157.0	1051.0	0	0.4467560946941376
sub-05	ses-03	run-08	22	1051.0	2172.0	0	0.512667715549469
sub-05	ses-03	run-08	23	2172.0	674.0	0	0.4567910432815552
sub-05	ses-03	run-08	24	674.0	62.0	0	0.4930261969566345
sub-05	ses-03	run-08	25	62.0	1452.0	0	0.9791876673698425
sub-05	ses-03	run-08	26	1452.0	1282.0	0	0.5202124118804932
sub-05	ses-03	run-08	27	1282.0	1774.0	0	0.4447164237499237
sub-05	ses-03	run-08	28	1774.0	1773.0	0	0.42124247550964355
sub-05	ses-03	run-08	29	1773.0	204.0	0	0.4036451280117035
sub-05	ses-03	run-08	30	204.0	1252.0	0	0.42077285051345825
sub-05	ses-03	run-08	31	1252.0	525.0	0	0.43416643142700195
sub-05	ses-03	run-08	32	525.0	592.0	0	0.435796856880188
sub-05	ses-03	run-08	33	592.0	255.0	0	0.4309448301792145
sub-05	ses-03	run-08	34	255.0	1012.0	0	0.4278521239757538
sub-05	ses-03	run-08	35	1012.0	1214.0	0	0.47135668992996216
sub-05	ses-03	run-08	36	1214.0	2053.0	0	0.5085904002189636
sub-05	ses-04	run-01	1	baseline	1314.0	0	0.5772221684455872
sub-05	ses-04	run-01	2	1314.0	177.0	0	0.5376214385032654
sub-05	ses-04	run-01	3	177.0	137.0	0	0.5268405675888062
sub-05	ses-04	run-01	4	137.0	869.0	0	0.4939054250717163
sub-05	ses-04	run-01	5	869.0	1247.0	0	0.5600429773330688
sub-05	ses-04	run-01	6	1247.0	1803.0	0	0.5152154564857483
sub-05	ses-04	run-01	7	1803.0	627.0	0	0.5248123407363892
sub-05	ses-04	run-01	8	627.0	1285.0	0	0.49206534028053284
sub-05	ses-04	run-01	9	1285.0	880.0	0	0.5179774761199951
sub-05	ses-04	run-01	10	880.0	1137.0	0	0.5483558773994446
sub-05	ses-04	run-01	11	1137.0	1474.0	0	0.5387641787528992
sub-05	ses-04	run-01	12	1474.0	901.0	0	0.534558117389679
sub-05	ses-04	run-01	13	901.0	1466.0	0	0.5370298027992249
sub-05	ses-04	run-01	14	1466.0	1634.0	0	0.5385389924049377
sub-05	ses-04	run-01	15	1634.0	1491.0	0	0.528519868850708
sub-05	ses-04	run-01	16	1491.0	341.0	0	0.48780712485313416
sub-05	ses-04	run-01	17	341.0	529.0	0	0.5429289937019348
sub-05	ses-04	run-01	18	529.0	606.0	0	0.5149157643318176
sub-05	ses-04	run-01	19	606.0	190.0	0	0.6522333025932312
sub-05	ses-04	run-01	20	190.0	2179.0	0	0.652908205986023
sub-05	ses-04	run-01	21	2179.0	2087.0	0	0.546230137348175
sub-05	ses-04	run-01	22	2087.0	1545.0	0	0.5631569027900696
sub-05	ses-04	run-01	23	1545.0	2152.0	0	0.5664460062980652
sub-05	ses-04	run-01	24	2152.0	1779.0	0	0.579208254814148
sub-05	ses-04	run-01	25	1779.0	228.0	0	0.5445109605789185
sub-05	ses-04	run-01	26	228.0	755.0	0	0.5282517671585083
sub-05	ses-04	run-01	27	755.0	1552.0	0	0.5131412148475647
sub-05	ses-04	run-01	28	1552.0	1624.0	0	0.5219764709472656
sub-05	ses-04	run-01	29	1624.0	1686.0	0	0.49165886640548706
sub-05	ses-04	run-01	30	1686.0	663.0	0	0.5841610431671143
sub-05	ses-04	run-01	31	663.0	332.0	0	0.5439775586128235
sub-05	ses-04	run-01	32	332.0	1832.0	0	0.49391502141952515
sub-05	ses-04	run-01	33	1832.0	1043.0	0	0.5362274646759033
sub-05	ses-04	run-01	34	1043.0	325.0	0	0.5406274199485779
sub-05	ses-04	run-01	35	325.0	12.0	0	0.5434738993644714
sub-05	ses-04	run-01	36	12.0	1196.0	0	0.6815245151519775
sub-05	ses-04	run-02	1	baseline	1992.0	0	0.5649975538253784
sub-05	ses-04	run-02	2	1992.0	227.0	0	0.560558557510376
sub-05	ses-04	run-02	3	227.0	297.0	0	0.5803314447402954
sub-05	ses-04	run-02	4	297.0	388.0	0	0.5422030091285706
sub-05	ses-04	run-02	5	388.0	575.0	0	0.5263151526451111
sub-05	ses-04	run-02	6	575.0	1669.0	0	0.49973854422569275
sub-05	ses-04	run-02	7	1669.0	1678.0	0	0.553446888923645
sub-05	ses-04	run-02	8	1678.0	999.0	0	0.5248957276344299
sub-05	ses-04	run-02	9	999.0	948.0	0	0.5174649953842163
sub-05	ses-04	run-02	10	948.0	1822.0	0	0.6261628270149231
sub-05	ses-04	run-02	11	1822.0	1652.0	0	0.5430602431297302
sub-05	ses-04	run-02	12	1652.0	220.0	0	0.5582996010780334
sub-05	ses-04	run-02	13	220.0	1434.0	0	0.5291706919670105
sub-05	ses-04	run-02	14	1434.0	333.0	0	0.5498337149620056
sub-05	ses-04	run-02	15	333.0	478.0	0	0.5941624641418457
sub-05	ses-04	run-02	16	478.0	1738.0	0	0.5538815855979919
sub-05	ses-04	run-02	17	1738.0	1685.0	0	0.5281725525856018
sub-05	ses-04	run-02	18	1685.0	350.0	0	0.5938795804977417
sub-05	ses-04	run-02	19	350.0	21.0	0	0.5832179188728333
sub-05	ses-04	run-02	20	21.0	406.0	0	0.5780181288719177
sub-05	ses-04	run-02	21	406.0	1039.0	0	0.5334594249725342
sub-05	ses-04	run-02	22	1039.0	1406.0	0	0.5178161263465881
sub-05	ses-04	run-02	23	1406.0	1605.0	0	0.506719708442688
sub-05	ses-04	run-02	24	1605.0	831.0	0	0.5877716541290283
sub-05	ses-04	run-02	25	831.0	1076.0	0	0.5521641373634338
sub-05	ses-04	run-02	26	1076.0	1235.0	0	0.5089305639266968
sub-05	ses-04	run-02	27	1235.0	1203.0	0	0.5425851941108704
sub-05	ses-04	run-02	28	1203.0	1034.0	0	0.5701135396957397
sub-05	ses-04	run-02	29	1034.0	1824.0	0	0.5420703887939453
sub-05	ses-04	run-02	30	1824.0	35.0	0	0.6323268413543701
sub-05	ses-04	run-02	31	35.0	399.0	0	0.5596814155578613
sub-05	ses-04	run-02	32	399.0	1159.0	0	0.5397927761077881
sub-05	ses-04	run-02	33	1159.0	1640.0	0	0.5736967921257019
sub-05	ses-04	run-02	34	1640.0	1586.0	0	0.5751889944076538
sub-05	ses-04	run-02	35	1586.0	437.0	0	0.5592144727706909
sub-05	ses-04	run-02	36	437.0	997.0	0	0.5707166790962219
sub-05	ses-04	run-03	1	baseline	377.0	0	0.5533498525619507
sub-05	ses-04	run-03	2	377.0	1904.0	0	0.5488137602806091
sub-05	ses-04	run-03	3	1904.0	2095.0	0	0.5441722273826599
sub-05	ses-04	run-03	4	2095.0	380.0	0	0.5385360717773438
sub-05	ses-04	run-03	5	380.0	53.0	0	0.5260362029075623
sub-05	ses-04	run-03	6	53.0	2041.0	0	0.5588778853416443
sub-05	ses-04	run-03	7	2041.0	1649.0	0	0.5365539789199829
sub-05	ses-04	run-03	8	1649.0	1493.0	0	0.5683396458625793
sub-05	ses-04	run-03	9	1493.0	889.0	0	0.5600308179855347
sub-05	ses-04	run-03	10	889.0	1318.0	0	0.5363927483558655
sub-05	ses-04	run-03	11	1318.0	1175.0	0	0.5484996438026428
sub-05	ses-04	run-03	12	1175.0	974.0	0	0.5039072632789612
sub-05	ses-04	run-03	13	974.0	1177.0	0	0.5659266710281372
sub-05	ses-04	run-03	14	1177.0	1370.0	0	0.5899835824966431
sub-05	ses-04	run-03	15	1370.0	679.0	0	0.5878348350524902
sub-05	ses-04	run-03	16	679.0	2071.0	0	0.5380882620811462
sub-05	ses-04	run-03	17	2071.0	476.0	0	0.5870985388755798
sub-05	ses-04	run-03	18	476.0	2058.0	0	0.5232418775558472
sub-05	ses-04	run-03	19	2058.0	1085.0	0	0.5165665149688721
sub-05	ses-04	run-03	20	1085.0	1515.0	0	0.5477234125137329
sub-05	ses-04	run-03	21	1515.0	2031.0	0	0.5628966093063354
sub-05	ses-04	run-03	22	2031.0	1868.0	0	0.62436443567276
sub-05	ses-04	run-03	23	1868.0	699.0	0	0.5635541081428528
sub-05	ses-04	run-03	24	699.0	1429.0	0	0.5706873536109924
sub-05	ses-04	run-03	25	1429.0	1093.0	0	0.5701397061347961
sub-05	ses-04	run-03	26	1093.0	598.0	0	0.524911642074585
sub-05	ses-04	run-03	27	598.0	1725.0	0	0.5343725085258484
sub-05	ses-04	run-03	28	1725.0	1065.0	0	0.5202687978744507
sub-05	ses-04	run-03	29	1065.0	1212.0	0	0.5521955490112305
sub-05	ses-04	run-03	30	1212.0	1096.0	0	0.5330129861831665
sub-05	ses-04	run-03	31	1096.0	1830.0	0	0.5342523455619812
sub-05	ses-04	run-03	32	1830.0	1724.0	0	0.5601673722267151
sub-05	ses-04	run-03	33	1724.0	1201.0	0	0.5539589524269104
sub-05	ses-04	run-03	34	1201.0	1813.0	0	0.543378472328186
sub-05	ses-04	run-03	35	1813.0	1612.0	0	0.5399171710014343
sub-05	ses-04	run-03	36	1612.0	513.0	0	0.5792096257209778
sub-05	ses-04	run-04	1	baseline	2194.0	0	0.5169405937194824
sub-05	ses-04	run-04	2	2194.0	2032.0	0	0.5581498742103577
sub-05	ses-04	run-04	3	2032.0	99.0	0	0.5724823474884033
sub-05	ses-04	run-04	4	99.0	1265.0	0	0.5258939862251282
sub-05	ses-04	run-04	5	1265.0	207.0	0	0.5295833349227905
sub-05	ses-04	run-04	6	207.0	29.0	0	0.5499854683876038
sub-05	ses-04	run-04	7	29.0	266.0	0	0.5354076027870178
sub-05	ses-04	run-04	8	266.0	189.0	0	0.5570849776268005
sub-05	ses-04	run-04	9	189.0	690.0	0	0.5521919131278992
sub-05	ses-04	run-04	10	690.0	473.0	0	0.560541570186615
sub-05	ses-04	run-04	11	473.0	1045.0	0	0.51097571849823
sub-05	ses-04	run-04	12	1045.0	75.0	0	0.5316486358642578
sub-05	ses-04	run-04	13	75.0	1396.0	0	0.5417053699493408
sub-05	ses-04	run-04	14	1396.0	1303.0	0	0.5667902827262878
sub-05	ses-04	run-04	15	1303.0	2118.0	0	0.5799961686134338
sub-05	ses-04	run-04	16	2118.0	1578.0	0	0.5985971689224243
sub-05	ses-04	run-04	17	1578.0	1871.0	0	0.5236232280731201
sub-05	ses-04	run-04	18	1871.0	152.0	0	0.6280978918075562
sub-05	ses-04	run-04	19	152.0	1033.0	0	0.6590263843536377
sub-05	ses-04	run-04	20	1033.0	1430.0	0	0.5734042525291443
sub-05	ses-04	run-04	21	1430.0	1313.0	0	0.5598317384719849
sub-05	ses-04	run-04	22	1313.0	537.0	0	0.5621325969696045
sub-05	ses-04	run-04	23	537.0	1672.0	0	0.5655773878097534
sub-05	ses-04	run-04	24	1672.0	2052.0	0	0.5510789155960083
sub-05	ses-04	run-04	25	2052.0	1143.0	0	0.5867779850959778
sub-05	ses-04	run-04	26	1143.0	466.0	0	0.5571821928024292
sub-05	ses-04	run-04	27	466.0	346.0	0	0.5553946495056152
sub-05	ses-04	run-04	28	346.0	25.0	0	0.5192715525627136
sub-05	ses-04	run-04	29	25.0	768.0	0	0.5433399081230164
sub-05	ses-04	run-04	30	768.0	1008.0	0	0.5712381601333618
sub-05	ses-04	run-04	31	1008.0	1528.0	0	0.5478179454803467
sub-05	ses-04	run-04	32	1528.0	387.0	0	0.5576463937759399
sub-05	ses-04	run-04	33	387.0	47.0	0	0.5600783824920654
sub-05	ses-04	run-04	34	47.0	1518.0	0	0.5488953590393066
sub-05	ses-04	run-04	35	1518.0	1700.0	0	0.6207675933837891
sub-05	ses-04	run-04	36	1700.0	1606.0	0	0.5841582417488098
sub-05	ses-04	run-05	1	baseline	2192.0	0	0.5359600782394409
sub-05	ses-04	run-05	2	2192.0	90.0	0	0.500252366065979
sub-05	ses-04	run-05	3	90.0	548.0	0	0.5343775749206543
sub-05	ses-04	run-05	4	548.0	1369.0	0	0.512154757976532
sub-05	ses-04	run-05	5	1369.0	1248.0	0	0.5642070174217224
sub-05	ses-04	run-05	6	1248.0	1555.0	0	0.5771573185920715
sub-05	ses-04	run-05	7	1555.0	1694.0	0	0.5964922308921814
sub-05	ses-04	run-05	8	1694.0	1598.0	0	0.5648604035377502
sub-05	ses-04	run-05	9	1598.0	700.0	0	0.5898820161819458
sub-05	ses-04	run-05	10	700.0	463.0	0	0.5585647225379944
sub-05	ses-04	run-05	11	463.0	326.0	0	0.5335684418678284
sub-05	ses-04	run-05	12	326.0	484.0	0	0.5622145533561707
sub-05	ses-04	run-05	13	484.0	1546.0	0	0.5377053022384644
sub-05	ses-04	run-05	14	1546.0	1973.0	0	0.5489761233329773
sub-05	ses-04	run-05	15	1973.0	2016.0	0	0.5206747055053711
sub-05	ses-04	run-05	16	2016.0	336.0	0	0.555386483669281
sub-05	ses-04	run-05	17	336.0	829.0	0	0.4939422607421875
sub-05	ses-04	run-05	18	829.0	1857.0	0	0.5208624601364136
sub-05	ses-04	run-05	19	1857.0	272.0	0	0.5213959217071533
sub-05	ses-04	run-05	20	272.0	648.0	0	0.5452383160591125
sub-05	ses-04	run-05	21	648.0	977.0	0	0.5296130776405334
sub-05	ses-04	run-05	22	977.0	940.0	0	0.6148776412010193
sub-05	ses-04	run-05	23	940.0	2142.0	0	0.5187649726867676
sub-05	ses-04	run-05	24	2142.0	120.0	0	0.5290443301200867
sub-05	ses-04	run-05	25	120.0	1673.0	0	0.5481223464012146
sub-05	ses-04	run-05	26	1673.0	1346.0	0	0.5294708013534546
sub-05	ses-04	run-05	27	1346.0	1713.0	0	0.5629134774208069
sub-05	ses-04	run-05	28	1713.0	1503.0	0	0.5222941040992737
sub-05	ses-04	run-05	29	1503.0	1561.0	0	0.5413408279418945
sub-05	ses-04	run-05	30	1561.0	1729.0	0	0.5377799272537231
sub-05	ses-04	run-05	31	1729.0	1398.0	0	0.5381185412406921
sub-05	ses-04	run-05	32	1398.0	226.0	0	0.5266755819320679
sub-05	ses-04	run-05	33	226.0	2025.0	0	0.5285479426383972
sub-05	ses-04	run-05	34	2025.0	136.0	0	0.5084905028343201
sub-05	ses-04	run-05	35	136.0	379.0	0	0.542801022529602
sub-05	ses-04	run-05	36	379.0	807.0	0	0.5626739859580994
sub-05	ses-04	run-06	1	baseline	1789.0	0	0.8114945292472839
sub-05	ses-04	run-06	2	1789.0	851.0	0	0.5733904838562012
sub-05	ses-04	run-06	3	851.0	1072.0	0	0.5261638164520264
sub-05	ses-04	run-06	4	1072.0	1939.0	0	0.5405740737915039
sub-05	ses-04	run-06	5	1939.0	118.0	0	0.5391070246696472
sub-05	ses-04	run-06	6	118.0	1228.0	0	0.49224865436553955
sub-05	ses-04	run-06	7	1228.0	298.0	0	0.5239094495773315
sub-05	ses-04	run-06	8	298.0	250.0	0	0.5177021026611328
sub-05	ses-04	run-06	9	250.0	1522.0	0	0.527656614780426
sub-05	ses-04	run-06	10	1522.0	827.0	0	0.5057529807090759
sub-05	ses-04	run-06	11	827.0	308.0	0	0.5178130269050598
sub-05	ses-04	run-06	12	308.0	1038.0	0	0.5139452815055847
sub-05	ses-04	run-06	13	1038.0	1147.0	0	0.5438013076782227
sub-05	ses-04	run-06	14	1147.0	1409.0	0	0.5377210974693298
sub-05	ses-04	run-06	15	1409.0	256.0	0	0.5812792181968689
sub-05	ses-04	run-06	16	256.0	870.0	0	0.5338758826255798
sub-05	ses-04	run-06	17	870.0	1443.0	0	0.4975692629814148
sub-05	ses-04	run-06	18	1443.0	77.0	0	0.5147363543510437
sub-05	ses-04	run-06	19	77.0	1765.0	0	0.5300461649894714
sub-05	ses-04	run-06	20	1765.0	1105.0	0	0.5359002351760864
sub-05	ses-04	run-06	21	1105.0	187.0	0	0.5315490365028381
sub-05	ses-04	run-06	22	187.0	1769.0	0	0.5537614226341248
sub-05	ses-04	run-06	23	1769.0	1863.0	0	0.49386462569236755
sub-05	ses-04	run-06	24	1863.0	1272.0	0	0.5192021727561951
sub-05	ses-04	run-06	25	1272.0	2144.0	0	0.5457878112792969
sub-05	ses-04	run-06	26	2144.0	603.0	0	0.5598838329315186
sub-05	ses-04	run-06	27	603.0	763.0	0	0.5581589341163635
sub-05	ses-04	run-06	28	763.0	626.0	0	0.531488835811615
sub-05	ses-04	run-06	29	626.0	409.0	0	0.5445401668548584
sub-05	ses-04	run-06	30	409.0	1125.0	0	0.5423272252082825
sub-05	ses-04	run-06	31	1125.0	106.0	0	0.540449857711792
sub-05	ses-04	run-06	32	106.0	1476.0	0	0.6196439266204834
sub-05	ses-04	run-06	33	1476.0	2151.0	0	0.5751891136169434
sub-05	ses-04	run-06	34	2151.0	1730.0	0	0.5535002946853638
sub-05	ses-04	run-06	35	1730.0	1238.0	0	0.5501636862754822
sub-05	ses-04	run-06	36	1238.0	1436.0	0	0.5662397146224976
sub-05	ses-04	run-07	1	baseline	1843.0	0	0.5319705009460449
sub-05	ses-04	run-07	2	1843.0	2123.0	0	0.5540252923965454
sub-05	ses-04	run-07	3	2123.0	98.0	0	0.6198734045028687
sub-05	ses-04	run-07	4	98.0	1447.0	0	0.5844929814338684
sub-05	ses-04	run-07	5	1447.0	2061.0	0	0.5305846333503723
sub-05	ses-04	run-07	6	2061.0	1227.0	0	0.5189602971076965
sub-05	ses-04	run-07	7	1227.0	898.0	0	0.5424222350120544
sub-05	ses-04	run-07	8	898.0	1751.0	0	0.5674091577529907
sub-05	ses-04	run-07	9	1751.0	1579.0	0	0.5939675569534302
sub-05	ses-04	run-07	10	1579.0	896.0	0	0.5117360353469849
sub-05	ses-04	run-07	11	896.0	420.0	0	0.49435868859291077
sub-05	ses-04	run-07	12	420.0	1611.0	0	0.5281485915184021
sub-05	ses-04	run-07	13	1611.0	2040.0	0	0.5165080428123474
sub-05	ses-04	run-07	14	2040.0	2066.0	0	0.538978099822998
sub-05	ses-04	run-07	15	2066.0	552.0	0	0.5055054426193237
sub-05	ses-04	run-07	16	552.0	1001.0	0	0.5225691199302673
sub-05	ses-04	run-07	17	1001.0	501.0	0	0.5417101979255676
sub-05	ses-04	run-07	18	501.0	1947.0	0	0.6595940589904785
sub-05	ses-04	run-07	19	1947.0	1293.0	0	0.551557719707489
sub-05	ses-04	run-07	20	1293.0	1603.0	0	0.5720707178115845
sub-05	ses-04	run-07	21	1603.0	1945.0	0	0.528934121131897
sub-05	ses-04	run-07	22	1945.0	1326.0	0	0.5474613904953003
sub-05	ses-04	run-07	23	1326.0	1435.0	0	0.5080235600471497
sub-05	ses-04	run-07	24	1435.0	1626.0	0	0.47976377606391907
sub-05	ses-04	run-07	25	1626.0	2180.0	0	0.494806170463562
sub-05	ses-04	run-07	26	2180.0	1205.0	0	0.6076551079750061
sub-05	ses-04	run-07	27	1205.0	49.0	0	0.7825226783752441
sub-05	ses-04	run-07	28	49.0	469.0	0	0.6301525235176086
sub-05	ses-04	run-07	29	469.0	2141.0	0	0.611916184425354
sub-05	ses-04	run-07	30	2141.0	1233.0	0	0.5669218897819519
sub-05	ses-04	run-07	31	1233.0	279.0	0	0.5381999015808105
sub-05	ses-04	run-07	32	279.0	2165.0	0	0.500644326210022
sub-05	ses-04	run-07	33	2165.0	696.0	0	0.5167722105979919
sub-05	ses-04	run-07	34	696.0	1080.0	0	0.5476093292236328
sub-05	ses-04	run-07	35	1080.0	2104.0	0	0.5335670709609985
sub-05	ses-04	run-07	36	2104.0	474.0	0	0.5124261379241943
sub-05	ses-04	run-08	1	baseline	645.0	0	0.5025749802589417
sub-05	ses-04	run-08	2	645.0	1322.0	0	0.5255280137062073
sub-05	ses-04	run-08	3	1322.0	638.0	0	0.5261200070381165
sub-05	ses-04	run-08	4	638.0	425.0	0	0.5399990677833557
sub-05	ses-04	run-08	5	425.0	1187.0	0	0.45714589953422546
sub-05	ses-04	run-08	6	1187.0	2063.0	0	0.4581761658191681
sub-05	ses-04	run-08	7	2063.0	1903.0	0	0.45430493354797363
sub-05	ses-04	run-08	8	1903.0	614.0	0	0.4792215824127197
sub-05	ses-04	run-08	9	614.0	104.0	0	0.5085845589637756
sub-05	ses-04	run-08	10	104.0	32.0	0	0.494681179523468
sub-05	ses-04	run-08	11	32.0	1381.0	0	0.45053574442863464
sub-05	ses-04	run-08	12	1381.0	563.0	0	0.4858355224132538
sub-05	ses-04	run-08	13	563.0	1498.0	0	0.5965354442596436
sub-05	ses-04	run-08	14	1498.0	1006.0	0	0.8412762880325317
sub-05	ses-04	run-08	15	1006.0	803.0	0	0.492188036441803
sub-05	ses-04	run-08	16	803.0	1018.0	0	0.4779301583766937
sub-05	ses-04	run-08	17	1018.0	2170.0	0	0.48112428188323975
sub-05	ses-04	run-08	18	2170.0	1371.0	0	0.45510193705558777
sub-05	ses-04	run-08	19	1371.0	1023.0	0	0.473256379365921
sub-05	ses-04	run-08	20	1023.0	845.0	0	0.5199127793312073
sub-05	ses-04	run-08	21	845.0	1113.0	0	0.5080097317695618
sub-05	ses-04	run-08	22	1113.0	188.0	0	0.4923557639122009
sub-05	ses-04	run-08	23	188.0	1692.0	0	0.49581393599510193
sub-05	ses-04	run-08	24	1692.0	508.0	0	0.6021137833595276
sub-05	ses-04	run-08	25	508.0	943.0	0	0.5349162220954895
sub-05	ses-04	run-08	26	943.0	808.0	0	0.5141274929046631
sub-05	ses-04	run-08	27	808.0	802.0	0	0.4786257743835449
sub-05	ses-04	run-08	28	802.0	301.0	0	0.47956037521362305
sub-05	ses-04	run-08	29	301.0	1646.0	0	0.49001994729042053
sub-05	ses-04	run-08	30	1646.0	434.0	0	0.560153603553772
sub-05	ses-04	run-08	31	434.0	1296.0	0	0.5534958243370056
sub-05	ses-04	run-08	32	1296.0	1223.0	0	0.4920627474784851
sub-05	ses-04	run-08	33	1223.0	1471.0	0	0.5346916317939758
sub-05	ses-04	run-08	34	1471.0	260.0	0	0.4797491133213043
sub-05	ses-04	run-08	35	260.0	1226.0	0	0.49646589159965515
sub-05	ses-04	run-08	36	1226.0	1094.0	0	0.558114230632782
sub-05	ses-05	run-01	1	baseline	1002.0	0	0.596476674079895
sub-05	ses-05	run-01	2	1002.0	1456.0	0	0.5752463340759277
sub-05	ses-05	run-01	3	1456.0	275.0	0	0.5898962020874023
sub-05	ses-05	run-01	4	275.0	2001.0	0	0.5383526086807251
sub-05	ses-05	run-01	5	2001.0	2005.0	0	0.5922755002975464
sub-05	ses-05	run-01	6	2005.0	1392.0	0	0.543069064617157
sub-05	ses-05	run-01	7	1392.0	1844.0	0	0.5170913338661194
sub-05	ses-05	run-01	8	1844.0	1337.0	0	0.5325494408607483
sub-05	ses-05	run-01	9	1337.0	1338.0	0	0.5276489853858948
sub-05	ses-05	run-01	10	1338.0	1735.0	0	0.5472514629364014
sub-05	ses-05	run-01	11	1735.0	138.0	0	0.5628854036331177
sub-05	ses-05	run-01	12	138.0	2044.0	0	0.5520981550216675
sub-05	ses-05	run-01	13	2044.0	2006.0	0	0.5599809885025024
sub-05	ses-05	run-01	14	2006.0	1733.0	0	0.5912226438522339
sub-05	ses-05	run-01	15	1733.0	2121.0	0	0.5799961090087891
sub-05	ses-05	run-01	16	2121.0	873.0	0	0.5523830056190491
sub-05	ses-05	run-01	17	873.0	718.0	0	0.5646526217460632
sub-05	ses-05	run-01	18	718.0	2149.0	0	0.5780718922615051
sub-05	ses-05	run-01	19	2149.0	307.0	0	0.5678064823150635
sub-05	ses-05	run-01	20	307.0	1197.0	0	0.5723386406898499
sub-05	ses-05	run-01	21	1197.0	908.0	0	0.5377036929130554
sub-05	ses-05	run-01	22	908.0	214.0	0	0.5398359298706055
sub-05	ses-05	run-01	23	214.0	1607.0	0	0.5468438863754272
sub-05	ses-05	run-01	24	1607.0	1691.0	0	0.5717422366142273
sub-05	ses-05	run-01	25	1691.0	1901.0	0	0.5660064816474915
sub-05	ses-05	run-01	26	1901.0	2029.0	0	0.5420926213264465
sub-05	ses-05	run-01	27	2029.0	1257.0	0	0.5291429758071899
sub-05	ses-05	run-01	28	1257.0	1633.0	0	0.5539562702178955
sub-05	ses-05	run-01	29	1633.0	996.0	0	0.5604386329650879
sub-05	ses-05	run-01	30	996.0	1927.0	0	0.6221386790275574
sub-05	ses-05	run-01	31	1927.0	1348.0	0	0.5544390678405762
sub-05	ses-05	run-01	32	1348.0	1787.0	0	0.5512284636497498
sub-05	ses-05	run-01	33	1787.0	178.0	0	0.5624472498893738
sub-05	ses-05	run-01	34	178.0	1864.0	0	0.5990194082260132
sub-05	ses-05	run-01	35	1864.0	1365.0	0	0.6126625537872314
sub-05	ses-05	run-01	36	1365.0	707.0	0	0.5934470891952515
sub-05	ses-05	run-02	1	baseline	367.0	0	0.5334557294845581
sub-05	ses-05	run-02	2	367.0	1714.0	0	0.538483738899231
sub-05	ses-05	run-02	3	1714.0	1591.0	0	0.5412161350250244
sub-05	ses-05	run-02	4	1591.0	810.0	0	0.5335553288459778
sub-05	ses-05	run-02	5	810.0	534.0	0	0.5490359663963318
sub-05	ses-05	run-02	6	534.0	979.0	0	0.5852582454681396
sub-05	ses-05	run-02	7	979.0	965.0	0	0.5365397334098816
sub-05	ses-05	run-02	8	965.0	2193.0	0	0.5502931475639343
sub-05	ses-05	run-02	9	2193.0	2072.0	0	0.5569260716438293
sub-05	ses-05	run-02	10	2072.0	2019.0	0	0.6488558053970337
sub-05	ses-05	run-02	11	2019.0	1977.0	0	0.5901560187339783
sub-05	ses-05	run-02	12	1977.0	1193.0	0	0.5699657201766968
sub-05	ses-05	run-02	13	1193.0	70.0	0	0.5689746737480164
sub-05	ses-05	run-02	14	70.0	1188.0	0	0.5391070246696472
sub-05	ses-05	run-02	15	1188.0	162.0	0	0.5444908142089844
sub-05	ses-05	run-02	16	162.0	1010.0	0	0.554088830947876
sub-05	ses-05	run-02	17	1010.0	1767.0	0	0.5693516135215759
sub-05	ses-05	run-02	18	1767.0	973.0	0	0.5247626900672913
sub-05	ses-05	run-02	19	973.0	492.0	0	0.5295294523239136
sub-05	ses-05	run-02	20	492.0	1535.0	0	0.554987907409668
sub-05	ses-05	run-02	21	1535.0	1158.0	0	0.5766575932502747
sub-05	ses-05	run-02	22	1158.0	1345.0	0	0.5746539831161499
sub-05	ses-05	run-02	23	1345.0	2159.0	0	0.5928556323051453
sub-05	ses-05	run-02	24	2159.0	1550.0	0	0.5935178995132446
sub-05	ses-05	run-02	25	1550.0	51.0	0	0.530083179473877
sub-05	ses-05	run-02	26	51.0	1782.0	0	0.5369113087654114
sub-05	ses-05	run-02	27	1782.0	418.0	0	0.619933545589447
sub-05	ses-05	run-02	28	418.0	969.0	0	0.6376515626907349
sub-05	ses-05	run-02	29	969.0	1744.0	0	0.5951045751571655
sub-05	ses-05	run-02	30	1744.0	1138.0	0	0.5558116436004639
sub-05	ses-05	run-02	31	1138.0	1331.0	0	0.5654743909835815
sub-05	ses-05	run-02	32	1331.0	1985.0	0	0.570296049118042
sub-05	ses-05	run-02	33	1985.0	629.0	0	0.5504434108734131
sub-05	ses-05	run-02	34	629.0	725.0	0	0.5582735538482666
sub-05	ses-05	run-02	35	725.0	468.0	0	0.5439566373825073
sub-05	ses-05	run-02	36	468.0	2102.0	0	0.5683044195175171
sub-05	ses-05	run-03	1	baseline	1053.0	0	0.5768054127693176
sub-05	ses-05	run-03	2	1053.0	413.0	0	0.5915660858154297
sub-05	ses-05	run-03	3	413.0	1715.0	0	0.5329660177230835
sub-05	ses-05	run-03	4	1715.0	1104.0	0	0.6241294741630554
sub-05	ses-05	run-03	5	1104.0	1661.0	0	0.5272466540336609
sub-05	ses-05	run-03	6	1661.0	172.0	0	0.48648801445961
sub-05	ses-05	run-03	7	172.0	1942.0	0	0.5655626058578491
sub-05	ses-05	run-03	8	1942.0	927.0	0	0.548791229724884
sub-05	ses-05	run-03	9	927.0	753.0	0	0.5303673148155212
sub-05	ses-05	run-03	10	753.0	1619.0	0	0.5142542719841003
sub-05	ses-05	run-03	11	1619.0	1662.0	0	0.5373009443283081
sub-05	ses-05	run-03	12	1662.0	643.0	0	0.5054000616073608
sub-05	ses-05	run-03	13	643.0	567.0	0	0.5279555320739746
sub-05	ses-05	run-03	14	567.0	742.0	0	0.507887065410614
sub-05	ses-05	run-03	15	742.0	446.0	0	0.49374210834503174
sub-05	ses-05	run-03	16	446.0	1991.0	0	0.5749678015708923
sub-05	ses-05	run-03	17	1991.0	555.0	0	0.5466369390487671
sub-05	ses-05	run-03	18	555.0	1654.0	0	0.5314368605613708
sub-05	ses-05	run-03	19	1654.0	430.0	0	0.5299279689788818
sub-05	ses-05	run-03	20	430.0	1934.0	0	0.5432480573654175
sub-05	ses-05	run-03	21	1934.0	1394.0	0	0.5131329894065857
sub-05	ses-05	run-03	22	1394.0	1590.0	0	0.5205745697021484
sub-05	ses-05	run-03	23	1590.0	1146.0	0	0.4857200086116791
sub-05	ses-05	run-03	24	1146.0	1279.0	0	0.48460185527801514
sub-05	ses-05	run-03	25	1279.0	1849.0	0	0.5079829096794128
sub-05	ses-05	run-03	26	1849.0	1615.0	0	0.5296743512153625
sub-05	ses-05	run-03	27	1615.0	902.0	0	0.5130035281181335
sub-05	ses-05	run-03	28	902.0	2182.0	0	0.46950599551200867
sub-05	ses-05	run-03	29	2182.0	1671.0	0	0.48523399233818054
sub-05	ses-05	run-03	30	1671.0	1762.0	0	0.5128228068351746
sub-05	ses-05	run-03	31	1762.0	328.0	0	0.5682252645492554
sub-05	ses-05	run-03	32	328.0	2137.0	0	0.5013008713722229
sub-05	ses-05	run-03	33	2137.0	721.0	0	0.5159614086151123
sub-05	ses-05	run-03	34	721.0	1142.0	0	0.5154356360435486
sub-05	ses-05	run-03	35	1142.0	498.0	0	0.5481469631195068
sub-05	ses-05	run-03	36	498.0	639.0	0	0.5586001873016357
sub-05	ses-05	run-04	1	baseline	503.0	0	0.5366224646568298
sub-05	ses-05	run-04	2	503.0	405.0	0	0.5243855118751526
sub-05	ses-05	run-04	3	405.0	1123.0	0	0.5097157955169678
sub-05	ses-05	run-04	4	1123.0	2176.0	0	0.5371330380439758
sub-05	ses-05	run-04	5	2176.0	676.0	0	0.49038267135620117
sub-05	ses-05	run-04	6	676.0	1229.0	0	0.5459626913070679
sub-05	ses-05	run-04	7	1229.0	772.0	0	0.5140382051467896
sub-05	ses-05	run-04	8	772.0	441.0	0	0.52512127161026
sub-05	ses-05	run-04	9	441.0	375.0	0	0.5419880747795105
sub-05	ses-05	run-04	10	375.0	984.0	0	0.5217650532722473
sub-05	ses-05	run-04	11	984.0	951.0	0	0.5770909786224365
sub-05	ses-05	run-04	12	951.0	983.0	0	0.4841971695423126
sub-05	ses-05	run-04	13	983.0	2039.0	0	0.5401880145072937
sub-05	ses-05	run-04	14	2039.0	608.0	0	0.48799726366996765
sub-05	ses-05	run-04	15	608.0	287.0	0	0.5896347761154175
sub-05	ses-05	run-04	16	287.0	1886.0	0	0.5084150433540344
sub-05	ses-05	run-04	17	1886.0	893.0	0	0.48890551924705505
sub-05	ses-05	run-04	18	893.0	1048.0	0	0.530765950679779
sub-05	ses-05	run-04	19	1048.0	203.0	0	0.503279447555542
sub-05	ses-05	run-04	20	203.0	993.0	0	0.5331409573554993
sub-05	ses-05	run-04	21	993.0	1684.0	0	0.6000816822052002
sub-05	ses-05	run-04	22	1684.0	281.0	0	0.5247399806976318
sub-05	ses-05	run-04	23	281.0	1446.0	0	0.5243920683860779
sub-05	ses-05	run-04	24	1446.0	1708.0	0	0.5150708556175232
sub-05	ses-05	run-04	25	1708.0	18.0	0	0.5438225865364075
sub-05	ses-05	run-04	26	18.0	644.0	0	0.5271512269973755
sub-05	ses-05	run-04	27	644.0	1198.0	0	0.5079494714736938
sub-05	ses-05	run-04	28	1198.0	547.0	0	0.5055831670761108
sub-05	ses-05	run-04	29	547.0	1315.0	0	0.5921298861503601
sub-05	ses-05	run-04	30	1315.0	660.0	0	0.5177047252655029
sub-05	ses-05	run-04	31	660.0	426.0	0	0.5314115881919861
sub-05	ses-05	run-04	32	426.0	1588.0	0	0.6265010833740234
sub-05	ses-05	run-04	33	1588.0	1890.0	0	0.6121341586112976
sub-05	ses-05	run-04	34	1890.0	1795.0	0	0.6070380806922913
sub-05	ses-05	run-04	35	1795.0	1873.0	0	0.5560776591300964
sub-05	ses-05	run-04	36	1873.0	2004.0	0	0.6249566674232483
sub-05	ses-05	run-05	1	baseline	1699.0	0	0.5320475697517395
sub-05	ses-05	run-05	2	1699.0	760.0	0	0.5955044031143188
sub-05	ses-05	run-05	3	760.0	1393.0	0	0.5768029689788818
sub-05	ses-05	run-05	4	1393.0	1878.0	0	0.5814224481582642
sub-05	ses-05	run-05	5	1878.0	1480.0	0	0.5486451983451843
sub-05	ses-05	run-05	6	1480.0	504.0	0	0.5721752643585205
sub-05	ses-05	run-05	7	504.0	1833.0	0	0.5475557446479797
sub-05	ses-05	run-05	8	1833.0	1784.0	0	0.5018469095230103
sub-05	ses-05	run-05	9	1784.0	1742.0	0	0.5306383371353149
sub-05	ses-05	run-05	10	1742.0	1049.0	0	0.583686888217926
sub-05	ses-05	run-05	11	1049.0	1386.0	0	0.5638478994369507
sub-05	ses-05	run-05	12	1386.0	327.0	0	0.5461141467094421
sub-05	ses-05	run-05	13	327.0	201.0	0	0.526143491268158
sub-05	ses-05	run-05	14	201.0	625.0	0	0.554919421672821
sub-05	ses-05	run-05	15	625.0	1363.0	0	0.5477333664894104
sub-05	ses-05	run-05	16	1363.0	1982.0	0	0.5307025909423828
sub-05	ses-05	run-05	17	1982.0	2162.0	0	0.5865217447280884
sub-05	ses-05	run-05	18	2162.0	143.0	0	0.5356942415237427
sub-05	ses-05	run-05	19	143.0	1704.0	0	0.6090216040611267
sub-05	ses-05	run-05	20	1704.0	175.0	0	0.5287184119224548
sub-05	ses-05	run-05	21	175.0	1808.0	0	0.5395944118499756
sub-05	ses-05	run-05	22	1808.0	372.0	0	0.5597738027572632
sub-05	ses-05	run-05	23	372.0	141.0	0	0.5532426238059998
sub-05	ses-05	run-05	24	141.0	1170.0	0	0.540425181388855
sub-05	ses-05	run-05	25	1170.0	1650.0	0	0.5652358531951904
sub-05	ses-05	run-05	26	1650.0	1079.0	0	0.5430793166160583
sub-05	ses-05	run-05	27	1079.0	1082.0	0	0.5495346784591675
sub-05	ses-05	run-05	28	1082.0	1300.0	0	0.5297077298164368
sub-05	ses-05	run-05	29	1300.0	964.0	0	0.506334662437439
sub-05	ses-05	run-05	30	964.0	1470.0	0	0.5747417211532593
sub-05	ses-05	run-05	31	1470.0	1210.0	0	0.5719324350357056
sub-05	ses-05	run-05	32	1210.0	1732.0	0	0.5322327017784119
sub-05	ses-05	run-05	33	1732.0	1681.0	0	0.584632396697998
sub-05	ses-05	run-05	34	1681.0	557.0	0	0.5849993228912354
sub-05	ses-05	run-05	35	557.0	994.0	0	0.5115547180175781
sub-05	ses-05	run-05	36	994.0	1571.0	0	0.5825743675231934
sub-05	ses-05	run-06	1	baseline	210.0	0	0.6075384616851807
sub-05	ses-05	run-06	2	210.0	1902.0	0	0.5601973533630371
sub-05	ses-05	run-06	3	1902.0	57.0	0	0.5169773697853088
sub-05	ses-05	run-06	4	57.0	1793.0	0	0.5359862446784973
sub-05	ses-05	run-06	5	1793.0	225.0	0	0.5203453302383423
sub-05	ses-05	run-06	6	225.0	235.0	0	0.5293903946876526
sub-05	ses-05	run-06	7	235.0	1576.0	0	0.5203298926353455
sub-05	ses-05	run-06	8	1576.0	1295.0	0	0.527744710445404
sub-05	ses-05	run-06	9	1295.0	2113.0	0	0.5115571618080139
sub-05	ses-05	run-06	10	2113.0	883.0	0	0.5614154934883118
sub-05	ses-05	run-06	11	883.0	622.0	0	0.5728424787521362
sub-05	ses-05	run-06	12	622.0	1683.0	0	0.5237414240837097
sub-05	ses-05	run-06	13	1683.0	830.0	0	0.5491899847984314
sub-05	ses-05	run-06	14	830.0	1020.0	0	0.523391604423523
sub-05	ses-05	run-06	15	1020.0	2033.0	0	0.6125203967094421
sub-05	ses-05	run-06	16	2033.0	1231.0	0	0.5252040028572083
sub-05	ses-05	run-06	17	1231.0	1317.0	0	0.5845202207565308
sub-05	ses-05	run-06	18	1317.0	302.0	0	0.5312616229057312
sub-05	ses-05	run-06	19	302.0	545.0	0	0.5389520525932312
sub-05	ses-05	run-06	20	545.0	665.0	0	0.5295299887657166
sub-05	ses-05	run-06	21	665.0	1.0	0	0.5369490385055542
sub-05	ses-05	run-06	22	1.0	470.0	0	0.5354874730110168
sub-05	ses-05	run-06	23	470.0	1516.0	0	0.5512768030166626
sub-05	ses-05	run-06	24	1516.0	1867.0	0	0.5334628820419312
sub-05	ses-05	run-06	25	1867.0	1475.0	0	0.5722775459289551
sub-05	ses-05	run-06	26	1475.0	542.0	0	0.5554863214492798
sub-05	ses-05	run-06	27	542.0	1366.0	0	0.5375929474830627
sub-05	ses-05	run-06	28	1366.0	1332.0	0	0.5564490556716919
sub-05	ses-05	run-06	29	1332.0	1328.0	0	0.5886285901069641
sub-05	ses-05	run-06	30	1328.0	520.0	0	0.5603978633880615
sub-05	ses-05	run-06	31	520.0	1676.0	0	0.527452290058136
sub-05	ses-05	run-06	32	1676.0	1384.0	0	0.5150831341743469
sub-05	ses-05	run-06	33	1384.0	786.0	0	0.5682642459869385
sub-05	ses-05	run-06	34	786.0	1253.0	0	0.5924549102783203
sub-05	ses-05	run-06	35	1253.0	1959.0	0	0.532850980758667
sub-05	ses-05	run-06	36	1959.0	1451.0	0	0.5817879438400269
sub-05	ses-05	run-07	1	baseline	2190.0	0	0.42582276463508606
sub-05	ses-05	run-07	2	2190.0	1880.0	0	0.4682675004005432
sub-05	ses-05	run-07	3	1880.0	23.0	0	0.45958203077316284
sub-05	ses-05	run-07	4	23.0	1225.0	0	0.45787400007247925
sub-05	ses-05	run-07	5	1225.0	179.0	0	0.4848763346672058
sub-05	ses-05	run-07	6	179.0	1074.0	0	0.5796782970428467
sub-05	ses-05	run-07	7	1074.0	1707.0	0	0.6033446192741394
sub-05	ses-05	run-07	8	1707.0	527.0	0	0.48553356528282166
sub-05	ses-05	run-07	9	527.0	1416.0	0	0.5305792689323425
sub-05	ses-05	run-07	10	1416.0	153.0	0	0.4475349485874176
sub-05	ses-05	run-07	11	153.0	887.0	0	0.4583757519721985
sub-05	ses-05	run-07	12	887.0	1154.0	0	0.771034836769104
sub-05	ses-05	run-07	13	1154.0	1149.0	0	0.854950487613678
sub-05	ses-05	run-07	14	1149.0	1062.0	0	0.6968968510627747
sub-05	ses-05	run-07	15	1062.0	322.0	0	0.8309309482574463
sub-05	ses-05	run-07	16	322.0	656.0	0	0.5321715474128723
sub-05	ses-05	run-07	17	656.0	1631.0	0	0.4542514383792877
sub-05	ses-05	run-07	18	1631.0	533.0	0	0.4696935713291168
sub-05	ses-05	run-07	19	533.0	749.0	0	0.48636510968208313
sub-05	ses-05	run-07	20	749.0	1604.0	0	0.5385409593582153
sub-05	ses-05	run-07	21	1604.0	88.0	0	0.5008105635643005
sub-05	ses-05	run-07	22	88.0	1221.0	0	0.4477762281894684
sub-05	ses-05	run-07	23	1221.0	2.0	0	0.4332761764526367
sub-05	ses-05	run-07	24	2.0	112.0	0	0.4398176074028015
sub-05	ses-05	run-07	25	112.0	164.0	0	0.5409742593765259
sub-05	ses-05	run-07	26	164.0	990.0	0	0.5894290804862976
sub-05	ses-05	run-07	27	990.0	1350.0	0	0.5192838311195374
sub-05	ses-05	run-07	28	1350.0	954.0	0	0.45593124628067017
sub-05	ses-05	run-07	29	954.0	1442.0	0	0.5446839928627014
sub-05	ses-05	run-07	30	1442.0	180.0	0	0.4512515366077423
sub-05	ses-05	run-07	31	180.0	891.0	0	0.5002824068069458
sub-05	ses-05	run-07	32	891.0	1482.0	0	0.5077124834060669
sub-05	ses-05	run-07	33	1482.0	1448.0	0	0.5133529305458069
sub-05	ses-05	run-07	34	1448.0	607.0	0	0.48406487703323364
sub-05	ses-05	run-07	35	607.0	1514.0	0	0.4800582528114319
sub-05	ses-05	run-07	36	1514.0	191.0	0	0.6274909377098083
sub-05	ses-05	run-08	1	baseline	683.0	0	0.5099003911018372
sub-05	ses-05	run-08	2	683.0	1944.0	0	0.4995752274990082
sub-05	ses-05	run-08	3	1944.0	813.0	0	0.6056711673736572
sub-05	ses-05	run-08	4	813.0	2116.0	0	0.5522874593734741
sub-05	ses-05	run-08	5	2116.0	2048.0	0	0.5249546766281128
sub-05	ses-05	run-08	6	2048.0	1176.0	0	0.5133084654808044
sub-05	ses-05	run-08	7	1176.0	206.0	0	0.4960571825504303
sub-05	ses-05	run-08	8	206.0	1641.0	0	0.5405887961387634
sub-05	ses-05	run-08	9	1641.0	87.0	0	0.4840520918369293
sub-05	ses-05	run-08	10	87.0	1122.0	0	0.5202920436859131
sub-05	ses-05	run-08	11	1122.0	930.0	0	0.5392149090766907
sub-05	ses-05	run-08	12	930.0	543.0	0	0.49096444249153137
sub-05	ses-05	run-08	13	543.0	1508.0	0	0.4979517459869385
sub-05	ses-05	run-08	14	1508.0	362.0	0	0.5523777604103088
sub-05	ses-05	run-08	15	362.0	1275.0	0	0.5497548580169678
sub-05	ses-05	run-08	16	1275.0	1980.0	0	0.5140239596366882
sub-05	ses-05	run-08	17	1980.0	1963.0	0	0.513818085193634
sub-05	ses-05	run-08	18	1963.0	1151.0	0	0.709534227848053
sub-05	ses-05	run-08	19	1151.0	370.0	0	0.6105424165725708
sub-05	ses-05	run-08	20	370.0	675.0	0	0.6053658723831177
sub-05	ses-05	run-08	21	675.0	1391.0	0	0.5806658267974854
sub-05	ses-05	run-08	22	1391.0	671.0	0	0.5522452592849731
sub-05	ses-05	run-08	23	671.0	812.0	0	0.523000180721283
sub-05	ses-05	run-08	24	812.0	593.0	0	0.6075839400291443
sub-05	ses-05	run-08	25	593.0	8.0	0	0.6266094446182251
sub-05	ses-05	run-08	26	8.0	59.0	0	0.5372890830039978
sub-05	ses-05	run-08	27	59.0	978.0	0	0.5120179653167725
sub-05	ses-05	run-08	28	978.0	1812.0	0	0.5313961505889893
sub-05	ses-05	run-08	29	1812.0	1785.0	0	0.5341987013816833
sub-05	ses-05	run-08	30	1785.0	1758.0	0	0.5138009190559387
sub-05	ses-05	run-08	31	1758.0	348.0	0	0.568513035774231
sub-05	ses-05	run-08	32	348.0	878.0	0	0.5900533199310303
sub-05	ses-05	run-08	33	878.0	48.0	0	0.5004304051399231
sub-05	ses-05	run-08	34	48.0	890.0	0	0.4966227412223816
sub-05	ses-05	run-08	35	890.0	1530.0	0	0.5363897681236267
sub-05	ses-05	run-08	36	1530.0	897.0	0	0.5361208915710449
sub-05	ses-06	run-01	1	baseline	115.0	0	0.6933059096336365
sub-05	ses-06	run-01	2	115.0	1923.0	0	0.5527672171592712
sub-05	ses-06	run-01	3	1923.0	2106.0	0	0.5258727073669434
sub-05	ses-06	run-01	4	2106.0	2134.0	0	0.4986903965473175
sub-05	ses-06	run-01	5	2134.0	1759.0	0	0.5092663764953613
sub-05	ses-06	run-01	6	1759.0	1307.0	0	0.6093655228614807
sub-05	ses-06	run-01	7	1307.0	933.0	0	0.5847832560539246
sub-05	ses-06	run-01	8	933.0	271.0	0	0.5810458064079285
sub-05	ses-06	run-01	9	271.0	383.0	0	0.5687426328659058
sub-05	ses-06	run-01	10	383.0	450.0	0	0.5040132999420166
sub-05	ses-06	run-01	11	450.0	1240.0	0	0.5771264433860779
sub-05	ses-06	run-01	12	1240.0	1461.0	0	0.5871905088424683
sub-05	ses-06	run-01	13	1461.0	793.0	0	0.5156408548355103
sub-05	ses-06	run-01	14	793.0	1930.0	0	0.5508576035499573
sub-05	ses-06	run-01	15	1930.0	1569.0	0	0.5922210216522217
sub-05	ses-06	run-01	16	1569.0	850.0	0	0.5725570321083069
sub-05	ses-06	run-01	17	850.0	1218.0	0	0.5797401666641235
sub-05	ses-06	run-01	18	1218.0	1881.0	0	0.6109311580657959
sub-05	ses-06	run-01	19	1881.0	82.0	0	0.6229415535926819
sub-05	ses-06	run-01	20	82.0	486.0	0	0.5898863673210144
sub-05	ses-06	run-01	21	486.0	1460.0	0	0.5448644757270813
sub-05	ses-06	run-01	22	1460.0	514.0	0	0.5390964150428772
sub-05	ses-06	run-01	23	514.0	209.0	0	0.5511285662651062
sub-05	ses-06	run-01	24	209.0	1088.0	0	0.5607568621635437
sub-05	ses-06	run-01	25	1088.0	193.0	0	0.5102294683456421
sub-05	ses-06	run-01	26	193.0	443.0	0	0.52117520570755
sub-05	ses-06	run-01	27	443.0	2015.0	0	0.5599504113197327
sub-05	ses-06	run-01	28	2015.0	27.0	0	0.555267333984375
sub-05	ses-06	run-01	29	27.0	2098.0	0	0.5452357530593872
sub-05	ses-06	run-01	30	2098.0	691.0	0	0.523120641708374
sub-05	ses-06	run-01	31	691.0	1169.0	0	0.521828293800354
sub-05	ses-06	run-01	32	1169.0	754.0	0	0.5105753540992737
sub-05	ses-06	run-01	33	754.0	1722.0	0	0.5750581622123718
sub-05	ses-06	run-01	34	1722.0	856.0	0	0.5435787439346313
sub-05	ses-06	run-01	35	856.0	1400.0	0	0.6050434708595276
sub-05	ses-06	run-01	36	1400.0	1913.0	0	0.6130595207214355
sub-05	ses-06	run-02	1	baseline	1986.0	0	0.6077912449836731
sub-05	ses-06	run-02	2	1986.0	1255.0	0	0.5370159149169922
sub-05	ses-06	run-02	3	1255.0	1860.0	0	0.5088458061218262
sub-05	ses-06	run-02	4	1860.0	1288.0	0	0.5124975442886353
sub-05	ses-06	run-02	5	1288.0	52.0	0	0.5259683728218079
sub-05	ses-06	run-02	6	52.0	1441.0	0	0.5309773087501526
sub-05	ses-06	run-02	7	1441.0	54.0	0	0.5377378463745117
sub-05	ses-06	run-02	8	54.0	1827.0	0	0.5470784902572632
sub-05	ses-06	run-02	9	1827.0	239.0	0	0.474629282951355
sub-05	ses-06	run-02	10	239.0	549.0	0	0.5708750486373901
sub-05	ses-06	run-02	11	549.0	168.0	0	0.6015534400939941
sub-05	ses-06	run-02	12	168.0	1339.0	0	0.5405941605567932
sub-05	ses-06	run-02	13	1339.0	848.0	0	0.5168036818504333
sub-05	ses-06	run-02	14	848.0	1343.0	0	0.5354200005531311
sub-05	ses-06	run-02	15	1343.0	1589.0	0	0.5519357323646545
sub-05	ses-06	run-02	16	1589.0	587.0	0	0.5218392014503479
sub-05	ses-06	run-02	17	587.0	1636.0	0	0.4938015639781952
sub-05	ses-06	run-02	18	1636.0	1454.0	0	0.5380107760429382
sub-05	ses-06	run-02	19	1454.0	1581.0	0	0.6036328673362732
sub-05	ses-06	run-02	20	1581.0	1281.0	0	0.6046907305717468
sub-05	ses-06	run-02	21	1281.0	445.0	0	0.5248481035232544
sub-05	ses-06	run-02	22	445.0	1316.0	0	0.5731219053268433
sub-05	ses-06	run-02	23	1316.0	439.0	0	0.48094478249549866
sub-05	ses-06	run-02	24	439.0	741.0	0	0.577908992767334
sub-05	ses-06	run-02	25	741.0	1513.0	0	0.5336487293243408
sub-05	ses-06	run-02	26	1513.0	1472.0	0	0.5833553075790405
sub-05	ses-06	run-02	27	1472.0	1124.0	0	0.5568163990974426
sub-05	ses-06	run-02	28	1124.0	1110.0	0	0.5168445706367493
sub-05	ses-06	run-02	29	1110.0	804.0	0	0.5807885527610779
sub-05	ses-06	run-02	30	804.0	2109.0	0	0.4847898781299591
sub-05	ses-06	run-02	31	2109.0	1297.0	0	0.5599913001060486
sub-05	ses-06	run-02	32	1297.0	1905.0	0	0.5006458759307861
sub-05	ses-06	run-02	33	1905.0	1609.0	0	0.5232034921646118
sub-05	ses-06	run-02	34	1609.0	1638.0	0	0.6151255965232849
sub-05	ses-06	run-02	35	1638.0	2160.0	0	0.6009326577186584
sub-05	ses-06	run-02	36	2160.0	1273.0	0	0.5142006278038025
sub-05	ses-06	run-03	1	baseline	92.0	0	0.5087080597877502
sub-05	ses-06	run-03	2	92.0	669.0	0	0.5484773516654968
sub-05	ses-06	run-03	3	669.0	1133.0	0	0.5516268610954285
sub-05	ses-06	run-03	4	1133.0	1825.0	0	0.5577731728553772
sub-05	ses-06	run-03	5	1825.0	916.0	0	0.49893951416015625
sub-05	ses-06	run-03	6	916.0	681.0	0	0.6212477087974548
sub-05	ses-06	run-03	7	681.0	2060.0	0	0.5718560218811035
sub-05	ses-06	run-03	8	2060.0	1086.0	0	0.5420362949371338
sub-05	ses-06	run-03	9	1086.0	966.0	0	0.48924073576927185
sub-05	ses-06	run-03	10	966.0	444.0	0	0.5830175876617432
sub-05	ses-06	run-03	11	444.0	2185.0	0	0.558588445186615
sub-05	ses-06	run-03	12	2185.0	451.0	0	0.5458881855010986
sub-05	ses-06	run-03	13	451.0	222.0	0	0.5530129075050354
sub-05	ses-06	run-03	14	222.0	1596.0	0	0.4787358343601227
sub-05	ses-06	run-03	15	1596.0	1565.0	0	0.49820464849472046
sub-05	ses-06	run-03	16	1565.0	541.0	0	0.5454118251800537
sub-05	ses-06	run-03	17	541.0	1320.0	0	0.5167136788368225
sub-05	ses-06	run-03	18	1320.0	1354.0	0	0.5113728046417236
sub-05	ses-06	run-03	19	1354.0	7.0	0	0.5538706183433533
sub-05	ses-06	run-03	20	7.0	1781.0	0	0.54286128282547
sub-05	ses-06	run-03	21	1781.0	1310.0	0	0.5751912593841553
sub-05	ses-06	run-03	22	1310.0	378.0	0	0.6148511171340942
sub-05	ses-06	run-03	23	378.0	2070.0	0	0.5220670700073242
sub-05	ses-06	run-03	24	2070.0	1958.0	0	0.5463919639587402
sub-05	ses-06	run-03	25	1958.0	334.0	0	0.5235888957977295
sub-05	ses-06	run-03	26	334.0	1108.0	0	0.5452502369880676
sub-05	ses-06	run-03	27	1108.0	1666.0	0	0.5592041015625
sub-05	ses-06	run-03	28	1666.0	726.0	0	0.5279721021652222
sub-05	ses-06	run-03	29	726.0	1112.0	0	0.5538568496704102
sub-05	ses-06	run-03	30	1112.0	530.0	0	0.53042072057724
sub-05	ses-06	run-03	31	530.0	1420.0	0	0.5372410416603088
sub-05	ses-06	run-03	32	1420.0	734.0	0	0.5368689894676208
sub-05	ses-06	run-03	33	734.0	1529.0	0	0.5900782346725464
sub-05	ses-06	run-03	34	1529.0	89.0	0	0.5256600975990295
sub-05	ses-06	run-03	35	89.0	1379.0	0	0.5268777012825012
sub-05	ses-06	run-03	36	1379.0	972.0	0	0.5297382473945618
sub-05	ses-06	run-04	1	baseline	920.0	0	0.5409063696861267
sub-05	ses-06	run-04	2	920.0	1280.0	0	0.5726565718650818
sub-05	ses-06	run-04	3	1280.0	585.0	0	0.5443172454833984
sub-05	ses-06	run-04	4	585.0	1594.0	0	0.5714917778968811
sub-05	ses-06	run-04	5	1594.0	1893.0	0	0.5478032231330872
sub-05	ses-06	run-04	6	1893.0	1627.0	0	0.576073408126831
sub-05	ses-06	run-04	7	1627.0	461.0	0	0.5663704872131348
sub-05	ses-06	run-04	8	461.0	1984.0	0	0.5452439188957214
sub-05	ses-06	run-04	9	1984.0	731.0	0	0.5517652630805969
sub-05	ses-06	run-04	10	731.0	1414.0	0	0.47481048107147217
sub-05	ses-06	run-04	11	1414.0	599.0	0	0.5369601845741272
sub-05	ses-06	run-04	12	599.0	85.0	0	0.5251362919807434
sub-05	ses-06	run-04	13	85.0	1926.0	0	0.5092916488647461
sub-05	ses-06	run-04	14	1926.0	918.0	0	0.614648163318634
sub-05	ses-06	run-04	15	918.0	303.0	0	0.5964452624320984
sub-05	ses-06	run-04	16	303.0	1459.0	0	0.5508146286010742
sub-05	ses-06	run-04	17	1459.0	962.0	0	0.6084911227226257
sub-05	ses-06	run-04	18	962.0	184.0	0	0.529405415058136
sub-05	ses-06	run-04	19	184.0	662.0	0	0.5543913841247559
sub-05	ses-06	run-04	20	662.0	252.0	0	0.5322070717811584
sub-05	ses-06	run-04	21	252.0	79.0	0	0.5431817770004272
sub-05	ses-06	run-04	22	79.0	968.0	0	0.5331900119781494
sub-05	ses-06	run-04	23	968.0	1855.0	0	0.5245851278305054
sub-05	ses-06	run-04	24	1855.0	1378.0	0	0.49175652861595154
sub-05	ses-06	run-04	25	1378.0	800.0	0	0.5561405420303345
sub-05	ses-06	run-04	26	800.0	1807.0	0	0.5107622146606445
sub-05	ses-06	run-04	27	1807.0	1523.0	0	0.5563555955886841
sub-05	ses-06	run-04	28	1523.0	2045.0	0	0.5474763512611389
sub-05	ses-06	run-04	29	2045.0	710.0	0	0.5538337230682373
sub-05	ses-06	run-04	30	710.0	2051.0	0	0.5425863265991211
sub-05	ses-06	run-04	31	2051.0	1510.0	0	0.5371392965316772
sub-05	ses-06	run-04	32	1510.0	919.0	0	0.5423989295959473
sub-05	ses-06	run-04	33	919.0	1655.0	0	0.488262802362442
sub-05	ses-06	run-04	34	1655.0	360.0	0	0.601876437664032
sub-05	ses-06	run-04	35	360.0	116.0	0	0.5510458946228027
sub-05	ses-06	run-04	36	116.0	797.0	0	0.60934978723526
sub-05	ses-06	run-05	1	baseline	1645.0	0	0.5831422805786133
sub-05	ses-06	run-05	2	1645.0	781.0	0	0.5794322490692139
sub-05	ses-06	run-05	3	781.0	528.0	0	0.6140491962432861
sub-05	ses-06	run-05	4	528.0	105.0	0	0.5582367777824402
sub-05	ses-06	run-05	5	105.0	872.0	0	0.602560818195343
sub-05	ses-06	run-05	6	872.0	283.0	0	0.5499253273010254
sub-05	ses-06	run-05	7	283.0	1900.0	0	0.563588559627533
sub-05	ses-06	run-05	8	1900.0	2124.0	0	0.5474156141281128
sub-05	ses-06	run-05	9	2124.0	1599.0	0	0.5255634784698486
sub-05	ses-06	run-05	10	1599.0	45.0	0	0.5782857537269592
sub-05	ses-06	run-05	11	45.0	876.0	0	0.5517968535423279
sub-05	ses-06	run-05	12	876.0	1978.0	0	0.5309500098228455
sub-05	ses-06	run-05	13	1978.0	1920.0	0	0.5332851409912109
sub-05	ses-06	run-05	14	1920.0	161.0	0	0.5483995079994202
sub-05	ses-06	run-05	15	161.0	657.0	0	0.5432469248771667
sub-05	ses-06	run-05	16	657.0	1168.0	0	0.5529210567474365
sub-05	ses-06	run-05	17	1168.0	366.0	0	0.5236321687698364
sub-05	ses-06	run-05	18	366.0	604.0	0	0.5679545402526855
sub-05	ses-06	run-05	19	604.0	2105.0	0	0.58931964635849
sub-05	ses-06	run-05	20	2105.0	123.0	0	0.611780047416687
sub-05	ses-06	run-05	21	123.0	1277.0	0	0.6437849998474121
sub-05	ses-06	run-05	22	1277.0	839.0	0	0.5448035597801208
sub-05	ses-06	run-05	23	839.0	1972.0	0	0.5710538029670715
sub-05	ses-06	run-05	24	1972.0	1916.0	0	0.5836790204048157
sub-05	ses-06	run-05	25	1916.0	300.0	0	0.6029592752456665
sub-05	ses-06	run-05	26	300.0	1397.0	0	0.6008118391036987
sub-05	ses-06	run-05	27	1397.0	396.0	0	0.6145259141921997
sub-05	ses-06	run-05	28	396.0	31.0	0	0.6059710383415222
sub-05	ses-06	run-05	29	31.0	752.0	0	0.551543116569519
sub-05	ses-06	run-05	30	752.0	403.0	0	0.5658069252967834
sub-05	ses-06	run-05	31	403.0	1721.0	0	0.5898167490959167
sub-05	ses-06	run-05	32	1721.0	998.0	0	0.5701492428779602
sub-05	ses-06	run-05	33	998.0	1152.0	0	0.5627014636993408
sub-05	ses-06	run-05	34	1152.0	832.0	0	0.5638951063156128
sub-05	ses-06	run-05	35	832.0	2085.0	0	0.5860359072685242
sub-05	ses-06	run-05	36	2085.0	1896.0	0	0.5808842182159424
sub-05	ses-06	run-06	1	baseline	817.0	0	0.5063929557800293
sub-05	ses-06	run-06	2	817.0	1776.0	0	0.5496576428413391
sub-05	ses-06	run-06	3	1776.0	1682.0	0	0.4849678575992584
sub-05	ses-06	run-06	4	1682.0	1202.0	0	0.5109772086143494
sub-05	ses-06	run-06	5	1202.0	535.0	0	0.5252978801727295
sub-05	ses-06	run-06	6	535.0	959.0	0	0.5115187764167786
sub-05	ses-06	run-06	7	959.0	659.0	0	0.4960409700870514
sub-05	ses-06	run-06	8	659.0	2187.0	0	0.5292399525642395
sub-05	ses-06	run-06	9	2187.0	757.0	0	0.6590009927749634
sub-05	ses-06	run-06	10	757.0	340.0	0	0.5436734557151794
sub-05	ses-06	run-06	11	340.0	651.0	0	0.5709420442581177
sub-05	ses-06	run-06	12	651.0	329.0	0	0.49372127652168274
sub-05	ses-06	run-06	13	329.0	269.0	0	0.4999944567680359
sub-05	ses-06	run-06	14	269.0	892.0	0	0.48315149545669556
sub-05	ses-06	run-06	15	892.0	1859.0	0	0.6262446045875549
sub-05	ses-06	run-06	16	1859.0	1935.0	0	0.5440195798873901
sub-05	ses-06	run-06	17	1935.0	1262.0	0	0.5957325100898743
sub-05	ses-06	run-06	18	1262.0	1629.0	0	0.49050891399383545
sub-05	ses-06	run-06	19	1629.0	1209.0	0	0.5715741515159607
sub-05	ses-06	run-06	20	1209.0	2093.0	0	0.513143002986908
sub-05	ses-06	run-06	21	2093.0	616.0	0	0.5463151335716248
sub-05	ses-06	run-06	22	616.0	1355.0	0	0.5975646376609802
sub-05	ses-06	run-06	23	1355.0	1674.0	0	0.6130927205085754
sub-05	ses-06	run-06	24	1674.0	457.0	0	0.5157206058502197
sub-05	ses-06	run-06	25	457.0	455.0	0	0.4975207448005676
sub-05	ses-06	run-06	26	455.0	371.0	0	0.5228224396705627
sub-05	ses-06	run-06	27	371.0	863.0	0	0.5875524878501892
sub-05	ses-06	run-06	28	863.0	1755.0	0	0.5353860855102539
sub-05	ses-06	run-06	29	1755.0	692.0	0	0.5434685945510864
sub-05	ses-06	run-06	30	692.0	404.0	0	0.5353875160217285
sub-05	ses-06	run-06	31	404.0	357.0	0	0.5722575187683105
sub-05	ses-06	run-06	32	357.0	382.0	0	0.538990318775177
sub-05	ses-06	run-06	33	382.0	733.0	0	0.5115817785263062
sub-05	ses-06	run-06	34	733.0	130.0	0	0.5427389740943909
sub-05	ses-06	run-06	35	130.0	1891.0	0	0.6040828227996826
sub-05	ses-06	run-06	36	1891.0	491.0	0	0.5425717830657959
sub-05	ses-06	run-07	1	baseline	2035.0	0	0.4777551293373108
sub-05	ses-06	run-07	2	2035.0	1063.0	0	0.4717552363872528
sub-05	ses-06	run-07	3	1063.0	790.0	0	0.4911486804485321
sub-05	ses-06	run-07	4	790.0	1821.0	0	0.5165860056877136
sub-05	ses-06	run-07	5	1821.0	516.0	0	0.47853681445121765
sub-05	ses-06	run-07	6	516.0	1304.0	0	0.48641374707221985
sub-05	ses-06	run-07	7	1304.0	1269.0	0	0.48697200417518616
sub-05	ses-06	run-07	8	1269.0	672.0	0	0.47507479786872864
sub-05	ses-06	run-07	9	672.0	2131.0	0	0.4775906801223755
sub-05	ses-06	run-07	10	2131.0	512.0	0	0.4719589948654175
sub-05	ses-06	run-07	11	512.0	71.0	0	0.4374530017375946
sub-05	ses-06	run-07	12	71.0	323.0	0	0.44772055745124817
sub-05	ses-06	run-07	13	323.0	646.0	0	0.4776917099952698
sub-05	ses-06	run-07	14	646.0	1766.0	0	0.48970335721969604
sub-05	ses-06	run-07	15	1766.0	1805.0	0	0.5194349884986877
sub-05	ses-06	run-07	16	1805.0	1388.0	0	0.5585174560546875
sub-05	ses-06	run-07	17	1388.0	911.0	0	0.4826067388057709
sub-05	ses-06	run-07	18	911.0	2027.0	0	0.5150730013847351
sub-05	ses-06	run-07	19	2027.0	1687.0	0	0.5346741676330566
sub-05	ses-06	run-07	20	1687.0	254.0	0	0.4464772939682007
sub-05	ses-06	run-07	21	254.0	268.0	0	0.47654157876968384
sub-05	ses-06	run-07	22	268.0	2129.0	0	0.43792998790740967
sub-05	ses-06	run-07	23	2129.0	871.0	0	0.46461668610572815
sub-05	ses-06	run-07	24	871.0	2138.0	0	0.44948211312294006
sub-05	ses-06	run-07	25	2138.0	107.0	0	0.46729058027267456
sub-05	ses-06	run-07	26	107.0	1457.0	0	0.45894283056259155
sub-05	ses-06	run-07	27	1457.0	1099.0	0	0.48093122243881226
sub-05	ses-06	run-07	28	1099.0	442.0	0	0.9855683445930481
sub-05	ses-06	run-07	29	442.0	1061.0	0	1.0412079095840454
sub-05	ses-06	run-07	30	1061.0	519.0	0	0.603882372379303
sub-05	ses-06	run-07	31	519.0	899.0	0	0.6610046029090881
sub-05	ses-06	run-07	32	899.0	1439.0	0	0.5045101046562195
sub-05	ses-06	run-07	33	1439.0	502.0	0	0.4353148639202118
sub-05	ses-06	run-07	34	502.0	315.0	0	0.4611857533454895
sub-05	ses-06	run-07	35	315.0	1560.0	0	0.47790539264678955
sub-05	ses-06	run-07	36	1560.0	1804.0	0	0.4736899137496948
sub-05	ses-06	run-08	1	baseline	321.0	0	0.5537651181221008
sub-05	ses-06	run-08	2	321.0	748.0	0	0.5651496052742004
sub-05	ses-06	run-08	3	748.0	849.0	0	0.5536783933639526
sub-05	ses-06	run-08	4	849.0	169.0	0	0.5154058337211609
sub-05	ses-06	run-08	5	169.0	1224.0	0	0.5106360912322998
sub-05	ses-06	run-08	6	1224.0	723.0	0	0.4934145212173462
sub-05	ses-06	run-08	7	723.0	1483.0	0	0.47576141357421875
sub-05	ses-06	run-08	8	1483.0	1572.0	0	0.4552097022533417
sub-05	ses-06	run-08	9	1572.0	1005.0	0	0.5202748775482178
sub-05	ses-06	run-08	10	1005.0	1217.0	0	0.5269364714622498
sub-05	ses-06	run-08	11	1217.0	1092.0	0	0.4723566472530365
sub-05	ses-06	run-08	12	1092.0	1933.0	0	0.5012563467025757
sub-05	ses-06	run-08	13	1933.0	1182.0	0	0.4680279493331909
sub-05	ses-06	run-08	14	1182.0	799.0	0	0.47917571663856506
sub-05	ses-06	run-08	15	799.0	124.0	0	0.4943944811820984
sub-05	ses-06	run-08	16	124.0	769.0	0	0.4644506871700287
sub-05	ses-06	run-08	17	769.0	1479.0	0	0.47431299090385437
sub-05	ses-06	run-08	18	1479.0	1239.0	0	0.5873523950576782
sub-05	ses-06	run-08	19	1239.0	602.0	0	0.4669172763824463
sub-05	ses-06	run-08	20	602.0	1621.0	0	0.46799230575561523
sub-05	ses-06	run-08	21	1621.0	1344.0	0	0.46334660053253174
sub-05	ses-06	run-08	22	1344.0	304.0	0	0.6665510535240173
sub-05	ses-06	run-08	23	304.0	722.0	0	0.5214185118675232
sub-05	ses-06	run-08	24	722.0	682.0	0	0.46880754828453064
sub-05	ses-06	run-08	25	682.0	80.0	0	0.4879823923110962
sub-05	ses-06	run-08	26	80.0	661.0	0	0.48329561948776245
sub-05	ses-06	run-08	27	661.0	248.0	0	0.6907163858413696
sub-05	ses-06	run-08	28	248.0	1117.0	0	0.613817036151886
sub-05	ses-06	run-08	29	1117.0	1938.0	0	0.786568820476532
sub-05	ses-06	run-08	30	1938.0	150.0	0	0.6296533942222595
sub-05	ses-06	run-08	31	150.0	1191.0	0	0.537507951259613
sub-05	ses-06	run-08	32	1191.0	2049.0	0	0.4805492162704468
sub-05	ses-06	run-08	33	2049.0	1877.0	0	0.45153751969337463
sub-05	ses-06	run-08	34	1877.0	1261.0	0	0.469990611076355
sub-05	ses-06	run-08	35	1261.0	1425.0	0	0.46248412132263184
sub-05	ses-06	run-08	36	1425.0	655.0	0	0.4825151562690735
sub-05	ses-07	run-01	1	baseline	1577.0	0	0.5680894255638123
sub-05	ses-07	run-01	2	1577.0	842.0	0	0.5483777523040771
sub-05	ses-07	run-01	3	842.0	2079.0	0	0.5394541621208191
sub-05	ses-07	run-01	4	2079.0	1107.0	0	0.5506759285926819
sub-05	ses-07	run-01	5	1107.0	1206.0	0	0.591362714767456
sub-05	ses-07	run-01	6	1206.0	1680.0	0	0.5997653603553772
sub-05	ses-07	run-01	7	1680.0	158.0	0	0.555529773235321
sub-05	ses-07	run-01	8	158.0	1264.0	0	0.5249009728431702
sub-05	ses-07	run-01	9	1264.0	135.0	0	0.5522809028625488
sub-05	ses-07	run-01	10	135.0	65.0	0	0.5317479968070984
sub-05	ses-07	run-01	11	65.0	2067.0	0	0.5470970273017883
sub-05	ses-07	run-01	12	2067.0	1987.0	0	0.5382604002952576
sub-05	ses-07	run-01	13	1987.0	885.0	0	0.5661889314651489
sub-05	ses-07	run-01	14	885.0	1746.0	0	0.5342457294464111
sub-05	ses-07	run-01	15	1746.0	376.0	0	0.5348398685455322
sub-05	ses-07	run-01	16	376.0	246.0	0	0.5331155061721802
sub-05	ses-07	run-01	17	246.0	2117.0	0	0.5432949066162109
sub-05	ses-07	run-01	18	2117.0	1055.0	0	0.5599192380905151
sub-05	ses-07	run-01	19	1055.0	1382.0	0	0.5548710227012634
sub-05	ses-07	run-01	20	1382.0	464.0	0	0.5870445370674133
sub-05	ses-07	run-01	21	464.0	56.0	0	0.5546522736549377
sub-05	ses-07	run-01	22	56.0	1943.0	0	0.555230438709259
sub-05	ses-07	run-01	23	1943.0	2111.0	0	0.5588176846504211
sub-05	ses-07	run-01	24	2111.0	392.0	0	0.5507084131240845
sub-05	ses-07	run-01	25	392.0	40.0	0	0.5663054585456848
sub-05	ses-07	run-01	26	40.0	776.0	0	0.5645734071731567
sub-05	ses-07	run-01	27	776.0	126.0	0	0.545846700668335
sub-05	ses-07	run-01	28	126.0	101.0	0	0.5937065482139587
sub-05	ses-07	run-01	29	101.0	385.0	0	0.5656629204750061
sub-05	ses-07	run-01	30	385.0	1846.0	0	0.5601131319999695
sub-05	ses-07	run-01	31	1846.0	843.0	0	0.5938270092010498
sub-05	ses-07	run-01	32	843.0	422.0	0	0.5492413640022278
sub-05	ses-07	run-01	33	422.0	1067.0	0	0.6125252842903137
sub-05	ses-07	run-01	34	1067.0	1709.0	0	0.6090407371520996
sub-05	ses-07	run-01	35	1709.0	931.0	0	0.5606802701950073
sub-05	ses-07	run-01	36	931.0	958.0	0	0.5543362498283386
sub-05	ses-07	run-02	1	baseline	2030.0	0	0.6085793375968933
sub-05	ses-07	run-02	2	2030.0	818.0	0	0.5289416909217834
sub-05	ses-07	run-02	3	818.0	1748.0	0	0.526220440864563
sub-05	ses-07	run-02	4	1748.0	1711.0	0	0.5285761952400208
sub-05	ses-07	run-02	5	1711.0	2011.0	0	0.5413081645965576
sub-05	ses-07	run-02	6	2011.0	2136.0	0	0.5487942099571228
sub-05	ses-07	run-02	7	2136.0	1340.0	0	0.5520809888839722
sub-05	ses-07	run-02	8	1340.0	1260.0	0	0.5089763402938843
sub-05	ses-07	run-02	9	1260.0	2055.0	0	0.5361641049385071
sub-05	ses-07	run-02	10	2055.0	171.0	0	0.5140483975410461
sub-05	ses-07	run-02	11	171.0	240.0	0	0.5468286871910095
sub-05	ses-07	run-02	12	240.0	1030.0	0	0.5236595273017883
sub-05	ses-07	run-02	13	1030.0	1064.0	0	0.5313630104064941
sub-05	ses-07	run-02	14	1064.0	1136.0	0	0.5093844532966614
sub-05	ses-07	run-02	15	1136.0	1024.0	0	0.53630530834198
sub-05	ses-07	run-02	16	1024.0	489.0	0	0.5185999870300293
sub-05	ses-07	run-02	17	489.0	1845.0	0	0.512434184551239
sub-05	ses-07	run-02	18	1845.0	1341.0	0	0.5247348546981812
sub-05	ses-07	run-02	19	1341.0	1213.0	0	0.5285728573799133
sub-05	ses-07	run-02	20	1213.0	949.0	0	0.5333957672119141
sub-05	ses-07	run-02	21	949.0	391.0	0	0.5723855495452881
sub-05	ses-07	run-02	22	391.0	950.0	0	0.5878251194953918
sub-05	ses-07	run-02	23	950.0	1549.0	0	0.527569055557251
sub-05	ses-07	run-02	24	1549.0	991.0	0	0.576263964176178
sub-05	ses-07	run-02	25	991.0	589.0	0	0.5203253626823425
sub-05	ses-07	run-02	26	589.0	2057.0	0	0.5490868091583252
sub-05	ses-07	run-02	27	2057.0	915.0	0	0.5235256552696228
sub-05	ses-07	run-02	28	915.0	411.0	0	0.5524410009384155
sub-05	ses-07	run-02	29	411.0	2069.0	0	0.5921410322189331
sub-05	ses-07	run-02	30	2069.0	1489.0	0	0.589464545249939
sub-05	ses-07	run-02	31	1489.0	1705.0	0	0.5908134579658508
sub-05	ses-07	run-02	32	1705.0	2120.0	0	0.5679855942726135
sub-05	ses-07	run-02	33	2120.0	961.0	0	0.5103535056114197
sub-05	ses-07	run-02	34	961.0	1960.0	0	0.5277590751647949
sub-05	ses-07	run-02	35	1960.0	1103.0	0	0.5581849813461304
sub-05	ses-07	run-02	36	1103.0	861.0	0	0.5415214896202087
sub-05	ses-07	run-03	1	baseline	448.0	0	0.5721750259399414
sub-05	ses-07	run-03	2	448.0	91.0	0	0.5744065642356873
sub-05	ses-07	run-03	3	91.0	1478.0	0	0.550355076789856
sub-05	ses-07	run-03	4	1478.0	628.0	0	0.519791841506958
sub-05	ses-07	run-03	5	628.0	1971.0	0	0.5590099096298218
sub-05	ses-07	run-03	6	1971.0	1536.0	0	0.5953174233436584
sub-05	ses-07	run-03	7	1536.0	1325.0	0	0.539487898349762
sub-05	ses-07	run-03	8	1325.0	270.0	0	0.5360702276229858
sub-05	ses-07	run-03	9	270.0	709.0	0	0.5188862681388855
sub-05	ses-07	run-03	10	709.0	834.0	0	0.5517325401306152
sub-05	ses-07	run-03	11	834.0	163.0	0	0.5303491353988647
sub-05	ses-07	run-03	12	163.0	1632.0	0	0.5376667380332947
sub-05	ses-07	run-03	13	1632.0	1955.0	0	0.5870921611785889
sub-05	ses-07	run-03	14	1955.0	233.0	0	0.5869452953338623
sub-05	ses-07	run-03	15	233.0	1623.0	0	0.5484504103660583
sub-05	ses-07	run-03	16	1623.0	1130.0	0	0.5544295310974121
sub-05	ses-07	run-03	17	1130.0	2046.0	0	0.6281301975250244
sub-05	ses-07	run-03	18	2046.0	566.0	0	0.5533801317214966
sub-05	ses-07	run-03	19	566.0	712.0	0	0.554480254650116
sub-05	ses-07	run-03	20	712.0	822.0	0	0.550518810749054
sub-05	ses-07	run-03	21	822.0	2154.0	0	0.5602307915687561
sub-05	ses-07	run-03	22	2154.0	1570.0	0	0.5436160564422607
sub-05	ses-07	run-03	23	1570.0	1743.0	0	0.531211793422699
sub-05	ses-07	run-03	24	1743.0	588.0	0	0.5701738595962524
sub-05	ses-07	run-03	25	588.0	249.0	0	0.5987747311592102
sub-05	ses-07	run-03	26	249.0	128.0	0	0.553040087223053
sub-05	ses-07	run-03	27	128.0	1928.0	0	0.5891123414039612
sub-05	ses-07	run-03	28	1928.0	1241.0	0	0.5424513220787048
sub-05	ses-07	run-03	29	1241.0	316.0	0	0.5476795434951782
sub-05	ses-07	run-03	30	316.0	612.0	0	0.5448662042617798
sub-05	ses-07	run-03	31	612.0	689.0	0	0.5328192114830017
sub-05	ses-07	run-03	32	689.0	296.0	0	0.5248030424118042
sub-05	ses-07	run-03	33	296.0	2173.0	0	0.5352064967155457
sub-05	ses-07	run-03	34	2173.0	407.0	0	0.5328288078308105
sub-05	ses-07	run-03	35	407.0	496.0	0	0.541569173336029
sub-05	ses-07	run-03	36	496.0	1334.0	0	0.5333503484725952
sub-05	ses-07	run-04	1	baseline	1701.0	0	0.5693374276161194
sub-05	ses-07	run-04	2	1701.0	967.0	0	0.5636977553367615
sub-05	ses-07	run-04	3	967.0	1618.0	0	0.5339714884757996
sub-05	ses-07	run-04	4	1618.0	510.0	0	0.507004976272583
sub-05	ses-07	run-04	5	510.0	1547.0	0	0.5524387359619141
sub-05	ses-07	run-04	6	1547.0	1066.0	0	0.5619462728500366
sub-05	ses-07	run-04	7	1066.0	1041.0	0	0.5049892067909241
sub-05	ses-07	run-04	8	1041.0	1562.0	0	0.5237589478492737
sub-05	ses-07	run-04	9	1562.0	923.0	0	0.4903820753097534
sub-05	ses-07	run-04	10	923.0	1883.0	0	0.5112665891647339
sub-05	ses-07	run-04	11	1883.0	913.0	0	0.5218657851219177
sub-05	ses-07	run-04	12	913.0	1996.0	0	0.5947468280792236
sub-05	ses-07	run-04	13	1996.0	1028.0	0	0.6313430070877075
sub-05	ses-07	run-04	14	1028.0	2183.0	0	0.549938976764679
sub-05	ses-07	run-04	15	2183.0	866.0	0	0.5405697822570801
sub-05	ses-07	run-04	16	866.0	1940.0	0	0.548855721950531
sub-05	ses-07	run-04	17	1940.0	1156.0	0	0.526155948638916
sub-05	ses-07	run-04	18	1156.0	1116.0	0	0.5901733636856079
sub-05	ses-07	run-04	19	1116.0	2146.0	0	0.5642232298851013
sub-05	ses-07	run-04	20	2146.0	1862.0	0	0.51076740026474
sub-05	ses-07	run-04	21	1862.0	1584.0	0	0.5087275505065918
sub-05	ses-07	run-04	22	1584.0	1109.0	0	0.5564598441123962
sub-05	ses-07	run-04	23	1109.0	1820.0	0	0.5219325423240662
sub-05	ses-07	run-04	24	1820.0	1232.0	0	0.5211957693099976
sub-05	ses-07	run-04	25	1232.0	1595.0	0	0.5327607989311218
sub-05	ses-07	run-04	26	1595.0	291.0	0	0.526923656463623
sub-05	ses-07	run-04	27	291.0	1602.0	0	0.5145307183265686
sub-05	ses-07	run-04	28	1602.0	1234.0	0	0.5087595582008362
sub-05	ses-07	run-04	29	1234.0	424.0	0	0.5516954660415649
sub-05	ses-07	run-04	30	424.0	221.0	0	0.5222404599189758
sub-05	ses-07	run-04	31	221.0	1362.0	0	0.5719283819198608
sub-05	ses-07	run-04	32	1362.0	1359.0	0	0.5906293988227844
sub-05	ses-07	run-04	33	1359.0	740.0	0	0.6312010288238525
sub-05	ses-07	run-04	34	740.0	1114.0	0	0.595703661441803
sub-05	ses-07	run-04	35	1114.0	613.0	0	0.574657142162323
sub-05	ses-07	run-04	36	613.0	1768.0	0	0.5454520583152771
sub-05	ses-07	run-05	1	baseline	1754.0	0	0.5682123899459839
sub-05	ses-07	run-05	2	1754.0	956.0	0	0.5716720223426819
sub-05	ses-07	run-05	3	956.0	1643.0	0	0.5655250549316406
sub-05	ses-07	run-05	4	1643.0	864.0	0	0.5362638235092163
sub-05	ses-07	run-05	5	864.0	74.0	0	0.5816319584846497
sub-05	ses-07	run-05	6	74.0	1427.0	0	0.5814763903617859
sub-05	ses-07	run-05	7	1427.0	1539.0	0	0.5696896314620972
sub-05	ses-07	run-05	8	1539.0	1884.0	0	0.5721172094345093
sub-05	ses-07	run-05	9	1884.0	1431.0	0	0.5840414762496948
sub-05	ses-07	run-05	10	1431.0	414.0	0	0.5715245008468628
sub-05	ses-07	run-05	11	414.0	2107.0	0	0.5532034635543823
sub-05	ses-07	run-05	12	2107.0	1989.0	0	0.6114959716796875
sub-05	ses-07	run-05	13	1989.0	1630.0	0	0.5665165781974792
sub-05	ses-07	run-05	14	1630.0	1254.0	0	0.5306751132011414
sub-05	ses-07	run-05	15	1254.0	263.0	0	0.5258354544639587
sub-05	ses-07	run-05	16	263.0	1511.0	0	0.5465896129608154
sub-05	ses-07	run-05	17	1511.0	351.0	0	0.5225812196731567
sub-05	ses-07	run-05	18	351.0	331.0	0	0.5205563902854919
sub-05	ses-07	run-05	19	331.0	1032.0	0	0.5170100927352905
sub-05	ses-07	run-05	20	1032.0	1532.0	0	0.5702494978904724
sub-05	ses-07	run-05	21	1532.0	289.0	0	0.5533834099769592
sub-05	ses-07	run-05	22	289.0	788.0	0	0.5121191143989563
sub-05	ses-07	run-05	23	788.0	1593.0	0	0.5529612898826599
sub-05	ses-07	run-05	24	1593.0	306.0	0	0.6058757901191711
sub-05	ses-07	run-05	25	306.0	879.0	0	0.5288463830947876
sub-05	ses-07	run-05	26	879.0	1358.0	0	0.5503994822502136
sub-05	ses-07	run-05	27	1358.0	122.0	0	0.518054723739624
sub-05	ses-07	run-05	28	122.0	778.0	0	0.6200735569000244
sub-05	ses-07	run-05	29	778.0	1089.0	0	0.6220105886459351
sub-05	ses-07	run-05	30	1089.0	1906.0	0	0.6229545474052429
sub-05	ses-07	run-05	31	1906.0	2009.0	0	0.5251961946487427
sub-05	ses-07	run-05	32	2009.0	1999.0	0	0.502346396446228
sub-05	ses-07	run-05	33	1999.0	1548.0	0	0.5212558507919312
sub-05	ses-07	run-05	34	1548.0	1740.0	0	0.5346104502677917
sub-05	ses-07	run-05	35	1740.0	2100.0	0	0.5830428600311279
sub-05	ses-07	run-05	36	2100.0	1376.0	0	0.5631998181343079
sub-05	ses-07	run-06	1	baseline	1541.0	0	0.5628032684326172
sub-05	ses-07	run-06	2	1541.0	2148.0	0	0.6256265640258789
sub-05	ses-07	run-06	3	2148.0	2188.0	0	0.5331457257270813
sub-05	ses-07	run-06	4	2188.0	2178.0	0	0.5706549882888794
sub-05	ses-07	run-06	5	2178.0	100.0	0	0.5404437780380249
sub-05	ses-07	run-06	6	100.0	1648.0	0	0.5229394435882568
sub-05	ses-07	run-06	7	1648.0	1524.0	0	0.5135149955749512
sub-05	ses-07	run-06	8	1524.0	1465.0	0	0.5281198024749756
sub-05	ses-07	run-06	9	1465.0	907.0	0	0.5147014856338501
sub-05	ses-07	run-06	10	907.0	704.0	0	0.556280791759491
sub-05	ses-07	run-06	11	704.0	237.0	0	0.5744643807411194
sub-05	ses-07	run-06	12	237.0	438.0	0	0.5483649373054504
sub-05	ses-07	run-06	13	438.0	2008.0	0	0.6499164700508118
sub-05	ses-07	run-06	14	2008.0	1422.0	0	0.5781728625297546
sub-05	ses-07	run-06	15	1422.0	1007.0	0	0.5475916266441345
sub-05	ses-07	run-06	16	1007.0	1622.0	0	0.5378593802452087
sub-05	ses-07	run-06	17	1622.0	1283.0	0	0.5293160676956177
sub-05	ses-07	run-06	18	1283.0	1208.0	0	0.5268130302429199
sub-05	ses-07	run-06	19	1208.0	773.0	0	0.5270372033119202
sub-05	ses-07	run-06	20	773.0	1163.0	0	0.5302093625068665
sub-05	ses-07	run-06	21	1163.0	1311.0	0	0.5503922700881958
sub-05	ses-07	run-06	22	1311.0	78.0	0	0.574645459651947
sub-05	ses-07	run-06	23	78.0	1836.0	0	0.5709422826766968
sub-05	ses-07	run-06	24	1836.0	1872.0	0	0.5817519426345825
sub-05	ses-07	run-06	25	1872.0	1180.0	0	0.5482020974159241
sub-05	ses-07	run-06	26	1180.0	925.0	0	0.5598112344741821
sub-05	ses-07	run-06	27	925.0	1951.0	0	0.6312810182571411
sub-05	ses-07	run-06	28	1951.0	1752.0	0	0.5253655314445496
sub-05	ses-07	run-06	29	1752.0	1506.0	0	0.5552864074707031
sub-05	ses-07	run-06	30	1506.0	2155.0	0	0.629658043384552
sub-05	ses-07	run-06	31	2155.0	1519.0	0	0.5614712238311768
sub-05	ses-07	run-06	32	1519.0	312.0	0	0.5420400500297546
sub-05	ses-07	run-06	33	312.0	1582.0	0	0.5564125180244446
sub-05	ses-07	run-06	34	1582.0	465.0	0	0.549670934677124
sub-05	ses-07	run-06	35	465.0	117.0	0	0.5610679388046265
sub-05	ses-07	run-06	36	117.0	1139.0	0	0.5760981440544128
sub-05	ses-07	run-07	1	baseline	837.0	0	0.5431608557701111
sub-05	ses-07	run-07	2	837.0	2000.0	0	0.5093628764152527
sub-05	ses-07	run-07	3	2000.0	245.0	0	0.5642181634902954
sub-05	ses-07	run-07	4	245.0	1783.0	0	0.5030542016029358
sub-05	ses-07	run-07	5	1783.0	278.0	0	0.5355821847915649
sub-05	ses-07	run-07	6	278.0	2090.0	0	0.5526902675628662
sub-05	ses-07	run-07	7	2090.0	1044.0	0	0.5734200477600098
sub-05	ses-07	run-07	8	1044.0	798.0	0	0.6002623438835144
sub-05	ses-07	run-07	9	798.0	1410.0	0	0.5310178399085999
sub-05	ses-07	run-07	10	1410.0	174.0	0	0.54527747631073
sub-05	ses-07	run-07	11	174.0	1486.0	0	0.48806118965148926
sub-05	ses-07	run-07	12	1486.0	440.0	0	0.4971711039543152
sub-05	ses-07	run-07	13	440.0	1838.0	0	0.5168963670730591
sub-05	ses-07	run-07	14	1838.0	1463.0	0	0.49362626671791077
sub-05	ses-07	run-07	15	1463.0	642.0	0	0.5451706051826477
sub-05	ses-07	run-07	16	642.0	1244.0	0	0.5553239583969116
sub-05	ses-07	run-07	17	1244.0	605.0	0	0.48665153980255127
sub-05	ses-07	run-07	18	605.0	1727.0	0	0.48262718319892883
sub-05	ses-07	run-07	19	1727.0	1543.0	0	0.4805905222892761
sub-05	ses-07	run-07	20	1543.0	641.0	0	0.4955645501613617
sub-05	ses-07	run-07	21	641.0	1167.0	0	0.521718442440033
sub-05	ses-07	run-07	22	1167.0	1246.0	0	0.517009973526001
sub-05	ses-07	run-07	23	1246.0	2195.0	0	0.4989381730556488
sub-05	ses-07	run-07	24	2195.0	1380.0	0	0.47738024592399597
sub-05	ses-07	run-07	25	1380.0	1458.0	0	0.4890505373477936
sub-05	ses-07	run-07	26	1458.0	1637.0	0	0.559673011302948
sub-05	ses-07	run-07	27	1637.0	1438.0	0	0.7437822222709656
sub-05	ses-07	run-07	28	1438.0	1488.0	0	0.6481742262840271
sub-05	ses-07	run-07	29	1488.0	6.0	0	0.5251147747039795
sub-05	ses-07	run-07	30	6.0	2078.0	0	0.49533557891845703
sub-05	ses-07	run-07	31	2078.0	1040.0	0	0.46827808022499084
sub-05	ses-07	run-07	32	1040.0	1423.0	0	0.4954845607280731
sub-05	ses-07	run-07	33	1423.0	26.0	0	0.5761424899101257
sub-05	ses-07	run-07	34	26.0	1770.0	0	0.5159790515899658
sub-05	ses-07	run-07	35	1770.0	2077.0	0	0.5834515690803528
sub-05	ses-07	run-07	36	2077.0	1718.0	0	0.5819104909896851
sub-05	ses-07	run-08	1	baseline	427.0	0	0.5294248461723328
sub-05	ses-07	run-08	2	427.0	914.0	0	0.5411394834518433
sub-05	ses-07	run-08	3	914.0	1278.0	0	0.5034204125404358
sub-05	ses-07	run-08	4	1278.0	1027.0	0	0.512333869934082
sub-05	ses-07	run-08	5	1027.0	183.0	0	0.5104089379310608
sub-05	ses-07	run-08	6	183.0	1921.0	0	0.5533987283706665
sub-05	ses-07	run-08	7	1921.0	280.0	0	0.5217732787132263
sub-05	ses-07	run-08	8	280.0	568.0	0	0.5071660280227661
sub-05	ses-07	run-08	9	568.0	758.0	0	0.504219114780426
sub-05	ses-07	run-08	10	758.0	2122.0	0	0.49590402841567993
sub-05	ses-07	run-08	11	2122.0	775.0	0	0.5086889266967773
sub-05	ses-07	run-08	12	775.0	19.0	0	0.5081368088722229
sub-05	ses-07	run-08	13	19.0	1453.0	0	0.5290972590446472
sub-05	ses-07	run-08	14	1453.0	454.0	0	0.522478461265564
sub-05	ses-07	run-08	15	454.0	1628.0	0	0.520864725112915
sub-05	ses-07	run-08	16	1628.0	2047.0	0	0.5375632047653198
sub-05	ses-07	run-08	17	2047.0	924.0	0	0.5517269968986511
sub-05	ses-07	run-08	18	924.0	156.0	0	0.5090002417564392
sub-05	ses-07	run-08	19	156.0	132.0	0	0.5146949291229248
sub-05	ses-07	run-08	20	132.0	771.0	0	0.9600682258605957
sub-05	ses-07	run-08	21	771.0	719.0	0	0.5923040509223938
sub-05	ses-07	run-08	22	719.0	1299.0	0	0.5736787915229797
sub-05	ses-07	run-08	23	1299.0	1492.0	0	0.5126311182975769
sub-05	ses-07	run-08	24	1492.0	600.0	0	0.5090521574020386
sub-05	ses-07	run-08	25	600.0	1998.0	0	0.5385999083518982
sub-05	ses-07	run-08	26	1998.0	1675.0	0	0.5204455852508545
sub-05	ses-07	run-08	27	1675.0	436.0	0	0.532200038433075
sub-05	ses-07	run-08	28	436.0	1017.0	0	0.5634836554527283
sub-05	ses-07	run-08	29	1017.0	205.0	0	0.534099280834198
sub-05	ses-07	run-08	30	205.0	1957.0	0	0.49255260825157166
sub-05	ses-07	run-08	31	1957.0	632.0	0	0.522779107093811
sub-05	ses-07	run-08	32	632.0	355.0	0	0.5475467443466187
sub-05	ses-07	run-08	33	355.0	909.0	0	0.5361809730529785
sub-05	ses-07	run-08	34	909.0	1983.0	0	0.5340736508369446
sub-05	ses-07	run-08	35	1983.0	1702.0	0	0.5182186961174011
sub-05	ses-07	run-08	36	1702.0	1817.0	0	0.6588570475578308
sub-05	ses-08	run-01	1	baseline	971.0	0	0.5609632134437561
sub-05	ses-08	run-01	2	971.0	1360.0	0	0.5398143529891968
sub-05	ses-08	run-01	3	1360.0	199.0	0	0.5425287485122681
sub-05	ses-08	run-01	4	199.0	159.0	0	0.5364828109741211
sub-05	ses-08	run-01	5	159.0	330.0	0	0.5647587180137634
sub-05	ses-08	run-01	6	330.0	1695.0	0	0.5230664014816284
sub-05	ses-08	run-01	7	1695.0	2013.0	0	0.5517333149909973
sub-05	ses-08	run-01	8	2013.0	1600.0	0	0.5417394042015076
sub-05	ses-08	run-01	9	1600.0	1481.0	0	0.529072105884552
sub-05	ses-08	run-01	10	1481.0	1298.0	0	0.5448214411735535
sub-05	ses-08	run-01	11	1298.0	789.0	0	0.5443688035011292
sub-05	ses-08	run-01	12	789.0	1497.0	0	0.5662975907325745
sub-05	ses-08	run-01	13	1497.0	1790.0	0	0.5267664194107056
sub-05	ses-08	run-01	14	1790.0	1567.0	0	0.5369528532028198
sub-05	ses-08	run-01	15	1567.0	2150.0	0	0.6494117379188538
sub-05	ses-08	run-01	16	2150.0	1644.0	0	0.6356585025787354
sub-05	ses-08	run-01	17	1644.0	680.0	0	0.5627098679542542
sub-05	ses-08	run-01	18	680.0	1888.0	0	0.5594300627708435
sub-05	ses-08	run-01	19	1888.0	1050.0	0	0.525891900062561
sub-05	ses-08	run-01	20	1050.0	894.0	0	0.5329388976097107
sub-05	ses-08	run-01	21	894.0	342.0	0	0.5360838174819946
sub-05	ses-08	run-01	22	342.0	1404.0	0	0.5587067604064941
sub-05	ses-08	run-01	23	1404.0	1798.0	0	0.5342627167701721
sub-05	ses-08	run-01	24	1798.0	1042.0	0	0.5491883754730225
sub-05	ses-08	run-01	25	1042.0	1407.0	0	0.5482887029647827
sub-05	ses-08	run-01	26	1407.0	1204.0	0	0.5578911304473877
sub-05	ses-08	run-01	27	1204.0	295.0	0	0.5575408339500427
sub-05	ses-08	run-01	28	295.0	1840.0	0	0.570482075214386
sub-05	ses-08	run-01	29	1840.0	1031.0	0	0.6669026017189026
sub-05	ses-08	run-01	30	1031.0	1199.0	0	0.6168383955955505
sub-05	ses-08	run-01	31	1199.0	4.0	0	0.5324443578720093
sub-05	ses-08	run-01	32	4.0	509.0	0	0.5952996611595154
sub-05	ses-08	run-01	33	509.0	73.0	0	0.5631579160690308
sub-05	ses-08	run-01	34	73.0	784.0	0	0.5710852146148682
sub-05	ses-08	run-01	35	784.0	1852.0	0	0.5749783515930176
sub-05	ses-08	run-01	36	1852.0	795.0	0	0.5546537041664124
sub-05	ses-08	run-02	1	baseline	1950.0	0	0.5500429272651672
sub-05	ses-08	run-02	2	1950.0	5.0	0	0.5130809545516968
sub-05	ses-08	run-02	3	5.0	339.0	0	0.5418240427970886
sub-05	ses-08	run-02	4	339.0	1568.0	0	0.5428501963615417
sub-05	ses-08	run-02	5	1568.0	1361.0	0	0.5019131302833557
sub-05	ses-08	run-02	6	1361.0	2096.0	0	0.5276959538459778
sub-05	ses-08	run-02	7	2096.0	926.0	0	0.5186251401901245
sub-05	ses-08	run-02	8	926.0	1688.0	0	0.5266578793525696
sub-05	ses-08	run-02	9	1688.0	293.0	0	0.5099143981933594
sub-05	ses-08	run-02	10	293.0	2023.0	0	0.5485787987709045
sub-05	ses-08	run-02	11	2023.0	1195.0	0	0.5574347972869873
sub-05	ses-08	run-02	12	1195.0	198.0	0	0.5596344470977783
sub-05	ses-08	run-02	13	198.0	1289.0	0	0.5638206601142883
sub-05	ses-08	run-02	14	1289.0	1375.0	0	0.5166544318199158
sub-05	ses-08	run-02	15	1375.0	459.0	0	0.5037688612937927
sub-05	ses-08	run-02	16	459.0	44.0	0	0.5793712139129639
sub-05	ses-08	run-02	17	44.0	1851.0	0	0.604823648929596
sub-05	ses-08	run-02	18	1851.0	787.0	0	0.5946145057678223
sub-05	ses-08	run-02	19	787.0	2161.0	0	0.5470010638237
sub-05	ses-08	run-02	20	2161.0	1659.0	0	0.4976765811443329
sub-05	ses-08	run-02	21	1659.0	667.0	0	0.5108550190925598
sub-05	ses-08	run-02	22	667.0	462.0	0	0.5317779779434204
sub-05	ses-08	run-02	23	462.0	903.0	0	0.5377529263496399
sub-05	ses-08	run-02	24	903.0	2012.0	0	0.5466490983963013
sub-05	ses-08	run-02	25	2012.0	2127.0	0	0.5263164043426514
sub-05	ses-08	run-02	26	2127.0	867.0	0	0.5551018714904785
sub-05	ses-08	run-02	27	867.0	860.0	0	0.510026752948761
sub-05	ses-08	run-02	28	860.0	1925.0	0	0.5471052527427673
sub-05	ses-08	run-02	29	1925.0	2081.0	0	0.48653703927993774
sub-05	ses-08	run-02	30	2081.0	1553.0	0	0.49681001901626587
sub-05	ses-08	run-02	31	1553.0	551.0	0	0.515143871307373
sub-05	ses-08	run-02	32	551.0	1047.0	0	0.5241700410842896
sub-05	ses-08	run-02	33	1047.0	2088.0	0	0.5120579600334167
sub-05	ses-08	run-02	34	2088.0	944.0	0	0.5534988045692444
sub-05	ses-08	run-02	35	944.0	1796.0	0	0.6784489154815674
sub-05	ses-08	run-02	36	1796.0	635.0	0	0.5757959485054016
sub-05	ses-08	run-03	1	baseline	2126.0	0	0.5928705930709839
sub-05	ses-08	run-03	2	2126.0	288.0	0	0.549334704875946
sub-05	ses-08	run-03	3	288.0	1468.0	0	0.5388068556785583
sub-05	ses-08	run-03	4	1468.0	1853.0	0	0.5189480781555176
sub-05	ses-08	run-03	5	1853.0	1786.0	0	0.5510280132293701
sub-05	ses-08	run-03	6	1786.0	1200.0	0	0.5422447919845581
sub-05	ses-08	run-03	7	1200.0	1697.0	0	0.584238588809967
sub-05	ses-08	run-03	8	1697.0	1321.0	0	0.5770933628082275
sub-05	ses-08	run-03	9	1321.0	1173.0	0	0.5528634190559387
sub-05	ses-08	run-03	10	1173.0	1249.0	0	0.521805465221405
sub-05	ses-08	run-03	11	1249.0	1184.0	0	0.5587462186813354
sub-05	ses-08	run-03	12	1184.0	1037.0	0	0.589916467666626
sub-05	ses-08	run-03	13	1037.0	756.0	0	0.5304279327392578
sub-05	ses-08	run-03	14	756.0	544.0	0	0.5135673880577087
sub-05	ses-08	run-03	15	544.0	394.0	0	0.5666335821151733
sub-05	ses-08	run-03	16	394.0	821.0	0	0.562237024307251
sub-05	ses-08	run-03	17	821.0	258.0	0	0.5397025346755981
sub-05	ses-08	run-03	18	258.0	618.0	0	0.5516611337661743
sub-05	ses-08	run-03	19	618.0	2038.0	0	0.5372622013092041
sub-05	ses-08	run-03	20	2038.0	2169.0	0	0.533958375453949
sub-05	ses-08	run-03	21	2169.0	373.0	0	0.5715588331222534
sub-05	ses-08	run-03	22	373.0	1494.0	0	0.5189542770385742
sub-05	ses-08	run-03	23	1494.0	364.0	0	0.5337339043617249
sub-05	ses-08	run-03	24	364.0	2050.0	0	0.5403770804405212
sub-05	ses-08	run-03	25	2050.0	11.0	0	0.5448439717292786
sub-05	ses-08	run-03	26	11.0	1081.0	0	0.5312792658805847
sub-05	ses-08	run-03	27	1081.0	1834.0	0	0.5366994142532349
sub-05	ses-08	run-03	28	1834.0	2163.0	0	0.5762394070625305
sub-05	ses-08	run-03	29	2163.0	744.0	0	0.7386613488197327
sub-05	ses-08	run-03	30	744.0	1946.0	0	0.6554917097091675
sub-05	ses-08	run-03	31	1946.0	539.0	0	0.5291521549224854
sub-05	ses-08	run-03	32	539.0	63.0	0	0.5538617372512817
sub-05	ses-08	run-03	33	63.0	294.0	0	0.5556830763816833
sub-05	ses-08	run-03	34	294.0	2175.0	0	0.5382528901100159
sub-05	ses-08	run-03	35	2175.0	401.0	0	0.5623785257339478
sub-05	ses-08	run-03	36	401.0	2101.0	0	0.5328782796859741
sub-05	ses-08	run-04	1	baseline	81.0	0	0.5729121565818787
sub-05	ses-08	run-04	2	81.0	15.0	0	0.5195293426513672
sub-05	ses-08	run-04	3	15.0	1192.0	0	0.4920424222946167
sub-05	ses-08	run-04	4	1192.0	148.0	0	0.5085518956184387
sub-05	ses-08	run-04	5	148.0	1667.0	0	0.5177697539329529
sub-05	ses-08	run-04	6	1667.0	1791.0	0	0.5025582313537598
sub-05	ses-08	run-04	7	1791.0	140.0	0	0.5232577323913574
sub-05	ses-08	run-04	8	140.0	1818.0	0	0.49517300724983215
sub-05	ses-08	run-04	9	1818.0	515.0	0	0.5843179821968079
sub-05	ses-08	run-04	10	515.0	1351.0	0	0.5655053853988647
sub-05	ses-08	run-04	11	1351.0	1542.0	0	0.6417563557624817
sub-05	ses-08	run-04	12	1542.0	1172.0	0	0.5290290713310242
sub-05	ses-08	run-04	13	1172.0	698.0	0	0.5019645094871521
sub-05	ses-08	run-04	14	698.0	1347.0	0	0.5443927645683289
sub-05	ses-08	run-04	15	1347.0	273.0	0	0.5392040610313416
sub-05	ses-08	run-04	16	273.0	728.0	0	0.531749963760376
sub-05	ses-08	run-04	17	728.0	1716.0	0	0.5131513476371765
sub-05	ses-08	run-04	18	1716.0	1016.0	0	0.5205094814300537
sub-05	ses-08	run-04	19	1016.0	2064.0	0	0.5532564520835876
sub-05	ses-08	run-04	20	2064.0	724.0	0	0.5042591691017151
sub-05	ses-08	run-04	21	724.0	1941.0	0	0.5304144620895386
sub-05	ses-08	run-04	22	1941.0	1284.0	0	0.5350072383880615
sub-05	ses-08	run-04	23	1284.0	1413.0	0	0.5466561913490295
sub-05	ses-08	run-04	24	1413.0	1495.0	0	0.5357031226158142
sub-05	ses-08	run-04	25	1495.0	264.0	0	0.5292341709136963
sub-05	ses-08	run-04	26	264.0	1848.0	0	0.5342164039611816
sub-05	ses-08	run-04	27	1848.0	1760.0	0	0.531329870223999
sub-05	ses-08	run-04	28	1760.0	1090.0	0	0.5289084315299988
sub-05	ses-08	run-04	29	1090.0	1189.0	0	0.5044631958007812
sub-05	ses-08	run-04	30	1189.0	1087.0	0	0.52763432264328
sub-05	ses-08	run-04	31	1087.0	1101.0	0	0.5488178133964539
sub-05	ses-08	run-04	32	1101.0	1419.0	0	0.5815972089767456
sub-05	ses-08	run-04	33	1419.0	155.0	0	0.5626124739646912
sub-05	ses-08	run-04	34	155.0	20.0	0	0.640069842338562
sub-05	ses-08	run-04	35	20.0	417.0	0	0.5842593312263489
sub-05	ses-08	run-04	36	417.0	1563.0	0	0.5418350100517273
sub-05	ses-08	run-05	1	baseline	482.0	0	0.5253382325172424
sub-05	ses-08	run-05	2	482.0	1656.0	0	0.5386713147163391
sub-05	ses-08	run-05	3	1656.0	708.0	0	0.6062574982643127
sub-05	ses-08	run-05	4	708.0	1961.0	0	0.5001736879348755
sub-05	ses-08	run-05	5	1961.0	361.0	0	0.5209896564483643
sub-05	ses-08	run-05	6	361.0	1728.0	0	0.49229130148887634
sub-05	ses-08	run-05	7	1728.0	1060.0	0	0.4782003164291382
sub-05	ses-08	run-05	8	1060.0	33.0	0	0.4880637228488922
sub-05	ses-08	run-05	9	33.0	262.0	0	0.5309006571769714
sub-05	ses-08	run-05	10	262.0	39.0	0	0.538506031036377
sub-05	ses-08	run-05	11	39.0	806.0	0	0.5088371634483337
sub-05	ses-08	run-05	12	806.0	1399.0	0	0.4972460865974426
sub-05	ses-08	run-05	13	1399.0	550.0	0	0.5678102374076843
sub-05	ses-08	run-05	14	550.0	166.0	0	0.5267651081085205
sub-05	ses-08	run-05	15	166.0	374.0	0	0.5163890719413757
sub-05	ses-08	run-05	16	374.0	2083.0	0	0.5166104435920715
sub-05	ses-08	run-05	17	2083.0	1842.0	0	0.5647870302200317
sub-05	ses-08	run-05	18	1842.0	2065.0	0	0.5313892960548401
sub-05	ses-08	run-05	19	2065.0	292.0	0	0.5513514876365662
sub-05	ses-08	run-05	20	292.0	1111.0	0	0.47930848598480225
sub-05	ses-08	run-05	21	1111.0	1876.0	0	0.5059141516685486
sub-05	ses-08	run-05	22	1876.0	97.0	0	0.5207791328430176
sub-05	ses-08	run-05	23	97.0	1936.0	0	0.5442609786987305
sub-05	ses-08	run-05	24	1936.0	1551.0	0	0.5113482475280762
sub-05	ses-08	run-05	25	1551.0	1054.0	0	0.518454909324646
sub-05	ses-08	run-05	26	1054.0	108.0	0	0.5318688750267029
sub-05	ses-08	run-05	27	108.0	881.0	0	0.5078802108764648
sub-05	ses-08	run-05	28	881.0	735.0	0	0.5713542103767395
sub-05	ses-08	run-05	29	735.0	558.0	0	0.49142324924468994
sub-05	ses-08	run-05	30	558.0	313.0	0	0.5244430899620056
sub-05	ses-08	run-05	31	313.0	1620.0	0	0.6033285856246948
sub-05	ses-08	run-05	32	1620.0	820.0	0	0.5646002888679504
sub-05	ses-08	run-05	33	820.0	182.0	0	0.5342069268226624
sub-05	ses-08	run-05	34	182.0	1015.0	0	0.5679870843887329
sub-05	ses-08	run-05	35	1015.0	69.0	0	0.5931103825569153
sub-05	ses-08	run-05	36	69.0	631.0	0	0.6025614142417908
