parcel,network,principal_gradient_1,shared,shared_sem_subject,unique_e34_shared,unique_e34_shared_sem_subject,unique_av_shared,unique_av_shared_sem_subject,fine_grained_advantage,fine_grained_advantage_sem_subject,video,video_sem_subject,unique_e34_video,unique_e34_video_sem_subject,unique_av_video,unique_av_video_sem_subject
1,Vis,-0.017235118199450884,0.05814381817236893,0.011155735241955029,0.023536908138572545,0.003587566787412894,0.004181269297244672,0.0022635508877940167,0.01935563884132787,0.005224374657271796,0.09063114606151942,0.016764388472630804,0.011253688179067179,0.002536736492087818,0.0013694634914514392,0.0010016272879896854
2,Vis,-0.018511418414182114,0.02782925142480408,0.008852184676751267,0.011126232634042643,0.004072450969569148,0.002967404297653986,0.0014634483966312808,0.008158828336388656,0.003057047622337813,0.07860959492501503,0.017895855266968297,0.0012952403720960515,0.0020725980511652783,0.001097668271443597,0.0009982053265660978
3,Vis,-0.018371022850534952,0.03393273098802181,0.008219890899700663,0.01747593700640564,0.001369881722622457,0.002711807657573395,0.0017891856684615394,0.014764129348832245,0.0023014940753439054,0.049581041174758124,0.011446014838660394,0.005456004571651807,0.0015843379103757627,0.0020389345225673592,0.0014124601323860402
4,Vis,-0.019903688608537085,0.006131827655777289,0.0026156276495477907,0.02163060260612202,0.003916619779833385,0.005122931723894175,0.0023562815444587715,0.01650767088222784,0.0022065401257320965,0.07009756890842656,0.01307365605930669,0.003396319136653725,0.0012128841719979452,0.0023961172980749845,0.0015086713646794698
5,Vis,-0.021493070462707032,0.011945449203696713,0.005884410238769753,0.014954130908566721,0.004031257007759438,0.0016680700239951828,0.0013563236282982402,0.013286060884571538,0.0050122476321248525,0.06066733601196128,0.0163400998357863,0.002642356666756296,0.002553061441048751,0.001115156939382822,0.0008127673814639545
6,Vis,-0.017075192016317832,0.06469285623402557,0.016208957277904293,0.02198421133997521,0.005566834481835538,0.005070854801116131,0.0015649769915435114,0.01691335653885908,0.0051343128835458765,0.09581107962391769,0.016527820913186757,0.007503742225474852,0.002238481685084371,0.0025520903824778783,0.0010442938222933239
7,Vis,-0.020514283244746443,0.030528132941419872,0.002117121455569057,0.016449326653032025,0.003224776446695303,0.004812429471711521,0.0016903058495336123,0.011636897181320504,0.0021605444614568137,0.10022246456415959,0.01768455660190932,0.0031443330165805694,0.0024621327495500016,0.0031206916376296913,0.0015121943145925527
8,Vis,-0.010642051151647855,0.1269876612147445,0.02427439632453839,0.015650834179812743,0.004545492981941773,0.006604687314913082,0.0021753848401811033,0.009046146864899662,0.004863580454317486,0.16015109106819495,0.02287525866249561,0.009012165087714385,0.0024001462220628435,0.002508791330983073,0.0008839818173881685
9,Vis,-0.019209059729914983,0.026352613838945292,0.003691584968259151,0.01927618319631661,0.003709309667850751,0.006120979201537513,0.0028656120952257314,0.013155203994779097,0.0029381993294978824,0.05377070335041993,0.009999447078294959,0.007946985502277615,0.0029409613773223055,0.0039050041326178287,0.0021531950025058992
10,Vis,-0.014458012747659234,0.09303112902518977,0.02282924358921675,0.015465752521684384,0.008854610725665292,0.007584235931192817,0.002161029483379981,0.007881516590491567,0.00865469372011825,0.11493906131396936,0.013759568428963122,0.006714548057469627,0.00346519156157785,0.003830917516760524,0.0014934449246317989
11,Vis,-0.017119962378103856,0.033865106581156844,0.005746859969756103,0.003935518241462721,0.005377467524621926,0.002642834983625364,0.0019181248466974255,0.0012926832578373571,0.003937208182796303,0.08032123696036446,0.008075213128865086,0.001886258468617008,0.0036646041895553078,0.0018608563385454247,0.0015148350853218355
12,Vis,-0.01570910742968123,0.07566309006808816,0.009307152722692443,0.014999446906858328,0.005259999944624073,0.007810102188901991,0.0013826515597704903,0.007189344717956336,0.005893855283436869,0.09850745614428622,0.006324666707152698,0.006001961393691135,0.00192065703430878,0.0030092528242712914,0.00107890550477565
13,Vis,-0.014755162941932704,0.0579300755182248,0.021748735436189687,0.007760177139495017,0.005999433601882433,0.003707698993564823,0.0018575987528197393,0.004052478145930194,0.005175847057112992,0.08781003939986247,0.03128495920425728,0.003254720249066012,0.004378345690344169,0.0024515930712756483,0.0015759367151520042
14,Vis,0.003917310786287712,0.011241423920091354,0.004333964865032276,0.006839735591139551,0.0035256393392960436,0.003360649090488854,0.0027792124848663572,0.0034790865006506964,0.003886047953267763,0.019784331567811363,0.00852880576763187,0.0007751960247379897,0.002538467232880456,0.002315537392388811,0.0020477392746906286
15,Vis,-0.016688741466775174,0.008563294893447138,0.004673814830407553,0.002188405663377968,0.0022173250660463767,0.0007104601799651888,0.0017963510032528787,0.0014779454834127792,0.001463998374070334,0.04299278534431401,0.016539535710699417,-0.0013849944435141205,0.0015495165174103005,0.0007132138915885156,0.0008368699394987006
16,Vis,0.0032937696306503347,0.015491155187864236,0.010666517552609606,-0.0031555298346795714,0.0024677533476726325,0.0004462803901159829,0.0007159724431655182,-0.003601810224795554,0.0024986721474865694,0.008657199987250074,0.016510986035481328,-0.004087330304182513,0.0021486842266155667,0.0006433273654256055,0.0007845245721396502
17,Vis,0.0038730808120274636,0.005349242586313863,0.004031932730902337,0.002633590816250653,0.0019606004647607362,0.0022515707739896975,0.0017463209998945352,0.00038202004226095543,0.0020697667529055754,0.00020311381050051037,0.005242141818741362,-0.0012955230907410798,0.002003658012792375,0.0013342342206027924,0.00110357262192625
18,Vis,-0.015158500660576115,0.02571091672059147,0.002906998705217204,0.005547471133899173,0.0038374738847706466,0.0017134163547501303,0.00231111917114451,0.003834054779149043,0.0032883076823211847,0.0630964469384793,0.014577855501456486,0.00036713670148458277,0.0014332423643329576,0.0011285205706040413,0.0013805498897111852
19,Vis,0.003113790530144228,0.014600062156518167,0.008044194468887024,0.011061100953426273,0.0026208433974085846,0.003825979592062345,0.0032483802720137916,0.007235121361363927,0.0031480131208991152,0.022622380373656138,0.009754355693848424,0.0029241087917926344,0.002423951596611477,0.0023726593287417773,0.002038164965900818
20,Vis,0.004494501433661629,0.01445006296049407,0.008375383501646955,0.0042992151605221185,0.0039048335550404953,0.0038723378644451635,0.003097398755305396,0.00042687729607695515,0.0029333482938350614,0.00896826100012702,0.008624752689896351,7.960274139313661e-05,0.0031656675626946817,0.0021434567114874126,0.0019226283059610196
21,Vis,0.005492144985575163,0.034048994702282044,0.013229988230474016,0.011117880612962594,0.008118694472494085,0.005728547012297969,0.004317726710576436,0.005389333600664625,0.004443334586600374,0.03638284258756701,0.016385348683199793,0.007315577251359029,0.006803120549763598,0.004503238876654647,0.0030143902227164746
22,Vis,0.005673102787660827,0.037110877158339474,0.012137088141738892,0.007411268370352375,0.008566472880063023,0.007156759458616446,0.004915510690191228,0.0002545089117359289,0.004835802759727523,0.033086739664045205,0.01671591418771324,0.00402122014460411,0.006660323143994196,0.004266955743460055,0.002984746642214545
23,Vis,-0.013853547252747681,0.04843441653754037,0.02373276852004945,0.011467907056682125,0.008172638031883065,0.006068834475690399,0.0021939209523084953,0.0053990725809917265,0.006871766534601184,0.07392184990399957,0.028583471218912148,0.0022579583674297464,0.00454548186969679,0.0031930259375023253,0.0017586220207909354
24,Vis,-0.0003517668724012591,0.05040944127436033,0.02866467224492942,0.01610756082127387,0.008988449045007438,0.008260140019088213,0.003476406710467893,0.007847420802185655,0.007207103920147886,0.07419722631731258,0.03935045213680763,0.0052261167663784965,0.006901682033393878,0.004727359487594662,0.0022528353502134636
25,Vis,0.001775475605833709,0.02342217309312853,0.009340419517671393,0.01405527756531999,0.006393243367199829,0.0061555283971373555,0.002188482268358596,0.007899749168182636,0.004881419188835825,0.026273815971322455,0.007922823790619414,0.004699438713840464,0.00420184609699844,0.003873403359278038,0.001170786551260343
26,Vis,0.005258032899666066,0.020255930079160177,0.01213809985315078,0.008021486899818252,0.007415465599811548,0.008262006869841198,0.003965940534970879,-0.00024051997002294545,0.003611511771668641,0.01014148055196793,0.010977191561466718,0.003462184135153068,0.007543901664421979,0.005309871869402483,0.0024568609615167156
27,Vis,0.005896451779281862,0.02511402063303623,0.008992827737598253,0.014005995056211074,0.0061757113402106595,0.010513243379355197,0.0032888109953298364,0.0034927516768558766,0.00338844024653047,0.015543877963618846,0.008117608817480693,0.008693826902602942,0.006094960312339278,0.006877025448324403,0.0022860074589266532
28,Vis,-0.002823299330136365,0.033624950308503584,0.009101667111726731,0.014179293583588225,0.007644613290935809,0.010806691670660595,0.006548518508407769,0.003372601912927631,0.0025473960101205333,0.029822546035908948,0.011132110633874308,0.009144493075745075,0.006262452719024104,0.006848197380485921,0.004274400181640205
29,Vis,0.006016578567281696,0.025598332976496763,0.0081525779244606,0.014593504877203923,0.00762489635366571,0.011559269002394701,0.00469143401429407,0.0030342358748092213,0.0035450055845830477,0.01568424207982073,0.010008225035454522,0.008363663080615358,0.006616959753364072,0.006850538611863355,0.002326341123801984
30,Vis,0.004629741490719475,0.02277479659600288,0.007134071806676478,0.015389213654759181,0.00716736413548238,0.011141594805900578,0.004039701843988962,0.004247618848858603,0.003536257261514347,0.020148349646124976,0.0061926616032076534,0.006922174221493593,0.005670725406763407,0.006746648798279531,0.0025278721987852595
31,Vis,0.005967502704608958,0.018727443350830385,0.006212066053954393,0.030018434971328212,0.00609169851440519,0.022970287185498227,0.0018180690058636198,0.007048147785829984,0.005172962119286874,0.018172453281872246,0.0058240496003768285,0.017566184512694604,0.004918936357469102,0.013062671759521605,0.00041599813805223923
32,SomMot,0.004372401356973913,0.008376497310043595,0.002468220371602667,0.015692607738746034,0.005962593613572604,0.010752007772734617,0.003744583783820961,0.004940599966011416,0.0038679592005871626,0.006344787147491715,0.003613810219219747,0.005467403906940315,0.00460514518686127,0.006440815236111952,0.0025871034200297557
33,SomMot,0.0058465175902485626,0.02944614561900265,0.011946389268775049,0.020283915238352046,0.009323091064722048,0.016445455830461086,0.00574220745853467,0.0038384594078909595,0.0037287948912221413,0.018723052345046433,0.01046110691345197,0.014515573452609254,0.00837700147093135,0.010659440581506096,0.0032179321203395553
34,SomMot,0.006280169843544676,0.04555366237884033,0.012920295235618521,0.015440186756989615,0.007322671800511408,0.011081150561791464,0.005450725487797702,0.004359036195198151,0.0038503414213662893,0.037710237450869454,0.013329585811530733,0.0109622118158329,0.007687563236214994,0.006387443222681988,0.0029829513200961074
35,SomMot,-0.0077117727602253,0.03357908564816399,0.022566224767072592,0.016466862274456883,0.0060590934901250965,0.01107451854084165,0.005107703642231154,0.0053923437336152345,0.0020757581004478545,0.04475667322953023,0.028281995331008745,0.005821777936129324,0.0053893528230750855,0.0063983284606125455,0.003090262889589811
36,SomMot,-0.0097495520034319,0.04126238596058311,0.01835072322426653,0.019658486991635506,0.007260442641250467,0.005286204883411316,0.0020811038460637078,0.014372282108224188,0.005314800995457479,0.06476812781473104,0.025176089584740362,0.007013307148479542,0.00486906324406884,0.0032323528626128084,0.0011602934742351008
37,SomMot,0.006096031406437851,0.04087657033791481,0.01261887302478142,0.021141419933868665,0.008661716481270182,0.01979410498333629,0.0062661178827489936,0.0013473149505323744,0.003061715334221097,0.033685120833885064,0.00978864122960843,0.01608790639045803,0.008018695984242362,0.012572717951346757,0.004027400456606558
38,SomMot,0.005363115627002212,0.018469538049784972,0.007053901625422059,0.018363471968072198,0.007011593309572362,0.015823664635607314,0.005200041306091329,0.0025398073324648827,0.002222396056184972,0.016318653743284096,0.005913487649300626,0.009558495086227881,0.0056848068404087276,0.008994219859625386,0.0027958825880352715
39,SomMot,0.005972779524181108,0.02142535050464176,0.0028639852300528425,0.03128624484114939,0.008922316926088268,0.02357082194108142,0.004447118637478648,0.007715422900067969,0.005988897177640919,0.019932196505984344,0.004846454312532885,0.019629623774742845,0.0073618319277922555,0.013699323833171361,0.0030544992001132172
40,SomMot,-0.005298152133581005,0.01923065346513091,0.00425211291397081,0.024451652758293883,0.006885316495141485,0.007930406374194798,0.0035084265144858786,0.016521246384099086,0.003633236120113667,0.03489293932792168,0.0040426099175917395,0.010924111630851807,0.00501020085499682,0.004164369003363588,0.0014831021573088173
41,SomMot,0.006218767246157334,0.0528752135695868,0.013064047606991026,0.022506385002232808,0.004563124297337402,0.019411939841579094,0.004611758037563941,0.0030944451606537138,0.0017213996563095668,0.05056035147227496,0.01142128823914613,0.016695136293304057,0.005983746532391569,0.01166157754438526,0.0030597730905737312
42,SomMot,0.003637580683620077,0.022589198703078472,0.009098944597326382,0.011427685205035653,0.005838553626721627,0.009258453291739443,0.006176268820488465,0.00216923191329621,0.004554977864418485,0.027665151224522712,0.015860658730114902,0.0043076565707594215,0.0046018375765022445,0.0055762628981844255,0.0037143310589484975
43,SomMot,0.00626988090863298,0.039843459259542115,0.004839420951072626,0.028572628970187773,0.007049112746175472,0.024972469717515145,0.005439034744868959,0.00360015925267263,0.0032197718021646326,0.035200346162228155,0.005978450359287336,0.022118469369222703,0.0056050120162727994,0.016177861289130437,0.0034099355401160116
44,SomMot,0.005874398284247609,0.02412505373239233,0.00764817087024194,0.013390960672086139,0.008190146492328772,0.012116568500041568,0.004953320403282201,0.0012743921720445694,0.003656610558019572,0.017575333719790653,0.008880003315302492,0.007458815838036825,0.00712855078411202,0.0073474654425203624,0.0029778905174804083
45,SomMot,0.005735901958453074,0.016486827162694718,0.007974788226161177,0.012699392038882174,0.005663083951611046,0.011538085106810581,0.0037807699881623274,0.001161306932071593,0.0020740705889364247,0.009507792305034046,0.008857276616541739,0.00592435278448622,0.005375877956947767,0.007228731632977992,0.0023050945917020556
46,SomMot,0.006002331841764237,0.024890276746757457,0.012304200419325026,0.008629581738219528,0.005207345520851018,0.010651640793018191,0.004546797631357885,-0.002022059054798664,0.0009696041353389912,0.013692400924205895,0.009709464768226055,0.004686451174846984,0.005909660113368962,0.006359637948687569,0.0029643077787487675
47,SomMot,0.004373488313772833,0.04567746146997416,0.012490282509211,0.008492685887757779,0.003993087258563477,0.005341675205134511,0.002314865189749611,0.0031510106826232675,0.0037847218331646714,0.039594960445247,0.015625141642222683,0.004806940048052266,0.0035418065386543605,0.004358435225589319,0.0017565214028868804
48,SomMot,0.005677417560596046,0.01637970269873168,0.008122630221705257,0.015282627206377209,0.007221400830805205,0.012423455167619802,0.005479408783353916,0.002859172038757407,0.002454431163430484,0.014662873657642184,0.008063441737205286,0.006888936597441187,0.005916377970771888,0.007187880416595705,0.0029798783503826773
49,SomMot,-0.005938521885033965,0.06896573887136384,0.020255736490320926,0.01655407305948997,0.005457478567116646,0.008470317040210885,0.002342938733439742,0.008083756019279086,0.005336884888917197,0.08307252805074913,0.028588103195868013,0.010319335647151196,0.003155224788488405,0.00598372455258731,0.001519238415838055
50,SomMot,0.0055886079196915345,0.006612050634107436,0.002852935217306629,0.004418732007558046,0.0028518469671452015,0.006320537003078131,0.0022716150511088813,-0.0019018049955200843,0.0010697845860569797,-0.005907352700763413,0.0024483764699927925,-0.000491222938536362,0.002686255845958309,0.0036274165284174266,0.001538973147984179
51,SomMot,0.0055693217312698644,0.04048458614541743,0.0060598862151528135,0.0056362187535250905,0.003750284010351625,0.005236040409120957,0.0028408426255635724,0.000400178344404134,0.002525284012079618,0.02979366211140071,0.0046133501880959585,0.0034010044899447146,0.004067659609837681,0.003430194124607611,0.0018866497193886895
52,SomMot,0.005378035725677252,0.02832538559751536,0.0070399826887370355,0.005055884985346348,0.004054048275583865,0.0061381594833460175,0.002831768892918506,-0.001082274497999669,0.00244034174123802,0.016451983219720568,0.007480616768292554,0.002787597066810643,0.004150461435451505,0.004237807010855544,0.002214337175720428
53,SomMot,-0.008152651159703681,0.05043661614212434,0.019160941420852583,0.012932159491274109,0.003924515504230299,0.0030627879809844495,0.0016686631544726449,0.00986937151028966,0.0036312900088678957,0.06259392896005211,0.027304323702356068,0.006216391425073709,0.003096004817072706,0.0019293877805500958,0.0011721987977458834
54,SomMot,-0.008948968469813271,0.07252746702740465,0.01201659180621291,0.030952440362374035,0.00223660707987836,0.0014159832638455105,0.0021799757517958008,0.029536457098528524,0.0037618924651154034,0.07896571134884231,0.013410588434507192,0.023442272037469247,0.0019887745263528207,0.0005862043079493783,0.001012538837023087
55,SomMot,0.005986620688871678,0.024450195756460746,0.010931936446952999,0.01753790305509819,0.00568025394535906,0.017778828960117045,0.00402256520092444,-0.0002409259050188517,0.002033121725320234,0.019454040483113277,0.013206815351493886,0.009792667758492657,0.005536249520365929,0.010885234241307228,0.0030339492808713273
56,SomMot,0.00535435419074742,0.028724829547127094,0.006275345765193203,0.01707237254888907,0.00823248371640432,0.014912021812835907,0.004420094453700273,0.0021603507360531625,0.005162183830773119,0.0247612736900908,0.0066766916858274,0.010885555022217974,0.006814363689485092,0.009214886962891744,0.0026400245655729205
57,SomMot,0.006143601023746585,0.03314159035918043,0.011292988891915668,0.02225257828980509,0.004832715584098993,0.020074512092566544,0.0033879754887084688,0.0021780661972385486,0.0016143633189194466,0.03041755237096728,0.012898266306843936,0.013046103106585227,0.005157855594475635,0.011775688399209528,0.0022454552932064022
58,SomMot,0.005562903321964925,0.012796151623135165,0.0064706692548608035,0.017798472495308682,0.004291201010284017,0.017239359796625497,0.0024054691144986657,0.0005591126986831841,0.003446423188630877,0.011461859548027763,0.0025197254578081833,0.00748516806634687,0.004833194098175542,0.011184924492114034,0.0020978755273280505
59,SomMot,0.006111632619446168,0.03606661604254195,0.015331572822203767,0.016608135230207877,0.003858554831227312,0.016107535584588262,0.002970890109608248,0.0005005996456196149,0.0028067694761447406,0.031191669788248454,0.01573619795024715,0.009454722158394735,0.004505937760621914,0.009603475882235157,0.0020132478958083725
60,SomMot,-0.01302758038674154,0.04919621582424609,0.015417474660494245,0.015838003905964727,0.005534050842388617,-0.0006037424476560416,0.0006361749942415084,0.016441746353620768,0.0059022129512186,0.05482785325251951,0.020483024685851496,0.004235312879009001,0.0027384586496953947,-0.0002096888663678742,0.0002866679824862604
61,SomMot,-0.015414553030039897,0.05079678647834349,0.012537007383557609,0.010708288248283914,0.004097434439436606,0.0011468317431645226,0.0012834081858533212,0.009561456505119392,0.004688081333334121,0.06427549388140334,0.008517199789778435,0.0059882795317363294,0.002143022223824906,0.000598597898020281,0.0007162005327368999
62,SomMot,-0.014470645600189009,0.071870464347737,0.015303272925668545,0.020938182799141412,0.00436613299223501,0.0006538581498275242,0.0013726024596692784,0.02028432464931389,0.004668845957795249,0.0764001474468456,0.019563220374702713,0.013028352351563587,0.0013606320782004004,0.0006603752255595729,0.0009301715198335412
63,SomMot,-0.014739510666119997,0.08069994471659034,0.019435813500166696,0.021986769938236717,0.005080519906677064,0.005708171123134998,0.0016926660445555903,0.01627859881510172,0.006107385238169126,0.09554302059853825,0.018635634970616505,0.012797123884933547,0.0027584248980836367,0.002826915666774554,0.001378374322871784
64,SomMot,-0.004269703244357111,0.09168113189621244,0.025129284911231838,0.028262858354803334,0.00648280143397447,0.006748562175888128,0.003953189659003587,0.021514296178915204,0.003557762500598239,0.1163161731016236,0.027001339718752466,0.019388331907374257,0.006477610467969777,0.004919803629601938,0.002817289308442311
65,SomMot,-0.013789302739104985,0.08827327629523103,0.01700328605163271,0.0022483660600389754,0.002706495094204142,0.005302703517620721,0.0024874439270241365,-0.003054337457581746,0.001817098407465819,0.0932111969566444,0.016761261840027727,0.004745702114414496,0.003052454836422658,0.0031076015146275894,0.001739508612063058
66,SomMot,-0.013433046015868708,0.11671776464632959,0.008535378392880945,0.017076889985099153,0.007562708926193306,0.004831289265721428,0.0019920248964486274,0.012245600719377725,0.007462924466414207,0.1255167974105726,0.00861600573600312,0.01647087508595877,0.004290833046801758,0.0017838900455351414,0.0013793802608357858
67,SomMot,-0.013599204391367725,0.11826448500547522,0.021468131688322085,0.014232275867627542,0.005958525242645755,0.006664114911954866,0.0007310729254700944,0.0075681609556726755,0.005808766764013391,0.14427323302156328,0.021501472064530618,0.007851983681267227,0.002496445462526591,0.0038458570808297178,0.000829901193742905
68,SomMot,-0.013661624176126045,0.09780963490277692,0.019658962218843144,0.011156311886534742,0.003212962339557572,0.0028023329757648876,0.0022452197295521887,0.008353978910769855,0.004886177278652887,0.10303194928121015,0.018084836229875986,0.011721064426405614,0.0023136029783435356,0.00175716444036762,0.0009854200419142545
69,DorsAttn,-0.010590091767855535,0.03307013148664191,0.009459948707765283,0.02042804588003342,0.00650711372031844,0.0037879171314393113,0.0013186721038714825,0.016640128748594107,0.006170728222227347,0.04943636576634767,0.008214144561511632,0.00912941079031182,0.003739961400073311,0.002586800692254676,0.0013273477093362328
70,DorsAttn,-0.013159655661564691,0.07776509859955012,0.017987300998605227,0.02146978665494148,0.006863402299796335,0.007128580254162742,0.002990748861120512,0.014341206400778739,0.00651942635153457,0.09628226075226523,0.016709267240480673,0.011440957705706722,0.004537504917567948,0.004059866719797123,0.0021567395874320786
71,DorsAttn,-0.012605508096287563,0.11465708545162978,0.021551843365586833,0.013440816139575085,0.0029955638944021523,0.006910722504020983,0.0016383502017311038,0.006530093635554101,0.004093713595046168,0.12977367132660494,0.015727255533501922,0.011895656281262101,0.002382216541536868,0.004206806715060307,0.001166771768681571
72,DorsAttn,-0.0135605250688058,0.0728043195178105,0.02161770829585381,0.020034642068150598,0.006121454654873717,0.0066767191841474284,0.001662427919438826,0.01335792288400317,0.006164768123782774,0.10209549871403037,0.01985894384213296,0.008084391322053141,0.0034879575617513875,0.0033879899249866564,0.0013088890479994709
73,DorsAttn,-0.012643119623543756,0.1161588400047326,0.009066480767318516,0.03710536828819753,0.0066090541239761744,0.005091469908676105,0.002669588637218129,0.03201389837952142,0.004005572121529903,0.12660212878178304,0.005961353574314899,0.034159901121158166,0.004741805520718281,0.0022079665642031456,0.0011704554349625746
74,DorsAttn,-0.010997154316604254,0.06033343204547044,0.008778330624560621,0.01582908813180075,0.004991712768137931,0.005551670838499101,0.004107680279362507,0.010277417293301649,0.0013832950566777119,0.06919385119494019,0.008313786936565377,0.00957355630158574,0.003069961363277449,0.0040002984727508075,0.003287500932858899
75,DorsAttn,-0.010847622169976676,0.07376127874112282,0.02144544398219854,0.016851076966930622,0.0037455796323183385,0.0033971006288739504,0.002633234619884439,0.013453976338056672,0.0027268463205866456,0.07457385450036076,0.021124839023523852,0.014818100378780352,0.003340573614791862,0.0028385554478598473,0.0020327954153649633
76,DorsAttn,-0.011693665267077165,0.09795730751322254,0.019426310103721117,0.014480981957874572,0.001803877404969562,0.0036558261385583046,0.002200054305083185,0.010825155819316267,0.0021615895538665874,0.09183553025430143,0.021769136580416074,0.016053506689419673,0.002377226805727099,0.002956210569914397,0.0019070368759954526
77,DorsAttn,-0.012332983126936413,0.0863560172919263,0.010195762724214626,0.022817177283524614,0.00785732436003543,0.006191521109246412,0.002170908121962924,0.016625656174278202,0.0071953366026286,0.10388782334491323,0.014622519311005945,0.01286570567135159,0.004168011680125364,0.004072794474519336,0.0021043312135346254
78,DorsAttn,-0.012406268204038328,0.06743306831970448,0.024545660068148234,0.023240908276357074,0.00954760381228424,0.0058438851329589035,0.0017859133734080376,0.017397023143398173,0.00879350905957117,0.101234018669025,0.024541190430557632,0.007006780891016762,0.003989555352941855,0.0031747747448591657,0.0011200641907598472
79,DorsAttn,-0.010336546836418775,0.11654567086329552,0.007658739250211256,0.010852341384761321,0.004651346386735914,0.004374314783020061,0.0018348628024302215,0.0064780266017412606,0.0029260223366029386,0.1311068303023719,0.007381501163666963,0.008661348489557663,0.0020687107925367767,0.003684972520383334,0.001200706257761449
80,DorsAttn,-0.011828717004173803,0.11888578953655426,0.022983466603244494,0.02248462863824292,0.008075875957105978,0.007561056879658001,0.0015522468294197032,0.014923571758584919,0.007080234536083578,0.15938279072794206,0.013975602771709592,0.012671132917898032,0.0026302642965633427,0.004814642762378996,0.0006289018974757997
81,DorsAttn,-0.010401018113502717,0.13641898820420756,0.037643997354362364,0.024219257792295723,0.001668117708482498,0.004614042916263305,0.0007310903991073543,0.019605214876032416,0.0017642055924195353,0.17062008544987184,0.036176977435479284,0.01869459894295864,0.0038857947710186315,0.004100594454523954,0.0010715944076511764
82,DorsAttn,-0.012214681180751502,0.02249739703931186,0.007943156091526616,0.018806062188457352,0.006260123624393113,0.0073831036141446035,0.0018290967210680988,0.011422958574312747,0.004483061040366314,0.03564834834853261,0.012625924964002442,0.00483284925713352,0.0026081670981739718,0.0037468298942552767,0.0007847514311194257
83,DorsAttn,-0.011224996277154835,0.10391084430151676,0.023886450804857986,0.01858878124344332,0.0036329019685109073,0.005878664098160802,0.002862221351768726,0.012710117145282519,0.0020827325189019625,0.12221785219381313,0.02590082554918129,0.015707913448324874,0.0041996635710078245,0.004191218070340619,0.001944381898417734
84,DorsAttn,-0.012790741293073291,0.07967099962993456,0.01997734805167193,0.018407884733866342,0.005245850844143439,0.0056246176325662756,0.0016260605519551065,0.012783267101300066,0.005502710680307207,0.10330227205497784,0.018354520663034946,0.009295343787380395,0.002282631534108365,0.003054916403278063,0.000706815557013026
85,DorsAttn,-0.013144065390652182,0.06584350100613216,0.006460951639635577,0.020432918762650208,0.009102320798307714,0.004081120825843975,0.0018751975908482962,0.016351797936806235,0.007393754668837657,0.07093713280352103,0.010896710577008636,0.012846251433859224,0.005389283601106283,0.0015007790918445175,0.0006199776405996333
86,DorsAttn,-0.010948667435270858,0.06065943302019043,0.021908679650007885,0.037702129289074036,0.005679503938703029,0.007936662542040996,0.0011706292108693104,0.029765466747033044,0.0052672511247725115,0.09425664686435675,0.026112769725163423,0.01692068875587527,0.002939236716501501,0.0041242959934501,0.00109543350423311
87,DorsAttn,-0.004820178447253837,0.03371217653041538,0.00790761978304478,0.025630321708274638,0.006579916743516485,0.00416034810921555,0.001873619835094441,0.02146997359905909,0.005631710609297209,0.05430703825558547,0.0141718448821513,0.011184536571784665,0.0038629987047542175,0.00358145354740258,0.0013841787250837177
88,DorsAttn,-0.010648184890611864,0.04146921802429422,0.010859965907169615,0.04349702126402384,0.005924880863182403,0.00929647405407985,0.0023115290566078934,0.03420054720994399,0.004738591129645132,0.0674891569260317,0.009215491937331571,0.024461215810552227,0.00496134799041682,0.005183963861408158,0.001314069987109001
89,DorsAttn,-0.0009404471901594835,0.023973324238903148,0.0060413260496628585,0.012656827572457407,0.0031507926848265574,0.001572058047351965,0.0016668320988698678,0.011084769525105443,0.003569076018941642,0.009569012930266508,0.007007944587062224,0.008860825835344732,0.0029347211765915165,0.001406327436601118,0.0010352365223384168
90,DorsAttn,-0.0029217759484816783,0.014079203690127006,0.002910291627741079,0.010584548192269883,0.0037439158085173898,0.0031858087299649453,0.002921918330921192,0.007398739462304937,0.0009329426380565532,0.007109368788281212,0.0034439047702816876,0.0032143105648965832,0.0037749694303732604,0.0019467334604701624,0.0016813227830495606
91,DorsAttn,0.0012623917328988515,0.0063368243260610415,0.0041187912068708435,0.010539243060344617,0.0043907923393656685,0.006923350204975742,0.004410579536465777,0.003615892855368874,0.0032074177388199004,0.001129617894108348,0.005223277918154244,0.003000487078469405,0.0024628133305647313,0.0034035054508217756,0.0021630430643694363
92,SalVentAttn,0.0047904427972880245,0.025289714959469255,0.012213305351692716,0.005103016143336148,0.005014690874657299,0.001010390733992317,0.0005891400798531801,0.0040926254093438304,0.004919284293318881,0.018770510080283697,0.010402329133001698,0.0011952874274899772,0.0025919478280593696,0.0008089216207844308,0.00052955100532797
93,SalVentAttn,0.0006589737474618188,0.012761895922257672,0.0023207439668467096,0.011455038177067233,0.004048008645372104,0.0020098765715286238,0.0007878370060135944,0.00944516160553861,0.0036366685376995663,0.012015717793824886,0.004392655845484924,0.0027992895018469355,0.002078655141059698,0.0008534029425261158,0.0005727124974598694
94,SalVentAttn,-0.008794825259262798,0.04136399927253938,0.00861761257977217,0.016892595591709525,0.002938333876506992,0.0020971862905883485,0.0006093540427436118,0.014795409301121176,0.002919290922489656,0.041952604456164555,0.007200364502980364,0.012450177663616602,0.00219816291434841,0.00129712170762184,0.0004362471634066504
95,SalVentAttn,-0.008023630556487643,0.05501675985275363,0.011270279521869254,0.022508287482367086,0.00538593725624125,0.005167769616821194,0.0012633791367649147,0.01734051786554589,0.004364814115509383,0.0754004817736631,0.013156988924887647,0.009171760216179358,0.0034041995084796925,0.003309367656838047,0.001128520297632971
96,SalVentAttn,-0.006905376919497417,0.08509123449853087,0.014019575078701831,0.019996928576767315,0.010545022367646721,0.004974124389287437,0.0019341414147596716,0.015022804187479876,0.010108716343517734,0.09701643292722675,0.009052698072615658,0.008431836293564077,0.004035275872008504,0.002938221316497969,0.0012166387289162801
97,SalVentAttn,-0.007058871595413621,0.1264469885631319,0.017909241603057496,0.008555300535467247,0.001716640103716513,0.004373847298397271,0.0012722780194837028,0.004181453237069976,0.002101278886096921,0.1309809647484827,0.02036964237775147,0.007894063884498759,0.002462588917606587,0.0038530807912907196,0.0009230538571995693
98,SalVentAttn,-0.001989720571555342,0.015874860580606786,0.006172403271089232,0.008144844679155949,0.004736802198754436,0.002669291778240557,0.0017793269358558743,0.0054755529009153925,0.0030645940551273974,0.01788749541300507,0.009017866185799108,-0.00037956501605194146,0.0026568377060565075,0.0017566187107075138,0.0011727887968606997
99,SalVentAttn,0.0017464175084282454,0.006098088802877544,0.004568090516867975,0.012625990425759692,0.004202757887863804,0.0035581878635663642,0.001849657834916306,0.009067802562193328,0.002898293884591683,0.007786795497103127,0.0068234216923502315,0.0031962657952086192,0.003549180755255288,0.0019693836100275197,0.0015442935624766154
100,SalVentAttn,-0.007460662267203216,0.029484495183216785,0.012420401363266035,0.027946272853955213,0.002965936842974696,0.006419558068415964,0.0017887632001199413,0.021526714785539247,0.0025293312685070956,0.05938182453906362,0.010077133246919003,0.01023110336446469,0.0027002139125780096,0.0034934755516182747,0.0012000537789831828
101,SalVentAttn,0.005879499754687011,0.035277358792199044,0.005516205540911394,0.037722305491940486,0.012095471087994825,0.019898358046998178,0.007540530104269102,0.017823947444942312,0.004934434342233438,0.031164617844139486,0.00407757351542796,0.02994830308266714,0.011299783084638342,0.012711815993980413,0.005267859602408051
102,SalVentAttn,0.005536016844674024,0.0198197453756749,0.010701318041153289,0.024034136593335066,0.010374034564797078,0.013236584589090938,0.0064236067290290395,0.010797552004244126,0.004903656924764795,0.021266139457345967,0.012214606663282382,0.013508041002019144,0.008227059953646164,0.007723537320755591,0.004053730307187446
103,SalVentAttn,0.004117963335326355,0.013654522032968797,0.005567062603645564,0.01758120137370578,0.006637922173399983,0.009414822724844707,0.004870363646748751,0.008166378648861073,0.0047722938110809476,0.011816845142411636,0.007567001413914133,0.006762108213665252,0.004432417708883338,0.005185491254502206,0.002431575055511454
104,SalVentAttn,0.004639315646656735,0.002738899836157116,0.0026339635600796545,0.00713557538907037,0.007270327323910198,0.00316009534184718,0.0027708465457836904,0.00397548004722319,0.005138817624090452,-0.010526729947578195,0.0023653435942743817,0.003391732835847083,0.006652728603862547,0.0029796578997883794,0.0026683602993322468
105,SalVentAttn,0.002319774219553485,0.010107647176321888,0.008108316329146827,0.0020903586161611807,0.002255943735631217,0.0035004163073573567,0.0023193569084788137,-0.001410057691196176,0.0016386693271679055,0.00444219464597242,0.007362901796123222,-0.0031126656969403975,0.0014636536130670965,0.002129558003323173,0.0013434271173862061
106,SalVentAttn,0.003511315435056476,0.02153517909481284,0.009096890623620351,0.016413200509434754,0.0024200205489277936,0.003915742181749926,0.001090512082122002,0.01249745832768483,0.0016303539539891435,0.02173866480541866,0.008204242133640472,0.007566692502693595,0.003409869720999665,0.0021304781215656377,0.0010773859867297829
107,SalVentAttn,0.0056478827819210495,0.02850853175422945,0.008976030892776363,0.017388706322674218,0.007452046480701498,0.0057785585364288575,0.002002935458745559,0.011610147786245362,0.006256899293379799,0.028000875786553546,0.009687108172787187,0.009068627169512688,0.005148050580151851,0.003366107387081585,0.0010548862492553682
108,SalVentAttn,0.0051650910362417155,0.02006245364417585,0.008619262702414903,0.018055650016096436,0.005355225266471914,0.002133454166121518,0.0011086110143665037,0.015922195849974917,0.004985234833560017,0.022113762081956433,0.009870812002759688,0.0063604334111719615,0.003506447411195515,0.0008435992121966329,0.0007401517408182771
109,SalVentAttn,0.006664142962207661,0.008405513653297825,0.0031959657067016315,0.0038633334337685454,0.0037558093259084523,0.006005539027806384,0.0019066776834611358,-0.0021422055940378383,0.002354344283167406,-0.003897467061035198,0.005355736783231917,-0.00012107285956679537,0.002974230832402763,0.004198256758919561,0.0012973720861648246
110,SalVentAttn,0.005411506334966826,0.03422029778583744,0.012035005243377956,0.016948377075359324,0.00814158301744259,0.005790739979368476,0.002520281486078074,0.011157637095990847,0.005779371560309935,0.03048750650986858,0.015201165234414376,0.011278804365685602,0.006319601529410898,0.004863474939423273,0.0019477403997915676
111,SalVentAttn,0.006461763171661011,0.003663232617833856,0.0035239281703388836,0.0046463047194991395,0.007076693308543483,0.007206581226675013,0.004419241140450699,-0.0025602765071758736,0.0030856630522564195,-0.010127296217981585,0.004704425097623682,0.0005401293489896153,0.005118820145260564,0.004174760618989581,0.0024974019955165553
112,SalVentAttn,0.006288163029604717,0.020197453644975626,0.007705025652913124,0.016146530089118483,0.008075478612027882,0.009399615318032083,0.003273575303089652,0.006746914771086398,0.005573739322634736,0.01216029413234616,0.007610754955666566,0.009655992885971276,0.006580613884379733,0.007182184305310502,0.002189944968202751
113,SalVentAttn,0.0065520711546125324,0.020002068899151883,0.010198546056733171,0.019234493651641295,0.005272629798980948,0.0040837232654704625,0.0022109777392070942,0.01515077038617083,0.005580565940833333,0.01672660223278046,0.013350174893008116,0.010110390732388664,0.0050146367476739005,0.002514827095020289,0.0010920589430710667
114,Limbic,-0.007917633241049079,0.0010514914513758856,0.0009102764255047135,0.0023346210306176562,0.0010356781410293576,0.0012111634171278363,0.0018497005655187025,0.00112345761348982,0.0021375520495892134,-0.01700337406846304,0.005412695497530532,-4.3469305828236494e-05,0.0014066605846655526,0.000534665993399086,0.0011237572521781113
115,Limbic,-0.005055438437333853,0.00893600122089,0.005307138792543039,-0.002467013189696132,0.004472336041425146,0.002784206647417009,0.0028526401406992878,-0.0052512198371131415,0.002568372807412957,-0.011457484676473428,0.007798470706009771,-0.002366067929992255,0.003933155588722663,0.00266123369309601,0.0022010678540746913
116,Limbic,-0.01241823153195613,3.434422506796153e-05,0.0017014202468208985,-0.003923159563635847,0.0017217016586862433,0.00038376320345752114,0.00044399112673225975,-0.004306922767093368,0.0017433487787478067,-0.021278056149062995,0.001930298178994156,-0.00447121687822194,0.0011621367771442689,0.0004640864346890261,0.0004952072778158238
117,Limbic,0.0047014210147577305,0.0070230659637692035,0.00468226084821276,0.0036575243938464118,0.005208932049146995,0.003716241022975142,0.004897774163670683,-5.871662912872999e-05,0.0012135549585771102,-0.005389220064741051,0.00620576652869212,0.0006976792065136239,0.004435575013805626,0.0030079970272732792,0.0033178456905266648
118,Limbic,-0.0149453807889796,0.01438654531317558,0.005091125158655298,0.006293542066766689,0.00434738519389816,0.00023878461718502831,0.000972327406973798,0.00605475744958166,0.003718286054237246,0.006833352072505483,0.006114426401360698,0.0021698182539980904,0.0026513325106721415,0.000343466152893801,0.00020250554377278373
119,Limbic,-0.0011039792674738807,0.0041270016233561305,0.0021431527989448757,-0.0006398913199693989,0.0016655754746656014,0.0012289713234661104,0.0009322235905362096,-0.0018688626434355093,0.0014325154725261988,-0.009480649748810844,0.005460967323170038,-0.0017455642573408702,0.0021971671160057344,0.0015423377603441147,0.0011472009675740453
120,Limbic,0.0040636813474975286,0.008434767614733208,0.005299168565995291,0.0011210480050640958,0.0019317118211860903,-0.0003100343785636062,0.0011864158017442761,0.001431082383627702,0.0021169544597777075,-0.004077696667570474,0.0056381559210159395,-0.0021433758027044948,0.0016397254962252001,6.261875158088958e-05,0.0007145907196074137
121,Limbic,-0.013554434409927619,0.059410432711011964,0.016900057788512782,0.03663657925598638,0.008328580698590788,0.008601360563402527,0.0024575954159628387,0.028035218692583852,0.008813201882681015,0.07631730170386294,0.02160636348505378,0.022031420814859714,0.004695469491651646,0.004313880464399266,0.0019925709174334477
122,Limbic,-0.010803506635399994,0.0668133661235903,0.014900566688538822,0.004740213701167307,0.0033835290552063925,0.003300454022804944,0.0022781089676870638,0.0014397596783623623,0.0025875714326470366,0.06327725692522705,0.0181720362897952,0.00658266344628351,0.002946258159421023,0.0024149796978565783,0.0017646228594168064
123,Limbic,-0.003807428345892788,0.031981674087333545,0.006255833605155128,0.018881520757212788,0.0036993612382571835,0.007286962809297193,0.002911336601762437,0.011594557947915595,0.004940422928555493,0.03347689380940318,0.007436753307624376,0.01232637509038228,0.0036866021999754466,0.0043735424550693566,0.001404798614335086
124,Limbic,0.003112415927603989,0.05046093447017654,0.0066878092467263,0.026468027754633017,0.0068044960563361755,0.008960956363102013,0.004284820946949026,0.017507071391531005,0.0060224245487106465,0.05704334885290589,0.00939706913071176,0.017973816480688697,0.005174952607158034,0.006628947183001066,0.0029644500312460617
125,Limbic,-0.010162492984650693,0.0848768928758151,0.016735401952280723,0.016765307566895316,0.004579420985778059,0.0022302818144688263,0.0015077024122991157,0.01453502575242649,0.005214411658767604,0.07972237186807649,0.01471310602382826,0.0160438977650861,0.0025387156059388724,0.002148328614946271,0.001699333878413135
126,Limbic,-0.007408678607879527,0.044116259683254076,0.013467669940725143,0.02498714748745423,0.006785505679220631,0.006223851561648996,0.004621787493132605,0.018763295925805234,0.0058965984065680495,0.05023220854947954,0.013492793344733495,0.015326469027963729,0.006120434039845241,0.004131482756939864,0.0035345324766356944
127,Cont,-0.010684096629716108,0.09986277728508326,0.025110726296559888,0.024062620505297238,0.005314603848840662,0.006854740090724887,0.0018606540528725566,0.01720788041457235,0.00382098364446426,0.12069636854276108,0.02278217576426774,0.015751882077867797,0.003925959884691261,0.004941038849418678,0.0011687957762525686
128,Cont,-0.004929389518845032,0.04251174140366567,0.012609555920826264,0.016863470175034402,0.004970809015821743,0.00316213840023305,0.0019048553522581627,0.01370133177480135,0.003921655097756883,0.03577319939276831,0.012120182031923974,0.013061856706947327,0.00387823170155528,0.002333009971111677,0.0016402038441718765
129,Cont,0.002809956854254708,0.031111549278724816,0.007807170089678734,0.02254757237060643,0.004880692982120169,0.01028808351714563,0.003155342110809263,0.012259488853460798,0.004662439044977697,0.027831367268660333,0.007325085838103612,0.014819108379893864,0.0037632251503530506,0.00622726890422034,0.0017553720644817837
130,Cont,-0.012300221746871788,0.09184050398147421,0.021969199877743806,0.02186563214937145,0.006719463636494678,0.004722006596358086,0.003951407038465852,0.017143625553013363,0.005556734851581329,0.08667817269017915,0.02279944651599486,0.02168969789347197,0.005048492177066235,0.003068215899479343,0.002169900026978585
131,Cont,0.0010285763552033743,0.011695869459441722,0.007546841280064247,0.012409622655387764,0.007429611628024535,0.0049736072257264615,0.0037914935017686097,0.007436015429661302,0.004378774697841517,0.009028369086060483,0.010021643015498015,0.004624080623089033,0.005696102658725475,0.0030527232437364436,0.0022643894837233924
132,Cont,-0.003632482106168374,0.032137127479181224,0.007787918447456614,0.039545253569344505,0.0105382660650793,0.013376284891159163,0.0039683127031377,0.026168968678185345,0.007071348423975606,0.05207262364563139,0.009811581678161384,0.022751246620424537,0.004389860200495118,0.0070719168056718965,0.001226235422738496
133,Cont,-0.004677713057032502,0.025477693539653123,0.008341854655689363,0.013211436022078814,0.006105163297025029,0.0006388909492083261,0.0005941523367073327,0.012572545072870488,0.00624703974200397,0.01868767488982357,0.011486208133121654,0.00881033592940561,0.004701432653387178,0.0001962849315360282,0.00045222068529904286
134,Cont,0.005366290650210957,0.026663499169969573,0.005870456804520601,0.021748886745924234,0.005961664174797557,0.017092670347357085,0.0052069500984721255,0.0046562163985671475,0.002551892509530766,0.027825480579693317,0.007005715969221711,0.012805365025840575,0.004434904552060322,0.010394625745172404,0.0032813472954626773
135,Cont,0.0033339469707598752,0.0320308383445411,0.009318890454138093,0.011090323392948354,0.0031129265665707975,0.004870810656625113,0.0031187460853137217,0.00621951273632324,0.0018725301954123248,0.025718832742238452,0.010303815265973227,0.0075900135676634,0.0026188001626903804,0.0035275555762867895,0.0018215083249664677
136,Cont,0.005973920736040497,0.04768678183365278,0.009402415098397003,0.03710030914369431,0.005019444411849225,0.02146615816676034,0.0030363284305833325,0.01563415097693397,0.004312822060219898,0.05294245920133658,0.010843513289180047,0.023963686316473255,0.0030009127213429763,0.01189832305232592,0.0018619754601156976
137,Cont,0.004448283587723881,0.02741305792759907,0.011071164999927352,0.01485082423143691,0.003912496947838608,0.010790392759110489,0.00318693863262132,0.00406043147232642,0.0030217941258239805,0.025167940688219058,0.009669752473924206,0.0078010058082939706,0.0046155290684408564,0.006125514135877119,0.0020347205880917934
138,Cont,0.003887920224647181,0.04510025760128376,0.01430834442265607,0.01903067970078871,0.008743253667886829,0.007427733399679304,0.004501308834581905,0.011602946301109408,0.005257469624721528,0.042588906552635364,0.01450544269275612,0.01322849247044804,0.0066295853840557025,0.004744746142763235,0.0029988682428341543
139,Cont,-0.00021206455426974583,0.04489891350894435,0.01640985241496641,0.0129401642319805,0.004824913802199648,0.009960798493375255,0.0036807901533449936,0.002979365738605244,0.002602445383165854,0.04244884146877548,0.018334721029245462,0.008734673898861112,0.004016775625973691,0.006144725512875637,0.002116044569032838
140,Cont,0.005023237051229995,0.026690370540284135,0.005268575236514097,0.031072193967183435,0.011593715225365078,0.019009868056162983,0.00518195587276634,0.012062325911020456,0.00655142532421533,0.023291489515547915,0.006864490804364935,0.021151531275045054,0.007967729787159254,0.011746815707532532,0.0032431789758257394
141,Cont,0.006102823722477438,0.03239351997476185,0.010359804457395618,0.023246679468883768,0.006909465766453334,0.011452016489595884,0.0036444662402564947,0.011794662979287884,0.0035907664404012953,0.023205196464188303,0.010414917554844952,0.017772508127861,0.0059981323877293016,0.007657475167351624,0.0023483687430612115
142,Cont,0.00605460348168675,0.040316075185590126,0.01239740394325607,0.031314368360994146,0.004135260710927079,0.0177113821953331,0.004164505500413558,0.013602986165661047,0.0021269881867679867,0.03453578414042555,0.009507128975644616,0.02474400317768639,0.004862295268900773,0.010843327760721166,0.0031849163401393124
143,Cont,0.0051304890191069125,0.02781308197446002,0.015055559297625917,0.0030703166339004053,0.005531503876302964,0.002737838224111244,0.002162928364950704,0.00033247840978916087,0.003894073216174099,0.0190088649591603,0.015708639730911557,0.0003941333620040233,0.005207201381027695,0.0014997992233574565,0.0012365295047489305
144,Cont,0.005913231036405563,0.035534891283973226,0.013761755812229921,0.03291880559415887,0.01058970136202493,0.004782088827587505,0.0010504275478430772,0.028136716766571368,0.010130520057287639,0.044098848534989445,0.01960495226889049,0.017500135519726977,0.0056767933463232985,0.002532871428796901,0.0008846594550207486
145,Cont,0.0054896332461982535,0.026527989983458754,0.009714809530939655,0.03733918014719193,0.009531649397476784,0.006616755348159043,0.0032364322552624206,0.030722424799032887,0.007907382620917667,0.05126543408955213,0.016225817338135395,0.01317549829160094,0.005475730238839947,0.002896868098290706,0.0016963652290194096
146,Cont,0.002759413317149068,0.026128493108394248,0.007692284530099912,0.015233972385947415,0.006990758810736331,0.007698641013788721,0.0024346749193500427,0.007535331372158694,0.006369923751514056,0.03208855229844607,0.00840757985762,0.006968540514776156,0.004804498066411661,0.0036399010151707987,0.0014498387295317856
147,Cont,0.006054586087887975,0.02925221095909867,0.006714763374383013,0.019031212183130797,0.00653170787769,0.0032425785837138844,0.0019448506048014343,0.015788633599416912,0.004668102162495106,0.023709412267640607,0.007377965571830294,0.010320020021606858,0.004808339550378973,0.0018166981370609792,0.0009608964794745966
148,Cont,0.005936867150588976,0.03821995720679663,0.007919363793510577,0.02328542282795576,0.0060874389940192945,0.0046894883208222545,0.0020870200097799427,0.018595934507133503,0.0052300944803090775,0.03523513329332058,0.008947881716608388,0.015326336058841084,0.004017608326503041,0.0031771576002686207,0.0008727007090776358
149,Default,0.006088701453760788,0.030895238735452656,0.010297206699051707,0.028326886724698675,0.006648138518616407,0.01844673941151582,0.004257008871639414,0.009880147313182852,0.004274087126685995,0.021777536060892964,0.01056910102861237,0.02106598733918221,0.005560566015564101,0.011621897773829515,0.0026527138977676737
150,Default,0.006025220237459412,0.04976876094338469,0.012752082331086509,0.031177566137349344,0.006733094141553127,0.01951899503605008,0.00521357620203838,0.011658571101299264,0.0033348588197227324,0.045848802776336094,0.014905061575297553,0.024507613013849894,0.004884698414428098,0.012295136126096628,0.0030954283920903987
151,Default,0.003669783800580672,0.042114900178612635,0.023254091062522065,0.02053192256563734,0.007609992648748973,0.007009963485953641,0.004762239386658262,0.013521959079683699,0.003034557634939937,0.04435028884557772,0.02324450360258307,0.012107454260164973,0.006450281042480437,0.004815805311870314,0.0031915364917682334
152,Default,0.005985473186418404,0.024130358231447647,0.0034743833155848384,0.0319251605387801,0.007611672710002799,0.015865457429048636,0.0032714008390163428,0.01605970310973146,0.0043875192413803665,0.02758620765681543,0.0055303802170843875,0.020093442397543626,0.004195422959123091,0.010449924424715462,0.0020937634385800835
153,Default,0.002453341771361871,0.049833877620415176,0.0123884639761612,0.02284028400499514,0.009493609872665077,0.009766891445187675,0.004406453250366191,0.013073392559807462,0.006801730403124485,0.05122530542561834,0.013863737388792149,0.016167595699034188,0.005428508520338313,0.006027796339629488,0.0025909376417334795
154,Default,0.006322816017301001,0.037791282311714094,0.007111380270753752,0.03568091924690127,0.010614443435918405,0.010365138478619241,0.005026702037295312,0.025315780768282024,0.008606820697159017,0.03199531962129367,0.007946632945592648,0.02606757691685191,0.0075732482745643455,0.008331777277663988,0.0036518750745106023
155,Default,0.006308550437037547,0.038273964007390894,0.009744697767315581,0.05259715188886911,0.011343285289080527,0.01461453670505084,0.005151810895854585,0.03798261518381827,0.010527047463424258,0.04269513402159926,0.01299386418529709,0.035034906301961,0.006513674932588036,0.010076054072359408,0.003576906959530818
156,Default,0.006227382708162179,0.03607024604656976,0.004896569759262776,0.034508060982496834,0.0066931312786814925,0.011230346739138097,0.0031759462805239294,0.023277714243358737,0.005496391063119536,0.03110432879856395,0.004795288946036488,0.02478532845234609,0.003842086547696915,0.007449050702318783,0.002184201487341971
157,Default,0.005988033409462963,0.03633128014461686,0.009999597052488264,0.02590662093082785,0.006606727384407966,0.009443900666823657,0.00311151408881662,0.016462720264004194,0.004031647377388935,0.03199293765481457,0.010921810681446696,0.01838880109786718,0.0046978123455823405,0.006792225043441546,0.00246912406483772
158,Default,0.005880494247810086,0.013838711936819448,0.003359836755212495,0.02399417452418564,0.006899370365491175,0.006534235046292314,0.0027604970661134747,0.017459939477893326,0.005882001309077044,0.011463377852431834,0.00495455601199215,0.0111293049337432,0.0037937581039439432,0.0037417548956498294,0.0018347754653255507
159,Default,0.006193084286808428,0.04049823792743283,0.008872365738183395,0.043366915064848174,0.004297697198781741,0.012201699762093132,0.0020187312293774304,0.031165215302755046,0.004518030656722131,0.04919987998164088,0.007035333725987922,0.028013395058248312,0.003821707970317438,0.007210024071860133,0.0015823126017744608
160,Default,0.0043382243107541905,0.028233627840334962,0.009717555040285587,0.013499428304384664,0.002432628822566986,0.008865346524738915,0.0028730080402427464,0.004634081779645749,0.0011471356593876843,0.024409886111289227,0.013957447109393355,0.008860648197383903,0.0020018070214533183,0.005668081133931824,0.001981707882133203
161,Default,0.005942529958055935,0.024247872169872942,0.004420614066374763,0.020555160008639994,0.006752520354613347,0.007175640041187514,0.0025146458347018417,0.01337951996745248,0.005976222449975228,0.01085331638479221,0.005771363467638165,0.013868939968321902,0.005078231377330568,0.005791866819300107,0.001675795426945827
162,Default,0.006412276995728564,0.04521615288184313,0.006269207414372978,0.0498050571905861,0.010082227526830788,0.017103134173178325,0.004575291615679958,0.03270192301740778,0.008349273318119788,0.04664389543848417,0.00965603158844492,0.033027982165703705,0.005541873338988591,0.012304324809349376,0.002420887382341634
163,Default,0.006379131947092842,0.032974319063489355,0.010119718264257683,0.03962369479128636,0.012888906192298044,0.015385596353594867,0.00520127227590103,0.02423809843769149,0.008289293231589894,0.0344876205350642,0.013550649564472288,0.025452121418828178,0.009081835885013914,0.010036945178291744,0.0036361169869072725
164,Default,0.006297017968121614,0.038391205936593106,0.010780766804375796,0.039360322721009824,0.009654089263466817,0.014633842443037958,0.0030383215763691717,0.024726480277971863,0.00766866398375917,0.040609792105341457,0.013402598525325354,0.02526651638028332,0.005053199296139971,0.00923325443692775,0.0016585775861166323
165,Default,0.006533138956348834,0.02580099739076287,0.009601708268729458,0.022302948911144437,0.00796085559538011,0.007978879021701557,0.0032574177534351757,0.01432406988944288,0.006023543818603043,0.018532894115614762,0.01253231869023839,0.013304864935872995,0.006859090457912937,0.005222085510893426,0.002177304347181313
166,Default,0.006116880337483744,0.03888442514145059,0.010838573556658578,0.028048286166381487,0.0073022320118193125,0.009458911251174573,0.0022263326752830406,0.018589374915206913,0.005965676556190223,0.03874381417748722,0.011463532518503771,0.017245451538078282,0.004319394683503329,0.005319207828222794,0.0012539984553045188
167,Default,0.0018528150668164003,0.011883162733178776,0.005959891684746777,0.0020181963428470783,0.0035180485017842936,0.006125092119522146,0.004181104647807896,-0.004106895776675068,0.002640723007940137,-0.0036455368533503617,0.008302956993480331,0.00014953414992395774,0.003974457298392225,0.004139273112233588,0.0026984774521817993
168,Default,0.004726690564101104,0.011178720376936235,0.005404286452787049,0.007234384328855592,0.006119842776252403,0.005526189494543909,0.0018232810834871317,0.0017081948343116826,0.004994032375110432,0.0017834146708049392,0.007138117871054104,0.0024541395638799425,0.005470377375684256,0.003026939712023169,0.0009855463290745718
169,Default,0.006108118709185252,0.013496893779407637,0.005664171532690125,0.028058385581144107,0.008102667345342492,0.022809752802605554,0.005690610215617521,0.0052486327785385535,0.005107962145487946,0.01360562582022098,0.00722519127284162,0.015731044395964622,0.006226984700057944,0.013006234852577991,0.0032642497216947824
170,Default,0.004304361827347726,0.041139940669437866,0.009550595830433061,0.010817630796038568,0.0064794816845895305,0.0021327150383370075,0.001262159509004992,0.00868491575770156,0.006154149523468351,0.030672209505593795,0.010544203956225124,0.008251805964080683,0.0057768502787605164,0.0018700893407953335,0.0006954157530518578
171,Default,0.005435273702613462,0.02344292825199996,0.006500135818843138,0.009068184746238783,0.004465974185796075,0.009060014964741358,0.0028121422770918886,8.169781497424644e-06,0.004240432906553057,0.01699103104919266,0.006293646888158377,0.005441145584414752,0.004646029633967277,0.005925947466592763,0.0017483409764301903
172,Default,0.0023833590726210353,0.021150247323403936,0.008651724110470368,0.00789341315547094,0.0041694723929970035,0.002464066041817525,0.002807652269431701,0.005429347113653416,0.0032442733562257214,0.01836412051386831,0.008739983293984852,0.003579337323885623,0.004082196198749398,0.002027959637740606,0.0018812431499739403
173,Default,0.0028097595900616504,0.047245741986148705,0.015584443448246941,0.013066692337448772,0.006482169804864347,0.008094123958209942,0.0053252058921061905,0.004972568379238829,0.0023429657427057105,0.04536564834202985,0.018926843849512244,0.009185816847425365,0.00645114156417415,0.005088350933779173,0.0028113553641106394
174,Default,0.0032060628706294626,0.029794028771379932,0.010204460660009705,0.010514705485044828,0.0055304878660691744,0.0038499156497818544,0.002174386754291813,0.006664789835262974,0.003974470030009882,0.029691315035392397,0.011681374089941375,0.004503641429234317,0.004472668810548037,0.0024536194658682175,0.0009544768951848932
175,Default,0.004712111821064167,0.016945703760156805,0.005658710649998395,0.016580285790840497,0.008026043299569918,0.0028912159689028494,0.0011983121931001452,0.01368906982193765,0.0076421776527853475,0.010445437415662506,0.007532870330637919,0.007082773624774341,0.005341859552433594,0.0017800325365721736,0.0009114382372188355
176,Default,0.0059642165239320545,0.023638997155090526,0.007142274518612676,0.027493351925242916,0.004984411479727082,0.012806254596463207,0.005714138274840272,0.014687097328779708,0.007265410367996194,0.019584054346359903,0.009511578180485338,0.017179791526194376,0.0031269435910240596,0.007803717677803679,0.0033477717489061405
177,Default,0.006128757823193012,0.04296210393065405,0.013504897791669319,0.04012184515594168,0.009060854569659904,0.016143207754494293,0.005571374168710893,0.02397863740144739,0.009519487559654672,0.046794248167899746,0.014584586337135788,0.02573389332866749,0.005668405059307007,0.009949195311828696,0.003669426483427677
178,Default,0.005862356701739995,0.013374146154199473,0.004404446256666062,0.02165363821857862,0.008656746853733672,0.015937467602479848,0.006260965870419951,0.0057161706160987705,0.0043644774134286414,0.009512829089614039,0.00543100516064991,0.01274076889080511,0.00607984989522848,0.009782015904616092,0.00370288095296659
179,Default,0.005812969091928109,0.017286971787575055,0.010871938067888401,0.013046571574324938,0.0037306674881781325,0.009504826545079026,0.004328749187823483,0.0035417450292459128,0.0022359050050199713,0.014056342818562073,0.010364845277259468,0.0055344029997459465,0.001988865497204471,0.005439541639953171,0.0025568916173191957
180,Default,0.004771036133559216,0.018323266395246552,0.0059821202050371735,0.004373827594282775,0.001422570882184149,0.0022855653290875244,0.0008868436113920093,0.0020882622651952508,0.0012587205635729375,0.012370723205374046,0.008211348696309182,0.0005896288481914924,0.0018682673373022485,0.001804193447931568,0.0009401719959134874
181,Default,0.0056156224620553755,0.02949046398432913,0.008839187219316346,0.02137119828104992,0.006825459617707552,0.01827061827810641,0.0050176321897835744,0.0031005800029435095,0.002752057972991468,0.022379893634085924,0.010121853543305798,0.014090685599577223,0.0060455341389165805,0.010706745821737496,0.003105834951294062
182,Default,0.0030670344904501316,0.01489713370588519,0.00858574235617414,0.010112117109326335,0.005766045239870912,0.006386193161078846,0.0030774771177075125,0.003725923948247489,0.002954888318816775,0.00811999723388499,0.007583049388984362,0.0035172875574217334,0.006166575569736159,0.004382187232081769,0.002094700423422434
183,Default,0.005093400755229677,0.012308640218175482,0.006219600212879615,0.004019413395117022,0.0030174757674151526,7.30667392337292e-05,0.0007712380788635636,0.003946346655883293,0.002541465714928558,-0.0009833413121328905,0.005952669527799466,0.0003690784280364623,0.0019482736456401099,0.0004056082242790193,0.00042337994648066136
184,Default,0.0003213686383457976,0.045079595697869144,0.017919904944382444,0.016554315643620133,0.006761992529085796,0.0011832504417133682,0.0017894173447084091,0.015371065201906764,0.005557729284637377,0.04315809314128225,0.0196708490781196,0.009054203761160529,0.004464663241845071,0.00042965851661942446,0.0006452501617068601
185,Default,0.004855969533395814,0.012161108902476726,0.007410741590796176,0.0022164473344446155,0.003642294512325247,0.0015404817297229646,0.0024154834607372673,0.0006759656047216512,0.0020705205053047765,0.0005436934456852782,0.008468807670993082,-0.0025052649765799685,0.004029854263361346,0.001479998860552767,0.0018183227462785282
186,Default,0.003756673735315797,0.017755784025580403,0.009222182804667526,0.005506056459698305,0.002732046007559408,0.0018854954209105656,0.0017278143918488277,0.0036205610387877395,0.001423632557155639,0.008187146202918938,0.005875927264282923,0.002579027257068378,0.0032033119608021,0.001977240700939875,0.0012832786885507263
187,Default,0.0021326775741254615,0.011611491741965563,0.0038354020387838888,0.004391961101344766,0.0037044533075563397,0.002637516751930624,0.001912066158533625,0.0017544443494141415,0.0035092781962329086,0.006376555678186846,0.004372308143788977,-0.0004741085975366044,0.0031715664654388635,0.0017813021731367229,0.0010051411823441294
188,Default,-0.004354453258190034,0.06467740400775154,0.010800277501513605,-0.002571951563208241,0.00519000552555154,0.003390770506631102,0.001525072406791094,-0.005962722069839344,0.004269386605911651,0.05908441016025778,0.010921481092981225,0.0002480957516111548,0.004138252767667842,0.0028069430826393126,0.0010879696762422363
189,Default,0.003703423205345668,0.02773033780225458,0.005813741815634847,0.00986399687552746,0.007080450058664079,0.0017052736427712212,0.0007717023983415718,0.008158723232756238,0.006917533930177768,0.026212162714801136,0.009296126530612356,0.0044082265200728445,0.0045739957283204,0.0013897477844014405,0.0005984574716833798
190,Default,0.0052767313878572955,0.022940293344899686,0.005077307653442186,0.02247511667288935,0.0059946740241596545,0.005238688297197558,0.002261501876398252,0.01723642837569179,0.00490978202473838,0.025236802177002415,0.006979973135352776,0.013188001122346239,0.004795485787719584,0.0035675622144694997,0.001779558901197827
191,Default,0.004074466305575645,0.04174687521243432,0.0066267209864526765,0.019287105296656427,0.010276949094272998,0.00517781687574308,0.0020099763523611443,0.014109288420913347,0.010028259975516823,0.043534804954897255,0.008856191110704341,0.0100793894935995,0.00595976530811352,0.003274496310130437,0.0013903338652563417
192,Default,-9.326576492228288e-18,0.0026057252137901,0.002869918954003671,-0.0036972277411483124,0.0015883509124743973,-0.0006493567605999395,0.00044580088970956963,-0.003047870980548373,0.0014715999898924253,-0.017316628741240514,0.0035368761989253554,-0.004904767295286261,0.0012566355289715598,-0.000306995712366831,0.00047747712976319587
193,Default,-0.010694438436094507,0.0806373163620483,0.018798045293541118,-0.001674705007807109,0.003723936384984368,0.001770845350965855,0.0006743663741207827,-0.003445550358772964,0.003346429445330023,0.08528142451153357,0.023550788061144363,0.0002893550652279808,0.003110391231864715,0.0013422889990618136,0.0005330093985788789
194,Default,-0.006992222138119048,0.09482001692872799,0.02282329899439046,-0.00324064978331986,0.004409653740204441,0.0026740118494019026,0.0004977577555669551,-0.005914661632721763,0.004536229002055208,0.09590319317431742,0.024948013886733518,0.0029023284512228907,0.003153074748313586,0.002144873466672381,0.00033879028588265305
195,Default,0.0029784937046033254,0.017285249129740655,0.0038849956351265083,0.004739462913689696,0.003091232668751716,0.0026033704762226328,0.002951159647083022,0.002136092437467063,0.0026587382706079804,0.007817209931288982,0.004158481335817441,0.0003263235357732652,0.002248084174840576,0.0024731898091360895,0.0018009661605087872
196,Default,0.0028360426903200836,0.03131310592828011,0.006448055089198406,0.0144705920560946,0.004323532797147092,0.0039313686422640885,0.003783041483809471,0.010539223413830512,0.0029762688652874513,0.030963584415668155,0.005700047896510379,0.007548098560259797,0.005139982427451186,0.0030146370131876933,0.0020461890799597328
197,Default,0.005118392088832541,0.032674532262560764,0.009134402313515524,0.015715070801590493,0.0011819395847117824,0.008125431062960264,0.0018722120730051814,0.007589639738630227,0.002417807984212183,0.03217382322778304,0.0063075899090337395,0.009327593291534386,0.0029295779576087836,0.006674236925109045,0.0011220246370494701
198,Default,-0.0005192891819260321,0.046933669267706236,0.03157523086675814,0.015324374148354613,0.005290805592803469,0.0021179058777582417,0.0027422438994114838,0.013206468270596372,0.005790776464849625,0.0537014129377132,0.03586684391761331,0.006906350151925755,0.005716975100252279,0.0030348691602564816,0.0020288182394563327
199,Default,-0.0028368510392744396,0.04844651380073117,0.015073547070675151,0.03011556410629661,0.008048203580115525,0.005836993241440514,0.003921883797776304,0.024278570864856096,0.006204330790288618,0.062182774261476094,0.02007131471123693,0.01786967731885738,0.006328900145387675,0.003739384604652329,0.002284350528064345
200,Default,-0.00305071770731016,0.07848172213250285,0.012197133094072478,0.029028091412939362,0.0044712424515715825,0.0046509187563847035,0.0029166538661965493,0.024377172656554657,0.003420513326090018,0.11213156078215598,0.016833925174378993,0.015620820958730342,0.002855527694257829,0.002994013474253032,0.0015078926646594029
201,Vis,-0.01750095315577613,0.03945266837869425,0.011200637667135596,0.01829621438003808,0.005841766465727731,0.0039753800007193306,0.002208251699784851,0.014320834379318748,0.005026084332019968,0.06605048605046837,0.017328519106585588,0.007520957119866533,0.0035688932992391518,0.0018356573397162457,0.0007610550874956734
202,Vis,-0.01824029290064957,0.03412195474227071,0.015545919541079105,0.01688046764183724,0.0035503444893604168,0.002731824757386736,0.0015022541460479825,0.014148642884450502,0.0033149191791534654,0.059829013117949525,0.02398808212133467,0.0041962438628672105,0.0023381022458859413,0.0023725288792617594,0.0015860747529379852
203,Vis,-0.01926649136176625,0.00988849654841939,0.004324993025928686,0.019458487687986904,0.0022026249745075535,0.004144501963850411,0.0012435486820263043,0.015313985724136493,0.001354280008375914,0.07887629568012158,0.018862361431829518,0.002581027043553141,0.0012355096477244536,0.00163897516900946,0.0008007429053816744
204,Vis,-0.020400988966313562,0.0070305038911790295,0.0027330107600782444,0.016853895976693643,0.0028461467538832166,0.0056137407406041005,0.002041237451060224,0.011240155236089544,0.002443757307284002,0.052712201305826344,0.013754343654240714,0.0030896635127227955,0.0020563710467367425,0.0026012924290079063,0.0012251537787678418
205,Vis,-0.018409881427777684,0.06829580889955797,0.011136104230929632,0.033887787130312375,0.005356454676729362,0.003860867412408919,0.0018058677942662815,0.030026919717903455,0.005178516031563954,0.10143060936517614,0.01413210486784925,0.008687410736306744,0.0034647741293190515,0.0034049780814497943,0.0017622405071977625
206,Vis,-0.02131367505209781,0.021424542641752198,0.009109759582207368,0.007143701475454822,0.003431581322754983,0.0028596600996106726,0.0014405182948333155,0.00428404137584415,0.002773246936145724,0.04402064545271946,0.012740970001176032,-2.9334534204750186e-05,0.0025839326261110143,0.001959865461153876,0.001242028346853916
207,Vis,-0.020257125310765175,0.027346057092375253,0.004466498967517937,0.01798347070300945,0.004820350145668011,0.007371025137931442,0.003467973904864653,0.01061244556507801,0.0019029595189874436,0.08206023049755658,0.016281296654858824,0.005879245141095613,0.0038229476817665795,0.00432044109053451,0.002149658783300817
208,Vis,-0.01854967197202156,0.03573817430526749,0.005517690955359253,0.019843026691166776,0.0030027111276716965,0.0027924022154486748,0.0017086008360282614,0.0170506244757181,0.0029106479223290605,0.05832088036667173,0.006778558990542409,0.005530461715295009,0.0016213448000570408,0.0021825033005575143,0.0013320052882656284
209,Vis,-0.020817558721653126,0.027217463322749456,0.005288928645071047,0.014832015531895237,0.0051874125538529,0.0030679639568956807,0.0017314416987324092,0.011764051574999556,0.00359811814047009,0.05870234946704089,0.016035478836096212,0.005017017360086018,0.0029639375707646216,0.002613787742533158,0.001085588930169699
210,Vis,-0.01621546797581621,0.059093332642893424,0.016283205329592876,0.021460451422873138,0.006679295433138576,0.007305910795250203,0.002047004437807247,0.014154540627622936,0.0053360139073521,0.10155359433779262,0.0167202086041453,0.006100846718223196,0.0026555622205810423,0.0025371805518281665,0.0005206212079958714
211,Vis,-0.017661213396259794,0.04418072113926639,0.006977219637422618,0.009281018345239467,0.0038416219545834946,0.0029506933430409445,0.0030442096763665634,0.006330325002198522,0.0018873515710537297,0.10422707521222259,0.011471525614696053,0.008243740967620861,0.004000547679541363,0.0025940255945864354,0.002119419459619495
212,Vis,-0.01763501931844531,0.04130223099688448,0.00653578836894108,0.018257282354133132,0.0037502730393195113,0.006473855779129156,0.0018686536220970322,0.011783426575003975,0.003721537089357837,0.08927035536672032,0.011179853121837507,0.004005697119166851,0.0023634644150319277,0.003227239681093996,0.0017906314881451905
213,Vis,-0.016083078725878077,0.07148408125062373,0.010914414999747768,0.009541592660810538,0.007740902518584945,0.004990859497322098,0.0021129227456998796,0.004550733163488441,0.006697030291854522,0.1089428977082783,0.01965716697060826,0.002162144024051549,0.0031732064914348577,0.0027075112323926122,0.001341923503850678
214,Vis,-0.00851855168154201,0.06840171804412691,0.010123429246280366,-0.0016096224892430788,0.004176737307401856,0.0026942850322915655,0.0014069869106602237,-0.0043039075215346445,0.003148558199346768,0.07371247605842415,0.01836992102282107,0.000658029854490394,0.0031348508840884862,0.0016324581553296413,0.0011546687367085542
215,Vis,-0.016587621571470843,0.009819116347420009,0.004132860314887925,0.009668384219833048,0.0018210542734511804,0.0004060482393482445,0.0011710969135695789,0.009262335980484804,0.001801930577059633,0.06760878686013028,0.0158709829124604,0.002171080189005625,0.0023009096130604686,0.0003895727014539219,0.0005875356015275584
216,Vis,0.0033200607290234294,0.008005049857559409,0.004876158488495749,0.006040455463278804,0.0055886435293275,0.004089133217142216,0.0028157036618436404,0.0019513222461365887,0.004948513155380994,0.01704166351681182,0.013892032567297149,0.0014607199836720764,0.004497249433441179,0.0029402004249163395,0.0017890894180056533
217,Vis,0.003581963556704651,0.013087277642619521,0.006479729633292992,0.0014546663586634035,0.004682387254052452,0.000955599343006619,0.001099200271056239,0.0004990670156567844,0.0042811719525191645,0.008765848902746875,0.012029049867642406,-0.0007464878273500952,0.004796993760719031,0.0010042839086974674,0.0008228907123747944
218,Vis,0.0003248299079434862,0.016218190969772263,0.005371342930397019,0.011226302321198967,0.0025793386172340426,0.0024816331220053334,0.0033315173508690946,0.008744669199193634,0.0034590925438292325,0.042925847322538166,0.006190397859545921,0.004210925262179121,0.002136598836248721,0.0017348122779277109,0.0020327827237228858
219,Vis,0.0037486358130757826,0.016654544666102455,0.007384325699046883,0.00398417262037043,0.004528803313096373,0.0026229660384452292,0.0027049823908332164,0.0013612065819252005,0.00437143502232696,0.017977777271577587,0.00955655931378904,-0.00028614773756314716,0.0032723629759108456,0.0015034941880904817,0.0015167221179590454
220,Vis,0.004595133181792532,0.024767377735901697,0.009367968591049545,0.008219910819333976,0.0075405837124392985,0.005601777722689727,0.004141227028420622,0.0026181330966442485,0.004309796396405858,0.01912821008802341,0.011469087689711941,0.0032960911664745352,0.0060472474968320325,0.003290463074983552,0.002337819835986035
221,Vis,0.003800530612882598,0.02288719225638105,0.01063726008385144,0.009059227550776327,0.006110858445982637,0.0033740620642002785,0.003872961851286587,0.005685165486576049,0.004014484190941022,0.036683152913206694,0.014093711112630171,0.003977500564773728,0.0048389246079107275,0.0030899473307338223,0.002531366545696072
222,Vis,0.0038394104750381444,0.027707241315770535,0.013631119836502578,0.014161282719047286,0.009030926649566347,0.0063148915191232335,0.0025527112511618895,0.007846391199924052,0.007015279486912226,0.04216458373585861,0.021951447390568025,0.004581521327899951,0.006007017620925073,0.00397938959575943,0.0015391070833100512
223,Vis,-0.008831367144566223,0.04268074719348654,0.023136883445074228,0.012844099359657246,0.00878482613437982,0.005335742661488752,0.002573187194065264,0.007508356698168494,0.006858707040924655,0.07256835967969817,0.030868823777439353,0.0036394986126423224,0.004896806417537679,0.003287749955618957,0.0016604914038832797
224,Vis,-0.011803960519734471,0.10474492956430034,0.026393790259427632,0.009130653737758032,0.002616812719125591,0.003112217084891822,0.00221887364970241,0.00601843665286621,0.002623982366409749,0.09690164360679014,0.02536341647300152,0.012494239231149095,0.004289642173263864,0.002704737624781406,0.0018172717407468138
225,Vis,0.005934389328745651,0.021548116887111335,0.011017448267400252,0.012494612428009111,0.005358496995881165,0.010622215668961576,0.003871656710757393,0.0018723967590475344,0.0027117897024893224,0.012055716350310863,0.010558585055575768,0.006158751899692905,0.006274359354263698,0.006505956464493146,0.0021957302832982424
226,Vis,0.005459904099029386,0.025441801402959374,0.016921225795137773,0.001765653762708297,0.003280993702036549,0.0035735487665841557,0.0012061455811952543,-0.001807895003875859,0.002556333903214012,0.014334435854022253,0.014497049629247654,-0.000874896091092392,0.004162247770572684,0.0025095329859132543,0.0009772295263981168
227,Vis,-0.0021230102664165926,0.04902308017914821,0.018315000858351343,0.00996078982963644,0.0069121989158868824,0.010511185700863512,0.0055217163820589395,-0.0005503958712270718,0.0032966760340749873,0.03738071660719757,0.02126487726529835,0.00863187740547069,0.005934922907043131,0.00675197332691071,0.0034931184605144065
228,Vis,0.002797686307561569,0.00352733477887035,0.0018895902402888494,0.012849516115825476,0.005593209819434587,0.007332868224002431,0.00301089502977824,0.0055166478918230455,0.0036959337415806504,0.0038830407222641304,0.007272608825427191,0.00256709438320033,0.004271360738450957,0.0040148501302526675,0.0016530368748929407
229,Vis,0.006164222892925329,0.017417290624685,0.006826406761244667,0.019212331197375466,0.009299510328508582,0.014279339831139914,0.006065324638490133,0.004932991366235551,0.0038092411347759947,0.007178178022049675,0.008120005151790134,0.012496447388574628,0.00784238187118692,0.008966011933792428,0.0033001285180628863
230,Vis,0.005979830619070326,0.025639687160295854,0.00691866483155237,0.022557321997090797,0.009634822654831515,0.01727055406717635,0.005607884587657643,0.005286767929914449,0.004564035224933266,0.014217001716176902,0.0073809009645407035,0.01534522287092539,0.0075263832558845264,0.011221738859210273,0.003277586610834461
231,SomMot,0.0017331340529284838,0.014164943958561337,0.0059584612481041145,0.012307728250872807,0.007806891708693733,0.00980421573930137,0.005080508204400167,0.0025035125115714374,0.0033543499260819823,0.010955476270749488,0.010739948110351042,0.005182550253249008,0.006049535200688085,0.006358288900042886,0.0031222719264244335
232,SomMot,-0.011453067071764682,0.03847530064232796,0.0073336955426238125,0.017825581879308893,0.00879989706352162,0.00577118714129794,0.002738028157887378,0.012054394738010954,0.00692762667894124,0.05995478864505523,0.01533568522615325,0.0037417799299418464,0.005021238668050408,0.002861000194978569,0.0016778806234646565
233,SomMot,0.0062450437637387,0.03259696605204476,0.010209708679231974,0.02639592492468823,0.009992290988233461,0.016187333724206488,0.005882258936684514,0.010208591200481742,0.005205888286022216,0.026037342277521903,0.010937815654777243,0.019403471673515926,0.008897665078998399,0.009809447507439773,0.0031759813970820973
234,SomMot,0.006043774808358796,0.028619497601731835,0.0055736388775543795,0.03795463604177174,0.005596666864282886,0.030357373742380744,0.0031689265273698794,0.007597262299390994,0.00423242524258026,0.025799128385420155,0.0052627370681391245,0.02669071408493231,0.004881221647259165,0.018706832251395043,0.0017056963502687533
235,SomMot,-0.009381059551994272,0.0363523088939971,0.0143996300846644,0.02167969614743783,0.00819219038859533,0.006913548703823369,0.0026671166283229156,0.014766147443614463,0.005696980307780848,0.06062003038084847,0.016034868948771232,0.008201783807961082,0.004697582870662967,0.00402858051304662,0.0016502263434643757
236,SomMot,0.005659126908263239,0.010512525402785666,0.0037853215359322603,0.023571804668680297,0.004681224883853327,0.01669692545245236,0.003546876681557745,0.006874879216227936,0.0027639899372431647,0.008880796964583704,0.0037008273363002336,0.013707014716811638,0.003480343757753964,0.010210966021592771,0.0021152231571432466
237,SomMot,0.006091721717125456,0.05106563736887195,0.016041577152677212,0.02660705323050059,0.008325283479510658,0.02142640447463571,0.0052394950858732844,0.005180648755864881,0.003228961705065784,0.04735146589269481,0.014259124678127726,0.02031607485269482,0.00851717016260248,0.013663087097582748,0.0033795740496676105
238,SomMot,0.006476903650486584,0.05156737185686968,0.017167228358459123,0.018701801877805922,0.00575430788273796,0.01383268418973389,0.005376802326370598,0.0048691176880720334,0.0025280774526437967,0.047236782808192435,0.01346226459331799,0.015017270691289174,0.007968498588725241,0.008752145430493807,0.0037172429135270513
239,SomMot,0.005584912087098375,0.02424615454080965,0.01159547924271041,0.014510102999372231,0.006802567160043461,0.012497421977066825,0.004717194743556903,0.002012681022305407,0.002632381893580013,0.020617992925031504,0.009039475272591848,0.008424607857789024,0.007293274917629878,0.008271366862511953,0.003165878895207908
240,SomMot,-0.008126275033662717,0.05378336079471213,0.012642912161807579,0.029553830599667808,0.006706081424075264,0.009908717149401535,0.0034524756107827447,0.01964511345026627,0.004442015352017107,0.07955743336426284,0.016589590457242447,0.017633966130964483,0.004858469742835281,0.006066026143773584,0.002363291680763212
241,SomMot,0.00613894686257484,0.03382484118565694,0.007706285779361464,0.041489406884635024,0.005701651269882054,0.03420092489809194,0.0033762526497299944,0.007288481986543083,0.004427921556397682,0.03281846906908781,0.007076622121958677,0.029575211127362146,0.005464500280904901,0.020455513220397757,0.0028632387086189102
242,SomMot,0.005932649204470619,0.01603582678733364,0.004575274167840648,0.035156113200244345,0.009349622631777457,0.022946198298191178,0.006087180324126313,0.012209914902053165,0.006840387408961881,0.01753171732893437,0.006563365944649475,0.02296454581644638,0.007698689990502916,0.013971417087893335,0.0038872382618804747
243,SomMot,0.006246660274138402,0.05655053072796261,0.012361715681843351,0.03166974680583705,0.0027946770297794807,0.025439027912894697,0.001661097574167216,0.006230718892942355,0.002204031429136445,0.05074463068201389,0.011822804896836216,0.026485681562338992,0.003921896435116575,0.01656967682162498,0.0017311066813863077
244,SomMot,0.005943308280108157,0.020624928031177457,0.005775466651933742,0.013039951736548549,0.004698807917303679,0.01169063545203941,0.004669832596482809,0.0013493162845091388,0.0012765818908301754,0.012261867563300988,0.006437195490173969,0.0074552017330688615,0.0049994974574234475,0.007765986754490184,0.00273600973970759
245,SomMot,0.005946847799514569,0.022920504827065535,0.008161241554755973,0.015423886742900761,0.006554478332707064,0.014004272391695638,0.005225480012120095,0.001419614351205123,0.0021615902498851695,0.015541287044438579,0.010662923069485996,0.008070726360445434,0.00593608830471029,0.0085366313173588,0.003364915731425612
246,SomMot,0.005957673973451059,0.018839817255609258,0.008680837924237248,0.007496092422027245,0.006170328339654377,0.007329966549729505,0.0033024938241058774,0.00016612587229773989,0.0031710765421189826,0.007826242296226749,0.008785480809072214,0.003576219782217427,0.005569539440688041,0.004266870402349987,0.0020054535730419263
247,SomMot,0.0056160498862044645,0.05102563120049945,0.020619463338946153,0.012260892394388167,0.005230659889634951,0.00845526123299396,0.002290077373725191,0.0038056311613942073,0.004225803038388622,0.04032416656308875,0.020693474569129754,0.010761971281751315,0.006554066263279704,0.005949690807434971,0.0017732452869021
248,SomMot,0.005976137418523816,0.03074127975227523,0.013373588263218572,0.01579132661439899,0.005604245285714541,0.015045427626253605,0.00451263878900777,0.0007458989881453882,0.00172738593786704,0.02412891230481027,0.011802511919731007,0.010328879366844634,0.0063081368150858345,0.00928877656057343,0.0029677587670371795
249,SomMot,0.005849156036134519,0.023540075991969188,0.007238239509022704,0.011638852329859816,0.004829636935961083,0.01063342537332541,0.003949821722575201,0.0010054269565344053,0.0025639937775978248,0.01569344744499972,0.004610429764529301,0.007506067593884769,0.005064294209741692,0.007170297151983074,0.002706088969169663
250,SomMot,0.006143011110271487,0.04749215639662183,0.0109121417144064,0.021053021705128284,0.00449943444124975,0.017591847282276408,0.0036519351578000185,0.003461174422851876,0.001745127387484127,0.04767715694546752,0.010002087678400986,0.013741591585653001,0.004621561309008836,0.01087624353957677,0.0023472806669042174
251,SomMot,0.004315279438703733,0.008314876891826483,0.0042794691048712395,0.0107819828425465,0.0076046914428502515,0.008623974140807266,0.0053674509676084016,0.0021580087017392335,0.0025383256929118665,0.007405006762068944,0.004451519418358043,0.005228949256744264,0.006569277985056357,0.005492479368523972,0.0032898055176230857
252,SomMot,0.0056539544145359,0.04124045865194246,0.00868581652434565,0.0066189558450743926,0.00296119922333518,0.005123262815430319,0.002379218288889883,0.001495693029644074,0.0012908483641266082,0.034327184911107464,0.010730447152345042,0.0033305168095099534,0.003099820160498787,0.0034406095101797707,0.0015453105132934176
253,SomMot,0.005513647482216678,0.043035177626119595,0.014441967507089822,0.006026735616000134,0.003974876332293144,0.003815813189542605,0.0021534213493095366,0.0022109224264575287,0.0023027823386035876,0.031742420234606564,0.01445579888549329,0.005325784236572151,0.004672585918751553,0.002686837237473405,0.0017695633054231167
254,SomMot,-0.006412594773633993,0.03282346487466812,0.012205268846036744,0.003294210626204408,0.00201181869440767,0.0015044541758360897,0.0008858031349698719,0.0017897564503683184,0.001515644783699051,0.03267828983986407,0.014175636756024736,0.0006536687241685879,0.0021839710191594156,0.0006854042501642343,0.0007871357335839989
255,SomMot,0.005060586224522307,0.04814511715966494,0.00960657732919286,0.006003158451769575,0.004926915114163957,0.004544813667221459,0.0022274049085714365,0.0014583447845481156,0.004688605701601672,0.03983958874130318,0.008007562672407898,0.005916916806970729,0.004820513257195918,0.0034827020546280172,0.00145964306182675
256,SomMot,-0.009061835854942506,0.06837029293917343,0.008770254278660135,0.008100851015134492,0.004198037085241304,0.0031757150790820087,0.0022328753806392762,0.004925135936052483,0.003072185883957554,0.06173540494420722,0.006283752635320891,0.008966764834674823,0.002911963606301675,0.002294582158723202,0.001447951116956277
257,SomMot,0.006040467404671738,0.02953193433142931,0.014051471784250235,0.0223043263638532,0.007211721711277299,0.020085481895064206,0.0046114239462344215,0.002218844468788994,0.0036512995349247132,0.02313712041601741,0.015494403185239803,0.014367379236411026,0.006850248824760816,0.011954148749638516,0.002923202444482644
258,SomMot,0.00605757896813751,0.03262693636297294,0.014600228438553357,0.013962984669251744,0.0039116205168772365,0.014017041347900073,0.0038234025883795955,-5.405667864832875e-05,0.003926266146628508,0.027110059171594324,0.014488034429060652,0.007446234668910279,0.0042149622140556404,0.008371846227059132,0.002439291031145342
259,SomMot,-0.01698417049267767,0.021827534729361407,0.008231913586363639,0.014883649962776446,0.003514835985318555,0.002094718646047755,0.0014987831575646363,0.012788931316728692,0.004280011566354088,0.0368116808671612,0.011272827338179478,0.0037343993837392286,0.0015425244682883456,0.0015503849674505465,0.0011008631371728528
260,SomMot,-0.01590170301611993,0.04140562267383548,0.010645091431693753,0.024908409888876704,0.005045647093537493,0.004684131734152075,0.003612410265634506,0.020224278154724627,0.0034600206646586873,0.051605700104380016,0.008540023020859074,0.009054124740700798,0.0017085414966657541,0.003907452984114235,0.0025851087139943606
261,SomMot,-0.015361226552009926,0.10168687151756983,0.0178546146960035,0.027778227060454852,0.006325197901642465,0.0028901568108328445,0.0017630961289218123,0.02488807024962201,0.006395321046741367,0.12170922609337002,0.013391172891217116,0.015597208265478436,0.0044205243278710995,0.002588203765856556,0.001711024807100727
262,SomMot,-0.014718608838416195,0.11942505490234545,0.01774444351148377,0.028393179185640015,0.009949709984231505,0.006397228282591483,0.0012623894261045623,0.021995950903048532,0.00909093026259204,0.16122886958862065,0.011088280541770607,0.00963435713174352,0.002719669717582121,0.0026041221370473712,0.001035733730228907
263,SomMot,-0.004000473453318969,0.12031752962743394,0.020954684910335346,0.030682638225683446,0.0026702772323296516,0.002147845759041078,0.0015701810644547212,0.028534792466642367,0.003897665559008731,0.14635354269520978,0.023653016307941616,0.017474837156970912,0.002124348726500297,0.0018066266737956527,0.0010442523772552382
264,SomMot,-0.015517473950386645,0.0711206034783142,0.011319762107408224,0.011261499847687918,0.004432066043189697,0.00613857947446228,0.0021454851443050574,0.005122920373225637,0.004880087446140579,0.08742808864891652,0.00810547457335388,0.004898000944080061,0.0020327140109045296,0.0025904957765262803,0.0010337149152410093
265,SomMot,-0.014821241609770577,0.08802619906409063,0.021783852582553716,0.019900184126855992,0.007510807436765551,0.0062370413512086165,0.0012906599396143878,0.013663142775647374,0.0070886260899411515,0.11764938767316675,0.022032750410790326,0.007881704430464587,0.0050852975541867355,0.0022925805470461968,0.0009531286749187878
266,SomMot,-0.013471516277199206,0.08349778667682448,0.007370135042697606,0.026484546175951508,0.005343855212322469,0.006544745919694872,0.002586777377131099,0.019939800256256635,0.007728130682791833,0.0968046215666111,0.005164763207534832,0.017932034682418507,0.003924912366850713,0.0028627609972917247,0.0015412745189678704
267,SomMot,-0.01242803211166684,0.07725594880926405,0.025951819115821863,0.01937292551479557,0.007705875624489251,0.007258589267197313,0.0003695473844654607,0.012114336247598256,0.007611566737456171,0.1064252331101863,0.024419450752712707,0.006916083721040467,0.003322513010944723,0.004004669392442395,0.0004510712536710433
268,SomMot,-0.01224505057017045,0.07606426892185922,0.01822928031084967,0.024502742464295846,0.0032232984185690274,0.0046886854960644046,0.003143616777392118,0.019814056968231443,0.005883155497467825,0.08342416477153718,0.01828856553015178,0.016426148855087842,0.0018275209335011607,0.002832758288330739,0.0020315846440483788
269,SomMot,-0.013656264724309627,0.1126500760721747,0.010938157695879833,0.013772458804922283,0.003602767224018007,0.006115500685925502,0.0012994685938243137,0.007656958118996781,0.004310668602573092,0.1342473599412751,0.011047814679329,0.00884374665669876,0.0014921711129554452,0.002671717302001775,0.0011779381852301657
270,SomMot,-0.013647330922651638,0.0824051186129066,0.015115477032636137,0.029781247949861256,0.008471418095133125,0.007386540982947087,0.003443085429807491,0.022394706966914167,0.007660727947380515,0.10376083764152814,0.01430233490158934,0.016841718538545193,0.005828342410539374,0.003362072050273235,0.002591643053796462
271,DorsAttn,-0.013716991669232266,0.09130290565783372,0.012506320860377953,0.017471897810205993,0.004906527721833646,0.006554638612691432,0.0008999081067947952,0.010917259197514562,0.004975854648973272,0.11800717095380708,0.01861638210425875,0.007530984964668886,0.003227626089850952,0.0025243165563691105,0.0005545550548763204
272,DorsAttn,-0.011833871204147316,0.13473937577014208,0.013354222101649377,0.010404817235776288,0.003048029076306176,0.007727602744116524,0.0024657395339478787,0.002677214491659763,0.002125511809016486,0.1502523294987103,0.00892789738170949,0.014221261928712625,0.0024595462852589024,0.004675303536278608,0.0011810229805208322
273,DorsAttn,-0.01287486707783443,0.04293728240968479,0.014574629609472754,0.031639073304675615,0.00668601810033518,0.007700987222734002,0.004261215560366272,0.02393808608194161,0.004587399034532937,0.05475289475162357,0.015042366044966074,0.0165862195652821,0.006022448854877394,0.004155192647363281,0.0030874061087037006
274,DorsAttn,-0.012078859213870963,0.13467039428335403,0.010206442500990502,0.03596111562684958,0.009033415480965333,0.0059008430702189195,0.003117376498244424,0.030060272556630664,0.0060291457213814,0.13535577157324546,0.008757281007652024,0.03424437478918545,0.008327193778383216,0.0030146709410444616,0.0014620400715533023
275,DorsAttn,-0.012320325129543083,0.10640037118347825,0.0207298442804691,0.026796222531151482,0.004403907093686462,0.004394600053437836,0.0024331523152199726,0.022401622477713646,0.002909772449518391,0.11854544795504182,0.01935934386154471,0.023111736206190225,0.0036050990953098378,0.0024338497001652913,0.0016020537728978989
276,DorsAttn,-0.012313552799767128,0.10293217092037099,0.025122953842483305,0.021503176031069993,0.0032184674471522844,0.005714673053177477,0.004374150596453372,0.015788502977892516,0.0035527042658348835,0.11057626252767874,0.021522751504323142,0.02012914173559781,0.003293901594197095,0.003090002412336923,0.0024304094906383474
277,DorsAttn,-0.012316815746320302,0.12450702484048508,0.021487281136582777,0.01808287368819661,0.005292241962959465,0.0033650117080312515,0.0023231507380082903,0.014717861980165359,0.004588488753461272,0.13034093806611252,0.021256239446991145,0.018967068730273096,0.0031471041204737325,0.0025922409537457057,0.0019493405328727133
278,DorsAttn,-0.012569394161565842,0.08206644010427752,0.011461272689228924,0.027305501541313747,0.009303926743253976,0.006040136864148638,0.002740398563263674,0.02126536467716511,0.008324252979552107,0.10836926060160901,0.01245091782471179,0.014477759509464772,0.0030286847533826816,0.0028968946264886553,0.0013045621737972112
279,DorsAttn,-0.008269794149059014,0.11398901021254404,0.016763796657703636,0.0017866561829436244,0.0017777016391574583,0.004659895840267314,0.0018798443045279236,-0.0028732396573236895,0.0020124009045288994,0.11982325503246567,0.018528434078309,0.005219279400596477,0.0011112129445903266,0.0033577372116153636,0.0011029518419660466
280,DorsAttn,-0.012533999036085467,0.0790108480784301,0.019238292447013246,0.02568054204625454,0.005238564557328699,0.006827182668920506,0.0016515370531547983,0.018853359377334032,0.0038634244006658437,0.12606131562689124,0.016759156361566937,0.008403307629427115,0.0016028275428816958,0.003206381153199778,0.0009757613803816294
281,DorsAttn,-0.009313207413766905,0.06692385296488752,0.020204691288584327,0.02276117697387432,0.0034663902713225232,0.00477264722239541,0.0014219868793498877,0.01798852975147891,0.002511766912649114,0.10355975224598443,0.025034155788479544,0.009383837975658694,0.003167946994737923,0.003084617316869531,0.0007005491546066894
282,DorsAttn,-0.013488007023065518,0.040010789850971576,0.017488397653892873,0.022421246369204773,0.007414650152649615,0.009501407764249015,0.006021321817978732,0.012919838604955759,0.00544797309449356,0.052947842808266234,0.01830096241634078,0.010413390459507732,0.006344778163269369,0.004931195383466491,0.003374857160633814
283,DorsAttn,-0.012423970379888905,0.10237105601213428,0.028841394165193004,0.02213108660545009,0.005833090731627898,0.007598006106745969,0.0030530463008242516,0.01453308049870412,0.004295872044407466,0.1282467513324064,0.025306020953981982,0.016274989354494607,0.0019612881022487354,0.004111929199388608,0.0016196451423231232
284,DorsAttn,-0.010419931750061747,0.10128900438315949,0.014297870301983357,0.017311606932717938,0.0024248199046292833,0.006787188323498139,0.0019198091543074216,0.010524418609219799,0.0017919514452851338,0.1252437668417283,0.008939656229441787,0.011809088893158015,0.0020905426877529045,0.004811419933587069,0.0011983619637323108
285,DorsAttn,-0.009793843634580919,0.04821243025281254,0.016165195891471383,0.028483070635274797,0.003783828191103506,0.00827373706736132,0.002830256390586982,0.02020933356791348,0.0033956168740986712,0.07186080139190339,0.01641438996872504,0.012866673056441647,0.003361689862426708,0.005150992746435823,0.0018889735683111075
286,DorsAttn,-0.011018942063677548,0.0737473591857214,0.022832869893193733,0.028590573678162624,0.0012823950452826127,0.0045236134795337835,0.002437553926034606,0.02406696019862884,0.0020723211964555313,0.07826225538883709,0.020690540529187913,0.022517864703596225,0.001329263987938486,0.002063979178656794,0.001230831027026172
287,DorsAttn,-0.012115187927384283,0.08011764240321724,0.013751385101836315,0.0236281004022467,0.006836075065544483,0.004295950001725601,0.0014015289401492514,0.019332150400521098,0.005558891597477597,0.08586651255945958,0.012148673026184772,0.022355848977156634,0.005743034868437296,0.0024137365103491957,0.0006552133407606146
288,DorsAttn,-0.009040809929994374,0.03255751607040456,0.01629496449404444,0.027188984945378934,0.008300125099794508,0.008576465519277066,0.002992501003446393,0.01861251942610187,0.006622826503994115,0.05026009872783945,0.021715843505981484,0.010537082848103795,0.0054501902225493675,0.004405674747820387,0.0010929586649213393
289,DorsAttn,0.0030880219940842488,0.013395635386936621,0.0061539232567531755,0.0020085633758991418,0.002454360893058626,-0.00020052065661901874,0.0007386194948784403,0.0022090840325181605,0.0030098502968663714,0.0012379573577641968,0.006647803182705393,0.00048444218645424806,0.002290953487282562,0.0005976698737675701,0.00041003125462456204
290,DorsAttn,0.0014928690139403124,0.021119462863388616,0.004075057598919519,0.0050313509348389965,0.0020666028994572126,0.002638290800949905,0.0017674208578812712,0.002393060133889091,0.0027386322475302705,0.00766346525468733,0.005088211604528498,0.0033794585195618954,0.0022284808051823714,0.002262662815623262,0.0011424985057311937
291,DorsAttn,-0.0018752581678318848,0.012768392978432287,0.005066427874124633,0.0052088049654974485,0.0019491052783319753,0.0021877777311288147,0.001472946662310456,0.003021027234368634,0.0029712607799311655,0.005314350587940875,0.0033162957564352264,0.0007562515982483476,0.0014582890273677977,0.001588987568679112,0.0010184214731995033
292,DorsAttn,-0.0038830859620366228,0.07370230331318026,0.02157427319775116,0.013866342015107258,0.004466772415756067,0.004831531895320307,0.001975468431002389,0.009034810119786952,0.0057289844302234405,0.06240817546332702,0.023700015591021507,0.01495825861485347,0.004025984194220376,0.0037734883363351513,0.0015244438486638663
293,DorsAttn,0.004884684280392972,0.03528236515651293,0.01139390554092187,0.003028467129075696,0.004983972824994565,0.0026918714000507605,0.0011954059000726792,0.0003365957290249355,0.004227160338359162,0.02282844842291685,0.011219800879719794,0.0022311000870288257,0.0036656423777454593,0.0020640223959610183,0.0008562540543127166
294,SalVentAttn,-0.00026926016877461425,0.012380945035605606,0.0021704792286048103,0.008684402959332016,0.0033591949443851445,0.005505561176116514,0.0015699513705466253,0.0031788417832155024,0.002668127328277108,0.00596993997227524,0.004574298895556249,0.0035414987388019403,0.0032675953510626736,0.0033118964956492247,0.001104636434116094
295,SalVentAttn,-0.009290267412336376,0.034938188193237726,0.011277054470778081,0.025373301795822,0.0031154342446222507,0.0022871198590513897,0.0013819391445550932,0.02308618193677061,0.001822258553403986,0.042273341245633575,0.012672018792115202,0.013893992864914018,0.0018212391972485793,0.0013032717725327326,0.0006483829465494733
296,SalVentAttn,-0.0018388650190362657,0.006627737996521765,0.002417169236412113,0.015118168994433944,0.004942266171002921,0.007260552712799351,0.002735230290464248,0.007857616281634594,0.002988989305785478,0.006176422433076856,0.0037876345851928176,0.005674495783218792,0.003151607435672804,0.0037834531507335402,0.001354334044829453
297,SalVentAttn,-0.0035388832556644827,0.02495961418131476,0.005047653911865126,0.01177820120362949,0.006186309738115083,0.007950901729268956,0.003012461127821179,0.003827299474360535,0.00332025800371139,0.02991862479466505,0.005577644782519155,0.0029135428318914024,0.003766528720514519,0.004113318316541692,0.0017653739826696071
298,SalVentAttn,-0.007461700811413165,0.039661968107847834,0.010969346931313916,0.010455570919627344,0.0018870599107098888,0.0055419886421359974,0.0011921623933293208,0.004913582277491346,0.0020862233452015053,0.048506230577507824,0.015215520816793726,0.0034785378673434673,0.0009581459079303847,0.003134381293089028,0.0008590010802418315
299,SalVentAttn,-0.0014553655731434623,0.005443227410010553,0.001142261640796159,0.012096041115958345,0.005848726314720338,0.0019877554353279203,0.001938333739960106,0.010108285680630425,0.004581265546542341,0.0010785206902592659,0.004287222337918662,0.003877816979204152,0.003843610959278327,0.0010750992299179308,0.0012071717490337208
300,SalVentAttn,-0.00916158148969606,0.16529233565977403,0.026106761438877173,0.003134338295780692,0.004195038110712226,0.00814242488374366,0.0011385280374977085,-0.0050080865879629675,0.003609415131438098,0.16805676637892503,0.03238396143759905,0.00984399676433465,0.002822248702850963,0.005916787632524523,0.0010400085666044734
301,SalVentAttn,-0.005104307971858796,0.024317569370292814,0.007280933556930001,0.018104317301266493,0.004799837788901685,0.00838961807727694,0.003403136499548991,0.009714699223989553,0.0017330443968800427,0.04588271226552676,0.008278131616927876,0.005546470932462522,0.0033301207116993256,0.004210200511938056,0.0021084367816358754
302,SalVentAttn,-0.0007141961028546472,0.016570065009663494,0.006816874452095158,0.016813574361917327,0.0027833471379191273,0.006760832710151887,0.00345897747121619,0.01005274165176544,0.0035835938354701787,0.02416610724429382,0.011759069397851901,0.006172227035334488,0.001859767494312931,0.0037738263482897994,0.0020573177867644747
303,SalVentAttn,-0.006510867775578555,0.02577948555421692,0.02107965127389379,0.021965998570498968,0.003486727799652435,0.006716858317467067,0.001953770806513598,0.0152491402530319,0.002518832698158787,0.03612048508469716,0.01996088073841492,0.012456412949378447,0.005643057579252413,0.00421422059706964,0.00156954747299289
304,SalVentAttn,-0.007463924059885401,0.029115535293039806,0.011242612719241846,0.019437558181962956,0.008974212396282374,0.004899324232297153,0.000825771765365926,0.014538233949665802,0.008623493400748222,0.03419493623694989,0.011899207720323842,0.011683631907133929,0.008051765815934288,0.0037718421705980275,0.0006298822779823666
305,SalVentAttn,-0.009425695376220986,0.031375407255532985,0.005349160259381653,0.022173381268475012,0.0037676188700778573,0.00430538571485799,0.001230663864390274,0.01786799555361702,0.00351717602123666,0.03042399460393046,0.00701765839086311,0.01593506987440114,0.003021748982410056,0.002257304736463328,0.0006644355588028332
306,SalVentAttn,0.0047570192563072865,0.03764375174073611,0.009121801290699744,0.02506769838149623,0.005233213128835292,0.00724401667585135,0.0028526243945166006,0.017823681705644877,0.005557017034149254,0.03829914744930489,0.008287306592399804,0.017134985098898436,0.004274169020270409,0.003578035355618958,0.0014911916389926418
307,SalVentAttn,0.00580787393772469,0.024491253033639283,0.007552943659977205,0.019511070465660453,0.004035824516029327,0.010385381634066437,0.0032993618955170665,0.009125688831594014,0.002889668980625857,0.0216074850872372,0.005145356216802219,0.01376676988929606,0.0022064305508091,0.005825431015808125,0.0018651887348616657
308,SalVentAttn,0.00321674361540997,0.01325288364395678,0.0025919799751408868,0.009513537344963652,0.00467356093310817,0.0026896471428647707,0.0015551776427728335,0.006823890202098881,0.003305756227875005,0.007046984931754286,0.0039518944897425756,0.005819929218667452,0.003406419680023754,0.0019430175202003407,0.0008358902831334098
309,SalVentAttn,0.0036189559633646863,0.004112781667867105,0.0032210686052354825,0.00013088016574909213,0.0016825952690121295,0.0028893592542573064,0.0017589150388585787,-0.0027584790885082145,0.0015769952573992814,-0.005150850676445784,0.003762381613440814,-0.002012154643782016,0.0026884512398270164,0.0027736515100793557,0.0017001140889614692
310,SalVentAttn,0.0018942972508952031,0.004817930329450238,0.003479033546510566,0.012890895447676808,0.0047515203182122165,0.01088040260926657,0.005430660094371039,0.0020104928384102384,0.0028456546892472803,0.001561839998866743,0.0036218155366843858,0.0064513219054688434,0.004459676591198057,0.007368538807198588,0.003621325763038525
311,SalVentAttn,0.0058785133410654165,0.03381306966139519,0.0121632668549911,0.02014880117933342,0.006040424705276864,0.0071033068524226865,0.0024850418132977867,0.013045494326910734,0.004791641183013114,0.0334803488343395,0.013664366727517313,0.01191548617416165,0.004742669015635501,0.003655263654514562,0.0013461472730167843
312,SalVentAttn,0.004967484118260624,0.019160815729180315,0.011630558591257235,0.008682916163805631,0.0028784337333265706,0.00383285104916582,0.0007911584785335467,0.004850065114639812,0.0024676979540135596,0.011263550793651645,0.011900593409733875,0.0038783332751225474,0.0026986617759050028,0.0024861015769295893,0.0005627223513214454
313,SalVentAttn,0.006681381774409074,0.004648684568522521,0.0015282736908218888,0.0032620307245244894,0.004491675853198017,0.004676861100899332,0.0012402632551978046,-0.0014148303763748427,0.0033680629108694816,-0.004722235851259948,0.003803093251856729,8.210073833003761e-07,0.0033766795052346268,0.0025806071176477595,0.0007497203778699916
314,SalVentAttn,0.0058665534724077345,0.024174095945258232,0.009879112444313965,0.011012214737354054,0.0066535578809382885,0.0047158563936040565,0.001905119926775232,0.006296358343749997,0.0056103527673968066,0.013949056025858808,0.012945137252778106,0.007711113623206134,0.006154661607341966,0.003934429129208006,0.0014238770195481323
315,SalVentAttn,0.0071506116635651545,0.004645559119449127,0.0029773484009113687,0.005091902659276637,0.003557352975725893,0.00794011737210214,0.0036626200379579993,-0.002848214712825503,0.0009532992744922901,-0.007443505194799305,0.004299862003158085,0.0013245753181293952,0.0025400811961121946,0.0051159395441274565,0.0021601296271686896
316,SalVentAttn,0.005604980833180816,0.011207694100639242,0.00413766073727545,0.013787950388579828,0.00716296452484852,0.008706253503034467,0.0032108636574644978,0.005081696885545361,0.004215776681616038,0.00390901247776263,0.006769107994962766,0.00783886789674777,0.006121194626029945,0.005251197977725286,0.002154385673723381
317,SalVentAttn,0.0064422290826006935,0.007006785306009333,0.0028675555586484907,0.009591640456556161,0.006904650634595348,0.007987931532050708,0.002627679722590926,0.0016037089245054537,0.004928947831589234,-0.0015440009808236565,0.0034151391439286817,0.0034954472839208604,0.004851641147283569,0.005654627998421114,0.001673085555242969
318,SalVentAttn,0.006451531661157611,0.013864639922117682,0.007352799074354577,0.012649557586114146,0.006237671929794793,0.0069819878054731,0.003213484654191784,0.0056675697806410465,0.003996029913155713,0.006473028799627278,0.010965547646277926,0.006941291225217472,0.004963507278565792,0.004409468994662036,0.0022414088846029073
319,Limbic,-0.012150632491106327,0.00774515404201348,0.002894880092689198,0.0008244958848494521,0.004511243211173286,0.00231150082261955,0.00254822278504058,-0.0014870049377700978,0.0025550800229504735,-0.008990998876285383,0.0030914953093388485,-0.0002626136048244021,0.0038970896954595813,0.0019524024649533844,0.001874475870821436
320,Limbic,-0.002074112882273393,-0.0003475609374658184,0.0013835581054586186,0.004818062221332164,0.002839018136513139,0.004453662196191255,0.0024159314522331173,0.0003644000251409096,0.001339158407766419,-0.013361139542813238,0.004678122100159158,0.0012270327691096261,0.002818842868160463,0.002771981677509916,0.0015094715506157293
321,Limbic,0.000382591261576901,0.013123755605973165,0.0047416442270974985,0.0009925910131387105,0.001969128735768147,0.002531195575215861,0.002744510885634552,-0.0015386045620771505,0.0009286121877215055,-0.0015751928742071763,0.0034257989251337234,-0.0014273013351627118,0.0018581419935721427,0.0022661185005245386,0.0017139962281417613
322,Limbic,-0.014562783271443787,0.015254944616803745,0.004808094843037654,0.006548969690887007,0.00145947827478349,0.0016324085580880165,0.0026782164571439128,0.004916561132798991,0.001769527398814663,0.007428015430404278,0.008323044150686928,0.0024224046587991268,0.0024188542148255382,0.0021517540473314336,0.0020907424017969
323,Limbic,-0.0009732496295553698,0.005559719675729191,0.0021935865974576437,0.003991242494587821,0.001178839688522067,0.0030919861392817217,0.0020029979636619374,0.0008992563553060995,0.0013908334657399834,-0.011580845042594223,0.002099880821535506,0.0015288387063277843,0.001439128427287325,0.003284102653787979,0.0015361559161826922
324,Limbic,-0.008054473834760005,0.008633116922370631,0.0028025295961949634,0.007523013752918773,0.005472252398759917,0.006421226406985459,0.005066488584594471,0.0011017873459333138,0.0019839090781790325,-0.0008769339046130531,0.005844610198223701,0.0015618163398967155,0.003922364559325673,0.0046523184459571045,0.0029687870827920316
325,Limbic,0.0012095715273751106,0.04829404893302205,0.008481537903542436,0.018919723623484996,0.0055952885690888805,0.01147496920398503,0.005583118865446893,0.007444754419499966,0.002269933619441192,0.04704140205184411,0.015302388468496657,0.012867809491837546,0.004936031808733636,0.007380155576124347,0.0033762317257438924
326,Limbic,-0.009551765784133592,0.07063123698327727,0.011848237817886227,0.01830460305453079,0.004563634396027689,0.006989979475869057,0.00371747506297404,0.01131462357866173,0.004320183034259918,0.07081281067417536,0.013251366123026147,0.014599458266851339,0.003947814039163621,0.0042503731341911434,0.0023064451560554787
327,Limbic,-0.0008307046059215313,0.0499183442427481,0.016524612696635348,0.020869097226386014,0.009898639422910218,0.008040249388297926,0.004850155604784493,0.012828847838088086,0.0054448554249045995,0.05852829717774701,0.022619641300654605,0.011653658474039163,0.005335298053623757,0.004142469923898884,0.002741393896205294
328,Limbic,-0.011153907554251805,0.060671394064685226,0.01774029255757356,0.027098698916788753,0.0037898710281968214,0.005290367496110293,0.0031770251858413974,0.02180833142067846,0.00444320136760386,0.07501164730423955,0.016940661340807732,0.016113736708042413,0.002811389615330217,0.0029459330186170306,0.0022014749269154165
329,Limbic,-0.008167645503826494,0.08915549420420218,0.024775713560401147,0.01343402101462805,0.005143532865392107,0.009897156816983999,0.0021177477181039176,0.003536864197644052,0.00368779135559973,0.09147731295269719,0.024895512054751434,0.013756571658108063,0.006296739611074866,0.006687311146520969,0.0015408055260298314
330,Limbic,-0.008549315129397132,0.015444626872275501,0.009917551799047368,0.020867089162894703,0.006771328618156021,0.005368009657641659,0.004242628271486948,0.015499079505253043,0.005475105672280554,0.027122976632235462,0.01102565880592687,0.008664058072239088,0.004309228076324838,0.0023329513751925825,0.002320083371599619
331,Limbic,-0.0034595112535269375,0.01637060940592363,0.0062643935187522174,0.018264755945879153,0.005934720514338135,0.004399545504079683,0.0026356403197737585,0.01386521044179947,0.0051445048924044,0.021263651730802226,0.006954207122138285,0.007052057545356161,0.00460531206702781,0.0022873121742462478,0.0015883146519026043
332,Cont,0.0020733164177598458,0.01864961499178961,0.007926126227665685,0.00921133405559369,0.0043806702359587175,0.002745831327549664,0.0032166704163860893,0.006465502728044026,0.00244315398198213,0.013575185778105302,0.011273427900645033,0.002819770600528404,0.003454544475943102,0.00168188038782906,0.0015238180828674127
333,Cont,-0.013315436279344823,0.050913579387186526,0.021440516555921035,0.04176748627526363,0.01219800710180707,0.00663294011403417,0.0015953384786534745,0.03513454616122946,0.011036600972110306,0.0676437375866932,0.019823457569624604,0.025819964232265867,0.0061126150276825195,0.0032526602801393524,0.0005797044386947347
334,Cont,-0.0037640297341645385,0.04631908641769951,0.015472363705966725,0.024369177860453606,0.006076655993197044,0.011067238144268975,0.0048387067361169624,0.01330193971618463,0.0043548276837241965,0.060248474727336146,0.02212085018111147,0.012064100419802349,0.004026533842760222,0.006206553616962896,0.002501541895355347
335,Cont,-0.002657259377882135,0.032073102514865705,0.007400719657014736,0.009910526279536435,0.00374832501301494,0.0028624892955084525,0.0027252787243734265,0.007048036984027983,0.004734137862376116,0.024313123458522788,0.012599649265190502,0.0046676216462681495,0.0022728922743173864,0.0024827987034631294,0.0018618816672882456
336,Cont,0.005442676868581611,0.024416397566951752,0.004149359347442126,0.017373522406801855,0.007658749763652377,0.01650068998490748,0.005177596937391166,0.0008728324218943761,0.0036588112301062163,0.022610338822115696,0.004954596681175578,0.009098486521737992,0.0066674150273376,0.009139998607324151,0.0029357935424995543
337,Cont,0.004488944814720805,0.032942521643309665,0.008892536793245844,0.013080017500622976,0.008556282005206518,0.010217946825362433,0.007129727597558406,0.002862070675260542,0.0021400842144188733,0.02824170726904287,0.01082623547236032,0.008142124626751235,0.00646002685199845,0.006260419588006272,0.004136510215164484
338,Cont,0.001127611073915245,0.03481953830766822,0.00767971886529716,0.022761236155686725,0.0032301618364015522,0.00937880764343404,0.004587269576196916,0.013382428512252686,0.004630694260639358,0.04293606529713125,0.007982112909637322,0.01329899990825425,0.00396699635610391,0.005399097495796634,0.0019280218305633636
339,Cont,0.004952709736229248,0.02638416926954996,0.009324609503295115,0.02570363451632727,0.007442501201480943,0.016547585352699002,0.00577852499378328,0.009156049163628267,0.0063510655338794835,0.0349896970790361,0.01257701289661628,0.014014908346914389,0.005471702105751788,0.008578199897864503,0.0033519687429257455
340,Cont,4.986739663444575e-05,0.03671232275362022,0.009201425355226757,0.023845560883079653,0.004518721440161196,0.012730402614238545,0.004050099894793351,0.011115158268841107,0.004462803250927109,0.0394729800427728,0.013536502847967561,0.013579763824046798,0.0037289426561098833,0.007033408233728044,0.00170843633468097
341,Cont,0.0020263559160658006,0.03966981061879431,0.009573287206698545,0.01882542324402934,0.006832273063049327,0.008346856112072643,0.005113640217075217,0.010478567131956695,0.005750201415922824,0.04551505690996318,0.017755606792460892,0.009949469310177372,0.004421052553557371,0.0051180650820532355,0.0027662415362318285
342,Cont,0.005015407073712706,0.015546503065822104,0.006690699120463782,0.014734771899837651,0.00566629481682524,0.004974548476339424,0.0025421361685604815,0.009760223423498226,0.0038881640019828396,0.01398823944913965,0.010484598122190115,0.007682573779206692,0.003653302744063791,0.002339153872973632,0.0011730612005203883
343,Cont,0.004775307168339434,0.013664684249616532,0.0034202526955280717,0.014324382273081415,0.006251936975049375,0.011055345787473535,0.004217044569111394,0.003269036485607879,0.0052428917015264346,0.011498811708998292,0.007707591964120715,0.005478355527898304,0.004755047884405682,0.005677038351645192,0.0022991820841287143
344,Cont,-0.0019373380082430471,0.02205770340145785,0.014032583116146885,0.01716880409144774,0.007317671081987145,0.009521211886578751,0.0040093454405399995,0.0076475922048689915,0.0042326691322248835,0.022320587149198667,0.015279005727621232,0.007615447018162258,0.006520677699098707,0.006006039679904674,0.0026480141975437437
345,Cont,0.0008241336636877316,0.04067030882140963,0.007602157237337371,0.010594986668348527,0.0065799543056306664,0.008141371057293267,0.004713681641515527,0.00245361561105526,0.0037408728206438833,0.03695042583014707,0.010955486228945748,0.006511360860132975,0.004459965466373654,0.004729275744805417,0.0024976445891608224
346,Cont,0.0032389855014344307,0.026976185802191476,0.016435297032064016,0.01182494614966867,0.006992105749123099,0.007229129298831127,0.0028153474199495176,0.004595816850837542,0.0071436691539087166,0.02399149270926282,0.024321601916726894,0.005504811292851408,0.0041886003382192415,0.004315419673170196,0.0013126238538781012
347,Cont,0.0054679316885442725,0.01824237518221037,0.006634873518173867,0.017847550153410264,0.006945222399267879,0.013311336687953368,0.005701153767718732,0.004536213465456895,0.0032944836574771118,0.015297488224741019,0.006157424511544906,0.010181481506198641,0.005731740770453516,0.007352164165997333,0.0032573785909678914
348,Cont,0.0037806190617592187,0.019421853924881605,0.003689712833676603,0.018089272438946934,0.008138549079165813,0.008993085743830908,0.0019475646947226537,0.009096186695116026,0.006773753707966975,0.016580080043744717,0.008405547534235768,0.011045488374986956,0.006199308992426959,0.004726108316428524,0.0016140788091537361
349,Cont,0.0054742463776510115,0.027994722401403504,0.006223521695103107,0.018002246517455123,0.008536089982098233,0.007843713950550567,0.002908959524172588,0.010158532566904554,0.006602912658284828,0.022611262031301548,0.004544056543911521,0.012532447480490183,0.00742398877975389,0.004397596163411799,0.0016623783468187815
350,Cont,0.0017268116225391315,0.020076684618278627,0.010361325688863695,0.00938049907344336,0.005507630108530033,0.009699481333166227,0.004356412369321761,-0.0003189822597228664,0.0027060404148396304,0.017319406186346597,0.01440196049676846,0.002769952356408645,0.00506230056876502,0.005613049130250314,0.0029574244233251815
351,Cont,0.00452225190730613,0.0526231665280245,0.009168983132817384,0.022478895266212294,0.014094418778871376,0.003996968799412914,0.002848862047207594,0.01848192646679938,0.012791262676450917,0.05859245273687212,0.013801090072006196,0.01212849237338356,0.007209830947873242,0.002399419124361568,0.0014733589042265635
352,Cont,0.005629156956195736,0.03604820330742549,0.016472775172209426,0.029076123808704234,0.007629152285700378,0.006054623881701282,0.0031672706833812806,0.023021499927002954,0.006987439530429252,0.05118019395542921,0.017893839437002672,0.013471707934738198,0.003995430531843216,0.003405942682965235,0.0013671090414476429
353,Cont,0.005981924733538489,0.03516091417274925,0.010734474597497696,0.038370742449279224,0.0070202973841560325,0.00914488976547525,0.0034577071480551146,0.029225852683803975,0.007734030459440062,0.0515387983449616,0.017778740942635162,0.024177222990946844,0.003998976189071879,0.005023214036768397,0.002457245913467701
354,Cont,0.0013746462784863034,0.05044456679452023,0.008633591696756928,0.008627087036872117,0.005060399885570676,0.0031275594687710795,0.0025109193885457593,0.005499527568101037,0.0035252022007796436,0.047689936319954905,0.010443922242585328,0.006712793885473012,0.004350262796905993,0.002022133405791715,0.0012435506146201431
355,Cont,0.0026547639143042665,0.030210626833734766,0.003869703329688887,0.024750733915633184,0.009998619578460186,0.005884396851425366,0.0026077066429750573,0.018866337064207817,0.007742964859789306,0.038993534879741665,0.005933149545801962,0.012850377982403249,0.006379431284042422,0.002799092485658972,0.0012368093048080425
356,Cont,0.006365214458663297,0.017608568213788357,0.005427169145022515,0.015910348813093944,0.005557116829227964,0.0027405023847228314,0.0010775680563093549,0.013169846428371112,0.0049919419377965155,0.004331213036797621,0.0076184572859701,0.010175570954118206,0.004048878045374582,0.0019520424787089707,0.0006708092278341941
357,Cont,0.006010930762534888,0.02916223385612684,0.011588070097263039,0.020055746685267217,0.005085233097132722,0.0022162111242980177,0.001980027490142155,0.0178395355609692,0.004397878455454794,0.025140767850805566,0.012199792120000873,0.010777518332384762,0.004148934352898205,0.001562702313171882,0.000894795840886296
358,Cont,0.005331294119184102,0.03164119282517126,0.010018854587085,0.019249966090417313,0.007184539914675001,0.013075083440524637,0.004424228454887751,0.006174882649892677,0.003676696183304039,0.026873263293165216,0.008639458107023537,0.013042757740971678,0.004420426756093517,0.007630489554047504,0.0025441914493880154
359,Cont,0.005033234905089991,0.036388768148042414,0.014495450488304187,0.024558883235037143,0.007740037274091193,0.013247497509644735,0.006250820916275048,0.01131138572539241,0.003971546506377265,0.04075674469535131,0.019570685086968367,0.016040476773362754,0.006273256963348123,0.007826424384827325,0.003722027792261305
360,Cont,0.005970722459257997,0.04262572791692556,0.008247020989174403,0.03267000406719156,0.005998567041553154,0.018252850949309153,0.005732094352381812,0.014417153117882409,0.0026749811158162714,0.04663678719997995,0.013168895748416355,0.02250777858722628,0.004308508481220855,0.010446567861261524,0.0035644314688214273
361,Cont,0.00545921413973278,0.014484422990779722,0.002440136400774441,0.025689331288005345,0.011005054199437588,0.011968247741950776,0.006345982411795623,0.013721083546054568,0.0052402182072019635,0.016876219434541585,0.007951718993041021,0.014571528917369658,0.006399620398297855,0.006714550662082375,0.003483555814465938
362,Default,0.003817224273004795,0.035021827084412885,0.0041478691315242275,0.02170395115480237,0.007614876144561171,0.014343294116847982,0.007089986932314137,0.0073606570379543875,0.004152552567327615,0.03270676488021149,0.006510520021293508,0.013369201017779253,0.004361621620168019,0.008119275044050567,0.003982800685219829
363,Default,0.005867905573524181,0.05471526621292111,0.01043804882705193,0.04204270300456543,0.012113567419526638,0.007744997542050869,0.003992986933937397,0.03429770546251456,0.011559243999551773,0.06063796699685742,0.01760970461505693,0.029331328739995645,0.007046238090556286,0.00553384423751162,0.003188982707275511
364,Default,0.006203672284993995,0.040304523614539754,0.009211914225776358,0.05342032888986932,0.01440462956610763,0.013711751976625797,0.005683071503725746,0.03970857691324352,0.013662944000843663,0.052784667982197234,0.01808654165958865,0.03520665238488485,0.008459346540959405,0.00821398840638834,0.003963413329771969
365,Default,0.005916587399994107,0.033642349766267766,0.004588520747534374,0.03037549687343828,0.005255253869522677,0.013776808480149194,0.006003397536599145,0.016598688393289086,0.0025964756867633506,0.02947239376914157,0.0071840672449244,0.021150884228698662,0.004455210152783132,0.009161328536987857,0.004232784440942543
366,Default,0.00585180168268643,0.02175694137386497,0.003963541676179015,0.028274666948107364,0.006783116731683407,0.007082831124921718,0.0024062193166589376,0.021191835823185644,0.0058889783522467045,0.021795666446565963,0.003003727543815083,0.015536802461640974,0.003892793082178648,0.00449152303046223,0.0017724923193787431
367,Default,0.005256852556366068,0.04410156016628517,0.010792234162434413,0.03177926961919057,0.006910979175880202,0.007116272528438517,0.002582000478463219,0.024662997090752058,0.006665438149739963,0.043453818930080934,0.014323194089925228,0.022720246462571737,0.0032001226134449907,0.004590361284997635,0.001616170331417144
368,Default,0.006278475557542994,0.034874635700816725,0.010105420657228966,0.03734086191342363,0.008270697441349143,0.011987738521673497,0.003953316122971259,0.02535312339175013,0.006509871515797712,0.03326962938852067,0.011099283986454407,0.023643784933310874,0.00492493868218726,0.008371573007583687,0.002412816175416623
369,Default,0.006485065713992191,0.01938034244276936,0.00602873050382421,0.03162377067726578,0.007958275477491707,0.01693313462814814,0.004114527062008645,0.014690636049117644,0.006513459626531525,0.019982431535007672,0.010989934186244063,0.02087935219280308,0.006013506089445352,0.009843639692667727,0.0023854780450560716
370,Default,0.006068378232951695,0.023985591845275867,0.009495328484152896,0.027775141039263686,0.007939783330855021,0.011929023317134569,0.004667717440021756,0.015846117722129117,0.006309526138514725,0.02444122274938747,0.012129255600213718,0.01550937316918961,0.0046873761233637715,0.00659086334916108,0.002904138624247153
371,Default,0.005421646115840992,0.03369582325830622,0.010082995759747287,0.033842798292380814,0.009935166633810702,0.007588734751840609,0.0037393378290130255,0.026254063540540207,0.007141002257611178,0.036067372115688376,0.009931764849012894,0.019211239439720095,0.007094254380257022,0.0043389690117527245,0.0021818600936816222
372,Default,0.005474409888559532,0.03700317982820054,0.012443037032478156,0.02986898097313795,0.008354365156210762,0.00880701586099344,0.004466149262501492,0.02106196511214451,0.01035804379077668,0.039376852186464514,0.011545909759214382,0.02070698694647468,0.005463272127340519,0.005019689507734859,0.002939757546861297
373,Default,0.006314574070203138,0.008240556630628348,0.00407145310422923,0.012421540751170768,0.00466251337963594,0.002782523975133211,0.0027298531426194505,0.009639016776037557,0.0034271424205951683,-0.0015679314277587508,0.0034633260607264565,0.004308950506802356,0.003656623957957857,0.001503200894833956,0.0015364734832054086
374,Default,0.002190740300369518,0.027758172928151147,0.008359165944301989,0.011287570180494356,0.006327771121943797,0.002443882472458636,0.001654082183231806,0.00884368770803572,0.007605666276188039,0.025667218316248186,0.01096264986949664,0.004340829458178419,0.004140429862983334,0.002258930680782334,0.0009186493116394231
375,Default,0.0009860462236173965,0.04357494498179304,0.01781025143950398,0.015454445628976377,0.006316719013372006,0.0033015883908823706,0.0015589651037384799,0.012152857238094006,0.007057174933905953,0.0508717197280832,0.022957043166997353,0.0066007904673087035,0.005086735517321547,0.002118910514484318,0.0008256596870807474
376,Default,0.0020723297879675527,0.022361459323383782,0.004699194338287195,0.006887967266610251,0.0034806572970437375,0.0048715352594056235,0.0032251043176986078,0.002016432007204627,0.0011515266220616584,0.01751860286114997,0.008676959852573362,0.00035728617689640975,0.0031710327971268054,0.002316076749726781,0.0014632353820151344
377,Default,0.0017485043833985997,0.055588213932811194,0.010909687849150248,0.029822189742463312,0.009542620389959764,0.0004993641587962561,0.0012086405147294377,0.029322825583667056,0.009295420190624291,0.05803020379580659,0.01650060031416386,0.01632983684041245,0.00511971251977173,0.0006582540876634013,0.0009759364460227324
378,Default,0.005068761275153804,0.01749108119331768,0.0066218286292050125,0.015146820187825583,0.006102790411251377,0.012060485912248575,0.004782580149897436,0.0030863342755770074,0.00463478322834867,0.014298509552951155,0.009142604369949297,0.00797376932513596,0.0049810986980328015,0.006724901085092316,0.002944493822612431
379,Default,-0.0020598542410162858,0.0472725748199309,0.010032077521024058,0.019221977343714603,0.008397089154178842,0.01128993951870334,0.007613025670932348,0.007932037825011262,0.002092112454462794,0.040597820693837904,0.01061989800456335,0.013968425670945073,0.00800593596428779,0.007990007292640943,0.004732698083069689
380,Default,0.004702855660494829,0.008970701090338706,0.0029426116040659803,0.011941562283353413,0.0025784389548805047,0.010639848975693634,0.0034446719642332994,0.0013017133076597797,0.003563063091256767,0.0036175146830409455,0.0038612541412265423,0.004049398452942698,0.0015580457546944878,0.005951440644655826,0.0019163073745118398
381,Default,0.001062182098177963,0.017567432842033326,0.008048788900421145,0.009314780867397543,0.005988694623663678,0.0015072270598396552,0.0018322075228449778,0.007807553807557888,0.006199461197138626,0.015410727161701377,0.011022313538091941,0.003296665477336913,0.0055607930456764475,0.0009979046204117604,0.0010219155749927591
382,Default,0.0028689767609592362,0.022303620892027066,0.008341175355865149,0.008673866432324507,0.005826793499062983,0.0008404887154069618,0.0011416198276985381,0.007833377716917545,0.005487531938327613,0.014299593228355745,0.012110663561357081,0.0027449137240307397,0.0032533731569318438,0.0010215978241684854,0.0007512896869376157
383,Default,0.00044148480855815036,0.03049509498422227,0.009835404436803807,0.008752201616504274,0.006220824744892094,0.002145107396480683,0.0010083071455635397,0.0066070942200235905,0.005809887022178221,0.028966282220544138,0.011778905207437585,0.0012008033853678323,0.005133668865574888,0.0014378153041168184,0.0004566238479977033
384,Default,-0.000637147202394793,0.0286526690690458,0.011677353421138476,0.00899255202638427,0.007509308963172204,0.0030736448885380742,0.002790323313607523,0.005918907137846196,0.006054823528411172,0.02516275214837562,0.01174085050616519,0.004020831962032245,0.0072046002349547495,0.0022864649428074426,0.001995707643163475
385,Default,-0.005692866247841994,0.08899365392360033,0.014707499904262898,0.01886790462368513,0.0047302965997500735,0.007606788008182574,0.003632536230654081,0.011261116615502553,0.002186334981638221,0.10511537340792207,0.01800838599835846,0.014328214816855978,0.0030544221560068418,0.004883439491607455,0.0017606687003069543
386,Default,-0.009050865641884545,0.10040274597056228,0.0167084700776296,0.003250258351231694,0.0033807725442746325,0.005918245967800817,0.002245965790152616,-0.002667987616569123,0.002020787844702558,0.09475312438626922,0.014435448649827544,0.008746188557215696,0.002988786710570707,0.004251611978323244,0.001097600063091259
387,Default,0.0007352906439007389,0.04339816490346633,0.01190464850988364,0.002742978700123233,0.0022654999271736554,0.0022214798740556097,0.00165690112082606,0.0005214988260676234,0.001032492860351277,0.041521587538731496,0.015027915428688261,0.001965480887034832,0.0025125053685403497,0.0019930771954186576,0.0014104071164154379
388,Default,0.0011145482183814992,0.06619589938921415,0.011903821258695988,0.010221180386174145,0.007611528505382701,0.004208439243540085,0.0019108439712737717,0.006012741142634059,0.00693431201908302,0.06452901540106873,0.01053987090035227,0.007382095075684681,0.004397074796580342,0.002717798429945817,0.0012446411616237204
389,Default,-8.690794702601142e-18,0.006260922655108492,0.001990074302377262,-0.0003307100084854797,0.004023472109528734,0.000954368366801206,0.0015867864796066092,-0.0012850783752866857,0.0025484177306714807,-0.008289733584744474,0.004234774082615477,-0.003065090619550892,0.0025479845049523287,0.0008400838857802517,0.0011866216457987369
390,Default,-0.011490764267901351,0.09545768785952932,0.01651309135237408,0.004306124923559107,0.004358648474519179,0.004264682573266065,0.0016657670618256866,4.1442350293041665e-05,0.0038297011365305304,0.10645364234931945,0.019540536121401664,0.0030620093073532306,0.00403318765379503,0.003217321757548075,0.0014769201523908068
391,Default,-0.00015361658230846685,0.040797405857229,0.00994425675168189,0.00920884478671471,0.0034736605960794796,0.00010885091402619284,0.0014332061821635729,0.009099993872688516,0.003290764031821057,0.042940063465075465,0.012532564769118114,0.0022920672767256624,0.0023271517995205404,0.00028271610629191366,0.0006962132161643682
392,Default,-0.0006717075829529945,0.07686972629612558,0.010782323879448734,0.01118113962191265,0.0020742102708741334,-0.0002559818013918136,0.0003481634937438434,0.011437121423304464,0.0021940921490323606,0.08372359160984857,0.011421277663710323,0.006896850850086356,0.002098448811655472,7.427743148344935e-05,0.00022719711393144783
393,Default,-0.0020472958155501727,0.06382574108318691,0.014995421375297439,0.016251583336515264,0.0061100139034158995,1.7671010279141085e-05,0.0009104851482110125,0.01623391232623612,0.005565208212558134,0.07379029003069144,0.019111294564485133,0.005669991870305147,0.004869634601238618,0.0002579804452384371,0.00030959507880115307
394,Default,0.004864881429683851,0.039670012430250236,0.0075333055718563805,0.01095598209072508,0.0027440957685301486,0.00561158153799024,0.00198905161415922,0.0053444005527348406,0.0037971529890144444,0.042773459828786595,0.011612653374840437,0.006488271711129379,0.0027673156303004076,0.004628702420396857,0.0013049165797391095
395,Default,-0.0010459050706524398,0.04929472373803294,0.013741026095925613,0.01961535090772861,0.006475152343141266,0.0012423754910794837,0.0006407727015223271,0.018372975416649128,0.0066145087249909855,0.06555547624023916,0.020790692626757316,0.006883938919853616,0.004269481443192989,0.0015362977084355967,0.0005058816044280102
396,Default,-0.0022509869129312024,0.059683146460819715,0.01855431055431615,0.0240816252065138,0.00439553144124487,0.005990660404153125,0.003110070656729844,0.018090964802360675,0.007320893206517112,0.07834641855166964,0.02218313228573821,0.011243299459729128,0.002846428434041654,0.003048841779841527,0.0016374738216427464
397,Default,-0.004057724692558253,0.11179842830017368,0.01888800506978393,0.029152498374761193,0.004606732442749859,0.004348164540520849,0.0018952338211778454,0.024804333834240345,0.00517610984996363,0.14263892208181178,0.02496786338670726,0.015091471924574407,0.002512400920283337,0.002871498899026803,0.001564437992450632
398,Default,-0.003377260953435108,0.059452304490094664,0.015467669180267625,0.018109763652154953,0.0035988529196581426,0.00478596011534802,0.002785825123842777,0.013323803536806933,0.004886339965601113,0.07867167978628886,0.01873383321243218,0.007745000864298479,0.0031942740944914424,0.003640875630155449,0.002107482699760705
399,Default,-0.0010831028684119037,0.09319990125930552,0.024132360130269793,0.01992286350109045,0.005154163334114396,0.002735059669937856,0.0023769821072713343,0.017187803831152593,0.0035675578686534854,0.10909065470350894,0.02370209496483203,0.01369813628657952,0.004198719272597898,0.002146110279781488,0.0006985717548976622
400,Default,-0.003839807635087177,0.08919690146802568,0.026828742237493354,0.024993715791667072,0.002956756609714456,0.0038835639284378496,0.001388791192618598,0.02111015186322922,0.003052848290796665,0.10793618028837607,0.027369733836653625,0.014661974297285173,0.004674160745515631,0.0033290060224753447,0.0009263343280176872
