parcel,network,principal_gradient_1,shared,shared_sem_subject,unique_e34_shared,unique_e34_shared_sem_subject,unique_av_shared,unique_av_shared_sem_subject,fine_grained_advantage,fine_grained_advantage_sem_subject,video,video_sem_subject,unique_e34_video,unique_e34_video_sem_subject,unique_av_video,unique_av_video_sem_subject
1,Vis,-0.017235118199450884,0.07724663896000919,0.013253101267979994,0.013433720113376046,0.0036957424135786684,0.001630188389320142,0.0016675677660771683,0.011803531724055905,0.0044131833307193506,0.09063114606151942,0.016764388472630804,0.011253688179067179,0.002536736492087818,0.0013694634914514392,0.0010016272879896854
2,Vis,-0.018511418414182114,0.03873200738077041,0.012700547916637625,0.005171524978736986,0.003548642996816226,0.0009044750263851542,0.0012782173453093671,0.004267049952351831,0.0025685370289142747,0.07860959492501503,0.017895855266968297,0.0012952403720960515,0.0020725980511652783,0.001097668271443597,0.0009982053265660978
3,Vis,-0.018371022850534952,0.0350841913502538,0.006561765266503254,0.017219128905869296,0.0032205564073216793,0.0023445243610993984,0.0017592783035984012,0.014874604544769899,0.002954464275076217,0.049581041174758124,0.011446014838660394,0.005456004571651807,0.0015843379103757627,0.0020389345225673592,0.0014124601323860402
4,Vis,-0.019903688608537085,0.009528895546679683,0.0038265749328026404,0.016807562891341242,0.0023097772033613124,0.0040331697412455455,0.002365748193798784,0.012774393150095698,0.0011232122851459183,0.07009756890842656,0.01307365605930669,0.003396319136653725,0.0012128841719979452,0.0023961172980749845,0.0015086713646794698
5,Vis,-0.021493070462707032,0.013260078057889025,0.005875072134103786,0.016527553690629037,0.004734312822660259,0.0012563792316805822,0.0011658011095904473,0.015271174458948456,0.005476877678020378,0.06066733601196128,0.0163400998357863,0.002642356666756296,0.002553061441048751,0.001115156939382822,0.0008127673814639545
6,Vis,-0.017075192016317832,0.08422297654033555,0.02032804123683619,0.00972976110801067,0.004182745810406669,0.0035289008894717087,0.0017154983245108273,0.006200860218538962,0.0034822710822046752,0.09581107962391769,0.016527820913186757,0.007503742225474852,0.002238481685084371,0.0025520903824778783,0.0010442938222933239
7,Vis,-0.020514283244746443,0.020691531111753102,0.0014148431064824648,0.016684555357559926,0.004294209181966688,0.003944101587370264,0.0017515644953988339,0.012740453770189664,0.0031707155271510665,0.10022246456415959,0.01768455660190932,0.0031443330165805694,0.0024621327495500016,0.0031206916376296913,0.0015121943145925527
8,Vis,-0.010642051151647855,0.157016243430891,0.024845273172009918,-0.004448482210519589,0.004348011691488666,0.003928064027789002,0.0020319198462306954,-0.00837654623830859,0.004758298697231605,0.16015109106819495,0.02287525866249561,0.009012165087714385,0.0024001462220628435,0.002508791330983073,0.0008839818173881685
9,Vis,-0.019209059729914983,0.02910911013991304,0.0032102663737187606,0.016429274825391672,0.004484331811224283,0.005480496435179805,0.003122974658621314,0.010948778390211866,0.0028350280632899504,0.05377070335041993,0.009999447078294959,0.007946985502277615,0.0029409613773223055,0.0039050041326178287,0.0021531950025058992
10,Vis,-0.014458012747659234,0.12142565169766155,0.015737005938628864,-0.0005837063882141224,0.002794510489836205,0.003221366433247508,0.0012890526749802327,-0.00380507282146163,0.0027449799501506776,0.11493906131396936,0.013759568428963122,0.006714548057469627,0.00346519156157785,0.003830917516760524,0.0014934449246317989
11,Vis,-0.017119962378103856,0.03307487086751968,0.007763268835149561,0.007125238596996675,0.006903994978325516,0.0023485339409866856,0.0018779407699445374,0.004776704656009989,0.0054044829075257095,0.08032123696036446,0.008075213128865086,0.001886258468617008,0.0036646041895553078,0.0018608563385454247,0.0015148350853218355
12,Vis,-0.01570910742968123,0.102086817433193,0.011182095704867704,0.0011711175974223665,0.0021925026346014467,0.0039245253745874955,0.0018628706460254686,-0.002753407777165129,0.002192120083814374,0.09850745614428622,0.006324666707152698,0.006001961393691135,0.00192065703430878,0.0030092528242712914,0.00107890550477565
13,Vis,-0.014755162941932704,0.07293489156929078,0.025953823044184345,0.0015389845427830283,0.0037219335704829705,0.0018988364250722034,0.0012660495445561304,-0.000359851882289175,0.003302593842976979,0.08781003939986247,0.03128495920425728,0.003254720249066012,0.004378345690344169,0.0024515930712756483,0.0015759367151520042
14,Vis,0.003917310786287712,0.01095486658672118,0.0037239521732852763,0.007312127109393019,0.0031784574244232487,0.002609540542718691,0.0023449777098649327,0.004702586566674327,0.0034309292518247343,0.019784331567811363,0.00852880576763187,0.0007751960247379897,0.002538467232880456,0.002315537392388811,0.0020477392746906286
15,Vis,-0.016688741466775174,0.0077849181690695214,0.0034258539216669415,0.0026321128093888648,0.002090616807368754,0.00038503155287799017,0.0013719961602650268,0.0022470812565108743,0.0012600298990837109,0.04299278534431401,0.016539535710699417,-0.0013849944435141205,0.0015495165174103005,0.0007132138915885156,0.0008368699394987006
16,Vis,0.0032937696306503347,0.014715216736713633,0.012106363815325573,-0.0024713725209566163,0.0024322351930166795,0.0002633673553956939,0.0006065648365964184,-0.00273473987635231,0.0024667914365176305,0.008657199987250074,0.016510986035481328,-0.004087330304182513,0.0021486842266155667,0.0006433273654256055,0.0007845245721396502
17,Vis,0.0038730808120274636,0.004424056141289201,0.0039630926774706495,0.00289278404017852,0.0018963934994387938,0.0018825239318284836,0.0014873335410006286,0.0010102601083500362,0.0015457149147695345,0.00020311381050051037,0.005242141818741362,-0.0012955230907410798,0.002003658012792375,0.0013342342206027924,0.00110357262192625
18,Vis,-0.015158500660576115,0.020577717327314372,0.003716505944119959,0.007619915416273426,0.0037143920182786897,0.0010385734000383895,0.0017844574718067553,0.006581342016235036,0.002979423953914117,0.0630964469384793,0.014577855501456486,0.00036713670148458277,0.0014332423643329576,0.0011285205706040413,0.0013805498897111852
19,Vis,0.003113790530144228,0.0136586842753194,0.007991195146598717,0.011029392912795855,0.002175145880238764,0.003121837525941995,0.002577686135449031,0.00790755538685386,0.0014690304660300445,0.022622380373656138,0.009754355693848424,0.0029241087917926344,0.002423951596611477,0.0023726593287417773,0.002038164965900818
20,Vis,0.004494501433661629,0.011534887440320118,0.007147875528967891,0.005321840542946821,0.004146748308237791,0.003042076146408257,0.0023769848256634685,0.002279764396538564,0.0027851385729474876,0.00896826100012702,0.008624752689896351,7.960274139313661e-05,0.0031656675626946817,0.0021434567114874126,0.0019226283059610196
21,Vis,0.005492144985575163,0.030044692130072104,0.0128223360395341,0.012787389776460923,0.007814003751657958,0.003919504247269212,0.003354019538791517,0.00886788552919171,0.004619681966279006,0.03638284258756701,0.016385348683199793,0.007315577251359029,0.006803120549763598,0.004503238876654647,0.0030143902227164746
22,Vis,0.005673102787660827,0.031314242923333846,0.011897309364002519,0.009413917324970966,0.008522963317969954,0.005384840790373646,0.003800938740130808,0.00402907653459732,0.005581250934420974,0.033086739664045205,0.01671591418771324,0.00402122014460411,0.006660323143994196,0.004266955743460055,0.002984746642214545
23,Vis,-0.013853547252747681,0.07143356835948636,0.031064947234023647,-0.0006987444379005003,0.00984322889156188,0.003910480330530497,0.002111198086590221,-0.004609224768430997,0.008348788734956682,0.07392184990399957,0.028583471218912148,0.0022579583674297464,0.00454548186969679,0.0031930259375023253,0.0017586220207909354
24,Vis,-0.0003517668724012591,0.061146598271660094,0.034609368920439754,0.008852921636163202,0.010091334383742408,0.005582778850031378,0.002732183925347164,0.0032701427861318243,0.009058808858706571,0.07419722631731258,0.03935045213680763,0.0052261167663784965,0.006901682033393878,0.004727359487594662,0.0022528353502134636
25,Vis,0.001775475605833709,0.028537010711942323,0.008371961773306923,0.011785424248517029,0.004389076898558257,0.005355528424397016,0.001956007592020845,0.006429895824120013,0.0032057782201279786,0.026273815971322455,0.007922823790619414,0.004699438713840464,0.00420184609699844,0.003873403359278038,0.001170786551260343
26,Vis,0.005258032899666066,0.020297509066181108,0.012142152957017895,0.006737875014376393,0.006752691339303307,0.006806744753219229,0.003225810729255047,-6.88697388428361e-05,0.003914425354519132,0.01014148055196793,0.010977191561466718,0.003462184135153068,0.007543901664421979,0.005309871869402483,0.0024568609615167156
27,Vis,0.005896451779281862,0.026851476411817465,0.008503500697251608,0.012353191622022596,0.006249006605324736,0.008542587961062064,0.0025985603392465135,0.003810603660960532,0.004193886671362163,0.015543877963618846,0.008117608817480693,0.008693826902602942,0.006094960312339278,0.006877025448324403,0.0022860074589266532
28,Vis,-0.002823299330136365,0.0372122913058484,0.007169847552824496,0.0120549429551557,0.007737365127040788,0.010163226923537416,0.005820880190176847,0.0018917160316182847,0.0029443753434911847,0.029822546035908948,0.011132110633874308,0.009144493075745075,0.006262452719024104,0.006848197380485921,0.004274400181640205
29,Vis,0.006016578567281696,0.025879133873141245,0.007937604748855718,0.013955350245961307,0.007788464149717079,0.009559671453546303,0.004093563153374875,0.0043956787924150035,0.004308301926754647,0.01568424207982073,0.010008225035454522,0.008363663080615358,0.006616959753364072,0.006850538611863355,0.002326341123801984
30,Vis,0.004629741490719475,0.02550188107240048,0.005906152071988109,0.012580033805655177,0.006174796154405494,0.00946401303849509,0.003316240968920815,0.0031160207671600882,0.0029912830317536726,0.020148349646124976,0.0061926616032076534,0.006922174221493593,0.005670725406763407,0.006746648798279531,0.0025278721987852595
31,Vis,0.005967502704608958,0.022637201086816904,0.006782918015915129,0.02709874641193839,0.0050559437908927665,0.020062646411513917,0.0016829452257397354,0.007036100000424472,0.004309853745538447,0.018172453281872246,0.0058240496003768285,0.017566184512694604,0.004918936357469102,0.013062671759521605,0.00041599813805223923
32,SomMot,0.004372401356973913,0.013949290230146771,0.002731931625970134,0.013086871629412888,0.00614515617308755,0.00996563237665209,0.003459364860272062,0.003121239252760799,0.004124494702004354,0.006344787147491715,0.003613810219219747,0.005467403906940315,0.00460514518686127,0.006440815236111952,0.0025871034200297557
33,SomMot,0.0058465175902485626,0.03214324477506862,0.011224403574031672,0.018594835819244836,0.008934039005321633,0.013929373629623144,0.005056369820935913,0.004665462189621694,0.004141367948533201,0.018723052345046433,0.01046110691345197,0.014515573452609254,0.00837700147093135,0.010659440581506096,0.0032179321203395553
34,SomMot,0.006280169843544676,0.046724323425379154,0.01331600619752234,0.01435862727632553,0.007840876489447224,0.008338080436210227,0.00447306379412298,0.006020546840115304,0.005175355054838187,0.037710237450869454,0.013329585811530733,0.0109622118158329,0.007687563236214994,0.006387443222681988,0.0029829513200961074
35,SomMot,-0.0077117727602253,0.048483557196009254,0.025214979322033038,0.008227110149647077,0.00604493806198215,0.009294676439524262,0.005346709858536663,-0.0010675662898771865,0.003200786418415761,0.04475667322953023,0.028281995331008745,0.005821777936129324,0.0053893528230750855,0.0063983284606125455,0.003090262889589811
36,SomMot,-0.0097495520034319,0.06408398207248008,0.02260201986639101,0.009663733734979352,0.004896481612291417,0.004764023983185495,0.0022453930417856358,0.004899709751793857,0.0030473945609891507,0.06476812781473104,0.025176089584740362,0.007013307148479542,0.00486906324406884,0.0032323528626128084,0.0011602934742351008
37,SomMot,0.006096031406437851,0.04402094677550907,0.012664707290350718,0.018138526062479742,0.00810883069544193,0.015867535871426797,0.005596814756275338,0.002270990191052946,0.0034192618185540933,0.033685120833885064,0.00978864122960843,0.01608790639045803,0.008018695984242362,0.012572717951346757,0.004027400456606558
38,SomMot,0.005363115627002212,0.02191265784222196,0.00839688174274259,0.015744620316710155,0.006624802129926332,0.013612977361662181,0.004486780211562903,0.0021316429550479743,0.0022343926972049465,0.016318653743284096,0.005913487649300626,0.009558495086227881,0.0056848068404087276,0.008994219859625386,0.0027958825880352715
39,SomMot,0.005972779524181108,0.02612764606551361,0.004435187430967821,0.027803942060288446,0.007180408142560589,0.020319379241042945,0.0040901906592261394,0.0074845628192455,0.0048849512540311306,0.019932196505984344,0.004846454312532885,0.019629623774742845,0.0073618319277922555,0.013699323833171361,0.0030544992001132172
40,SomMot,-0.005298152133581005,0.03521669574481958,0.00790978451842613,0.018260327102759377,0.005437534802451613,0.006591852955926925,0.0032222775833337827,0.011668474146832452,0.002977227612200771,0.03489293932792168,0.0040426099175917395,0.010924111630851807,0.00501020085499682,0.004164369003363588,0.0014831021573088173
41,SomMot,0.006218767246157334,0.057758314234802224,0.011855805539602634,0.01816237719048721,0.00496220184577925,0.014781204832677175,0.0038879737957752693,0.003381172357810036,0.003288171169312444,0.05056035147227496,0.01142128823914613,0.016695136293304057,0.005983746532391569,0.01166157754438526,0.0030597730905737312
42,SomMot,0.003637580683620077,0.03279468624153159,0.0158409944649456,0.006262468208824612,0.004487737894697554,0.007642164762508896,0.0057143805311535255,-0.0013796965536842843,0.002228642568304835,0.027665151224522712,0.015860658730114902,0.0043076565707594215,0.0046018375765022445,0.0055762628981844255,0.0037143310589484975
43,SomMot,0.00626988090863298,0.04483728587344664,0.004475162236576094,0.02460832172636791,0.006805439911703105,0.020687242554606744,0.005220917192844418,0.003921079171761166,0.002931051913102134,0.035200346162228155,0.005978450359287336,0.022118469369222703,0.0056050120162727994,0.016177861289130437,0.0034099355401160116
44,SomMot,0.005874398284247609,0.02789566785873403,0.007992839077085883,0.010004198112043783,0.00721391409520328,0.009921482367451651,0.004187572023029771,8.271574459213226e-05,0.0034317853981126988,0.017575333719790653,0.008880003315302492,0.007458815838036825,0.00712855078411202,0.0073474654425203624,0.0029778905174804083
45,SomMot,0.005735901958453074,0.019413937626125467,0.008270883294262416,0.010068751793433783,0.0053516385956310026,0.009707314441729564,0.0031609267255892862,0.00036143735170421907,0.0025693354372698517,0.009507792305034046,0.008857276616541739,0.00592435278448622,0.005375877956947767,0.007228731632977992,0.0023050945917020556
46,SomMot,0.006002331841764237,0.026448345740803347,0.011337656412965037,0.006760079000807484,0.005418603143638151,0.007938303894557608,0.0035320876662949686,-0.0011782248937501239,0.0020304384173683064,0.013692400924205895,0.009709464768226055,0.004686451174846984,0.005909660113368962,0.006359637948687569,0.0029643077787487675
47,SomMot,0.004373488313772833,0.054397782827389364,0.014921569221686701,0.0025883135545021973,0.0027887745167911207,0.004776141067012474,0.0017558896089944864,-0.0021878275125102762,0.0025514484147442043,0.039594960445247,0.015625141642222683,0.004806940048052266,0.0035418065386543605,0.004358435225589319,0.0017565214028868804
48,SomMot,0.005677417560596046,0.01879124129414398,0.007352052743511154,0.012537619205093132,0.0070161937054631475,0.010188257645383003,0.005021714409296032,0.002349361559710128,0.0022920755175498972,0.014662873657642184,0.008063441737205286,0.006888936597441187,0.005916377970771888,0.007187880416595705,0.0029798783503826773
49,SomMot,-0.005938521885033965,0.08400286634692358,0.0247328042706364,0.008461044801348194,0.0036115194917707887,0.006347757963528533,0.001852062372104871,0.002113286837819661,0.003363382761694915,0.08307252805074913,0.028588103195868013,0.010319335647151196,0.003155224788488405,0.00598372455258731,0.001519238415838055
50,SomMot,0.0055886079196915345,0.00876753002057915,0.0027254165086405702,0.00266569128500731,0.0025436812740365694,0.005217247440261486,0.0018317714683085838,-0.0025515561552541754,0.0008487107264032945,-0.005907352700763413,0.0024483764699927925,-0.000491222938536362,0.002686255845958309,0.0036274165284174266,0.001538973147984179
51,SomMot,0.0055693217312698644,0.04747744196812691,0.004716203353668175,0.0008068655052629881,0.004464722266029079,0.003584668744289865,0.002308172165522084,-0.002777803239026877,0.003524410829763063,0.02979366211140071,0.0046133501880959585,0.0034010044899447146,0.004067659609837681,0.003430194124607611,0.0018866497193886895
52,SomMot,0.005378035725677252,0.02858472654264623,0.007645889700990958,0.00416899224095244,0.003855719072130524,0.004744959290064377,0.002187432949164576,-0.0005759670491119362,0.002738552965199322,0.016451983219720568,0.007480616768292554,0.002787597066810643,0.004150461435451505,0.004237807010855544,0.002214337175720428
53,SomMot,-0.008152651159703681,0.05573653809105159,0.021627266633544993,0.013708746683093853,0.004242017617316469,0.0024116367895058223,0.0015519091075707114,0.011297109893588031,0.00392942891417087,0.06259392896005211,0.027304323702356068,0.006216391425073709,0.003096004817072706,0.0019293877805500958,0.0011721987977458834
54,SomMot,-0.008948968469813271,0.08179628061066377,0.01544961360255183,0.024229597214858088,0.0035985584852283588,0.000506913927785968,0.001850053357553612,0.02372268328707212,0.003440212273944833,0.07896571134884231,0.013410588434507192,0.023442272037469247,0.0019887745263528207,0.0005862043079493783,0.001012538837023087
55,SomMot,0.005986620688871678,0.027214252617589318,0.010813209802719511,0.014298259036435246,0.00504993952002067,0.014749907660413642,0.003737901973022433,-0.00045164862397839567,0.0019829391535323613,0.019454040483113277,0.013206815351493886,0.009792667758492657,0.005536249520365929,0.010885234241307228,0.0030339492808713273
56,SomMot,0.00535435419074742,0.029811534100453785,0.007357784649340108,0.015052350504135625,0.007289135604834792,0.013364297852050422,0.003490219963923556,0.0016880526520852035,0.004932334456395943,0.0247612736900908,0.0066766916858274,0.010885555022217974,0.006814363689485092,0.009214886962891744,0.0026400245655729205
57,SomMot,0.006143601023746585,0.035105203192054325,0.010565323444123436,0.01916937544648296,0.004475799691666322,0.015913285090171536,0.0029350833482439083,0.0032560903563114254,0.0022249602853878603,0.03041755237096728,0.012898266306843936,0.013046103106585227,0.005157855594475635,0.011775688399209528,0.0022454552932064022
58,SomMot,0.005562903321964925,0.0161988752658746,0.006509069872572263,0.015482805690833889,0.004032702100073814,0.015744285240071276,0.0019744813842555962,-0.0002614795492373867,0.003234888484036046,0.011461859548027763,0.0025197254578081833,0.00748516806634687,0.004833194098175542,0.011184924492114034,0.0020978755273280505
59,SomMot,0.006111632619446168,0.03830852452002105,0.014409476725682269,0.01308417748702968,0.004275449158387228,0.012555140974807588,0.002526620866962412,0.0005290365122220919,0.00392037360991911,0.031191669788248454,0.01573619795024715,0.009454722158394735,0.004505937760621914,0.009603475882235157,0.0020132478958083725
60,SomMot,-0.01302758038674154,0.062112254496811306,0.020224127735966033,0.007464624231146933,0.004559908487911642,-0.0009209819828547072,0.00032670326973037277,0.00838560621400164,0.0046118172998532644,0.05482785325251951,0.020483024685851496,0.004235312879009001,0.0027384586496953947,-0.0002096888663678742,0.0002866679824862604
61,SomMot,-0.015414553030039897,0.0605592347361501,0.013492409327102616,0.006308592880027386,0.00482912171196977,-0.0003047659262811475,0.0008273103565272277,0.0066133588063085336,0.005208085370554929,0.06427549388140334,0.008517199789778435,0.0059882795317363294,0.002143022223824906,0.000598597898020281,0.0007162005327368999
62,SomMot,-0.014470645600189009,0.07680654790679009,0.016790492661042617,0.018060123600025756,0.0013141378962347689,0.0005904569839816798,0.0016940672897075122,0.01746966661604408,0.0024107328198016216,0.0764001474468456,0.019563220374702713,0.013028352351563587,0.0013606320782004004,0.0006603752255595729,0.0009301715198335412
63,SomMot,-0.014739510666119997,0.09887386589457074,0.02004755558839953,0.011171486646964168,0.002457021041977267,0.0034199876605600643,0.0019705199529167026,0.007751498986404104,0.0036991262791264785,0.09554302059853825,0.018635634970616505,0.012797123884933547,0.0027584248980836367,0.002826915666774554,0.001378374322871784
64,SomMot,-0.004269703244357111,0.11294827063881704,0.03125352933145363,0.01459310487182266,0.010229017639292143,0.004818327019494984,0.0035872384089950405,0.009774777852327676,0.00724200359028348,0.1163161731016236,0.027001339718752466,0.019388331907374257,0.006477610467969777,0.004919803629601938,0.002817289308442311
65,SomMot,-0.013789302739104985,0.09964010306800217,0.019548999124436695,-0.002508384765428495,0.0030101965260930573,0.0028618178002581375,0.0018675139648375578,-0.005370202565686632,0.0021160723336467353,0.0932111969566444,0.016761261840027727,0.004745702114414496,0.003052454836422658,0.0031076015146275894,0.001739508612063058
66,SomMot,-0.013433046015868708,0.13047929263965502,0.008048398839935836,0.009928825473850744,0.006078740245152727,0.0019968388690519757,0.0018156598601596998,0.007931986604798769,0.007584640943318868,0.1255167974105726,0.00861600573600312,0.01647087508595877,0.004290833046801758,0.0017838900455351414,0.0013793802608357858
67,SomMot,-0.013599204391367725,0.1609145518854356,0.021428878503135174,-0.006829334929330755,0.0020684753592020134,0.002333957197222314,0.00106900383791223,-0.009163292126553068,0.002119541167653093,0.14427323302156328,0.021501472064530618,0.007851983681267227,0.002496445462526591,0.0038458570808297178,0.000829901193742905
68,SomMot,-0.013661624176126045,0.10750258658580758,0.02170716742405478,0.007307411412646037,0.003354871139423829,0.0014799667175317665,0.0024175289160306835,0.00582744469511427,0.00476896750984485,0.10303194928121015,0.018084836229875986,0.011721064426405614,0.0023136029783435356,0.00175716444036762,0.0009854200419142545
69,DorsAttn,-0.010590091767855535,0.037670153832364564,0.014023254842985248,0.01749801787180494,0.005237200217414631,0.0035268415094512175,0.0011351884210446534,0.013971176362353722,0.0049720931287601695,0.04943636576634767,0.008214144561511632,0.00912941079031182,0.003739961400073311,0.002586800692254676,0.0013273477093362328
70,DorsAttn,-0.013159655661564691,0.09922917357991587,0.019747709127323175,0.00891028741383475,0.004403007237730761,0.005231167498570155,0.0031426330042502227,0.003679119915264595,0.0035998825486155133,0.09628226075226523,0.016709267240480673,0.011440957705706722,0.004537504917567948,0.004059866719797123,0.0021567395874320786
71,DorsAttn,-0.012605508096287563,0.1358151845777715,0.01951155719518879,0.0032864488258248724,0.0013937115271124847,0.004031449324577418,0.0024126605551551706,-0.000745000498752546,0.002623268237346735,0.12977367132660494,0.015727255533501922,0.011895656281262101,0.002382216541536868,0.004206806715060307,0.001166771768681571
72,DorsAttn,-0.0135605250688058,0.10371693755018378,0.02133543859584781,0.005232165954815104,0.004063379338638057,0.003911564698828629,0.002456592093674161,0.0013206012559864755,0.005113924378401398,0.10209549871403037,0.01985894384213296,0.008084391322053141,0.0034879575617513875,0.0033879899249866564,0.0013088890479994709
73,DorsAttn,-0.012643119623543756,0.12511341582403274,0.009514133485088477,0.03040624533984706,0.00735471613322933,0.0017598021234920048,0.001249035327510213,0.028646443216355056,0.00629753874132855,0.12660212878178304,0.005961353574314899,0.034159901121158166,0.004741805520718281,0.0022079665642031456,0.0011704554349625746
74,DorsAttn,-0.010997154316604254,0.07201331536620188,0.00821195265811516,0.008713618683944113,0.003183151966086284,0.006309908257066033,0.0040928457756295965,0.0024037104268780805,0.0018525138157871766,0.06919385119494019,0.008313786936565377,0.00957355630158574,0.003069961363277449,0.0040002984727508075,0.003287500932858899
75,DorsAttn,-0.010847622169976676,0.0728186962492123,0.020620380741609667,0.017236536097731636,0.004329367147439309,0.004382082120110642,0.0028245793375936083,0.012854453977620995,0.005476511454416941,0.07457385450036076,0.021124839023523852,0.014818100378780352,0.003340573614791862,0.0028385554478598473,0.0020327954153649633
76,DorsAttn,-0.011693665267077165,0.10332608346725163,0.018910628376367644,0.01148803247725878,0.0015083680871562197,0.004659409347470178,0.0025808441499248287,0.006828623129788602,0.0014975642456642206,0.09183553025430143,0.021769136580416074,0.016053506689419673,0.002377226805727099,0.002956210569914397,0.0019070368759954526
77,DorsAttn,-0.012332983126936413,0.10991769588522407,0.016744824961382004,0.009154588873209524,0.002591120403311721,0.0061895954783536935,0.0033620280244964465,0.0029649933948558303,0.003198504218962866,0.10388782334491323,0.014622519311005945,0.01286570567135159,0.004168011680125364,0.004072794474519336,0.0021043312135346254
78,DorsAttn,-0.012406268204038328,0.1033390312001398,0.023411486614336743,0.0028801640989305267,0.0029004949891846786,0.004693913346789325,0.00236522739295586,-0.001813749247858798,0.001965188683159575,0.101234018669025,0.024541190430557632,0.007006780891016762,0.003989555352941855,0.0031747747448591657,0.0011200641907598472
79,DorsAttn,-0.010336546836418775,0.14261419923209512,0.007407364327798127,-0.0021238868961609646,0.002606514938238508,0.0024904149930648376,0.0014666822867868835,-0.004614301889225803,0.002799437784523178,0.1311068303023719,0.007381501163666963,0.008661348489557663,0.0020687107925367767,0.003684972520383334,0.001200706257761449
80,DorsAttn,-0.011828717004173803,0.16421473300669354,0.015578559671113587,0.002918662070373346,0.0015707743753706376,0.004561011464841491,0.0020050075457964064,-0.0016423493944681456,0.002927611285529722,0.15938279072794206,0.013975602771709592,0.012671132917898032,0.0026302642965633427,0.004814642762378996,0.0006289018974757997
81,DorsAttn,-0.010401018113502717,0.16744886935912606,0.03731098667062272,0.013450705186774093,0.002891957464771523,0.002654382003039135,0.0012124149046648938,0.010796323183734958,0.0028260768574087476,0.17062008544987184,0.036176977435479284,0.01869459894295864,0.0038857947710186315,0.004100594454523954,0.0010715944076511764
82,DorsAttn,-0.012214681180751502,0.033123755149647716,0.008600641613913676,0.01261006862256242,0.006693540014947512,0.005160477362333849,0.0015604969081972338,0.0074495912602285715,0.005324077603797077,0.03564834834853261,0.012625924964002442,0.00483284925713352,0.0026081670981739718,0.0037468298942552767,0.0007847514311194257
83,DorsAttn,-0.011224996277154835,0.11836016916716718,0.024863994444740432,0.015023462649709973,0.005953312668265044,0.0047895749182676585,0.00315717361530838,0.010233887731442315,0.004768475456022504,0.12221785219381313,0.02590082554918129,0.015707913448324874,0.0041996635710078245,0.004191218070340619,0.001944381898417734
84,DorsAttn,-0.012790741293073291,0.10147697628152035,0.01529360860509606,0.0076665159126374505,0.004819822906015596,0.003971778391143909,0.002816261476788124,0.0036947375214935406,0.0039317165441341935,0.10330227205497784,0.018354520663034946,0.009295343787380395,0.002282631534108365,0.003054916403278063,0.000706815557013026
85,DorsAttn,-0.013144065390652182,0.07438846727376378,0.008533815597625845,0.014795614833857251,0.006362507926526192,0.0012248182221608506,0.0008267781598300602,0.013570796611696401,0.005766503840356747,0.07093713280352103,0.010896710577008636,0.012846251433859224,0.005389283601106283,0.0015007790918445175,0.0006199776405996333
86,DorsAttn,-0.010948667435270858,0.09415739383637736,0.02680192249777543,0.0176282293831288,0.00667380920827693,0.004381909232786074,0.0013706959136804316,0.013246320150342727,0.00748238001356598,0.09425664686435675,0.026112769725163423,0.01692068875587527,0.002939236716501501,0.0041242959934501,0.00109543350423311
87,DorsAttn,-0.004820178447253837,0.054125860793119276,0.011665054896796407,0.01338045602443505,0.004991931351511039,0.003447575510169165,0.0015984716846905698,0.009932880514265885,0.005219489635327053,0.05430703825558547,0.0141718448821513,0.011184536571784665,0.0038629987047542175,0.00358145354740258,0.0013841787250837177
88,DorsAttn,-0.010648184890611864,0.06332088890325072,0.012843918787228679,0.027995686838187473,0.004973277633146437,0.005779207178049739,0.0016440433343029907,0.022216479660137733,0.0036257195911564483,0.0674891569260317,0.009215491937331571,0.024461215810552227,0.00496134799041682,0.005183963861408158,0.001314069987109001
89,DorsAttn,-0.0009404471901594835,0.03041045853566813,0.0070482164448553595,0.00801060133328706,0.003135202369903146,0.0015384899936743857,0.0015809288141427212,0.006472111339612674,0.0032628150992222845,0.009569012930266508,0.007007944587062224,0.008860825835344732,0.0029347211765915165,0.001406327436601118,0.0010352365223384168
90,DorsAttn,-0.0029217759484816783,0.02311753274077366,0.005058203355153637,0.004682838234126607,0.004998147180765857,0.0023327527287655193,0.002370596806035887,0.002350085505361088,0.002954627652952739,0.007109368788281212,0.0034439047702816876,0.0032143105648965832,0.0037749694303732604,0.0019467334604701624,0.0016813227830495606
91,DorsAttn,0.0012623917328988515,0.0072488181364417596,0.005278836124118356,0.008806159706339911,0.0037319925714735937,0.00651280126415219,0.004326959143415679,0.0022933584421877206,0.001978403367267786,0.001129617894108348,0.005223277918154244,0.003000487078469405,0.0024628133305647313,0.0034035054508217756,0.0021630430643694363
92,SalVentAttn,0.0047904427972880245,0.03119143478206854,0.01178753936562738,0.00013202160789194117,0.002168026189869589,0.0002506406695071739,0.0003330709175394648,-0.00011861906161523273,0.0022763965522173122,0.018770510080283697,0.010402329133001698,0.0011952874274899772,0.0025919478280593696,0.0008089216207844308,0.00052955100532797
93,SalVentAttn,0.0006589737474618188,0.018709173484318574,0.005921534288592209,0.007739751203221612,0.0029411393851696485,0.0015686731380235353,0.0007664746904197465,0.006171078065198077,0.002714072503145627,0.012015717793824886,0.004392655845484924,0.0027992895018469355,0.002078655141059698,0.0008534029425261158,0.0005727124974598694
94,SalVentAttn,-0.008794825259262798,0.04226123630383087,0.009478373455006649,0.01523828200759283,0.0023525511459293533,0.0014909370680734834,0.000543784324083621,0.013747344939519346,0.0023786786757307,0.041952604456164555,0.007200364502980364,0.012450177663616602,0.00219816291434841,0.00129712170762184,0.0004362471634066504
95,SalVentAttn,-0.008023630556487643,0.07927620099950464,0.011707050596395126,0.00864471549399044,0.003638084762815912,0.0027228917403133712,0.0013609150323073984,0.005921823753677069,0.0027976422177004054,0.0754004817736631,0.013156988924887647,0.009171760216179358,0.0034041995084796925,0.003309367656838047,0.001128520297632971
96,SalVentAttn,-0.006905376919497417,0.1114456928213319,0.010669825832435378,0.003570657009132261,0.00554971872906276,0.003505899875968632,0.0019105509030190372,6.475713316362874e-05,0.00522353092481079,0.09701643292722675,0.009052698072615658,0.008431836293564077,0.004035275872008504,0.002938221316497969,0.0012166387289162801
97,SalVentAttn,-0.007058871595413621,0.145221172293994,0.018922299210047913,-0.00312021987989477,0.0036870175429268744,0.0032311869644533696,0.0013578446725143673,-0.0063514068443481396,0.004279244870085693,0.1309809647484827,0.02036964237775147,0.007894063884498759,0.002462588917606587,0.0038530807912907196,0.0009230538571995693
98,SalVentAttn,-0.001989720571555342,0.023969675490192622,0.007803416257341968,0.00453856461431541,0.0039637897234839695,0.00224707554688095,0.0016322417975216212,0.00229148906743446,0.002617192491597293,0.01788749541300507,0.009017866185799108,-0.00037956501605194146,0.0026568377060565075,0.0017566187107075138,0.0011727887968606997
99,SalVentAttn,0.0017464175084282454,0.01124739947060105,0.006903123320825667,0.009547650257118212,0.002556414551945369,0.0031795446101176017,0.001693862372949539,0.00636810564700061,0.0018548224915982214,0.007786795497103127,0.0068234216923502315,0.0031962657952086192,0.003549180755255288,0.0019693836100275197,0.0015442935624766154
100,SalVentAttn,-0.007460662267203216,0.051707247021908744,0.011511754748532397,0.018462689010583833,0.004180107080309486,0.005095856857467851,0.0017364844513722353,0.013366832153115982,0.004138377050846505,0.05938182453906362,0.010077133246919003,0.01023110336446469,0.0027002139125780096,0.0034934755516182747,0.0012000537789831828
101,SalVentAttn,0.005879499754687011,0.038075774416372665,0.004250993218630178,0.03500750481081498,0.011664640646164745,0.016551909526444607,0.00659138165264702,0.018455595284370373,0.005244676057624135,0.031164617844139486,0.00407757351542796,0.02994830308266714,0.011299783084638342,0.012711815993980413,0.005267859602408051
102,SalVentAttn,0.005536016844674024,0.02561072188812421,0.011337993195626249,0.0194850758549197,0.008973138293142743,0.010661096890700139,0.005267782822874822,0.008823978964219558,0.004077290201797711,0.021266139457345967,0.012214606663282382,0.013508041002019144,0.008227059953646164,0.007723537320755591,0.004053730307187446
103,SalVentAttn,0.004117963335326355,0.021339854940724635,0.0067759645169828304,0.011361326162595086,0.005443414835337559,0.007438119229867435,0.004490772237761504,0.003923206932727652,0.0019940798965795608,0.011816845142411636,0.007567001413914133,0.006762108213665252,0.004432417708883338,0.005185491254502206,0.002431575055511454
104,SalVentAttn,0.004639315646656735,0.0032218305979951232,0.002826711265459013,0.0057494143018056885,0.005538532168482978,0.0030881657352922255,0.0026121045434067966,0.0026612485665134635,0.003807606223119682,-0.010526729947578195,0.0023653435942743817,0.003391732835847083,0.006652728603862547,0.0029796578997883794,0.0026683602993322468
105,SalVentAttn,0.002319774219553485,0.00853751522120103,0.007595396754339664,0.0025219018557376184,0.0022755558919901123,0.0034882988939525907,0.0023448755212728566,-0.0009663970382149722,0.0016318866655727496,0.00444219464597242,0.007362901796123222,-0.0031126656969403975,0.0014636536130670965,0.002129558003323173,0.0013434271173862061
106,SalVentAttn,0.003511315435056476,0.026265145413978487,0.009432355298491292,0.012640970688335829,0.0031483225591451783,0.002942126408354806,0.0007318669716098354,0.009698844279981023,0.0025736233035461636,0.02173866480541866,0.008204242133640472,0.007566692502693595,0.003409869720999665,0.0021304781215656377,0.0010773859867297829
107,SalVentAttn,0.0056478827819210495,0.03548615407219315,0.009056756246843907,0.012438309774298273,0.006143719582139646,0.004396190982792492,0.0015710370709173744,0.008042118791505782,0.005495067028989974,0.028000875786553546,0.009687108172787187,0.009068627169512688,0.005148050580151851,0.003366107387081585,0.0010548862492553682
108,SalVentAttn,0.0051650910362417155,0.025590926006797333,0.009238461741863229,0.012973031233781818,0.0033844443976569476,0.001570153598968016,0.0011555561699855537,0.011402877634813801,0.003779635525867465,0.022113762081956433,0.009870812002759688,0.0063604334111719615,0.003506447411195515,0.0008435992121966329,0.0007401517408182771
109,SalVentAttn,0.006664142962207661,0.009675138174822883,0.004091191657008679,0.0027408851340210427,0.0034285408016451638,0.004761892443732751,0.001659014728786296,-0.0020210073097117085,0.002525712219329575,-0.003897467061035198,0.005355736783231917,-0.00012107285956679537,0.002974230832402763,0.004198256758919561,0.0012973720861648246
110,SalVentAttn,0.005411506334966826,0.037463903210001946,0.011909816336103378,0.014199684642114652,0.007946121089013273,0.004691341617049627,0.0018575514542330607,0.009508343025065025,0.006328605975676043,0.03048750650986858,0.015201165234414376,0.011278804365685602,0.006319601529410898,0.004863474939423273,0.0019477403997915676
111,SalVentAttn,0.006461763171661011,0.006026708573161765,0.004135299678707305,0.002983022413440306,0.006669229486339964,0.005919959914347817,0.0037380649332909833,-0.0029369375009075105,0.0034392671284654754,-0.010127296217981585,0.004704425097623682,0.0005401293489896153,0.005118820145260564,0.004174760618989581,0.0024974019955165553
112,SalVentAttn,0.006288163029604717,0.022338047155692875,0.008987660585567632,0.014614704237260523,0.007240252017721104,0.007810793219693557,0.0028888452552233304,0.006803911017566966,0.0050096042445117684,0.01216029413234616,0.007610754955666566,0.009655992885971276,0.006580613884379733,0.007182184305310502,0.002189944968202751
113,SalVentAttn,0.0065520711546125324,0.020745430942476384,0.008399477003936414,0.017819140421560097,0.006325475487911088,0.0027561324916026697,0.0020124732929372325,0.015063007929957429,0.00715455627076834,0.01672660223278046,0.013350174893008116,0.010110390732388664,0.0050146367476739005,0.002514827095020289,0.0010920589430710667
114,Limbic,-0.007917633241049079,0.0008335512150785985,0.0006612744777028288,0.0021059256653117586,0.0014255594309062597,0.0008208645480887178,0.001680705313641385,0.0012850611172230408,0.00215348507654942,-0.01700337406846304,0.005412695497530532,-4.3469305828236494e-05,0.0014066605846655526,0.000534665993399086,0.0011237572521781113
115,Limbic,-0.005055438437333853,0.007981001739545834,0.005225513204785541,-0.00208449688494623,0.004606662706825411,0.0029726903036932707,0.0026868366427013225,-0.0050571871886395,0.0027110356532647835,-0.011457484676473428,0.007798470706009771,-0.002366067929992255,0.003933155588722663,0.00266123369309601,0.0022010678540746913
116,Limbic,-0.01241823153195613,0.0019598622866330963,0.0011365759720522197,-0.004164211476298929,0.0018116740603787388,0.00033840058774681214,0.00045499881672738063,-0.004502612064045741,0.0017563535075925296,-0.021278056149062995,0.001930298178994156,-0.00447121687822194,0.0011621367771442689,0.0004640864346890261,0.0004952072778158238
117,Limbic,0.0047014210147577305,0.007073072777546896,0.004452955225224461,0.0035571810723877607,0.0053793118923975355,0.003200398743888044,0.0044937327158402224,0.00035678232849971624,0.0010643149619333487,-0.005389220064741051,0.00620576652869212,0.0006976792065136239,0.004435575013805626,0.0030079970272732792,0.0033178456905266648
118,Limbic,-0.0149453807889796,0.01605727831047381,0.004806706143369407,0.005383548807739747,0.003514895334514526,0.0001398116390086468,0.0005907121730014712,0.0052437371687310995,0.003111596849137094,0.006833352072505483,0.006114426401360698,0.0021698182539980904,0.0026513325106721415,0.000343466152893801,0.00020250554377278373
119,Limbic,-0.0011039792674738807,0.004722825041661572,0.0021182288936649075,-0.0012236962853663825,0.0022664592242127904,0.0009686293680547075,0.0009238571354445183,-0.00219232565342109,0.0017796820743587898,-0.009480649748810844,0.005460967323170038,-0.0017455642573408702,0.0021971671160057344,0.0015423377603441147,0.0011472009675740453
120,Limbic,0.0040636813474975286,0.010658243587500537,0.004680004513033967,-0.0005088209810879096,0.001997757107550394,-0.0006732451726396249,0.0008154983504074612,0.00016442419155171528,0.0020554986520214995,-0.004077696667570474,0.0056381559210159395,-0.0021433758027044948,0.0016397254962252001,6.261875158088958e-05,0.0007145907196074137
121,Limbic,-0.013554434409927619,0.08177537152538428,0.021382550302944905,0.02015836410713554,0.00613986181982463,0.005401678595887338,0.0026867060815300987,0.014756685511248202,0.006158877936326874,0.07631730170386294,0.02160636348505378,0.022031420814859714,0.004695469491651646,0.004313880464399266,0.0019925709174334477
122,Limbic,-0.010803506635399994,0.07215353773074155,0.018173312409554894,0.002953598800054924,0.003243477316271171,0.0031683195110909558,0.0022593759014144657,-0.00021472071103603163,0.0034539521780120657,0.06327725692522705,0.0181720362897952,0.00658266344628351,0.002946258159421023,0.0024149796978565783,0.0017646228594168064
123,Limbic,-0.003807428345892788,0.030698813473740594,0.005223010463546256,0.019830635622918848,0.004904381615282868,0.006787411741334881,0.0028126579539238454,0.013043223881583965,0.00596107989018998,0.03347689380940318,0.007436753307624376,0.01232637509038228,0.0036866021999754466,0.0043735424550693566,0.001404798614335086
124,Limbic,0.003112415927603989,0.0543815180415246,0.007937443963037714,0.023311720290517046,0.0041603444018736314,0.006847182305011246,0.0031677083296984014,0.0164645379855058,0.003323743845322119,0.05704334885290589,0.00939706913071176,0.017973816480688697,0.005174952607158034,0.006628947183001066,0.0029644500312460617
125,Limbic,-0.010162492984650693,0.0857030208328992,0.016791592052359867,0.014867442451258529,0.0036899093087813,0.0018034557378305838,0.0015322058240266443,0.013063986713427945,0.004465227096857966,0.07972237186807649,0.01471310602382826,0.0160438977650861,0.0025387156059388724,0.002148328614946271,0.001699333878413135
126,Limbic,-0.007408678607879527,0.0514990758709438,0.013417334123113881,0.01997853537982559,0.005212470799486392,0.004703966504504953,0.004232757553883712,0.015274568875320638,0.0039501965203063115,0.05023220854947954,0.013492793344733495,0.015326469027963729,0.006120434039845241,0.004131482756939864,0.0035345324766356944
127,Cont,-0.010684096629716108,0.1259970543439014,0.023623796759230847,0.011883648315921414,0.005792262613357516,0.0037632935649401177,0.001791762200588768,0.008120354750981296,0.005072099387465063,0.12069636854276108,0.02278217576426774,0.015751882077867797,0.003925959884691261,0.004941038849418678,0.0011687957762525686
128,Cont,-0.004929389518845032,0.04704236997909321,0.014461335682769942,0.013149501625396232,0.003851724142128942,0.002683107981487187,0.001918124695205141,0.010466393643909045,0.0034968682009924247,0.03577319939276831,0.012120182031923974,0.013061856706947327,0.00387823170155528,0.002333009971111677,0.0016402038441718765
129,Cont,0.002809956854254708,0.038953965042571204,0.007455918356242811,0.016576638858076854,0.0040636734049936014,0.008710728081810415,0.0029608420088501177,0.007865910776266439,0.0030686359398700448,0.027831367268660333,0.007325085838103612,0.014819108379893864,0.0037632251503530506,0.00622726890422034,0.0017553720644817837
130,Cont,-0.012300221746871788,0.09407822431031729,0.022026985031980376,0.019340357697786036,0.005673939978231738,0.003137896441855759,0.002248128263264946,0.01620246125593028,0.005090249636160692,0.08667817269017915,0.02279944651599486,0.02168969789347197,0.005048492177066235,0.003068215899479343,0.002169900026978585
131,Cont,0.0010285763552033743,0.011870295687440002,0.005936948045310205,0.012412868012682932,0.007782112249434762,0.004206332222375075,0.003172945872743688,0.008206535790307857,0.005026752137404542,0.009028369086060483,0.010021643015498015,0.004624080623089033,0.005696102658725475,0.0030527232437364436,0.0022643894837233924
132,Cont,-0.003632482106168374,0.04160625792721175,0.008887923380903748,0.03380504721714066,0.009971429366633873,0.010226888194453299,0.0033718639353341805,0.02357815902268736,0.006842998365664379,0.05207262364563139,0.009811581678161384,0.022751246620424537,0.004389860200495118,0.0070719168056718965,0.001226235422738496
133,Cont,-0.004677713057032502,0.02932314365698596,0.010323156417582871,0.009988315239050171,0.0050818986970926905,9.639132980445719e-05,0.0006254249263562103,0.009891923909245714,0.005327851894655211,0.01868767488982357,0.011486208133121654,0.00881033592940561,0.004701432653387178,0.0001962849315360282,0.00045222068529904286
134,Cont,0.005366290650210957,0.029428407021813506,0.005747644061098016,0.018891285082762877,0.006082206540995558,0.014608905404938555,0.004749620797088486,0.004282379677824322,0.003212043736357774,0.027825480579693317,0.007005715969221711,0.012805365025840575,0.004434904552060322,0.010394625745172404,0.0032813472954626773
135,Cont,0.0033339469707598752,0.0332399391922664,0.009903001892787174,0.00908902590336591,0.003257318173563294,0.0040482898997963755,0.0029834692419701977,0.005040736003569535,0.0018021121824915063,0.025718832742238452,0.010303815265973227,0.0075900135676634,0.0026188001626903804,0.0035275555762867895,0.0018215083249664677
136,Cont,0.005973920736040497,0.051103869735396955,0.00521140917246179,0.0338040715140933,0.005882489970153757,0.01727177577741499,0.0024017115982655234,0.016532295736678315,0.006200782971790659,0.05294245920133658,0.010843513289180047,0.023963686316473255,0.0030009127213429763,0.01189832305232592,0.0018619754601156976
137,Cont,0.004448283587723881,0.02798157531720491,0.009339039956875558,0.01349277209029831,0.004712685769307375,0.009444413212829494,0.002964383309693812,0.0040483588774688165,0.003121058764878701,0.025167940688219058,0.009669752473924206,0.0078010058082939706,0.0046155290684408564,0.006125514135877119,0.0020347205880917934
138,Cont,0.003887920224647181,0.0479118890721633,0.015685037182206683,0.015995342448852635,0.006626511568536497,0.005890492774789901,0.004124769031214295,0.010104849674062732,0.0033343395502550073,0.042588906552635364,0.01450544269275612,0.01322849247044804,0.0066295853840557025,0.004744746142763235,0.0029988682428341543
139,Cont,-0.00021206455426974583,0.048423454571740174,0.01724483988917267,0.011135405280331478,0.004239982057511865,0.008619116699530771,0.0035145201807253003,0.002516288580800707,0.0018387411238297892,0.04244884146877548,0.018334721029245462,0.008734673898861112,0.004016775625973691,0.006144725512875637,0.002116044569032838
140,Cont,0.005023237051229995,0.02926629191304919,0.007202710327216974,0.027999397933025617,0.009677970046796065,0.016679514867741774,0.004461844051026769,0.011319883065283842,0.005330619673585685,0.023291489515547915,0.006864490804364935,0.021151531275045054,0.007967729787159254,0.011746815707532532,0.0032431789758257394
141,Cont,0.006102823722477438,0.03308781940483052,0.007867986298632302,0.02215468335149904,0.00807005143077251,0.008972402109669852,0.003134932448433362,0.013182281241829186,0.0049921459752195205,0.023205196464188303,0.010414917554844952,0.017772508127861,0.0059981323877293016,0.007657475167351624,0.0023483687430612115
142,Cont,0.00605460348168675,0.04174629833093524,0.010430103282296583,0.0291974285355737,0.004499659718256293,0.013963419845244473,0.0031259921488080195,0.015234008690329226,0.002294932209901846,0.03453578414042555,0.009507128975644616,0.02474400317768639,0.004862295268900773,0.010843327760721166,0.0031849163401393124
143,Cont,0.0051304890191069125,0.02658374183137533,0.01406183103163633,0.0034621458889145364,0.0057320298663034825,0.0019919899675884256,0.0019235883813612834,0.0014701559213261106,0.004034350496657484,0.0190088649591603,0.015708639730911557,0.0003941333620040233,0.005207201381027695,0.0014997992233574565,0.0012365295047489305
144,Cont,0.005913231036405563,0.030036313973062147,0.008889365654434192,0.034277475379905956,0.012481058305464173,0.00303405860216317,0.000946249470097512,0.031243416777742783,0.012252434621981403,0.044098848534989445,0.01960495226889049,0.017500135519726977,0.0056767933463232985,0.002532871428796901,0.0008846594550207486
145,Cont,0.0054896332461982535,0.044776761360776685,0.018574844575282523,0.02401113862802413,0.01141873847295784,0.0042205246885499426,0.002783102753053327,0.019790613939474188,0.011216996918971706,0.05126543408955213,0.016225817338135395,0.01317549829160094,0.005475730238839947,0.002896868098290706,0.0016963652290194096
146,Cont,0.002759413317149068,0.03324689512164356,0.009245427714753913,0.010628654452140052,0.006314739192104249,0.006571480650194883,0.0021905070887591597,0.004057173801945169,0.005387381360702996,0.03208855229844607,0.00840757985762,0.006968540514776156,0.004804498066411661,0.0036399010151707987,0.0014498387295317856
147,Cont,0.006054586087887975,0.029234610066279188,0.006005246196729874,0.01746520744998208,0.005544255782709036,0.002013449542537882,0.0015549578531339945,0.015451757907444196,0.004221952474910347,0.023709412267640607,0.007377965571830294,0.010320020021606858,0.004808339550378973,0.0018166981370609792,0.0009608964794745966
148,Cont,0.005936867150588976,0.037596549883563535,0.005193571497190723,0.022527939763097506,0.007297141292541708,0.003331326382925148,0.002133966592147354,0.019196613380172357,0.006810485084340902,0.03523513329332058,0.008947881716608388,0.015326336058841084,0.004017608326503041,0.0031771576002686207,0.0008727007090776358
149,Default,0.006088701453760788,0.032321720115009625,0.007361173130811671,0.026637999120486654,0.007504664003458735,0.015105351004729095,0.003651916478022437,0.01153264811575756,0.004734102338621305,0.021777536060892964,0.01056910102861237,0.02106598733918221,0.005560566015564101,0.011621897773829515,0.0026527138977676737
150,Default,0.006025220237459412,0.0544784664163966,0.012976303527208596,0.027546580536524413,0.0058501878427405975,0.01561509164936794,0.0041158379494971855,0.011931488887156472,0.0028681679599582713,0.045848802776336094,0.014905061575297553,0.024507613013849894,0.004884698414428098,0.012295136126096628,0.0030954283920903987
151,Default,0.003669783800580672,0.043489212687712844,0.024669274221822503,0.019710523262062973,0.008766372141263263,0.005519201633948145,0.004542091269539831,0.014191321628114827,0.004455521170687025,0.04435028884557772,0.02324450360258307,0.012107454260164973,0.006450281042480437,0.004815805311870314,0.0031915364917682334
152,Default,0.005985473186418404,0.02627918830305771,0.0035479168643757298,0.029148965652712012,0.0072493937403492305,0.013508465364382504,0.0025735162902554643,0.015640500288329508,0.004696904703677966,0.02758620765681543,0.0055303802170843875,0.020093442397543626,0.004195422959123091,0.010449924424715462,0.0020937634385800835
153,Default,0.002453341771361871,0.05029201830251724,0.012528806097185964,0.02288239152586693,0.010266987573548995,0.00770977870912457,0.003663087755613953,0.01517261281674236,0.008482254546574112,0.05122530542561834,0.013863737388792149,0.016167595699034188,0.005428508520338313,0.006027796339629488,0.0025909376417334795
154,Default,0.006322816017301001,0.03689597295657861,0.007753217927041628,0.03597845483712838,0.010399683635876289,0.008121978921476768,0.004038215883756646,0.027856475915651612,0.008658165869485925,0.03199531962129367,0.007946632945592648,0.02606757691685191,0.0075732482745643455,0.008331777277663988,0.0036518750745106023
155,Default,0.006308550437037547,0.04053539435760663,0.009020978648582685,0.04922766015700737,0.01068788001751094,0.011466743444057759,0.004341475367446813,0.03776091671294961,0.009267465148493234,0.04269513402159926,0.01299386418529709,0.035034906301961,0.006513674932588036,0.010076054072359408,0.003576906959530818
156,Default,0.006227382708162179,0.035976254645592995,0.00355719746340865,0.03342092077391508,0.007136060363169733,0.008417679339563767,0.0023311980699934507,0.025003241434351307,0.00584457545964909,0.03110432879856395,0.004795288946036488,0.02478532845234609,0.003842086547696915,0.007449050702318783,0.002184201487341971
157,Default,0.005988033409462963,0.03751282785692127,0.008319562146381217,0.02424345954669429,0.005835315585889044,0.007160122857119688,0.002455214355162976,0.017083336689574603,0.003901274025929133,0.03199293765481457,0.010921810681446696,0.01838880109786718,0.0046978123455823405,0.006792225043441546,0.00246912406483772
158,Default,0.005880494247810086,0.022357798230925298,0.002890957238777466,0.016859744170111622,0.004878796815768952,0.005062241889745023,0.0021168602110048307,0.011797502280366601,0.004121023889482733,0.011463377852431834,0.00495455601199215,0.0111293049337432,0.0037937581039439432,0.0037417548956498294,0.0018347754653255507
159,Default,0.006193084286808428,0.04271460924349981,0.008866665421402289,0.03985028698987656,0.0048454469039607,0.008996085988714198,0.0013824671767477012,0.030854201001162363,0.004165171555090024,0.04919987998164088,0.007035333725987922,0.028013395058248312,0.003821707970317438,0.007210024071860133,0.0015823126017744608
160,Default,0.0043382243107541905,0.03186887165419614,0.011727965781622968,0.011517369142235312,0.002717789487709108,0.007686567993869575,0.0026334554562598687,0.003830801148365737,0.0014602347829188005,0.024409886111289227,0.013957447109393355,0.008860648197383903,0.0020018070214533183,0.005668081133931824,0.001981707882133203
161,Default,0.005942529958055935,0.025946148081203456,0.004645545501708776,0.018524782193431455,0.005810593747078077,0.005689072646972671,0.0021381971402768193,0.012835709546458785,0.005291975281723292,0.01085331638479221,0.005771363467638165,0.013868939968321902,0.005078231377330568,0.005791866819300107,0.001675795426945827
162,Default,0.006412276995728564,0.04471048974887648,0.005017680640787242,0.04921084498041968,0.010838619454370216,0.014060466600875076,0.003904781864382373,0.0351503783795446,0.010305823419896233,0.04664389543848417,0.00965603158844492,0.033027982165703705,0.005541873338988591,0.012304324809349376,0.002420887382341634
163,Default,0.006379131947092842,0.03380642213425498,0.009389927851309569,0.03822262128354208,0.013791045220942353,0.013054676199268877,0.004561043553705904,0.025167945084273204,0.010140482315774477,0.0344876205350642,0.013550649564472288,0.025452121418828178,0.009081835885013914,0.010036945178291744,0.0036361169869072725
164,Default,0.006297017968121614,0.03939053154069834,0.006901105234487088,0.03731545528314299,0.010065042353571077,0.011584579284637787,0.0024487697296574646,0.02573087599850521,0.008950429480176778,0.040609792105341457,0.013402598525325354,0.02526651638028332,0.005053199296139971,0.00923325443692775,0.0016585775861166323
165,Default,0.006533138956348834,0.025701785099435836,0.008189208884763214,0.021913290583083046,0.008909976553220535,0.006614197650174991,0.002775902406893634,0.015299092932908053,0.006968377589530607,0.018532894115614762,0.01253231869023839,0.013304864935872995,0.006859090457912937,0.005222085510893426,0.002177304347181313
166,Default,0.006116880337483744,0.039271934013822896,0.008399793701358042,0.026512673186828685,0.007688731533218503,0.0071074708696232,0.0016920204480738812,0.019405202317205484,0.006843393109159292,0.03874381417748722,0.011463532518503771,0.017245451538078282,0.004319394683503329,0.005319207828222794,0.0012539984553045188
167,Default,0.0018528150668164003,0.013810731112039986,0.006027058940948026,0.0005087268690918912,0.003548086518211608,0.005032660342518503,0.0033794802305190563,-0.004523933473426611,0.0023608341792698243,-0.0036455368533503617,0.008302956993480331,0.00014953414992395774,0.003974457298392225,0.004139273112233588,0.0026984774521817993
168,Default,0.004726690564101104,0.013706958402441538,0.004732343247277195,0.005203287479847529,0.005688546917207256,0.004164137053685235,0.001321117860495203,0.0010391504261622942,0.004936776915818458,0.0017834146708049392,0.007138117871054104,0.0024541395638799425,0.005470377375684256,0.003026939712023169,0.0009855463290745718
169,Default,0.006108118709185252,0.0172863115639728,0.00612418920243834,0.024326059980260627,0.007678732673127105,0.019852336918773306,0.005126245518024654,0.004473723061487323,0.004522373584258553,0.01360562582022098,0.00722519127284162,0.015731044395964622,0.006226984700057944,0.013006234852577991,0.0032642497216947824
170,Default,0.004304361827347726,0.04538776235359303,0.009317422400584276,0.00857190917995232,0.005776726853482844,0.0010284342162696358,0.0008874157944225348,0.007543474963682684,0.005423742391039997,0.030672209505593795,0.010544203956225124,0.008251805964080683,0.0057768502787605164,0.0018700893407953335,0.0006954157530518578
171,Default,0.005435273702613462,0.026008671195127064,0.005887626292894083,0.00629086529415217,0.005146496339088009,0.0067363512004139595,0.0023227110806172827,-0.00044548590626178883,0.004405025757750505,0.01699103104919266,0.006293646888158377,0.005441145584414752,0.004646029633967277,0.005925947466592763,0.0017483409764301903
172,Default,0.0023833590726210353,0.025373067004160733,0.0076240046404553174,0.005277290523456779,0.003955948563127748,0.0015534113037643182,0.002138905600408086,0.0037238792196924607,0.002268711327412772,0.01836412051386831,0.008739983293984852,0.003579337323885623,0.004082196198749398,0.002027959637740606,0.0018812431499739403
173,Default,0.0028097595900616504,0.054496994916150565,0.01794545781365059,0.008848578135708917,0.008467694902208446,0.007206677429268882,0.004615736279663982,0.001641900706440036,0.004148880278846878,0.04536564834202985,0.018926843849512244,0.009185816847425365,0.00645114156417415,0.005088350933779173,0.0028113553641106394
174,Default,0.0032060628706294626,0.03542798757173118,0.008825305599491455,0.006905522766525274,0.006569126431024359,0.003300051587258923,0.0017268486402087079,0.0036054711792663507,0.00515774483736715,0.029691315035392397,0.011681374089941375,0.004503641429234317,0.004472668810548037,0.0024536194658682175,0.0009544768951848932
175,Default,0.004712111821064167,0.020106442312164362,0.006676654527439739,0.013190107073883484,0.0065329144287274345,0.0020636879757888194,0.0011236292113283002,0.011126419098094665,0.006290043760202706,0.010445437415662506,0.007532870330637919,0.007082773624774341,0.005341859552433594,0.0017800325365721736,0.0009114382372188355
176,Default,0.0059642165239320545,0.025942360839017152,0.007132791246402,0.024358224012880993,0.004180275503389043,0.01045919593325213,0.004998753814156803,0.013899028079628862,0.006795909079980955,0.019584054346359903,0.009511578180485338,0.017179791526194376,0.0031269435910240596,0.007803717677803679,0.0033477717489061405
177,Default,0.006128757823193012,0.045481874788169716,0.010784280776922176,0.03608097916410249,0.00843908518803016,0.012712048366419792,0.004706939012466969,0.023368930797682697,0.009163614576461735,0.046794248167899746,0.014584586337135788,0.02573389332866749,0.005668405059307007,0.009949195311828696,0.003669426483427677
178,Default,0.005862356701739995,0.015669243129926125,0.004481554927081366,0.019171360165146912,0.008033835578762432,0.014062013937020534,0.005179697119047944,0.005109346228126377,0.004041857554169246,0.009512829089614039,0.00543100516064991,0.01274076889080511,0.00607984989522848,0.009782015904616092,0.00370288095296659
179,Default,0.005812969091928109,0.019766950743553634,0.009205780260143268,0.010211968985991082,0.00349520805530473,0.008104883591090472,0.0038246285672217917,0.0021070853949006095,0.0015675558590657508,0.014056342818562073,0.010364845277259468,0.0055344029997459465,0.001988865497204471,0.005439541639953171,0.0025568916173191957
180,Default,0.004771036133559216,0.019256735338787245,0.004852901666165794,0.0029185204224549954,0.0025664611449286306,0.0017665166040080837,0.0008671788047760637,0.0011520038184469118,0.0022583967406570285,0.012370723205374046,0.008211348696309182,0.0005896288481914924,0.0018682673373022485,0.001804193447931568,0.0009401719959134874
181,Default,0.0056156224620553755,0.031167716176219985,0.009229968632321882,0.019625429379835756,0.006463922733712568,0.015808805179672536,0.004429838144695677,0.0038166242001632213,0.0024188222155054943,0.022379893634085924,0.010121853543305798,0.014090685599577223,0.0060455341389165805,0.010706745821737496,0.003105834951294062
182,Default,0.0030670344904501316,0.016119700753145193,0.008180834435734634,0.00926008526967761,0.00651821735526437,0.005761280446989247,0.0028993817622178764,0.0034988048226883618,0.0038950012646247006,0.00811999723388499,0.007583049388984362,0.0035172875574217334,0.006166575569736159,0.004382187232081769,0.002094700423422434
183,Default,0.005093400755229677,0.012222666489990774,0.005575089268105495,0.0032575136677637007,0.0018435778106005447,-9.21035643917989e-05,0.0006293058032774064,0.0033496172321554997,0.0013291477059713724,-0.0009833413121328905,0.005952669527799466,0.0003690784280364623,0.0019482736456401099,0.0004056082242790193,0.00042337994648066136
184,Default,0.0003213686383457976,0.05512004353429467,0.023033176452620777,0.00941110830878158,0.004931526451768848,0.0004869733605070259,0.0014879980319705047,0.008924134948274553,0.003967981307321632,0.04315809314128225,0.0196708490781196,0.009054203761160529,0.004464663241845071,0.00042965851661942446,0.0006452501617068601
185,Default,0.004855969533395814,0.014045749741052571,0.008183085310598403,0.00013340992635457738,0.002346346157713413,0.0007288247695981465,0.0019433421722497935,-0.0005954148432435691,0.0015681135740941922,0.0005436934456852782,0.008468807670993082,-0.0025052649765799685,0.004029854263361346,0.001479998860552767,0.0018183227462785282
186,Default,0.003756673735315797,0.01906469707963976,0.007875629684368718,0.004023957912832499,0.0023484636093270964,0.0014720057244340667,0.0012374781046992779,0.002551952188398432,0.0016103872340321394,0.008187146202918938,0.005875927264282923,0.002579027257068378,0.0032033119608021,0.001977240700939875,0.0012832786885507263
187,Default,0.0021326775741254615,0.01260167672161563,0.0045590410806954145,0.0030653482285548208,0.003713083190495809,0.0021900888551734444,0.0016392961611487295,0.0008752593733813762,0.0034014537069457645,0.006376555678186846,0.004372308143788977,-0.0004741085975366044,0.0031715664654388635,0.0017813021731367229,0.0010051411823441294
188,Default,-0.004354453258190034,0.06484879991549401,0.012523607299247674,-0.001939876309787203,0.005878877378920561,0.0028383411610825916,0.0015117613444282413,-0.004778217470869794,0.004865202894005263,0.05908441016025778,0.010921481092981225,0.0002480957516111548,0.004138252767667842,0.0028069430826393126,0.0010879696762422363
189,Default,0.003703423205345668,0.024297034224568127,0.006908643451981428,0.011751981652623611,0.007141755600459219,0.0012589628913028284,0.00029156192866944226,0.010493018761320782,0.007065336569917785,0.026212162714801136,0.009296126530612356,0.0044082265200728445,0.0045739957283204,0.0013897477844014405,0.0005984574716833798
190,Default,0.0052767313878572955,0.02120869621039072,0.005046105059167207,0.023684908763708858,0.006271934811012096,0.003933186594970129,0.0018818064166861697,0.019751722168738727,0.00556471677893979,0.025236802177002415,0.006979973135352776,0.013188001122346239,0.004795485787719584,0.0035675622144694997,0.001779558901197827
191,Default,0.004074466305575645,0.04087439332339036,0.008032277844047664,0.020060482699559668,0.011248468308372618,0.003967976908985205,0.0014502820647515657,0.016092505790574464,0.011215089419555315,0.043534804954897255,0.008856191110704341,0.0100793894935995,0.00595976530811352,0.003274496310130437,0.0013903338652563417
192,Default,-9.326576492228288e-18,0.003599917924902396,0.002877441793452332,-0.004006615241859124,0.001172981689838148,-0.0007082101913924666,0.0004326624018863003,-0.0032984050504666572,0.0010973017358428803,-0.017316628741240514,0.0035368761989253554,-0.004904767295286261,0.0012566355289715598,-0.000306995712366831,0.00047747712976319587
193,Default,-0.010694438436094507,0.09151916643197111,0.02145870889679266,-0.0051662690678797585,0.0033929685338416875,0.0012308287948783248,0.0005059768852801917,-0.006397097862758083,0.0033577380711969384,0.08528142451153357,0.023550788061144363,0.0002893550652279808,0.003110391231864715,0.0013422889990618136,0.0005330093985788789
194,Default,-0.006992222138119048,0.09683984363942999,0.023397496915169187,-0.0036899769008997387,0.0040515081634661665,0.0023857434140118093,0.0004847058605428435,-0.006075720314911548,0.0041812809527542495,0.09590319317431742,0.024948013886733518,0.0029023284512228907,0.003153074748313586,0.002144873466672381,0.00033879028588265305
195,Default,0.0029784937046033254,0.025118417439638586,0.0032208673222500392,2.4006143495891585e-05,0.0020416304677041064,0.0018844327322624864,0.0024234845874996575,-0.001860426588766595,0.0010477159928093701,0.007817209931288982,0.004158481335817441,0.0003263235357732652,0.002248084174840576,0.0024731898091360895,0.0018009661605087872
196,Default,0.0028360426903200836,0.04275531544879876,0.003598872151364285,0.008497838395890533,0.006367425691200799,0.0024284427342138094,0.0031686774044677466,0.006069395661676724,0.005228431392994123,0.030963584415668155,0.005700047896510379,0.007548098560259797,0.005139982427451186,0.0030146370131876933,0.0020461890799597328
197,Default,0.005118392088832541,0.041434601094814116,0.007565385185297492,0.010497848099239615,0.002090594996122844,0.006141660932149295,0.0011232068768627767,0.00435618716709032,0.002004915132990205,0.03217382322778304,0.0063075899090337395,0.009327593291534386,0.0029295779576087836,0.006674236925109045,0.0011220246370494701
198,Default,-0.0005192891819260321,0.057701399264725284,0.0340930381199324,0.00897281446549516,0.004806801101025123,0.0018006911478860577,0.0019541138606102588,0.007172123317609103,0.004584289480218008,0.0537014129377132,0.03586684391761331,0.006906350151925755,0.005716975100252279,0.0030348691602564816,0.0020288182394563327
199,Default,-0.0028368510392744396,0.06219438796505643,0.01764968053462091,0.021010982055231175,0.007650294488335853,0.004450217961265479,0.0033618706275700245,0.016560764093965695,0.005822443658623877,0.062182774261476094,0.02007131471123693,0.01786967731885738,0.006328900145387675,0.003739384604652329,0.002284350528064345
200,Default,-0.00305071770731016,0.0983339493477275,0.01501549447134111,0.01697009879770004,0.004913384239008256,0.0039073687383119225,0.0023135851023599434,0.013062730059388118,0.003182632792182732,0.11213156078215598,0.016833925174378993,0.015620820958730342,0.002855527694257829,0.002994013474253032,0.0015078926646594029
201,Vis,-0.01750095315577613,0.05272413761984764,0.011410469570553168,0.013001688923213694,0.005527543185474865,0.002510377916200723,0.0016932888691857395,0.010491311007012971,0.004578383836262037,0.06605048605046837,0.017328519106585588,0.007520957119866533,0.0035688932992391518,0.0018356573397162457,0.0007610550874956734
202,Vis,-0.01824029290064957,0.04248186429183631,0.01808705848330237,0.013358177379983882,0.0018393677848347432,0.0025465831479731804,0.0017176674796269638,0.010811594232010701,0.0005181308727111633,0.059829013117949525,0.02398808212133467,0.0041962438628672105,0.0023381022458859413,0.0023725288792617594,0.0015860747529379852
203,Vis,-0.01926649136176625,0.01801547434857893,0.004984420608089531,0.014872633997869134,0.0018858218999066986,0.00299961891172571,0.0011507727719333061,0.011873015086143423,0.0013422881264717002,0.07887629568012158,0.018862361431829518,0.002581027043553141,0.0012355096477244536,0.00163897516900946,0.0008007429053816744
204,Vis,-0.020400988966313562,0.008470978106695459,0.002346301424644508,0.016203313237081775,0.0031876656486645215,0.004963105848430271,0.0017799521344228119,0.011240207388651502,0.003098039719470749,0.052712201305826344,0.013754343654240714,0.0030896635127227955,0.0020563710467367425,0.0026012924290079063,0.0012251537787678418
205,Vis,-0.018409881427777684,0.09184988639169349,0.011833323119327355,0.017673534088422937,0.005712434303801516,0.0035126270905956546,0.0018472391649064326,0.014160906997827283,0.005026201655716924,0.10143060936517614,0.01413210486784925,0.008687410736306744,0.0034647741293190515,0.0034049780814497943,0.0017622405071977625
206,Vis,-0.02131367505209781,0.023363919426534995,0.009260495102093005,0.0087027690840078,0.003432688823163869,0.00199710708152081,0.0010827295951360946,0.006705662002486989,0.0029426196465375714,0.04402064545271946,0.012740970001176032,-2.9334534204750186e-05,0.0025839326261110143,0.001959865461153876,0.001242028346853916
207,Vis,-0.020257125310765175,0.01979236266457358,0.004409014318325575,0.018558829061140102,0.00547526033545776,0.00611981276800364,0.002982710943132285,0.012439016293136462,0.003388025277892172,0.08206023049755658,0.016281296654858824,0.005879245141095613,0.0038229476817665795,0.00432044109053451,0.002149658783300817
208,Vis,-0.01854967197202156,0.045986096840924404,0.004536216663776168,0.014535861327982458,0.0028445631695364387,0.002702937685163276,0.0018466449120623553,0.011832923642819182,0.001876172145913002,0.05832088036667173,0.006778558990542409,0.005530461715295009,0.0016213448000570408,0.0021825033005575143,0.0013320052882656284
209,Vis,-0.020817558721653126,0.02539376033398779,0.005261132131741301,0.01493632042086852,0.0055807672711780205,0.003040721573335947,0.001718865823831017,0.011895598847532574,0.004209670512097085,0.05870234946704089,0.016035478836096212,0.005017017360086018,0.0029639375707646216,0.002613787742533158,0.001085588930169699
210,Vis,-0.01621546797581621,0.08819888835989842,0.021355359322097606,0.004439586586448696,0.003284143278713696,0.003541500168231049,0.001385467181058404,0.0008980864182176473,0.0034006140064294105,0.10155359433779262,0.0167202086041453,0.006100846718223196,0.0026555622205810423,0.0025371805518281665,0.0005206212079958714
211,Vis,-0.017661213396259794,0.041448899700998076,0.006634750135296858,0.013697639952544272,0.005130942286047037,0.0035839375805117647,0.003066859024722946,0.010113702372032508,0.0025301462757104597,0.10422707521222259,0.011471525614696053,0.008243740967620861,0.004000547679541363,0.0025940255945864354,0.002119419459619495
212,Vis,-0.01763501931844531,0.06352880573409092,0.008097011002093498,0.007578976694366335,0.00404336139786147,0.004416368573214369,0.0024330886221165795,0.0031626081211519664,0.002369137202098991,0.08927035536672032,0.011179853121837507,0.004005697119166851,0.0023634644150319277,0.003227239681093996,0.0017906314881451905
213,Vis,-0.016083078725878077,0.0915990343792139,0.014179867288909173,0.0004954413437914474,0.004921148323330511,0.002471037922460084,0.0014413330716933261,-0.001975596578668637,0.004260760871513834,0.1089428977082783,0.01965716697060826,0.002162144024051549,0.0031732064914348577,0.0027075112323926122,0.001341923503850678
214,Vis,-0.00851855168154201,0.07089280904000117,0.012646091831073658,-0.0024639617095118193,0.0038929095455432277,0.00191787660331435,0.0010661138576161361,-0.004381838312826169,0.0033094024062831546,0.07371247605842415,0.01836992102282107,0.000658029854490394,0.0031348508840884862,0.0016324581553296413,0.0011546687367085542
215,Vis,-0.016587621571470843,0.009682577709375173,0.003957430627162682,0.009668703408557522,0.0027785454138091583,-0.00040082048385994276,0.0008791975867673608,0.010069523892417465,0.0026277561983275893,0.06760878686013028,0.0158709829124604,0.002171080189005625,0.0023009096130604686,0.0003895727014539219,0.0005875356015275584
216,Vis,0.0033200607290234294,0.007426753722007384,0.0044853183665063846,0.007027419267760249,0.00516372720874248,0.003504458099370744,0.0023463475976070046,0.0035229611683895044,0.004603310084136506,0.01704166351681182,0.013892032567297149,0.0014607199836720764,0.004497249433441179,0.0029402004249163395,0.0017890894180056533
217,Vis,0.003581963556704651,0.01352822142275767,0.007063573513781276,0.0017569370047056942,0.004575759806537109,0.0008261137303188892,0.0007268384554381005,0.000930823274386805,0.004211192824060022,0.008765848902746875,0.012029049867642406,-0.0007464878273500952,0.004796993760719031,0.0010042839086974674,0.0008228907123747944
218,Vis,0.0003248299079434862,0.015113216391490814,0.006321046984575697,0.012148466621702015,0.0017012443115039697,0.0016492873443884725,0.0027129138631068945,0.010499179277313541,0.002023152321593356,0.042925847322538166,0.006190397859545921,0.004210925262179121,0.002136598836248721,0.0017348122779277109,0.0020327827237228858
219,Vis,0.0037486358130757826,0.01681755618430303,0.007824640570020483,0.0035987572352856657,0.0039094177782521946,0.0020443468636260897,0.001977869298468296,0.001554410371659576,0.0031741271003173773,0.017977777271577587,0.00955655931378904,-0.00028614773756314716,0.0032723629759108456,0.0015034941880904817,0.0015167221179590454
220,Vis,0.004595133181792532,0.022268749027418867,0.008629726669401,0.00885748619642981,0.0072309564666273324,0.004340792194925247,0.002968948707039169,0.004516694001504562,0.004726600908019056,0.01912821008802341,0.011469087689711941,0.0032960911664745352,0.0060472474968320325,0.003290463074983552,0.002337819835986035
221,Vis,0.003800530612882598,0.020583554525175175,0.009796369116828095,0.010478818400788814,0.005535362706941121,0.002207186662287963,0.002996382604115421,0.00827163173850085,0.0036283445917675485,0.036683152913206694,0.014093711112630171,0.003977500564773728,0.0048389246079107275,0.0030899473307338223,0.002531366545696072
222,Vis,0.0038394104750381444,0.03726927009416685,0.016447909181672316,0.008017843941829316,0.009417565886075969,0.0047907151764327695,0.002129775502170113,0.0032271287653965475,0.00845456746377012,0.04216458373585861,0.021951447390568025,0.004581521327899951,0.006007017620925073,0.00397938959575943,0.0015391070833100512
223,Vis,-0.008831367144566223,0.05867304840591503,0.03073062560213101,0.00372134462305993,0.009516889518685243,0.0035996696080144107,0.0023495538856401197,0.00012167501504551925,0.008176718383341922,0.07256835967969817,0.030868823777439353,0.0036394986126423224,0.004896806417537679,0.003287749955618957,0.0016604914038832797
224,Vis,-0.011803960519734471,0.11218335293613049,0.026523320038639595,0.005069930464508499,0.0034441679258534986,0.004765167476312682,0.0020979475685308996,0.00030476298819581693,0.003985482046163221,0.09690164360679014,0.02536341647300152,0.012494239231149095,0.004289642173263864,0.002704737624781406,0.0018172717407468138
225,Vis,0.005934389328745651,0.02372860484767303,0.010807571726740323,0.009944014929868206,0.005148999044465055,0.008495202944731162,0.0029543144707570674,0.001448811985137044,0.003938434025295717,0.012055716350310863,0.010558585055575768,0.006158751899692905,0.006274359354263698,0.006505956464493146,0.0021957302832982424
226,Vis,0.005459904099029386,0.02419674630145017,0.014555482305471743,0.0005626586549213775,0.003263129154054645,0.0023721102259680604,0.000601003018311887,-0.001809451571046683,0.0027571131667870844,0.014334435854022253,0.014497049629247654,-0.000874896091092392,0.004162247770572684,0.0025095329859132543,0.0009772295263981168
227,Vis,-0.0021230102664165926,0.05343966470063906,0.022666553721613605,0.006893747738464739,0.007336554045068863,0.010490434609441924,0.005641232121791896,-0.0035966868709771836,0.002028448963356308,0.03738071660719757,0.02126487726529835,0.00863187740547069,0.005934922907043131,0.00675197332691071,0.0034931184605144065
228,Vis,0.002797686307561569,0.01120154830306792,0.005762181836420652,0.009745404577860838,0.004251851708572044,0.006648900116607193,0.00273336841263707,0.0030965044612536463,0.002532825616629711,0.0038830407222641304,0.007272608825427191,0.00256709438320033,0.004271360738450957,0.0040148501302526675,0.0016530368748929407
229,Vis,0.006164222892925329,0.01844644242909834,0.006494352879118352,0.01801528466822664,0.009099666673229125,0.012483479105006046,0.005513375716772775,0.005531805563220593,0.004417891486205762,0.007178178022049675,0.008120005151790134,0.012496447388574628,0.00784238187118692,0.008966011933792428,0.0033001285180628863
230,Vis,0.005979830619070326,0.029246974585949402,0.00667189169900182,0.02018276483470336,0.009269583788963488,0.014753373775797708,0.004957685266366802,0.0054293910589056525,0.0048778015834341675,0.014217001716176902,0.0073809009645407035,0.01534522287092539,0.0075263832558845264,0.011221738859210273,0.003277586610834461
231,SomMot,0.0017331340529284838,0.019945672543879578,0.007055632679179156,0.008807827338842712,0.00749242997480017,0.00893695529086298,0.004915926277741703,-0.00012912795202026927,0.0026931574097657533,0.010955476270749488,0.010739948110351042,0.005182550253249008,0.006049535200688085,0.006358288900042886,0.0031222719264244335
232,SomMot,-0.011453067071764682,0.06849184647511157,0.012330270791691031,0.00011978071501972387,0.0057107061369664,0.005078430219978602,0.0032186912193367034,-0.004958649504958878,0.0033024829347088384,0.05995478864505523,0.01533568522615325,0.0037417799299418464,0.005021238668050408,0.002861000194978569,0.0016778806234646565
233,SomMot,0.0062450437637387,0.03326497654798148,0.010568767779925239,0.025380887573817644,0.009949166047164821,0.013273396145890603,0.005167247322117354,0.012107491427927042,0.006042366837683591,0.026037342277521903,0.010937815654777243,0.019403471673515926,0.008897665078998399,0.009809447507439773,0.0031759813970820973
234,SomMot,0.006043774808358796,0.03284168127842215,0.0058779021956886016,0.034520730082407504,0.004635144169715833,0.026286978589478326,0.003103093604585124,0.008233751492929176,0.003987303566676845,0.025799128385420155,0.0052627370681391245,0.02669071408493231,0.004881221647259165,0.018706832251395043,0.0017056963502687533
235,SomMot,-0.009381059551994272,0.059859765133850495,0.02027364326441121,0.010096417493076215,0.0055089756994646,0.006413376007828875,0.003237389103579253,0.0036830414852473403,0.0026620994536913157,0.06062003038084847,0.016034868948771232,0.008201783807961082,0.004697582870662967,0.00402858051304662,0.0016502263434643757
236,SomMot,0.005659126908263239,0.011770628264167549,0.004143387840421181,0.02258839233655747,0.004344839584608696,0.014882046367461177,0.0034404853722284448,0.007706345969096295,0.0028817963587110616,0.008880796964583704,0.0037008273363002336,0.013707014716811638,0.003480343757753964,0.010210966021592771,0.0021152231571432466
237,SomMot,0.006091721717125456,0.05678737890121059,0.015220836746107726,0.021312370771822953,0.007993367898718016,0.01655289767434289,0.004488748711414887,0.004759473097480061,0.003784353253134003,0.04735146589269481,0.014259124678127726,0.02031607485269482,0.00851717016260248,0.013663087097582748,0.0033795740496676105
238,SomMot,0.006476903650486584,0.05569417803522394,0.015390883192304791,0.014852891506185562,0.006487210895175417,0.009861658771278047,0.004262607515977396,0.004991232734907513,0.004160817554977159,0.047236782808192435,0.01346226459331799,0.015017270691289174,0.007968498588725241,0.008752145430493807,0.0037172429135270513
239,SomMot,0.005584912087098375,0.026522762045961913,0.010386964698467597,0.012364241484473171,0.006722970405612365,0.010252840981211753,0.004017468797032337,0.002111400503261418,0.003002038927188086,0.020617992925031504,0.009039475272591848,0.008424607857789024,0.007293274917629878,0.008271366862511953,0.003165878895207908
240,SomMot,-0.008126275033662717,0.07912890910526982,0.015520196963522772,0.019103713023747027,0.004468409086708736,0.0074343433932511525,0.0025471660665450087,0.011669369630495873,0.0030916966493704672,0.07955743336426284,0.016589590457242447,0.017633966130964483,0.004858469742835281,0.006066026143773584,0.002363291680763212
241,SomMot,0.00613894686257484,0.037478114106077556,0.007715851902142313,0.03822434565257016,0.00493936728651155,0.029722140090848993,0.003132940682650877,0.008502205561721165,0.004186748604771919,0.03281846906908781,0.007076622121958677,0.029575211127362146,0.005464500280904901,0.020455513220397757,0.0028632387086189102
242,SomMot,0.005932649204470619,0.022639046464576373,0.00632404909192369,0.031170087925708835,0.008159550246308577,0.019513825590854638,0.0054283220741752234,0.011656262334854195,0.0064226953613139605,0.01753171732893437,0.006563365944649475,0.02296454581644638,0.007698689990502916,0.013971417087893335,0.0038872382618804747
243,SomMot,0.006246660274138402,0.06069818495213777,0.013387754370196746,0.027973545165094916,0.0030102107406893078,0.0211099623741821,0.0018850963641433957,0.006863582790912814,0.0025709103164345795,0.05074463068201389,0.011822804896836216,0.026485681562338992,0.003921896435116575,0.01656967682162498,0.0017311066813863077
244,SomMot,0.005943308280108157,0.02444902425156017,0.004742952848603743,0.009680819901508708,0.005075352263035346,0.009496122318437994,0.003929615034147316,0.00018469758307071427,0.001871837587778828,0.012261867563300988,0.006437195490173969,0.0074552017330688615,0.0049994974574234475,0.007765986754490184,0.00273600973970759
245,SomMot,0.005946847799514569,0.02575566535880085,0.007557586382069599,0.012652528509280758,0.0067083495929645635,0.011572047545558494,0.004485447579038315,0.0010804809637222634,0.0029608101700018077,0.015541287044438579,0.010662923069485996,0.008070726360445434,0.00593608830471029,0.0085366313173588,0.003364915731425612
246,SomMot,0.005957673973451059,0.023614771116491774,0.007934260183703041,0.004594707465401538,0.0060363965335166235,0.005634968249461391,0.0026779318939143225,-0.0010402607840598543,0.0036395025873634987,0.007826242296226749,0.008785480809072214,0.003576219782217427,0.005569539440688041,0.004266870402349987,0.0020054535730419263
247,SomMot,0.0056160498862044645,0.05766393618072947,0.02328722028460926,0.007222872884789111,0.004216404050229761,0.007239325976794686,0.0020353379176846994,-1.6453092005574986e-05,0.0032610828809402745,0.04032416656308875,0.020693474569129754,0.010761971281751315,0.006554066263279704,0.005949690807434971,0.0017732452869021
248,SomMot,0.005976137418523816,0.034839014496965096,0.012258379321425544,0.011451524522020496,0.00572475566133454,0.011642854288127613,0.003613723354093251,-0.00019132976610711783,0.0023149399921337855,0.02412891230481027,0.011802511919731007,0.010328879366844634,0.0063081368150858345,0.00928877656057343,0.0029677587670371795
249,SomMot,0.005849156036134519,0.026261664911180517,0.006646162096339054,0.00958829195944908,0.005174226542352135,0.008915003037173163,0.0033028188789462508,0.0006732889222759164,0.0032231220076054425,0.01569344744499972,0.004610429764529301,0.007506067593884769,0.005064294209741692,0.007170297151983074,0.002706088969169663
250,SomMot,0.006143011110271487,0.05485305317710783,0.010226854398122907,0.014057683221759088,0.0036426122407269813,0.013266349929619925,0.0028497599970259864,0.0007913332921391624,0.0023146261697150196,0.04767715694546752,0.010002087678400986,0.013741591585653001,0.004621561309008836,0.01087624353957677,0.0023472806669042174
251,SomMot,0.004315279438703733,0.012333518531920263,0.005234544919985209,0.00941268789037033,0.007418467587143305,0.0073353491087782,0.004651955730253449,0.0020773387815921306,0.0031961368722269374,0.007405006762068944,0.004451519418358043,0.005228949256744264,0.006569277985056357,0.005492479368523972,0.0032898055176230857
252,SomMot,0.0056539544145359,0.045270201241583916,0.007648728254421316,0.0029808260549372577,0.0032348678307507384,0.0035146470056315994,0.0016605208400306286,-0.0005338209506943415,0.0019949928607241084,0.034327184911107464,0.010730447152345042,0.0033305168095099534,0.003099820160498787,0.0034406095101797707,0.0015453105132934176
253,SomMot,0.005513647482216678,0.042932680333830284,0.013797168218368207,0.005157808820425625,0.003822293468428976,0.002822713296583923,0.0015390240832289935,0.0023350955238417015,0.00277296420094165,0.031742420234606564,0.01445579888549329,0.005325784236572151,0.004672585918751553,0.002686837237473405,0.0017695633054231167
254,SomMot,-0.006412594773633993,0.038846059087449626,0.014134449923098417,0.0012087347076045196,0.0010748248363203344,0.0012112298845034842,0.0012693862627956407,-2.4951768989645017e-06,0.0009109839609057855,0.03267828983986407,0.014175636756024736,0.0006536687241685879,0.0021839710191594156,0.0006854042501642343,0.0007871357335839989
255,SomMot,0.005060586224522307,0.05301957601893799,0.010162820915435742,0.0020183955210298253,0.0041709905311217614,0.003590954317331563,0.0016874094483024767,-0.0015725587963017374,0.003975142579484246,0.03983958874130318,0.008007562672407898,0.005916916806970729,0.004820513257195918,0.0034827020546280172,0.00145964306182675
256,SomMot,-0.009061835854942506,0.07123712046385997,0.007274526574074674,0.006404718762023842,0.0021335152600669644,0.004193146042510021,0.0021078158946481245,0.002211572719513821,0.0030586858566339237,0.06173540494420722,0.006283752635320891,0.008966764834674823,0.002911963606301675,0.002294582158723202,0.001447951116956277
257,SomMot,0.006040467404671738,0.031891890555704,0.013326578799933772,0.018941547805442105,0.006353987273663679,0.016304343334047466,0.00382315992504842,0.0026372044713946384,0.003846248554049107,0.02313712041601741,0.015494403185239803,0.014367379236411026,0.006850248824760816,0.011954148749638516,0.002923202444482644
258,SomMot,0.00605757896813751,0.03422094450743449,0.0139281010779482,0.011117357380463423,0.004040538195468887,0.010743986310528664,0.003237192615594476,0.0003733710699347581,0.004629270934881213,0.027110059171594324,0.014488034429060652,0.007446234668910279,0.0042149622140556404,0.008371846227059132,0.002439291031145342
259,SomMot,-0.01698417049267767,0.029208444298773183,0.009923666347634225,0.011558728008826003,0.003635791038294607,0.0014587377373798116,0.00136412200104378,0.010099990271446192,0.003908092739417823,0.0368116808671612,0.011272827338179478,0.0037343993837392286,0.0015425244682883456,0.0015503849674505465,0.0011008631371728528
260,SomMot,-0.01590170301611993,0.055644678362522806,0.010367749404341882,0.0154820543729699,0.003799333265747654,0.004296871468760055,0.003506808577789598,0.011185182904209844,0.005920292495740399,0.051605700104380016,0.008540023020859074,0.009054124740700798,0.0017085414966657541,0.003907452984114235,0.0025851087139943606
261,SomMot,-0.015361226552009926,0.12294092533316303,0.016743538227646834,0.014881102108259547,0.0078080663034197405,0.0026758429014128947,0.001931601978917759,0.012205259206846652,0.007672898204826126,0.12170922609337002,0.013391172891217116,0.015597208265478436,0.0044205243278710995,0.002588203765856556,0.001711024807100727
262,SomMot,-0.014718608838416195,0.16605887994427215,0.012613521484621127,-0.00218499002621817,0.004402474365871996,0.004323425312626772,0.0017947363589885892,-0.006508415338844942,0.0035685691194004216,0.16122886958862065,0.011088280541770607,0.00963435713174352,0.002719669717582121,0.0026041221370473712,0.001035733730228907
263,SomMot,-0.004000473453318969,0.14851712002015277,0.02243819990630179,0.01175429555012708,0.004076203797332218,0.00174726055635126,0.0010325299676560138,0.01000703499377582,0.004258080932784691,0.14635354269520978,0.023653016307941616,0.017474837156970912,0.002124348726500297,0.0018066266737956527,0.0010442523772552382
264,SomMot,-0.015517473950386645,0.0852393099325079,0.013335531062463853,0.005195030238707399,0.0041689660124026315,0.003626596455333986,0.0017946668110942875,0.001568433783373413,0.004452402940129156,0.08742808864891652,0.00810547457335388,0.004898000944080061,0.0020327140109045296,0.0025904957765262803,0.0010337149152410093
265,SomMot,-0.014821241609770577,0.1270883497778386,0.022967247326808507,-0.0016797377289764937,0.003608848459511031,0.003296059896282344,0.0015876318848111301,-0.0049757976252588374,0.0040567035993873,0.11764938767316675,0.022032750410790326,0.007881704430464587,0.0050852975541867355,0.0022925805470461968,0.0009531286749187878
266,SomMot,-0.013471516277199206,0.09044730506866872,0.00818487972279321,0.023137845836492255,0.004594036753154354,0.004712240860444128,0.002849487574962218,0.018425604976048126,0.007266654205418949,0.0968046215666111,0.005164763207534832,0.017932034682418507,0.003924912366850713,0.0028627609972917247,0.0015412745189678704
267,SomMot,-0.01242803211166684,0.11042260092777609,0.028494859243815854,0.0010116928937839108,0.009890045842326688,0.0031627790132844557,0.0008454012334475599,-0.002151086119500545,0.009251480079271129,0.1064252331101863,0.024419450752712707,0.006916083721040467,0.003322513010944723,0.004004669392442395,0.0004510712536710433
268,SomMot,-0.01224505057017045,0.07894176407101139,0.019894665581966578,0.023630215627345665,0.0031070042269743573,0.004257870539360798,0.0037403347738055996,0.019372345087984865,0.005246636023525274,0.08342416477153718,0.01828856553015178,0.016426148855087842,0.0018275209335011607,0.002832758288330739,0.0020315846440483788
269,SomMot,-0.013656264724309627,0.14231568732139305,0.008037484158559876,0.000304632157512863,0.002598768603237579,0.002811392479160535,0.0016615606911317183,-0.002506760321647672,0.0038018731069996785,0.1342473599412751,0.011047814679329,0.00884374665669876,0.0014921711129554452,0.002671717302001775,0.0011779381852301657
270,SomMot,-0.013647330922651638,0.10334625584011348,0.017083788528527537,0.018915998978892845,0.008451251603413206,0.004863964043304803,0.003539555745497213,0.014052034935588043,0.0073807438233249355,0.10376083764152814,0.01430233490158934,0.016841718538545193,0.005828342410539374,0.003362072050273235,0.002591643053796462
271,DorsAttn,-0.013716991669232266,0.1277646949768652,0.020671111859492625,-0.00022147957764375725,0.002652016969098691,0.0032403980230282458,0.0020287638095269553,-0.003461877600672003,0.004008377785907791,0.11800717095380708,0.01861638210425875,0.007530984964668886,0.003227626089850952,0.0025243165563691105,0.0005545550548763204
272,DorsAttn,-0.011833871204147316,0.15906650119669136,0.012408776339202015,0.002042435994446312,0.004200686428458599,0.0056641884867968395,0.0029830320790360802,-0.0036217524923505273,0.002787659339687793,0.1502523294987103,0.00892789738170949,0.014221261928712625,0.0024595462852589024,0.004675303536278608,0.0011810229805208322
273,DorsAttn,-0.01287486707783443,0.05498503198709095,0.014924268672033425,0.022587636292524714,0.006188729551732598,0.0057946808698808635,0.003628657119774443,0.016792955422643852,0.004228918895082745,0.05475289475162357,0.015042366044966074,0.0165862195652821,0.006022448854877394,0.004155192647363281,0.0030874061087037006
274,DorsAttn,-0.012078859213870963,0.1495865239452208,0.013997699146208284,0.02491379213245488,0.008007344199252897,0.004577213042236572,0.0019842077244716,0.02033657909021831,0.006558008066204168,0.13535577157324546,0.008757281007652024,0.03424437478918545,0.008327193778383216,0.0030146709410444616,0.0014620400715533023
275,DorsAttn,-0.012320325129543083,0.11613099352882476,0.02049382114025676,0.02162369883081139,0.004444012574316611,0.005218401372228421,0.00288737083088381,0.01640529745858297,0.0053155423451411955,0.11854544795504182,0.01935934386154471,0.023111736206190225,0.0036050990953098378,0.0024338497001652913,0.0016020537728978989
276,DorsAttn,-0.012313552799767128,0.104261067722304,0.02504757822160351,0.0233428196524579,0.00454038272411513,0.0067237768350937085,0.005153632388177181,0.016619042817364194,0.003922048638121289,0.11057626252767874,0.021522751504323142,0.02012914173559781,0.003293901594197095,0.003090002412336923,0.0024304094906383474
277,DorsAttn,-0.012316815746320302,0.12704979368363575,0.021191502899408153,0.01858692746599875,0.004948812903663027,0.005669020470910069,0.0025830676899062655,0.01291790699508868,0.005168909619272454,0.13034093806611252,0.021256239446991145,0.018967068730273096,0.0031471041204737325,0.0025922409537457057,0.0019493405328727133
278,DorsAttn,-0.012569394161565842,0.11061191238912697,0.014975451752796234,0.011998665185209001,0.0031615098523110844,0.005600213017470046,0.0019860652484491714,0.006398452167738955,0.003730523924827445,0.10836926060160901,0.01245091782471179,0.014477759509464772,0.0030286847533826816,0.0028968946264886553,0.0013045621737972112
279,DorsAttn,-0.008269794149059014,0.13176492334912393,0.020120744336708542,-0.006006680711718326,0.002158137732522364,0.0035310726467296496,0.0019666840620020066,-0.009537753358447976,0.0024792090802525425,0.11982325503246567,0.018528434078309,0.005219279400596477,0.0011112129445903266,0.0033577372116153636,0.0011029518419660466
280,DorsAttn,-0.012533999036085467,0.1316623089237582,0.01482393134925017,-0.0020941606653476887,0.002112275366884738,0.004145803033238127,0.0021582929428635646,-0.006239963698585815,0.000904427889986103,0.12606131562689124,0.016759156361566937,0.008403307629427115,0.0016028275428816958,0.003206381153199778,0.0009757613803816294
281,DorsAttn,-0.009313207413766905,0.10131905603593724,0.02560756670018587,0.008065774399848036,0.0029433975354934746,0.003387833914687377,0.0014843743411878827,0.004677940485160658,0.0030177172335167698,0.10355975224598443,0.025034155788479544,0.009383837975658694,0.003167946994737923,0.003084617316869531,0.0007005491546066894
282,DorsAttn,-0.013488007023065518,0.05614839153474138,0.019350438947436335,0.01261789829384401,0.0067659310747816455,0.005604891535110301,0.004421130373022414,0.007013006758733708,0.006184264988767263,0.052947842808266234,0.01830096241634078,0.010413390459507732,0.006344778163269369,0.004931195383466491,0.003374857160633814
283,DorsAttn,-0.012423970379888905,0.12716100017669318,0.024283907090383,0.013016957363047177,0.0032124978297697793,0.006105040266910278,0.004042147649852362,0.006911917096136899,0.004038591315841125,0.1282467513324064,0.025306020953981982,0.016274989354494607,0.0019612881022487354,0.004111929199388608,0.0016196451423231232
284,DorsAttn,-0.010419931750061747,0.13149401934531274,0.01122168394696741,0.004824947816161296,0.002275043297498174,0.003926632917893658,0.002564130849997949,0.0008983148982676381,0.0023150638967714982,0.1252437668417283,0.008939656229441787,0.011809088893158015,0.0020905426877529045,0.004811419933587069,0.0011983619637323108
285,DorsAttn,-0.009793843634580919,0.07851270790439915,0.0171768478689919,0.010511490002281576,0.0024892274684287096,0.005386030863018099,0.0025445371400942113,0.005125459139263477,0.0026788183188030316,0.07186080139190339,0.01641438996872504,0.012866673056441647,0.003361689862426708,0.005150992746435823,0.0018889735683111075
286,DorsAttn,-0.011018942063677548,0.09207704496549204,0.024391904635594996,0.016980982181679916,0.002983698791953502,0.0027333142494522012,0.0016403961135467151,0.014247667932227714,0.002954115201554098,0.07826225538883709,0.020690540529187913,0.022517864703596225,0.001329263987938486,0.002063979178656794,0.001230831027026172
287,DorsAttn,-0.012115187927384283,0.08522886674406178,0.014516187592216782,0.022288867788394874,0.006232223214665395,0.0029722734197959342,0.0009322970611883004,0.01931659436859894,0.006499717042382122,0.08586651255945958,0.012148673026184772,0.022355848977156634,0.005743034868437296,0.0024137365103491957,0.0006552133407606146
288,DorsAttn,-0.009040809929994374,0.04891608248975392,0.019228679792016295,0.01812545967323618,0.006208891363718317,0.006758353435091102,0.002260703204512689,0.011367106238145075,0.004938861946513768,0.05026009872783945,0.021715843505981484,0.010537082848103795,0.0054501902225493675,0.004405674747820387,0.0010929586649213393
289,DorsAttn,0.0030880219940842488,0.017265398628378215,0.0070797852679941806,-0.00049999591436376,0.00207700297706739,-0.0001937440771937249,0.0007603503289725587,-0.0003062518371700351,0.0025249334446357592,0.0012379573577641968,0.006647803182705393,0.00048444218645424806,0.002290953487282562,0.0005976698737675701,0.00041003125462456204
290,DorsAttn,0.0014928690139403124,0.023402661134057024,0.0041003865404019065,0.003069906566171299,0.002291144306198109,0.002442835364249718,0.0017128788430424838,0.0006270712019215807,0.002801234779695803,0.00766346525468733,0.005088211604528498,0.0033794585195618954,0.0022284808051823714,0.002262662815623262,0.0011424985057311937
291,DorsAttn,-0.0018752581678318848,0.02167219972257368,0.006866435400470923,-0.0005510948801093595,0.0005173214443728022,0.0017345859906322536,0.0014660987300452843,-0.0022856808707416134,0.0016396997551686638,0.005314350587940875,0.0033162957564352264,0.0007562515982483476,0.0014582890273677977,0.001588987568679112,0.0010184214731995033
292,DorsAttn,-0.0038830859620366228,0.0824184024656506,0.025336520328197224,0.007993072305320315,0.002547096634809027,0.004675636886574175,0.0017915906882265185,0.00331743541874614,0.003536807000610567,0.06240817546332702,0.023700015591021507,0.01495825861485347,0.004025984194220376,0.0037734883363351513,0.0015244438486638663
293,DorsAttn,0.004884684280392972,0.036193686346679764,0.011693156657052771,0.001709205935424185,0.004057419570729326,0.0019109870398104968,0.0007318342770018343,-0.00020178110438631158,0.003778162920745324,0.02282844842291685,0.011219800879719794,0.0022311000870288257,0.0036656423777454593,0.0020640223959610183,0.0008562540543127166
294,SalVentAttn,-0.00026926016877461425,0.01559516094302773,0.003092062217092374,0.006669684387387176,0.003906741761491174,0.004847717796988604,0.0013495995316158752,0.0018219665903985716,0.003550008716027569,0.00596993997227524,0.004574298895556249,0.0035414987388019403,0.0032675953510626736,0.0033118964956492247,0.001104636434116094
295,SalVentAttn,-0.009290267412336376,0.030727956282393776,0.0111451830914723,0.027867021156392835,0.004475359241355998,0.0021304761817214635,0.0015298713954709233,0.02573654497467137,0.0033473162610828024,0.042273341245633575,0.012672018792115202,0.013893992864914018,0.0018212391972485793,0.0013032717725327326,0.0006483829465494733
296,SalVentAttn,-0.0018388650190362657,0.016773743324557833,0.0038383064297502724,0.009432674996647284,0.0036517925800942787,0.006103744860523652,0.002485353378866726,0.0033289301361236314,0.001905913232010252,0.006176422433076856,0.0037876345851928176,0.005674495783218792,0.003151607435672804,0.0037834531507335402,0.001354334044829453
297,SalVentAttn,-0.0035388832556644827,0.03628559830972387,0.0052912243051489866,0.0054266444716798866,0.005253736535733859,0.006556827039789192,0.002790055817341699,-0.0011301825681093059,0.0029939065975609523,0.02991862479466505,0.005577644782519155,0.0029135428318914024,0.003766528720514519,0.004113318316541692,0.0017653739826696071
298,SalVentAttn,-0.007461700811413165,0.054053596836400694,0.015083166223649259,0.002860561316034893,0.001297859053637856,0.004170143795778269,0.0016114034251511037,-0.0013095824797433764,0.0025149771438473666,0.048506230577507824,0.015215520816793726,0.0034785378673434673,0.0009581459079303847,0.003134381293089028,0.0008590010802418315
299,SalVentAttn,-0.0014553655731434623,0.006837893004908224,0.0017421803518997757,0.010758256560873924,0.005579122194094385,0.0020714316789267606,0.0019590987231536865,0.008686824881947164,0.003983194506587975,0.0010785206902592659,0.004287222337918662,0.003877816979204152,0.003843610959278327,0.0010750992299179308,0.0012071717490337208
300,SalVentAttn,-0.00916158148969606,0.18269411976364391,0.031153479715886383,-0.006580323811705635,0.004538912213915941,0.0054785542022231844,0.0004990120752714237,-0.01205887801392882,0.004613741858981314,0.16805676637892503,0.03238396143759905,0.00984399676433465,0.002822248702850963,0.005916787632524523,0.0010400085666044734
301,SalVentAttn,-0.005104307971858796,0.039469225651598716,0.007536600028286865,0.010460495804462778,0.004273351523644416,0.007015008358408803,0.0037461050281574764,0.0034454874460539743,0.001769572723634563,0.04588271226552676,0.008278131616927876,0.005546470932462522,0.0033301207116993256,0.004210200511938056,0.0021084367816358754
302,SalVentAttn,-0.0007141961028546472,0.0266380419136363,0.008123813769293347,0.01241336685223271,0.0036939575744456064,0.005797809660379039,0.0029967393095544346,0.006615557191853671,0.003950466317290449,0.02416610724429382,0.011759069397851901,0.006172227035334488,0.001859767494312931,0.0037738263482897994,0.0020573177867644747
303,SalVentAttn,-0.006510867775578555,0.03761460298365613,0.019589663674433263,0.015710393480731933,0.004131471146475678,0.005300715206458029,0.0017431465095820195,0.010409678274273904,0.0036836553343363447,0.03612048508469716,0.01996088073841492,0.012456412949378447,0.005643057579252413,0.00421422059706964,0.00156954747299289
304,SalVentAttn,-0.007463924059885401,0.034895343374825936,0.010368531889773382,0.016210538965585285,0.009848340668197468,0.003673587587168026,0.0010075057764330406,0.01253695137841726,0.009670652490217098,0.03419493623694989,0.011899207720323842,0.011683631907133929,0.008051765815934288,0.0037718421705980275,0.0006298822779823666
305,SalVentAttn,-0.009425695376220986,0.03448844217476299,0.005852536641874856,0.020395398677103205,0.003034111126166119,0.0032675818491335164,0.0009775132785178606,0.01712781682796969,0.0031771023167169103,0.03042399460393046,0.00701765839086311,0.01593506987440114,0.003021748982410056,0.002257304736463328,0.0006644355588028332
306,SalVentAttn,0.0047570192563072865,0.040385809181532006,0.009511347324897418,0.022167167593875846,0.0055418223581028,0.005746784748451339,0.0024141818115366014,0.01642038284542451,0.005469817165866074,0.03829914744930489,0.008287306592399804,0.017134985098898436,0.004274169020270409,0.003578035355618958,0.0014911916389926418
307,SalVentAttn,0.00580787393772469,0.028207800578838694,0.007132393576282795,0.01619416428337912,0.0035639838286694293,0.007867365845999185,0.002568240561349394,0.008326798437379934,0.002432516063085969,0.0216074850872372,0.005145356216802219,0.01376676988929606,0.0022064305508091,0.005825431015808125,0.0018651887348616657
308,SalVentAttn,0.00321674361540997,0.016579463239223168,0.003385045185049038,0.007098234570326478,0.0038972948016545196,0.0017194440513154552,0.001137479963987112,0.005378790519011023,0.002866854584687102,0.007046984931754286,0.0039518944897425756,0.005819929218667452,0.003406419680023754,0.0019430175202003407,0.0008358902831334098
309,SalVentAttn,0.0036189559633646863,0.002764175713316952,0.0037032088899522347,0.00024488216150539974,0.0014691480853967426,0.002721636680621731,0.0018071550353932948,-0.002476754519116331,0.0017396374350975997,-0.005150850676445784,0.003762381613440814,-0.002012154643782016,0.0026884512398270164,0.0027736515100793557,0.0017001140889614692
310,SalVentAttn,0.0018942972508952031,0.00450066313347004,0.00324036687504991,0.012728431957835195,0.0043566432105461095,0.010623842309433784,0.00516294487051131,0.0021045896484014116,0.0027252894776800068,0.001561839998866743,0.0036218155366843858,0.0064513219054688434,0.004459676591198057,0.007368538807198588,0.003621325763038525
311,SalVentAttn,0.0058785133410654165,0.03319999054399998,0.010272754726382297,0.019684915072718013,0.007272058171594123,0.005170999623862827,0.0019332921765165116,0.014513915448855186,0.006052499424982866,0.0334803488343395,0.013664366727517313,0.01191548617416165,0.004742669015635501,0.003655263654514562,0.0013461472730167843
312,SalVentAttn,0.004967484118260624,0.01928807793040941,0.011243131218597976,0.008093120129679799,0.0028238922046886035,0.0032112044876430046,0.0008386704419112974,0.004881915642036794,0.0029224687944739984,0.011263550793651645,0.011900593409733875,0.0038783332751225474,0.0026986617759050028,0.0024861015769295893,0.0005627223513214454
313,SalVentAttn,0.006681381774409074,0.008293931079921935,0.0029700126420317166,0.001519866210780796,0.004164477558334844,0.003486394228555523,0.0011812297478174553,-0.001966528017774727,0.003297323782733021,-0.004722235851259948,0.003803093251856729,8.210073833003761e-07,0.0033766795052346268,0.0025806071176477595,0.0007497203778699916
314,SalVentAttn,0.0058665534724077345,0.024898037119663697,0.009169599139955163,0.009954753562489782,0.006699196438205486,0.004017378362641,0.001570146796567678,0.005937375199848782,0.006189097373572432,0.013949056025858808,0.012945137252778106,0.007711113623206134,0.006154661607341966,0.003934429129208006,0.0014238770195481323
315,SalVentAttn,0.0071506116635651545,0.007265134881702484,0.0034939545422051597,0.003781959110310695,0.0030593787829136378,0.006923749963132187,0.0034669519185085125,-0.003141790852821491,0.0012664692473204234,-0.007443505194799305,0.004299862003158085,0.0013245753181293952,0.0025400811961121946,0.0051159395441274565,0.0021601296271686896
316,SalVentAttn,0.005604980833180816,0.013849307710722746,0.004265262622678959,0.011492693183386193,0.006782863747244749,0.007366060498348315,0.002522444264934729,0.004126632685037879,0.004433552548911852,0.00390901247776263,0.006769107994962766,0.00783886789674777,0.006121194626029945,0.005251197977725286,0.002154385673723381
317,SalVentAttn,0.0064422290826006935,0.010484596140067248,0.004890929702440295,0.007744531777447716,0.005573189242462558,0.00666879120759809,0.002382200339752118,0.0010757405698496258,0.0037705639571026153,-0.0015440009808236565,0.0034151391439286817,0.0034954472839208604,0.004851641147283569,0.005654627998421114,0.001673085555242969
318,SalVentAttn,0.006451531661157611,0.014037883794959715,0.008053727895628391,0.012420805534917667,0.006008645682388681,0.00577963522764231,0.0024644796188294836,0.006641170307275357,0.004513052012923692,0.006473028799627278,0.010965547646277926,0.006941291225217472,0.004963507278565792,0.004409468994662036,0.0022414088846029073
319,Limbic,-0.012150632491106327,0.008855257492949287,0.00284918782727753,0.00011536722779099673,0.004464846441060469,0.0019795936846096042,0.002239808422149846,-0.0018642264568186073,0.0026936025154476956,-0.008990998876285383,0.0030914953093388485,-0.0002626136048244021,0.0038970896954595813,0.0019524024649533844,0.001874475870821436
320,Limbic,-0.002074112882273393,0.0010167210158907424,0.0012788213073193712,0.003849350214753189,0.0029492268142988797,0.003899870762324542,0.002336092169623663,-5.052054757135327e-05,0.001415438604205939,-0.013361139542813238,0.004678122100159158,0.0012270327691096261,0.002818842868160463,0.002771981677509916,0.0015094715506157293
321,Limbic,0.000382591261576901,0.015012537009805316,0.003839950253122485,-0.0007498287484275501,0.0022044693137078654,0.0020974164229225377,0.002483677199903045,-0.0028472451713500877,0.001236913279444033,-0.0015751928742071763,0.0034257989251337234,-0.0014273013351627118,0.0018581419935721427,0.0022661185005245386,0.0017139962281417613
322,Limbic,-0.014562783271443787,0.014700922520784055,0.003815331777874101,0.0067795881521407475,0.0023196977654459305,0.0021387593013248553,0.0029819998321476645,0.004640828850815892,0.0012425696259283085,0.007428015430404278,0.008323044150686928,0.0024224046587991268,0.0024188542148255382,0.0021517540473314336,0.0020907424017969
323,Limbic,-0.0009732496295553698,0.00772781793652777,0.002776761240169577,0.0019779211513343943,0.0021892336733585972,0.002828310332379269,0.0019152210658871776,-0.000850389181044875,0.001925689469423962,-0.011580845042594223,0.002099880821535506,0.0015288387063277843,0.001439128427287325,0.003284102653787979,0.0015361559161826922
324,Limbic,-0.008054473834760005,0.014650578322676822,0.004832587081720139,0.0037912212987263327,0.0061891422362136675,0.006017763019619826,0.004730507065228618,-0.0022265417208934936,0.0024836724574733354,-0.0008769339046130531,0.005844610198223701,0.0015618163398967155,0.003922364559325673,0.0046523184459571045,0.0029687870827920316
325,Limbic,0.0012095715273751106,0.05393873514269176,0.010996217232802764,0.016300129680551723,0.005114118321916792,0.0095074230208537,0.0046020481282669405,0.006792706659698023,0.0029267882448720606,0.04704140205184411,0.015302388468496657,0.012867809491837546,0.004936031808733636,0.007380155576124347,0.0033762317257438924
326,Limbic,-0.009551765784133592,0.06683630801560989,0.012781297580128564,0.02009288093844199,0.005878639855481148,0.007061304899105303,0.003830766363234666,0.01303157603933669,0.0054094028558903245,0.07081281067417536,0.013251366123026147,0.014599458266851339,0.003947814039163621,0.0042503731341911434,0.0023064451560554787
327,Limbic,-0.0008307046059215313,0.04769324121916396,0.01742175218746422,0.020643756878756036,0.009567957961852926,0.00710767097074072,0.0044137347277670115,0.013536085908015315,0.005590663351231596,0.05852829717774701,0.022619641300654605,0.011653658474039163,0.005335298053623757,0.004142469923898884,0.002741393896205294
328,Limbic,-0.011153907554251805,0.06088310600670728,0.017185828920086663,0.02751253363947881,0.0029467626665106088,0.00453573169094017,0.0034211480845095918,0.022976801948538638,0.004159707749247394,0.07501164730423955,0.016940661340807732,0.016113736708042413,0.002811389615330217,0.0029459330186170306,0.0022014749269154165
329,Limbic,-0.008167645503826494,0.09893355323375386,0.02560358434536169,0.009419864530696164,0.0046489673024256465,0.008018853102761426,0.0022720190638709915,0.0014010114279347397,0.0038671015584877226,0.09147731295269719,0.024895512054751434,0.013756571658108063,0.006296739611074866,0.006687311146520969,0.0015408055260298314
330,Limbic,-0.008549315129397132,0.020801825737206524,0.01189575189083741,0.018124349467007694,0.007195762453913611,0.004763212261609651,0.0038607768750191264,0.013361137205398044,0.005863052158166151,0.027122976632235462,0.01102565880592687,0.008664058072239088,0.004309228076324838,0.0023329513751925825,0.002320083371599619
331,Limbic,-0.0034595112535269375,0.022321408022967847,0.00818841969911318,0.015122462121592206,0.006305676363126571,0.003950337622899691,0.0020808921240809877,0.011172124498692515,0.00569193019648796,0.021263651730802226,0.006954207122138285,0.007052057545356161,0.00460531206702781,0.0022873121742462478,0.0015883146519026043
332,Cont,0.0020733164177598458,0.01607902454311192,0.007681796436002226,0.010533466990636554,0.0043134228655534144,0.0024157587440160498,0.0025216636369004525,0.008117708246620503,0.002240891002661663,0.013575185778105302,0.011273427900645033,0.002819770600528404,0.003454544475943102,0.00168188038782906,0.0015238180828674127
333,Cont,-0.013315436279344823,0.05596225389061234,0.022816066233182775,0.03880727233339047,0.011208076871793914,0.004562919861055348,0.0007763210867478327,0.03424435247233513,0.010521947951797804,0.0676437375866932,0.019823457569624604,0.025819964232265867,0.0061126150276825195,0.0032526602801393524,0.0005797044386947347
334,Cont,-0.0037640297341645385,0.05614069487553375,0.020589582819930473,0.018908271407920597,0.006827821059978456,0.010048672544441795,0.004421529521567885,0.008859598863478802,0.003935047855666005,0.060248474727336146,0.02212085018111147,0.012064100419802349,0.004026533842760222,0.006206553616962896,0.002501541895355347
335,Cont,-0.002657259377882135,0.03160647787580968,0.006977273721405017,0.009147003115443808,0.0035210554924947663,0.0027724946407350127,0.0024570593940876012,0.006374508474708796,0.0045443803598123386,0.024313123458522788,0.012599649265190502,0.0046676216462681495,0.0022728922743173864,0.0024827987034631294,0.0018618816672882456
336,Cont,0.005442676868581611,0.02764885390537015,0.004080809976186965,0.014513860852209048,0.00816932211042553,0.013582082980876264,0.004530574859850912,0.000931777871332784,0.0046349119361913955,0.022610338822115696,0.004954596681175578,0.009098486521737992,0.0066674150273376,0.009139998607324151,0.0029357935424995543
337,Cont,0.004488944814720805,0.032498569010389146,0.009417902539736128,0.012027269644410166,0.007739369713058014,0.008290919125504592,0.0059089562544902404,0.0037363505189055733,0.002584895554708471,0.02824170726904287,0.01082623547236032,0.008142124626751235,0.00646002685199845,0.006260419588006272,0.004136510215164484
338,Cont,0.001127611073915245,0.03640161972245337,0.006578412370525509,0.021881508524206738,0.00410875624619748,0.008252541682043434,0.0042051014392365535,0.013628966842163304,0.004316972825686412,0.04293606529713125,0.007982112909637322,0.01329899990825425,0.00396699635610391,0.005399097495796634,0.0019280218305633636
339,Cont,0.004952709736229248,0.02859795532059608,0.0074392631386994545,0.02318913191916332,0.0064849614495541535,0.013747155655568211,0.00491083138292734,0.009441976263595109,0.005386697086156035,0.0349896970790361,0.01257701289661628,0.014014908346914389,0.005471702105751788,0.008578199897864503,0.0033519687429257455
340,Cont,4.986739663444575e-05,0.034495714245193064,0.008278616491503547,0.0243970528576948,0.0056725713997029265,0.011412175148410374,0.003729341626836082,0.012984877709284425,0.005234789706597023,0.0394729800427728,0.013536502847967561,0.013579763824046798,0.0037289426561098833,0.007033408233728044,0.00170843633468097
341,Cont,0.0020263559160658006,0.041094556088050196,0.011713878374322684,0.0170962021445596,0.005789160262871964,0.006896513127430714,0.004101509058552585,0.010199689017128888,0.004932789984683762,0.04551505690996318,0.017755606792460892,0.009949469310177372,0.004421052553557371,0.0051180650820532355,0.0027662415362318285
342,Cont,0.005015407073712706,0.01624012293736756,0.006389070717261086,0.013708414951077729,0.005980480019237893,0.003664516075020341,0.0018890622908731127,0.010043898876057389,0.004440858908711848,0.01398823944913965,0.010484598122190115,0.007682573779206692,0.003653302744063791,0.002339153872973632,0.0011730612005203883
343,Cont,0.004775307168339434,0.01624676751663261,0.003844608611668828,0.012421842264113424,0.005476280550759689,0.009563070791927485,0.003895150328765684,0.002858771472185939,0.004240522206694523,0.011498811708998292,0.007707591964120715,0.005478355527898304,0.004755047884405682,0.005677038351645192,0.0022991820841287143
344,Cont,-0.0019373380082430471,0.026252932811103014,0.015270759205556435,0.013897798155165453,0.0064103792100226615,0.008398307771408686,0.003260166779646675,0.005499490383756767,0.0039045102255427107,0.022320587149198667,0.015279005727621232,0.007615447018162258,0.006520677699098707,0.006006039679904674,0.0026480141975437437
345,Cont,0.0008241336636877316,0.04087690247987794,0.007081945321904799,0.0106544916786391,0.0066735616253441295,0.007071044661067627,0.00411505580364844,0.003583447017571473,0.004065910801340921,0.03695042583014707,0.010955486228945748,0.006511360860132975,0.004459965466373654,0.004729275744805417,0.0024976445891608224
346,Cont,0.0032389855014344307,0.03406474549749476,0.021876452053328596,0.006954090360789267,0.003291779911329247,0.006059208333481258,0.002510144525196211,0.0008948820273080082,0.0033805865258752974,0.02399149270926282,0.024321601916726894,0.005504811292851408,0.0041886003382192415,0.004315419673170196,0.0013126238538781012
347,Cont,0.0054679316885442725,0.021643159261869903,0.005694914933737159,0.014969896858398113,0.00708527647781296,0.0112859061443072,0.005022550573725355,0.003683990714090912,0.0033372540227420045,0.015297488224741019,0.006157424511544906,0.010181481506198641,0.005731740770453516,0.007352164165997333,0.0032573785909678914
348,Cont,0.0037806190617592187,0.021351469110236797,0.005448877035654899,0.0165736217932567,0.00742832676448473,0.007801154766824347,0.001913034753739179,0.008772467026432352,0.006242288536719222,0.016580080043744717,0.008405547534235768,0.011045488374986956,0.006199308992426959,0.004726108316428524,0.0016140788091537361
349,Cont,0.0054742463776510115,0.027992850154683578,0.006460963189800317,0.01734401151560665,0.0077095095179117714,0.0060391492812505556,0.0024177016742211355,0.011304862234356094,0.005738426501969697,0.022611262031301548,0.004544056543911521,0.012532447480490183,0.00742398877975389,0.004397596163411799,0.0016623783468187815
350,Cont,0.0017268116225391315,0.01970619127405786,0.009337323049666231,0.009175972459618964,0.005678059751796599,0.009073605038424715,0.004180709525995501,0.00010236742119424935,0.0028798209361939795,0.017319406186346597,0.01440196049676846,0.002769952356408645,0.00506230056876502,0.005613049130250314,0.0029574244233251815
351,Cont,0.00452225190730613,0.050338113856236474,0.010165239552711976,0.023431022098855482,0.015105021539336702,0.003331188126702922,0.0030682916256811253,0.020099833972152557,0.014346535959949627,0.05859245273687212,0.013801090072006196,0.01212849237338356,0.007209830947873242,0.002399419124361568,0.0014733589042265635
352,Cont,0.005629156956195736,0.035507401170090214,0.017294438040516422,0.027515463296437524,0.00888270989980456,0.0042589861959223315,0.0029734735916836096,0.023256477100515194,0.009179123115080522,0.05118019395542921,0.017893839437002672,0.013471707934738198,0.003995430531843216,0.003405942682965235,0.0013671090414476429
353,Cont,0.005981924733538489,0.04322459133079779,0.011488119837810302,0.03187299533809855,0.004398979844389387,0.007281126256257475,0.0031177926870603967,0.024591869081841078,0.005756097646634976,0.0515387983449616,0.017778740942635162,0.024177222990946844,0.003998976189071879,0.005023214036768397,0.002457245913467701
354,Cont,0.0013746462784863034,0.05450247614189692,0.011890485994121338,0.006141470207457256,0.004443947595859955,0.002389594270583917,0.002308912603857793,0.003751875936873339,0.003499428453199021,0.047689936319954905,0.010443922242585328,0.006712793885473012,0.004350262796905993,0.002022133405791715,0.0012435506146201431
355,Cont,0.0026547639143042665,0.035736752470417146,0.006304089810510633,0.020713863700113255,0.00928127939941935,0.004134100282374797,0.0019683335979171846,0.01657976341773846,0.007537161964844216,0.038993534879741665,0.005933149545801962,0.012850377982403249,0.006379431284042422,0.002799092485658972,0.0012368093048080425
356,Cont,0.006365214458663297,0.017172731416234634,0.005595713909571401,0.015482851124695562,0.005039395538851402,0.001818957354898698,0.0006617188984496033,0.013663893769796865,0.004902567689722768,0.004331213036797621,0.0076184572859701,0.010175570954118206,0.004048878045374582,0.0019520424787089707,0.0006708092278341941
357,Cont,0.006010930762534888,0.02961557555133465,0.010007101596934874,0.018764740438735505,0.005971437702355401,0.001283299855307596,0.0018121818190955836,0.01748144058342791,0.005970483814047501,0.025140767850805566,0.012199792120000873,0.010777518332384762,0.004148934352898205,0.001562702313171882,0.000894795840886296
358,Cont,0.005331294119184102,0.036963230940070854,0.010093275773765224,0.01617815664502096,0.006004176521933342,0.01101814643155059,0.0038270312416363622,0.005160010213470368,0.002612434974914027,0.026873263293165216,0.008639458107023537,0.013042757740971678,0.004420426756093517,0.007630489554047504,0.0025441914493880154
359,Cont,0.005033234905089991,0.04173454921476503,0.01728050054748501,0.021084178954135523,0.009119324823397498,0.010952497892520263,0.005212404749990615,0.010131681061615262,0.0051418928347776996,0.04075674469535131,0.019570685086968367,0.016040476773362754,0.006273256963348123,0.007826424384827325,0.003722027792261305
360,Cont,0.005970722459257997,0.04669633384009468,0.0063636467790664395,0.029590287491821198,0.0061461746152543855,0.014059075454125592,0.004798541895696282,0.015531212037695608,0.003475842492520846,0.04663678719997995,0.013168895748416355,0.02250777858722628,0.004308508481220855,0.010446567861261524,0.0035644314688214273
361,Cont,0.00545921413973278,0.020452036894546843,0.003758591661695225,0.021702692654115528,0.009312326486598398,0.00969083442050107,0.005568585217490018,0.012011858233614458,0.004184004257954836,0.016876219434541585,0.007951718993041021,0.014571528917369658,0.006399620398297855,0.006714550662082375,0.003483555814465938
362,Default,0.003817224273004795,0.039344210894760104,0.003652638048953002,0.01892711744506246,0.007030026043036294,0.012186749869523039,0.006231866062195685,0.006740367575539419,0.003961153290444921,0.03270676488021149,0.006510520021293508,0.013369201017779253,0.004361621620168019,0.008119275044050567,0.003982800685219829
363,Default,0.005867905573524181,0.061487606374122164,0.014812368674548604,0.036991484820841955,0.00840101304137418,0.005654160393349983,0.003077784279973594,0.03133732442749197,0.0074988457930655495,0.06063796699685742,0.01760970461505693,0.029331328739995645,0.007046238090556286,0.00553384423751162,0.003188982707275511
364,Default,0.006203672284993995,0.04663389255416075,0.009745251802278419,0.047504596248718875,0.011714650537955895,0.010398898636032628,0.004553702326561809,0.03710569761268625,0.010683497258636165,0.052784667982197234,0.01808654165958865,0.03520665238488485,0.008459346540959405,0.00821398840638834,0.003963413329771969
365,Default,0.005916587399994107,0.03312621149171191,0.005611927122171599,0.02948663370846145,0.003974841771337688,0.01109466597689852,0.0049210349393227605,0.01839196773156293,0.0018431273127398463,0.02947239376914157,0.0071840672449244,0.021150884228698662,0.004455210152783132,0.009161328536987857,0.004232784440942543
366,Default,0.00585180168268643,0.02867992660983012,0.0023161664645953233,0.02192633049576944,0.00423614541097,0.005304469731796812,0.0019963059659218276,0.01662186076397263,0.0034804891002942055,0.021795666446565963,0.003003727543815083,0.015536802461640974,0.003892793082178648,0.00449152303046223,0.0017724923193787431
367,Default,0.005256852556366068,0.04839640095880378,0.0119375440921059,0.027921712521638574,0.004409599185449064,0.00581406097432835,0.00231258616702945,0.022107651547310224,0.004280829401352591,0.043453818930080934,0.014323194089925228,0.022720246462571737,0.0032001226134449907,0.004590361284997635,0.001616170331417144
368,Default,0.006278475557542994,0.039558264602553114,0.01288843046303592,0.033131994621820794,0.006347317351945829,0.009404717812227004,0.0033978509847758004,0.02372727680959379,0.00460479493701239,0.03326962938852067,0.011099283986454407,0.023643784933310874,0.00492493868218726,0.008371573007583687,0.002412816175416623
369,Default,0.006485065713992191,0.020899576872418724,0.006368657011585188,0.030237499358062435,0.008415395802709101,0.015179771014954314,0.0037028660151428644,0.015057728343108123,0.00748523640819895,0.019982431535007672,0.010989934186244063,0.02087935219280308,0.006013506089445352,0.009843639692667727,0.0023854780450560716
370,Default,0.006068378232951695,0.0247904155470684,0.009146139278414643,0.026429559874903343,0.007625850044254793,0.009438735746445603,0.003920459249837121,0.01699082412845774,0.007062286221595833,0.02444122274938747,0.012129255600213718,0.01550937316918961,0.0046873761233637715,0.00659086334916108,0.002904138624247153
371,Default,0.005421646115840992,0.04428543967276142,0.014056738912582353,0.025757706086061517,0.0068424459049564075,0.005470957847775737,0.003087067576728108,0.02028674823828578,0.004563229561147648,0.036067372115688376,0.009931764849012894,0.019211239439720095,0.007094254380257022,0.0043389690117527245,0.0021818600936816222
372,Default,0.005474409888559532,0.03980981328864304,0.012355325660009846,0.026046856731178614,0.00763312998573368,0.007024313856806042,0.0038196622121320573,0.01902254287437257,0.00868062908454819,0.039376852186464514,0.011545909759214382,0.02070698694647468,0.005463272127340519,0.005019689507734859,0.002939757546861297
373,Default,0.006314574070203138,0.012435711049361697,0.005530964004156222,0.00887474338352312,0.0030966701187388934,0.0018121671030321806,0.0022188762749832175,0.00706257628049094,0.0017859381188778587,-0.0015679314277587508,0.0034633260607264565,0.004308950506802356,0.003656623957957857,0.001503200894833956,0.0015364734832054086
374,Default,0.002190740300369518,0.03128517883226012,0.009431293248704259,0.00851327323382962,0.00532606526810648,0.001613350676419789,0.0010981137406392554,0.006899922557409832,0.006108325169545182,0.025667218316248186,0.01096264986949664,0.004340829458178419,0.004140429862983334,0.002258930680782334,0.0009186493116394231
375,Default,0.0009860462236173965,0.05510817246874544,0.021798905279941744,0.008813207648292654,0.004101409638416987,0.0022604944556252615,0.00130241179055427,0.006552713192667392,0.0045272090827043285,0.0508717197280832,0.022957043166997353,0.0066007904673087035,0.005086735517321547,0.002118910514484318,0.0008256596870807474
376,Default,0.0020723297879675527,0.028895042935216185,0.006357358320479661,0.0027705031265982116,0.0038198701633551753,0.004068208267282403,0.002904342947823362,-0.001297705140684191,0.0011206806105313134,0.01751860286114997,0.008676959852573362,0.00035728617689640975,0.0031710327971268054,0.002316076749726781,0.0014632353820151344
377,Default,0.0017485043833985997,0.06780593076539634,0.015133399663429744,0.019586935644416714,0.006139599247201138,0.00024103763963698733,0.0012219201362070088,0.019345898004779725,0.006055290188070171,0.05803020379580659,0.01650060031416386,0.01632983684041245,0.00511971251977173,0.0006582540876634013,0.0009759364460227324
378,Default,0.005068761275153804,0.021779889939720333,0.00893564993428484,0.011851280454026059,0.004631710856873331,0.01022618360967804,0.004016629292411933,0.0016250968443480174,0.0032155845657573416,0.014298509552951155,0.009142604369949297,0.00797376932513596,0.0049810986980328015,0.006724901085092316,0.002944493822612431
379,Default,-0.0020598542410162858,0.05067714647899901,0.011150179760200787,0.01661875188643962,0.007777207664296752,0.009592290620416933,0.006606613897186003,0.007026461266022688,0.002173611267556394,0.040597820693837904,0.01061989800456335,0.013968425670945073,0.00800593596428779,0.007990007292640943,0.004732698083069689
380,Default,0.004702855660494829,0.012193383195189877,0.002683706777249859,0.009391325371753889,0.0017668329930559457,0.009423894774682973,0.002898463321517002,-3.25694029290835e-05,0.0023146343267651764,0.0036175146830409455,0.0038612541412265423,0.004049398452942698,0.0015580457546944878,0.005951440644655826,0.0019163073745118398
381,Default,0.001062182098177963,0.02288203049089006,0.00876331159141368,0.005640846121440402,0.005633517683408332,0.0009148042906992337,0.0016199543824937015,0.004726041830741168,0.005774757684031166,0.015410727161701377,0.011022313538091941,0.003296665477336913,0.0055607930456764475,0.0009979046204117604,0.0010219155749927591
382,Default,0.0028689767609592362,0.028338787168542302,0.011078901722789464,0.003919573484965655,0.0038265650913968346,0.0005089576957132858,0.0009380874212116375,0.0034106157892523693,0.0033666841863480863,0.014299593228355745,0.012110663561357081,0.0027449137240307397,0.0032533731569318438,0.0010215978241684854,0.0007512896869376157
383,Default,0.00044148480855815036,0.03846133850344639,0.011959410616549097,0.003987744505794533,0.0043462065688937125,0.0012781762118230012,0.0009609300380145363,0.0027095682939715315,0.003916192837898481,0.028966282220544138,0.011778905207437585,0.0012008033853678323,0.005133668865574888,0.0014378153041168184,0.0004566238479977033
384,Default,-0.000637147202394793,0.033774710707081955,0.014610014760977133,0.006223549893577496,0.006651435565883989,0.002673038578391562,0.0025601278026042874,0.0035505113151859335,0.0050454802207540094,0.02516275214837562,0.01174085050616519,0.004020831962032245,0.0072046002349547495,0.0022864649428074426,0.001995707643163475
385,Default,-0.005692866247841994,0.1052047219332305,0.022062917715886202,0.009392682346781788,0.006953870414515117,0.006042516158390821,0.003279258842004211,0.0033501661883909685,0.0051587600611990156,0.10511537340792207,0.01800838599835846,0.014328214816855978,0.0030544221560068418,0.004883439491607455,0.0017606687003069543
386,Default,-0.009050865641884545,0.10477655741238667,0.017161899578692158,0.0015234964803488849,0.004180052047192022,0.0049268550819232095,0.0024167040934598358,-0.0034033586015743246,0.0021162837561389237,0.09475312438626922,0.014435448649827544,0.008746188557215696,0.002988786710570707,0.004251611978323244,0.001097600063091259
387,Default,0.0007352906439007389,0.040424809007961346,0.012754568426836569,0.004468849692475807,0.002306828279866353,0.0019276112159542168,0.0016625054852745422,0.00254123847652159,0.001356963487038515,0.041521587538731496,0.015027915428688261,0.001965480887034832,0.0025125053685403497,0.0019930771954186576,0.0014104071164154379
388,Default,0.0011145482183814992,0.06635665930750437,0.013122736159954315,0.01064173797789103,0.007741579838540105,0.0035601043697435,0.0017653655950366888,0.007081633608147531,0.0074028102709014585,0.06452901540106873,0.01053987090035227,0.007382095075684681,0.004397074796580342,0.002717798429945817,0.0012446411616237204
389,Default,-8.690794702601142e-18,0.009284803599690505,0.002693104161006163,-0.002443814962738311,0.003417140005786081,0.0005027058568653597,0.001355725294898025,-0.0029465208196036707,0.0021807586664654302,-0.008289733584744474,0.004234774082615477,-0.003065090619550892,0.0025479845049523287,0.0008400838857802517,0.0011866216457987369
390,Default,-0.011490764267901351,0.11115716314641885,0.018666543690109137,-0.0023515793501815317,0.003032300905889698,0.0033588844816189846,0.0012769668286830749,-0.005710463831800516,0.0025665964111039772,0.10645364234931945,0.019540536121401664,0.0030620093073532306,0.00403318765379503,0.003217321757548075,0.0014769201523908068
391,Default,-0.00015361658230846685,0.05581013041647811,0.013944702318230518,0.0002894342407887995,0.0015519406715786427,-0.00019845455171736416,0.0011830806769977144,0.0004878887925061637,0.0010458845197843013,0.042940063465075465,0.012532564769118114,0.0022920672767256624,0.0023271517995205404,0.00028271610629191366,0.0006962132161643682
392,Default,-0.0006717075829529945,0.09258275568484395,0.01228249775984117,0.00298383725805651,0.0015216443945489755,-0.00032248094522806524,0.00042127102512768343,0.003306318203284575,0.0017343152556694589,0.08372359160984857,0.011421277663710323,0.006896850850086356,0.002098448811655472,7.427743148344935e-05,0.00022719711393144783
393,Default,-0.0020472958155501727,0.0792125044177165,0.018406045998113702,0.0074733328116764145,0.004268026361132416,-6.117471340902903e-05,0.0006261991895955785,0.007534507525085443,0.004007779671202473,0.07379029003069144,0.019111294564485133,0.005669991870305147,0.004869634601238618,0.0002579804452384371,0.00030959507880115307
394,Default,0.004864881429683851,0.05018267835705496,0.011233759510116497,0.006241896101756783,0.0023750364262090473,0.004292902267935527,0.0013859217719277965,0.0019489938338212553,0.0020760951320847663,0.042773459828786595,0.011612653374840437,0.006488271711129379,0.0027673156303004076,0.004628702420396857,0.0013049165797391095
395,Default,-0.0010459050706524398,0.07014576187232065,0.020702448508831708,0.008475689411635345,0.005260864084193649,0.000966560884044454,0.0005966077106595462,0.0075091285275908914,0.0049458316258472815,0.06555547624023916,0.020790692626757316,0.006883938919853616,0.004269481443192989,0.0015362977084355967,0.0005058816044280102
396,Default,-0.0022509869129312024,0.07624772043744868,0.023046786540665283,0.014267604565498337,0.0038433560604748374,0.005289585932588392,0.0027007776571921016,0.008978018632909946,0.005673523323956453,0.07834641855166964,0.02218313228573821,0.011243299459729128,0.002846428434041654,0.003048841779841527,0.0016374738216427464
397,Default,-0.004057724692558253,0.14302056590691922,0.02187865862997461,0.011736085432053022,0.003912979199837246,0.003318261269840983,0.0018196561252149992,0.00841782416221204,0.004099469281353786,0.14263892208181178,0.02496786338670726,0.015091471924574407,0.002512400920283337,0.002871498899026803,0.001564437992450632
398,Default,-0.003377260953435108,0.07452990211109153,0.017826733624300328,0.010942523401954674,0.003486316669574366,0.004373302510288201,0.002196529785010453,0.006569220891666472,0.0027788725720403473,0.07867167978628886,0.01873383321243218,0.007745000864298479,0.0031942740944914424,0.003640875630155449,0.002107482699760705
399,Default,-0.0010831028684119037,0.10763494089737649,0.02473123208547604,0.01086393113890607,0.00513262620838806,0.002533945876514965,0.0019584717962795486,0.008329985262391103,0.0042779325227625675,0.10909065470350894,0.02370209496483203,0.01369813628657952,0.004198719272597898,0.002146110279781488,0.0006985717548976622
400,Default,-0.003839807635087177,0.10501298770781162,0.026562968144400238,0.014588870264392328,0.004519124228274457,0.0032341746432935858,0.0012414965161797234,0.011354695621098743,0.005365104249372433,0.10793618028837607,0.027369733836653625,0.014661974297285173,0.004674160745515631,0.0033290060224753447,0.0009263343280176872
