# generated_by	prereg_v2/code/p0_inventory.py
# generated_at_utc	2026-09-23T07:52:28Z
# git_commit	0bc3a79becf56c7a532980dcef09f5a8a0b36427
# python	/pscratch/sd/s/sjmoon/brain-jepa-env/bin/python
# asset_registry	/pscratch/sd/s/sjmoon/EmoBrain/prereg_v2/code/_assets.py
# asset_registry_sha256	9dc8264b6c79df478c33c4232818edd478489d852a05d90810918fbb2714bb5e
asset	path	filename	size_bytes	mtime_utc	sha256
stimulus_videos	/pscratch/sd/s/sjmoon/EmoViS/data/raw/CowenEmotionVideos/0001.mp4	0001.mp4	1012552	2026-05-08T05:07:29+00:00	2862399262df9e88c2e00d34500ff68c0296eebc5e90c45008ece28882f8abef
stimulus_videos	/pscratch/sd/s/sjmoon/EmoViS/data/raw/CowenEmotionVideos/0002.mp4	0002.mp4	128502	2026-05-08T05:07:28+00:00	a52f6c1a866fff0a9397e7341bc20ebbb40ef9aef94a695f77ff26dd209effcb
stimulus_videos	/pscratch/sd/s/sjmoon/EmoViS/data/raw/CowenEmotionVideos/0003.mp4	0003.mp4	769365	2026-05-08T05:07:28+00:00	7acb1cb0f47cb18bf90ac2513dcfe38c548bc5cd94e7d2171b9e9558fdc37111
stimulus_videos	/pscratch/sd/s/sjmoon/EmoViS/data/raw/CowenEmotionVideos/0004.mp4	0004.mp4	119304	2026-05-08T05:07:27+00:00	103e5c17ffe818e5e934b81c4357b45f042f3eaa96cbf55faa2215702c1a739b
stimulus_videos	/pscratch/sd/s/sjmoon/EmoViS/data/raw/CowenEmotionVideos/0005.mp4	0005.mp4	1586061	2026-05-08T05:07:27+00:00	4dbc019e04cd63ad87b26930df6311d483a1d0d0912cf37a66b2d6ae57fa1ac0
stimulus_videos	/pscratch/sd/s/sjmoon/EmoViS/data/raw/CowenEmotionVideos/0006.mp4	0006.mp4	327780	2026-05-08T05:07:27+00:00	6923cf0d9afcec599f503dfe7805c594cbbef6c5f21a74b5522c7f897ddf61a3
stimulus_videos	/pscratch/sd/s/sjmoon/EmoViS/data/raw/CowenEmotionVideos/0007.mp4	0007.mp4	699676	2026-05-08T05:07:28+00:00	b5204629eb42af6a0619c461232deb90a107abb780d6140fc4cabd486e07eee5
stimulus_videos	/pscratch/sd/s/sjmoon/EmoViS/data/raw/CowenEmotionVideos/0008.mp4	0008.mp4	156836	2026-05-08T05:07:26+00:00	c7492dcc47b00823a8653fcadd3bef6b31a34bae915b877695a74bba4cd79169
stimulus_videos	/pscratch/sd/s/sjmoon/EmoViS/data/raw/CowenEmotionVideos/0009.mp4	0009.mp4	382422	2026-05-08T05:07:26+00:00	6c7f9892dbe1dfde8574359af2063bf7b8b0009bd4256c92586a23b28415a353
stimulus_videos	/pscratch/sd/s/sjmoon/EmoViS/data/raw/CowenEmotionVideos/0010.mp4	0010.mp4	99257	2026-05-08T05:07:27+00:00	fd9f7dcfb3ace1f8a98ccc7bb11bcaec87eb41df6bec0afdefc8242899e0a292
stimulus_videos	/pscratch/sd/s/sjmoon/EmoViS/data/raw/CowenEmotionVideos/0011.mp4	0011.mp4	107785	2026-05-08T05:07:27+00:00	57c71b41d7b115bff49eec1bd339ee011ff2b9cb1cf3434cb2974654656855e4
stimulus_videos	/pscratch/sd/s/sjmoon/EmoViS/data/raw/CowenEmotionVideos/0012.mp4	0012.mp4	2794499	2026-05-08T05:07:27+00:00	179da5baa24d5f0fa65aa584983f82dc405ac15379f50a6ba3547de923d75602
stimulus_videos	/pscratch/sd/s/sjmoon/EmoViS/data/raw/CowenEmotionVideos/0013.mp4	0013.mp4	411492	2026-05-08T05:07:28+00:00	371d9775cc84ea1838d4088e9d90518705dcb5e9756559e6bbd4021966bc3792
stimulus_videos	/pscratch/sd/s/sjmoon/EmoViS/data/raw/CowenEmotionVideos/0014.mp4	0014.mp4	1042450	2026-05-08T05:07:29+00:00	2c8a35af1e021bd23b8ab5a75bf95e7a6a4717120efae7b64443e316550c00a2
stimulus_videos	/pscratch/sd/s/sjmoon/EmoViS/data/raw/CowenEmotionVideos/0015.mp4	0015.mp4	1117508	2026-05-08T05:07:29+00:00	128f01a2f66cd5a442e34bffe050949cf49330abfd07e194689a215696c026eb
stimulus_videos	/pscratch/sd/s/sjmoon/EmoViS/data/raw/CowenEmotionVideos/0016.mp4	0016.mp4	81555	2026-05-08T05:07:28+00:00	3b0525a443d96a6666e872be365f2b816eca1a1c8d48948bf52880de43a80755
stimulus_videos	/pscratch/sd/s/sjmoon/EmoViS/data/raw/CowenEmotionVideos/0017.mp4	0017.mp4	1658453	2026-05-08T05:07:28+00:00	71027b792d38d4ffa150475daee531897dfb134930b890d6855f0b29b862b59d
stimulus_videos	/pscratch/sd/s/sjmoon/EmoViS/data/raw/CowenEmotionVideos/0018.mp4	0018.mp4	174612	2026-05-08T05:07:24+00:00	1528de091343a81fdf0d0bc0170b22d6563aab40fa64907ec9c014dac2fbcdff
stimulus_videos	/pscratch/sd/s/sjmoon/EmoViS/data/raw/CowenEmotionVideos/0019.mp4	0019.mp4	204602	2026-05-08T05:07:25+00:00	feb7681b1ea4f0356aeab15f1194ea76646e36cc61d03d9d722e1b1866b944cd
stimulus_videos	/pscratch/sd/s/sjmoon/EmoViS/data/raw/CowenEmotionVideos/0020.mp4	0020.mp4	58236	2026-05-08T05:07:26+00:00	f32ff5c8e7df5a1a0a4620a07f943a82af510509a429d12e5effc437689751b8
stimulus_videos	/pscratch/sd/s/sjmoon/EmoViS/data/raw/CowenEmotionVideos/0021.mp4	0021.mp4	247934	2026-05-08T05:07:26+00:00	d0d590aa6cf2f8e970b7496f34f49aa805ff3823b4e61ce63f33b90ee3de5a8e
stimulus_videos	/pscratch/sd/s/sjmoon/EmoViS/data/raw/CowenEmotionVideos/0022.mp4	0022.mp4	2636721	2026-05-08T05:07:26+00:00	673a1d29087e31edb1f130b2afdd853cf933e7ffcb01ffa10b0a464a2b838f89
stimulus_videos	/pscratch/sd/s/sjmoon/EmoViS/data/raw/CowenEmotionVideos/0023.mp4	0023.mp4	63367	2026-05-08T05:07:26+00:00	8d9018f25f6b63fe99d5d7fc6271ac883dbefb430bab46d070615b5d8483d881
stimulus_videos	/pscratch/sd/s/sjmoon/EmoViS/data/raw/CowenEmotionVideos/0024.mp4	0024.mp4	1286410	2026-05-08T05:07:24+00:00	65b2eb00d9789f878f098b93cbef09fd5e3f41b7639538f00a97fa8b599eb92e
stimulus_videos	/pscratch/sd/s/sjmoon/EmoViS/data/raw/CowenEmotionVideos/0025.mp4	0025.mp4	130565	2026-05-08T05:07:25+00:00	400181c291d70bf9a4a68d5aabd1ca052ec72af69bfaad854f3ac2e67af88c88
stimulus_videos	/pscratch/sd/s/sjmoon/EmoViS/data/raw/CowenEmotionVideos/0026.mp4	0026.mp4	96901	2026-05-08T05:07:25+00:00	8a4ad1a42305c489fec4a0ebd2f32c49a0d9744af8b3124832fd13a4230da90d
stimulus_videos	/pscratch/sd/s/sjmoon/EmoViS/data/raw/CowenEmotionVideos/0027.mp4	0027.mp4	2911072	2026-05-08T05:07:25+00:00	20960a0d74e09657c8392ac172a6f81f1fd0e3d9abdf8f21fb4cf316d646964d
stimulus_videos	/pscratch/sd/s/sjmoon/EmoViS/data/raw/CowenEmotionVideos/0028.mp4	0028.mp4	271747	2026-05-08T05:07:28+00:00	7d61dbe4972de3032d72c8b08cd83fb8096bf4503b5fe1de25f12dfa99f08e0f
stimulus_videos	/pscratch/sd/s/sjmoon/EmoViS/data/raw/CowenEmotionVideos/0029.mp4	0029.mp4	2179490	2026-05-08T05:07:29+00:00	19b9b5970d27910bd3ee3abb9cbfbb04774030ff334bc1df4509e182db223715
stimulus_videos	/pscratch/sd/s/sjmoon/EmoViS/data/raw/CowenEmotionVideos/0030.mp4	0030.mp4	289358	2026-05-08T05:07:24+00:00	cec3ecd43bf30e2df36f257d2c83d4711b529c1ea53cbb2bd58180a1c41ada6d
stimulus_videos	/pscratch/sd/s/sjmoon/EmoViS/data/raw/CowenEmotionVideos/0031.mp4	0031.mp4	809755	2026-05-08T05:07:25+00:00	9d5ac5ac773dbda8dad91386ac5606641e54b1dd54bc8f2ea597022efe9ff67b
stimulus_videos	/pscratch/sd/s/sjmoon/EmoViS/data/raw/CowenEmotionVideos/0032.mp4	0032.mp4	7584644	2026-05-08T05:07:25+00:00	751af474e8c6f64efcfac3d12e9d42df38ecba42e50b2d3b954a2b3a4aea9daf
stimulus_videos	/pscratch/sd/s/sjmoon/EmoViS/data/raw/CowenEmotionVideos/0033.mp4	0033.mp4	124437	2026-05-08T05:07:25+00:00	08acac6b53249c8346a638a475f72c136ad7f7ee2462edaa8d47abfc139429f5
stimulus_videos	/pscratch/sd/s/sjmoon/EmoViS/data/raw/CowenEmotionVideos/0034.mp4	0034.mp4	4316594	2026-05-08T05:07:26+00:00	df85a94f32b533839f9f05dee79e8f0fd109f3bb833e74bc5bdf372506182a51
stimulus_videos	/pscratch/sd/s/sjmoon/EmoViS/data/raw/CowenEmotionVideos/0035.mp4	0035.mp4	137745	2026-05-08T05:07:26+00:00	00c184792e0d99b3c37835a5377d93ec04c46fbf7b8c8523ce87af213e2e1f15
stimulus_videos	/pscratch/sd/s/sjmoon/EmoViS/data/raw/CowenEmotionVideos/0036.mp4	0036.mp4	83168	2026-05-08T05:07:26+00:00	fab7f736fef61489188cc670df4590baab8b48f8297e92828e72e02ecf656ca8
stimulus_videos	/pscratch/sd/s/sjmoon/EmoViS/data/raw/CowenEmotionVideos/0037.mp4	0037.mp4	105877	2026-05-08T05:07:26+00:00	70b5123ebba4355c458fda069d739aa508098b2621a5355523bf5ee02eb95338
stimulus_videos	/pscratch/sd/s/sjmoon/EmoViS/data/raw/CowenEmotionVideos/0038.mp4	0038.mp4	967533	2026-05-08T05:07:27+00:00	cf170f5b0850c5b32ee86e8bc91c23654126007d8508961959dfdcb8c2de4578
stimulus_videos	/pscratch/sd/s/sjmoon/EmoViS/data/raw/CowenEmotionVideos/0039.mp4	0039.mp4	321937	2026-05-08T05:07:27+00:00	2f5022ed24a74273db019b04a6b8269eb284de53dec0aabbc464e56a842f0287
stimulus_videos	/pscratch/sd/s/sjmoon/EmoViS/data/raw/CowenEmotionVideos/0040.mp4	0040.mp4	1012925	2026-05-08T05:07:23+00:00	ce22fb8dd49dea16b54a7e54c9266b5f20bc7067082b5a2ac707b0593ccc267d
stimulus_videos	/pscratch/sd/s/sjmoon/EmoViS/data/raw/CowenEmotionVideos/0041.mp4	0041.mp4	2131211	2026-05-08T05:07:23+00:00	5a5cdb4ee0af0e9cc78a2c419e7483e1f96f8b79b8b5583ed7ba2157e29ec899
stimulus_videos	/pscratch/sd/s/sjmoon/EmoViS/data/raw/CowenEmotionVideos/0042.mp4	0042.mp4	349947	2026-05-08T05:07:24+00:00	b276b211a34eb8ebb7c9f33cb18f65d8c850c1f2873343d18946d66f429ad112
stimulus_videos	/pscratch/sd/s/sjmoon/EmoViS/data/raw/CowenEmotionVideos/0043.mp4	0043.mp4	928004	2026-05-08T05:07:24+00:00	65f73e9111f9750c63b7d1ffd9930dca4fb86dbf799ea3aaf700baf72a337456
stimulus_videos	/pscratch/sd/s/sjmoon/EmoViS/data/raw/CowenEmotionVideos/0044.mp4	0044.mp4	143151	2026-05-08T05:07:23+00:00	bfe54b36467a692c1af612ee844c785b6a2666e9ea307a60e8be32248f6e8684
stimulus_videos	/pscratch/sd/s/sjmoon/EmoViS/data/raw/CowenEmotionVideos/0045.mp4	0045.mp4	546396	2026-05-08T05:07:23+00:00	85d191dee26cf7c5fd8516f716d34ec42afb62b277e20c1d502f08e9a72a886b
stimulus_videos	/pscratch/sd/s/sjmoon/EmoViS/data/raw/CowenEmotionVideos/0046.mp4	0046.mp4	1253239	2026-05-08T05:07:22+00:00	1eb3261aea609dfda450c0dee5c7e16abd067093c36ff903ab5014866947c53a
stimulus_videos	/pscratch/sd/s/sjmoon/EmoViS/data/raw/CowenEmotionVideos/0047.mp4	0047.mp4	1164139	2026-05-08T05:07:22+00:00	3fe631a9f35a33b0e767783c2a875364336559664ddfad61ce211cbb00481908
stimulus_videos	/pscratch/sd/s/sjmoon/EmoViS/data/raw/CowenEmotionVideos/0048.mp4	0048.mp4	192357	2026-05-08T05:07:30+00:00	621a64ecbab6dd9bdf2bb36611856b574548d127d309b53d79bdb39b9e8dd5f7
stimulus_videos	/pscratch/sd/s/sjmoon/EmoViS/data/raw/CowenEmotionVideos/0049.mp4	0049.mp4	175971	2026-05-08T05:07:30+00:00	38148c248c64b67a2d1b28f2cb55056a2112f718fadab52218a424a4affc3043
stimulus_videos	/pscratch/sd/s/sjmoon/EmoViS/data/raw/CowenEmotionVideos/0050.mp4	0050.mp4	141565	2026-05-08T05:07:23+00:00	2abd10fc7bd54d6e07cc5b3cb398a338e0bb946ebf526a85fe5dc00168154fc4
stimulus_videos	/pscratch/sd/s/sjmoon/EmoViS/data/raw/CowenEmotionVideos/0051.mp4	0051.mp4	1506184	2026-05-08T05:07:23+00:00	6580daad6c442175c39c233fd3e92cc70bcb596d621a4569c0e6044d7284514e
stimulus_videos	/pscratch/sd/s/sjmoon/EmoViS/data/raw/CowenEmotionVideos/0052.mp4	0052.mp4	542345	2026-05-08T05:07:22+00:00	701e3944923e4a5d8c561e2fda37e764bb411ba65667a25d97b08fbfa86734af
stimulus_videos	/pscratch/sd/s/sjmoon/EmoViS/data/raw/CowenEmotionVideos/0053.mp4	0053.mp4	709005	2026-05-08T05:07:22+00:00	2e75c109cc17c3f490c6baa75756b1a19068180f9acc6e8ce251bcfd42ad4a0c
stimulus_videos	/pscratch/sd/s/sjmoon/EmoViS/data/raw/CowenEmotionVideos/0054.mp4	0054.mp4	585044	2026-05-08T05:07:23+00:00	5d7e3aa4a944e37d4a0a5a50d4688d4118a8311a6e1211ed1d84e368125ac9b9
stimulus_videos	/pscratch/sd/s/sjmoon/EmoViS/data/raw/CowenEmotionVideos/0055.mp4	0055.mp4	683209	2026-05-08T05:07:23+00:00	905612a5b9f3374607d62a67f71b52837fd2183e866674b7316365c1ce360cee
stimulus_videos	/pscratch/sd/s/sjmoon/EmoViS/data/raw/CowenEmotionVideos/0056.mp4	0056.mp4	2249397	2026-05-08T05:07:24+00:00	a79fd2235fc4fb10342686327470e42752655ee085d27e53635d1ad09235e0f2
stimulus_videos	/pscratch/sd/s/sjmoon/EmoViS/data/raw/CowenEmotionVideos/0057.mp4	0057.mp4	55795	2026-05-08T05:07:24+00:00	5bb7b6e8b607429b5f7e00adc1b53fa5364b2fbe1aa761de937b9e1bac52424a
stimulus_videos	/pscratch/sd/s/sjmoon/EmoViS/data/raw/CowenEmotionVideos/0058.mp4	0058.mp4	1152337	2026-05-08T05:07:30+00:00	05f3a182c5e79b9bea2738f74e86bb7414bdb7e8bb2aa0ef3a48fde74203c4f8
stimulus_videos	/pscratch/sd/s/sjmoon/EmoViS/data/raw/CowenEmotionVideos/0059.mp4	0059.mp4	322598	2026-05-08T05:07:30+00:00	71150cb9775e8b0fd22d29bf7eb2790ef6c298cc2c363cc2f24b2753d9d9ccc3
stimulus_videos	/pscratch/sd/s/sjmoon/EmoViS/data/raw/CowenEmotionVideos/0060.mp4	0060.mp4	1047158	2026-05-08T05:07:30+00:00	b9b97a2c7d8594d7116aa35ad15704a45b1e8c6487cc6b6ae52cac3b13546d97
stimulus_videos	/pscratch/sd/s/sjmoon/EmoViS/data/raw/CowenEmotionVideos/0061.mp4	0061.mp4	112637	2026-05-08T05:07:30+00:00	0e9485e5970058e039eadd20bc954f96440843d65dcd3e9a2a930e190c5b461d
stimulus_videos	/pscratch/sd/s/sjmoon/EmoViS/data/raw/CowenEmotionVideos/0062.mp4	0062.mp4	295261	2026-05-08T05:07:31+00:00	0ac550bd018b0f16f4caf3e8092ce7abba81d71917922d7bba58cba5c514eee2
stimulus_videos	/pscratch/sd/s/sjmoon/EmoViS/data/raw/CowenEmotionVideos/0063.mp4	0063.mp4	1449509	2026-05-08T05:07:31+00:00	379296dbe99b71a7fc122be9f9981e06a8d14ea5a2e5a9475ad553f873993d5e
stimulus_videos	/pscratch/sd/s/sjmoon/EmoViS/data/raw/CowenEmotionVideos/0064.mp4	0064.mp4	203289	2026-05-08T05:07:30+00:00	ab4357783bf291dd962c28cfa6755214b7ee6625a6993e0ea92f29f735554183
stimulus_videos	/pscratch/sd/s/sjmoon/EmoViS/data/raw/CowenEmotionVideos/0065.mp4	0065.mp4	747735	2026-05-08T05:07:30+00:00	f899a9c9d7e9775bf3ead0ae45f923593b5371557b34ffa5aae2aee574c6ff14
stimulus_videos	/pscratch/sd/s/sjmoon/EmoViS/data/raw/CowenEmotionVideos/0066.mp4	0066.mp4	1476203	2026-05-08T05:07:29+00:00	a2ad569d2efb08db7d6e249a152259b7ccc6939ddca357bc4b1f0e6184a5a4e5
stimulus_videos	/pscratch/sd/s/sjmoon/EmoViS/data/raw/CowenEmotionVideos/0067.mp4	0067.mp4	2276943	2026-05-08T05:07:29+00:00	16bdb0e320f38f1f3f29e2269eec2c61d2e74c1fdc759a5476e7c9d7687378ce
stimulus_videos	/pscratch/sd/s/sjmoon/EmoViS/data/raw/CowenEmotionVideos/0068.mp4	0068.mp4	317058	2026-05-08T05:07:24+00:00	25c16af80c784c154eae44954384062a5f474c205734f0673898bab3016db3a0
stimulus_videos	/pscratch/sd/s/sjmoon/EmoViS/data/raw/CowenEmotionVideos/0069.mp4	0069.mp4	805079	2026-05-08T05:07:23+00:00	d6b2cca384a7b7c7c931e4baa8a3878261b75592c20389e4695627d294b49cce
stimulus_videos	/pscratch/sd/s/sjmoon/EmoViS/data/raw/CowenEmotionVideos/0070.mp4	0070.mp4	718568	2026-05-08T05:07:30+00:00	7a83755f4af3fa9be7f72930d20f3f628239c9d374e4586fe3d1e85787bc55a2
stimulus_videos	/pscratch/sd/s/sjmoon/EmoViS/data/raw/CowenEmotionVideos/0071.mp4	0071.mp4	233546	2026-05-08T05:07:30+00:00	9a640516a77b095740829db956d6ecea8cc9b030a4cee562b40c1ea5a45d41c0
stimulus_videos	/pscratch/sd/s/sjmoon/EmoViS/data/raw/CowenEmotionVideos/0072.mp4	0072.mp4	52468	2026-05-08T05:07:29+00:00	29cba4e2e723457fd85fb8d76dcd50552ef842ee138766aebafa527328d18cf7
stimulus_videos	/pscratch/sd/s/sjmoon/EmoViS/data/raw/CowenEmotionVideos/0073.mp4	0073.mp4	152358	2026-05-08T05:07:29+00:00	e76cd487097de4b2d3fb7092f2eeb797995ee77bb798f4d522ab663c48bc8ec0
stimulus_videos	/pscratch/sd/s/sjmoon/EmoViS/data/raw/CowenEmotionVideos/0074.mp4	0074.mp4	102723	2026-05-08T05:07:30+00:00	9360437327d23f8a22d43e9a5095b45d97326bbb7b3625ddc73108ea6dfc0139
stimulus_videos	/pscratch/sd/s/sjmoon/EmoViS/data/raw/CowenEmotionVideos/0075.mp4	0075.mp4	135848	2026-05-08T05:07:30+00:00	5fa24670e62b82a164715f0f7f44491ce4cc6ff2089dbf0531e85e845cdc9aa3
stimulus_videos	/pscratch/sd/s/sjmoon/EmoViS/data/raw/CowenEmotionVideos/0076.mp4	0076.mp4	1247109	2026-05-08T05:07:31+00:00	dc4d0e0cf108799fecd874d3a9694c13bdcaf3b564787dc0e7fbb8a6b120084b
stimulus_videos	/pscratch/sd/s/sjmoon/EmoViS/data/raw/CowenEmotionVideos/0077.mp4	0077.mp4	336059	2026-05-08T05:07:31+00:00	5c5373eb04e431b34c6179bea9e4284403373c870b3334badef31d7e4792c622
stimulus_videos	/pscratch/sd/s/sjmoon/EmoViS/data/raw/CowenEmotionVideos/0078.mp4	0078.mp4	547948	2026-05-08T05:07:23+00:00	e0160572c1877ffc9e1c50f4ef8dea02e8f5a9e6c9946df4d9e0deb49e27d60b
stimulus_videos	/pscratch/sd/s/sjmoon/EmoViS/data/raw/CowenEmotionVideos/0079.mp4	0079.mp4	239028	2026-05-08T05:07:23+00:00	3019885bd266cfd000fc308f33f5150291437993a5db87aa73ac7881b9bb9208
stimulus_videos	/pscratch/sd/s/sjmoon/EmoViS/data/raw/CowenEmotionVideos/0080.mp4	0080.mp4	436878	2026-05-08T05:07:24+00:00	812516a5c2348b129b55e1375992bb35ba7d283b6f2c1e480543574f68133e5a
stimulus_videos	/pscratch/sd/s/sjmoon/EmoViS/data/raw/CowenEmotionVideos/0081.mp4	0081.mp4	642970	2026-05-08T05:07:24+00:00	ac83fe425eca1825ee72a6e0bbac76a90426a6fc0b5c5ec6bfc655d09c13756e
stimulus_videos	/pscratch/sd/s/sjmoon/EmoViS/data/raw/CowenEmotionVideos/0082.mp4	0082.mp4	1046890	2026-05-08T05:07:23+00:00	96b791ed82a8917a90cc1f31ab7bfb37f57d98ed9a51adc9a91b94af9edec51f
stimulus_videos	/pscratch/sd/s/sjmoon/EmoViS/data/raw/CowenEmotionVideos/0083.mp4	0083.mp4	153586	2026-05-08T05:07:24+00:00	ea7f2165e07f78fb1c83d0c729be091ebba1c95b2ec04b8b0552933234a04e66
stimulus_videos	/pscratch/sd/s/sjmoon/EmoViS/data/raw/CowenEmotionVideos/0084.mp4	0084.mp4	541930	2026-05-08T05:07:22+00:00	eeca0b60b254f5a1c8a7cf82d103c004e321f882b5f9433b299cfd1097207bbe
stimulus_videos	/pscratch/sd/s/sjmoon/EmoViS/data/raw/CowenEmotionVideos/0085.mp4	0085.mp4	808078	2026-05-08T05:07:22+00:00	6f9c6aef8197428ea3ae3935cdf58a786ab93621a61cc94dea60e466cc12ad1d
stimulus_videos	/pscratch/sd/s/sjmoon/EmoViS/data/raw/CowenEmotionVideos/0086.mp4	0086.mp4	2120886	2026-05-08T05:07:23+00:00	0a7299f6f3ba1b3a0f17693365a8c08fd147a2f478a3e9771b124197d8ed6a38
stimulus_videos	/pscratch/sd/s/sjmoon/EmoViS/data/raw/CowenEmotionVideos/0087.mp4	0087.mp4	624651	2026-05-08T05:07:23+00:00	8dd89b295a272d7c9f55867858ec067b35410a0d11b6f1bf7c92d2163369fdad
stimulus_videos	/pscratch/sd/s/sjmoon/EmoViS/data/raw/CowenEmotionVideos/0088.mp4	0088.mp4	517100	2026-05-08T05:07:31+00:00	da50f618a105ae6e40b90b191b1eaef421a5a51fb93f67511ad997d906efda5e
stimulus_videos	/pscratch/sd/s/sjmoon/EmoViS/data/raw/CowenEmotionVideos/0089.mp4	0089.mp4	573275	2026-05-08T05:07:31+00:00	7b7ec591b2419b63b4d8138a4a1a060aa7d373396cd0b4289fa952e27ab98a32
stimulus_videos	/pscratch/sd/s/sjmoon/EmoViS/data/raw/CowenEmotionVideos/0090.mp4	0090.mp4	159123	2026-05-08T05:07:22+00:00	55d7c33f823843f68233831a1a2c3f5887044b551d0f1d7a18d38917a4abf816
stimulus_videos	/pscratch/sd/s/sjmoon/EmoViS/data/raw/CowenEmotionVideos/0091.mp4	0091.mp4	604562	2026-05-08T05:07:22+00:00	7be9bc462567a1f2f234c494e0608fb89d747963f320925674b7aaf6105f38d6
stimulus_videos	/pscratch/sd/s/sjmoon/EmoViS/data/raw/CowenEmotionVideos/0092.mp4	0092.mp4	465635	2026-05-08T05:07:23+00:00	e0b71f27624214e0c5752d588c5b0ed4bef785faf9084251c99c1c0161bd4d34
stimulus_videos	/pscratch/sd/s/sjmoon/EmoViS/data/raw/CowenEmotionVideos/0093.mp4	0093.mp4	465116	2026-05-08T05:07:23+00:00	3c4c71122820c24d7655ad46b98aeee7f4b2d8c38692135f6e5b46cb503279ef
stimulus_videos	/pscratch/sd/s/sjmoon/EmoViS/data/raw/CowenEmotionVideos/0094.mp4	0094.mp4	176936	2026-05-08T05:07:24+00:00	72d9a2db9b7a74293f6a2ff67a94dba975125621583a77b2313110a2139945ba
stimulus_videos	/pscratch/sd/s/sjmoon/EmoViS/data/raw/CowenEmotionVideos/0095.mp4	0095.mp4	162941	2026-05-08T05:07:24+00:00	1878bb6cdd88661392561ca98ff68c83b5df306ace74c7e9c062edfc0050123e
stimulus_videos	/pscratch/sd/s/sjmoon/EmoViS/data/raw/CowenEmotionVideos/0096.mp4	0096.mp4	392478	2026-05-08T05:07:23+00:00	775a8060774a1f8e0d17a04fbd7947b0cf2f1a99900d921bbe44af8a84f01c1c
stimulus_videos	/pscratch/sd/s/sjmoon/EmoViS/data/raw/CowenEmotionVideos/0097.mp4	0097.mp4	88266	2026-05-08T05:07:24+00:00	6dfee09bbc4ae7a431a1553e153c9d3cc1d790fe189a148bd835824d9aa293ea
stimulus_videos	/pscratch/sd/s/sjmoon/EmoViS/data/raw/CowenEmotionVideos/0098.mp4	0098.mp4	3317111	2026-05-08T05:07:29+00:00	9d994c9db261f6353129393949fea3bd95d6bed1e669ece54a7fe718a7abe4cc
stimulus_videos	/pscratch/sd/s/sjmoon/EmoViS/data/raw/CowenEmotionVideos/0099.mp4	0099.mp4	434893	2026-05-08T05:07:29+00:00	47017019a72ff35e8c6cec4be5c63f1c5a3f47512d127e26f169d417132adc92
stimulus_videos	/pscratch/sd/s/sjmoon/EmoViS/data/raw/CowenEmotionVideos/0100.mp4	0100.mp4	2937972	2026-05-08T05:07:30+00:00	2b8919c4bd0c64ccaf00280fab39cd764482b6bb9eea47b8b274be52a5afff5d
stimulus_videos	/pscratch/sd/s/sjmoon/EmoViS/data/raw/CowenEmotionVideos/0101.mp4	0101.mp4	483588	2026-05-08T05:07:30+00:00	3ec1c1f70ba0a0b1b6dfaa4b03d0b530009f540bde0412f6fd4e43bb33dae1e2
stimulus_videos	/pscratch/sd/s/sjmoon/EmoViS/data/raw/CowenEmotionVideos/0102.mp4	0102.mp4	385754	2026-05-08T05:07:31+00:00	8bdea63cea4a951633fdd61355ac43f603aefcd7fb87d547006d2a7458f2b99f
stimulus_videos	/pscratch/sd/s/sjmoon/EmoViS/data/raw/CowenEmotionVideos/0103.mp4	0103.mp4	263212	2026-05-08T05:07:31+00:00	a4b9d3519b151cc9d7d3c21c94e19fad43887b07dd35f9f903cd7bba61172221
stimulus_videos	/pscratch/sd/s/sjmoon/EmoViS/data/raw/CowenEmotionVideos/0104.mp4	0104.mp4	321482	2026-05-08T05:07:30+00:00	92e097b27741b12a54e470a785f6abad425281c3be613d9e4784dc5b7affd169
stimulus_videos	/pscratch/sd/s/sjmoon/EmoViS/data/raw/CowenEmotionVideos/0105.mp4	0105.mp4	377198	2026-05-08T05:07:30+00:00	24ef612b107b859cbd8348df9e83663dcff3313dda2f3c191c8efcc81563d9c8
stimulus_videos	/pscratch/sd/s/sjmoon/EmoViS/data/raw/CowenEmotionVideos/0106.mp4	0106.mp4	302979	2026-05-08T05:07:29+00:00	40382af26ceb920c158d37a24ca07e8717b9e49519c6899eb0cca1ef54472fa3
stimulus_videos	/pscratch/sd/s/sjmoon/EmoViS/data/raw/CowenEmotionVideos/0107.mp4	0107.mp4	140737	2026-05-08T05:07:29+00:00	981330e1db91f0f12a6b85e543c7ab47191663d28ab18596599f18891a935b70
stimulus_videos	/pscratch/sd/s/sjmoon/EmoViS/data/raw/CowenEmotionVideos/0108.mp4	0108.mp4	170428	2026-05-08T05:07:24+00:00	cdb7f6c5b8c333249740cc6fc9247855c4e8c1387f67a7a70f6e72f38df5150b
stimulus_videos	/pscratch/sd/s/sjmoon/EmoViS/data/raw/CowenEmotionVideos/0109.mp4	0109.mp4	512750	2026-05-08T05:07:23+00:00	d640a3942ccb4544cf6e49c70182106332a8522c1deade60a130ebd2d20ae5cd
stimulus_videos	/pscratch/sd/s/sjmoon/EmoViS/data/raw/CowenEmotionVideos/0110.mp4	0110.mp4	375704	2026-05-08T05:07:30+00:00	19cc182fc88e1cbaaf0895036ddf864e3923f0598adebfb43b7d97630d67c8b1
stimulus_videos	/pscratch/sd/s/sjmoon/EmoViS/data/raw/CowenEmotionVideos/0111.mp4	0111.mp4	53815	2026-05-08T05:07:30+00:00	9dcea7d6dd1f56d8f253a2972e627e82fc7dc5a42c478440060dc3e474c924da
stimulus_videos	/pscratch/sd/s/sjmoon/EmoViS/data/raw/CowenEmotionVideos/0112.mp4	0112.mp4	73755	2026-05-08T05:07:29+00:00	b4dbdcdd30690d8450e1fbc749512a983fe04cb7e96f5cd9c4cdf24e61cd35ff
stimulus_videos	/pscratch/sd/s/sjmoon/EmoViS/data/raw/CowenEmotionVideos/0113.mp4	0113.mp4	101865	2026-05-08T05:07:29+00:00	5f2e2f7757e67b77c9399476ee9a0b37512360cafe607fdd8cf64759d0343b6e
stimulus_videos	/pscratch/sd/s/sjmoon/EmoViS/data/raw/CowenEmotionVideos/0114.mp4	0114.mp4	360685	2026-05-08T05:07:30+00:00	f3b62936b496f67a2397d060d39889e2fbcaccc55496ccff80b2f4d5f7615c06
stimulus_videos	/pscratch/sd/s/sjmoon/EmoViS/data/raw/CowenEmotionVideos/0115.mp4	0115.mp4	466533	2026-05-08T05:07:30+00:00	0c697ed48299564bf81d7bbc1fcd7e32f66d552e0451f9abd301cfc75b02bd81
stimulus_videos	/pscratch/sd/s/sjmoon/EmoViS/data/raw/CowenEmotionVideos/0116.mp4	0116.mp4	94467	2026-05-08T05:07:31+00:00	351befe73ffeea4cec0abdb30b650072b36c79379a8f6c81d74be5f8a2fdf2b8
stimulus_videos	/pscratch/sd/s/sjmoon/EmoViS/data/raw/CowenEmotionVideos/0117.mp4	0117.mp4	710047	2026-05-08T05:07:31+00:00	692304b1f461053a36653a6ec5f814eccd86598a571810f50a2119b3002d3780
stimulus_videos	/pscratch/sd/s/sjmoon/EmoViS/data/raw/CowenEmotionVideos/0118.mp4	0118.mp4	324392	2026-05-08T05:07:23+00:00	0318ade8be7e735c71bc7c1cde548a5c29049edeb84d8fc16a29f8eea7b7d0b0
stimulus_videos	/pscratch/sd/s/sjmoon/EmoViS/data/raw/CowenEmotionVideos/0119.mp4	0119.mp4	64173	2026-05-08T05:07:23+00:00	3ec54177eabf80391a0731d730ba63c0d7582fa6334b37854d80e0f063417128
stimulus_videos	/pscratch/sd/s/sjmoon/EmoViS/data/raw/CowenEmotionVideos/0120.mp4	0120.mp4	347259	2026-05-08T05:07:24+00:00	ea96e48db14b8f4fd52543c79159becd7154de6a22da422ea4de160e42795b42
stimulus_videos	/pscratch/sd/s/sjmoon/EmoViS/data/raw/CowenEmotionVideos/0121.mp4	0121.mp4	1258216	2026-05-08T05:07:23+00:00	920e83d10992c40a33b6de6a62409e9e07192a035d09d68981c05d82801e594a
stimulus_videos	/pscratch/sd/s/sjmoon/EmoViS/data/raw/CowenEmotionVideos/0122.mp4	0122.mp4	4570776	2026-05-08T05:07:24+00:00	5d67ba5a6931ed48686c762589d4958790b4f37ee9aa190a61ae5c84e3550c17
stimulus_videos	/pscratch/sd/s/sjmoon/EmoViS/data/raw/CowenEmotionVideos/0123.mp4	0123.mp4	3058746	2026-05-08T05:07:24+00:00	41b084e25913b4e493a183fce5e1dbe5bd64fe910671c49d03cc50fcbbb33a51
stimulus_videos	/pscratch/sd/s/sjmoon/EmoViS/data/raw/CowenEmotionVideos/0124.mp4	0124.mp4	311570	2026-05-08T05:07:23+00:00	ef33504d0ef85e34172ddf414b391422cfa7224b09cf0678c9bb2ecc5c0ffc7c
stimulus_videos	/pscratch/sd/s/sjmoon/EmoViS/data/raw/CowenEmotionVideos/0125.mp4	0125.mp4	147491	2026-05-08T05:07:23+00:00	66086483d033d11b91021fc40b70b178029a41257ab88860c6771536998ee3f4
stimulus_videos	/pscratch/sd/s/sjmoon/EmoViS/data/raw/CowenEmotionVideos/0126.mp4	0126.mp4	308513	2026-05-08T05:07:22+00:00	c0f60a687c29a7af9e42d71e5a840e169379b3fcfe2c9968c930c4ee0612e05e
stimulus_videos	/pscratch/sd/s/sjmoon/EmoViS/data/raw/CowenEmotionVideos/0127.mp4	0127.mp4	673520	2026-05-08T05:07:22+00:00	6f8105c96dd3a7863824e6bff8944229fef6b7d66b75aa57843dece5466c0cf9
stimulus_videos	/pscratch/sd/s/sjmoon/EmoViS/data/raw/CowenEmotionVideos/0128.mp4	0128.mp4	5429863	2026-05-08T05:07:30+00:00	35f16e66e9136e6e4c8b0bbd72be247e59fbe425d75529b74a05e18041514ff3
stimulus_videos	/pscratch/sd/s/sjmoon/EmoViS/data/raw/CowenEmotionVideos/0129.mp4	0129.mp4	73210	2026-05-08T05:07:30+00:00	39726c40b063ae8a74e76eeea0c3877a097d13c36743e31358742b3c31650dec
stimulus_videos	/pscratch/sd/s/sjmoon/EmoViS/data/raw/CowenEmotionVideos/0130.mp4	0130.mp4	57313	2026-05-08T05:07:23+00:00	7f2638f1ba4e7b836532253d303ba3306d0fca2135028a2296c526607941b7ec
stimulus_videos	/pscratch/sd/s/sjmoon/EmoViS/data/raw/CowenEmotionVideos/0131.mp4	0131.mp4	152057	2026-05-08T05:07:23+00:00	67e8896bde64b3cda4476e017755a3f19f72d2a5cdb2118cbdddbca3a7b5a95a
stimulus_videos	/pscratch/sd/s/sjmoon/EmoViS/data/raw/CowenEmotionVideos/0132.mp4	0132.mp4	1610673	2026-05-08T05:07:23+00:00	1ae43d56841991b1814129fae5048398419678312a11531a96e2a03fd9e189d2
stimulus_videos	/pscratch/sd/s/sjmoon/EmoViS/data/raw/CowenEmotionVideos/0133.mp4	0133.mp4	263039	2026-05-08T05:07:22+00:00	fdfe95200b3d0b023ce193acfdfae691fc2e4585de2e6a156abfc8ca5ff42501
stimulus_videos	/pscratch/sd/s/sjmoon/EmoViS/data/raw/CowenEmotionVideos/0134.mp4	0134.mp4	79957	2026-05-08T05:07:24+00:00	74107efc9d0424e1c137a7a0594406dffd002bafc1e6c1d279b25bb963e6bf48
stimulus_videos	/pscratch/sd/s/sjmoon/EmoViS/data/raw/CowenEmotionVideos/0135.mp4	0135.mp4	300336	2026-05-08T05:07:23+00:00	9d8ae9a07d51793858521418353b7023f46d35305db9bd2a357d1ada1c1d0bee
stimulus_videos	/pscratch/sd/s/sjmoon/EmoViS/data/raw/CowenEmotionVideos/0136.mp4	0136.mp4	25198	2026-05-08T05:07:24+00:00	6a85066893d443d05912f498b2f0f88a27db2dfc3e72d78917d983fa109753f2
stimulus_videos	/pscratch/sd/s/sjmoon/EmoViS/data/raw/CowenEmotionVideos/0137.mp4	0137.mp4	478737	2026-05-08T05:07:24+00:00	b7371f1c2dfd3638b12e793778437dfa4ab23d0b3b57276b8e56e88bc3322194
stimulus_videos	/pscratch/sd/s/sjmoon/EmoViS/data/raw/CowenEmotionVideos/0138.mp4	0138.mp4	67795	2026-05-08T05:07:30+00:00	6818601e955f0240fc7715ec541dc53df4874f37c63c43a26f5298ebc19f1467
stimulus_videos	/pscratch/sd/s/sjmoon/EmoViS/data/raw/CowenEmotionVideos/0139.mp4	0139.mp4	104255	2026-05-08T05:07:30+00:00	89871b10b4394cbad8963a44e6eb84504df7ad713f966e60911fe0de3e9b53ac
stimulus_videos	/pscratch/sd/s/sjmoon/EmoViS/data/raw/CowenEmotionVideos/0140.mp4	0140.mp4	789675	2026-05-08T05:07:26+00:00	723b70376f2705caba15fec8a58077b1a5f55ca3bce88d8ee00f3db0de8e63ba
stimulus_videos	/pscratch/sd/s/sjmoon/EmoViS/data/raw/CowenEmotionVideos/0141.mp4	0141.mp4	129380	2026-05-08T05:07:26+00:00	139dfabe689a80aedcb77fc1f0d417ef73e9c2c83504298a48322d30778d3954
stimulus_videos	/pscratch/sd/s/sjmoon/EmoViS/data/raw/CowenEmotionVideos/0142.mp4	0142.mp4	45509	2026-05-08T05:07:25+00:00	bf661d38ab208d5498331c5d86fb167e83566c38073109bb09021a0d38c3c357
stimulus_videos	/pscratch/sd/s/sjmoon/EmoViS/data/raw/CowenEmotionVideos/0143.mp4	0143.mp4	1069122	2026-05-08T05:07:26+00:00	9c6506919d009448ba9efd6acfe032d8b1a875d0984cb1d8cd70e623ea6a1399
stimulus_videos	/pscratch/sd/s/sjmoon/EmoViS/data/raw/CowenEmotionVideos/0144.mp4	0144.mp4	313170	2026-05-08T05:07:24+00:00	fc32d072ba5b06c02dc6f41b310c061127376c71ebec6e978f434a252243c23d
stimulus_videos	/pscratch/sd/s/sjmoon/EmoViS/data/raw/CowenEmotionVideos/0145.mp4	0145.mp4	126551	2026-05-08T05:07:25+00:00	885a0a44eb310ba9eb0435063f8d9b43f62ee74743a2d0fe3f4f57385ee9845f
stimulus_videos	/pscratch/sd/s/sjmoon/EmoViS/data/raw/CowenEmotionVideos/0146.mp4	0146.mp4	2770634	2026-05-08T05:07:25+00:00	4d3f1abce3ce334a3aa67757743ad6b768bfb6e6ba3bea5952e2bebc915d790b
stimulus_videos	/pscratch/sd/s/sjmoon/EmoViS/data/raw/CowenEmotionVideos/0147.mp4	0147.mp4	10780952	2026-05-08T05:07:25+00:00	1d3383d9cbbc9ddbbfa06df40112977ccb76851b6cafb5d4584fd04d3ec17e2b
stimulus_videos	/pscratch/sd/s/sjmoon/EmoViS/data/raw/CowenEmotionVideos/0148.mp4	0148.mp4	377441	2026-05-08T05:07:28+00:00	111328720754fb48a7ce641684372fb1b09d6789ab9a219d66d1aac2013eba7e
stimulus_videos	/pscratch/sd/s/sjmoon/EmoViS/data/raw/CowenEmotionVideos/0149.mp4	0149.mp4	228711	2026-05-08T05:07:29+00:00	55b83c15c8eeed06c36e2a4f73adc9437fd1d9f05a2182ff009ae7c32da7f133
stimulus_videos	/pscratch/sd/s/sjmoon/EmoViS/data/raw/CowenEmotionVideos/0150.mp4	0150.mp4	219281	2026-05-08T05:07:24+00:00	75b338a5e06e968768cd3ab5bb8bdbd0188c92053efc9025f4442185c079f94b
stimulus_videos	/pscratch/sd/s/sjmoon/EmoViS/data/raw/CowenEmotionVideos/0151.mp4	0151.mp4	49382	2026-05-08T05:07:25+00:00	5aa78de12276a322d2d62c3ea85e8ae168ff19aa1d174ea6316f2d6299be0ac8
stimulus_videos	/pscratch/sd/s/sjmoon/EmoViS/data/raw/CowenEmotionVideos/0152.mp4	0152.mp4	400357	2026-05-08T05:07:25+00:00	1dd0afa6f09fb7d93fa418e639022475a631cf59bbdfbf30bab1d9fed1d7e720
stimulus_videos	/pscratch/sd/s/sjmoon/EmoViS/data/raw/CowenEmotionVideos/0153.mp4	0153.mp4	751792	2026-05-08T05:07:25+00:00	eb7fba015894c8a14277370e4af784b80b6bfeb78ca2066f890eb7ca406f94d6
stimulus_videos	/pscratch/sd/s/sjmoon/EmoViS/data/raw/CowenEmotionVideos/0154.mp4	0154.mp4	2420009	2026-05-08T05:07:26+00:00	cdc18aedc4e74cbb3e9f28cc40aa2ed118bd633d78d0ea18beddec8fb13a659a
stimulus_videos	/pscratch/sd/s/sjmoon/EmoViS/data/raw/CowenEmotionVideos/0155.mp4	0155.mp4	476530	2026-05-08T05:07:26+00:00	5ed38b4881b4a1f8e7d211d0553a795a7f5af15a8824639db6e2ca9d9a8f9cb7
stimulus_videos	/pscratch/sd/s/sjmoon/EmoViS/data/raw/CowenEmotionVideos/0156.mp4	0156.mp4	392131	2026-05-08T05:07:26+00:00	f948f74c4fae3b16cafdaf5aaf467580e103b01753568c3f2f91a825f6090cbd
stimulus_videos	/pscratch/sd/s/sjmoon/EmoViS/data/raw/CowenEmotionVideos/0157.mp4	0157.mp4	331345	2026-05-08T05:07:26+00:00	bdadf436ed54c94d897015b06ab48a9d42bdeff820fe1f5377935ca06f0025e1
stimulus_videos	/pscratch/sd/s/sjmoon/EmoViS/data/raw/CowenEmotionVideos/0158.mp4	0158.mp4	119133	2026-05-08T05:07:27+00:00	fbbc027a788fbfb7712df0fad9f7851406390937707bf6baa3a57ca661cd22a5
stimulus_videos	/pscratch/sd/s/sjmoon/EmoViS/data/raw/CowenEmotionVideos/0159.mp4	0159.mp4	357359	2026-05-08T05:07:27+00:00	1375b20438865b51529e2624794f366f67ffdaa98963db487e3ee63964fe5582
stimulus_videos	/pscratch/sd/s/sjmoon/EmoViS/data/raw/CowenEmotionVideos/0160.mp4	0160.mp4	214795	2026-05-08T05:07:28+00:00	6071080b6bc22060c179d4ea4bdccf7ba4752ccef71c4bb32f28545c152f893d
stimulus_videos	/pscratch/sd/s/sjmoon/EmoViS/data/raw/CowenEmotionVideos/0161.mp4	0161.mp4	694757	2026-05-08T05:07:29+00:00	0777299f3305f5baea3a364798e2998931aca46305eb998686423352fbf98e1e
stimulus_videos	/pscratch/sd/s/sjmoon/EmoViS/data/raw/CowenEmotionVideos/0162.mp4	0162.mp4	67445	2026-05-08T05:07:28+00:00	48f9a277d231b88d8b57549c377f6f95143fb201573ddf5b8483dfc7106cec6c
stimulus_videos	/pscratch/sd/s/sjmoon/EmoViS/data/raw/CowenEmotionVideos/0163.mp4	0163.mp4	1591874	2026-05-08T05:07:28+00:00	e652f63bb2d596519f1fea0c3551a70b2f44fe4b95f7cdea1a4c61607d5deec6
stimulus_videos	/pscratch/sd/s/sjmoon/EmoViS/data/raw/CowenEmotionVideos/0164.mp4	0164.mp4	117173	2026-05-08T05:07:27+00:00	6a666cb7ec9d858be8cd124cb4d74ed83b27e0ef4a08d706fe8b4b5c44e657bc
stimulus_videos	/pscratch/sd/s/sjmoon/EmoViS/data/raw/CowenEmotionVideos/0165.mp4	0165.mp4	358936	2026-05-08T05:07:27+00:00	024ea5f11d90a090091d0aa5820d61fdc86be4134338f72e3646f63d82aa1699
stimulus_videos	/pscratch/sd/s/sjmoon/EmoViS/data/raw/CowenEmotionVideos/0166.mp4	0166.mp4	117340	2026-05-08T05:07:27+00:00	c23477ab61575a85eab5ae048f65b5a42012b3738c727e78fcb8981158d47049
stimulus_videos	/pscratch/sd/s/sjmoon/EmoViS/data/raw/CowenEmotionVideos/0167.mp4	0167.mp4	316067	2026-05-08T05:07:28+00:00	bb2dfc2abacc08196eca8b0354ae7e89bd28edc88bc55a1b040d203937209262
stimulus_videos	/pscratch/sd/s/sjmoon/EmoViS/data/raw/CowenEmotionVideos/0168.mp4	0168.mp4	41822	2026-05-08T05:07:26+00:00	c97f6b1a51e0794ea2f38f634e5469d8947cc2f05315739cf41772db055cb447
stimulus_videos	/pscratch/sd/s/sjmoon/EmoViS/data/raw/CowenEmotionVideos/0169.mp4	0169.mp4	139594	2026-05-08T05:07:26+00:00	d78d1dd44f69443539290807b7d29837969f5a22068e21cc78beedbd9dba04b3
stimulus_videos	/pscratch/sd/s/sjmoon/EmoViS/data/raw/CowenEmotionVideos/0170.mp4	0170.mp4	494097	2026-05-08T05:07:27+00:00	534b95bad238ce10e932b5ce4c1ea4da3c414fa0e831b3dba2a62d3561273ca4
stimulus_videos	/pscratch/sd/s/sjmoon/EmoViS/data/raw/CowenEmotionVideos/0171.mp4	0171.mp4	135476	2026-05-08T05:07:27+00:00	e86b69a62dd97578bc8e807032c81a5dfdb974df4b0393a8cb824fb6b7c0ae61
stimulus_videos	/pscratch/sd/s/sjmoon/EmoViS/data/raw/CowenEmotionVideos/0172.mp4	0172.mp4	117110	2026-05-08T05:07:27+00:00	1bdb19a7db31e3b2d99fb0aaed4d8b3be205a7535d816d41a5faa969be790eae
stimulus_videos	/pscratch/sd/s/sjmoon/EmoViS/data/raw/CowenEmotionVideos/0173.mp4	0173.mp4	772057	2026-05-08T05:07:28+00:00	68482bef70d7b1b94a6aa9079729f4b4760e6e09369de033c7f7dae9f4028c2f
stimulus_videos	/pscratch/sd/s/sjmoon/EmoViS/data/raw/CowenEmotionVideos/0174.mp4	0174.mp4	1175984	2026-05-08T05:07:28+00:00	55de63e6e7f260a57298e87fe6580c0b9f1f04243b00ee29ee7fab7062c61379
stimulus_videos	/pscratch/sd/s/sjmoon/EmoViS/data/raw/CowenEmotionVideos/0175.mp4	0175.mp4	131660	2026-05-08T05:07:29+00:00	b525d56a966216c4999d40f6bc9e6d3b3bf51013e547ac8b49c85d3c13ef7116
stimulus_videos	/pscratch/sd/s/sjmoon/EmoViS/data/raw/CowenEmotionVideos/0176.mp4	0176.mp4	117394	2026-05-08T05:07:28+00:00	7265a3dd82db4744adbe0ab83276fcece43e1deed6144c8acb33079c75568f46
stimulus_videos	/pscratch/sd/s/sjmoon/EmoViS/data/raw/CowenEmotionVideos/0177.mp4	0177.mp4	422400	2026-05-08T05:07:28+00:00	d1b32df8158553b14b3060748275c3c89513f6eb8f8771078af4a1e1ceb6d3aa
stimulus_videos	/pscratch/sd/s/sjmoon/EmoViS/data/raw/CowenEmotionVideos/0178.mp4	0178.mp4	201533	2026-05-08T05:07:24+00:00	0d69b8c9abd96f6b3c3834abbc8868d7c44f77e8ddd380e01c11b4d5791148da
stimulus_videos	/pscratch/sd/s/sjmoon/EmoViS/data/raw/CowenEmotionVideos/0179.mp4	0179.mp4	106073	2026-05-08T05:07:25+00:00	11a3dab37b1abdf0d3125a561788ed7b445ddea33520426225037cfca7dfc850
stimulus_videos	/pscratch/sd/s/sjmoon/EmoViS/data/raw/CowenEmotionVideos/0180.mp4	0180.mp4	173782	2026-05-08T05:07:26+00:00	6987e8d0c43fec2cae0ea3b9e3c72873fa19a0c87a850d257f81ee08dca08c74
stimulus_videos	/pscratch/sd/s/sjmoon/EmoViS/data/raw/CowenEmotionVideos/0181.mp4	0181.mp4	4523861	2026-05-08T05:07:25+00:00	6a49c009c4037454a0547497211859549b0f72ee555a931615c1828506f73025
stimulus_videos	/pscratch/sd/s/sjmoon/EmoViS/data/raw/CowenEmotionVideos/0182.mp4	0182.mp4	45584	2026-05-08T05:07:26+00:00	5dae5bd27973868a533018dda5d1ef51bb3d3604ca33d68278ab193272415a7d
stimulus_videos	/pscratch/sd/s/sjmoon/EmoViS/data/raw/CowenEmotionVideos/0183.mp4	0183.mp4	405982	2026-05-08T05:07:26+00:00	542aebeea928cded58d812708069096b628204057da0c370005cd71d90b0c44f
stimulus_videos	/pscratch/sd/s/sjmoon/EmoViS/data/raw/CowenEmotionVideos/0184.mp4	0184.mp4	98505	2026-05-08T05:07:25+00:00	edc2679207b0e3946a2db42ea37f74daa3ca6a8633d520a555afbe890997601f
stimulus_videos	/pscratch/sd/s/sjmoon/EmoViS/data/raw/CowenEmotionVideos/0185.mp4	0185.mp4	1960967	2026-05-08T05:07:25+00:00	3e2e0b8b17eab0384402625f2bc2699b335bb3f566cfce50c4df4114407b8011
stimulus_videos	/pscratch/sd/s/sjmoon/EmoViS/data/raw/CowenEmotionVideos/0186.mp4	0186.mp4	60624	2026-05-08T05:07:25+00:00	fb7d9c466d90c5be63c0f4bed4371f6a5553ab8fc10586afbbd8e6b08321e3c5
stimulus_videos	/pscratch/sd/s/sjmoon/EmoViS/data/raw/CowenEmotionVideos/0187.mp4	0187.mp4	89738	2026-05-08T05:07:24+00:00	39397d0951e5cfd3d0942d32f0340c5e3a29905b89e50caba163bd6972e5658d
stimulus_videos	/pscratch/sd/s/sjmoon/EmoViS/data/raw/CowenEmotionVideos/0188.mp4	0188.mp4	245885	2026-05-08T05:07:28+00:00	93a164cf05090b6aa0be7bf6bddcbf9cbe60732f31af4236e3079b73d8ec4e41
stimulus_videos	/pscratch/sd/s/sjmoon/EmoViS/data/raw/CowenEmotionVideos/0189.mp4	0189.mp4	334819	2026-05-08T05:07:28+00:00	f36d64e6d2683a49687105a7e3809b3019c2fcef605f756d91472744c30e4f53
stimulus_videos	/pscratch/sd/s/sjmoon/EmoViS/data/raw/CowenEmotionVideos/0190.mp4	0190.mp4	656850	2026-05-08T05:07:25+00:00	d142b6ef6f83c450c73aad7364e46e8cfcada7c687700ff6d5f30477b4bd5205
stimulus_videos	/pscratch/sd/s/sjmoon/EmoViS/data/raw/CowenEmotionVideos/0191.mp4	0191.mp4	542601	2026-05-08T05:07:25+00:00	4c0b2dedc344b153b5c52b853042f7c54e0ab1370334bdc546fe8dd89c81bab6
stimulus_videos	/pscratch/sd/s/sjmoon/EmoViS/data/raw/CowenEmotionVideos/0192.mp4	0192.mp4	489497	2026-05-08T05:07:25+00:00	e2c28dab05d5df3b964a58d293bbb77b4db0d3a2b48bbab66eb0a94eba0dc521
stimulus_videos	/pscratch/sd/s/sjmoon/EmoViS/data/raw/CowenEmotionVideos/0193.mp4	0193.mp4	169707	2026-05-08T05:07:24+00:00	74a3d4a61f68f8e61e29ffe49f171cbe00e63a0b110cc623880036df3de6cb2e
stimulus_videos	/pscratch/sd/s/sjmoon/EmoViS/data/raw/CowenEmotionVideos/0194.mp4	0194.mp4	433844	2026-05-08T05:07:26+00:00	64c268b0d7fd4499946d435c6561736f1dc657f87695681d4ad82aee9f709f24
stimulus_videos	/pscratch/sd/s/sjmoon/EmoViS/data/raw/CowenEmotionVideos/0195.mp4	0195.mp4	688121	2026-05-08T05:07:25+00:00	0ee0f6d7a0faa02dd7cdb5f5e81041e4be9f0775f314a5c90961ccf6fa3b174f
stimulus_videos	/pscratch/sd/s/sjmoon/EmoViS/data/raw/CowenEmotionVideos/0196.mp4	0196.mp4	134697	2026-05-08T05:07:26+00:00	59c81fec9d4d7b60fd623a1fde70b7a30b2779512d0d4b0e2e2455b7bd41f2f8
stimulus_videos	/pscratch/sd/s/sjmoon/EmoViS/data/raw/CowenEmotionVideos/0197.mp4	0197.mp4	58262	2026-05-08T05:07:26+00:00	e38016dc312b9095ec6ac2f1c3b2eee71f2c4c24cb0a79cf2c812ad98e0fd717
stimulus_videos	/pscratch/sd/s/sjmoon/EmoViS/data/raw/CowenEmotionVideos/0198.mp4	0198.mp4	648175	2026-05-08T05:07:28+00:00	cef6e069b5177e1cb7cc7ccfc6b91c1ab76de2192e7cbd3c068342f73cbcda8d
stimulus_videos	/pscratch/sd/s/sjmoon/EmoViS/data/raw/CowenEmotionVideos/0199.mp4	0199.mp4	1553325	2026-05-08T05:07:27+00:00	86ec3bc2fce06575ca308bfa92b12aae5d4e297dcc0033b0a139c4978d4173ae
stimulus_videos	/pscratch/sd/s/sjmoon/EmoViS/data/raw/CowenEmotionVideos/0200.mp4	0200.mp4	6109374	2026-05-08T05:07:28+00:00	df29ffca9e65df1f05f65b2880a94927e34336fa99833476abb6bd7923679832
stimulus_videos	/pscratch/sd/s/sjmoon/EmoViS/data/raw/CowenEmotionVideos/0201.mp4	0201.mp4	156344	2026-05-08T05:07:28+00:00	94ef107561bfb59e795cbcba8f133110d250349daff9127f0696fb02e497bf26
stimulus_videos	/pscratch/sd/s/sjmoon/EmoViS/data/raw/CowenEmotionVideos/0202.mp4	0202.mp4	3444583	2026-05-08T05:07:29+00:00	0baa3a0e426e51795a149578ad4b32892ab9595010e3cf8bfe52bc7ce2e0291a
stimulus_videos	/pscratch/sd/s/sjmoon/EmoViS/data/raw/CowenEmotionVideos/0203.mp4	0203.mp4	9302	2026-05-08T05:07:29+00:00	5d8e2e8cb0a5c2308bc7ec34239fe1c962bf3283b5767c3b8f05b2edfd268ead
stimulus_videos	/pscratch/sd/s/sjmoon/EmoViS/data/raw/CowenEmotionVideos/0204.mp4	0204.mp4	81106	2026-05-08T05:07:27+00:00	cac1624f68d7aeb2aa86a4f39196777733ebbbc437438765f2b84adf5b8a02b4
stimulus_videos	/pscratch/sd/s/sjmoon/EmoViS/data/raw/CowenEmotionVideos/0205.mp4	0205.mp4	1795167	2026-05-08T05:07:28+00:00	b797194642bc037c9627ccbbd1d10cf6587f426b79a8267bf97d6b2180d9e4f3
stimulus_videos	/pscratch/sd/s/sjmoon/EmoViS/data/raw/CowenEmotionVideos/0206.mp4	0206.mp4	229914	2026-05-08T05:07:27+00:00	1b911b076a6abdc3501a922e635af56111884b30ad54a1d7f792e790dd8153f5
stimulus_videos	/pscratch/sd/s/sjmoon/EmoViS/data/raw/CowenEmotionVideos/0207.mp4	0207.mp4	148066	2026-05-08T05:07:27+00:00	cb32f057ae7676656284d27339139a2d6ec2b425621e2fab24ebd4bd6894320e
stimulus_videos	/pscratch/sd/s/sjmoon/EmoViS/data/raw/CowenEmotionVideos/0208.mp4	0208.mp4	328182	2026-05-08T05:07:26+00:00	2d3973ead9588039045aeabebe20330e869353ad28f428119dd5bed1dae9fda5
stimulus_videos	/pscratch/sd/s/sjmoon/EmoViS/data/raw/CowenEmotionVideos/0209.mp4	0209.mp4	1131082	2026-05-08T05:07:26+00:00	85b119de14668358be66a1862051ce10e2502fb225d0d1dda8dcfe98f6f7466d
stimulus_videos	/pscratch/sd/s/sjmoon/EmoViS/data/raw/CowenEmotionVideos/0210.mp4	0210.mp4	1276231	2026-05-08T05:07:27+00:00	5a005c1b3d9016ebce63d440def8433bfffaffa1aabb224babe6fb9865dbdf97
stimulus_videos	/pscratch/sd/s/sjmoon/EmoViS/data/raw/CowenEmotionVideos/0211.mp4	0211.mp4	981519	2026-05-08T05:07:28+00:00	3caa554d620e71c5ae395994bbc57d4d2b9194a9bd0aa98fb1063d516a14004b
stimulus_videos	/pscratch/sd/s/sjmoon/EmoViS/data/raw/CowenEmotionVideos/0212.mp4	0212.mp4	182025	2026-05-08T05:07:27+00:00	d25c075376f0cb16619b9abfd77d48aa54977add31402f04b929a7822f1aa08d
stimulus_videos	/pscratch/sd/s/sjmoon/EmoViS/data/raw/CowenEmotionVideos/0213.mp4	0213.mp4	9029208	2026-05-08T05:07:27+00:00	e051ba455b4cce8c6b34d3d91b0230180eff09b36eea9a05a145d802aca3b292
stimulus_videos	/pscratch/sd/s/sjmoon/EmoViS/data/raw/CowenEmotionVideos/0214.mp4	0214.mp4	722042	2026-05-08T05:07:28+00:00	2d35f921ffc6ff59858560524c875374edcac39d5f785b8808827fb85770096b
stimulus_videos	/pscratch/sd/s/sjmoon/EmoViS/data/raw/CowenEmotionVideos/0215.mp4	0215.mp4	897551	2026-05-08T05:07:28+00:00	de26d4ed1bbeb78aa5ce63a5dcc47839c4f5bebc48363cb6a446bd63de93ac62
stimulus_videos	/pscratch/sd/s/sjmoon/EmoViS/data/raw/CowenEmotionVideos/0216.mp4	0216.mp4	164274	2026-05-08T05:07:29+00:00	ec2ac85d5d7d1229b1ef3bbfe14f9145b984b88b74772185c45fe7c16ed04244
stimulus_videos	/pscratch/sd/s/sjmoon/EmoViS/data/raw/CowenEmotionVideos/0217.mp4	0217.mp4	111107	2026-05-08T05:07:29+00:00	f281d84b458fbee745032cb6bacec50b39f6eafbe246d6b06a57ffffb32f4283
stimulus_videos	/pscratch/sd/s/sjmoon/EmoViS/data/raw/CowenEmotionVideos/0218.mp4	0218.mp4	965329	2026-05-08T05:07:25+00:00	661cc23c5e2df594965c6fee4e8cda1ab8c0edf1dc96af225bb0c24995e92807
stimulus_videos	/pscratch/sd/s/sjmoon/EmoViS/data/raw/CowenEmotionVideos/0219.mp4	0219.mp4	367743	2026-05-08T05:07:25+00:00	5851dc7d73c7c32bafb7e9c16a5274409a2e3e5bb0c949bd6843f09086c7d435
stimulus_videos	/pscratch/sd/s/sjmoon/EmoViS/data/raw/CowenEmotionVideos/0220.mp4	0220.mp4	59377	2026-05-08T05:07:26+00:00	d2e39a7dfd23e773924b327534539c0248c6f83960218e57867aae331a7efee7
stimulus_videos	/pscratch/sd/s/sjmoon/EmoViS/data/raw/CowenEmotionVideos/0221.mp4	0221.mp4	675205	2026-05-08T05:07:26+00:00	37c73f2d1ccdca2804536430c6aa4dff70c52ada5169341fbc52978fc7781d2b
stimulus_videos	/pscratch/sd/s/sjmoon/EmoViS/data/raw/CowenEmotionVideos/0222.mp4	0222.mp4	149415	2026-05-08T05:07:26+00:00	c98d3f57b635fa73aafad699b496261a694f47122f8c55102970e63ff128c9b2
stimulus_videos	/pscratch/sd/s/sjmoon/EmoViS/data/raw/CowenEmotionVideos/0223.mp4	0223.mp4	4774787	2026-05-08T05:07:26+00:00	26556d2b75ce867f3794d643731c7b23929e0b8bc58571a298a71af4cffc05e6
stimulus_videos	/pscratch/sd/s/sjmoon/EmoViS/data/raw/CowenEmotionVideos/0224.mp4	0224.mp4	824436	2026-05-08T05:07:25+00:00	7550fd43d08fcc19c1f7af7718a96ba4a3b72638a28f555c0ce719baf4229de9
stimulus_videos	/pscratch/sd/s/sjmoon/EmoViS/data/raw/CowenEmotionVideos/0225.mp4	0225.mp4	75230	2026-05-08T05:07:25+00:00	564f7a4fd9d35e0872e4fc7f4c0584d8138000a88146a6e4c2a4c754ad02046a
stimulus_videos	/pscratch/sd/s/sjmoon/EmoViS/data/raw/CowenEmotionVideos/0226.mp4	0226.mp4	602793	2026-05-08T05:07:24+00:00	b2b0878563be7c9ac2aa9e9ecc7c8c4c99d1876d9b08fb5824bbb790e551fc36
stimulus_videos	/pscratch/sd/s/sjmoon/EmoViS/data/raw/CowenEmotionVideos/0227.mp4	0227.mp4	1099608	2026-05-08T05:07:25+00:00	2108e278f687d9f031ee557cde4dbecc677cb440ae04bb0ca9d8a6f87e45aa65
stimulus_videos	/pscratch/sd/s/sjmoon/EmoViS/data/raw/CowenEmotionVideos/0228.mp4	0228.mp4	3154868	2026-05-08T05:07:28+00:00	f42569ffb8f65eebe87bc578a9252102bf8386a0796f928e22bd2ec7ff1c6dba
stimulus_videos	/pscratch/sd/s/sjmoon/EmoViS/data/raw/CowenEmotionVideos/0229.mp4	0229.mp4	69152	2026-05-08T05:07:28+00:00	484f80999c15055c43e35df99a920550de70ca2df80d08dc2ca6353f6fea962e
stimulus_videos	/pscratch/sd/s/sjmoon/EmoViS/data/raw/CowenEmotionVideos/0230.mp4	0230.mp4	300466	2026-05-08T05:07:25+00:00	549cbc7b84ca6189bc5b7facb34e7eba825d3189acd678b2ed00ae9928ea294f
stimulus_videos	/pscratch/sd/s/sjmoon/EmoViS/data/raw/CowenEmotionVideos/0231.mp4	0231.mp4	1066994	2026-05-08T05:07:25+00:00	aeae0d30d90a46d8acea86205cb720e7dc4ea7eee39d8401f4bce6735f75dae6
stimulus_videos	/pscratch/sd/s/sjmoon/EmoViS/data/raw/CowenEmotionVideos/0232.mp4	0232.mp4	91952	2026-05-08T05:07:24+00:00	aa5ccb60b0d7fd5e0b56c4823d92e8ffd02c27dd4c9ae5e57c7fe5955ff6187f
stimulus_videos	/pscratch/sd/s/sjmoon/EmoViS/data/raw/CowenEmotionVideos/0233.mp4	0233.mp4	158268	2026-05-08T05:07:24+00:00	a44af01fe1a9f388b908d91b46dcc07c0a8833d8170345aeeb4f10d08946e1a0
stimulus_videos	/pscratch/sd/s/sjmoon/EmoViS/data/raw/CowenEmotionVideos/0234.mp4	0234.mp4	239296	2026-05-08T05:07:26+00:00	c129ab492907bd63bc83299f0736b6cc4c10b6fcd755a91a072aa1556d68afb5
stimulus_videos	/pscratch/sd/s/sjmoon/EmoViS/data/raw/CowenEmotionVideos/0235.mp4	0235.mp4	57600	2026-05-08T05:07:26+00:00	29858c69249fa536d5233a2851defb13488673974f7eb5092db948307fcabe6d
stimulus_videos	/pscratch/sd/s/sjmoon/EmoViS/data/raw/CowenEmotionVideos/0236.mp4	0236.mp4	130751	2026-05-08T05:07:26+00:00	235129e030e7f75e351f762e69b3e571c7cad874b2defbd16c15ef8e28b92395
stimulus_videos	/pscratch/sd/s/sjmoon/EmoViS/data/raw/CowenEmotionVideos/0237.mp4	0237.mp4	475783	2026-05-08T05:07:26+00:00	8a5d9635a06075e74769e49776e93d05b153f28a40cc7cd81d0580b95f65304f
stimulus_videos	/pscratch/sd/s/sjmoon/EmoViS/data/raw/CowenEmotionVideos/0238.mp4	0238.mp4	2988172	2026-05-08T05:07:28+00:00	d4b5c284a0d8e8221fba3f9565d1d3140688ae0b6583d6eda6732b7db7128693
stimulus_videos	/pscratch/sd/s/sjmoon/EmoViS/data/raw/CowenEmotionVideos/0239.mp4	0239.mp4	1051723	2026-05-08T05:07:28+00:00	330f0f2264aacc0a596384220c6037a25e43e3bbe471d31f8562f46313dbf03c
stimulus_videos	/pscratch/sd/s/sjmoon/EmoViS/data/raw/CowenEmotionVideos/0240.mp4	0240.mp4	352384	2026-05-08T05:07:24+00:00	201c0da9af3a46b941c1f96ffc010c16afce090385a8568358208fe2945f53af
stimulus_videos	/pscratch/sd/s/sjmoon/EmoViS/data/raw/CowenEmotionVideos/0241.mp4	0241.mp4	2302503	2026-05-08T05:07:24+00:00	0838f2ab2d30fa6e69001cb690e989d662f66d670ec47d8de376b75a89aed43a
stimulus_videos	/pscratch/sd/s/sjmoon/EmoViS/data/raw/CowenEmotionVideos/0242.mp4	0242.mp4	53675	2026-05-08T05:07:23+00:00	e80cbcf9c728aa95305fc6e1d9d12f135ff55be85efc7af8d2838b83dc63a902
stimulus_videos	/pscratch/sd/s/sjmoon/EmoViS/data/raw/CowenEmotionVideos/0243.mp4	0243.mp4	87757	2026-05-08T05:07:23+00:00	71ed158e960eb92c51ca8a1833c7f755b9079ceb2b268289cf06ebd533585445
stimulus_videos	/pscratch/sd/s/sjmoon/EmoViS/data/raw/CowenEmotionVideos/0244.mp4	0244.mp4	521005	2026-05-08T05:07:22+00:00	09ebff9e5093540ecbc5640cf6f2c2f9e4412508fa2713f6854364c05bba2a31
stimulus_videos	/pscratch/sd/s/sjmoon/EmoViS/data/raw/CowenEmotionVideos/0245.mp4	0245.mp4	10502032	2026-05-08T05:07:22+00:00	3a96bd8e9d9c428aa5304777dfd4c78edf7e497951ce0396b0a5041c2fe0dbdc
stimulus_videos	/pscratch/sd/s/sjmoon/EmoViS/data/raw/CowenEmotionVideos/0246.mp4	0246.mp4	545581	2026-05-08T05:07:23+00:00	c8427dddef32e03b6bf4562959a10c4823d82b57aa015b76ecfeb997fb9e5205
stimulus_videos	/pscratch/sd/s/sjmoon/EmoViS/data/raw/CowenEmotionVideos/0247.mp4	0247.mp4	76649	2026-05-08T05:07:23+00:00	ac500bb5537eb10d1e3948fcddd7ddea7fe67ba3e3ffc7697df81b21a446bf26
stimulus_videos	/pscratch/sd/s/sjmoon/EmoViS/data/raw/CowenEmotionVideos/0248.mp4	0248.mp4	173812	2026-05-08T05:07:31+00:00	5f5c98f7a4fa8d20380a678945e037fcb01dcf631cf84b8d66c61b2d2e4b5f45
stimulus_videos	/pscratch/sd/s/sjmoon/EmoViS/data/raw/CowenEmotionVideos/0249.mp4	0249.mp4	299386	2026-05-08T05:07:31+00:00	b0ea1bc46806d55301ff24962f0a6bb52b9a3c6131872e50fd9b4c4b9a48a881
stimulus_videos	/pscratch/sd/s/sjmoon/EmoViS/data/raw/CowenEmotionVideos/0250.mp4	0250.mp4	613254	2026-05-08T05:07:22+00:00	d1fee7e4c3e549fe37fd808558d85e9c7ff11da6342b6616dbeea9ba6ba8bf53
stimulus_videos	/pscratch/sd/s/sjmoon/EmoViS/data/raw/CowenEmotionVideos/0251.mp4	0251.mp4	697223	2026-05-08T05:07:22+00:00	cac8be9622a2fd5688da65fce19962efe4c6aba7b43aded3efdaf878271d0057
stimulus_videos	/pscratch/sd/s/sjmoon/EmoViS/data/raw/CowenEmotionVideos/0252.mp4	0252.mp4	217882	2026-05-08T05:07:23+00:00	7afac9bb856b1db5d94b921733a93e9319487a3a0ab6c889d324405e7be63f8f
stimulus_videos	/pscratch/sd/s/sjmoon/EmoViS/data/raw/CowenEmotionVideos/0253.mp4	0253.mp4	1091053	2026-05-08T05:07:23+00:00	2f33852d79f102edc86aca8a0fb601182e553c6c68242d55b99bad4c88cca94d
stimulus_videos	/pscratch/sd/s/sjmoon/EmoViS/data/raw/CowenEmotionVideos/0254.mp4	0254.mp4	118465	2026-05-08T05:07:24+00:00	1bf90bbfafcfe0106d55ad0cc3c146303d777227888c4eea517f691b611be16b
stimulus_videos	/pscratch/sd/s/sjmoon/EmoViS/data/raw/CowenEmotionVideos/0255.mp4	0255.mp4	723554	2026-05-08T05:07:24+00:00	6699421aff5c80545798617d6cfe23729e47438e4a99ee0fb4ebe09a05d312f7
stimulus_videos	/pscratch/sd/s/sjmoon/EmoViS/data/raw/CowenEmotionVideos/0256.mp4	0256.mp4	86183	2026-05-08T05:07:23+00:00	27dadfc8aff22dba817b2ad19b99eba744d2c32580553ed792a784ec5322299f
stimulus_videos	/pscratch/sd/s/sjmoon/EmoViS/data/raw/CowenEmotionVideos/0257.mp4	0257.mp4	2030955	2026-05-08T05:07:23+00:00	bcb17d7b09f5fb1e50d083a5e2601a3ed1ad999d2a76835337dc1df8241e58d8
stimulus_videos	/pscratch/sd/s/sjmoon/EmoViS/data/raw/CowenEmotionVideos/0258.mp4	0258.mp4	6164621	2026-05-08T05:07:29+00:00	987cf57079c2079fb9085882e4208cd30342177b55c9fbdcb84836345944cf55
stimulus_videos	/pscratch/sd/s/sjmoon/EmoViS/data/raw/CowenEmotionVideos/0259.mp4	0259.mp4	975325	2026-05-08T05:07:29+00:00	afe7b4abd0d5ecb4a7dfb6a25e01c966551a1f6acd73759414d4699e4ca72ab2
stimulus_videos	/pscratch/sd/s/sjmoon/EmoViS/data/raw/CowenEmotionVideos/0260.mp4	0260.mp4	589689	2026-05-08T05:07:31+00:00	b232c2f687de5934da1469657b978a3a01dc536fe9b6ecc80fa8e4a56632a452
stimulus_videos	/pscratch/sd/s/sjmoon/EmoViS/data/raw/CowenEmotionVideos/0261.mp4	0261.mp4	565617	2026-05-08T05:07:31+00:00	4a22050c30b09d9a987c570e8e01c294092fe5e3cf9ef0e36ffe641752001ad1
stimulus_videos	/pscratch/sd/s/sjmoon/EmoViS/data/raw/CowenEmotionVideos/0262.mp4	0262.mp4	3744764	2026-05-08T05:07:30+00:00	7299423b12557995af87185f35d93d56b3093c16f2c49acfb29fca8249231b85
stimulus_videos	/pscratch/sd/s/sjmoon/EmoViS/data/raw/CowenEmotionVideos/0263.mp4	0263.mp4	75864	2026-05-08T05:07:30+00:00	40346318a189f9966424e0276c3695b6c77b7bfa9526531176fb4db354780168
stimulus_videos	/pscratch/sd/s/sjmoon/EmoViS/data/raw/CowenEmotionVideos/0264.mp4	0264.mp4	759472	2026-05-08T05:07:29+00:00	f8b7833d2563d50bf414b06076db315b2494083e2497bc976808c04a02fba7e4
stimulus_videos	/pscratch/sd/s/sjmoon/EmoViS/data/raw/CowenEmotionVideos/0265.mp4	0265.mp4	1603632	2026-05-08T05:07:29+00:00	6d54b1c10a769ee23f8f6501355d7b6db55d084215eeaa6e16350ad390b07cc6
stimulus_videos	/pscratch/sd/s/sjmoon/EmoViS/data/raw/CowenEmotionVideos/0266.mp4	0266.mp4	805504	2026-05-08T05:07:30+00:00	261f66980fe5f370c5cd115e89f5f4653b3a953c2499aeed23d18d148a308d61
stimulus_videos	/pscratch/sd/s/sjmoon/EmoViS/data/raw/CowenEmotionVideos/0267.mp4	0267.mp4	103994	2026-05-08T05:07:30+00:00	d912a11d4f632a1d6ac2914303886f94a1e4998118b17f96682b01185babfb80
stimulus_videos	/pscratch/sd/s/sjmoon/EmoViS/data/raw/CowenEmotionVideos/0268.mp4	0268.mp4	71831	2026-05-08T05:07:24+00:00	faaa8fb64bef1bcfe018a9cf747cd4c9058c8f5a0521c1ffa06f8e5c98328497
stimulus_videos	/pscratch/sd/s/sjmoon/EmoViS/data/raw/CowenEmotionVideos/0269.mp4	0269.mp4	582651	2026-05-08T05:07:24+00:00	14f39421aad539380c24aff0f7c68d20e777bb51974b7e97eb067e7c52f023e6
stimulus_videos	/pscratch/sd/s/sjmoon/EmoViS/data/raw/CowenEmotionVideos/0270.mp4	0270.mp4	175381	2026-05-08T05:07:29+00:00	8d73c18a8144a484135566e5d973036db569b7c962d50d9fadd887314ac525dd
stimulus_videos	/pscratch/sd/s/sjmoon/EmoViS/data/raw/CowenEmotionVideos/0271.mp4	0271.mp4	682394	2026-05-08T05:07:29+00:00	2221232835c1ea4c19d48f6521a6294ca8f01e1ac5f4f6b11986c3a09ab6cda2
stimulus_videos	/pscratch/sd/s/sjmoon/EmoViS/data/raw/CowenEmotionVideos/0272.mp4	0272.mp4	236774	2026-05-08T05:07:30+00:00	b7c865e2775fc2550f8ba2ee338f2123a7cf371c5fb17cb382c57407ee720972
stimulus_videos	/pscratch/sd/s/sjmoon/EmoViS/data/raw/CowenEmotionVideos/0273.mp4	0273.mp4	156314	2026-05-08T05:07:30+00:00	1c6b88bf76b5f5e504047550f19ee26841744a47462b1711d12da214e2272547
stimulus_videos	/pscratch/sd/s/sjmoon/EmoViS/data/raw/CowenEmotionVideos/0274.mp4	0274.mp4	15061	2026-05-08T05:07:31+00:00	bc70441cbb1fcd0d6b2f3a66457b2fafff450456f330f8d21af455ad232f3741
stimulus_videos	/pscratch/sd/s/sjmoon/EmoViS/data/raw/CowenEmotionVideos/0275.mp4	0275.mp4	3551409	2026-05-08T05:07:31+00:00	bb7d10a62c347b9c7939601d5105f469aebef701973750397e534688c91d51a1
stimulus_videos	/pscratch/sd/s/sjmoon/EmoViS/data/raw/CowenEmotionVideos/0276.mp4	0276.mp4	162706	2026-05-08T05:07:30+00:00	00445d3589a6e589acc459d6563e0020ff84fe3922356ab9c0cf008cd300fb2c
stimulus_videos	/pscratch/sd/s/sjmoon/EmoViS/data/raw/CowenEmotionVideos/0277.mp4	0277.mp4	209591	2026-05-08T05:07:30+00:00	e50b398638884e7168222c6c272fa36de762e1449a4bd7097902a573b394bb66
stimulus_videos	/pscratch/sd/s/sjmoon/EmoViS/data/raw/CowenEmotionVideos/0278.mp4	0278.mp4	84452	2026-05-08T05:07:22+00:00	c275704f1d88907ce99593999fe04858c917d74f4af26ad7dc2187e5ea935fe2
stimulus_videos	/pscratch/sd/s/sjmoon/EmoViS/data/raw/CowenEmotionVideos/0279.mp4	0279.mp4	723793	2026-05-08T05:07:22+00:00	50171823280c6ef73969fe1baf48262693492a72bc83cad52bc9452a0e884cca
stimulus_videos	/pscratch/sd/s/sjmoon/EmoViS/data/raw/CowenEmotionVideos/0280.mp4	0280.mp4	447533	2026-05-08T05:07:23+00:00	a0a690183065192393e83ebf8b9b5691940fb496c7d23a747dc89bf3550c97db
stimulus_videos	/pscratch/sd/s/sjmoon/EmoViS/data/raw/CowenEmotionVideos/0281.mp4	0281.mp4	380809	2026-05-08T05:07:23+00:00	0152a3e17ddc892a98b341a70954acdc11aa2c22644e4cab57028f21751126b7
stimulus_videos	/pscratch/sd/s/sjmoon/EmoViS/data/raw/CowenEmotionVideos/0282.mp4	0282.mp4	1391410	2026-05-08T05:07:24+00:00	3af1072ae64a6eff56c981e62e1927ed3ddd0acd1584a77f25f6bfe5ee145a49
stimulus_videos	/pscratch/sd/s/sjmoon/EmoViS/data/raw/CowenEmotionVideos/0283.mp4	0283.mp4	1586534	2026-05-08T05:07:24+00:00	2a53d47810fbd171e8ee5490590a8b09c232e6a01932666e6c1e8bb5bf08b9f9
stimulus_videos	/pscratch/sd/s/sjmoon/EmoViS/data/raw/CowenEmotionVideos/0284.mp4	0284.mp4	302951	2026-05-08T05:07:23+00:00	bf69a7506377b6f7ada4ef0961e7a1d3e44834bef84da6ecc284d8d80602747e
stimulus_videos	/pscratch/sd/s/sjmoon/EmoViS/data/raw/CowenEmotionVideos/0285.mp4	0285.mp4	138033	2026-05-08T05:07:23+00:00	baf89ef743dbbfa4874103be643799881e96f484ecf3ca5aecec47d627bcd165
stimulus_videos	/pscratch/sd/s/sjmoon/EmoViS/data/raw/CowenEmotionVideos/0286.mp4	0286.mp4	1065179	2026-05-08T05:07:22+00:00	a9909b9413d885726aaa133054e843623c9fb17ffde17bccb5e7c65d10b180c4
stimulus_videos	/pscratch/sd/s/sjmoon/EmoViS/data/raw/CowenEmotionVideos/0287.mp4	0287.mp4	596319	2026-05-08T05:07:22+00:00	bab75fbf2e725fa570fe0eba6a8d740e46f8154c95fbcd63525bb4b228d8280d
stimulus_videos	/pscratch/sd/s/sjmoon/EmoViS/data/raw/CowenEmotionVideos/0288.mp4	0288.mp4	144756	2026-05-08T05:07:30+00:00	3e3e0cfe284cd3302b5b3b1f5c7c681a4ccd24db7f87b3956942983e2ef0634e
stimulus_videos	/pscratch/sd/s/sjmoon/EmoViS/data/raw/CowenEmotionVideos/0289.mp4	0289.mp4	566102	2026-05-08T05:07:30+00:00	be70aeeac7be6bf3215708dcd2d6abddd8712617d198f891267aa58d84168040
stimulus_videos	/pscratch/sd/s/sjmoon/EmoViS/data/raw/CowenEmotionVideos/0290.mp4	0290.mp4	39714	2026-05-08T05:07:23+00:00	90fded60a765e015727acfd3b49a6671a5c77d25b17d26b42eb60879c5cb31a8
stimulus_videos	/pscratch/sd/s/sjmoon/EmoViS/data/raw/CowenEmotionVideos/0291.mp4	0291.mp4	579134	2026-05-08T05:07:23+00:00	d6b01aeb98c47b578bd2ed05e98c5f078cc20c466875916c429f3d6ef3a21b50
stimulus_videos	/pscratch/sd/s/sjmoon/EmoViS/data/raw/CowenEmotionVideos/0292.mp4	0292.mp4	220022	2026-05-08T05:07:22+00:00	3953019db310aa79bde56846f81b9ed2071ffb68df534dad8755f5454581c916
stimulus_videos	/pscratch/sd/s/sjmoon/EmoViS/data/raw/CowenEmotionVideos/0293.mp4	0293.mp4	1053707	2026-05-08T05:07:22+00:00	33481be5e2f1762ad2a17a05f2bcc215487ed44a3426f7114a20dcccb2f8cb7d
stimulus_videos	/pscratch/sd/s/sjmoon/EmoViS/data/raw/CowenEmotionVideos/0294.mp4	0294.mp4	2632128	2026-05-08T05:07:23+00:00	9725e95ed761a0255afa660b0b73fba04fe77a55b418cb982f47a7e1c81ae4ba
stimulus_videos	/pscratch/sd/s/sjmoon/EmoViS/data/raw/CowenEmotionVideos/0295.mp4	0295.mp4	2417816	2026-05-08T05:07:23+00:00	c6c088ea98ae7dae68da7a2776507e5bf0261f6270fdda466a690dcdcb2456cd
stimulus_videos	/pscratch/sd/s/sjmoon/EmoViS/data/raw/CowenEmotionVideos/0296.mp4	0296.mp4	490864	2026-05-08T05:07:24+00:00	a15e2b1b10efb81b41ac0d7a93d9a03355f72e2316140442137d7422762b43ac
stimulus_videos	/pscratch/sd/s/sjmoon/EmoViS/data/raw/CowenEmotionVideos/0297.mp4	0297.mp4	3072521	2026-05-08T05:07:24+00:00	5a0fd799c26770ddca10712978a13098e2c351a7cbc2ca3a2a7c8945f7af3664
stimulus_videos	/pscratch/sd/s/sjmoon/EmoViS/data/raw/CowenEmotionVideos/0298.mp4	0298.mp4	1827530	2026-05-08T05:07:30+00:00	c69448e9e454578a8fcfcc60ab097465ed6e901c2a5a6a91850341b030050daa
stimulus_videos	/pscratch/sd/s/sjmoon/EmoViS/data/raw/CowenEmotionVideos/0299.mp4	0299.mp4	1234684	2026-05-08T05:07:30+00:00	44d2905d392d96d07b93bbcea76366d7f32fae3f12156008fc6f0f743b275fb3
stimulus_videos	/pscratch/sd/s/sjmoon/EmoViS/data/raw/CowenEmotionVideos/0300.mp4	0300.mp4	246319	2026-05-08T05:07:31+00:00	a461c2b36db102b4e2b2dbcf0836e8ebddda89850cf5e2d2aac3e231e62b7f33
stimulus_videos	/pscratch/sd/s/sjmoon/EmoViS/data/raw/CowenEmotionVideos/0301.mp4	0301.mp4	74628	2026-05-08T05:07:31+00:00	dbd53804f4c2255e47bfa10ebce54fe0bbd49551d64aa5496bdb59ebfd5b393b
stimulus_videos	/pscratch/sd/s/sjmoon/EmoViS/data/raw/CowenEmotionVideos/0302.mp4	0302.mp4	989300	2026-05-08T05:07:30+00:00	307916cad4ec959f3a5af727d815ac843eaeeb7549c96f306bb73c654388026c
stimulus_videos	/pscratch/sd/s/sjmoon/EmoViS/data/raw/CowenEmotionVideos/0303.mp4	0303.mp4	6986	2026-05-08T05:07:30+00:00	e9e216b35ed39d80a8df91b42108071a9f92a1f6f632523d59729029d2e36760
stimulus_videos	/pscratch/sd/s/sjmoon/EmoViS/data/raw/CowenEmotionVideos/0304.mp4	0304.mp4	2172087	2026-05-08T05:07:29+00:00	fde1a52308125c69f8a5f26917402d6fdbf208f5a86bebcd42a009c2a9c4ffc4
stimulus_videos	/pscratch/sd/s/sjmoon/EmoViS/data/raw/CowenEmotionVideos/0305.mp4	0305.mp4	401947	2026-05-08T05:07:29+00:00	c08e020108240eec6df1d6ec156cbff699d4bc4facf3217c9691d37c4475942b
stimulus_videos	/pscratch/sd/s/sjmoon/EmoViS/data/raw/CowenEmotionVideos/0306.mp4	0306.mp4	360154	2026-05-08T05:07:30+00:00	307e19d9068df24507e1de28773da53c19b29406776a4232f1e72003f8426c09
stimulus_videos	/pscratch/sd/s/sjmoon/EmoViS/data/raw/CowenEmotionVideos/0307.mp4	0307.mp4	82592	2026-05-08T05:07:29+00:00	6b175cce60f7f047cac042449638e7da32868decc607ac0b81dcff4e8b19eac4
stimulus_videos	/pscratch/sd/s/sjmoon/EmoViS/data/raw/CowenEmotionVideos/0308.mp4	0308.mp4	244354	2026-05-08T05:07:24+00:00	964e25037b8498fad01531e634289cde4eda2c27ec3b1db764042fa8ccf071e2
stimulus_videos	/pscratch/sd/s/sjmoon/EmoViS/data/raw/CowenEmotionVideos/0309.mp4	0309.mp4	65650	2026-05-08T05:07:24+00:00	d575e744e6e6e22c797f415f278e2e3674cb9bbf84d729474132faf51df645ec
stimulus_videos	/pscratch/sd/s/sjmoon/EmoViS/data/raw/CowenEmotionVideos/0310.mp4	0310.mp4	910684	2026-05-08T05:07:29+00:00	91f6584e64f904458c31453c904eb72bed4cfd567d245f57195e84cdd7b73537
stimulus_videos	/pscratch/sd/s/sjmoon/EmoViS/data/raw/CowenEmotionVideos/0311.mp4	0311.mp4	2047268	2026-05-08T05:07:29+00:00	a547df7b014a5f80c762a6a5ff627fabd5c54e2e8a68838a44abb8faa4d63834
stimulus_videos	/pscratch/sd/s/sjmoon/EmoViS/data/raw/CowenEmotionVideos/0312.mp4	0312.mp4	858119	2026-05-08T05:07:30+00:00	e92b5bbdb48f620287d8acbaf7108edbedcde1c1a941eb8cf18237c96c6aedf8
stimulus_videos	/pscratch/sd/s/sjmoon/EmoViS/data/raw/CowenEmotionVideos/0313.mp4	0313.mp4	142090	2026-05-08T05:07:30+00:00	2a47e1a7b18974f779fc962a21c625656a5c83a5b1136a6c5f83de93c762cf25
stimulus_videos	/pscratch/sd/s/sjmoon/EmoViS/data/raw/CowenEmotionVideos/0314.mp4	0314.mp4	252135	2026-05-08T05:07:31+00:00	23584fba7740678c9069a20cb1e84557c0e708bcec6e75fbef7731689ac79d4a
stimulus_videos	/pscratch/sd/s/sjmoon/EmoViS/data/raw/CowenEmotionVideos/0315.mp4	0315.mp4	75128	2026-05-08T05:07:31+00:00	1473d00b0ea3d5869c7cd14243df6584b8158697c025e0f8b266e5183a90fd73
stimulus_videos	/pscratch/sd/s/sjmoon/EmoViS/data/raw/CowenEmotionVideos/0316.mp4	0316.mp4	606988	2026-05-08T05:07:30+00:00	eed3d39bc54a7aa183376b947dbb705d90573c78174e058e955212da2b5f6bec
stimulus_videos	/pscratch/sd/s/sjmoon/EmoViS/data/raw/CowenEmotionVideos/0317.mp4	0317.mp4	3885068	2026-05-08T05:07:30+00:00	8c7505930a64e99100038cddc6206cbdc77e020280bd48ce4ec7925bf4c11270
stimulus_videos	/pscratch/sd/s/sjmoon/EmoViS/data/raw/CowenEmotionVideos/0318.mp4	0318.mp4	105641	2026-05-08T05:07:23+00:00	e25dc383ccdf0a893b0bcbabf2c03f2df1483c3682e517417efb20404f3b7138
stimulus_videos	/pscratch/sd/s/sjmoon/EmoViS/data/raw/CowenEmotionVideos/0319.mp4	0319.mp4	1593070	2026-05-08T05:07:22+00:00	88808ab655372650736b3b151a3bf2765cd1435816b741a5dcf270f462aa7ce7
stimulus_videos	/pscratch/sd/s/sjmoon/EmoViS/data/raw/CowenEmotionVideos/0320.mp4	0320.mp4	111897	2026-05-08T05:07:24+00:00	e058225718f5c9295169a4f49458c0db06ecbeb0de288aed2db7d36ac794a693
stimulus_videos	/pscratch/sd/s/sjmoon/EmoViS/data/raw/CowenEmotionVideos/0321.mp4	0321.mp4	913911	2026-05-08T05:07:24+00:00	967e073fb3f9228539240aa4bb1bd4932a7d9e10b2c33c93cdc5d634c207ba4c
stimulus_videos	/pscratch/sd/s/sjmoon/EmoViS/data/raw/CowenEmotionVideos/0322.mp4	0322.mp4	440710	2026-05-08T05:07:24+00:00	ceb8555de85c7af4220d5f132836e238ff8df98b633e5b80a62459e41aa300ce
stimulus_videos	/pscratch/sd/s/sjmoon/EmoViS/data/raw/CowenEmotionVideos/0323.mp4	0323.mp4	1857179	2026-05-08T05:07:23+00:00	a0dc856d593c716bd3f59110787edde535c948a0e9ed25a90a0afbbfd607a465
stimulus_videos	/pscratch/sd/s/sjmoon/EmoViS/data/raw/CowenEmotionVideos/0324.mp4	0324.mp4	380001	2026-05-08T05:07:23+00:00	998ffc44a8f19c4d4b34ce3be5643788b141f38709b243e04a84c12cd38a96c9
stimulus_videos	/pscratch/sd/s/sjmoon/EmoViS/data/raw/CowenEmotionVideos/0325.mp4	0325.mp4	342916	2026-05-08T05:07:22+00:00	743fd6725cc1d4ee30c4837730c120f38c321b66343c18eed3cf42390c99f11f
stimulus_videos	/pscratch/sd/s/sjmoon/EmoViS/data/raw/CowenEmotionVideos/0326.mp4	0326.mp4	680935	2026-05-08T05:07:23+00:00	fdcf9243e52394710dea44a6e946dc25c5b1eccc4dd8fd93a4cec3c9ea866263
stimulus_videos	/pscratch/sd/s/sjmoon/EmoViS/data/raw/CowenEmotionVideos/0327.mp4	0327.mp4	205851	2026-05-08T05:07:23+00:00	36176dd198dd87aa40f770ce4bf95b0c234d02924b811e394466796e1c83a3cf
stimulus_videos	/pscratch/sd/s/sjmoon/EmoViS/data/raw/CowenEmotionVideos/0328.mp4	0328.mp4	1036314	2026-05-08T05:07:31+00:00	70376ffec97527bbfdc559f6009034fb34f94a638f3032cd41c8c97dae1ba7be
stimulus_videos	/pscratch/sd/s/sjmoon/EmoViS/data/raw/CowenEmotionVideos/0329.mp4	0329.mp4	587286	2026-05-08T05:07:31+00:00	6909e8665a37510189e94a1e53df0349c643282e5c3988506b9f3c59d18c59de
stimulus_videos	/pscratch/sd/s/sjmoon/EmoViS/data/raw/CowenEmotionVideos/0330.mp4	0330.mp4	378027	2026-05-08T05:07:23+00:00	16de3a3e04f4cfbbb70e30c7849d0a1cd73095c9c91355f7431158d8599020e3
stimulus_videos	/pscratch/sd/s/sjmoon/EmoViS/data/raw/CowenEmotionVideos/0331.mp4	0331.mp4	663622	2026-05-08T05:07:22+00:00	792c4879198136fda468b1bb08cc7edee47adac197a8e39db178be99db677213
stimulus_videos	/pscratch/sd/s/sjmoon/EmoViS/data/raw/CowenEmotionVideos/0332.mp4	0332.mp4	287077	2026-05-08T05:07:23+00:00	be23245359f6dd1993b3d30cc59aba356292ee05b66d65d49e9e8e9033440216
stimulus_videos	/pscratch/sd/s/sjmoon/EmoViS/data/raw/CowenEmotionVideos/0333.mp4	0333.mp4	191370	2026-05-08T05:07:23+00:00	2d525a11d4d20618ab788035002074a5c7a97f8198dca0df0860c24537e17e61
stimulus_videos	/pscratch/sd/s/sjmoon/EmoViS/data/raw/CowenEmotionVideos/0334.mp4	0334.mp4	42253	2026-05-08T05:07:24+00:00	8b25190f39334d0526f2657dd6e5008b4395d194ee6a160ed886bc07afd1d041
stimulus_videos	/pscratch/sd/s/sjmoon/EmoViS/data/raw/CowenEmotionVideos/0335.mp4	0335.mp4	99051	2026-05-08T05:07:24+00:00	a5a39aab031b14df5decad0cd4b23f769265c9063f86b0b25d45114f11a9b207
stimulus_videos	/pscratch/sd/s/sjmoon/EmoViS/data/raw/CowenEmotionVideos/0336.mp4	0336.mp4	794366	2026-05-08T05:07:24+00:00	252797ae210753e223a5ebf36064b13001f233098dc61343a9c9174f40c11059
stimulus_videos	/pscratch/sd/s/sjmoon/EmoViS/data/raw/CowenEmotionVideos/0337.mp4	0337.mp4	41447	2026-05-08T05:07:23+00:00	3f15bedd843b91d574f0be690cb872e7843fa53b7b1eed2c471745f6609e412d
stimulus_videos	/pscratch/sd/s/sjmoon/EmoViS/data/raw/CowenEmotionVideos/0338.mp4	0338.mp4	946241	2026-05-08T05:07:29+00:00	b61b8ab9f541efc95826eecc05c960a672ecf8375a764bc11b0ea31b610a08fd
stimulus_videos	/pscratch/sd/s/sjmoon/EmoViS/data/raw/CowenEmotionVideos/0339.mp4	0339.mp4	159337	2026-05-08T05:07:29+00:00	8f56e6370fea367b99ab4413dcb660a9659a77ece718c3c8d10785c34b61aa20
stimulus_videos	/pscratch/sd/s/sjmoon/EmoViS/data/raw/CowenEmotionVideos/0340.mp4	0340.mp4	222061	2026-05-08T05:07:25+00:00	ab54484c792874d6cf0ceb2fb1ec47294cf015a6b469728553146afaee77861c
stimulus_videos	/pscratch/sd/s/sjmoon/EmoViS/data/raw/CowenEmotionVideos/0341.mp4	0341.mp4	2469872	2026-05-08T05:07:26+00:00	ee877b6d3f7b8ffcd4a30908bfba36f91f7e9ccaf41fd6366433fc26757c8f2b
stimulus_videos	/pscratch/sd/s/sjmoon/EmoViS/data/raw/CowenEmotionVideos/0342.mp4	0342.mp4	87124	2026-05-08T05:07:26+00:00	44386017107bea94b71cfe2f3399ba1185d1c6320eb2571cc951d9959819f07a
stimulus_videos	/pscratch/sd/s/sjmoon/EmoViS/data/raw/CowenEmotionVideos/0343.mp4	0343.mp4	3440406	2026-05-08T05:07:26+00:00	17193d9b77cdf592971adf133778603b38cd7458102ca9cc3088bd92bbdfc7ae
stimulus_videos	/pscratch/sd/s/sjmoon/EmoViS/data/raw/CowenEmotionVideos/0344.mp4	0344.mp4	314931	2026-05-08T05:07:25+00:00	861fecaf9391fbaf96cebbd4ef76ab40bbe837ff0f73f991cc6542eb7af69494
stimulus_videos	/pscratch/sd/s/sjmoon/EmoViS/data/raw/CowenEmotionVideos/0345.mp4	0345.mp4	312912	2026-05-08T05:07:25+00:00	61baef1afe0ab66fc4f986b214ad28da8ea0222fd18d63fb2c765539879ccb7b
stimulus_videos	/pscratch/sd/s/sjmoon/EmoViS/data/raw/CowenEmotionVideos/0346.mp4	0346.mp4	279707	2026-05-08T05:07:24+00:00	f1060ec1344e7680ebb60b655e9d1e85088c1b639abc8f8a8dee1fe474d7baa2
stimulus_videos	/pscratch/sd/s/sjmoon/EmoViS/data/raw/CowenEmotionVideos/0347.mp4	0347.mp4	355993	2026-05-08T05:07:25+00:00	48f76404f3695cc1f9ffb05f87900d85bae901d92a4b59379b4a66438e459efd
stimulus_videos	/pscratch/sd/s/sjmoon/EmoViS/data/raw/CowenEmotionVideos/0348.mp4	0348.mp4	103287	2026-05-08T05:07:28+00:00	1b1d018ccb6264bac0cbb668fef3ce36c3c2451c3a199c91bdaacdb369b793a1
stimulus_videos	/pscratch/sd/s/sjmoon/EmoViS/data/raw/CowenEmotionVideos/0349.mp4	0349.mp4	35203	2026-05-08T05:07:28+00:00	51a5cd1b64c0adbf46c6a4e842775dfd39cebc4c2325e00a21e565715a0044d9
stimulus_videos	/pscratch/sd/s/sjmoon/EmoViS/data/raw/CowenEmotionVideos/0350.mp4	0350.mp4	49877	2026-05-08T05:07:25+00:00	e9c5e2f6020a41cd0775d24bfc8d324cd844d3d5d76cb3caf2d75ff383c929c8
stimulus_videos	/pscratch/sd/s/sjmoon/EmoViS/data/raw/CowenEmotionVideos/0351.mp4	0351.mp4	217635	2026-05-08T05:07:25+00:00	25ab5c3685f74a1ef2160ec50b987135f2c73beef9577b8d7a66e7d2efb12b6d
stimulus_videos	/pscratch/sd/s/sjmoon/EmoViS/data/raw/CowenEmotionVideos/0352.mp4	0352.mp4	598180	2026-05-08T05:07:24+00:00	1719c580a79e7abd1260a315bbb4db4d99381e2b4b35a95a43ab2e21c2e8e7e2
stimulus_videos	/pscratch/sd/s/sjmoon/EmoViS/data/raw/CowenEmotionVideos/0353.mp4	0353.mp4	10197758	2026-05-08T05:07:25+00:00	3e49973f3a8330ee2e764c953b2b01dae530694cc0ddb4a249b23bddb795ab99
stimulus_videos	/pscratch/sd/s/sjmoon/EmoViS/data/raw/CowenEmotionVideos/0354.mp4	0354.mp4	182262	2026-05-08T05:07:25+00:00	2d2f6518f6074aa3ff71d352767001933ae00855cfa3a37a10a1b4009efa95e6
stimulus_videos	/pscratch/sd/s/sjmoon/EmoViS/data/raw/CowenEmotionVideos/0355.mp4	0355.mp4	25565	2026-05-08T05:07:26+00:00	f8bc4d546635a2a317502530c0241f668442a917e3af725aef03ff5049fb844d
stimulus_videos	/pscratch/sd/s/sjmoon/EmoViS/data/raw/CowenEmotionVideos/0356.mp4	0356.mp4	420521	2026-05-08T05:07:26+00:00	9cff374ee675db7825160925e0b1e29ec929fce81556547a2351f88a93b5aef6
stimulus_videos	/pscratch/sd/s/sjmoon/EmoViS/data/raw/CowenEmotionVideos/0357.mp4	0357.mp4	2109735	2026-05-08T05:07:26+00:00	3e6277129ad0381a14b8f12712642decb358ea4c815cb8319ee9e6be255b9fbc
stimulus_videos	/pscratch/sd/s/sjmoon/EmoViS/data/raw/CowenEmotionVideos/0358.mp4	0358.mp4	475925	2026-05-08T05:07:27+00:00	4b2ebbac6be691fd5df53ea6853e294d1a44e434038a11615cbccd643a456dfe
stimulus_videos	/pscratch/sd/s/sjmoon/EmoViS/data/raw/CowenEmotionVideos/0359.mp4	0359.mp4	93438	2026-05-08T05:07:28+00:00	1712529e399e6e3dd6221c62877ceff2bf31ed81085990d2778b15d61e070a30
stimulus_videos	/pscratch/sd/s/sjmoon/EmoViS/data/raw/CowenEmotionVideos/0360.mp4	0360.mp4	22584	2026-05-08T05:07:28+00:00	f6bb63453d19b496af0f27a4b1fe41fee3ba6589b63e2e56c608fd7e330b45b7
stimulus_videos	/pscratch/sd/s/sjmoon/EmoViS/data/raw/CowenEmotionVideos/0361.mp4	0361.mp4	869754	2026-05-08T05:07:28+00:00	6d4516ece93d1964b948871beb841b57f5419dcbd16eeeba75ce05211ba85a14
stimulus_videos	/pscratch/sd/s/sjmoon/EmoViS/data/raw/CowenEmotionVideos/0362.mp4	0362.mp4	62063	2026-05-08T05:07:28+00:00	f080d3c2095a945029014c2c34c91abeefe89e5c409ce345122b9b1372b13214
stimulus_videos	/pscratch/sd/s/sjmoon/EmoViS/data/raw/CowenEmotionVideos/0363.mp4	0363.mp4	575068	2026-05-08T05:07:29+00:00	f9d33c598fdf907bab184cbdd940588454c1aae8e39e1a3df310f2cca45b8854
stimulus_videos	/pscratch/sd/s/sjmoon/EmoViS/data/raw/CowenEmotionVideos/0364.mp4	0364.mp4	1097965	2026-05-08T05:07:27+00:00	c596d9634a99f7eba3e265eb84f2d2382637867eef01d74572db43dfab9d399e
stimulus_videos	/pscratch/sd/s/sjmoon/EmoViS/data/raw/CowenEmotionVideos/0365.mp4	0365.mp4	296324	2026-05-08T05:07:28+00:00	4e86ff5b0a67c9e6f25b43eb8a1e942e5049d32f952a20c02d2ce0452e333b5e
stimulus_videos	/pscratch/sd/s/sjmoon/EmoViS/data/raw/CowenEmotionVideos/0366.mp4	0366.mp4	5240557	2026-05-08T05:07:27+00:00	6e764c82b80258466b29a46ae36469beb385e3d9067b8001943c72116ca7b292
stimulus_videos	/pscratch/sd/s/sjmoon/EmoViS/data/raw/CowenEmotionVideos/0367.mp4	0367.mp4	471896	2026-05-08T05:07:27+00:00	f9d29ab80c500f21afe4c8e5ff1453738ad476a7d7939673d49689002c3bd99a
stimulus_videos	/pscratch/sd/s/sjmoon/EmoViS/data/raw/CowenEmotionVideos/0368.mp4	0368.mp4	155963	2026-05-08T05:07:25+00:00	de6ac505fcce95eb208818554e79556298a7d9d5421c91a20f661c0d64918698
stimulus_videos	/pscratch/sd/s/sjmoon/EmoViS/data/raw/CowenEmotionVideos/0369.mp4	0369.mp4	256799	2026-05-08T05:07:26+00:00	e5e648aa567c45d579f46bc42d53e31522f6d1ae8485169f01d0375e347268e0
stimulus_videos	/pscratch/sd/s/sjmoon/EmoViS/data/raw/CowenEmotionVideos/0370.mp4	0370.mp4	1015456	2026-05-08T05:07:27+00:00	6e29ee476e29fa177e3cb8243c3f668a702e85fec29cb0eff496380fb60154eb
stimulus_videos	/pscratch/sd/s/sjmoon/EmoViS/data/raw/CowenEmotionVideos/0371.mp4	0371.mp4	26257	2026-05-08T05:07:28+00:00	367c322d78f0a551c81a290f2b2c794b753c5160ca8281bd3c6aeb1360626810
stimulus_videos	/pscratch/sd/s/sjmoon/EmoViS/data/raw/CowenEmotionVideos/0372.mp4	0372.mp4	819417	2026-05-08T05:07:27+00:00	8f820e9f9ec8859132e9b4eda0cc3ab835158ca03509966f7589a6d76a9858ea
stimulus_videos	/pscratch/sd/s/sjmoon/EmoViS/data/raw/CowenEmotionVideos/0373.mp4	0373.mp4	77646	2026-05-08T05:07:27+00:00	2d1d66721707baecb00808d0854278c4ce002117584853e165bb7c5e0b80f592
stimulus_videos	/pscratch/sd/s/sjmoon/EmoViS/data/raw/CowenEmotionVideos/0374.mp4	0374.mp4	1964451	2026-05-08T05:07:28+00:00	9d201b7dde7ea3953fbeaabb99843451443256daa2b1dd522210c58cbc22ebe3
stimulus_videos	/pscratch/sd/s/sjmoon/EmoViS/data/raw/CowenEmotionVideos/0375.mp4	0375.mp4	417298	2026-05-08T05:07:28+00:00	6257a908cc02a85642b14f0af43322896c1c210c06720665c23c65b832332779
stimulus_videos	/pscratch/sd/s/sjmoon/EmoViS/data/raw/CowenEmotionVideos/0376.mp4	0376.mp4	1067803	2026-05-08T05:07:28+00:00	792d427fa6e779c00f21a9123f1f9ddfe0378deac454da51e8323670793b42fd
stimulus_videos	/pscratch/sd/s/sjmoon/EmoViS/data/raw/CowenEmotionVideos/0377.mp4	0377.mp4	381439	2026-05-08T05:07:29+00:00	cd3580ce03e8d84e4cb64b4e8c611f466bd58e6aef1880e85d504ca609f95736
stimulus_videos	/pscratch/sd/s/sjmoon/EmoViS/data/raw/CowenEmotionVideos/0378.mp4	0378.mp4	149887	2026-05-08T05:07:25+00:00	2db609bb3948c29d96e45ac2ead255028cb2ed90a2040ac2e6bd6529946daae7
stimulus_videos	/pscratch/sd/s/sjmoon/EmoViS/data/raw/CowenEmotionVideos/0379.mp4	0379.mp4	2066502	2026-05-08T05:07:25+00:00	5d79f4712cf9bae0224f9f9ddc2abb4708556b6a71a379953734fd6596e228a1
stimulus_videos	/pscratch/sd/s/sjmoon/EmoViS/data/raw/CowenEmotionVideos/0380.mp4	0380.mp4	142113	2026-05-08T05:07:26+00:00	47c4922d84c83dc4db9ec326d03999b64c536143811b877c974a7b12c8f0951d
stimulus_videos	/pscratch/sd/s/sjmoon/EmoViS/data/raw/CowenEmotionVideos/0381.mp4	0381.mp4	2388294	2026-05-08T05:07:26+00:00	9c6aaba873b436352a9539622ac074095491f028cf78c302d283eac77c6c0e86
stimulus_videos	/pscratch/sd/s/sjmoon/EmoViS/data/raw/CowenEmotionVideos/0382.mp4	0382.mp4	163236	2026-05-08T05:07:26+00:00	e66f84f77079620d4f2b233be4689377ca12f5e22d217eb3ae6783b2ad83f109
stimulus_videos	/pscratch/sd/s/sjmoon/EmoViS/data/raw/CowenEmotionVideos/0383.mp4	0383.mp4	2247654	2026-05-08T05:07:25+00:00	7732d88e6d83bf8b8a9675202e67fe562c994466d436c432d52e7cd9b56b2e78
stimulus_videos	/pscratch/sd/s/sjmoon/EmoViS/data/raw/CowenEmotionVideos/0384.mp4	0384.mp4	64284	2026-05-08T05:07:25+00:00	d50172aff37250fe2d4d65218b60772ed9bd81578f0bd400fd4f468bdeee4188
stimulus_videos	/pscratch/sd/s/sjmoon/EmoViS/data/raw/CowenEmotionVideos/0385.mp4	0385.mp4	1251493	2026-05-08T05:07:24+00:00	4144b72daa16ace435ebb0f61d8fe09b2f6b5d69ce6f848c7edd3b9d187bb833
stimulus_videos	/pscratch/sd/s/sjmoon/EmoViS/data/raw/CowenEmotionVideos/0386.mp4	0386.mp4	372775	2026-05-08T05:07:25+00:00	3ac13d075ab2a4b9347683637a0adb33119351d51ab533844d2632c5dbde8300
stimulus_videos	/pscratch/sd/s/sjmoon/EmoViS/data/raw/CowenEmotionVideos/0387.mp4	0387.mp4	149721	2026-05-08T05:07:25+00:00	719b4a2ad684cfcfde4b0d391addba1cd7280cfa0f7fcc594e71dbb2008ae424
stimulus_videos	/pscratch/sd/s/sjmoon/EmoViS/data/raw/CowenEmotionVideos/0388.mp4	0388.mp4	269058	2026-05-08T05:07:29+00:00	e485f367c139b5c7cd63fabc0b481e2f0ade8e540f49418d813c2e21bf76dfbb
stimulus_videos	/pscratch/sd/s/sjmoon/EmoViS/data/raw/CowenEmotionVideos/0389.mp4	0389.mp4	247493	2026-05-08T05:07:28+00:00	79d20d8d6f23f2d1b26daf791ba24fa4e5dc5b458176feef9015386691fe9f24
stimulus_videos	/pscratch/sd/s/sjmoon/EmoViS/data/raw/CowenEmotionVideos/0390.mp4	0390.mp4	149043	2026-05-08T05:07:25+00:00	3c479958a6fc83250ed210aa255c40a1e0c5bdb9a8c0078d08e6a1a4bb99ff63
stimulus_videos	/pscratch/sd/s/sjmoon/EmoViS/data/raw/CowenEmotionVideos/0391.mp4	0391.mp4	317712	2026-05-08T05:07:24+00:00	c940a586c075e601080366c43fd836089243cdd893ea3fd1ff54ab9b9512d057
stimulus_videos	/pscratch/sd/s/sjmoon/EmoViS/data/raw/CowenEmotionVideos/0392.mp4	0392.mp4	102693	2026-05-08T05:07:25+00:00	f08b5b6fdc1a02fca5e51506996d4a8f8b9450cb56c4e1e78654aca5efa99554
stimulus_videos	/pscratch/sd/s/sjmoon/EmoViS/data/raw/CowenEmotionVideos/0393.mp4	0393.mp4	53913	2026-05-08T05:07:25+00:00	781735a2d9a1f96e5685d0f43f091140ddcd97c3fd0beb8f75cc7773a92f0fa6
stimulus_videos	/pscratch/sd/s/sjmoon/EmoViS/data/raw/CowenEmotionVideos/0394.mp4	0394.mp4	1682971	2026-05-08T05:07:26+00:00	b094a77ed35268c6d83d82bd1197811022990e14d1b702cb24fe7902d6525526
stimulus_videos	/pscratch/sd/s/sjmoon/EmoViS/data/raw/CowenEmotionVideos/0395.mp4	0395.mp4	317795	2026-05-08T05:07:26+00:00	bd34a6330629112d3c8babf4083472dbf89d69482b4f7f6e0319d924786dbd7e
stimulus_videos	/pscratch/sd/s/sjmoon/EmoViS/data/raw/CowenEmotionVideos/0396.mp4	0396.mp4	162800	2026-05-08T05:07:26+00:00	fb6abfc515f014912527d2d7bfa074e6f2be9be15986a9c772f98500bac337e6
stimulus_videos	/pscratch/sd/s/sjmoon/EmoViS/data/raw/CowenEmotionVideos/0397.mp4	0397.mp4	161387	2026-05-08T05:07:25+00:00	7f7d5b97928825fc2a7e3e0c58580d4876fed3279efb27bb528e39b04ce9a566
stimulus_videos	/pscratch/sd/s/sjmoon/EmoViS/data/raw/CowenEmotionVideos/0398.mp4	0398.mp4	317375	2026-05-08T05:07:27+00:00	ecb72caac17ad85fca9d5e786ead80a4889485c862c3a0c8b37cf7ade0f07fcb
stimulus_videos	/pscratch/sd/s/sjmoon/EmoViS/data/raw/CowenEmotionVideos/0399.mp4	0399.mp4	1106247	2026-05-08T05:07:27+00:00	e5c09f81ae2bc7dce6a3bb2f1d12c2c1ae69eacacf748d996dabb4d54f160853
stimulus_videos	/pscratch/sd/s/sjmoon/EmoViS/data/raw/CowenEmotionVideos/0400.mp4	0400.mp4	205349	2026-05-08T05:07:27+00:00	1ccbd0fb467dde84214a8b6d67a06066523df7f91d11e3ae9a2fadfa8a837667
stimulus_videos	/pscratch/sd/s/sjmoon/EmoViS/data/raw/CowenEmotionVideos/0401.mp4	0401.mp4	3122367	2026-05-08T05:07:27+00:00	2e35dd6bde986b0b1ff8830a0e6b9e09bbd8f35d8772bbc62dc6709b65f7b768
stimulus_videos	/pscratch/sd/s/sjmoon/EmoViS/data/raw/CowenEmotionVideos/0402.mp4	0402.mp4	760565	2026-05-08T05:07:27+00:00	5d03ee4ed0dce19fd62900fb8eaadfe2e1118fe6b236f128d74bd17210880140
stimulus_videos	/pscratch/sd/s/sjmoon/EmoViS/data/raw/CowenEmotionVideos/0403.mp4	0403.mp4	1505207	2026-05-08T05:07:28+00:00	c81b97f55193b0f301e64d8a06b2cf1d1afee1b968d5871c05d457d5d00f5840
stimulus_videos	/pscratch/sd/s/sjmoon/EmoViS/data/raw/CowenEmotionVideos/0404.mp4	0404.mp4	2792576	2026-05-08T05:07:28+00:00	fdfcb2dcd2a790f3fe67c810eb3a895d559c465978079cef5eae9daef3f89e7c
stimulus_videos	/pscratch/sd/s/sjmoon/EmoViS/data/raw/CowenEmotionVideos/0405.mp4	0405.mp4	2435102	2026-05-08T05:07:29+00:00	c6375c4f8168c1fe7e3221b3727f6c3506f51242277480da096a9a05ae3d8558
stimulus_videos	/pscratch/sd/s/sjmoon/EmoViS/data/raw/CowenEmotionVideos/0406.mp4	0406.mp4	354539	2026-05-08T05:07:28+00:00	2b93ade148e6907d66b1ab3797167f340ba87f3663565f03a1e90b5eeb05e41d
stimulus_videos	/pscratch/sd/s/sjmoon/EmoViS/data/raw/CowenEmotionVideos/0407.mp4	0407.mp4	726972	2026-05-08T05:07:28+00:00	87903d5246b785b1df9a9a4e44afcc339b831d18059d3a4b770e4801fd517aac
stimulus_videos	/pscratch/sd/s/sjmoon/EmoViS/data/raw/CowenEmotionVideos/0408.mp4	0408.mp4	208949	2026-05-08T05:07:24+00:00	eb43d17ccaade74177b6de5ef9bcfffe168b8a8c7d8c0ee9654fab8f09b94418
stimulus_videos	/pscratch/sd/s/sjmoon/EmoViS/data/raw/CowenEmotionVideos/0409.mp4	0409.mp4	3344520	2026-05-08T05:07:25+00:00	cc321d91c8d83c16dd070e017666a2e2f50e6fce16903f42ced7ae72d4f33592
stimulus_videos	/pscratch/sd/s/sjmoon/EmoViS/data/raw/CowenEmotionVideos/0410.mp4	0410.mp4	149984	2026-05-08T05:07:28+00:00	792aa119a300fbacf400c170fddb84619b542bc54e076c60e2e57f71f4418f71
stimulus_videos	/pscratch/sd/s/sjmoon/EmoViS/data/raw/CowenEmotionVideos/0411.mp4	0411.mp4	229673	2026-05-08T05:07:29+00:00	fe5bff0d47f31ac03766161cd67d09440a4e4b25cefaeac2d1e2936bb1724a97
stimulus_videos	/pscratch/sd/s/sjmoon/EmoViS/data/raw/CowenEmotionVideos/0412.mp4	0412.mp4	1783637	2026-05-08T05:07:28+00:00	dee2c342297fc8bc4adeda47b5b127fd8efebcbc03c191a1b549d6c9fa912ff0
stimulus_videos	/pscratch/sd/s/sjmoon/EmoViS/data/raw/CowenEmotionVideos/0413.mp4	0413.mp4	78886	2026-05-08T05:07:28+00:00	b99154683cb480903390548a9a62adab70c11c128e05e6875439d4e2a5db7b16
stimulus_videos	/pscratch/sd/s/sjmoon/EmoViS/data/raw/CowenEmotionVideos/0414.mp4	0414.mp4	395377	2026-05-08T05:07:27+00:00	19c7db6cc5db02eba262af678c8cae4625ec588496cf7335fd812c2c2c8c7c41
stimulus_videos	/pscratch/sd/s/sjmoon/EmoViS/data/raw/CowenEmotionVideos/0415.mp4	0415.mp4	13174363	2026-05-08T05:07:27+00:00	6f16f4c60f5040c5758e6ea4dc0fc5af37a4578f00e9f07fd92a21bf271c55aa
stimulus_videos	/pscratch/sd/s/sjmoon/EmoViS/data/raw/CowenEmotionVideos/0416.mp4	0416.mp4	881299	2026-05-08T05:07:27+00:00	cfd6803e0bba51952aea55f2c8215f859d9e729f788a709bbf8f73d5cdbceed1
stimulus_videos	/pscratch/sd/s/sjmoon/EmoViS/data/raw/CowenEmotionVideos/0417.mp4	0417.mp4	3881298	2026-05-08T05:07:28+00:00	abbe5f589d3002afd4168507053b0994da1d2bbadfe78c1902a2723572fc7197
stimulus_videos	/pscratch/sd/s/sjmoon/EmoViS/data/raw/CowenEmotionVideos/0418.mp4	0418.mp4	84553	2026-05-08T05:07:26+00:00	24537380e1aa6a1536cf8507ca805143ef973e74259837fbf2d4cc919d0d791e
stimulus_videos	/pscratch/sd/s/sjmoon/EmoViS/data/raw/CowenEmotionVideos/0419.mp4	0419.mp4	561497	2026-05-08T05:07:26+00:00	3269e9c837cd88fdafa624a19ec2cc3c630ac54c3db4e76e50fa2f0422e241b6
stimulus_videos	/pscratch/sd/s/sjmoon/EmoViS/data/raw/CowenEmotionVideos/0420.mp4	0420.mp4	208310	2026-05-08T05:07:24+00:00	4b6e91c72bca7cbaab942260ffe94405de9bc2be2fe9abb36a3563462b73bab5
stimulus_videos	/pscratch/sd/s/sjmoon/EmoViS/data/raw/CowenEmotionVideos/0421.mp4	0421.mp4	149759	2026-05-08T05:07:25+00:00	3bd6c65a9add2356fc5a607e4a7a6a32a3cc54b95d94b802699d337667909ba2
stimulus_videos	/pscratch/sd/s/sjmoon/EmoViS/data/raw/CowenEmotionVideos/0422.mp4	0422.mp4	585652	2026-05-08T05:07:25+00:00	762755bf0eaf5d0d2752b30202fea3deed4421a88e218e5c78e7f140c22985f1
stimulus_videos	/pscratch/sd/s/sjmoon/EmoViS/data/raw/CowenEmotionVideos/0423.mp4	0423.mp4	1574431	2026-05-08T05:07:25+00:00	90ad8a0bb6577fd7c66e49382694709db64a89c01fc65a55d4ef6a8b5dfc3e20
stimulus_videos	/pscratch/sd/s/sjmoon/EmoViS/data/raw/CowenEmotionVideos/0424.mp4	0424.mp4	1857623	2026-05-08T05:07:26+00:00	1fa88a4a687deea9d71ae190c1c3ee67cb8d6d371c621eb66261c934d2f7efea
stimulus_videos	/pscratch/sd/s/sjmoon/EmoViS/data/raw/CowenEmotionVideos/0425.mp4	0425.mp4	1542948	2026-05-08T05:07:26+00:00	eaddb559b216f492b7196a87d0c5d56ee9f66d5b3b463cea4280ea0aa16320df
stimulus_videos	/pscratch/sd/s/sjmoon/EmoViS/data/raw/CowenEmotionVideos/0426.mp4	0426.mp4	912051	2026-05-08T05:07:25+00:00	4196435cfaf95e2adcf915944cdebc503b96b3c0007110b37e0adf319fb7088f
stimulus_videos	/pscratch/sd/s/sjmoon/EmoViS/data/raw/CowenEmotionVideos/0427.mp4	0427.mp4	63375	2026-05-08T05:07:26+00:00	cbb5b838d02f76f1d9fc2e2e687f3774c2514aa2d41f9b3b74d5685f5062ba91
stimulus_videos	/pscratch/sd/s/sjmoon/EmoViS/data/raw/CowenEmotionVideos/0428.mp4	0428.mp4	136117	2026-05-08T05:07:27+00:00	50b3a8f183565271d87cf3a4edc80e7bc4194bb2c7669d035d008eb688f5dc4c
stimulus_videos	/pscratch/sd/s/sjmoon/EmoViS/data/raw/CowenEmotionVideos/0429.mp4	0429.mp4	182805	2026-05-08T05:07:27+00:00	d227db529b4df45b8408b40bee7b5164d3932f1a98de4254513a5c171cfd491c
stimulus_videos	/pscratch/sd/s/sjmoon/EmoViS/data/raw/CowenEmotionVideos/0430.mp4	0430.mp4	557621	2026-05-08T05:07:26+00:00	5f5fec294d4fc0a08a31b66d6fa87c5b6391af0fab8bc5ab50f580cdca91cba9
stimulus_videos	/pscratch/sd/s/sjmoon/EmoViS/data/raw/CowenEmotionVideos/0431.mp4	0431.mp4	194852	2026-05-08T05:07:26+00:00	6d9798984ef1f592fe3662b59d10f856626991a0cb0ea454f94eba8483ccaa90
stimulus_videos	/pscratch/sd/s/sjmoon/EmoViS/data/raw/CowenEmotionVideos/0432.mp4	0432.mp4	239749	2026-05-08T05:07:25+00:00	94cfa63f34ca9500bf59f2a2f8ff1c91bcb77edda20259285cfdfc86a5575720
stimulus_videos	/pscratch/sd/s/sjmoon/EmoViS/data/raw/CowenEmotionVideos/0433.mp4	0433.mp4	153066	2026-05-08T05:07:26+00:00	e3e7d380b81860a5154797a55b52e149ecf1a42379c3f67e13fd4d641f57b514
stimulus_videos	/pscratch/sd/s/sjmoon/EmoViS/data/raw/CowenEmotionVideos/0434.mp4	0434.mp4	116260	2026-05-08T05:07:24+00:00	a4770bfbf3980e8d82869a0d4e95d189ac0273dda9c2fb8ed53ad023a3289324
stimulus_videos	/pscratch/sd/s/sjmoon/EmoViS/data/raw/CowenEmotionVideos/0435.mp4	0435.mp4	483119	2026-05-08T05:07:25+00:00	b3c62221b94d3246e1ffad31901620f2bac70c3c63d25a7f7c34caf51951b11b
stimulus_videos	/pscratch/sd/s/sjmoon/EmoViS/data/raw/CowenEmotionVideos/0436.mp4	0436.mp4	1620192	2026-05-08T05:07:25+00:00	389c456f1e2d2c22c46aafad604f4c156af49536b224eaaee61797d360f50471
stimulus_videos	/pscratch/sd/s/sjmoon/EmoViS/data/raw/CowenEmotionVideos/0437.mp4	0437.mp4	108416	2026-05-08T05:07:25+00:00	050605a1941aa72c543ca863e9b53cb350f5929877ca701d2ef9cccf4d4babad
stimulus_videos	/pscratch/sd/s/sjmoon/EmoViS/data/raw/CowenEmotionVideos/0438.mp4	0438.mp4	162960	2026-05-08T05:07:28+00:00	6b42f46af907ae44711547525758e0f1cf6de04f8ad8f78532ba4cb69463ae5d
stimulus_videos	/pscratch/sd/s/sjmoon/EmoViS/data/raw/CowenEmotionVideos/0439.mp4	0439.mp4	373541	2026-05-08T05:07:29+00:00	9de8213cd6649b8cc0d193cf33c8e4b19adbbe3d4429db8a8f7e8d0a41ea1fd0
stimulus_videos	/pscratch/sd/s/sjmoon/EmoViS/data/raw/CowenEmotionVideos/0440.mp4	0440.mp4	553843	2026-05-08T05:07:23+00:00	302f7135ce683386866b32f8a39f0964acb3c08c9773bfa3af9fe8bd5b7ab977
stimulus_videos	/pscratch/sd/s/sjmoon/EmoViS/data/raw/CowenEmotionVideos/0441.mp4	0441.mp4	67692	2026-05-08T05:07:23+00:00	a61802742618b56d69562a10739e9486041b43d818f2c245c2dc6c7860481899
stimulus_videos	/pscratch/sd/s/sjmoon/EmoViS/data/raw/CowenEmotionVideos/0442.mp4	0442.mp4	541701	2026-05-08T05:07:23+00:00	e8da98fd289f7dce30928beb97d98ec42bcbdf334afe1ec31fc4d85f4f798f47
stimulus_videos	/pscratch/sd/s/sjmoon/EmoViS/data/raw/CowenEmotionVideos/0443.mp4	0443.mp4	1527476	2026-05-08T05:07:22+00:00	0506e80b292e0d242dc3a423c7d710c814ffdac2b66e99f30f2623e50bb12d5d
stimulus_videos	/pscratch/sd/s/sjmoon/EmoViS/data/raw/CowenEmotionVideos/0444.mp4	0444.mp4	59383	2026-05-08T05:07:24+00:00	af7fc11bd753e8b8fb8dadc3fdd43de2e6776527f74600f50ecfaad591452bd6
stimulus_videos	/pscratch/sd/s/sjmoon/EmoViS/data/raw/CowenEmotionVideos/0445.mp4	0445.mp4	1012854	2026-05-08T05:07:23+00:00	5d829c422f80e89aeb00a88ade99eadecf57a81a1490e6049b86e65d249185e1
stimulus_videos	/pscratch/sd/s/sjmoon/EmoViS/data/raw/CowenEmotionVideos/0446.mp4	0446.mp4	3550366	2026-05-08T05:07:24+00:00	6ef862e8f105e7f84049eec749cd8bb6e66189a5f4835f37b6170f7ee74d41de
stimulus_videos	/pscratch/sd/s/sjmoon/EmoViS/data/raw/CowenEmotionVideos/0447.mp4	0447.mp4	232122	2026-05-08T05:07:24+00:00	b13cdd8df792d2bcd2e30277197394d1eb648d0a88bbd0c063e171ade211f585
stimulus_videos	/pscratch/sd/s/sjmoon/EmoViS/data/raw/CowenEmotionVideos/0448.mp4	0448.mp4	675405	2026-05-08T05:07:30+00:00	0431019194102e573733156895c64b484d060d47283fe7cc849de5917b0a9522
stimulus_videos	/pscratch/sd/s/sjmoon/EmoViS/data/raw/CowenEmotionVideos/0449.mp4	0449.mp4	385673	2026-05-08T05:07:30+00:00	b6158aa9c5147fb22e6cd49c979bcd7d2148a32ac0b04fcde2fd3074a87d6aa9
stimulus_videos	/pscratch/sd/s/sjmoon/EmoViS/data/raw/CowenEmotionVideos/0450.mp4	0450.mp4	367028	2026-05-08T05:07:24+00:00	eef764e99e98fd620717f9accea533689b3782b22bc88451fa2e49afd65dfd04
stimulus_videos	/pscratch/sd/s/sjmoon/EmoViS/data/raw/CowenEmotionVideos/0451.mp4	0451.mp4	2273928	2026-05-08T05:07:23+00:00	6d6f4beac0066ffcc8d237eb22d4b7d3b0ea738482fb9eb1afd9b9ed621e77f7
stimulus_videos	/pscratch/sd/s/sjmoon/EmoViS/data/raw/CowenEmotionVideos/0452.mp4	0452.mp4	423849	2026-05-08T05:07:24+00:00	27bcb93e796ed8b23765e70e267df5d8736d46d278f597eb77997693192a8a22
stimulus_videos	/pscratch/sd/s/sjmoon/EmoViS/data/raw/CowenEmotionVideos/0453.mp4	0453.mp4	22490	2026-05-08T05:07:24+00:00	dd556e9e55e7806b8db13ac1bfc7efc65a71be941128de5a4c27ef40d9a4937b
stimulus_videos	/pscratch/sd/s/sjmoon/EmoViS/data/raw/CowenEmotionVideos/0454.mp4	0454.mp4	926141	2026-05-08T05:07:23+00:00	4e7943abf6e7baecf475c2ed753b8e014b0c9225d01d11b4075addfa06a6b402
stimulus_videos	/pscratch/sd/s/sjmoon/EmoViS/data/raw/CowenEmotionVideos/0455.mp4	0455.mp4	100426	2026-05-08T05:07:23+00:00	a721e8ea05b721e3c798bfa641aced892004cff66d216d574084ac02aae5565f
stimulus_videos	/pscratch/sd/s/sjmoon/EmoViS/data/raw/CowenEmotionVideos/0456.mp4	0456.mp4	43065	2026-05-08T05:07:23+00:00	8f652169d4c34971735735dbdc1c685fd21662c3fe6831f5d1c54bafe8eccd1a
stimulus_videos	/pscratch/sd/s/sjmoon/EmoViS/data/raw/CowenEmotionVideos/0457.mp4	0457.mp4	39057	2026-05-08T05:07:22+00:00	4ce407f29448c9f85623b2d7612f3a2b7b1a780bf98a90c16c67b14dec38fa5e
stimulus_videos	/pscratch/sd/s/sjmoon/EmoViS/data/raw/CowenEmotionVideos/0458.mp4	0458.mp4	96177	2026-05-08T05:07:30+00:00	e587ba8e9ee2ddd0786e8b3c9cc75f7e700ead4ae40a90e031303883c888a9c7
stimulus_videos	/pscratch/sd/s/sjmoon/EmoViS/data/raw/CowenEmotionVideos/0459.mp4	0459.mp4	566853	2026-05-08T05:07:30+00:00	bc26e4f9b5ba29ea751c61737e3d6b848e86e3fb80ae06193d73b716ccec505d
stimulus_videos	/pscratch/sd/s/sjmoon/EmoViS/data/raw/CowenEmotionVideos/0460.mp4	0460.mp4	410483	2026-05-08T05:07:30+00:00	686c51639478130ce2034ce23f2c72e6640f0e155c4bf614feff10f4e5a46cca
stimulus_videos	/pscratch/sd/s/sjmoon/EmoViS/data/raw/CowenEmotionVideos/0461.mp4	0461.mp4	2175877	2026-05-08T05:07:29+00:00	603751cf30b37ecc99cfb84a9ddc54b7e5ab937adabd8e9ae9d071b8b8057bc3
stimulus_videos	/pscratch/sd/s/sjmoon/EmoViS/data/raw/CowenEmotionVideos/0462.mp4	0462.mp4	148873	2026-05-08T05:07:29+00:00	2721626ebaab82076f8e264e83625db61ec964eae1dd21f3c693af2511f8b472
stimulus_videos	/pscratch/sd/s/sjmoon/EmoViS/data/raw/CowenEmotionVideos/0463.mp4	0463.mp4	295180	2026-05-08T05:07:29+00:00	0afa3ecc89dca4108880a2afd4935b8e6501f8fcab25a318c0aed5947898413f
stimulus_videos	/pscratch/sd/s/sjmoon/EmoViS/data/raw/CowenEmotionVideos/0464.mp4	0464.mp4	633933	2026-05-08T05:07:30+00:00	bd45c13550f61b2bbb2f9b28d1df416b3843118948dea7ee142f6f27384d87de
stimulus_videos	/pscratch/sd/s/sjmoon/EmoViS/data/raw/CowenEmotionVideos/0465.mp4	0465.mp4	54421	2026-05-08T05:07:30+00:00	064755d0df3616c014a80bf7c625badb1b7d42d4c1d401d82d96e14f7f961a1d
stimulus_videos	/pscratch/sd/s/sjmoon/EmoViS/data/raw/CowenEmotionVideos/0466.mp4	0466.mp4	338151	2026-05-08T05:07:31+00:00	0a03477e7622791c2c9aad7384ac3df8b737e406dfed21c3f4e29087980f9dda
stimulus_videos	/pscratch/sd/s/sjmoon/EmoViS/data/raw/CowenEmotionVideos/0467.mp4	0467.mp4	63047	2026-05-08T05:07:31+00:00	182698a78fcfd13f105779ca47bc7940a1f3e9774edc4ec28488ffa0660e88f9
stimulus_videos	/pscratch/sd/s/sjmoon/EmoViS/data/raw/CowenEmotionVideos/0468.mp4	0468.mp4	145035	2026-05-08T05:07:23+00:00	5af54fe9ee52f17d73b2833bfb11adc5f25f5702a9de00da7295af0808b41b9b
stimulus_videos	/pscratch/sd/s/sjmoon/EmoViS/data/raw/CowenEmotionVideos/0469.mp4	0469.mp4	640035	2026-05-08T05:07:23+00:00	c912c0d0c308a7d05bbf6170f4c16604803f6354ded4053dc6d07c86719fe315
stimulus_videos	/pscratch/sd/s/sjmoon/EmoViS/data/raw/CowenEmotionVideos/0470.mp4	0470.mp4	120768	2026-05-08T05:07:30+00:00	4708df759e574f6883580ee8b44bf09aa12a51f415780ddb5c97531ef60b8964
stimulus_videos	/pscratch/sd/s/sjmoon/EmoViS/data/raw/CowenEmotionVideos/0471.mp4	0471.mp4	312107	2026-05-08T05:07:30+00:00	05c21c4ee8f5d03b6052a2a5bf2eea16331f0a2697531d953a435fe5d3497e2c
stimulus_videos	/pscratch/sd/s/sjmoon/EmoViS/data/raw/CowenEmotionVideos/0472.mp4	0472.mp4	192724	2026-05-08T05:07:31+00:00	e3dbec19eb3de187a2488971207e0e504827b3fc09761162cedb504ccb228c35
stimulus_videos	/pscratch/sd/s/sjmoon/EmoViS/data/raw/CowenEmotionVideos/0473.mp4	0473.mp4	146866	2026-05-08T05:07:31+00:00	ff6b44245632e273cac34b68c581a1c8f100433adc6d6318977e9a2176cfb562
stimulus_videos	/pscratch/sd/s/sjmoon/EmoViS/data/raw/CowenEmotionVideos/0474.mp4	0474.mp4	217206	2026-05-08T05:07:30+00:00	91ef5e3036ab8b01c823011f9d09c4da9fe2d53ff1528bc4f3db1260eef16ef7
stimulus_videos	/pscratch/sd/s/sjmoon/EmoViS/data/raw/CowenEmotionVideos/0475.mp4	0475.mp4	31655	2026-05-08T05:07:30+00:00	2d961385cf0d42fa0e56dfe6a560dae307b443bae4e713ded264bbba14760e30
stimulus_videos	/pscratch/sd/s/sjmoon/EmoViS/data/raw/CowenEmotionVideos/0476.mp4	0476.mp4	2010699	2026-05-08T05:07:29+00:00	4d3e3422cc676cfdda6c8900ed3e87baef65e61dd1eb7db8b9367bc43eacb663
stimulus_videos	/pscratch/sd/s/sjmoon/EmoViS/data/raw/CowenEmotionVideos/0477.mp4	0477.mp4	431055	2026-05-08T05:07:29+00:00	473e3cb1ab6ae72c6cf4a22da7a760eb3c916f9cca34f541520b4ac39e16133c
stimulus_videos	/pscratch/sd/s/sjmoon/EmoViS/data/raw/CowenEmotionVideos/0478.mp4	0478.mp4	405200	2026-05-08T05:07:24+00:00	413fdd5ad7cb333a56fdaaf19a91461c4b6832bbf28f0b50678f7705dedf74c5
stimulus_videos	/pscratch/sd/s/sjmoon/EmoViS/data/raw/CowenEmotionVideos/0479.mp4	0479.mp4	208298	2026-05-08T05:07:23+00:00	4160f3ffc59be6d5d291dd79dc0330666024809de0fb4584986ccc61353c681b
stimulus_videos	/pscratch/sd/s/sjmoon/EmoViS/data/raw/CowenEmotionVideos/0480.mp4	0480.mp4	257428	2026-05-08T05:07:22+00:00	3ff8dae7141028504f7e66bd6adee71403758a7614c1da907f77e271c071138d
stimulus_videos	/pscratch/sd/s/sjmoon/EmoViS/data/raw/CowenEmotionVideos/0481.mp4	0481.mp4	532992	2026-05-08T05:07:23+00:00	5d1b87ad9bce39446d4b40511d69147bf81d00479b91fb27b78b5c892951bda9
stimulus_videos	/pscratch/sd/s/sjmoon/EmoViS/data/raw/CowenEmotionVideos/0482.mp4	0482.mp4	448172	2026-05-08T05:07:23+00:00	f9a00af61700eb62f03850d3dfd2d577d740b688e1828e1407b2b4ba69faf454
stimulus_videos	/pscratch/sd/s/sjmoon/EmoViS/data/raw/CowenEmotionVideos/0483.mp4	0483.mp4	2929672	2026-05-08T05:07:23+00:00	1b1e88993eeea0df8d3bfcfa6405c22cb35761123408b7633a0ce1d91341d3a0
stimulus_videos	/pscratch/sd/s/sjmoon/EmoViS/data/raw/CowenEmotionVideos/0484.mp4	0484.mp4	137977	2026-05-08T05:07:24+00:00	263fa44b98740d9c6d29166f8e817c0c23e0bcb0c921524db898b2f044cfce79
stimulus_videos	/pscratch/sd/s/sjmoon/EmoViS/data/raw/CowenEmotionVideos/0485.mp4	0485.mp4	114429	2026-05-08T05:07:24+00:00	e00597f629190ebf11a039dc5272d6a9d0edbbedc874ae5951f80f97138f9e0c
stimulus_videos	/pscratch/sd/s/sjmoon/EmoViS/data/raw/CowenEmotionVideos/0486.mp4	0486.mp4	132451	2026-05-08T05:07:23+00:00	f7e37e65a449221713b19000d5bc0bc817a4dca63f3052c7e527b62be689b24f
stimulus_videos	/pscratch/sd/s/sjmoon/EmoViS/data/raw/CowenEmotionVideos/0487.mp4	0487.mp4	2093402	2026-05-08T05:07:24+00:00	449a1a4221bc4c1be0a5709cd5813d647aed5346fdd66e3cbe3ed1068cbc2987
stimulus_videos	/pscratch/sd/s/sjmoon/EmoViS/data/raw/CowenEmotionVideos/0488.mp4	0488.mp4	321827	2026-05-08T05:07:29+00:00	2090227d2bf0767183eeaba78baa4fee4de90f7959dfaf4c2bbf1b9d77fde2b2
stimulus_videos	/pscratch/sd/s/sjmoon/EmoViS/data/raw/CowenEmotionVideos/0489.mp4	0489.mp4	304861	2026-05-08T05:07:29+00:00	2ba8b265d1aef0e8333f8f7fe0d9a5ac6e6eedba5aae9b9944c9543f78b0d5b4
stimulus_videos	/pscratch/sd/s/sjmoon/EmoViS/data/raw/CowenEmotionVideos/0490.mp4	0490.mp4	44481	2026-05-08T05:07:24+00:00	999d3c3d694f3fda4ca3f26883394ace07811a23387802f40239b80f0ad59e99
stimulus_videos	/pscratch/sd/s/sjmoon/EmoViS/data/raw/CowenEmotionVideos/0491.mp4	0491.mp4	370956	2026-05-08T05:07:24+00:00	d72d104026e8ff219f98d6e6fc2300b77cf573baa1a67f3aed3f82ecc7831149
stimulus_videos	/pscratch/sd/s/sjmoon/EmoViS/data/raw/CowenEmotionVideos/0492.mp4	0492.mp4	67115	2026-05-08T05:07:23+00:00	dec3c381c76bfe7bc6b03ed2c941493e52e09de7dcfac645d89d3f27ff5b05c2
stimulus_videos	/pscratch/sd/s/sjmoon/EmoViS/data/raw/CowenEmotionVideos/0493.mp4	0493.mp4	71556	2026-05-08T05:07:24+00:00	68e40d49d30c12ec2c85900ab63d5c8a00dfb81b94a19161b88dec3e79791003
stimulus_videos	/pscratch/sd/s/sjmoon/EmoViS/data/raw/CowenEmotionVideos/0494.mp4	0494.mp4	4284304	2026-05-08T05:07:22+00:00	f9aa0b8cce927f896e0fb24124aebff83ed17fe9ea3ef737f397b9b45015c0fe
stimulus_videos	/pscratch/sd/s/sjmoon/EmoViS/data/raw/CowenEmotionVideos/0495.mp4	0495.mp4	282393	2026-05-08T05:07:23+00:00	10ac5f44e804dd3522556f8bca17807bf995f10b58992c6cda5139aad57e7cde
stimulus_videos	/pscratch/sd/s/sjmoon/EmoViS/data/raw/CowenEmotionVideos/0496.mp4	0496.mp4	115084	2026-05-08T05:07:23+00:00	fa413cb50b125f9ccddc1f091e8df3f03e5bc622d073f602da7e92ad416e63ce
stimulus_videos	/pscratch/sd/s/sjmoon/EmoViS/data/raw/CowenEmotionVideos/0497.mp4	0497.mp4	269165	2026-05-08T05:07:23+00:00	a154b4852f7035c5bd9fc90700c33fdada25a7ab13dd9bf700f94307cb7a5dc9
stimulus_videos	/pscratch/sd/s/sjmoon/EmoViS/data/raw/CowenEmotionVideos/0498.mp4	0498.mp4	1837812	2026-05-08T05:07:31+00:00	53c7a5c7b96db5a623c1611abec04d7a1ba67d8c11bb039fe72e1f4f28938956
stimulus_videos	/pscratch/sd/s/sjmoon/EmoViS/data/raw/CowenEmotionVideos/0499.mp4	0499.mp4	60203	2026-05-08T05:07:31+00:00	0cab834c9fee1c5811cebd4193031b3ab99883d60e5aefae6d6df61bfc4930fd
stimulus_videos	/pscratch/sd/s/sjmoon/EmoViS/data/raw/CowenEmotionVideos/0500.mp4	0500.mp4	4460593	2026-05-08T05:07:30+00:00	0df6ab7d26a4e2cc9089463cb1ec2fa13f2c548732c67f697003d10ccbf942d5
stimulus_videos	/pscratch/sd/s/sjmoon/EmoViS/data/raw/CowenEmotionVideos/0501.mp4	0501.mp4	126421	2026-05-08T05:07:30+00:00	c2c2eeeb60e41ca4dcb2e98975e6983804ff6cf2e24aee3167e25ea309a7cb90
stimulus_videos	/pscratch/sd/s/sjmoon/EmoViS/data/raw/CowenEmotionVideos/0502.mp4	0502.mp4	208375	2026-05-08T05:07:29+00:00	35713e767edf90c2cb331615af6901fc7c3f9b94daf4c2f64e1daa0d32c208ef
stimulus_videos	/pscratch/sd/s/sjmoon/EmoViS/data/raw/CowenEmotionVideos/0503.mp4	0503.mp4	493417	2026-05-08T05:07:29+00:00	13c6cd026b28199525ccce5ac3f3b0cf34417e0657359b844bcb04ae367ab661
stimulus_videos	/pscratch/sd/s/sjmoon/EmoViS/data/raw/CowenEmotionVideos/0504.mp4	0504.mp4	222820	2026-05-08T05:07:30+00:00	9c1a3f5d7ae5f6b8e1895c9a4894bfc2b96fa931cd247c3f16e152ef612dffb8
stimulus_videos	/pscratch/sd/s/sjmoon/EmoViS/data/raw/CowenEmotionVideos/0505.mp4	0505.mp4	159990	2026-05-08T05:07:30+00:00	da19391e65fbf5fcfff046723eec8da44606225b1f2cb7e3d800219af1502fc9
stimulus_videos	/pscratch/sd/s/sjmoon/EmoViS/data/raw/CowenEmotionVideos/0506.mp4	0506.mp4	2095781	2026-05-08T05:07:31+00:00	49b858977e5c6ae0436ec1b0f2ed787ec5beca19ea3a30f7393f2eb12575bd67
stimulus_videos	/pscratch/sd/s/sjmoon/EmoViS/data/raw/CowenEmotionVideos/0507.mp4	0507.mp4	91528	2026-05-08T05:07:31+00:00	69e0c913817835d3b2aaed0ef196961662ce8ec69b7a0ac73d95095fb1ac223a
stimulus_videos	/pscratch/sd/s/sjmoon/EmoViS/data/raw/CowenEmotionVideos/0508.mp4	0508.mp4	56835	2026-05-08T05:07:23+00:00	b1a50ecd0b9c71ab9523d9494e253717167af66effb495a658169ea2ec5dfc1c
stimulus_videos	/pscratch/sd/s/sjmoon/EmoViS/data/raw/CowenEmotionVideos/0509.mp4	0509.mp4	1435943	2026-05-08T05:07:23+00:00	c2f8d2e5d70ce1863f63cdfbc05d7ea7d5c496ef8d0e152e871f32e9bff8b001
stimulus_videos	/pscratch/sd/s/sjmoon/EmoViS/data/raw/CowenEmotionVideos/0510.mp4	0510.mp4	405890	2026-05-08T05:07:30+00:00	3436b392fd50c2c94394e6b46daa2e73dae8f8c717c2d3d9d2302314c6582004
stimulus_videos	/pscratch/sd/s/sjmoon/EmoViS/data/raw/CowenEmotionVideos/0511.mp4	0511.mp4	29451	2026-05-08T05:07:30+00:00	e853bd0140bd8e457d459458b96805e504cb191a8714585655d1e1c22e273851
stimulus_videos	/pscratch/sd/s/sjmoon/EmoViS/data/raw/CowenEmotionVideos/0512.mp4	0512.mp4	109819	2026-05-08T05:07:31+00:00	d506b3c9008e5e840b9cc955fa1d99bceeffaa9b79f73eae0f4169828a5ce105
stimulus_videos	/pscratch/sd/s/sjmoon/EmoViS/data/raw/CowenEmotionVideos/0513.mp4	0513.mp4	475204	2026-05-08T05:07:31+00:00	f08570057d77a57c23d44f96d1ea2f8165bebbb2893c2be5d1bf0cadb422780d
stimulus_videos	/pscratch/sd/s/sjmoon/EmoViS/data/raw/CowenEmotionVideos/0514.mp4	0514.mp4	123415	2026-05-08T05:07:30+00:00	40abb2708f34fd649320c02a25a9468b2cf1370f57dd40b5dbf7d6ba4a8fad0b
stimulus_videos	/pscratch/sd/s/sjmoon/EmoViS/data/raw/CowenEmotionVideos/0515.mp4	0515.mp4	25966	2026-05-08T05:07:30+00:00	b72389a21771c2ecb8f42e27e1a8089878e7e86fa7cb29452540048457e524e5
stimulus_videos	/pscratch/sd/s/sjmoon/EmoViS/data/raw/CowenEmotionVideos/0516.mp4	0516.mp4	607835	2026-05-08T05:07:29+00:00	82684f32dea3a5978c011573501f3565d4c9d824d4bab6f8d4de9f0f9a6839fa
stimulus_videos	/pscratch/sd/s/sjmoon/EmoViS/data/raw/CowenEmotionVideos/0517.mp4	0517.mp4	738185	2026-05-08T05:07:29+00:00	38245599fb1bdc6f442a88066bc1f860d23b6d67cc6a20c5b2590751a4df2d6a
stimulus_videos	/pscratch/sd/s/sjmoon/EmoViS/data/raw/CowenEmotionVideos/0518.mp4	0518.mp4	212389	2026-05-08T05:07:23+00:00	fc33303041f93cc2bb3026bf181f2afcfc132b112daac9b42ce54741b6746574
stimulus_videos	/pscratch/sd/s/sjmoon/EmoViS/data/raw/CowenEmotionVideos/0519.mp4	0519.mp4	132139	2026-05-08T05:07:23+00:00	c3a43af332a55af8aff6dbe45d5ff6f2c033af7736489d92efd03cd4fcf7a10b
stimulus_videos	/pscratch/sd/s/sjmoon/EmoViS/data/raw/CowenEmotionVideos/0520.mp4	0520.mp4	175887	2026-05-08T05:07:23+00:00	5ad39bb1f2bfb8a871af114eab221fc5dbd65bef9ddf56dde963389659210bac
stimulus_videos	/pscratch/sd/s/sjmoon/EmoViS/data/raw/CowenEmotionVideos/0521.mp4	0521.mp4	189048	2026-05-08T05:07:23+00:00	d4aa01ca77bee4b0011f8b81d24bc8ec3aaa8f0f3964d52d51bbe04669280ff0
stimulus_videos	/pscratch/sd/s/sjmoon/EmoViS/data/raw/CowenEmotionVideos/0522.mp4	0522.mp4	1140282	2026-05-08T05:07:22+00:00	8f8b9cffbcdc99f850cba5aa75e68e42886bb07cccf82038c0282daf5af29313
stimulus_videos	/pscratch/sd/s/sjmoon/EmoViS/data/raw/CowenEmotionVideos/0523.mp4	0523.mp4	470680	2026-05-08T05:07:22+00:00	921256027d0ad70ebf3fe8327a7b97d4255dd037597b0a23229b23f93c8da63b
stimulus_videos	/pscratch/sd/s/sjmoon/EmoViS/data/raw/CowenEmotionVideos/0524.mp4	0524.mp4	1558330	2026-05-08T05:07:23+00:00	eaebe8aa687504cc26140e1a1088e7d1d65c1e492ff1c83e1679c7d047fbb0f1
stimulus_videos	/pscratch/sd/s/sjmoon/EmoViS/data/raw/CowenEmotionVideos/0525.mp4	0525.mp4	254141	2026-05-08T05:07:23+00:00	971ea04fb19d915df832080df8598be1f8535fa8ff41a5797d8dc628c2fc3339
stimulus_videos	/pscratch/sd/s/sjmoon/EmoViS/data/raw/CowenEmotionVideos/0526.mp4	0526.mp4	379559	2026-05-08T05:07:24+00:00	98860fd0393d7ab71feac27d0a27889599a3f07733da4819dd62619ccc32699f
stimulus_videos	/pscratch/sd/s/sjmoon/EmoViS/data/raw/CowenEmotionVideos/0527.mp4	0527.mp4	66479	2026-05-08T05:07:24+00:00	a8803163dcac3c68828a7ed4f39333cd9bcc2b73f6d6312d6a8138a1020c4dde
stimulus_videos	/pscratch/sd/s/sjmoon/EmoViS/data/raw/CowenEmotionVideos/0528.mp4	0528.mp4	210948	2026-05-08T05:07:30+00:00	dd1d389990b63448bf15011d52094751606662f31173f71a15b6daaa7c13c902
stimulus_videos	/pscratch/sd/s/sjmoon/EmoViS/data/raw/CowenEmotionVideos/0529.mp4	0529.mp4	389266	2026-05-08T05:07:30+00:00	6af01efa7aa79002c5a9fe2ad209c8b99caabb1eed091a323775db3837b8f316
stimulus_videos	/pscratch/sd/s/sjmoon/EmoViS/data/raw/CowenEmotionVideos/0530.mp4	0530.mp4	116405	2026-05-08T05:07:23+00:00	4612c54881e72feeb44c0e2f3c20dc80e7badc638ad5fe887e398d3c7ed4d3af
stimulus_videos	/pscratch/sd/s/sjmoon/EmoViS/data/raw/CowenEmotionVideos/0531.mp4	0531.mp4	298334	2026-05-08T05:07:23+00:00	82c42c13e618107a2d3ba6f46c8af035c1e69e07bb1cff096df82fb933f9e669
stimulus_videos	/pscratch/sd/s/sjmoon/EmoViS/data/raw/CowenEmotionVideos/0532.mp4	0532.mp4	145595	2026-05-08T05:07:24+00:00	16fd563551d6218918265eb57f1c06779d6b0fc6dd727320b51db3c862968bf6
stimulus_videos	/pscratch/sd/s/sjmoon/EmoViS/data/raw/CowenEmotionVideos/0533.mp4	0533.mp4	243723	2026-05-08T05:07:24+00:00	cb252bc29b6b034eeade0cb16d370b7643e2ace3cd0223263cf6e62cb5668c7f
stimulus_videos	/pscratch/sd/s/sjmoon/EmoViS/data/raw/CowenEmotionVideos/0534.mp4	0534.mp4	843872	2026-05-08T05:07:23+00:00	9c2581925b447b7bd9e3a0765f97b01502d8850c128750fca3347ebdeec05f4b
stimulus_videos	/pscratch/sd/s/sjmoon/EmoViS/data/raw/CowenEmotionVideos/0535.mp4	0535.mp4	136761	2026-05-08T05:07:23+00:00	50485d68b6989337bf7f43e0b7ea4b97675fa44acc724a2cebdc99a9162e2a58
stimulus_videos	/pscratch/sd/s/sjmoon/EmoViS/data/raw/CowenEmotionVideos/0536.mp4	0536.mp4	281401	2026-05-08T05:07:22+00:00	a5b1d9ccb98816bd7409123605693622ccf2a5813471d7b4a8fec1e29ced5061
stimulus_videos	/pscratch/sd/s/sjmoon/EmoViS/data/raw/CowenEmotionVideos/0537.mp4	0537.mp4	118068	2026-05-08T05:07:22+00:00	448b8334c3737d28805b373ab6f937bcf0063abdb961f80a2d0bd4ddb9c3e4d4
stimulus_videos	/pscratch/sd/s/sjmoon/EmoViS/data/raw/CowenEmotionVideos/0538.mp4	0538.mp4	1386613	2026-05-08T05:07:30+00:00	9933c79bfe8ea5039676da9bcd858ca6fd4b6d72d3812a486bce7735b0a820db
stimulus_videos	/pscratch/sd/s/sjmoon/EmoViS/data/raw/CowenEmotionVideos/0539.mp4	0539.mp4	57025	2026-05-08T05:07:30+00:00	0fcf796336afa7aef18aa60c79b2a2411d946cc3c224abef4bd2b33e67dccdd6
stimulus_videos	/pscratch/sd/s/sjmoon/EmoViS/data/raw/CowenEmotionVideos/0540.mp4	0540.mp4	1009888	2026-05-08T05:07:24+00:00	f5b21bfdfb9a48109f8f527d36de1f6166c5161c27bcead349a1364b9b57e321
stimulus_videos	/pscratch/sd/s/sjmoon/EmoViS/data/raw/CowenEmotionVideos/0541.mp4	0541.mp4	387402	2026-05-08T05:07:25+00:00	077da4d609db2373be9875e6aa89c0192fe34fb383181e65e8167ee0f4c9869b
stimulus_videos	/pscratch/sd/s/sjmoon/EmoViS/data/raw/CowenEmotionVideos/0542.mp4	0542.mp4	59846	2026-05-08T05:07:25+00:00	3b71a6649d161fe662d1d1ad616d3b9387cc2208c0d31adeef05c4809d105448
stimulus_videos	/pscratch/sd/s/sjmoon/EmoViS/data/raw/CowenEmotionVideos/0543.mp4	0543.mp4	1119489	2026-05-08T05:07:25+00:00	bc0c11b3f7380727d1ec32ab9998d2da03cd51e31bb7b9b9a65341757a76e89c
stimulus_videos	/pscratch/sd/s/sjmoon/EmoViS/data/raw/CowenEmotionVideos/0544.mp4	0544.mp4	253284	2026-05-08T05:07:26+00:00	eca877d541700da5acedbcfad9875e32e483a29132e8ba09aed670bea56bc454
stimulus_videos	/pscratch/sd/s/sjmoon/EmoViS/data/raw/CowenEmotionVideos/0545.mp4	0545.mp4	170712	2026-05-08T05:07:26+00:00	1129f6ebc3599311f2de083184b174fec5fcc1c99e7958062426e085baaf60fd
stimulus_videos	/pscratch/sd/s/sjmoon/EmoViS/data/raw/CowenEmotionVideos/0546.mp4	0546.mp4	698870	2026-05-08T05:07:26+00:00	c656556ea121e5faaca1eeb7551929baa48ef7a3600244bdaf920c3aea179b1c
stimulus_videos	/pscratch/sd/s/sjmoon/EmoViS/data/raw/CowenEmotionVideos/0547.mp4	0547.mp4	280057	2026-05-08T05:07:26+00:00	cea46593af718172d1a37898052b3e159d99bce2ac5d8924e2d11bb9aa3cdfac
stimulus_videos	/pscratch/sd/s/sjmoon/EmoViS/data/raw/CowenEmotionVideos/0548.mp4	0548.mp4	398072	2026-05-08T05:07:27+00:00	536f7dda8b3d58f885ea08b06474838821407889e6e9c3440aa7a0544b983770
stimulus_videos	/pscratch/sd/s/sjmoon/EmoViS/data/raw/CowenEmotionVideos/0549.mp4	0549.mp4	913040	2026-05-08T05:07:27+00:00	2dac9d1503466059142221bc966be8e2739f5eaff2bdaa0f208f06c67084f17e
stimulus_videos	/pscratch/sd/s/sjmoon/EmoViS/data/raw/CowenEmotionVideos/0550.mp4	0550.mp4	3149083	2026-05-08T05:07:26+00:00	0902efd49a0bc67b420e9af86e3f5748b052966f02cf34ec1c6e5b39d26df1d0
stimulus_videos	/pscratch/sd/s/sjmoon/EmoViS/data/raw/CowenEmotionVideos/0551.mp4	0551.mp4	390503	2026-05-08T05:07:26+00:00	d9c251e3f9b4fc774590d52a26d5b57546b1cc7155a207c83098fcd956896dda
stimulus_videos	/pscratch/sd/s/sjmoon/EmoViS/data/raw/CowenEmotionVideos/0552.mp4	0552.mp4	89482	2026-05-08T05:07:26+00:00	65e30ce06e7f2547bd590e1d2d3869376d909960ac16d873f8fa0add6d8c651b
stimulus_videos	/pscratch/sd/s/sjmoon/EmoViS/data/raw/CowenEmotionVideos/0553.mp4	0553.mp4	104923	2026-05-08T05:07:26+00:00	94d2dabd295a2ad11f4e3e4b96c739d39fcf7fc85665956858db3882d8e460a1
stimulus_videos	/pscratch/sd/s/sjmoon/EmoViS/data/raw/CowenEmotionVideos/0554.mp4	0554.mp4	60684	2026-05-08T05:07:24+00:00	0662222c4df30309080f41a0789204d2bc333def298d55531530cfba6114a1bd
stimulus_videos	/pscratch/sd/s/sjmoon/EmoViS/data/raw/CowenEmotionVideos/0555.mp4	0555.mp4	195526	2026-05-08T05:07:24+00:00	4bdf44e2a2e881168c54062f85a1a122502369442861b91cf56c3ee2b55430d0
stimulus_videos	/pscratch/sd/s/sjmoon/EmoViS/data/raw/CowenEmotionVideos/0556.mp4	0556.mp4	145353	2026-05-08T05:07:25+00:00	6e0d4f1025d56796ad587ffa20d33ff000680e158c127c80d3ea7aa315c800fd
stimulus_videos	/pscratch/sd/s/sjmoon/EmoViS/data/raw/CowenEmotionVideos/0557.mp4	0557.mp4	171085	2026-05-08T05:07:25+00:00	0bc16b476e38b96f244c4755ed75a4050827aa22309839df91e6a4b4df510791
stimulus_videos	/pscratch/sd/s/sjmoon/EmoViS/data/raw/CowenEmotionVideos/0558.mp4	0558.mp4	967566	2026-05-08T05:07:29+00:00	68b609cda4bd1bc8bd8b43d432bac3a73105296b3d6944d293424a462cde7a2b
stimulus_videos	/pscratch/sd/s/sjmoon/EmoViS/data/raw/CowenEmotionVideos/0559.mp4	0559.mp4	508570	2026-05-08T05:07:29+00:00	a50a88d303b731c16a3b43c60a97332862fcad3c838a9abb30ef96e5e61fa332
stimulus_videos	/pscratch/sd/s/sjmoon/EmoViS/data/raw/CowenEmotionVideos/0560.mp4	0560.mp4	156737	2026-05-08T05:07:27+00:00	525e8d4500f917a595840ccaea35c6fc0eaa00d3161e67805a82c9b3d99dd741
stimulus_videos	/pscratch/sd/s/sjmoon/EmoViS/data/raw/CowenEmotionVideos/0561.mp4	0561.mp4	1556261	2026-05-08T05:07:27+00:00	ebffdf8e5759c4c821946db8c4be50717c2f84087f1698d1496c2dff04be4051
stimulus_videos	/pscratch/sd/s/sjmoon/EmoViS/data/raw/CowenEmotionVideos/0562.mp4	0562.mp4	174118	2026-05-08T05:07:27+00:00	a9e4e1b9c54c13b4560f8d5974151da9b05b76edda2a8a8d734e7d7c57e7c877
stimulus_videos	/pscratch/sd/s/sjmoon/EmoViS/data/raw/CowenEmotionVideos/0563.mp4	0563.mp4	738666	2026-05-08T05:07:28+00:00	5061dadde4e04ebb3ac7660580d82bdb8a939ccb0227d117d96414e3e1e887b1
stimulus_videos	/pscratch/sd/s/sjmoon/EmoViS/data/raw/CowenEmotionVideos/0564.mp4	0564.mp4	405039	2026-05-08T05:07:29+00:00	12a1e5cf1967d26b2832d59a0dabc2211d765c628fdd1e6401399b3fddbc65b1
stimulus_videos	/pscratch/sd/s/sjmoon/EmoViS/data/raw/CowenEmotionVideos/0565.mp4	0565.mp4	158148	2026-05-08T05:07:29+00:00	7c9bc8639dd0f767353846216e6c208ca3be338a7a11f4561a791847a8566d92
stimulus_videos	/pscratch/sd/s/sjmoon/EmoViS/data/raw/CowenEmotionVideos/0566.mp4	0566.mp4	184274	2026-05-08T05:07:28+00:00	7c62aea2704f8280a424e7ab59c94632ce6ba0d31c189793e16fdcebf3e606ad
stimulus_videos	/pscratch/sd/s/sjmoon/EmoViS/data/raw/CowenEmotionVideos/0567.mp4	0567.mp4	257034	2026-05-08T05:07:28+00:00	7d809713e378218fb4cea7dd4befe93cff6da9a895365ee2861ce48bdc9e5235
stimulus_videos	/pscratch/sd/s/sjmoon/EmoViS/data/raw/CowenEmotionVideos/0568.mp4	0568.mp4	299871	2026-05-08T05:07:24+00:00	6ddcf68d1df5f7d520af3848092829c1a6b545281b62c1abe6d129f6d2961248
stimulus_videos	/pscratch/sd/s/sjmoon/EmoViS/data/raw/CowenEmotionVideos/0569.mp4	0569.mp4	146811	2026-05-08T05:07:24+00:00	2abcebc99a4195f024530fb3c831562c213e3b189e3f8b0952040984ffa3f557
stimulus_videos	/pscratch/sd/s/sjmoon/EmoViS/data/raw/CowenEmotionVideos/0570.mp4	0570.mp4	681399	2026-05-08T05:07:29+00:00	ce5cc7bcf65e683d5e053640b27867a11894b12d28f16ea1b0bbd5d8919fb5d3
stimulus_videos	/pscratch/sd/s/sjmoon/EmoViS/data/raw/CowenEmotionVideos/0571.mp4	0571.mp4	1225731	2026-05-08T05:07:29+00:00	39747cc0a9ed11cc6a3b5a6069ba82da761e82f15a995ec0086e84bf6df5d8d4
stimulus_videos	/pscratch/sd/s/sjmoon/EmoViS/data/raw/CowenEmotionVideos/0572.mp4	0572.mp4	533172	2026-05-08T05:07:28+00:00	21d2a4325ea836d150c0412f35e7e420545d9d8d63bb98496205b93ebb5e15f4
stimulus_videos	/pscratch/sd/s/sjmoon/EmoViS/data/raw/CowenEmotionVideos/0573.mp4	0573.mp4	175428	2026-05-08T05:07:28+00:00	21a228ec2a7a4b5924aec459c10cef22e9163dbc50c86881ef06fd4d5017033f
stimulus_videos	/pscratch/sd/s/sjmoon/EmoViS/data/raw/CowenEmotionVideos/0574.mp4	0574.mp4	389303	2026-05-08T05:07:27+00:00	71a9de2f15a91febf5c09bbc070aec5aaa2d1fe3c25277917ab486f7cb144f28
stimulus_videos	/pscratch/sd/s/sjmoon/EmoViS/data/raw/CowenEmotionVideos/0575.mp4	0575.mp4	293313	2026-05-08T05:07:27+00:00	c4c5b48947a597dba175bd5e94800f6a91f8f2504e65e5cf91283f20e162d9e9
stimulus_videos	/pscratch/sd/s/sjmoon/EmoViS/data/raw/CowenEmotionVideos/0576.mp4	0576.mp4	776863	2026-05-08T05:07:27+00:00	1a9d90389c8381c782e8d41c5440f4dfb15e21b00f58f614cf00945333b9264b
stimulus_videos	/pscratch/sd/s/sjmoon/EmoViS/data/raw/CowenEmotionVideos/0577.mp4	0577.mp4	129469	2026-05-08T05:07:28+00:00	8740a0ac6d7465b8a00bed34eea6eef7d6349ac8cb9e43ed59ff93b128527f09
stimulus_videos	/pscratch/sd/s/sjmoon/EmoViS/data/raw/CowenEmotionVideos/0578.mp4	0578.mp4	352614	2026-05-08T05:07:26+00:00	7cac809dd27daf872563e396cce52d6046aa75287e29fe6e9aab1810bd4a8e7b
stimulus_videos	/pscratch/sd/s/sjmoon/EmoViS/data/raw/CowenEmotionVideos/0579.mp4	0579.mp4	686147	2026-05-08T05:07:26+00:00	88e6de4a8213e09b747337ced717186439ffabf9f6fdd69b69a6dd81698e470e
stimulus_videos	/pscratch/sd/s/sjmoon/EmoViS/data/raw/CowenEmotionVideos/0580.mp4	0580.mp4	166525	2026-05-08T05:07:25+00:00	6c8f7e050ba78667d6665dc8968d5c00decc792baa8e0d4f9833026cc529daa7
stimulus_videos	/pscratch/sd/s/sjmoon/EmoViS/data/raw/CowenEmotionVideos/0581.mp4	0581.mp4	416843	2026-05-08T05:07:25+00:00	dab0a929d640beb6f6cbea36395f7ea5a629f901790eb0a1f3ad4d7f9ab7698f
stimulus_videos	/pscratch/sd/s/sjmoon/EmoViS/data/raw/CowenEmotionVideos/0582.mp4	0582.mp4	3138359	2026-05-08T05:07:25+00:00	2937c0f3267c40a4ff843cef4e8bcceb4b51476367c6e42e5abd78f2f204c0e2
stimulus_videos	/pscratch/sd/s/sjmoon/EmoViS/data/raw/CowenEmotionVideos/0583.mp4	0583.mp4	462538	2026-05-08T05:07:24+00:00	6c7d294bd818f42535bab7b9c18a3d0899c1e3c80cd8cd2b65e5e5d141a6f622
stimulus_videos	/pscratch/sd/s/sjmoon/EmoViS/data/raw/CowenEmotionVideos/0584.mp4	0584.mp4	64193	2026-05-08T05:07:26+00:00	509d1a98f712c3ce9bad0387fbf4f4dd2794962cd78c4c54061347c58dde0913
stimulus_videos	/pscratch/sd/s/sjmoon/EmoViS/data/raw/CowenEmotionVideos/0585.mp4	0585.mp4	708690	2026-05-08T05:07:26+00:00	b0a3cc6270ff0ae6f3a8c425c5f3602549846d4f8f87d2eb0b5bf57d95113262
stimulus_videos	/pscratch/sd/s/sjmoon/EmoViS/data/raw/CowenEmotionVideos/0586.mp4	0586.mp4	572675	2026-05-08T05:07:26+00:00	710c0f19f311cb5a691ea45471c5b382e6068969b80441c86caa73afcf6c6fec
stimulus_videos	/pscratch/sd/s/sjmoon/EmoViS/data/raw/CowenEmotionVideos/0587.mp4	0587.mp4	145421	2026-05-08T05:07:26+00:00	965f56e2f10fab07ecc30cf3abf492a05bdf600dcc5cc6479d24beb105ecf4ca
stimulus_videos	/pscratch/sd/s/sjmoon/EmoViS/data/raw/CowenEmotionVideos/0588.mp4	0588.mp4	245991	2026-05-08T05:07:28+00:00	679d2c2e78b77794141a954422262a33a7ef7e5db5b7722d4632ebe6a063ff5f
stimulus_videos	/pscratch/sd/s/sjmoon/EmoViS/data/raw/CowenEmotionVideos/0589.mp4	0589.mp4	132942	2026-05-08T05:07:27+00:00	afe50d00f7d809e2db91e53aa559da9c7a4cd03bcd6a10af14557ae9e45e45f7
stimulus_videos	/pscratch/sd/s/sjmoon/EmoViS/data/raw/CowenEmotionVideos/0590.mp4	0590.mp4	284752	2026-05-08T05:07:26+00:00	817a6479cc04a860a93ae004c7debf11190d5954e6193b2735add185844f0e2c
stimulus_videos	/pscratch/sd/s/sjmoon/EmoViS/data/raw/CowenEmotionVideos/0591.mp4	0591.mp4	978671	2026-05-08T05:07:26+00:00	8b88405afff64606a705a1b9185eb4c9be1be3fb2f8eeb94b03c118eb7e4b6dd
stimulus_videos	/pscratch/sd/s/sjmoon/EmoViS/data/raw/CowenEmotionVideos/0592.mp4	0592.mp4	288832	2026-05-08T05:07:26+00:00	10b0b37f6dd38a89615f3e23a7cadb2110a9b6db644e86ec33d0da622bbd3c98
stimulus_videos	/pscratch/sd/s/sjmoon/EmoViS/data/raw/CowenEmotionVideos/0593.mp4	0593.mp4	4839989	2026-05-08T05:07:26+00:00	0ae3a599322ffbc8fabe9420f2b58d3249d54c101596d3b05aa52d7203bc2335
stimulus_videos	/pscratch/sd/s/sjmoon/EmoViS/data/raw/CowenEmotionVideos/0594.mp4	0594.mp4	227811	2026-05-08T05:07:25+00:00	84c1bf5e0333cf52cf4b6ce008e1b0b672cdb39a70317038bb16c23639a1aacf
stimulus_videos	/pscratch/sd/s/sjmoon/EmoViS/data/raw/CowenEmotionVideos/0595.mp4	0595.mp4	5531661	2026-05-08T05:07:25+00:00	90c3b32b4560a8bfb69273b84d876744640858f39335fee5e3bb5a674f269e3e
stimulus_videos	/pscratch/sd/s/sjmoon/EmoViS/data/raw/CowenEmotionVideos/0596.mp4	0596.mp4	157499	2026-05-08T05:07:25+00:00	42764abc89c785da1f3e1306e026eea2339746bd3f2b7527f1c59c77441ec27f
stimulus_videos	/pscratch/sd/s/sjmoon/EmoViS/data/raw/CowenEmotionVideos/0597.mp4	0597.mp4	4717495	2026-05-08T05:07:24+00:00	b3c8168fb4ac00a6a2bcaec7b8ab0dca351f580dedb2784bac2bef8b4a553141
stimulus_videos	/pscratch/sd/s/sjmoon/EmoViS/data/raw/CowenEmotionVideos/0598.mp4	0598.mp4	711846	2026-05-08T05:07:28+00:00	db682eabd4a0d566b614e1155b4b616e249e6e5d2586dfe820cdcfc0b7ffa66f
stimulus_videos	/pscratch/sd/s/sjmoon/EmoViS/data/raw/CowenEmotionVideos/0599.mp4	0599.mp4	1470939	2026-05-08T05:07:28+00:00	285988f968b2e5fba72d0a51b3f982a2a55ec2125beec2a1a1ec7585221f35c9
stimulus_videos	/pscratch/sd/s/sjmoon/EmoViS/data/raw/CowenEmotionVideos/0600.mp4	0600.mp4	807628	2026-05-08T05:07:27+00:00	464430d7ac048ec2c54039217953e670e3eff525bdcccb5b227a55b5664b3a1a
stimulus_videos	/pscratch/sd/s/sjmoon/EmoViS/data/raw/CowenEmotionVideos/0601.mp4	0601.mp4	143814	2026-05-08T05:07:28+00:00	dd2ae81e20b2f24c9dc4a97e08d38872a5ada9e0711c821a989d1a418201dab2
stimulus_videos	/pscratch/sd/s/sjmoon/EmoViS/data/raw/CowenEmotionVideos/0602.mp4	0602.mp4	446645	2026-05-08T05:07:27+00:00	5e4a191fe614c96538dd6c8a2da7c0b9789c827c1c566ce20d821fa94bb7d638
stimulus_videos	/pscratch/sd/s/sjmoon/EmoViS/data/raw/CowenEmotionVideos/0603.mp4	0603.mp4	1394982	2026-05-08T05:07:27+00:00	1c6e9942d0f30658cbcd2055204d3bc7ad1616feaffd3eb50d5b03cfc17a4bdc
stimulus_videos	/pscratch/sd/s/sjmoon/EmoViS/data/raw/CowenEmotionVideos/0604.mp4	0604.mp4	226202	2026-05-08T05:07:28+00:00	58e2838df01384bbf92efc394acaffed9a54b733df0d8af3dd7e594284f8d0a0
stimulus_videos	/pscratch/sd/s/sjmoon/EmoViS/data/raw/CowenEmotionVideos/0605.mp4	0605.mp4	144806	2026-05-08T05:07:28+00:00	80cefac26172f6d2e8db57fa519c3d9f99d98bb480a2fcbb408807c0c741dac4
stimulus_videos	/pscratch/sd/s/sjmoon/EmoViS/data/raw/CowenEmotionVideos/0606.mp4	0606.mp4	323262	2026-05-08T05:07:28+00:00	e7528aa19ac656a4940f7d712df3a526b34b091721f155cda2894f8032852dc7
stimulus_videos	/pscratch/sd/s/sjmoon/EmoViS/data/raw/CowenEmotionVideos/0607.mp4	0607.mp4	878444	2026-05-08T05:07:29+00:00	78da678bbc3490f0492ca540de754865bf4b268c7ce1a2664f9917d1b4db2c76
stimulus_videos	/pscratch/sd/s/sjmoon/EmoViS/data/raw/CowenEmotionVideos/0608.mp4	0608.mp4	118354	2026-05-08T05:07:25+00:00	3072ae794cfd3d7a4c171f52b7c230e4315b30527ab5e8570bc2ec08d04b2821
stimulus_videos	/pscratch/sd/s/sjmoon/EmoViS/data/raw/CowenEmotionVideos/0609.mp4	0609.mp4	293171	2026-05-08T05:07:25+00:00	2b592b206f9a9830e89edecd3e14fa5d0d3329b62bd3936c9ee44790a2628d9b
stimulus_videos	/pscratch/sd/s/sjmoon/EmoViS/data/raw/CowenEmotionVideos/0610.mp4	0610.mp4	249092	2026-05-08T05:07:28+00:00	9f968f30b10dc7cefe35e87ee188e581ecc6980dc808ee3813cb821ae6f69bbe
stimulus_videos	/pscratch/sd/s/sjmoon/EmoViS/data/raw/CowenEmotionVideos/0611.mp4	0611.mp4	464925	2026-05-08T05:07:28+00:00	8aef17a5d87e0d17be9060706f02464f1903705e9920883f54989de3a6f7cf26
stimulus_videos	/pscratch/sd/s/sjmoon/EmoViS/data/raw/CowenEmotionVideos/0612.mp4	0612.mp4	501230	2026-05-08T05:07:28+00:00	3fc599b2bf18b5c63d36b4f4942d84b4bbf0f4b489b235a016b13bb18611acfa
stimulus_videos	/pscratch/sd/s/sjmoon/EmoViS/data/raw/CowenEmotionVideos/0613.mp4	0613.mp4	13160296	2026-05-08T05:07:29+00:00	99c53cdf6a8e2f5927837a3cd4908ef690390ac1f7ade29084b7e2d949c79a5c
stimulus_videos	/pscratch/sd/s/sjmoon/EmoViS/data/raw/CowenEmotionVideos/0614.mp4	0614.mp4	645242	2026-05-08T05:07:27+00:00	57e56df880c7b14138861a70b1fd164ef338b98672c9e3d4aa2e31534ba9f80f
stimulus_videos	/pscratch/sd/s/sjmoon/EmoViS/data/raw/CowenEmotionVideos/0615.mp4	0615.mp4	373503	2026-05-08T05:07:28+00:00	7be81603b091b73428daebb1b39b9b16a9f0c45d8b563dd9c7599862f886d520
stimulus_videos	/pscratch/sd/s/sjmoon/EmoViS/data/raw/CowenEmotionVideos/0616.mp4	0616.mp4	643682	2026-05-08T05:07:27+00:00	daa9a0c24ab07397ba2bb98df1738ec57165c75e80fd7ba2387f8b5fc19b3ec9
stimulus_videos	/pscratch/sd/s/sjmoon/EmoViS/data/raw/CowenEmotionVideos/0617.mp4	0617.mp4	223798	2026-05-08T05:07:27+00:00	eb84d945ac74d7abd3cd37ab7038e384b09d5c8402dfee46187f5a3b406fa473
stimulus_videos	/pscratch/sd/s/sjmoon/EmoViS/data/raw/CowenEmotionVideos/0618.mp4	0618.mp4	1031607	2026-05-08T05:07:25+00:00	822f5a17033964f638b3ab646d0596bbafb716bd24ae15b0445159f9983f4940
stimulus_videos	/pscratch/sd/s/sjmoon/EmoViS/data/raw/CowenEmotionVideos/0619.mp4	0619.mp4	2690032	2026-05-08T05:07:26+00:00	7ceab468553b2219f81a618af212b8ffe7f34fbe4ed4b527e881ab7d640b0360
stimulus_videos	/pscratch/sd/s/sjmoon/EmoViS/data/raw/CowenEmotionVideos/0620.mp4	0620.mp4	153884	2026-05-08T05:07:25+00:00	488ea4413691700caa63db5e3a60d2cbdbdaea54f55b05cfb244636eb0eae5bf
stimulus_videos	/pscratch/sd/s/sjmoon/EmoViS/data/raw/CowenEmotionVideos/0621.mp4	0621.mp4	6047363	2026-05-08T05:07:25+00:00	f33eac2257e3db4bad9905f43804562c2282ca376808ef8c58448e90eeedac9a
stimulus_videos	/pscratch/sd/s/sjmoon/EmoViS/data/raw/CowenEmotionVideos/0622.mp4	0622.mp4	907602	2026-05-08T05:07:24+00:00	6c55c53950d454ae83f915906ded332d35f216c1a7405f88eb1f5fe6213b1d2f
stimulus_videos	/pscratch/sd/s/sjmoon/EmoViS/data/raw/CowenEmotionVideos/0623.mp4	0623.mp4	68161	2026-05-08T05:07:25+00:00	8a5e84a9d97a2eccc5872ba3ab5d525670886dcc9077bdfb89dcc47d19dba05a
stimulus_videos	/pscratch/sd/s/sjmoon/EmoViS/data/raw/CowenEmotionVideos/0624.mp4	0624.mp4	178552	2026-05-08T05:07:25+00:00	a80632a5f49aa77d674322af020bc66bc6aa7ec678a3aca8a9fbdb4c23ab3566
stimulus_videos	/pscratch/sd/s/sjmoon/EmoViS/data/raw/CowenEmotionVideos/0625.mp4	0625.mp4	379693	2026-05-08T05:07:26+00:00	859055a862d7fed66794ad0d77c91f594d0120269b9681d969828258d66fb370
stimulus_videos	/pscratch/sd/s/sjmoon/EmoViS/data/raw/CowenEmotionVideos/0626.mp4	0626.mp4	871904	2026-05-08T05:07:26+00:00	b86e3cfdbc8429449fa6096b19c3de79f3554ce218526ad01f630c5deeb311c4
stimulus_videos	/pscratch/sd/s/sjmoon/EmoViS/data/raw/CowenEmotionVideos/0627.mp4	0627.mp4	124442	2026-05-08T05:07:26+00:00	aa22c673e8d05431601e7031b463be5134993cdd2dd39a1a3f2fbb7cc54d1d96
stimulus_videos	/pscratch/sd/s/sjmoon/EmoViS/data/raw/CowenEmotionVideos/0628.mp4	0628.mp4	239021	2026-05-08T05:07:27+00:00	362e2434f48096b4504333309805beec31d0cdcdbfae3d20a8e1c606841b2e32
stimulus_videos	/pscratch/sd/s/sjmoon/EmoViS/data/raw/CowenEmotionVideos/0629.mp4	0629.mp4	49902	2026-05-08T05:07:28+00:00	2a144115356378f2c980b8a62f2168c62a584d023be932b02fc85b7537301166
stimulus_videos	/pscratch/sd/s/sjmoon/EmoViS/data/raw/CowenEmotionVideos/0630.mp4	0630.mp4	310475	2026-05-08T05:07:26+00:00	a215d4dc58c4587e97cc98c0b5aad16a4b35baf4d719757f0dec8764987b4fb0
stimulus_videos	/pscratch/sd/s/sjmoon/EmoViS/data/raw/CowenEmotionVideos/0631.mp4	0631.mp4	635155	2026-05-08T05:07:26+00:00	6cad9434f63c7d07614d3012655813f3859951b2a16881f6401392486808cbdc
stimulus_videos	/pscratch/sd/s/sjmoon/EmoViS/data/raw/CowenEmotionVideos/0632.mp4	0632.mp4	626486	2026-05-08T05:07:26+00:00	185608f34215b6cf06ccbd5a544e88ee018c261000997b58203ad8a9c9cf8a03
stimulus_videos	/pscratch/sd/s/sjmoon/EmoViS/data/raw/CowenEmotionVideos/0633.mp4	0633.mp4	1074144	2026-05-08T05:07:26+00:00	97e6abe7de839d696cd3ce5db0edd4d076ac8a436cfbd94c57e6e43e4e991604
stimulus_videos	/pscratch/sd/s/sjmoon/EmoViS/data/raw/CowenEmotionVideos/0634.mp4	0634.mp4	9782520	2026-05-08T05:07:25+00:00	9719345193136b52e334d28317ca25fad475fa306d4a5abfb8f13db7904e3906
stimulus_videos	/pscratch/sd/s/sjmoon/EmoViS/data/raw/CowenEmotionVideos/0635.mp4	0635.mp4	206948	2026-05-08T05:07:25+00:00	e414c5c663c1e1107c11445ab68f5a59c09ae4f7cb4abd3453f831ed9c79fccc
stimulus_videos	/pscratch/sd/s/sjmoon/EmoViS/data/raw/CowenEmotionVideos/0636.mp4	0636.mp4	1491639	2026-05-08T05:07:24+00:00	e81cd453b0456af55b148d4ac88e7d47cbf8c4286246964e32c29161e8b9d193
stimulus_videos	/pscratch/sd/s/sjmoon/EmoViS/data/raw/CowenEmotionVideos/0637.mp4	0637.mp4	120070	2026-05-08T05:07:25+00:00	b2a4691a2595fe8ce162a827e1308cc5b8b20080c9e1f9e3541cb8b0ed534cb6
stimulus_videos	/pscratch/sd/s/sjmoon/EmoViS/data/raw/CowenEmotionVideos/0638.mp4	0638.mp4	130450	2026-05-08T05:07:28+00:00	ebdbe9e08fffda35c1aefeda45709bb4fb5c66fd6adf588ba2e251e8dcf9c399
stimulus_videos	/pscratch/sd/s/sjmoon/EmoViS/data/raw/CowenEmotionVideos/0639.mp4	0639.mp4	162309	2026-05-08T05:07:28+00:00	4ce322889c21e40357283a9d341ac178a894999d435e92136675902b527e94ce
stimulus_videos	/pscratch/sd/s/sjmoon/EmoViS/data/raw/CowenEmotionVideos/0640.mp4	0640.mp4	129312	2026-05-08T05:07:23+00:00	e4fdf6c3fe7567eff04034acb830f9dca92d8d337071c8e7a71abeb6c3409f7e
stimulus_videos	/pscratch/sd/s/sjmoon/EmoViS/data/raw/CowenEmotionVideos/0641.mp4	0641.mp4	89221	2026-05-08T05:07:22+00:00	f478100d6be5d2410b80732a1eae72511945482b3bda82dbdef4c909feca92c4
stimulus_videos	/pscratch/sd/s/sjmoon/EmoViS/data/raw/CowenEmotionVideos/0642.mp4	0642.mp4	142135	2026-05-08T05:07:23+00:00	75f7f42fd9fb02282c30e02fb0ffad58d4532286f29197f6d244c4d655f4f440
stimulus_videos	/pscratch/sd/s/sjmoon/EmoViS/data/raw/CowenEmotionVideos/0643.mp4	0643.mp4	2047744	2026-05-08T05:07:23+00:00	6359491d9185f7332106a49d1cfec04bf65c7dc5a8b4931af705f4e20c44138a
stimulus_videos	/pscratch/sd/s/sjmoon/EmoViS/data/raw/CowenEmotionVideos/0644.mp4	0644.mp4	193445	2026-05-08T05:07:24+00:00	b8f3eb7cf6ad5901d531108d9daf3258d147bdb47254dc6a09bf8ae0d6cb801c
stimulus_videos	/pscratch/sd/s/sjmoon/EmoViS/data/raw/CowenEmotionVideos/0645.mp4	0645.mp4	33875	2026-05-08T05:07:24+00:00	092ee460e40f4bb8ee9d01391e51819b8b721e7e1aafcf8d2e0bea2bfda5eace
stimulus_videos	/pscratch/sd/s/sjmoon/EmoViS/data/raw/CowenEmotionVideos/0646.mp4	0646.mp4	208958	2026-05-08T05:07:24+00:00	ae2f23c8316cdda45dfedbd634ec49e1bb4a0067d5bad2dbb0984aa43b8161aa
stimulus_videos	/pscratch/sd/s/sjmoon/EmoViS/data/raw/CowenEmotionVideos/0647.mp4	0647.mp4	52214	2026-05-08T05:07:23+00:00	c4ec480018950302e8e743b40fbe1101507dcad6dc169720ea2fa658e3b09a91
stimulus_videos	/pscratch/sd/s/sjmoon/EmoViS/data/raw/CowenEmotionVideos/0648.mp4	0648.mp4	1134033	2026-05-08T05:07:29+00:00	0491956310ed390f1a453262b1270751a21781a526ede16ea93de22c8937eb49
stimulus_videos	/pscratch/sd/s/sjmoon/EmoViS/data/raw/CowenEmotionVideos/0649.mp4	0649.mp4	419962	2026-05-08T05:07:29+00:00	182f9142607e6635557a8f8bdc2d6e74468cfdf289e0d6aa4bc05a57679a77e0
stimulus_videos	/pscratch/sd/s/sjmoon/EmoViS/data/raw/CowenEmotionVideos/0650.mp4	0650.mp4	143558	2026-05-08T05:07:24+00:00	04f4e3179f8d53e6b9a30eafde028012b8069128adb5857179e7a44c3878b254
stimulus_videos	/pscratch/sd/s/sjmoon/EmoViS/data/raw/CowenEmotionVideos/0651.mp4	0651.mp4	417321	2026-05-08T05:07:24+00:00	eb216660d063b726cb046353d683acd7280bf898787d506adbba39d3608edba4
stimulus_videos	/pscratch/sd/s/sjmoon/EmoViS/data/raw/CowenEmotionVideos/0652.mp4	0652.mp4	983216	2026-05-08T05:07:24+00:00	7330d6807792752ab3692df2d2b6dcf35622a59de1a4fad65634f27e6b07d865
stimulus_videos	/pscratch/sd/s/sjmoon/EmoViS/data/raw/CowenEmotionVideos/0653.mp4	0653.mp4	210914	2026-05-08T05:07:23+00:00	d942581106c66ff51ce5b6139590009a3f84f2996b168914f37888751ed17168
stimulus_videos	/pscratch/sd/s/sjmoon/EmoViS/data/raw/CowenEmotionVideos/0654.mp4	0654.mp4	55555	2026-05-08T05:07:23+00:00	0f9037126544fa2d1f7ebb807f7fc0d99fe2a81cee7e40a5d56d7e6fa0ecb84a
stimulus_videos	/pscratch/sd/s/sjmoon/EmoViS/data/raw/CowenEmotionVideos/0655.mp4	0655.mp4	58038	2026-05-08T05:07:22+00:00	7a18fd138d1292540741660360d498a973ddfcd89dccfbfa817ef6ba62ef0530
stimulus_videos	/pscratch/sd/s/sjmoon/EmoViS/data/raw/CowenEmotionVideos/0656.mp4	0656.mp4	1132454	2026-05-08T05:07:23+00:00	331cbb2311a6d810916a3ca7c9cb2813c7884c74824713c46cef182750dc7b48
stimulus_videos	/pscratch/sd/s/sjmoon/EmoViS/data/raw/CowenEmotionVideos/0657.mp4	0657.mp4	4141078	2026-05-08T05:07:23+00:00	9acb5df21d21fc592cd71b56bb2cfe38eac59969046426d0c05296dcf85fa008
stimulus_videos	/pscratch/sd/s/sjmoon/EmoViS/data/raw/CowenEmotionVideos/0658.mp4	0658.mp4	145732	2026-05-08T05:07:31+00:00	8686ef324b354c44370ed869f5d1be6ecf6c27d14bbee36f76f2fcd82374e90e
stimulus_videos	/pscratch/sd/s/sjmoon/EmoViS/data/raw/CowenEmotionVideos/0659.mp4	0659.mp4	251723	2026-05-08T05:07:31+00:00	c7e5c6b0041e2348076b86a83388ef1aad128718715b2036bfc9788dbebd7aa4
stimulus_videos	/pscratch/sd/s/sjmoon/EmoViS/data/raw/CowenEmotionVideos/0660.mp4	0660.mp4	5532981	2026-05-08T05:07:29+00:00	5a56f07c77cd7bd9111b893e500f7f60757fa94553cdb1269f10410374599783
stimulus_videos	/pscratch/sd/s/sjmoon/EmoViS/data/raw/CowenEmotionVideos/0661.mp4	0661.mp4	76734	2026-05-08T05:07:29+00:00	371f214729ae894abfbc2e4ad8cb305ef4ec7ce79b78b183d6a4e91c44bb5774
stimulus_videos	/pscratch/sd/s/sjmoon/EmoViS/data/raw/CowenEmotionVideos/0662.mp4	0662.mp4	500855	2026-05-08T05:07:30+00:00	e52b3e2076d2edc9e05d4c3479956712f5ca6b2f22402189fb74e2187389a0d0
stimulus_videos	/pscratch/sd/s/sjmoon/EmoViS/data/raw/CowenEmotionVideos/0663.mp4	0663.mp4	280281	2026-05-08T05:07:30+00:00	6f001d3d7f2350e23d5d21854616502b789e57a99da95580cdda77c36b0bffec
stimulus_videos	/pscratch/sd/s/sjmoon/EmoViS/data/raw/CowenEmotionVideos/0664.mp4	0664.mp4	482429	2026-05-08T05:07:31+00:00	3688addca42ae24ef56be366d90bcde07a4e81d6bf12593bc0562deb635c7b34
stimulus_videos	/pscratch/sd/s/sjmoon/EmoViS/data/raw/CowenEmotionVideos/0665.mp4	0665.mp4	86761	2026-05-08T05:07:31+00:00	8090e3d939094acfedf52e005e0e7b92ddebdb381be360e9fef7b914cd4433a1
stimulus_videos	/pscratch/sd/s/sjmoon/EmoViS/data/raw/CowenEmotionVideos/0666.mp4	0666.mp4	417050	2026-05-08T05:07:30+00:00	14107d4087f49cacaf0b9ab3ee82483ad4996b3483e0cf4ae067c28555056350
stimulus_videos	/pscratch/sd/s/sjmoon/EmoViS/data/raw/CowenEmotionVideos/0667.mp4	0667.mp4	491933	2026-05-08T05:07:30+00:00	76a0a82e148339ec1115c4c307fb507eadf91f2c5303be7f55b179399a545b9f
stimulus_videos	/pscratch/sd/s/sjmoon/EmoViS/data/raw/CowenEmotionVideos/0668.mp4	0668.mp4	286897	2026-05-08T05:07:22+00:00	70eb9c2da8e7af1f6b8e2fd01e4d908795e1e9cfafc6c9b0e6074b581aad3107
stimulus_videos	/pscratch/sd/s/sjmoon/EmoViS/data/raw/CowenEmotionVideos/0669.mp4	0669.mp4	187353	2026-05-08T05:07:22+00:00	25e3cd9bcaa2b5a3354af5a3c00db9fe183608dc94d72a3373120b8bc6690fb5
stimulus_videos	/pscratch/sd/s/sjmoon/EmoViS/data/raw/CowenEmotionVideos/0670.mp4	0670.mp4	6075930	2026-05-08T05:07:31+00:00	e5d6b02cc1860695b68c07513c0e5ea3d3e7672eda428cc998f04c158a017230
stimulus_videos	/pscratch/sd/s/sjmoon/EmoViS/data/raw/CowenEmotionVideos/0671.mp4	0671.mp4	192322	2026-05-08T05:07:31+00:00	d581240cc55f3748ad48d3b1135ebdfd57cc3f6c320b34e8df213826b6fa33ce
stimulus_videos	/pscratch/sd/s/sjmoon/EmoViS/data/raw/CowenEmotionVideos/0672.mp4	0672.mp4	4815545	2026-05-08T05:07:30+00:00	5cf207114a13a9b0b5de089d41baea880a980c35490e29fa0fc856399c704133
stimulus_videos	/pscratch/sd/s/sjmoon/EmoViS/data/raw/CowenEmotionVideos/0673.mp4	0673.mp4	149540	2026-05-08T05:07:30+00:00	61746728cf8a065ccac8317490f3d82ad534ffe7c15ffcbaba02a2fc37b0a009
stimulus_videos	/pscratch/sd/s/sjmoon/EmoViS/data/raw/CowenEmotionVideos/0674.mp4	0674.mp4	939807	2026-05-08T05:07:29+00:00	aba4f203ddcd743c49db5f4d593232a4e831b7420c8dd52ab4f9400b36ab0f19
stimulus_videos	/pscratch/sd/s/sjmoon/EmoViS/data/raw/CowenEmotionVideos/0675.mp4	0675.mp4	2027666	2026-05-08T05:07:29+00:00	e4fda8c1c753d2c4c2837a2778495396abb40455642ccf4f90860c5f4e44ba95
stimulus_videos	/pscratch/sd/s/sjmoon/EmoViS/data/raw/CowenEmotionVideos/0676.mp4	0676.mp4	1727942	2026-05-08T05:07:30+00:00	2e445568e736a28d3c7a3f5002d45468acac8614996e94a77ea3de9f5f7b99f1
stimulus_videos	/pscratch/sd/s/sjmoon/EmoViS/data/raw/CowenEmotionVideos/0677.mp4	0677.mp4	2475280	2026-05-08T05:07:30+00:00	eb4cde7e129c5ab659b726259044ffae9304998c1f3bf10dd6d2e94b17eeb98f
stimulus_videos	/pscratch/sd/s/sjmoon/EmoViS/data/raw/CowenEmotionVideos/0678.mp4	0678.mp4	131064	2026-05-08T05:07:24+00:00	095c4e8e997e1949f4aa96be21ea53808d5a39630b69f65cdfa8b44100202946
stimulus_videos	/pscratch/sd/s/sjmoon/EmoViS/data/raw/CowenEmotionVideos/0679.mp4	0679.mp4	145713	2026-05-08T05:07:24+00:00	f868f691d0c6f5d26b5e6fea841708bd33e1a5a2ad05154ed49b25ffb892e100
stimulus_videos	/pscratch/sd/s/sjmoon/EmoViS/data/raw/CowenEmotionVideos/0680.mp4	0680.mp4	2021440	2026-05-08T05:07:23+00:00	396f4789ca4590585047166176a845682fe6a113e5c1a4df80cefcf9c1807b64
stimulus_videos	/pscratch/sd/s/sjmoon/EmoViS/data/raw/CowenEmotionVideos/0681.mp4	0681.mp4	236280	2026-05-08T05:07:23+00:00	c9c71d2e50a88a39c85ac8ec50e279fe843521e01d935dbd47ff2d64f88be8cb
stimulus_videos	/pscratch/sd/s/sjmoon/EmoViS/data/raw/CowenEmotionVideos/0682.mp4	0682.mp4	72492	2026-05-08T05:07:22+00:00	18c02c54b2f13bd6faba1454aefd96ee029ab62805f384770d973aea267d6c0f
stimulus_videos	/pscratch/sd/s/sjmoon/EmoViS/data/raw/CowenEmotionVideos/0683.mp4	0683.mp4	146158	2026-05-08T05:07:23+00:00	1182c90cc074e7543e3d899b0f6cf187baceeb1fd461af4066e2132fb98b5089
stimulus_videos	/pscratch/sd/s/sjmoon/EmoViS/data/raw/CowenEmotionVideos/0684.mp4	0684.mp4	2510997	2026-05-08T05:07:23+00:00	549dc7e2c9e3c09143c11fe7d9124b190d12c507f6b625ceae7e8a5d4030dff9
stimulus_videos	/pscratch/sd/s/sjmoon/EmoViS/data/raw/CowenEmotionVideos/0685.mp4	0685.mp4	355256	2026-05-08T05:07:24+00:00	40699bf62d5b577a3d8abb02563b53085f756e60708d6c9395e9f2d7ba5ee2f2
stimulus_videos	/pscratch/sd/s/sjmoon/EmoViS/data/raw/CowenEmotionVideos/0686.mp4	0686.mp4	445469	2026-05-08T05:07:24+00:00	db1e32c150be336e3cbccc3690bc9fda5540094e517e399116007bf44b5efb9f
stimulus_videos	/pscratch/sd/s/sjmoon/EmoViS/data/raw/CowenEmotionVideos/0687.mp4	0687.mp4	477072	2026-05-08T05:07:24+00:00	00892087fe4b1870da265909b9087938d466bf9165e0a58ac76931f9a3eb5f06
stimulus_videos	/pscratch/sd/s/sjmoon/EmoViS/data/raw/CowenEmotionVideos/0688.mp4	0688.mp4	841980	2026-05-08T05:07:30+00:00	1153af32e9802de6e7451118e0f065476cfa672ff38913a772f67efd424bbd5a
stimulus_videos	/pscratch/sd/s/sjmoon/EmoViS/data/raw/CowenEmotionVideos/0689.mp4	0689.mp4	502259	2026-05-08T05:07:30+00:00	3f324e3709ba5b6467c48325641072261fdd4007b59bd1d3fa92ea93dddc888c
stimulus_videos	/pscratch/sd/s/sjmoon/EmoViS/data/raw/CowenEmotionVideos/0690.mp4	0690.mp4	231572	2026-05-08T05:07:23+00:00	afb9463278cfa0eb2e9e48992682f8d0daa77e282f4bb81919dd42289d858bbc
stimulus_videos	/pscratch/sd/s/sjmoon/EmoViS/data/raw/CowenEmotionVideos/0691.mp4	0691.mp4	147905	2026-05-08T05:07:24+00:00	1a4b9ae4560e1c07f21078ce3d069683b32ae599203146779a93c629b514ea09
stimulus_videos	/pscratch/sd/s/sjmoon/EmoViS/data/raw/CowenEmotionVideos/0692.mp4	0692.mp4	150032	2026-05-08T05:07:24+00:00	45a92e781638a658bafd0e49a85bf1b194a1afc55afac210a79bb6284093055e
stimulus_videos	/pscratch/sd/s/sjmoon/EmoViS/data/raw/CowenEmotionVideos/0693.mp4	0693.mp4	132996	2026-05-08T05:07:24+00:00	5a0d146e8d15e261c97947abedd74fdf6281e80fa553600ea2b2681ff056d35a
stimulus_videos	/pscratch/sd/s/sjmoon/EmoViS/data/raw/CowenEmotionVideos/0694.mp4	0694.mp4	65946	2026-05-08T05:07:23+00:00	c3ef11ec890a897d0b4b63235384f01735a5c90f095d32aa7841deaf726588fc
stimulus_videos	/pscratch/sd/s/sjmoon/EmoViS/data/raw/CowenEmotionVideos/0695.mp4	0695.mp4	49297	2026-05-08T05:07:23+00:00	7997941df4a8ae7fc62a09c814636ed6980dee804a79a2cb95d7039d9b6f4424
stimulus_videos	/pscratch/sd/s/sjmoon/EmoViS/data/raw/CowenEmotionVideos/0696.mp4	0696.mp4	140956	2026-05-08T05:07:22+00:00	5688dcff4e74dfabf0df86970fd263c7e795ddb2547a54a4167bd213a5d9bcd8
stimulus_videos	/pscratch/sd/s/sjmoon/EmoViS/data/raw/CowenEmotionVideos/0697.mp4	0697.mp4	377480	2026-05-08T05:07:23+00:00	90a214925034a0e3a38f22a5086fe9d7755ac10d900247a5f7d36d2d539d7297
stimulus_videos	/pscratch/sd/s/sjmoon/EmoViS/data/raw/CowenEmotionVideos/0698.mp4	0698.mp4	990668	2026-05-08T05:07:30+00:00	c2a8a84576fb4ff3beef1ac62a6eb43918fc0680d55c61daae4f5b5985bbce6b
stimulus_videos	/pscratch/sd/s/sjmoon/EmoViS/data/raw/CowenEmotionVideos/0699.mp4	0699.mp4	1967260	2026-05-08T05:07:30+00:00	705412d16a5403301dee345cc3c9fd6ad03d7cd6997aa96b34200db12cd4871e
stimulus_videos	/pscratch/sd/s/sjmoon/EmoViS/data/raw/CowenEmotionVideos/0700.mp4	0700.mp4	1783350	2026-05-08T05:07:29+00:00	cb31f9614e43671e0a75c9fdbf6347eea8d518d9bb178d244b251635c20f13af
stimulus_videos	/pscratch/sd/s/sjmoon/EmoViS/data/raw/CowenEmotionVideos/0701.mp4	0701.mp4	245208	2026-05-08T05:07:29+00:00	bb3d3da8dd588a2fbcb69377a3d80213238e1d899dd99ce94c6a415a649a444f
stimulus_videos	/pscratch/sd/s/sjmoon/EmoViS/data/raw/CowenEmotionVideos/0702.mp4	0702.mp4	359018	2026-05-08T05:07:30+00:00	9d7de2aae40607b003140c86291ad5d56821c01261f7095ebef1755fbf3622ea
stimulus_videos	/pscratch/sd/s/sjmoon/EmoViS/data/raw/CowenEmotionVideos/0703.mp4	0703.mp4	164449	2026-05-08T05:07:30+00:00	b21d4e6f50cd37f7be4eb23b665be20479e35869134e65754e6c0e63cab9d688
stimulus_videos	/pscratch/sd/s/sjmoon/EmoViS/data/raw/CowenEmotionVideos/0704.mp4	0704.mp4	94509	2026-05-08T05:07:31+00:00	9bc0dbec37722f33f914321c6f964bb24181779158406665cbe6b525cb749cc4
stimulus_videos	/pscratch/sd/s/sjmoon/EmoViS/data/raw/CowenEmotionVideos/0705.mp4	0705.mp4	1246568	2026-05-08T05:07:31+00:00	cd623d9b5295222bb6ca9de551537cb0458ef4cf8442f7dfefd8319bb6db9769
stimulus_videos	/pscratch/sd/s/sjmoon/EmoViS/data/raw/CowenEmotionVideos/0706.mp4	0706.mp4	306837	2026-05-08T05:07:30+00:00	2f792847d3198d6aac1917f6fa55f9ab1843771c575123b76b90e05a091d7742
stimulus_videos	/pscratch/sd/s/sjmoon/EmoViS/data/raw/CowenEmotionVideos/0707.mp4	0707.mp4	23657	2026-05-08T05:07:30+00:00	0ee55fdcf05cbc4f4cf88b8f04f39df1ea5a2b08873b8f4b2d1a243930800d27
stimulus_videos	/pscratch/sd/s/sjmoon/EmoViS/data/raw/CowenEmotionVideos/0708.mp4	0708.mp4	1592955	2026-05-08T05:07:22+00:00	1bae1408aaa11c54a8b9ce0ba5a22ee9c037a1318a15a6a76660b793acc53137
stimulus_videos	/pscratch/sd/s/sjmoon/EmoViS/data/raw/CowenEmotionVideos/0709.mp4	0709.mp4	52212	2026-05-08T05:07:22+00:00	f87eef490eb7633bcb2c38ce343a526473f5cd2b41f57d2782a2bbed6338b236
stimulus_videos	/pscratch/sd/s/sjmoon/EmoViS/data/raw/CowenEmotionVideos/0710.mp4	0710.mp4	50566	2026-05-08T05:07:31+00:00	82eab3c61f8908283377765c4d84dcb38d11c0d982803a26d79be7157b7fa7f2
stimulus_videos	/pscratch/sd/s/sjmoon/EmoViS/data/raw/CowenEmotionVideos/0711.mp4	0711.mp4	346669	2026-05-08T05:07:31+00:00	7c35058938dd17bd3a196386fcd3ffd1ff2a5d8b0d63418211fe2aeffc971fe0
stimulus_videos	/pscratch/sd/s/sjmoon/EmoViS/data/raw/CowenEmotionVideos/0712.mp4	0712.mp4	130487	2026-05-08T05:07:30+00:00	5f416a583900fb0226c62932a8803fd0564a5ab4683b8831bf9e6a5e08babc9b
stimulus_videos	/pscratch/sd/s/sjmoon/EmoViS/data/raw/CowenEmotionVideos/0713.mp4	0713.mp4	307340	2026-05-08T05:07:30+00:00	ad6b79095aa898bfc59ca5263fdb64df5dcffe4c564b7c6c35e479f453ff606b
stimulus_videos	/pscratch/sd/s/sjmoon/EmoViS/data/raw/CowenEmotionVideos/0714.mp4	0714.mp4	1905768	2026-05-08T05:07:29+00:00	d9e3abd12ac533b775de6edd8134a0ad4e1af236761475bf647b0ac258c53837
stimulus_videos	/pscratch/sd/s/sjmoon/EmoViS/data/raw/CowenEmotionVideos/0715.mp4	0715.mp4	65129	2026-05-08T05:07:29+00:00	a31d45d89b9484ea3b374d2e6e671b82448cc24f8e5f3d3a6f4ab39cfcd0fadb
stimulus_videos	/pscratch/sd/s/sjmoon/EmoViS/data/raw/CowenEmotionVideos/0716.mp4	0716.mp4	497273	2026-05-08T05:07:30+00:00	0ec5ae1791cdea8af1d84660b9379fde78722732b966a1893ea951cc84943394
stimulus_videos	/pscratch/sd/s/sjmoon/EmoViS/data/raw/CowenEmotionVideos/0717.mp4	0717.mp4	177882	2026-05-08T05:07:30+00:00	c61fb11ed9edb639731e5965d449e5be0f4f679f61577d3a28c5cb1693e5783c
stimulus_videos	/pscratch/sd/s/sjmoon/EmoViS/data/raw/CowenEmotionVideos/0718.mp4	0718.mp4	112403	2026-05-08T05:07:24+00:00	821fb64d596fc186ea20f2f876b2b4e7cd16ccb57a1d1680603ae1c5a61ed26e
stimulus_videos	/pscratch/sd/s/sjmoon/EmoViS/data/raw/CowenEmotionVideos/0719.mp4	0719.mp4	324218	2026-05-08T05:07:24+00:00	977c96a9b69b79fc87d4fb6a4e385c08e27567030d3400cbfabe66895da03d74
stimulus_videos	/pscratch/sd/s/sjmoon/EmoViS/data/raw/CowenEmotionVideos/0720.mp4	0720.mp4	554672	2026-05-08T05:07:22+00:00	39d3912168eff949f8208671713c5310d309699846108bc4eaeafe0a6db88b09
stimulus_videos	/pscratch/sd/s/sjmoon/EmoViS/data/raw/CowenEmotionVideos/0721.mp4	0721.mp4	341995	2026-05-08T05:07:22+00:00	edde379e83587dcd1f712251f8686eb73683296e07c5442b6e87af2ec1a47dc1
stimulus_videos	/pscratch/sd/s/sjmoon/EmoViS/data/raw/CowenEmotionVideos/0722.mp4	0722.mp4	492744	2026-05-08T05:07:23+00:00	94efac87594b066337b2ad812daaa1cb8358bd49e1e93f29db182deba4a7b95c
stimulus_videos	/pscratch/sd/s/sjmoon/EmoViS/data/raw/CowenEmotionVideos/0723.mp4	0723.mp4	221611	2026-05-08T05:07:23+00:00	edcad47c84e1827d6bc4b3affa3f0e1301a4d2723ae2d4bf149d56cc47e9f766
stimulus_videos	/pscratch/sd/s/sjmoon/EmoViS/data/raw/CowenEmotionVideos/0724.mp4	0724.mp4	1070721	2026-05-08T05:07:24+00:00	680999e99a5185249742dff4b78a5f4000b9d05c736158eedc99dbd53f298126
stimulus_videos	/pscratch/sd/s/sjmoon/EmoViS/data/raw/CowenEmotionVideos/0725.mp4	0725.mp4	3036159	2026-05-08T05:07:24+00:00	e4fbb02b92bd0488c8ff172baffc9a6657929aa43ad2379d04ff0cd7f41aa2d2
stimulus_videos	/pscratch/sd/s/sjmoon/EmoViS/data/raw/CowenEmotionVideos/0726.mp4	0726.mp4	294737	2026-05-08T05:07:23+00:00	041c21e8fde495549c22d34cfe4329ad8d257b779fe4fd214d2e4515ec4b7c09
stimulus_videos	/pscratch/sd/s/sjmoon/EmoViS/data/raw/CowenEmotionVideos/0727.mp4	0727.mp4	779708	2026-05-08T05:07:23+00:00	2920a6fec18d7ee0973207e0feeae83b964367835fbbff6abf33e7dccee9b40c
stimulus_videos	/pscratch/sd/s/sjmoon/EmoViS/data/raw/CowenEmotionVideos/0728.mp4	0728.mp4	281178	2026-05-08T05:07:29+00:00	5e627596f1c63fef89e0df75b7f83dd39ec5e8e115ec04d5f2f42a9e990f7e2b
stimulus_videos	/pscratch/sd/s/sjmoon/EmoViS/data/raw/CowenEmotionVideos/0729.mp4	0729.mp4	148620	2026-05-08T05:07:29+00:00	0284418640f54dd47eb23d56c258fdac4826c6cb5a4be8cf8cadbc3be51f2ef6
stimulus_videos	/pscratch/sd/s/sjmoon/EmoViS/data/raw/CowenEmotionVideos/0730.mp4	0730.mp4	184997	2026-05-08T05:07:24+00:00	9ab6e9ee39a951309f42cf2f31e246a6b46bbc16ec97d2662f2415264bea0c0d
stimulus_videos	/pscratch/sd/s/sjmoon/EmoViS/data/raw/CowenEmotionVideos/0731.mp4	0731.mp4	431773	2026-05-08T05:07:24+00:00	96147475918cdb7c223de2304d13080b4f3424a2f9af3c43779c0970995fcd06
stimulus_videos	/pscratch/sd/s/sjmoon/EmoViS/data/raw/CowenEmotionVideos/0732.mp4	0732.mp4	2677407	2026-05-08T05:07:23+00:00	f40fb84afc43d50448ff42f953671b7fa0a457572c00dfccdf929cf491b3d4ca
stimulus_videos	/pscratch/sd/s/sjmoon/EmoViS/data/raw/CowenEmotionVideos/0733.mp4	0733.mp4	1137651	2026-05-08T05:07:23+00:00	4b5c95f9bf5ff16c18dde1c0003c7741915d7f428956b61968eb8f59aeed5916
stimulus_videos	/pscratch/sd/s/sjmoon/EmoViS/data/raw/CowenEmotionVideos/0734.mp4	0734.mp4	300636	2026-05-08T05:07:22+00:00	1dbcb9e509d9cc21b2b462d917eb95f33846c2ed9b1d145d2cf4bf760ba02e42
stimulus_videos	/pscratch/sd/s/sjmoon/EmoViS/data/raw/CowenEmotionVideos/0735.mp4	0735.mp4	7553330	2026-05-08T05:07:22+00:00	bde25c98fe39cfb559edda5bd86c6c92fe889c7b7f257c0328291742c96f8d50
stimulus_videos	/pscratch/sd/s/sjmoon/EmoViS/data/raw/CowenEmotionVideos/0736.mp4	0736.mp4	209572	2026-05-08T05:07:23+00:00	51c37822d128f307742c7e45332174ce6ea8f877ff9dae6f732e7a68bb66c139
stimulus_videos	/pscratch/sd/s/sjmoon/EmoViS/data/raw/CowenEmotionVideos/0737.mp4	0737.mp4	82418	2026-05-08T05:07:23+00:00	1a67c107248923dc446036ed4c0ccb41360fb4e680055b26813844a760fc507e
stimulus_videos	/pscratch/sd/s/sjmoon/EmoViS/data/raw/CowenEmotionVideos/0738.mp4	0738.mp4	1079159	2026-05-08T05:07:31+00:00	afd7e72d643e3401f08dfa8761cdb1703bb84673641317bfb72db57d903e2317
stimulus_videos	/pscratch/sd/s/sjmoon/EmoViS/data/raw/CowenEmotionVideos/0739.mp4	0739.mp4	187496	2026-05-08T05:07:31+00:00	026918536b66b65de6ae1912f77e249a5a01484907e9a8dae05be73d3cf22ba9
stimulus_videos	/pscratch/sd/s/sjmoon/EmoViS/data/raw/CowenEmotionVideos/0740.mp4	0740.mp4	180555	2026-05-08T05:07:25+00:00	a926b22d8820219e56b490330375f9eddd22452ed0abe6d9565338cb49dc4f71
stimulus_videos	/pscratch/sd/s/sjmoon/EmoViS/data/raw/CowenEmotionVideos/0741.mp4	0741.mp4	461437	2026-05-08T05:07:25+00:00	00384fbcf035879120f38e4d1c7552fe0d0b989814809e3765fbd75cb1f53151
stimulus_videos	/pscratch/sd/s/sjmoon/EmoViS/data/raw/CowenEmotionVideos/0742.mp4	0742.mp4	380324	2026-05-08T05:07:24+00:00	b24d631d3df55429dddd19bc635b8b95a3f64b53714f0a3d6e720c6b1d4f036c
stimulus_videos	/pscratch/sd/s/sjmoon/EmoViS/data/raw/CowenEmotionVideos/0743.mp4	0743.mp4	295326	2026-05-08T05:07:25+00:00	51853534f4ac3616f6cff2e6b2d45cc2e98897b94ca838670a57ad60cd3635fa
stimulus_videos	/pscratch/sd/s/sjmoon/EmoViS/data/raw/CowenEmotionVideos/0744.mp4	0744.mp4	396285	2026-05-08T05:07:26+00:00	da4e8f7fcdd3e698fd96b1b0ecc685fd7c96ab57853ba85890b7760c0aea633a
stimulus_videos	/pscratch/sd/s/sjmoon/EmoViS/data/raw/CowenEmotionVideos/0745.mp4	0745.mp4	293655	2026-05-08T05:07:26+00:00	fcabbeba3669806d0581524dc017a103c98973f01500c44c0fad4b128ecdb889
stimulus_videos	/pscratch/sd/s/sjmoon/EmoViS/data/raw/CowenEmotionVideos/0746.mp4	0746.mp4	327272	2026-05-08T05:07:26+00:00	e9af532c7bf518d14f4bb8d3a1107f315aea6021457ce70b810568b2cb2eaab6
stimulus_videos	/pscratch/sd/s/sjmoon/EmoViS/data/raw/CowenEmotionVideos/0747.mp4	0747.mp4	2555515	2026-05-08T05:07:26+00:00	38665299e06add920ab3dd51cddba0af6899adce369378679c22504f54eb06b7
stimulus_videos	/pscratch/sd/s/sjmoon/EmoViS/data/raw/CowenEmotionVideos/0748.mp4	0748.mp4	212455	2026-05-08T05:07:27+00:00	68975fbd5922395974bc8537835428b337c4fbcd0674af3a422b358c8b1b4452
stimulus_videos	/pscratch/sd/s/sjmoon/EmoViS/data/raw/CowenEmotionVideos/0749.mp4	0749.mp4	63507	2026-05-08T05:07:28+00:00	9bbfa2f41fa755d564d57db33f51d3c4f53c9dd5dc7fa81bf928ca88be8be45e
stimulus_videos	/pscratch/sd/s/sjmoon/EmoViS/data/raw/CowenEmotionVideos/0750.mp4	0750.mp4	1114334	2026-05-08T05:07:26+00:00	3d3717752b3fac0f2fb8b18c5f7bb6205f10da9ff6808875c8dfd0410e0e3c78
stimulus_videos	/pscratch/sd/s/sjmoon/EmoViS/data/raw/CowenEmotionVideos/0751.mp4	0751.mp4	1086805	2026-05-08T05:07:26+00:00	9f8ee3002eccb94c3a66a63fbca4fd660cda6e9f0f4fc52ddbe32d4600d37fbd
stimulus_videos	/pscratch/sd/s/sjmoon/EmoViS/data/raw/CowenEmotionVideos/0752.mp4	0752.mp4	136195	2026-05-08T05:07:26+00:00	4a1ebfaadb3a71062a506d05f98d50669340f645c844afa78211ff4a30cc2b1e
stimulus_videos	/pscratch/sd/s/sjmoon/EmoViS/data/raw/CowenEmotionVideos/0753.mp4	0753.mp4	330063	2026-05-08T05:07:26+00:00	a762ea0a01b9451549a0d1214fb24e0170835c6d0d03785f48d2c32beb39cfce
stimulus_videos	/pscratch/sd/s/sjmoon/EmoViS/data/raw/CowenEmotionVideos/0754.mp4	0754.mp4	81619	2026-05-08T05:07:25+00:00	5b7f346046c6fee931722b2ecd285d0f99db37084232890f956d1aa48f767a94
stimulus_videos	/pscratch/sd/s/sjmoon/EmoViS/data/raw/CowenEmotionVideos/0755.mp4	0755.mp4	617652	2026-05-08T05:07:25+00:00	d11d407894306e2b76f8198ba8ddce6336c4d92f07ebbe4ee390ef9e020db6c0
stimulus_videos	/pscratch/sd/s/sjmoon/EmoViS/data/raw/CowenEmotionVideos/0756.mp4	0756.mp4	98003	2026-05-08T05:07:24+00:00	e7c4e5e30a5fe5017177432e029a9277537fd2869e5f03b32f9df19c95225482
stimulus_videos	/pscratch/sd/s/sjmoon/EmoViS/data/raw/CowenEmotionVideos/0757.mp4	0757.mp4	194121	2026-05-08T05:07:25+00:00	22d50032ff84e5ac577b2472e90de6cff73ef690c5671ce67dfcf0a1d9419987
stimulus_videos	/pscratch/sd/s/sjmoon/EmoViS/data/raw/CowenEmotionVideos/0758.mp4	0758.mp4	402900	2026-05-08T05:07:28+00:00	22c24ea9c2794ce19f693a8334c177168a8631fde37224613c4832fe030b75a2
stimulus_videos	/pscratch/sd/s/sjmoon/EmoViS/data/raw/CowenEmotionVideos/0759.mp4	0759.mp4	1394128	2026-05-08T05:07:28+00:00	900f55d45a554fa28a8e1ca14b71411682a7df420406d62c50e4dfe15a8b3f37
stimulus_videos	/pscratch/sd/s/sjmoon/EmoViS/data/raw/CowenEmotionVideos/0760.mp4	0760.mp4	164313	2026-05-08T05:07:27+00:00	b00c5ee7e4766413527dca186d75c73c35916404c7abce0c7944b3153b21081f
stimulus_videos	/pscratch/sd/s/sjmoon/EmoViS/data/raw/CowenEmotionVideos/0761.mp4	0761.mp4	97934	2026-05-08T05:07:28+00:00	4f88078a3361438eb52cfd968a12683fa288e0554922753108963ee392f7e8fc
stimulus_videos	/pscratch/sd/s/sjmoon/EmoViS/data/raw/CowenEmotionVideos/0762.mp4	0762.mp4	8876004	2026-05-08T05:07:27+00:00	fce7bbda73e0bb3e6e66ff8fa4f82db7ab23ce17dfd743d32c1b0b36929787e5
stimulus_videos	/pscratch/sd/s/sjmoon/EmoViS/data/raw/CowenEmotionVideos/0763.mp4	0763.mp4	7324691	2026-05-08T05:07:27+00:00	32436d30c4bc5bb70b17e6981539d33879c5d7e4d05175316cfb8b43f3b3b36d
stimulus_videos	/pscratch/sd/s/sjmoon/EmoViS/data/raw/CowenEmotionVideos/0764.mp4	0764.mp4	24573	2026-05-08T05:07:28+00:00	79af96f5766ba0f92ce9a8bd99734c38d98568471acaaae82e21ceb3329fec79
stimulus_videos	/pscratch/sd/s/sjmoon/EmoViS/data/raw/CowenEmotionVideos/0765.mp4	0765.mp4	1037249	2026-05-08T05:07:28+00:00	5c4a424583c3c71b688f2beb1208a2b23d9f3b4ed35f5c560f169fef9edf2783
stimulus_videos	/pscratch/sd/s/sjmoon/EmoViS/data/raw/CowenEmotionVideos/0766.mp4	0766.mp4	325615	2026-05-08T05:07:29+00:00	7bf8dd0978c0aabf14d42bad998d9ecdf8216a137dc48efabe79a0bcb4b3982b
stimulus_videos	/pscratch/sd/s/sjmoon/EmoViS/data/raw/CowenEmotionVideos/0767.mp4	0767.mp4	1866128	2026-05-08T05:07:29+00:00	1ba8798ab746ffe61af2823b3e975d12e23bf02f23ef917867dda9878459a6e1
stimulus_videos	/pscratch/sd/s/sjmoon/EmoViS/data/raw/CowenEmotionVideos/0768.mp4	0768.mp4	669462	2026-05-08T05:07:25+00:00	f257a14472820457d614b8a139c5a5802fc01324660e7be358d67bef685e7b3a
stimulus_videos	/pscratch/sd/s/sjmoon/EmoViS/data/raw/CowenEmotionVideos/0769.mp4	0769.mp4	293892	2026-05-08T05:07:25+00:00	e923271166f4ff8a47bb654779ef56824fca1eb2aa81ed222cd1ad12fdb6b96b
stimulus_videos	/pscratch/sd/s/sjmoon/EmoViS/data/raw/CowenEmotionVideos/0770.mp4	0770.mp4	258157	2026-05-08T05:07:28+00:00	b2aa41802ca970fc6f16ecb239ad519bb74fbc7977be4269ac91e290581e1059
stimulus_videos	/pscratch/sd/s/sjmoon/EmoViS/data/raw/CowenEmotionVideos/0771.mp4	0771.mp4	1245302	2026-05-08T05:07:28+00:00	b4bd2fcabf2a47386df7fd80662ca6276e5206e345cc5f2a58f7bf39541fc10c
stimulus_videos	/pscratch/sd/s/sjmoon/EmoViS/data/raw/CowenEmotionVideos/0772.mp4	0772.mp4	164425	2026-05-08T05:07:29+00:00	409bd338ba8abd99f582f962d2d868b936a792d592f37b57e9c11e4f82220a72
stimulus_videos	/pscratch/sd/s/sjmoon/EmoViS/data/raw/CowenEmotionVideos/0773.mp4	0773.mp4	42549	2026-05-08T05:07:29+00:00	a7aa8b287f3eb6d04acbe436ca31b2fd9e32c0b20443c8257df31e72cc88e573
stimulus_videos	/pscratch/sd/s/sjmoon/EmoViS/data/raw/CowenEmotionVideos/0774.mp4	0774.mp4	714737	2026-05-08T05:07:27+00:00	6047602f5af223c6eea7a5e1155e4a315bf1bd6e1c7e2fe82b728eb01e1a4d6c
stimulus_videos	/pscratch/sd/s/sjmoon/EmoViS/data/raw/CowenEmotionVideos/0775.mp4	0775.mp4	455840	2026-05-08T05:07:28+00:00	6c71282ab9dd96786d2a1217d438aa6cfbe7917494c54a8398a00c1af273287d
stimulus_videos	/pscratch/sd/s/sjmoon/EmoViS/data/raw/CowenEmotionVideos/0776.mp4	0776.mp4	1820887	2026-05-08T05:07:27+00:00	7c759b059e34dcea1c3be72c014e884649cb8eb69b3e2c8158c59623fe942c45
stimulus_videos	/pscratch/sd/s/sjmoon/EmoViS/data/raw/CowenEmotionVideos/0777.mp4	0777.mp4	6271475	2026-05-08T05:07:27+00:00	f08ccb519bf18f359726826d0e3ae02278dcfc59b006e4b69e1403f5bf3aa68b
stimulus_videos	/pscratch/sd/s/sjmoon/EmoViS/data/raw/CowenEmotionVideos/0778.mp4	0778.mp4	3116128	2026-05-08T05:07:26+00:00	f235d09a8b0097f7a7e1fb62006aad339b8c0a25aef9b8e29c6972f92be0fe6d
stimulus_videos	/pscratch/sd/s/sjmoon/EmoViS/data/raw/CowenEmotionVideos/0779.mp4	0779.mp4	541425	2026-05-08T05:07:26+00:00	430f27b5b78dada7501fec0834e598e6de8f69ac3f44486bb31dccaa24700685
stimulus_videos	/pscratch/sd/s/sjmoon/EmoViS/data/raw/CowenEmotionVideos/0780.mp4	0780.mp4	161587	2026-05-08T05:07:25+00:00	e79ab0886d57d5fa403916c066c978219a40131e59d9589915abab3c58633d33
stimulus_videos	/pscratch/sd/s/sjmoon/EmoViS/data/raw/CowenEmotionVideos/0781.mp4	0781.mp4	133033	2026-05-08T05:07:24+00:00	c2714f6e479801196704f2e25dd282f5982a11637369fbe84cec1d678bdaab89
stimulus_videos	/pscratch/sd/s/sjmoon/EmoViS/data/raw/CowenEmotionVideos/0782.mp4	0782.mp4	218812	2026-05-08T05:07:25+00:00	68baf9d7f361ac6ed8840ce2fb3d044d22af9e2a2f5c1a1487bfeb84cb19adb4
stimulus_videos	/pscratch/sd/s/sjmoon/EmoViS/data/raw/CowenEmotionVideos/0783.mp4	0783.mp4	741886	2026-05-08T05:07:25+00:00	e606ad38ef52b98776179edc0eb838cb0debda37b1f9314c5bb8edabcd0681fe
stimulus_videos	/pscratch/sd/s/sjmoon/EmoViS/data/raw/CowenEmotionVideos/0784.mp4	0784.mp4	56055	2026-05-08T05:07:26+00:00	653f1ce8f6274d03e825fb4c6599166cdfd1d728657131e4b9f033b754503406
stimulus_videos	/pscratch/sd/s/sjmoon/EmoViS/data/raw/CowenEmotionVideos/0785.mp4	0785.mp4	351425	2026-05-08T05:07:26+00:00	4cfe8f1d58f57bf8dc385a79de20f304124bdb045d869d448ec6112b6f8bf538
stimulus_videos	/pscratch/sd/s/sjmoon/EmoViS/data/raw/CowenEmotionVideos/0786.mp4	0786.mp4	155951	2026-05-08T05:07:26+00:00	49567d26d0623551f21d6fdd64b0504702f5e35d12c5176beb55602576d4ad08
stimulus_videos	/pscratch/sd/s/sjmoon/EmoViS/data/raw/CowenEmotionVideos/0787.mp4	0787.mp4	615746	2026-05-08T05:07:26+00:00	2fce513c859841ec76fda9693e50f3b23ecd5a5549fc7670f95f1206f4b8c08d
stimulus_videos	/pscratch/sd/s/sjmoon/EmoViS/data/raw/CowenEmotionVideos/0788.mp4	0788.mp4	8772317	2026-05-08T05:07:27+00:00	d14e753e56a0517d22715b4a5abf7b70d7618632197aa3c6677e49fe0f00d296
stimulus_videos	/pscratch/sd/s/sjmoon/EmoViS/data/raw/CowenEmotionVideos/0789.mp4	0789.mp4	86696	2026-05-08T05:07:27+00:00	2a88b14b4deac7e08921f1f08215064581e8b4127e43bafcd24476dac2ef198c
stimulus_videos	/pscratch/sd/s/sjmoon/EmoViS/data/raw/CowenEmotionVideos/0790.mp4	0790.mp4	299901	2026-05-08T05:07:26+00:00	b01ab9e0e0c34bdb01c88730ab7dfd6ce4018a70e3dc863e443a9fc9d54c5cb7
stimulus_videos	/pscratch/sd/s/sjmoon/EmoViS/data/raw/CowenEmotionVideos/0791.mp4	0791.mp4	168586	2026-05-08T05:07:26+00:00	3e75ed2b5136ceb0ac21700fb64baffcb7b70c505f08977ae1c037fed67c681a
stimulus_videos	/pscratch/sd/s/sjmoon/EmoViS/data/raw/CowenEmotionVideos/0792.mp4	0792.mp4	35600	2026-05-08T05:07:26+00:00	bcfd01f2aef531d819790adca63161bd4db0a1b8bf2b81a3b6d24773f2603852
stimulus_videos	/pscratch/sd/s/sjmoon/EmoViS/data/raw/CowenEmotionVideos/0793.mp4	0793.mp4	162421	2026-05-08T05:07:26+00:00	6b4efe717d71b82b42969250998806ef95e63420df9adf756839021e6d9a1a6a
stimulus_videos	/pscratch/sd/s/sjmoon/EmoViS/data/raw/CowenEmotionVideos/0794.mp4	0794.mp4	2410022	2026-05-08T05:07:25+00:00	146963a1839fa40dc487d13ac5449518ea02f319b827f03360031aeac8b4aaa3
stimulus_videos	/pscratch/sd/s/sjmoon/EmoViS/data/raw/CowenEmotionVideos/0795.mp4	0795.mp4	110663	2026-05-08T05:07:24+00:00	4d7db33425b9e899bd7e70b29b5e013807930a67f588428aa8adee70b2e7b1c4
stimulus_videos	/pscratch/sd/s/sjmoon/EmoViS/data/raw/CowenEmotionVideos/0796.mp4	0796.mp4	170969	2026-05-08T05:07:25+00:00	bf5e22f62f456ab2a8ed0d07575a823635671f184024d11093dc18c73ea3a088
stimulus_videos	/pscratch/sd/s/sjmoon/EmoViS/data/raw/CowenEmotionVideos/0797.mp4	0797.mp4	1659744	2026-05-08T05:07:25+00:00	dcbc7877f3899a940f877801da28ae434fa31ece040e60cce1dc5ed37df4d6e0
stimulus_videos	/pscratch/sd/s/sjmoon/EmoViS/data/raw/CowenEmotionVideos/0798.mp4	0798.mp4	134977	2026-05-08T05:07:29+00:00	b36d7fdd7cc197e9e7989025312a68672b3181f66588f490bc447d440759282e
stimulus_videos	/pscratch/sd/s/sjmoon/EmoViS/data/raw/CowenEmotionVideos/0799.mp4	0799.mp4	645523	2026-05-08T05:07:28+00:00	ba70d0f9479ed590979a35c3d31fad3fa0205377059e08ea5103ed5bd6147afc
stimulus_videos	/pscratch/sd/s/sjmoon/EmoViS/data/raw/CowenEmotionVideos/0800.mp4	0800.mp4	946055	2026-05-08T05:07:26+00:00	1c3c716ea15267d3c5e36f56af53d868261ad4b432f0a845e374a5c9a4e6e639
stimulus_videos	/pscratch/sd/s/sjmoon/EmoViS/data/raw/CowenEmotionVideos/0801.mp4	0801.mp4	211731	2026-05-08T05:07:26+00:00	108f1b177b62ed1cf7f5ffc6a84d8c845d6a9dbd4831ddd42752b6bdf7118363
stimulus_videos	/pscratch/sd/s/sjmoon/EmoViS/data/raw/CowenEmotionVideos/0802.mp4	0802.mp4	241704	2026-05-08T05:07:26+00:00	b8ab06193cf5dabe47414e7e9f2d81f7d1a295f6ba42c92ca94aa7c4e04297a4
stimulus_videos	/pscratch/sd/s/sjmoon/EmoViS/data/raw/CowenEmotionVideos/0803.mp4	0803.mp4	92453	2026-05-08T05:07:25+00:00	e36769e276a6aa37a7ac2c80098cfffdc4bc57d44f54115d07fe3880ffc5c882
stimulus_videos	/pscratch/sd/s/sjmoon/EmoViS/data/raw/CowenEmotionVideos/0804.mp4	0804.mp4	244054	2026-05-08T05:07:25+00:00	6a56b8a28d4d6e9f89ba8379d414544739e270496dea67276096593e7dcf8d0f
stimulus_videos	/pscratch/sd/s/sjmoon/EmoViS/data/raw/CowenEmotionVideos/0805.mp4	0805.mp4	5616211	2026-05-08T05:07:24+00:00	20460a0999fbcc0117817f86bf7b12c018f622b30f7888cc8efef4d6c7183568
stimulus_videos	/pscratch/sd/s/sjmoon/EmoViS/data/raw/CowenEmotionVideos/0806.mp4	0806.mp4	63438	2026-05-08T05:07:25+00:00	f69e2cfe1c1d10ddf1f5d7539a2656f2e59a94b5699283d28a246597091efe43
stimulus_videos	/pscratch/sd/s/sjmoon/EmoViS/data/raw/CowenEmotionVideos/0807.mp4	0807.mp4	4276552	2026-05-08T05:07:25+00:00	ddd2152ee320950c39ec824a9b43e8f2d68d0a9774d054fa198046c250e5ab99
stimulus_videos	/pscratch/sd/s/sjmoon/EmoViS/data/raw/CowenEmotionVideos/0808.mp4	0808.mp4	641345	2026-05-08T05:07:29+00:00	8ce42173897657d237d4252aa5a0cb267e3b945e714b9fbd1e5c865b8c597196
stimulus_videos	/pscratch/sd/s/sjmoon/EmoViS/data/raw/CowenEmotionVideos/0809.mp4	0809.mp4	499711	2026-05-08T05:07:28+00:00	9dc82dfd899060bd23f4bd21c7800cb3f7c198e6c24fa425eae1d29e8ac9d575
stimulus_videos	/pscratch/sd/s/sjmoon/EmoViS/data/raw/CowenEmotionVideos/0810.mp4	0810.mp4	27977	2026-05-08T05:07:25+00:00	86340f957963616af6e7c98534977c840f3c8370fbd375107d91dd3173a49f02
stimulus_videos	/pscratch/sd/s/sjmoon/EmoViS/data/raw/CowenEmotionVideos/0811.mp4	0811.mp4	123160	2026-05-08T05:07:24+00:00	daba994d0d49561542a5a07ca6a218f015c840f41207271a871f2de03a9c625e
stimulus_videos	/pscratch/sd/s/sjmoon/EmoViS/data/raw/CowenEmotionVideos/0812.mp4	0812.mp4	147930	2026-05-08T05:07:25+00:00	df1c1263479250332d88fc87fee0c5019278973450cfcdfaf487875ab2fb5b4a
stimulus_videos	/pscratch/sd/s/sjmoon/EmoViS/data/raw/CowenEmotionVideos/0813.mp4	0813.mp4	53868	2026-05-08T05:07:25+00:00	5764b98cb091dc0b4b3d277baae0e3803efba0c9dffbc16dabdedb111301257c
stimulus_videos	/pscratch/sd/s/sjmoon/EmoViS/data/raw/CowenEmotionVideos/0814.mp4	0814.mp4	936772	2026-05-08T05:07:26+00:00	b902651a6b23f910e510716136f90c593e24376e7f924a63f40f4bd1fb11570e
stimulus_videos	/pscratch/sd/s/sjmoon/EmoViS/data/raw/CowenEmotionVideos/0815.mp4	0815.mp4	121902	2026-05-08T05:07:26+00:00	7c735f24387ab03a70d3f6628075f43a25f655ff62f619f2e676c2158d6d0a4a
stimulus_videos	/pscratch/sd/s/sjmoon/EmoViS/data/raw/CowenEmotionVideos/0816.mp4	0816.mp4	58465	2026-05-08T05:07:26+00:00	fa06e046988163215a79bc26c73b38d14a9f3b92acf7a837ffa4d9cb0fa076d7
stimulus_videos	/pscratch/sd/s/sjmoon/EmoViS/data/raw/CowenEmotionVideos/0817.mp4	0817.mp4	604419	2026-05-08T05:07:25+00:00	760e12eb1ad9027c846f856f82b270dd34f289134628c5e12233dfd55bc5fb64
stimulus_videos	/pscratch/sd/s/sjmoon/EmoViS/data/raw/CowenEmotionVideos/0818.mp4	0818.mp4	161905	2026-05-08T05:07:27+00:00	4f2ce3b09e6f2272f56f516523a82dbc4afd481ea76c05c1444db81c55c21617
stimulus_videos	/pscratch/sd/s/sjmoon/EmoViS/data/raw/CowenEmotionVideos/0819.mp4	0819.mp4	212544	2026-05-08T05:07:27+00:00	3d8af55c81672da41ece9bf9d10e508a810cffd1bcead0653e1a3c0d1bc5a8d8
stimulus_videos	/pscratch/sd/s/sjmoon/EmoViS/data/raw/CowenEmotionVideos/0820.mp4	0820.mp4	915898	2026-05-08T05:07:29+00:00	23874dd7e8e1b4c0cbd5cdca67871f27ef93e8c79cb68a7d466a9c0db45d4c7b
stimulus_videos	/pscratch/sd/s/sjmoon/EmoViS/data/raw/CowenEmotionVideos/0821.mp4	0821.mp4	80279	2026-05-08T05:07:28+00:00	f42e2303583d74e1a2acceaafc8f6258570ee8ffccda808a84f8bdcd5884bc41
stimulus_videos	/pscratch/sd/s/sjmoon/EmoViS/data/raw/CowenEmotionVideos/0822.mp4	0822.mp4	1306220	2026-05-08T05:07:28+00:00	292c4da23be00861d9930cb7a744c24f217a8e81bcc3ec79091ad2b2730514d1
stimulus_videos	/pscratch/sd/s/sjmoon/EmoViS/data/raw/CowenEmotionVideos/0823.mp4	0823.mp4	250954	2026-05-08T05:07:28+00:00	fa00899c2b8845c31309545d74f854315ef5e4b69b6dbb21d56f1e4674015d85
stimulus_videos	/pscratch/sd/s/sjmoon/EmoViS/data/raw/CowenEmotionVideos/0824.mp4	0824.mp4	672992	2026-05-08T05:07:27+00:00	85a35e4600f46b2c79ad8e5fb1853a06fe3504b1e125961acb8b8aa8ed2ac03d
stimulus_videos	/pscratch/sd/s/sjmoon/EmoViS/data/raw/CowenEmotionVideos/0825.mp4	0825.mp4	1771471	2026-05-08T05:07:27+00:00	f687327354a3bf2f9412fb8c7e6e7e21157bfd944290b8f74970f019010f4a27
stimulus_videos	/pscratch/sd/s/sjmoon/EmoViS/data/raw/CowenEmotionVideos/0826.mp4	0826.mp4	69069	2026-05-08T05:07:28+00:00	4a0a5d2732a2204ec333a6535fa3f2279a1d5cd7b405bc45386c951ede7487f5
stimulus_videos	/pscratch/sd/s/sjmoon/EmoViS/data/raw/CowenEmotionVideos/0827.mp4	0827.mp4	1340100	2026-05-08T05:07:27+00:00	81ee3b21884a414c13a177c4d972ed4c04fd851c2be219b88d370a5769c1bd36
stimulus_videos	/pscratch/sd/s/sjmoon/EmoViS/data/raw/CowenEmotionVideos/0828.mp4	0828.mp4	151973	2026-05-08T05:07:26+00:00	1c3b41a9661e826482eede88d2cc401cdd0b9222a23c324507694cddf8e2764a
stimulus_videos	/pscratch/sd/s/sjmoon/EmoViS/data/raw/CowenEmotionVideos/0829.mp4	0829.mp4	128721	2026-05-08T05:07:26+00:00	5fa924b0e07da99b4b12336f1cb4d545f54c7e5811d657d7aa1992ed6c88a5d3
stimulus_videos	/pscratch/sd/s/sjmoon/EmoViS/data/raw/CowenEmotionVideos/0830.mp4	0830.mp4	404665	2026-05-08T05:07:27+00:00	6cb3a3ca5f9d791d6c82f56079865ddaa5e0962e28be83cb8e0e207e3d8a320a
stimulus_videos	/pscratch/sd/s/sjmoon/EmoViS/data/raw/CowenEmotionVideos/0831.mp4	0831.mp4	1770821	2026-05-08T05:07:27+00:00	71e002e0bb55a68f7ef71041f04357434ae0773ec1d63b73a92be8686ca933ca
stimulus_videos	/pscratch/sd/s/sjmoon/EmoViS/data/raw/CowenEmotionVideos/0832.mp4	0832.mp4	324120	2026-05-08T05:07:28+00:00	7ba80f59346de70b406df9fdd45ded5162888d9ea4a2ae983fb6b0c614c70eff
stimulus_videos	/pscratch/sd/s/sjmoon/EmoViS/data/raw/CowenEmotionVideos/0833.mp4	0833.mp4	400087	2026-05-08T05:07:27+00:00	e21d0093072384bcfa9e7a796f5606f12d37d64e807d98d4b8a9b401775ceee7
stimulus_videos	/pscratch/sd/s/sjmoon/EmoViS/data/raw/CowenEmotionVideos/0834.mp4	0834.mp4	131120	2026-05-08T05:07:29+00:00	cfc13f9b301b62c3aa40444603c6f5457815e00bb44fc3eb55188eb80e9a7151
stimulus_videos	/pscratch/sd/s/sjmoon/EmoViS/data/raw/CowenEmotionVideos/0835.mp4	0835.mp4	364143	2026-05-08T05:07:28+00:00	cfd4b5b31dae6a8ce86fc7cb06f2312b4f5db121cfed5d15b5ab15631d12172b
stimulus_videos	/pscratch/sd/s/sjmoon/EmoViS/data/raw/CowenEmotionVideos/0836.mp4	0836.mp4	186525	2026-05-08T05:07:28+00:00	55dc62022e39d824d537f80b78371b0d26dd366f4dd5ad486d1edd366e77580d
stimulus_videos	/pscratch/sd/s/sjmoon/EmoViS/data/raw/CowenEmotionVideos/0837.mp4	0837.mp4	164520	2026-05-08T05:07:28+00:00	f8eccff2db4dc36fd4fa6382aada1ffe934dfe3ef3df91d765dc00dd0ff73e46
stimulus_videos	/pscratch/sd/s/sjmoon/EmoViS/data/raw/CowenEmotionVideos/0838.mp4	0838.mp4	74438	2026-05-08T05:07:25+00:00	71ebaa63a50524c0af71974f5aeafb9601b14b8a5df26ac81a40340b88308625
stimulus_videos	/pscratch/sd/s/sjmoon/EmoViS/data/raw/CowenEmotionVideos/0839.mp4	0839.mp4	431156	2026-05-08T05:07:24+00:00	c54f2795fc5632bc820e1c2ca2902b696032bc486d7df98eac9c4cecfb220d7d
stimulus_videos	/pscratch/sd/s/sjmoon/EmoViS/data/raw/CowenEmotionVideos/0840.mp4	0840.mp4	122933	2026-05-08T05:07:30+00:00	a91eb06f514a175406ebffd5570a9598952fc91c2fa5ec58304480d67bb78b07
stimulus_videos	/pscratch/sd/s/sjmoon/EmoViS/data/raw/CowenEmotionVideos/0841.mp4	0841.mp4	41553	2026-05-08T05:07:30+00:00	8b2b361d2c6a430a54ddf513ddfe8c657fd0cfddbaafb52513572ce9205cf798
stimulus_videos	/pscratch/sd/s/sjmoon/EmoViS/data/raw/CowenEmotionVideos/0842.mp4	0842.mp4	4747579	2026-05-08T05:07:31+00:00	c6963eebb3ae5cf867008244aedb09a017c3d7e2819dd07eba2bc3700e439a6a
stimulus_videos	/pscratch/sd/s/sjmoon/EmoViS/data/raw/CowenEmotionVideos/0843.mp4	0843.mp4	258523	2026-05-08T05:07:31+00:00	155c21a57c510d3df2c55438b6ebcc5a4d5635f20015d8db7708994460602b26
stimulus_videos	/pscratch/sd/s/sjmoon/EmoViS/data/raw/CowenEmotionVideos/0844.mp4	0844.mp4	968437	2026-05-08T05:07:30+00:00	c6d3ffbfffd02332f93bab95e4c5a94ec2753f7ffeaa7c866ec3869eab04f72c
stimulus_videos	/pscratch/sd/s/sjmoon/EmoViS/data/raw/CowenEmotionVideos/0845.mp4	0845.mp4	1029259	2026-05-08T05:07:30+00:00	cf949b75a74f241764026c96bfbc2b3224518ec0f8cdf9000a47e78ac5c7ce50
stimulus_videos	/pscratch/sd/s/sjmoon/EmoViS/data/raw/CowenEmotionVideos/0846.mp4	0846.mp4	1846112	2026-05-08T05:07:29+00:00	6fe806d313df0b6a21d472bb2ab13dd249440cd7a29a4a470c53f8ab0ce098bf
stimulus_videos	/pscratch/sd/s/sjmoon/EmoViS/data/raw/CowenEmotionVideos/0847.mp4	0847.mp4	333611	2026-05-08T05:07:29+00:00	f5bb505ddde6b4354aef4f4365d656694dd7a41d85fd3e214efbcfb9226890f3
stimulus_videos	/pscratch/sd/s/sjmoon/EmoViS/data/raw/CowenEmotionVideos/0848.mp4	0848.mp4	173773	2026-05-08T05:07:23+00:00	dc155c25bea19c742cad5335824ff6a974168e4fd45a6a71e174b03b401ca6e8
stimulus_videos	/pscratch/sd/s/sjmoon/EmoViS/data/raw/CowenEmotionVideos/0849.mp4	0849.mp4	207171	2026-05-08T05:07:24+00:00	e15403f184d610631ab9e9ef044a2c34c206445c24c926e2ff7b9f72a939d219
stimulus_videos	/pscratch/sd/s/sjmoon/EmoViS/data/raw/CowenEmotionVideos/0850.mp4	0850.mp4	1781463	2026-05-08T05:07:30+00:00	d5fb1b78573ba7a5d4a2874c07322b229c106131d623f890c36d5ceb81876b0e
stimulus_videos	/pscratch/sd/s/sjmoon/EmoViS/data/raw/CowenEmotionVideos/0851.mp4	0851.mp4	6364295	2026-05-08T05:07:30+00:00	d4c4b70caa091e348674ada8424a26243fa27b3ae514c7888fab8183e6a45b55
stimulus_videos	/pscratch/sd/s/sjmoon/EmoViS/data/raw/CowenEmotionVideos/0852.mp4	0852.mp4	2423300	2026-05-08T05:07:29+00:00	df1a1cddfde3ede1c68691bcf774a1cab7d3c9e3f5d068f2456f5dc8c2e4b7c6
stimulus_videos	/pscratch/sd/s/sjmoon/EmoViS/data/raw/CowenEmotionVideos/0853.mp4	0853.mp4	922974	2026-05-08T05:07:29+00:00	a54e5f434f37afe552e3e8cb8dae66e86057dcb625cda96714e9f748f0541ccc
stimulus_videos	/pscratch/sd/s/sjmoon/EmoViS/data/raw/CowenEmotionVideos/0854.mp4	0854.mp4	120125	2026-05-08T05:07:30+00:00	39e69bcf04db72204cf140bc5cbe6f9766f3075e0031b9c33d1fefd17ed734b2
stimulus_videos	/pscratch/sd/s/sjmoon/EmoViS/data/raw/CowenEmotionVideos/0855.mp4	0855.mp4	197342	2026-05-08T05:07:30+00:00	7b44bdbbb7081c4879b08a244332408d16fd6716995060b9751439ef63564368
stimulus_videos	/pscratch/sd/s/sjmoon/EmoViS/data/raw/CowenEmotionVideos/0856.mp4	0856.mp4	73866	2026-05-08T05:07:31+00:00	b1356410dee0b27742b901764066470f5bc6811d0a2a974628686c84f3217833
stimulus_videos	/pscratch/sd/s/sjmoon/EmoViS/data/raw/CowenEmotionVideos/0857.mp4	0857.mp4	804560	2026-05-08T05:07:31+00:00	b674cd83ca4cbba21584740d339d38937ee5d9ef0df51a44c1aca94978657c2a
stimulus_videos	/pscratch/sd/s/sjmoon/EmoViS/data/raw/CowenEmotionVideos/0858.mp4	0858.mp4	419005	2026-05-08T05:07:23+00:00	015b95f978d85c67bfdefe74040fc8cd42a416ad24a5a6f423122644d76d800b
stimulus_videos	/pscratch/sd/s/sjmoon/EmoViS/data/raw/CowenEmotionVideos/0859.mp4	0859.mp4	192724	2026-05-08T05:07:23+00:00	e3dbec19eb3de187a2488971207e0e504827b3fc09761162cedb504ccb228c35
stimulus_videos	/pscratch/sd/s/sjmoon/EmoViS/data/raw/CowenEmotionVideos/0860.mp4	0860.mp4	75365	2026-05-08T05:07:23+00:00	529532266659c636383245e9414bccff56686e7425cbe1c78b7ac726e6e8a986
stimulus_videos	/pscratch/sd/s/sjmoon/EmoViS/data/raw/CowenEmotionVideos/0861.mp4	0861.mp4	149149	2026-05-08T05:07:24+00:00	8c6c498f0ca9a6ce5fb3dd3265697d29e995b04097e1f71bf84982f1582d2af8
stimulus_videos	/pscratch/sd/s/sjmoon/EmoViS/data/raw/CowenEmotionVideos/0862.mp4	0862.mp4	97120	2026-05-08T05:07:24+00:00	dd0f2849ba2ca49edfe9008747646adcaf20ea0ce3f468fe9d832bafa39f123d
stimulus_videos	/pscratch/sd/s/sjmoon/EmoViS/data/raw/CowenEmotionVideos/0863.mp4	0863.mp4	115616	2026-05-08T05:07:24+00:00	4846a44e1aeaf81b7281759ce173c2c785c24b1c2e06655342e81418fe1b3546
stimulus_videos	/pscratch/sd/s/sjmoon/EmoViS/data/raw/CowenEmotionVideos/0864.mp4	0864.mp4	463881	2026-05-08T05:07:23+00:00	5361fa6cfc51a895632d59b9e4f35a66e10f5c7adff2640db7cc85acdd05f88f
stimulus_videos	/pscratch/sd/s/sjmoon/EmoViS/data/raw/CowenEmotionVideos/0865.mp4	0865.mp4	561318	2026-05-08T05:07:23+00:00	88fb4cca3a74a94e58f77088fbb41d22e51d4e5dd11ee2716ccb4c070a5b7dd4
stimulus_videos	/pscratch/sd/s/sjmoon/EmoViS/data/raw/CowenEmotionVideos/0866.mp4	0866.mp4	975325	2026-05-08T05:07:22+00:00	afe7b4abd0d5ecb4a7dfb6a25e01c966551a1f6acd73759414d4699e4ca72ab2
stimulus_videos	/pscratch/sd/s/sjmoon/EmoViS/data/raw/CowenEmotionVideos/0867.mp4	0867.mp4	132906	2026-05-08T05:07:23+00:00	1517b6cd5d6f95e13349764ff268fa3c67e0b1c9008f7164cce528280e7700f6
stimulus_videos	/pscratch/sd/s/sjmoon/EmoViS/data/raw/CowenEmotionVideos/0868.mp4	0868.mp4	241280	2026-05-08T05:07:30+00:00	a711266a75a09ac71353d48d9575e36823339dd908712a2005068d3f20e9dd0f
stimulus_videos	/pscratch/sd/s/sjmoon/EmoViS/data/raw/CowenEmotionVideos/0869.mp4	0869.mp4	224086	2026-05-08T05:07:30+00:00	aa3289ba01b101999065779a01d30f4ca8e5c4a683908ee401d097ddae9e810c
stimulus_videos	/pscratch/sd/s/sjmoon/EmoViS/data/raw/CowenEmotionVideos/0870.mp4	0870.mp4	64916	2026-05-08T05:07:23+00:00	b56515ffdb1656e6709b374bbebd066f349efbc1ea7646b2ccf6856b049b5a06
stimulus_videos	/pscratch/sd/s/sjmoon/EmoViS/data/raw/CowenEmotionVideos/0871.mp4	0871.mp4	70944	2026-05-08T05:07:23+00:00	607e5cefab3d9b7d1d8d525a1244233b6c97f77deaebfb0c5892a3fe404c018d
stimulus_videos	/pscratch/sd/s/sjmoon/EmoViS/data/raw/CowenEmotionVideos/0872.mp4	0872.mp4	1069897	2026-05-08T05:07:22+00:00	24dbc80082fa69fcd9eead836904e4b4c10ae8d828146f7ee061aff24bd7f13c
stimulus_videos	/pscratch/sd/s/sjmoon/EmoViS/data/raw/CowenEmotionVideos/0873.mp4	0873.mp4	443957	2026-05-08T05:07:23+00:00	0df35080a9cb24456b24d7b0bb60972c46c5c7d93cb27a8d88f16803468a689e
stimulus_videos	/pscratch/sd/s/sjmoon/EmoViS/data/raw/CowenEmotionVideos/0874.mp4	0874.mp4	557671	2026-05-08T05:07:23+00:00	79227b54840eedd5e9ad2a03cd8416c7003cfc1bf2504ecdb2374e54a90567d1
stimulus_videos	/pscratch/sd/s/sjmoon/EmoViS/data/raw/CowenEmotionVideos/0875.mp4	0875.mp4	2953450	2026-05-08T05:07:24+00:00	175a5668a6e51cfac8980c6a945d05319a3939493b4db7fdb851ff66d51fa2b6
stimulus_videos	/pscratch/sd/s/sjmoon/EmoViS/data/raw/CowenEmotionVideos/0876.mp4	0876.mp4	293692	2026-05-08T05:07:24+00:00	5145707c70d3ffac4c2f9375f770ae44b0ec09057123f55de3d6103bf51409e6
stimulus_videos	/pscratch/sd/s/sjmoon/EmoViS/data/raw/CowenEmotionVideos/0877.mp4	0877.mp4	895243	2026-05-08T05:07:24+00:00	5400017c8fe6813105a1ae0047c7791653e9387dbad744cc1c9450d696bbb2bf
stimulus_videos	/pscratch/sd/s/sjmoon/EmoViS/data/raw/CowenEmotionVideos/0878.mp4	0878.mp4	439291	2026-05-08T05:07:30+00:00	b79c7d7c0e015e660213ecf5f9ece7042ea9e240e44f2401d12e2453998f833e
stimulus_videos	/pscratch/sd/s/sjmoon/EmoViS/data/raw/CowenEmotionVideos/0879.mp4	0879.mp4	7110557	2026-05-08T05:07:30+00:00	4088cfb3a27cef32dc7529ed4f362a2b74de62c13f1f1055a16fd14c79ef69d6
stimulus_videos	/pscratch/sd/s/sjmoon/EmoViS/data/raw/CowenEmotionVideos/0880.mp4	0880.mp4	64497	2026-05-08T05:07:31+00:00	1d912a253ee679f4d8adfa757d304599e36f886038d337c2c083c7e062118c0a
stimulus_videos	/pscratch/sd/s/sjmoon/EmoViS/data/raw/CowenEmotionVideos/0881.mp4	0881.mp4	434129	2026-05-08T05:07:31+00:00	8f708217fc9bcbfe8919ac720e193897b67702d29ab728d67b15eab64a56bb6d
stimulus_videos	/pscratch/sd/s/sjmoon/EmoViS/data/raw/CowenEmotionVideos/0882.mp4	0882.mp4	826824	2026-05-08T05:07:30+00:00	4f313be064bd48bd09b0cc2bbb77641ef85e5fae97290d1e294e11810b9ad49e
stimulus_videos	/pscratch/sd/s/sjmoon/EmoViS/data/raw/CowenEmotionVideos/0883.mp4	0883.mp4	602612	2026-05-08T05:07:30+00:00	a86c7727f39d78568bc8053d397e1842d5386b2f44b976dc673af6a0c8ef7a1e
stimulus_videos	/pscratch/sd/s/sjmoon/EmoViS/data/raw/CowenEmotionVideos/0884.mp4	0884.mp4	418684	2026-05-08T05:07:29+00:00	5785de07968e5dbd22f6616087f37166bad358bd1611d72bd6d56ee5ef93f510
stimulus_videos	/pscratch/sd/s/sjmoon/EmoViS/data/raw/CowenEmotionVideos/0885.mp4	0885.mp4	585712	2026-05-08T05:07:29+00:00	61ae344d5a15c07d7b81159731b9b0beb1de40a1edb5f567dccb2e528fe9598b
stimulus_videos	/pscratch/sd/s/sjmoon/EmoViS/data/raw/CowenEmotionVideos/0886.mp4	0886.mp4	9216473	2026-05-08T05:07:30+00:00	52945c61c45d49e0995642f3228b33c50be05353d0457e8c2cf88488613c1484
stimulus_videos	/pscratch/sd/s/sjmoon/EmoViS/data/raw/CowenEmotionVideos/0887.mp4	0887.mp4	19676	2026-05-08T05:07:30+00:00	376f1bf3136a528a75fa81f6a4a2b34b079d0d6a32b69e3146cb07d9c7e24603
stimulus_videos	/pscratch/sd/s/sjmoon/EmoViS/data/raw/CowenEmotionVideos/0888.mp4	0888.mp4	118567	2026-05-08T05:07:24+00:00	1b15d040dbc95bb52f6b441ed9bc238f058e05e9c0f21ee0c671ad620676923e
stimulus_videos	/pscratch/sd/s/sjmoon/EmoViS/data/raw/CowenEmotionVideos/0889.mp4	0889.mp4	605719	2026-05-08T05:07:24+00:00	71222ab0221f0b9cc2863c4d54ae5e5ac06ef306ed8d1530d6aa7d931573b775
stimulus_videos	/pscratch/sd/s/sjmoon/EmoViS/data/raw/CowenEmotionVideos/0890.mp4	0890.mp4	337883	2026-05-08T05:07:29+00:00	cc8ee7c5bb7f64b6b9f01dc11fb8fa46b9f0aa13f4d260475d7fa62519f11c92
stimulus_videos	/pscratch/sd/s/sjmoon/EmoViS/data/raw/CowenEmotionVideos/0891.mp4	0891.mp4	178331	2026-05-08T05:07:29+00:00	449f410cd64738e36fa024e5240e9f8d493dda88535c1ad06a1bd9d85fa23eba
stimulus_videos	/pscratch/sd/s/sjmoon/EmoViS/data/raw/CowenEmotionVideos/0892.mp4	0892.mp4	1072846	2026-05-08T05:07:30+00:00	5488fd95f2db2fb2d394414edcbd41395b4eb79efe27621a5a20f628970b6248
stimulus_videos	/pscratch/sd/s/sjmoon/EmoViS/data/raw/CowenEmotionVideos/0893.mp4	0893.mp4	82550	2026-05-08T05:07:30+00:00	e42ce607595585cf6d364a19b552187cf14a0ad267a53234115a7875054c3132
stimulus_videos	/pscratch/sd/s/sjmoon/EmoViS/data/raw/CowenEmotionVideos/0894.mp4	0894.mp4	2631056	2026-05-08T05:07:31+00:00	c3b0771f240ab33c70ee188ce342bbd806d49d93c777f4aff7b105018b47059c
stimulus_videos	/pscratch/sd/s/sjmoon/EmoViS/data/raw/CowenEmotionVideos/0895.mp4	0895.mp4	452519	2026-05-08T05:07:31+00:00	22d49f9433e8e922b40511b40d10692a1e3f12bd703c32ed1188fe6c452d5963
stimulus_videos	/pscratch/sd/s/sjmoon/EmoViS/data/raw/CowenEmotionVideos/0896.mp4	0896.mp4	64771	2026-05-08T05:07:30+00:00	e614bbf9813901964a1011904f45aa96fbe50213f51d7e7fa4012fd0cc2dad26
stimulus_videos	/pscratch/sd/s/sjmoon/EmoViS/data/raw/CowenEmotionVideos/0897.mp4	0897.mp4	2637475	2026-05-08T05:07:30+00:00	d59e20543b57c8e8a1a709c761783283d593d97628dd3b558e77aab26be50cc5
stimulus_videos	/pscratch/sd/s/sjmoon/EmoViS/data/raw/CowenEmotionVideos/0898.mp4	0898.mp4	48188	2026-05-08T05:07:23+00:00	3a5942d84225167936d2ce1ff028a5865224c7a3b87a323ca3db208ce05a2862
stimulus_videos	/pscratch/sd/s/sjmoon/EmoViS/data/raw/CowenEmotionVideos/0899.mp4	0899.mp4	764193	2026-05-08T05:07:22+00:00	5d423d763a86e482fa23629e541a06c5bca57a02e336cb28ebf31df96bbd9c67
stimulus_videos	/pscratch/sd/s/sjmoon/EmoViS/data/raw/CowenEmotionVideos/0900.mp4	0900.mp4	2004973	2026-05-08T05:07:23+00:00	9cdea24ba39d3effb0e162983f898f34f1a31804aa763bc0ff3de422accf2088
stimulus_videos	/pscratch/sd/s/sjmoon/EmoViS/data/raw/CowenEmotionVideos/0901.mp4	0901.mp4	95003	2026-05-08T05:07:24+00:00	89c48d0a5871457a94dad844e183a91d3768a7f6a5a488e9b4634a3248c65274
stimulus_videos	/pscratch/sd/s/sjmoon/EmoViS/data/raw/CowenEmotionVideos/0902.mp4	0902.mp4	59887	2026-05-08T05:07:24+00:00	073e636ee9f5a71bc5476eea66596c19205186c05cfc0c1c9f973fc77c211f5a
stimulus_videos	/pscratch/sd/s/sjmoon/EmoViS/data/raw/CowenEmotionVideos/0903.mp4	0903.mp4	589230	2026-05-08T05:07:24+00:00	42386f33e8b19ad712095f08a88a357e7b25d43f2e721f2d9f72946c28a3f923
stimulus_videos	/pscratch/sd/s/sjmoon/EmoViS/data/raw/CowenEmotionVideos/0904.mp4	0904.mp4	322895	2026-05-08T05:07:23+00:00	d63127912e6205143359e862e6b69d7f9ee1e1dff3ea3c51ba6133ce62794380
stimulus_videos	/pscratch/sd/s/sjmoon/EmoViS/data/raw/CowenEmotionVideos/0905.mp4	0905.mp4	469829	2026-05-08T05:07:23+00:00	a386b43ffa3621b8a5bd2fb9ba306f24dcfb25adac49105593938611d018aef2
stimulus_videos	/pscratch/sd/s/sjmoon/EmoViS/data/raw/CowenEmotionVideos/0906.mp4	0906.mp4	165507	2026-05-08T05:07:22+00:00	0c1b01de399246c4dcc7140afe22a93e9d585909bf10618b9784a3ff7799a573
stimulus_videos	/pscratch/sd/s/sjmoon/EmoViS/data/raw/CowenEmotionVideos/0907.mp4	0907.mp4	436763	2026-05-08T05:07:22+00:00	b6a19bacec0c2c0c9a2934bda7a6f2c16efd42698c24bb3e8c8249e2e4802d2f
stimulus_videos	/pscratch/sd/s/sjmoon/EmoViS/data/raw/CowenEmotionVideos/0908.mp4	0908.mp4	4587361	2026-05-08T05:07:30+00:00	a6f2ebdc410dbf1419c81744f8fa0a4af25c1683fc9a81599ee5b905aafbabb0
stimulus_videos	/pscratch/sd/s/sjmoon/EmoViS/data/raw/CowenEmotionVideos/0909.mp4	0909.mp4	103324	2026-05-08T05:07:30+00:00	dc0c2071d372b4703e5a9026ffadd7b224fb78d45733a9eaeb22a4cb38e98251
stimulus_videos	/pscratch/sd/s/sjmoon/EmoViS/data/raw/CowenEmotionVideos/0910.mp4	0910.mp4	983269	2026-05-08T05:07:23+00:00	8d5436225555aaaf1a6100970a0cafa6fa756fca0e6eb876028c6aa258eb24a6
stimulus_videos	/pscratch/sd/s/sjmoon/EmoViS/data/raw/CowenEmotionVideos/0911.mp4	0911.mp4	223428	2026-05-08T05:07:23+00:00	d8b75b14c673aab043aaf13bfee213a8c9244323b287a78f5d4aa9753acd84d2
stimulus_videos	/pscratch/sd/s/sjmoon/EmoViS/data/raw/CowenEmotionVideos/0912.mp4	0912.mp4	6369242	2026-05-08T05:07:22+00:00	f7dbb420412b40216d8b34e85e6952b87f919de411730af08de8d3f5c7f9bffe
stimulus_videos	/pscratch/sd/s/sjmoon/EmoViS/data/raw/CowenEmotionVideos/0913.mp4	0913.mp4	1389934	2026-05-08T05:07:22+00:00	0780432200b722465b76926c785f2910b35d0ddf4863971b3331f3bb38248731
stimulus_videos	/pscratch/sd/s/sjmoon/EmoViS/data/raw/CowenEmotionVideos/0914.mp4	0914.mp4	75629	2026-05-08T05:07:23+00:00	b602ec871963dc3817e3709f9c7f300015d7b394d76cb1dfa805456227f89c59
stimulus_videos	/pscratch/sd/s/sjmoon/EmoViS/data/raw/CowenEmotionVideos/0915.mp4	0915.mp4	895453	2026-05-08T05:07:24+00:00	6515e882d56c440b3f0bb324b2e583589dac260f8d2575d66a9b4974088a0208
stimulus_videos	/pscratch/sd/s/sjmoon/EmoViS/data/raw/CowenEmotionVideos/0916.mp4	0916.mp4	230709	2026-05-08T05:07:24+00:00	cfa95b23a46ce70fbecfcafcd4366514b51f8e2bc16970d4a4801d1e80e4d248
stimulus_videos	/pscratch/sd/s/sjmoon/EmoViS/data/raw/CowenEmotionVideos/0917.mp4	0917.mp4	1195719	2026-05-08T05:07:24+00:00	2f9f3ec1b67874c6ce303e1698e3d3b63b4e73f0ef78139ad7a1daa83456bc90
stimulus_videos	/pscratch/sd/s/sjmoon/EmoViS/data/raw/CowenEmotionVideos/0918.mp4	0918.mp4	78553	2026-05-08T05:07:30+00:00	a612431268b82a7358d81510a70a736a2c0421e391ace61e13d7d0c1fcf37438
stimulus_videos	/pscratch/sd/s/sjmoon/EmoViS/data/raw/CowenEmotionVideos/0919.mp4	0919.mp4	197247	2026-05-08T05:07:30+00:00	65dbfc7d3e39be7e40e496975c1348720fcdfb615e74429ab0f1864d169765cd
stimulus_videos	/pscratch/sd/s/sjmoon/EmoViS/data/raw/CowenEmotionVideos/0920.mp4	0920.mp4	188770	2026-05-08T05:07:30+00:00	dd6ec341a241c5f7e04831e0ff01b781bf1bbfdde5a9e0e897f57248d26a9f4b
stimulus_videos	/pscratch/sd/s/sjmoon/EmoViS/data/raw/CowenEmotionVideos/0921.mp4	0921.mp4	398445	2026-05-08T05:07:30+00:00	a591f11148c59cf1d54b28f7e5615f41e12a472afd25c31d54db97f1be5714d7
stimulus_videos	/pscratch/sd/s/sjmoon/EmoViS/data/raw/CowenEmotionVideos/0922.mp4	0922.mp4	70159	2026-05-08T05:07:31+00:00	74afa8d6de20f46b434b5fd693497157b5be0826adea1493b446a281bf285f25
stimulus_videos	/pscratch/sd/s/sjmoon/EmoViS/data/raw/CowenEmotionVideos/0923.mp4	0923.mp4	1458420	2026-05-08T05:07:31+00:00	637883efa037e7a781aa2dad045d26992b8d2095df09fad5fe43abe56e0c721a
stimulus_videos	/pscratch/sd/s/sjmoon/EmoViS/data/raw/CowenEmotionVideos/0924.mp4	0924.mp4	93695	2026-05-08T05:07:30+00:00	4d91d8f22576b39a5f427f626b161eae579c54c50d32bf98a35e16007113f36d
stimulus_videos	/pscratch/sd/s/sjmoon/EmoViS/data/raw/CowenEmotionVideos/0925.mp4	0925.mp4	1417337	2026-05-08T05:07:30+00:00	adaf617f967438c27b4eef53b76a5ba737c8d514198635cd307ccbb58063b0e1
stimulus_videos	/pscratch/sd/s/sjmoon/EmoViS/data/raw/CowenEmotionVideos/0926.mp4	0926.mp4	1931453	2026-05-08T05:07:29+00:00	450bbff4c80023c71e8bf87cb2e643c85dbd6a55eb3c2fc0d44da1379491affc
stimulus_videos	/pscratch/sd/s/sjmoon/EmoViS/data/raw/CowenEmotionVideos/0927.mp4	0927.mp4	91504	2026-05-08T05:07:29+00:00	4accb6f183fcc89eaec5295655c31d178a56e14b096efdc399581687291d4625
stimulus_videos	/pscratch/sd/s/sjmoon/EmoViS/data/raw/CowenEmotionVideos/0928.mp4	0928.mp4	172824	2026-05-08T05:07:23+00:00	0e244a343b5e61b6eecf4967a3e608ffd7e4a695027f8d20dd0cc7db6e558ab8
stimulus_videos	/pscratch/sd/s/sjmoon/EmoViS/data/raw/CowenEmotionVideos/0929.mp4	0929.mp4	299757	2026-05-08T05:07:24+00:00	e7d0519c626ad1f16e6c54a7a5c5b16580ac7ff4dc778867afa9a9917d3e078d
stimulus_videos	/pscratch/sd/s/sjmoon/EmoViS/data/raw/CowenEmotionVideos/0930.mp4	0930.mp4	118520	2026-05-08T05:07:30+00:00	13e010a4aae04f3848dee56d0bf4e1a65cc5e5a1b5b0ecd0c791391365293ca4
stimulus_videos	/pscratch/sd/s/sjmoon/EmoViS/data/raw/CowenEmotionVideos/0931.mp4	0931.mp4	136927	2026-05-08T05:07:30+00:00	7b1f0a00836a53211912402deda38d015e7283350f6d9ddc2d91fc9d5ea6be37
stimulus_videos	/pscratch/sd/s/sjmoon/EmoViS/data/raw/CowenEmotionVideos/0932.mp4	0932.mp4	121506	2026-05-08T05:07:29+00:00	5228e7d443058aaf68e56793f339dc178e70d129a1507293c734cd62d5d23c0f
stimulus_videos	/pscratch/sd/s/sjmoon/EmoViS/data/raw/CowenEmotionVideos/0933.mp4	0933.mp4	1232970	2026-05-08T05:07:29+00:00	8dc0da01fe1f109e505478ef18028f5c948b9264249d449337cb818ce0cac8ce
stimulus_videos	/pscratch/sd/s/sjmoon/EmoViS/data/raw/CowenEmotionVideos/0934.mp4	0934.mp4	753869	2026-05-08T05:07:30+00:00	7f804759813d639cadec635ac103a8051fb8dbe97c6f795ffb856bf03d0d3aed
stimulus_videos	/pscratch/sd/s/sjmoon/EmoViS/data/raw/CowenEmotionVideos/0935.mp4	0935.mp4	176355	2026-05-08T05:07:30+00:00	14cfa87e4e65232de8436a9fc791780f17630e7253171613c2ffb8a658b4faa3
stimulus_videos	/pscratch/sd/s/sjmoon/EmoViS/data/raw/CowenEmotionVideos/0936.mp4	0936.mp4	690555	2026-05-08T05:07:31+00:00	6299d769900aa18a7507371be7c1a7aaf8c74d33ed4075eeef11678a3beafc36
stimulus_videos	/pscratch/sd/s/sjmoon/EmoViS/data/raw/CowenEmotionVideos/0937.mp4	0937.mp4	753049	2026-05-08T05:07:31+00:00	95f4f06dcf33c49e553b493715952002ea26404548c6cfd723134263a14f2964
stimulus_videos	/pscratch/sd/s/sjmoon/EmoViS/data/raw/CowenEmotionVideos/0938.mp4	0938.mp4	585019	2026-05-08T05:07:23+00:00	71c6886a2aef60584ccb5c1b376026bf3343f9971baf498c7c1f59716f1660da
stimulus_videos	/pscratch/sd/s/sjmoon/EmoViS/data/raw/CowenEmotionVideos/0939.mp4	0939.mp4	74679	2026-05-08T05:07:23+00:00	18b09866cd6a27dc35cd2c16ab096c7ea01eb751882bb31880fc6e31e1db7dea
stimulus_videos	/pscratch/sd/s/sjmoon/EmoViS/data/raw/CowenEmotionVideos/0940.mp4	0940.mp4	533118	2026-05-08T05:07:29+00:00	5327eba9bf5ddedca6e987fc4dac290dcb8fbc0d551ff5791d11473a8945ffeb
stimulus_videos	/pscratch/sd/s/sjmoon/EmoViS/data/raw/CowenEmotionVideos/0941.mp4	0941.mp4	534525	2026-05-08T05:07:28+00:00	062da96ba71f0ba271e6e12a0af47695623bf5396e9cb877ac1962ff58623ad4
stimulus_videos	/pscratch/sd/s/sjmoon/EmoViS/data/raw/CowenEmotionVideos/0942.mp4	0942.mp4	357372	2026-05-08T05:07:28+00:00	68dfa4205d697dda591cf22c1c9d74a148b1700d2491b8383a667dff504dfbff
stimulus_videos	/pscratch/sd/s/sjmoon/EmoViS/data/raw/CowenEmotionVideos/0943.mp4	0943.mp4	74209	2026-05-08T05:07:28+00:00	70d60913f7e1d4240ba9e8986556d7fa7bca6117ff3e37360b9d0a9563d5c951
stimulus_videos	/pscratch/sd/s/sjmoon/EmoViS/data/raw/CowenEmotionVideos/0944.mp4	0944.mp4	190110	2026-05-08T05:07:27+00:00	973ca90a001e23478840fa0c019464f4b9b205f38361b4584b8242fcfdbcb244
stimulus_videos	/pscratch/sd/s/sjmoon/EmoViS/data/raw/CowenEmotionVideos/0945.mp4	0945.mp4	113838	2026-05-08T05:07:27+00:00	8d6efd3bc60e283cfbf823a04012c847a547bc27612f2967b74edee87326ae80
stimulus_videos	/pscratch/sd/s/sjmoon/EmoViS/data/raw/CowenEmotionVideos/0946.mp4	0946.mp4	357034	2026-05-08T05:07:28+00:00	d851c9832b89a3636c32e4a98cbde8801255d04c306e80c20c63ca8512652f5a
stimulus_videos	/pscratch/sd/s/sjmoon/EmoViS/data/raw/CowenEmotionVideos/0947.mp4	0947.mp4	140797	2026-05-08T05:07:27+00:00	8ce33f35ef12555f1f03aa5149d0228594353b53531c6740507c3b3edc3b8151
stimulus_videos	/pscratch/sd/s/sjmoon/EmoViS/data/raw/CowenEmotionVideos/0948.mp4	0948.mp4	799364	2026-05-08T05:07:26+00:00	80d7a64f2e38f617e32a577f00b1900204e52bdf74fa29ab5d41847d3ee6ca7a
stimulus_videos	/pscratch/sd/s/sjmoon/EmoViS/data/raw/CowenEmotionVideos/0949.mp4	0949.mp4	2773096	2026-05-08T05:07:26+00:00	b9bd2ff32be3f3957b547036130a93eb2fddeadbd308ab4377cd5ea08ed12123
stimulus_videos	/pscratch/sd/s/sjmoon/EmoViS/data/raw/CowenEmotionVideos/0950.mp4	0950.mp4	161939	2026-05-08T05:07:27+00:00	ef1720f13b1362dd2d1e5a7944732214da32584f99044f570e8ec5952e219673
stimulus_videos	/pscratch/sd/s/sjmoon/EmoViS/data/raw/CowenEmotionVideos/0951.mp4	0951.mp4	144145	2026-05-08T05:07:27+00:00	23bf83bab19d786404d1ab3d4774f851e181f8ee9801c113882250bc88e8ef06
stimulus_videos	/pscratch/sd/s/sjmoon/EmoViS/data/raw/CowenEmotionVideos/0952.mp4	0952.mp4	198515	2026-05-08T05:07:28+00:00	e0bcbc283b44652795627155f30f0d944ac02b485dcd96f334ce208fff30cafc
stimulus_videos	/pscratch/sd/s/sjmoon/EmoViS/data/raw/CowenEmotionVideos/0953.mp4	0953.mp4	375816	2026-05-08T05:07:27+00:00	e2c3b19bfe64d2953a094f30873949ba04c0e38ac2ea4dc738f86ec61380cd84
stimulus_videos	/pscratch/sd/s/sjmoon/EmoViS/data/raw/CowenEmotionVideos/0954.mp4	0954.mp4	26850	2026-05-08T05:07:29+00:00	c41c39145613ae99e68e347f169d275cb089f1032feed36fd190552ae8832ab0
stimulus_videos	/pscratch/sd/s/sjmoon/EmoViS/data/raw/CowenEmotionVideos/0955.mp4	0955.mp4	313513	2026-05-08T05:07:28+00:00	9fe87878f8b1eecf9daf5232da585358b2186281182ff21f29969bb83e4eab02
stimulus_videos	/pscratch/sd/s/sjmoon/EmoViS/data/raw/CowenEmotionVideos/0956.mp4	0956.mp4	187852	2026-05-08T05:07:28+00:00	4406e2c0d499c06bda94029709b0f677dba30c7c96fa2000b21cb031add949f4
stimulus_videos	/pscratch/sd/s/sjmoon/EmoViS/data/raw/CowenEmotionVideos/0957.mp4	0957.mp4	505820	2026-05-08T05:07:28+00:00	ef12834bee7e4940f42cdc4487ae62aa5e57d914deb3580c2ac012d5595fdda7
stimulus_videos	/pscratch/sd/s/sjmoon/EmoViS/data/raw/CowenEmotionVideos/0958.mp4	0958.mp4	782240	2026-05-08T05:07:25+00:00	df0361851788c21bfd88e104bcd794d49834cfc9b303feb4179b81c9b26929d9
stimulus_videos	/pscratch/sd/s/sjmoon/EmoViS/data/raw/CowenEmotionVideos/0959.mp4	0959.mp4	190316	2026-05-08T05:07:24+00:00	8d4219607c1ab89193ac8721ee6edd3524cf3136864b104be20a1e601499680e
stimulus_videos	/pscratch/sd/s/sjmoon/EmoViS/data/raw/CowenEmotionVideos/0960.mp4	0960.mp4	1741068	2026-05-08T05:07:26+00:00	707d7a85b5866b8948816dfc64791d9471b823b8b170c0c3c09cace36e04f096
stimulus_videos	/pscratch/sd/s/sjmoon/EmoViS/data/raw/CowenEmotionVideos/0961.mp4	0961.mp4	192058	2026-05-08T05:07:26+00:00	b66d6abf699ab1ffffa786ec78b8c07bbe65cd6cfbca41f668d85b8183298da0
stimulus_videos	/pscratch/sd/s/sjmoon/EmoViS/data/raw/CowenEmotionVideos/0962.mp4	0962.mp4	1070408	2026-05-08T05:07:26+00:00	09dd49df6d1e6735dcebb215f104f30719ee0cb443b1a82b766fba747d44993b
stimulus_videos	/pscratch/sd/s/sjmoon/EmoViS/data/raw/CowenEmotionVideos/0963.mp4	0963.mp4	66244	2026-05-08T05:07:26+00:00	d1d5d8c1584c8a63f9b02dd1e0848b075fccaedb4b0b60042e0371e84d78884b
stimulus_videos	/pscratch/sd/s/sjmoon/EmoViS/data/raw/CowenEmotionVideos/0964.mp4	0964.mp4	294319	2026-05-08T05:07:25+00:00	ab1f9a10f6a74fdf872ca31f2cf95e5295e21b009ec5bcd0e64758183243e373
stimulus_videos	/pscratch/sd/s/sjmoon/EmoViS/data/raw/CowenEmotionVideos/0965.mp4	0965.mp4	671730	2026-05-08T05:07:24+00:00	0a168589caad1f0e570938669bdf7cbf1f128add91fc6b93189ac2b3472259da
stimulus_videos	/pscratch/sd/s/sjmoon/EmoViS/data/raw/CowenEmotionVideos/0966.mp4	0966.mp4	707541	2026-05-08T05:07:25+00:00	b4ced8020817842817e550b938766d54217ce849097bbc0184812f0985ab3a77
stimulus_videos	/pscratch/sd/s/sjmoon/EmoViS/data/raw/CowenEmotionVideos/0967.mp4	0967.mp4	205446	2026-05-08T05:07:25+00:00	5bcf4239fe484cf5080f37b9842112648110e450467812ad596c5fc5e72a997f
stimulus_videos	/pscratch/sd/s/sjmoon/EmoViS/data/raw/CowenEmotionVideos/0968.mp4	0968.mp4	583822	2026-05-08T05:07:29+00:00	05de64f499cf02fb0be118a82eebb5d090f6c6f505331e3ce0ca74f29657f1ec
stimulus_videos	/pscratch/sd/s/sjmoon/EmoViS/data/raw/CowenEmotionVideos/0969.mp4	0969.mp4	206011	2026-05-08T05:07:28+00:00	78fa39113dbcb6cf88baf59a5713fdcf1e698467eb04685d6ccd88997033e177
stimulus_videos	/pscratch/sd/s/sjmoon/EmoViS/data/raw/CowenEmotionVideos/0970.mp4	0970.mp4	5753495	2026-05-08T05:07:25+00:00	13c21f59ce91591e6d49156f3bba726e9bf2e949e7409cffe827254fe31c219a
stimulus_videos	/pscratch/sd/s/sjmoon/EmoViS/data/raw/CowenEmotionVideos/0971.mp4	0971.mp4	270787	2026-05-08T05:07:24+00:00	afbc4238668e83ea7040322a7225154d1e4ab5a6567cfc9ddf7ad83c248fc2b0
stimulus_videos	/pscratch/sd/s/sjmoon/EmoViS/data/raw/CowenEmotionVideos/0972.mp4	0972.mp4	137841	2026-05-08T05:07:25+00:00	40f4b279987899c0f5cc09ebd822a9c0bd777f025b0f9e96fa539c0daad932b7
stimulus_videos	/pscratch/sd/s/sjmoon/EmoViS/data/raw/CowenEmotionVideos/0973.mp4	0973.mp4	2112584	2026-05-08T05:07:25+00:00	d3214f3952fd0d6c92b004dc4ef789c0baaa40db2461e339e33a426c3e314007
stimulus_videos	/pscratch/sd/s/sjmoon/EmoViS/data/raw/CowenEmotionVideos/0974.mp4	0974.mp4	660407	2026-05-08T05:07:26+00:00	ab3c59171c9ed3633fb55f3d1362cfb31b85c7446970825919a4d95158ec809a
stimulus_videos	/pscratch/sd/s/sjmoon/EmoViS/data/raw/CowenEmotionVideos/0975.mp4	0975.mp4	1174365	2026-05-08T05:07:26+00:00	5ff751d810bffb3ee033d62ceb632842e908caf5d291853ee93ad3f3b4b995e6
stimulus_videos	/pscratch/sd/s/sjmoon/EmoViS/data/raw/CowenEmotionVideos/0976.mp4	0976.mp4	160110	2026-05-08T05:07:26+00:00	3db0ed5f65fd6f7d42f61495b619c78d8664e8c021e25bf1765571d8e44a4e8e
stimulus_videos	/pscratch/sd/s/sjmoon/EmoViS/data/raw/CowenEmotionVideos/0977.mp4	0977.mp4	123009	2026-05-08T05:07:26+00:00	2d2f42edf65e4acaf7349dc5257e263afb77d52da3f767d9d8c6aa9077ad21af
stimulus_videos	/pscratch/sd/s/sjmoon/EmoViS/data/raw/CowenEmotionVideos/0978.mp4	0978.mp4	71735	2026-05-08T05:07:27+00:00	ddb07e7df27890bcd6b55ed70e7b9ef0cf20f287f7036e8f4d6e868e1a5107d1
stimulus_videos	/pscratch/sd/s/sjmoon/EmoViS/data/raw/CowenEmotionVideos/0979.mp4	0979.mp4	57701	2026-05-08T05:07:27+00:00	a6fde4e237d63354e1dab83b01690c3aa7c270943695e8d8efc8277d3fd4cb2f
stimulus_videos	/pscratch/sd/s/sjmoon/EmoViS/data/raw/CowenEmotionVideos/0980.mp4	0980.mp4	2730854	2026-05-08T05:07:28+00:00	6df137fff1184a1668a3380162a12fd8065ef12f7d65b38c5316008ce0e250fe
stimulus_videos	/pscratch/sd/s/sjmoon/EmoViS/data/raw/CowenEmotionVideos/0981.mp4	0981.mp4	535168	2026-05-08T05:07:28+00:00	d156d13d3fe63a45a4225837037ff25e46e471d1b60c0a4e12c9ba3f43bf7851
stimulus_videos	/pscratch/sd/s/sjmoon/EmoViS/data/raw/CowenEmotionVideos/0982.mp4	0982.mp4	257720	2026-05-08T05:07:28+00:00	652be7e4dc84ff963e0d3638cde150c99c908f9e4b084aca6c865231c6ae9c70
stimulus_videos	/pscratch/sd/s/sjmoon/EmoViS/data/raw/CowenEmotionVideos/0983.mp4	0983.mp4	209354	2026-05-08T05:07:29+00:00	9eea351ead4746a615c60c5db2cc259518ba1e2d1491133d7a4805e2adda075d
stimulus_videos	/pscratch/sd/s/sjmoon/EmoViS/data/raw/CowenEmotionVideos/0984.mp4	0984.mp4	2334866	2026-05-08T05:07:27+00:00	aaaf64506551bdad66543d92ab574b2438f51f719515104c82dc802cc7d75878
stimulus_videos	/pscratch/sd/s/sjmoon/EmoViS/data/raw/CowenEmotionVideos/0985.mp4	0985.mp4	406988	2026-05-08T05:07:28+00:00	8d0f3d282018981907f8144b4acc302022bc7dc7b4fcd9978965fb3fe08fe336
stimulus_videos	/pscratch/sd/s/sjmoon/EmoViS/data/raw/CowenEmotionVideos/0986.mp4	0986.mp4	408887	2026-05-08T05:07:27+00:00	3d7c4c6545a01cb4d9e5bf7c1c5b2dfdf486797da73df07823aaeaa2fde73c72
stimulus_videos	/pscratch/sd/s/sjmoon/EmoViS/data/raw/CowenEmotionVideos/0987.mp4	0987.mp4	124732	2026-05-08T05:07:27+00:00	03e1e5787ca09c6cd4071b5fa338fe79758038cbe482f20b586cbaa7e602b363
stimulus_videos	/pscratch/sd/s/sjmoon/EmoViS/data/raw/CowenEmotionVideos/0988.mp4	0988.mp4	184488	2026-05-08T05:07:26+00:00	85a9089ead27f11615a39948370c1ac64d73ce7de4b23f6eb69118c47ffb90a8
stimulus_videos	/pscratch/sd/s/sjmoon/EmoViS/data/raw/CowenEmotionVideos/0989.mp4	0989.mp4	46438	2026-05-08T05:07:26+00:00	14c95cf4896471e37e23ba92429bd74deeb57ca663af7a7f77500fdb3e24ec0a
stimulus_videos	/pscratch/sd/s/sjmoon/EmoViS/data/raw/CowenEmotionVideos/0990.mp4	0990.mp4	364498	2026-05-08T05:07:27+00:00	dad1bdcf4ea96f5bede4c9ddc5ad870039f775f0f126dc144f6f651ff41c5e88
stimulus_videos	/pscratch/sd/s/sjmoon/EmoViS/data/raw/CowenEmotionVideos/0991.mp4	0991.mp4	2128432	2026-05-08T05:07:28+00:00	76bafe83b2abf7c0fe18b171db99f8a35c77ab8c46291fe862a0cddbaca02104
stimulus_videos	/pscratch/sd/s/sjmoon/EmoViS/data/raw/CowenEmotionVideos/0992.mp4	0992.mp4	1540270	2026-05-08T05:07:27+00:00	4ce430b6115e9a21272c6ca7427ceefbbf1008e6d668749ef63f3ae1c14af4c0
stimulus_videos	/pscratch/sd/s/sjmoon/EmoViS/data/raw/CowenEmotionVideos/0993.mp4	0993.mp4	109565	2026-05-08T05:07:27+00:00	5ed66ae2761627ded1b03cf7d8c32d5dd93ef137dc30cef7457653d6b84806f4
stimulus_videos	/pscratch/sd/s/sjmoon/EmoViS/data/raw/CowenEmotionVideos/0994.mp4	0994.mp4	2322120	2026-05-08T05:07:28+00:00	db95a94be9f9281ecbbc25f6a2bd61e33e9ccbdc182f8a0532ededf8640fe6d7
stimulus_videos	/pscratch/sd/s/sjmoon/EmoViS/data/raw/CowenEmotionVideos/0995.mp4	0995.mp4	193097	2026-05-08T05:07:28+00:00	4c7170b73f02228ff80bbf4eb8d971d40fab6979885d958220c3f28046083f2e
stimulus_videos	/pscratch/sd/s/sjmoon/EmoViS/data/raw/CowenEmotionVideos/0996.mp4	0996.mp4	390041	2026-05-08T05:07:29+00:00	176ed6266360a0cd296988a4b20ac3467b9bacdfe8bb23d713710d2330c226a2
stimulus_videos	/pscratch/sd/s/sjmoon/EmoViS/data/raw/CowenEmotionVideos/0997.mp4	0997.mp4	75964	2026-05-08T05:07:29+00:00	0781b2f472bce6e0056a45ae37bdf3d37c1c9fb507a43b2e0394b57d482c4752
stimulus_videos	/pscratch/sd/s/sjmoon/EmoViS/data/raw/CowenEmotionVideos/0998.mp4	0998.mp4	741014	2026-05-08T05:07:25+00:00	19eb4dc4e424fc5b79925cb323cd41c2b49754285b1edc84fde4f6f17fd1d328
stimulus_videos	/pscratch/sd/s/sjmoon/EmoViS/data/raw/CowenEmotionVideos/0999.mp4	0999.mp4	242136	2026-05-08T05:07:25+00:00	d2f4e61071c54f48265a70881b409ba73253cb5998869dcc9b13b322ff444a2b
stimulus_videos	/pscratch/sd/s/sjmoon/EmoViS/data/raw/CowenEmotionVideos/1000.mp4	1000.mp4	1505053	2026-05-08T05:07:24+00:00	947e6b34b7bdeb37b8fdd5564c093e25936a269d437a821d02b6dae9d5634c8e
stimulus_videos	/pscratch/sd/s/sjmoon/EmoViS/data/raw/CowenEmotionVideos/1001.mp4	1001.mp4	4525046	2026-05-08T05:07:23+00:00	c9d39487360bcf06bf6785bf5a21db10966ae57c44d7f92ff0f811cd5fb79d2d
stimulus_videos	/pscratch/sd/s/sjmoon/EmoViS/data/raw/CowenEmotionVideos/1002.mp4	1002.mp4	435503	2026-05-08T05:07:24+00:00	515849f95faf20ba504e04b6605e6e01805648587ab8fef2640f332f90a63dae
stimulus_videos	/pscratch/sd/s/sjmoon/EmoViS/data/raw/CowenEmotionVideos/1003.mp4	1003.mp4	472482	2026-05-08T05:07:24+00:00	e7ec3f2629c68354cd35a246b9e415ff3d6fbbc79e8a430c9bff259264784cbc
stimulus_videos	/pscratch/sd/s/sjmoon/EmoViS/data/raw/CowenEmotionVideos/1004.mp4	1004.mp4	170663	2026-05-08T05:07:23+00:00	e0786a334e1635a0610d9ef62033f608888febfc98dffc499dfaff50e14bcb06
stimulus_videos	/pscratch/sd/s/sjmoon/EmoViS/data/raw/CowenEmotionVideos/1005.mp4	1005.mp4	1198832	2026-05-08T05:07:23+00:00	88807226331722a33fdac18c2df6e1470f25b3eab33bbe1b3c9609b0748b5990
stimulus_videos	/pscratch/sd/s/sjmoon/EmoViS/data/raw/CowenEmotionVideos/1006.mp4	1006.mp4	541591	2026-05-08T05:07:23+00:00	88b88718e25059a09b918e0053642a8f6b6dc11249845f7c88ab2a760c0fdb11
stimulus_videos	/pscratch/sd/s/sjmoon/EmoViS/data/raw/CowenEmotionVideos/1007.mp4	1007.mp4	2191395	2026-05-08T05:07:22+00:00	87a3515af852baf3d9fd74427711b8242463e9457302eb7d157ba5315bc1430c
stimulus_videos	/pscratch/sd/s/sjmoon/EmoViS/data/raw/CowenEmotionVideos/1008.mp4	1008.mp4	109830	2026-05-08T05:07:30+00:00	c37fd6b6d1e1a332811563c21b8a2fb71f45bf2e1572cb92c14092f8c8cf782b
stimulus_videos	/pscratch/sd/s/sjmoon/EmoViS/data/raw/CowenEmotionVideos/1009.mp4	1009.mp4	417592	2026-05-08T05:07:30+00:00	1e22586f5b4e6f96cbbbcd680ca747c40b436fd8239f4cd82b005564d66a4d61
stimulus_videos	/pscratch/sd/s/sjmoon/EmoViS/data/raw/CowenEmotionVideos/1010.mp4	1010.mp4	2437527	2026-05-08T05:07:23+00:00	6fd6eba1554c25542b05c2ca05417a1d713735226b15da98f1f24c84fa8bae96
stimulus_videos	/pscratch/sd/s/sjmoon/EmoViS/data/raw/CowenEmotionVideos/1011.mp4	1011.mp4	271631	2026-05-08T05:07:23+00:00	53f155e37399e7e91c2a8fd2e6e4ebe11ba6a4b069a1cb04da28136700cda0fe
stimulus_videos	/pscratch/sd/s/sjmoon/EmoViS/data/raw/CowenEmotionVideos/1012.mp4	1012.mp4	366505	2026-05-08T05:07:23+00:00	4735845e85f8f38e867d336b77ec944fafdd47fe054273890092f6dba9e11315
stimulus_videos	/pscratch/sd/s/sjmoon/EmoViS/data/raw/CowenEmotionVideos/1013.mp4	1013.mp4	1107517	2026-05-08T05:07:22+00:00	2b22eb2ff0134ca315d907cc1bcfcdb97f9a0e2de5bc5a9efa47628d45e40d7a
stimulus_videos	/pscratch/sd/s/sjmoon/EmoViS/data/raw/CowenEmotionVideos/1014.mp4	1014.mp4	96058	2026-05-08T05:07:24+00:00	0e44899b87d00568aabd42507b06712fe56b43d7aa7fa5c3f6e2da7c79abb97e
stimulus_videos	/pscratch/sd/s/sjmoon/EmoViS/data/raw/CowenEmotionVideos/1015.mp4	1015.mp4	742122	2026-05-08T05:07:23+00:00	5950ba3fccadbfee19067ef7f7c41eaf0663aa806a04be82ef3dfe267972bbb6
stimulus_videos	/pscratch/sd/s/sjmoon/EmoViS/data/raw/CowenEmotionVideos/1016.mp4	1016.mp4	29315	2026-05-08T05:07:24+00:00	26b273d40f89aa6ee3d202f064583e83213310950099b09f170c0c2c6d0977f4
stimulus_videos	/pscratch/sd/s/sjmoon/EmoViS/data/raw/CowenEmotionVideos/1017.mp4	1017.mp4	2837853	2026-05-08T05:07:24+00:00	b2579e1dc26d9bf630815240fb846a43b6a9f86cfc2e9af4ecb54d79ed55dc5c
stimulus_videos	/pscratch/sd/s/sjmoon/EmoViS/data/raw/CowenEmotionVideos/1018.mp4	1018.mp4	18305	2026-05-08T05:07:30+00:00	9cfcc17ed4354082d8abec80642251344dfb9cf0b33b2a2a3de52b39eac0fce7
stimulus_videos	/pscratch/sd/s/sjmoon/EmoViS/data/raw/CowenEmotionVideos/1019.mp4	1019.mp4	464256	2026-05-08T05:07:29+00:00	d8717841d8f2ccf66909dc4c67642206a46ef1b883fec742743a80636a97386d
stimulus_videos	/pscratch/sd/s/sjmoon/EmoViS/data/raw/CowenEmotionVideos/1020.mp4	1020.mp4	488841	2026-05-08T05:07:30+00:00	4fbdcd05a0c01ed8bcdf4604d08d336d2acb1a0eb3148c0d6573260806ca10b2
stimulus_videos	/pscratch/sd/s/sjmoon/EmoViS/data/raw/CowenEmotionVideos/1021.mp4	1021.mp4	1607885	2026-05-08T05:07:31+00:00	e003fcfd28564dc1b4f791ca10bcc20fb98e1f272c183164eb8b30e0309e00f5
stimulus_videos	/pscratch/sd/s/sjmoon/EmoViS/data/raw/CowenEmotionVideos/1022.mp4	1022.mp4	27217	2026-05-08T05:07:31+00:00	7ffe7a7ca5689e138e06d79de5f2bc6f74b7d9e66072fb88f5f920cae23d6a04
stimulus_videos	/pscratch/sd/s/sjmoon/EmoViS/data/raw/CowenEmotionVideos/1023.mp4	1023.mp4	106778	2026-05-08T05:07:31+00:00	987b4b95ea541021303ba5479ded2ea27fa5b41fd2c9e569c80eb1a2f9e97f21
stimulus_videos	/pscratch/sd/s/sjmoon/EmoViS/data/raw/CowenEmotionVideos/1024.mp4	1024.mp4	139404	2026-05-08T05:07:30+00:00	c727c980391c90fd9c3b3781eb3d1e17aa3493d19527dc6d46e3ff4b5adbee4c
stimulus_videos	/pscratch/sd/s/sjmoon/EmoViS/data/raw/CowenEmotionVideos/1025.mp4	1025.mp4	63190	2026-05-08T05:07:30+00:00	25254dbb373c8ee09cce0bd015f60e805fff2f7c83ef1e3ee515b9b09826baaf
stimulus_videos	/pscratch/sd/s/sjmoon/EmoViS/data/raw/CowenEmotionVideos/1026.mp4	1026.mp4	45904	2026-05-08T05:07:29+00:00	f5c1bacf74a1d830fd1d8ef8dfba541538c2d49a0487c5aaa9f13edc0937f4be
stimulus_videos	/pscratch/sd/s/sjmoon/EmoViS/data/raw/CowenEmotionVideos/1027.mp4	1027.mp4	991304	2026-05-08T05:07:29+00:00	1f4f25b6bdfcba77e70f44a6a753059541a6c46e899b335d36237d4f9f52951e
stimulus_videos	/pscratch/sd/s/sjmoon/EmoViS/data/raw/CowenEmotionVideos/1028.mp4	1028.mp4	382488	2026-05-08T05:07:24+00:00	aa913549d0eac7dfa12447a715bdd60d03f6b1d95e78db62fe0852a380eb9997
stimulus_videos	/pscratch/sd/s/sjmoon/EmoViS/data/raw/CowenEmotionVideos/1029.mp4	1029.mp4	105817	2026-05-08T05:07:23+00:00	fb33733dd7d40ba69dd229da10082e497335c49b1020f7a5654bb0da78ec0efd
stimulus_videos	/pscratch/sd/s/sjmoon/EmoViS/data/raw/CowenEmotionVideos/1030.mp4	1030.mp4	277697	2026-05-08T05:07:30+00:00	ec35c689be8f34345738350bb0bbabe2da245a3729b1280d16743444e03beefb
stimulus_videos	/pscratch/sd/s/sjmoon/EmoViS/data/raw/CowenEmotionVideos/1031.mp4	1031.mp4	70470	2026-05-08T05:07:30+00:00	3c89d78ceddab07563144d485f4bf4e27c00827c05a914d6f72aa0a5905864c7
stimulus_videos	/pscratch/sd/s/sjmoon/EmoViS/data/raw/CowenEmotionVideos/1032.mp4	1032.mp4	190044	2026-05-08T05:07:29+00:00	360f4673be3ec6b5ed768dc7bc8179e2ac299acb0b07faf4391c65d492d8b630
stimulus_videos	/pscratch/sd/s/sjmoon/EmoViS/data/raw/CowenEmotionVideos/1033.mp4	1033.mp4	182130	2026-05-08T05:07:29+00:00	fca52111c5483f1baa819c737fea718b40ce50cbe10b3b6c8fc5b06d3a6b57d9
stimulus_videos	/pscratch/sd/s/sjmoon/EmoViS/data/raw/CowenEmotionVideos/1034.mp4	1034.mp4	303795	2026-05-08T05:07:30+00:00	c6a55675c1bc355f6f2a470f16234ed3384867a4e32fa0c446f444a1ed96b105
stimulus_videos	/pscratch/sd/s/sjmoon/EmoViS/data/raw/CowenEmotionVideos/1035.mp4	1035.mp4	136972	2026-05-08T05:07:30+00:00	1d35570e1e5845d95ae118293da128b56d4037d478227a059486a5de9ae3aa28
stimulus_videos	/pscratch/sd/s/sjmoon/EmoViS/data/raw/CowenEmotionVideos/1036.mp4	1036.mp4	4206071	2026-05-08T05:07:31+00:00	7f3ae26a7585c28aa75d4b44d2ac32fa5185d012b7c8abb0151503bd3e38bc61
stimulus_videos	/pscratch/sd/s/sjmoon/EmoViS/data/raw/CowenEmotionVideos/1037.mp4	1037.mp4	588266	2026-05-08T05:07:31+00:00	31371bb27701efaddc04f8b555a216ef27c8bebe11ebb04ab7c1f44ce5d13eed
stimulus_videos	/pscratch/sd/s/sjmoon/EmoViS/data/raw/CowenEmotionVideos/1038.mp4	1038.mp4	56585	2026-05-08T05:07:23+00:00	3ad50740d3d8a8bb99e74e5af59fc90949cbfd575ea9a0c277130ca778e63b40
stimulus_videos	/pscratch/sd/s/sjmoon/EmoViS/data/raw/CowenEmotionVideos/1039.mp4	1039.mp4	662686	2026-05-08T05:07:23+00:00	ace0a93017272197ab32d78b0ded28c77c8439e1fbb18576df61acc40c511b76
stimulus_videos	/pscratch/sd/s/sjmoon/EmoViS/data/raw/CowenEmotionVideos/1040.mp4	1040.mp4	1747999	2026-05-08T05:07:28+00:00	6ce600c92386db085f180ed23d7a873b4702fb41fbf4aff14f734854f6021167
stimulus_videos	/pscratch/sd/s/sjmoon/EmoViS/data/raw/CowenEmotionVideos/1041.mp4	1041.mp4	80917	2026-05-08T05:07:29+00:00	552087a82fba54f1c6a53a6905042da0debd28c08224ad2109d1c5a318af2e94
stimulus_videos	/pscratch/sd/s/sjmoon/EmoViS/data/raw/CowenEmotionVideos/1042.mp4	1042.mp4	362106	2026-05-08T05:07:28+00:00	b30c0424b77994a545a3e6bfc295682528a1fc898d8f683525cbb949daa0c134
stimulus_videos	/pscratch/sd/s/sjmoon/EmoViS/data/raw/CowenEmotionVideos/1043.mp4	1043.mp4	79570	2026-05-08T05:07:28+00:00	998be7850b4675916fd2628aec4697fd3b725e15969f7124a1872cacfdeac4dd
stimulus_videos	/pscratch/sd/s/sjmoon/EmoViS/data/raw/CowenEmotionVideos/1044.mp4	1044.mp4	62309	2026-05-08T05:07:27+00:00	6ee28f81e9768fbc706fbb213d437d230cf11d81026e8aabc17ae8e89a342b74
stimulus_videos	/pscratch/sd/s/sjmoon/EmoViS/data/raw/CowenEmotionVideos/1045.mp4	1045.mp4	149859	2026-05-08T05:07:27+00:00	15c5c47d6b1619570eedb042f2336f98657748f0f8f14d0b7ef73e75e498f748
stimulus_videos	/pscratch/sd/s/sjmoon/EmoViS/data/raw/CowenEmotionVideos/1046.mp4	1046.mp4	219512	2026-05-08T05:07:27+00:00	98bbe232d996a2fa1b2587a1db5521e98f671f8353194d954e6fb8cb207328c0
stimulus_videos	/pscratch/sd/s/sjmoon/EmoViS/data/raw/CowenEmotionVideos/1047.mp4	1047.mp4	108125	2026-05-08T05:07:28+00:00	9f22c2df58588c2a9aa8abca96cf04f62c23ff660b30264d8c1bbfa1a725818d
stimulus_videos	/pscratch/sd/s/sjmoon/EmoViS/data/raw/CowenEmotionVideos/1048.mp4	1048.mp4	471163	2026-05-08T05:07:26+00:00	ce20b3658922b9401a1604a7a787299e1473177a6bdbc634f17d171f4b86b8a3
stimulus_videos	/pscratch/sd/s/sjmoon/EmoViS/data/raw/CowenEmotionVideos/1049.mp4	1049.mp4	127805	2026-05-08T05:07:26+00:00	7add866199765053f84e6a31fd12775127d84a9fa090b500cdaaa0cd7f49c52d
stimulus_videos	/pscratch/sd/s/sjmoon/EmoViS/data/raw/CowenEmotionVideos/1050.mp4	1050.mp4	127870	2026-05-08T05:07:27+00:00	6765ceb66891353db94712553863a6cb4334291aa19a56be6f7906259d3b5b57
stimulus_videos	/pscratch/sd/s/sjmoon/EmoViS/data/raw/CowenEmotionVideos/1051.mp4	1051.mp4	54304	2026-05-08T05:07:27+00:00	6d8bf60217fdb7ae66b8c6610e0734210af4dd23c6b77123e5cb01a3fd23519f
stimulus_videos	/pscratch/sd/s/sjmoon/EmoViS/data/raw/CowenEmotionVideos/1052.mp4	1052.mp4	203483	2026-05-08T05:07:27+00:00	bbc32c377fd2a111b8be5ece8f1f1d7769cba75c89b84bb2387330547de8b81a
stimulus_videos	/pscratch/sd/s/sjmoon/EmoViS/data/raw/CowenEmotionVideos/1053.mp4	1053.mp4	138504	2026-05-08T05:07:28+00:00	aadaf99be8659cac0b4d0019b4aa7a8336c52b7c0bdf94936302b1b83a97cf3c
stimulus_videos	/pscratch/sd/s/sjmoon/EmoViS/data/raw/CowenEmotionVideos/1054.mp4	1054.mp4	218969	2026-05-08T05:07:28+00:00	97b596610b1f0ef153b873d69edd0295e15e2f48538a031f17ee52042399514e
stimulus_videos	/pscratch/sd/s/sjmoon/EmoViS/data/raw/CowenEmotionVideos/1055.mp4	1055.mp4	73374	2026-05-08T05:07:29+00:00	a9b2e86caabedf97c272564797a7a293ccb5f2e78e58a2587ac56084f82e02d7
stimulus_videos	/pscratch/sd/s/sjmoon/EmoViS/data/raw/CowenEmotionVideos/1056.mp4	1056.mp4	87124	2026-05-08T05:07:28+00:00	327cb4454f1e92fc0b61c7e73b97a6f79d56484bfd306fee435faed20ee9ad96
stimulus_videos	/pscratch/sd/s/sjmoon/EmoViS/data/raw/CowenEmotionVideos/1057.mp4	1057.mp4	114034	2026-05-08T05:07:28+00:00	65e9b367a18883839ce547a92eff696775c89aeda285b7d550a44f9954cfcd92
stimulus_videos	/pscratch/sd/s/sjmoon/EmoViS/data/raw/CowenEmotionVideos/1058.mp4	1058.mp4	99618	2026-05-08T05:07:24+00:00	fd86f935f6778c843071cdf792021ac44d815ca3772d2cf5b762333a1e854b75
stimulus_videos	/pscratch/sd/s/sjmoon/EmoViS/data/raw/CowenEmotionVideos/1059.mp4	1059.mp4	683177	2026-05-08T05:07:25+00:00	64d3a5f25e06464c93dc14c8a7ce6f6ee8711754376c9054abe3b3a55a078b64
stimulus_videos	/pscratch/sd/s/sjmoon/EmoViS/data/raw/CowenEmotionVideos/1060.mp4	1060.mp4	129016	2026-05-08T05:07:26+00:00	ca4fbdbab5f84cdfc92d53164f2d0883da85fb11fb5afb5be30a75bafafef953
stimulus_videos	/pscratch/sd/s/sjmoon/EmoViS/data/raw/CowenEmotionVideos/1061.mp4	1061.mp4	1306192	2026-05-08T05:07:26+00:00	0420a0fcf081f2b150b9d37cd42eb572a06806e043e819a9a3b5163b4e40acd6
stimulus_videos	/pscratch/sd/s/sjmoon/EmoViS/data/raw/CowenEmotionVideos/1062.mp4	1062.mp4	214902	2026-05-08T05:07:25+00:00	1709b26634d32d26cf39a60161a342d8a852a457d73dc7f2c11087b43ef5c416
stimulus_videos	/pscratch/sd/s/sjmoon/EmoViS/data/raw/CowenEmotionVideos/1063.mp4	1063.mp4	920724	2026-05-08T05:07:26+00:00	5c2d40beecce410d714d2491f9dbc743adb582f6cfe0821768b8e4442380cd96
stimulus_videos	/pscratch/sd/s/sjmoon/EmoViS/data/raw/CowenEmotionVideos/1064.mp4	1064.mp4	363797	2026-05-08T05:07:24+00:00	e29fb7bc5c22abf4b4a5d9c8e0dbeabca3bf6eb9c8d4240f764b71bbf6e9179f
stimulus_videos	/pscratch/sd/s/sjmoon/EmoViS/data/raw/CowenEmotionVideos/1065.mp4	1065.mp4	79874	2026-05-08T05:07:25+00:00	78a9e7039f4f14782e2ea57f87d3ea79ce7756de997efb72384c0f4833ce4d1c
stimulus_videos	/pscratch/sd/s/sjmoon/EmoViS/data/raw/CowenEmotionVideos/1066.mp4	1066.mp4	4138864	2026-05-08T05:07:25+00:00	a0fc45cbb2b06105e6f8ee5f34622368bd33b8eb4e0b296b414d6e5036ead57d
stimulus_videos	/pscratch/sd/s/sjmoon/EmoViS/data/raw/CowenEmotionVideos/1067.mp4	1067.mp4	205767	2026-05-08T05:07:25+00:00	4a7c056b7e40d13b0df07d2da8ec4f41459eaaa55c91e43e9b71fcb7619c7c93
stimulus_videos	/pscratch/sd/s/sjmoon/EmoViS/data/raw/CowenEmotionVideos/1068.mp4	1068.mp4	1144040	2026-05-08T05:07:28+00:00	2d459721c2065423bb7ecb097787fd28f3c224a664f91ee4b0c1c9f11f65cae6
stimulus_videos	/pscratch/sd/s/sjmoon/EmoViS/data/raw/CowenEmotionVideos/1069.mp4	1069.mp4	11604	2026-05-08T05:07:29+00:00	cf3b26ea697df98133f09c8d4c57b7735d7c50997de03f26a6430e03a71e03f2
stimulus_videos	/pscratch/sd/s/sjmoon/EmoViS/data/raw/CowenEmotionVideos/1070.mp4	1070.mp4	272304	2026-05-08T05:07:24+00:00	5573664796a994a6341343ab90480726a19a2f31d302ed49bd82434a880aaef9
stimulus_videos	/pscratch/sd/s/sjmoon/EmoViS/data/raw/CowenEmotionVideos/1071.mp4	1071.mp4	1454471	2026-05-08T05:07:25+00:00	a4fc2a766cb0e9dd1140df96472c73983ac4f3a422c0af1ee5ebab584e5fcd82
stimulus_videos	/pscratch/sd/s/sjmoon/EmoViS/data/raw/CowenEmotionVideos/1072.mp4	1072.mp4	2518017	2026-05-08T05:07:25+00:00	083e21d5282259aba84de38d7f991afdd9b4d1546c7b2fc2d28a09ccf6266b7c
stimulus_videos	/pscratch/sd/s/sjmoon/EmoViS/data/raw/CowenEmotionVideos/1073.mp4	1073.mp4	180266	2026-05-08T05:07:25+00:00	174e376522ebc5f267903953b63ec53e076fb71d16364a6aa73989aee718135a
stimulus_videos	/pscratch/sd/s/sjmoon/EmoViS/data/raw/CowenEmotionVideos/1074.mp4	1074.mp4	52846	2026-05-08T05:07:26+00:00	5a39533ca61f505c973cf9178b0f59fbe6184bd8e42e47ba12d47198b2f1828f
stimulus_videos	/pscratch/sd/s/sjmoon/EmoViS/data/raw/CowenEmotionVideos/1075.mp4	1075.mp4	119533	2026-05-08T05:07:26+00:00	9d8babd18d00f737ca5fdf11830aec69ed6bee63ee3e7310afa600386bfd7d00
stimulus_videos	/pscratch/sd/s/sjmoon/EmoViS/data/raw/CowenEmotionVideos/1076.mp4	1076.mp4	1570893	2026-05-08T05:07:25+00:00	3f0ce43dbcc4b45897a28816ba49f4927f539f55a4946d25e9ac7f6ea61abffb
stimulus_videos	/pscratch/sd/s/sjmoon/EmoViS/data/raw/CowenEmotionVideos/1077.mp4	1077.mp4	1365795	2026-05-08T05:07:26+00:00	5420029edefec25eb8410f13b3faecbe42d3d48e42ae4cdf81c760d9202d18b8
stimulus_videos	/pscratch/sd/s/sjmoon/EmoViS/data/raw/CowenEmotionVideos/1078.mp4	1078.mp4	54253	2026-05-08T05:07:27+00:00	64a8a78672f286f5663e9dcf2a75d2b153971157c919475d85bed6c75456260d
stimulus_videos	/pscratch/sd/s/sjmoon/EmoViS/data/raw/CowenEmotionVideos/1079.mp4	1079.mp4	148209	2026-05-08T05:07:27+00:00	df72a178c4fcd76067004f1f64e9cefe1e1689a66c6e4143ec5644bac00edb16
stimulus_videos	/pscratch/sd/s/sjmoon/EmoViS/data/raw/CowenEmotionVideos/1080.mp4	1080.mp4	235764	2026-05-08T05:07:28+00:00	f03df557fd73f3f395c9177ef0775e931df6a30517a1a5a388a04328f12cefc0
stimulus_videos	/pscratch/sd/s/sjmoon/EmoViS/data/raw/CowenEmotionVideos/1081.mp4	1081.mp4	172568	2026-05-08T05:07:28+00:00	66b2b8801e02772b51d26ea90480c8ad3503795708840e5ab1a966359729dc67
stimulus_videos	/pscratch/sd/s/sjmoon/EmoViS/data/raw/CowenEmotionVideos/1082.mp4	1082.mp4	392564	2026-05-08T05:07:29+00:00	79a44349c01734ac4f38c228bdd5f3860a6e27a467e5a41de05b2feb776a31ad
stimulus_videos	/pscratch/sd/s/sjmoon/EmoViS/data/raw/CowenEmotionVideos/1083.mp4	1083.mp4	193755	2026-05-08T05:07:28+00:00	06858969ca73bf44851f6b3790563dc786061f014918a8e53131e42eef8ceaad
stimulus_videos	/pscratch/sd/s/sjmoon/EmoViS/data/raw/CowenEmotionVideos/1084.mp4	1084.mp4	1011597	2026-05-08T05:07:28+00:00	d9f468add3f759db1cb90c9ee8e5d879d177b33c38ac069d5841a01e746c277c
stimulus_videos	/pscratch/sd/s/sjmoon/EmoViS/data/raw/CowenEmotionVideos/1085.mp4	1085.mp4	213474	2026-05-08T05:07:27+00:00	31cc8c0a50c7c52015ef2359852bd35d7f8fbe15b693ad949e734452454e4e5a
stimulus_videos	/pscratch/sd/s/sjmoon/EmoViS/data/raw/CowenEmotionVideos/1086.mp4	1086.mp4	384796	2026-05-08T05:07:27+00:00	37d0f2df55a0c1e96a94b5028bc2d36d332ec3efd5ffdbda6cb3d9c2121cdd0c
stimulus_videos	/pscratch/sd/s/sjmoon/EmoViS/data/raw/CowenEmotionVideos/1087.mp4	1087.mp4	232213	2026-05-08T05:07:27+00:00	08a2669c6b41f4c9bc3af1be5bd2902971155b891d2b8971c0f7124a9da43ddc
stimulus_videos	/pscratch/sd/s/sjmoon/EmoViS/data/raw/CowenEmotionVideos/1088.mp4	1088.mp4	540615	2026-05-08T05:07:26+00:00	42e52efcc9c0b764897f0565a8c583903e9a1079e235053fd754bc79fa24c840
stimulus_videos	/pscratch/sd/s/sjmoon/EmoViS/data/raw/CowenEmotionVideos/1089.mp4	1089.mp4	283460	2026-05-08T05:07:25+00:00	6ecb4709338ea2d90ac46a20c96befeed06f75cd164dfb00ce7bf34c0a5ba0e4
stimulus_videos	/pscratch/sd/s/sjmoon/EmoViS/data/raw/CowenEmotionVideos/1090.mp4	1090.mp4	2276716	2026-05-08T05:07:28+00:00	2ea867fa5fe9a54e3ce6f6bcbed35063040a739e529c470bb2b95668106708a0
stimulus_videos	/pscratch/sd/s/sjmoon/EmoViS/data/raw/CowenEmotionVideos/1091.mp4	1091.mp4	402095	2026-05-08T05:07:27+00:00	4ec73676c378ebb8d20de1ff7162f9fbd6f4f95d0a77708ee632130a9d036eb1
stimulus_videos	/pscratch/sd/s/sjmoon/EmoViS/data/raw/CowenEmotionVideos/1092.mp4	1092.mp4	218684	2026-05-08T05:07:27+00:00	29339486e5e724316aab5f4df864de23dc9f31d5c5bef42779fbcc37ec54e9e5
stimulus_videos	/pscratch/sd/s/sjmoon/EmoViS/data/raw/CowenEmotionVideos/1093.mp4	1093.mp4	209450	2026-05-08T05:07:27+00:00	77f575b6c17b9041375e1bf077b84d7371b515c6ce1280ab35e448b3ab296c72
stimulus_videos	/pscratch/sd/s/sjmoon/EmoViS/data/raw/CowenEmotionVideos/1094.mp4	1094.mp4	53278	2026-05-08T05:07:28+00:00	92a3dd4a6c0fc14a1e2f7d000eebdae7154e72b4516f2d5776d48e107d714656
stimulus_videos	/pscratch/sd/s/sjmoon/EmoViS/data/raw/CowenEmotionVideos/1095.mp4	1095.mp4	543730	2026-05-08T05:07:28+00:00	371ab41f6b8323e5355fc37a8d07df814e1818c399e4a2a68ee9af39bc6293fb
stimulus_videos	/pscratch/sd/s/sjmoon/EmoViS/data/raw/CowenEmotionVideos/1096.mp4	1096.mp4	515287	2026-05-08T05:07:29+00:00	8e9251ad07feb5b7823d7951803a6e688ffe34eb9bd7ddea036770f222d280a9
stimulus_videos	/pscratch/sd/s/sjmoon/EmoViS/data/raw/CowenEmotionVideos/1097.mp4	1097.mp4	2201276	2026-05-08T05:07:28+00:00	4cd8b788e83a35d19be4de37f4e0592287a1dc7b9aad8cdd98eb823bcc438ea0
stimulus_videos	/pscratch/sd/s/sjmoon/EmoViS/data/raw/CowenEmotionVideos/1098.mp4	1098.mp4	553905	2026-05-08T05:07:25+00:00	895bc90847049a5aa11f37302d53dfd18c4140ad2f752494ec259e53e0a0f410
stimulus_videos	/pscratch/sd/s/sjmoon/EmoViS/data/raw/CowenEmotionVideos/1099.mp4	1099.mp4	455905	2026-05-08T05:07:25+00:00	ccfdeea1a1312cb469ef37ed2cc8001a75195c3525d41e695d2fe07fed1218cf
stimulus_videos	/pscratch/sd/s/sjmoon/EmoViS/data/raw/CowenEmotionVideos/1100.mp4	1100.mp4	317496	2026-05-08T05:07:26+00:00	ee8ce9295d47e00876c3aa771168e977614b34dfb114b1bab1827d6056df5d6e
stimulus_videos	/pscratch/sd/s/sjmoon/EmoViS/data/raw/CowenEmotionVideos/1101.mp4	1101.mp4	835760	2026-05-08T05:07:26+00:00	1e3991af06fa1b01204f996209f920b05e7bdd30d8b47114e6ac9aeeb3306977
stimulus_videos	/pscratch/sd/s/sjmoon/EmoViS/data/raw/CowenEmotionVideos/1102.mp4	1102.mp4	228350	2026-05-08T05:07:26+00:00	0a18780c73bf401d4d80910f617692498774c8d6113dbb344d9ba0582c5db296
stimulus_videos	/pscratch/sd/s/sjmoon/EmoViS/data/raw/CowenEmotionVideos/1103.mp4	1103.mp4	793693	2026-05-08T05:07:26+00:00	99b5d0fa97301c0f379ba64eac5972fac27226aa385966d2b570116c2aee2b40
stimulus_videos	/pscratch/sd/s/sjmoon/EmoViS/data/raw/CowenEmotionVideos/1104.mp4	1104.mp4	1257592	2026-05-08T05:07:24+00:00	932ccdeb6dbc24134e04d345d0ec039e65dee6d18c1d4284b105088a8bd55063
stimulus_videos	/pscratch/sd/s/sjmoon/EmoViS/data/raw/CowenEmotionVideos/1105.mp4	1105.mp4	89735	2026-05-08T05:07:24+00:00	4c49a8522ad9cba276af36dc122453001c3fa8f398c80319b1f17781f65dc933
stimulus_videos	/pscratch/sd/s/sjmoon/EmoViS/data/raw/CowenEmotionVideos/1106.mp4	1106.mp4	76474	2026-05-08T05:07:25+00:00	58ee8ecac6daa9618b23b15fe9e25c95ac0cc97e38b0ca0fbba5966b654ea6b1
stimulus_videos	/pscratch/sd/s/sjmoon/EmoViS/data/raw/CowenEmotionVideos/1107.mp4	1107.mp4	125794	2026-05-08T05:07:25+00:00	c3d38df6dde010fe52322280f8c68e88cb69cb55f7546a50ce2ba52f8beda3e5
stimulus_videos	/pscratch/sd/s/sjmoon/EmoViS/data/raw/CowenEmotionVideos/1108.mp4	1108.mp4	109563	2026-05-08T05:07:29+00:00	cdf09e2353cfe5a97e5de36cc550d297741f41b2f315e01ffa689d5472fb0c7f
stimulus_videos	/pscratch/sd/s/sjmoon/EmoViS/data/raw/CowenEmotionVideos/1109.mp4	1109.mp4	416744	2026-05-08T05:07:29+00:00	c374d10bd3bde3faa1d45f0ceb5e7331218718c992a2ca94fbfcfe427966fc3b
stimulus_videos	/pscratch/sd/s/sjmoon/EmoViS/data/raw/CowenEmotionVideos/1110.mp4	1110.mp4	241288	2026-05-08T05:07:24+00:00	a2267433196cad40f5004a15b2964769d32c1f0f66d4e30f4a73897c93b5d675
stimulus_videos	/pscratch/sd/s/sjmoon/EmoViS/data/raw/CowenEmotionVideos/1111.mp4	1111.mp4	59945	2026-05-08T05:07:24+00:00	a842955dfea538b8dcb62c078a467bbef259ed8f838f6c96d04fa9b1d003ad09
stimulus_videos	/pscratch/sd/s/sjmoon/EmoViS/data/raw/CowenEmotionVideos/1112.mp4	1112.mp4	2332945	2026-05-08T05:07:25+00:00	17f7c812049283253932a0babec54e201f281864af3c6aef31c5287c3e319f4f
stimulus_videos	/pscratch/sd/s/sjmoon/EmoViS/data/raw/CowenEmotionVideos/1113.mp4	1113.mp4	4447524	2026-05-08T05:07:25+00:00	58cd0f698eacef1e415f3d7990449b2f5b7c9f45564d2aa7cd61868b30f8c0ba
stimulus_videos	/pscratch/sd/s/sjmoon/EmoViS/data/raw/CowenEmotionVideos/1114.mp4	1114.mp4	257853	2026-05-08T05:07:26+00:00	be1e569b4f5e26280d1225bd0c9d2f363f49e741c63ca08c746d74a7a8577cd6
stimulus_videos	/pscratch/sd/s/sjmoon/EmoViS/data/raw/CowenEmotionVideos/1115.mp4	1115.mp4	386854	2026-05-08T05:07:26+00:00	4da7651321588fccf57a8cacc1c35ccf96264e622bd2a8c0e689001f208cfe6c
stimulus_videos	/pscratch/sd/s/sjmoon/EmoViS/data/raw/CowenEmotionVideos/1116.mp4	1116.mp4	198994	2026-05-08T05:07:26+00:00	d88c3b06ea1b16f62744b1571b0401a3fa9b98483447c22b468094cfca9b9ced
stimulus_videos	/pscratch/sd/s/sjmoon/EmoViS/data/raw/CowenEmotionVideos/1117.mp4	1117.mp4	26580	2026-05-08T05:07:26+00:00	75dbf882475355afeef979cdb055e56debab1e47130faa6d495a41661243f391
stimulus_videos	/pscratch/sd/s/sjmoon/EmoViS/data/raw/CowenEmotionVideos/1118.mp4	1118.mp4	109933	2026-05-08T05:07:27+00:00	93dfb17d21f04741273d4c4ac7df1019065bc3f4b0d1eabc778b4d5fbf809e6c
stimulus_videos	/pscratch/sd/s/sjmoon/EmoViS/data/raw/CowenEmotionVideos/1119.mp4	1119.mp4	184002	2026-05-08T05:07:27+00:00	09fbf0a51cba5ce8f0c843c6b018449d57fb42e608386f8e5717f365d6360329
stimulus_videos	/pscratch/sd/s/sjmoon/EmoViS/data/raw/CowenEmotionVideos/1120.mp4	1120.mp4	357030	2026-05-08T05:07:29+00:00	81871097ae37d31a8db5f321a4501a0ed0edee7fd130011d974991d6397916e9
stimulus_videos	/pscratch/sd/s/sjmoon/EmoViS/data/raw/CowenEmotionVideos/1121.mp4	1121.mp4	2965652	2026-05-08T05:07:29+00:00	5ef0904bfddf2986d4f868fab177e658603a134c1937b63518d1f2f0f7c4b960
stimulus_videos	/pscratch/sd/s/sjmoon/EmoViS/data/raw/CowenEmotionVideos/1122.mp4	1122.mp4	256580	2026-05-08T05:07:28+00:00	b39df12fc20ca8e660aba108472beefab5c3031c3dc956b2074796e5026a0d56
stimulus_videos	/pscratch/sd/s/sjmoon/EmoViS/data/raw/CowenEmotionVideos/1123.mp4	1123.mp4	325771	2026-05-08T05:07:28+00:00	d10fe1051f4299d94361de852647bc53255a01534bacd8d395f1c1e19b1706ad
stimulus_videos	/pscratch/sd/s/sjmoon/EmoViS/data/raw/CowenEmotionVideos/1124.mp4	1124.mp4	2567822	2026-05-08T05:07:27+00:00	1356282641d34347a737960d9d077c87c6aaeb789fe205aa9c4cfcf680cef361
stimulus_videos	/pscratch/sd/s/sjmoon/EmoViS/data/raw/CowenEmotionVideos/1125.mp4	1125.mp4	539807	2026-05-08T05:07:27+00:00	b2a374ca892b5670ffcf9bc172854bdc20adcc41177475b28c6bfecafd484571
stimulus_videos	/pscratch/sd/s/sjmoon/EmoViS/data/raw/CowenEmotionVideos/1126.mp4	1126.mp4	264644	2026-05-08T05:07:27+00:00	1a5311c81187594ffc0b88330270d599a82204c977ad4f1e0c46ce79d3fee7c0
stimulus_videos	/pscratch/sd/s/sjmoon/EmoViS/data/raw/CowenEmotionVideos/1127.mp4	1127.mp4	215920	2026-05-08T05:07:28+00:00	a861499117092683f373498b2954bc537f188a021cce835e9a3027db9a006ec8
stimulus_videos	/pscratch/sd/s/sjmoon/EmoViS/data/raw/CowenEmotionVideos/1128.mp4	1128.mp4	2007014	2026-05-08T05:07:26+00:00	cd4665ec03f4ad5cdc693b16c566f4fd24cabd01edc86fdeb512fae1c2aacfbf
stimulus_videos	/pscratch/sd/s/sjmoon/EmoViS/data/raw/CowenEmotionVideos/1129.mp4	1129.mp4	53426	2026-05-08T05:07:26+00:00	a56aeb20f463413fd44ec6f5b02d9243a45e91c04f27203ea672da43931c3969
stimulus_videos	/pscratch/sd/s/sjmoon/EmoViS/data/raw/CowenEmotionVideos/1130.mp4	1130.mp4	1445067	2026-05-08T05:07:27+00:00	afd4123e835243e7ae0543f07fa9137b5bbada6fe45688a36e6afb23167c3075
stimulus_videos	/pscratch/sd/s/sjmoon/EmoViS/data/raw/CowenEmotionVideos/1131.mp4	1131.mp4	305071	2026-05-08T05:07:27+00:00	ab5271a4c17c2feb23276a5a493ea4f3159426a12241083cede94465d610aca0
stimulus_videos	/pscratch/sd/s/sjmoon/EmoViS/data/raw/CowenEmotionVideos/1132.mp4	1132.mp4	787969	2026-05-08T05:07:27+00:00	e515a1f295d04a954c014f86a9dd96699bc98379c89173989f6d218c8acff450
stimulus_videos	/pscratch/sd/s/sjmoon/EmoViS/data/raw/CowenEmotionVideos/1133.mp4	1133.mp4	117454	2026-05-08T05:07:28+00:00	313970f42ec9953bd6e5fbebf6860b2e5393d75e7de033b55db319bab5cee232
stimulus_videos	/pscratch/sd/s/sjmoon/EmoViS/data/raw/CowenEmotionVideos/1134.mp4	1134.mp4	16932192	2026-05-08T05:07:29+00:00	9340c392ccf66a743b90b4127a46a38bbff038fa777df1f2da73d318ceb9daba
stimulus_videos	/pscratch/sd/s/sjmoon/EmoViS/data/raw/CowenEmotionVideos/1135.mp4	1135.mp4	140272	2026-05-08T05:07:29+00:00	2ebeabf3619bc0795fe6b2217bcc49ba91ff2d5e8771c99adce84aae188eef09
stimulus_videos	/pscratch/sd/s/sjmoon/EmoViS/data/raw/CowenEmotionVideos/1136.mp4	1136.mp4	144580	2026-05-08T05:07:28+00:00	f6729ef235d111ebba9006d58cb410bfd8026ebaf6ce3851f54422454feba96e
stimulus_videos	/pscratch/sd/s/sjmoon/EmoViS/data/raw/CowenEmotionVideos/1137.mp4	1137.mp4	112138	2026-05-08T05:07:28+00:00	65edf7f2a262b317cc9ca1536395f458d63d7ee6503365ec492b69f06c2a8a53
stimulus_videos	/pscratch/sd/s/sjmoon/EmoViS/data/raw/CowenEmotionVideos/1138.mp4	1138.mp4	4681063	2026-05-08T05:07:24+00:00	0b99cfd9e9060a093f3f032754f52fe0b26abbd5501e9dda4b8d81b46512c2c8
stimulus_videos	/pscratch/sd/s/sjmoon/EmoViS/data/raw/CowenEmotionVideos/1139.mp4	1139.mp4	149033	2026-05-08T05:07:25+00:00	f636fe241b5db6ba1218c944113a6cc829f7f634c615cc6acb5ecd51214b695c
stimulus_videos	/pscratch/sd/s/sjmoon/EmoViS/data/raw/CowenEmotionVideos/1140.mp4	1140.mp4	265007	2026-05-08T05:07:30+00:00	3ff0022d4fe96b7d99f5c783474d0eec98ad4a03bd6de48eb09229b8dd9779a7
stimulus_videos	/pscratch/sd/s/sjmoon/EmoViS/data/raw/CowenEmotionVideos/1141.mp4	1141.mp4	739587	2026-05-08T05:07:30+00:00	767946be81cfbfc672c6b9ef1ad893273527aa3adc9a8e100a6e81571706ad8f
stimulus_videos	/pscratch/sd/s/sjmoon/EmoViS/data/raw/CowenEmotionVideos/1142.mp4	1142.mp4	264192	2026-05-08T05:07:31+00:00	74bde13d8a1cc64f2a7f3db27e6a2f0415cfde34b5ccbf1362897adcaa815baf
stimulus_videos	/pscratch/sd/s/sjmoon/EmoViS/data/raw/CowenEmotionVideos/1143.mp4	1143.mp4	517734	2026-05-08T05:07:31+00:00	2f503391739eb7674b174c940e77a0b82456ef5092b1c9166d9d74d62b49e867
stimulus_videos	/pscratch/sd/s/sjmoon/EmoViS/data/raw/CowenEmotionVideos/1144.mp4	1144.mp4	958382	2026-05-08T05:07:30+00:00	9946c5c64b58760b650f961fd07eb79cf980fdf56edf458901efaae66545de58
stimulus_videos	/pscratch/sd/s/sjmoon/EmoViS/data/raw/CowenEmotionVideos/1145.mp4	1145.mp4	627194	2026-05-08T05:07:30+00:00	48478d178666c40fac5606731df6d916c9bbc18650fc1b06514037a46f892a6c
stimulus_videos	/pscratch/sd/s/sjmoon/EmoViS/data/raw/CowenEmotionVideos/1146.mp4	1146.mp4	3538211	2026-05-08T05:07:29+00:00	ce6809405a70cc10d93ce21952ac9f71402769faaf98d5f13545704b9f528a61
stimulus_videos	/pscratch/sd/s/sjmoon/EmoViS/data/raw/CowenEmotionVideos/1147.mp4	1147.mp4	817580	2026-05-08T05:07:29+00:00	f68ff9ef197a90fbc046d71d68cbbfb5b72aba696bc5268b33503831ac8f6ebf
stimulus_videos	/pscratch/sd/s/sjmoon/EmoViS/data/raw/CowenEmotionVideos/1148.mp4	1148.mp4	3180578	2026-05-08T05:07:23+00:00	0a9ea5c5881d026b99d224a942e2d4da888f0345127d7961b4eeb0798ab4a155
stimulus_videos	/pscratch/sd/s/sjmoon/EmoViS/data/raw/CowenEmotionVideos/1149.mp4	1149.mp4	386733	2026-05-08T05:07:23+00:00	7172a105503999509ebfaff1e6b1cb525c54be8c974a61e6a869c56e0b55515e
stimulus_videos	/pscratch/sd/s/sjmoon/EmoViS/data/raw/CowenEmotionVideos/1150.mp4	1150.mp4	273443	2026-05-08T05:07:30+00:00	404be5e993faa49811cb9c499adb4307058cf8624319fab772a6f8e15bc9a914
stimulus_videos	/pscratch/sd/s/sjmoon/EmoViS/data/raw/CowenEmotionVideos/1151.mp4	1151.mp4	298818	2026-05-08T05:07:30+00:00	94d556c33582cac45f9c0e14495524c364c95968a4f41ef578621f5a80fb26f0
stimulus_videos	/pscratch/sd/s/sjmoon/EmoViS/data/raw/CowenEmotionVideos/1152.mp4	1152.mp4	559147	2026-05-08T05:07:29+00:00	4b9b2506f861ace8207cbd51732df1bfc737985a455a682d28d06eb6fede7fc3
stimulus_videos	/pscratch/sd/s/sjmoon/EmoViS/data/raw/CowenEmotionVideos/1153.mp4	1153.mp4	190690	2026-05-08T05:07:29+00:00	1480af9a77d60cbad9e52c784b38126d8d4ac221c7d3aa27eba40987ae6ff75a
stimulus_videos	/pscratch/sd/s/sjmoon/EmoViS/data/raw/CowenEmotionVideos/1154.mp4	1154.mp4	948166	2026-05-08T05:07:30+00:00	f3ca9cfa7d64d8e5ab6a0160e8f5ca90b13e6795cd91d4518d893671df03ba32
stimulus_videos	/pscratch/sd/s/sjmoon/EmoViS/data/raw/CowenEmotionVideos/1155.mp4	1155.mp4	1731725	2026-05-08T05:07:30+00:00	50ba9c809dace0bafe189f2fcf8fda592fdc29fe52df7aa67aed4aba79979473
stimulus_videos	/pscratch/sd/s/sjmoon/EmoViS/data/raw/CowenEmotionVideos/1156.mp4	1156.mp4	2163654	2026-05-08T05:07:31+00:00	636256f85490fdb74110dd1d7a0d951d013dd88445f1069fc0a0ea7349b19ff5
stimulus_videos	/pscratch/sd/s/sjmoon/EmoViS/data/raw/CowenEmotionVideos/1157.mp4	1157.mp4	543429	2026-05-08T05:07:31+00:00	ef1d57dbc6f6d72f7606af9087ab046e54b4fb86c56081de5c93ccb4259bc5b2
stimulus_videos	/pscratch/sd/s/sjmoon/EmoViS/data/raw/CowenEmotionVideos/1158.mp4	1158.mp4	2569188	2026-05-08T05:07:23+00:00	27ec5017d1ef730469f301c78a4f779bc71a221f81c2ee7d7ea45711f026fad5
stimulus_videos	/pscratch/sd/s/sjmoon/EmoViS/data/raw/CowenEmotionVideos/1159.mp4	1159.mp4	485615	2026-05-08T05:07:23+00:00	5ff278ce6c979dfca537a0a89c1629027c1d373a72138dc17ee9850d1bb99629
stimulus_videos	/pscratch/sd/s/sjmoon/EmoViS/data/raw/CowenEmotionVideos/1160.mp4	1160.mp4	418530	2026-05-08T05:07:23+00:00	565a1c1f2453a0b1f2b144c147df61f073916247627108c41e629515a38a100b
stimulus_videos	/pscratch/sd/s/sjmoon/EmoViS/data/raw/CowenEmotionVideos/1161.mp4	1161.mp4	888749	2026-05-08T05:07:23+00:00	05ec171f39ffab760e0facb6192e2bfd93f5de08f4fb447e87032f0fda6bfca1
stimulus_videos	/pscratch/sd/s/sjmoon/EmoViS/data/raw/CowenEmotionVideos/1162.mp4	1162.mp4	27937	2026-05-08T05:07:24+00:00	0f57bd87fe94fb66d31e46262cf34fa6bede706ea9e62a406144b24c8b850ff9
stimulus_videos	/pscratch/sd/s/sjmoon/EmoViS/data/raw/CowenEmotionVideos/1163.mp4	1163.mp4	381436	2026-05-08T05:07:24+00:00	53ade6bff31d35034adb60097457c5a4ca6b2e36516630d5dc2d2a37dac91173
stimulus_videos	/pscratch/sd/s/sjmoon/EmoViS/data/raw/CowenEmotionVideos/1164.mp4	1164.mp4	46407	2026-05-08T05:07:23+00:00	b1d43ea1f0ea5a26c746d293308e3319d0404b34330c258c0b32981191f9e209
stimulus_videos	/pscratch/sd/s/sjmoon/EmoViS/data/raw/CowenEmotionVideos/1165.mp4	1165.mp4	287459	2026-05-08T05:07:23+00:00	d71e061aec0bd7cb60387d008e485e2b5cedd062777f8734c2a2d47eb7854763
stimulus_videos	/pscratch/sd/s/sjmoon/EmoViS/data/raw/CowenEmotionVideos/1166.mp4	1166.mp4	117133	2026-05-08T05:07:22+00:00	862b1c9f10c10253c98591e878b01d68ec3effde0bf27d63cc74d2f40a67971f
stimulus_videos	/pscratch/sd/s/sjmoon/EmoViS/data/raw/CowenEmotionVideos/1167.mp4	1167.mp4	286467	2026-05-08T05:07:22+00:00	498ba347cf4e9c33fc136cc09d6bf8d3dba491d60a41dab85cca89d51af0bf2c
stimulus_videos	/pscratch/sd/s/sjmoon/EmoViS/data/raw/CowenEmotionVideos/1168.mp4	1168.mp4	573013	2026-05-08T05:07:30+00:00	a56e3340a16e7c169c0969a771d1cac442b0f7ff57098f1c941b4418259b5c52
stimulus_videos	/pscratch/sd/s/sjmoon/EmoViS/data/raw/CowenEmotionVideos/1169.mp4	1169.mp4	346032	2026-05-08T05:07:30+00:00	e0343000a927905c3b76e5ff5cf8f133acf65e69e8e729318ff70fa6179f7157
stimulus_videos	/pscratch/sd/s/sjmoon/EmoViS/data/raw/CowenEmotionVideos/1170.mp4	1170.mp4	160377	2026-05-08T05:07:23+00:00	832c51079f2ba0892bf678f2961507b9e14ed07a3f6f0ae0d1e46bc2eaa1220b
stimulus_videos	/pscratch/sd/s/sjmoon/EmoViS/data/raw/CowenEmotionVideos/1171.mp4	1171.mp4	621938	2026-05-08T05:07:23+00:00	2cb2db89fb8f0c7d64fc281749714ed6f31c0fe0610dead7da0b65c908503f87
stimulus_videos	/pscratch/sd/s/sjmoon/EmoViS/data/raw/CowenEmotionVideos/1172.mp4	1172.mp4	932558	2026-05-08T05:07:22+00:00	f93f6836cfad9debbb5ea59697ec273ccb97286a5cc8e18ee169b7d05d0639c7
stimulus_videos	/pscratch/sd/s/sjmoon/EmoViS/data/raw/CowenEmotionVideos/1173.mp4	1173.mp4	806226	2026-05-08T05:07:22+00:00	49f6b3b25c616a0b4a16312664fbff1b34f809e6260e5f19eec8e9197c318b99
stimulus_videos	/pscratch/sd/s/sjmoon/EmoViS/data/raw/CowenEmotionVideos/1174.mp4	1174.mp4	191599	2026-05-08T05:07:23+00:00	fb19229e34e4f5b7b32d4aa899f2a454f5658a55a72a458241284b4dd32ac044
stimulus_videos	/pscratch/sd/s/sjmoon/EmoViS/data/raw/CowenEmotionVideos/1175.mp4	1175.mp4	10767540	2026-05-08T05:07:23+00:00	73872112115572868d437d11156aaaedc5d3664139b6386ace63eb281b02bab9
stimulus_videos	/pscratch/sd/s/sjmoon/EmoViS/data/raw/CowenEmotionVideos/1176.mp4	1176.mp4	29854	2026-05-08T05:07:24+00:00	acc550f3349a00711121fbc221fa020e851d56b3f098e20b4f310ae20eba70d0
stimulus_videos	/pscratch/sd/s/sjmoon/EmoViS/data/raw/CowenEmotionVideos/1177.mp4	1177.mp4	156322	2026-05-08T05:07:24+00:00	7784d13f1e6fc759a2efd3bda6cccd857477752dbb1e2e7b1c22757ebb325a24
stimulus_videos	/pscratch/sd/s/sjmoon/EmoViS/data/raw/CowenEmotionVideos/1178.mp4	1178.mp4	580169	2026-05-08T05:07:30+00:00	c05a65095423ae0a270fa80314ef2530a8b990bba112786e4394baf70092b45a
stimulus_videos	/pscratch/sd/s/sjmoon/EmoViS/data/raw/CowenEmotionVideos/1179.mp4	1179.mp4	135439	2026-05-08T05:07:30+00:00	52dbc0b9d99f8750dbdad85509dbfb07298273ca39d6f259d436189b53f90e52
stimulus_videos	/pscratch/sd/s/sjmoon/EmoViS/data/raw/CowenEmotionVideos/1180.mp4	1180.mp4	63219	2026-05-08T05:07:31+00:00	a2629903ed37d6a40ee4ecaab80043e7dec3bbbd476d1e14f9c7d5dca45e1c0c
stimulus_videos	/pscratch/sd/s/sjmoon/EmoViS/data/raw/CowenEmotionVideos/1181.mp4	1181.mp4	437637	2026-05-08T05:07:31+00:00	d6b64ddce79746ecdfa4b17cc929e3a64d429b9531cfcc69daae43bcabeed460
stimulus_videos	/pscratch/sd/s/sjmoon/EmoViS/data/raw/CowenEmotionVideos/1182.mp4	1182.mp4	186274	2026-05-08T05:07:30+00:00	2ce05734c6e4646f6bd2b1ac3f9fa0526c1182077ed8510fe1c2b77aee46d8db
stimulus_videos	/pscratch/sd/s/sjmoon/EmoViS/data/raw/CowenEmotionVideos/1183.mp4	1183.mp4	98208	2026-05-08T05:07:30+00:00	31b8915dc6d967f2cc919ba65f244cd23449d80f21d8b7a3cd3d7f15395bdf11
stimulus_videos	/pscratch/sd/s/sjmoon/EmoViS/data/raw/CowenEmotionVideos/1184.mp4	1184.mp4	654143	2026-05-08T05:07:29+00:00	421546c703942bcfd9606a431b394358eb304248b76776107886b8d3085828a9
stimulus_videos	/pscratch/sd/s/sjmoon/EmoViS/data/raw/CowenEmotionVideos/1185.mp4	1185.mp4	450939	2026-05-08T05:07:29+00:00	4c57dcab0e6970af3ef54dba4eb756b727d1af1926e91d0ab0abcdeba97942fd
stimulus_videos	/pscratch/sd/s/sjmoon/EmoViS/data/raw/CowenEmotionVideos/1186.mp4	1186.mp4	736375	2026-05-08T05:07:30+00:00	c7809d9d72d76e4f4ac2341742f817c10bba0d6b87dc6733cfe443ec4337db12
stimulus_videos	/pscratch/sd/s/sjmoon/EmoViS/data/raw/CowenEmotionVideos/1187.mp4	1187.mp4	239764	2026-05-08T05:07:30+00:00	279e30abeec65dbb1986d2e96c1060ada06d327a0276821ba6290f13be83a94d
stimulus_videos	/pscratch/sd/s/sjmoon/EmoViS/data/raw/CowenEmotionVideos/1188.mp4	1188.mp4	95042	2026-05-08T05:07:24+00:00	e438427b79408c767e0cc7d04879205db283e9f5c412dec2e9b4bf0454a6410b
stimulus_videos	/pscratch/sd/s/sjmoon/EmoViS/data/raw/CowenEmotionVideos/1189.mp4	1189.mp4	185389	2026-05-08T05:07:24+00:00	a1de1c4e85e180fee87d8005cb1e7515159cd7f9f258372c44d4dffc05962cc6
stimulus_videos	/pscratch/sd/s/sjmoon/EmoViS/data/raw/CowenEmotionVideos/1190.mp4	1190.mp4	195955	2026-05-08T05:07:29+00:00	f26630bd87b6b9a030c1cea05d48020a577470710b7f5da6b6887475f0cd9ebd
stimulus_videos	/pscratch/sd/s/sjmoon/EmoViS/data/raw/CowenEmotionVideos/1191.mp4	1191.mp4	200832	2026-05-08T05:07:29+00:00	86fa3290c245818b90b2872940cf1b4c5543d07acbbaba23fa4075660fa70704
stimulus_videos	/pscratch/sd/s/sjmoon/EmoViS/data/raw/CowenEmotionVideos/1192.mp4	1192.mp4	428522	2026-05-08T05:07:30+00:00	a89fbf138bcb1692c8d598793d880a99da0dd24e45c77c7e4a386d5173a2b248
stimulus_videos	/pscratch/sd/s/sjmoon/EmoViS/data/raw/CowenEmotionVideos/1193.mp4	1193.mp4	26076	2026-05-08T05:07:30+00:00	669b4b98b6cbd1fd132150de2eae3e37476e6e9f40a4f42379ecff462da80bf8
stimulus_videos	/pscratch/sd/s/sjmoon/EmoViS/data/raw/CowenEmotionVideos/1194.mp4	1194.mp4	72827	2026-05-08T05:07:31+00:00	039dc7adad99bbf0c87c2bc02dfa27ccdfd673ceb0d840f4a3aab3d20c7fa120
stimulus_videos	/pscratch/sd/s/sjmoon/EmoViS/data/raw/CowenEmotionVideos/1195.mp4	1195.mp4	685494	2026-05-08T05:07:31+00:00	0f53785662bdb1cf054af83e44569ef3c47e06bd3aa4d183f840702958215210
stimulus_videos	/pscratch/sd/s/sjmoon/EmoViS/data/raw/CowenEmotionVideos/1196.mp4	1196.mp4	344286	2026-05-08T05:07:30+00:00	3e8729b9ceac0e10f74327667fa993b8de32511cf06108dc43f9068e32ebd9e3
stimulus_videos	/pscratch/sd/s/sjmoon/EmoViS/data/raw/CowenEmotionVideos/1197.mp4	1197.mp4	87892	2026-05-08T05:07:30+00:00	7df373968efd3949973a25a3c4db699c062c8ef497577025e7f8b4fbece322eb
stimulus_videos	/pscratch/sd/s/sjmoon/EmoViS/data/raw/CowenEmotionVideos/1198.mp4	1198.mp4	265475	2026-05-08T05:07:22+00:00	e84cd0904d79ea6cc4122ad10de5fb3b3bfc17af92228600df372c2e37c3e6fc
stimulus_videos	/pscratch/sd/s/sjmoon/EmoViS/data/raw/CowenEmotionVideos/1199.mp4	1199.mp4	645306	2026-05-08T05:07:22+00:00	9487c426358d569aa0d23f3d95612a2c2edfa8d65d51f8d1c375fbde322ae067
stimulus_videos	/pscratch/sd/s/sjmoon/EmoViS/data/raw/CowenEmotionVideos/1200.mp4	1200.mp4	628969	2026-05-08T05:07:24+00:00	10e4474cff313aab9583e6127cfd741e49f5e60035001ea12eeadcb7cb23687a
stimulus_videos	/pscratch/sd/s/sjmoon/EmoViS/data/raw/CowenEmotionVideos/1201.mp4	1201.mp4	208594	2026-05-08T05:07:24+00:00	471e518a326c568e0ce8babf3208314e9ec9b4725e6f74c300c32a7fa92db9bf
stimulus_videos	/pscratch/sd/s/sjmoon/EmoViS/data/raw/CowenEmotionVideos/1202.mp4	1202.mp4	1260622	2026-05-08T05:07:24+00:00	cbd67a84d4ccc754ac613608137753f3875821aeb6122b9221fbf806588d1d6f
stimulus_videos	/pscratch/sd/s/sjmoon/EmoViS/data/raw/CowenEmotionVideos/1203.mp4	1203.mp4	95498	2026-05-08T05:07:23+00:00	76f0a1c7b6f89926465a621c72bcf8dd72c06e5099d021b8b9dab54a7f02da90
stimulus_videos	/pscratch/sd/s/sjmoon/EmoViS/data/raw/CowenEmotionVideos/1204.mp4	1204.mp4	379773	2026-05-08T05:07:22+00:00	7918434e9ad49fae8f2a4818950d4980d1c88d467a0d3578b788c3c76a4b642c
stimulus_videos	/pscratch/sd/s/sjmoon/EmoViS/data/raw/CowenEmotionVideos/1205.mp4	1205.mp4	78747	2026-05-08T05:07:22+00:00	9bdbcdaa6852fdef462dbf6be5338f1061c51027a07e3bb71d0e78549e1f9622
stimulus_videos	/pscratch/sd/s/sjmoon/EmoViS/data/raw/CowenEmotionVideos/1206.mp4	1206.mp4	1293503	2026-05-08T05:07:23+00:00	97566977021cd5607a2fd7aee27afcfe7b1f1b75e33ad08d7b72ac347919089e
stimulus_videos	/pscratch/sd/s/sjmoon/EmoViS/data/raw/CowenEmotionVideos/1207.mp4	1207.mp4	57011	2026-05-08T05:07:23+00:00	22f25988db21289185a735f2e2d68ec4b3e56b6b3f6395e1c93ab85126798d24
stimulus_videos	/pscratch/sd/s/sjmoon/EmoViS/data/raw/CowenEmotionVideos/1208.mp4	1208.mp4	171214	2026-05-08T05:07:31+00:00	6bc4176b6ddc3aa3eea3e911f010dae482fe675bbec3c359cc81682e55d5352d
stimulus_videos	/pscratch/sd/s/sjmoon/EmoViS/data/raw/CowenEmotionVideos/1209.mp4	1209.mp4	588715	2026-05-08T05:07:31+00:00	9024de3dfb21b78de6afcf2210065830053de6866012969b9cc9ebd86995baea
stimulus_videos	/pscratch/sd/s/sjmoon/EmoViS/data/raw/CowenEmotionVideos/1210.mp4	1210.mp4	369333	2026-05-08T05:07:22+00:00	e3c6a0979638fbd44abe0ee161ce947287594683a061533c9be7fbfec3930022
stimulus_videos	/pscratch/sd/s/sjmoon/EmoViS/data/raw/CowenEmotionVideos/1211.mp4	1211.mp4	498917	2026-05-08T05:07:22+00:00	e6b9b81edbf3c0e1eddd2226254766f64d73c42272c665f88176cb0e64062088
stimulus_videos	/pscratch/sd/s/sjmoon/EmoViS/data/raw/CowenEmotionVideos/1212.mp4	1212.mp4	659029	2026-05-08T05:07:23+00:00	3b6b986d327007d1adc7254a3e440aa1925d371485ce6398ac5bef32d5411451
stimulus_videos	/pscratch/sd/s/sjmoon/EmoViS/data/raw/CowenEmotionVideos/1213.mp4	1213.mp4	2305323	2026-05-08T05:07:23+00:00	cdc7eb033949272a37811eff79eb7dc013e8874bc6674a4eeabb0f8f5761d4cf
stimulus_videos	/pscratch/sd/s/sjmoon/EmoViS/data/raw/CowenEmotionVideos/1214.mp4	1214.mp4	53831	2026-05-08T05:07:24+00:00	98dba3ef62aa4af3fc95b512056a5e7f98169ed715cd797e4f18894d36eae826
stimulus_videos	/pscratch/sd/s/sjmoon/EmoViS/data/raw/CowenEmotionVideos/1215.mp4	1215.mp4	2496308	2026-05-08T05:07:24+00:00	efb10ce0b1b51682381cf9e88b4d8a3312ab97f78a6c92aaffefaec1a595e393
stimulus_videos	/pscratch/sd/s/sjmoon/EmoViS/data/raw/CowenEmotionVideos/1216.mp4	1216.mp4	899043	2026-05-08T05:07:24+00:00	3ddf4a57db2e91a081412b68d0cb9b8600d2840f153cb9e8f57924b204410328
stimulus_videos	/pscratch/sd/s/sjmoon/EmoViS/data/raw/CowenEmotionVideos/1217.mp4	1217.mp4	135467	2026-05-08T05:07:23+00:00	dd13d7ad4c6a0eb6483b9ef79b6b44192844f82ddf9b171870e1b999ea3b4b63
stimulus_videos	/pscratch/sd/s/sjmoon/EmoViS/data/raw/CowenEmotionVideos/1218.mp4	1218.mp4	365492	2026-05-08T05:07:29+00:00	71b542af1bf0bba1a739f2d22f1605816e822237e74006864d5cdca19afb6936
stimulus_videos	/pscratch/sd/s/sjmoon/EmoViS/data/raw/CowenEmotionVideos/1219.mp4	1219.mp4	490211	2026-05-08T05:07:29+00:00	d5591883c7f29c019754d23b5ebe06852896120f9ae010f1de2bb5b28fdd6882
stimulus_videos	/pscratch/sd/s/sjmoon/EmoViS/data/raw/CowenEmotionVideos/1220.mp4	1220.mp4	238488	2026-05-08T05:07:31+00:00	77f05c0031c8df20521a436cbb927b421ced61376e87e2771821cc2d9db3ef6b
stimulus_videos	/pscratch/sd/s/sjmoon/EmoViS/data/raw/CowenEmotionVideos/1221.mp4	1221.mp4	435744	2026-05-08T05:07:31+00:00	26bc723aa860c74a19e104b781e492b93efd50bf2264de5639a7ddbfd83ef91f
stimulus_videos	/pscratch/sd/s/sjmoon/EmoViS/data/raw/CowenEmotionVideos/1222.mp4	1222.mp4	73571	2026-05-08T05:07:30+00:00	e1ad818d25ead952504865c0a3ff25f945f3da8511644d9edaefe4dd43c2c03c
stimulus_videos	/pscratch/sd/s/sjmoon/EmoViS/data/raw/CowenEmotionVideos/1223.mp4	1223.mp4	336667	2026-05-08T05:07:30+00:00	7c5551527b85f68305dc993723e60f6e93caa4f470698817a0d5c9428f0289b2
stimulus_videos	/pscratch/sd/s/sjmoon/EmoViS/data/raw/CowenEmotionVideos/1224.mp4	1224.mp4	134613	2026-05-08T05:07:29+00:00	6339b90c59c5d23bdf703d2cf68fd03166c00fa28ed1db4f73c3e56de1b8e169
stimulus_videos	/pscratch/sd/s/sjmoon/EmoViS/data/raw/CowenEmotionVideos/1225.mp4	1225.mp4	1513813	2026-05-08T05:07:29+00:00	52497d07346bd1e8258ab41b233838fd6c44508a5634b325f819605284263466
stimulus_videos	/pscratch/sd/s/sjmoon/EmoViS/data/raw/CowenEmotionVideos/1226.mp4	1226.mp4	88830	2026-05-08T05:07:30+00:00	afd7a85c0517ff357dd32f94a04b97b2c23a2535289cc1fa5525f44f7f222565
stimulus_videos	/pscratch/sd/s/sjmoon/EmoViS/data/raw/CowenEmotionVideos/1227.mp4	1227.mp4	170044	2026-05-08T05:07:30+00:00	2504ec366812264266ea138a8179fdcdf6f0e792997e74efd0c12192fe00835f
stimulus_videos	/pscratch/sd/s/sjmoon/EmoViS/data/raw/CowenEmotionVideos/1228.mp4	1228.mp4	174205	2026-05-08T05:07:24+00:00	2ac561bfbb4f23ac7d110b0f4944fc454456edc7b2925f3cf3316797845f243f
stimulus_videos	/pscratch/sd/s/sjmoon/EmoViS/data/raw/CowenEmotionVideos/1229.mp4	1229.mp4	2962055	2026-05-08T05:07:24+00:00	d69f4512c1268a1b16d2b2dd4db6a23f0d66ccd594f7febb5b0a65d703554517
stimulus_videos	/pscratch/sd/s/sjmoon/EmoViS/data/raw/CowenEmotionVideos/1230.mp4	1230.mp4	107208	2026-05-08T05:07:29+00:00	ea387d851c2bb3264a99900a52bfd376fc5505bd4534be0a3dd76aa3fb2cf0f1
stimulus_videos	/pscratch/sd/s/sjmoon/EmoViS/data/raw/CowenEmotionVideos/1231.mp4	1231.mp4	1184304	2026-05-08T05:07:29+00:00	2066dccc8dfd0910c556ea7b39c1ed45f9d3c0bd5575a1b08bcb59d948e233cb
stimulus_videos	/pscratch/sd/s/sjmoon/EmoViS/data/raw/CowenEmotionVideos/1232.mp4	1232.mp4	207568	2026-05-08T05:07:30+00:00	54209f8921b0a710a32a948cc732d5a4eed4eb9322d78c6034a9cec8168d1a21
stimulus_videos	/pscratch/sd/s/sjmoon/EmoViS/data/raw/CowenEmotionVideos/1233.mp4	1233.mp4	188687	2026-05-08T05:07:30+00:00	f608d0e3f08ce1bb0d48bc345b174ddfd39f3afef5c793a45f64104c4443f772
stimulus_videos	/pscratch/sd/s/sjmoon/EmoViS/data/raw/CowenEmotionVideos/1234.mp4	1234.mp4	870241	2026-05-08T05:07:31+00:00	17971e889232f6e9584b66400abff7adfa3fcec0d9c30e92553be812f01da21b
stimulus_videos	/pscratch/sd/s/sjmoon/EmoViS/data/raw/CowenEmotionVideos/1235.mp4	1235.mp4	705950	2026-05-08T05:07:31+00:00	94599b18cfe2304f3289f81edcbcc3599f1c0bcd4db453849a346344fb678053
stimulus_videos	/pscratch/sd/s/sjmoon/EmoViS/data/raw/CowenEmotionVideos/1236.mp4	1236.mp4	192489	2026-05-08T05:07:30+00:00	a579f9f984c5d7a98fa70ad5f6ae7ffb67cc2e7b419676a902e2191c1c6e2e48
stimulus_videos	/pscratch/sd/s/sjmoon/EmoViS/data/raw/CowenEmotionVideos/1237.mp4	1237.mp4	1221270	2026-05-08T05:07:30+00:00	b130965444688a599f1ef308c2073739cbaa5fc4c727be78b54ca0c1f36859e2
stimulus_videos	/pscratch/sd/s/sjmoon/EmoViS/data/raw/CowenEmotionVideos/1238.mp4	1238.mp4	259069	2026-05-08T05:07:22+00:00	cb77180c5589a3b25f44fc9e8a62397940e598a88a4e14772be9b1752fe3fcc2
stimulus_videos	/pscratch/sd/s/sjmoon/EmoViS/data/raw/CowenEmotionVideos/1239.mp4	1239.mp4	1835509	2026-05-08T05:07:22+00:00	83695ecd3bb20fb0b19653f1f7d6eab090fa097b5f1c819df68bd9e82e7b4c6c
stimulus_videos	/pscratch/sd/s/sjmoon/EmoViS/data/raw/CowenEmotionVideos/1240.mp4	1240.mp4	124097	2026-05-08T05:07:28+00:00	ccb248afabc760dd74d287eba85960b044352f7be414a5e41f732602ef31b7f4
stimulus_videos	/pscratch/sd/s/sjmoon/EmoViS/data/raw/CowenEmotionVideos/1241.mp4	1241.mp4	3613352	2026-05-08T05:07:28+00:00	b30eed23efdcdbb6bc227027ede888816f68c297979e41dce227e7e8bffdc537
stimulus_videos	/pscratch/sd/s/sjmoon/EmoViS/data/raw/CowenEmotionVideos/1242.mp4	1242.mp4	234256	2026-05-08T05:07:28+00:00	ff92e86175319628e8a5f120b6b63d8f69292d913f108ac2487a981badb7c49b
stimulus_videos	/pscratch/sd/s/sjmoon/EmoViS/data/raw/CowenEmotionVideos/1243.mp4	1243.mp4	538453	2026-05-08T05:07:29+00:00	b6be91163840bdeec4464218e594d19a1f9156f43cb99e27a9e50a2e2bda0487
stimulus_videos	/pscratch/sd/s/sjmoon/EmoViS/data/raw/CowenEmotionVideos/1244.mp4	1244.mp4	509932	2026-05-08T05:07:27+00:00	14451c520f7d70cee56eae6d537778e0208d636a740384acdeb6e6b28535926b
stimulus_videos	/pscratch/sd/s/sjmoon/EmoViS/data/raw/CowenEmotionVideos/1245.mp4	1245.mp4	162836	2026-05-08T05:07:28+00:00	72d86c12f64abb8edac5af1975bf98fada11c957a253f83f3efe2b6c0c7ad2bd
stimulus_videos	/pscratch/sd/s/sjmoon/EmoViS/data/raw/CowenEmotionVideos/1246.mp4	1246.mp4	2761521	2026-05-08T05:07:27+00:00	e6d1d4cd0e85aeed11a5df098e3f2941b5ccf196fd88fae1d5025694044f5f2f
stimulus_videos	/pscratch/sd/s/sjmoon/EmoViS/data/raw/CowenEmotionVideos/1247.mp4	1247.mp4	252059	2026-05-08T05:07:27+00:00	8d07f7d0db0e3fd0b8bbbcb923ea9ddf6312e8e07db2f943d6cc7d18555dcd1f
stimulus_videos	/pscratch/sd/s/sjmoon/EmoViS/data/raw/CowenEmotionVideos/1248.mp4	1248.mp4	23039	2026-05-08T05:07:26+00:00	a015dfed3ac75e09b03df9c0ea7926150255d9da62e7325c5feeaba59e5be25f
stimulus_videos	/pscratch/sd/s/sjmoon/EmoViS/data/raw/CowenEmotionVideos/1249.mp4	1249.mp4	201457	2026-05-08T05:07:26+00:00	0064521f5fa4b33852a38df6a3c2751a539f19d1583b9bc260362f7b949b61c5
stimulus_videos	/pscratch/sd/s/sjmoon/EmoViS/data/raw/CowenEmotionVideos/1250.mp4	1250.mp4	2376098	2026-05-08T05:07:27+00:00	827d26fe6431db2035799881db68a199872597d28d8e956e2270ed736803a866
stimulus_videos	/pscratch/sd/s/sjmoon/EmoViS/data/raw/CowenEmotionVideos/1251.mp4	1251.mp4	115506	2026-05-08T05:07:28+00:00	09b320744dd70ab5f31ffe390bc9b3b179d1bddad852385102624ad170a5320e
stimulus_videos	/pscratch/sd/s/sjmoon/EmoViS/data/raw/CowenEmotionVideos/1252.mp4	1252.mp4	441837	2026-05-08T05:07:27+00:00	97a6ad8e10e322c037843e69b2acc397cb4c5b4143a9a8d191487276c7cb240c
stimulus_videos	/pscratch/sd/s/sjmoon/EmoViS/data/raw/CowenEmotionVideos/1253.mp4	1253.mp4	548165	2026-05-08T05:07:27+00:00	6b3394970cceff7a2864234657a8a1a120b0770b2c277b61c9ab555e805136c1
stimulus_videos	/pscratch/sd/s/sjmoon/EmoViS/data/raw/CowenEmotionVideos/1254.mp4	1254.mp4	1769074	2026-05-08T05:07:28+00:00	54d4dabfd1851aa0b921d8c1a43b2201a78fc75ca43eced292f5a9bfcf8b8dd3
stimulus_videos	/pscratch/sd/s/sjmoon/EmoViS/data/raw/CowenEmotionVideos/1255.mp4	1255.mp4	314862	2026-05-08T05:07:28+00:00	dbf8b4c3e27caa2532be1abcf9e28e866ace3484cc7c8234124b3a64c8163f53
stimulus_videos	/pscratch/sd/s/sjmoon/EmoViS/data/raw/CowenEmotionVideos/1256.mp4	1256.mp4	174357	2026-05-08T05:07:28+00:00	d0dc3e1c22b8a20c7aa011e840da358de88774064943acae86c4838188df7411
stimulus_videos	/pscratch/sd/s/sjmoon/EmoViS/data/raw/CowenEmotionVideos/1257.mp4	1257.mp4	2074015	2026-05-08T05:07:29+00:00	86007ee7d5a5cc0e8025db29ce4e082d8ebb3b493481f3a21eba0a208c0f5ba4
stimulus_videos	/pscratch/sd/s/sjmoon/EmoViS/data/raw/CowenEmotionVideos/1258.mp4	1258.mp4	150078	2026-05-08T05:07:25+00:00	0c4f339e12c871be1b53a5d2df738b7e7b6c4b66060000e94e5de026dc399d1e
stimulus_videos	/pscratch/sd/s/sjmoon/EmoViS/data/raw/CowenEmotionVideos/1259.mp4	1259.mp4	364569	2026-05-08T05:07:25+00:00	aface8202f670b7b50677cc0532c2aedf4fad0ccfa0cf548a27b9af29a97645b
stimulus_videos	/pscratch/sd/s/sjmoon/EmoViS/data/raw/CowenEmotionVideos/1260.mp4	1260.mp4	614565	2026-05-08T05:07:25+00:00	44377a1362c78ff70eea3de0e2b65636a2a522e666b42991c8175d2d07b403dd
stimulus_videos	/pscratch/sd/s/sjmoon/EmoViS/data/raw/CowenEmotionVideos/1261.mp4	1261.mp4	4718142	2026-05-08T05:07:26+00:00	495489719e07aca291853d1476a12229d6dd8f0dbe5d07f6daf5c2a7668ede90
stimulus_videos	/pscratch/sd/s/sjmoon/EmoViS/data/raw/CowenEmotionVideos/1262.mp4	1262.mp4	720877	2026-05-08T05:07:26+00:00	a2ebb74dd38ccde7601221a0c63fcad6243e3415e01e96faa9e8abc40b100aac
stimulus_videos	/pscratch/sd/s/sjmoon/EmoViS/data/raw/CowenEmotionVideos/1263.mp4	1263.mp4	2191314	2026-05-08T05:07:26+00:00	5736ffcd9481a757cef317158966d07b891eeba5e42b93b44c93cec457693d46
stimulus_videos	/pscratch/sd/s/sjmoon/EmoViS/data/raw/CowenEmotionVideos/1264.mp4	1264.mp4	378646	2026-05-08T05:07:25+00:00	d64deda324246a01eeec13ddad3531346db06ee1e395e46b60292fab1edbb739
stimulus_videos	/pscratch/sd/s/sjmoon/EmoViS/data/raw/CowenEmotionVideos/1265.mp4	1265.mp4	273772	2026-05-08T05:07:25+00:00	501b9573d6c463c96e557d94a546e0da3823a893c187513a5ca57d97c45dfd5a
stimulus_videos	/pscratch/sd/s/sjmoon/EmoViS/data/raw/CowenEmotionVideos/1266.mp4	1266.mp4	1509225	2026-05-08T05:07:24+00:00	014754ace4b6033b8a6435d15c924e55ddb395835e7a5170f7a27e143a71d7c3
stimulus_videos	/pscratch/sd/s/sjmoon/EmoViS/data/raw/CowenEmotionVideos/1267.mp4	1267.mp4	1244048	2026-05-08T05:07:25+00:00	b71240838216685630bfdac38d2dc3735acec77e377825427bc9ea10eeacd5e4
stimulus_videos	/pscratch/sd/s/sjmoon/EmoViS/data/raw/CowenEmotionVideos/1268.mp4	1268.mp4	832974	2026-05-08T05:07:28+00:00	cbee051a7121e1a6ca88c7a3a7e76d0602eb0d7ef103b3c49c59c4a4f261f869
stimulus_videos	/pscratch/sd/s/sjmoon/EmoViS/data/raw/CowenEmotionVideos/1269.mp4	1269.mp4	2884406	2026-05-08T05:07:28+00:00	2a59c89e9afa9c74b2cf86fa4ec96a5333f26ce4a7af625904a106400f8b81b9
stimulus_videos	/pscratch/sd/s/sjmoon/EmoViS/data/raw/CowenEmotionVideos/1270.mp4	1270.mp4	2656698	2026-05-08T05:07:25+00:00	6d33be062336a268266f23371aff6b0cde8b5354bd469995899179badbc79599
stimulus_videos	/pscratch/sd/s/sjmoon/EmoViS/data/raw/CowenEmotionVideos/1271.mp4	1271.mp4	1258682	2026-05-08T05:07:25+00:00	4475bdf6035366fcf0aaa6dd049782900c2bae5fe21ae91231ea9a8e3f7582c7
stimulus_videos	/pscratch/sd/s/sjmoon/EmoViS/data/raw/CowenEmotionVideos/1272.mp4	1272.mp4	246021	2026-05-08T05:07:24+00:00	ef533937ebf7e7b0abeeac47c6a5e971d23d632aa236b2c9fbbf3b9edcb2809a
stimulus_videos	/pscratch/sd/s/sjmoon/EmoViS/data/raw/CowenEmotionVideos/1273.mp4	1273.mp4	777792	2026-05-08T05:07:25+00:00	336fec50c9c5c499bf5738b760d3864c0ce06ef4e18ecf91185901f43608c4f9
stimulus_videos	/pscratch/sd/s/sjmoon/EmoViS/data/raw/CowenEmotionVideos/1274.mp4	1274.mp4	2076784	2026-05-08T05:07:25+00:00	4e9fadb779e58ce202d89ef56cbed24292287a2df3046a607531796e71daf19f
stimulus_videos	/pscratch/sd/s/sjmoon/EmoViS/data/raw/CowenEmotionVideos/1275.mp4	1275.mp4	157170	2026-05-08T05:07:26+00:00	3ee0e25bffcd79e6b712d614c18584e691bd48b89df773ab315068c314e03c74
stimulus_videos	/pscratch/sd/s/sjmoon/EmoViS/data/raw/CowenEmotionVideos/1276.mp4	1276.mp4	1462457	2026-05-08T05:07:26+00:00	a913817d8b47088215edadea2ee76ae94f01450d140d366985c028ff5c21055e
stimulus_videos	/pscratch/sd/s/sjmoon/EmoViS/data/raw/CowenEmotionVideos/1277.mp4	1277.mp4	1333468	2026-05-08T05:07:26+00:00	9b282b7dc68eb8e730a9ca82852340585662149e6047fba6c1297445242a16ef
stimulus_videos	/pscratch/sd/s/sjmoon/EmoViS/data/raw/CowenEmotionVideos/1278.mp4	1278.mp4	162208	2026-05-08T05:07:27+00:00	dc7272e2bf0b036983cf39d9325aa5b174552cfca7e2311678999d7e2ec9572c
stimulus_videos	/pscratch/sd/s/sjmoon/EmoViS/data/raw/CowenEmotionVideos/1279.mp4	1279.mp4	283011	2026-05-08T05:07:28+00:00	c4ef317215e8edbd793f6e6382666f5e235ba638f0330ff76bbba917bed505f3
stimulus_videos	/pscratch/sd/s/sjmoon/EmoViS/data/raw/CowenEmotionVideos/1280.mp4	1280.mp4	491347	2026-05-08T05:07:29+00:00	4d9e3686c2f27bcfa0eb523e34550553d2bd89a367781cf69319662d453ce582
stimulus_videos	/pscratch/sd/s/sjmoon/EmoViS/data/raw/CowenEmotionVideos/1281.mp4	1281.mp4	256386	2026-05-08T05:07:28+00:00	86e2a0e15312c66d01d620714ebc867cecc1e84cbbdda4743c974cba4b8fc419
stimulus_videos	/pscratch/sd/s/sjmoon/EmoViS/data/raw/CowenEmotionVideos/1282.mp4	1282.mp4	247166	2026-05-08T05:07:28+00:00	097dbccb6c45ab89ec01a62b0f993a33b6df7fe4bfd5df80bf0db3faf35821dd
stimulus_videos	/pscratch/sd/s/sjmoon/EmoViS/data/raw/CowenEmotionVideos/1283.mp4	1283.mp4	686459	2026-05-08T05:07:28+00:00	b57f81f1bed5b3cca94cff6bd661a4a41e240e25f3fa26ed47e02eab6d0010d0
stimulus_videos	/pscratch/sd/s/sjmoon/EmoViS/data/raw/CowenEmotionVideos/1284.mp4	1284.mp4	255471	2026-05-08T05:07:27+00:00	b0a316527d5c225be6bde277b786f80e4a60eb19cb9bc541519f47add7f93925
stimulus_videos	/pscratch/sd/s/sjmoon/EmoViS/data/raw/CowenEmotionVideos/1285.mp4	1285.mp4	256038	2026-05-08T05:07:27+00:00	c660277bfbc5f7e897f8fd78572cfdd56157f05ab93ccd36de912306f8d01290
stimulus_videos	/pscratch/sd/s/sjmoon/EmoViS/data/raw/CowenEmotionVideos/1286.mp4	1286.mp4	88738	2026-05-08T05:07:28+00:00	023c65cb8dc8b7f562c57d1bc8e86795a16963d7360f651eac49393555b4ec98
stimulus_videos	/pscratch/sd/s/sjmoon/EmoViS/data/raw/CowenEmotionVideos/1287.mp4	1287.mp4	88537	2026-05-08T05:07:27+00:00	f324adfd4ebef4849fecad9ece8cb85203220b04f170dded3c3e372da6fb26e4
stimulus_videos	/pscratch/sd/s/sjmoon/EmoViS/data/raw/CowenEmotionVideos/1288.mp4	1288.mp4	224639	2026-05-08T05:07:26+00:00	cdefedc560ae167291f24812d2396a4b9b982c43d796b027cb54ab3b1ec9238a
stimulus_videos	/pscratch/sd/s/sjmoon/EmoViS/data/raw/CowenEmotionVideos/1289.mp4	1289.mp4	688988	2026-05-08T05:07:26+00:00	c95739e130753963899ac8765e1a5595b68198fe2393bbdb306b5cf078235020
stimulus_videos	/pscratch/sd/s/sjmoon/EmoViS/data/raw/CowenEmotionVideos/1290.mp4	1290.mp4	459283	2026-05-08T05:07:27+00:00	8d3d87b671b7bb5c0990b945ccf5c276e9733a5f59d061f4d4d1a6e4f65e80cb
stimulus_videos	/pscratch/sd/s/sjmoon/EmoViS/data/raw/CowenEmotionVideos/1291.mp4	1291.mp4	1259476	2026-05-08T05:07:27+00:00	d47c25bee57a4e139a9142776e478d837e0ef58717313c0938a4b50cf1c147a9
stimulus_videos	/pscratch/sd/s/sjmoon/EmoViS/data/raw/CowenEmotionVideos/1292.mp4	1292.mp4	102647	2026-05-08T05:07:28+00:00	07d056474aabc5c7e1f73b4e81b52a5228b436f0478e2a3e8b5d407c931d29f6
stimulus_videos	/pscratch/sd/s/sjmoon/EmoViS/data/raw/CowenEmotionVideos/1293.mp4	1293.mp4	41495	2026-05-08T05:07:27+00:00	9c1e05d20f0e6dbb0e24199f644f16c04fcadda7e94da066f607dc57e6fb4a6e
stimulus_videos	/pscratch/sd/s/sjmoon/EmoViS/data/raw/CowenEmotionVideos/1294.mp4	1294.mp4	954567	2026-05-08T05:07:29+00:00	2b23bde1b1bb6a95970ba0ccd9fa43e21387c30465cc929e2cd53708642be9ee
stimulus_videos	/pscratch/sd/s/sjmoon/EmoViS/data/raw/CowenEmotionVideos/1295.mp4	1295.mp4	250415	2026-05-08T05:07:28+00:00	68b872e506182d65f7ffffdae772fbae6c3ebf0416cc11df71f3e6abf79ce559
stimulus_videos	/pscratch/sd/s/sjmoon/EmoViS/data/raw/CowenEmotionVideos/1296.mp4	1296.mp4	741262	2026-05-08T05:07:28+00:00	69cb656b1a228c3bb827b49518e68df446bc3735a36464426c271e2fec7c51c3
stimulus_videos	/pscratch/sd/s/sjmoon/EmoViS/data/raw/CowenEmotionVideos/1297.mp4	1297.mp4	363236	2026-05-08T05:07:28+00:00	5299ef36a9fbf36be063d7deb3763932f6fb596a1332bbd810a76fcb8eb4fb8d
stimulus_videos	/pscratch/sd/s/sjmoon/EmoViS/data/raw/CowenEmotionVideos/1298.mp4	1298.mp4	4212412	2026-05-08T05:07:25+00:00	70189aab08bd837ede6cbffca9f96eb8ccecb99716a70e0a1aa27b8a83023a57
stimulus_videos	/pscratch/sd/s/sjmoon/EmoViS/data/raw/CowenEmotionVideos/1299.mp4	1299.mp4	66236	2026-05-08T05:07:24+00:00	c2db38b8bb1c807019146bc571462fa19d60326f5f43e3c8a92e160d4d2a13e7
stimulus_videos	/pscratch/sd/s/sjmoon/EmoViS/data/raw/CowenEmotionVideos/1300.mp4	1300.mp4	513925	2026-05-08T05:07:26+00:00	4a4721786cbb84441524677e9271ca1e628a4ee7b85a980846c994596fb6cb29
stimulus_videos	/pscratch/sd/s/sjmoon/EmoViS/data/raw/CowenEmotionVideos/1301.mp4	1301.mp4	548463	2026-05-08T05:07:26+00:00	573cd8a12e49b0c93e03756b20180555c1f08ad006eeea37a734d071a7eaf8fc
stimulus_videos	/pscratch/sd/s/sjmoon/EmoViS/data/raw/CowenEmotionVideos/1302.mp4	1302.mp4	66612	2026-05-08T05:07:26+00:00	1fffa12f51d9603273e20e0d6e1d2ef6c7c31b6007ffe0495972a074435c978f
stimulus_videos	/pscratch/sd/s/sjmoon/EmoViS/data/raw/CowenEmotionVideos/1303.mp4	1303.mp4	126470	2026-05-08T05:07:26+00:00	32fadfedda27cd1d530c530bd9df4ca03fae629bc2a6039ae8f0635b0a250d42
stimulus_videos	/pscratch/sd/s/sjmoon/EmoViS/data/raw/CowenEmotionVideos/1304.mp4	1304.mp4	647712	2026-05-08T05:07:25+00:00	a2ca6a491f8d92fccf7f9437899c6563861f96c0d0461b540138b679897942d8
stimulus_videos	/pscratch/sd/s/sjmoon/EmoViS/data/raw/CowenEmotionVideos/1305.mp4	1305.mp4	191037	2026-05-08T05:07:25+00:00	612743b7e9fb056bc61dbe6c64d5deb7bdadb27615e4fada72d17689abd92862
stimulus_videos	/pscratch/sd/s/sjmoon/EmoViS/data/raw/CowenEmotionVideos/1306.mp4	1306.mp4	861801	2026-05-08T05:07:24+00:00	f95b7d160f0e664efc0fb4eaf1f02b49f6e747a03a0537262e73c0934192dcb7
stimulus_videos	/pscratch/sd/s/sjmoon/EmoViS/data/raw/CowenEmotionVideos/1307.mp4	1307.mp4	66682	2026-05-08T05:07:25+00:00	80721b5ca5550143b388c622c217977c8eafca8b26cc46910d47d65048bff24c
stimulus_videos	/pscratch/sd/s/sjmoon/EmoViS/data/raw/CowenEmotionVideos/1308.mp4	1308.mp4	116814	2026-05-08T05:07:28+00:00	f6279cae880df112f4be189abc5ade8e69882a9a614f6cac9891e6916f659895
stimulus_videos	/pscratch/sd/s/sjmoon/EmoViS/data/raw/CowenEmotionVideos/1309.mp4	1309.mp4	236500	2026-05-08T05:07:28+00:00	90fc8c103875e452ebe1ef05b99e200538ac40bbb7c430e0ec85e0cb1b32e371
stimulus_videos	/pscratch/sd/s/sjmoon/EmoViS/data/raw/CowenEmotionVideos/1310.mp4	1310.mp4	55078	2026-05-08T05:07:25+00:00	718e18c83c4447559a6661f7f7d6c63facfdb2d501dba19ed47c0595bfdf7e33
stimulus_videos	/pscratch/sd/s/sjmoon/EmoViS/data/raw/CowenEmotionVideos/1311.mp4	1311.mp4	417101	2026-05-08T05:07:25+00:00	c377d8910057ec5bf6d0a45703edb26ef8a20a115a94acd8c6f75efcdd2a8d27
stimulus_videos	/pscratch/sd/s/sjmoon/EmoViS/data/raw/CowenEmotionVideos/1312.mp4	1312.mp4	178158	2026-05-08T05:07:24+00:00	8622bdb34bc4be3f8ad8ef5f6250d1e356bb2e06ce1f805ec84a3f392fb9969c
stimulus_videos	/pscratch/sd/s/sjmoon/EmoViS/data/raw/CowenEmotionVideos/1313.mp4	1313.mp4	663984	2026-05-08T05:07:25+00:00	675360e1c88ec060f297d2fd97c38ae8c4d85d8ef08d59a466c213d2d1ef2822
stimulus_videos	/pscratch/sd/s/sjmoon/EmoViS/data/raw/CowenEmotionVideos/1314.mp4	1314.mp4	119369	2026-05-08T05:07:26+00:00	1f7d54d750ad0cf872bf0b66e282516c80c25762463dd1c54a1f36eaf099d384
stimulus_videos	/pscratch/sd/s/sjmoon/EmoViS/data/raw/CowenEmotionVideos/1315.mp4	1315.mp4	202263	2026-05-08T05:07:26+00:00	7d0af47433f99ac22e83999fe472830f69e6461ab8e70017dd2d1d64bd693593
stimulus_videos	/pscratch/sd/s/sjmoon/EmoViS/data/raw/CowenEmotionVideos/1316.mp4	1316.mp4	229305	2026-05-08T05:07:26+00:00	8e344f17c51f6950686d047a4bd0cf4755c9b48df4b87350fd9a44dfc88ceea3
stimulus_videos	/pscratch/sd/s/sjmoon/EmoViS/data/raw/CowenEmotionVideos/1317.mp4	1317.mp4	437220	2026-05-08T05:07:26+00:00	38128cc895448810a14aa0a781f995212d455fe01f0fce986f4b3783e626f07b
stimulus_videos	/pscratch/sd/s/sjmoon/EmoViS/data/raw/CowenEmotionVideos/1318.mp4	1318.mp4	1694103	2026-05-08T05:07:27+00:00	bd03baae85b895c5c909fd2f12a71f1fbb1ab22950be45285a5a653a6cfc96f5
stimulus_videos	/pscratch/sd/s/sjmoon/EmoViS/data/raw/CowenEmotionVideos/1319.mp4	1319.mp4	114937	2026-05-08T05:07:28+00:00	a2009eaa83f96af7d5e130f2e537210c421618e0e1f46c0e75d9a81b2fa871cd
stimulus_videos	/pscratch/sd/s/sjmoon/EmoViS/data/raw/CowenEmotionVideos/1320.mp4	1320.mp4	479192	2026-05-08T05:07:28+00:00	7eb6c03dda60506fcc6b27af889cfb03a7ff32d3cf47af5c574df48a57829e3b
stimulus_videos	/pscratch/sd/s/sjmoon/EmoViS/data/raw/CowenEmotionVideos/1321.mp4	1321.mp4	64009	2026-05-08T05:07:28+00:00	32b13e1a7055d3f04d8ac06ea0b1d82dbafb40d99aaabca543c4e8de0f7293bb
stimulus_videos	/pscratch/sd/s/sjmoon/EmoViS/data/raw/CowenEmotionVideos/1322.mp4	1322.mp4	358666	2026-05-08T05:07:28+00:00	9ec1745b7c0d6db5806ef41a3ec67e093962b74b5fa92357157c61309b17c7de
stimulus_videos	/pscratch/sd/s/sjmoon/EmoViS/data/raw/CowenEmotionVideos/1323.mp4	1323.mp4	574442	2026-05-08T05:07:29+00:00	31813905925a1582f1177e0d24665b4c1a4aad468898744f73287cdb491ca4bb
stimulus_videos	/pscratch/sd/s/sjmoon/EmoViS/data/raw/CowenEmotionVideos/1324.mp4	1324.mp4	341033	2026-05-08T05:07:27+00:00	2a0fe7cefd8407c67d11c4b0e6d320b1b4d0cc79a828f667fdec9a90d3b891fa
stimulus_videos	/pscratch/sd/s/sjmoon/EmoViS/data/raw/CowenEmotionVideos/1325.mp4	1325.mp4	900100	2026-05-08T05:07:28+00:00	c8206bdb9fff5a9ed6642356a2091b6a8407a671e84871d87bf1ecea6b7f71ac
stimulus_videos	/pscratch/sd/s/sjmoon/EmoViS/data/raw/CowenEmotionVideos/1326.mp4	1326.mp4	589948	2026-05-08T05:07:27+00:00	7e5dbe7e4655567be5152d321fc534d8e7b38f45393792f49606deeaeec43bb3
stimulus_videos	/pscratch/sd/s/sjmoon/EmoViS/data/raw/CowenEmotionVideos/1327.mp4	1327.mp4	178991	2026-05-08T05:07:27+00:00	a0f89dc43112be07bfde0d4127cc8ade4722c9ec93ef8de78643f362edeebb9b
stimulus_videos	/pscratch/sd/s/sjmoon/EmoViS/data/raw/CowenEmotionVideos/1328.mp4	1328.mp4	3128824	2026-05-08T05:07:26+00:00	6e4ab635a644e24af7b1a38a49cda737fe6f5681d65a6248378628ee6f1457a4
stimulus_videos	/pscratch/sd/s/sjmoon/EmoViS/data/raw/CowenEmotionVideos/1329.mp4	1329.mp4	237645	2026-05-08T05:07:26+00:00	8ca089b5b0a04b1e7dfc0a222eb56e009f8ada7eacf8c2ab040c586e96e3f2d0
stimulus_videos	/pscratch/sd/s/sjmoon/EmoViS/data/raw/CowenEmotionVideos/1330.mp4	1330.mp4	333073	2026-05-08T05:07:27+00:00	f3c645e1a3b64fcd883d0a4517111b74b9711df48581bf7fd622c605c4d722a3
stimulus_videos	/pscratch/sd/s/sjmoon/EmoViS/data/raw/CowenEmotionVideos/1331.mp4	1331.mp4	2028494	2026-05-08T05:07:28+00:00	0b4a93953e8587004b0a99c38928c674ed4bb6d2a9a1bbe52eebedd81b63e565
stimulus_videos	/pscratch/sd/s/sjmoon/EmoViS/data/raw/CowenEmotionVideos/1332.mp4	1332.mp4	1388585	2026-05-08T05:07:27+00:00	a5b79a6e79966eb7d4fbf6ea8490e5e0c8c4331ebe33111a0271cbb91d3bdd57
stimulus_videos	/pscratch/sd/s/sjmoon/EmoViS/data/raw/CowenEmotionVideos/1333.mp4	1333.mp4	539749	2026-05-08T05:07:27+00:00	3b7f9febf3f78adb04f173f8db0005bf26d982a4b8961925e8c59b922a0c1a9b
stimulus_videos	/pscratch/sd/s/sjmoon/EmoViS/data/raw/CowenEmotionVideos/1334.mp4	1334.mp4	1136289	2026-05-08T05:07:28+00:00	77d477923613ec5eff9a20ed6ed9cf948c22436f3cf7a3c5c24bee1b9b5ddb61
stimulus_videos	/pscratch/sd/s/sjmoon/EmoViS/data/raw/CowenEmotionVideos/1335.mp4	1335.mp4	8837516	2026-05-08T05:07:28+00:00	05eb301fea6fc4136539acc5b5bdc8bc6d6f50cdec5c3193761ebdb5735a35c7
stimulus_videos	/pscratch/sd/s/sjmoon/EmoViS/data/raw/CowenEmotionVideos/1336.mp4	1336.mp4	1040758	2026-05-08T05:07:28+00:00	1d92cf4d427ab7ada560ea8b7417a4cf54c3c6eef9185b11b0c1d57ff3c692f5
stimulus_videos	/pscratch/sd/s/sjmoon/EmoViS/data/raw/CowenEmotionVideos/1337.mp4	1337.mp4	181261	2026-05-08T05:07:29+00:00	270598f528f85af68f9401388ebf1c4a626ddb657ad435137db6b91ec9ad11b4
stimulus_videos	/pscratch/sd/s/sjmoon/EmoViS/data/raw/CowenEmotionVideos/1338.mp4	1338.mp4	78830	2026-05-08T05:07:25+00:00	06d59e085955250f9b577087c207cef6cdf8b8b6c783718a4232e57afd0a8ae8
stimulus_videos	/pscratch/sd/s/sjmoon/EmoViS/data/raw/CowenEmotionVideos/1339.mp4	1339.mp4	1846322	2026-05-08T05:07:25+00:00	25db545529fc655f85c266f72fca529e61d99e34b9fe89b77e75f8a33bd44072
stimulus_videos	/pscratch/sd/s/sjmoon/EmoViS/data/raw/CowenEmotionVideos/1340.mp4	1340.mp4	144999	2026-05-08T05:07:31+00:00	b03c6bddf48f6e678d4332fdf31faccc0a34b0648e41ae22a65c1d35e57b7bff
stimulus_videos	/pscratch/sd/s/sjmoon/EmoViS/data/raw/CowenEmotionVideos/1341.mp4	1341.mp4	107155	2026-05-08T05:07:31+00:00	f487b6163498b2ce63f91728cf67917621ac2bb0f1e36136a36a5f468efe6c5c
stimulus_videos	/pscratch/sd/s/sjmoon/EmoViS/data/raw/CowenEmotionVideos/1342.mp4	1342.mp4	287272	2026-05-08T05:07:30+00:00	6cac42e43854c86c03bd713ab0de9993c6a35288bf7c25ab72b9c9856f166fa1
stimulus_videos	/pscratch/sd/s/sjmoon/EmoViS/data/raw/CowenEmotionVideos/1343.mp4	1343.mp4	740092	2026-05-08T05:07:30+00:00	a5dea4dfe93aef83c5a49de6c13d2cdc6ec18aa74445bde7c6a36541ac687c46
stimulus_videos	/pscratch/sd/s/sjmoon/EmoViS/data/raw/CowenEmotionVideos/1344.mp4	1344.mp4	557454	2026-05-08T05:07:29+00:00	786580b189e7c6e222c76f38ea2874f44d43226bd762637e192584a2b590c597
stimulus_videos	/pscratch/sd/s/sjmoon/EmoViS/data/raw/CowenEmotionVideos/1345.mp4	1345.mp4	507920	2026-05-08T05:07:29+00:00	0b1af7bc49cac10a9e7b3738073da815eaca4716dde4c526a25162f89c9fc2df
stimulus_videos	/pscratch/sd/s/sjmoon/EmoViS/data/raw/CowenEmotionVideos/1346.mp4	1346.mp4	570426	2026-05-08T05:07:30+00:00	1e1c0d510c6f2fc12db636dde4cb3f0002ee186b4d1cef1d1a756d668f7c6bff
stimulus_videos	/pscratch/sd/s/sjmoon/EmoViS/data/raw/CowenEmotionVideos/1347.mp4	1347.mp4	283960	2026-05-08T05:07:30+00:00	12d47b22198003b75102b4f81c8d55ea44e48a5afb5d64fe8a251c715622968d
stimulus_videos	/pscratch/sd/s/sjmoon/EmoViS/data/raw/CowenEmotionVideos/1348.mp4	1348.mp4	254765	2026-05-08T05:07:24+00:00	f0b785f4189d7c26a5665f466a83e74c904450d73cc3b73b3e9199d24cc1a4a0
stimulus_videos	/pscratch/sd/s/sjmoon/EmoViS/data/raw/CowenEmotionVideos/1349.mp4	1349.mp4	310383	2026-05-08T05:07:24+00:00	5bcf6e309898cf51724efc7e72b1f784217dbca7c20bd62f4edf421f3678a3fd
stimulus_videos	/pscratch/sd/s/sjmoon/EmoViS/data/raw/CowenEmotionVideos/1350.mp4	1350.mp4	177502	2026-05-08T05:07:29+00:00	860897d03ec8d66ed6c40ca897ee11580641f91f3736eb06492a781751d37bd2
stimulus_videos	/pscratch/sd/s/sjmoon/EmoViS/data/raw/CowenEmotionVideos/1351.mp4	1351.mp4	106790	2026-05-08T05:07:29+00:00	92ebaa9ba319fa412654ff92978c568053e735ead3d88f79303c5e79da0370e9
stimulus_videos	/pscratch/sd/s/sjmoon/EmoViS/data/raw/CowenEmotionVideos/1352.mp4	1352.mp4	247451	2026-05-08T05:07:30+00:00	d0d34129d4f2d6c9eb8cc7b2188994337002562dd73a160527452f7a52a768b3
stimulus_videos	/pscratch/sd/s/sjmoon/EmoViS/data/raw/CowenEmotionVideos/1353.mp4	1353.mp4	792663	2026-05-08T05:07:30+00:00	42b6aa8390841e8909ba9650518db2969f143b87fb870853d847787c6da81ca1
stimulus_videos	/pscratch/sd/s/sjmoon/EmoViS/data/raw/CowenEmotionVideos/1354.mp4	1354.mp4	69871	2026-05-08T05:07:31+00:00	2801425f793644c6b5cd432ddbcfcd784c414c81e955011c9c803ffca4846daa
stimulus_videos	/pscratch/sd/s/sjmoon/EmoViS/data/raw/CowenEmotionVideos/1355.mp4	1355.mp4	210301	2026-05-08T05:07:31+00:00	5bb2ae953d3c738655bb39b88562a648b7a93500430daa171679f845f58e326d
stimulus_videos	/pscratch/sd/s/sjmoon/EmoViS/data/raw/CowenEmotionVideos/1356.mp4	1356.mp4	2354405	2026-05-08T05:07:30+00:00	d6066ea8c11b4689f8845ccb5e8653bbd5ec77c47cb677d1d5cf7cd04107ba01
stimulus_videos	/pscratch/sd/s/sjmoon/EmoViS/data/raw/CowenEmotionVideos/1357.mp4	1357.mp4	113124	2026-05-08T05:07:30+00:00	273ba394cb4bec8f455c1be17e127f67c93fca9d0a56904a75bb36cb9f210931
stimulus_videos	/pscratch/sd/s/sjmoon/EmoViS/data/raw/CowenEmotionVideos/1358.mp4	1358.mp4	2007355	2026-05-08T05:07:22+00:00	d2132a6d91c284ed95ef72307972c392fd576087f1366b8d11eefbff37197730
stimulus_videos	/pscratch/sd/s/sjmoon/EmoViS/data/raw/CowenEmotionVideos/1359.mp4	1359.mp4	41755	2026-05-08T05:07:22+00:00	e628c9ea236e2357196931a91998a4f012727ae4653cac2a7310932f0674e08b
stimulus_videos	/pscratch/sd/s/sjmoon/EmoViS/data/raw/CowenEmotionVideos/1360.mp4	1360.mp4	49790	2026-05-08T05:07:24+00:00	e028048daa23e81af1c55a14d57a7d6bd8a60f1ca49aa297110785a1a5ea31fb
stimulus_videos	/pscratch/sd/s/sjmoon/EmoViS/data/raw/CowenEmotionVideos/1361.mp4	1361.mp4	318116	2026-05-08T05:07:24+00:00	2383e2970776573a7ffb730d6fe73554af732f844c42982607ff3404b76fa3fc
stimulus_videos	/pscratch/sd/s/sjmoon/EmoViS/data/raw/CowenEmotionVideos/1362.mp4	1362.mp4	1492510	2026-05-08T05:07:23+00:00	83a4bad0bd5ea5ea080993b590ac7473d1c6a5abae2782f213850c726e24a685
stimulus_videos	/pscratch/sd/s/sjmoon/EmoViS/data/raw/CowenEmotionVideos/1363.mp4	1363.mp4	158887	2026-05-08T05:07:23+00:00	d9a2080d024466ea24e656eefbe312cf0bbbfddee1def7c9967682c1d36cdfa3
stimulus_videos	/pscratch/sd/s/sjmoon/EmoViS/data/raw/CowenEmotionVideos/1364.mp4	1364.mp4	2813334	2026-05-08T05:07:22+00:00	1c704341b7b0cd2621b96959605f2d1941d8273cf783db7ef1ec54c8be7bb421
stimulus_videos	/pscratch/sd/s/sjmoon/EmoViS/data/raw/CowenEmotionVideos/1365.mp4	1365.mp4	211398	2026-05-08T05:07:22+00:00	9b9ea0015d4307c5af52081c5893020fdb39c4dd9f5820adf27a30a4ff4b4bb8
stimulus_videos	/pscratch/sd/s/sjmoon/EmoViS/data/raw/CowenEmotionVideos/1366.mp4	1366.mp4	27965	2026-05-08T05:07:23+00:00	131a62197d35fe2ebc12fc85a40b8723f1131da6b1f8962f35d382f18ecd0027
stimulus_videos	/pscratch/sd/s/sjmoon/EmoViS/data/raw/CowenEmotionVideos/1367.mp4	1367.mp4	88409	2026-05-08T05:07:23+00:00	4a63fab60b4c34a8e82b6fb07abf3f6f3b57880c4f8b9149690758a00a12df72
stimulus_videos	/pscratch/sd/s/sjmoon/EmoViS/data/raw/CowenEmotionVideos/1368.mp4	1368.mp4	387145	2026-05-08T05:07:31+00:00	8189845382e00e41e65aa316081a50d0be22d0e8ec8fbce6ff1112c2fd996bab
stimulus_videos	/pscratch/sd/s/sjmoon/EmoViS/data/raw/CowenEmotionVideos/1369.mp4	1369.mp4	1133522	2026-05-08T05:07:31+00:00	a0f286903626d83c73bc349390fbd52c790041dc4d337808c414526422a213ba
stimulus_videos	/pscratch/sd/s/sjmoon/EmoViS/data/raw/CowenEmotionVideos/1370.mp4	1370.mp4	171351	2026-05-08T05:07:22+00:00	c3bef5003e73f7a6a1e3cffd4c8197854e3420d376637f59d9e08aa2d4c15728
stimulus_videos	/pscratch/sd/s/sjmoon/EmoViS/data/raw/CowenEmotionVideos/1371.mp4	1371.mp4	101984	2026-05-08T05:07:22+00:00	5e5b020ec3beaf65a02f996264638ab5519a1044a2ee71f0bce8740a2f093826
stimulus_videos	/pscratch/sd/s/sjmoon/EmoViS/data/raw/CowenEmotionVideos/1372.mp4	1372.mp4	62260	2026-05-08T05:07:23+00:00	57c86dfff9585994860a693e8a83f1e80e778a65a01d67d466c69e7e38de6487
stimulus_videos	/pscratch/sd/s/sjmoon/EmoViS/data/raw/CowenEmotionVideos/1373.mp4	1373.mp4	142178	2026-05-08T05:07:23+00:00	4009795be301083b83767477e9886e9bd22e38c7b809afe19855217bed9744d8
stimulus_videos	/pscratch/sd/s/sjmoon/EmoViS/data/raw/CowenEmotionVideos/1374.mp4	1374.mp4	1763074	2026-05-08T05:07:24+00:00	dc2a5072da824f2ce8e8e9f8c6083b1d2eb912e10b5962062b66b3bdcc2fcba1
stimulus_videos	/pscratch/sd/s/sjmoon/EmoViS/data/raw/CowenEmotionVideos/1375.mp4	1375.mp4	362003	2026-05-08T05:07:24+00:00	0a110cb8d855e70cfecf5d96148bffa0b093dc77b995640c106f976910f91294
stimulus_videos	/pscratch/sd/s/sjmoon/EmoViS/data/raw/CowenEmotionVideos/1376.mp4	1376.mp4	261988	2026-05-08T05:07:24+00:00	9d747c6ecb46220b0bae22eaeb5e4a75603954ae02eb7c39bb8c4cb5dc0beb55
stimulus_videos	/pscratch/sd/s/sjmoon/EmoViS/data/raw/CowenEmotionVideos/1377.mp4	1377.mp4	49815	2026-05-08T05:07:23+00:00	9709852e79da4187087078ca97188946d801c6afc64f4d4f7934ad66546e6fac
stimulus_videos	/pscratch/sd/s/sjmoon/EmoViS/data/raw/CowenEmotionVideos/1378.mp4	1378.mp4	117671	2026-05-08T05:07:29+00:00	3b6a4c9651bfac8dbc17fa1c7e81b5cc8ebfae38bacdb7025c6b5e429fa11890
stimulus_videos	/pscratch/sd/s/sjmoon/EmoViS/data/raw/CowenEmotionVideos/1379.mp4	1379.mp4	193550	2026-05-08T05:07:29+00:00	0c276c25a3195ebbcce919c1f3af7099ae0ec8396e2ef28f834ffec48888332c
stimulus_videos	/pscratch/sd/s/sjmoon/EmoViS/data/raw/CowenEmotionVideos/1380.mp4	1380.mp4	303676	2026-05-08T05:07:30+00:00	a91ddd8dbf1515009ee1bcf18115fe4c16749937ef6e21713a35b9cd6bc88284
stimulus_videos	/pscratch/sd/s/sjmoon/EmoViS/data/raw/CowenEmotionVideos/1381.mp4	1381.mp4	48901	2026-05-08T05:07:30+00:00	645d1cc13db57413a2a4065fde552006c28dd7ab15d1cdc89d34c58ce1c129a6
stimulus_videos	/pscratch/sd/s/sjmoon/EmoViS/data/raw/CowenEmotionVideos/1382.mp4	1382.mp4	94695	2026-05-08T05:07:31+00:00	b52d56686ed2d9d858ee57cce975f9c503cafba3bdc6f9075201eda51f3ef4b8
stimulus_videos	/pscratch/sd/s/sjmoon/EmoViS/data/raw/CowenEmotionVideos/1383.mp4	1383.mp4	155050	2026-05-08T05:07:31+00:00	ea787c6fc3fee195e53aecac902e6766e1b410a947fc85247ef2850bb7231863
stimulus_videos	/pscratch/sd/s/sjmoon/EmoViS/data/raw/CowenEmotionVideos/1384.mp4	1384.mp4	1182983	2026-05-08T05:07:30+00:00	674d26f355ff7539e1ed79c63a05e380facefc74fa6b10f2cdb887a5660e0e14
stimulus_videos	/pscratch/sd/s/sjmoon/EmoViS/data/raw/CowenEmotionVideos/1385.mp4	1385.mp4	72187	2026-05-08T05:07:30+00:00	75c14e5bb30e718cc655f5d541758ca27232f8c379a9dc235d045fbe1b5bc1e3
stimulus_videos	/pscratch/sd/s/sjmoon/EmoViS/data/raw/CowenEmotionVideos/1386.mp4	1386.mp4	2572558	2026-05-08T05:07:29+00:00	e41da7e693fbd11aa32ea7bd634a1b70fcc12a217b7ae1a4b6ad6aba4f19d0c2
stimulus_videos	/pscratch/sd/s/sjmoon/EmoViS/data/raw/CowenEmotionVideos/1387.mp4	1387.mp4	2206224	2026-05-08T05:07:29+00:00	78404d13b1fdec8a01b7d5240a4d34e7eb3a2990c9394d54aaa8ae0a1c1cdd41
stimulus_videos	/pscratch/sd/s/sjmoon/EmoViS/data/raw/CowenEmotionVideos/1388.mp4	1388.mp4	333918	2026-05-08T05:07:23+00:00	7b8434e1ba672de99882cc68d0e7fb895f25f6a0609de4ca0b641bcc1856e6ff
stimulus_videos	/pscratch/sd/s/sjmoon/EmoViS/data/raw/CowenEmotionVideos/1389.mp4	1389.mp4	159692	2026-05-08T05:07:24+00:00	20cc206a9398f42cc2ebe39608083dafe3d7bfa63a5517e3c60df79ca412c410
stimulus_videos	/pscratch/sd/s/sjmoon/EmoViS/data/raw/CowenEmotionVideos/1390.mp4	1390.mp4	34449	2026-05-08T05:07:30+00:00	8a94f698175d7b391d0802b3a0c94ba57fc951c462d8a87e2520a7487d9450b1
stimulus_videos	/pscratch/sd/s/sjmoon/EmoViS/data/raw/CowenEmotionVideos/1391.mp4	1391.mp4	774424	2026-05-08T05:07:30+00:00	f364a32b9a479c3becc6391a0607a2db006606bcd0d490ca887285aafbc4b5a5
stimulus_videos	/pscratch/sd/s/sjmoon/EmoViS/data/raw/CowenEmotionVideos/1392.mp4	1392.mp4	625070	2026-05-08T05:07:29+00:00	271eee3c0ae4b883664974918cc893bb2f24b364a97f95299c1ad3c5108bfd07
stimulus_videos	/pscratch/sd/s/sjmoon/EmoViS/data/raw/CowenEmotionVideos/1393.mp4	1393.mp4	330244	2026-05-08T05:07:29+00:00	354c547ae536be9eadfcd8170dc5e7fedbaa105584157883446f9b9858d27447
stimulus_videos	/pscratch/sd/s/sjmoon/EmoViS/data/raw/CowenEmotionVideos/1394.mp4	1394.mp4	147636	2026-05-08T05:07:30+00:00	9b734fe16adf4e1a30c5d36d2d33eb71377b8d15eccd5df50031f3eb718c4dab
stimulus_videos	/pscratch/sd/s/sjmoon/EmoViS/data/raw/CowenEmotionVideos/1395.mp4	1395.mp4	603322	2026-05-08T05:07:30+00:00	2103f60b6cf2cbc957b59fbbf901bf16a3acccd23d683daebfbe41ab89864d30
stimulus_videos	/pscratch/sd/s/sjmoon/EmoViS/data/raw/CowenEmotionVideos/1396.mp4	1396.mp4	949000	2026-05-08T05:07:31+00:00	e2cd447074de6274e5ac89e75fb05a6f87d60fef9a054947c30505c6d35da554
stimulus_videos	/pscratch/sd/s/sjmoon/EmoViS/data/raw/CowenEmotionVideos/1397.mp4	1397.mp4	571461	2026-05-08T05:07:31+00:00	1987af5d38602d8c8db1f6534d9fe0fa4c70e45b8b2ac51ff370689840a5f77f
stimulus_videos	/pscratch/sd/s/sjmoon/EmoViS/data/raw/CowenEmotionVideos/1398.mp4	1398.mp4	4262065	2026-05-08T05:07:23+00:00	ddad398c6b28f65d56d7f15f625b1667261327d5143ebb787cb51a1836e953fd
stimulus_videos	/pscratch/sd/s/sjmoon/EmoViS/data/raw/CowenEmotionVideos/1399.mp4	1399.mp4	3365069	2026-05-08T05:07:23+00:00	c2ecf3b1c496d00782fcbf994c1812fd03b5ff707c238d775ccf0b5a682cc1e7
stimulus_videos	/pscratch/sd/s/sjmoon/EmoViS/data/raw/CowenEmotionVideos/1400.mp4	1400.mp4	112977	2026-05-08T05:07:23+00:00	b96e7f2f9633dca8d98b449f4df711af5cb2da7f5d8612013249e2106d59853b
stimulus_videos	/pscratch/sd/s/sjmoon/EmoViS/data/raw/CowenEmotionVideos/1401.mp4	1401.mp4	1151702	2026-05-08T05:07:23+00:00	599dd3317082ce3869f6e9c2409377c8da984007a818af5373a1424520804f97
stimulus_videos	/pscratch/sd/s/sjmoon/EmoViS/data/raw/CowenEmotionVideos/1402.mp4	1402.mp4	304783	2026-05-08T05:07:22+00:00	0c78be5559e3046e429765ffefae392d544fa672f9ccf98c292753ba68055c75
stimulus_videos	/pscratch/sd/s/sjmoon/EmoViS/data/raw/CowenEmotionVideos/1403.mp4	1403.mp4	397252	2026-05-08T05:07:22+00:00	1e0ff447b86c674d5ffbccc8a65abefcb30f3e27a06dd19f69b104333f125b30
stimulus_videos	/pscratch/sd/s/sjmoon/EmoViS/data/raw/CowenEmotionVideos/1404.mp4	1404.mp4	774730	2026-05-08T05:07:23+00:00	5fcf5de6289c26b8948394c83a9dfcee8d5789a612c56002d71719e2af555444
stimulus_videos	/pscratch/sd/s/sjmoon/EmoViS/data/raw/CowenEmotionVideos/1405.mp4	1405.mp4	120278	2026-05-08T05:07:23+00:00	0529cb4742ac8371b8a186e2023a82b84962b2f553c7fc512048e10048fa47a6
stimulus_videos	/pscratch/sd/s/sjmoon/EmoViS/data/raw/CowenEmotionVideos/1406.mp4	1406.mp4	2376688	2026-05-08T05:07:24+00:00	dcdea4d6ce4728eef6fa563ec125df2ad7d4031a19256bd79aad860679ae0cfd
stimulus_videos	/pscratch/sd/s/sjmoon/EmoViS/data/raw/CowenEmotionVideos/1407.mp4	1407.mp4	48285	2026-05-08T05:07:24+00:00	79b5bb66a121f85233826619c788ac3f2ab6ca85b9ff57e66af8cdfddc51fca5
stimulus_videos	/pscratch/sd/s/sjmoon/EmoViS/data/raw/CowenEmotionVideos/1408.mp4	1408.mp4	126712	2026-05-08T05:07:30+00:00	9ae672c6171c48509b107575b308ef9540832017261b99d0efb254eab7142ad8
stimulus_videos	/pscratch/sd/s/sjmoon/EmoViS/data/raw/CowenEmotionVideos/1409.mp4	1409.mp4	263913	2026-05-08T05:07:30+00:00	a46720652a396e839096a545e057f7b487c834ddbb7526985acea29234c0dd53
stimulus_videos	/pscratch/sd/s/sjmoon/EmoViS/data/raw/CowenEmotionVideos/1410.mp4	1410.mp4	463188	2026-05-08T05:07:24+00:00	88848bc2dfa242e01d1645d6a142b14f97b031eb86d173b28344218ea13f791c
stimulus_videos	/pscratch/sd/s/sjmoon/EmoViS/data/raw/CowenEmotionVideos/1411.mp4	1411.mp4	620403	2026-05-08T05:07:23+00:00	a6bc03be51f0828aa772355fc8085189cb21b912a94bf039f59b97472073b10a
stimulus_videos	/pscratch/sd/s/sjmoon/EmoViS/data/raw/CowenEmotionVideos/1412.mp4	1412.mp4	2234605	2026-05-08T05:07:24+00:00	a9b9454d682fb19447671b3be50fd92e1c9adbef8ff50c2462f7f64b1301691a
stimulus_videos	/pscratch/sd/s/sjmoon/EmoViS/data/raw/CowenEmotionVideos/1413.mp4	1413.mp4	300389	2026-05-08T05:07:24+00:00	a5bbf7707941abd7e50d4bc48016bd0c90b77dc3ed355a5fe52c3e90c9aa7d6b
stimulus_videos	/pscratch/sd/s/sjmoon/EmoViS/data/raw/CowenEmotionVideos/1414.mp4	1414.mp4	115816	2026-05-08T05:07:23+00:00	a906bffefac000a854d2e552ee64899baecb2b396de6fdd60ba3f42c6b7a57e6
stimulus_videos	/pscratch/sd/s/sjmoon/EmoViS/data/raw/CowenEmotionVideos/1415.mp4	1415.mp4	222168	2026-05-08T05:07:23+00:00	229a242f0a8dffb931d34b703fde0cb302c24f9d1f048e5c0ce27cfbc1c2cf93
stimulus_videos	/pscratch/sd/s/sjmoon/EmoViS/data/raw/CowenEmotionVideos/1416.mp4	1416.mp4	75090	2026-05-08T05:07:22+00:00	fdee65ebf4b305bac4077893c3dca1cebbc1e017af4231480c406c6acd3cc51f
stimulus_videos	/pscratch/sd/s/sjmoon/EmoViS/data/raw/CowenEmotionVideos/1417.mp4	1417.mp4	326246	2026-05-08T05:07:22+00:00	4d726b52fef223af340bcdbdc48392ced6f3fbc609d6e5c9344e387d8ac42301
stimulus_videos	/pscratch/sd/s/sjmoon/EmoViS/data/raw/CowenEmotionVideos/1418.mp4	1418.mp4	96884	2026-05-08T05:07:30+00:00	26a96c5fa3e0062e625d7c395fc334ce2862af6ce266b9b9afbeaa48d7193efd
stimulus_videos	/pscratch/sd/s/sjmoon/EmoViS/data/raw/CowenEmotionVideos/1419.mp4	1419.mp4	456773	2026-05-08T05:07:30+00:00	77cd2da5e668e8018e4d759ea29e1b26455e619d7271d615af1f200246219648
stimulus_videos	/pscratch/sd/s/sjmoon/EmoViS/data/raw/CowenEmotionVideos/1420.mp4	1420.mp4	1608924	2026-05-08T05:07:30+00:00	926c1b4e8a6bb4e804f0a7c0e4425a2297326ea12790f974e6dea0a020031a6b
stimulus_videos	/pscratch/sd/s/sjmoon/EmoViS/data/raw/CowenEmotionVideos/1421.mp4	1421.mp4	569937	2026-05-08T05:07:30+00:00	6300aa5779ffedaa74765d7692674335f7aee468a23b0c01fe69e37ce686dd90
stimulus_videos	/pscratch/sd/s/sjmoon/EmoViS/data/raw/CowenEmotionVideos/1422.mp4	1422.mp4	337779	2026-05-08T05:07:29+00:00	350d73757ca0e442a5d812315112ca401ba405af1348d1f215e703ab254b69ec
stimulus_videos	/pscratch/sd/s/sjmoon/EmoViS/data/raw/CowenEmotionVideos/1423.mp4	1423.mp4	194695	2026-05-08T05:07:29+00:00	0dc833693b3f233b9ff37baa1084b61e185f3f947c26bb7bb17a4ff0df344dde
stimulus_videos	/pscratch/sd/s/sjmoon/EmoViS/data/raw/CowenEmotionVideos/1424.mp4	1424.mp4	186617	2026-05-08T05:07:30+00:00	696201a8de9633ce2db7ace867ba476a19d27157bff82b54101caf7077494c8f
stimulus_videos	/pscratch/sd/s/sjmoon/EmoViS/data/raw/CowenEmotionVideos/1425.mp4	1425.mp4	23233	2026-05-08T05:07:30+00:00	3d3d19b140bf76f400adf6eef2f7c0f28e0415a68ca172a403a1854ae6013f9b
stimulus_videos	/pscratch/sd/s/sjmoon/EmoViS/data/raw/CowenEmotionVideos/1426.mp4	1426.mp4	135865	2026-05-08T05:07:31+00:00	8c9cb7d7e1b2125508a43efa933125dd4d96826c77ec90e7fcc9ee3567cc595b
stimulus_videos	/pscratch/sd/s/sjmoon/EmoViS/data/raw/CowenEmotionVideos/1427.mp4	1427.mp4	183628	2026-05-08T05:07:31+00:00	9492160fba8ff3a8fdb4aa297da039ce8719fc04a2775a58af48bfd51b8d421d
stimulus_videos	/pscratch/sd/s/sjmoon/EmoViS/data/raw/CowenEmotionVideos/1428.mp4	1428.mp4	710251	2026-05-08T05:07:23+00:00	cc850e2714530952c1c6efc861eebf6e7cf11a802c514e03f157b4ffa29dd82c
stimulus_videos	/pscratch/sd/s/sjmoon/EmoViS/data/raw/CowenEmotionVideos/1429.mp4	1429.mp4	176153	2026-05-08T05:07:23+00:00	c91ff432d181e964895f1f0e20bada2cf986ea08400ab5d5163adc4e4d29cefc
stimulus_videos	/pscratch/sd/s/sjmoon/EmoViS/data/raw/CowenEmotionVideos/1430.mp4	1430.mp4	1110467	2026-05-08T05:07:30+00:00	f94e5d7c0864845647bee9395455fc241fb40a5deb777a7b85a9b3a8f70ef48e
stimulus_videos	/pscratch/sd/s/sjmoon/EmoViS/data/raw/CowenEmotionVideos/1431.mp4	1431.mp4	161827	2026-05-08T05:07:30+00:00	fc42466bbaad2ac1c9d6986ad7ced15e1476602bff75836dbf71d6459b31746c
stimulus_videos	/pscratch/sd/s/sjmoon/EmoViS/data/raw/CowenEmotionVideos/1432.mp4	1432.mp4	521461	2026-05-08T05:07:31+00:00	e33280c1b7a966e2a7861fb5cf62aa32aba9676e874e8603bfccf2844167fb00
stimulus_videos	/pscratch/sd/s/sjmoon/EmoViS/data/raw/CowenEmotionVideos/1433.mp4	1433.mp4	1927705	2026-05-08T05:07:31+00:00	0a674f90b4d34adc805b9c516fb7a79dabdc95f027a9e05e83c1c4d4d55afb62
stimulus_videos	/pscratch/sd/s/sjmoon/EmoViS/data/raw/CowenEmotionVideos/1434.mp4	1434.mp4	142521	2026-05-08T05:07:30+00:00	ca8bbe1bb14a8d67d723f9c4da791314ea53078388318d0cc2e82d211f5caa9b
stimulus_videos	/pscratch/sd/s/sjmoon/EmoViS/data/raw/CowenEmotionVideos/1435.mp4	1435.mp4	41331	2026-05-08T05:07:30+00:00	e4774f95c6c3e33c32ad964db814aafb3338cc7309e68f083fa27afcaa93c99b
stimulus_videos	/pscratch/sd/s/sjmoon/EmoViS/data/raw/CowenEmotionVideos/1436.mp4	1436.mp4	198065	2026-05-08T05:07:29+00:00	fa08a9f2e067bb825b150d68e4d7cb35538f7dc0282b949ca64d7076ae657aae
stimulus_videos	/pscratch/sd/s/sjmoon/EmoViS/data/raw/CowenEmotionVideos/1437.mp4	1437.mp4	663090	2026-05-08T05:07:29+00:00	b053c3273a38e335d6a49e37979cd96f87139b21e711705e493ef677a0748aa3
stimulus_videos	/pscratch/sd/s/sjmoon/EmoViS/data/raw/CowenEmotionVideos/1438.mp4	1438.mp4	43483	2026-05-08T05:07:23+00:00	447ef97ab9c46ae6bf363d83be12654b4e1f0ca3ee3cc6c27aed5d8d6915fb8f
stimulus_videos	/pscratch/sd/s/sjmoon/EmoViS/data/raw/CowenEmotionVideos/1439.mp4	1439.mp4	534148	2026-05-08T05:07:23+00:00	ebbfc43b4aaebc47b441e70cb32135962798a5bba3de47443e211a87200f9915
stimulus_videos	/pscratch/sd/s/sjmoon/EmoViS/data/raw/CowenEmotionVideos/1440.mp4	1440.mp4	168984	2026-05-08T05:07:27+00:00	67ca098a48257786bde9fe1f26a6ac33af78fdfed18d4ea5a637b4e376bf5f2a
stimulus_videos	/pscratch/sd/s/sjmoon/EmoViS/data/raw/CowenEmotionVideos/1441.mp4	1441.mp4	310681	2026-05-08T05:07:27+00:00	bc41d0ff75a43ed2571d9c3d75c8deaa8b5ef7e4af0f24025cdab7601733f0fd
stimulus_videos	/pscratch/sd/s/sjmoon/EmoViS/data/raw/CowenEmotionVideos/1442.mp4	1442.mp4	731163	2026-05-08T05:07:27+00:00	300d634c70f3dc981f3dc947834c626b7228d61bcc289dbd25d8f6f92e6a94e1
stimulus_videos	/pscratch/sd/s/sjmoon/EmoViS/data/raw/CowenEmotionVideos/1443.mp4	1443.mp4	129310	2026-05-08T05:07:28+00:00	669ff71f5b71e78d06c0a27685767f70dd046b81d64c1c0cf55ddbde9cb9ad84
stimulus_videos	/pscratch/sd/s/sjmoon/EmoViS/data/raw/CowenEmotionVideos/1444.mp4	1444.mp4	52386	2026-05-08T05:07:28+00:00	6ae45931c52122164dd4d5fa7c59d5521a3321d4e674c6527f969e08ede5e5e5
stimulus_videos	/pscratch/sd/s/sjmoon/EmoViS/data/raw/CowenEmotionVideos/1445.mp4	1445.mp4	80735	2026-05-08T05:07:29+00:00	d2fee7bea8678febf3f383a7c4e296319f72ff332a32ce29b883312ba82d8c6d
stimulus_videos	/pscratch/sd/s/sjmoon/EmoViS/data/raw/CowenEmotionVideos/1446.mp4	1446.mp4	213071	2026-05-08T05:07:28+00:00	8538ed37567f7d2d97e1c6f69546ef42e7be9c4b5e9777db6f7f997a251fc134
stimulus_videos	/pscratch/sd/s/sjmoon/EmoViS/data/raw/CowenEmotionVideos/1447.mp4	1447.mp4	1137473	2026-05-08T05:07:28+00:00	613ba197140fff5163cd7ba2b3e964e26caa434f1b40516d65393b8a5a4b334b
stimulus_videos	/pscratch/sd/s/sjmoon/EmoViS/data/raw/CowenEmotionVideos/1448.mp4	1448.mp4	234570	2026-05-08T05:07:24+00:00	a26b5082036630000afd316cfd37dacd72fba1e480a6e552f371b3c1c7cc932d
stimulus_videos	/pscratch/sd/s/sjmoon/EmoViS/data/raw/CowenEmotionVideos/1449.mp4	1449.mp4	776137	2026-05-08T05:07:25+00:00	7efb69d06e7bff3639685ea6a18556f12a3858a0f1d5a365bd82c86430bd359c
stimulus_videos	/pscratch/sd/s/sjmoon/EmoViS/data/raw/CowenEmotionVideos/1450.mp4	1450.mp4	133338	2026-05-08T05:07:29+00:00	6299711f4a1238f9eeb854589c523b91131304058081b54eb0631a835f9ae06c
stimulus_videos	/pscratch/sd/s/sjmoon/EmoViS/data/raw/CowenEmotionVideos/1451.mp4	1451.mp4	229703	2026-05-08T05:07:29+00:00	c3bc8c83ce9927deb24e9b7f5e6f34eaf3f851c4251aa991512d68e481fa54c3
stimulus_videos	/pscratch/sd/s/sjmoon/EmoViS/data/raw/CowenEmotionVideos/1452.mp4	1452.mp4	47614	2026-05-08T05:07:28+00:00	bd9ef0b5c244c53d28192f4591fdded8543f99d6ed176806325694a3ef906e8d
stimulus_videos	/pscratch/sd/s/sjmoon/EmoViS/data/raw/CowenEmotionVideos/1453.mp4	1453.mp4	560759	2026-05-08T05:07:28+00:00	6901fdc8d9c0dab67ad31fbf1e99dd9ec7a89af85908863abab1fbcf7f513307
stimulus_videos	/pscratch/sd/s/sjmoon/EmoViS/data/raw/CowenEmotionVideos/1454.mp4	1454.mp4	133594	2026-05-08T05:07:27+00:00	ef929a20a501777c14f88014c875d0de36f42c06d0b124a8e1cffefd6dd0289a
stimulus_videos	/pscratch/sd/s/sjmoon/EmoViS/data/raw/CowenEmotionVideos/1455.mp4	1455.mp4	60945	2026-05-08T05:07:27+00:00	f4a28b4061b3a56db935ecc2417fb3f6c12e5ac8628121660079ba91ec50e670
stimulus_videos	/pscratch/sd/s/sjmoon/EmoViS/data/raw/CowenEmotionVideos/1456.mp4	1456.mp4	329489	2026-05-08T05:07:27+00:00	7fda85db3ae663d008d4354e07899cdf27a025470a590e28c54c3a8a75f5eb64
stimulus_videos	/pscratch/sd/s/sjmoon/EmoViS/data/raw/CowenEmotionVideos/1457.mp4	1457.mp4	351157	2026-05-08T05:07:28+00:00	57ec96bddb04805e6fe720a5a68567db55be41fc0015c9b958888857377581d8
stimulus_videos	/pscratch/sd/s/sjmoon/EmoViS/data/raw/CowenEmotionVideos/1458.mp4	1458.mp4	194843	2026-05-08T05:07:26+00:00	a7ffe356a7226a00cc3137e0304b8a6832c8d9b0ef5b36495ced2c841eee83d0
stimulus_videos	/pscratch/sd/s/sjmoon/EmoViS/data/raw/CowenEmotionVideos/1459.mp4	1459.mp4	313228	2026-05-08T05:07:26+00:00	29878bf7645a30e64898dbc9ec7ecebb0495925305bbfd421e0fcae364f85ab5
stimulus_videos	/pscratch/sd/s/sjmoon/EmoViS/data/raw/CowenEmotionVideos/1460.mp4	1460.mp4	348134	2026-05-08T05:07:24+00:00	fabb38fb987110b985507f53e3bd714ec03b8e08e3176aca007f85a40e2d6c9e
stimulus_videos	/pscratch/sd/s/sjmoon/EmoViS/data/raw/CowenEmotionVideos/1461.mp4	1461.mp4	272599	2026-05-08T05:07:25+00:00	c09bc7808b09ddbbc5642ad8a2f838d288770f66508c2ed40455b0d64fdfc641
stimulus_videos	/pscratch/sd/s/sjmoon/EmoViS/data/raw/CowenEmotionVideos/1462.mp4	1462.mp4	885087	2026-05-08T05:07:25+00:00	87bf5862b9a4640bf56ff4b3a8b868066a93d42bd6df092e4e769770a6a2b85e
stimulus_videos	/pscratch/sd/s/sjmoon/EmoViS/data/raw/CowenEmotionVideos/1463.mp4	1463.mp4	513125	2026-05-08T05:07:25+00:00	480f420d8b99e559908c17c9f9f74c5dba917212de0141ae708fbb9fbe59efca
stimulus_videos	/pscratch/sd/s/sjmoon/EmoViS/data/raw/CowenEmotionVideos/1464.mp4	1464.mp4	363839	2026-05-08T05:07:26+00:00	31c902d053b10c40edcabe89cc55ef11fc87be8423500cadf6dfab98069014b4
stimulus_videos	/pscratch/sd/s/sjmoon/EmoViS/data/raw/CowenEmotionVideos/1465.mp4	1465.mp4	552242	2026-05-08T05:07:26+00:00	98a6f90eb1e626a83240d26318d40dbfeb768636bc9491d16ac5b60fd457c41d
stimulus_videos	/pscratch/sd/s/sjmoon/EmoViS/data/raw/CowenEmotionVideos/1466.mp4	1466.mp4	166419	2026-05-08T05:07:26+00:00	90f7d425a490e25b3cb71808e9a5061808ce1f2b77a0a917d7128eeddfe991a0
stimulus_videos	/pscratch/sd/s/sjmoon/EmoViS/data/raw/CowenEmotionVideos/1467.mp4	1467.mp4	191808	2026-05-08T05:07:26+00:00	af2f843204aea05e63c097d3f1a28cf2a7095382ff67d70802da3f515ac5e836
stimulus_videos	/pscratch/sd/s/sjmoon/EmoViS/data/raw/CowenEmotionVideos/1468.mp4	1468.mp4	332914	2026-05-08T05:07:27+00:00	ce2b8649c7ff80f628c58f4106b199c0acc09cbbc228cab45c709c550749a04d
stimulus_videos	/pscratch/sd/s/sjmoon/EmoViS/data/raw/CowenEmotionVideos/1469.mp4	1469.mp4	414072	2026-05-08T05:07:27+00:00	a719562ab1aa44ccae4285a7dd4f81056a63a66b4ec54d1bb45641d201ab411b
stimulus_videos	/pscratch/sd/s/sjmoon/EmoViS/data/raw/CowenEmotionVideos/1470.mp4	1470.mp4	321289	2026-05-08T05:07:26+00:00	223bba05e3ab2e4bbe0eefe90a8b11eacf7bea4fa8a740cc60ec4b3b2d075c79
stimulus_videos	/pscratch/sd/s/sjmoon/EmoViS/data/raw/CowenEmotionVideos/1471.mp4	1471.mp4	633389	2026-05-08T05:07:26+00:00	785c3a6063af59b587879ae46db9fa88608512b1b6c757c8d02bc5cb444fc65d
stimulus_videos	/pscratch/sd/s/sjmoon/EmoViS/data/raw/CowenEmotionVideos/1472.mp4	1472.mp4	145285	2026-05-08T05:07:26+00:00	db28861e05e9831c97749a8168291734e5f346df61752d3e71a31e9922788915
stimulus_videos	/pscratch/sd/s/sjmoon/EmoViS/data/raw/CowenEmotionVideos/1473.mp4	1473.mp4	277755	2026-05-08T05:07:26+00:00	0d89b31181a565d0f20514abed2ccd3ff2a65ae38dcba9fc7a03a3852306fafb
stimulus_videos	/pscratch/sd/s/sjmoon/EmoViS/data/raw/CowenEmotionVideos/1474.mp4	1474.mp4	2007681	2026-05-08T05:07:24+00:00	5520b108c3dbe276b8c3e3dfb3e6cf9c8323ea05691cf10f2eef9d921005cd6d
stimulus_videos	/pscratch/sd/s/sjmoon/EmoViS/data/raw/CowenEmotionVideos/1475.mp4	1475.mp4	4768621	2026-05-08T05:07:25+00:00	6c170eed16f030d3c3a2d00b29728406546d9528fc19de2fc8362980b7572eec
stimulus_videos	/pscratch/sd/s/sjmoon/EmoViS/data/raw/CowenEmotionVideos/1476.mp4	1476.mp4	1107309	2026-05-08T05:07:25+00:00	be1f69f3ed9519fca6fcfe3f9ba6ea06ed9dd4b763c9d4b12ebd85f0187f1a3f
stimulus_videos	/pscratch/sd/s/sjmoon/EmoViS/data/raw/CowenEmotionVideos/1477.mp4	1477.mp4	439520	2026-05-08T05:07:25+00:00	f6ae93db3c2bd8c567411dcbf12c51272723f0350c8564bb55ea8eaf332e6dc0
stimulus_videos	/pscratch/sd/s/sjmoon/EmoViS/data/raw/CowenEmotionVideos/1478.mp4	1478.mp4	220072	2026-05-08T05:07:29+00:00	6cc4fa2d5f9821d24ded1aef584a3739ecdeb4a08a076b0709c441796ba20f20
stimulus_videos	/pscratch/sd/s/sjmoon/EmoViS/data/raw/CowenEmotionVideos/1479.mp4	1479.mp4	175758	2026-05-08T05:07:29+00:00	1379fea26d24f4f5d0a7cc6fe70fa79673cd372e3a3a93b358a88568f342006f
stimulus_videos	/pscratch/sd/s/sjmoon/EmoViS/data/raw/CowenEmotionVideos/1480.mp4	1480.mp4	2774653	2026-05-08T05:07:28+00:00	0a74117baee152bb04a42b9fbaa1f31757d704d709808f6e75d0557cddb2b264
stimulus_videos	/pscratch/sd/s/sjmoon/EmoViS/data/raw/CowenEmotionVideos/1481.mp4	1481.mp4	31748	2026-05-08T05:07:27+00:00	fa9974d62f6fa544ef4a53df506f1bd40e31a5c3ae922d5a521a9423465cf9bb
stimulus_videos	/pscratch/sd/s/sjmoon/EmoViS/data/raw/CowenEmotionVideos/1482.mp4	1482.mp4	817866	2026-05-08T05:07:27+00:00	1eeef09e1c45f8f3815e708846e1d3eb097fabb709ef170db8497f166c76badf
stimulus_videos	/pscratch/sd/s/sjmoon/EmoViS/data/raw/CowenEmotionVideos/1483.mp4	1483.mp4	284441	2026-05-08T05:07:27+00:00	a8d52a6ad65eec37ca1b8564ee5e2938470da2c47c55a2de0eba473a4f541c16
stimulus_videos	/pscratch/sd/s/sjmoon/EmoViS/data/raw/CowenEmotionVideos/1484.mp4	1484.mp4	4046129	2026-05-08T05:07:28+00:00	34b6e43e9a1320c8182ad107a96cd956ac660c626477407e4b8f857b7b4deccb
stimulus_videos	/pscratch/sd/s/sjmoon/EmoViS/data/raw/CowenEmotionVideos/1485.mp4	1485.mp4	607115	2026-05-08T05:07:28+00:00	f8aecedb628a6fd3c7efd03b5234183a532ba7865b91c1d6e092523038e4dfae
stimulus_videos	/pscratch/sd/s/sjmoon/EmoViS/data/raw/CowenEmotionVideos/1486.mp4	1486.mp4	1420911	2026-05-08T05:07:29+00:00	5dc4bd1ae1cff34c31aec588b5e32c3ae74373c50e13367c121e894626735351
stimulus_videos	/pscratch/sd/s/sjmoon/EmoViS/data/raw/CowenEmotionVideos/1487.mp4	1487.mp4	224177	2026-05-08T05:07:28+00:00	cec165628255baf4607a2c72677a7eb4308f22a1197e716cd3e802fe8ba56c05
stimulus_videos	/pscratch/sd/s/sjmoon/EmoViS/data/raw/CowenEmotionVideos/1488.mp4	1488.mp4	313823	2026-05-08T05:07:25+00:00	b20ab5dbeb21c27a06f26e3426b98fca42a980d9f8ccffbb044679fa8cab9d7a
stimulus_videos	/pscratch/sd/s/sjmoon/EmoViS/data/raw/CowenEmotionVideos/1489.mp4	1489.mp4	407964	2026-05-08T05:07:25+00:00	a6e04cca04e19f2b9811577db73519a5f4f592e3480a5770f850a794c1be6af1
stimulus_videos	/pscratch/sd/s/sjmoon/EmoViS/data/raw/CowenEmotionVideos/1490.mp4	1490.mp4	26522	2026-05-08T05:07:28+00:00	aa0be607240c4f73aa4aa1415cc59cf6179d86d12e4c3015c5a5b47e2d5c20ac
stimulus_videos	/pscratch/sd/s/sjmoon/EmoViS/data/raw/CowenEmotionVideos/1491.mp4	1491.mp4	172444	2026-05-08T05:07:28+00:00	a09e19fb153b109c5b9ae4144a01765e381bb7d598498b58c190fdc5d1e55d46
stimulus_videos	/pscratch/sd/s/sjmoon/EmoViS/data/raw/CowenEmotionVideos/1492.mp4	1492.mp4	1877686	2026-05-08T05:07:29+00:00	2fc21b46174496347a8f8711280037f9928332b145fc46b44f23fea2912872d4
stimulus_videos	/pscratch/sd/s/sjmoon/EmoViS/data/raw/CowenEmotionVideos/1493.mp4	1493.mp4	62738	2026-05-08T05:07:28+00:00	f29360d47fe3010c10f6d4d870e8b9622c44eac1cdf493ee0f096dd0f580208b
stimulus_videos	/pscratch/sd/s/sjmoon/EmoViS/data/raw/CowenEmotionVideos/1494.mp4	1494.mp4	198816	2026-05-08T05:07:28+00:00	cae89373b5dc7722d543e3619e3f6722f715f3ce92bde45e701ca8d1133e7bad
stimulus_videos	/pscratch/sd/s/sjmoon/EmoViS/data/raw/CowenEmotionVideos/1495.mp4	1495.mp4	755816	2026-05-08T05:07:27+00:00	0ce979019b754ccfda9d7e897ecab54ca68e6983ba30f91661683ecc6440ca9b
stimulus_videos	/pscratch/sd/s/sjmoon/EmoViS/data/raw/CowenEmotionVideos/1496.mp4	1496.mp4	2048862	2026-05-08T05:07:27+00:00	8ec12a067d645e52ffaa66f3b47e8a33644981460af6d1c3c0f2a55ee6c1779c
stimulus_videos	/pscratch/sd/s/sjmoon/EmoViS/data/raw/CowenEmotionVideos/1497.mp4	1497.mp4	1891401	2026-05-08T05:07:27+00:00	d43947cffd3e8cddd8bc6a871cee03833bab22ce38ca677b1c5bbc3d228c3e17
stimulus_videos	/pscratch/sd/s/sjmoon/EmoViS/data/raw/CowenEmotionVideos/1498.mp4	1498.mp4	71807	2026-05-08T05:07:26+00:00	fd7c37247795d8322c9668f6e27919693dfc14ead6bd81b26fa4ef06e073a3ff
stimulus_videos	/pscratch/sd/s/sjmoon/EmoViS/data/raw/CowenEmotionVideos/1499.mp4	1499.mp4	915881	2026-05-08T05:07:26+00:00	03455b8d42b7058ea464bf21216b26dd30075c42983ffa3993845dab19643d45
stimulus_videos	/pscratch/sd/s/sjmoon/EmoViS/data/raw/CowenEmotionVideos/1500.mp4	1500.mp4	382574	2026-05-08T05:07:24+00:00	07e4cec242ffa963602ac15ceb8f92c99bb1ef63e4b7db33525cce0947bbf0d2
stimulus_videos	/pscratch/sd/s/sjmoon/EmoViS/data/raw/CowenEmotionVideos/1501.mp4	1501.mp4	336630	2026-05-08T05:07:25+00:00	1c2dc93bb4a258c4068374c32e4cf74b172a256546e3748c9b110211a0c35c14
stimulus_videos	/pscratch/sd/s/sjmoon/EmoViS/data/raw/CowenEmotionVideos/1502.mp4	1502.mp4	2031615	2026-05-08T05:07:25+00:00	965f4a521101fb5f82aab9ccc302700dea4a60ddc998034075d80aa948cbce04
stimulus_videos	/pscratch/sd/s/sjmoon/EmoViS/data/raw/CowenEmotionVideos/1503.mp4	1503.mp4	913319	2026-05-08T05:07:25+00:00	d13d3f8127fec547c2efc39034f59426174ff715154b31d75ab46d3a901db649
stimulus_videos	/pscratch/sd/s/sjmoon/EmoViS/data/raw/CowenEmotionVideos/1504.mp4	1504.mp4	2308523	2026-05-08T05:07:26+00:00	6d0d46d95407b6d12bb82620aa001ca1fcac77283cc022f65f4140c142aa6250
stimulus_videos	/pscratch/sd/s/sjmoon/EmoViS/data/raw/CowenEmotionVideos/1505.mp4	1505.mp4	135929	2026-05-08T05:07:26+00:00	77da8014f678d98cd76b82e0af874cf0a5aab4ea515fa795e7afe09b19efc851
stimulus_videos	/pscratch/sd/s/sjmoon/EmoViS/data/raw/CowenEmotionVideos/1506.mp4	1506.mp4	166140	2026-05-08T05:07:25+00:00	06065a47e6c7fe4461ad6c5968527c9028972e1570e222a7cd7458c9f1972286
stimulus_videos	/pscratch/sd/s/sjmoon/EmoViS/data/raw/CowenEmotionVideos/1507.mp4	1507.mp4	2774065	2026-05-08T05:07:26+00:00	eb1afe65797d3cdb5f9c97304e665591c52dcf59cc2e917f5394f6054f2addf6
stimulus_videos	/pscratch/sd/s/sjmoon/EmoViS/data/raw/CowenEmotionVideos/1508.mp4	1508.mp4	772763	2026-05-08T05:07:27+00:00	a6fcf3e6e55548c25920cd2d3e6f02a09631f61196b822bd27b7a480e4ce4f7c
stimulus_videos	/pscratch/sd/s/sjmoon/EmoViS/data/raw/CowenEmotionVideos/1509.mp4	1509.mp4	740189	2026-05-08T05:07:27+00:00	15c4b274e746e25e8854c0652705bbcb1bb03656fa0e5427388be86cd418014a
stimulus_videos	/pscratch/sd/s/sjmoon/EmoViS/data/raw/CowenEmotionVideos/1510.mp4	1510.mp4	337479	2026-05-08T05:07:26+00:00	198c18a0d4c31a0d5177b9847a2e923901bba8bfbf6ba4a2793a11acc946c878
stimulus_videos	/pscratch/sd/s/sjmoon/EmoViS/data/raw/CowenEmotionVideos/1511.mp4	1511.mp4	212305	2026-05-08T05:07:26+00:00	1af2dca853355c0e5ee9d9110c1128b4f5c4ae15a74b0b64d3cf327c2701f02c
stimulus_videos	/pscratch/sd/s/sjmoon/EmoViS/data/raw/CowenEmotionVideos/1512.mp4	1512.mp4	532231	2026-05-08T05:07:25+00:00	a4ed97e5f9bd3b63c1118f33535215c84d842750aaf480b3b59e7f80b333b9d4
stimulus_videos	/pscratch/sd/s/sjmoon/EmoViS/data/raw/CowenEmotionVideos/1513.mp4	1513.mp4	4132151	2026-05-08T05:07:26+00:00	c9a4860f41472b70448f5a5878a899d297056690370d9e4c135a01168b4deee7
stimulus_videos	/pscratch/sd/s/sjmoon/EmoViS/data/raw/CowenEmotionVideos/1514.mp4	1514.mp4	76814	2026-05-08T05:07:24+00:00	62a5289624653628ad0c48a9bf3208c110f2ddec3a190242415a5d3b88500365
stimulus_videos	/pscratch/sd/s/sjmoon/EmoViS/data/raw/CowenEmotionVideos/1515.mp4	1515.mp4	98846	2026-05-08T05:07:25+00:00	9c6a1d809c88ecb79ada6e39a2666b28e7d28f545276504f3b50b515efc9996f
stimulus_videos	/pscratch/sd/s/sjmoon/EmoViS/data/raw/CowenEmotionVideos/1516.mp4	1516.mp4	1909860	2026-05-08T05:07:25+00:00	41e1bb14b345557fb347d9f3a092c0d8710c45344545702c1278c6c7c0989032
stimulus_videos	/pscratch/sd/s/sjmoon/EmoViS/data/raw/CowenEmotionVideos/1517.mp4	1517.mp4	45454	2026-05-08T05:07:25+00:00	91e1e2e0388c38a56a44dce1907898035d655bedd7907f30b16a8291e11ffbd0
stimulus_videos	/pscratch/sd/s/sjmoon/EmoViS/data/raw/CowenEmotionVideos/1518.mp4	1518.mp4	503090	2026-05-08T05:07:28+00:00	fbc14a1cecd9addae449f893504dbd09835cdb197e2e4e9ed737854183238e93
stimulus_videos	/pscratch/sd/s/sjmoon/EmoViS/data/raw/CowenEmotionVideos/1519.mp4	1519.mp4	108821	2026-05-08T05:07:29+00:00	a63c4b7e61aeecb07b6a67536a60a04fb4bc9ecca84d82554e266015cac084ee
stimulus_videos	/pscratch/sd/s/sjmoon/EmoViS/data/raw/CowenEmotionVideos/1520.mp4	1520.mp4	1155479	2026-05-08T05:07:27+00:00	080ba81f68b2553bb4bd9d028f3f8f7c7adbe149164c53c870d76b557a2bb923
stimulus_videos	/pscratch/sd/s/sjmoon/EmoViS/data/raw/CowenEmotionVideos/1521.mp4	1521.mp4	172517	2026-05-08T05:07:27+00:00	6c890e0ecdfb05423e1e34a4e9c650549068a58318312217847f629f6afecb4b
stimulus_videos	/pscratch/sd/s/sjmoon/EmoViS/data/raw/CowenEmotionVideos/1522.mp4	1522.mp4	163474	2026-05-08T05:07:27+00:00	30fa93b8f315f4980b2db52bb81da03eeca0d6b158520c745d2c126733a10bfe
stimulus_videos	/pscratch/sd/s/sjmoon/EmoViS/data/raw/CowenEmotionVideos/1523.mp4	1523.mp4	3318338	2026-05-08T05:07:28+00:00	c1fd5d7fc3238146b4b76a2b2353c9cb01b2261148d115c070724b0191a72b8d
stimulus_videos	/pscratch/sd/s/sjmoon/EmoViS/data/raw/CowenEmotionVideos/1524.mp4	1524.mp4	458302	2026-05-08T05:07:28+00:00	43dfacf83ea03071ccc3bc94ac03a8d297116ac10db5838326ff581844cda069
stimulus_videos	/pscratch/sd/s/sjmoon/EmoViS/data/raw/CowenEmotionVideos/1525.mp4	1525.mp4	551364	2026-05-08T05:07:29+00:00	2d179043deb004fd3d46acc0c4e58c728c4c8d2403c2d10a733d5b9f95014549
stimulus_videos	/pscratch/sd/s/sjmoon/EmoViS/data/raw/CowenEmotionVideos/1526.mp4	1526.mp4	291829	2026-05-08T05:07:28+00:00	7f0dadfea84d4efcf0ac44eaef6b69ea2e26e8b3508155d9f049b4314521a574
stimulus_videos	/pscratch/sd/s/sjmoon/EmoViS/data/raw/CowenEmotionVideos/1527.mp4	1527.mp4	286470	2026-05-08T05:07:28+00:00	1127db62fc37545f27181a2c3d00618112742668eed37174b2e8aebde32d8b01
stimulus_videos	/pscratch/sd/s/sjmoon/EmoViS/data/raw/CowenEmotionVideos/1528.mp4	1528.mp4	371010	2026-05-08T05:07:24+00:00	426fe62bd4e6bc109b6eb964fdee3c3d091f68c8dd0ee0906582d58095162419
stimulus_videos	/pscratch/sd/s/sjmoon/EmoViS/data/raw/CowenEmotionVideos/1529.mp4	1529.mp4	1372615	2026-05-08T05:07:25+00:00	a39384f532ce164238f5c596ab028bdfa71297ef59d36f6369bcac0be45ec6c1
stimulus_videos	/pscratch/sd/s/sjmoon/EmoViS/data/raw/CowenEmotionVideos/1530.mp4	1530.mp4	161230	2026-05-08T05:07:28+00:00	70e4c08332b8577266f601670a84fc8a6be18899c26c2a5369f092844cf87e5b
stimulus_videos	/pscratch/sd/s/sjmoon/EmoViS/data/raw/CowenEmotionVideos/1531.mp4	1531.mp4	605351	2026-05-08T05:07:29+00:00	81153c78ab804c0848913b087130e0294ad7ff0ad9570323e03552fe5d0f7dc2
stimulus_videos	/pscratch/sd/s/sjmoon/EmoViS/data/raw/CowenEmotionVideos/1532.mp4	1532.mp4	204465	2026-05-08T05:07:28+00:00	d96c716452ec6dea3aa991403af882646f05d8bef9a022e9f89252c845bf670a
stimulus_videos	/pscratch/sd/s/sjmoon/EmoViS/data/raw/CowenEmotionVideos/1533.mp4	1533.mp4	147949	2026-05-08T05:07:28+00:00	193463e83488fc03538819ddeb1b0a2286ea53d343cab75e29cef48a0e002edb
stimulus_videos	/pscratch/sd/s/sjmoon/EmoViS/data/raw/CowenEmotionVideos/1534.mp4	1534.mp4	725015	2026-05-08T05:07:27+00:00	78bad3d36ae3e97d4c467494428c35f1f5a2a4625de36cdc5883b60fe58be66f
stimulus_videos	/pscratch/sd/s/sjmoon/EmoViS/data/raw/CowenEmotionVideos/1535.mp4	1535.mp4	269802	2026-05-08T05:07:27+00:00	0d9587dc7245b5a6aa39f679a089fcfdab6124a84249049841849b7788155165
stimulus_videos	/pscratch/sd/s/sjmoon/EmoViS/data/raw/CowenEmotionVideos/1536.mp4	1536.mp4	873077	2026-05-08T05:07:27+00:00	07168736b2fafaed5690a51de49af1caa483d5f7bd9a2f2b0d7808d3a44c6ab1
stimulus_videos	/pscratch/sd/s/sjmoon/EmoViS/data/raw/CowenEmotionVideos/1537.mp4	1537.mp4	1560024	2026-05-08T05:07:28+00:00	56aedaa11d8e9148c6b43b2eb62301729e7ef2bde4e9b19806d12514564a6807
stimulus_videos	/pscratch/sd/s/sjmoon/EmoViS/data/raw/CowenEmotionVideos/1538.mp4	1538.mp4	408459	2026-05-08T05:07:26+00:00	322bc5b9bfe00edee97f2f746e7fa2a40343df0ec67867242fb1fb57545e202d
stimulus_videos	/pscratch/sd/s/sjmoon/EmoViS/data/raw/CowenEmotionVideos/1539.mp4	1539.mp4	93737	2026-05-08T05:07:26+00:00	be5736ebbb5af32c8dd7afa37a685957cc48249166ace2bb2f0fa6e98cdeeeab
stimulus_videos	/pscratch/sd/s/sjmoon/EmoViS/data/raw/CowenEmotionVideos/1540.mp4	1540.mp4	229033	2026-05-08T05:07:30+00:00	da8c02bd617889580e73deb6a5a6958ec4c415b43ba8b8be2c030554b16fba5a
stimulus_videos	/pscratch/sd/s/sjmoon/EmoViS/data/raw/CowenEmotionVideos/1541.mp4	1541.mp4	526513	2026-05-08T05:07:30+00:00	ae2e182cc8fcdae0a395ff4e76c7aa232df39e82179ff6337518e4f1af3c9b9e
stimulus_videos	/pscratch/sd/s/sjmoon/EmoViS/data/raw/CowenEmotionVideos/1542.mp4	1542.mp4	76923	2026-05-08T05:07:29+00:00	cb07ed65ea32eddae97e4b95ade0eeb216fbc1f9a941b11845ed5384f03375c4
stimulus_videos	/pscratch/sd/s/sjmoon/EmoViS/data/raw/CowenEmotionVideos/1543.mp4	1543.mp4	157157	2026-05-08T05:07:29+00:00	6089ac4a8bfca8105ffdd9b519d07c8240e401b0804ccce0287d3eb72235e8c2
stimulus_videos	/pscratch/sd/s/sjmoon/EmoViS/data/raw/CowenEmotionVideos/1544.mp4	1544.mp4	72665	2026-05-08T05:07:30+00:00	ec63d13d581dd016a0e25babd78e66623b0a1e1219af352cc42089e7cfe3f98f
stimulus_videos	/pscratch/sd/s/sjmoon/EmoViS/data/raw/CowenEmotionVideos/1545.mp4	1545.mp4	321416	2026-05-08T05:07:30+00:00	84e0a60d028be2cdc3d9a814af6e43d67a3a9e64f6c545cf978fa8c75c4b78c4
stimulus_videos	/pscratch/sd/s/sjmoon/EmoViS/data/raw/CowenEmotionVideos/1546.mp4	1546.mp4	367003	2026-05-08T05:07:31+00:00	cb006f6da9cf8de44346e7f5f6ea1c59d3baae04f2fc827c3cf8c6692239c679
stimulus_videos	/pscratch/sd/s/sjmoon/EmoViS/data/raw/CowenEmotionVideos/1547.mp4	1547.mp4	72795	2026-05-08T05:07:31+00:00	852f8292cceb146bfb6f10e891b64ccc53ea11e179d4aaa336904acf05129531
stimulus_videos	/pscratch/sd/s/sjmoon/EmoViS/data/raw/CowenEmotionVideos/1548.mp4	1548.mp4	27088	2026-05-08T05:07:23+00:00	2dbf3e94ce8822dbcb46421bd7c62a6c7b9642988a3b45db848f4ac9e2094953
stimulus_videos	/pscratch/sd/s/sjmoon/EmoViS/data/raw/CowenEmotionVideos/1549.mp4	1549.mp4	1807548	2026-05-08T05:07:23+00:00	36a5cb7ac13e17261c831c70b213cd585ea732bf2936bdca079175f151e552e7
stimulus_videos	/pscratch/sd/s/sjmoon/EmoViS/data/raw/CowenEmotionVideos/1550.mp4	1550.mp4	7998628	2026-05-08T05:07:30+00:00	feacf68d60fd7fb94caee04523c2503ea86fed873cb0aae7e99a4c2ddf6fcc0c
stimulus_videos	/pscratch/sd/s/sjmoon/EmoViS/data/raw/CowenEmotionVideos/1551.mp4	1551.mp4	103220	2026-05-08T05:07:30+00:00	13377d1c8d539693b8e7c8a25c59597eac71557e31f9e23a0128108672e04601
stimulus_videos	/pscratch/sd/s/sjmoon/EmoViS/data/raw/CowenEmotionVideos/1552.mp4	1552.mp4	282903	2026-05-08T05:07:31+00:00	f0797070e96183454e8baa283738b64708957f18fdd126cc603956f6aa248500
stimulus_videos	/pscratch/sd/s/sjmoon/EmoViS/data/raw/CowenEmotionVideos/1553.mp4	1553.mp4	1628304	2026-05-08T05:07:31+00:00	37128090d2f8508fcc25266430921df7a66ad32605dff021bc1b80b60f4a8fd4
stimulus_videos	/pscratch/sd/s/sjmoon/EmoViS/data/raw/CowenEmotionVideos/1554.mp4	1554.mp4	721021	2026-05-08T05:07:30+00:00	3e4dca49296b932b1fd0229aedacb2b32a0c7210bcee0a653ba6420e746c082a
stimulus_videos	/pscratch/sd/s/sjmoon/EmoViS/data/raw/CowenEmotionVideos/1555.mp4	1555.mp4	1550098	2026-05-08T05:07:30+00:00	cada3ef590f3221ab72e5f53adc2e617493b5b6bf794822d01baef19a2d18b38
stimulus_videos	/pscratch/sd/s/sjmoon/EmoViS/data/raw/CowenEmotionVideos/1556.mp4	1556.mp4	266840	2026-05-08T05:07:29+00:00	531763ffd54ec15309c3ea167b0af5b2de4d0b029cadf2bdbf2731077db2ee8a
stimulus_videos	/pscratch/sd/s/sjmoon/EmoViS/data/raw/CowenEmotionVideos/1557.mp4	1557.mp4	29801	2026-05-08T05:07:29+00:00	ff4f27d43918a88b4aaad91d2162729f23edb358e75c1117925161a05d0f3123
stimulus_videos	/pscratch/sd/s/sjmoon/EmoViS/data/raw/CowenEmotionVideos/1558.mp4	1558.mp4	1969002	2026-05-08T05:07:24+00:00	b23b81c28c4f69dae1355629db5909ce34ab9a15c643d2f7739c4390e99fbedf
stimulus_videos	/pscratch/sd/s/sjmoon/EmoViS/data/raw/CowenEmotionVideos/1559.mp4	1559.mp4	248994	2026-05-08T05:07:23+00:00	9b1aa9528f7748638c63076015e53d4449251d17d29edbc6e42ac33e88110ca6
stimulus_videos	/pscratch/sd/s/sjmoon/EmoViS/data/raw/CowenEmotionVideos/1560.mp4	1560.mp4	646438	2026-05-08T05:07:23+00:00	cd69ca0c17c6782079d5ecc8231403711faf290b63a0f4cfdcc9510a3fa30301
stimulus_videos	/pscratch/sd/s/sjmoon/EmoViS/data/raw/CowenEmotionVideos/1561.mp4	1561.mp4	38184	2026-05-08T05:07:23+00:00	593393f0b4034a3a49e99f12a189a223fc299f93fd7015ca7a8deda586042819
stimulus_videos	/pscratch/sd/s/sjmoon/EmoViS/data/raw/CowenEmotionVideos/1562.mp4	1562.mp4	10201819	2026-05-08T05:07:22+00:00	99fe8d93efaf728c6c6e929abf39d52e3ca166875116a0cc83be78c11cdac20c
stimulus_videos	/pscratch/sd/s/sjmoon/EmoViS/data/raw/CowenEmotionVideos/1563.mp4	1563.mp4	721241	2026-05-08T05:07:22+00:00	fcec85a2351dbd9785e590df800588f1f0229bfb889dc624eaccdf338c41267f
stimulus_videos	/pscratch/sd/s/sjmoon/EmoViS/data/raw/CowenEmotionVideos/1564.mp4	1564.mp4	486965	2026-05-08T05:07:24+00:00	fd1835c61243673a9295d807fe9c3f9e7c63ea1cd0a5a9053e3d8ce594541cb8
stimulus_videos	/pscratch/sd/s/sjmoon/EmoViS/data/raw/CowenEmotionVideos/1565.mp4	1565.mp4	102877	2026-05-08T05:07:23+00:00	1d3abbef371f5158a30c399535ae93bfe23708d8fc93a660d1ba91294031419c
stimulus_videos	/pscratch/sd/s/sjmoon/EmoViS/data/raw/CowenEmotionVideos/1566.mp4	1566.mp4	115896	2026-05-08T05:07:24+00:00	6ae7932c3cae1534418135a15eeb093c5cca31e50a40f1ccfb0343005d1248f2
stimulus_videos	/pscratch/sd/s/sjmoon/EmoViS/data/raw/CowenEmotionVideos/1567.mp4	1567.mp4	192836	2026-05-08T05:07:24+00:00	aedb61230c94b0fb8358a74a08eee5c4590ac32cdab100b40b81de0ea1c535b0
stimulus_videos	/pscratch/sd/s/sjmoon/EmoViS/data/raw/CowenEmotionVideos/1568.mp4	1568.mp4	148190	2026-05-08T05:07:30+00:00	edcc48e5df8722d5d9688bfab83cfacbc46a5dd7e614c1bcd2a529583538d7e0
stimulus_videos	/pscratch/sd/s/sjmoon/EmoViS/data/raw/CowenEmotionVideos/1569.mp4	1569.mp4	525249	2026-05-08T05:07:30+00:00	f0239a2da3daacfbca91dbe41d06427a2300eceee465cc881a4e19b559a15f64
stimulus_videos	/pscratch/sd/s/sjmoon/EmoViS/data/raw/CowenEmotionVideos/1570.mp4	1570.mp4	243616	2026-05-08T05:07:24+00:00	9637bbe9a76384f67dd06b5a9444334fb581b692af75ffde938b87dd1fae7b67
stimulus_videos	/pscratch/sd/s/sjmoon/EmoViS/data/raw/CowenEmotionVideos/1571.mp4	1571.mp4	154170	2026-05-08T05:07:23+00:00	3cf6861842902ea3b0f5702a09b98b55f41e3f457dc2da8603b906451d878a92
stimulus_videos	/pscratch/sd/s/sjmoon/EmoViS/data/raw/CowenEmotionVideos/1572.mp4	1572.mp4	3310024	2026-05-08T05:07:24+00:00	9e58782fe920806525317405d62b9dba1278a76d8cab6af9c64d2e9f1456649a
stimulus_videos	/pscratch/sd/s/sjmoon/EmoViS/data/raw/CowenEmotionVideos/1573.mp4	1573.mp4	249887	2026-05-08T05:07:24+00:00	31e3f42c5206f184fd357204ecc164e3916d4d01390a5cff2d577835b68b0337
stimulus_videos	/pscratch/sd/s/sjmoon/EmoViS/data/raw/CowenEmotionVideos/1574.mp4	1574.mp4	107266	2026-05-08T05:07:23+00:00	1dc0c0bd358cbd2a9e76d5fd411e6359a782d258ec05405a70bd3f1ef443080c
stimulus_videos	/pscratch/sd/s/sjmoon/EmoViS/data/raw/CowenEmotionVideos/1575.mp4	1575.mp4	135596	2026-05-08T05:07:23+00:00	a1f255b1538b51cacfe39ec30f2e5354721e5eeb0d883bed9bc371b1cee468f9
stimulus_videos	/pscratch/sd/s/sjmoon/EmoViS/data/raw/CowenEmotionVideos/1576.mp4	1576.mp4	216869	2026-05-08T05:07:22+00:00	23f1eaa2dafab134f3a21e1a43ef5b594ec9c65c19eac55a6beaa4f25994bb1a
stimulus_videos	/pscratch/sd/s/sjmoon/EmoViS/data/raw/CowenEmotionVideos/1577.mp4	1577.mp4	251959	2026-05-08T05:07:22+00:00	2c6580acd2fc9392f2dde21cd015ce0f709c00234805b6a0850633d217dc91dd
stimulus_videos	/pscratch/sd/s/sjmoon/EmoViS/data/raw/CowenEmotionVideos/1578.mp4	1578.mp4	153063	2026-05-08T05:07:30+00:00	172fad488a58f5c861e0274b278d8441d879df865c5770faeb0aea80ee586699
stimulus_videos	/pscratch/sd/s/sjmoon/EmoViS/data/raw/CowenEmotionVideos/1579.mp4	1579.mp4	135575	2026-05-08T05:07:30+00:00	3be2f986978dfa2265fccc0f09a25a4494b9c2493d55b6606fede0cd5fd308bb
stimulus_videos	/pscratch/sd/s/sjmoon/EmoViS/data/raw/CowenEmotionVideos/1580.mp4	1580.mp4	696136	2026-05-08T05:07:29+00:00	0972b39d76c8d26d0d844a442fdeb5400ffa4aa2e5e64e46fea1e46ce924a93b
stimulus_videos	/pscratch/sd/s/sjmoon/EmoViS/data/raw/CowenEmotionVideos/1581.mp4	1581.mp4	303359	2026-05-08T05:07:29+00:00	5b88c602e4e0b79e9b616683194ac51adbc3b69c0cd5921f05b7977dc93338da
stimulus_videos	/pscratch/sd/s/sjmoon/EmoViS/data/raw/CowenEmotionVideos/1582.mp4	1582.mp4	306147	2026-05-08T05:07:30+00:00	8e4ee4c18d09b9bf97b0c7742d247866a1adae0d772c9b34b34f4fcbcdb09de3
stimulus_videos	/pscratch/sd/s/sjmoon/EmoViS/data/raw/CowenEmotionVideos/1583.mp4	1583.mp4	1321697	2026-05-08T05:07:30+00:00	eb248dbf81e564ec8bce080f329a2c6ee065b1ceaf79848baaba25eec908fd21
stimulus_videos	/pscratch/sd/s/sjmoon/EmoViS/data/raw/CowenEmotionVideos/1584.mp4	1584.mp4	192276	2026-05-08T05:07:31+00:00	79f6b0039fbb1d9a12a5bf2da61e89c5eab7a98f324ec4f4cf42ebad44c2ace9
stimulus_videos	/pscratch/sd/s/sjmoon/EmoViS/data/raw/CowenEmotionVideos/1585.mp4	1585.mp4	1636554	2026-05-08T05:07:31+00:00	9beeec84903d0500a8e5e0428c057a67802134db21fbf60dee719547eee30a77
stimulus_videos	/pscratch/sd/s/sjmoon/EmoViS/data/raw/CowenEmotionVideos/1586.mp4	1586.mp4	490657	2026-05-08T05:07:30+00:00	3e0967c8d152cc1b14a2d392fec0385c1411894a2d49d1d1c90ad48c5ff75186
stimulus_videos	/pscratch/sd/s/sjmoon/EmoViS/data/raw/CowenEmotionVideos/1587.mp4	1587.mp4	178375	2026-05-08T05:07:30+00:00	ff49147d68a208df517931df8d4403f412453b02d351d31c8683d6e7bcedd423
stimulus_videos	/pscratch/sd/s/sjmoon/EmoViS/data/raw/CowenEmotionVideos/1588.mp4	1588.mp4	146095	2026-05-08T05:07:22+00:00	da6edd4dc517b6e2d3836b941f3aaadceeffe7e87b5281c3bbd970aacd916547
stimulus_videos	/pscratch/sd/s/sjmoon/EmoViS/data/raw/CowenEmotionVideos/1589.mp4	1589.mp4	464147	2026-05-08T05:07:23+00:00	387b4b6fe853b18d46db403d3779e77394b67f427fa601a4fa3c295b15a334ad
stimulus_videos	/pscratch/sd/s/sjmoon/EmoViS/data/raw/CowenEmotionVideos/1590.mp4	1590.mp4	7009348	2026-05-08T05:07:31+00:00	a4f6d4aff7c30f5396af93f51325903dcd474064991fa880ea24fc4a7255add1
stimulus_videos	/pscratch/sd/s/sjmoon/EmoViS/data/raw/CowenEmotionVideos/1591.mp4	1591.mp4	40975	2026-05-08T05:07:31+00:00	0661da1982f502690f4b7d38523580e2d6192372a783227e40c93e9e1a0a23dc
stimulus_videos	/pscratch/sd/s/sjmoon/EmoViS/data/raw/CowenEmotionVideos/1592.mp4	1592.mp4	252245	2026-05-08T05:07:30+00:00	b5095168fe033efd36cd665f5e09648a3c06f3c1396478f8b146f0dd86fb298d
stimulus_videos	/pscratch/sd/s/sjmoon/EmoViS/data/raw/CowenEmotionVideos/1593.mp4	1593.mp4	664537	2026-05-08T05:07:30+00:00	01327a321b989d9f4abbd00070a0da688ff5f7749a41d8ad9749658847a1d64c
stimulus_videos	/pscratch/sd/s/sjmoon/EmoViS/data/raw/CowenEmotionVideos/1594.mp4	1594.mp4	157633	2026-05-08T05:07:29+00:00	20b7457a935f3f208ad78ff18229c8db99bfa446e6c0f659894b719a796cc6bc
stimulus_videos	/pscratch/sd/s/sjmoon/EmoViS/data/raw/CowenEmotionVideos/1595.mp4	1595.mp4	414836	2026-05-08T05:07:29+00:00	dfc8a8fdbe58bcf3d56b043d0f55f2b6c17595a245bfe6799b70bd89dbe4c7f1
stimulus_videos	/pscratch/sd/s/sjmoon/EmoViS/data/raw/CowenEmotionVideos/1596.mp4	1596.mp4	34208	2026-05-08T05:07:30+00:00	1a80e046369e9ca7f8b6f00cf7629a3d6ef0432204875097f25b87445115b5f9
stimulus_videos	/pscratch/sd/s/sjmoon/EmoViS/data/raw/CowenEmotionVideos/1597.mp4	1597.mp4	421266	2026-05-08T05:07:30+00:00	86cd562cc2dd564454ac263f65775def09b5cc4357845f6e349611166b08d70a
stimulus_videos	/pscratch/sd/s/sjmoon/EmoViS/data/raw/CowenEmotionVideos/1598.mp4	1598.mp4	135110	2026-05-08T05:07:24+00:00	b7872cc0909d6e26c05c5a87fa07fb7d9553a7f7b25f24871abd207e24dc5ea8
stimulus_videos	/pscratch/sd/s/sjmoon/EmoViS/data/raw/CowenEmotionVideos/1599.mp4	1599.mp4	401497	2026-05-08T05:07:24+00:00	b04c7b5a10a705083a3e28addeb602930ec0c6e77f2fbd83869034443958e839
stimulus_videos	/pscratch/sd/s/sjmoon/EmoViS/data/raw/CowenEmotionVideos/1600.mp4	1600.mp4	6450733	2026-05-08T05:07:22+00:00	5cffdaa9cf083beac730b0b66de305da18f47fd1e1ec965e9e4728d1a6ee6c28
stimulus_videos	/pscratch/sd/s/sjmoon/EmoViS/data/raw/CowenEmotionVideos/1601.mp4	1601.mp4	172213	2026-05-08T05:07:22+00:00	fec2bff69897ae909077300af7581c05f8a08f3f2912c9b26eda1eb86da3f7fa
stimulus_videos	/pscratch/sd/s/sjmoon/EmoViS/data/raw/CowenEmotionVideos/1602.mp4	1602.mp4	53575	2026-05-08T05:07:23+00:00	96ce776b42ca53f5edef321dd59f8df1c0bca8e6c476ecccfb06d97af044fc88
stimulus_videos	/pscratch/sd/s/sjmoon/EmoViS/data/raw/CowenEmotionVideos/1603.mp4	1603.mp4	189317	2026-05-08T05:07:23+00:00	70bf04c5a2b894f1626f12d0e8ee59f0c9f0ccffb356b8e52aac8f26c10ad297
stimulus_videos	/pscratch/sd/s/sjmoon/EmoViS/data/raw/CowenEmotionVideos/1604.mp4	1604.mp4	171206	2026-05-08T05:07:24+00:00	92f72d25a23ca5705f34df92dd8c0f97f2add15f4aef9c6488fbefc84a64a7cb
stimulus_videos	/pscratch/sd/s/sjmoon/EmoViS/data/raw/CowenEmotionVideos/1605.mp4	1605.mp4	117784	2026-05-08T05:07:24+00:00	5d6ea039fd99502001e833c6801d1b857b2f42e323cbbda0f07a6f458a8cda8a
stimulus_videos	/pscratch/sd/s/sjmoon/EmoViS/data/raw/CowenEmotionVideos/1606.mp4	1606.mp4	204263	2026-05-08T05:07:23+00:00	4b89d2f5bdf86306dbd56f17baf2c162a86947ad677fb716a08f9772ad7d8af5
stimulus_videos	/pscratch/sd/s/sjmoon/EmoViS/data/raw/CowenEmotionVideos/1607.mp4	1607.mp4	48898	2026-05-08T05:07:23+00:00	997526edd586d184d3f0276369effcd26b57e217528db9a9a73922eb0f1eed49
stimulus_videos	/pscratch/sd/s/sjmoon/EmoViS/data/raw/CowenEmotionVideos/1608.mp4	1608.mp4	80333	2026-05-08T05:07:29+00:00	74b0da3a04473b38ef12743d137182b422433b96860524c81fccc040144b620a
stimulus_videos	/pscratch/sd/s/sjmoon/EmoViS/data/raw/CowenEmotionVideos/1609.mp4	1609.mp4	29953	2026-05-08T05:07:29+00:00	e0ceb51567d9387219001635066f7b290b1bfa3a2eded528b9e674e6829f545d
stimulus_videos	/pscratch/sd/s/sjmoon/EmoViS/data/raw/CowenEmotionVideos/1610.mp4	1610.mp4	93829	2026-05-08T05:07:24+00:00	72d1c081a81d50b30cea420b43bc0fef8282a6a6295adc87afb5a543503961f8
stimulus_videos	/pscratch/sd/s/sjmoon/EmoViS/data/raw/CowenEmotionVideos/1611.mp4	1611.mp4	510531	2026-05-08T05:07:24+00:00	3c0afdf5e2070de058aee2e55d741ead80ac9590f1577ee395a7b8517d3ed900
stimulus_videos	/pscratch/sd/s/sjmoon/EmoViS/data/raw/CowenEmotionVideos/1612.mp4	1612.mp4	1661979	2026-05-08T05:07:23+00:00	e4f44b9bb08cf08b983f1a87f8d0a09fbafd2708a5e459bffb8e4ae9e3acad26
stimulus_videos	/pscratch/sd/s/sjmoon/EmoViS/data/raw/CowenEmotionVideos/1613.mp4	1613.mp4	331618	2026-05-08T05:07:23+00:00	e995fc19da150358b77909f4954e5e7ecfda48eaf750f787ae307125298587fb
stimulus_videos	/pscratch/sd/s/sjmoon/EmoViS/data/raw/CowenEmotionVideos/1614.mp4	1614.mp4	627820	2026-05-08T05:07:22+00:00	80f9645b3faf570a654a748084cf8757f03d6174f968c7d3a89be55fd241b6de
stimulus_videos	/pscratch/sd/s/sjmoon/EmoViS/data/raw/CowenEmotionVideos/1615.mp4	1615.mp4	3340629	2026-05-08T05:07:22+00:00	6502d149a0424174ab8a87a920c3bdc99852b59a560aa22f8c8218e5dcc48ae6
stimulus_videos	/pscratch/sd/s/sjmoon/EmoViS/data/raw/CowenEmotionVideos/1616.mp4	1616.mp4	164968	2026-05-08T05:07:23+00:00	d78900e26a4e0f21233b7d82215c576a7ada8a5b7f2baa8db22f59ee95a30040
stimulus_videos	/pscratch/sd/s/sjmoon/EmoViS/data/raw/CowenEmotionVideos/1617.mp4	1617.mp4	25329	2026-05-08T05:07:23+00:00	62da01f57d0e7f739e95a2814828a4af244b1ffdaf82d87bd0a994018b065005
stimulus_videos	/pscratch/sd/s/sjmoon/EmoViS/data/raw/CowenEmotionVideos/1618.mp4	1618.mp4	22425347	2026-05-08T05:07:31+00:00	ab54cb9b6dc5984b19594e1d4a69532471439766b72fe7c47475073a93e5a375
stimulus_videos	/pscratch/sd/s/sjmoon/EmoViS/data/raw/CowenEmotionVideos/1619.mp4	1619.mp4	293795	2026-05-08T05:07:31+00:00	b752599197b09b3ee042bffd50f79e88b1b1c7a7b8c04d5d44709a8c0e47fcb7
stimulus_videos	/pscratch/sd/s/sjmoon/EmoViS/data/raw/CowenEmotionVideos/1620.mp4	1620.mp4	255411	2026-05-08T05:07:29+00:00	164ecf535e585114cd596a45ee55cb100abdd3c87a38a5cb76e9c5c0318d9ec9
stimulus_videos	/pscratch/sd/s/sjmoon/EmoViS/data/raw/CowenEmotionVideos/1621.mp4	1621.mp4	127160	2026-05-08T05:07:29+00:00	98227cdc5aa7994f839e02867009f0b96252b938f0726b65f78c7208726805a0
stimulus_videos	/pscratch/sd/s/sjmoon/EmoViS/data/raw/CowenEmotionVideos/1622.mp4	1622.mp4	182114	2026-05-08T05:07:30+00:00	8a20a2ece9e107d356d977e76b529d5f6576af23eba5efa21e72001d26964ae2
stimulus_videos	/pscratch/sd/s/sjmoon/EmoViS/data/raw/CowenEmotionVideos/1623.mp4	1623.mp4	95952	2026-05-08T05:07:30+00:00	2b5cfffa391dc7a71729e1546a030538624dab74348c95d33441b2fd19c30981
stimulus_videos	/pscratch/sd/s/sjmoon/EmoViS/data/raw/CowenEmotionVideos/1624.mp4	1624.mp4	1354840	2026-05-08T05:07:31+00:00	c834e16d4f4b9a0fed71f5cc6baa13c887f837abac1033f6fef103d48f29edbb
stimulus_videos	/pscratch/sd/s/sjmoon/EmoViS/data/raw/CowenEmotionVideos/1625.mp4	1625.mp4	1933135	2026-05-08T05:07:31+00:00	b3df7a9da63398e9c1bb67515799b95ac92f8ad0c3f5cc67c0a46d926092b434
stimulus_videos	/pscratch/sd/s/sjmoon/EmoViS/data/raw/CowenEmotionVideos/1626.mp4	1626.mp4	225468	2026-05-08T05:07:30+00:00	41472d24f4b99c90dae1a9cb632f6ae00c6755d749655b30a82b7db8599ec934
stimulus_videos	/pscratch/sd/s/sjmoon/EmoViS/data/raw/CowenEmotionVideos/1627.mp4	1627.mp4	3570207	2026-05-08T05:07:30+00:00	b1a738441b87f32fd29ea1553d7fb97848a91e109b465756221df5fa95564614
stimulus_videos	/pscratch/sd/s/sjmoon/EmoViS/data/raw/CowenEmotionVideos/1628.mp4	1628.mp4	192526	2026-05-08T05:07:22+00:00	c9faa1c0e440ba6834d48a79048495fdb2a260c1c6f65fd4b9f694dcb05198fb
stimulus_videos	/pscratch/sd/s/sjmoon/EmoViS/data/raw/CowenEmotionVideos/1629.mp4	1629.mp4	79249	2026-05-08T05:07:22+00:00	677eb2a2f57a8ab476eb1132306184730a13d2c0f4029f221b3ea87535e46687
stimulus_videos	/pscratch/sd/s/sjmoon/EmoViS/data/raw/CowenEmotionVideos/1630.mp4	1630.mp4	236360	2026-05-08T05:07:31+00:00	77c17161eeb6e7d4ed132bb748f91d30bab552fe839d7d536fb5a9d03d3a3c3a
stimulus_videos	/pscratch/sd/s/sjmoon/EmoViS/data/raw/CowenEmotionVideos/1631.mp4	1631.mp4	2645782	2026-05-08T05:07:31+00:00	20ee6b80f4b37a445e8b4661fc0257cecc180b970665db2d5aa52f2b55eb6367
stimulus_videos	/pscratch/sd/s/sjmoon/EmoViS/data/raw/CowenEmotionVideos/1632.mp4	1632.mp4	921207	2026-05-08T05:07:30+00:00	8af232e16de533f4530e2128fed86b5da6c824fd6a4d42e377b63b45211d5178
stimulus_videos	/pscratch/sd/s/sjmoon/EmoViS/data/raw/CowenEmotionVideos/1633.mp4	1633.mp4	121658	2026-05-08T05:07:30+00:00	721b9705600acfe56bfef0a1707b8c4ccfdb1725748f6ce5b85e700ebc4e8ffb
stimulus_videos	/pscratch/sd/s/sjmoon/EmoViS/data/raw/CowenEmotionVideos/1634.mp4	1634.mp4	168272	2026-05-08T05:07:29+00:00	f4a34fde296ab0ceaf0295ade0c3ce28bd14fafa64708f322cfe1b183e03b4e2
stimulus_videos	/pscratch/sd/s/sjmoon/EmoViS/data/raw/CowenEmotionVideos/1635.mp4	1635.mp4	1771335	2026-05-08T05:07:29+00:00	71f36e1fe06403757f10d22a453194b67cf4d517ada6f90068503c3d8053c4f1
stimulus_videos	/pscratch/sd/s/sjmoon/EmoViS/data/raw/CowenEmotionVideos/1636.mp4	1636.mp4	309603	2026-05-08T05:07:30+00:00	3df9909dae1e2c6e2afad4f5cfb8f6f951c76a0fde00e01d7f53d85813e4318b
stimulus_videos	/pscratch/sd/s/sjmoon/EmoViS/data/raw/CowenEmotionVideos/1637.mp4	1637.mp4	50254	2026-05-08T05:07:30+00:00	4e87c606f328e6868d77394e826a4e37c1ca736272e3c7739d52a73e1712acab
stimulus_videos	/pscratch/sd/s/sjmoon/EmoViS/data/raw/CowenEmotionVideos/1638.mp4	1638.mp4	145506	2026-05-08T05:07:24+00:00	9c605b36954d7bde96ecd438790d37cd456dd5bf909de2d901aa179fed54e9ee
stimulus_videos	/pscratch/sd/s/sjmoon/EmoViS/data/raw/CowenEmotionVideos/1639.mp4	1639.mp4	282102	2026-05-08T05:07:24+00:00	f236a2694683a0247ce1fd15ffdbf7ac1abe9f4c53f27bd12a6052031990dc94
stimulus_videos	/pscratch/sd/s/sjmoon/EmoViS/data/raw/CowenEmotionVideos/1640.mp4	1640.mp4	47465	2026-05-08T05:07:28+00:00	9581edb236f4fff1186fab091d4bde8aa42c69cf3d7192bfcd5ea001afbb04d5
stimulus_videos	/pscratch/sd/s/sjmoon/EmoViS/data/raw/CowenEmotionVideos/1641.mp4	1641.mp4	12651455	2026-05-08T05:07:28+00:00	c2ccd80fb8894b7ef60c1cf55a10fc5c67357e6a9a8c7795edb801a1db1cb55a
stimulus_videos	/pscratch/sd/s/sjmoon/EmoViS/data/raw/CowenEmotionVideos/1642.mp4	1642.mp4	306394	2026-05-08T05:07:27+00:00	651bb59cd754ea77f7bcffd74a2d70fb143c27d0e62e1ee95c3088b4e76bb800
stimulus_videos	/pscratch/sd/s/sjmoon/EmoViS/data/raw/CowenEmotionVideos/1643.mp4	1643.mp4	17113340	2026-05-08T05:07:27+00:00	7b9fbe9691577270d6709e70b8534e15bcbe1241d4cf5d0aab5635e5dcb41c1a
stimulus_videos	/pscratch/sd/s/sjmoon/EmoViS/data/raw/CowenEmotionVideos/1644.mp4	1644.mp4	437226	2026-05-08T05:07:28+00:00	3beb44593e316277e4736b59c9112324fa2036c810583d6d1c886d4072e441a1
stimulus_videos	/pscratch/sd/s/sjmoon/EmoViS/data/raw/CowenEmotionVideos/1645.mp4	1645.mp4	71348	2026-05-08T05:07:28+00:00	d509a50651770e398c536218f245dba6c51fd116994f1d1f6686078236d0673c
stimulus_videos	/pscratch/sd/s/sjmoon/EmoViS/data/raw/CowenEmotionVideos/1646.mp4	1646.mp4	44476	2026-05-08T05:07:29+00:00	59e2317a6d3a5e72458e3e43e99fbb4d2cf85e61a62b7f300a325c119200f13c
stimulus_videos	/pscratch/sd/s/sjmoon/EmoViS/data/raw/CowenEmotionVideos/1647.mp4	1647.mp4	176512	2026-05-08T05:07:29+00:00	5bef2d36569c47cdbe9f95098772850249e574a6fc0d8bdc9a84de3c7218eee1
stimulus_videos	/pscratch/sd/s/sjmoon/EmoViS/data/raw/CowenEmotionVideos/1648.mp4	1648.mp4	162333	2026-05-08T05:07:25+00:00	c0a1da8fc7f0ac664c796adfd1955673275e5a5228cad72beb866635ad0bc141
stimulus_videos	/pscratch/sd/s/sjmoon/EmoViS/data/raw/CowenEmotionVideos/1649.mp4	1649.mp4	355971	2026-05-08T05:07:25+00:00	2aefc512d13fb4d2d980d481858a9f818b0a07a5609841c0ac9cdda22e4197e8
stimulus_videos	/pscratch/sd/s/sjmoon/EmoViS/data/raw/CowenEmotionVideos/1650.mp4	1650.mp4	91067	2026-05-08T05:07:28+00:00	f6b3ea1a88a2e7d91f1242b8592464687f2e5cc96e1ed3ae1c91fcecb86eab63
stimulus_videos	/pscratch/sd/s/sjmoon/EmoViS/data/raw/CowenEmotionVideos/1651.mp4	1651.mp4	156930	2026-05-08T05:07:28+00:00	1476a8a4b1b29fe0b185a65cdc84b4cf9c608445fb72c903a80d9a819a55ca9d
stimulus_videos	/pscratch/sd/s/sjmoon/EmoViS/data/raw/CowenEmotionVideos/1652.mp4	1652.mp4	100255	2026-05-08T05:07:29+00:00	0278b8a2eb74b53e6991e865cbdf5634d7cb4bd1c01ac7c9128775a5bdecdec8
stimulus_videos	/pscratch/sd/s/sjmoon/EmoViS/data/raw/CowenEmotionVideos/1653.mp4	1653.mp4	4706162	2026-05-08T05:07:29+00:00	7ee9e5dce217c64aeaad1f8cf34eb912c1f63fb4a1607aab24d7d72c2fcc90f0
stimulus_videos	/pscratch/sd/s/sjmoon/EmoViS/data/raw/CowenEmotionVideos/1654.mp4	1654.mp4	646245	2026-05-08T05:07:27+00:00	7ae2fe1c9bd2959a669b33b8efa54bf1124dc0cec215572ebf315c15a1cf0a73
stimulus_videos	/pscratch/sd/s/sjmoon/EmoViS/data/raw/CowenEmotionVideos/1655.mp4	1655.mp4	46883	2026-05-08T05:07:28+00:00	c6c4135e421f0ebeb0053e1a391ea725fbb600b5758808df29eaa0a928d7316e
stimulus_videos	/pscratch/sd/s/sjmoon/EmoViS/data/raw/CowenEmotionVideos/1656.mp4	1656.mp4	4067070	2026-05-08T05:07:27+00:00	d63f4294f90cd44e6da4ecd8d5f02678cbbe199b2f6328008c193613a870f07d
stimulus_videos	/pscratch/sd/s/sjmoon/EmoViS/data/raw/CowenEmotionVideos/1657.mp4	1657.mp4	468906	2026-05-08T05:07:27+00:00	8210dfba6f32e8f458b11e0960f2942032dc011b70853655fba36df366d8527f
stimulus_videos	/pscratch/sd/s/sjmoon/EmoViS/data/raw/CowenEmotionVideos/1658.mp4	1658.mp4	104590	2026-05-08T05:07:26+00:00	b653c354630cc373292c736c078680b344f1b6425178d45ccafa62190ee4b44f
stimulus_videos	/pscratch/sd/s/sjmoon/EmoViS/data/raw/CowenEmotionVideos/1659.mp4	1659.mp4	471259	2026-05-08T05:07:26+00:00	620c717fe1a0a21c296966ed5e8576fb1226eef13f8d17094bb46691a7295e2e
stimulus_videos	/pscratch/sd/s/sjmoon/EmoViS/data/raw/CowenEmotionVideos/1660.mp4	1660.mp4	214392	2026-05-08T05:07:25+00:00	b85c3d28beca8fdac0e75268a96567e48e35f101e2db5a865db4d6c6e6f1c9aa
stimulus_videos	/pscratch/sd/s/sjmoon/EmoViS/data/raw/CowenEmotionVideos/1661.mp4	1661.mp4	275907	2026-05-08T05:07:25+00:00	4e9f74f1bb8db6e7defc16cd4e4cc0ba5797103923dd1d4f22a13ad629b47df9
stimulus_videos	/pscratch/sd/s/sjmoon/EmoViS/data/raw/CowenEmotionVideos/1662.mp4	1662.mp4	71501	2026-05-08T05:07:24+00:00	41f729fff7d6ec6c103ccc211ba4ed5cd05d2ef089bc63cda125229551cc0c89
stimulus_videos	/pscratch/sd/s/sjmoon/EmoViS/data/raw/CowenEmotionVideos/1663.mp4	1663.mp4	118512	2026-05-08T05:07:24+00:00	60c772f39c719f28483d056b5ef219aa96338ee30f21b02ef957d7aa3b9331bd
stimulus_videos	/pscratch/sd/s/sjmoon/EmoViS/data/raw/CowenEmotionVideos/1664.mp4	1664.mp4	133761	2026-05-08T05:07:26+00:00	483816896e5d9e6556d97fa916406c6072400c5e047009945ced2a139eaa84ce
stimulus_videos	/pscratch/sd/s/sjmoon/EmoViS/data/raw/CowenEmotionVideos/1665.mp4	1665.mp4	315090	2026-05-08T05:07:26+00:00	7c4dabf053bccce6c63b5e137ea4354a8254e9e016d64ac9499d8cfba250aa5d
stimulus_videos	/pscratch/sd/s/sjmoon/EmoViS/data/raw/CowenEmotionVideos/1666.mp4	1666.mp4	5250485	2026-05-08T05:07:26+00:00	d63e5c10b0a8ca5aadf89811442d3deeb85f121fd9ca75cc996e611c2d5552a8
stimulus_videos	/pscratch/sd/s/sjmoon/EmoViS/data/raw/CowenEmotionVideos/1667.mp4	1667.mp4	710625	2026-05-08T05:07:26+00:00	dae69284cf501f0c011dbd40de3d8146243d75fa472b98cf3e9ae28c371ddba3
stimulus_videos	/pscratch/sd/s/sjmoon/EmoViS/data/raw/CowenEmotionVideos/1668.mp4	1668.mp4	1044849	2026-05-08T05:07:27+00:00	60024191bde44537f6ca271e9b25a34a7f350cd3100a4b3d3c65462b76d54a9d
stimulus_videos	/pscratch/sd/s/sjmoon/EmoViS/data/raw/CowenEmotionVideos/1669.mp4	1669.mp4	1314075	2026-05-08T05:07:28+00:00	ead9cbcfdb0310a7edcf5a3959ef292dea469b367d3d0bc0bcc5575164ffb574
stimulus_videos	/pscratch/sd/s/sjmoon/EmoViS/data/raw/CowenEmotionVideos/1670.mp4	1670.mp4	878505	2026-05-08T05:07:26+00:00	8b7b5763c00ab03be2a44a6004e185b559178e85c485d3df662e408ee71af0d7
stimulus_videos	/pscratch/sd/s/sjmoon/EmoViS/data/raw/CowenEmotionVideos/1671.mp4	1671.mp4	581328	2026-05-08T05:07:26+00:00	5fd57e6f8755ba4fd82745758e17ae0a2c10fe882d9c521b0dd69f179859069e
stimulus_videos	/pscratch/sd/s/sjmoon/EmoViS/data/raw/CowenEmotionVideos/1672.mp4	1672.mp4	3004317	2026-05-08T05:07:26+00:00	6365c7816695b9845e746444529aa28721428fb10b1fb5aed99cbaa958b0a655
stimulus_videos	/pscratch/sd/s/sjmoon/EmoViS/data/raw/CowenEmotionVideos/1673.mp4	1673.mp4	1846112	2026-05-08T05:07:26+00:00	6fe806d313df0b6a21d472bb2ab13dd249440cd7a29a4a470c53f8ab0ce098bf
stimulus_videos	/pscratch/sd/s/sjmoon/EmoViS/data/raw/CowenEmotionVideos/1674.mp4	1674.mp4	1548634	2026-05-08T05:07:25+00:00	dec4399916b860692df4f42f06b92f8431e2d4abaa52e24921b541e2e841b290
stimulus_videos	/pscratch/sd/s/sjmoon/EmoViS/data/raw/CowenEmotionVideos/1675.mp4	1675.mp4	145426	2026-05-08T05:07:25+00:00	a260ec04d77ff9a612feb966c0668dce15cf36ae67963977f7108d1e972f53e8
stimulus_videos	/pscratch/sd/s/sjmoon/EmoViS/data/raw/CowenEmotionVideos/1676.mp4	1676.mp4	2672856	2026-05-08T05:07:24+00:00	e4f04834da1949d67abd6df9e5143a48e5ff5273bf1f96a474c14db8e938387d
stimulus_videos	/pscratch/sd/s/sjmoon/EmoViS/data/raw/CowenEmotionVideos/1677.mp4	1677.mp4	18462	2026-05-08T05:07:24+00:00	aaab8440e69d2c063f79cef05dd104e622889a223c08726cbd672ba052a3cfa9
stimulus_videos	/pscratch/sd/s/sjmoon/EmoViS/data/raw/CowenEmotionVideos/1678.mp4	1678.mp4	430264	2026-05-08T05:07:28+00:00	fa6ef44ae6dbd3899ac012db511748c9379c4bd661be89ec4c3c255a162521b9
stimulus_videos	/pscratch/sd/s/sjmoon/EmoViS/data/raw/CowenEmotionVideos/1679.mp4	1679.mp4	459297	2026-05-08T05:07:28+00:00	2a6b968a53572d63070c9c2fde0270616a3bd43a31abbb2971934ada17dc4355
stimulus_videos	/pscratch/sd/s/sjmoon/EmoViS/data/raw/CowenEmotionVideos/1680.mp4	1680.mp4	148578	2026-05-08T05:07:27+00:00	26f9956e04681105c7a0bcd7f395c9e736016e36dd693218aa3856b99def887d
stimulus_videos	/pscratch/sd/s/sjmoon/EmoViS/data/raw/CowenEmotionVideos/1681.mp4	1681.mp4	1557220	2026-05-08T05:07:27+00:00	a525c1963480fcbdc152596df9e6fad6cb902e146c5c22279902e8a72591a3b5
stimulus_videos	/pscratch/sd/s/sjmoon/EmoViS/data/raw/CowenEmotionVideos/1682.mp4	1682.mp4	985655	2026-05-08T05:07:28+00:00	a326fabc2633746ddb81ea7c080a6d989021dba2ca6ffa204e818a0d797a0b4e
stimulus_videos	/pscratch/sd/s/sjmoon/EmoViS/data/raw/CowenEmotionVideos/1683.mp4	1683.mp4	177330	2026-05-08T05:07:27+00:00	343e75a94a98966c86f20cf6261f2264310dcff669abc168057b80f1336437e5
stimulus_videos	/pscratch/sd/s/sjmoon/EmoViS/data/raw/CowenEmotionVideos/1684.mp4	1684.mp4	123645	2026-05-08T05:07:29+00:00	1e3edd55735d3fcb6a62f4321d25467fcf8a80275b39f01199c10abf6557af97
stimulus_videos	/pscratch/sd/s/sjmoon/EmoViS/data/raw/CowenEmotionVideos/1685.mp4	1685.mp4	136471	2026-05-08T05:07:29+00:00	c106e7c53df0901c4d9d555611af0c2adb137b6be32504b24e60813115f87b8a
stimulus_videos	/pscratch/sd/s/sjmoon/EmoViS/data/raw/CowenEmotionVideos/1686.mp4	1686.mp4	1945885	2026-05-08T05:07:28+00:00	66cfac304b923a9700c5420c9c1804484ef254760a0cdaa376c2bb3c341055d0
stimulus_videos	/pscratch/sd/s/sjmoon/EmoViS/data/raw/CowenEmotionVideos/1687.mp4	1687.mp4	1994621	2026-05-08T05:07:28+00:00	1710e5436ccc136643de86646ed64245d5276c3d93c081ee08777d3d8d784b2a
stimulus_videos	/pscratch/sd/s/sjmoon/EmoViS/data/raw/CowenEmotionVideos/1688.mp4	1688.mp4	37259	2026-05-08T05:07:25+00:00	205d0b456c72eb82b80563ca84b75a5c8548bcc4434302670a183d4c5aeb18e3
stimulus_videos	/pscratch/sd/s/sjmoon/EmoViS/data/raw/CowenEmotionVideos/1689.mp4	1689.mp4	297923	2026-05-08T05:07:24+00:00	8e724df30ccd077ca7a727f0f632c60968aedfc3feb456d3f62f91bc8933a971
stimulus_videos	/pscratch/sd/s/sjmoon/EmoViS/data/raw/CowenEmotionVideos/1690.mp4	1690.mp4	114021	2026-05-08T05:07:29+00:00	f6393d9b850f29c2312aafaf015a8452be7d5c72d8123ca8b0f9dc08ec0d20c6
stimulus_videos	/pscratch/sd/s/sjmoon/EmoViS/data/raw/CowenEmotionVideos/1691.mp4	1691.mp4	1953756	2026-05-08T05:07:29+00:00	153e834fa42e7816b61039c5eb15e20caabd3d920b800d030aa539c091a0ebdb
stimulus_videos	/pscratch/sd/s/sjmoon/EmoViS/data/raw/CowenEmotionVideos/1692.mp4	1692.mp4	79587	2026-05-08T05:07:28+00:00	b7453c54689fa64afddfe977ed2c30e259597701f1856cc21384f0c46f8699ba
stimulus_videos	/pscratch/sd/s/sjmoon/EmoViS/data/raw/CowenEmotionVideos/1693.mp4	1693.mp4	246630	2026-05-08T05:07:28+00:00	ff13f9f5966fba912bf5c49d04c41303ca092cd66fd82990ebeeb1139b1ecc9f
stimulus_videos	/pscratch/sd/s/sjmoon/EmoViS/data/raw/CowenEmotionVideos/1694.mp4	1694.mp4	119779	2026-05-08T05:07:27+00:00	df2633d2d82688bd1c4265c37ff529cda2e8f3f279b5013e349fc60da50f686e
stimulus_videos	/pscratch/sd/s/sjmoon/EmoViS/data/raw/CowenEmotionVideos/1695.mp4	1695.mp4	431824	2026-05-08T05:07:27+00:00	a1ff7849b006d7ce0da8a6aa1eb1658fa4eeffa35983efd4debd4f9bcce8e3e6
stimulus_videos	/pscratch/sd/s/sjmoon/EmoViS/data/raw/CowenEmotionVideos/1696.mp4	1696.mp4	1000608	2026-05-08T05:07:28+00:00	7df79fb0da42b07dcf520e55f3de5d49a09a05f9cbdf6d4ffd03e6c05f06f854
stimulus_videos	/pscratch/sd/s/sjmoon/EmoViS/data/raw/CowenEmotionVideos/1697.mp4	1697.mp4	264089	2026-05-08T05:07:27+00:00	be5ef5b89207c26946c17ece2482696a9254f5e63eebba487529127cdc509eab
stimulus_videos	/pscratch/sd/s/sjmoon/EmoViS/data/raw/CowenEmotionVideos/1698.mp4	1698.mp4	252725	2026-05-08T05:07:26+00:00	93dcc2649881facd772508b4fe1f936687cbcbe067d5bbe6e0ed1e2eaa302bef
stimulus_videos	/pscratch/sd/s/sjmoon/EmoViS/data/raw/CowenEmotionVideos/1699.mp4	1699.mp4	357621	2026-05-08T05:07:26+00:00	98c7ebd5f0a2d3e09e79ea6845924e0c29389d404012ff58b735a2eb97096e4b
stimulus_videos	/pscratch/sd/s/sjmoon/EmoViS/data/raw/CowenEmotionVideos/1700.mp4	1700.mp4	72462	2026-05-08T05:07:25+00:00	2787fae01e580c90d942ba8e8289615d84717c664d6e94d102062fed254edf10
stimulus_videos	/pscratch/sd/s/sjmoon/EmoViS/data/raw/CowenEmotionVideos/1701.mp4	1701.mp4	286347	2026-05-08T05:07:25+00:00	ba4b22a9e258f5429b8973102c237a2c6ecddb786763ae398acebc4f5b5c8c8d
stimulus_videos	/pscratch/sd/s/sjmoon/EmoViS/data/raw/CowenEmotionVideos/1702.mp4	1702.mp4	398827	2026-05-08T05:07:24+00:00	f2ead0cb826ecd2dc424c243f73be8a46a4610c88dd60c6388b7fd5f53977b70
stimulus_videos	/pscratch/sd/s/sjmoon/EmoViS/data/raw/CowenEmotionVideos/1703.mp4	1703.mp4	238758	2026-05-08T05:07:25+00:00	5fde6e84a7a06ba21c871b1eae49a9c217596d7b439fff3ff7bb7ebe8b76e231
stimulus_videos	/pscratch/sd/s/sjmoon/EmoViS/data/raw/CowenEmotionVideos/1704.mp4	1704.mp4	221140	2026-05-08T05:07:25+00:00	6142dc5abb6d913d203a8a6be1bf3d9967fb9271af282a8269098741d568f198
stimulus_videos	/pscratch/sd/s/sjmoon/EmoViS/data/raw/CowenEmotionVideos/1705.mp4	1705.mp4	187069	2026-05-08T05:07:26+00:00	de933fe3def82cd7073b263f7dc4d4a2c90b0da9cf2944b782a6b112e7994dbf
stimulus_videos	/pscratch/sd/s/sjmoon/EmoViS/data/raw/CowenEmotionVideos/1706.mp4	1706.mp4	53115	2026-05-08T05:07:26+00:00	a416b795296acd5d51b5ba622098cc444b2aad27136bc68ad72df2828dc1667e
stimulus_videos	/pscratch/sd/s/sjmoon/EmoViS/data/raw/CowenEmotionVideos/1707.mp4	1707.mp4	367788	2026-05-08T05:07:26+00:00	57227c9f0c054ed46e137fe36e38fe270a724625237c951b25a9a265c3480db8
stimulus_videos	/pscratch/sd/s/sjmoon/EmoViS/data/raw/CowenEmotionVideos/1708.mp4	1708.mp4	81381	2026-05-08T05:07:27+00:00	3b91d991ceb20129e0aa02009a069adb86c6ccc230f50d77de99c28ce7ab808c
stimulus_videos	/pscratch/sd/s/sjmoon/EmoViS/data/raw/CowenEmotionVideos/1709.mp4	1709.mp4	800730	2026-05-08T05:07:28+00:00	3e86f37a2494bdbdfc9652fb39c261a111dbaa823c348db16dee62405d37740d
stimulus_videos	/pscratch/sd/s/sjmoon/EmoViS/data/raw/CowenEmotionVideos/1710.mp4	1710.mp4	3131627	2026-05-08T05:07:25+00:00	9fd33feaae64e441e9c3a7d4c9c744bdf2ed3ce3c31903b5e579626eff2fdb8d
stimulus_videos	/pscratch/sd/s/sjmoon/EmoViS/data/raw/CowenEmotionVideos/1711.mp4	1711.mp4	114275	2026-05-08T05:07:26+00:00	d37d7bce8411bb2b8aad28d0f8e25160728e87a30f7467b2cd2a2ae8210c4191
stimulus_videos	/pscratch/sd/s/sjmoon/EmoViS/data/raw/CowenEmotionVideos/1712.mp4	1712.mp4	1381383	2026-05-08T05:07:26+00:00	0890b6640f160e209ff8238ab60f2f7be84de061d731aa495dbae76178476d18
stimulus_videos	/pscratch/sd/s/sjmoon/EmoViS/data/raw/CowenEmotionVideos/1713.mp4	1713.mp4	174119	2026-05-08T05:07:26+00:00	2c35199a3c0d148c80a79b6efc279bd2710d1c949f7bf790d0e0ef3d23ac7da4
stimulus_videos	/pscratch/sd/s/sjmoon/EmoViS/data/raw/CowenEmotionVideos/1714.mp4	1714.mp4	714835	2026-05-08T05:07:25+00:00	6cd67a7fd8f3098658dbd275da310924b418ce50f352660bdf140092cdf3bac0
stimulus_videos	/pscratch/sd/s/sjmoon/EmoViS/data/raw/CowenEmotionVideos/1715.mp4	1715.mp4	129365	2026-05-08T05:07:25+00:00	b76fe75faedc69d03d77e84100515e20a2650b96477e9547631c73012d84c00a
stimulus_videos	/pscratch/sd/s/sjmoon/EmoViS/data/raw/CowenEmotionVideos/1716.mp4	1716.mp4	279683	2026-05-08T05:07:24+00:00	4e70266aec25edcdbd03f708990f4cb4e519fbe80b46f2252e090e0a59037a2f
stimulus_videos	/pscratch/sd/s/sjmoon/EmoViS/data/raw/CowenEmotionVideos/1717.mp4	1717.mp4	1141196	2026-05-08T05:07:25+00:00	9df25298f32990fc1f8f8b228b9e9155f86fd7525947ba4ff06e703a8da474bf
stimulus_videos	/pscratch/sd/s/sjmoon/EmoViS/data/raw/CowenEmotionVideos/1718.mp4	1718.mp4	1048533	2026-05-08T05:07:28+00:00	165260a76c466bd3808c4edb89b2bc8787877ddfba14d504f49129fd8884ab72
stimulus_videos	/pscratch/sd/s/sjmoon/EmoViS/data/raw/CowenEmotionVideos/1719.mp4	1719.mp4	20883	2026-05-08T05:07:28+00:00	4723489f8717a7711689020841ad1892abd948225e418808258f49e24cd3e40d
stimulus_videos	/pscratch/sd/s/sjmoon/EmoViS/data/raw/CowenEmotionVideos/1720.mp4	1720.mp4	384830	2026-05-08T05:07:27+00:00	831cf47d615b526d21bd66ae67e50daf7558d2aa73fa402750d4199676498689
stimulus_videos	/pscratch/sd/s/sjmoon/EmoViS/data/raw/CowenEmotionVideos/1721.mp4	1721.mp4	3912074	2026-05-08T05:07:28+00:00	45caff603ff64403294bbb16ca1ad59ae5cb0213ec42ab486ac3e6b7abac3952
stimulus_videos	/pscratch/sd/s/sjmoon/EmoViS/data/raw/CowenEmotionVideos/1722.mp4	1722.mp4	195603	2026-05-08T05:07:27+00:00	a9c56475c072524f19f81125449569edaa6ee9e9369a7df0b3889b3e5978d07c
stimulus_videos	/pscratch/sd/s/sjmoon/EmoViS/data/raw/CowenEmotionVideos/1723.mp4	1723.mp4	842891	2026-05-08T05:07:27+00:00	40cddb3692b1db2aa5e84bde40596e3420b8c9ee9c258fdfcd40197e7254d896
stimulus_videos	/pscratch/sd/s/sjmoon/EmoViS/data/raw/CowenEmotionVideos/1724.mp4	1724.mp4	61368	2026-05-08T05:07:28+00:00	180e2ef28a0ca4e93b54c56853b3f67c198a44fd4d7465eb1df6e97401d29ab6
stimulus_videos	/pscratch/sd/s/sjmoon/EmoViS/data/raw/CowenEmotionVideos/1725.mp4	1725.mp4	938060	2026-05-08T05:07:28+00:00	84d8cdbed8e00b586c16b93bc1173418dcaaa240169847172939e8dfcc645fb1
stimulus_videos	/pscratch/sd/s/sjmoon/EmoViS/data/raw/CowenEmotionVideos/1726.mp4	1726.mp4	598368	2026-05-08T05:07:28+00:00	efd6fd9c2d0397b24e35fc6b187d9d4cdf823c8aee76895c634fd5a00353931f
stimulus_videos	/pscratch/sd/s/sjmoon/EmoViS/data/raw/CowenEmotionVideos/1727.mp4	1727.mp4	240709	2026-05-08T05:07:29+00:00	c0d40f6acb11052f3b07ef885c4fb91dc40f6bdffefe699225428d13cb7a39e5
stimulus_videos	/pscratch/sd/s/sjmoon/EmoViS/data/raw/CowenEmotionVideos/1728.mp4	1728.mp4	106113	2026-05-08T05:07:25+00:00	caaf89c5186c84c0d1c0106daa405c2503b18c16d625f71c1c0a93409469b39c
stimulus_videos	/pscratch/sd/s/sjmoon/EmoViS/data/raw/CowenEmotionVideos/1729.mp4	1729.mp4	1497718	2026-05-08T05:07:25+00:00	4a22cbb53a18b3cb398d7daf57f72f435466758d4023b74342fedde8d3014dd5
stimulus_videos	/pscratch/sd/s/sjmoon/EmoViS/data/raw/CowenEmotionVideos/1730.mp4	1730.mp4	239769	2026-05-08T05:07:28+00:00	e260ed53a302ab18c8230d9ee303fd3e45c6a26f3cd64d37c605735bc14d2788
stimulus_videos	/pscratch/sd/s/sjmoon/EmoViS/data/raw/CowenEmotionVideos/1731.mp4	1731.mp4	433260	2026-05-08T05:07:28+00:00	debad64a6533a3e54d9a1677b787995a44b0ee392f18a550777737b19867b48a
stimulus_videos	/pscratch/sd/s/sjmoon/EmoViS/data/raw/CowenEmotionVideos/1732.mp4	1732.mp4	291296	2026-05-08T05:07:28+00:00	213a959c61368c553b68e36c0071b026e808b3d1f22c5199ced0a70613def214
stimulus_videos	/pscratch/sd/s/sjmoon/EmoViS/data/raw/CowenEmotionVideos/1733.mp4	1733.mp4	55438	2026-05-08T05:07:29+00:00	076ab664d9472c4abced8d53b55262b7ecef1181cba1315169b2b749f3e60a4c
stimulus_videos	/pscratch/sd/s/sjmoon/EmoViS/data/raw/CowenEmotionVideos/1734.mp4	1734.mp4	109729	2026-05-08T05:07:27+00:00	e86fc05366e625290efc001e77068cb3892dd7be1c3696c9c0c446a9b1866179
stimulus_videos	/pscratch/sd/s/sjmoon/EmoViS/data/raw/CowenEmotionVideos/1735.mp4	1735.mp4	244270	2026-05-08T05:07:28+00:00	c23bdc3fb2e7f25d09d03a6c8c762f94d258e9cfd8d785e429f6b2ac8aa2f73e
stimulus_videos	/pscratch/sd/s/sjmoon/EmoViS/data/raw/CowenEmotionVideos/1736.mp4	1736.mp4	769316	2026-05-08T05:07:27+00:00	61530c751d48a5cd030d04c0732f2086181f6c61f0390b59e1e870c5cb20c240
stimulus_videos	/pscratch/sd/s/sjmoon/EmoViS/data/raw/CowenEmotionVideos/1737.mp4	1737.mp4	1975421	2026-05-08T05:07:27+00:00	f9ca8affb3b6bce52c121e730b1e7bcc9c345ead1d1c4c390b66d76f1186a3d3
stimulus_videos	/pscratch/sd/s/sjmoon/EmoViS/data/raw/CowenEmotionVideos/1738.mp4	1738.mp4	2184284	2026-05-08T05:07:25+00:00	92c3ed310c9a6e745a3bdf9a4b385081ee6e2f9f5684d15c80da7fe6bf7e4002
stimulus_videos	/pscratch/sd/s/sjmoon/EmoViS/data/raw/CowenEmotionVideos/1739.mp4	1739.mp4	230274	2026-05-08T05:07:26+00:00	22d8e0d6a7d399cbf713ab7c331331857245bad36508448bb331027a731f872f
stimulus_videos	/pscratch/sd/s/sjmoon/EmoViS/data/raw/CowenEmotionVideos/1740.mp4	1740.mp4	192651	2026-05-08T05:07:29+00:00	ba9ca641b659ea2aa5914fcaaabb4eb364855873bd26c02945ea0ce6eabd20c4
stimulus_videos	/pscratch/sd/s/sjmoon/EmoViS/data/raw/CowenEmotionVideos/1741.mp4	1741.mp4	355793	2026-05-08T05:07:29+00:00	896e19a07ba810d81e4cab7e26890372322329fb292124a4f2bd71781fe47ad2
stimulus_videos	/pscratch/sd/s/sjmoon/EmoViS/data/raw/CowenEmotionVideos/1742.mp4	1742.mp4	1186179	2026-05-08T05:07:30+00:00	f0de577067692de9b3146b477d672a59fb1870932fe37cfa0256387730586ac4
stimulus_videos	/pscratch/sd/s/sjmoon/EmoViS/data/raw/CowenEmotionVideos/1743.mp4	1743.mp4	622831	2026-05-08T05:07:30+00:00	8d77b8b042180d82ed0b5aaf4592540cfb8834ccbea351bf65cce928a29facbe
stimulus_videos	/pscratch/sd/s/sjmoon/EmoViS/data/raw/CowenEmotionVideos/1744.mp4	1744.mp4	946119	2026-05-08T05:07:31+00:00	3463e0435f053e9078b4cb3c81f48ecd70ce040da57d4554026c6099437492e4
stimulus_videos	/pscratch/sd/s/sjmoon/EmoViS/data/raw/CowenEmotionVideos/1745.mp4	1745.mp4	108160	2026-05-08T05:07:31+00:00	92efd12939d3a1c1026692b83f5a1b551139a8a9f0af0cd2c1dc0a1672dcbeb8
stimulus_videos	/pscratch/sd/s/sjmoon/EmoViS/data/raw/CowenEmotionVideos/1746.mp4	1746.mp4	244704	2026-05-08T05:07:30+00:00	100822588d1ca3ceed931971d4dccf96eba4bad9301c70ff5d808c66f2bf313d
stimulus_videos	/pscratch/sd/s/sjmoon/EmoViS/data/raw/CowenEmotionVideos/1747.mp4	1747.mp4	736848	2026-05-08T05:07:31+00:00	ad79aced7db725ebb5d74f08a1901a4d7e77b38535781f56899fc913cd6e8758
stimulus_videos	/pscratch/sd/s/sjmoon/EmoViS/data/raw/CowenEmotionVideos/1748.mp4	1748.mp4	161707	2026-05-08T05:07:23+00:00	05b17468a3c0d4912c8e92f1ef9d15400770fb23877cdbabd39ed001533d05ee
stimulus_videos	/pscratch/sd/s/sjmoon/EmoViS/data/raw/CowenEmotionVideos/1749.mp4	1749.mp4	227598	2026-05-08T05:07:22+00:00	bb7af79f4c426616a506fd5b476f1eadc33aaf59422a1238e8179aa8b6190e53
stimulus_videos	/pscratch/sd/s/sjmoon/EmoViS/data/raw/CowenEmotionVideos/1750.mp4	1750.mp4	866817	2026-05-08T05:07:31+00:00	54de3e8e59e2cf6c09580085bf23030ef4e8dba1c4cfb1591386a50a813f6d60
stimulus_videos	/pscratch/sd/s/sjmoon/EmoViS/data/raw/CowenEmotionVideos/1751.mp4	1751.mp4	90035	2026-05-08T05:07:31+00:00	21a464a27f4d43dea2014478c1b6bd2714cc317d5284ee1dffbb1533fa03190c
stimulus_videos	/pscratch/sd/s/sjmoon/EmoViS/data/raw/CowenEmotionVideos/1752.mp4	1752.mp4	1361700	2026-05-08T05:07:30+00:00	f9a4c006790515709c4219b01d2cbcdbde9f198f6ba4f5abfe1aa0a97f6a82ad
stimulus_videos	/pscratch/sd/s/sjmoon/EmoViS/data/raw/CowenEmotionVideos/1753.mp4	1753.mp4	241662	2026-05-08T05:07:30+00:00	b97044e98ada5a026e61037be5b2b4049a74680afc0da0ad9e6f3423da265f12
stimulus_videos	/pscratch/sd/s/sjmoon/EmoViS/data/raw/CowenEmotionVideos/1754.mp4	1754.mp4	95531	2026-05-08T05:07:29+00:00	84f2adbd71cab35dd06813d1fec604106f3de32c534c146f53441705a6a9eac0
stimulus_videos	/pscratch/sd/s/sjmoon/EmoViS/data/raw/CowenEmotionVideos/1755.mp4	1755.mp4	141615	2026-05-08T05:07:29+00:00	03d3eed6ea466c439c1875717b408fca26501dcc4ce7768c5385f01e504aa431
stimulus_videos	/pscratch/sd/s/sjmoon/EmoViS/data/raw/CowenEmotionVideos/1756.mp4	1756.mp4	522934	2026-05-08T05:07:30+00:00	44e527b70067f2739cb06d88d2ba19b615a4f265e3ef58c06bd21aa813d4c7f9
stimulus_videos	/pscratch/sd/s/sjmoon/EmoViS/data/raw/CowenEmotionVideos/1757.mp4	1757.mp4	93002	2026-05-08T05:07:30+00:00	aa48b14d4c70ee99e45167f6ffd58a5789a421c45e482f29ff41b24bf0b80afc
stimulus_videos	/pscratch/sd/s/sjmoon/EmoViS/data/raw/CowenEmotionVideos/1758.mp4	1758.mp4	1819220	2026-05-08T05:07:24+00:00	4704632da31565fb2260351e8d75fe77436c354107ebb5888d767a12291bc3e3
stimulus_videos	/pscratch/sd/s/sjmoon/EmoViS/data/raw/CowenEmotionVideos/1759.mp4	1759.mp4	251412	2026-05-08T05:07:24+00:00	ff97dbcd4de1b671aef2e35422fba03241f93f145d7f837657e9e8b528123e4f
stimulus_videos	/pscratch/sd/s/sjmoon/EmoViS/data/raw/CowenEmotionVideos/1760.mp4	1760.mp4	174755	2026-05-08T05:07:23+00:00	09f4473f482bdf8830d337b9a5af55b6622ab1de4f31787e29f74495d8b0e1a7
stimulus_videos	/pscratch/sd/s/sjmoon/EmoViS/data/raw/CowenEmotionVideos/1761.mp4	1761.mp4	2399292	2026-05-08T05:07:22+00:00	7813a11c76e15f86c36e0eabc8e651cfaacb9a654e5dd30612b8a067077bde4d
stimulus_videos	/pscratch/sd/s/sjmoon/EmoViS/data/raw/CowenEmotionVideos/1762.mp4	1762.mp4	90983	2026-05-08T05:07:23+00:00	4ea4a67074b611fac8b3dc597e727f2be1faeb05915ab83e58fcf7728e50c306
stimulus_videos	/pscratch/sd/s/sjmoon/EmoViS/data/raw/CowenEmotionVideos/1763.mp4	1763.mp4	337491	2026-05-08T05:07:23+00:00	1deed7d5d83c968383e8a5df7c058b1ddd0766d61918965b86d56cbcfd9b0e72
stimulus_videos	/pscratch/sd/s/sjmoon/EmoViS/data/raw/CowenEmotionVideos/1764.mp4	1764.mp4	1012406	2026-05-08T05:07:24+00:00	1f52941a8f550747c6fbe827392c68364293cf9e680a500e562b591481b749f9
stimulus_videos	/pscratch/sd/s/sjmoon/EmoViS/data/raw/CowenEmotionVideos/1765.mp4	1765.mp4	1846804	2026-05-08T05:07:24+00:00	260af3f3ee7f7e3b11d6a25e8d85b6f08aa3880dd16d766c253db833fd0dd1ce
stimulus_videos	/pscratch/sd/s/sjmoon/EmoViS/data/raw/CowenEmotionVideos/1766.mp4	1766.mp4	111119	2026-05-08T05:07:24+00:00	95055d89a64cf684b3b1911d76e1eeaf61a836d129c4d9ba7c083b9a1bd154f6
stimulus_videos	/pscratch/sd/s/sjmoon/EmoViS/data/raw/CowenEmotionVideos/1767.mp4	1767.mp4	1431064	2026-05-08T05:07:23+00:00	b391957cab2d392bae94f9145ef6da885eed55481dc3ac5883cee957720fcf34
stimulus_videos	/pscratch/sd/s/sjmoon/EmoViS/data/raw/CowenEmotionVideos/1768.mp4	1768.mp4	1021857	2026-05-08T05:07:29+00:00	60b2e0ce3a08a8b6896147f2df21438e825c873d0274d637488775946ee6283e
stimulus_videos	/pscratch/sd/s/sjmoon/EmoViS/data/raw/CowenEmotionVideos/1769.mp4	1769.mp4	184931	2026-05-08T05:07:29+00:00	b362b2e90da014c12563342ad025343033ed1cd7475b078644795b9eaffed0cb
stimulus_videos	/pscratch/sd/s/sjmoon/EmoViS/data/raw/CowenEmotionVideos/1770.mp4	1770.mp4	7010213	2026-05-08T05:07:24+00:00	ba20a0c227251ecd599dcfd6d6b95138396723fd1a3df7858de5c6cbb21f41e8
stimulus_videos	/pscratch/sd/s/sjmoon/EmoViS/data/raw/CowenEmotionVideos/1771.mp4	1771.mp4	2415742	2026-05-08T05:07:24+00:00	9e0455ee031902901cddd8e925bc4deed496f332f99b775c0c0ee72c030901e3
stimulus_videos	/pscratch/sd/s/sjmoon/EmoViS/data/raw/CowenEmotionVideos/1772.mp4	1772.mp4	163834	2026-05-08T05:07:24+00:00	578bfac80125e8762db06a840de1fd6975859ff2020bfbaf927c80e936d9a383
stimulus_videos	/pscratch/sd/s/sjmoon/EmoViS/data/raw/CowenEmotionVideos/1773.mp4	1773.mp4	92274	2026-05-08T05:07:23+00:00	cbc1e8a7e8e5cba5b6cfd035d48c876973d1f212ade591083cc1d726297bf737
stimulus_videos	/pscratch/sd/s/sjmoon/EmoViS/data/raw/CowenEmotionVideos/1774.mp4	1774.mp4	499082	2026-05-08T05:07:23+00:00	d6a036a5595bf4e18f7173828d960278564817bfa73720a6d5026394a222f37f
stimulus_videos	/pscratch/sd/s/sjmoon/EmoViS/data/raw/CowenEmotionVideos/1775.mp4	1775.mp4	4869087	2026-05-08T05:07:22+00:00	9da9497cd8917c8c284adcfe75910bddbfe2d30e13c8a762a5ae25c42d4c6e31
stimulus_videos	/pscratch/sd/s/sjmoon/EmoViS/data/raw/CowenEmotionVideos/1776.mp4	1776.mp4	141256	2026-05-08T05:07:23+00:00	fdcf6fa204d691906e6bf7a7a747ba965fac7e204895dce095e61dfb33957cf7
stimulus_videos	/pscratch/sd/s/sjmoon/EmoViS/data/raw/CowenEmotionVideos/1777.mp4	1777.mp4	145574	2026-05-08T05:07:23+00:00	3c7b7858dade1015847360d8024e504990ca3178c3f289d35961878612cd311a
stimulus_videos	/pscratch/sd/s/sjmoon/EmoViS/data/raw/CowenEmotionVideos/1778.mp4	1778.mp4	945859	2026-05-08T05:07:31+00:00	b458b88e5ba41d34b12354312b970ae7b9cd0a60c7062a393b181cf3b95dca9b
stimulus_videos	/pscratch/sd/s/sjmoon/EmoViS/data/raw/CowenEmotionVideos/1779.mp4	1779.mp4	1302900	2026-05-08T05:07:31+00:00	4d1ca0f9d3c653e2e73876b9a3e9833798e452a353475aff32350c8c5dfdef45
stimulus_videos	/pscratch/sd/s/sjmoon/EmoViS/data/raw/CowenEmotionVideos/1780.mp4	1780.mp4	5281445	2026-05-08T05:07:29+00:00	68f5dad2737a33fe6285e0f091a911e6140efabd629c176756bb54e0d2003d5a
stimulus_videos	/pscratch/sd/s/sjmoon/EmoViS/data/raw/CowenEmotionVideos/1781.mp4	1781.mp4	30719	2026-05-08T05:07:30+00:00	cdf5bc9b3691b84021aa949b7cc8611f1912bb022fb01791da73bf9373e4ab7a
stimulus_videos	/pscratch/sd/s/sjmoon/EmoViS/data/raw/CowenEmotionVideos/1782.mp4	1782.mp4	80997	2026-05-08T05:07:29+00:00	0296e875251f834e8ca6f1352b73008771c24aa37ccf3573ee3cbc6e103a45a3
stimulus_videos	/pscratch/sd/s/sjmoon/EmoViS/data/raw/CowenEmotionVideos/1783.mp4	1783.mp4	371913	2026-05-08T05:07:29+00:00	4532e184751ee8acebe7e76b8e557cdeef1256982a8c829e44402d50ac745446
stimulus_videos	/pscratch/sd/s/sjmoon/EmoViS/data/raw/CowenEmotionVideos/1784.mp4	1784.mp4	128537	2026-05-08T05:07:31+00:00	e76364804701d91bcbe922f34314eaf9f7565199233b69fb98e8dcff157fe511
stimulus_videos	/pscratch/sd/s/sjmoon/EmoViS/data/raw/CowenEmotionVideos/1785.mp4	1785.mp4	347512	2026-05-08T05:07:30+00:00	56f56cdd0304482af68d4942c7863eeb93e3ea98616a414430081470f6d3e0e1
stimulus_videos	/pscratch/sd/s/sjmoon/EmoViS/data/raw/CowenEmotionVideos/1786.mp4	1786.mp4	3594714	2026-05-08T05:07:31+00:00	671cab88df5f92b6e2d04136033e6c5e0f12204bdf469ccbee5ff8688a14033a
stimulus_videos	/pscratch/sd/s/sjmoon/EmoViS/data/raw/CowenEmotionVideos/1787.mp4	1787.mp4	370907	2026-05-08T05:07:31+00:00	68d451203ca6028e96be1b235efa2fc355884d63f446b272b9d79d69d3b84db3
stimulus_videos	/pscratch/sd/s/sjmoon/EmoViS/data/raw/CowenEmotionVideos/1788.mp4	1788.mp4	192287	2026-05-08T05:07:23+00:00	5954cce237f0a5f8921697a8cd9b4e99f509ad73b3a0a45bbff9b81aaa643761
stimulus_videos	/pscratch/sd/s/sjmoon/EmoViS/data/raw/CowenEmotionVideos/1789.mp4	1789.mp4	992651	2026-05-08T05:07:23+00:00	f006d435dd8da91a94e0c8bba85e77c8f88fa56a7b0e8819edc84d3d691ef299
stimulus_videos	/pscratch/sd/s/sjmoon/EmoViS/data/raw/CowenEmotionVideos/1790.mp4	1790.mp4	261816	2026-05-08T05:07:31+00:00	20789c6d202bf0a158668c2d78d8ac7cff4c0da53a5a1d516cf84d38d2d65c20
stimulus_videos	/pscratch/sd/s/sjmoon/EmoViS/data/raw/CowenEmotionVideos/1791.mp4	1791.mp4	36897	2026-05-08T05:07:30+00:00	7e317b9386a83f86fa6845aee7a625723f6d70c91207241408d1f1cd44da45b4
stimulus_videos	/pscratch/sd/s/sjmoon/EmoViS/data/raw/CowenEmotionVideos/1792.mp4	1792.mp4	230675	2026-05-08T05:07:31+00:00	ad3ed5a06ebd537b61f57d18fdfccdf2e111fd5a8519bdf55413a15a2de37e40
stimulus_videos	/pscratch/sd/s/sjmoon/EmoViS/data/raw/CowenEmotionVideos/1793.mp4	1793.mp4	619546	2026-05-08T05:07:31+00:00	6382d32086e76c620aaddcca63849da56157194980b7f7f7e84fac4787ec786d
stimulus_videos	/pscratch/sd/s/sjmoon/EmoViS/data/raw/CowenEmotionVideos/1794.mp4	1794.mp4	425744	2026-05-08T05:07:29+00:00	286a1a1687cb82995d101b6a6264d435c0e7ca8ec0ba3de002167451af8f823c
stimulus_videos	/pscratch/sd/s/sjmoon/EmoViS/data/raw/CowenEmotionVideos/1795.mp4	1795.mp4	302977	2026-05-08T05:07:30+00:00	d9035eda28e968c41de5a17eb2c444a05b9164afef8ec1e988fd5bcd5eebdd7a
stimulus_videos	/pscratch/sd/s/sjmoon/EmoViS/data/raw/CowenEmotionVideos/1796.mp4	1796.mp4	198163	2026-05-08T05:07:29+00:00	1646ed9d4d9cda8a18bb5da202755a0fafb7336200152fb5ffa255d465640aaf
stimulus_videos	/pscratch/sd/s/sjmoon/EmoViS/data/raw/CowenEmotionVideos/1797.mp4	1797.mp4	139546	2026-05-08T05:07:29+00:00	9834f274ffd50ac14ccdc284e90fafe8ea9ade88e1ce57db42a8ca0e3f276d5a
stimulus_videos	/pscratch/sd/s/sjmoon/EmoViS/data/raw/CowenEmotionVideos/1798.mp4	1798.mp4	982906	2026-05-08T05:07:23+00:00	3b266e7e10790a924cac7490ca1674117d25817ade4b144ce0ca49c00617692e
stimulus_videos	/pscratch/sd/s/sjmoon/EmoViS/data/raw/CowenEmotionVideos/1799.mp4	1799.mp4	424725	2026-05-08T05:07:24+00:00	629c06d8aeac89dce6283f80dd92fb66a5a803b7d83cae125ab62776754b7eb1
stimulus_videos	/pscratch/sd/s/sjmoon/EmoViS/data/raw/CowenEmotionVideos/1800.mp4	1800.mp4	3775259	2026-05-08T05:07:30+00:00	aa0c05261a6a1ad21474eb26da5c403b16c664b1abce483d52b85e53b066dc68
stimulus_videos	/pscratch/sd/s/sjmoon/EmoViS/data/raw/CowenEmotionVideos/1801.mp4	1801.mp4	137574	2026-05-08T05:07:30+00:00	33e179b98a7281bc6194c3b89b0f0d62b65a08d7d46af1f0d71ce919d50e9121
stimulus_videos	/pscratch/sd/s/sjmoon/EmoViS/data/raw/CowenEmotionVideos/1802.mp4	1802.mp4	1184131	2026-05-08T05:07:31+00:00	bb3c2ac9ab1e4f7553c79a999527da329936cfe9e2b143382eb335f12aeac704
stimulus_videos	/pscratch/sd/s/sjmoon/EmoViS/data/raw/CowenEmotionVideos/1803.mp4	1803.mp4	88478	2026-05-08T05:07:31+00:00	263b1248f27c684ab3e0afbb99284b8d89a6b8412b02e41bfe6c9598efcac751
stimulus_videos	/pscratch/sd/s/sjmoon/EmoViS/data/raw/CowenEmotionVideos/1804.mp4	1804.mp4	325624	2026-05-08T05:07:30+00:00	a9cecaa6bdf4d48d983d48479b15f5472217b5203351a5f58b991cda53124610
stimulus_videos	/pscratch/sd/s/sjmoon/EmoViS/data/raw/CowenEmotionVideos/1805.mp4	1805.mp4	98655	2026-05-08T05:07:30+00:00	bc69ebdbe1c8f72ac928db1a2b4f3441dea6ddfd896f96b3963016c7f2621650
stimulus_videos	/pscratch/sd/s/sjmoon/EmoViS/data/raw/CowenEmotionVideos/1806.mp4	1806.mp4	5284960	2026-05-08T05:07:29+00:00	1e2d1569305f24ea452c83d2761ab5a16f6512566b53ecd354894790bb588428
stimulus_videos	/pscratch/sd/s/sjmoon/EmoViS/data/raw/CowenEmotionVideos/1807.mp4	1807.mp4	183266	2026-05-08T05:07:29+00:00	aa14db8dbabe4d11001326e1a8c995fc5742bfd8f45f70e7a95e86124b19e8fb
stimulus_videos	/pscratch/sd/s/sjmoon/EmoViS/data/raw/CowenEmotionVideos/1808.mp4	1808.mp4	297567	2026-05-08T05:07:23+00:00	04bd1ed50c199bd6b0f615df4977505a62454c879ace054d193f5cca17238c6e
stimulus_videos	/pscratch/sd/s/sjmoon/EmoViS/data/raw/CowenEmotionVideos/1809.mp4	1809.mp4	930670	2026-05-08T05:07:23+00:00	16f3571108a88738659e6d5b6746e064c411028f03f3582b27eaaa6065f34545
stimulus_videos	/pscratch/sd/s/sjmoon/EmoViS/data/raw/CowenEmotionVideos/1810.mp4	1810.mp4	450388	2026-05-08T05:07:30+00:00	998d6618bb493d37d9281e41b8a0799ea5d89fa76cf2e0ee3f45017f10891546
stimulus_videos	/pscratch/sd/s/sjmoon/EmoViS/data/raw/CowenEmotionVideos/1811.mp4	1811.mp4	1305872	2026-05-08T05:07:30+00:00	c55a95dc65f81913cf9bbe7054550135a054ee15ce599e1fbc16cfa3f921bb8d
stimulus_videos	/pscratch/sd/s/sjmoon/EmoViS/data/raw/CowenEmotionVideos/1812.mp4	1812.mp4	296226	2026-05-08T05:07:29+00:00	3e718e1b8fe7dcf5e8f7e4a0174b9ad4f230fd1c09e4e349600b9e5e32774b76
stimulus_videos	/pscratch/sd/s/sjmoon/EmoViS/data/raw/CowenEmotionVideos/1813.mp4	1813.mp4	221217	2026-05-08T05:07:29+00:00	6c078845826861a9bb50b5b5703ca215b1c9eb44acb2696fbad0fa5e01dcd2ed
stimulus_videos	/pscratch/sd/s/sjmoon/EmoViS/data/raw/CowenEmotionVideos/1814.mp4	1814.mp4	228613	2026-05-08T05:07:30+00:00	82329c98a3b12e12702663f96c77b79e0fa537d3152f43d8fe5eabeb543934f2
stimulus_videos	/pscratch/sd/s/sjmoon/EmoViS/data/raw/CowenEmotionVideos/1815.mp4	1815.mp4	294305	2026-05-08T05:07:30+00:00	4c5f060fb8907828c385b508e42e2b0f1c4e20b9012765bcfac8260729339026
stimulus_videos	/pscratch/sd/s/sjmoon/EmoViS/data/raw/CowenEmotionVideos/1816.mp4	1816.mp4	248651	2026-05-08T05:07:31+00:00	09a91029be1ee5fc900dccf975f26995fac2aeb1b092c68716b0797cb31f007d
stimulus_videos	/pscratch/sd/s/sjmoon/EmoViS/data/raw/CowenEmotionVideos/1817.mp4	1817.mp4	92600	2026-05-08T05:07:31+00:00	9b62b2eaf73f460b118d0f4d503fa356ad8042dbae3ecabc9931f9e8ea634f69
stimulus_videos	/pscratch/sd/s/sjmoon/EmoViS/data/raw/CowenEmotionVideos/1818.mp4	1818.mp4	825199	2026-05-08T05:07:23+00:00	b14eb669fb7906b71435ee5dba5bd3a7d4c2bf8d119eade657b0ed11b6211505
stimulus_videos	/pscratch/sd/s/sjmoon/EmoViS/data/raw/CowenEmotionVideos/1819.mp4	1819.mp4	637091	2026-05-08T05:07:23+00:00	ceda1cf69711f38fc0eabb4ff46bd5bf706973102169548b77a341e450c54ec5
stimulus_videos	/pscratch/sd/s/sjmoon/EmoViS/data/raw/CowenEmotionVideos/1820.mp4	1820.mp4	82715	2026-05-08T05:07:23+00:00	b235fcac05bdd8dd7e99dee67366ce26328b85ad058312bd1ae7d29b6372f60f
stimulus_videos	/pscratch/sd/s/sjmoon/EmoViS/data/raw/CowenEmotionVideos/1821.mp4	1821.mp4	1290536	2026-05-08T05:07:23+00:00	45c957c168701194c7c14de015a554a259319f8880dafbc164591ec586a797b3
stimulus_videos	/pscratch/sd/s/sjmoon/EmoViS/data/raw/CowenEmotionVideos/1822.mp4	1822.mp4	15870	2026-05-08T05:07:24+00:00	8fdc72b527afb39f56fab0b4fbe3009e86f3e1c9c823d4dec8f8279fe4925f59
stimulus_videos	/pscratch/sd/s/sjmoon/EmoViS/data/raw/CowenEmotionVideos/1823.mp4	1823.mp4	52840	2026-05-08T05:07:24+00:00	f5152c58c6c1f2bf99ce7074c9bdc85bbb527bb3dbff6f81260f958d17e1b38e
stimulus_videos	/pscratch/sd/s/sjmoon/EmoViS/data/raw/CowenEmotionVideos/1824.mp4	1824.mp4	356673	2026-05-08T05:07:23+00:00	a8276efd557a2630088224a96e58814fd97a823cd2358d1fab02cd9c83c5f99b
stimulus_videos	/pscratch/sd/s/sjmoon/EmoViS/data/raw/CowenEmotionVideos/1825.mp4	1825.mp4	65615	2026-05-08T05:07:23+00:00	bdb0e98c67ad7ec246c48b03eb007b2b88d873c607313dab9ab4418abcfb9499
stimulus_videos	/pscratch/sd/s/sjmoon/EmoViS/data/raw/CowenEmotionVideos/1826.mp4	1826.mp4	393747	2026-05-08T05:07:22+00:00	758e37f67324177dd7afb15112bcc720bebe603ab28c008cb576bbd5d50d0a6f
stimulus_videos	/pscratch/sd/s/sjmoon/EmoViS/data/raw/CowenEmotionVideos/1827.mp4	1827.mp4	46995	2026-05-08T05:07:22+00:00	03149415f4587dd9026faef5fa38f351c9eb4400a6c9dcaf1fb35cc49cb8fb56
stimulus_videos	/pscratch/sd/s/sjmoon/EmoViS/data/raw/CowenEmotionVideos/1828.mp4	1828.mp4	248638	2026-05-08T05:07:30+00:00	02dd0e0f50353168a0d78fa22bbba09a213f22c92db4b3053cfaf9a3cdfe0e21
stimulus_videos	/pscratch/sd/s/sjmoon/EmoViS/data/raw/CowenEmotionVideos/1829.mp4	1829.mp4	130195	2026-05-08T05:07:30+00:00	59c4eb453d2bc5af1211cb4ca2d0d95fed0da73d44c92044d76135102f44c368
stimulus_videos	/pscratch/sd/s/sjmoon/EmoViS/data/raw/CowenEmotionVideos/1830.mp4	1830.mp4	261969	2026-05-08T05:07:23+00:00	fc9feb032b3caf1e4b5b275c0542f2d073994637bfd9f6ca287046e49310a55b
stimulus_videos	/pscratch/sd/s/sjmoon/EmoViS/data/raw/CowenEmotionVideos/1831.mp4	1831.mp4	27831	2026-05-08T05:07:23+00:00	668d144ad0b7fd1bed10148dc2503ee561ecf5726f77a9e8c823a9bc7ec5a2ed
stimulus_videos	/pscratch/sd/s/sjmoon/EmoViS/data/raw/CowenEmotionVideos/1832.mp4	1832.mp4	3035110	2026-05-08T05:07:22+00:00	d2ce30232738a65c9c9ba65e1e5e0642088b7b96c6ac925c09ed7ce28d853363
stimulus_videos	/pscratch/sd/s/sjmoon/EmoViS/data/raw/CowenEmotionVideos/1833.mp4	1833.mp4	149835	2026-05-08T05:07:22+00:00	8293d680cf40a6db63b3f9f859018d287d12166558780df145dbe320182ba75b
stimulus_videos	/pscratch/sd/s/sjmoon/EmoViS/data/raw/CowenEmotionVideos/1834.mp4	1834.mp4	1060503	2026-05-08T05:07:23+00:00	8490d605a43b4c2425094f4ec25901a8cc3f7ed7054d7cc00c28db078ae90c20
stimulus_videos	/pscratch/sd/s/sjmoon/EmoViS/data/raw/CowenEmotionVideos/1835.mp4	1835.mp4	188943	2026-05-08T05:07:23+00:00	8023b949256c9dc3923941b8b973efaa12efd2aded4d9fea00714abe812ab9ca
stimulus_videos	/pscratch/sd/s/sjmoon/EmoViS/data/raw/CowenEmotionVideos/1836.mp4	1836.mp4	371987	2026-05-08T05:07:24+00:00	f2ca2e95dda6b2f3a82511e19b7fe28cc1f4a8a42dde6eb790671571a8f47892
stimulus_videos	/pscratch/sd/s/sjmoon/EmoViS/data/raw/CowenEmotionVideos/1837.mp4	1837.mp4	1129753	2026-05-08T05:07:24+00:00	fd1bab7e82b18c9dc86d57df16e8e0a16cd3f73ad955f09f005ba1cd82729618
stimulus_videos	/pscratch/sd/s/sjmoon/EmoViS/data/raw/CowenEmotionVideos/1838.mp4	1838.mp4	1957025	2026-05-08T05:07:30+00:00	8e8661f6efdd13a4503cb9a920384618f779ed0c361f0acf094f2985b172e4dc
stimulus_videos	/pscratch/sd/s/sjmoon/EmoViS/data/raw/CowenEmotionVideos/1839.mp4	1839.mp4	1089831	2026-05-08T05:07:30+00:00	aeac04bbffccab47082d4baf5e3714ad901fbceec96fae07e526178960b0b7f5
stimulus_videos	/pscratch/sd/s/sjmoon/EmoViS/data/raw/CowenEmotionVideos/1840.mp4	1840.mp4	28597	2026-05-08T05:07:26+00:00	69b2d61e3bba7e86b930044c8a61e9b12ad7f301a172e4fad9e9a118752ca0f0
stimulus_videos	/pscratch/sd/s/sjmoon/EmoViS/data/raw/CowenEmotionVideos/1841.mp4	1841.mp4	70223	2026-05-08T05:07:26+00:00	c46dd45a258ee0b002bf96e3c198e3ac78820155902b92b29d57b0024b093c84
stimulus_videos	/pscratch/sd/s/sjmoon/EmoViS/data/raw/CowenEmotionVideos/1842.mp4	1842.mp4	1671267	2026-05-08T05:07:26+00:00	1f2cbc42508995869b08487f0acf32b27b6f42673d9a84fa1c37087aabfe6162
stimulus_videos	/pscratch/sd/s/sjmoon/EmoViS/data/raw/CowenEmotionVideos/1843.mp4	1843.mp4	402032	2026-05-08T05:07:26+00:00	4e850b2eab2bb51ee2a38b034c9804e752933ca121361a0fbe54504d0e49063d
stimulus_videos	/pscratch/sd/s/sjmoon/EmoViS/data/raw/CowenEmotionVideos/1844.mp4	1844.mp4	187619	2026-05-08T05:07:25+00:00	0a6b2dae08893c5d1a22f7929aed1dad72151f821fce818540564e2d6864f1c5
stimulus_videos	/pscratch/sd/s/sjmoon/EmoViS/data/raw/CowenEmotionVideos/1845.mp4	1845.mp4	331094	2026-05-08T05:07:24+00:00	5190b87b1b2da2f7754ee8466c1448080c1d967e8ee26a4d906942464ac327f8
stimulus_videos	/pscratch/sd/s/sjmoon/EmoViS/data/raw/CowenEmotionVideos/1846.mp4	1846.mp4	197617	2026-05-08T05:07:25+00:00	389cafedea21fa702c6b104908ac6e5b9515e3c1a6b53195543c9be3a1cb893b
stimulus_videos	/pscratch/sd/s/sjmoon/EmoViS/data/raw/CowenEmotionVideos/1847.mp4	1847.mp4	1975329	2026-05-08T05:07:25+00:00	14f7ff4d1921296eee8aab0c92d1621f2c94f29f0858e5b735919f5a3c2f3243
stimulus_videos	/pscratch/sd/s/sjmoon/EmoViS/data/raw/CowenEmotionVideos/1848.mp4	1848.mp4	127963	2026-05-08T05:07:29+00:00	bc0991a1522f689aaef190b0f0d67bb82f2d656cbece8f633a1cf24841ff1c5d
stimulus_videos	/pscratch/sd/s/sjmoon/EmoViS/data/raw/CowenEmotionVideos/1849.mp4	1849.mp4	106232	2026-05-08T05:07:29+00:00	fb4845dd68b5980e0c7a47661c2839399709f2c7a3fd2d5fbccd4b741f3befa6
stimulus_videos	/pscratch/sd/s/sjmoon/EmoViS/data/raw/CowenEmotionVideos/1850.mp4	1850.mp4	171006	2026-05-08T05:07:25+00:00	35a2842d3e06fdffe348d1ace09b2b00899cb9337f2095395abaa48aca9d44fc
stimulus_videos	/pscratch/sd/s/sjmoon/EmoViS/data/raw/CowenEmotionVideos/1851.mp4	1851.mp4	96272	2026-05-08T05:07:24+00:00	23e937040d34cb8a3b2fb7a2a0e9959e0ab1e05af96e940d89c18a79f2a33616
stimulus_videos	/pscratch/sd/s/sjmoon/EmoViS/data/raw/CowenEmotionVideos/1852.mp4	1852.mp4	176443	2026-05-08T05:07:25+00:00	bac357163336c43da4c7f09706a7c591f75eb29dd4a91de2137d7a440844a257
stimulus_videos	/pscratch/sd/s/sjmoon/EmoViS/data/raw/CowenEmotionVideos/1853.mp4	1853.mp4	77971	2026-05-08T05:07:25+00:00	40185a1befd446e8ac1745b7cdb239f595218c803f6ec56903efc6914f44fce3
stimulus_videos	/pscratch/sd/s/sjmoon/EmoViS/data/raw/CowenEmotionVideos/1854.mp4	1854.mp4	956560	2026-05-08T05:07:26+00:00	c5360093c53139e14bc4c904b1ab5bdbad87c72bff79c2155b9ba6c4d71b5d3d
stimulus_videos	/pscratch/sd/s/sjmoon/EmoViS/data/raw/CowenEmotionVideos/1855.mp4	1855.mp4	20397	2026-05-08T05:07:26+00:00	927c63195c8ad08d27e43eef6dc996831bd1fe840512d2a752bfeaae7b07dca4
stimulus_videos	/pscratch/sd/s/sjmoon/EmoViS/data/raw/CowenEmotionVideos/1856.mp4	1856.mp4	466472	2026-05-08T05:07:26+00:00	ec276040c1e24a5182ba7668f33b694a20dbf4bf19abc903cfa63af85ae2e79f
stimulus_videos	/pscratch/sd/s/sjmoon/EmoViS/data/raw/CowenEmotionVideos/1857.mp4	1857.mp4	302159	2026-05-08T05:07:26+00:00	2017ffda28c69a29db830e8604c24e5a506a3cf5105ca354d70e33f156218386
stimulus_videos	/pscratch/sd/s/sjmoon/EmoViS/data/raw/CowenEmotionVideos/1858.mp4	1858.mp4	1233097	2026-05-08T05:07:27+00:00	74ac7414a51a9ebdefd32153bb558245f233989267b869c11607e538155e1dec
stimulus_videos	/pscratch/sd/s/sjmoon/EmoViS/data/raw/CowenEmotionVideos/1859.mp4	1859.mp4	339953	2026-05-08T05:07:27+00:00	9db78d4708a8a151ee4ba93eadd797598b6f9ac963f4d8b432c9c7e12be7b7d0
stimulus_videos	/pscratch/sd/s/sjmoon/EmoViS/data/raw/CowenEmotionVideos/1860.mp4	1860.mp4	98685	2026-05-08T05:07:29+00:00	cc75c83adc7e1cbc83e6929677cede6153ad4c130ed21e66fe98245b3d1c5caf
stimulus_videos	/pscratch/sd/s/sjmoon/EmoViS/data/raw/CowenEmotionVideos/1861.mp4	1861.mp4	4812884	2026-05-08T05:07:29+00:00	f0a68dbab2ba7786e25dcf254742c6def46ee9975bae3af7a472d695e983de89
stimulus_videos	/pscratch/sd/s/sjmoon/EmoViS/data/raw/CowenEmotionVideos/1862.mp4	1862.mp4	509570	2026-05-08T05:07:28+00:00	4df3d7c528cf80643a1481ce1b51092bbfd03ee0cbd1eda1df922a1787b86266
stimulus_videos	/pscratch/sd/s/sjmoon/EmoViS/data/raw/CowenEmotionVideos/1863.mp4	1863.mp4	771848	2026-05-08T05:07:28+00:00	700fade9f690c6561631dc5c8dd9c633e41a4bd93a00bff83d7a2607055bb636
stimulus_videos	/pscratch/sd/s/sjmoon/EmoViS/data/raw/CowenEmotionVideos/1864.mp4	1864.mp4	1001276	2026-05-08T05:07:27+00:00	a016f7ca65e033acef7cee4c6341c4c5e95fd1b5b9ee91514f2a2073d081d157
stimulus_videos	/pscratch/sd/s/sjmoon/EmoViS/data/raw/CowenEmotionVideos/1865.mp4	1865.mp4	288212	2026-05-08T05:07:27+00:00	e586434e250213636deb3193917364a782fa9487ec28ae3b695424fd33b4add5
stimulus_videos	/pscratch/sd/s/sjmoon/EmoViS/data/raw/CowenEmotionVideos/1866.mp4	1866.mp4	4139459	2026-05-08T05:07:28+00:00	a32281533dc6b3f5b11d66d1b1cc6eaff3af974600a9af7407e5a62ac61859e2
stimulus_videos	/pscratch/sd/s/sjmoon/EmoViS/data/raw/CowenEmotionVideos/1867.mp4	1867.mp4	95866	2026-05-08T05:07:27+00:00	57c4e9d1db4045c96da97e61cc511f376745dc672a110a6141159b252d1da122
stimulus_videos	/pscratch/sd/s/sjmoon/EmoViS/data/raw/CowenEmotionVideos/1868.mp4	1868.mp4	96695	2026-05-08T05:07:26+00:00	8ae4220b4306e6d3d19efafd03b406f2f4d29c8810b92f557a7e25ec189182b2
stimulus_videos	/pscratch/sd/s/sjmoon/EmoViS/data/raw/CowenEmotionVideos/1869.mp4	1869.mp4	367298	2026-05-08T05:07:26+00:00	b8b68c5f8865550633faf85c32540f808f7c3991944f9451c89591f3c0c2a6d5
stimulus_videos	/pscratch/sd/s/sjmoon/EmoViS/data/raw/CowenEmotionVideos/1870.mp4	1870.mp4	1232826	2026-05-08T05:07:27+00:00	45ce1466ef9e29eff10ff72ac4e2d1d4b6d995df78e6e8805dd2747a2c21685c
stimulus_videos	/pscratch/sd/s/sjmoon/EmoViS/data/raw/CowenEmotionVideos/1871.mp4	1871.mp4	2137634	2026-05-08T05:07:27+00:00	8ce373ef4bf24caba87dbdff1e628acf4a23139a7a2034a563daefd06ad88c12
stimulus_videos	/pscratch/sd/s/sjmoon/EmoViS/data/raw/CowenEmotionVideos/1872.mp4	1872.mp4	3497809	2026-05-08T05:07:28+00:00	fb603378731208f6184f1347f2624f211bda047cb8439a400a9662bf669951ba
stimulus_videos	/pscratch/sd/s/sjmoon/EmoViS/data/raw/CowenEmotionVideos/1873.mp4	1873.mp4	548861	2026-05-08T05:07:27+00:00	87a79ba1d0161b621072a473ecf99a86349efd7919b5748ecb4f0d5f0e5dc965
stimulus_videos	/pscratch/sd/s/sjmoon/EmoViS/data/raw/CowenEmotionVideos/1874.mp4	1874.mp4	889766	2026-05-08T05:07:29+00:00	63256f852fcf880b0adc688b4a9bd7966709aa1b4e2a896885ca23c0e3657908
stimulus_videos	/pscratch/sd/s/sjmoon/EmoViS/data/raw/CowenEmotionVideos/1875.mp4	1875.mp4	911337	2026-05-08T05:07:29+00:00	2b9b83dc58ce815c0c43a6007fd6648db25169c7b5b097522f512b2b8404d612
stimulus_videos	/pscratch/sd/s/sjmoon/EmoViS/data/raw/CowenEmotionVideos/1876.mp4	1876.mp4	1944829	2026-05-08T05:07:28+00:00	354f096b1ea56c37a5e6e7ddc41b579747a886233f7f0297c97ae21f14f90621
stimulus_videos	/pscratch/sd/s/sjmoon/EmoViS/data/raw/CowenEmotionVideos/1877.mp4	1877.mp4	66248	2026-05-08T05:07:28+00:00	35421047b6a8db01e0250f752554a41dc5eddc344a5c18019eb615575d00f5b7
stimulus_videos	/pscratch/sd/s/sjmoon/EmoViS/data/raw/CowenEmotionVideos/1878.mp4	1878.mp4	63913	2026-05-08T05:07:25+00:00	3ecf51913c2095943584fc67f57d5ce38a59308834afcdf131e85a0df2b9741a
stimulus_videos	/pscratch/sd/s/sjmoon/EmoViS/data/raw/CowenEmotionVideos/1879.mp4	1879.mp4	992199	2026-05-08T05:07:24+00:00	49c6162673df810d889246c5af569fee79cadd12723402dd46dbf7a67647e925
stimulus_videos	/pscratch/sd/s/sjmoon/EmoViS/data/raw/CowenEmotionVideos/1880.mp4	1880.mp4	99051	2026-05-08T05:07:26+00:00	830d9726992c0ac9e5cc0bc08a28cbb38e50aefed8e0f49ce012f5e49515daec
stimulus_videos	/pscratch/sd/s/sjmoon/EmoViS/data/raw/CowenEmotionVideos/1881.mp4	1881.mp4	379351	2026-05-08T05:07:26+00:00	34258fbd2ec341b9e3db668c51701dd6f5dd06911bdff22e0c636858cf0081db
stimulus_videos	/pscratch/sd/s/sjmoon/EmoViS/data/raw/CowenEmotionVideos/1882.mp4	1882.mp4	476301	2026-05-08T05:07:26+00:00	4e7f2cf173088177f6976b08e1b5c9e78e42e137297c01cc4079f0e9119204f0
stimulus_videos	/pscratch/sd/s/sjmoon/EmoViS/data/raw/CowenEmotionVideos/1883.mp4	1883.mp4	1971978	2026-05-08T05:07:26+00:00	21688f7d54ecb621c607ca880080bac18ec37f3ac77a4b3aa53d71028e204de6
stimulus_videos	/pscratch/sd/s/sjmoon/EmoViS/data/raw/CowenEmotionVideos/1884.mp4	1884.mp4	275054	2026-05-08T05:07:25+00:00	eac2cf172fce35a8fa0121fae3e6737eb0f8d2418061f4fdbf3a487f92128f51
stimulus_videos	/pscratch/sd/s/sjmoon/EmoViS/data/raw/CowenEmotionVideos/1885.mp4	1885.mp4	71112	2026-05-08T05:07:25+00:00	14c0e52c16c075e21bf816b0cf99e23344c2e650a7a2a26fe9f66936ca6c8490
stimulus_videos	/pscratch/sd/s/sjmoon/EmoViS/data/raw/CowenEmotionVideos/1886.mp4	1886.mp4	603761	2026-05-08T05:07:24+00:00	52e951ce4d0e72fd8bd0389c4f09dc73997e9789807b6b06f775e9c3f303192f
stimulus_videos	/pscratch/sd/s/sjmoon/EmoViS/data/raw/CowenEmotionVideos/1887.mp4	1887.mp4	228422	2026-05-08T05:07:25+00:00	4917fafd1fe89e64c7fc7fc3af4e198548af29359801e4425354bcdfc369a730
stimulus_videos	/pscratch/sd/s/sjmoon/EmoViS/data/raw/CowenEmotionVideos/1888.mp4	1888.mp4	216122	2026-05-08T05:07:28+00:00	2a4cc2b545f9ea767dc9165a6a13333503088e928643b55d80371f46f56e4285
stimulus_videos	/pscratch/sd/s/sjmoon/EmoViS/data/raw/CowenEmotionVideos/1889.mp4	1889.mp4	81821	2026-05-08T05:07:28+00:00	6bd3d3d31092c2dc940c559f68fcbe1717b8b0bdb29c1a4dc14d687056a7ce6d
stimulus_videos	/pscratch/sd/s/sjmoon/EmoViS/data/raw/CowenEmotionVideos/1890.mp4	1890.mp4	98512	2026-05-08T05:07:25+00:00	af51b1433f7abaafc478a247def0a9710d5ca03038fe9a46bc824ee7b88b445c
stimulus_videos	/pscratch/sd/s/sjmoon/EmoViS/data/raw/CowenEmotionVideos/1891.mp4	1891.mp4	480416	2026-05-08T05:07:25+00:00	645d1b507b06c57a44fee1d6a38aecffcfaebff1f8a018f0f38ee8f6227ad501
stimulus_videos	/pscratch/sd/s/sjmoon/EmoViS/data/raw/CowenEmotionVideos/1892.mp4	1892.mp4	750567	2026-05-08T05:07:24+00:00	c193f05ec9acfcaff933f8443e3e34fd315b75d3f3130914867c5ee3f40c0573
stimulus_videos	/pscratch/sd/s/sjmoon/EmoViS/data/raw/CowenEmotionVideos/1893.mp4	1893.mp4	197378	2026-05-08T05:07:24+00:00	bfc4a8fd1ad9547263b77f22321041fee03b9de778ed8c093153ca8150d1f3ff
stimulus_videos	/pscratch/sd/s/sjmoon/EmoViS/data/raw/CowenEmotionVideos/1894.mp4	1894.mp4	158881	2026-05-08T05:07:26+00:00	4bbee2e2ef9149c8d122975750fb9a56e187271d6eec94fa44b0e96df27f6f6e
stimulus_videos	/pscratch/sd/s/sjmoon/EmoViS/data/raw/CowenEmotionVideos/1895.mp4	1895.mp4	77196	2026-05-08T05:07:26+00:00	3cb6370e6651488db9e2170e08fabfa03454544dd793c313077ff3ec3b6bbeb6
stimulus_videos	/pscratch/sd/s/sjmoon/EmoViS/data/raw/CowenEmotionVideos/1896.mp4	1896.mp4	156493	2026-05-08T05:07:26+00:00	95b21bfbbed4462c790f14f6949b53cb29c91aae8fd960c993cd3b2fe3c5aed4
stimulus_videos	/pscratch/sd/s/sjmoon/EmoViS/data/raw/CowenEmotionVideos/1897.mp4	1897.mp4	87359	2026-05-08T05:07:26+00:00	b43da353af15715b2cabcf615070d7e5152074c1ff375206f71caa81c05f6f89
stimulus_videos	/pscratch/sd/s/sjmoon/EmoViS/data/raw/CowenEmotionVideos/1898.mp4	1898.mp4	609093	2026-05-08T05:07:28+00:00	0b2e4be0833a08363de4c56418a2b66be27b091c21392040b83509b80c13d155
stimulus_videos	/pscratch/sd/s/sjmoon/EmoViS/data/raw/CowenEmotionVideos/1899.mp4	1899.mp4	438446	2026-05-08T05:07:28+00:00	1e0143f2e3bca87e81087f9137f0054f947bb6d8c6a5ec948adf5113a6c9b08e
stimulus_videos	/pscratch/sd/s/sjmoon/EmoViS/data/raw/CowenEmotionVideos/1900.mp4	1900.mp4	598461	2026-05-08T05:07:29+00:00	6fd46a2079041298eb1996912397cade38195c065ffb7281815436d26746d410
stimulus_videos	/pscratch/sd/s/sjmoon/EmoViS/data/raw/CowenEmotionVideos/1901.mp4	1901.mp4	199591	2026-05-08T05:07:28+00:00	eca1e7cbdcc920741c00be1e89174762435a3c9a97d165cce2be48109f2fd7d0
stimulus_videos	/pscratch/sd/s/sjmoon/EmoViS/data/raw/CowenEmotionVideos/1902.mp4	1902.mp4	119107	2026-05-08T05:07:28+00:00	5b558502c768d1af9e2d701c5197f34daef85c3f5fc40bfa7e6c7642ae74573f
stimulus_videos	/pscratch/sd/s/sjmoon/EmoViS/data/raw/CowenEmotionVideos/1903.mp4	1903.mp4	46385	2026-05-08T05:07:28+00:00	1a75d66b0b7b837850ae0ffe6b2fbb9a6bbd3b99f4630209c11442d338d1a174
stimulus_videos	/pscratch/sd/s/sjmoon/EmoViS/data/raw/CowenEmotionVideos/1904.mp4	1904.mp4	3996331	2026-05-08T05:07:27+00:00	3b2ed031e31187d8e50da98cd10bec2024ebe1a531deb3e6fc15f9cc6d840a93
stimulus_videos	/pscratch/sd/s/sjmoon/EmoViS/data/raw/CowenEmotionVideos/1905.mp4	1905.mp4	297706	2026-05-08T05:07:27+00:00	f24a2deac44cd9078805e127bad044337d9a51c9125ddcc10d09ea17efc58f89
stimulus_videos	/pscratch/sd/s/sjmoon/EmoViS/data/raw/CowenEmotionVideos/1906.mp4	1906.mp4	363504	2026-05-08T05:07:28+00:00	36ef440f77c0eb1f646f4b4b7286ba918cbc7e4222975116e95f023f342ab66b
stimulus_videos	/pscratch/sd/s/sjmoon/EmoViS/data/raw/CowenEmotionVideos/1907.mp4	1907.mp4	185868	2026-05-08T05:07:27+00:00	b0c2f54eef0cd71134a0bfb388d2a655cc3b1fa0a7a2a5d290c7b2ca3200d7fe
stimulus_videos	/pscratch/sd/s/sjmoon/EmoViS/data/raw/CowenEmotionVideos/1908.mp4	1908.mp4	4404387	2026-05-08T05:07:26+00:00	918e6dc9d67d6c9906e21801238f3ce7e65a2880378265c989db2e5850a963fb
stimulus_videos	/pscratch/sd/s/sjmoon/EmoViS/data/raw/CowenEmotionVideos/1909.mp4	1909.mp4	297750	2026-05-08T05:07:26+00:00	e725416a78f9f7f3df5e49f0b9086eff015a964d330c1bc880124b2bd44d3d81
stimulus_videos	/pscratch/sd/s/sjmoon/EmoViS/data/raw/CowenEmotionVideos/1910.mp4	1910.mp4	438925	2026-05-08T05:07:26+00:00	786feebb6b28d9cd6700c2b6ac348562a71a29d4a4862db3f720d42eadf0b1df
stimulus_videos	/pscratch/sd/s/sjmoon/EmoViS/data/raw/CowenEmotionVideos/1911.mp4	1911.mp4	22866	2026-05-08T05:07:27+00:00	5cba2fd1f5a7547527dc84318a4aa7c14ed68bc0aad8a0699a6fdcaca2816948
stimulus_videos	/pscratch/sd/s/sjmoon/EmoViS/data/raw/CowenEmotionVideos/1912.mp4	1912.mp4	4101355	2026-05-08T05:07:28+00:00	22ced919c8db363fdac35a57baad56d25814d41702ebdfec308569a57714f1fe
stimulus_videos	/pscratch/sd/s/sjmoon/EmoViS/data/raw/CowenEmotionVideos/1913.mp4	1913.mp4	74013	2026-05-08T05:07:27+00:00	133c9f83359cbba545bcb3fddf5e64f5804a6cb75e6cc99035fade58a3bafab4
stimulus_videos	/pscratch/sd/s/sjmoon/EmoViS/data/raw/CowenEmotionVideos/1914.mp4	1914.mp4	3194311	2026-05-08T05:07:29+00:00	b1b51ef04d3c41a3d31800f3196f2d2f5ee5142578878d33c4e447e4078b5430
stimulus_videos	/pscratch/sd/s/sjmoon/EmoViS/data/raw/CowenEmotionVideos/1915.mp4	1915.mp4	4167623	2026-05-08T05:07:28+00:00	3f8947a7b4f067392b3ed1067abed5db0a80df737a386c3c3f5de842677bb654
stimulus_videos	/pscratch/sd/s/sjmoon/EmoViS/data/raw/CowenEmotionVideos/1916.mp4	1916.mp4	129218	2026-05-08T05:07:28+00:00	e1c4cd52d37670cfdeced125d7f62b8faf75612b07550e22a8e252970f569a3e
stimulus_videos	/pscratch/sd/s/sjmoon/EmoViS/data/raw/CowenEmotionVideos/1917.mp4	1917.mp4	35186	2026-05-08T05:07:28+00:00	f6ce5a2f71d24cf227d38a7f7e1c5fef7404f0aa1e2ea05a1acaae06b1df92f7
stimulus_videos	/pscratch/sd/s/sjmoon/EmoViS/data/raw/CowenEmotionVideos/1918.mp4	1918.mp4	124426	2026-05-08T05:07:25+00:00	265368b0c14c5269a51d7466b29e4e75b6ccad65f415d8c96fea064ef1a8a600
stimulus_videos	/pscratch/sd/s/sjmoon/EmoViS/data/raw/CowenEmotionVideos/1919.mp4	1919.mp4	7605199	2026-05-08T05:07:24+00:00	0b7bcd1e2d95852aa5a059514a4a01aec7ad5e1a767d5d03ea740d6fc42326e9
stimulus_videos	/pscratch/sd/s/sjmoon/EmoViS/data/raw/CowenEmotionVideos/1920.mp4	1920.mp4	90865	2026-05-08T05:07:26+00:00	ac4153cfb7c2fc43e441b39239cc05f45d194e6f3db0994c49b53e1a149161cb
stimulus_videos	/pscratch/sd/s/sjmoon/EmoViS/data/raw/CowenEmotionVideos/1921.mp4	1921.mp4	105752	2026-05-08T05:07:26+00:00	33f6ed735ab0aece25f7c1c5b347a8bc8be0bfa089a724bdf3151566ef05c61e
stimulus_videos	/pscratch/sd/s/sjmoon/EmoViS/data/raw/CowenEmotionVideos/1922.mp4	1922.mp4	2512357	2026-05-08T05:07:26+00:00	d909fc0525648187c52fff5a5c9beed1be29531ad1b29b95942519e2217ceeb1
stimulus_videos	/pscratch/sd/s/sjmoon/EmoViS/data/raw/CowenEmotionVideos/1923.mp4	1923.mp4	267267	2026-05-08T05:07:25+00:00	ee0ebdfdf014a0cef2bfd7cd40b7d87a5052bb2b03e933e217e4bfac64a03061
stimulus_videos	/pscratch/sd/s/sjmoon/EmoViS/data/raw/CowenEmotionVideos/1924.mp4	1924.mp4	37236	2026-05-08T05:07:25+00:00	d51bd08bd72f3c698bfc00422e2cb06dfa87daeff4f2a3df7503e0b0bfe0d3ba
stimulus_videos	/pscratch/sd/s/sjmoon/EmoViS/data/raw/CowenEmotionVideos/1925.mp4	1925.mp4	28193	2026-05-08T05:07:24+00:00	e52c09c61093626b4f7a5e4e19141984801fc19622fe2fe13725bcc1222767cc
stimulus_videos	/pscratch/sd/s/sjmoon/EmoViS/data/raw/CowenEmotionVideos/1926.mp4	1926.mp4	162439	2026-05-08T05:07:25+00:00	d896353abdb972c19e1668cea1368d4c4e5572baf72ce254855ac37d6dd1ee71
stimulus_videos	/pscratch/sd/s/sjmoon/EmoViS/data/raw/CowenEmotionVideos/1927.mp4	1927.mp4	217962	2026-05-08T05:07:25+00:00	936219c2c159f8a5a2eb0d582c345b91905ffe68d941f39994af73aea9120bcc
stimulus_videos	/pscratch/sd/s/sjmoon/EmoViS/data/raw/CowenEmotionVideos/1928.mp4	1928.mp4	424102	2026-05-08T05:07:29+00:00	e713dd5a6ed22c9036e7b6fe3641bb6cbaed1419b9350b266cbf8a62ff27855f
stimulus_videos	/pscratch/sd/s/sjmoon/EmoViS/data/raw/CowenEmotionVideos/1929.mp4	1929.mp4	148778	2026-05-08T05:07:28+00:00	560838c41754de13e0d3097d64d9d538ee93b71fcc6d28e8177011b1e2235be3
stimulus_videos	/pscratch/sd/s/sjmoon/EmoViS/data/raw/CowenEmotionVideos/1930.mp4	1930.mp4	665796	2026-05-08T05:07:25+00:00	94e1eb75e494e936585444d9626fae2135f06d805b59513610846d9f7984c3a2
stimulus_videos	/pscratch/sd/s/sjmoon/EmoViS/data/raw/CowenEmotionVideos/1931.mp4	1931.mp4	486319	2026-05-08T05:07:24+00:00	6f786bbcff10844201f0ae24b57455d08fc01cca62e4a41ad7d78dcd9b1a0ec3
stimulus_videos	/pscratch/sd/s/sjmoon/EmoViS/data/raw/CowenEmotionVideos/1932.mp4	1932.mp4	2953104	2026-05-08T05:07:25+00:00	5a0a758536d74199fbfbc756c27a4ee7f8343a2d6e587c1ba100a1e05f30e754
stimulus_videos	/pscratch/sd/s/sjmoon/EmoViS/data/raw/CowenEmotionVideos/1933.mp4	1933.mp4	2354407	2026-05-08T05:07:25+00:00	03ec4684aa3c9a7970835e8d3728a9176b65b393c67cd396802816598f07d44d
stimulus_videos	/pscratch/sd/s/sjmoon/EmoViS/data/raw/CowenEmotionVideos/1934.mp4	1934.mp4	771542	2026-05-08T05:07:26+00:00	8b3feae7c496a6dc14c302a78c534922f1806c20a30ef71481aaf32d35523dd8
stimulus_videos	/pscratch/sd/s/sjmoon/EmoViS/data/raw/CowenEmotionVideos/1935.mp4	1935.mp4	75418	2026-05-08T05:07:26+00:00	54dd5d9d6693592111563420c48b070cab785ff02c2b373858ee1649795f4baa
stimulus_videos	/pscratch/sd/s/sjmoon/EmoViS/data/raw/CowenEmotionVideos/1936.mp4	1936.mp4	145304	2026-05-08T05:07:26+00:00	3671817ef912c5ae00be71ff659a445f436db26a5bda46526926ec03a05dc102
stimulus_videos	/pscratch/sd/s/sjmoon/EmoViS/data/raw/CowenEmotionVideos/1937.mp4	1937.mp4	2896111	2026-05-08T05:07:25+00:00	e130e0462bd6319d3812830592cc72707933a25658d5f81c62be9367f9712c43
stimulus_videos	/pscratch/sd/s/sjmoon/EmoViS/data/raw/CowenEmotionVideos/1938.mp4	1938.mp4	202656	2026-05-08T05:07:27+00:00	9995c168b0da2f099dbeb4572f2dbd01b4c24732afa71dc078943fb25f5424cd
stimulus_videos	/pscratch/sd/s/sjmoon/EmoViS/data/raw/CowenEmotionVideos/1939.mp4	1939.mp4	140873	2026-05-08T05:07:27+00:00	292f1927f755f69ee01ecf72e56f2a681a367aa5d2cb32b84aa28926c1e591c9
stimulus_videos	/pscratch/sd/s/sjmoon/EmoViS/data/raw/CowenEmotionVideos/1940.mp4	1940.mp4	394752	2026-05-08T05:07:23+00:00	d477b7a2c1b37176ae8388ffeea99f58b7d17f90128040e044a85f2ad21eb1b3
stimulus_videos	/pscratch/sd/s/sjmoon/EmoViS/data/raw/CowenEmotionVideos/1941.mp4	1941.mp4	314513	2026-05-08T05:07:24+00:00	b709826f4bc5c866eefb0b19bec35c15ef89bf93ce6560adac0275f9f5cf154e
stimulus_videos	/pscratch/sd/s/sjmoon/EmoViS/data/raw/CowenEmotionVideos/1942.mp4	1942.mp4	80934	2026-05-08T05:07:24+00:00	5d06dcdacb76fc472a20e2ff9c71f82e251f0e878bc4ffbc2badd7bed710fdcd
stimulus_videos	/pscratch/sd/s/sjmoon/EmoViS/data/raw/CowenEmotionVideos/1943.mp4	1943.mp4	48943	2026-05-08T05:07:24+00:00	2d0c2d7ba8e9e655a7f3eed4c93c0874ff8e208ee546cb087403423e1e7a99f3
stimulus_videos	/pscratch/sd/s/sjmoon/EmoViS/data/raw/CowenEmotionVideos/1944.mp4	1944.mp4	2033627	2026-05-08T05:07:23+00:00	a121f9b4e68bdb212dbc2b6e910bf45ed0e6990a8888b4e8c4a6158c2b19d6cf
stimulus_videos	/pscratch/sd/s/sjmoon/EmoViS/data/raw/CowenEmotionVideos/1945.mp4	1945.mp4	312317	2026-05-08T05:07:23+00:00	ef25127f54c2a23e192c4716ff8a468cf6530227d12c97e78a1f60a10f0583b8
stimulus_videos	/pscratch/sd/s/sjmoon/EmoViS/data/raw/CowenEmotionVideos/1946.mp4	1946.mp4	174642	2026-05-08T05:07:22+00:00	14fe76f628d8d85e25133da640f7ff5eb3f863018c041d7efd97ca7447afcc2f
stimulus_videos	/pscratch/sd/s/sjmoon/EmoViS/data/raw/CowenEmotionVideos/1947.mp4	1947.mp4	259406	2026-05-08T05:07:23+00:00	e6d05d7f83a5c29ad8b6362e0057471da306fd6fec6c2329ab5de93dd38ced74
stimulus_videos	/pscratch/sd/s/sjmoon/EmoViS/data/raw/CowenEmotionVideos/1948.mp4	1948.mp4	6226049	2026-05-08T05:07:31+00:00	313ec23f5fa044159e649f08ce947bde54f0f7b9070440a779b880cacb5b4e42
stimulus_videos	/pscratch/sd/s/sjmoon/EmoViS/data/raw/CowenEmotionVideos/1949.mp4	1949.mp4	134277	2026-05-08T05:07:30+00:00	b36adebebc94ef672c66ebeaf1b3103d70d680702cbd5bd00912e927fd766db2
stimulus_videos	/pscratch/sd/s/sjmoon/EmoViS/data/raw/CowenEmotionVideos/1950.mp4	1950.mp4	300131	2026-05-08T05:07:23+00:00	f1c2c4694d29d01b70d153c775e9ea5ddf515718d1c9d2a7ca3cd6e4a338a8ef
stimulus_videos	/pscratch/sd/s/sjmoon/EmoViS/data/raw/CowenEmotionVideos/1951.mp4	1951.mp4	256803	2026-05-08T05:07:23+00:00	7bfddee8fe1be02b90402a52e9b3222b3fbd78d689f010b38882b1f5bf1eabf4
stimulus_videos	/pscratch/sd/s/sjmoon/EmoViS/data/raw/CowenEmotionVideos/1952.mp4	1952.mp4	48590	2026-05-08T05:07:22+00:00	1aeff566b234ecd885900826c5b750982a07b0f329b30f73a0459d70f79c2fc8
stimulus_videos	/pscratch/sd/s/sjmoon/EmoViS/data/raw/CowenEmotionVideos/1953.mp4	1953.mp4	67585	2026-05-08T05:07:23+00:00	f32fd5e8c295c1501eb2e989d0f6d3328dbc5ad576ab93c4b22de19bc8ea048a
stimulus_videos	/pscratch/sd/s/sjmoon/EmoViS/data/raw/CowenEmotionVideos/1954.mp4	1954.mp4	1025795	2026-05-08T05:07:23+00:00	fb7b955dfdbdb33813966424bbbb24fdf84a4c2b9895057e5aa57502276b27f9
stimulus_videos	/pscratch/sd/s/sjmoon/EmoViS/data/raw/CowenEmotionVideos/1955.mp4	1955.mp4	2953375	2026-05-08T05:07:24+00:00	fb7745f602ebd592ac055fadf83aeb771661e7b22885fdfcba0607fffa01afc6
stimulus_videos	/pscratch/sd/s/sjmoon/EmoViS/data/raw/CowenEmotionVideos/1956.mp4	1956.mp4	66127	2026-05-08T05:07:24+00:00	a0b2e8b15a680fe339f88fc74e722d3dc4c7514fae07a1da1cfe09cbcc21d2af
stimulus_videos	/pscratch/sd/s/sjmoon/EmoViS/data/raw/CowenEmotionVideos/1957.mp4	1957.mp4	336524	2026-05-08T05:07:24+00:00	9c6d7792c576eb6ecad3076ba03c3cf960704a1b8e82decaf8f4b4d7172d22ec
stimulus_videos	/pscratch/sd/s/sjmoon/EmoViS/data/raw/CowenEmotionVideos/1958.mp4	1958.mp4	189554	2026-05-08T05:07:29+00:00	a275b07d93121951e06d3ef5dcc88b2e98d6e50c5644eb7e22a0f16ab835eb0d
stimulus_videos	/pscratch/sd/s/sjmoon/EmoViS/data/raw/CowenEmotionVideos/1959.mp4	1959.mp4	253444	2026-05-08T05:07:30+00:00	7390128b483c115059029af6459b8fa9f8957d976deaad45541ae320422f3dcb
stimulus_videos	/pscratch/sd/s/sjmoon/EmoViS/data/raw/CowenEmotionVideos/1960.mp4	1960.mp4	1037452	2026-05-08T05:07:31+00:00	2ed5da4a04329d3a5160ae2cc0782b59a998b087c42c31bb3fd136dda76b2857
stimulus_videos	/pscratch/sd/s/sjmoon/EmoViS/data/raw/CowenEmotionVideos/1961.mp4	1961.mp4	496195	2026-05-08T05:07:30+00:00	d9916a52dd6018587bd3bfdff43a894d4d68f6ab170c1d63b040860190c1a821
stimulus_videos	/pscratch/sd/s/sjmoon/EmoViS/data/raw/CowenEmotionVideos/1962.mp4	1962.mp4	279005	2026-05-08T05:07:31+00:00	fa3d5c036ad417e232b31eab949f0e821c47cac7ab218666d912583425f2f621
stimulus_videos	/pscratch/sd/s/sjmoon/EmoViS/data/raw/CowenEmotionVideos/1963.mp4	1963.mp4	1874238	2026-05-08T05:07:31+00:00	820301780abc3636a5e572d65bdc1218a747e26862b09ef60eaae2b4b792b64e
stimulus_videos	/pscratch/sd/s/sjmoon/EmoViS/data/raw/CowenEmotionVideos/1964.mp4	1964.mp4	708141	2026-05-08T05:07:29+00:00	3b4fece7f8795c98bf22464ba126f4709a8d40b504e87da2e7c60ab5edb84dd8
stimulus_videos	/pscratch/sd/s/sjmoon/EmoViS/data/raw/CowenEmotionVideos/1965.mp4	1965.mp4	356384	2026-05-08T05:07:30+00:00	975b01664c2d4600de679c03774a169003e2353eca6089a167a27633ba7d7311
stimulus_videos	/pscratch/sd/s/sjmoon/EmoViS/data/raw/CowenEmotionVideos/1966.mp4	1966.mp4	469399	2026-05-08T05:07:29+00:00	9445bbce8ae55322a28ba1c6367f1eaaf6d191c15b70b66264346f3d6b412494
stimulus_videos	/pscratch/sd/s/sjmoon/EmoViS/data/raw/CowenEmotionVideos/1967.mp4	1967.mp4	351291	2026-05-08T05:07:29+00:00	644c21de7c0e7eca68117295d536ccc234911b47b5d85a054e131a3c978df908
stimulus_videos	/pscratch/sd/s/sjmoon/EmoViS/data/raw/CowenEmotionVideos/1968.mp4	1968.mp4	331256	2026-05-08T05:07:23+00:00	8d7da4aa9cffa6ca2ff2e890df10824d389c78901efb5a094e90cf7dc97892c6
stimulus_videos	/pscratch/sd/s/sjmoon/EmoViS/data/raw/CowenEmotionVideos/1969.mp4	1969.mp4	5543495	2026-05-08T05:07:24+00:00	0e9e06a5fa9b343ef3901fc4c8258506d6a4aab8e522100f5724cdc002f257f4
stimulus_videos	/pscratch/sd/s/sjmoon/EmoViS/data/raw/CowenEmotionVideos/1970.mp4	1970.mp4	327872	2026-05-08T05:07:29+00:00	d188cd65e4a9d5dc76c3b453001191fe8551178b4a3b196a91522516bcac8022
stimulus_videos	/pscratch/sd/s/sjmoon/EmoViS/data/raw/CowenEmotionVideos/1971.mp4	1971.mp4	2116669	2026-05-08T05:07:30+00:00	5099b8f0b72ea744a3270632dad02224f0dc0c713fce8bf21dc6eb8b32ce996e
stimulus_videos	/pscratch/sd/s/sjmoon/EmoViS/data/raw/CowenEmotionVideos/1972.mp4	1972.mp4	258572	2026-05-08T05:07:29+00:00	71866bdb7f0837b6f8560d48ec076a521315746eb70dd4806e8ad62faa274737
stimulus_videos	/pscratch/sd/s/sjmoon/EmoViS/data/raw/CowenEmotionVideos/1973.mp4	1973.mp4	31068	2026-05-08T05:07:29+00:00	004045a6811f759203c10262c21138bd3b30ee6fee8a1f3db1c677878d31ef47
stimulus_videos	/pscratch/sd/s/sjmoon/EmoViS/data/raw/CowenEmotionVideos/1974.mp4	1974.mp4	166612	2026-05-08T05:07:31+00:00	54b08b493e12018ce5a838a36675a406d4092ab629e3a05de346ff8fb737630c
stimulus_videos	/pscratch/sd/s/sjmoon/EmoViS/data/raw/CowenEmotionVideos/1975.mp4	1975.mp4	315392	2026-05-08T05:07:30+00:00	778cf847e844f1765a572cd305dac12417008cce7f41e85b12f2717f4820a891
stimulus_videos	/pscratch/sd/s/sjmoon/EmoViS/data/raw/CowenEmotionVideos/1976.mp4	1976.mp4	71086	2026-05-08T05:07:31+00:00	fbd5b077ecd05117c1894b2695235c73e3bce7896b4edb20659a52ff8f93ffe4
stimulus_videos	/pscratch/sd/s/sjmoon/EmoViS/data/raw/CowenEmotionVideos/1977.mp4	1977.mp4	94070	2026-05-08T05:07:31+00:00	6d43fd008b9428c34d72841114034f7fb141e7c42290f386451486bf92038a6a
stimulus_videos	/pscratch/sd/s/sjmoon/EmoViS/data/raw/CowenEmotionVideos/1978.mp4	1978.mp4	111340	2026-05-08T05:07:23+00:00	e758cefafb03528d7f61655f0f158ba57fd69e6833cc210cd968ab8a345cce56
stimulus_videos	/pscratch/sd/s/sjmoon/EmoViS/data/raw/CowenEmotionVideos/1979.mp4	1979.mp4	708371	2026-05-08T05:07:23+00:00	f23d6edf1d65942d15ee62fe9cf85ee705fa4a01a54836db5b48ccdf36b9c94a
stimulus_videos	/pscratch/sd/s/sjmoon/EmoViS/data/raw/CowenEmotionVideos/1980.mp4	1980.mp4	466791	2026-05-08T05:07:24+00:00	e4ea6f741f50b9e86366d638fa5c9d0c62f5a033a0ab58bcd0c858a829acf4db
stimulus_videos	/pscratch/sd/s/sjmoon/EmoViS/data/raw/CowenEmotionVideos/1981.mp4	1981.mp4	524896	2026-05-08T05:07:24+00:00	f29ef5f0f8f13eeea030990fd2bef40b0c95fe97c964c4af745b5aa065b9978b
stimulus_videos	/pscratch/sd/s/sjmoon/EmoViS/data/raw/CowenEmotionVideos/1982.mp4	1982.mp4	98448	2026-05-08T05:07:24+00:00	5d9f2054d83281c7d3392928760add385af69175fe333adf538dbd3beb0a3fb6
stimulus_videos	/pscratch/sd/s/sjmoon/EmoViS/data/raw/CowenEmotionVideos/1983.mp4	1983.mp4	48281	2026-05-08T05:07:23+00:00	4982c6c322b962ab0775b4fe1bab080dae8fc485185c12dc6b079e7ae9e8812f
stimulus_videos	/pscratch/sd/s/sjmoon/EmoViS/data/raw/CowenEmotionVideos/1984.mp4	1984.mp4	60090	2026-05-08T05:07:23+00:00	169edb818eeb48ba18d7ed73ce7d7609e5eaa1a079ce269d317a091ea7dcaa8f
stimulus_videos	/pscratch/sd/s/sjmoon/EmoViS/data/raw/CowenEmotionVideos/1985.mp4	1985.mp4	150364	2026-05-08T05:07:22+00:00	0e4f04b9db5dae68f1e22373b9462592e3259db420340b51970515d51a194124
stimulus_videos	/pscratch/sd/s/sjmoon/EmoViS/data/raw/CowenEmotionVideos/1986.mp4	1986.mp4	118340	2026-05-08T05:07:23+00:00	8039137d0fa8680e09407403830f3f6754c42730ab84a896c0ca649035679e00
stimulus_videos	/pscratch/sd/s/sjmoon/EmoViS/data/raw/CowenEmotionVideos/1987.mp4	1987.mp4	395794	2026-05-08T05:07:23+00:00	a04fefc46b8dbef3bd0931954983b8c2eba9db51c4e021d3d96ad4cbd64538d9
stimulus_videos	/pscratch/sd/s/sjmoon/EmoViS/data/raw/CowenEmotionVideos/1988.mp4	1988.mp4	75714	2026-05-08T05:07:31+00:00	397d0b526dbef1c83b73ce986242afa6267c62e043ac4e00562dcbf0d28aaa97
stimulus_videos	/pscratch/sd/s/sjmoon/EmoViS/data/raw/CowenEmotionVideos/1989.mp4	1989.mp4	205848	2026-05-08T05:07:31+00:00	db372c1e7f0511c245960a686723d1d75c4844e80f3547156937f97c9706623d
stimulus_videos	/pscratch/sd/s/sjmoon/EmoViS/data/raw/CowenEmotionVideos/1990.mp4	1990.mp4	1986016	2026-05-08T05:07:23+00:00	ad1e99be69fcbe9dc984655ccae27a8a1e3319b848a9fc91a95347450a07b3a6
stimulus_videos	/pscratch/sd/s/sjmoon/EmoViS/data/raw/CowenEmotionVideos/1991.mp4	1991.mp4	138509	2026-05-08T05:07:22+00:00	f73500255ee8a0bf876d49cc715038c6acae139b71edbaefe1b6341586bf9b48
stimulus_videos	/pscratch/sd/s/sjmoon/EmoViS/data/raw/CowenEmotionVideos/1992.mp4	1992.mp4	2780403	2026-05-08T05:07:23+00:00	f075e2b8eb55c6d454539dd4a16f4096ee1eb4b5286794a074617cfbe728f7d1
stimulus_videos	/pscratch/sd/s/sjmoon/EmoViS/data/raw/CowenEmotionVideos/1993.mp4	1993.mp4	274407	2026-05-08T05:07:23+00:00	7de78c13dd1c1851f55ea477d2861939c8d9fff0a2eeef16fa152f1f1a05af8d
stimulus_videos	/pscratch/sd/s/sjmoon/EmoViS/data/raw/CowenEmotionVideos/1994.mp4	1994.mp4	2478295	2026-05-08T05:07:24+00:00	888e3c961502e1eae9e5fb574d354af214675b39c880395aff32717065439e88
stimulus_videos	/pscratch/sd/s/sjmoon/EmoViS/data/raw/CowenEmotionVideos/1995.mp4	1995.mp4	410967	2026-05-08T05:07:24+00:00	2e1ed3d7f068a5327cfc26e46ffbbd90b784980b9705fd06b413d25fd0c53693
stimulus_videos	/pscratch/sd/s/sjmoon/EmoViS/data/raw/CowenEmotionVideos/1996.mp4	1996.mp4	285194	2026-05-08T05:07:24+00:00	db0c03c84ee5ec597fda84e30e0e3166654727463ced1c830adcafb0ab941ecb
stimulus_videos	/pscratch/sd/s/sjmoon/EmoViS/data/raw/CowenEmotionVideos/1997.mp4	1997.mp4	283550	2026-05-08T05:07:23+00:00	8c920cea0be7787a115276a78a1b55502f06a60e3f7a1df948f756084841b259
stimulus_videos	/pscratch/sd/s/sjmoon/EmoViS/data/raw/CowenEmotionVideos/1998.mp4	1998.mp4	32044	2026-05-08T05:07:29+00:00	9627c4b60c27804af69b62cec60ca9a0793823998344e03097ff4a53fedf48d1
stimulus_videos	/pscratch/sd/s/sjmoon/EmoViS/data/raw/CowenEmotionVideos/1999.mp4	1999.mp4	55337	2026-05-08T05:07:29+00:00	4baf80522dcc7caa2003cf19c17b6c963950e7e8cbebe40e7c5780fe48c6166b
stimulus_videos	/pscratch/sd/s/sjmoon/EmoViS/data/raw/CowenEmotionVideos/2000.mp4	2000.mp4	151983	2026-05-08T05:07:27+00:00	f0242adf4c43e05c9fc8f4e8fae49f8605965bd4dc70b00e57209461e291bcf6
stimulus_videos	/pscratch/sd/s/sjmoon/EmoViS/data/raw/CowenEmotionVideos/2001.mp4	2001.mp4	4410320	2026-05-08T05:07:27+00:00	e46ee33d487e0f228cf823b321dc107a6dc85c9719b056d1b1af6dc23acf8f37
stimulus_videos	/pscratch/sd/s/sjmoon/EmoViS/data/raw/CowenEmotionVideos/2002.mp4	2002.mp4	177195	2026-05-08T05:07:28+00:00	e9dab9e60c1e5b5cb04bc62fea31609f5d8596b36c5664123ed8132b832d7c07
stimulus_videos	/pscratch/sd/s/sjmoon/EmoViS/data/raw/CowenEmotionVideos/2003.mp4	2003.mp4	1438059	2026-05-08T05:07:27+00:00	14c3f68dabfdff45e234926b0b55fd8332bf952857b824a60941859e34d823f7
stimulus_videos	/pscratch/sd/s/sjmoon/EmoViS/data/raw/CowenEmotionVideos/2004.mp4	2004.mp4	105183	2026-05-08T05:07:29+00:00	bbd52cda6307ddad58a846c240d0895d2eee2510f31282d9744923d9e1afb28c
stimulus_videos	/pscratch/sd/s/sjmoon/EmoViS/data/raw/CowenEmotionVideos/2005.mp4	2005.mp4	2594068	2026-05-08T05:07:28+00:00	73d534a7873bf283b88811dc1b51c7df2f9f77f5d6d9318a8cfc704f48002ca4
stimulus_videos	/pscratch/sd/s/sjmoon/EmoViS/data/raw/CowenEmotionVideos/2006.mp4	2006.mp4	959043	2026-05-08T05:07:28+00:00	164fc9ac3a32d300c6ae2be8b5a4daae916dfcf538bda0ebd20397ef6c3431a4
stimulus_videos	/pscratch/sd/s/sjmoon/EmoViS/data/raw/CowenEmotionVideos/2007.mp4	2007.mp4	69718	2026-05-08T05:07:28+00:00	1641b2e6e7e7f5873d54b0d8cff96e40c5496546fa9aee238104b070e8399596
stimulus_videos	/pscratch/sd/s/sjmoon/EmoViS/data/raw/CowenEmotionVideos/2008.mp4	2008.mp4	398346	2026-05-08T05:07:25+00:00	cb84bddd2d8113e5da95c9940a4064d345eb2928c5cf90f6aa75f25e73925eb2
stimulus_videos	/pscratch/sd/s/sjmoon/EmoViS/data/raw/CowenEmotionVideos/2009.mp4	2009.mp4	1184942	2026-05-08T05:07:24+00:00	5c1aca43ce0f91f02bc4e9aaf8f8ae9d52852494bd8e307c604bff77b46b8b0d
stimulus_videos	/pscratch/sd/s/sjmoon/EmoViS/data/raw/CowenEmotionVideos/2010.mp4	2010.mp4	223517	2026-05-08T05:07:29+00:00	e4d51e7e628650f199b24e5a0240b58ce9b68d46308bbcf391ef5b00398800e1
stimulus_videos	/pscratch/sd/s/sjmoon/EmoViS/data/raw/CowenEmotionVideos/2011.mp4	2011.mp4	2228970	2026-05-08T05:07:28+00:00	fe38966e1108cedde0c6c667477b5e7a5f15f0d3dd24d7b9fd6bed0dc50e6eb7
stimulus_videos	/pscratch/sd/s/sjmoon/EmoViS/data/raw/CowenEmotionVideos/2012.mp4	2012.mp4	1370933	2026-05-08T05:07:28+00:00	58dadd0153b1404adcabbe9a3850e0231bae45fdae9c39799c50d9da11667549
stimulus_videos	/pscratch/sd/s/sjmoon/EmoViS/data/raw/CowenEmotionVideos/2013.mp4	2013.mp4	1074996	2026-05-08T05:07:28+00:00	3dc13070244298938b3103eeb64d0e6bf1d20154832eed3c8ca24a1ffbc8160c
stimulus_videos	/pscratch/sd/s/sjmoon/EmoViS/data/raw/CowenEmotionVideos/2014.mp4	2014.mp4	107755	2026-05-08T05:07:27+00:00	7f256a23de8f53690e0c09339c7d0a7c71ce427b6a182791fec4a7143d7c27f0
stimulus_videos	/pscratch/sd/s/sjmoon/EmoViS/data/raw/CowenEmotionVideos/2015.mp4	2015.mp4	70943	2026-05-08T05:07:27+00:00	62015cad24657ae018dfecc81777cd1bdf6145508e0adad9ac1dc912ef40e1d6
stimulus_videos	/pscratch/sd/s/sjmoon/EmoViS/data/raw/CowenEmotionVideos/2016.mp4	2016.mp4	110596	2026-05-08T05:07:28+00:00	62ec689920c8d8cc5bc4cc6006d8eed24b04075d1cae0e751ee9c21d0a22ea51
stimulus_videos	/pscratch/sd/s/sjmoon/EmoViS/data/raw/CowenEmotionVideos/2017.mp4	2017.mp4	117788	2026-05-08T05:07:27+00:00	93ec8e4f695deb320c58b1b8246211ddf2886f1d4d340bf602f5b77ea6b2533f
stimulus_videos	/pscratch/sd/s/sjmoon/EmoViS/data/raw/CowenEmotionVideos/2018.mp4	2018.mp4	395937	2026-05-08T05:07:26+00:00	eec269b48cc8af43a033de0e59ea945487011ba7534545e823049273b64dca44
stimulus_videos	/pscratch/sd/s/sjmoon/EmoViS/data/raw/CowenEmotionVideos/2019.mp4	2019.mp4	284201	2026-05-08T05:07:26+00:00	9e96da02a13eb71b23fc514074c9434bb593fb955a575d516200efa593df0106
stimulus_videos	/pscratch/sd/s/sjmoon/EmoViS/data/raw/CowenEmotionVideos/2020.mp4	2020.mp4	731361	2026-05-08T05:07:25+00:00	7976a625edc6a443d4a802c6947697860aa5e9e228574befe5e77fdd1fb6f10d
stimulus_videos	/pscratch/sd/s/sjmoon/EmoViS/data/raw/CowenEmotionVideos/2021.mp4	2021.mp4	1238404	2026-05-08T05:07:24+00:00	bba22f42c8196de1f9368ad2d8a52bd4c6e3ca4287475d85b15e55913c469dd8
stimulus_videos	/pscratch/sd/s/sjmoon/EmoViS/data/raw/CowenEmotionVideos/2022.mp4	2022.mp4	290269	2026-05-08T05:07:25+00:00	77ad762baf8c5e7dd85db16afb5f44954b6fb60dbf4fb8782d2047f39a48885c
stimulus_videos	/pscratch/sd/s/sjmoon/EmoViS/data/raw/CowenEmotionVideos/2023.mp4	2023.mp4	3137350	2026-05-08T05:07:25+00:00	d1238bafacf87efb96022f20a91858b8fd3011f9f22d8b7b8de0c122899fe2da
stimulus_videos	/pscratch/sd/s/sjmoon/EmoViS/data/raw/CowenEmotionVideos/2024.mp4	2024.mp4	113125	2026-05-08T05:07:26+00:00	76ae8c34a7b7ae7a3076534fd7d73fbef8bd5ec7390f30ff08fe9090cdea6cfc
stimulus_videos	/pscratch/sd/s/sjmoon/EmoViS/data/raw/CowenEmotionVideos/2025.mp4	2025.mp4	362073	2026-05-08T05:07:26+00:00	580b0fde95f3f07621b293e6bf493a2a8068ac0ecac7b179e144da76c2f6031d
stimulus_videos	/pscratch/sd/s/sjmoon/EmoViS/data/raw/CowenEmotionVideos/2026.mp4	2026.mp4	1711592	2026-05-08T05:07:26+00:00	53d26603ecdbd7063e725878dd51332c347291bb50003d6a0894e1ce67856679
stimulus_videos	/pscratch/sd/s/sjmoon/EmoViS/data/raw/CowenEmotionVideos/2027.mp4	2027.mp4	64499	2026-05-08T05:07:26+00:00	08a7b10c3b8aea2b09320cdb95a891940ff1c9a8e1f0e2f19e134ec5f1c682d5
stimulus_videos	/pscratch/sd/s/sjmoon/EmoViS/data/raw/CowenEmotionVideos/2028.mp4	2028.mp4	717734	2026-05-08T05:07:27+00:00	e4a91ace3d6109101b84795e344ed0f1d8e141138b6168719c90415e9b0213c5
stimulus_videos	/pscratch/sd/s/sjmoon/EmoViS/data/raw/CowenEmotionVideos/2029.mp4	2029.mp4	533370	2026-05-08T05:07:27+00:00	6cd1b39c96e100f9a11648e3f9b499cf5453ad3aed5331b7679e92a601d3c200
stimulus_videos	/pscratch/sd/s/sjmoon/EmoViS/data/raw/CowenEmotionVideos/2030.mp4	2030.mp4	68993	2026-05-08T05:07:26+00:00	478bc0b598958c0953305b74762cbc8088ebd65cb53d57873a3a89f9970e8996
stimulus_videos	/pscratch/sd/s/sjmoon/EmoViS/data/raw/CowenEmotionVideos/2031.mp4	2031.mp4	1687858	2026-05-08T05:07:26+00:00	eee57385a52fc6e1c51692de8a77e38f246d62e08c78e987d3fb28cf8cd564ef
stimulus_videos	/pscratch/sd/s/sjmoon/EmoViS/data/raw/CowenEmotionVideos/2032.mp4	2032.mp4	86191	2026-05-08T05:07:26+00:00	09c8fe2269cb913cf8ad14af853091cdc2ad90c9341446e877bacb476ce502ef
stimulus_videos	/pscratch/sd/s/sjmoon/EmoViS/data/raw/CowenEmotionVideos/2033.mp4	2033.mp4	214762	2026-05-08T05:07:25+00:00	3fc9a01c045b4ca8911794bc9a165e6a4cf659511ac1da6cea711e37c5b7484f
stimulus_videos	/pscratch/sd/s/sjmoon/EmoViS/data/raw/CowenEmotionVideos/2034.mp4	2034.mp4	82220	2026-05-08T05:07:25+00:00	47bd7d09e6e8158f696f509a882b65a767457e382a8bcb61b92eee72ef939f73
stimulus_videos	/pscratch/sd/s/sjmoon/EmoViS/data/raw/CowenEmotionVideos/2035.mp4	2035.mp4	484892	2026-05-08T05:07:24+00:00	0ac8fe14163dd956deff03e09bc2754d2523077b9560665c6b1c92c9e9ef7dbb
stimulus_videos	/pscratch/sd/s/sjmoon/EmoViS/data/raw/CowenEmotionVideos/2036.mp4	2036.mp4	165832	2026-05-08T05:07:25+00:00	b86e321e9f2343076bcd25cfde9f628d066b278e9744dd67980c370702be5863
stimulus_videos	/pscratch/sd/s/sjmoon/EmoViS/data/raw/CowenEmotionVideos/2037.mp4	2037.mp4	33855	2026-05-08T05:07:25+00:00	0f2c59f5739e09ec7491b3171ad3cb68d6ba65b56e03a6a0a4afc55d6ce6187b
stimulus_videos	/pscratch/sd/s/sjmoon/EmoViS/data/raw/CowenEmotionVideos/2038.mp4	2038.mp4	228225	2026-05-08T05:07:29+00:00	287af236b51c668a74457932394e2d44d7dba41cfa9413fd3c701f69e6f7d7d0
stimulus_videos	/pscratch/sd/s/sjmoon/EmoViS/data/raw/CowenEmotionVideos/2039.mp4	2039.mp4	602924	2026-05-08T05:07:28+00:00	c2a546d15a2569430d96480a4c06bbe60b3d98d8de55989b0b775878dc99d15d
stimulus_videos	/pscratch/sd/s/sjmoon/EmoViS/data/raw/CowenEmotionVideos/2040.mp4	2040.mp4	285653	2026-05-08T05:07:23+00:00	ab8bc5c200a4b1881b936ebf4fb42cf524b12cd6584038f866b4d45a6d4be4bb
stimulus_videos	/pscratch/sd/s/sjmoon/EmoViS/data/raw/CowenEmotionVideos/2041.mp4	2041.mp4	94179	2026-05-08T05:07:23+00:00	ec385cf192f97254d1b5b31fb3c6c960c5aef5d63446b6d80ea57c785cd44b2f
stimulus_videos	/pscratch/sd/s/sjmoon/EmoViS/data/raw/CowenEmotionVideos/2042.mp4	2042.mp4	651691	2026-05-08T05:07:22+00:00	bcf1c506de11ef4be7cf183414cd8f86e80455e64aa20d272467a94574f115eb
stimulus_videos	/pscratch/sd/s/sjmoon/EmoViS/data/raw/CowenEmotionVideos/2043.mp4	2043.mp4	390210	2026-05-08T05:07:23+00:00	8157c09c2662ec6f387531869acbce80d61f877c848a53afe60b3f94d60a1590
stimulus_videos	/pscratch/sd/s/sjmoon/EmoViS/data/raw/CowenEmotionVideos/2044.mp4	2044.mp4	216906	2026-05-08T05:07:23+00:00	9d1009dde6bcf0a2ff49391523c3dc71ef740ed5ba206965f5f085affef50e9a
stimulus_videos	/pscratch/sd/s/sjmoon/EmoViS/data/raw/CowenEmotionVideos/2045.mp4	2045.mp4	2207113	2026-05-08T05:07:24+00:00	abab79f1a843433e218a86c7674797c0df4fbb11aeaf02cf6488aaf8260b4d82
stimulus_videos	/pscratch/sd/s/sjmoon/EmoViS/data/raw/CowenEmotionVideos/2046.mp4	2046.mp4	64864	2026-05-08T05:07:24+00:00	608741e37b17bddd0620cefeab11af3cb42fe8ac3cc3c97d1c2a5d140221118d
stimulus_videos	/pscratch/sd/s/sjmoon/EmoViS/data/raw/CowenEmotionVideos/2047.mp4	2047.mp4	204859	2026-05-08T05:07:24+00:00	89c849358b86a5499283daba453d7113e41ba26de9b2bccc854a54e3a2133b1c
stimulus_videos	/pscratch/sd/s/sjmoon/EmoViS/data/raw/CowenEmotionVideos/2048.mp4	2048.mp4	615822	2026-05-08T05:07:30+00:00	ee5d2f264fff05de2f4126dfdbbb5dfd3b20f49da5b52849ded4f9c131720ff6
stimulus_videos	/pscratch/sd/s/sjmoon/EmoViS/data/raw/CowenEmotionVideos/2049.mp4	2049.mp4	192398	2026-05-08T05:07:30+00:00	cf7b96eab62b7147ad27b690fbdb17528025dafef2c821b04bbbc9b23b0c304b
stimulus_videos	/pscratch/sd/s/sjmoon/EmoViS/data/raw/CowenEmotionVideos/2050.mp4	2050.mp4	433042	2026-05-08T05:07:23+00:00	6e8e06fd1aaae3badeae9a881ab1561e052c213df67b8bcec3e318766ba6a70e
stimulus_videos	/pscratch/sd/s/sjmoon/EmoViS/data/raw/CowenEmotionVideos/2051.mp4	2051.mp4	122838	2026-05-08T05:07:24+00:00	989ffd0a95e8a277fdf4ed73d14d45752a6241da7233cfbd515df90f531937ab
stimulus_videos	/pscratch/sd/s/sjmoon/EmoViS/data/raw/CowenEmotionVideos/2052.mp4	2052.mp4	202218	2026-05-08T05:07:24+00:00	ea1b2e16e65de34d082986f5f98a367845a7a71677635ac1ec5b3f9eedffad96
stimulus_videos	/pscratch/sd/s/sjmoon/EmoViS/data/raw/CowenEmotionVideos/2053.mp4	2053.mp4	44192	2026-05-08T05:07:24+00:00	f9f490da179f77841d674a2b560b3b8913a7c08427050e1d5791b0409db34244
stimulus_videos	/pscratch/sd/s/sjmoon/EmoViS/data/raw/CowenEmotionVideos/2054.mp4	2054.mp4	3703709	2026-05-08T05:07:23+00:00	6218f289962e84d27f82b4e79beb8968107cdd9a41617b42f088a4cb4f7037d1
stimulus_videos	/pscratch/sd/s/sjmoon/EmoViS/data/raw/CowenEmotionVideos/2055.mp4	2055.mp4	377743	2026-05-08T05:07:23+00:00	3ae12431c1a49e6277a50dd6058672642e676736f06225a2ef87f8f12e0d586a
stimulus_videos	/pscratch/sd/s/sjmoon/EmoViS/data/raw/CowenEmotionVideos/2056.mp4	2056.mp4	109146	2026-05-08T05:07:22+00:00	7f4c6567524969605e68e7a9ffac8f2b8b3c775deb7d095a3dac2151a1cf683b
stimulus_videos	/pscratch/sd/s/sjmoon/EmoViS/data/raw/CowenEmotionVideos/2057.mp4	2057.mp4	327173	2026-05-08T05:07:22+00:00	d159068b77b0ef0f0934bdb2f08d6b1af5e36f4ae1e3f03887f010b299570584
stimulus_videos	/pscratch/sd/s/sjmoon/EmoViS/data/raw/CowenEmotionVideos/2058.mp4	2058.mp4	282938	2026-05-08T05:07:30+00:00	64ffeab114b329d4c96613b7b0c2f4404d0fa6e160c646250a7eea7adbd0a0c1
stimulus_videos	/pscratch/sd/s/sjmoon/EmoViS/data/raw/CowenEmotionVideos/2059.mp4	2059.mp4	321301	2026-05-08T05:07:30+00:00	151cdc6fbee357775f288b35ec599cf2544bbc21dff3efcdde9a45278fb8404b
stimulus_videos	/pscratch/sd/s/sjmoon/EmoViS/data/raw/CowenEmotionVideos/2060.mp4	2060.mp4	216728	2026-05-08T05:07:30+00:00	73bc5d567a034b83cf7681046ce721c815dd7c4136635518abe0836a745479e9
stimulus_videos	/pscratch/sd/s/sjmoon/EmoViS/data/raw/CowenEmotionVideos/2061.mp4	2061.mp4	174311	2026-05-08T05:07:30+00:00	18860282468b39e2dae2002f0b87c03ef1edb13d08f4021c02a00fd365d5631e
stimulus_videos	/pscratch/sd/s/sjmoon/EmoViS/data/raw/CowenEmotionVideos/2062.mp4	2062.mp4	147106	2026-05-08T05:07:29+00:00	2f294d18d421d6582467ae1af663a6bb5c97fd8aaf5f2abdf32194874a0a2abc
stimulus_videos	/pscratch/sd/s/sjmoon/EmoViS/data/raw/CowenEmotionVideos/2063.mp4	2063.mp4	153691	2026-05-08T05:07:29+00:00	e77848b764f5e54a2ded414fb0785d7f20e9742131954e7a9bc18576a9384597
stimulus_videos	/pscratch/sd/s/sjmoon/EmoViS/data/raw/CowenEmotionVideos/2064.mp4	2064.mp4	269377	2026-05-08T05:07:30+00:00	53ee85d834f768ba553cc3086ff47d40009873ac5a2cdb20f088d2266483a601
stimulus_videos	/pscratch/sd/s/sjmoon/EmoViS/data/raw/CowenEmotionVideos/2065.mp4	2065.mp4	264148	2026-05-08T05:07:30+00:00	181a038537acf01907ff16f519c30b9aad60474f2d07c0b7e34845516be36475
stimulus_videos	/pscratch/sd/s/sjmoon/EmoViS/data/raw/CowenEmotionVideos/2066.mp4	2066.mp4	1754705	2026-05-08T05:07:31+00:00	6f511b8b8611ca7fc0306591a855ca21eae58ab825e5df7b72d0690c878393ab
stimulus_videos	/pscratch/sd/s/sjmoon/EmoViS/data/raw/CowenEmotionVideos/2067.mp4	2067.mp4	2019548	2026-05-08T05:07:31+00:00	aba5d3b563f0972b0c89479a7b1f7f0a725bbd2468710977f41123c77ffff5ef
stimulus_videos	/pscratch/sd/s/sjmoon/EmoViS/data/raw/CowenEmotionVideos/2068.mp4	2068.mp4	1833773	2026-05-08T05:07:23+00:00	b109ff7fbd081ea4eb39bd5be5e8938acfbce9c634ff7ba9e1bf14ec75c87f99
stimulus_videos	/pscratch/sd/s/sjmoon/EmoViS/data/raw/CowenEmotionVideos/2069.mp4	2069.mp4	240766	2026-05-08T05:07:23+00:00	3d06b14f414634fba7cbd49bbd4a225a0aa7f84cea580e0bc856b6abe09a7f49
stimulus_videos	/pscratch/sd/s/sjmoon/EmoViS/data/raw/CowenEmotionVideos/2070.mp4	2070.mp4	128132	2026-05-08T05:07:30+00:00	cc929951a547d25fa42a08f84e2ebdf8b3a971293101bc8d80e102aa37ff6e36
stimulus_videos	/pscratch/sd/s/sjmoon/EmoViS/data/raw/CowenEmotionVideos/2071.mp4	2071.mp4	2130439	2026-05-08T05:07:30+00:00	2da32de4afa3f69f49c7bd719215162ac193cb7f20acbc9427dfd4fd8d3fb741
stimulus_videos	/pscratch/sd/s/sjmoon/EmoViS/data/raw/CowenEmotionVideos/2072.mp4	2072.mp4	470000	2026-05-08T05:07:31+00:00	f86046a6393dd4015b157410b96f0950ac2cee7e1f9d7b1a0c9b06e36ae72e03
stimulus_videos	/pscratch/sd/s/sjmoon/EmoViS/data/raw/CowenEmotionVideos/2073.mp4	2073.mp4	413266	2026-05-08T05:07:31+00:00	a16abfdbc09c1ae8758cde7bb440f1baf70aee00bebb3f6902de90b3d8daa7d5
stimulus_videos	/pscratch/sd/s/sjmoon/EmoViS/data/raw/CowenEmotionVideos/2074.mp4	2074.mp4	194315	2026-05-08T05:07:30+00:00	fae440200e3bef517d8862442e98408a7cd79d808ffcc54ffb550493cfa256ec
stimulus_videos	/pscratch/sd/s/sjmoon/EmoViS/data/raw/CowenEmotionVideos/2075.mp4	2075.mp4	109096	2026-05-08T05:07:30+00:00	f5770e6c5ecce8fc7b399f81a1cf4959c53e59a1280d63f399b36ca671ca1fc6
stimulus_videos	/pscratch/sd/s/sjmoon/EmoViS/data/raw/CowenEmotionVideos/2076.mp4	2076.mp4	988960	2026-05-08T05:07:29+00:00	968ab2531a05605e78f77613f6ce55ca3a99d0f918b118cbb087d1cb58353ed0
stimulus_videos	/pscratch/sd/s/sjmoon/EmoViS/data/raw/CowenEmotionVideos/2077.mp4	2077.mp4	408470	2026-05-08T05:07:29+00:00	014b00bb886cbf26650946d5a2f908ad8aa72668b69953fafc941d653549b17b
stimulus_videos	/pscratch/sd/s/sjmoon/EmoViS/data/raw/CowenEmotionVideos/2078.mp4	2078.mp4	3938400	2026-05-08T05:07:23+00:00	7913663ac8366d4826cf1b56f91e040ec2635e41330ae88c869153e1ddae23d4
stimulus_videos	/pscratch/sd/s/sjmoon/EmoViS/data/raw/CowenEmotionVideos/2079.mp4	2079.mp4	1349173	2026-05-08T05:07:24+00:00	2f4d339c219ddb0ca0bc5ad97c2843505bd07440b538319971122868374e995c
stimulus_videos	/pscratch/sd/s/sjmoon/EmoViS/data/raw/CowenEmotionVideos/2080.mp4	2080.mp4	905416	2026-05-08T05:07:23+00:00	dc5566b55d096ea22e1a8f406028be5735f7bb36e07cb95f5ba03f8af9b4d09f
stimulus_videos	/pscratch/sd/s/sjmoon/EmoViS/data/raw/CowenEmotionVideos/2081.mp4	2081.mp4	51892	2026-05-08T05:07:22+00:00	cabe8e92817541280e91a47ea2d2d57a731ad1dc9ee4a600c4f59371be5c1af0
stimulus_videos	/pscratch/sd/s/sjmoon/EmoViS/data/raw/CowenEmotionVideos/2082.mp4	2082.mp4	254379	2026-05-08T05:07:23+00:00	e331108226cf02ae5b00ec94fa8597cc4a80d333242d9b1da81c69168ba4f35a
stimulus_videos	/pscratch/sd/s/sjmoon/EmoViS/data/raw/CowenEmotionVideos/2083.mp4	2083.mp4	340220	2026-05-08T05:07:23+00:00	18b6b55a2b06e495a2eac04fe72c5e9f267dcf40b14a509973d627bcf2d33126
stimulus_videos	/pscratch/sd/s/sjmoon/EmoViS/data/raw/CowenEmotionVideos/2084.mp4	2084.mp4	586497	2026-05-08T05:07:24+00:00	75ea1b7566c07715cfe6ab4b9e83d80e4e97fb61dffb2748f8aa0875a21b14a0
stimulus_videos	/pscratch/sd/s/sjmoon/EmoViS/data/raw/CowenEmotionVideos/2085.mp4	2085.mp4	188175	2026-05-08T05:07:24+00:00	4d7fe8c49e1cc807918f7e9b55cdf2c527f2f6997898ef82a00f386ab258e6ef
stimulus_videos	/pscratch/sd/s/sjmoon/EmoViS/data/raw/CowenEmotionVideos/2086.mp4	2086.mp4	475904	2026-05-08T05:07:24+00:00	c565a413038f712a59f31d3a9d90c91c7a35ad556c63c120a0660e3f00cd2733
stimulus_videos	/pscratch/sd/s/sjmoon/EmoViS/data/raw/CowenEmotionVideos/2087.mp4	2087.mp4	202144	2026-05-08T05:07:23+00:00	41dbce66ba8ed2ab52099fab6636eaa9d177c178bd3d6942e54d6fda86cab0f3
stimulus_videos	/pscratch/sd/s/sjmoon/EmoViS/data/raw/CowenEmotionVideos/2088.mp4	2088.mp4	55087	2026-05-08T05:07:29+00:00	11cc488878859e7a5cae6f43ae51cd3c7451117b8621740e49885fdc36afc700
stimulus_videos	/pscratch/sd/s/sjmoon/EmoViS/data/raw/CowenEmotionVideos/2089.mp4	2089.mp4	144290	2026-05-08T05:07:29+00:00	fca191457a6f85ee83a0d3ea73903a86c04a82ae7324e2750b7b1fea4f191845
stimulus_videos	/pscratch/sd/s/sjmoon/EmoViS/data/raw/CowenEmotionVideos/2090.mp4	2090.mp4	2450456	2026-05-08T05:07:24+00:00	f540307f08230cdce510a323daeacc43e16a92bbc986341292a423ff3db8d819
stimulus_videos	/pscratch/sd/s/sjmoon/EmoViS/data/raw/CowenEmotionVideos/2091.mp4	2091.mp4	1417187	2026-05-08T05:07:24+00:00	1605a6015391b94930c317a5923b1e82bdefa03ebc2b8fd1497ac7eaa81e186d
stimulus_videos	/pscratch/sd/s/sjmoon/EmoViS/data/raw/CowenEmotionVideos/2092.mp4	2092.mp4	4253514	2026-05-08T05:07:24+00:00	a069a186bf95a2cd0b4feb9de67b72b264b7cc398d1d2a423cf19e2fcc51aa68
stimulus_videos	/pscratch/sd/s/sjmoon/EmoViS/data/raw/CowenEmotionVideos/2093.mp4	2093.mp4	108469	2026-05-08T05:07:23+00:00	8a555ee3abb8ad740b15ba8c8adf984beef0aa1615f3229668495b3a78d21d78
stimulus_videos	/pscratch/sd/s/sjmoon/EmoViS/data/raw/CowenEmotionVideos/2094.mp4	2094.mp4	1916258	2026-05-08T05:07:23+00:00	d070c590514b444b8bb513d6b90d4f291436a34866c5a682fcc944f39be65624
stimulus_videos	/pscratch/sd/s/sjmoon/EmoViS/data/raw/CowenEmotionVideos/2095.mp4	2095.mp4	260756	2026-05-08T05:07:22+00:00	0643af3b3b9959b51d2317959b891568b0d0da03dc4d86515365695cfff00869
stimulus_videos	/pscratch/sd/s/sjmoon/EmoViS/data/raw/CowenEmotionVideos/2096.mp4	2096.mp4	99991	2026-05-08T05:07:23+00:00	c3be18c75447e4b5b67c640b283d04aef89e6b1786f68d4dfd473745617279f6
stimulus_videos	/pscratch/sd/s/sjmoon/EmoViS/data/raw/CowenEmotionVideos/2097.mp4	2097.mp4	1455597	2026-05-08T05:07:23+00:00	c037672438eabfd708025a4d34227b6d84c07e32ad68d09833fc9e0e9c526904
stimulus_videos	/pscratch/sd/s/sjmoon/EmoViS/data/raw/CowenEmotionVideos/2098.mp4	2098.mp4	117685	2026-05-08T05:07:31+00:00	94945f8deeee518fc009455a4564d0d9bb6170f3bfa361aa115998bc4952edd8
stimulus_videos	/pscratch/sd/s/sjmoon/EmoViS/data/raw/CowenEmotionVideos/2099.mp4	2099.mp4	466370	2026-05-08T05:07:31+00:00	f1b5bce281a644b1ce6ee7e368522ef7e2158e126ebdbc4d9c2a2ab86ad2f8b4
stimulus_videos	/pscratch/sd/s/sjmoon/EmoViS/data/raw/CowenEmotionVideos/2100.mp4	2100.mp4	195739	2026-05-08T05:07:30+00:00	85ee31e1ecca5f844a8fd92055fd83a6283204f4e2bf31b95e40ec6d1d5ae3ef
stimulus_videos	/pscratch/sd/s/sjmoon/EmoViS/data/raw/CowenEmotionVideos/2101.mp4	2101.mp4	272096	2026-05-08T05:07:30+00:00	f94d210994c7b12e578a41772011a4a2da167c47aa98beef3c958a12376f33b7
stimulus_videos	/pscratch/sd/s/sjmoon/EmoViS/data/raw/CowenEmotionVideos/2102.mp4	2102.mp4	210254	2026-05-08T05:07:29+00:00	4a2ebe097ba0beb7d9c28937f948d433f8e524dfec44f3c45baf2d49db7f7cb2
stimulus_videos	/pscratch/sd/s/sjmoon/EmoViS/data/raw/CowenEmotionVideos/2103.mp4	2103.mp4	1512041	2026-05-08T05:07:29+00:00	43aa728de5f5daa778d747d6b8b00bf23e85e15b206e4a8340de3609d4d34a6e
stimulus_videos	/pscratch/sd/s/sjmoon/EmoViS/data/raw/CowenEmotionVideos/2104.mp4	2104.mp4	396423	2026-05-08T05:07:30+00:00	9216d9e66cde395dbc8b523dd9f5ee9eb9f338ce087285f0f554d513d6ddf870
stimulus_videos	/pscratch/sd/s/sjmoon/EmoViS/data/raw/CowenEmotionVideos/2105.mp4	2105.mp4	132180	2026-05-08T05:07:30+00:00	8513cce9c96a4e2dc839f7bb6a0f856cb4fd7646deca99eb860917dd4061fd94
stimulus_videos	/pscratch/sd/s/sjmoon/EmoViS/data/raw/CowenEmotionVideos/2106.mp4	2106.mp4	413428	2026-05-08T05:07:31+00:00	5dbaa02b5fdc923b1c70b362b38f6bada6c4570295a656320d860ee685d3b815
stimulus_videos	/pscratch/sd/s/sjmoon/EmoViS/data/raw/CowenEmotionVideos/2107.mp4	2107.mp4	101686	2026-05-08T05:07:31+00:00	6d4e8acd46c080ae2f893f19df5b1f55aab825428966d5aadaa09a15ee694d9b
stimulus_videos	/pscratch/sd/s/sjmoon/EmoViS/data/raw/CowenEmotionVideos/2108.mp4	2108.mp4	108147	2026-05-08T05:07:23+00:00	fcc60ae5bea32bf7c95ff798090aa7bdb0afacbd901761ba734fd351aeeaed7f
stimulus_videos	/pscratch/sd/s/sjmoon/EmoViS/data/raw/CowenEmotionVideos/2109.mp4	2109.mp4	640427	2026-05-08T05:07:23+00:00	88e913f59b061f016afa2b2f877f2f3c55a81b8c8bb66004eb645f18e8586b9d
stimulus_videos	/pscratch/sd/s/sjmoon/EmoViS/data/raw/CowenEmotionVideos/2110.mp4	2110.mp4	426707	2026-05-08T05:07:30+00:00	aa2f1c330a359572dc14d6c5b45f47ffc31ab33572d579046ff901c356471582
stimulus_videos	/pscratch/sd/s/sjmoon/EmoViS/data/raw/CowenEmotionVideos/2111.mp4	2111.mp4	224894	2026-05-08T05:07:30+00:00	86c8121e2416b7ba274a271e788121e0e067eebe2229e414d201890392d3cff9
stimulus_videos	/pscratch/sd/s/sjmoon/EmoViS/data/raw/CowenEmotionVideos/2112.mp4	2112.mp4	247442	2026-05-08T05:07:31+00:00	d967990fd41117ed877ac7e90f3e59a6a6af97d94871881a02a3cc546e62108d
stimulus_videos	/pscratch/sd/s/sjmoon/EmoViS/data/raw/CowenEmotionVideos/2113.mp4	2113.mp4	2015424	2026-05-08T05:07:31+00:00	060314e43bf75bee34a6246c8e4cf91b7774ecb6747dbd43c945a0cc0416d392
stimulus_videos	/pscratch/sd/s/sjmoon/EmoViS/data/raw/CowenEmotionVideos/2114.mp4	2114.mp4	1027376	2026-05-08T05:07:30+00:00	e7f7b0825b77cad8c0ed87ee64eaee814cd47ed6b817765fee7da9b88ecf0048
stimulus_videos	/pscratch/sd/s/sjmoon/EmoViS/data/raw/CowenEmotionVideos/2115.mp4	2115.mp4	2608807	2026-05-08T05:07:30+00:00	a1c5cf86f39d17945032a2930a702967fed89a723154da0bfd03c2d90187894c
stimulus_videos	/pscratch/sd/s/sjmoon/EmoViS/data/raw/CowenEmotionVideos/2116.mp4	2116.mp4	246033	2026-05-08T05:07:29+00:00	33aa0585fce4c808a30154d4be599059103df264a6f46fea7238cd15156d810e
stimulus_videos	/pscratch/sd/s/sjmoon/EmoViS/data/raw/CowenEmotionVideos/2117.mp4	2117.mp4	472228	2026-05-08T05:07:29+00:00	746631949a750cd66a58a56245e400a40a68eaa9ec48e693ebd023c8dabba342
stimulus_videos	/pscratch/sd/s/sjmoon/EmoViS/data/raw/CowenEmotionVideos/2118.mp4	2118.mp4	56774	2026-05-08T05:07:23+00:00	c5d728592cc3aebf30ed7ad7e11c401b7c7f0327960653b055292c8334e31fb6
stimulus_videos	/pscratch/sd/s/sjmoon/EmoViS/data/raw/CowenEmotionVideos/2119.mp4	2119.mp4	214047	2026-05-08T05:07:24+00:00	308624911f398f0433a1fac400757dd63172cb41cceeb877bbcd0e10d43d16d0
stimulus_videos	/pscratch/sd/s/sjmoon/EmoViS/data/raw/CowenEmotionVideos/2120.mp4	2120.mp4	139146	2026-05-08T05:07:23+00:00	7fd2400e1a50d6599d0efdebc44cb942cb6d7494a72566b6017f9fc019d2ae36
stimulus_videos	/pscratch/sd/s/sjmoon/EmoViS/data/raw/CowenEmotionVideos/2121.mp4	2121.mp4	925752	2026-05-08T05:07:23+00:00	a138175197c67bff4429bf3f03942f3d95e89f008b4af27cb8e454a547ed9b1a
stimulus_videos	/pscratch/sd/s/sjmoon/EmoViS/data/raw/CowenEmotionVideos/2122.mp4	2122.mp4	192363	2026-05-08T05:07:22+00:00	208dc8827dd01b166d7a99f9add42da25e86a6801e0ea7014754d908e2dd55fb
stimulus_videos	/pscratch/sd/s/sjmoon/EmoViS/data/raw/CowenEmotionVideos/2123.mp4	2123.mp4	368387	2026-05-08T05:07:22+00:00	d8952fe2462539b83e210389d951561bc124a328730e717f0f7da607fbec24b9
stimulus_videos	/pscratch/sd/s/sjmoon/EmoViS/data/raw/CowenEmotionVideos/2124.mp4	2124.mp4	985381	2026-05-08T05:07:23+00:00	6f89625dcea512f9ff36ebb1359c3b80947b0d5ae40bceea48135851bb6ebfe7
stimulus_videos	/pscratch/sd/s/sjmoon/EmoViS/data/raw/CowenEmotionVideos/2125.mp4	2125.mp4	425783	2026-05-08T05:07:23+00:00	ec2ff212e54a5d2a945826d2840e99a7add8110f0ce00c27510f163c7d4b51d0
stimulus_videos	/pscratch/sd/s/sjmoon/EmoViS/data/raw/CowenEmotionVideos/2126.mp4	2126.mp4	32888	2026-05-08T05:07:24+00:00	878d97a82438bb6c00c336d3bc985c91d845494c302fc7dd731b7a8e1ab689ff
stimulus_videos	/pscratch/sd/s/sjmoon/EmoViS/data/raw/CowenEmotionVideos/2127.mp4	2127.mp4	150108	2026-05-08T05:07:24+00:00	82579b75defc3d3b63d140d5fccc850a7b9f00e6c4327281f1432deb85395470
stimulus_videos	/pscratch/sd/s/sjmoon/EmoViS/data/raw/CowenEmotionVideos/2128.mp4	2128.mp4	135080	2026-05-08T05:07:30+00:00	80cba96cd545480ce39f25c9702e2584ee0dcbaf0f0f80ad20803426c905285f
stimulus_videos	/pscratch/sd/s/sjmoon/EmoViS/data/raw/CowenEmotionVideos/2129.mp4	2129.mp4	107956	2026-05-08T05:07:30+00:00	70a3f417541fed61b2ea09ec609015054769aa8999dd3ed70453e5043458b382
stimulus_videos	/pscratch/sd/s/sjmoon/EmoViS/data/raw/CowenEmotionVideos/2130.mp4	2130.mp4	150401	2026-05-08T05:07:23+00:00	1485597c673ca946727e4bbfd1fbc3dfcc4d3d0f8be6e0dd222eb2759b3544ec
stimulus_videos	/pscratch/sd/s/sjmoon/EmoViS/data/raw/CowenEmotionVideos/2131.mp4	2131.mp4	4130712	2026-05-08T05:07:23+00:00	aee697842ce1168385af9bda092d9bba7948121e54f2a35b1f5f0c1d950b9d38
stimulus_videos	/pscratch/sd/s/sjmoon/EmoViS/data/raw/CowenEmotionVideos/2132.mp4	2132.mp4	284908	2026-05-08T05:07:24+00:00	959698234aa8ac96579bf980bab742634ea318d77363acaf4d7b01b8b932ed40
stimulus_videos	/pscratch/sd/s/sjmoon/EmoViS/data/raw/CowenEmotionVideos/2133.mp4	2133.mp4	43191	2026-05-08T05:07:24+00:00	4152d660aa4736c783f324f9c8176951e692d57d33542bbff957c9a123db3b0c
stimulus_videos	/pscratch/sd/s/sjmoon/EmoViS/data/raw/CowenEmotionVideos/2134.mp4	2134.mp4	631883	2026-05-08T05:07:23+00:00	acaaa42aa6c634d0dab8ad9fc978f33cd068c914065e40b414923712adb6f60d
stimulus_videos	/pscratch/sd/s/sjmoon/EmoViS/data/raw/CowenEmotionVideos/2135.mp4	2135.mp4	1005931	2026-05-08T05:07:23+00:00	ab171ba334d62f0f79d5ef4e9abb8c66ebc7ffbdd1df1342ae2337ed647631e6
stimulus_videos	/pscratch/sd/s/sjmoon/EmoViS/data/raw/CowenEmotionVideos/2136.mp4	2136.mp4	230967	2026-05-08T05:07:22+00:00	1c34efeb745688946716a29b71498f279fb1309de67c6435777affc8ec035e4d
stimulus_videos	/pscratch/sd/s/sjmoon/EmoViS/data/raw/CowenEmotionVideos/2137.mp4	2137.mp4	107068	2026-05-08T05:07:22+00:00	beca8f60db99e0be2d1a946bea3708136e4452690f382d9cc20654dc9ac22eba
stimulus_videos	/pscratch/sd/s/sjmoon/EmoViS/data/raw/CowenEmotionVideos/2138.mp4	2138.mp4	404163	2026-05-08T05:07:30+00:00	7a2100f3207a7106b5f3ac25a2655c7cc9920ae7404d58fb6f6098e994909662
stimulus_videos	/pscratch/sd/s/sjmoon/EmoViS/data/raw/CowenEmotionVideos/2139.mp4	2139.mp4	118677	2026-05-08T05:07:30+00:00	b5749c5dda305715e731c141c1e870c3f7e1fc91440c0642fdf368a2c47672cf
stimulus_videos	/pscratch/sd/s/sjmoon/EmoViS/data/raw/CowenEmotionVideos/2140.mp4	2140.mp4	408679	2026-05-08T05:07:25+00:00	d6867f6dcbddc16cf0c560923fee98348fae04e6e6348f2e03ec53d866ac2997
stimulus_videos	/pscratch/sd/s/sjmoon/EmoViS/data/raw/CowenEmotionVideos/2141.mp4	2141.mp4	1676658	2026-05-08T05:07:24+00:00	ec78b0f8062183c9b800ec04dd4339c7bc7de0ed23485466018832654d4aeecf
stimulus_videos	/pscratch/sd/s/sjmoon/EmoViS/data/raw/CowenEmotionVideos/2142.mp4	2142.mp4	363078	2026-05-08T05:07:25+00:00	8b78dfff392187ea8041d52531cbfc0112f2f69fb63d61c8779b914f00d47f55
stimulus_videos	/pscratch/sd/s/sjmoon/EmoViS/data/raw/CowenEmotionVideos/2143.mp4	2143.mp4	352617	2026-05-08T05:07:25+00:00	a6a548388becca7f9fe024b939cd591d759ea95002b8e9b0ed19aa9b46c2dbad
stimulus_videos	/pscratch/sd/s/sjmoon/EmoViS/data/raw/CowenEmotionVideos/2144.mp4	2144.mp4	4895571	2026-05-08T05:07:26+00:00	0fa4a00c8e080d4ed6dd0d2c60567e8b709490f9fdcae81cd8d63ef35f480eda
stimulus_videos	/pscratch/sd/s/sjmoon/EmoViS/data/raw/CowenEmotionVideos/2145.mp4	2145.mp4	299240	2026-05-08T05:07:26+00:00	a34e9db91b38c8ff9f62468621cc16a91546a4c3fb89ca56ed4f6f4b3285ddcb
stimulus_videos	/pscratch/sd/s/sjmoon/EmoViS/data/raw/CowenEmotionVideos/2146.mp4	2146.mp4	389382	2026-05-08T05:07:26+00:00	64588a8b3e1bb983181912438bd8af4f1dfee2fc38283890521063ecf22b25ca
stimulus_videos	/pscratch/sd/s/sjmoon/EmoViS/data/raw/CowenEmotionVideos/2147.mp4	2147.mp4	123979	2026-05-08T05:07:26+00:00	be2416aebb25f395fab4037f0b463bd993db9f5f45aa50b151e01a7a33e4a8ac
stimulus_videos	/pscratch/sd/s/sjmoon/EmoViS/data/raw/CowenEmotionVideos/2148.mp4	2148.mp4	573029	2026-05-08T05:07:27+00:00	64ee83542ae2ba3c162a4e78b1bce811abe16e140478bed8160dc911afa55de5
stimulus_videos	/pscratch/sd/s/sjmoon/EmoViS/data/raw/CowenEmotionVideos/2149.mp4	2149.mp4	114312	2026-05-08T05:07:27+00:00	144d41a3adb533af7479bc330518aaa50e9f390ca16f24a765ac61c3686d6ec0
stimulus_videos	/pscratch/sd/s/sjmoon/EmoViS/data/raw/CowenEmotionVideos/2150.mp4	2150.mp4	96247	2026-05-08T05:07:26+00:00	8a2c3823a92f9961486a7be059198ce873dca2e5fa7ef9915a5705978b90e990
stimulus_videos	/pscratch/sd/s/sjmoon/EmoViS/data/raw/CowenEmotionVideos/2151.mp4	2151.mp4	302786	2026-05-08T05:07:26+00:00	3df4202fc5fda3cebff18f7f27d5cf7092b8953c909b6e5bdcd0ea2f3d28412e
stimulus_videos	/pscratch/sd/s/sjmoon/EmoViS/data/raw/CowenEmotionVideos/2152.mp4	2152.mp4	400376	2026-05-08T05:07:26+00:00	1b7eb2457fddccfbfa5a272ffb8acfb7d3ed9aa5c7eef4dad09103a708ae2e56
stimulus_videos	/pscratch/sd/s/sjmoon/EmoViS/data/raw/CowenEmotionVideos/2153.mp4	2153.mp4	959207	2026-05-08T05:07:26+00:00	f1eb1c4451429e6030f5babcb58394ce82c93a4c4ccd5bc5aa3f86c3bf48cc55
stimulus_videos	/pscratch/sd/s/sjmoon/EmoViS/data/raw/CowenEmotionVideos/2154.mp4	2154.mp4	258925	2026-05-08T05:07:25+00:00	ef5384a1702fac9da4af3c44f19ac6d4b8eba5a3fbe89fb405a8d46f80a3d8da
stimulus_videos	/pscratch/sd/s/sjmoon/EmoViS/data/raw/CowenEmotionVideos/2155.mp4	2155.mp4	674457	2026-05-08T05:07:24+00:00	e2bb454987c486333052e49a020aeae6fa0c8a8d79a591ccc1528e657ab93213
stimulus_videos	/pscratch/sd/s/sjmoon/EmoViS/data/raw/CowenEmotionVideos/2156.mp4	2156.mp4	499350	2026-05-08T05:07:25+00:00	d09a295279b5727a2b80cb4d1575f4201ffa6fbd0dc6fb8310a6c1c2a2981ffe
stimulus_videos	/pscratch/sd/s/sjmoon/EmoViS/data/raw/CowenEmotionVideos/2157.mp4	2157.mp4	1010805	2026-05-08T05:07:25+00:00	c7d426dc2bde45486568c02e38833388cd1487e1ffa8e5b18e565765442c6be7
stimulus_videos	/pscratch/sd/s/sjmoon/EmoViS/data/raw/CowenEmotionVideos/2158.mp4	2158.mp4	1907851	2026-05-08T05:07:29+00:00	453320b215f2b17aabc370a2d5aec5ec3b849dda60003ce26619f751995317df
stimulus_videos	/pscratch/sd/s/sjmoon/EmoViS/data/raw/CowenEmotionVideos/2159.mp4	2159.mp4	6955384	2026-05-08T05:07:29+00:00	6a64bf185cbd45344be03d45516eab1f8bff16d6b30d5a9848ef86737c454f73
stimulus_videos	/pscratch/sd/s/sjmoon/EmoViS/data/raw/CowenEmotionVideos/2160.mp4	2160.mp4	51143	2026-05-08T05:07:27+00:00	96d6e71d7b728fc9e743a485ce16d0f33745c5263b8ab6df3fd5d60b6354bde9
stimulus_videos	/pscratch/sd/s/sjmoon/EmoViS/data/raw/CowenEmotionVideos/2161.mp4	2161.mp4	583945	2026-05-08T05:07:27+00:00	fe708ee75ee114346b22b8eeafaf025ea621e8c3ddce5a9f2bee4712109fba53
stimulus_videos	/pscratch/sd/s/sjmoon/EmoViS/data/raw/CowenEmotionVideos/2162.mp4	2162.mp4	2207373	2026-05-08T05:07:28+00:00	d24189e80c8e44e6ce924c027f9f9ba402c92875ca5db492384546102b4637a1
stimulus_videos	/pscratch/sd/s/sjmoon/EmoViS/data/raw/CowenEmotionVideos/2163.mp4	2163.mp4	76278	2026-05-08T05:07:27+00:00	9b31135c3d6af8dbe2f6c7f1cabc424fd4c2d561c63ce42ade98856672de4854
stimulus_videos	/pscratch/sd/s/sjmoon/EmoViS/data/raw/CowenEmotionVideos/2164.mp4	2164.mp4	389454	2026-05-08T05:07:29+00:00	8ecae4e39ce7e21f88909ae149450b5173576b249e65cd0a9614999587f1fadc
stimulus_videos	/pscratch/sd/s/sjmoon/EmoViS/data/raw/CowenEmotionVideos/2165.mp4	2165.mp4	194353	2026-05-08T05:07:29+00:00	a7ab371f38d31148320aa311ccb88f118f8b700a787b61cb20a5f8a883d99929
stimulus_videos	/pscratch/sd/s/sjmoon/EmoViS/data/raw/CowenEmotionVideos/2166.mp4	2166.mp4	433815	2026-05-08T05:07:28+00:00	e702e0d238f06998cb46677c3761a7c4f5eb31997713d270eb751920fb872abc
stimulus_videos	/pscratch/sd/s/sjmoon/EmoViS/data/raw/CowenEmotionVideos/2167.mp4	2167.mp4	85720	2026-05-08T05:07:28+00:00	e4562958c7ecda5942d8deb22af6485eb270ae7900316ab4b9a99134e884dc66
stimulus_videos	/pscratch/sd/s/sjmoon/EmoViS/data/raw/CowenEmotionVideos/2168.mp4	2168.mp4	2900907	2026-05-08T05:07:25+00:00	0f18579f43dd0fa9e2ef68337b702209ab9e943854c2c06f06f93dd5cf5a784b
stimulus_videos	/pscratch/sd/s/sjmoon/EmoViS/data/raw/CowenEmotionVideos/2169.mp4	2169.mp4	239716	2026-05-08T05:07:24+00:00	894bbab5fbb512dfb29c926c1481f519906c9a79be6b8c6d4d87737decdbafe9
stimulus_videos	/pscratch/sd/s/sjmoon/EmoViS/data/raw/CowenEmotionVideos/2170.mp4	2170.mp4	60493	2026-05-08T05:07:29+00:00	15a02883c42b068a5b55f3604e037c817211a3882f51da6919ad3aaf0db81792
stimulus_videos	/pscratch/sd/s/sjmoon/EmoViS/data/raw/CowenEmotionVideos/2171.mp4	2171.mp4	196594	2026-05-08T05:07:29+00:00	d9656a33f8c402c3cb709efa6350029c2172c16f6919fccbbcfcb7be0d756595
stimulus_videos	/pscratch/sd/s/sjmoon/EmoViS/data/raw/CowenEmotionVideos/2172.mp4	2172.mp4	578582	2026-05-08T05:07:28+00:00	bb43fa424fd2d67b5815d1925f2b3ad5fad9e64ea36dd4ca983f1da71d3ac7db
stimulus_videos	/pscratch/sd/s/sjmoon/EmoViS/data/raw/CowenEmotionVideos/2173.mp4	2173.mp4	198717	2026-05-08T05:07:28+00:00	8051994598fabd73c75b489eff632a358871df2a5cbc01688fb1d17a4e01139e
stimulus_videos	/pscratch/sd/s/sjmoon/EmoViS/data/raw/CowenEmotionVideos/2174.mp4	2174.mp4	236258	2026-05-08T05:07:27+00:00	7184fbeefa46e11ce8f8f8d5ac4b3863289b8144260d56d38343853fab799d0d
stimulus_videos	/pscratch/sd/s/sjmoon/EmoViS/data/raw/CowenEmotionVideos/2175.mp4	2175.mp4	360603	2026-05-08T05:07:27+00:00	eb4904c6da91fba82941607bc538bb4713dce42a16315ba7db5b5f4512f1070c
stimulus_videos	/pscratch/sd/s/sjmoon/EmoViS/data/raw/CowenEmotionVideos/2176.mp4	2176.mp4	625677	2026-05-08T05:07:28+00:00	5883b56cafa3f02248f0702015c0bae878507703eb389130f5008ae92a17fcb0
stimulus_videos	/pscratch/sd/s/sjmoon/EmoViS/data/raw/CowenEmotionVideos/2177.mp4	2177.mp4	538028	2026-05-08T05:07:27+00:00	24d1bdc1aeb9505c3b2f2994681b07c7d5c071f97811e45b6610a578adf346c8
stimulus_videos	/pscratch/sd/s/sjmoon/EmoViS/data/raw/CowenEmotionVideos/2178.mp4	2178.mp4	1181325	2026-05-08T05:07:26+00:00	a147b91bfc1d69ed7c7f68e0916d6e06fa22d3f223122a810ea34e8bd581ac34
stimulus_videos	/pscratch/sd/s/sjmoon/EmoViS/data/raw/CowenEmotionVideos/2179.mp4	2179.mp4	1693504	2026-05-08T05:07:26+00:00	fb2dc14e380d88ce5ad0d72e0fe820d1eeeebbac8c252128d1a7f62a81a3310e
stimulus_videos	/pscratch/sd/s/sjmoon/EmoViS/data/raw/CowenEmotionVideos/2180.mp4	2180.mp4	164518	2026-05-08T05:07:25+00:00	ae06ade1b8fb36a8ae5ead41ef7c0e69b55d50235dec1ac104eba5158004b0d1
stimulus_videos	/pscratch/sd/s/sjmoon/EmoViS/data/raw/CowenEmotionVideos/2181.mp4	2181.mp4	51154	2026-05-08T05:07:25+00:00	f4325f2206dbab720c01e387529386ec920fecdd73a95664fe5d0ebdb0bf1e3f
stimulus_videos	/pscratch/sd/s/sjmoon/EmoViS/data/raw/CowenEmotionVideos/2182.mp4	2182.mp4	262618	2026-05-08T05:07:24+00:00	1c7508dc49ccd5d95d5ec241be2f395a7fe59418bb8662717b98deb6ef28d78e
stimulus_videos	/pscratch/sd/s/sjmoon/EmoViS/data/raw/CowenEmotionVideos/2183.mp4	2183.mp4	360235	2026-05-08T05:07:25+00:00	bbe41a5d28d6a4c80d38ee07d07e1a05367f169d9fa1e80e7dbf108aabe20f67
stimulus_videos	/pscratch/sd/s/sjmoon/EmoViS/data/raw/CowenEmotionVideos/2184.mp4	2184.mp4	1010805	2026-05-08T05:07:26+00:00	c7d426dc2bde45486568c02e38833388cd1487e1ffa8e5b18e565765442c6be7
stimulus_videos	/pscratch/sd/s/sjmoon/EmoViS/data/raw/CowenEmotionVideos/2185.mp4	2185.mp4	228074	2026-05-08T05:07:26+00:00	c4c619b8006437b45706377fefe223e350b1f4bccd5bc7d70223f9dbd63a28f2
stimulus_videos	/pscratch/sd/s/sjmoon/EmoViS/data/raw/CowenEmotionVideos/2186.mp4	2186.mp4	1012552	2026-05-08T05:07:26+00:00	2862399262df9e88c2e00d34500ff68c0296eebc5e90c45008ece28882f8abef
stimulus_videos	/pscratch/sd/s/sjmoon/EmoViS/data/raw/CowenEmotionVideos/2187.mp4	2187.mp4	128502	2026-05-08T05:07:26+00:00	a52f6c1a866fff0a9397e7341bc20ebbb40ef9aef94a695f77ff26dd209effcb
stimulus_videos	/pscratch/sd/s/sjmoon/EmoViS/data/raw/CowenEmotionVideos/2188.mp4	2188.mp4	769365	2026-05-08T05:07:27+00:00	7acb1cb0f47cb18bf90ac2513dcfe38c548bc5cd94e7d2171b9e9558fdc37111
stimulus_videos	/pscratch/sd/s/sjmoon/EmoViS/data/raw/CowenEmotionVideos/2189.mp4	2189.mp4	119304	2026-05-08T05:07:28+00:00	103e5c17ffe818e5e934b81c4357b45f042f3eaa96cbf55faa2215702c1a739b
stimulus_videos	/pscratch/sd/s/sjmoon/EmoViS/data/raw/CowenEmotionVideos/2190.mp4	2190.mp4	1586061	2026-05-08T05:07:26+00:00	4dbc019e04cd63ad87b26930df6311d483a1d0d0912cf37a66b2d6ae57fa1ac0
stimulus_videos	/pscratch/sd/s/sjmoon/EmoViS/data/raw/CowenEmotionVideos/2191.mp4	2191.mp4	327780	2026-05-08T05:07:26+00:00	6923cf0d9afcec599f503dfe7805c594cbbef6c5f21a74b5522c7f897ddf61a3
stimulus_videos	/pscratch/sd/s/sjmoon/EmoViS/data/raw/CowenEmotionVideos/2192.mp4	2192.mp4	699676	2026-05-08T05:07:26+00:00	b5204629eb42af6a0619c461232deb90a107abb780d6140fc4cabd486e07eee5
stimulus_videos	/pscratch/sd/s/sjmoon/EmoViS/data/raw/CowenEmotionVideos/2193.mp4	2193.mp4	156836	2026-05-08T05:07:26+00:00	c7492dcc47b00823a8653fcadd3bef6b31a34bae915b877695a74bba4cd79169
stimulus_videos	/pscratch/sd/s/sjmoon/EmoViS/data/raw/CowenEmotionVideos/2194.mp4	2194.mp4	382422	2026-05-08T05:07:25+00:00	6c7f9892dbe1dfde8574359af2063bf7b8b0009bd4256c92586a23b28415a353
stimulus_videos	/pscratch/sd/s/sjmoon/EmoViS/data/raw/CowenEmotionVideos/2195.mp4	2195.mp4	99257	2026-05-08T05:07:25+00:00	fd9f7dcfb3ace1f8a98ccc7bb11bcaec87eb41df6bec0afdefc8242899e0a292
stimulus_videos	/pscratch/sd/s/sjmoon/EmoViS/data/raw/CowenEmotionVideos/2196.mp4	2196.mp4	107785	2026-05-08T05:07:24+00:00	57c71b41d7b115bff49eec1bd339ee011ff2b9cb1cf3434cb2974654656855e4
labels_emobrain	/pscratch/sd/s/sjmoon/EmoBrain/project/shared/data/cowen_horikawa_labels.csv	cowen_horikawa_labels.csv	776406	2026-07-03T07:50:14+00:00	a462c851d7f8849f4a51fbc8a63097931452629bfd2b51af42b00ade85633134
labels_emovis	/pscratch/sd/s/sjmoon/EmoViS/study1/data/master_stimulus_index.csv	master_stimulus_index.csv	776406	2026-07-03T07:38:03+00:00	a462c851d7f8849f4a51fbc8a63097931452629bfd2b51af42b00ade85633134
captions_human	/pscratch/sd/s/sjmoon/EmoBrain/project/shared/data/caption_ck20.csv	caption_ck20.csv	3431222	2026-07-03T06:49:56+00:00	633ae47a361f6116aa6c0c145c013a95d70aad30861c95a420a4a05d9c9e3c39
brain_roi_timeseries	/pscratch/sd/s/sjmoon/EmoBrain/project/shared/data/roi_timeseries/sub-01.pt	sub-01.pt	192839486	2026-07-07T02:17:15+00:00	c42df7bc249f553959fd8b71e0946da933de8e8549540039471e3a8b6476278e
brain_roi_timeseries	/pscratch/sd/s/sjmoon/EmoBrain/project/shared/data/roi_timeseries/sub-02.pt	sub-02.pt	192839486	2026-07-07T02:17:25+00:00	e570408b382148a62c31964384d278d4006c855a42d32b53df018847ac65c5a1
brain_roi_timeseries	/pscratch/sd/s/sjmoon/EmoBrain/project/shared/data/roi_timeseries/sub-03.pt	sub-03.pt	192839486	2026-07-07T02:17:35+00:00	969120e7445537713330d575b44c548815eddb449ac251ff748aaf20e093b5c1
brain_roi_timeseries	/pscratch/sd/s/sjmoon/EmoBrain/project/shared/data/roi_timeseries/sub-04.pt	sub-04.pt	192839486	2026-07-07T02:17:44+00:00	f656ea13e1f58fa4892512520e9c298a5a3039ec3e76986be45431f7c7fcd670
brain_roi_timeseries	/pscratch/sd/s/sjmoon/EmoBrain/project/shared/data/roi_timeseries/sub-05.pt	sub-05.pt	192839486	2026-07-07T02:17:54+00:00	303a428b9a637b62fc6c1a4ab4bfa2133f85a0af28f5f6ebc57c8db159839656
brain_roi_matrix	/pscratch/sd/s/sjmoon/EmoViS/data/raw/fmri_raw.npy	fmri_raw.npy	19764128	2026-05-08T05:07:17+00:00	d5715c18c20b9f61ad012cb42ff6c68323a360ee134ee58b81fde2c87180dcd3
main_stim_indices	/pscratch/sd/s/sjmoon/EmoViS/study1/data/main_stim_indices.npy	main_stim_indices.npy	8868	2026-07-03T07:38:03+00:00	6a6e66b7c4025b5aea67f9fb76a9314f2850bb5911cf9b99319c562a381fcb63
