# generated_by	prereg_v2/code/p1_stimulus_crosswalk.py
# generated_at_utc	2026-09-23T08:03:22Z
# git_commit	0bc3a79becf56c7a532980dcef09f5a8a0b36427
# python	/pscratch/sd/s/sjmoon/brain-jepa-env/bin/python
# asset_registry	/pscratch/sd/s/sjmoon/EmoBrain/prereg_v2/code/_assets.py
# asset_registry_sha256	9dc8264b6c79df478c33c4232818edd478489d852a05d90810918fbb2714bb5e
# decode_side	32
# ffmpeg_decode	/pscratch/sd/s/sjmoon/swift_PTL2/bin/ffmpeg
# ffprobe	/usr/bin/ffprobe
asset	path	filename	size_bytes	mtime_utc	sha256	video_number	container_duration_s	video_codec	width	height	frame_rate	nb_frames_declared	n_audio_streams	has_audio	probe_ok	audio_mean_volume_db	audio_max_volume_db	decoded_sha256	n_decoded_frames	clip_dhash	decode_ok	canonical_video_number	is_exact_duplicate_file
stimulus_videos	/pscratch/sd/s/sjmoon/EmoViS/data/raw/CowenEmotionVideos/0001.mp4	0001.mp4	1012552	2026-05-08T05:07:29+00:00	2862399262df9e88c2e00d34500ff68c0296eebc5e90c45008ece28882f8abef	1	3.76	h264	800	332	12.5	47	0	False	True			9b4e8783bffc2e5c311e34ac07e7e479d78cb5766ca37a8ca53d596ab38e793c	47	8510670252880454	True	1	False
stimulus_videos	/pscratch/sd/s/sjmoon/EmoViS/data/raw/CowenEmotionVideos/0002.mp4	0002.mp4	128502	2026-05-08T05:07:28+00:00	a52f6c1a866fff0a9397e7341bc20ebbb40ef9aef94a695f77ff26dd209effcb	2	2.56	h264	250	188	25.0	64	0	False	True			d867512031ece1f3e91e91990ab226839b1ab39c114127f0e70ac96fd40c085a	64	13165050092878065	True	2	False
stimulus_videos	/pscratch/sd/s/sjmoon/EmoViS/data/raw/CowenEmotionVideos/0003.mp4	0003.mp4	769365	2026-05-08T05:07:28+00:00	7acb1cb0f47cb18bf90ac2513dcfe38c548bc5cd94e7d2171b9e9558fdc37111	3	12.0	h264	350	188	10.0	120	0	False	True			423a4e408750e5e5ffa87a2fb7a65e1a6d8f4e4701f52d2ea044bf3ff5f83cad	120	2313857288865292	True	3	False
stimulus_videos	/pscratch/sd/s/sjmoon/EmoViS/data/raw/CowenEmotionVideos/0004.mp4	0004.mp4	119304	2026-05-08T05:07:27+00:00	103e5c17ffe818e5e934b81c4357b45f042f3eaa96cbf55faa2215702c1a739b	4	1.5	h264	500	448	16.666666666666668	25	0	False	True			61394627652d2386bd0b29c3dcb46af5bc6ecd4ef7b91c2dacb6a876328e9234	25	36897670390981447	True	4	False
stimulus_videos	/pscratch/sd/s/sjmoon/EmoViS/data/raw/CowenEmotionVideos/0005.mp4	0005.mp4	1586061	2026-05-08T05:07:27+00:00	4dbc019e04cd63ad87b26930df6311d483a1d0d0912cf37a66b2d6ae57fa1ac0	5	15.1	h264	576	360	10.0	151	0	False	True			cef4ecc5aaf12347c6caa86f1cc675a8a6ef5a320a4a164cddb3f7ae13436e17	151	851073945385060	True	5	False
stimulus_videos	/pscratch/sd/s/sjmoon/EmoViS/data/raw/CowenEmotionVideos/0006.mp4	0006.mp4	327780	2026-05-08T05:07:27+00:00	6923cf0d9afcec599f503dfe7805c594cbbef6c5f21a74b5522c7f897ddf61a3	6	4.62	h264	496	280	16.666666666666668	77	0	False	True			3e9cfb34432a81324c62cb1dd75def9f92bbe1e6bc183021a0b06759f6224dbc	77	10779720235273619	True	6	False
stimulus_videos	/pscratch/sd/s/sjmoon/EmoViS/data/raw/CowenEmotionVideos/0007.mp4	0007.mp4	699676	2026-05-08T05:07:28+00:00	b5204629eb42af6a0619c461232deb90a107abb780d6140fc4cabd486e07eee5	7	13.7	h264	426	240	10.0	137	0	False	True			97ee44f249cf59b39a23a2efa988e27c87c7e328f5e4d2729ab966ff870f30f4	137	40000475430967731	True	7	False
stimulus_videos	/pscratch/sd/s/sjmoon/EmoViS/data/raw/CowenEmotionVideos/0008.mp4	0008.mp4	156836	2026-05-08T05:07:26+00:00	c7492dcc47b00823a8653fcadd3bef6b31a34bae915b877695a74bba4cd79169	8	1.05	h264	1000	562	33.333333333333336	35	0	False	True			6c0a6996f2fb2b6156aaf8f717731a28aec4520ae9e2c1016c7061f77d90465a	35	43970343885197516	True	8	False
stimulus_videos	/pscratch/sd/s/sjmoon/EmoViS/data/raw/CowenEmotionVideos/0009.mp4	0009.mp4	382422	2026-05-08T05:07:26+00:00	6c7f9892dbe1dfde8574359af2063bf7b8b0009bd4256c92586a23b28415a353	9	3.6	h264	640	360	10.0	36	0	False	True			e913b24337f754dadbd00c159c00c275778f972fb684fbd4aa7a9c0232ae4a82	36	7375985573342005	True	9	False
stimulus_videos	/pscratch/sd/s/sjmoon/EmoViS/data/raw/CowenEmotionVideos/0010.mp4	0010.mp4	99257	2026-05-08T05:07:27+00:00	fd9f7dcfb3ace1f8a98ccc7bb11bcaec87eb41df6bec0afdefc8242899e0a292	10	1.4	h264	500	280	10.0	14	0	False	True			852bbf00253363c981033445338731ae69fab06e91c3c9b440b2a5595e185edd	14	36880116082855343	True	10	False
stimulus_videos	/pscratch/sd/s/sjmoon/EmoViS/data/raw/CowenEmotionVideos/0011.mp4	0011.mp4	107785	2026-05-08T05:07:27+00:00	57c71b41d7b115bff49eec1bd339ee011ff2b9cb1cf3434cb2974654656855e4	11	2.1	h264	400	224	14.285714285714286	30	0	False	True			3d3a48d64d267f5d6d0ac8b082a286243656f039a93ad09d8ba0c0871208bf9b	30	28901122108010351	True	11	False
stimulus_videos	/pscratch/sd/s/sjmoon/EmoViS/data/raw/CowenEmotionVideos/0012.mp4	0012.mp4	2794499	2026-05-08T05:07:27+00:00	179da5baa24d5f0fa65aa584983f82dc405ac15379f50a6ba3547de923d75602	12	4.1	h264	952	538	10.0	41	0	False	True			a01eed192e8866ce7322cab90711795ba093ac86a683fa054b8b9c283d0ea0a9	41	34190690139291776	True	12	False
stimulus_videos	/pscratch/sd/s/sjmoon/EmoViS/data/raw/CowenEmotionVideos/0013.mp4	0013.mp4	411492	2026-05-08T05:07:28+00:00	371d9775cc84ea1838d4088e9d90518705dcb5e9756559e6bbd4021966bc3792	13	3.24	h264	450	236	11.11111111111111	36	0	False	True			127ad2a504072a33708db2ab0b2ccc45d6d999191bf7053f834bdb7d8773f34b	36	8475420734314942	True	13	False
stimulus_videos	/pscratch/sd/s/sjmoon/EmoViS/data/raw/CowenEmotionVideos/0014.mp4	0014.mp4	1042450	2026-05-08T05:07:29+00:00	2c8a35af1e021bd23b8ab5a75bf95e7a6a4717120efae7b64443e316550c00a2	14	15.1	h264	400	224	10.0	151	0	False	True			a7dfb09ea7dcd4d11a318bfdce0a4384d481fd6d6f3ffab9eb24f237552483f4	151	60513631269670814	True	14	False
stimulus_videos	/pscratch/sd/s/sjmoon/EmoViS/data/raw/CowenEmotionVideos/0015.mp4	0015.mp4	1117508	2026-05-08T05:07:29+00:00	128f01a2f66cd5a442e34bffe050949cf49330abfd07e194689a215696c026eb	15	7.88	h264	720	404	25.0	197	0	False	True			347f52fd632deacbad8d37b0f65292b4b000843816b2baf496885f69dfe7e8fa	197	3971678411539395	True	15	False
stimulus_videos	/pscratch/sd/s/sjmoon/EmoViS/data/raw/CowenEmotionVideos/0016.mp4	0016.mp4	81555	2026-05-08T05:07:28+00:00	3b0525a443d96a6666e872be365f2b816eca1a1c8d48948bf52880de43a80755	16	0.945	h264	346	614	28.583333333333332	27	0	False	True			8615129ab1466fba6b872a34f2bcc19d5f61ce141c0bccf0242be2687d9abea5	27	8864229337960383	True	16	False
stimulus_videos	/pscratch/sd/s/sjmoon/EmoViS/data/raw/CowenEmotionVideos/0017.mp4	0017.mp4	1658453	2026-05-08T05:07:28+00:00	71027b792d38d4ffa150475daee531897dfb134930b890d6855f0b29b862b59d	17	8.75	h264	500	276	14.285714285714286	125	0	False	True			88c177f081e632c45760abe1e7b26a87d8b5f8fc7ff176fb2411f66df7011156	125	13654584173803632	True	17	False
stimulus_videos	/pscratch/sd/s/sjmoon/EmoViS/data/raw/CowenEmotionVideos/0018.mp4	0018.mp4	174612	2026-05-08T05:07:24+00:00	1528de091343a81fdf0d0bc0170b22d6563aab40fa64907ec9c014dac2fbcdff	18	7.8	h264	200	168	10.0	78	0	False	True			27259ac274d97965b38d578be7cec4df946c5fe5a0c49ea0fe76ea948232b780	78	32766380578564582	True	18	False
stimulus_videos	/pscratch/sd/s/sjmoon/EmoViS/data/raw/CowenEmotionVideos/0019.mp4	0019.mp4	204602	2026-05-08T05:07:25+00:00	feb7681b1ea4f0356aeab15f1194ea76646e36cc61d03d9d722e1b1866b944cd	19	3.0	h264	420	306	10.0	30	0	False	True			35561ab657a127bc70c8db1e51738ec2a7625beb14b3a2cc7687d0d6eb2443e9	30	4543493728071923	True	19	False
stimulus_videos	/pscratch/sd/s/sjmoon/EmoViS/data/raw/CowenEmotionVideos/0020.mp4	0020.mp4	58236	2026-05-08T05:07:26+00:00	f32ff5c8e7df5a1a0a4620a07f943a82af510509a429d12e5effc437689751b8	20	14.68	h264	500	400	25.0	367	0	False	True			2b0e5b2b793b7f321e2eed79d8cfb473fbde51810efcc90f11ec601fda00b51b	367	66765044233512794	True	20	False
stimulus_videos	/pscratch/sd/s/sjmoon/EmoViS/data/raw/CowenEmotionVideos/0021.mp4	0021.mp4	247934	2026-05-08T05:07:26+00:00	d0d590aa6cf2f8e970b7496f34f49aa805ff3823b4e61ce63f33b90ee3de5a8e	21	10.32	h264	320	240	8.333333333333334	86	0	False	True			03652a9ded15461cef023f4e2e73e534dcb52f0d81bd0737cddd0a4d7a8fdd9f	86	14152530607939084	True	21	False
stimulus_videos	/pscratch/sd/s/sjmoon/EmoViS/data/raw/CowenEmotionVideos/0022.mp4	0022.mp4	2636721	2026-05-08T05:07:26+00:00	673a1d29087e31edb1f130b2afdd853cf933e7ffcb01ffa10b0a464a2b838f89	22	14.6	h264	720	404	30.0	438	0	False	True			9aaee7bfeb3cfe5f1c4c5b58d730b0be753c013460c63eb4dd6af91091943a0b	438	8493147267253143	True	22	False
stimulus_videos	/pscratch/sd/s/sjmoon/EmoViS/data/raw/CowenEmotionVideos/0023.mp4	0023.mp4	63367	2026-05-08T05:07:26+00:00	8d9018f25f6b63fe99d5d7fc6271ac883dbefb430bab46d070615b5d8483d881	23	1.6	h264	344	194	10.0	16	0	False	True			b0ffe29ccec018513f7bfed26fff7c21de0b0d0aa2572f57110ad4fb31c58f90	16	50442165076007170	True	23	False
stimulus_videos	/pscratch/sd/s/sjmoon/EmoViS/data/raw/CowenEmotionVideos/0024.mp4	0024.mp4	1286410	2026-05-08T05:07:24+00:00	65b2eb00d9789f878f098b93cbef09fd5e3f41b7639538f00a97fa8b599eb92e	24	15.08	h264	464	260	25.0	377	0	False	True			23ba989143d41cc737b2f193d121013f9269f4984ba40014a92212ffa2654df4	377	17728421464360839	True	24	False
stimulus_videos	/pscratch/sd/s/sjmoon/EmoViS/data/raw/CowenEmotionVideos/0025.mp4	0025.mp4	130565	2026-05-08T05:07:25+00:00	400181c291d70bf9a4a68d5aabd1ca052ec72af69bfaad854f3ac2e67af88c88	25	2.3	h264	400	400	20.0	46	0	False	True			0f60b31ec9c588f40c5f86195a621c842cf5683fd8262e07f43b8482b5e30c7f	46	70368737684651463	True	25	False
stimulus_videos	/pscratch/sd/s/sjmoon/EmoViS/data/raw/CowenEmotionVideos/0026.mp4	0026.mp4	96901	2026-05-08T05:07:25+00:00	8a4ad1a42305c489fec4a0ebd2f32c49a0d9744af8b3124832fd13a4230da90d	26	0.6	h264	500	700	16.666666666666668	10	0	False	True			3f4c06fa39fb0268fe2a29cf5c9315a36eb56afefb18f192af0efb0d540ae7cb	10	9637676326307614	True	26	False
stimulus_videos	/pscratch/sd/s/sjmoon/EmoViS/data/raw/CowenEmotionVideos/0027.mp4	0027.mp4	2911072	2026-05-08T05:07:25+00:00	20960a0d74e09657c8392ac172a6f81f1fd0e3d9abdf8f21fb4cf316d646964d	27	13.28	h264	640	352	25.0	332	0	False	True			02b9d25e7a9dff25fa9aa0829977b0d1a92875025c9d6a486b1932c274802bd9	332	64895760632602575	True	27	False
stimulus_videos	/pscratch/sd/s/sjmoon/EmoViS/data/raw/CowenEmotionVideos/0028.mp4	0028.mp4	271747	2026-05-08T05:07:28+00:00	7d61dbe4972de3032d72c8b08cd83fb8096bf4503b5fe1de25f12dfa99f08e0f	28	1.7	h264	396	326	10.0	17	0	False	True			faac8f24a6f23856d04b7ebb58d5e42621dd716152e8412c66d25ff89ddebec6	17	67901958998132558	True	28	False
stimulus_videos	/pscratch/sd/s/sjmoon/EmoViS/data/raw/CowenEmotionVideos/0029.mp4	0029.mp4	2179490	2026-05-08T05:07:29+00:00	19b9b5970d27910bd3ee3abb9cbfbb04774030ff334bc1df4509e182db223715	29	17.96	h264	600	338	25.0	449	0	False	True			4e867bfb7ea5ab2916f7775fe7290d6b77af889f6427e803451ab7cb027a594f	449	8475278038909831	True	29	False
stimulus_videos	/pscratch/sd/s/sjmoon/EmoViS/data/raw/CowenEmotionVideos/0030.mp4	0030.mp4	289358	2026-05-08T05:07:24+00:00	cec3ecd43bf30e2df36f257d2c83d4711b529c1ea53cbb2bd58180a1c41ada6d	30	2.888	h264	430	414	11.083333333333334	32	0	False	True			acdedbf65602aeb1233d0ab60fad873ad87fb4edfb96a78198a084c216849c4d	32	36031017686147168	True	30	False
stimulus_videos	/pscratch/sd/s/sjmoon/EmoViS/data/raw/CowenEmotionVideos/0031.mp4	0031.mp4	809755	2026-05-08T05:07:25+00:00	9d5ac5ac773dbda8dad91386ac5606641e54b1dd54bc8f2ea597022efe9ff67b	31	8.26	h264	450	168	7.142857142857143	59	0	False	True			8ef9b5d077345ca75d094223eb8a0f04ebb7b7d54bde9b9e4082d1161e4fd86e	59	27096953810864563	True	31	False
stimulus_videos	/pscratch/sd/s/sjmoon/EmoViS/data/raw/CowenEmotionVideos/0032.mp4	0032.mp4	7584644	2026-05-08T05:07:25+00:00	751af474e8c6f64efcfac3d12e9d42df38ecba42e50b2d3b954a2b3a4aea9daf	32	15.034	h264	720	720	30.0	451	0	False	True			a0766a5301e8f38262a07e7ebd02e0857dfc697ec5751b433571d4ebae5cac45	451	39168583356432643	True	32	False
stimulus_videos	/pscratch/sd/s/sjmoon/EmoViS/data/raw/CowenEmotionVideos/0033.mp4	0033.mp4	124437	2026-05-08T05:07:25+00:00	08acac6b53249c8346a638a475f72c136ad7f7ee2462edaa8d47abfc139429f5	33	8.4	h264	400	224	10.0	84	0	False	True			c370789e81556724b6a0f4aba874807c90164e7289cc91bba3cb34dcd7c41a6b	84	30616145936764729	True	33	False
stimulus_videos	/pscratch/sd/s/sjmoon/EmoViS/data/raw/CowenEmotionVideos/0034.mp4	0034.mp4	4316594	2026-05-08T05:07:26+00:00	df85a94f32b533839f9f05dee79e8f0fd109f3bb833e74bc5bdf372506182a51	34	25.0	h264	692	388	10.0	250	0	False	True			f85260a7ddcfff2fee1bcd47359d4c846d60713b5c03d2b8839ae37109c25cc9	250	45133277033815547	True	34	False
stimulus_videos	/pscratch/sd/s/sjmoon/EmoViS/data/raw/CowenEmotionVideos/0035.mp4	0035.mp4	137745	2026-05-08T05:07:26+00:00	00c184792e0d99b3c37835a5377d93ec04c46fbf7b8c8523ce87af213e2e1f15	35	2.4	h264	524	296	10.0	24	0	False	True			057b3d732589a262d077a6700405ea45c9986d804ff605efb2ddcaaa9e72b989	24	63112650545564996	True	35	False
stimulus_videos	/pscratch/sd/s/sjmoon/EmoViS/data/raw/CowenEmotionVideos/0036.mp4	0036.mp4	83168	2026-05-08T05:07:26+00:00	fab7f736fef61489188cc670df4590baab8b48f8297e92828e72e02ecf656ca8	36	1.1	h264	450	336	10.0	11	0	False	True			e91df802cca9cc5ad5aeb5af5ae255a2f2a0629779b73fbfc442cfa7182b05dc	11	7907895410803591	True	36	False
stimulus_videos	/pscratch/sd/s/sjmoon/EmoViS/data/raw/CowenEmotionVideos/0037.mp4	0037.mp4	105877	2026-05-08T05:07:26+00:00	70b5123ebba4355c458fda069d739aa508098b2621a5355523bf5ee02eb95338	37	2.4	h264	500	282	10.0	24	0	False	True			5887b235bd263cf5448b60c055def5f0c341b6daaf45575299e8c5ca1a955fb8	24	41986327605473746	True	37	False
stimulus_videos	/pscratch/sd/s/sjmoon/EmoViS/data/raw/CowenEmotionVideos/0038.mp4	0038.mp4	967533	2026-05-08T05:07:27+00:00	cf170f5b0850c5b32ee86e8bc91c23654126007d8508961959dfdcb8c2de4578	38	10.5	h264	400	226	14.285714285714286	150	0	False	True			207fbc15066a36851ce8f9b353978f07467bac83f62a2ed69f6d8c3818d7361c	150	17145176534938319	True	38	False
stimulus_videos	/pscratch/sd/s/sjmoon/EmoViS/data/raw/CowenEmotionVideos/0039.mp4	0039.mp4	321937	2026-05-08T05:07:27+00:00	2f5022ed24a74273db019b04a6b8269eb284de53dec0aabbc464e56a842f0287	39	7.9	h264	636	356	10.0	79	0	False	True			04dc79ea16a2358e835d27de55d6cb8205e647e0e73ad81896be7299ac11365f	79	8506149341153683	True	39	False
stimulus_videos	/pscratch/sd/s/sjmoon/EmoViS/data/raw/CowenEmotionVideos/0040.mp4	0040.mp4	1012925	2026-05-08T05:07:23+00:00	ce22fb8dd49dea16b54a7e54c9266b5f20bc7067082b5a2ac707b0593ccc267d	40	14.96	h264	320	240	25.0	374	0	False	True			e69124ad6e3c7b441126f2349b6c8c3279f8653c2ce780cf713afb2b7a187313	374	8510324972241742	True	40	False
stimulus_videos	/pscratch/sd/s/sjmoon/EmoViS/data/raw/CowenEmotionVideos/0041.mp4	0041.mp4	2131211	2026-05-08T05:07:23+00:00	5a5cdb4ee0af0e9cc78a2c419e7483e1f96f8b79b8b5583ed7ba2157e29ec899	41	10.5	h264	720	404	14.285714285714286	150	0	False	True			ab28ec41218fc14a73c9cb1e2012c7cab1c699591815adfaac7f76d040441e00	150	54770725576245530	True	41	False
stimulus_videos	/pscratch/sd/s/sjmoon/EmoViS/data/raw/CowenEmotionVideos/0042.mp4	0042.mp4	349947	2026-05-08T05:07:24+00:00	b276b211a34eb8ebb7c9f33cb18f65d8c850c1f2873343d18946d66f429ad112	42	4.8	h264	402	252	20.0	96	0	False	True			779e208debc4c8a604f712eaac398efa6d8552d04b0e545115b75138a12baf86	96	57146753359465776	True	42	False
stimulus_videos	/pscratch/sd/s/sjmoon/EmoViS/data/raw/CowenEmotionVideos/0043.mp4	0043.mp4	928004	2026-05-08T05:07:24+00:00	65f73e9111f9750c63b7d1ffd9930dca4fb86dbf799ea3aaf700baf72a337456	43	13.9	h264	320	240	10.0	139	0	False	True			f19c3ec678e3c318a82f4fb70d90556ad4ae832b1cd9fce99eac7bc4917c8e31	139	15319346166688159	True	43	False
stimulus_videos	/pscratch/sd/s/sjmoon/EmoViS/data/raw/CowenEmotionVideos/0044.mp4	0044.mp4	143151	2026-05-08T05:07:23+00:00	bfe54b36467a692c1af612ee844c785b6a2666e9ea307a60e8be32248f6e8684	44	2.0	h264	500	280	10.0	20	0	False	True			b42519ea289d629dda0072cf6f38a18cb7cd4c3a5fc62a507f81c21e56be4186	20	15594105569979533	True	44	False
stimulus_videos	/pscratch/sd/s/sjmoon/EmoViS/data/raw/CowenEmotionVideos/0045.mp4	0045.mp4	546396	2026-05-08T05:07:23+00:00	85d191dee26cf7c5fd8516f716d34ec42afb62b277e20c1d502f08e9a72a886b	45	5.5	h264	562	356	10.0	55	0	False	True			c1162f04f3ca55bb22a60ff1bc41582d8ef6258c64c0863b762282653220d094	55	30246438651804533	True	45	False
stimulus_videos	/pscratch/sd/s/sjmoon/EmoViS/data/raw/CowenEmotionVideos/0046.mp4	0046.mp4	1253239	2026-05-08T05:07:22+00:00	1eb3261aea609dfda450c0dee5c7e16abd067093c36ff903ab5014866947c53a	46	6.72	h264	480	270	16.666666666666668	112	0	False	True			d8c8defcf6772b068ed9f7a9a2e08ed0d84fecbb0d2c5f3dd7ca38e4ade429b4	112	49378584535349034	True	46	False
stimulus_videos	/pscratch/sd/s/sjmoon/EmoViS/data/raw/CowenEmotionVideos/0047.mp4	0047.mp4	1164139	2026-05-08T05:07:22+00:00	3fe631a9f35a33b0e767783c2a875364336559664ddfad61ce211cbb00481908	47	14.28	h264	320	236	8.333333333333334	119	0	False	True			30e243234bfb9842b08e5c5b61224adde9b41edafe2e59251c77925daf16906d	119	63288050744914403	True	47	False
stimulus_videos	/pscratch/sd/s/sjmoon/EmoViS/data/raw/CowenEmotionVideos/0048.mp4	0048.mp4	192357	2026-05-08T05:07:30+00:00	621a64ecbab6dd9bdf2bb36611856b574548d127d309b53d79bdb39b9e8dd5f7	48	4.9	h264	256	256	10.0	49	0	False	True			1922eac3392d89896b8e3993ff9eeae97c51638ab0419b96dae5e9c79eef5b9e	49	56161272695710066	True	48	False
stimulus_videos	/pscratch/sd/s/sjmoon/EmoViS/data/raw/CowenEmotionVideos/0049.mp4	0049.mp4	175971	2026-05-08T05:07:30+00:00	38148c248c64b67a2d1b28f2cb55056a2112f718fadab52218a424a4affc3043	49	1.92	h264	500	208	8.333333333333334	16	0	False	True			5762759eff3070b5ed0726435b6650b4a455489c33a24b482208b56bc2023acb	16	25539938786005383	True	49	False
stimulus_videos	/pscratch/sd/s/sjmoon/EmoViS/data/raw/CowenEmotionVideos/0050.mp4	0050.mp4	141565	2026-05-08T05:07:23+00:00	2abd10fc7bd54d6e07cc5b3cb398a338e0bb946ebf526a85fe5dc00168154fc4	50	4.0	h264	460	272	10.0	40	0	False	True			a46e27e13ce417ca2a00fd79398e712a3fb8ab9f434c1db8e05c45640a05a842	40	41800692786787116	True	50	False
stimulus_videos	/pscratch/sd/s/sjmoon/EmoViS/data/raw/CowenEmotionVideos/0051.mp4	0051.mp4	1506184	2026-05-08T05:07:23+00:00	6580daad6c442175c39c233fd3e92cc70bcb596d621a4569c0e6044d7284514e	51	6.1	h264	720	540	30.0	183	0	False	True			36fc74ce3548334d345273eb21be04ccf0d15234676cdb09324c1da0bbb540ac	183	567384540906520	True	51	False
stimulus_videos	/pscratch/sd/s/sjmoon/EmoViS/data/raw/CowenEmotionVideos/0052.mp4	0052.mp4	542345	2026-05-08T05:07:22+00:00	701e3944923e4a5d8c561e2fda37e764bb411ba65667a25d97b08fbfa86734af	52	5.22	h264	292	244	11.11111111111111	58	0	False	True			8a068cffb02a580631e2f28064ef4f009efc113c16e165e405d37a63d01709b0	58	59964836167914358	True	52	False
stimulus_videos	/pscratch/sd/s/sjmoon/EmoViS/data/raw/CowenEmotionVideos/0053.mp4	0053.mp4	709005	2026-05-08T05:07:22+00:00	2e75c109cc17c3f490c6baa75756b1a19068180f9acc6e8ce251bcfd42ad4a0c	53	10.44	h264	350	200	100.0	1044	0	False	True			3ece9164879e30b166514bcffcfc5b5bee95215b55bde6b05b758bfaf36e5a8b	1044	28938644922620339	True	53	False
stimulus_videos	/pscratch/sd/s/sjmoon/EmoViS/data/raw/CowenEmotionVideos/0054.mp4	0054.mp4	585044	2026-05-08T05:07:23+00:00	5d7e3aa4a944e37d4a0a5a50d4688d4118a8311a6e1211ed1d84e368125ac9b9	54	3.9	h264	712	362	10.0	39	0	False	True			42e2bbf9e9621ad2131ac70da316e77afcf9dfc33f04706cae0012b1e3790358	39	67148386559722625	True	54	False
stimulus_videos	/pscratch/sd/s/sjmoon/EmoViS/data/raw/CowenEmotionVideos/0055.mp4	0055.mp4	683209	2026-05-08T05:07:23+00:00	905612a5b9f3374607d62a67f71b52837fd2183e866674b7316365c1ce360cee	55	6.1	h264	600	338	10.0	61	0	False	True			0ad545ce684b0bd5c6660b4fd432420edf152df0e146adc28142a6578d6652ab	61	72057593784884667	True	55	False
stimulus_videos	/pscratch/sd/s/sjmoon/EmoViS/data/raw/CowenEmotionVideos/0056.mp4	0056.mp4	2249397	2026-05-08T05:07:24+00:00	a79fd2235fc4fb10342686327470e42752655ee085d27e53635d1ad09235e0f2	56	15.1	h264	500	500	10.0	151	0	False	True			99cdbf7698d035ac27e84d3bd9d04b4f1db3abffa1585ff0b0345bb725746006	151	30010984217939353	True	56	False
stimulus_videos	/pscratch/sd/s/sjmoon/EmoViS/data/raw/CowenEmotionVideos/0057.mp4	0057.mp4	55795	2026-05-08T05:07:24+00:00	5bb7b6e8b607429b5f7e00adc1b53fa5364b2fbe1aa761de937b9e1bac52424a	57	1.74	h264	500	280	16.666666666666668	29	0	False	True			b5cc299efe40cda5d7e4f52a588100c008ce954b4253a7b5ea4b63e8216be79e	29	11846369328560658	True	57	False
stimulus_videos	/pscratch/sd/s/sjmoon/EmoViS/data/raw/CowenEmotionVideos/0058.mp4	0058.mp4	1152337	2026-05-08T05:07:30+00:00	05f3a182c5e79b9bea2738f74e86bb7414bdb7e8bb2aa0ef3a48fde74203c4f8	58	4.38	h264	500	332	16.666666666666668	73	0	False	True			01db1bf5c832af37bd964781341076dd74703ffe8886b0d5860f665229a2de25	73	8510752338461597	True	58	False
stimulus_videos	/pscratch/sd/s/sjmoon/EmoViS/data/raw/CowenEmotionVideos/0059.mp4	0059.mp4	322598	2026-05-08T05:07:30+00:00	71150cb9775e8b0fd22d29bf7eb2790ef6c298cc2c363cc2f24b2753d9d9ccc3	59	2.4	h264	500	282	10.0	24	0	False	True			5fc69dee38b9018317de3f4e00c9b725e450916f1ceaa7b907063e9801203f22	24	40002951512569259	True	59	False
stimulus_videos	/pscratch/sd/s/sjmoon/EmoViS/data/raw/CowenEmotionVideos/0060.mp4	0060.mp4	1047158	2026-05-08T05:07:30+00:00	b9b97a2c7d8594d7116aa35ad15704a45b1e8c6487cc6b6ae52cac3b13546d97	60	5.339	h264	720	404	29.97002997002997	160	0	False	True			bbf0cc75b0f58711764a48100cfdd48a46277b3b737b24f4ae645e1a4b1fa421	160	50489608309425031	True	60	False
stimulus_videos	/pscratch/sd/s/sjmoon/EmoViS/data/raw/CowenEmotionVideos/0061.mp4	0061.mp4	112637	2026-05-08T05:07:30+00:00	0e9485e5970058e039eadd20bc954f96440843d65dcd3e9a2a930e190c5b461d	61	14.04	h264	220	300	25.0	351	0	False	True			4fb3ae601c90bb2fd0ee432f2892364c820ceee186c1cbc210d99155d992059e	351	56186563583226339	True	61	False
stimulus_videos	/pscratch/sd/s/sjmoon/EmoViS/data/raw/CowenEmotionVideos/0062.mp4	0062.mp4	295261	2026-05-08T05:07:31+00:00	0ac550bd018b0f16f4caf3e8092ce7abba81d71917922d7bba58cba5c514eee2	62	10.01	h264	290	198	7.6923076923076925	77	0	False	True			b0f1f7d86a8b6287c0e7b7bd7e4ac5a7ab049abebb978c93e8616f733c1e6e5e	77	11010975316727791	True	62	False
stimulus_videos	/pscratch/sd/s/sjmoon/EmoViS/data/raw/CowenEmotionVideos/0063.mp4	0063.mp4	1449509	2026-05-08T05:07:31+00:00	379296dbe99b71a7fc122be9f9981e06a8d14ea5a2e5a9475ad553f873993d5e	63	15.12	h264	718	404	25.0	378	0	False	True			ec96d470990734c65b1cc2d3090ddffb7fcb658b4ffbe3bae4196bb416726627	378	36015079569974943	True	63	False
stimulus_videos	/pscratch/sd/s/sjmoon/EmoViS/data/raw/CowenEmotionVideos/0064.mp4	0064.mp4	203289	2026-05-08T05:07:30+00:00	ab4357783bf291dd962c28cfa6755214b7ee6625a6993e0ea92f29f735554183	64	7.2	h264	400	224	11.11111111111111	80	0	False	True			429964ddc03a9066f0280881688e9b7c189263f8a5d4f7b464789a2bd16173a1	80	19929315020692794	True	64	False
stimulus_videos	/pscratch/sd/s/sjmoon/EmoViS/data/raw/CowenEmotionVideos/0065.mp4	0065.mp4	747735	2026-05-08T05:07:30+00:00	f899a9c9d7e9775bf3ead0ae45f923593b5371557b34ffa5aae2aee574c6ff14	65	3.78	h264	480	270	16.666666666666668	63	0	False	True			a4306557d83fed6a6e284e82423a1353df9053b273e03557ce1a37c48ccc13ee	63	37016245172261548	True	65	False
stimulus_videos	/pscratch/sd/s/sjmoon/EmoViS/data/raw/CowenEmotionVideos/0066.mp4	0066.mp4	1476203	2026-05-08T05:07:29+00:00	a2ad569d2efb08db7d6e249a152259b7ccc6939ddca357bc4b1f0e6184a5a4e5	66	31.1	h264	416	334	10.0	311	0	False	True			bd0a70495199ddc37943b16ac6c255d5dbf547ce75e96b2d871111c0cc415a46	311	37159233755570370	True	66	False
stimulus_videos	/pscratch/sd/s/sjmoon/EmoViS/data/raw/CowenEmotionVideos/0067.mp4	0067.mp4	2276943	2026-05-08T05:07:29+00:00	16bdb0e320f38f1f3f29e2269eec2c61d2e74c1fdc759a5476e7c9d7687378ce	67	5.6	h264	720	540	30.0	168	0	False	True			af9605fe8f80c6b9a826d1db7ecbdbf80fb7a4bd8994dd173b21793965e8fc66	168	239528736621983	True	67	False
stimulus_videos	/pscratch/sd/s/sjmoon/EmoViS/data/raw/CowenEmotionVideos/0068.mp4	0068.mp4	317058	2026-05-08T05:07:24+00:00	25c16af80c784c154eae44954384062a5f474c205734f0673898bab3016db3a0	68	2.64	h264	410	230	25.0	66	0	False	True			8fd690badc74f2111edc9eec186e10dfa3f645eeb28ad64d7ea3492638c8d212	66	44785558649887155	True	68	False
stimulus_videos	/pscratch/sd/s/sjmoon/EmoViS/data/raw/CowenEmotionVideos/0069.mp4	0069.mp4	805079	2026-05-08T05:07:23+00:00	d6b2cca384a7b7c7c931e4baa8a3878261b75592c20389e4695627d294b49cce	69	5.3	h264	640	360	10.0	53	0	False	True			ac2de79ed95b90d9dc488f692e57658f92926de22374b6e1ba2b47d178acdfba	53	14326409266625657	True	69	False
stimulus_videos	/pscratch/sd/s/sjmoon/EmoViS/data/raw/CowenEmotionVideos/0070.mp4	0070.mp4	718568	2026-05-08T05:07:30+00:00	7a83755f4af3fa9be7f72930d20f3f628239c9d374e4586fe3d1e85787bc55a2	70	13.7	h264	230	182	10.0	137	0	False	True			0c15399fa1ea6ef1362c4f8c4f9571b49b0cf7a1d1bfd15c89a9815b177cffe8	137	39158140202690395	True	70	False
stimulus_videos	/pscratch/sd/s/sjmoon/EmoViS/data/raw/CowenEmotionVideos/0071.mp4	0071.mp4	233546	2026-05-08T05:07:30+00:00	9a640516a77b095740829db956d6ecea8cc9b030a4cee562b40c1ea5a45d41c0	71	2.0	h264	640	360	10.0	20	0	False	True			f886f3a57428f4d7d8ab6df8150a2af4ffc0c1c67429277f9396795dd0fb7f6b	20	4539065480447518	True	71	False
stimulus_videos	/pscratch/sd/s/sjmoon/EmoViS/data/raw/CowenEmotionVideos/0072.mp4	0072.mp4	52468	2026-05-08T05:07:29+00:00	29cba4e2e723457fd85fb8d76dcd50552ef842ee138766aebafa527328d18cf7	72	1.015	h264	260	260	28.583333333333332	29	0	False	True			8ea97342f1805166b9bb1951d23c888eadd44907b9cb9ffceb2d2c380420368f	29	45530236659119979	True	72	False
stimulus_videos	/pscratch/sd/s/sjmoon/EmoViS/data/raw/CowenEmotionVideos/0073.mp4	0073.mp4	152358	2026-05-08T05:07:29+00:00	e76cd487097de4b2d3fb7092f2eeb797995ee77bb798f4d522ab663c48bc8ec0	73	1.3	h264	500	272	10.0	13	0	False	True			81162898d0280d7f949878e5354403acbeabe7cd4d7d078312c1ff6130fccc59	13	45532183632166128	True	73	False
stimulus_videos	/pscratch/sd/s/sjmoon/EmoViS/data/raw/CowenEmotionVideos/0074.mp4	0074.mp4	102723	2026-05-08T05:07:30+00:00	9360437327d23f8a22d43e9a5095b45d97326bbb7b3625ddc73108ea6dfc0139	74	2.9	h264	320	240	10.0	29	0	False	True			56f0795e46e053f118451604b79e407bfbf2cb7f7919192d13589f0f3bec77f0	29	19263931836947504	True	74	False
stimulus_videos	/pscratch/sd/s/sjmoon/EmoViS/data/raw/CowenEmotionVideos/0075.mp4	0075.mp4	135848	2026-05-08T05:07:30+00:00	5fa24670e62b82a164715f0f7f44491ce4cc6ff2089dbf0531e85e845cdc9aa3	75	5.8	h264	324	224	10.0	58	0	False	True			aa3a8270866f17837aea83f8c956a0b93f3e154a900e92758b6c60c8f7c0c9d8	58	28789682001265543	True	75	False
stimulus_videos	/pscratch/sd/s/sjmoon/EmoViS/data/raw/CowenEmotionVideos/0076.mp4	0076.mp4	1247109	2026-05-08T05:07:31+00:00	dc4d0e0cf108799fecd874d3a9694c13bdcaf3b564787dc0e7fbb8a6b120084b	76	15.12	h264	480	360	25.0	378	0	False	True			9be7d45414f65dc43f3175991c4a21aa3956bed7c004656ef8d95bfeef8441d9	378	2815062277240896	True	76	False
stimulus_videos	/pscratch/sd/s/sjmoon/EmoViS/data/raw/CowenEmotionVideos/0077.mp4	0077.mp4	336059	2026-05-08T05:07:31+00:00	5c5373eb04e431b34c6179bea9e4284403373c870b3334badef31d7e4792c622	77	2.1	h264	500	280	14.285714285714286	30	0	False	True			07fb39587e1ede35285cda5662f2194e2114edfc47c34fa4be413bb84f44b2ab	30	11653467262792550	True	77	False
stimulus_videos	/pscratch/sd/s/sjmoon/EmoViS/data/raw/CowenEmotionVideos/0078.mp4	0078.mp4	547948	2026-05-08T05:07:23+00:00	e0160572c1877ffc9e1c50f4ef8dea02e8f5a9e6c9946df4d9e0deb49e27d60b	78	1.12	h264	720	518	12.5	14	0	False	True			85a8fcfb65dbaee103f26865d3d14eadd2cfe4f4f5a40d7ef2e14c0a4c6864ee	14	589442123874988	True	78	False
stimulus_videos	/pscratch/sd/s/sjmoon/EmoViS/data/raw/CowenEmotionVideos/0079.mp4	0079.mp4	239028	2026-05-08T05:07:23+00:00	3019885bd266cfd000fc308f33f5150291437993a5db87aa73ac7881b9bb9208	79	6.12	h264	272	266	11.11111111111111	68	0	False	True			c2ea30c8ca086ec3267c6f77f26208a8c207cfff4b134b2dabb531e3efa9bbec	68	31632689938176048	True	79	False
stimulus_videos	/pscratch/sd/s/sjmoon/EmoViS/data/raw/CowenEmotionVideos/0080.mp4	0080.mp4	436878	2026-05-08T05:07:24+00:00	812516a5c2348b129b55e1375992bb35ba7d283b6f2c1e480543574f68133e5a	80	3.92	h264	230	296	14.285714285714286	56	0	False	True			f3cb032c2bbb29aecd6be81b2bcdff96acb8eeaa2f108e374fc1e77a759886eb	56	44782260895537361	True	80	False
stimulus_videos	/pscratch/sd/s/sjmoon/EmoViS/data/raw/CowenEmotionVideos/0081.mp4	0081.mp4	642970	2026-05-08T05:07:24+00:00	ac83fe425eca1825ee72a6e0bbac76a90426a6fc0b5c5ec6bfc655d09c13756e	81	18.81	h264	320	180	33.333333333333336	627	0	False	True			443b8b6d2966baafbe56dccedc3c541d14066ff690f006b13ee2a9d6ac671441	627	32340532833767065	True	81	False
stimulus_videos	/pscratch/sd/s/sjmoon/EmoViS/data/raw/CowenEmotionVideos/0082.mp4	0082.mp4	1046890	2026-05-08T05:07:23+00:00	96b791ed82a8917a90cc1f31ab7bfb37f57d98ed9a51adc9a91b94af9edec51f	82	8.55	h264	194	354	11.11111111111111	95	0	False	True			9445c0e186391f21262e23a105fed171ef6fa57a48bfa61a9aa9f0ecc2027c0a	95	18015229636167567	True	82	False
stimulus_videos	/pscratch/sd/s/sjmoon/EmoViS/data/raw/CowenEmotionVideos/0083.mp4	0083.mp4	153586	2026-05-08T05:07:24+00:00	ea7f2165e07f78fb1c83d0c729be091ebba1c95b2ec04b8b0552933234a04e66	83	3.42	h264	380	298	33.333333333333336	114	0	False	True			9b4cc58e97795387ef1210edf08f12dd0c15ed688a788825aa3ac6cd3f9f57e3	114	59640666206819202	True	83	False
stimulus_videos	/pscratch/sd/s/sjmoon/EmoViS/data/raw/CowenEmotionVideos/0084.mp4	0084.mp4	541930	2026-05-08T05:07:22+00:00	eeca0b60b254f5a1c8a7cf82d103c004e321f882b5f9433b299cfd1097207bbe	84	5.1	h264	640	360	10.0	51	0	False	True			4f10a00227f00ed21c21ad6e901c422510c44a470be4fbbcd31377e81eb97c6d	51	68653293910947448	True	84	False
stimulus_videos	/pscratch/sd/s/sjmoon/EmoViS/data/raw/CowenEmotionVideos/0085.mp4	0085.mp4	808078	2026-05-08T05:07:22+00:00	6f9c6aef8197428ea3ae3935cdf58a786ab93621a61cc94dea60e466cc12ad1d	85	4.62	h264	800	410	16.666666666666668	77	0	False	True			ec9d89df6331397600f2239a00e5a155e110b3e3e49603d34494a1499173e5eb	77	17535391899481323	True	85	False
stimulus_videos	/pscratch/sd/s/sjmoon/EmoViS/data/raw/CowenEmotionVideos/0086.mp4	0086.mp4	2120886	2026-05-08T05:07:23+00:00	0a7299f6f3ba1b3a0f17693365a8c08fd147a2f478a3e9771b124197d8ed6a38	86	15.08	h264	430	242	25.0	377	0	False	True			e648763dd5ae8ecc03e8bb6e752b1c8a84e222264b2eb3dd6bb02fc9bd27eff0	377	4007138236468362	True	86	False
stimulus_videos	/pscratch/sd/s/sjmoon/EmoViS/data/raw/CowenEmotionVideos/0087.mp4	0087.mp4	624651	2026-05-08T05:07:23+00:00	8dd89b295a272d7c9f55867858ec067b35410a0d11b6f1bf7c92d2163369fdad	87	10.8	h264	320	182	8.333333333333334	90	0	False	True			6eb22096b9cb7bf76417423d783a987dd9c03263dda4017045b2000c466e0d31	90	15568565194988007	True	87	False
stimulus_videos	/pscratch/sd/s/sjmoon/EmoViS/data/raw/CowenEmotionVideos/0088.mp4	0088.mp4	517100	2026-05-08T05:07:31+00:00	da50f618a105ae6e40b90b191b1eaef421a5a51fb93f67511ad997d906efda5e	88	6.0	h264	360	274	10.0	60	0	False	True			dd1744ba31d4c7fb8931da555778dd6870654ee2aabe73349b13860e18b676e8	60	61123258050312312	True	88	False
stimulus_videos	/pscratch/sd/s/sjmoon/EmoViS/data/raw/CowenEmotionVideos/0089.mp4	0089.mp4	573275	2026-05-08T05:07:31+00:00	7b7ec591b2419b63b4d8138a4a1a060aa7d373396cd0b4289fa952e27ab98a32	89	6.1	h264	270	480	10.0	61	0	False	True			b3e22ee6c09c2c4152b07ad349872a0a8ec767b80b34dcad89b1e0715bc3aec8	61	3430913486593910	True	89	False
stimulus_videos	/pscratch/sd/s/sjmoon/EmoViS/data/raw/CowenEmotionVideos/0090.mp4	0090.mp4	159123	2026-05-08T05:07:22+00:00	55d7c33f823843f68233831a1a2c3f5887044b551d0f1d7a18d38917a4abf816	90	0.5	h264	500	716	20.0	10	0	False	True			fd187451990d0b27ea69694e7ff1b0a91e7499ccf811295736c321b305d22801	10	32345406523215775	True	90	False
stimulus_videos	/pscratch/sd/s/sjmoon/EmoViS/data/raw/CowenEmotionVideos/0091.mp4	0091.mp4	604562	2026-05-08T05:07:22+00:00	7be9bc462567a1f2f234c494e0608fb89d747963f320925674b7aaf6105f38d6	91	10.0	h264	416	242	25.0	250	0	False	True			8d6ad369b823873dd82f91a24afcae7365aa2ad51aef40850f1023e46343f746	250	44118842261358471	True	91	False
stimulus_videos	/pscratch/sd/s/sjmoon/EmoViS/data/raw/CowenEmotionVideos/0092.mp4	0092.mp4	465635	2026-05-08T05:07:23+00:00	e0b71f27624214e0c5752d588c5b0ed4bef785faf9084251c99c1c0161bd4d34	92	4.0	h264	420	420	25.0	100	0	False	True			5366a61d2b2ff753ba7ae4d4b5c96df7a859b2f33e4882062f253672ee2b1af6	100	28116468914994296	True	92	False
stimulus_videos	/pscratch/sd/s/sjmoon/EmoViS/data/raw/CowenEmotionVideos/0093.mp4	0093.mp4	465116	2026-05-08T05:07:23+00:00	3c4c71122820c24d7655ad46b98aeee7f4b2d8c38692135f6e5b46cb503279ef	93	9.6	h264	320	180	8.333333333333334	80	0	False	True			90a131445814d570f231297d45df969b9374ed2615413567eda8d95eba682f6f	80	21879640724233658	True	93	False
stimulus_videos	/pscratch/sd/s/sjmoon/EmoViS/data/raw/CowenEmotionVideos/0094.mp4	0094.mp4	176936	2026-05-08T05:07:24+00:00	72d9a2db9b7a74293f6a2ff67a94dba975125621583a77b2313110a2139945ba	94	4.8	h264	320	180	12.5	60	0	False	True			6988b70183afdfa2eeb115a9e693c15494d364f5625b70e09962a04513fb0612	60	58863559705913456	True	94	False
stimulus_videos	/pscratch/sd/s/sjmoon/EmoViS/data/raw/CowenEmotionVideos/0095.mp4	0095.mp4	162941	2026-05-08T05:07:24+00:00	1878bb6cdd88661392561ca98ff68c83b5df306ace74c7e9c062edfc0050123e	95	2.25	h264	500	380	33.333333333333336	75	0	False	True			6e8534ea6aa4309e243ad0bf39a916c352b1ce76ca4728647ad06e2c90c084bb	75	26569676773844891	True	95	False
stimulus_videos	/pscratch/sd/s/sjmoon/EmoViS/data/raw/CowenEmotionVideos/0096.mp4	0096.mp4	392478	2026-05-08T05:07:23+00:00	775a8060774a1f8e0d17a04fbd7947b0cf2f1a99900d921bbe44af8a84f01c1c	96	3.96	h264	714	396	16.666666666666668	66	0	False	True			fb6296985720c85382d464289b859322f8b7241af0789aebd07be9b1471de107	66	34397278212519131	True	96	False
stimulus_videos	/pscratch/sd/s/sjmoon/EmoViS/data/raw/CowenEmotionVideos/0097.mp4	0097.mp4	88266	2026-05-08T05:07:24+00:00	6dfee09bbc4ae7a431a1553e153c9d3cc1d790fe189a148bd835824d9aa293ea	97	4.2	h264	400	224	10.0	42	0	False	True			a559285969500467b3be0b1cd1a460b4d2d881b6d51d8e717e8f14afb840ca74	42	54966889195102339	True	97	False
stimulus_videos	/pscratch/sd/s/sjmoon/EmoViS/data/raw/CowenEmotionVideos/0098.mp4	0098.mp4	3317111	2026-05-08T05:07:29+00:00	9d994c9db261f6353129393949fea3bd95d6bed1e669ece54a7fe718a7abe4cc	98	15.0	h264	718	404	25.0	375	0	False	True			22404b5972b5af34d54a3026911cc8079aad884d912ab62374d4ec0c299cd11b	375	58298776282041503	True	98	False
stimulus_videos	/pscratch/sd/s/sjmoon/EmoViS/data/raw/CowenEmotionVideos/0099.mp4	0099.mp4	434893	2026-05-08T05:07:29+00:00	47017019a72ff35e8c6cec4be5c63f1c5a3f47512d127e26f169d417132adc92	99	2.79	h264	400	224	11.11111111111111	31	0	False	True			87b3883fbff05303a88d835097d4ef91aa2ce623bfe8401dd98e02310f84d99e	31	10216679453687676	True	99	False
stimulus_videos	/pscratch/sd/s/sjmoon/EmoViS/data/raw/CowenEmotionVideos/0100.mp4	0100.mp4	2937972	2026-05-08T05:07:30+00:00	2b8919c4bd0c64ccaf00280fab39cd764482b6bb9eea47b8b274be52a5afff5d	100	15.3	h264	598	336	10.0	153	0	False	True			8dbaa2e9f03bc6b50b0640df8ce6f4c6d3e36a042b767e4639eae0791a60ad57	153	31137613996025375	True	100	False
stimulus_videos	/pscratch/sd/s/sjmoon/EmoViS/data/raw/CowenEmotionVideos/0101.mp4	0101.mp4	483588	2026-05-08T05:07:30+00:00	3ec1c1f70ba0a0b1b6dfaa4b03d0b530009f540bde0412f6fd4e43bb33dae1e2	101	5.0	h264	480	270	15.0	75	0	False	True			68c04dc0d31c3338b95de8207690d865af39068e16699735347c071c50fe185a	75	8846656185769791	True	101	False
stimulus_videos	/pscratch/sd/s/sjmoon/EmoViS/data/raw/CowenEmotionVideos/0102.mp4	0102.mp4	385754	2026-05-08T05:07:31+00:00	8bdea63cea4a951633fdd61355ac43f603aefcd7fb87d547006d2a7458f2b99f	102	5.11	h264	378	194	14.285714285714286	73	0	False	True			5e15dad5d0dfea0ff4a9136daea1818ed46dd8ac9f79eb59d434eb5561e13d1e	73	40275907522970499	True	102	False
stimulus_videos	/pscratch/sd/s/sjmoon/EmoViS/data/raw/CowenEmotionVideos/0103.mp4	0103.mp4	263212	2026-05-08T05:07:31+00:00	a4b9d3519b151cc9d7d3c21c94e19fad43887b07dd35f9f903cd7bba61172221	103	5.68	h264	760	428	50.0	284	0	False	True			5b20437b8306f56bbc11f98e75a09378d31692a1980aa12434695bffcfe16d95	284	22048169976333659	True	103	False
stimulus_videos	/pscratch/sd/s/sjmoon/EmoViS/data/raw/CowenEmotionVideos/0104.mp4	0104.mp4	321482	2026-05-08T05:07:30+00:00	92e097b27741b12a54e470a785f6abad425281c3be613d9e4784dc5b7affd169	104	4.62	h264	450	274	14.285714285714286	66	0	False	True			d405cb73fab1b6f23438b80f548410c26ea38e4078862cec9f80e6c456670afc	66	24771515971829639	True	104	False
stimulus_videos	/pscratch/sd/s/sjmoon/EmoViS/data/raw/CowenEmotionVideos/0105.mp4	0105.mp4	377198	2026-05-08T05:07:30+00:00	24ef612b107b859cbd8348df9e83663dcff3313dda2f3c191c8efcc81563d9c8	105	3.0	h264	640	352	10.0	30	0	False	True			c38c7c034a2e0b347add4834ee8a1bb399c4ee64780236c282bdc276a29845ff	30	569046520022927	True	105	False
stimulus_videos	/pscratch/sd/s/sjmoon/EmoViS/data/raw/CowenEmotionVideos/0106.mp4	0106.mp4	302979	2026-05-08T05:07:29+00:00	40382af26ceb920c158d37a24ca07e8717b9e49519c6899eb0cca1ef54472fa3	106	1.546	h264	620	340	22.0	34	0	False	True			54d708a2b314192cb6d8d8767c4ef26f28f8b803df10cb1f4365f825240c5bec	34	51078182781620338	True	106	False
stimulus_videos	/pscratch/sd/s/sjmoon/EmoViS/data/raw/CowenEmotionVideos/0107.mp4	0107.mp4	140737	2026-05-08T05:07:29+00:00	981330e1db91f0f12a6b85e543c7ab47191663d28ab18596599f18891a935b70	107	12.48	h264	164	114	16.666666666666668	208	0	False	True			3b2ec591a7fe61d0e01bf3df289d53ff0d969d1e65c32af19ea5de5734d3ff79	208	54329070700273752	True	107	False
stimulus_videos	/pscratch/sd/s/sjmoon/EmoViS/data/raw/CowenEmotionVideos/0108.mp4	0108.mp4	170428	2026-05-08T05:07:24+00:00	cdb7f6c5b8c333249740cc6fc9247855c4e8c1387f67a7a70f6e72f38df5150b	108	4.3	h264	404	254	10.0	43	0	False	True			968a6421a5582ed4b2f23f966ab1bc8e6322ab75160d5725023e1253be7f5fdf	43	15372520432455323	True	108	False
stimulus_videos	/pscratch/sd/s/sjmoon/EmoViS/data/raw/CowenEmotionVideos/0109.mp4	0109.mp4	512750	2026-05-08T05:07:23+00:00	d640a3942ccb4544cf6e49c70182106332a8522c1deade60a130ebd2d20ae5cd	109	7.1	h264	330	220	10.0	71	0	False	True			ab56e7508db73c0c10fbc24b9f644b1495faed89e7cd26fbbfef4a0b6f76258b	71	1156892932014952	True	109	False
stimulus_videos	/pscratch/sd/s/sjmoon/EmoViS/data/raw/CowenEmotionVideos/0110.mp4	0110.mp4	375704	2026-05-08T05:07:30+00:00	19cc182fc88e1cbaaf0895036ddf864e3923f0598adebfb43b7d97630d67c8b1	110	1.577	h264	600	900	22.833333333333332	36	0	False	True			ff851e314bf6f23491beb49b79899f43da143fe67182f4ddc8484b1850ff1612	36	592749386555632	True	110	False
stimulus_videos	/pscratch/sd/s/sjmoon/EmoViS/data/raw/CowenEmotionVideos/0111.mp4	0111.mp4	53815	2026-05-08T05:07:30+00:00	9dcea7d6dd1f56d8f253a2972e627e82fc7dc5a42c478440060dc3e474c924da	111	1.76	h264	500	280	12.5	22	0	False	True			a214e1bfc93fbe27b4184842924d27d84e7af7cb92ffee350fba1429c533231b	22	6312058205654169	True	111	False
stimulus_videos	/pscratch/sd/s/sjmoon/EmoViS/data/raw/CowenEmotionVideos/0112.mp4	0112.mp4	73755	2026-05-08T05:07:29+00:00	b4dbdcdd30690d8450e1fbc749512a983fe04cb7e96f5cd9c4cdf24e61cd35ff	112	1.02	h264	248	494	16.666666666666668	17	0	False	True			e1716fa95d7eea34433ad56a5b6bc3afb0ef1d8316c22acb21e597e6da0869a9	17	7333768427848520	True	112	False
stimulus_videos	/pscratch/sd/s/sjmoon/EmoViS/data/raw/CowenEmotionVideos/0113.mp4	0113.mp4	101865	2026-05-08T05:07:29+00:00	5f2e2f7757e67b77c9399476ee9a0b37512360cafe607fdd8cf64759d0343b6e	113	6.04	h264	400	224	25.0	151	0	False	True			0848011bafb3ef75e1783c57018d132f025d6b3874d20b7c1e0cb6a46f2edae0	151	8501814063074239	True	113	False
stimulus_videos	/pscratch/sd/s/sjmoon/EmoViS/data/raw/CowenEmotionVideos/0114.mp4	0114.mp4	360685	2026-05-08T05:07:30+00:00	f3b62936b496f67a2397d060d39889e2fbcaccc55496ccff80b2f4d5f7615c06	114	2.2	h264	640	492	10.0	22	0	False	True			17cfde3d0691f6a0f169eceee753237225267551b338e6595155fa045dbec9ec	22	56865008388397140	True	114	False
stimulus_videos	/pscratch/sd/s/sjmoon/EmoViS/data/raw/CowenEmotionVideos/0115.mp4	0115.mp4	466533	2026-05-08T05:07:30+00:00	0c697ed48299564bf81d7bbc1fcd7e32f66d552e0451f9abd301cfc75b02bd81	115	3.54	h264	480	270	16.666666666666668	59	0	False	True			77e6bf6bc14677e3126d16cadeca316737b7f90429dbfbbf3cb2d3d076259e3a	59	4255214042498057	True	115	False
stimulus_videos	/pscratch/sd/s/sjmoon/EmoViS/data/raw/CowenEmotionVideos/0116.mp4	0116.mp4	94467	2026-05-08T05:07:31+00:00	351befe73ffeea4cec0abdb30b650072b36c79379a8f6c81d74be5f8a2fdf2b8	116	3.7	h264	244	280	10.0	37	0	False	True			8c1203435cddc86ee341660aad4c75f7875a07e6f1466068cff3900bcc3731e1	37	56596334947385811	True	116	False
stimulus_videos	/pscratch/sd/s/sjmoon/EmoViS/data/raw/CowenEmotionVideos/0117.mp4	0117.mp4	710047	2026-05-08T05:07:31+00:00	692304b1f461053a36653a6ec5f814eccd86598a571810f50a2119b3002d3780	117	12.48	h264	480	360	25.0	312	0	False	True			feab255b3967063c8c92cb28293b3bbdee371b09659c0334e26abf247c44646b	312	8564970482333881	True	117	False
stimulus_videos	/pscratch/sd/s/sjmoon/EmoViS/data/raw/CowenEmotionVideos/0118.mp4	0118.mp4	324392	2026-05-08T05:07:23+00:00	0318ade8be7e735c71bc7c1cde548a5c29049edeb84d8fc16a29f8eea7b7d0b0	118	9.8	h264	480	270	15.0	147	0	False	True			979ae8b368c43112191b7b917674465444c02723041d5a750257cdf3b7e4d422	147	2292321609079950	True	118	False
stimulus_videos	/pscratch/sd/s/sjmoon/EmoViS/data/raw/CowenEmotionVideos/0119.mp4	0119.mp4	64173	2026-05-08T05:07:23+00:00	3ec54177eabf80391a0731d730ba63c0d7582fa6334b37854d80e0f063417128	119	2.1	h264	320	268	14.285714285714286	30	0	False	True			f80b25dc2754f8d336f363e188f461a272ccbc049a13d2c7ff1912b0a3a9060b	30	44539502113531468	True	119	False
stimulus_videos	/pscratch/sd/s/sjmoon/EmoViS/data/raw/CowenEmotionVideos/0120.mp4	0120.mp4	347259	2026-05-08T05:07:24+00:00	ea96e48db14b8f4fd52543c79159becd7154de6a22da422ea4de160e42795b42	120	4.9	h264	352	640	10.0	49	0	False	True			cc89d96dc04d1539a3f55c958c6b3ea54842cabeeed3f90a799a35f6b68b39cb	49	26525691846565663	True	120	False
stimulus_videos	/pscratch/sd/s/sjmoon/EmoViS/data/raw/CowenEmotionVideos/0121.mp4	0121.mp4	1258216	2026-05-08T05:07:23+00:00	920e83d10992c40a33b6de6a62409e9e07192a035d09d68981c05d82801e594a	121	10.4	h264	400	264	10.0	104	0	False	True			7d7b3b156cc384a28810fb39e594d577cf2298837b844dc021f9873179ae36f0	104	35736101829106865	True	121	False
stimulus_videos	/pscratch/sd/s/sjmoon/EmoViS/data/raw/CowenEmotionVideos/0122.mp4	0122.mp4	4570776	2026-05-08T05:07:24+00:00	5d67ba5a6931ed48686c762589d4958790b4f37ee9aa190a61ae5c84e3550c17	122	14.96	h264	716	406	25.0	374	0	False	True			d60556b06a05e0d238b1edb8d3a11f7f49e259abeb1211da6ae1b3c282ab3f4e	374	3971682193745477	True	122	False
stimulus_videos	/pscratch/sd/s/sjmoon/EmoViS/data/raw/CowenEmotionVideos/0123.mp4	0123.mp4	3058746	2026-05-08T05:07:24+00:00	41b084e25913b4e493a183fce5e1dbe5bd64fe910671c49d03cc50fcbbb33a51	123	15.12	h264	718	404	25.0	378	0	False	True			cdd33fa251ade055ab60e8a605018235ecaee56ff0ed69cd657dd8874fe50a9b	378	64966127931151624	True	123	False
stimulus_videos	/pscratch/sd/s/sjmoon/EmoViS/data/raw/CowenEmotionVideos/0124.mp4	0124.mp4	311570	2026-05-08T05:07:23+00:00	ef33504d0ef85e34172ddf414b391422cfa7224b09cf0678c9bb2ecc5c0ffc7c	124	1.82	h264	542	348	14.285714285714286	26	0	False	True			70ef18e71fe23f49af35c9e0a9364a138e0960ce1626f71e6777276963980758	26	21980257962946503	True	124	False
stimulus_videos	/pscratch/sd/s/sjmoon/EmoViS/data/raw/CowenEmotionVideos/0125.mp4	0125.mp4	147491	2026-05-08T05:07:23+00:00	66086483d033d11b91021fc40b70b178029a41257ab88860c6771536998ee3f4	125	1.517	h264	500	260	23.083333333333332	35	0	False	True			40487e9047cb95307685a5dc6d1194a0f51f1912e3aa5b7fae45e8a7adeefd28	35	4168880853621299	True	125	False
stimulus_videos	/pscratch/sd/s/sjmoon/EmoViS/data/raw/CowenEmotionVideos/0126.mp4	0126.mp4	308513	2026-05-08T05:07:22+00:00	c0f60a687c29a7af9e42d71e5a840e169379b3fcfe2c9968c930c4ee0612e05e	126	10.0	h264	250	188	5.0	50	0	False	True			b0bc6acd5d17459d0668164295567f2e7760285a35c3a1f8f7f7b3c51333c677	50	5677912422565775	True	126	False
stimulus_videos	/pscratch/sd/s/sjmoon/EmoViS/data/raw/CowenEmotionVideos/0127.mp4	0127.mp4	673520	2026-05-08T05:07:22+00:00	6f8105c96dd3a7863824e6bff8944229fef6b7d66b75aa57843dece5466c0cf9	127	3.5	h264	500	278	10.0	35	0	False	True			e65cd332124f7bfb57718541b5a1d048fb2518653af9967a2437d9c1e7054877	35	65291475842029844	True	127	False
stimulus_videos	/pscratch/sd/s/sjmoon/EmoViS/data/raw/CowenEmotionVideos/0128.mp4	0128.mp4	5429863	2026-05-08T05:07:30+00:00	35f16e66e9136e6e4c8b0bbd72be247e59fbe425d75529b74a05e18041514ff3	128	15.034	h264	720	720	30.0	451	0	False	True			fdbc2e2aed81569eec8b59a5b94d78a9af399df81aa6f4e67badd6ad39c3bd7f	451	20363738836837571	True	128	False
stimulus_videos	/pscratch/sd/s/sjmoon/EmoViS/data/raw/CowenEmotionVideos/0129.mp4	0129.mp4	73210	2026-05-08T05:07:30+00:00	39726c40b063ae8a74e76eeea0c3877a097d13c36743e31358742b3c31650dec	129	1.32	h264	240	180	33.333333333333336	44	0	False	True			bed37f96ce08d1cc59c2da14916852a0390e776d5f07e074d3b9b7f4bc730c4f	44	37802010604857293	True	129	False
stimulus_videos	/pscratch/sd/s/sjmoon/EmoViS/data/raw/CowenEmotionVideos/0130.mp4	0130.mp4	57313	2026-05-08T05:07:23+00:00	7f2638f1ba4e7b836532253d303ba3306d0fca2135028a2296c526607941b7ec	130	2.48	h264	400	176	12.5	31	0	False	True			d79227f765e72767b7d0e90854529b36550804b7da90b40f400bbf32bfa5fc36	31	9079222696627853	True	130	False
stimulus_videos	/pscratch/sd/s/sjmoon/EmoViS/data/raw/CowenEmotionVideos/0131.mp4	0131.mp4	152057	2026-05-08T05:07:23+00:00	67e8896bde64b3cda4476e017755a3f19f72d2a5cdb2118cbdddbca3a7b5a95a	131	3.2	h264	636	288	10.0	32	0	False	True			6cfa22971e90c68026759356158b7557f3af8ab57268079ca86b3714584f8172	32	31773435937829476	True	131	False
stimulus_videos	/pscratch/sd/s/sjmoon/EmoViS/data/raw/CowenEmotionVideos/0132.mp4	0132.mp4	1610673	2026-05-08T05:07:23+00:00	1ae43d56841991b1814129fae5048398419678312a11531a96e2a03fd9e189d2	132	30.6	h264	320	180	10.0	306	0	False	True			731e66bdc2ba8f1365bdc49d96e697e17f7162e2d2b3481a82bc8dbd7d532926	306	61393129909929113	True	132	False
stimulus_videos	/pscratch/sd/s/sjmoon/EmoViS/data/raw/CowenEmotionVideos/0133.mp4	0133.mp4	263039	2026-05-08T05:07:22+00:00	fdfe95200b3d0b023ce193acfdfae691fc2e4585de2e6a156abfc8ca5ff42501	133	3.36	h264	320	256	25.0	84	0	False	True			300ea3e8fe97855ba25902416c64a83d90e7755e288c3c1779be2c8e5c3024f4	84	38626345605997319	True	133	False
stimulus_videos	/pscratch/sd/s/sjmoon/EmoViS/data/raw/CowenEmotionVideos/0134.mp4	0134.mp4	79957	2026-05-08T05:07:24+00:00	74107efc9d0424e1c137a7a0594406dffd002bafc1e6c1d279b25bb963e6bf48	134	3.43	h264	500	328	14.285714285714286	49	0	False	True			00ac8fb18e3e81d296f395b1f2db5024570ccf7b1a6c5c076501328fa00dbcf3	49	40852936759785036	True	134	False
stimulus_videos	/pscratch/sd/s/sjmoon/EmoViS/data/raw/CowenEmotionVideos/0135.mp4	0135.mp4	300336	2026-05-08T05:07:23+00:00	9d8ae9a07d51793858521418353b7023f46d35305db9bd2a357d1ada1c1d0bee	135	4.9	h264	312	238	20.0	98	0	False	True			5a85f39c4a04ba22c9df616769b9864f4fd5db22eea0375811fb20b58979291e	98	13616629041144960	True	135	False
stimulus_videos	/pscratch/sd/s/sjmoon/EmoViS/data/raw/CowenEmotionVideos/0136.mp4	0136.mp4	25198	2026-05-08T05:07:24+00:00	6a85066893d443d05912f498b2f0f88a27db2dfc3e72d78917d983fa109753f2	136	1.8	h264	500	210	20.0	36	0	False	True			82d8e727f46c5a6fdf3b667ec9ae243cb5e77ec5ab38015c2f28beb886ca8d8e	36	9086987437181726	True	136	False
stimulus_videos	/pscratch/sd/s/sjmoon/EmoViS/data/raw/CowenEmotionVideos/0137.mp4	0137.mp4	478737	2026-05-08T05:07:24+00:00	b7371f1c2dfd3638b12e793778437dfa4ab23d0b3b57276b8e56e88bc3322194	137	2.52	h264	950	518	14.285714285714286	36	0	False	True			59611c6ceb7ad4d195659e7b95aa076c82cf186e2b376d635847afeac3604f85	36	35604355364957502	True	137	False
stimulus_videos	/pscratch/sd/s/sjmoon/EmoViS/data/raw/CowenEmotionVideos/0138.mp4	0138.mp4	67795	2026-05-08T05:07:30+00:00	6818601e955f0240fc7715ec541dc53df4874f37c63c43a26f5298ebc19f1467	138	0.9	h264	854	448	16.666666666666668	15	0	False	True			1face29d5e858e3677db57b3c1e66f70f03c75fc919c7f20a23cedd93ff9c2fa	15	15320428363172630	True	138	False
stimulus_videos	/pscratch/sd/s/sjmoon/EmoViS/data/raw/CowenEmotionVideos/0139.mp4	0139.mp4	104255	2026-05-08T05:07:30+00:00	89871b10b4394cbad8963a44e6eb84504df7ad713f966e60911fe0de3e9b53ac	139	1.6	h264	500	274	10.0	16	0	False	True			5a8274151f182f13e80dd80d7e1fd09b523bb0b1f9358f6e266be0931ecb4b6f	16	34538655782130599	True	139	False
stimulus_videos	/pscratch/sd/s/sjmoon/EmoViS/data/raw/CowenEmotionVideos/0140.mp4	0140.mp4	789675	2026-05-08T05:07:26+00:00	723b70376f2705caba15fec8a58077b1a5f55ca3bce88d8ee00f3db0de8e63ba	140	15.2	h264	600	338	10.0	152	0	False	True			306aead1c711a99262a42f01d2e01276061f72da32ad85b32072d8ed50855bd3	152	38067655794466447	True	140	False
stimulus_videos	/pscratch/sd/s/sjmoon/EmoViS/data/raw/CowenEmotionVideos/0141.mp4	0141.mp4	129380	2026-05-08T05:07:26+00:00	139dfabe689a80aedcb77fc1f0d417ef73e9c2c83504298a48322d30778d3954	141	1.5	h264	450	184	10.0	15	0	False	True			84f1350c27530104a13d631ea21cc056904539984765568f0b9389ea203d68c2	15	3078182772292147	True	141	False
stimulus_videos	/pscratch/sd/s/sjmoon/EmoViS/data/raw/CowenEmotionVideos/0142.mp4	0142.mp4	45509	2026-05-08T05:07:25+00:00	bf661d38ab208d5498331c5d86fb167e83566c38073109bb09021a0d38c3c357	142	1.2	h264	480	360	10.0	12	0	False	True			11173f6059166787eeb469b1c1e07198666c0bdf06048fad93e34fe45ae8236c	12	34576820354210406	True	142	False
stimulus_videos	/pscratch/sd/s/sjmoon/EmoViS/data/raw/CowenEmotionVideos/0143.mp4	0143.mp4	1069122	2026-05-08T05:07:26+00:00	9c6506919d009448ba9efd6acfe032d8b1a875d0984cb1d8cd70e623ea6a1399	143	12.08	h264	640	352	25.0	302	0	False	True			c0f83295cbee20be055bc37712ddfeae1c6aade6c9142f9f8b5116a755274481	302	72057591739301756	True	143	False
stimulus_videos	/pscratch/sd/s/sjmoon/EmoViS/data/raw/CowenEmotionVideos/0144.mp4	0144.mp4	313170	2026-05-08T05:07:24+00:00	fc32d072ba5b06c02dc6f41b310c061127376c71ebec6e978f434a252243c23d	144	3.08	h264	722	406	14.285714285714286	44	0	False	True			bfff8a455c7619d555edd626ae21577cb13bbc7b23bf4c0aff9263ded03f7097	44	35875370980798949	True	144	False
stimulus_videos	/pscratch/sd/s/sjmoon/EmoViS/data/raw/CowenEmotionVideos/0145.mp4	0145.mp4	126551	2026-05-08T05:07:25+00:00	885a0a44eb310ba9eb0435063f8d9b43f62ee74743a2d0fe3f4f57385ee9845f	145	1.86	h264	400	180	16.666666666666668	31	0	False	True			f39b0ead871736202de683504b0fd1e66ddfeb7aac578bf1ca906c1407856fe1	31	55601866923803535	True	145	False
stimulus_videos	/pscratch/sd/s/sjmoon/EmoViS/data/raw/CowenEmotionVideos/0146.mp4	0146.mp4	2770634	2026-05-08T05:07:25+00:00	4d3f1abce3ce334a3aa67757743ad6b768bfb6e6ba3bea5952e2bebc915d790b	146	15.0	h264	718	404	25.0	375	0	False	True			1c3676657e0fbfff8e651a8e92dbdcd3601981aa53aef51dae0e3d08eb849971	375	576316711882637	True	146	False
stimulus_videos	/pscratch/sd/s/sjmoon/EmoViS/data/raw/CowenEmotionVideos/0147.mp4	0147.mp4	10780952	2026-05-08T05:07:25+00:00	1d3383d9cbbc9ddbbfa06df40112977ccb76851b6cafb5d4584fd04d3ec17e2b	147	11.5	h264	1920	1080	10.0	115	0	False	True			5d6b7c8eb523b2dcb52af34121cdf0a5350a28da9384d370624dbd3de287f98d	115	17113742074330200	True	147	False
stimulus_videos	/pscratch/sd/s/sjmoon/EmoViS/data/raw/CowenEmotionVideos/0148.mp4	0148.mp4	377441	2026-05-08T05:07:28+00:00	111328720754fb48a7ce641684372fb1b09d6789ab9a219d66d1aac2013eba7e	148	4.44	h264	636	356	25.0	111	0	False	True			76f4bcb0148c0421c06b25eb3bb7e879af1fbab15e66c668cacb24a8f7719b18	111	71634144336995448	True	148	False
stimulus_videos	/pscratch/sd/s/sjmoon/EmoViS/data/raw/CowenEmotionVideos/0149.mp4	0149.mp4	228711	2026-05-08T05:07:29+00:00	55b83c15c8eeed06c36e2a4f73adc9437fd1d9f05a2182ff009ae7c32da7f133	149	1.76	h264	1000	562	25.0	44	0	False	True			29c7f224553ff72a36cc8d3dc4b80bc36a97a5731cf9357b8dd0c062432fbca3	44	17588868022796279	True	149	False
stimulus_videos	/pscratch/sd/s/sjmoon/EmoViS/data/raw/CowenEmotionVideos/0150.mp4	0150.mp4	219281	2026-05-08T05:07:24+00:00	75b338a5e06e968768cd3ab5bb8bdbd0188c92053efc9025f4442185c079f94b	150	2.35	h264	570	320	20.0	47	0	False	True			b1ad040192e9366b3e0f75689d83779de331560166471e73b55fd3e58f43e2c9	47	64610617054214369	True	150	False
stimulus_videos	/pscratch/sd/s/sjmoon/EmoViS/data/raw/CowenEmotionVideos/0151.mp4	0151.mp4	49382	2026-05-08T05:07:25+00:00	5aa78de12276a322d2d62c3ea85e8ae168ff19aa1d174ea6316f2d6299be0ac8	151	3.067	h264	400	230	15.0	46	0	False	True			6a404761ffa1fded938b2ea789c552950d6116ceebbb8f68f2f93d7e7f4c1b77	46	72057281656202715	True	151	False
stimulus_videos	/pscratch/sd/s/sjmoon/EmoViS/data/raw/CowenEmotionVideos/0152.mp4	0152.mp4	400357	2026-05-08T05:07:25+00:00	1dd0afa6f09fb7d93fa418e639022475a631cf59bbdfbf30bab1d9fed1d7e720	152	4.81	h264	636	288	7.6923076923076925	37	0	False	True			bce2890694467e459797038fbbcfb5c6142de609b59dd3ed154e090d18f9cc1a	37	44047517578033633	True	152	False
stimulus_videos	/pscratch/sd/s/sjmoon/EmoViS/data/raw/CowenEmotionVideos/0153.mp4	0153.mp4	751792	2026-05-08T05:07:25+00:00	eb7fba015894c8a14277370e4af784b80b6bfeb78ca2066f890eb7ca406f94d6	153	15.0	h264	480	270	25.0	375	0	False	True			6c3bfa501bd0d21a88022e5d4085e0cef50120e55d28a14772c3cfed4909f4d0	375	9078122151303345	True	153	False
stimulus_videos	/pscratch/sd/s/sjmoon/EmoViS/data/raw/CowenEmotionVideos/0154.mp4	0154.mp4	2420009	2026-05-08T05:07:26+00:00	cdc18aedc4e74cbb3e9f28cc40aa2ed118bd633d78d0ea18beddec8fb13a659a	154	13.8	h264	720	404	25.0	345	0	False	True			172b871c7065b2cac673c0920138bcad3b402a57547109fe2d9f304da6c699a6	345	69149486230274049	True	154	False
stimulus_videos	/pscratch/sd/s/sjmoon/EmoViS/data/raw/CowenEmotionVideos/0155.mp4	0155.mp4	476530	2026-05-08T05:07:26+00:00	5ed38b4881b4a1f8e7d211d0553a795a7f5af15a8824639db6e2ca9d9a8f9cb7	155	9.18	h264	280	184	11.11111111111111	102	0	False	True			ebbad107a84d822f0e4d1d3571845af373b418db7b78a6202c966d4b1c3ec51b	102	4184585011084445	True	155	False
stimulus_videos	/pscratch/sd/s/sjmoon/EmoViS/data/raw/CowenEmotionVideos/0156.mp4	0156.mp4	392131	2026-05-08T05:07:26+00:00	f948f74c4fae3b16cafdaf5aaf467580e103b01753568c3f2f91a825f6090cbd	156	2.86	h264	800	362	9.090909090909092	26	0	False	True			68a05842983a302073797a84f0c9d327cbcbc7d80561e794a56593b9e2faadcd	26	14184565763687299	True	156	False
stimulus_videos	/pscratch/sd/s/sjmoon/EmoViS/data/raw/CowenEmotionVideos/0157.mp4	0157.mp4	331345	2026-05-08T05:07:26+00:00	bdadf436ed54c94d897015b06ab48a9d42bdeff820fe1f5377935ca06f0025e1	157	4.0	h264	400	300	20.0	80	0	False	True			5dafa77fb1dc34d62b097423aa268b997ce13034b720a38ed03c2de2094671e9	80	44504507393519680	True	157	False
stimulus_videos	/pscratch/sd/s/sjmoon/EmoViS/data/raw/CowenEmotionVideos/0158.mp4	0158.mp4	119133	2026-05-08T05:07:27+00:00	fbbc027a788fbfb7712df0fad9f7851406390937707bf6baa3a57ca661cd22a5	158	2.3	h264	400	224	10.0	23	0	False	True			87b4a8056136ed604cffdb5f47ab82ad0e09b953895721bbd4bb78a1e92532a8	23	7934904953893024	True	158	False
stimulus_videos	/pscratch/sd/s/sjmoon/EmoViS/data/raw/CowenEmotionVideos/0159.mp4	0159.mp4	357359	2026-05-08T05:07:27+00:00	1375b20438865b51529e2624794f366f67ffdaa98963db487e3ee63964fe5582	159	6.09	h264	266	206	14.285714285714286	87	0	False	True			6679ad1f5792c177c7aab20e2f5e497a33bee59d0174645142a24dd60321cbff	87	62678613454218729	True	159	False
stimulus_videos	/pscratch/sd/s/sjmoon/EmoViS/data/raw/CowenEmotionVideos/0160.mp4	0160.mp4	214795	2026-05-08T05:07:28+00:00	6071080b6bc22060c179d4ea4bdccf7ba4752ccef71c4bb32f28545c152f893d	160	2.88	h264	320	240	12.5	36	0	False	True			e5a997a157ee6ef5e5a985b3b43d1470505a52caee8b1dfe245210f7e50ccd47	36	34334961479497996	True	160	False
stimulus_videos	/pscratch/sd/s/sjmoon/EmoViS/data/raw/CowenEmotionVideos/0161.mp4	0161.mp4	694757	2026-05-08T05:07:29+00:00	0777299f3305f5baea3a364798e2998931aca46305eb998686423352fbf98e1e	161	11.6	h264	448	250	20.0	232	0	False	True			c15ecb098b6f1b43284a4ab21a508fa33fcb4b09c3093ffac7490ef987dbb471	232	1913734897435399	True	161	False
stimulus_videos	/pscratch/sd/s/sjmoon/EmoViS/data/raw/CowenEmotionVideos/0162.mp4	0162.mp4	67445	2026-05-08T05:07:28+00:00	48f9a277d231b88d8b57549c377f6f95143fb201573ddf5b8483dfc7106cec6c	162	4.0	h264	306	204	10.0	40	0	False	True			e3b2f977b6b125e173f9f4f5803b198054a181a582ea64d0ca8b5e8ea5b868a6	40	57864437840492657	True	162	False
stimulus_videos	/pscratch/sd/s/sjmoon/EmoViS/data/raw/CowenEmotionVideos/0163.mp4	0163.mp4	1591874	2026-05-08T05:07:28+00:00	e652f63bb2d596519f1fea0c3551a70b2f44fe4b95f7cdea1a4c61607d5deec6	163	15.08	h264	408	720	25.0	377	0	False	True			c52bc321a63c66fc87f195654fb6d01aef7bdfe2b3628f8290b9c9cba28557a9	377	9928654896803942	True	163	False
stimulus_videos	/pscratch/sd/s/sjmoon/EmoViS/data/raw/CowenEmotionVideos/0164.mp4	0164.mp4	117173	2026-05-08T05:07:27+00:00	6a666cb7ec9d858be8cd124cb4d74ed83b27e0ef4a08d706fe8b4b5c44e657bc	164	4.08	h264	350	196	8.333333333333334	34	0	False	True			8ddb1d7c4201e443d4d0d25aa520d79f36cd85bebce45234f8a72e8b5cd9efbc	34	53830159197338099	True	164	False
stimulus_videos	/pscratch/sd/s/sjmoon/EmoViS/data/raw/CowenEmotionVideos/0165.mp4	0165.mp4	358936	2026-05-08T05:07:27+00:00	024ea5f11d90a090091d0aa5820d61fdc86be4134338f72e3646f63d82aa1699	165	3.9	h264	350	262	10.0	39	0	False	True			6a926a3a92fdf3c8f7c311b98f40e4e9c8f18fb40181479799847aaf0fa09f76	39	63829463314926648	True	165	False
stimulus_videos	/pscratch/sd/s/sjmoon/EmoViS/data/raw/CowenEmotionVideos/0166.mp4	0166.mp4	117340	2026-05-08T05:07:27+00:00	c23477ab61575a85eab5ae048f65b5a42012b3738c727e78fcb8981158d47049	166	1.92	h264	400	224	8.333333333333334	16	0	False	True			00497aad59067d69b25437af4c97aa7012ef728d8c906dfc70564028f4f72912	16	10763636329144549	True	166	False
stimulus_videos	/pscratch/sd/s/sjmoon/EmoViS/data/raw/CowenEmotionVideos/0167.mp4	0167.mp4	316067	2026-05-08T05:07:28+00:00	bb2dfc2abacc08196eca8b0354ae7e89bd28edc88bc55a1b040d203937209262	167	15.92	h264	172	290	25.0	398	0	False	True			c1d4b029b938bd6d6c21fee5efbdb8fb03f1d0d0598028352aad792867947b90	398	59929719399685563	True	167	False
stimulus_videos	/pscratch/sd/s/sjmoon/EmoViS/data/raw/CowenEmotionVideos/0168.mp4	0168.mp4	41822	2026-05-08T05:07:26+00:00	c97f6b1a51e0794ea2f38f634e5469d8947cc2f05315739cf41772db055cb447	168	1.2	h264	384	216	12.5	15	0	False	True			c6f00ed0f9fcc9b4592a14919a8a4c294eef6997426847d721e85e79bd3e4b2b	15	29435536608781771	True	168	False
stimulus_videos	/pscratch/sd/s/sjmoon/EmoViS/data/raw/CowenEmotionVideos/0169.mp4	0169.mp4	139594	2026-05-08T05:07:26+00:00	d78d1dd44f69443539290807b7d29837969f5a22068e21cc78beedbd9dba04b3	169	5.0	h264	300	300	10.0	50	0	False	True			64d04011a1cd4e704d479c3d21145e54638e28507f4b997f31a9eb094079023e	50	3317266162982	True	169	False
stimulus_videos	/pscratch/sd/s/sjmoon/EmoViS/data/raw/CowenEmotionVideos/0170.mp4	0170.mp4	494097	2026-05-08T05:07:27+00:00	534b95bad238ce10e932b5ce4c1ea4da3c414fa0e831b3dba2a62d3561273ca4	170	2.96	h264	636	288	100.0	296	0	False	True			271e80f9d4aef825bd91c868786cd19d8981bf5c30408df7e7f756da5b66ac79	296	1905778318204460	True	170	False
stimulus_videos	/pscratch/sd/s/sjmoon/EmoViS/data/raw/CowenEmotionVideos/0171.mp4	0171.mp4	135476	2026-05-08T05:07:27+00:00	e86b69a62dd97578bc8e807032c81a5dfdb974df4b0393a8cb824fb6b7c0ae61	171	3.046	h264	480	218	22.0	67	0	False	True			83fe11a0ff8cd4afa16a0c08435ddbcab14c683435ad364ce22c0065f3005b06	67	8512921162469263	True	171	False
stimulus_videos	/pscratch/sd/s/sjmoon/EmoViS/data/raw/CowenEmotionVideos/0172.mp4	0172.mp4	117110	2026-05-08T05:07:27+00:00	1bdb19a7db31e3b2d99fb0aaed4d8b3be205a7535d816d41a5faa969be790eae	172	4.5	h264	484	284	11.11111111111111	50	0	False	True			408bdfd6c5902b4f8af1e44a7ad8276230f952ad5d20859fed73075b60dc8fdf	50	14193396257993318	True	172	False
stimulus_videos	/pscratch/sd/s/sjmoon/EmoViS/data/raw/CowenEmotionVideos/0173.mp4	0173.mp4	772057	2026-05-08T05:07:28+00:00	68482bef70d7b1b94a6aa9079729f4b4760e6e09369de033c7f7dae9f4028c2f	173	12.04	h264	382	216	25.0	301	0	False	True			bb6bc1e565bc02c1ed5783a0c9606b94c3f946a47277e182064cb69928816f08	301	39409948946059585	True	173	False
stimulus_videos	/pscratch/sd/s/sjmoon/EmoViS/data/raw/CowenEmotionVideos/0174.mp4	0174.mp4	1175984	2026-05-08T05:07:28+00:00	55de63e6e7f260a57298e87fe6580c0b9f1f04243b00ee29ee7fab7062c61379	174	4.48	h264	718	404	25.0	112	0	False	True			f140aecdbabc16f2c660404059ffcb71e0c4fac49c7aa9a1fdee463d076a3a89	112	40852092881561622	True	174	False
stimulus_videos	/pscratch/sd/s/sjmoon/EmoViS/data/raw/CowenEmotionVideos/0175.mp4	0175.mp4	131660	2026-05-08T05:07:29+00:00	b525d56a966216c4999d40f6bc9e6d3b3bf51013e547ac8b49c85d3c13ef7116	175	2.94	h264	640	360	16.666666666666668	49	0	False	True			7c6167823b1e90109e0d5c6479b507a9f5382bc2743982848423d930035a9169	49	3973860118593923	True	175	False
stimulus_videos	/pscratch/sd/s/sjmoon/EmoViS/data/raw/CowenEmotionVideos/0176.mp4	0176.mp4	117394	2026-05-08T05:07:28+00:00	7265a3dd82db4744adbe0ab83276fcece43e1deed6144c8acb33079c75568f46	176	14.1	h264	300	328	10.0	141	0	False	True			45455a4cebb860632949c906344fbc3e34c8303cf51697f64dfb9ea88e4c4f2f	141	61204909440771745	True	176	False
stimulus_videos	/pscratch/sd/s/sjmoon/EmoViS/data/raw/CowenEmotionVideos/0177.mp4	0177.mp4	422400	2026-05-08T05:07:28+00:00	d1b32df8158553b14b3060748275c3c89513f6eb8f8771078af4a1e1ceb6d3aa	177	3.78	h264	352	284	14.285714285714286	54	0	False	True			244a06719326135a769df0ab47f87fb20f4abea779108c63ecd0c2f28b711dfe	54	2597271891374817	True	177	False
stimulus_videos	/pscratch/sd/s/sjmoon/EmoViS/data/raw/CowenEmotionVideos/0178.mp4	0178.mp4	201533	2026-05-08T05:07:24+00:00	0d69b8c9abd96f6b3c3834abbc8868d7c44f77e8ddd380e01c11b4d5791148da	178	2.53	h264	480	360	9.090909090909092	23	0	False	True			f5a3da7e0d1e2026a60ae321a92e88b4c2416519fb8e9b143b84c2d8735aeb27	23	7482406059075305	True	178	False
stimulus_videos	/pscratch/sd/s/sjmoon/EmoViS/data/raw/CowenEmotionVideos/0179.mp4	0179.mp4	106073	2026-05-08T05:07:25+00:00	11a3dab37b1abdf0d3125a561788ed7b445ddea33520426225037cfca7dfc850	179	1.6	h264	300	198	25.0	40	0	False	True			41bb40143f4fabef281f2854761aec8c77d4093b607bd5533036f32c23c6b5e6	40	64545291199812513	True	179	False
stimulus_videos	/pscratch/sd/s/sjmoon/EmoViS/data/raw/CowenEmotionVideos/0180.mp4	0180.mp4	173782	2026-05-08T05:07:26+00:00	6987e8d0c43fec2cae0ea3b9e3c72873fa19a0c87a850d257f81ee08dca08c74	180	1.6	h264	500	280	10.0	16	0	False	True			9936a314deed0b60d3d97bc64945e1868f5da72bba24694abc1f6ed4484ee526	16	3408732768125830	True	180	False
stimulus_videos	/pscratch/sd/s/sjmoon/EmoViS/data/raw/CowenEmotionVideos/0181.mp4	0181.mp4	4523861	2026-05-08T05:07:25+00:00	6a49c009c4037454a0547497211859549b0f72ee555a931615c1828506f73025	181	9.034	h264	720	540	30.0	271	0	False	True			dd2457340f2b7a4787f74e18a04454e25d003b8632ea7c7a6c9df90a621e2ff1	271	56888974033142726	True	181	False
stimulus_videos	/pscratch/sd/s/sjmoon/EmoViS/data/raw/CowenEmotionVideos/0182.mp4	0182.mp4	45584	2026-05-08T05:07:26+00:00	5dae5bd27973868a533018dda5d1ef51bb3d3604ca33d68278ab193272415a7d	182	1.36	h264	400	224	25.0	34	0	False	True			3378c4b686717236775422168d04941383fbefacf16a6821ab03895b52814c83	34	20496144108454662	True	182	False
stimulus_videos	/pscratch/sd/s/sjmoon/EmoViS/data/raw/CowenEmotionVideos/0183.mp4	0183.mp4	405982	2026-05-08T05:07:26+00:00	542aebeea928cded58d812708069096b628204057da0c370005cd71d90b0c44f	183	6.37	h264	240	244	14.285714285714286	91	0	False	True			b2f6981064c78a2b2a12a710d672b8a2466ca925fba607890c5705bbc259770e	91	1143527262175409	True	183	False
stimulus_videos	/pscratch/sd/s/sjmoon/EmoViS/data/raw/CowenEmotionVideos/0184.mp4	0184.mp4	98505	2026-05-08T05:07:25+00:00	edc2679207b0e3946a2db42ea37f74daa3ca6a8633d520a555afbe890997601f	184	3.3	h264	500	230	6.666666666666667	22	0	False	True			4df231f6ae08889dc7761116f34e07e8a234cc87dd2acb8f7649f2efdd70b548	22	43811616474134249	True	184	False
stimulus_videos	/pscratch/sd/s/sjmoon/EmoViS/data/raw/CowenEmotionVideos/0185.mp4	0185.mp4	1960967	2026-05-08T05:07:25+00:00	3e2e0b8b17eab0384402625f2bc2699b335bb3f566cfce50c4df4114407b8011	185	15.24	h264	490	432	16.666666666666668	254	0	False	True			2ddaba983ada82b191169503a9a3e9a5bd609cf3cee663a92ac4f0344c4482fe	254	7796733283765439	True	185	False
stimulus_videos	/pscratch/sd/s/sjmoon/EmoViS/data/raw/CowenEmotionVideos/0186.mp4	0186.mp4	60624	2026-05-08T05:07:25+00:00	fb7d9c466d90c5be63c0f4bed4371f6a5553ab8fc10586afbbd8e6b08321e3c5	186	0.9	h264	500	366	10.0	9	0	False	True			99ecf41c6444c9fd418c30e326a9ee87acb8198caf13ca088fe7c02b08af5d24	9	17659509505051030	True	186	False
stimulus_videos	/pscratch/sd/s/sjmoon/EmoViS/data/raw/CowenEmotionVideos/0187.mp4	0187.mp4	89738	2026-05-08T05:07:24+00:00	39397d0951e5cfd3d0942d32f0340c5e3a29905b89e50caba163bd6972e5658d	187	2.8	h264	308	172	10.0	28	0	False	True			201d438e5cf252115df33fec56de7ae1642b114e03a37e8323270405a57a3741	28	61765609964068543	True	187	False
stimulus_videos	/pscratch/sd/s/sjmoon/EmoViS/data/raw/CowenEmotionVideos/0188.mp4	0188.mp4	245885	2026-05-08T05:07:28+00:00	93a164cf05090b6aa0be7bf6bddcbf9cbe60732f31af4236e3079b73d8ec4e41	188	8.94	h264	348	270	16.666666666666668	149	0	False	True			7e5602ae45d14d843a13244ce2efd03f05719facc2a2310642e7512401a1d9d3	149	69473628275194726	True	188	False
stimulus_videos	/pscratch/sd/s/sjmoon/EmoViS/data/raw/CowenEmotionVideos/0189.mp4	0189.mp4	334819	2026-05-08T05:07:28+00:00	f36d64e6d2683a49687105a7e3809b3019c2fcef605f756d91472744c30e4f53	189	3.158	h264	270	268	28.5	90	0	False	True			4bfdbf14c80ba99771861aaaad9c9cb24637405f66ef7abab29e1f8c904072d2	90	21276870492491388	True	189	False
stimulus_videos	/pscratch/sd/s/sjmoon/EmoViS/data/raw/CowenEmotionVideos/0190.mp4	0190.mp4	656850	2026-05-08T05:07:25+00:00	d142b6ef6f83c450c73aad7364e46e8cfcada7c687700ff6d5f30477b4bd5205	190	2.88	h264	480	270	16.666666666666668	48	0	False	True			3c9362e1798d2abfba7ea29af86705d339bfe2cf05ebde423011784ff61714d0	48	68103230740765848	True	190	False
stimulus_videos	/pscratch/sd/s/sjmoon/EmoViS/data/raw/CowenEmotionVideos/0191.mp4	0191.mp4	542601	2026-05-08T05:07:25+00:00	4c0b2dedc344b153b5c52b853042f7c54e0ab1370334bdc546fe8dd89c81bab6	191	5.22	h264	304	258	16.666666666666668	87	0	False	True			69a01def1d9b90db5d3183f30e243bb36f1c53bda0c7bd39db33d2154ef0daaa	87	41016235321210952	True	191	False
stimulus_videos	/pscratch/sd/s/sjmoon/EmoViS/data/raw/CowenEmotionVideos/0192.mp4	0192.mp4	489497	2026-05-08T05:07:25+00:00	e2c28dab05d5df3b964a58d293bbb77b4db0d3a2b48bbab66eb0a94eba0dc521	192	6.7	h264	312	176	10.0	67	0	False	True			4f26cf1224a8636f295f8bb458c3c3220d21c8c92e3acc1a8326a198d68d5949	67	21985938475944725	True	192	False
stimulus_videos	/pscratch/sd/s/sjmoon/EmoViS/data/raw/CowenEmotionVideos/0193.mp4	0193.mp4	169707	2026-05-08T05:07:24+00:00	74a3d4a61f68f8e61e29ffe49f171cbe00e63a0b110cc623880036df3de6cb2e	193	2.73	h264	244	272	7.6923076923076925	21	0	False	True			e8d9691cb61e441bc8e0964d4dc64da9e641aa3ded52cd7b47bf0988b1a4a81d	21	64043452032748807	True	193	False
stimulus_videos	/pscratch/sd/s/sjmoon/EmoViS/data/raw/CowenEmotionVideos/0194.mp4	0194.mp4	433844	2026-05-08T05:07:26+00:00	64c268b0d7fd4499946d435c6561736f1dc657f87695681d4ad82aee9f709f24	194	6.09	h264	270	428	14.285714285714286	87	0	False	True			1159d32d0db941c56e7a031fbe7568f0cac8e566e90a3621d95871be79bdadec	87	1703757809604785	True	194	False
stimulus_videos	/pscratch/sd/s/sjmoon/EmoViS/data/raw/CowenEmotionVideos/0195.mp4	0195.mp4	688121	2026-05-08T05:07:25+00:00	0ee0f6d7a0faa02dd7cdb5f5e81041e4be9f0775f314a5c90961ccf6fa3b174f	195	8.91	h264	342	174	9.090909090909092	81	0	False	True			e723941bd5d8604386b18142a749949ace19b41d3b37512db0009fe6ba1f86a2	81	17723919657029519	True	195	False
stimulus_videos	/pscratch/sd/s/sjmoon/EmoViS/data/raw/CowenEmotionVideos/0196.mp4	0196.mp4	134697	2026-05-08T05:07:26+00:00	59c81fec9d4d7b60fd623a1fde70b7a30b2779512d0d4b0e2e2455b7bd41f2f8	196	4.8	h264	488	274	10.0	48	0	False	True			5594f68962198c4c3c770ca94e1f2f44a6a55e90d24beb48cf28c06f4c0edfcd	48	72039854672869055	True	196	False
stimulus_videos	/pscratch/sd/s/sjmoon/EmoViS/data/raw/CowenEmotionVideos/0197.mp4	0197.mp4	58262	2026-05-08T05:07:26+00:00	e38016dc312b9095ec6ac2f1c3b2eee71f2c4c24cb0a79cf2c812ad98e0fd717	197	4.2	h264	398	212	20.0	84	0	False	True			ed9b2b36a85dfa6490f8fadefa17b876502e8dc1c0d58483bbd118bac16d7e56	84	59903236447113070	True	197	False
stimulus_videos	/pscratch/sd/s/sjmoon/EmoViS/data/raw/CowenEmotionVideos/0198.mp4	0198.mp4	648175	2026-05-08T05:07:28+00:00	cef6e069b5177e1cb7cc7ccfc6b91c1ab76de2192e7cbd3c068342f73cbcda8d	198	6.4	h264	640	360	10.0	64	0	False	True			5e066b75de923e0f5b81fe341a73a14e26022e6c590ff70ea17eff00eff173fd	64	36312488384667744	True	198	False
stimulus_videos	/pscratch/sd/s/sjmoon/EmoViS/data/raw/CowenEmotionVideos/0199.mp4	0199.mp4	1553325	2026-05-08T05:07:27+00:00	86ec3bc2fce06575ca308bfa92b12aae5d4e297dcc0033b0a139c4978d4173ae	199	15.12	h264	718	404	25.0	378	0	False	True			2616232e16c18a7a4ae4ca65d91df69e1446ec21b6bc652e1cdd79ab4f83e67a	378	43280653015070733	True	199	False
stimulus_videos	/pscratch/sd/s/sjmoon/EmoViS/data/raw/CowenEmotionVideos/0200.mp4	0200.mp4	6109374	2026-05-08T05:07:28+00:00	df29ffca9e65df1f05f65b2880a94927e34336fa99833476abb6bd7923679832	200	10.01	h264	720	720	29.97002997002997	300	0	False	True			1c44df939875f94d014f59a5b5103ea40dd84bd6673aff4bbab880ecc8c0c93a	300	6539841055370365	True	200	False
stimulus_videos	/pscratch/sd/s/sjmoon/EmoViS/data/raw/CowenEmotionVideos/0201.mp4	0201.mp4	156344	2026-05-08T05:07:28+00:00	94ef107561bfb59e795cbcba8f133110d250349daff9127f0696fb02e497bf26	201	1.7	h264	362	330	10.0	17	0	False	True			fe8a4168bccf91747dd44e5a89a69c9f6cb51f792fe1413ec3199a8fe2594d39	17	58155888217017998	True	201	False
stimulus_videos	/pscratch/sd/s/sjmoon/EmoViS/data/raw/CowenEmotionVideos/0202.mp4	0202.mp4	3444583	2026-05-08T05:07:29+00:00	0baa3a0e426e51795a149578ad4b32892ab9595010e3cf8bfe52bc7ce2e0291a	202	7.2	h264	800	450	8.333333333333334	60	0	False	True			4421217938a1d78eb5fca809101d6cf6fab55519a2e34dfbe8832bc9ed029939	60	17517947853974776	True	202	False
stimulus_videos	/pscratch/sd/s/sjmoon/EmoViS/data/raw/CowenEmotionVideos/0203.mp4	0203.mp4	9302	2026-05-08T05:07:29+00:00	5d8e2e8cb0a5c2308bc7ec34239fe1c962bf3283b5767c3b8f05b2edfd268ead	203	1.5	h264	636	344	10.0	15	0	False	True			7760eb983ed5c6c8ae8cacad7138a5a2a0cf245c68a9c70304a93a0b105ca0ff	15	1702112854540707	True	203	False
stimulus_videos	/pscratch/sd/s/sjmoon/EmoViS/data/raw/CowenEmotionVideos/0204.mp4	0204.mp4	81106	2026-05-08T05:07:27+00:00	cac1624f68d7aeb2aa86a4f39196777733ebbbc437438765f2b84adf5b8a02b4	204	4.7	h264	500	280	10.0	47	0	False	True			09748b859172cae6c95ba4002369aadb26e2ff6b8b481b854329b6f913b63bb2	47	35744967165794803	True	204	False
stimulus_videos	/pscratch/sd/s/sjmoon/EmoViS/data/raw/CowenEmotionVideos/0205.mp4	0205.mp4	1795167	2026-05-08T05:07:28+00:00	b797194642bc037c9627ccbbd1d10cf6587f426b79a8267bf97d6b2180d9e4f3	205	15.1	h264	480	270	10.0	151	0	False	True			f035a9142ab7e454d435063fc0407c01751add3a225731a5f5fa707ecacf907a	151	19299870719666643	True	205	False
stimulus_videos	/pscratch/sd/s/sjmoon/EmoViS/data/raw/CowenEmotionVideos/0206.mp4	0206.mp4	229914	2026-05-08T05:07:27+00:00	1b911b076a6abdc3501a922e635af56111884b30ad54a1d7f792e790dd8153f5	206	8.8	h264	260	146	9.090909090909092	80	0	False	True			deaa58c19bc28c581e46b8be0a7e380e29ed6681f4d4e7dd63806b1286bb660c	80	9689486860668822	True	206	False
stimulus_videos	/pscratch/sd/s/sjmoon/EmoViS/data/raw/CowenEmotionVideos/0207.mp4	0207.mp4	148066	2026-05-08T05:07:27+00:00	cb32f057ae7676656284d27339139a2d6ec2b425621e2fab24ebd4bd6894320e	207	2.7	h264	450	252	11.11111111111111	30	0	False	True			74cf9e5568c11c9eb2b6c47214f3154b0b1c658da2af815dd2441f7809f3deb5	30	46032373765962227	True	207	False
stimulus_videos	/pscratch/sd/s/sjmoon/EmoViS/data/raw/CowenEmotionVideos/0208.mp4	0208.mp4	328182	2026-05-08T05:07:26+00:00	2d3973ead9588039045aeabebe20330e869353ad28f428119dd5bed1dae9fda5	208	1.41	h264	620	348	33.333333333333336	47	0	False	True			ba1e2187a859a227cdcacdbc0ee6ea1fd32847704a3edf89e43932a12203308f	47	32342052275698793	True	208	False
stimulus_videos	/pscratch/sd/s/sjmoon/EmoViS/data/raw/CowenEmotionVideos/0209.mp4	0209.mp4	1131082	2026-05-08T05:07:26+00:00	85b119de14668358be66a1862051ce10e2502fb225d0d1dda8dcfe98f6f7466d	209	5.0	h264	720	720	30.0	150	0	False	True			1f48d2223c6798dae0281f0db1c5fc764f30fc30b27d7b3ac3f8220792ab35f3	150	44646055939179277	True	209	False
stimulus_videos	/pscratch/sd/s/sjmoon/EmoViS/data/raw/CowenEmotionVideos/0210.mp4	0210.mp4	1276231	2026-05-08T05:07:27+00:00	5a005c1b3d9016ebce63d440def8433bfffaffa1aabb224babe6fb9865dbdf97	210	10.067	h264	480	270	15.0	151	0	False	True			249f1647e8052fec37a6f6778f582226012a7f2d3898658ab982deabc1da1990	151	8494352970269575	True	210	False
stimulus_videos	/pscratch/sd/s/sjmoon/EmoViS/data/raw/CowenEmotionVideos/0211.mp4	0211.mp4	981519	2026-05-08T05:07:28+00:00	3caa554d620e71c5ae395994bbc57d4d2b9194a9bd0aa98fb1063d516a14004b	211	3.15	h264	640	360	14.285714285714286	45	0	False	True			df89e9152cd1a51072ce89e9fb466547e60d557ee73a536b6d859ed8cbf2d9d4	45	22811392367942582	True	211	False
stimulus_videos	/pscratch/sd/s/sjmoon/EmoViS/data/raw/CowenEmotionVideos/0212.mp4	0212.mp4	182025	2026-05-08T05:07:27+00:00	d25c075376f0cb16619b9abfd77d48aa54977add31402f04b929a7822f1aa08d	212	1.82	h264	500	228	14.285714285714286	26	0	False	True			20d2a083dca18ebab4a11635cb9ebe9f26c7c3b99c2ee05e474d49daa8626b31	26	6866216428592764	True	212	False
stimulus_videos	/pscratch/sd/s/sjmoon/EmoViS/data/raw/CowenEmotionVideos/0213.mp4	0213.mp4	9029208	2026-05-08T05:07:27+00:00	e051ba455b4cce8c6b34d3d91b0230180eff09b36eea9a05a145d802aca3b292	213	14.8	h264	720	404	30.0	444	0	False	True			7ceea753edf3b42262a27d842cae1aebd143b753341dfd0a3d1520585b446578	444	2482160621330367	True	213	False
stimulus_videos	/pscratch/sd/s/sjmoon/EmoViS/data/raw/CowenEmotionVideos/0214.mp4	0214.mp4	722042	2026-05-08T05:07:28+00:00	2d35f921ffc6ff59858560524c875374edcac39d5f785b8808827fb85770096b	214	3.2	h264	720	540	25.0	80	0	False	True			79194911591fc12053428ba7d53ddbda5de247eeb4f6b707c955b69c9a82774e	80	40070846326688913	True	214	False
stimulus_videos	/pscratch/sd/s/sjmoon/EmoViS/data/raw/CowenEmotionVideos/0215.mp4	0215.mp4	897551	2026-05-08T05:07:28+00:00	de26d4ed1bbeb78aa5ce63a5dcc47839c4f5bebc48363cb6a446bd63de93ac62	215	5.74	h264	882	396	14.285714285714286	82	0	False	True			fdd9db289d8802389391c1519eb51f3b8dc5a7e12ce479b4b360c263ffc68995	82	22850411561099411	True	215	False
stimulus_videos	/pscratch/sd/s/sjmoon/EmoViS/data/raw/CowenEmotionVideos/0216.mp4	0216.mp4	164274	2026-05-08T05:07:29+00:00	ec2ac85d5d7d1229b1ef3bbfe14f9145b984b88b74772185c45fe7c16ed04244	216	6.5	h264	260	166	7.6923076923076925	50	0	False	True			47d227309866e2ed5cfc83ed22bc6e1216a7b5fe2c0048030cc27a3ed850f4c9	50	6792111811006756	True	216	False
stimulus_videos	/pscratch/sd/s/sjmoon/EmoViS/data/raw/CowenEmotionVideos/0217.mp4	0217.mp4	111107	2026-05-08T05:07:29+00:00	f281d84b458fbee745032cb6bacec50b39f6eafbe246d6b06a57ffffb32f4283	217	1.56	h264	500	500	16.666666666666668	26	0	False	True			546606724684892b1cde98f59cb270f7d98e677cbd87b7e9dff90496fdb12a36	26	49342338583366803	True	217	False
stimulus_videos	/pscratch/sd/s/sjmoon/EmoViS/data/raw/CowenEmotionVideos/0218.mp4	0218.mp4	965329	2026-05-08T05:07:25+00:00	661cc23c5e2df594965c6fee4e8cda1ab8c0edf1dc96af225bb0c24995e92807	218	4.29	h264	640	360	33.333333333333336	143	0	False	True			81ca179982394cc8e2d59a8cac589da9ca8bafb4d648e076a3a13c9310c4ec4e	143	17561712067004295	True	218	False
stimulus_videos	/pscratch/sd/s/sjmoon/EmoViS/data/raw/CowenEmotionVideos/0219.mp4	0219.mp4	367743	2026-05-08T05:07:25+00:00	5851dc7d73c7c32bafb7e9c16a5274409a2e3e5bb0c949bd6843f09086c7d435	219	3.84	h264	500	282	16.666666666666668	64	0	False	True			5039e00f5115fa34b38f17930981182de43028fe040329c4c62286a400684fc6	64	3669899606217663	True	219	False
stimulus_videos	/pscratch/sd/s/sjmoon/EmoViS/data/raw/CowenEmotionVideos/0220.mp4	0220.mp4	59377	2026-05-08T05:07:26+00:00	d2e39a7dfd23e773924b327534539c0248c6f83960218e57867aae331a7efee7	220	1.8	h264	450	280	16.666666666666668	30	0	False	True			86768a03e94ea66190c5a1c5a09dd151fb0fedffc61c30ca4a93a146de7dfada	30	59025506934400876	True	220	False
stimulus_videos	/pscratch/sd/s/sjmoon/EmoViS/data/raw/CowenEmotionVideos/0221.mp4	0221.mp4	675205	2026-05-08T05:07:26+00:00	37c73f2d1ccdca2804536430c6aa4dff70c52ada5169341fbc52978fc7781d2b	221	22.1	h264	400	242	10.0	221	0	False	True			a1e1eb45d61119597545a37d07d854872b7d292a69cd69321e7aeb22754cdcd5	221	15782260313115697	True	221	False
stimulus_videos	/pscratch/sd/s/sjmoon/EmoViS/data/raw/CowenEmotionVideos/0222.mp4	0222.mp4	149415	2026-05-08T05:07:26+00:00	c98d3f57b635fa73aafad699b496261a694f47122f8c55102970e63ff128c9b2	222	5.1	h264	400	232	10.0	51	0	False	True			c257992bff98c6552a4fd59f469b8ff3f3a750cbd15e433c5efab1a31d1bc402	51	40284132483511179	True	222	False
stimulus_videos	/pscratch/sd/s/sjmoon/EmoViS/data/raw/CowenEmotionVideos/0223.mp4	0223.mp4	4774787	2026-05-08T05:07:26+00:00	26556d2b75ce867f3794d643731c7b23929e0b8bc58571a298a71af4cffc05e6	223	11.011	h264	720	404	23.976023976023978	264	0	False	True			897d75ab5b290b7f52760bc0d64c6d36653e787813cad6c8673680b6b0952e89	264	4007563488943551	True	223	False
stimulus_videos	/pscratch/sd/s/sjmoon/EmoViS/data/raw/CowenEmotionVideos/0224.mp4	0224.mp4	824436	2026-05-08T05:07:25+00:00	7550fd43d08fcc19c1f7af7718a96ba4a3b72638a28f555c0ce719baf4229de9	224	9.2	h264	280	212	10.0	92	0	False	True			2548c010b1a3936dd21ccf3a3d89542f80bd59606a9201f4a2d6590df2f7c69d	92	10780317581561823	True	224	False
stimulus_videos	/pscratch/sd/s/sjmoon/EmoViS/data/raw/CowenEmotionVideos/0225.mp4	0225.mp4	75230	2026-05-08T05:07:25+00:00	564f7a4fd9d35e0872e4fc7f4c0584d8138000a88146a6e4c2a4c754ad02046a	225	6.5	h264	260	194	7.6923076923076925	50	0	False	True			13c5a7ec3d6a021d9d47933764259aa2218334392b8d1b59607075b7a3823f4d	50	24822990341613070	True	225	False
stimulus_videos	/pscratch/sd/s/sjmoon/EmoViS/data/raw/CowenEmotionVideos/0226.mp4	0226.mp4	602793	2026-05-08T05:07:24+00:00	b2b0878563be7c9ac2aa9e9ecc7c8c4c99d1876d9b08fb5824bbb790e551fc36	226	4.62	h264	400	246	14.285714285714286	66	0	False	True			aae8a27a4cf182b6ff8029b020681042eff74c23f23e3b7e7054773312d47663	66	19920717898785476	True	226	False
stimulus_videos	/pscratch/sd/s/sjmoon/EmoViS/data/raw/CowenEmotionVideos/0227.mp4	0227.mp4	1099608	2026-05-08T05:07:25+00:00	2108e278f687d9f031ee557cde4dbecc677cb440ae04bb0ca9d8a6f87e45aa65	227	6.5	h264	340	264	10.0	65	0	False	True			8b78c58f25357aba8d3d0d9dd0acc2040c5dc744729452b6713aa31ed1196cd0	65	12978896468387394	True	227	False
stimulus_videos	/pscratch/sd/s/sjmoon/EmoViS/data/raw/CowenEmotionVideos/0228.mp4	0228.mp4	3154868	2026-05-08T05:07:28+00:00	f42569ffb8f65eebe87bc578a9252102bf8386a0796f928e22bd2ec7ff1c6dba	228	7.034	h264	720	404	30.0	211	0	False	True			e44c63d6e780758dfc8f71c633c3a5c3f7cdcd723fbc1661dd65ee05bd9035d3	211	8476376468341155	True	228	False
stimulus_videos	/pscratch/sd/s/sjmoon/EmoViS/data/raw/CowenEmotionVideos/0229.mp4	0229.mp4	69152	2026-05-08T05:07:28+00:00	484f80999c15055c43e35df99a920550de70ca2df80d08dc2ca6353f6fea962e	229	2.79	h264	404	250	11.11111111111111	31	0	False	True			25a4944e63ad8c61673e1d0eba97dad2156d6e041e9e8d34b9aecc3341807ce5	31	9603233993556035	True	229	False
stimulus_videos	/pscratch/sd/s/sjmoon/EmoViS/data/raw/CowenEmotionVideos/0230.mp4	0230.mp4	300466	2026-05-08T05:07:25+00:00	549cbc7b84ca6189bc5b7facb34e7eba825d3189acd678b2ed00ae9928ea294f	230	15.08	h264	426	240	25.0	377	0	False	True			012210a2529127b784218deb54d7c3f59c32004687e854f1222e1fd95ebdbdbc	377	10779853057982724	True	230	False
stimulus_videos	/pscratch/sd/s/sjmoon/EmoViS/data/raw/CowenEmotionVideos/0231.mp4	0231.mp4	1066994	2026-05-08T05:07:25+00:00	aeae0d30d90a46d8acea86205cb720e7dc4ea7eee39d8401f4bce6735f75dae6	231	3.4	h264	640	360	20.0	68	0	False	True			7caafd8b1fb2358d47364435a4f6c35ff4eeee59ccebcc4f623adf726d3bc539	68	63546837697968240	True	231	False
stimulus_videos	/pscratch/sd/s/sjmoon/EmoViS/data/raw/CowenEmotionVideos/0232.mp4	0232.mp4	91952	2026-05-08T05:07:24+00:00	aa5ccb60b0d7fd5e0b56c4823d92e8ffd02c27dd4c9ae5e57c7fe5955ff6187f	232	7.2	h264	192	172	16.666666666666668	120	0	False	True			831065e8007cd00e2e31a3297a73b9271e62d3d86d4598fce7e855d7004f8d1b	120	2002733408863380	True	232	False
stimulus_videos	/pscratch/sd/s/sjmoon/EmoViS/data/raw/CowenEmotionVideos/0233.mp4	0233.mp4	158268	2026-05-08T05:07:24+00:00	a44af01fe1a9f388b908d91b46dcc07c0a8833d8170345aeeb4f10d08946e1a0	233	0.93	h264	524	700	33.333333333333336	31	0	False	True			2d408d21457f5a325b5f9ab5906004cc153e1a40534fb3d320f426cdd828e747	31	17588454197663898	True	233	False
stimulus_videos	/pscratch/sd/s/sjmoon/EmoViS/data/raw/CowenEmotionVideos/0234.mp4	0234.mp4	239296	2026-05-08T05:07:26+00:00	c129ab492907bd63bc83299f0736b6cc4c10b6fcd755a91a072aa1556d68afb5	234	3.24	h264	500	330	16.666666666666668	54	0	False	True			688cb4b4671b67d3116e08a011ef3ec33567ba6b7cecc5070df07f0c692ef83d	54	50089161248345241	True	234	False
stimulus_videos	/pscratch/sd/s/sjmoon/EmoViS/data/raw/CowenEmotionVideos/0235.mp4	0235.mp4	57600	2026-05-08T05:07:26+00:00	29858c69249fa536d5233a2851defb13488673974f7eb5092db948307fcabe6d	235	0.76	h264	468	260	25.0	19	0	False	True			31e5a1d487a80261967c35e28010dbb977877f39ac3954fb2a1b4be73c850ad9	19	32198411304395722	True	235	False
stimulus_videos	/pscratch/sd/s/sjmoon/EmoViS/data/raw/CowenEmotionVideos/0236.mp4	0236.mp4	130751	2026-05-08T05:07:26+00:00	235129e030e7f75e351f762e69b3e571c7cad874b2defbd16c15ef8e28b92395	236	1.9	h264	450	240	10.0	19	0	False	True			171ec96a45f7d756f5850fc61476751ceede7476d67b64c647ee4fbe5c69b5f3	19	4064678461152242	True	236	False
stimulus_videos	/pscratch/sd/s/sjmoon/EmoViS/data/raw/CowenEmotionVideos/0237.mp4	0237.mp4	475783	2026-05-08T05:07:26+00:00	8a5d9635a06075e74769e49776e93d05b153f28a40cc7cd81d0580b95f65304f	237	9.9	h264	420	210	10.0	99	0	False	True			b6d0af21898ab44e01e3dcf35c936c86ac6a592c9ea9f68403c3f3db50130fb2	99	49086332648666999	True	237	False
stimulus_videos	/pscratch/sd/s/sjmoon/EmoViS/data/raw/CowenEmotionVideos/0238.mp4	0238.mp4	2988172	2026-05-08T05:07:28+00:00	d4b5c284a0d8e8221fba3f9565d1d3140688ae0b6583d6eda6732b7db7128693	238	8.261	h264	640	368	23.0	190	0	False	True			b677472005f8c86d09b0442085dfd66687023be946b588c3cc90d16f7a248a3f	190	3972103808016279	True	238	False
stimulus_videos	/pscratch/sd/s/sjmoon/EmoViS/data/raw/CowenEmotionVideos/0239.mp4	0239.mp4	1051723	2026-05-08T05:07:28+00:00	330f0f2264aacc0a596384220c6037a25e43e3bbe471d31f8562f46313dbf03c	239	14.63	h264	378	220	9.090909090909092	133	0	False	True			ea32721a0f2575d990f99449417b71f76374b85a914e53c5abd327ae05ea48b2	133	7351601217549990	True	239	False
stimulus_videos	/pscratch/sd/s/sjmoon/EmoViS/data/raw/CowenEmotionVideos/0240.mp4	0240.mp4	352384	2026-05-08T05:07:24+00:00	201c0da9af3a46b941c1f96ffc010c16afce090385a8568358208fe2945f53af	240	13.6	h264	350	270	1.25	17	0	False	True			8108cb038d46d8b069fcc3b4d3d81dce9e1ea0e3576e6bf9761eea616dcd6be8	17	6290072923591607	True	240	False
stimulus_videos	/pscratch/sd/s/sjmoon/EmoViS/data/raw/CowenEmotionVideos/0241.mp4	0241.mp4	2302503	2026-05-08T05:07:24+00:00	0838f2ab2d30fa6e69001cb690e989d662f66d670ec47d8de376b75a89aed43a	241	6.04	h264	480	360	25.0	151	0	False	True			720f31141490f2e928f5bf95bf9db745c567020b93443f235d55fd6a976c0962	151	14184564199833991	True	241	False
stimulus_videos	/pscratch/sd/s/sjmoon/EmoViS/data/raw/CowenEmotionVideos/0242.mp4	0242.mp4	53675	2026-05-08T05:07:23+00:00	e80cbcf9c728aa95305fc6e1d9d12f135ff55be85efc7af8d2838b83dc63a902	242	1.9	h264	500	300	10.0	19	0	False	True			91b6b84d6be6a76060e17d6985167ecc5ccaa7ccb4363936aa017144c8650a5c	19	16028550714830073	True	242	False
stimulus_videos	/pscratch/sd/s/sjmoon/EmoViS/data/raw/CowenEmotionVideos/0243.mp4	0243.mp4	87757	2026-05-08T05:07:23+00:00	71ed158e960eb92c51ca8a1833c7f755b9079ceb2b268289cf06ebd533585445	243	0.8	h264	500	382	10.0	8	0	False	True			ac84cb12d1bcfc5eaf042dc9e39518295254be7ea374f228258a9ab340d3f3b3	8	28386743027141901	True	243	False
stimulus_videos	/pscratch/sd/s/sjmoon/EmoViS/data/raw/CowenEmotionVideos/0244.mp4	0244.mp4	521005	2026-05-08T05:07:22+00:00	09ebff9e5093540ecbc5640cf6f2c2f9e4412508fa2713f6854364c05bba2a31	244	11.8	h264	328	238	10.0	118	0	False	True			c76dbdcb0cb118eaca62c2d2295c8a6fcad92c913f3498abd38ca41f8d3c64f4	118	22155072687556495	True	244	False
stimulus_videos	/pscratch/sd/s/sjmoon/EmoViS/data/raw/CowenEmotionVideos/0245.mp4	0245.mp4	10502032	2026-05-08T05:07:22+00:00	3a96bd8e9d9c428aa5304777dfd4c78edf7e497951ce0396b0a5041c2fe0dbdc	245	15.034	h264	720	1270	30.0	451	0	False	True			59d78eb18a1bc0eb2e752328b839ec5dec680f182583bda5d635345aca0e1f73	451	3954590579025560	True	245	False
stimulus_videos	/pscratch/sd/s/sjmoon/EmoViS/data/raw/CowenEmotionVideos/0246.mp4	0246.mp4	545581	2026-05-08T05:07:23+00:00	c8427dddef32e03b6bf4562959a10c4823d82b57aa015b76ecfeb997fb9e5205	246	15.12	h264	400	300	25.0	378	0	False	True			45b034976aec7d02952b8f8e903ea90555810e09bd158cdd35beb10dba373e3c	378	69783665453755383	True	246	False
stimulus_videos	/pscratch/sd/s/sjmoon/EmoViS/data/raw/CowenEmotionVideos/0247.mp4	0247.mp4	76649	2026-05-08T05:07:23+00:00	ac500bb5537eb10d1e3948fcddd7ddea7fe67ba3e3ffc7697df81b21a446bf26	247	1.75	h264	400	224	20.0	35	0	False	True			6ee62494d843c162ae7e17009cce040f589a008282e801934f973638959a01b1	35	61698518333624095	True	247	False
stimulus_videos	/pscratch/sd/s/sjmoon/EmoViS/data/raw/CowenEmotionVideos/0248.mp4	0248.mp4	173812	2026-05-08T05:07:31+00:00	5f5c98f7a4fa8d20380a678945e037fcb01dcf631cf84b8d66c61b2d2e4b5f45	248	3.5	h264	598	598	4.0	14	0	False	True			771f31d9646c76de9a5197e09d3f3b7dd93b8b6ec265de65a9fda461b52b4106	14	13970761108012056	True	248	False
stimulus_videos	/pscratch/sd/s/sjmoon/EmoViS/data/raw/CowenEmotionVideos/0249.mp4	0249.mp4	299386	2026-05-08T05:07:31+00:00	b0ea1bc46806d55301ff24962f0a6bb52b9a3c6131872e50fd9b4c4b9a48a881	249	7.5	h264	318	178	10.0	75	0	False	True			5336f7a3e860efe526c2007235658652bff4c48293f115565b06fda50540d16f	75	55029458202068509	True	249	False
stimulus_videos	/pscratch/sd/s/sjmoon/EmoViS/data/raw/CowenEmotionVideos/0250.mp4	0250.mp4	613254	2026-05-08T05:07:22+00:00	d1fee7e4c3e549fe37fd808558d85e9c7ff11da6342b6616dbeea9ba6ba8bf53	250	12.64	h264	208	264	6.25	79	0	False	True			33f9f7fdc34ce54fa8ad4d4d591fdfb4c969d9a142a074597f56b245e5e9b1f1	79	58883265178652710	True	250	False
stimulus_videos	/pscratch/sd/s/sjmoon/EmoViS/data/raw/CowenEmotionVideos/0251.mp4	0251.mp4	697223	2026-05-08T05:07:22+00:00	cac8be9622a2fd5688da65fce19962efe4c6aba7b43aded3efdaf878271d0057	251	5.17	h264	636	358	9.090909090909092	47	0	False	True			76b6508e9ec6f0c2d66122c2f2bd04a62f3e9a3addda52a32bd38f97598f3234	47	10727648170142163	True	251	False
stimulus_videos	/pscratch/sd/s/sjmoon/EmoViS/data/raw/CowenEmotionVideos/0252.mp4	0252.mp4	217882	2026-05-08T05:07:23+00:00	7afac9bb856b1db5d94b921733a93e9319487a3a0ab6c889d324405e7be63f8f	252	1.19	h264	360	234	14.285714285714286	17	0	False	True			fdf4c6944fd10a8afa3c34b0ff948b36189c9bf539bbdd636fce2cb77445facb	17	9575643250062477	True	252	False
stimulus_videos	/pscratch/sd/s/sjmoon/EmoViS/data/raw/CowenEmotionVideos/0253.mp4	0253.mp4	1091053	2026-05-08T05:07:23+00:00	2f33852d79f102edc86aca8a0fb601182e553c6c68242d55b99bad4c88cca94d	253	12.2	h264	720	404	30.0	366	0	False	True			1ecc4494e812bc5eac759358209a7e55797a2cde8c4f46821d0db4433d60de04	366	70354379658484895	True	253	False
stimulus_videos	/pscratch/sd/s/sjmoon/EmoViS/data/raw/CowenEmotionVideos/0254.mp4	0254.mp4	118465	2026-05-08T05:07:24+00:00	1bf90bbfafcfe0106d55ad0cc3c146303d777227888c4eea517f691b611be16b	254	4.88	h264	324	206	25.0	122	0	False	True			0b5680a7e5225b96998df191a47334ebf07c93ca29009f32583eded4b1501b96	122	19772896397098592	True	254	False
stimulus_videos	/pscratch/sd/s/sjmoon/EmoViS/data/raw/CowenEmotionVideos/0255.mp4	0255.mp4	723554	2026-05-08T05:07:24+00:00	6699421aff5c80545798617d6cfe23729e47438e4a99ee0fb4ebe09a05d312f7	255	5.0	h264	500	280	20.0	100	0	False	True			31c7af0255c37e973880af376c9fcd5c70d2e0a65bd42588d05ebe2889a2c723	100	16032715479276989	True	255	False
stimulus_videos	/pscratch/sd/s/sjmoon/EmoViS/data/raw/CowenEmotionVideos/0256.mp4	0256.mp4	86183	2026-05-08T05:07:23+00:00	27dadfc8aff22dba817b2ad19b99eba744d2c32580553ed792a784ec5322299f	256	2.1	h264	568	320	10.0	21	0	False	True			da600d2bccabac4db626d43071b263888d390630f00c525dc76ec4d5540330de	21	9078123165745952	True	256	False
stimulus_videos	/pscratch/sd/s/sjmoon/EmoViS/data/raw/CowenEmotionVideos/0257.mp4	0257.mp4	2030955	2026-05-08T05:07:23+00:00	bcb17d7b09f5fb1e50d083a5e2601a3ed1ad999d2a76835337dc1df8241e58d8	257	5.88	h264	554	410	16.666666666666668	98	0	False	True			c620ddb053c4b3dd09961a76cfb0b640b3aac6d03e5082df68c4200e14547416	98	34027443427553908	True	257	False
stimulus_videos	/pscratch/sd/s/sjmoon/EmoViS/data/raw/CowenEmotionVideos/0258.mp4	0258.mp4	6164621	2026-05-08T05:07:29+00:00	987cf57079c2079fb9085882e4208cd30342177b55c9fbdcb84836345944cf55	258	15.034	h264	720	720	30.0	451	0	False	True			f7c2913d4903daff536d4313fbe1c6c04e76697c3e42b2cface829ad3dde6134	451	34220257106311652	True	258	False
stimulus_videos	/pscratch/sd/s/sjmoon/EmoViS/data/raw/CowenEmotionVideos/0259.mp4	0259.mp4	975325	2026-05-08T05:07:29+00:00	afe7b4abd0d5ecb4a7dfb6a25e01c966551a1f6acd73759414d4699e4ca72ab2	259	10.52	h264	356	260	100.0	1052	0	False	True			9785faeaf1adf627396030d3570cd255ea25aeca0f660b4e31460361da377fa9	1052	63830000371189647	True	259	False
stimulus_videos	/pscratch/sd/s/sjmoon/EmoViS/data/raw/CowenEmotionVideos/0260.mp4	0260.mp4	589689	2026-05-08T05:07:31+00:00	b232c2f687de5934da1469657b978a3a01dc536fe9b6ecc80fa8e4a56632a452	260	7.74	h264	276	358	11.11111111111111	86	0	False	True			f42fa96d061dd0bbe645923a3795676e8178912a9d79b7a39573596049efd1fd	86	2925540849488496	True	260	False
stimulus_videos	/pscratch/sd/s/sjmoon/EmoViS/data/raw/CowenEmotionVideos/0261.mp4	0261.mp4	565617	2026-05-08T05:07:31+00:00	4a22050c30b09d9a987c570e8e01c294092fe5e3cf9ef0e36ffe641752001ad1	261	6.09	h264	500	142	14.285714285714286	87	0	False	True			86d88693540f06687c55e22b8be65b61b9c183c338ba4bd5975393d1f0eccffa	87	30629701690304511	True	261	False
stimulus_videos	/pscratch/sd/s/sjmoon/EmoViS/data/raw/CowenEmotionVideos/0262.mp4	0262.mp4	3744764	2026-05-08T05:07:30+00:00	7299423b12557995af87185f35d93d56b3093c16f2c49acfb29fca8249231b85	262	13.2	h264	640	640	10.0	132	0	False	True			c30f50eb11f64f8f0871564a33040e0ae3f5ddd257cc9881bdb10e5710c6ecd1	132	63547200845330040	True	262	False
stimulus_videos	/pscratch/sd/s/sjmoon/EmoViS/data/raw/CowenEmotionVideos/0263.mp4	0263.mp4	75864	2026-05-08T05:07:30+00:00	40346318a189f9966424e0276c3695b6c77b7bfa9526531176fb4db354780168	263	1.5	h264	500	364	10.0	15	0	False	True			4e44b435dfc85de0a968f73f09fdb66c5d1db2a97f5c2bc41b9aa1c071e87f76	15	15731429120703533	True	263	False
stimulus_videos	/pscratch/sd/s/sjmoon/EmoViS/data/raw/CowenEmotionVideos/0264.mp4	0264.mp4	759472	2026-05-08T05:07:29+00:00	f8b7833d2563d50bf414b06076db315b2494083e2497bc976808c04a02fba7e4	264	6.6	h264	718	404	25.0	165	0	False	True			1093462f0c54d537b36c47ed5ab99dc4f0b0807202b87181fadf528013dbec97	165	31038935932654894	True	264	False
stimulus_videos	/pscratch/sd/s/sjmoon/EmoViS/data/raw/CowenEmotionVideos/0265.mp4	0265.mp4	1603632	2026-05-08T05:07:29+00:00	6d54b1c10a769ee23f8f6501355d7b6db55d084215eeaa6e16350ad390b07cc6	265	15.12	h264	640	640	25.0	378	0	False	True			df0fa1cf490bccd609a3c8170c380693d0344fdba60f28528bbb8bfe07038f2e	378	27870455209405604	True	265	False
stimulus_videos	/pscratch/sd/s/sjmoon/EmoViS/data/raw/CowenEmotionVideos/0266.mp4	0266.mp4	805504	2026-05-08T05:07:30+00:00	261f66980fe5f370c5cd115e89f5f4653b3a953c2499aeed23d18d148a308d61	266	17.3	h264	400	292	10.0	173	0	False	True			76755c9eba665fe8341884ba1f65d6b11a59c4e120ae53eab0ee2db03eeae363	173	576249065980291	True	266	False
stimulus_videos	/pscratch/sd/s/sjmoon/EmoViS/data/raw/CowenEmotionVideos/0267.mp4	0267.mp4	103994	2026-05-08T05:07:30+00:00	d912a11d4f632a1d6ac2914303886f94a1e4998118b17f96682b01185babfb80	267	1.9	h264	638	270	10.0	19	0	False	True			5b286f92c2c40fb3428c7db693a49d588697735acb5c80324d67da1ba9008600	19	14231005516343860	True	267	False
stimulus_videos	/pscratch/sd/s/sjmoon/EmoViS/data/raw/CowenEmotionVideos/0268.mp4	0268.mp4	71831	2026-05-08T05:07:24+00:00	faaa8fb64bef1bcfe018a9cf747cd4c9058c8f5a0521c1ffa06f8e5c98328497	268	2.91	h264	350	214	100.0	291	0	False	True			bd10d8d9c1793b300d05e056cb727b3090fbe7b7bc5846cfd974e4b42f234266	291	37482644729821683	True	268	False
stimulus_videos	/pscratch/sd/s/sjmoon/EmoViS/data/raw/CowenEmotionVideos/0269.mp4	0269.mp4	582651	2026-05-08T05:07:24+00:00	14f39421aad539380c24aff0f7c68d20e777bb51974b7e97eb067e7c52f023e6	269	8.1	h264	320	180	10.0	81	0	False	True			798084c15464023ec7ead2b9b460264a6499e58c14294f728533eebb86ce6ab2	81	37019560988959119	True	269	False
stimulus_videos	/pscratch/sd/s/sjmoon/EmoViS/data/raw/CowenEmotionVideos/0270.mp4	0270.mp4	175381	2026-05-08T05:07:29+00:00	8d73c18a8144a484135566e5d973036db569b7c962d50d9fadd887314ac525dd	270	2.0	h264	328	174	10.0	20	0	False	True			9c1f63e8f6f19dce0901d6fdb84cf0faa617fa2b11dc98bdbfe64f0396697ed2	20	28381299627323803	True	270	False
stimulus_videos	/pscratch/sd/s/sjmoon/EmoViS/data/raw/CowenEmotionVideos/0271.mp4	0271.mp4	682394	2026-05-08T05:07:29+00:00	2221232835c1ea4c19d48f6521a6294ca8f01e1ac5f4f6b11986c3a09ab6cda2	271	3.76	h264	480	360	25.0	94	0	False	True			11ead72c60db617aebe8c9e56d3d134909187f8b991611246d9dd428d877ab3a	94	55957549159839856	True	271	False
stimulus_videos	/pscratch/sd/s/sjmoon/EmoViS/data/raw/CowenEmotionVideos/0272.mp4	0272.mp4	236774	2026-05-08T05:07:30+00:00	b7c865e2775fc2550f8ba2ee338f2123a7cf371c5fb17cb382c57407ee720972	272	3.2	h264	400	224	10.0	32	0	False	True			f449dab86bb0cef24a59fd8c5f6693e6b6956d61b6b625c77e381d82f73f3425	32	10173132873016651	True	272	False
stimulus_videos	/pscratch/sd/s/sjmoon/EmoViS/data/raw/CowenEmotionVideos/0273.mp4	0273.mp4	156314	2026-05-08T05:07:30+00:00	1c6b88bf76b5f5e504047550f19ee26841744a47462b1711d12da214e2272547	273	3.6	h264	500	278	10.0	36	0	False	True			7c3d1478b8cedb38ef6ddc09a369cac4cb34e0f38021065834ed371a4f39671b	36	69779197758453628	True	273	False
stimulus_videos	/pscratch/sd/s/sjmoon/EmoViS/data/raw/CowenEmotionVideos/0274.mp4	0274.mp4	15061	2026-05-08T05:07:31+00:00	bc70441cbb1fcd0d6b2f3a66457b2fafff450456f330f8d21af455ad232f3741	274	0.7	h264	500	250	10.0	7	0	False	True			74b3d0990137c15449223b19e5f39fe38f6b951f12dfbf338c5348f282dc5b83	7	21846654234819833	True	274	False
stimulus_videos	/pscratch/sd/s/sjmoon/EmoViS/data/raw/CowenEmotionVideos/0275.mp4	0275.mp4	3551409	2026-05-08T05:07:31+00:00	bb7d10a62c347b9c7939601d5105f469aebef701973750397e534688c91d51a1	275	12.0	h264	482	482	8.333333333333334	100	0	False	True			e5fd8b6ec4a97546b60fe47924e90faa218f90e9de6fc5df13c03e5dc72d18eb	100	1139335739411363	True	275	False
stimulus_videos	/pscratch/sd/s/sjmoon/EmoViS/data/raw/CowenEmotionVideos/0276.mp4	0276.mp4	162706	2026-05-08T05:07:30+00:00	00445d3589a6e589acc459d6563e0020ff84fe3922356ab9c0cf008cd300fb2c	276	4.8	h264	268	148	10.0	48	0	False	True			7c33d806c9c4d56f698ed9d439acf8321720a3cb9f672b4eaa57e63813c5f376	48	36629424792418386	True	276	False
stimulus_videos	/pscratch/sd/s/sjmoon/EmoViS/data/raw/CowenEmotionVideos/0277.mp4	0277.mp4	209591	2026-05-08T05:07:30+00:00	e50b398638884e7168222c6c272fa36de762e1449a4bd7097902a573b394bb66	277	3.15	h264	298	436	11.11111111111111	35	0	False	True			36254f83ed4fb2299b67237ae5dba217530e0170139564b2a3f143c9b5d4ee27	35	8501527792845153	True	277	False
stimulus_videos	/pscratch/sd/s/sjmoon/EmoViS/data/raw/CowenEmotionVideos/0278.mp4	0278.mp4	84452	2026-05-08T05:07:22+00:00	c275704f1d88907ce99593999fe04858c917d74f4af26ad7dc2187e5ea935fe2	278	1.95	h264	300	300	20.0	39	0	False	True			9495e51d88c8731403e78a01c36ea5e05d36dbd44b59c87e04bb5953302c309b	39	27247116283559405	True	278	False
stimulus_videos	/pscratch/sd/s/sjmoon/EmoViS/data/raw/CowenEmotionVideos/0279.mp4	0279.mp4	723793	2026-05-08T05:07:22+00:00	50171823280c6ef73969fe1baf48262693492a72bc83cad52bc9452a0e884cca	279	11.16	h264	476	354	5.555555555555555	62	0	False	True			e354a622b48da30886e5f3e6232f3e0dd31884249de0e1bd662af1c45a1be2fa	62	38014636221034721	True	279	False
stimulus_videos	/pscratch/sd/s/sjmoon/EmoViS/data/raw/CowenEmotionVideos/0280.mp4	0280.mp4	447533	2026-05-08T05:07:23+00:00	a0a690183065192393e83ebf8b9b5691940fb496c7d23a747dc89bf3550c97db	280	4.8	h264	636	356	10.0	48	0	False	True			aeb56b40d0090e7b1068235b1627b5bb88df94f40419e244af106ff959e73ab6	48	42841890518984654	True	280	False
stimulus_videos	/pscratch/sd/s/sjmoon/EmoViS/data/raw/CowenEmotionVideos/0281.mp4	0281.mp4	380809	2026-05-08T05:07:23+00:00	0152a3e17ddc892a98b341a70954acdc11aa2c22644e4cab57028f21751126b7	281	6.64	h264	552	310	12.5	83	0	False	True			8fcb4abf611b194fbb40ef61ab608783377e69b83b45758627b4ce43700ba142	83	31458707208832495	True	281	False
stimulus_videos	/pscratch/sd/s/sjmoon/EmoViS/data/raw/CowenEmotionVideos/0282.mp4	0282.mp4	1391410	2026-05-08T05:07:24+00:00	3af1072ae64a6eff56c981e62e1927ed3ddd0acd1584a77f25f6bfe5ee145a49	282	9.32	h264	718	404	25.0	233	0	False	True			ffe973e501993826fd716dc4503918002826e98d0129454c16a50cd20c6fb433	233	35729034595629817	True	282	False
stimulus_videos	/pscratch/sd/s/sjmoon/EmoViS/data/raw/CowenEmotionVideos/0283.mp4	0283.mp4	1586534	2026-05-08T05:07:24+00:00	2a53d47810fbd171e8ee5490590a8b09c232e6a01932666e6c1e8bb5bf08b9f9	283	15.0	h264	502	282	25.0	375	0	False	True			f1d15a0b47213f7a1d939622ecf74f69f5c16fc22a12ff195c495144b3f2f839	375	19016291680790772	True	283	False
stimulus_videos	/pscratch/sd/s/sjmoon/EmoViS/data/raw/CowenEmotionVideos/0284.mp4	0284.mp4	302951	2026-05-08T05:07:23+00:00	bf69a7506377b6f7ada4ef0961e7a1d3e44834bef84da6ecc284d8d80602747e	284	5.88	h264	636	288	7.142857142857143	42	0	False	True			e58eae256a9d4cce986dd3ec9aa690acc4310c7d1e6ffdf7423e8e138891b35a	42	62462511565126260	True	284	False
stimulus_videos	/pscratch/sd/s/sjmoon/EmoViS/data/raw/CowenEmotionVideos/0285.mp4	0285.mp4	138033	2026-05-08T05:07:23+00:00	baf89ef743dbbfa4874103be643799881e96f484ecf3ca5aecec47d627bcd165	285	4.6	h264	376	246	10.0	46	0	False	True			63584826212f1e359e34bdd89e57949baed0bbaa18daf5941c0ef96ddd766281	46	14581005242569515	True	285	False
stimulus_videos	/pscratch/sd/s/sjmoon/EmoViS/data/raw/CowenEmotionVideos/0286.mp4	0286.mp4	1065179	2026-05-08T05:07:22+00:00	a9909b9413d885726aaa133054e843623c9fb17ffde17bccb5e7c65d10b180c4	286	3.4	h264	870	672	10.0	34	0	False	True			c0f8d37a89c10a5dde73ab00ac4ec9b63829d81e28d598d3dad2de19b7aa2d8e	34	67643522094961431	True	286	False
stimulus_videos	/pscratch/sd/s/sjmoon/EmoViS/data/raw/CowenEmotionVideos/0287.mp4	0287.mp4	596319	2026-05-08T05:07:22+00:00	bab75fbf2e725fa570fe0eba6a8d740e46f8154c95fbcd63525bb4b228d8280d	287	1.6	h264	600	600	12.5	20	0	False	True			2e53243ea0f15566054e546ece5bd2e3f30fdfd9f793fb8057bfa167ef77c280	20	3427007386143695	True	287	False
stimulus_videos	/pscratch/sd/s/sjmoon/EmoViS/data/raw/CowenEmotionVideos/0288.mp4	0288.mp4	144756	2026-05-08T05:07:30+00:00	3e3e0cfe284cd3302b5b3b1f5c7c681a4ccd24db7f87b3956942983e2ef0634e	288	5.1	h264	320	238	10.0	51	0	False	True			535df515007efbfb217e0ff669787bb4fe1c697c3e6a435b5bed7e2e0ad02712	51	34325993012998377	True	288	False
stimulus_videos	/pscratch/sd/s/sjmoon/EmoViS/data/raw/CowenEmotionVideos/0289.mp4	0289.mp4	566102	2026-05-08T05:07:30+00:00	be70aeeac7be6bf3215708dcd2d6abddd8712617d198f891267aa58d84168040	289	3.85	h264	636	356	9.090909090909092	35	0	False	True			b6348a6e40460a56176d2ed85f0bf94f88ab91c451607aa690c08946d2f2e8b5	35	32881521414577433	True	289	False
stimulus_videos	/pscratch/sd/s/sjmoon/EmoViS/data/raw/CowenEmotionVideos/0290.mp4	0290.mp4	39714	2026-05-08T05:07:23+00:00	90fded60a765e015727acfd3b49a6671a5c77d25b17d26b42eb60879c5cb31a8	290	0.84	h264	400	262	33.333333333333336	28	0	False	True			41f2c95766bcf6f7888b610cf3d2d01dfd6fcc596f8685bc114020a2b0499723	28	59595937435210639	True	290	False
stimulus_videos	/pscratch/sd/s/sjmoon/EmoViS/data/raw/CowenEmotionVideos/0291.mp4	0291.mp4	579134	2026-05-08T05:07:23+00:00	d6b01aeb98c47b578bd2ed05e98c5f078cc20c466875916c429f3d6ef3a21b50	291	11.13	h264	320	180	33.333333333333336	371	0	False	True			29c0fef03fdaef97457674b39764a7f323dcb9e5145ee3c5c8fd69103461b47c	371	8513901800518115	True	291	False
stimulus_videos	/pscratch/sd/s/sjmoon/EmoViS/data/raw/CowenEmotionVideos/0292.mp4	0292.mp4	220022	2026-05-08T05:07:22+00:00	3953019db310aa79bde56846f81b9ed2071ffb68df534dad8755f5454581c916	292	3.18	h264	452	316	16.666666666666668	53	0	False	True			9795013419a04bd4e4bd05dbb76c79a162dd5b93d19b676e6a29c3978a833a11	53	56019032482601634	True	292	False
stimulus_videos	/pscratch/sd/s/sjmoon/EmoViS/data/raw/CowenEmotionVideos/0293.mp4	0293.mp4	1053707	2026-05-08T05:07:22+00:00	33481be5e2f1762ad2a17a05f2bcc215487ed44a3426f7114a20dcccb2f8cb7d	293	5.82	h264	434	200	16.666666666666668	97	0	False	True			afd96ba3d0e32aebfae812a372031f29b857858414675dcbd20147e10b92360a	97	631510805300111	True	293	False
stimulus_videos	/pscratch/sd/s/sjmoon/EmoViS/data/raw/CowenEmotionVideos/0294.mp4	0294.mp4	2632128	2026-05-08T05:07:23+00:00	9725e95ed761a0255afa660b0b73fba04fe77a55b418cb982f47a7e1c81ae4ba	294	13.08	h264	718	404	25.0	327	0	False	True			5d38b9648065fa5c711b14f69e64b3ac1b16c58e9d0217b12c1359261fd9815c	327	1693433951637145	True	294	False
stimulus_videos	/pscratch/sd/s/sjmoon/EmoViS/data/raw/CowenEmotionVideos/0295.mp4	0295.mp4	2417816	2026-05-08T05:07:23+00:00	c6c088ea98ae7dae68da7a2776507e5bf0261f6270fdda466a690dcdcb2456cd	295	15.08	h264	640	640	25.0	377	0	False	True			680c57c2670bae17a4424dcc621c95dcf6b42dcd7cd04120fb42e56f853e2e59	377	35745023006066663	True	295	False
stimulus_videos	/pscratch/sd/s/sjmoon/EmoViS/data/raw/CowenEmotionVideos/0296.mp4	0296.mp4	490864	2026-05-08T05:07:24+00:00	a15e2b1b10efb81b41ac0d7a93d9a03355f72e2316140442137d7422762b43ac	296	13.68	h264	420	246	8.333333333333334	114	0	False	True			c543b116516e5fb88f04579213d8bf2cddf5bdb03e367ad59f83495cbadf4439	114	22660079711638657	True	296	False
stimulus_videos	/pscratch/sd/s/sjmoon/EmoViS/data/raw/CowenEmotionVideos/0297.mp4	0297.mp4	3072521	2026-05-08T05:07:24+00:00	5a0fd799c26770ddca10712978a13098e2c351a7cbc2ca3a2a7c8945f7af3664	297	14.1	h264	632	354	16.666666666666668	235	0	False	True			f9401640c4c5cc1b7280f715cdc57223630decf1ecd65397e3ab0fdb0ecce8b6	235	14430956218109088	True	297	False
stimulus_videos	/pscratch/sd/s/sjmoon/EmoViS/data/raw/CowenEmotionVideos/0298.mp4	0298.mp4	1827530	2026-05-08T05:07:30+00:00	c69448e9e454578a8fcfcc60ab097465ed6e901c2a5a6a91850341b030050daa	298	10.29	h264	472	280	14.285714285714286	147	0	False	True			ad7499df214f4494270c3476e497b9ecc0e5e56592130666e3169c5b25c00f12	147	22220745005955703	True	298	False
stimulus_videos	/pscratch/sd/s/sjmoon/EmoViS/data/raw/CowenEmotionVideos/0299.mp4	0299.mp4	1234684	2026-05-08T05:07:30+00:00	44d2905d392d96d07b93bbcea76366d7f32fae3f12156008fc6f0f743b275fb3	299	15.86	h264	400	212	7.6923076923076925	122	0	False	True			c03d2ceb8345018d9c726ca09099d043165a7dc58c72eb90dfd2d978639b81ef	122	8510464575261599	True	299	False
stimulus_videos	/pscratch/sd/s/sjmoon/EmoViS/data/raw/CowenEmotionVideos/0300.mp4	0300.mp4	246319	2026-05-08T05:07:31+00:00	a461c2b36db102b4e2b2dbcf0836e8ebddda89850cf5e2d2aac3e231e62b7f33	300	3.067	h264	480	270	15.0	46	0	False	True			669fb84d233b72dc5abe9015860a871e0b44f240c800693b34f7c72ed213393c	46	51206333545048007	True	300	False
stimulus_videos	/pscratch/sd/s/sjmoon/EmoViS/data/raw/CowenEmotionVideos/0301.mp4	0301.mp4	74628	2026-05-08T05:07:31+00:00	dbd53804f4c2255e47bfa10ebce54fe0bbd49551d64aa5496bdb59ebfd5b393b	301	1.36	h264	396	298	12.5	17	0	False	True			c3eec4ca251b1fd2134d5b23a8dfcde0877b9ccd442d1a71807887867eea5a54	17	49789268589514427	True	301	False
stimulus_videos	/pscratch/sd/s/sjmoon/EmoViS/data/raw/CowenEmotionVideos/0302.mp4	0302.mp4	989300	2026-05-08T05:07:30+00:00	307916cad4ec959f3a5af727d815ac843eaeeb7549c96f306bb73c654388026c	302	15.12	h264	240	426	25.0	378	0	False	True			62a84f0b35a1b70bc0e9ecc9d7eda2f774fc7735ce75dcf3078c2eb0d21061cc	378	63857025624428447	True	302	False
stimulus_videos	/pscratch/sd/s/sjmoon/EmoViS/data/raw/CowenEmotionVideos/0303.mp4	0303.mp4	6986	2026-05-08T05:07:30+00:00	e9e216b35ed39d80a8df91b42108071a9f92a1f6f632523d59729029d2e36760	303	1.2	h264	466	466	10.0	12	0	False	True			0fe07430b3fe148f11b4f4974a5d5e4d01732b056f4cd1e721db1201344b4ff9	12	10298254249005584	True	303	False
stimulus_videos	/pscratch/sd/s/sjmoon/EmoViS/data/raw/CowenEmotionVideos/0304.mp4	0304.mp4	2172087	2026-05-08T05:07:29+00:00	fde1a52308125c69f8a5f26917402d6fdbf208f5a86bebcd42a009c2a9c4ffc4	304	4.9	h264	1152	648	10.0	49	0	False	True			be183fb6c67a3309234bc64f43fe8b863c1adc42a2821e7abd1c222ba7bc2edf	49	54467608030782403	True	304	False
stimulus_videos	/pscratch/sd/s/sjmoon/EmoViS/data/raw/CowenEmotionVideos/0305.mp4	0305.mp4	401947	2026-05-08T05:07:29+00:00	c08e020108240eec6df1d6ec156cbff699d4bc4facf3217c9691d37c4475942b	305	9.6	h264	360	202	10.0	96	0	False	True			f4e99d5b2c7e9a6bff1ca33eeb3c3a3f7e11f9012eb6a0d92ed5c5c768862a4b	96	61241724098424550	True	305	False
stimulus_videos	/pscratch/sd/s/sjmoon/EmoViS/data/raw/CowenEmotionVideos/0306.mp4	0306.mp4	360154	2026-05-08T05:07:30+00:00	307e19d9068df24507e1de28773da53c19b29406776a4232f1e72003f8426c09	306	1.4	h264	500	280	10.0	14	0	False	True			b7e1301e45a4e82ab2b4f122575cf5307a5db78c838cc7e958f714687f61fd06	14	17517664920521235	True	306	False
stimulus_videos	/pscratch/sd/s/sjmoon/EmoViS/data/raw/CowenEmotionVideos/0307.mp4	0307.mp4	82592	2026-05-08T05:07:29+00:00	6b175cce60f7f047cac042449638e7da32868decc607ac0b81dcff4e8b19eac4	307	3.12	h264	300	300	12.5	39	0	False	True			87f926d9a1ec6a8178a060a9a27eef2de5bbac11b106490af4d3275745ff0098	39	28023382720754542	True	307	False
stimulus_videos	/pscratch/sd/s/sjmoon/EmoViS/data/raw/CowenEmotionVideos/0308.mp4	0308.mp4	244354	2026-05-08T05:07:24+00:00	964e25037b8498fad01531e634289cde4eda2c27ec3b1db764042fa8ccf071e2	308	5.04	h264	320	180	8.333333333333334	42	0	False	True			075d7b02ff7f46dc91aea8bb3e2d13a320ccba81f3e8f0420e758fce0c27ed6e	42	68085913461996664	True	308	False
stimulus_videos	/pscratch/sd/s/sjmoon/EmoViS/data/raw/CowenEmotionVideos/0309.mp4	0309.mp4	65650	2026-05-08T05:07:24+00:00	d575e744e6e6e22c797f415f278e2e3674cb9bbf84d729474132faf51df645ec	309	0.595	h264	500	562	28.583333333333332	17	0	False	True			3c97d6d7a77d9fe4569180528fb41883c87ef940290769ef27dfd7231030d4ef	17	14665624273382084	True	309	False
stimulus_videos	/pscratch/sd/s/sjmoon/EmoViS/data/raw/CowenEmotionVideos/0310.mp4	0310.mp4	910684	2026-05-08T05:07:29+00:00	91f6584e64f904458c31453c904eb72bed4cfd567d245f57195e84cdd7b73537	310	3.78	h264	848	416	14.285714285714286	54	0	False	True			24e49aafe51ae244ccb74668c5a345e3f58dc25358fe53ad7403fb279db855d7	54	29984836786828908	True	310	False
stimulus_videos	/pscratch/sd/s/sjmoon/EmoViS/data/raw/CowenEmotionVideos/0311.mp4	0311.mp4	2047268	2026-05-08T05:07:29+00:00	a547df7b014a5f80c762a6a5ff627fabd5c54e2e8a68838a44abb8faa4d63834	311	15.0	h264	718	404	25.0	375	0	False	True			dbd5c689e9503c897b961a8a6761bea2dcf3c90352bfbfa6056a197f6ffea484	375	15320162109348259	True	311	False
stimulus_videos	/pscratch/sd/s/sjmoon/EmoViS/data/raw/CowenEmotionVideos/0312.mp4	0312.mp4	858119	2026-05-08T05:07:30+00:00	e92b5bbdb48f620287d8acbaf7108edbedcde1c1a941eb8cf18237c96c6aedf8	312	4.05	h264	450	448	11.11111111111111	45	0	False	True			4923487fdb0e1a8cb912d94307ada3344824e4709cfa2ed58bb3f16e06dcb264	45	29991001047625093	True	312	False
stimulus_videos	/pscratch/sd/s/sjmoon/EmoViS/data/raw/CowenEmotionVideos/0313.mp4	0313.mp4	142090	2026-05-08T05:07:30+00:00	2a47e1a7b18974f779fc962a21c625656a5c83a5b1136a6c5f83de93c762cf25	313	4.88	h264	234	154	12.5	61	0	False	True			75fc545d9deb1094dcd5754db8ed0b00354881f6eccf3f63f94f37fec11a06f6	61	29502350244759712	True	313	False
stimulus_videos	/pscratch/sd/s/sjmoon/EmoViS/data/raw/CowenEmotionVideos/0314.mp4	0314.mp4	252135	2026-05-08T05:07:31+00:00	23584fba7740678c9069a20cb1e84557c0e708bcec6e75fbef7731689ac79d4a	314	5.0	h264	400	292	10.0	50	0	False	True			01f812ce2a32bb2170888d0703baaa9624207d31a2fccf5d055f400a854fafab	50	68657384630532218	True	314	False
stimulus_videos	/pscratch/sd/s/sjmoon/EmoViS/data/raw/CowenEmotionVideos/0315.mp4	0315.mp4	75128	2026-05-08T05:07:31+00:00	1473d00b0ea3d5869c7cd14243df6584b8158697c025e0f8b266e5183a90fd73	315	7.0	h264	256	240	50.0	350	0	False	True			b0db44f66034642f08a3d85014a713f9abe3715b120b95110a688267ffcd9339	350	30117138285154796	True	315	False
stimulus_videos	/pscratch/sd/s/sjmoon/EmoViS/data/raw/CowenEmotionVideos/0316.mp4	0316.mp4	606988	2026-05-08T05:07:30+00:00	eed3d39bc54a7aa183376b947dbb705d90573c78174e058e955212da2b5f6bec	316	9.6	h264	400	224	10.0	96	0	False	True			a43c78e4c702b023c529731f9461e804bfacf87d1b502bcb93cd88c4224ec61d	96	14185743319489963	True	316	False
stimulus_videos	/pscratch/sd/s/sjmoon/EmoViS/data/raw/CowenEmotionVideos/0317.mp4	0317.mp4	3885068	2026-05-08T05:07:30+00:00	8c7505930a64e99100038cddc6206cbdc77e020280bd48ce4ec7925bf4c11270	317	53.2	h264	632	330	10.0	532	0	False	True			02c6b40674d128ff51f5ba1cb886f5655995651e015b5b1f3ef048f5397161f3	532	38280599618228744	True	317	False
stimulus_videos	/pscratch/sd/s/sjmoon/EmoViS/data/raw/CowenEmotionVideos/0318.mp4	0318.mp4	105641	2026-05-08T05:07:23+00:00	e25dc383ccdf0a893b0bcbabf2c03f2df1483c3682e517417efb20404f3b7138	318	2.5	h264	422	398	10.0	25	0	False	True			f5e8f51760570f5e3939d86aa02ff032eb26ec07c9a3201cbf3fdd59b3a9dac0	25	28388715483569875	True	318	False
stimulus_videos	/pscratch/sd/s/sjmoon/EmoViS/data/raw/CowenEmotionVideos/0319.mp4	0319.mp4	1593070	2026-05-08T05:07:22+00:00	88808ab655372650736b3b151a3bf2765cd1435816b741a5dcf270f462aa7ce7	319	9.5	h264	570	320	10.0	95	0	False	True			2793fd756ad158888d9490de1a702f36d7d7c90758a1b6ce35d9c1c8629a2af6	95	38201222588348528	True	319	False
stimulus_videos	/pscratch/sd/s/sjmoon/EmoViS/data/raw/CowenEmotionVideos/0320.mp4	0320.mp4	111897	2026-05-08T05:07:24+00:00	e058225718f5c9295169a4f49458c0db06ecbeb0de288aed2db7d36ac794a693	320	3.8	h264	372	396	10.0	38	0	False	True			415b5c8c7557901170d60466b9ff0b0d5646a072e71db777eb77d7ad890c4ef3	38	21039276202969475	True	320	False
stimulus_videos	/pscratch/sd/s/sjmoon/EmoViS/data/raw/CowenEmotionVideos/0321.mp4	0321.mp4	913911	2026-05-08T05:07:24+00:00	967e073fb3f9228539240aa4bb1bd4932a7d9e10b2c33c93cdc5d634c207ba4c	321	10.08	h264	718	404	25.0	252	0	False	True			2df76dec3b8c38b9b814f5493873cea90b4b5aa04bb084160d3d3a4174a652be	252	7597365890895516	True	321	False
stimulus_videos	/pscratch/sd/s/sjmoon/EmoViS/data/raw/CowenEmotionVideos/0322.mp4	0322.mp4	440710	2026-05-08T05:07:24+00:00	ceb8555de85c7af4220d5f132836e238ff8df98b633e5b80a62459e41aa300ce	322	10.4	h264	360	360	25.0	260	0	False	True			b8620331adbb797e8003c057d7d333e69d20f7a6b00265da3796862f9eeda92e	260	64125925199040897	True	322	False
stimulus_videos	/pscratch/sd/s/sjmoon/EmoViS/data/raw/CowenEmotionVideos/0323.mp4	0323.mp4	1857179	2026-05-08T05:07:23+00:00	a0dc856d593c716bd3f59110787edde535c948a0e9ed25a90a0afbbfd607a465	323	9.08	h264	640	640	25.0	227	0	False	True			1868b15208c97b8eb7a99e4ef251617262de8cd3a6dbf436b01ce49f7a4ac321	227	63486333980557471	True	323	False
stimulus_videos	/pscratch/sd/s/sjmoon/EmoViS/data/raw/CowenEmotionVideos/0324.mp4	0324.mp4	380001	2026-05-08T05:07:23+00:00	998ffc44a8f19c4d4b34ce3be5643788b141f38709b243e04a84c12cd38a96c9	324	9.12	h264	400	224	25.0	228	0	False	True			2b771b9ba1fb491f7294fc386161f1b371ff1258927b4a0f797c7190f3e4d8a0	228	3954090554024837	True	324	False
stimulus_videos	/pscratch/sd/s/sjmoon/EmoViS/data/raw/CowenEmotionVideos/0325.mp4	0325.mp4	342916	2026-05-08T05:07:22+00:00	743fd6725cc1d4ee30c4837730c120f38c321b66343c18eed3cf42390c99f11f	325	7.31	h264	360	224	5.882352941176471	43	0	False	True			befd9cb5061ace11f8cd1ca183747bea17a828f6b9d2485afd041c5869c30606	43	3438377090029944	True	325	False
stimulus_videos	/pscratch/sd/s/sjmoon/EmoViS/data/raw/CowenEmotionVideos/0326.mp4	0326.mp4	680935	2026-05-08T05:07:23+00:00	fdcf9243e52394710dea44a6e946dc25c5b1eccc4dd8fd93a4cec3c9ea866263	326	8.7	h264	248	268	10.0	87	0	False	True			150edbc8d5d52b01327c859941664083aeb2e640b27e2a3e3fe4f2dc2fa3f94d	87	21649186179501983	True	326	False
stimulus_videos	/pscratch/sd/s/sjmoon/EmoViS/data/raw/CowenEmotionVideos/0327.mp4	0327.mp4	205851	2026-05-08T05:07:23+00:00	36176dd198dd87aa40f770ce4bf95b0c234d02924b811e394466796e1c83a3cf	327	1.8	h264	500	280	6.666666666666667	12	0	False	True			167cf0d764fffe0101f810d897fe740534bec88966024b52b62c2f3a46a68125	12	58440960665228150	True	327	False
stimulus_videos	/pscratch/sd/s/sjmoon/EmoViS/data/raw/CowenEmotionVideos/0328.mp4	0328.mp4	1036314	2026-05-08T05:07:31+00:00	70376ffec97527bbfdc559f6009034fb34f94a638f3032cd41c8c97dae1ba7be	328	9.9	h264	300	224	10.0	99	0	False	True			92efe5c4a91ece5d53613a5ca473c272b5679e1de3628dca40bee3d7e6975cc5	99	1702126210363744	True	328	False
stimulus_videos	/pscratch/sd/s/sjmoon/EmoViS/data/raw/CowenEmotionVideos/0329.mp4	0329.mp4	587286	2026-05-08T05:07:31+00:00	6909e8665a37510189e94a1e53df0349c643282e5c3988506b9f3c59d18c59de	329	2.25	h264	500	276	20.0	45	0	False	True			5a43cf845b64f62d66b990545baffead509d4417d4b9120332b7d4df44bc3dc6	45	18617257620730339	True	329	False
stimulus_videos	/pscratch/sd/s/sjmoon/EmoViS/data/raw/CowenEmotionVideos/0330.mp4	0330.mp4	378027	2026-05-08T05:07:23+00:00	16de3a3e04f4cfbbb70e30c7849d0a1cd73095c9c91355f7431158d8599020e3	330	6.4	h264	338	396	10.0	64	0	False	True			e471bf656902c5f73875d7bae579b824c4c18f3bd50edb110bed7b2d2b6e2634	64	61255134707041159	True	330	False
stimulus_videos	/pscratch/sd/s/sjmoon/EmoViS/data/raw/CowenEmotionVideos/0331.mp4	0331.mp4	663622	2026-05-08T05:07:22+00:00	792c4879198136fda468b1bb08cc7edee47adac197a8e39db178be99db677213	331	11.34	h264	236	342	100.0	1134	0	False	True			84e883f19ddc492f63ee7e7dc3e29d9003ea4f2620949ed0428eb6e7108ff8ca	1134	22109225809088567	True	331	False
stimulus_videos	/pscratch/sd/s/sjmoon/EmoViS/data/raw/CowenEmotionVideos/0332.mp4	0332.mp4	287077	2026-05-08T05:07:23+00:00	be23245359f6dd1993b3d30cc59aba356292ee05b66d65d49e9e8e9033440216	332	16.83	h264	400	300	9.090909090909092	153	0	False	True			0ae924a912272f4166002a2bcc06d87f33001ae568645d8c5b8fdd120c7674b4	153	17570990194282399	True	332	False
stimulus_videos	/pscratch/sd/s/sjmoon/EmoViS/data/raw/CowenEmotionVideos/0333.mp4	0333.mp4	191370	2026-05-08T05:07:23+00:00	2d525a11d4d20618ab788035002074a5c7a97f8198dca0df0860c24537e17e61	333	4.2	h264	400	224	10.0	42	0	False	True			166ea13f6289ac184c2442a7aafd4e25fc34035fe62423090f5384d14ebbdfdb	42	26615404904450	True	333	False
stimulus_videos	/pscratch/sd/s/sjmoon/EmoViS/data/raw/CowenEmotionVideos/0334.mp4	0334.mp4	42253	2026-05-08T05:07:24+00:00	8b25190f39334d0526f2657dd6e5008b4395d194ee6a160ed886bc07afd1d041	334	2.87	h264	360	206	14.285714285714286	41	0	False	True			93fd38b3e85b9b798402cb4bacf6313556358750bf4af3d746ef768ac4a048a1	41	4073638220151050	True	334	False
stimulus_videos	/pscratch/sd/s/sjmoon/EmoViS/data/raw/CowenEmotionVideos/0335.mp4	0335.mp4	99051	2026-05-08T05:07:24+00:00	a5a39aab031b14df5decad0cd4b23f769265c9063f86b0b25d45114f11a9b207	335	1.68	h264	500	300	16.666666666666668	28	0	False	True			a07629d9f697ffe07004832897be46edc09d6138de2037991d8ab57a6cc4d1f5	28	29147221822266333	True	335	False
stimulus_videos	/pscratch/sd/s/sjmoon/EmoViS/data/raw/CowenEmotionVideos/0336.mp4	0336.mp4	794366	2026-05-08T05:07:24+00:00	252797ae210753e223a5ebf36064b13001f233098dc61343a9c9174f40c11059	336	15.8	h264	500	282	5.0	79	0	False	True			0a92efc34c018655f7dceb8c655d07902fa7fb5cb2680a965f6171f4ed1942b5	79	42271128957587295	True	336	False
stimulus_videos	/pscratch/sd/s/sjmoon/EmoViS/data/raw/CowenEmotionVideos/0337.mp4	0337.mp4	41447	2026-05-08T05:07:23+00:00	3f15bedd843b91d574f0be690cb872e7843fa53b7b1eed2c471745f6609e412d	337	1.9	h264	480	250	10.0	19	0	False	True			23a78b1e13de59ee479106f1379b1499fb41cd2c91624441cd8fc3cef8af8961	19	34193502059294137	True	337	False
stimulus_videos	/pscratch/sd/s/sjmoon/EmoViS/data/raw/CowenEmotionVideos/0338.mp4	0338.mp4	946241	2026-05-08T05:07:29+00:00	b61b8ab9f541efc95826eecc05c960a672ecf8375a764bc11b0ea31b610a08fd	338	16.3	h264	300	232	10.0	163	0	False	True			18457ba53162d5b446bac0fe8bec50336bbdde77983b3b26ebb3e5fca0c4ce62	163	35116844311875381	True	338	False
stimulus_videos	/pscratch/sd/s/sjmoon/EmoViS/data/raw/CowenEmotionVideos/0339.mp4	0339.mp4	159337	2026-05-08T05:07:29+00:00	8f56e6370fea367b99ab4413dcb660a9659a77ece718c3c8d10785c34b61aa20	339	1.92	h264	400	296	16.666666666666668	32	0	False	True			9861d649a4e3548b7abb802e5ece65ca86ca2b0814bf77add6b70840366fe6ed	32	157276299086759	True	339	False
stimulus_videos	/pscratch/sd/s/sjmoon/EmoViS/data/raw/CowenEmotionVideos/0340.mp4	0340.mp4	222061	2026-05-08T05:07:25+00:00	ab54484c792874d6cf0ceb2fb1ec47294cf015a6b469728553146afaee77861c	340	6.08	h264	320	240	25.0	152	0	False	True			f3cfff28428cbfaf01710f83eb86baad0a456d5ba2a678ae286be1dea0dffd78	152	54977347719665680	True	340	False
stimulus_videos	/pscratch/sd/s/sjmoon/EmoViS/data/raw/CowenEmotionVideos/0341.mp4	0341.mp4	2469872	2026-05-08T05:07:26+00:00	ee877b6d3f7b8ffcd4a30908bfba36f91f7e9ccaf41fd6366433fc26757c8f2b	341	15.08	h264	718	404	25.0	377	0	False	True			eb91acebeb07e996b45c49587258c3549b6dc84e07fc68baa4f2a7e98ad34981	377	2846479159286937	True	341	False
stimulus_videos	/pscratch/sd/s/sjmoon/EmoViS/data/raw/CowenEmotionVideos/0342.mp4	0342.mp4	87124	2026-05-08T05:07:26+00:00	44386017107bea94b71cfe2f3399ba1185d1c6320eb2571cc951d9959819f07a	342	2.3	h264	448	406	10.0	23	0	False	True			0b1589eaec97170724138f7eb977d65317ade11265aa96d95e5094177219b7ff	23	3475114247882776	True	342	False
stimulus_videos	/pscratch/sd/s/sjmoon/EmoViS/data/raw/CowenEmotionVideos/0343.mp4	0343.mp4	3440406	2026-05-08T05:07:26+00:00	17193d9b77cdf592971adf133778603b38cd7458102ca9cc3088bd92bbdfc7ae	343	15.12	h264	640	640	25.0	378	0	False	True			9f057c3e04ab659a86f07f4fbced3aad55b3ccb6190e284fcb59817837c0bab2	378	43213109108443184	True	343	False
stimulus_videos	/pscratch/sd/s/sjmoon/EmoViS/data/raw/CowenEmotionVideos/0344.mp4	0344.mp4	314931	2026-05-08T05:07:25+00:00	861fecaf9391fbaf96cebbd4ef76ab40bbe837ff0f73f991cc6542eb7af69494	344	1.4	h264	500	374	10.0	14	0	False	True			f863c93a357e0378f67a662104ff6a4a8447f0770bb438885c2abd4067dec7ca	14	56242079721398076	True	344	False
stimulus_videos	/pscratch/sd/s/sjmoon/EmoViS/data/raw/CowenEmotionVideos/0345.mp4	0345.mp4	312912	2026-05-08T05:07:25+00:00	61baef1afe0ab66fc4f986b214ad28da8ea0222fd18d63fb2c765539879ccb7b	345	2.36	h264	450	252	25.0	59	0	False	True			2f9e5b837827f8d64ddfc3490cafebed77dda82ffe32f134119cdadd6f4a4d76	59	11915044462903941	True	345	False
stimulus_videos	/pscratch/sd/s/sjmoon/EmoViS/data/raw/CowenEmotionVideos/0346.mp4	0346.mp4	279707	2026-05-08T05:07:24+00:00	f1060ec1344e7680ebb60b655e9d1e85088c1b639abc8f8a8dee1fe474d7baa2	346	2.7	h264	400	224	11.11111111111111	30	0	False	True			0a0d5e2a563e724ed2b0bcb29cbfe46678924a31c384755b86edb3c6e4d109c4	30	57170431324718489	True	346	False
stimulus_videos	/pscratch/sd/s/sjmoon/EmoViS/data/raw/CowenEmotionVideos/0347.mp4	0347.mp4	355993	2026-05-08T05:07:25+00:00	48f76404f3695cc1f9ffb05f87900d85bae901d92a4b59379b4a66438e459efd	347	6.0	h264	460	170	25.0	150	0	False	True			8be02c3813b99f253de7ca048386ab26629ae192c3018091952026820def7ed1	150	39495218596093956	True	347	False
stimulus_videos	/pscratch/sd/s/sjmoon/EmoViS/data/raw/CowenEmotionVideos/0348.mp4	0348.mp4	103287	2026-05-08T05:07:28+00:00	1b1d018ccb6264bac0cbb668fef3ce36c3c2451c3a199c91bdaacdb369b793a1	348	1.2	h264	506	338	25.0	30	0	False	True			d708b614b2101237c9fdfe6d75bd8691d214d64ed56afb7a937d786c9bf1c757	30	58256298878115385	True	348	False
stimulus_videos	/pscratch/sd/s/sjmoon/EmoViS/data/raw/CowenEmotionVideos/0349.mp4	0349.mp4	35203	2026-05-08T05:07:28+00:00	51a5cd1b64c0adbf46c6a4e842775dfd39cebc4c2325e00a21e565715a0044d9	349	1.1	h264	500	280	10.0	11	0	False	True			ad54acc54a51777dade734d4deddba406e9f1becfb346889dbdeeaa6e7f84dc7	11	4060058219306895	True	349	False
stimulus_videos	/pscratch/sd/s/sjmoon/EmoViS/data/raw/CowenEmotionVideos/0350.mp4	0350.mp4	49877	2026-05-08T05:07:25+00:00	e9c5e2f6020a41cd0775d24bfc8d324cd844d3d5d76cb3caf2d75ff383c929c8	350	0.867	h264	500	274	23.083333333333332	20	0	False	True			d9c10f64d3ac78acd973f06f4ae07b0290224c8d5ff5a51439c9454d63ffd739	20	9060391393185179	True	350	False
stimulus_videos	/pscratch/sd/s/sjmoon/EmoViS/data/raw/CowenEmotionVideos/0351.mp4	0351.mp4	217635	2026-05-08T05:07:25+00:00	25ab5c3685f74a1ef2160ec50b987135f2c73beef9577b8d7a66e7d2efb12b6d	351	4.7	h264	360	202	10.0	47	0	False	True			7eca19d69e5c89b9a774ed7f7451b4934c913dfb3377fecd39d2c81ce15d1868	47	39707919336616561	True	351	False
stimulus_videos	/pscratch/sd/s/sjmoon/EmoViS/data/raw/CowenEmotionVideos/0352.mp4	0352.mp4	598180	2026-05-08T05:07:24+00:00	1719c580a79e7abd1260a315bbb4db4d99381e2b4b35a95a43ab2e21c2e8e7e2	352	6.6	h264	316	258	10.0	66	0	False	True			737feab59730fb89c18a5af45b9a3c8deaccf39799bb7c7870cb0c73ce1b57c1	66	23189445052037224	True	352	False
stimulus_videos	/pscratch/sd/s/sjmoon/EmoViS/data/raw/CowenEmotionVideos/0353.mp4	0353.mp4	10197758	2026-05-08T05:07:25+00:00	3e49973f3a8330ee2e764c953b2b01dae530694cc0ddb4a249b23bddb795ab99	353	15.034	h264	720	720	30.0	451	0	False	True			65c58d97ebc36d522eba5f3d4073dae574fa9c8d074d174b32bc556cd622d0a3	451	7544685242871199	True	353	False
stimulus_videos	/pscratch/sd/s/sjmoon/EmoViS/data/raw/CowenEmotionVideos/0354.mp4	0354.mp4	182262	2026-05-08T05:07:25+00:00	2d2f6518f6074aa3ff71d352767001933ae00855cfa3a37a10a1b4009efa95e6	354	2.4	h264	670	394	10.0	24	0	False	True			db666abc31c03aa86eb0585f46164267e898ae9b3151ee998bd69370065d898e	24	21831072768811937	True	354	False
stimulus_videos	/pscratch/sd/s/sjmoon/EmoViS/data/raw/CowenEmotionVideos/0355.mp4	0355.mp4	25565	2026-05-08T05:07:26+00:00	f8bc4d546635a2a317502530c0241f668442a917e3af725aef03ff5049fb844d	355	1.5	h264	160	160	10.0	15	0	False	True			79a30c38445f8724f199208db84176f9e470065c610e36d20c0daad65b62b7e3	15	49274715256622878	True	355	False
stimulus_videos	/pscratch/sd/s/sjmoon/EmoViS/data/raw/CowenEmotionVideos/0356.mp4	0356.mp4	420521	2026-05-08T05:07:26+00:00	9cff374ee675db7825160925e0b1e29ec929fce81556547a2351f88a93b5aef6	356	8.64	h264	360	202	11.11111111111111	96	0	False	True			d2ef7cb914a8e90a8ff0716f3aca0588123b38192b972d418cf9500a73e9d8b7	96	4947886870079	True	356	False
stimulus_videos	/pscratch/sd/s/sjmoon/EmoViS/data/raw/CowenEmotionVideos/0357.mp4	0357.mp4	2109735	2026-05-08T05:07:26+00:00	3e6277129ad0381a14b8f12712642decb358ea4c815cb8319ee9e6be255b9fbc	357	6.96	h264	718	404	25.0	174	0	False	True			d25b23b9ed9973cc72cfacd9bad7317c7e3d8b2c63b279c2860644a1a1f3a805	174	3982221705364617	True	357	False
stimulus_videos	/pscratch/sd/s/sjmoon/EmoViS/data/raw/CowenEmotionVideos/0358.mp4	0358.mp4	475925	2026-05-08T05:07:27+00:00	4b2ebbac6be691fd5df53ea6853e294d1a44e434038a11615cbccd643a456dfe	358	2.4	h264	854	480	10.0	24	0	False	True			fb4d864988c53fc979d537c36d5f87117d4ca687f783115c7ac4fbd4647b9732	24	72053126542337283	True	358	False
stimulus_videos	/pscratch/sd/s/sjmoon/EmoViS/data/raw/CowenEmotionVideos/0359.mp4	0359.mp4	93438	2026-05-08T05:07:28+00:00	1712529e399e6e3dd6221c62877ceff2bf31ed81085990d2778b15d61e070a30	359	2.0	h264	500	248	10.0	20	0	False	True			e75379c334835d1808652ee239f13dfdb6674a20ffe3bc1f0790b8c427f75410	20	12487976033385915	True	359	False
stimulus_videos	/pscratch/sd/s/sjmoon/EmoViS/data/raw/CowenEmotionVideos/0360.mp4	0360.mp4	22584	2026-05-08T05:07:28+00:00	f6bb63453d19b496af0f27a4b1fe41fee3ba6589b63e2e56c608fd7e330b45b7	360	4.5	h264	320	268	16.666666666666668	75	0	False	True			f4ed98aed0f17f4c8099c2b9f2270c47ea83ca96cc24f02084857f7381435485	75	26058636949922597	True	360	False
stimulus_videos	/pscratch/sd/s/sjmoon/EmoViS/data/raw/CowenEmotionVideos/0361.mp4	0361.mp4	869754	2026-05-08T05:07:28+00:00	6d4516ece93d1964b948871beb841b57f5419dcbd16eeeba75ce05211ba85a14	361	8.5	h264	254	386	10.0	85	0	False	True			38de61f611b5dbf4611b0dd7b47a0746e0c34825ffce43b5655108bc35b4058b	85	16320032689283007	True	361	False
stimulus_videos	/pscratch/sd/s/sjmoon/EmoViS/data/raw/CowenEmotionVideos/0362.mp4	0362.mp4	62063	2026-05-08T05:07:28+00:00	f080d3c2095a945029014c2c34c91abeefe89e5c409ce345122b9b1372b13214	362	1.5	h264	500	268	50.0	75	0	False	True			3e5ffc24b7572f01f4bbd56cd9fcbf58811a93fca2142c60d80102ecce58d7b6	75	63476075939377766	True	362	False
stimulus_videos	/pscratch/sd/s/sjmoon/EmoViS/data/raw/CowenEmotionVideos/0363.mp4	0363.mp4	575068	2026-05-08T05:07:29+00:00	f9d33c598fdf907bab184cbdd940588454c1aae8e39e1a3df310f2cca45b8854	363	9.31	h264	400	270	14.285714285714286	133	0	False	True			cf050f05f6435b7677373a48017197c59da6bcf1fdf0b42e1cd7a33e3a85a881	133	25953911368519323	True	363	False
stimulus_videos	/pscratch/sd/s/sjmoon/EmoViS/data/raw/CowenEmotionVideos/0364.mp4	0364.mp4	1097965	2026-05-08T05:07:27+00:00	c596d9634a99f7eba3e265eb84f2d2382637867eef01d74572db43dfab9d399e	364	16.09	h264	614	348	100.0	1609	0	False	True			e248a95e38f061fc8be09d51b3950808e50cbcea59f080cd4f4cc72baa716888	1609	35533984354269182	True	364	False
stimulus_videos	/pscratch/sd/s/sjmoon/EmoViS/data/raw/CowenEmotionVideos/0365.mp4	0365.mp4	296324	2026-05-08T05:07:28+00:00	4e86ff5b0a67c9e6f25b43eb8a1e942e5049d32f952a20c02d2ce0452e333b5e	365	6.067	h264	384	216	15.0	91	0	False	True			93e525af96b1344b20102eb7d9c424ca9f8feb364dcd8a24dacc474057045aba	91	36032122004903772	True	365	False
stimulus_videos	/pscratch/sd/s/sjmoon/EmoViS/data/raw/CowenEmotionVideos/0366.mp4	0366.mp4	5240557	2026-05-08T05:07:27+00:00	6e764c82b80258466b29a46ae36469beb385e3d9067b8001943c72116ca7b292	366	13.034	h264	720	720	30.0	391	0	False	True			3c60078aefc66f67bb690525d6f3cc622564bedce2c8737de01dc49db631385a	391	44531224253176948	True	366	False
stimulus_videos	/pscratch/sd/s/sjmoon/EmoViS/data/raw/CowenEmotionVideos/0367.mp4	0367.mp4	471896	2026-05-08T05:07:27+00:00	f9d29ab80c500f21afe4c8e5ff1453738ad476a7d7939673d49689002c3bd99a	367	6.28	h264	380	264	25.0	157	0	False	True			54bdbe65ccc20ec685115eb6f30cf454278fe837e535b53fe02b79d07aac5960	157	3998861004016524	True	367	False
stimulus_videos	/pscratch/sd/s/sjmoon/EmoViS/data/raw/CowenEmotionVideos/0368.mp4	0368.mp4	155963	2026-05-08T05:07:25+00:00	de6ac505fcce95eb208818554e79556298a7d9d5421c91a20f661c0d64918698	368	0.8	h264	500	292	10.0	8	0	False	True			d6bb31d5fd927ce54e8dfd755701737d13a4cbd07822b0641e396e1bf6d32376	8	21551921025059476	True	368	False
stimulus_videos	/pscratch/sd/s/sjmoon/EmoViS/data/raw/CowenEmotionVideos/0369.mp4	0369.mp4	256799	2026-05-08T05:07:26+00:00	e5e648aa567c45d579f46bc42d53e31522f6d1ae8485169f01d0375e347268e0	369	4.08	h264	500	244	5.882352941176471	24	0	False	True			84ad17d8c768b74a64871775dd0860c71efdcade392e4999e6c6aeb9adc2a1aa	24	7349655170074255	True	369	False
stimulus_videos	/pscratch/sd/s/sjmoon/EmoViS/data/raw/CowenEmotionVideos/0370.mp4	0370.mp4	1015456	2026-05-08T05:07:27+00:00	6e29ee476e29fa177e3cb8243c3f668a702e85fec29cb0eff496380fb60154eb	370	6.1	h264	620	620	10.0	62	0	False	True			db7034bb290e01576c78db65a827e5f555701b3236abc3faab4a993dcdd999cf	62	64790267734587843	True	370	False
stimulus_videos	/pscratch/sd/s/sjmoon/EmoViS/data/raw/CowenEmotionVideos/0371.mp4	0371.mp4	26257	2026-05-08T05:07:28+00:00	367c322d78f0a551c81a290f2b2c794b753c5160ca8281bd3c6aeb1360626810	371	0.72	h264	250	192	12.5	9	0	False	True			5ba96f3f5ab311fcbea6a1c09c0cb9c43d3f56097534fadaa06ff4b4dd247478	9	67518523782713233	True	371	False
stimulus_videos	/pscratch/sd/s/sjmoon/EmoViS/data/raw/CowenEmotionVideos/0372.mp4	0372.mp4	819417	2026-05-08T05:07:27+00:00	8f820e9f9ec8859132e9b4eda0cc3ab835158ca03509966f7589a6d76a9858ea	372	2.9	h264	640	480	10.0	29	0	False	True			1952036da4f53fc8e527e7102865671eea98528fcb98d109eb1c14f7a49ec31c	29	6320833142590605	True	372	False
stimulus_videos	/pscratch/sd/s/sjmoon/EmoViS/data/raw/CowenEmotionVideos/0373.mp4	0373.mp4	77646	2026-05-08T05:07:27+00:00	2d1d66721707baecb00808d0854278c4ce002117584853e165bb7c5e0b80f592	373	2.0	h264	500	288	25.0	50	0	False	True			a4428dfe2c43462bc5a0f3d4961801d443c30bdebffa91b79ad745a89b3241c1	50	14185725468596355	True	373	False
stimulus_videos	/pscratch/sd/s/sjmoon/EmoViS/data/raw/CowenEmotionVideos/0374.mp4	0374.mp4	1964451	2026-05-08T05:07:28+00:00	9d201b7dde7ea3953fbeaabb99843451443256daa2b1dd522210c58cbc22ebe3	374	6.7	h264	720	404	30.0	201	0	False	True			25abf7bbcb7c3f03b9eec1a93c6ce327387eac127fd93294a0ba7fdc1af005ce	201	3972509593459506	True	374	False
stimulus_videos	/pscratch/sd/s/sjmoon/EmoViS/data/raw/CowenEmotionVideos/0375.mp4	0375.mp4	417298	2026-05-08T05:07:28+00:00	6257a908cc02a85642b14f0af43322896c1c210c06720665c23c65b832332779	375	7.1	h264	430	242	10.0	71	0	False	True			62c8d8c3fb21ed491e6e314d42402433cc592d0e318df5754aae7217c6848deb	71	16989909012123455	True	375	False
stimulus_videos	/pscratch/sd/s/sjmoon/EmoViS/data/raw/CowenEmotionVideos/0376.mp4	0376.mp4	1067803	2026-05-08T05:07:28+00:00	792d427fa6e779c00f21a9123f1f9ddfe0378deac454da51e8323670793b42fd	376	5.0	h264	720	540	25.0	125	0	False	True			8fcf8ed0f50f53120d5d3a1804a5cedfe2508e2f60bde25801d767cd9bd07f4b	125	14078260111041424	True	376	False
stimulus_videos	/pscratch/sd/s/sjmoon/EmoViS/data/raw/CowenEmotionVideos/0377.mp4	0377.mp4	381439	2026-05-08T05:07:29+00:00	cd3580ce03e8d84e4cb64b4e8c611f466bd58e6aef1880e85d504ca609f95736	377	4.0	h264	500	310	10.0	40	0	False	True			9c9e4bf3db16bcb6e4ea13f3462001c1b85e29bcee98af9833c9b3dd83a2a28b	40	18227184581508216	True	377	False
stimulus_videos	/pscratch/sd/s/sjmoon/EmoViS/data/raw/CowenEmotionVideos/0378.mp4	0378.mp4	149887	2026-05-08T05:07:25+00:00	2db609bb3948c29d96e45ac2ead255028cb2ed90a2040ac2e6bd6529946daae7	378	1.44	h264	500	240	8.333333333333334	12	0	False	True			ede101137f9848a0faaa112ed3adaaa6f74784fa3e8df5150d5d3920f51ae1bd	12	35593703173514680	True	378	False
stimulus_videos	/pscratch/sd/s/sjmoon/EmoViS/data/raw/CowenEmotionVideos/0379.mp4	0379.mp4	2066502	2026-05-08T05:07:25+00:00	5d79f4712cf9bae0224f9f9ddc2abb4708556b6a71a379953734fd6596e228a1	379	10.08	h264	718	404	25.0	252	0	False	True			ddeef68a7e763adb9c467d945d5b91f21152560be53a2c610be9ba6721cf7934	252	16454165536953281	True	379	False
stimulus_videos	/pscratch/sd/s/sjmoon/EmoViS/data/raw/CowenEmotionVideos/0380.mp4	0380.mp4	142113	2026-05-08T05:07:26+00:00	47c4922d84c83dc4db9ec326d03999b64c536143811b877c974a7b12c8f0951d	380	3.92	h264	300	206	12.5	49	0	False	True			a7e8053ba78886fd36e062337e096cd09b98ce89fca32e1056c7ad66b561237d	49	67499367585345471	True	380	False
stimulus_videos	/pscratch/sd/s/sjmoon/EmoViS/data/raw/CowenEmotionVideos/0381.mp4	0381.mp4	2388294	2026-05-08T05:07:26+00:00	9c6aaba873b436352a9539622ac074095491f028cf78c302d283eac77c6c0e86	381	15.12	h264	718	404	25.0	378	0	False	True			fd11be0a2b36c31adc50344fc1aa947c53045d745033c79724848f0a744b4657	378	15399672937334671	True	381	False
stimulus_videos	/pscratch/sd/s/sjmoon/EmoViS/data/raw/CowenEmotionVideos/0382.mp4	0382.mp4	163236	2026-05-08T05:07:26+00:00	e66f84f77079620d4f2b233be4689377ca12f5e22d217eb3ae6783b2ad83f109	382	8.1	h264	274	172	10.0	81	0	False	True			46a7b39ccca584503a03d2cdcbc3ac2e6c35f44d5c4b99f193dfa76139306f49	81	18440489566747704	True	382	False
stimulus_videos	/pscratch/sd/s/sjmoon/EmoViS/data/raw/CowenEmotionVideos/0383.mp4	0383.mp4	2247654	2026-05-08T05:07:25+00:00	7732d88e6d83bf8b8a9675202e67fe562c994466d436c432d52e7cd9b56b2e78	383	8.034	h264	720	540	30.0	241	0	False	True			6ac1643aad910b05f275988acf9089a55c3a94dbf384cd8d1767d882ccc5eb37	241	585387198119936	True	383	False
stimulus_videos	/pscratch/sd/s/sjmoon/EmoViS/data/raw/CowenEmotionVideos/0384.mp4	0384.mp4	64284	2026-05-08T05:07:25+00:00	d50172aff37250fe2d4d65218b60772ed9bd81578f0bd400fd4f468bdeee4188	384	1.44	h264	512	384	16.666666666666668	24	0	False	True			4a38087f66b0d5046a21147f439f94bc6fc8e76f8fe1701627ff8bf5bd21845f	24	66949052662749816	True	384	False
stimulus_videos	/pscratch/sd/s/sjmoon/EmoViS/data/raw/CowenEmotionVideos/0385.mp4	0385.mp4	1251493	2026-05-08T05:07:24+00:00	4144b72daa16ace435ebb0f61d8fe09b2f6b5d69ce6f848c7edd3b9d187bb833	385	8.58	h264	400	224	16.666666666666668	143	0	False	True			13fc6358a3bf68a3c177b3c94427d72713eb601814cbcc70b1c2c8a25e81bda2	143	8529526384261369	True	385	False
stimulus_videos	/pscratch/sd/s/sjmoon/EmoViS/data/raw/CowenEmotionVideos/0386.mp4	0386.mp4	372775	2026-05-08T05:07:25+00:00	3ac13d075ab2a4b9347683637a0adb33119351d51ab533844d2632c5dbde8300	386	6.4	h264	400	222	10.0	64	0	False	True			2d69210ba168d1be47cd0eb8ac450ac8a40d78dfd9137e0748ccd6c1b4de8322	64	58437346132306485	True	386	False
stimulus_videos	/pscratch/sd/s/sjmoon/EmoViS/data/raw/CowenEmotionVideos/0387.mp4	0387.mp4	149721	2026-05-08T05:07:25+00:00	719b4a2ad684cfcfde4b0d391addba1cd7280cfa0f7fcc594e71dbb2008ae424	387	1.3	h264	400	258	10.0	13	0	False	True			b975b49c500e3a3b9e66b556abe5e0f41df34a65ae22f2b77647522dd84093ec	13	2944282620686570	True	387	False
stimulus_videos	/pscratch/sd/s/sjmoon/EmoViS/data/raw/CowenEmotionVideos/0388.mp4	0388.mp4	269058	2026-05-08T05:07:29+00:00	e485f367c139b5c7cd63fabc0b481e2f0ade8e540f49418d813c2e21bf76dfbb	388	5.05	h264	170	314	20.0	101	0	False	True			562d212358c4f217a9a99739ce9cfdda55ad145543c1db4bbe9734e7446dbabd	101	43648672360352440	True	388	False
stimulus_videos	/pscratch/sd/s/sjmoon/EmoViS/data/raw/CowenEmotionVideos/0389.mp4	0389.mp4	247493	2026-05-08T05:07:28+00:00	79d20d8d6f23f2d1b26daf791ba24fa4e5dc5b458176feef9015386691fe9f24	389	3.75	h264	312	234	33.333333333333336	125	0	False	True			5e8f3b5bc5a6927606ec0093b64e3e26409ba8f4ab11eb2080c7cac5890252e5	125	35040038390536369	True	389	False
stimulus_videos	/pscratch/sd/s/sjmoon/EmoViS/data/raw/CowenEmotionVideos/0390.mp4	0390.mp4	149043	2026-05-08T05:07:25+00:00	3c479958a6fc83250ed210aa255c40a1e0c5bdb9a8c0078d08e6a1a4bb99ff63	390	3.51	h264	480	320	33.333333333333336	117	0	False	True			1193ac74df8b4efd01d1c0f721fd095ded1c342e10634912b1cea8d360c4fdcd	117	72056400443374075	True	390	False
stimulus_videos	/pscratch/sd/s/sjmoon/EmoViS/data/raw/CowenEmotionVideos/0391.mp4	0391.mp4	317712	2026-05-08T05:07:24+00:00	c940a586c075e601080366c43fd836089243cdd893ea3fd1ff54ab9b9512d057	391	1.0	h264	800	532	10.0	10	0	False	True			7abf2c9e65b717daa703c743c8b395b4e086acaeb502b19e43eb68b7b05a3fbc	10	51277619687115155	True	391	False
stimulus_videos	/pscratch/sd/s/sjmoon/EmoViS/data/raw/CowenEmotionVideos/0392.mp4	0392.mp4	102693	2026-05-08T05:07:25+00:00	f08b5b6fdc1a02fca5e51506996d4a8f8b9450cb56c4e1e78654aca5efa99554	392	1.52	h264	330	328	25.0	38	0	False	True			76b89cfcb66150e1cc19f1ad359e519b96038d4d534fbdb6a375b82673ec33e3	38	11688938280717902	True	392	False
stimulus_videos	/pscratch/sd/s/sjmoon/EmoViS/data/raw/CowenEmotionVideos/0393.mp4	0393.mp4	53913	2026-05-08T05:07:25+00:00	781735a2d9a1f96e5685d0f43f091140ddcd97c3fd0beb8f75cc7773a92f0fa6	393	0.8	h264	430	286	10.0	8	0	False	True			8835d7975d86e73795f6974cdcff56729e6dc8806aa0f4d045bb521b116e6b34	8	17001515093312453	True	393	False
stimulus_videos	/pscratch/sd/s/sjmoon/EmoViS/data/raw/CowenEmotionVideos/0394.mp4	0394.mp4	1682971	2026-05-08T05:07:26+00:00	b094a77ed35268c6d83d82bd1197811022990e14d1b702cb24fe7902d6525526	394	11.28	h264	636	358	8.333333333333334	94	0	False	True			4fdd91cd4526d55427e1f7e5a06bfe7694ccb84db2a3fae5a98048fe40abbf7e	94	35620886997108899	True	394	False
stimulus_videos	/pscratch/sd/s/sjmoon/EmoViS/data/raw/CowenEmotionVideos/0395.mp4	0395.mp4	317795	2026-05-08T05:07:26+00:00	bd34a6330629112d3c8babf4083472dbf89d69482b4f7f6e0319d924786dbd7e	395	4.0	h264	500	308	10.0	40	0	False	True			691b1b79aa58032e2898b0ea28cbdaf4ddfaf0c64d0cb7ce2fcf7f05a3c67ea1	40	49863224596806006	True	395	False
stimulus_videos	/pscratch/sd/s/sjmoon/EmoViS/data/raw/CowenEmotionVideos/0396.mp4	0396.mp4	162800	2026-05-08T05:07:26+00:00	fb6abfc515f014912527d2d7bfa074e6f2be9be15986a9c772f98500bac337e6	396	1.5	h264	500	280	10.0	15	0	False	True			cfab599a1088398c5205584873c17ccade6a90c1075a4d6a28a22e9908517205	15	64978435687466716	True	396	False
stimulus_videos	/pscratch/sd/s/sjmoon/EmoViS/data/raw/CowenEmotionVideos/0397.mp4	0397.mp4	161387	2026-05-08T05:07:25+00:00	7f7d5b97928825fc2a7e3e0c58580d4876fed3279efb27bb528e39b04ce9a566	397	4.12	h264	1200	674	25.0	103	0	False	True			e10c7d6011abab45fb0d09765f63a934e2f394cf23fc360366dc666be2eb44a7	103	4007139825911695	True	397	False
stimulus_videos	/pscratch/sd/s/sjmoon/EmoViS/data/raw/CowenEmotionVideos/0398.mp4	0398.mp4	317375	2026-05-08T05:07:27+00:00	ecb72caac17ad85fca9d5e786ead80a4889485c862c3a0c8b37cf7ade0f07fcb	398	7.9	h264	404	200	10.0	79	0	False	True			1b27e39fec0ef3746dfe893fabe55a10d4b81b11da1dc63ade2168d336ef4cf4	79	17154421891158588	True	398	False
stimulus_videos	/pscratch/sd/s/sjmoon/EmoViS/data/raw/CowenEmotionVideos/0399.mp4	0399.mp4	1106247	2026-05-08T05:07:27+00:00	e5c09f81ae2bc7dce6a3bb2f1d12c2c1ae69eacacf748d996dabb4d54f160853	399	6.08	h264	640	640	25.0	152	0	False	True			2dea7caf5a297070b8cc67379670390a9996dfff9380381fcaf99c0a5b163633	152	144802413203399	True	399	False
stimulus_videos	/pscratch/sd/s/sjmoon/EmoViS/data/raw/CowenEmotionVideos/0400.mp4	0400.mp4	205349	2026-05-08T05:07:27+00:00	1ccbd0fb467dde84214a8b6d67a06066523df7f91d11e3ae9a2fadfa8a837667	400	5.33	h264	244	244	7.6923076923076925	41	0	False	True			7775d986645f6d208c3d790495a1e27be6ff9c97b56fc8731f519828727e268e	41	17234211694845048	True	400	False
stimulus_videos	/pscratch/sd/s/sjmoon/EmoViS/data/raw/CowenEmotionVideos/0401.mp4	0401.mp4	3122367	2026-05-08T05:07:27+00:00	2e35dd6bde986b0b1ff8830a0e6b9e09bbd8f35d8772bbc62dc6709b65f7b768	401	17.17	h264	360	202	100.0	1717	0	False	True			eec0c90cdeb147f688f168d31f0bb0340a90050ab6cbc3c7789471d250405757	1717	5177444343303833	True	401	False
stimulus_videos	/pscratch/sd/s/sjmoon/EmoViS/data/raw/CowenEmotionVideos/0402.mp4	0402.mp4	760565	2026-05-08T05:07:27+00:00	5d03ee4ed0dce19fd62900fb8eaadfe2e1118fe6b236f128d74bd17210880140	402	5.25	h264	400	224	14.285714285714286	75	0	False	True			dc20e884a87d1529990dc3d3a7ab370b335e8b8bf4c37a757192568da7f186a1	75	4025997979012007	True	402	False
stimulus_videos	/pscratch/sd/s/sjmoon/EmoViS/data/raw/CowenEmotionVideos/0403.mp4	0403.mp4	1505207	2026-05-08T05:07:28+00:00	c81b97f55193b0f301e64d8a06b2cf1d1afee1b968d5871c05d457d5d00f5840	403	15.08	h264	406	720	25.0	377	0	False	True			2fcec525b618320b8686ca1b984a073e36ec232982eb20acd38edb1b67b1a5e5	377	27818675781296323	True	403	False
stimulus_videos	/pscratch/sd/s/sjmoon/EmoViS/data/raw/CowenEmotionVideos/0404.mp4	0404.mp4	2792576	2026-05-08T05:07:28+00:00	fdfcb2dcd2a790f3fe67c810eb3a895d559c465978079cef5eae9daef3f89e7c	404	15.0	h264	718	404	25.0	375	0	False	True			6439180d6e9d989de3241020381831fd5ed54d2ad9d4278a320da7cd59b264d8	375	27238436375348225	True	404	False
stimulus_videos	/pscratch/sd/s/sjmoon/EmoViS/data/raw/CowenEmotionVideos/0405.mp4	0405.mp4	2435102	2026-05-08T05:07:29+00:00	c6375c4f8168c1fe7e3221b3727f6c3506f51242277480da096a9a05ae3d8558	405	11.2	h264	420	236	10.0	112	0	False	True			d5abacd6d8dea9cc160a281e8f33b84e52b39f2301d4ac813289ec64acdb83ae	112	250447295969505	True	405	False
stimulus_videos	/pscratch/sd/s/sjmoon/EmoViS/data/raw/CowenEmotionVideos/0406.mp4	0406.mp4	354539	2026-05-08T05:07:28+00:00	2b93ade148e6907d66b1ab3797167f340ba87f3663565f03a1e90b5eeb05e41d	406	12.5	h264	350	192	10.0	125	0	False	True			bc76dcc409c25507e893a825797c85bdf7ae503d2633d13a91edd2850a508873	125	3971961870993295	True	406	False
stimulus_videos	/pscratch/sd/s/sjmoon/EmoViS/data/raw/CowenEmotionVideos/0407.mp4	0407.mp4	726972	2026-05-08T05:07:28+00:00	87903d5246b785b1df9a9a4e44afcc339b831d18059d3a4b770e4801fd517aac	407	5.04	h264	404	720	25.0	126	0	False	True			a3de56198e8f3539a61212f652dad9e95d3e9c7513eabbc8a162df070a6cbb00	126	35690051126151047	True	407	False
stimulus_videos	/pscratch/sd/s/sjmoon/EmoViS/data/raw/CowenEmotionVideos/0408.mp4	0408.mp4	208949	2026-05-08T05:07:24+00:00	eb43d17ccaade74177b6de5ef9bcfffe168b8a8c7d8c0ee9654fab8f09b94418	408	5.0	h264	300	168	20.0	100	0	False	True			ec8eb2a932931d7b65bc1a6688e3458dd6a6213fb13db7f0cf7073b2fdff3492	100	61851647854123064	True	408	False
stimulus_videos	/pscratch/sd/s/sjmoon/EmoViS/data/raw/CowenEmotionVideos/0409.mp4	0409.mp4	3344520	2026-05-08T05:07:25+00:00	cc321d91c8d83c16dd070e017666a2e2f50e6fce16903f42ced7ae72d4f33592	409	8.28	h264	800	450	8.333333333333334	69	0	False	True			e42e0cc21b3eef25c774a9029c8ed3d04e2342a166acc15c56fb0818f84809ef	69	60514869009316313	True	409	False
stimulus_videos	/pscratch/sd/s/sjmoon/EmoViS/data/raw/CowenEmotionVideos/0410.mp4	0410.mp4	149984	2026-05-08T05:07:28+00:00	792aa119a300fbacf400c170fddb84619b542bc54e076c60e2e57f71f4418f71	410	5.2	h264	320	238	7.6923076923076925	40	0	False	True			ab658768d0cea8d9708141ed6ea4e19be2c4b32ad0c39adf7503a45227c7797e	40	5740355151647665	True	410	False
stimulus_videos	/pscratch/sd/s/sjmoon/EmoViS/data/raw/CowenEmotionVideos/0411.mp4	0411.mp4	229673	2026-05-08T05:07:29+00:00	fe5bff0d47f31ac03766161cd67d09440a4e4b25cefaeac2d1e2936bb1724a97	411	8.47	h264	350	192	14.285714285714286	121	0	False	True			c0a94c72a3f00e2e9882ac29633497d9c51579b04bfa8b15e8e0d0a616b4289b	121	58863766183585227	True	411	False
stimulus_videos	/pscratch/sd/s/sjmoon/EmoViS/data/raw/CowenEmotionVideos/0412.mp4	0412.mp4	1783637	2026-05-08T05:07:28+00:00	dee2c342297fc8bc4adeda47b5b127fd8efebcbc03c191a1b549d6c9fa912ff0	412	27.2	h264	234	420	10.0	272	0	False	True			c61e3521c569526eb5ffcee6103e27f746158216dbe91a2ac1d64511d3b17c92	272	20966010689914684	True	412	False
stimulus_videos	/pscratch/sd/s/sjmoon/EmoViS/data/raw/CowenEmotionVideos/0413.mp4	0413.mp4	78886	2026-05-08T05:07:28+00:00	b99154683cb480903390548a9a62adab70c11c128e05e6875439d4e2a5db7b16	413	1.96	h264	260	194	14.285714285714286	28	0	False	True			0b4eb556b10623d04b914e39cf4a94eff700d60f0d920a3b0977b4b95bd1aa12	28	17642556264781455	True	413	False
stimulus_videos	/pscratch/sd/s/sjmoon/EmoViS/data/raw/CowenEmotionVideos/0414.mp4	0414.mp4	395377	2026-05-08T05:07:27+00:00	19c7db6cc5db02eba262af678c8cae4625ec588496cf7335fd812c2c2c8c7c41	414	12.1	h264	320	240	10.0	121	0	False	True			232c7700539e06f7da158cff6fe63fcaa19beb4b71b65ee20aa057d84ad93850	121	23238311633753657	True	414	False
stimulus_videos	/pscratch/sd/s/sjmoon/EmoViS/data/raw/CowenEmotionVideos/0415.mp4	0415.mp4	13174363	2026-05-08T05:07:27+00:00	6f16f4c60f5040c5758e6ea4dc0fc5af37a4578f00e9f07fd92a21bf271c55aa	415	37.2	h264	406	506	16.666666666666668	620	0	False	True			4fd4c9b5db1e15f9710375308a45e0ebec99a25b9e76c7513a64b2e033547410	620	35581295776888315	True	415	False
stimulus_videos	/pscratch/sd/s/sjmoon/EmoViS/data/raw/CowenEmotionVideos/0416.mp4	0416.mp4	881299	2026-05-08T05:07:27+00:00	cfd6803e0bba51952aea55f2c8215f859d9e729f788a709bbf8f73d5cdbceed1	416	2.25	h264	624	352	20.0	45	0	False	True			3c74286892e58ad80be3a81a7fa40dec4cb5a2917574ce5c76820d66e7500a44	45	15676472637625191	True	416	False
stimulus_videos	/pscratch/sd/s/sjmoon/EmoViS/data/raw/CowenEmotionVideos/0417.mp4	0417.mp4	3881298	2026-05-08T05:07:28+00:00	abbe5f589d3002afd4168507053b0994da1d2bbadfe78c1902a2723572fc7197	417	9.0	h264	720	404	20.0	180	0	False	True			36d9a4d78f821bd46c48f79fbc2cbc42a775253a41641a6407d36744953d8ca1	180	39153817107286799	True	417	False
stimulus_videos	/pscratch/sd/s/sjmoon/EmoViS/data/raw/CowenEmotionVideos/0418.mp4	0418.mp4	84553	2026-05-08T05:07:26+00:00	24537380e1aa6a1536cf8507ca805143ef973e74259837fbf2d4cc919d0d791e	418	1.26	h264	500	700	16.666666666666668	21	0	False	True			4c5a22d79a928158af26643bd4a56fc4720bb02ec3d1a1d5c34b277440e5d380	21	31664270453307279	True	418	False
stimulus_videos	/pscratch/sd/s/sjmoon/EmoViS/data/raw/CowenEmotionVideos/0419.mp4	0419.mp4	561497	2026-05-08T05:07:26+00:00	3269e9c837cd88fdafa624a19ec2cc3c630ac54c3db4e76e50fa2f0422e241b6	419	1.72	h264	350	360	50.0	86	0	False	True			807874b752ba09ecdded15a9fbd93b73590df0a6e81e865748942f8283c5e76e	86	9004348201584	True	419	False
stimulus_videos	/pscratch/sd/s/sjmoon/EmoViS/data/raw/CowenEmotionVideos/0420.mp4	0420.mp4	208310	2026-05-08T05:07:24+00:00	4b6e91c72bca7cbaab942260ffe94405de9bc2be2fe9abb36a3563462b73bab5	420	1.4	h264	498	250	10.0	14	0	False	True			e3291f5ab4d35a309fb46633bedad759ea8ab24c78fdf2b794577027a402a801	14	21986764128470665	True	420	False
stimulus_videos	/pscratch/sd/s/sjmoon/EmoViS/data/raw/CowenEmotionVideos/0421.mp4	0421.mp4	149759	2026-05-08T05:07:25+00:00	3bd6c65a9add2356fc5a607e4a7a6a32a3cc54b95d94b802699d337667909ba2	421	3.6	h264	500	282	10.0	36	0	False	True			5fca2d91f94312ee43725d081fc08c1e01a9a4b20a64881ca1b9f14f83d39565	36	64073372935635851	True	421	False
stimulus_videos	/pscratch/sd/s/sjmoon/EmoViS/data/raw/CowenEmotionVideos/0422.mp4	0422.mp4	585652	2026-05-08T05:07:25+00:00	762755bf0eaf5d0d2752b30202fea3deed4421a88e218e5c78e7f140c22985f1	422	3.78	h264	480	270	16.666666666666668	63	0	False	True			e7fdf806909da87e08f2bfafafff3d87bcd6034b3028108fa4571aab35af1523	63	51916410517657189	True	422	False
stimulus_videos	/pscratch/sd/s/sjmoon/EmoViS/data/raw/CowenEmotionVideos/0423.mp4	0423.mp4	1574431	2026-05-08T05:07:25+00:00	90ad8a0bb6577fd7c66e49382694709db64a89c01fc65a55d4ef6a8b5dfc3e20	423	6.74	h264	720	540	100.0	674	0	False	True			361c056aac5bdbf1f3216d1ad2bb2974c0074dcaa7c60c775215fc2aba5a786c	674	51922148859066420	True	423	False
stimulus_videos	/pscratch/sd/s/sjmoon/EmoViS/data/raw/CowenEmotionVideos/0424.mp4	0424.mp4	1857623	2026-05-08T05:07:26+00:00	1fa88a4a687deea9d71ae190c1c3ee67cb8d6d371c621eb66261c934d2f7efea	424	15.12	h264	406	720	25.0	378	0	False	True			a6ad906618877665c80435b231bd91f99eeadaf9083254fa53c0b1bbc04b060f	378	28812263886717319	True	424	False
stimulus_videos	/pscratch/sd/s/sjmoon/EmoViS/data/raw/CowenEmotionVideos/0425.mp4	0425.mp4	1542948	2026-05-08T05:07:26+00:00	eaddb559b216f492b7196a87d0c5d56ee9f66d5b3b463cea4280ea0aa16320df	425	10.98	h264	480	270	16.666666666666668	183	0	False	True			cc10df6b3788e5759444873c427f59f9ceb670e1f96e5f42652548693cd8465c	183	10740362625024770	True	425	False
stimulus_videos	/pscratch/sd/s/sjmoon/EmoViS/data/raw/CowenEmotionVideos/0426.mp4	0426.mp4	912051	2026-05-08T05:07:25+00:00	4196435cfaf95e2adcf915944cdebc503b96b3c0007110b37e0adf319fb7088f	426	12.0	h264	264	274	10.0	120	0	False	True			937bef48523e9fe979b902dd0683c810eaf15aeedbbfeab62ee73f3b2ea739ba	120	40098617781466730	True	426	False
stimulus_videos	/pscratch/sd/s/sjmoon/EmoViS/data/raw/CowenEmotionVideos/0427.mp4	0427.mp4	63375	2026-05-08T05:07:26+00:00	cbb5b838d02f76f1d9fc2e2e687f3774c2514aa2d41f9b3b74d5685f5062ba91	427	1.62	h264	500	332	11.11111111111111	18	0	False	True			21f1ea1f9d009f2c9952955a1bcaa22fc279794c86eed0ca2051561a2239b7ce	18	8020926469032084	True	427	False
stimulus_videos	/pscratch/sd/s/sjmoon/EmoViS/data/raw/CowenEmotionVideos/0428.mp4	0428.mp4	136117	2026-05-08T05:07:27+00:00	50b3a8f183565271d87cf3a4edc80e7bc4194bb2c7669d035d008eb688f5dc4c	428	4.14	h264	350	196	11.11111111111111	46	0	False	True			2935298b1d8fc7e6831d648350eda1471eeec240cb46c2a5fbad961e9ee20f56	46	7136412963171785	True	428	False
stimulus_videos	/pscratch/sd/s/sjmoon/EmoViS/data/raw/CowenEmotionVideos/0429.mp4	0429.mp4	182805	2026-05-08T05:07:27+00:00	d227db529b4df45b8408b40bee7b5164d3932f1a98de4254513a5c171cfd491c	429	1.0	h264	460	348	10.0	10	0	False	True			4695a16f7135e8d3dde9fcd56f29bf3479fbbc6558cb21fdccde06c3e763e369	10	13117211145671615	True	429	False
stimulus_videos	/pscratch/sd/s/sjmoon/EmoViS/data/raw/CowenEmotionVideos/0430.mp4	0430.mp4	557621	2026-05-08T05:07:26+00:00	5f5fec294d4fc0a08a31b66d6fa87c5b6391af0fab8bc5ab50f580cdca91cba9	430	3.57	h264	400	224	14.285714285714286	51	0	False	True			98409b03f8140aab6bc3b4bc53e252ca1e608c86dff47d96f2fb637d4e4e0fcd	51	13549381084806264	True	430	False
stimulus_videos	/pscratch/sd/s/sjmoon/EmoViS/data/raw/CowenEmotionVideos/0431.mp4	0431.mp4	194852	2026-05-08T05:07:26+00:00	6d9798984ef1f592fe3662b59d10f856626991a0cb0ea454f94eba8483ccaa90	431	2.3	h264	350	196	10.0	23	0	False	True			dbf5f983b2f965147c981eee418d359ce61c122f8b20128d5db10999c16a290f	23	20295080556772980	True	431	False
stimulus_videos	/pscratch/sd/s/sjmoon/EmoViS/data/raw/CowenEmotionVideos/0432.mp4	0432.mp4	239749	2026-05-08T05:07:25+00:00	94cfa63f34ca9500bf59f2a2f8ff1c91bcb77edda20259285cfdfc86a5575720	432	3.08	h264	500	428	14.285714285714286	44	0	False	True			ec5f0ede02c0913140fe2a627f4a19c6604f9cfa0d58d5d66bfeb87bd3ebe69d	44	5691581224066846	True	432	False
stimulus_videos	/pscratch/sd/s/sjmoon/EmoViS/data/raw/CowenEmotionVideos/0433.mp4	0433.mp4	153066	2026-05-08T05:07:26+00:00	e3e7d380b81860a5154797a55b52e149ecf1a42379c3f67e13fd4d641f57b514	433	1.394	h264	500	230	22.25	31	0	False	True			692ca153c8c8f2697c8be517aded6e9c2ae910aeee6f33f576ba56f90718dc12	31	42553833622328229	True	433	False
stimulus_videos	/pscratch/sd/s/sjmoon/EmoViS/data/raw/CowenEmotionVideos/0434.mp4	0434.mp4	116260	2026-05-08T05:07:24+00:00	a4770bfbf3980e8d82869a0d4e95d189ac0273dda9c2fb8ed53ad023a3289324	434	0.665	h264	466	372	28.583333333333332	19	0	False	True			9225f02d70d46371531c4bbca7b680873815a030d9b175ae025fe3e0ea32c13d	19	43130360814049134	True	434	False
stimulus_videos	/pscratch/sd/s/sjmoon/EmoViS/data/raw/CowenEmotionVideos/0435.mp4	0435.mp4	483119	2026-05-08T05:07:25+00:00	b3c62221b94d3246e1ffad31901620f2bac70c3c63d25a7f7c34caf51951b11b	435	1.76	h264	800	422	12.5	22	0	False	True			1ec4a1e771104f964b5276fc5967db7648bfed1f204e4d2bf5e8af8bc3161b78	22	54204987690513899	True	435	False
stimulus_videos	/pscratch/sd/s/sjmoon/EmoViS/data/raw/CowenEmotionVideos/0436.mp4	0436.mp4	1620192	2026-05-08T05:07:25+00:00	389c456f1e2d2c22c46aafad604f4c156af49536b224eaaee61797d360f50471	436	15.0	h264	384	216	25.0	375	0	False	True			093d452b9fb3acc66eaafce082b89c603c58ba528a1e3fff1bd945b636f264e7	375	9007216568830081	True	436	False
stimulus_videos	/pscratch/sd/s/sjmoon/EmoViS/data/raw/CowenEmotionVideos/0437.mp4	0437.mp4	108416	2026-05-08T05:07:25+00:00	050605a1941aa72c543ca863e9b53cb350f5929877ca701d2ef9cccf4d4babad	437	0.8	h264	500	212	20.0	16	0	False	True			f427e5bbbffaa5659ab7f691cf82e2d6b442d0b61d047292a829b6183a2f8f23	16	21981644581783487	True	437	False
stimulus_videos	/pscratch/sd/s/sjmoon/EmoViS/data/raw/CowenEmotionVideos/0438.mp4	0438.mp4	162960	2026-05-08T05:07:28+00:00	6b42f46af907ae44711547525758e0f1cf6de04f8ad8f78532ba4cb69463ae5d	438	3.36	h264	500	200	7.142857142857143	24	0	False	True			595e914f9ba8ce7c4727b986c99cbbd9c67537d9d61f6f85a941e68a12ec08b9	24	67350138367619555	True	438	False
stimulus_videos	/pscratch/sd/s/sjmoon/EmoViS/data/raw/CowenEmotionVideos/0439.mp4	0439.mp4	373541	2026-05-08T05:07:29+00:00	9de8213cd6649b8cc0d193cf33c8e4b19adbbe3d4429db8a8f7e8d0a41ea1fd0	439	4.35	h264	500	280	20.0	87	0	False	True			45cc505e4536574852f7ddb50e7dea93a3029cf9cb7a7c2e36f341a84cb23c8d	87	16950525738338204	True	439	False
stimulus_videos	/pscratch/sd/s/sjmoon/EmoViS/data/raw/CowenEmotionVideos/0440.mp4	0440.mp4	553843	2026-05-08T05:07:23+00:00	302f7135ce683386866b32f8a39f0964acb3c08c9773bfa3af9fe8bd5b7ab977	440	5.95	h264	550	310	14.285714285714286	85	0	False	True			a00db51fe5ed8621751ae8fa6854b9146ab62281636b5bfb5aba668ba2b90932	85	28944547352828585	True	440	False
stimulus_videos	/pscratch/sd/s/sjmoon/EmoViS/data/raw/CowenEmotionVideos/0441.mp4	0441.mp4	67692	2026-05-08T05:07:23+00:00	a61802742618b56d69562a10739e9486041b43d818f2c245c2dc6c7860481899	441	2.92	h264	300	204	25.0	73	0	False	True			7e060311694c70e91649f472ed57da4352a2124dc19633b7c119e0ad9ad1eba4	73	26669091200451108	True	441	False
stimulus_videos	/pscratch/sd/s/sjmoon/EmoViS/data/raw/CowenEmotionVideos/0442.mp4	0442.mp4	541701	2026-05-08T05:07:23+00:00	e8da98fd289f7dce30928beb97d98ec42bcbdf334afe1ec31fc4d85f4f798f47	442	8.5	h264	320	222	10.0	85	0	False	True			83e7a48a85b313b3b416c4562eaadb320964b0dee835bfab4fd8dc7cb3eafdf3	85	42552060147903092	True	442	False
stimulus_videos	/pscratch/sd/s/sjmoon/EmoViS/data/raw/CowenEmotionVideos/0443.mp4	0443.mp4	1527476	2026-05-08T05:07:22+00:00	0506e80b292e0d242dc3a423c7d710c814ffdac2b66e99f30f2623e50bb12d5d	443	15.0	h264	620	348	25.0	375	0	False	True			a6fc90037ba3f56e2e7e4527ed2dcedcb476062996ad96b8b2cd92826713f17d	375	141736050817	True	443	False
stimulus_videos	/pscratch/sd/s/sjmoon/EmoViS/data/raw/CowenEmotionVideos/0444.mp4	0444.mp4	59383	2026-05-08T05:07:24+00:00	af7fc11bd753e8b8fb8dadc3fdd43de2e6776527f74600f50ecfaad591452bd6	444	4.0	h264	498	274	10.0	40	0	False	True			d40fa727a6db1cbe1c577cb0fc61830b7f7c25d3103bc76cfdb0b8acf43ee68a	40	13050786592009830	True	444	False
stimulus_videos	/pscratch/sd/s/sjmoon/EmoViS/data/raw/CowenEmotionVideos/0445.mp4	0445.mp4	1012854	2026-05-08T05:07:23+00:00	5d829c422f80e89aeb00a88ade99eadecf57a81a1490e6049b86e65d249185e1	445	23.8	h264	400	214	10.0	238	0	False	True			43c217e7849a21f87483b502c339006a299dabcd747bda060f0dbdbb98d86631	238	13191646145214947	True	445	False
stimulus_videos	/pscratch/sd/s/sjmoon/EmoViS/data/raw/CowenEmotionVideos/0446.mp4	0446.mp4	3550366	2026-05-08T05:07:24+00:00	6ef862e8f105e7f84049eec749cd8bb6e66189a5f4835f37b6170f7ee74d41de	446	15.08	h264	720	720	25.0	377	0	False	True			1697d05be6124fe3da7f3cf121421b6303b27e76aaeed60cab084dc565cce220	377	44241228503832723	True	446	False
stimulus_videos	/pscratch/sd/s/sjmoon/EmoViS/data/raw/CowenEmotionVideos/0447.mp4	0447.mp4	232122	2026-05-08T05:07:24+00:00	b13cdd8df792d2bcd2e30277197394d1eb648d0a88bbd0c063e171ade211f585	447	4.56	h264	350	262	12.5	57	0	False	True			41a56614a7e39c6fb3d45af469ad4f3f63ef14a246bffe3c9cd32dcf5d31c90d	57	13573416695797155	True	447	False
stimulus_videos	/pscratch/sd/s/sjmoon/EmoViS/data/raw/CowenEmotionVideos/0448.mp4	0448.mp4	675405	2026-05-08T05:07:30+00:00	0431019194102e573733156895c64b484d060d47283fe7cc849de5917b0a9522	448	4.02	h264	480	270	16.666666666666668	67	0	False	True			ce4d37ff19a637f54a3b97f61546013c609981f41f5b7daad96d845169fc6ba7	67	56764516030718347	True	448	False
stimulus_videos	/pscratch/sd/s/sjmoon/EmoViS/data/raw/CowenEmotionVideos/0449.mp4	0449.mp4	385673	2026-05-08T05:07:30+00:00	b6158aa9c5147fb22e6cd49c979bcd7d2148a32ac0b04fcde2fd3074a87d6aa9	449	0.8	h264	1000	998	10.0	8	0	False	True			96e91666b6430903463f8816d444079a23bcf11c1c80f8e6342a25fa8d058b91	8	62235727145629571	True	449	False
stimulus_videos	/pscratch/sd/s/sjmoon/EmoViS/data/raw/CowenEmotionVideos/0450.mp4	0450.mp4	367028	2026-05-08T05:07:24+00:00	eef764e99e98fd620717f9accea533689b3782b22bc88451fa2e49afd65dfd04	450	2.58	h264	480	270	16.666666666666668	43	0	False	True			f7e152801628f446467e0dfacbf42430ea4c2c2b7a9c775b98a3956501ab2a91	43	45988745359689514	True	450	False
stimulus_videos	/pscratch/sd/s/sjmoon/EmoViS/data/raw/CowenEmotionVideos/0451.mp4	0451.mp4	2273928	2026-05-08T05:07:23+00:00	6d6f4beac0066ffcc8d237eb22d4b7d3b0ea738482fb9eb1afd9b9ed621e77f7	451	15.12	h264	716	404	25.0	378	0	False	True			925e0e6bada98e7f42fedc28fda8a0fd10b039c6e3c421df163b33401d30e3a1	378	3999378279091079	True	451	False
stimulus_videos	/pscratch/sd/s/sjmoon/EmoViS/data/raw/CowenEmotionVideos/0452.mp4	0452.mp4	423849	2026-05-08T05:07:24+00:00	27bcb93e796ed8b23765e70e267df5d8736d46d278f597eb77997693192a8a22	452	3.69	h264	480	358	11.11111111111111	41	0	False	True			e1eac951b6ddb5d26215455061fbe972566fe30aac0d85514092f432ad81c6d0	41	56240625663885475	True	452	False
stimulus_videos	/pscratch/sd/s/sjmoon/EmoViS/data/raw/CowenEmotionVideos/0453.mp4	0453.mp4	22490	2026-05-08T05:07:24+00:00	dd556e9e55e7806b8db13ac1bfc7efc65a71be941128de5a4c27ef40d9a4937b	453	1.38	h264	840	514	33.333333333333336	46	0	False	True			b1f6f08602ba762d8132b8d6ea3809d456e6f86136384b0d5be12df8a380f122	46	328428168393216	True	453	False
stimulus_videos	/pscratch/sd/s/sjmoon/EmoViS/data/raw/CowenEmotionVideos/0454.mp4	0454.mp4	926141	2026-05-08T05:07:23+00:00	4e7943abf6e7baecf475c2ed753b8e014b0c9225d01d11b4075addfa06a6b402	454	12.56	h264	320	180	25.0	314	0	False	True			07efe265ae700361a00d65f12d3214808ef915aaa9e9828f4fbb22c159580281	314	55885096089637573	True	454	False
stimulus_videos	/pscratch/sd/s/sjmoon/EmoViS/data/raw/CowenEmotionVideos/0455.mp4	0455.mp4	100426	2026-05-08T05:07:23+00:00	a721e8ea05b721e3c798bfa641aced892004cff66d216d574084ac02aae5565f	455	3.0	h264	400	224	10.0	30	0	False	True			657af4d2608970ea56ac301292576f4a1d1d05710ea8d0a483e1ed27f5d72061	30	17721021593867171	True	455	False
stimulus_videos	/pscratch/sd/s/sjmoon/EmoViS/data/raw/CowenEmotionVideos/0456.mp4	0456.mp4	43065	2026-05-08T05:07:23+00:00	8f652169d4c34971735735dbdc1c685fd21662c3fe6831f5d1c54bafe8eccd1a	456	1.71	h264	380	212	11.11111111111111	19	0	False	True			b66dc8225e87a0fb1e8a7fde417e5040ce4a0a1379d4550832944df97649a40f	19	40974063722735567	True	456	False
stimulus_videos	/pscratch/sd/s/sjmoon/EmoViS/data/raw/CowenEmotionVideos/0457.mp4	0457.mp4	39057	2026-05-08T05:07:22+00:00	4ce407f29448c9f85623b2d7612f3a2b7b1a780bf98a90c16c67b14dec38fa5e	457	1.61	h264	230	178	14.285714285714286	23	0	False	True			0cd8c68f18391b71f44d2adb3d60a5f6d461dad9c6ef98a8a056d693e9f37010	23	36463130084651232	True	457	False
stimulus_videos	/pscratch/sd/s/sjmoon/EmoViS/data/raw/CowenEmotionVideos/0458.mp4	0458.mp4	96177	2026-05-08T05:07:30+00:00	e587ba8e9ee2ddd0786e8b3c9cc75f7e700ead4ae40a90e031303883c888a9c7	458	0.96	h264	500	288	12.5	12	0	False	True			dc7403fd21fc56c77fbbe82f0243b1fa8250018dfe4d8f76ecfcea5c3e1fb495	12	31191691883928894	True	458	False
stimulus_videos	/pscratch/sd/s/sjmoon/EmoViS/data/raw/CowenEmotionVideos/0459.mp4	0459.mp4	566853	2026-05-08T05:07:30+00:00	bc26e4f9b5ba29ea751c61737e3d6b848e86e3fb80ae06193d73b716ccec505d	459	2.88	h264	800	450	12.5	36	0	False	True			8e5d06b1ce4708934c871ce1ca8147cf55f197929c917eef5d1409d79ea51ffb	36	175921860446232	True	459	False
stimulus_videos	/pscratch/sd/s/sjmoon/EmoViS/data/raw/CowenEmotionVideos/0460.mp4	0460.mp4	410483	2026-05-08T05:07:30+00:00	686c51639478130ce2034ce23f2c72e6640f0e155c4bf614feff10f4e5a46cca	460	2.4	h264	636	288	10.0	24	0	False	True			6c298b7c23780d87c6cd7fcd922cda161b7fd602214b107523d084a4d148cdfb	24	1834918290178447	True	460	False
stimulus_videos	/pscratch/sd/s/sjmoon/EmoViS/data/raw/CowenEmotionVideos/0461.mp4	0461.mp4	2175877	2026-05-08T05:07:29+00:00	603751cf30b37ecc99cfb84a9ddc54b7e5ab937adabd8e9ae9d071b8b8057bc3	461	15.1	h264	640	360	10.0	151	0	False	True			532441713c994a03c87b9bee293d1f130f4a79e85311bbbca1e2cab4229e69b6	151	3280240905511815	True	461	False
stimulus_videos	/pscratch/sd/s/sjmoon/EmoViS/data/raw/CowenEmotionVideos/0462.mp4	0462.mp4	148873	2026-05-08T05:07:29+00:00	2721626ebaab82076f8e264e83625db61ec964eae1dd21f3c693af2511f8b472	462	3.0	h264	640	294	22.0	66	0	False	True			142757eac028e2e1d871f8dd25718577ae1104252ab86e821b324e88c1ebc005	66	15310465730422358	True	462	False
stimulus_videos	/pscratch/sd/s/sjmoon/EmoViS/data/raw/CowenEmotionVideos/0463.mp4	0463.mp4	295180	2026-05-08T05:07:29+00:00	0afa3ecc89dca4108880a2afd4935b8e6501f8fcab25a318c0aed5947898413f	463	1.932	h264	474	272	14.5	28	0	False	True			fc7b1645ac450c23cbefb06607ae79415852a5003bc9a8db09742756a4b72ef1	28	35551177164472711	True	463	False
stimulus_videos	/pscratch/sd/s/sjmoon/EmoViS/data/raw/CowenEmotionVideos/0464.mp4	0464.mp4	633933	2026-05-08T05:07:30+00:00	bd45c13550f61b2bbb2f9b28d1df416b3843118948dea7ee142f6f27384d87de	464	3.5	h264	600	338	10.0	35	0	False	True			23f4ddd1e585e929e290c81318b82d5c88c3b4e848e876500efe84a0526b4b3e	35	32260828050801725	True	464	False
stimulus_videos	/pscratch/sd/s/sjmoon/EmoViS/data/raw/CowenEmotionVideos/0465.mp4	0465.mp4	54421	2026-05-08T05:07:30+00:00	064755d0df3616c014a80bf7c625badb1b7d42d4c1d401d82d96e14f7f961a1d	465	1.75	h264	500	212	14.285714285714286	25	0	False	True			60356593ef0feecbc5f5d31bdf6cf728cd616e3ec4e0d27e60c9aeac19d0cdb9	25	61064018740319788	True	465	False
stimulus_videos	/pscratch/sd/s/sjmoon/EmoViS/data/raw/CowenEmotionVideos/0466.mp4	0466.mp4	338151	2026-05-08T05:07:31+00:00	0a03477e7622791c2c9aad7384ac3df8b737e406dfed21c3f4e29087980f9dda	466	10.2	h264	498	270	10.0	102	0	False	True			f1049aac25d557e05911a4e57c7b2f2a315720fe870b8497dc1b3b82d070248d	102	24831578384466700	True	466	False
stimulus_videos	/pscratch/sd/s/sjmoon/EmoViS/data/raw/CowenEmotionVideos/0467.mp4	0467.mp4	63047	2026-05-08T05:07:31+00:00	182698a78fcfd13f105779ca47bc7940a1f3e9774edc4ec28488ffa0660e88f9	467	1.1	h264	498	288	10.0	11	0	False	True			649627c8c82d0e30ead73ab64debc01891dda8a0a38664f7f02062c1c58afd53	11	41969163403096714	True	467	False
stimulus_videos	/pscratch/sd/s/sjmoon/EmoViS/data/raw/CowenEmotionVideos/0468.mp4	0468.mp4	145035	2026-05-08T05:07:23+00:00	5af54fe9ee52f17d73b2833bfb11adc5f25f5702a9de00da7295af0808b41b9b	468	2.08	h264	640	360	12.5	26	0	False	True			b66c4488f2c9d0aa1ebc4d64be48d1fd883d82ba9f7d3f61b28d9113c74f0ef9	26	13257460879372771	True	468	False
stimulus_videos	/pscratch/sd/s/sjmoon/EmoViS/data/raw/CowenEmotionVideos/0469.mp4	0469.mp4	640035	2026-05-08T05:07:23+00:00	c912c0d0c308a7d05bbf6170f4c16604803f6354ded4053dc6d07c86719fe315	469	5.28	h264	580	326	8.333333333333334	44	0	False	True			5d915eb315595ea94ba2b838f1612193e61def16a37020bbf616be945496693b	44	66095661057996412	True	469	False
stimulus_videos	/pscratch/sd/s/sjmoon/EmoViS/data/raw/CowenEmotionVideos/0470.mp4	0470.mp4	120768	2026-05-08T05:07:30+00:00	4708df759e574f6883580ee8b44bf09aa12a51f415780ddb5c97531ef60b8964	470	3.5	h264	712	534	10.0	35	0	False	True			68a633a41bf3856e18f7ce058bb899f1ead89daa24429acfe22c4acc8d1588f6	35	48076258473204914	True	470	False
stimulus_videos	/pscratch/sd/s/sjmoon/EmoViS/data/raw/CowenEmotionVideos/0471.mp4	0471.mp4	312107	2026-05-08T05:07:30+00:00	05c21c4ee8f5d03b6052a2a5bf2eea16331f0a2697531d953a435fe5d3497e2c	471	20.2	h264	400	300	10.0	202	0	False	True			f269910c0261f5593c04353ae69ff3033cb0df02033ee464be7d45d859e38e95	202	35673622385779097	True	471	False
stimulus_videos	/pscratch/sd/s/sjmoon/EmoViS/data/raw/CowenEmotionVideos/0472.mp4	0472.mp4	192724	2026-05-08T05:07:31+00:00	e3dbec19eb3de187a2488971207e0e504827b3fc09761162cedb504ccb228c35	472	4.5	h264	252	190	10.0	45	0	False	True			420b1419e7c669dde1bc7566bd824cabbfd50b1a2e29f494c5b3f1755d53322e	45	52485109616674316	True	472	False
stimulus_videos	/pscratch/sd/s/sjmoon/EmoViS/data/raw/CowenEmotionVideos/0473.mp4	0473.mp4	146866	2026-05-08T05:07:31+00:00	ff6b44245632e273cac34b68c581a1c8f100433adc6d6318977e9a2176cfb562	473	2.5	h264	500	412	10.0	25	0	False	True			cd970706d85ed4c97f8e35e07bc220a26a50e43d72a8638a5b0a4f98d10d6c96	25	63449332448968316	True	473	False
stimulus_videos	/pscratch/sd/s/sjmoon/EmoViS/data/raw/CowenEmotionVideos/0474.mp4	0474.mp4	217206	2026-05-08T05:07:30+00:00	91ef5e3036ab8b01c823011f9d09c4da9fe2d53ff1528bc4f3db1260eef16ef7	474	6.66	h264	336	220	11.11111111111111	74	0	False	True			ded56f9a2688f15b92c110aa58d9080d858ace90e959d79e9616ed1a8fc59657	74	72056757512583651	True	474	False
stimulus_videos	/pscratch/sd/s/sjmoon/EmoViS/data/raw/CowenEmotionVideos/0475.mp4	0475.mp4	31655	2026-05-08T05:07:30+00:00	2d961385cf0d42fa0e56dfe6a560dae307b443bae4e713ded264bbba14760e30	475	1.84	h264	500	280	25.0	46	0	False	True			13655e3e64d9930210166c1cd39b6b44a877d370aea743e7a23e84aaabe86609	46	3426320661070912	True	475	False
stimulus_videos	/pscratch/sd/s/sjmoon/EmoViS/data/raw/CowenEmotionVideos/0476.mp4	0476.mp4	2010699	2026-05-08T05:07:29+00:00	4d3e3422cc676cfdda6c8900ed3e87baef65e61dd1eb7db8b9367bc43eacb663	476	4.0	h264	800	412	12.5	50	0	False	True			fb19da002bdf56b279158bc650d4d79e4a20a582ea572105c476d927ae39acad	50	46523176662174484	True	476	False
stimulus_videos	/pscratch/sd/s/sjmoon/EmoViS/data/raw/CowenEmotionVideos/0477.mp4	0477.mp4	431055	2026-05-08T05:07:29+00:00	473e3cb1ab6ae72c6cf4a22da7a760eb3c916f9cca34f541520b4ac39e16133c	477	9.4	h264	390	270	10.0	94	0	False	True			302a9aacee70d36a67a3acf122d99cff838affd5a6205d346a7142bde9440199	94	71632061360238285	True	477	False
stimulus_videos	/pscratch/sd/s/sjmoon/EmoViS/data/raw/CowenEmotionVideos/0478.mp4	0478.mp4	405200	2026-05-08T05:07:24+00:00	413fdd5ad7cb333a56fdaaf19a91461c4b6832bbf28f0b50678f7705dedf74c5	478	0.9	h264	400	400	33.333333333333336	30	0	False	True			1fd6cc6f15aa222583c8657db8ebde57d7bb7e50d2c09dc2a7b6dcd566e7bf61	30	32020274213697584	True	478	False
stimulus_videos	/pscratch/sd/s/sjmoon/EmoViS/data/raw/CowenEmotionVideos/0479.mp4	0479.mp4	208298	2026-05-08T05:07:23+00:00	4160f3ffc59be6d5d291dd79dc0330666024809de0fb4584986ccc61353c681b	479	4.32	h264	400	298	25.0	108	0	False	True			dbddf6975494faca072b886d2bc0210a7b24eb32c97dec1a922cc16a501d10a2	108	31413276910730653	True	479	False
stimulus_videos	/pscratch/sd/s/sjmoon/EmoViS/data/raw/CowenEmotionVideos/0480.mp4	0480.mp4	257428	2026-05-08T05:07:22+00:00	3ff8dae7141028504f7e66bd6adee71403758a7614c1da907f77e271c071138d	480	3.0	h264	332	332	10.0	30	0	False	True			b0f19422219961f54ffe5f9c77beca41261bc71e36d995958a69be94e12b06ac	30	14672297949135936	True	480	False
stimulus_videos	/pscratch/sd/s/sjmoon/EmoViS/data/raw/CowenEmotionVideos/0481.mp4	0481.mp4	532992	2026-05-08T05:07:23+00:00	5d1b87ad9bce39446d4b40511d69147bf81d00479b91fb27b78b5c892951bda9	481	13.1	h264	330	270	10.0	131	0	False	True			1670949173928c16dc262f22e2c4c9db9f22293aa0618b67b66c0bb1fb3dec35	131	68158251804533458	True	481	False
stimulus_videos	/pscratch/sd/s/sjmoon/EmoViS/data/raw/CowenEmotionVideos/0482.mp4	0482.mp4	448172	2026-05-08T05:07:23+00:00	f9a00af61700eb62f03850d3dfd2d577d740b688e1828e1407b2b4ba69faf454	482	3.78	h264	480	270	16.666666666666668	63	0	False	True			659bc9c5b74ae3b80ad9565b4bb5d39807d13d25640938948e196e038d8c6387	63	67979535712008304	True	482	False
stimulus_videos	/pscratch/sd/s/sjmoon/EmoViS/data/raw/CowenEmotionVideos/0483.mp4	0483.mp4	2929672	2026-05-08T05:07:23+00:00	1b1e88993eeea0df8d3bfcfa6405c22cb35761123408b7633a0ce1d91341d3a0	483	15.08	h264	640	640	25.0	377	0	False	True			c666984f52dbe948c80c0cdf4712b1aeaa8bb0924b84953745c34e6b6e694a7f	377	37438388107780400	True	483	False
stimulus_videos	/pscratch/sd/s/sjmoon/EmoViS/data/raw/CowenEmotionVideos/0484.mp4	0484.mp4	137977	2026-05-08T05:07:24+00:00	263fa44b98740d9c6d29166f8e817c0c23e0bcb0c921524db898b2f044cfce79	484	16.2	h264	636	288	10.0	162	0	False	True			18f21e644d74286f0fb8c972f184007729795bf4479d18238f930385db9931ae	162	20292811714955044	True	484	False
stimulus_videos	/pscratch/sd/s/sjmoon/EmoViS/data/raw/CowenEmotionVideos/0485.mp4	0485.mp4	114429	2026-05-08T05:07:24+00:00	e00597f629190ebf11a039dc5272d6a9d0edbbedc874ae5951f80f97138f9e0c	485	2.4	h264	500	282	10.0	24	0	False	True			ceadc9fd877ae1b377a94c6787eda0de2e338cb3dbcd1c77ccff9b031656e5ad	24	64050514237149873	True	485	False
stimulus_videos	/pscratch/sd/s/sjmoon/EmoViS/data/raw/CowenEmotionVideos/0486.mp4	0486.mp4	132451	2026-05-08T05:07:23+00:00	f7e37e65a449221713b19000d5bc0bc817a4dca63f3052c7e527b62be689b24f	486	3.3	h264	340	218	10.0	33	0	False	True			1306416f38a2f80882f43169ffdfb0075c6c93c66f6e4b8a6fba3d56f16ca219	33	68653414070719399	True	486	False
stimulus_videos	/pscratch/sd/s/sjmoon/EmoViS/data/raw/CowenEmotionVideos/0487.mp4	0487.mp4	2093402	2026-05-08T05:07:24+00:00	449a1a4221bc4c1be0a5709cd5813d647aed5346fdd66e3cbe3ed1068cbc2987	487	14.24	h264	718	404	25.0	356	0	False	True			2a11f6dcd1db5e6264f1198c42e52592f2c10de875d4e0c5008c71d88d527bc4	356	27465005081246832	True	487	False
stimulus_videos	/pscratch/sd/s/sjmoon/EmoViS/data/raw/CowenEmotionVideos/0488.mp4	0488.mp4	321827	2026-05-08T05:07:29+00:00	2090227d2bf0767183eeaba78baa4fee4de90f7959dfaf4c2bbf1b9d77fde2b2	488	6.32	h264	360	202	12.5	79	0	False	True			99def5bc5b12a85cce7640c777563105106b0f006758bc0f7a706a11f2fc3d51	79	14185392553859120	True	488	False
stimulus_videos	/pscratch/sd/s/sjmoon/EmoViS/data/raw/CowenEmotionVideos/0489.mp4	0489.mp4	304861	2026-05-08T05:07:29+00:00	2ba8b265d1aef0e8333f8f7fe0d9a5ac6e6eedba5aae9b9944c9543f78b0d5b4	489	2.64	h264	800	360	12.5	33	0	False	True			c0dcfdec03d47f9fcf20e43ae1adb0621e55f56a50d5e2885bdd70882749fd0c	33	8510739466079663	True	489	False
stimulus_videos	/pscratch/sd/s/sjmoon/EmoViS/data/raw/CowenEmotionVideos/0490.mp4	0490.mp4	44481	2026-05-08T05:07:24+00:00	999d3c3d694f3fda4ca3f26883394ace07811a23387802f40239b80f0ad59e99	490	4.334	h264	480	266	15.0	65	0	False	True			76620c80df8ac56f3d0ad8ac912327d47e22bb23ab6c85714dd13171599ae863	65	3439480153409414	True	490	False
stimulus_videos	/pscratch/sd/s/sjmoon/EmoViS/data/raw/CowenEmotionVideos/0491.mp4	0491.mp4	370956	2026-05-08T05:07:24+00:00	d72d104026e8ff219f98d6e6fc2300b77cf573baa1a67f3aed3f82ecc7831149	491	6.0	h264	258	468	15.0	90	0	False	True			18bcc6ddce32f1665b6b670b23a7e038e08e85b8d86eed7e7120da95bb74331c	90	19220056863655816	True	491	False
stimulus_videos	/pscratch/sd/s/sjmoon/EmoViS/data/raw/CowenEmotionVideos/0492.mp4	0492.mp4	67115	2026-05-08T05:07:23+00:00	dec3c381c76bfe7bc6b03ed2c941493e52e09de7dcfac645d89d3f27ff5b05c2	492	1.75	h264	300	300	14.285714285714286	25	0	False	True			a0fae4fd00784c0d8c20509e420864c60d8a7bf99361f1574a31ce24d2c2c8df	25	55636621898386228	True	492	False
stimulus_videos	/pscratch/sd/s/sjmoon/EmoViS/data/raw/CowenEmotionVideos/0493.mp4	0493.mp4	71556	2026-05-08T05:07:24+00:00	68e40d49d30c12ec2c85900ab63d5c8a00dfb81b94a19161b88dec3e79791003	493	3.5	h264	320	212	10.0	35	0	False	True			74cd77b59bffcb132efa4ba76741c09980569a6e8656b4673ccb1aff2b5ba846	35	1702147890659751	True	493	False
stimulus_videos	/pscratch/sd/s/sjmoon/EmoViS/data/raw/CowenEmotionVideos/0494.mp4	0494.mp4	4284304	2026-05-08T05:07:22+00:00	f9aa0b8cce927f896e0fb24124aebff83ed17fe9ea3ef737f397b9b45015c0fe	494	15.08	h264	718	404	25.0	377	0	False	True			fabc496ddd3a694ea5efe18d76a730f5fa27753307cea51c42e5e8a8b7ee7c03	377	50929240008055033	True	494	False
stimulus_videos	/pscratch/sd/s/sjmoon/EmoViS/data/raw/CowenEmotionVideos/0495.mp4	0495.mp4	282393	2026-05-08T05:07:23+00:00	10ac5f44e804dd3522556f8bca17807bf995f10b58992c6cda5139aad57e7cde	495	1.2	h264	386	292	8.333333333333334	10	0	False	True			5a3890ba1489c2c03cdcefb7bef070710acb427b4079203db8148497690de62d	10	48823235930354304	True	495	False
stimulus_videos	/pscratch/sd/s/sjmoon/EmoViS/data/raw/CowenEmotionVideos/0496.mp4	0496.mp4	115084	2026-05-08T05:07:23+00:00	fa413cb50b125f9ccddc1f091e8df3f03e5bc622d073f602da7e92ad416e63ce	496	2.52	h264	190	250	25.0	63	0	False	True			eb512d84d08e325d65abf802ff0bbd0d7c6a4b102703b3f1918c648aa5c85a2f	63	17554428233932241	True	496	False
stimulus_videos	/pscratch/sd/s/sjmoon/EmoViS/data/raw/CowenEmotionVideos/0497.mp4	0497.mp4	269165	2026-05-08T05:07:23+00:00	a154b4852f7035c5bd9fc90700c33fdada25a7ab13dd9bf700f94307cb7a5dc9	497	5.0	h264	500	282	10.0	50	0	False	True			2f1c9ae7725871c9cf88cb89c1ce5fb5d1b5bc3724f75c50910c588434f506f5	50	44246979822380120	True	497	False
stimulus_videos	/pscratch/sd/s/sjmoon/EmoViS/data/raw/CowenEmotionVideos/0498.mp4	0498.mp4	1837812	2026-05-08T05:07:31+00:00	53c7a5c7b96db5a623c1611abec04d7a1ba67d8c11bb039fe72e1f4f28938956	498	11.6	h264	326	248	10.0	116	0	False	True			b47178d10da0ad8b058ba15eac8fcde1a58ba58a39f8ea34616be580e56b5d06	116	63328861253533710	True	498	False
stimulus_videos	/pscratch/sd/s/sjmoon/EmoViS/data/raw/CowenEmotionVideos/0499.mp4	0499.mp4	60203	2026-05-08T05:07:31+00:00	0cab834c9fee1c5811cebd4193031b3ab99883d60e5aefae6d6df61bfc4930fd	499	0.3	h264	500	500	50.0	15	0	False	True			ce2735e8e2435db10296eab18f4fdaa18d8655526d7ca9729bb32614352a2d9f	15	15228720074552410	True	499	False
stimulus_videos	/pscratch/sd/s/sjmoon/EmoViS/data/raw/CowenEmotionVideos/0500.mp4	0500.mp4	4460593	2026-05-08T05:07:30+00:00	0df6ab7d26a4e2cc9089463cb1ec2fa13f2c548732c67f697003d10ccbf942d5	500	17.97	h264	850	478	33.333333333333336	599	0	False	True			615d832dfc6ac12b20287cca5546a7bc2a5699aecf85c0c364907d05170641ab	599	54477597889086343	True	500	False
stimulus_videos	/pscratch/sd/s/sjmoon/EmoViS/data/raw/CowenEmotionVideos/0501.mp4	0501.mp4	126421	2026-05-08T05:07:30+00:00	c2c2eeeb60e41ca4dcb2e98975e6983804ff6cf2e24aee3167e25ea309a7cb90	501	0.96	h264	500	276	16.666666666666668	16	0	False	True			7eb9483cd0a2d00426b273adb2b3f4aa03b52157cf3c9a327bf53434b1d15acd	16	60689993852741321	True	501	False
stimulus_videos	/pscratch/sd/s/sjmoon/EmoViS/data/raw/CowenEmotionVideos/0502.mp4	0502.mp4	208375	2026-05-08T05:07:29+00:00	35713e767edf90c2cb331615af6901fc7c3f9b94daf4c2f64e1daa0d32c208ef	502	3.1	h264	638	348	10.0	31	0	False	True			187306aeeabadbb809989d29a93ef469a37083661cb6efde8a5e4905711a8fa4	31	3457800112836233	True	502	False
stimulus_videos	/pscratch/sd/s/sjmoon/EmoViS/data/raw/CowenEmotionVideos/0503.mp4	0503.mp4	493417	2026-05-08T05:07:29+00:00	13c6cd026b28199525ccce5ac3f3b0cf34417e0657359b844bcb04ae367ab661	503	4.32	h264	360	254	25.0	108	0	False	True			173d19f8f2a674e65d0291e3ab5ca3ed796f4542121fdfdfbdd7e49402a79374	108	58296210189478139	True	503	False
stimulus_videos	/pscratch/sd/s/sjmoon/EmoViS/data/raw/CowenEmotionVideos/0504.mp4	0504.mp4	222820	2026-05-08T05:07:30+00:00	9c1a3f5d7ae5f6b8e1895c9a4894bfc2b96fa931cd247c3f16e152ef612dffb8	504	4.0	h264	500	308	10.0	40	0	False	True			ba386fee681b70c160b972d1e33e6b294099330471dbd6366b793f23fc50d2f0	40	66555949525660760	True	504	False
stimulus_videos	/pscratch/sd/s/sjmoon/EmoViS/data/raw/CowenEmotionVideos/0505.mp4	0505.mp4	159990	2026-05-08T05:07:30+00:00	da19391e65fbf5fcfff046723eec8da44606225b1f2cb7e3d800219af1502fc9	505	1.55	h264	480	274	20.0	31	0	False	True			f9014143c644b2c4c9ed31930e2b0dfa2f73d45ec5dfebb69144fd614d837f01	31	37943639957985425	True	505	False
stimulus_videos	/pscratch/sd/s/sjmoon/EmoViS/data/raw/CowenEmotionVideos/0506.mp4	0506.mp4	2095781	2026-05-08T05:07:31+00:00	49b858977e5c6ae0436ec1b0f2ed787ec5beca19ea3a30f7393f2eb12575bd67	506	12.0	h264	500	280	10.0	120	0	False	True			0142d62ebcc9b04c082cf044b46d1432ceb4f65e69b5b30c0f36c499d01e66d8	120	28085440634536855	True	506	False
stimulus_videos	/pscratch/sd/s/sjmoon/EmoViS/data/raw/CowenEmotionVideos/0507.mp4	0507.mp4	91528	2026-05-08T05:07:31+00:00	69e0c913817835d3b2aaed0ef196961662ce8ec69b7a0ac73d95095fb1ac223a	507	2.2	h264	500	412	10.0	22	0	False	True			9ef7c7cd43c75129ac847d32d607c09b793fa231ba059b45ad2805235cb9968e	22	36541014717050327	True	507	False
stimulus_videos	/pscratch/sd/s/sjmoon/EmoViS/data/raw/CowenEmotionVideos/0508.mp4	0508.mp4	56835	2026-05-08T05:07:23+00:00	b1a50ecd0b9c71ab9523d9494e253717167af66effb495a658169ea2ec5dfc1c	508	3.2	h264	368	174	10.0	32	0	False	True			f6caacb4569ae4e0053aa8fbff9b3596d2f016d42d17fbcf8258fecc2ff3b580	32	54344617445051964	True	508	False
stimulus_videos	/pscratch/sd/s/sjmoon/EmoViS/data/raw/CowenEmotionVideos/0509.mp4	0509.mp4	1435943	2026-05-08T05:07:23+00:00	c2f8d2e5d70ce1863f63cdfbc05d7ea7d5c496ef8d0e152e871f32e9bff8b001	509	13.2	h264	322	240	9.090909090909092	120	0	False	True			9dfae05c5da8c0411ed987e254e4dc47cb4c1dbcd37827b1a3246d47116fbc03	120	17589969705492411	True	509	False
stimulus_videos	/pscratch/sd/s/sjmoon/EmoViS/data/raw/CowenEmotionVideos/0510.mp4	0510.mp4	405890	2026-05-08T05:07:30+00:00	3436b392fd50c2c94394e6b46daa2e73dae8f8c717c2d3d9d2302314c6582004	510	7.54	h264	320	240	7.6923076923076925	58	0	False	True			1f5a2c83dff56a1ef82ec64d91dbb4d4c6c287df3d62278b09d14c81973b2e79	58	4109507035006993	True	510	False
stimulus_videos	/pscratch/sd/s/sjmoon/EmoViS/data/raw/CowenEmotionVideos/0511.mp4	0511.mp4	29451	2026-05-08T05:07:30+00:00	e853bd0140bd8e457d459458b96805e504cb191a8714585655d1e1c22e273851	511	0.6	h264	500	246	10.0	6	0	False	True			9304fb19636a3321668e56ced1ff6a730f2689941419a21983112074304a2651	6	45108097145749221	True	511	False
stimulus_videos	/pscratch/sd/s/sjmoon/EmoViS/data/raw/CowenEmotionVideos/0512.mp4	0512.mp4	109819	2026-05-08T05:07:31+00:00	d506b3c9008e5e840b9cc955fa1d99bceeffaa9b79f73eae0f4169828a5ce105	512	1.32	h264	500	280	16.666666666666668	22	0	False	True			b4f29712e01b20279b2db781f94a872eefc8084b4ba4f83db27bf11aaeeb4a84	22	30035830939670840	True	512	False
stimulus_videos	/pscratch/sd/s/sjmoon/EmoViS/data/raw/CowenEmotionVideos/0513.mp4	0513.mp4	475204	2026-05-08T05:07:31+00:00	f08570057d77a57c23d44f96d1ea2f8165bebbb2893c2be5d1bf0cadb422780d	513	6.3	h264	500	254	10.0	63	0	False	True			70672fcb33e508c9055f79b7b576f6c90e50951aac236646a5eb2fae254b521f	63	64607545709239516	True	513	False
stimulus_videos	/pscratch/sd/s/sjmoon/EmoViS/data/raw/CowenEmotionVideos/0514.mp4	0514.mp4	123415	2026-05-08T05:07:30+00:00	40abb2708f34fd649320c02a25a9468b2cf1370f57dd40b5dbf7d6ba4a8fad0b	514	3.0	h264	388	242	10.0	30	0	False	True			c524e1b92c511c09817ea2a607306d1f4ab5349df6c128fcd8a3c2dcd48f4cec	30	10727805965142645	True	514	False
stimulus_videos	/pscratch/sd/s/sjmoon/EmoViS/data/raw/CowenEmotionVideos/0515.mp4	0515.mp4	25966	2026-05-08T05:07:30+00:00	b72389a21771c2ecb8f42e27e1a8089878e7e86fa7cb29452540048457e524e5	515	1.14	h264	500	280	16.666666666666668	19	0	False	True			4bbe614d5e1b507dfd462d1d0a0b3a47d13d2eefde2881f46d839fd55f8b4826	19	42982636664768399	True	515	False
stimulus_videos	/pscratch/sd/s/sjmoon/EmoViS/data/raw/CowenEmotionVideos/0516.mp4	0516.mp4	607835	2026-05-08T05:07:29+00:00	82684f32dea3a5978c011573501f3565d4c9d824d4bab6f8d4de9f0f9a6839fa	516	0.88	h264	500	500	25.0	22	0	False	True			8017ef55df34a1c69f21a1851b40ccf18ee0fa749fe2b8bb9dc077cf384a6996	22	2970032483783559	True	516	False
stimulus_videos	/pscratch/sd/s/sjmoon/EmoViS/data/raw/CowenEmotionVideos/0517.mp4	0517.mp4	738185	2026-05-08T05:07:29+00:00	38245599fb1bdc6f442a88066bc1f860d23b6d67cc6a20c5b2590751a4df2d6a	517	3.78	h264	480	270	16.666666666666668	63	0	False	True			f29f34c554321c7dd23864d40b547323085f57a0b942fda6bf1250c60a08040a	63	44858671886353391	True	517	False
stimulus_videos	/pscratch/sd/s/sjmoon/EmoViS/data/raw/CowenEmotionVideos/0518.mp4	0518.mp4	212389	2026-05-08T05:07:23+00:00	fc33303041f93cc2bb3026bf181f2afcfc132b112daac9b42ce54741b6746574	518	7.5	h264	358	208	10.0	75	0	False	True			73f81a1207620680b31ec6ac1eb23dceece00a1aeec615164000dac220786482	75	50728955689270707	True	518	False
stimulus_videos	/pscratch/sd/s/sjmoon/EmoViS/data/raw/CowenEmotionVideos/0519.mp4	0519.mp4	132139	2026-05-08T05:07:23+00:00	c3a43af332a55af8aff6dbe45d5ff6f2c033af7736489d92efd03cd4fcf7a10b	519	2.55	h264	640	360	20.0	51	0	False	True			85f2072266148410007506074dd0c7d0e55ec321bcdbde5492ca231795bd692f	51	1719878597788551	True	519	False
stimulus_videos	/pscratch/sd/s/sjmoon/EmoViS/data/raw/CowenEmotionVideos/0520.mp4	0520.mp4	175887	2026-05-08T05:07:23+00:00	5ad39bb1f2bfb8a871af114eab221fc5dbd65bef9ddf56dde963389659210bac	520	2.0	h264	620	482	10.0	20	0	False	True			eba5ef6112dbde5489531c1493c4ee5f882f63503ce44ebbedfb0dcc5f595b46	20	68613404165421684	True	520	False
stimulus_videos	/pscratch/sd/s/sjmoon/EmoViS/data/raw/CowenEmotionVideos/0521.mp4	0521.mp4	189048	2026-05-08T05:07:23+00:00	d4aa01ca77bee4b0011f8b81d24bc8ec3aaa8f0f3964d52d51bbe04669280ff0	521	4.8	h264	320	234	8.333333333333334	40	0	False	True			f883656798657e9f41ec7175f57a6d9c6e051392ea49b4e70c4ac024e386ff7d	40	8510462403727807	True	521	False
stimulus_videos	/pscratch/sd/s/sjmoon/EmoViS/data/raw/CowenEmotionVideos/0522.mp4	0522.mp4	1140282	2026-05-08T05:07:22+00:00	8f8b9cffbcdc99f850cba5aa75e68e42886bb07cccf82038c0282daf5af29313	522	5.967	h264	720	404	30.0	179	0	False	True			fcd0896049a71b1e3b2d541b3a58cf7962ed9c4079a702e809aea1a3c8a54127	179	2890300990655641	True	522	False
stimulus_videos	/pscratch/sd/s/sjmoon/EmoViS/data/raw/CowenEmotionVideos/0523.mp4	0523.mp4	470680	2026-05-08T05:07:22+00:00	921256027d0ad70ebf3fe8327a7b97d4255dd037597b0a23229b23f93c8da63b	523	4.02	h264	500	558	50.0	201	0	False	True			327fc4161b762bebc901f31019763c407b7cda6a208a37f0b36b32b0486a2f51	201	7943361114867215	True	523	False
stimulus_videos	/pscratch/sd/s/sjmoon/EmoViS/data/raw/CowenEmotionVideos/0524.mp4	0524.mp4	1558330	2026-05-08T05:07:23+00:00	eaebe8aa687504cc26140e1a1088e7d1d65c1e492ff1c83e1679c7d047fbb0f1	524	10.08	h264	640	360	25.0	252	0	False	True			cb175e0232d4c3dd6916ab731fba3c2c204c71f90d79382932634eaab791948c	252	44362563393275551	True	524	False
stimulus_videos	/pscratch/sd/s/sjmoon/EmoViS/data/raw/CowenEmotionVideos/0525.mp4	0525.mp4	254141	2026-05-08T05:07:23+00:00	971ea04fb19d915df832080df8598be1f8535fa8ff41a5797d8dc628c2fc3339	525	2.4	h264	980	490	10.0	24	0	False	True			74c650a773d06188eae9b4be596501439262e9f16f2cced8e930f33ccae8726c	24	9995686180961402	True	525	False
stimulus_videos	/pscratch/sd/s/sjmoon/EmoViS/data/raw/CowenEmotionVideos/0526.mp4	0526.mp4	379559	2026-05-08T05:07:24+00:00	98860fd0393d7ab71feac27d0a27889599a3f07733da4819dd62619ccc32699f	526	15.52	h264	320	218	12.5	194	0	False	True			f1ebae3c42e519da00d19d3b9a61591f87b3d59a29ee1109aa6b590b22a1562d	194	57287916026515359	True	526	False
stimulus_videos	/pscratch/sd/s/sjmoon/EmoViS/data/raw/CowenEmotionVideos/0527.mp4	0527.mp4	66479	2026-05-08T05:07:24+00:00	a8803163dcac3c68828a7ed4f39333cd9bcc2b73f6d6312d6a8138a1020c4dde	527	1.7	h264	400	224	10.0	17	0	False	True			77414b13c549b57be3cc031cc1baf81ddd859e6e11ce2a715cfcadbb6c3ff170	17	1733739352852871	True	527	False
stimulus_videos	/pscratch/sd/s/sjmoon/EmoViS/data/raw/CowenEmotionVideos/0528.mp4	0528.mp4	210948	2026-05-08T05:07:30+00:00	dd1d389990b63448bf15011d52094751606662f31173f71a15b6daaa7c13c902	528	3.067	h264	480	270	15.0	46	0	False	True			21a57e64cac2058de96dffe142a904f7c48d8d1040b36b2fabb34ff788d2aeb9	46	14552607782789478	True	528	False
stimulus_videos	/pscratch/sd/s/sjmoon/EmoViS/data/raw/CowenEmotionVideos/0529.mp4	0529.mp4	389266	2026-05-08T05:07:30+00:00	6af01efa7aa79002c5a9fe2ad209c8b99caabb1eed091a323775db3837b8f316	529	1.7	h264	640	360	10.0	17	0	False	True			a2c918fd1d2e949251f8bcdc7b3b59f37a6267bcda64f7a97fa4ea1f20b24365	17	10955846602257383	True	529	False
stimulus_videos	/pscratch/sd/s/sjmoon/EmoViS/data/raw/CowenEmotionVideos/0530.mp4	0530.mp4	116405	2026-05-08T05:07:23+00:00	4612c54881e72feeb44c0e2f3c20dc80e7badc638ad5fe887e398d3c7ed4d3af	530	0.96	h264	960	480	25.0	24	0	False	True			bded06ce670bad11417aea21531992b8b59d34189adf0f664d824bf0d203258c	24	3397615369840586	True	530	False
stimulus_videos	/pscratch/sd/s/sjmoon/EmoViS/data/raw/CowenEmotionVideos/0531.mp4	0531.mp4	298334	2026-05-08T05:07:23+00:00	82c42c13e618107a2d3ba6f46c8af035c1e69e07bb1cff096df82fb933f9e669	531	4.42	h264	636	288	100.0	442	0	False	True			178b9b056037a3ea7637cc167487d962f7187b9f9917d8acf1b6cd83379e7cf9	442	15314353191618316	True	531	False
stimulus_videos	/pscratch/sd/s/sjmoon/EmoViS/data/raw/CowenEmotionVideos/0532.mp4	0532.mp4	145595	2026-05-08T05:07:24+00:00	16fd563551d6218918265eb57f1c06779d6b0fc6dd727320b51db3c862968bf6	532	5.65	h264	666	366	20.0	113	0	False	True			679ca6a91c8c09ff15d965f53166e73f48bb66403e97d97744a5e930f5c27efd	113	7943116575327151	True	532	False
stimulus_videos	/pscratch/sd/s/sjmoon/EmoViS/data/raw/CowenEmotionVideos/0533.mp4	0533.mp4	243723	2026-05-08T05:07:24+00:00	cb252bc29b6b034eeade0cb16d370b7643e2ace3cd0223263cf6e62cb5668c7f	533	1.8	h264	384	384	33.333333333333336	60	0	False	True			1e2c9d608fb743d0bc667472cad98c860d47d3c33f26059d69fc32534a0b92e7	60	38152033918977839	True	533	False
stimulus_videos	/pscratch/sd/s/sjmoon/EmoViS/data/raw/CowenEmotionVideos/0534.mp4	0534.mp4	843872	2026-05-08T05:07:23+00:00	9c2581925b447b7bd9e3a0765f97b01502d8850c128750fca3347ebdeec05f4b	534	12.3	h264	300	162	10.0	123	0	False	True			9b1f0ef2ddce797bdabce4791c8701322b0ed5433e8bb0d3f3ebb08f51c64326	123	8580272556068751	True	534	False
stimulus_videos	/pscratch/sd/s/sjmoon/EmoViS/data/raw/CowenEmotionVideos/0535.mp4	0535.mp4	136761	2026-05-08T05:07:23+00:00	50485d68b6989337bf7f43e0b7ea4b97675fa44acc724a2cebdc99a9162e2a58	535	0.54	h264	498	476	16.666666666666668	9	0	False	True			e6bf9c82c2eac7a89956fa902706953c6320c54990c6724b78b78952e50f6c80	9	39714569941272463	True	535	False
stimulus_videos	/pscratch/sd/s/sjmoon/EmoViS/data/raw/CowenEmotionVideos/0536.mp4	0536.mp4	281401	2026-05-08T05:07:22+00:00	a5b1d9ccb98816bd7409123605693622ccf2a5813471d7b4a8fec1e29ced5061	536	3.36	h264	346	240	12.5	42	0	False	True			3ae88b39e4fe915187128df40042f48d8f1d7adf2ea5dcdf6a5f2e30434b14b3	42	33431732152407983	True	536	False
stimulus_videos	/pscratch/sd/s/sjmoon/EmoViS/data/raw/CowenEmotionVideos/0537.mp4	0537.mp4	118068	2026-05-08T05:07:22+00:00	448b8334c3737d28805b373ab6f937bcf0063abdb961f80a2d0bd4ddb9c3e4d4	537	4.7	h264	700	700	10.0	47	0	False	True			5777b20100838700c9d5eb7f59dfa024e368de29180b37e3648bb1e044f23d26	47	57731044114277244	True	537	False
stimulus_videos	/pscratch/sd/s/sjmoon/EmoViS/data/raw/CowenEmotionVideos/0538.mp4	0538.mp4	1386613	2026-05-08T05:07:30+00:00	9933c79bfe8ea5039676da9bcd858ca6fd4b6d72d3812a486bce7735b0a820db	538	22.2	h264	420	200	10.0	222	0	False	True			b2c5b9267e7d58e728a406b1ea78b68322999a717c79329d3e0eef92ac1a7ef2	222	18723644109246657	True	538	False
stimulus_videos	/pscratch/sd/s/sjmoon/EmoViS/data/raw/CowenEmotionVideos/0539.mp4	0539.mp4	57025	2026-05-08T05:07:30+00:00	0fcf796336afa7aef18aa60c79b2a2411d946cc3c224abef4bd2b33e67dccdd6	539	1.14	h264	500	274	16.666666666666668	19	0	False	True			2408b4685ff05a92deefc56bc8225b15b224e433c09f3fdb415d45a254ab9c75	19	52700092323943153	True	539	False
stimulus_videos	/pscratch/sd/s/sjmoon/EmoViS/data/raw/CowenEmotionVideos/0540.mp4	0540.mp4	1009888	2026-05-08T05:07:24+00:00	f5b21bfdfb9a48109f8f527d36de1f6166c5161c27bcead349a1364b9b57e321	540	5.867	h264	480	458	15.0	88	0	False	True			4539e4248e57a47e001173be6df1558632b7a4beaa5b95c563f6703eef23157a	88	12961287393100679	True	540	False
stimulus_videos	/pscratch/sd/s/sjmoon/EmoViS/data/raw/CowenEmotionVideos/0541.mp4	0541.mp4	387402	2026-05-08T05:07:25+00:00	077da4d609db2373be9875e6aa89c0192fe34fb383181e65e8167ee0f4c9869b	541	3.0	h264	400	400	25.0	75	0	False	True			06d3a82b408dd50064444371c125a641e13d564bc7bc3e5ac13e8fc9f91baa07	75	29211296857141846	True	541	False
stimulus_videos	/pscratch/sd/s/sjmoon/EmoViS/data/raw/CowenEmotionVideos/0542.mp4	0542.mp4	59846	2026-05-08T05:07:25+00:00	3b71a6649d161fe662d1d1ad616d3b9387cc2208c0d31adeef05c4809d105448	542	0.6	h264	500	374	10.0	6	0	False	True			a064b19a35b11342ac96d0174e0c308f417006d3a0fb499eeecab991dea5cf0e	6	16919402795421130	True	542	False
stimulus_videos	/pscratch/sd/s/sjmoon/EmoViS/data/raw/CowenEmotionVideos/0543.mp4	0543.mp4	1119489	2026-05-08T05:07:25+00:00	bc0c11b3f7380727d1ec32ab9998d2da03cd51e31bb7b9b9a65341757a76e89c	543	8.08	h264	640	368	25.0	202	0	False	True			c22138272c9f6e3957353c3b4b941c913e97bf5d41ce3a58f06886b2508d8dc1	202	72057592066933253	True	543	False
stimulus_videos	/pscratch/sd/s/sjmoon/EmoViS/data/raw/CowenEmotionVideos/0544.mp4	0544.mp4	253284	2026-05-08T05:07:26+00:00	eca877d541700da5acedbcfad9875e32e483a29132e8ba09aed670bea56bc454	544	2.4	h264	558	288	10.0	24	0	False	True			8a59a978fe9bf82f9a40a4759ac0a9cf4da1d5f7f800e8ef7147c34490d8cbd1	24	19814040641833919	True	544	False
stimulus_videos	/pscratch/sd/s/sjmoon/EmoViS/data/raw/CowenEmotionVideos/0545.mp4	0545.mp4	170712	2026-05-08T05:07:26+00:00	1129f6ebc3599311f2de083184b174fec5fcc1c99e7958062426e085baaf60fd	545	1.32	h264	500	274	8.333333333333334	11	0	False	True			e27b877e85238c3906ca0199e7bf1ffe64aba886958991e2428ac3b679871582	11	18172936508691381	True	545	False
stimulus_videos	/pscratch/sd/s/sjmoon/EmoViS/data/raw/CowenEmotionVideos/0546.mp4	0546.mp4	698870	2026-05-08T05:07:26+00:00	c656556ea121e5faaca1eeb7551929baa48ef7a3600244bdaf920c3aea179b1c	546	3.6	h264	568	318	16.666666666666668	60	0	False	True			995cbc0ad7d82656d7874b931c2867ba2232fbb870bfb023510f72646832f048	60	58331810331315865	True	546	False
stimulus_videos	/pscratch/sd/s/sjmoon/EmoViS/data/raw/CowenEmotionVideos/0547.mp4	0547.mp4	280057	2026-05-08T05:07:26+00:00	cea46593af718172d1a37898052b3e159d99bce2ac5d8924e2d11bb9aa3cdfac	547	2.7	h264	500	482	6.666666666666667	18	0	False	True			2da10ecf684528443573028011963b89fea9f8f8721e41b4597c269daa2c75f8	18	4043091716283027	True	547	False
stimulus_videos	/pscratch/sd/s/sjmoon/EmoViS/data/raw/CowenEmotionVideos/0548.mp4	0548.mp4	398072	2026-05-08T05:07:27+00:00	536f7dda8b3d58f885ea08b06474838821407889e6e9c3440aa7a0544b983770	548	4.0	h264	500	314	10.0	40	0	False	True			4365a48ad85e6bc5a353b6a9ab2c1bb9a12d22acd8e79bae79e62371fea95a8e	40	54574824908479635	True	548	False
stimulus_videos	/pscratch/sd/s/sjmoon/EmoViS/data/raw/CowenEmotionVideos/0549.mp4	0549.mp4	913040	2026-05-08T05:07:27+00:00	2dac9d1503466059142221bc966be8e2739f5eaff2bdaa0f208f06c67084f17e	549	14.72	h264	426	240	25.0	368	0	False	True			9a34798500e526b41830f40c15890b6850c0a4e398c455da7749a0d06b2ac396	368	63972952207903187	True	549	False
stimulus_videos	/pscratch/sd/s/sjmoon/EmoViS/data/raw/CowenEmotionVideos/0550.mp4	0550.mp4	3149083	2026-05-08T05:07:26+00:00	0902efd49a0bc67b420e9af86e3f5748b052966f02cf34ec1c6e5b39d26df1d0	550	14.64	h264	718	404	25.0	366	0	False	True			bac0f8fb752c2f90aa86126281179cd4cbe6b12d839ad122afd7ba753d8bdce5	366	8510670750731155	True	550	False
stimulus_videos	/pscratch/sd/s/sjmoon/EmoViS/data/raw/CowenEmotionVideos/0551.mp4	0551.mp4	390503	2026-05-08T05:07:26+00:00	d9c251e3f9b4fc774590d52a26d5b57546b1cc7155a207c83098fcd956896dda	551	2.1	h264	460	340	16.666666666666668	35	0	False	True			2a6e3ba8260dc1442401006b1d114ec0a93a0869828e5d881ae01203033ad5ec	35	58156714254224263	True	551	False
stimulus_videos	/pscratch/sd/s/sjmoon/EmoViS/data/raw/CowenEmotionVideos/0552.mp4	0552.mp4	89482	2026-05-08T05:07:26+00:00	65e30ce06e7f2547bd590e1d2d3869376d909960ac16d873f8fa0add6d8c651b	552	3.08	h264	400	224	14.285714285714286	44	0	False	True			cabe337d25f0c5a6257e3ac252c4414bf83a468acc2675e21acaeff6c5a64b59	44	6303369216285873	True	552	False
stimulus_videos	/pscratch/sd/s/sjmoon/EmoViS/data/raw/CowenEmotionVideos/0553.mp4	0553.mp4	104923	2026-05-08T05:07:26+00:00	94d2dabd295a2ad11f4e3e4b96c739d39fcf7fc85665956858db3882d8e460a1	553	1.4	h264	640	360	25.0	35	0	False	True			a2f5a1c99e53459d6f7ba5d09a2b5731c8728864e48242a75141620c2d4e06a7	35	3972232462720415	True	553	False
stimulus_videos	/pscratch/sd/s/sjmoon/EmoViS/data/raw/CowenEmotionVideos/0554.mp4	0554.mp4	60684	2026-05-08T05:07:24+00:00	0662222c4df30309080f41a0789204d2bc333def298d55531530cfba6114a1bd	554	1.32	h264	386	264	25.0	33	0	False	True			1c4dcabf3c873faf624faf2b4d29547eefec35a7262d754ce7500f82717ab40e	33	2251805646504391	True	554	False
stimulus_videos	/pscratch/sd/s/sjmoon/EmoViS/data/raw/CowenEmotionVideos/0555.mp4	0555.mp4	195526	2026-05-08T05:07:24+00:00	4bdf44e2a2e881168c54062f85a1a122502369442861b91cf56c3ee2b55430d0	555	1.08	h264	500	500	33.333333333333336	36	0	False	True			3b729f09f0f62cd25620a6c1921458fc5750c21c88986868678d1de0fac490ad	36	161011645780480	True	555	False
stimulus_videos	/pscratch/sd/s/sjmoon/EmoViS/data/raw/CowenEmotionVideos/0556.mp4	0556.mp4	145353	2026-05-08T05:07:25+00:00	6e0d4f1025d56796ad587ffa20d33ff000680e158c127c80d3ea7aa315c800fd	556	0.945	h264	500	278	28.583333333333332	27	0	False	True			d7810fa59e70e4f26c144c4f8ed3a2ad614b03fd3992af2ceaa0631cff413989	27	40035901675454913	True	556	False
stimulus_videos	/pscratch/sd/s/sjmoon/EmoViS/data/raw/CowenEmotionVideos/0557.mp4	0557.mp4	171085	2026-05-08T05:07:25+00:00	0bc16b476e38b96f244c4755ed75a4050827aa22309839df91e6a4b4df510791	557	1.4	h264	820	460	25.0	35	0	False	True			cc590d72b2f9b10619d65fd76ea46e117cbbbb4a173b63db83bfb7c7d1244cf6	35	975041454343943	True	557	False
stimulus_videos	/pscratch/sd/s/sjmoon/EmoViS/data/raw/CowenEmotionVideos/0558.mp4	0558.mp4	967566	2026-05-08T05:07:29+00:00	68b609cda4bd1bc8bd8b43d432bac3a73105296b3d6944d293424a462cde7a2b	558	9.5	h264	580	298	10.0	95	0	False	True			4a3f19a2d82ca98f569b2b070706eeba7edb4681cc3e3f7ad9dc6f255ed5fb45	95	4503602062312334	True	558	False
stimulus_videos	/pscratch/sd/s/sjmoon/EmoViS/data/raw/CowenEmotionVideos/0559.mp4	0559.mp4	508570	2026-05-08T05:07:29+00:00	a50a88d303b731c16a3b43c60a97332862fcad3c838a9abb30ef96e5e61fa332	559	15.0	h264	200	360	33.333333333333336	500	0	False	True			b55442f41909ee8bd08cfe51e8222fb84ea0447c375da03fe794c1abdd84466f	500	26876206839332995	True	559	False
stimulus_videos	/pscratch/sd/s/sjmoon/EmoViS/data/raw/CowenEmotionVideos/0560.mp4	0560.mp4	156737	2026-05-08T05:07:27+00:00	525e8d4500f917a595840ccaea35c6fc0eaa00d3161e67805a82c9b3d99dd741	560	3.3	h264	250	206	9.090909090909092	30	0	False	True			107b1123ed1ac156759890ae3be62cdbc9da7476256bd2be9b59957456665fbf	30	53902423409819647	True	560	False
stimulus_videos	/pscratch/sd/s/sjmoon/EmoViS/data/raw/CowenEmotionVideos/0561.mp4	0561.mp4	1556261	2026-05-08T05:07:27+00:00	ebffdf8e5759c4c821946db8c4be50717c2f84087f1698d1496c2dff04be4051	561	3.36	h264	800	532	8.333333333333334	28	0	False	True			69d59ee87df1f0f79fa363591f6c4bcab5304bf63fdc063e7a51f3a1ebf345b7	28	65823623782516615	True	561	False
stimulus_videos	/pscratch/sd/s/sjmoon/EmoViS/data/raw/CowenEmotionVideos/0562.mp4	0562.mp4	174118	2026-05-08T05:07:27+00:00	a9e4e1b9c54c13b4560f8d5974151da9b05b76edda2a8a8d734e7d7c57e7c877	562	2.4	h264	320	240	10.0	24	0	False	True			b43d34ac4096277c1a7ca87f1c8710d17059d68455a0cf31289866f5c95ec1ac	24	7980568774705298	True	562	False
stimulus_videos	/pscratch/sd/s/sjmoon/EmoViS/data/raw/CowenEmotionVideos/0563.mp4	0563.mp4	738666	2026-05-08T05:07:28+00:00	5061dadde4e04ebb3ac7660580d82bdb8a939ccb0227d117d96414e3e1e887b1	563	7.07	h264	846	426	14.285714285714286	101	0	False	True			8cdb5ace670d6e6bfd77420c00b3000066f2c900dfa15c2508f8786875d2c456	101	3602040483411193	True	563	False
stimulus_videos	/pscratch/sd/s/sjmoon/EmoViS/data/raw/CowenEmotionVideos/0564.mp4	0564.mp4	405039	2026-05-08T05:07:29+00:00	12a1e5cf1967d26b2832d59a0dabc2211d765c628fdd1e6401399b3fddbc65b1	564	4.78	h264	400	238	50.0	239	0	False	True			2b3b6d811b362cca756f10c2977207b58155eec6041e07114d80671242a5b8dd	239	41533276886572157	True	564	False
stimulus_videos	/pscratch/sd/s/sjmoon/EmoViS/data/raw/CowenEmotionVideos/0565.mp4	0565.mp4	158148	2026-05-08T05:07:29+00:00	7c9bc8639dd0f767353846216e6c208ca3be338a7a11f4561a791847a8566d92	565	6.32	h264	274	270	12.5	79	0	False	True			6275e4333b964935e9007883ed9b43e0e3dae92d3f207fb64342168420c91e7b	79	7899066291773633	True	565	False
stimulus_videos	/pscratch/sd/s/sjmoon/EmoViS/data/raw/CowenEmotionVideos/0566.mp4	0566.mp4	184274	2026-05-08T05:07:28+00:00	7c62aea2704f8280a424e7ab59c94632ce6ba0d31c189793e16fdcebf3e606ad	566	5.067	h264	480	270	15.0	76	0	False	True			7ecce5d9637647253295edd617fae3a79a36819225e685c2ad93facec7035f89	76	67516558663924151	True	566	False
stimulus_videos	/pscratch/sd/s/sjmoon/EmoViS/data/raw/CowenEmotionVideos/0567.mp4	0567.mp4	257034	2026-05-08T05:07:28+00:00	7d809713e378218fb4cea7dd4befe93cff6da9a895365ee2861ce48bdc9e5235	567	2.4	h264	500	282	8.333333333333334	20	0	False	True			ba9f09af3d738d1132e540aa48286bc3a1846884f8b9cedbccddaedf750f1470	20	39127515411997421	True	567	False
stimulus_videos	/pscratch/sd/s/sjmoon/EmoViS/data/raw/CowenEmotionVideos/0568.mp4	0568.mp4	299871	2026-05-08T05:07:24+00:00	6ddcf68d1df5f7d520af3848092829c1a6b545281b62c1abe6d129f6d2961248	568	8.8	h264	406	336	10.0	88	0	False	True			87c09a8d0d72374bfc584a73b1aade27287dcd9fa1998465e436d456b9a2fff9	88	61312700525584384	True	568	False
stimulus_videos	/pscratch/sd/s/sjmoon/EmoViS/data/raw/CowenEmotionVideos/0569.mp4	0569.mp4	146811	2026-05-08T05:07:24+00:00	2abcebc99a4195f024530fb3c831562c213e3b189e3f8b0952040984ffa3f557	569	5.3	h264	500	280	10.0	53	0	False	True			8b2a95fd68e796981b66ca245c0098ad21284a866f5bc488862a8325e7376773	53	7947754869589838	True	569	False
stimulus_videos	/pscratch/sd/s/sjmoon/EmoViS/data/raw/CowenEmotionVideos/0570.mp4	0570.mp4	681399	2026-05-08T05:07:29+00:00	ce5cc7bcf65e683d5e053640b27867a11894b12d28f16ea1b0bbd5d8919fb5d3	570	17.4	h264	350	194	10.0	174	0	False	True			ddb2030a73853145117ef4636c12b372b15db5e4aca3e91651a1de87886297e7	174	37793174189343502	True	570	False
stimulus_videos	/pscratch/sd/s/sjmoon/EmoViS/data/raw/CowenEmotionVideos/0571.mp4	0571.mp4	1225731	2026-05-08T05:07:29+00:00	39747cc0a9ed11cc6a3b5a6069ba82da761e82f15a995ec0086e84bf6df5d8d4	571	4.9	h264	580	326	10.0	49	0	False	True			8521a9a6ff497bbfe4823f91be6d6e0b9929c49a95cdeec45c12f64037e7567b	49	61750529627002929	True	571	False
stimulus_videos	/pscratch/sd/s/sjmoon/EmoViS/data/raw/CowenEmotionVideos/0572.mp4	0572.mp4	533172	2026-05-08T05:07:28+00:00	21d2a4325ea836d150c0412f35e7e420545d9d8d63bb98496205b93ebb5e15f4	572	3.78	h264	500	292	16.666666666666668	63	0	False	True			88c1a443d435234401918b53ea2105970d92c94b3ca4b51456b70e2de5bc5413	63	11018814221574991	True	572	False
stimulus_videos	/pscratch/sd/s/sjmoon/EmoViS/data/raw/CowenEmotionVideos/0573.mp4	0573.mp4	175428	2026-05-08T05:07:28+00:00	21a228ec2a7a4b5924aec459c10cef22e9163dbc50c86881ef06fd4d5017033f	573	3.36	h264	500	280	6.25	21	0	False	True			ef69d45454ec1a3a739c16683e39b9fed126d0b65eed771a9a21b34b64936dd1	21	45692039832443436	True	573	False
stimulus_videos	/pscratch/sd/s/sjmoon/EmoViS/data/raw/CowenEmotionVideos/0574.mp4	0574.mp4	389303	2026-05-08T05:07:27+00:00	71a9de2f15a91febf5c09bbc070aec5aaa2d1fe3c25277917ab486f7cb144f28	574	5.85	h264	350	236	11.11111111111111	65	0	False	True			c8ac92250e8e7f64a11845189646e960af89ed6cff13a75f158c3d2046f682ee	65	13634922491874844	True	574	False
stimulus_videos	/pscratch/sd/s/sjmoon/EmoViS/data/raw/CowenEmotionVideos/0575.mp4	0575.mp4	293313	2026-05-08T05:07:27+00:00	c4c5b48947a597dba175bd5e94800f6a91f8f2504e65e5cf91283f20e162d9e9	575	4.48	h264	418	234	12.5	56	0	False	True			e0211becf4921709f51cc63c062bcd9ace641781131021ebb2b01fea1d3523f5	56	51552030119321111	True	575	False
stimulus_videos	/pscratch/sd/s/sjmoon/EmoViS/data/raw/CowenEmotionVideos/0576.mp4	0576.mp4	776863	2026-05-08T05:07:27+00:00	1a9d90389c8381c782e8d41c5440f4dfb15e21b00f58f614cf00945333b9264b	576	15.08	h264	400	230	25.0	377	0	False	True			b66330e2eebb2a0afa770cc9caf5807a6b16d07faf1fa39e0973d676c436f2c9	377	72055793538547583	True	576	False
stimulus_videos	/pscratch/sd/s/sjmoon/EmoViS/data/raw/CowenEmotionVideos/0577.mp4	0577.mp4	129469	2026-05-08T05:07:28+00:00	8740a0ac6d7465b8a00bed34eea6eef7d6349ac8cb9e43ed59ff93b128527f09	577	4.56	h264	320	240	25.0	114	0	False	True			f6bcf119d26e38195630168801ce08033bdb249494a609eac08009bf79ff44d1	114	40851483227633727	True	577	False
stimulus_videos	/pscratch/sd/s/sjmoon/EmoViS/data/raw/CowenEmotionVideos/0578.mp4	0578.mp4	352614	2026-05-08T05:07:26+00:00	7cac809dd27daf872563e396cce52d6046aa75287e29fe6e9aab1810bd4a8e7b	578	4.14	h264	384	202	16.666666666666668	69	0	False	True			49576d862f4860f4fdfb80e8e0d5d8eee73a0057010c3adbce1a45d52e9358c7	69	4095779690978940	True	578	False
stimulus_videos	/pscratch/sd/s/sjmoon/EmoViS/data/raw/CowenEmotionVideos/0579.mp4	0579.mp4	686147	2026-05-08T05:07:26+00:00	88e6de4a8213e09b747337ced717186439ffabf9f6fdd69b69a6dd81698e470e	579	4.86	h264	388	260	11.11111111111111	54	0	False	True			19cda2f3e453212ac2ecb7cb30ad9cb430f14af8f5b212261cff51d9ba45d4ca	54	68050523474622009	True	579	False
stimulus_videos	/pscratch/sd/s/sjmoon/EmoViS/data/raw/CowenEmotionVideos/0580.mp4	0580.mp4	166525	2026-05-08T05:07:25+00:00	6c8f7e050ba78667d6665dc8968d5c00decc792baa8e0d4f9833026cc529daa7	580	1.2	h264	500	332	12.5	15	0	False	True			92ca864784bf0c49d607fa96b45d586c257f5362085a721d2d546878e7db92c7	15	10762777654300574	True	580	False
stimulus_videos	/pscratch/sd/s/sjmoon/EmoViS/data/raw/CowenEmotionVideos/0581.mp4	0581.mp4	416843	2026-05-08T05:07:25+00:00	dab0a929d640beb6f6cbea36395f7ea5a629f901790eb0a1f3ad4d7f9ab7698f	581	4.8	h264	460	192	50.0	240	0	False	True			57ef57d2b0074b052d1fbeb7846133649af524f1db6a11b33df544e7e4ba885c	240	27529276607709313	True	581	False
stimulus_videos	/pscratch/sd/s/sjmoon/EmoViS/data/raw/CowenEmotionVideos/0582.mp4	0582.mp4	3138359	2026-05-08T05:07:25+00:00	2937c0f3267c40a4ff843cef4e8bcceb4b51476367c6e42e5abd78f2f204c0e2	582	15.08	h264	720	404	25.0	377	0	False	True			6c35ce73d46a642ea018397cc7f558e028b40c96b0d86d825b331e520fa79cb3	377	12117552681903529	True	582	False
stimulus_videos	/pscratch/sd/s/sjmoon/EmoViS/data/raw/CowenEmotionVideos/0583.mp4	0583.mp4	462538	2026-05-08T05:07:24+00:00	6c7d294bd818f42535bab7b9c18a3d0899c1e3c80cd8cd2b65e5e5d141a6f622	583	8.6	h264	248	326	10.0	86	0	False	True			0fd2a3ec7f07a2b344dc99ab59c4d5336f9ba20821c4a2e771a8bc399552941b	86	7934560440998275	True	583	False
stimulus_videos	/pscratch/sd/s/sjmoon/EmoViS/data/raw/CowenEmotionVideos/0584.mp4	0584.mp4	64193	2026-05-08T05:07:26+00:00	509d1a98f712c3ce9bad0387fbf4f4dd2794962cd78c4c54061347c58dde0913	584	1.124	h264	500	282	22.25	25	0	False	True			c9c3989d3de4e901e952e737d17885e207122a601c1c344432f2053f6809cc75	25	53318465591121717	True	584	False
stimulus_videos	/pscratch/sd/s/sjmoon/EmoViS/data/raw/CowenEmotionVideos/0585.mp4	0585.mp4	708690	2026-05-08T05:07:26+00:00	b0a3cc6270ff0ae6f3a8c425c5f3602549846d4f8f87d2eb0b5bf57d95113262	585	5.61	h264	440	330	33.333333333333336	187	0	False	True			b6b6357b49cdefda7219aca9991c83e02907f03058f0e18376bf4302d0f813de	187	39278226731399015	True	585	False
stimulus_videos	/pscratch/sd/s/sjmoon/EmoViS/data/raw/CowenEmotionVideos/0586.mp4	0586.mp4	572675	2026-05-08T05:07:26+00:00	710c0f19f311cb5a691ea45471c5b382e6068969b80441c86caa73afcf6c6fec	586	6.16	h264	274	344	14.285714285714286	88	0	False	True			4e72c350c6f3bae83e83d9631da23a20c1f7d65b26065b621607e08de7532ca4	88	21312267570760643	True	586	False
stimulus_videos	/pscratch/sd/s/sjmoon/EmoViS/data/raw/CowenEmotionVideos/0587.mp4	0587.mp4	145421	2026-05-08T05:07:26+00:00	965f56e2f10fab07ecc30cf3abf492a05bdf600dcc5cc6479d24beb105ecf4ca	587	2.1	h264	500	500	16.666666666666668	35	0	False	True			05fa369d5f8a74af415ce355752590bf464c6b15d8497215451a573d2143ee33	35	9865460022811037	True	587	False
stimulus_videos	/pscratch/sd/s/sjmoon/EmoViS/data/raw/CowenEmotionVideos/0588.mp4	0588.mp4	245991	2026-05-08T05:07:28+00:00	679d2c2e78b77794141a954422262a33a7ef7e5db5b7722d4632ebe6a063ff5f	588	2.34	h264	480	276	11.11111111111111	26	0	False	True			d5c955ba66050c556e4c97bb5730fe207e92a5b9df7970acc46d33280762ffb6	26	4006862798390151	True	588	False
stimulus_videos	/pscratch/sd/s/sjmoon/EmoViS/data/raw/CowenEmotionVideos/0589.mp4	0589.mp4	132942	2026-05-08T05:07:27+00:00	afe50d00f7d809e2db91e53aa559da9c7a4cd03bcd6a10af14557ae9e45e45f7	589	0.595	h264	500	332	28.583333333333332	17	0	False	True			e464441728ed1c3b8bcf7362bace5c2f20b8e2a666b4c255b0f3ceba76e307b6	17	61677073481018197	True	589	False
stimulus_videos	/pscratch/sd/s/sjmoon/EmoViS/data/raw/CowenEmotionVideos/0590.mp4	0590.mp4	284752	2026-05-08T05:07:26+00:00	817a6479cc04a860a93ae004c7debf11190d5954e6193b2735add185844f0e2c	590	2.0	h264	1200	674	20.0	40	0	False	True			6db9457b86f48a851fd8b67131f4e24317f8f78969d9626bdbe25f55a1972634	40	72057594025014648	True	590	False
stimulus_videos	/pscratch/sd/s/sjmoon/EmoViS/data/raw/CowenEmotionVideos/0591.mp4	0591.mp4	978671	2026-05-08T05:07:26+00:00	8b88405afff64606a705a1b9185eb4c9be1be3fb2f8eeb94b03c118eb7e4b6dd	591	14.64	h264	250	200	8.333333333333334	122	0	False	True			1d40e30d2e12b9fbc449de26649a12e0f3e4fd0392d5796d5dbec8ad2480bce7	122	44818827504801969	True	591	False
stimulus_videos	/pscratch/sd/s/sjmoon/EmoViS/data/raw/CowenEmotionVideos/0592.mp4	0592.mp4	288832	2026-05-08T05:07:26+00:00	10b0b37f6dd38a89615f3e23a7cadb2110a9b6db644e86ec33d0da622bbd3c98	592	9.0	h264	250	230	10.0	90	0	False	True			d0808fa573d250c0c9e08807c191c5552dbd4576c2a2ec1ea2b1e3092ab9c559	90	19922667747948664	True	592	False
stimulus_videos	/pscratch/sd/s/sjmoon/EmoViS/data/raw/CowenEmotionVideos/0593.mp4	0593.mp4	4839989	2026-05-08T05:07:26+00:00	0ae3a599322ffbc8fabe9420f2b58d3249d54c101596d3b05aa52d7203bc2335	593	15.0	h264	720	404	25.0	375	0	False	True			5d042bec87022f61e84b5ea21820635b2de4d0b01fa400efdd1beec9268282c1	375	70076222138113209	True	593	False
stimulus_videos	/pscratch/sd/s/sjmoon/EmoViS/data/raw/CowenEmotionVideos/0594.mp4	0594.mp4	227811	2026-05-08T05:07:25+00:00	84c1bf5e0333cf52cf4b6ce008e1b0b672cdb39a70317038bb16c23639a1aacf	594	5.85	h264	442	248	7.6923076923076925	45	0	False	True			57a91164c285ae2f57ab0afc67c53f3decc3920df00b7632a64f70c371320af4	45	16383173451696079	True	594	False
stimulus_videos	/pscratch/sd/s/sjmoon/EmoViS/data/raw/CowenEmotionVideos/0595.mp4	0595.mp4	5531661	2026-05-08T05:07:25+00:00	90c3b32b4560a8bfb69273b84d876744640858f39335fee5e3bb5a674f269e3e	595	15.1	h264	1280	720	10.0	151	0	False	True			f3fcc2d56df9ed881283b177b47d3663d61fb801cdacf1f981d5995a2309bba3	151	2925571053338801	True	595	False
stimulus_videos	/pscratch/sd/s/sjmoon/EmoViS/data/raw/CowenEmotionVideos/0596.mp4	0596.mp4	157499	2026-05-08T05:07:25+00:00	42764abc89c785da1f3e1306e026eea2339746bd3f2b7527f1c59c77441ec27f	596	3.0	h264	640	360	10.0	30	0	False	True			6831e7afad417a9b7fa6ab287ff1ba273f79a9e11b0e0db66d837f785525acc6	30	21977194259712435	True	596	False
stimulus_videos	/pscratch/sd/s/sjmoon/EmoViS/data/raw/CowenEmotionVideos/0597.mp4	0597.mp4	4717495	2026-05-08T05:07:24+00:00	b3c8168fb4ac00a6a2bcaec7b8ab0dca351f580dedb2784bac2bef8b4a553141	597	11.067	h264	720	960	30.0	332	0	False	True			ddc9c3402112ec80d91d72af822ba14fac74a5fbaec6e826f273320a9480fd14	332	12041608918481123	True	597	False
stimulus_videos	/pscratch/sd/s/sjmoon/EmoViS/data/raw/CowenEmotionVideos/0598.mp4	0598.mp4	711846	2026-05-08T05:07:28+00:00	db682eabd4a0d566b614e1155b4b616e249e6e5d2586dfe820cdcfc0b7ffa66f	598	7.32	h264	452	270	16.666666666666668	122	0	False	True			5ac9dd5ffc4b1c4d976a10c4484d7e7994644d05837ab5ac5e48e76d55544356	122	39466203463168177	True	598	False
stimulus_videos	/pscratch/sd/s/sjmoon/EmoViS/data/raw/CowenEmotionVideos/0599.mp4	0599.mp4	1470939	2026-05-08T05:07:28+00:00	285988f968b2e5fba72d0a51b3f982a2a55ec2125beec2a1a1ec7585221f35c9	599	5.01	h264	720	438	33.333333333333336	167	0	False	True			1cfafcbf002e667212aef5dc8dd840e466a2f646cedf7f6b0f6d840e288e4a22	167	10148855401722999	True	599	False
stimulus_videos	/pscratch/sd/s/sjmoon/EmoViS/data/raw/CowenEmotionVideos/0600.mp4	0600.mp4	807628	2026-05-08T05:07:27+00:00	464430d7ac048ec2c54039217953e670e3eff525bdcccb5b227a55b5664b3a1a	600	6.63	h264	394	258	5.882352941176471	39	0	False	True			67b50196d53f7f6a0198cd658fa08a1c2cd916f2a7ccbbf62c84231eacd0d42b	39	7377222657568120	True	600	False
stimulus_videos	/pscratch/sd/s/sjmoon/EmoViS/data/raw/CowenEmotionVideos/0601.mp4	0601.mp4	143814	2026-05-08T05:07:28+00:00	dd2ae81e20b2f24c9dc4a97e08d38872a5ada9e0711c821a989d1a418201dab2	601	1.1	h264	500	696	10.0	11	0	False	True			2ca98b7a3648bc28cbec8d677c198ef59f13e4891a4b354eac6e15bd23b67042	11	2089435151714223	True	601	False
stimulus_videos	/pscratch/sd/s/sjmoon/EmoViS/data/raw/CowenEmotionVideos/0602.mp4	0602.mp4	446645	2026-05-08T05:07:27+00:00	5e4a191fe614c96538dd6c8a2da7c0b9789c827c1c566ce20d821fa94bb7d638	602	4.8	h264	348	330	10.0	48	0	False	True			ff491c211370f9bee87a357a257e86cd1568ce685477094ce19353e57bc3419c	48	17680007876736685	True	602	False
stimulus_videos	/pscratch/sd/s/sjmoon/EmoViS/data/raw/CowenEmotionVideos/0603.mp4	0603.mp4	1394982	2026-05-08T05:07:27+00:00	1c6e9942d0f30658cbcd2055204d3bc7ad1616feaffd3eb50d5b03cfc17a4bdc	603	15.12	h264	512	288	7.142857142857143	108	0	False	True			8c3d80fd00a660181b39b700b19a63f05a3dcc90f927496bb4fbffac011ac3bf	108	17588861502867302	True	603	False
stimulus_videos	/pscratch/sd/s/sjmoon/EmoViS/data/raw/CowenEmotionVideos/0604.mp4	0604.mp4	226202	2026-05-08T05:07:28+00:00	58e2838df01384bbf92efc394acaffed9a54b733df0d8af3dd7e594284f8d0a0	604	4.16	h264	504	284	6.25	26	0	False	True			77d392045e78a62ed27b256dd0063b25551f1a1f91f3ccc55ee99cdfb99c6c5f	26	66640864082812088	True	604	False
stimulus_videos	/pscratch/sd/s/sjmoon/EmoViS/data/raw/CowenEmotionVideos/0605.mp4	0605.mp4	144806	2026-05-08T05:07:28+00:00	80cefac26172f6d2e8db57fa519c3d9f99d98bb480a2fcbb408807c0c741dac4	605	3.92	h264	500	280	7.142857142857143	28	0	False	True			9bf48bc21ec5d5d3fb504d1c9d3c89c17e2438092111346e1631325f12276d41	28	3954223698532235	True	605	False
stimulus_videos	/pscratch/sd/s/sjmoon/EmoViS/data/raw/CowenEmotionVideos/0606.mp4	0606.mp4	323262	2026-05-08T05:07:28+00:00	e7528aa19ac656a4940f7d712df3a526b34b091721f155cda2894f8032852dc7	606	10.4	h264	242	220	20.0	208	0	False	True			9d4d49c42c1c69cb5801ab4fbeb67468d8d5ef98e514c7123452537b491ab46a	208	26947073453183411	True	606	False
stimulus_videos	/pscratch/sd/s/sjmoon/EmoViS/data/raw/CowenEmotionVideos/0607.mp4	0607.mp4	878444	2026-05-08T05:07:29+00:00	78da678bbc3490f0492ca540de754865bf4b268c7ce1a2664f9917d1b4db2c76	607	16.51	h264	424	234	7.6923076923076925	127	0	False	True			94925f4ad16d5df1e71d4f5c26f977c4ffe40129e9cc8cb8cd49d4a157216170	127	45089852940075136	True	607	False
stimulus_videos	/pscratch/sd/s/sjmoon/EmoViS/data/raw/CowenEmotionVideos/0608.mp4	0608.mp4	118354	2026-05-08T05:07:25+00:00	3072ae794cfd3d7a4c171f52b7c230e4315b30527ab5e8570bc2ec08d04b2821	608	2.4	h264	634	316	10.0	24	0	False	True			75af4fa6415c889819c67961df5862abc6a4fcb49057a75e1a4e28eca43b91bf	24	40266997981577844	True	608	False
stimulus_videos	/pscratch/sd/s/sjmoon/EmoViS/data/raw/CowenEmotionVideos/0609.mp4	0609.mp4	293171	2026-05-08T05:07:25+00:00	2b592b206f9a9830e89edecd3e14fa5d0d3329b62bd3936c9ee44790a2628d9b	609	6.48	h264	198	224	11.11111111111111	72	0	False	True			583ffac0addc9a11c40273adf8686c44a636c55ff386873222e873286b0b102d	72	55611254370707214	True	609	False
stimulus_videos	/pscratch/sd/s/sjmoon/EmoViS/data/raw/CowenEmotionVideos/0610.mp4	0610.mp4	249092	2026-05-08T05:07:28+00:00	9f968f30b10dc7cefe35e87ee188e581ecc6980dc808ee3813cb821ae6f69bbe	610	53.125	h264	348	492	23.416666666666668	1244	0	False	True			258d11446478009d749d98a51e4014aa05f5bfe779161614e6fb3cd25c7a2ffc	1244	61172044667365902	True	610	False
stimulus_videos	/pscratch/sd/s/sjmoon/EmoViS/data/raw/CowenEmotionVideos/0611.mp4	0611.mp4	464925	2026-05-08T05:07:28+00:00	8aef17a5d87e0d17be9060706f02464f1903705e9920883f54989de3a6f7cf26	611	10.067	h264	480	204	15.0	151	0	False	True			688aa0fcf21d07e1e764e5c6a85359076ee16cc22a1c307d37d34eaa6c561a3f	151	30071275571700179	True	611	False
stimulus_videos	/pscratch/sd/s/sjmoon/EmoViS/data/raw/CowenEmotionVideos/0612.mp4	0612.mp4	501230	2026-05-08T05:07:28+00:00	3fc599b2bf18b5c63d36b4f4942d84b4bbf0f4b489b235a016b13bb18611acfa	612	9.0	h264	400	226	25.0	225	0	False	True			2d771bd75d63002f18d6879e8917167b01f6588cab9c0f5c7627cf4685a0cdc3	225	8563931642517390	True	612	False
stimulus_videos	/pscratch/sd/s/sjmoon/EmoViS/data/raw/CowenEmotionVideos/0613.mp4	0613.mp4	13160296	2026-05-08T05:07:29+00:00	99c53cdf6a8e2f5927837a3cd4908ef690390ac1f7ade29084b7e2d949c79a5c	613	39.7	h264	462	462	10.0	397	0	False	True			878b1a92ff6c3caf68be3827378e16e2d379b38804827e776a74f0eba966fe40	397	34608262624055335	True	613	False
stimulus_videos	/pscratch/sd/s/sjmoon/EmoViS/data/raw/CowenEmotionVideos/0614.mp4	0614.mp4	645242	2026-05-08T05:07:27+00:00	57e56df880c7b14138861a70b1fd164ef338b98672c9e3d4aa2e31534ba9f80f	614	15.08	h264	240	426	25.0	377	0	False	True			419acf82200b3a4933060b2e2b555577e8450ff3bdd2b5d60c0514d50f920b35	377	67945160965570300	True	614	False
stimulus_videos	/pscratch/sd/s/sjmoon/EmoViS/data/raw/CowenEmotionVideos/0615.mp4	0615.mp4	373503	2026-05-08T05:07:28+00:00	7be81603b091b73428daebb1b39b9b16a9f0c45d8b563dd9c7599862f886d520	615	6.0	h264	412	300	12.5	75	0	False	True			22733f767a562b9c4b515e102f62fa54d7dddec02deeaca77457f82ce1aec911	75	58797378658570856	True	615	False
stimulus_videos	/pscratch/sd/s/sjmoon/EmoViS/data/raw/CowenEmotionVideos/0616.mp4	0616.mp4	643682	2026-05-08T05:07:27+00:00	daa9a0c24ab07397ba2bb98df1738ec57165c75e80fd7ba2387f8b5fc19b3ec9	616	10.5	h264	280	314	10.0	105	0	False	True			123b922f84686d0a5b869e84f578c52c32ffff3f47cdf84a2a0cdd7d4f39fd73	105	9786804166436678	True	616	False
stimulus_videos	/pscratch/sd/s/sjmoon/EmoViS/data/raw/CowenEmotionVideos/0617.mp4	0617.mp4	223798	2026-05-08T05:07:27+00:00	eb84d945ac74d7abd3cd37ab7038e384b09d5c8402dfee46187f5a3b406fa473	617	2.05	h264	570	320	20.0	41	0	False	True			1a5ae58a0b3f2a94591dbb17af04ace55c2d5a15b37d237d53a304e95cbbc02a	41	29233813536087678	True	617	False
stimulus_videos	/pscratch/sd/s/sjmoon/EmoViS/data/raw/CowenEmotionVideos/0618.mp4	0618.mp4	1031607	2026-05-08T05:07:25+00:00	822f5a17033964f638b3ab646d0596bbafb716bd24ae15b0445159f9983f4940	618	8.3	h264	370	242	10.0	83	0	False	True			9cd14c18fbfbd4797111e82838b2592ef4d4f8e23c3197a1928685f9f2b7a99f	83	26039937270067068	True	618	False
stimulus_videos	/pscratch/sd/s/sjmoon/EmoViS/data/raw/CowenEmotionVideos/0619.mp4	0619.mp4	2690032	2026-05-08T05:07:26+00:00	7ceab468553b2219f81a618af212b8ffe7f34fbe4ed4b527e881ab7d640b0360	619	15.12	h264	426	426	25.0	378	0	False	True			586016fd26c1362904cdc703c92d036a11cff34c50058abd38435289b02ab0f4	378	63209692068327536	True	619	False
stimulus_videos	/pscratch/sd/s/sjmoon/EmoViS/data/raw/CowenEmotionVideos/0620.mp4	0620.mp4	153884	2026-05-08T05:07:25+00:00	488ea4413691700caa63db5e3a60d2cbdbdaea54f55b05cfb244636eb0eae5bf	620	9.81	h264	250	278	11.11111111111111	109	0	False	True			e68cfef963ccf81ec6f7b1b729d819909bffd271bcba32424ca3998eeca03d3d	109	35182151404737470	True	620	False
stimulus_videos	/pscratch/sd/s/sjmoon/EmoViS/data/raw/CowenEmotionVideos/0621.mp4	0621.mp4	6047363	2026-05-08T05:07:25+00:00	f33eac2257e3db4bad9905f43804562c2282ca376808ef8c58448e90eeedac9a	621	14.967	h264	720	720	30.0	449	0	False	True			0e0e95c9d9248b48d216e2c19098b06dbc0ffa97f14a19cde1f07d1bc35f5e95	449	62412357624315384	True	621	False
stimulus_videos	/pscratch/sd/s/sjmoon/EmoViS/data/raw/CowenEmotionVideos/0622.mp4	0622.mp4	907602	2026-05-08T05:07:24+00:00	6c55c53950d454ae83f915906ded332d35f216c1a7405f88eb1f5fe6213b1d2f	622	5.92	h264	320	190	25.0	148	0	False	True			57d3ff054fedde399529c10f898a09a7c4886d826e6f93d88f3e8385f8ca2368	148	2420925274938521	True	622	False
stimulus_videos	/pscratch/sd/s/sjmoon/EmoViS/data/raw/CowenEmotionVideos/0623.mp4	0623.mp4	68161	2026-05-08T05:07:25+00:00	8a5e84a9d97a2eccc5872ba3ab5d525670886dcc9077bdfb89dcc47d19dba05a	623	2.45	h264	400	304	20.0	49	0	False	True			afa13321fc0287e4bf0f43849df0e2e7733182da7961b5bf7e9347111491dd2b	49	1082196484	True	623	False
stimulus_videos	/pscratch/sd/s/sjmoon/EmoViS/data/raw/CowenEmotionVideos/0624.mp4	0624.mp4	178552	2026-05-08T05:07:25+00:00	a80632a5f49aa77d674322af020bc66bc6aa7ec678a3aca8a9fbdb4c23ab3566	624	5.0	h264	364	222	10.0	50	0	False	True			bf4031a3ed1dd078f6a20762d5517ca13be6618767603f01fd127269dcbe725e	50	33460058413055772	True	624	False
stimulus_videos	/pscratch/sd/s/sjmoon/EmoViS/data/raw/CowenEmotionVideos/0625.mp4	0625.mp4	379693	2026-05-08T05:07:26+00:00	859055a862d7fed66794ad0d77c91f594d0120269b9681d969828258d66fb370	625	6.24	h264	280	280	12.5	78	0	False	True			71a94dac74be58fc5b9acafd2293278bdcce01bb750667bc9a442807e0f51f80	78	68050454211769200	True	625	False
stimulus_videos	/pscratch/sd/s/sjmoon/EmoViS/data/raw/CowenEmotionVideos/0626.mp4	0626.mp4	871904	2026-05-08T05:07:26+00:00	b86e3cfdbc8429449fa6096b19c3de79f3554ce218526ad01f630c5deeb311c4	626	11.08	h264	360	360	25.0	277	0	False	True			97a54cf01ea60f8e0e73bb7b0adc3e2b8744d6a40b162d842475852630a42651	277	67835590458526873	True	626	False
stimulus_videos	/pscratch/sd/s/sjmoon/EmoViS/data/raw/CowenEmotionVideos/0627.mp4	0627.mp4	124442	2026-05-08T05:07:26+00:00	aa22c673e8d05431601e7031b463be5134993cdd2dd39a1a3f2fbb7cc54d1d96	627	2.4	h264	450	360	10.0	24	0	False	True			308eb3dc9ab264fd6c9a0eca8175de5e719dbe2ac0815686b24ca5d32f1688cf	24	25346366303606344	True	627	False
stimulus_videos	/pscratch/sd/s/sjmoon/EmoViS/data/raw/CowenEmotionVideos/0628.mp4	0628.mp4	239021	2026-05-08T05:07:27+00:00	362e2434f48096b4504333309805beec31d0cdcdbfae3d20a8e1c606841b2e32	628	5.0	h264	346	216	10.0	50	0	False	True			822adfcd08ca9d75f3fbc31d59728d18059a63aa714232341bde54ae983c48fb	50	60182448430176435	True	628	False
stimulus_videos	/pscratch/sd/s/sjmoon/EmoViS/data/raw/CowenEmotionVideos/0629.mp4	0629.mp4	49902	2026-05-08T05:07:28+00:00	2a144115356378f2c980b8a62f2168c62a584d023be932b02fc85b7537301166	629	2.1	h264	500	350	16.666666666666668	35	0	False	True			a1bdc5e58f0165be90a8d6b71047a004d03f83ee3c88ec7e60dc7decc2d32a2e	35	27216367162855950	True	629	False
stimulus_videos	/pscratch/sd/s/sjmoon/EmoViS/data/raw/CowenEmotionVideos/0630.mp4	0630.mp4	310475	2026-05-08T05:07:26+00:00	a215d4dc58c4587e97cc98c0b5aad16a4b35baf4d719757f0dec8764987b4fb0	630	2.25	h264	500	250	6.666666666666667	15	0	False	True			fdfea608aa90f63572425cd74427ea301a11b6d5ae30e534fd724d526f346b65	15	15523243009222220	True	630	False
stimulus_videos	/pscratch/sd/s/sjmoon/EmoViS/data/raw/CowenEmotionVideos/0631.mp4	0631.mp4	635155	2026-05-08T05:07:26+00:00	6cad9434f63c7d07614d3012655813f3859951b2a16881f6401392486808cbdc	631	3.78	h264	640	360	33.333333333333336	126	0	False	True			3c51baf0392b660e7935b454c234adfebbec473a047204ea36f304dd516dc6cf	126	70071376063388859	True	631	False
stimulus_videos	/pscratch/sd/s/sjmoon/EmoViS/data/raw/CowenEmotionVideos/0632.mp4	0632.mp4	626486	2026-05-08T05:07:26+00:00	185608f34215b6cf06ccbd5a544e88ee018c261000997b58203ad8a9c9cf8a03	632	11.7	h264	294	230	10.0	117	0	False	True			cd106de58abd4b01f6c9f8e1d9b710b559ad60f20a2af1645ee8d8ad36a99e34	117	3439415906402570	True	632	False
stimulus_videos	/pscratch/sd/s/sjmoon/EmoViS/data/raw/CowenEmotionVideos/0633.mp4	0633.mp4	1074144	2026-05-08T05:07:26+00:00	97e6abe7de839d696cd3ce5db0edd4d076ac8a436cfbd94c57e6e43e4e991604	633	2.9	h264	500	330	10.0	29	0	False	True			730808005b7a0209755e82362a1d39c3488a5fb703d037f0a6d58739a391253e	29	15888628940512281	True	633	False
stimulus_videos	/pscratch/sd/s/sjmoon/EmoViS/data/raw/CowenEmotionVideos/0634.mp4	0634.mp4	9782520	2026-05-08T05:07:25+00:00	9719345193136b52e334d28317ca25fad475fa306d4a5abfb8f13db7904e3906	634	29.5	h264	640	360	30.0	885	0	False	True			8aa968266f98437338a5f4fdd58fc8933069736cd5b2dde54b075e969da69778	885	5106170958597144	True	634	False
stimulus_videos	/pscratch/sd/s/sjmoon/EmoViS/data/raw/CowenEmotionVideos/0635.mp4	0635.mp4	206948	2026-05-08T05:07:25+00:00	e414c5c663c1e1107c11445ab68f5a59c09ae4f7cb4abd3453f831ed9c79fccc	635	2.1	h264	500	280	10.0	21	0	False	True			a547e127e8633021aa042fcad8229bb5c28f998e8f2a7cba16f2b204fe22b895	21	6312058746490247	True	635	False
stimulus_videos	/pscratch/sd/s/sjmoon/EmoViS/data/raw/CowenEmotionVideos/0636.mp4	0636.mp4	1491639	2026-05-08T05:07:24+00:00	e81cd453b0456af55b148d4ac88e7d47cbf8c4286246964e32c29161e8b9d193	636	2.4	h264	1280	656	25.0	60	0	False	True			25d7ba87d1c48ca6de04d8c2d60b67aa2a7066b1d901f6553385a6de708c0935	60	44517511609418502	True	636	False
stimulus_videos	/pscratch/sd/s/sjmoon/EmoViS/data/raw/CowenEmotionVideos/0637.mp4	0637.mp4	120070	2026-05-08T05:07:25+00:00	b2a4691a2595fe8ce162a827e1308cc5b8b20080c9e1f9e3541cb8b0ed534cb6	637	2.17	h264	244	244	14.285714285714286	31	0	False	True			96ed43b379b141e4f6e3a862aad5a5ca92f63823b7beca7b5e35e7a710ba3060	31	39983107140605740	True	637	False
stimulus_videos	/pscratch/sd/s/sjmoon/EmoViS/data/raw/CowenEmotionVideos/0638.mp4	0638.mp4	130450	2026-05-08T05:07:28+00:00	ebdbe9e08fffda35c1aefeda45709bb4fb5c66fd6adf588ba2e251e8dcf9c399	638	3.0	h264	244	194	10.0	30	0	False	True			69bbd96362399e686b293b1ebc780ece9b1f7d36f820447d59434ccf08fa76dc	30	61414812290885446	True	638	False
stimulus_videos	/pscratch/sd/s/sjmoon/EmoViS/data/raw/CowenEmotionVideos/0639.mp4	0639.mp4	162309	2026-05-08T05:07:28+00:00	4ce322889c21e40357283a9d341ac178a894999d435e92136675902b527e94ce	639	2.4	h264	500	280	8.333333333333334	20	0	False	True			21a54b78addac5304508d10423f3fb3f3386e9c962f8de41ecc0e3ef7504461a	20	40452582761801563	True	639	False
stimulus_videos	/pscratch/sd/s/sjmoon/EmoViS/data/raw/CowenEmotionVideos/0640.mp4	0640.mp4	129312	2026-05-08T05:07:23+00:00	e4fdf6c3fe7567eff04034acb830f9dca92d8d337071c8e7a71abeb6c3409f7e	640	2.608	h264	500	274	29.916666666666668	78	0	False	True			026a411bddaeb2dcb602df6152fb6d8b68c809a79624bb8a3a5eb23a3cbedd50	78	5673861993614763	True	640	False
stimulus_videos	/pscratch/sd/s/sjmoon/EmoViS/data/raw/CowenEmotionVideos/0641.mp4	0641.mp4	89221	2026-05-08T05:07:22+00:00	f478100d6be5d2410b80732a1eae72511945482b3bda82dbdef4c909feca92c4	641	1.4	h264	400	246	10.0	14	0	False	True			62e93760ee4ba818c7a9264302316fb42aa1a5f6e4198bc3232aed2edb46e395	14	8652239394006858	True	641	False
stimulus_videos	/pscratch/sd/s/sjmoon/EmoViS/data/raw/CowenEmotionVideos/0642.mp4	0642.mp4	142135	2026-05-08T05:07:23+00:00	75f7f42fd9fb02282c30e02fb0ffad58d4532286f29197f6d244c4d655f4f440	642	5.2	h264	320	240	10.0	52	0	False	True			4d9b0952652b1ad2392d75ed3d2ba28183677eed9b7184c2212fa7e05558ef59	52	56006487745387576	True	642	False
stimulus_videos	/pscratch/sd/s/sjmoon/EmoViS/data/raw/CowenEmotionVideos/0643.mp4	0643.mp4	2047744	2026-05-08T05:07:23+00:00	6359491d9185f7332106a49d1cfec04bf65c7dc5a8b4931af705f4e20c44138a	643	14.96	h264	718	404	25.0	374	0	False	True			6931ac5e8dddbfe35a502ace181bc0342376c7076dddfc43d12472e92fdba9a5	374	3971541502189987	True	643	False
stimulus_videos	/pscratch/sd/s/sjmoon/EmoViS/data/raw/CowenEmotionVideos/0644.mp4	0644.mp4	193445	2026-05-08T05:07:24+00:00	b8f3eb7cf6ad5901d531108d9daf3258d147bdb47254dc6a09bf8ae0d6cb801c	644	2.88	h264	360	202	16.666666666666668	48	0	False	True			63b1db04a85c40f64ca0750ccb93fc6b1d892820559a71c8bc26d035ed104370	48	72036702506342899	True	644	False
stimulus_videos	/pscratch/sd/s/sjmoon/EmoViS/data/raw/CowenEmotionVideos/0645.mp4	0645.mp4	33875	2026-05-08T05:07:24+00:00	092ee460e40f4bb8ee9d01391e51819b8b721e7e1aafcf8d2e0bea2bfda5eace	645	1.64	h264	500	270	25.0	41	0	False	True			d7fb670674c4c5a8d3b1e5e06848af4aa8ceb46b30821e9c936953243e7801fd	41	71774469502070784	True	645	False
stimulus_videos	/pscratch/sd/s/sjmoon/EmoViS/data/raw/CowenEmotionVideos/0646.mp4	0646.mp4	208958	2026-05-08T05:07:24+00:00	ae2f23c8316cdda45dfedbd634ec49e1bb4a0067d5bad2dbb0984aa43b8161aa	646	5.43	h264	298	222	33.333333333333336	181	0	False	True			eddad4c8ec5b72237ace69570aab0f39b9c1528e7010be4d4d6e7219ff708d9c	181	49907474577714740	True	646	False
stimulus_videos	/pscratch/sd/s/sjmoon/EmoViS/data/raw/CowenEmotionVideos/0647.mp4	0647.mp4	52214	2026-05-08T05:07:23+00:00	c4ec480018950302e8e743b40fbe1101507dcad6dc169720ea2fa658e3b09a91	647	1.4	h264	500	270	10.0	14	0	False	True			8ef491c8813c84b7808c1b6c8a854b6737121fb3ec63ff5e31f64d4aff44fc6b	14	66984867385309943	True	647	False
stimulus_videos	/pscratch/sd/s/sjmoon/EmoViS/data/raw/CowenEmotionVideos/0648.mp4	0648.mp4	1134033	2026-05-08T05:07:29+00:00	0491956310ed390f1a453262b1270751a21781a526ede16ea93de22c8937eb49	648	4.2	h264	954	518	14.285714285714286	60	0	False	True			dba2e213f4bb70f718a77d8782f3d3751ea77b756255f484f46fc00d125705f2	60	59011908860266649	True	648	False
stimulus_videos	/pscratch/sd/s/sjmoon/EmoViS/data/raw/CowenEmotionVideos/0649.mp4	0649.mp4	419962	2026-05-08T05:07:29+00:00	182f9142607e6635557a8f8bdc2d6e74468cfdf289e0d6aa4bc05a57679a77e0	649	1.8	h264	448	378	100.0	41	0	False	True			6155c50c3ba2a5f17a186c2a142e112f09df9d2d38b130d328d766f97cf32632	181	68652283120483480	True	649	False
stimulus_videos	/pscratch/sd/s/sjmoon/EmoViS/data/raw/CowenEmotionVideos/0650.mp4	0650.mp4	143558	2026-05-08T05:07:24+00:00	04f4e3179f8d53e6b9a30eafde028012b8069128adb5857179e7a44c3878b254	650	2.28	h264	400	224	16.666666666666668	38	0	False	True			c5c56a12b6f1c37e0ba434c3ff31a70604183d6678eaa9992246e7f07fa0dc53	38	51596067915155407	True	650	False
stimulus_videos	/pscratch/sd/s/sjmoon/EmoViS/data/raw/CowenEmotionVideos/0651.mp4	0651.mp4	417321	2026-05-08T05:07:24+00:00	eb216660d063b726cb046353d683acd7280bf898787d506adbba39d3608edba4	651	10.1	h264	360	360	10.0	101	0	False	True			4f44c8df931118630f687e3efad41dab4348401eb37cf818ada4254cd3482f47	101	3119433272818	True	651	False
stimulus_videos	/pscratch/sd/s/sjmoon/EmoViS/data/raw/CowenEmotionVideos/0652.mp4	0652.mp4	983216	2026-05-08T05:07:24+00:00	7330d6807792752ab3692df2d2b6dcf35622a59de1a4fad65634f27e6b07d865	652	4.05	h264	500	280	20.0	81	0	False	True			2c747dc68a05a6f58eb16dfbb31bb6f3caac636a3087d2443f7e8d9f18717f75	81	65171125166203331	True	652	False
stimulus_videos	/pscratch/sd/s/sjmoon/EmoViS/data/raw/CowenEmotionVideos/0653.mp4	0653.mp4	210914	2026-05-08T05:07:23+00:00	d942581106c66ff51ce5b6139590009a3f84f2996b168914f37888751ed17168	653	3.68	h264	400	358	12.5	46	0	False	True			ec0e858086f23221c1b4791781ca3ee45d1e17deff8efcbd40f7e4b4486209bd	46	46755886775157412	True	653	False
stimulus_videos	/pscratch/sd/s/sjmoon/EmoViS/data/raw/CowenEmotionVideos/0654.mp4	0654.mp4	55555	2026-05-08T05:07:23+00:00	0f9037126544fa2d1f7ebb807f7fc0d99fe2a81cee7e40a5d56d7e6fa0ecb84a	654	2.2	h264	224	300	9.090909090909092	20	0	False	True			5770f3f879166d81063f7e93575381991cef2e9bcca9c90741507ac95a7bbc43	20	54473537352044302	True	654	False
stimulus_videos	/pscratch/sd/s/sjmoon/EmoViS/data/raw/CowenEmotionVideos/0655.mp4	0655.mp4	58038	2026-05-08T05:07:22+00:00	7a18fd138d1292540741660360d498a973ddfcd89dccfbfa817ef6ba62ef0530	655	4.3	h264	200	150	10.0	43	0	False	True			6cb63f763bb7a908004a50afe6ce1b18994e1b4f6ea0761af0160f2deb7af09f	43	2270017830011009	True	655	False
stimulus_videos	/pscratch/sd/s/sjmoon/EmoViS/data/raw/CowenEmotionVideos/0656.mp4	0656.mp4	1132454	2026-05-08T05:07:23+00:00	331cbb2311a6d810916a3ca7c9cb2813c7884c74824713c46cef182750dc7b48	656	2.52	h264	392	500	16.666666666666668	42	0	False	True			2a15a29ffae07bf0359b9ba92d563c8ab651e80c743318747533d10c7a5b35a4	42	59575072417507158	True	656	False
stimulus_videos	/pscratch/sd/s/sjmoon/EmoViS/data/raw/CowenEmotionVideos/0657.mp4	0657.mp4	4141078	2026-05-08T05:07:23+00:00	9acb5df21d21fc592cd71b56bb2cfe38eac59969046426d0c05296dcf85fa008	657	15.015	h264	720	404	23.976023976023978	360	0	False	True			829bd80a0d3606f13fd772b486bdccc02942ec6dc7f40526fa8d5da97a685492	360	3971545301369477	True	657	False
stimulus_videos	/pscratch/sd/s/sjmoon/EmoViS/data/raw/CowenEmotionVideos/0658.mp4	0658.mp4	145732	2026-05-08T05:07:31+00:00	8686ef324b354c44370ed869f5d1be6ecf6c27d14bbee36f76f2fcd82374e90e	658	5.28	h264	1152	474	25.0	132	0	False	True			d15c743729c5a898a3789f94a4046a1f6deb9f8b24d8821b38accd2f231b107d	132	72057594037332318	True	658	False
stimulus_videos	/pscratch/sd/s/sjmoon/EmoViS/data/raw/CowenEmotionVideos/0659.mp4	0659.mp4	251723	2026-05-08T05:07:31+00:00	c7e5c6b0041e2348076b86a83388ef1aad128718715b2036bfc9788dbebd7aa4	659	4.77	h264	360	262	11.11111111111111	53	0	False	True			fb611a3b6306b82f573899fd58d7be1b1604c05fd139c69f243cbc66f4be137b	53	30993137650549140	True	659	False
stimulus_videos	/pscratch/sd/s/sjmoon/EmoViS/data/raw/CowenEmotionVideos/0660.mp4	0660.mp4	5532981	2026-05-08T05:07:29+00:00	5a56f07c77cd7bd9111b893e500f7f60757fa94553cdb1269f10410374599783	660	15.08	h264	720	720	25.0	377	0	False	True			cd49403482af6498077ba949a779693c76f0f1fa7c66b111fb65134ac34f5a68	377	40305238226879936	True	660	False
stimulus_videos	/pscratch/sd/s/sjmoon/EmoViS/data/raw/CowenEmotionVideos/0661.mp4	0661.mp4	76734	2026-05-08T05:07:29+00:00	371f214729ae894abfbc2e4ad8cb305ef4ec7ce79b78b183d6a4e91c44bb5774	661	2.76	h264	500	280	16.666666666666668	46	0	False	True			ad33b988e2e4f9af9b8c0a3eb42a37a2d61d0bd965e787342b30d0ba6f2aac79	46	37760579777085841	True	661	False
stimulus_videos	/pscratch/sd/s/sjmoon/EmoViS/data/raw/CowenEmotionVideos/0662.mp4	0662.mp4	500855	2026-05-08T05:07:30+00:00	e52b3e2076d2edc9e05d4c3479956712f5ca6b2f22402189fb74e2187389a0d0	662	22.3	h264	310	174	10.0	223	0	False	True			297ea94c696651e460d3f31c0b7bd5ca3bbfdb9ba201c1030985dac85e2f97f9	223	3954097508206589	True	662	False
stimulus_videos	/pscratch/sd/s/sjmoon/EmoViS/data/raw/CowenEmotionVideos/0663.mp4	0663.mp4	280281	2026-05-08T05:07:30+00:00	6f001d3d7f2350e23d5d21854616502b789e57a99da95580cdda77c36b0bffec	663	2.66	h264	500	272	7.142857142857143	19	0	False	True			c8ad1d0ee050e9a3bf3328f0a18fdead96182bcd843a082172c79e87ad02b8a1	19	10159522109080487	True	663	False
stimulus_videos	/pscratch/sd/s/sjmoon/EmoViS/data/raw/CowenEmotionVideos/0664.mp4	0664.mp4	482429	2026-05-08T05:07:31+00:00	3688addca42ae24ef56be366d90bcde07a4e81d6bf12593bc0562deb635c7b34	664	11.08	h264	718	404	25.0	277	0	False	True			faee599f33a6d1b867309ba7a0a92e8d762ecac35cf083978f7da9ac5a426fbc	277	28014707766590111	True	664	False
stimulus_videos	/pscratch/sd/s/sjmoon/EmoViS/data/raw/CowenEmotionVideos/0665.mp4	0665.mp4	86761	2026-05-08T05:07:31+00:00	8090e3d939094acfedf52e005e0e7b92ddebdb381be360e9fef7b914cd4433a1	665	3.06	h264	224	166	11.11111111111111	34	0	False	True			6a315fc26add6925e23b8a16a1428e96f875996380436d4c85a73c4a88eb8609	34	17587892021002541	True	665	False
stimulus_videos	/pscratch/sd/s/sjmoon/EmoViS/data/raw/CowenEmotionVideos/0666.mp4	0666.mp4	417050	2026-05-08T05:07:30+00:00	14107d4087f49cacaf0b9ab3ee82483ad4996b3483e0cf4ae067c28555056350	666	8.25	h264	236	402	9.090909090909092	75	0	False	True			e4a4e0aa35db68f3184fc8c4cac490801ae13c3614ace15f4f8f29ead941796f	75	3527913801378941	True	666	False
stimulus_videos	/pscratch/sd/s/sjmoon/EmoViS/data/raw/CowenEmotionVideos/0667.mp4	0667.mp4	491933	2026-05-08T05:07:30+00:00	76a0a82e148339ec1115c4c307fb507eadf91f2c5303be7f55b179399a545b9f	667	6.6	h264	210	172	33.333333333333336	220	0	False	True			48c6a4b12cb168b15e4d2f2d1461c0edd2c425a5e4f3f57414af2883262b2b06	220	70353221218801720	True	667	False
stimulus_videos	/pscratch/sd/s/sjmoon/EmoViS/data/raw/CowenEmotionVideos/0668.mp4	0668.mp4	286897	2026-05-08T05:07:22+00:00	70eb9c2da8e7af1f6b8e2fd01e4d908795e1e9cfafc6c9b0e6074b581aad3107	668	7.8	h264	320	240	25.0	195	0	False	True			0142c26f636ab02453e0e5120bcc2a25f946d7ebabfe3ccc5e0d1882ed37caf5	195	5223834791756675	True	668	False
stimulus_videos	/pscratch/sd/s/sjmoon/EmoViS/data/raw/CowenEmotionVideos/0669.mp4	0669.mp4	187353	2026-05-08T05:07:22+00:00	25e3cd9bcaa2b5a3354af5a3c00db9fe183608dc94d72a3373120b8bc6690fb5	669	1.0	h264	640	360	25.0	25	0	False	True			122ac9f775fb39cebc9abe9a276e5569c3756eb37d1fbf972f0141dc412fb64b	25	8512678749389767	True	669	False
stimulus_videos	/pscratch/sd/s/sjmoon/EmoViS/data/raw/CowenEmotionVideos/0670.mp4	0670.mp4	6075930	2026-05-08T05:07:31+00:00	e5d6b02cc1860695b68c07513c0e5ea3d3e7672eda428cc998f04c158a017230	670	15.034	h264	720	404	30.0	451	0	False	True			e8b26031fd7315fb8fbbbace099d240f7befc117ac6d4aae3ecd8ef1990a80bf	451	3964840821456896	True	670	False
stimulus_videos	/pscratch/sd/s/sjmoon/EmoViS/data/raw/CowenEmotionVideos/0671.mp4	0671.mp4	192322	2026-05-08T05:07:31+00:00	d581240cc55f3748ad48d3b1135ebdfd57cc3f6c320b34e8df213826b6fa33ce	671	5.36	h264	500	270	25.0	134	0	False	True			3d151db8652e2e9ec8101b57058531b00fd2bda1630409ae551999659d423d0d	134	8510738413238592	True	671	False
stimulus_videos	/pscratch/sd/s/sjmoon/EmoViS/data/raw/CowenEmotionVideos/0672.mp4	0672.mp4	4815545	2026-05-08T05:07:30+00:00	5cf207114a13a9b0b5de089d41baea880a980c35490e29fa0fc856399c704133	672	15.08	h264	720	404	25.0	377	0	False	True			cf4e1f6d35206d22d8d8bacfd5cb80f79bf90ee0d7bd6d57ba35316e7e7657d9	377	16562699017976243	True	672	False
stimulus_videos	/pscratch/sd/s/sjmoon/EmoViS/data/raw/CowenEmotionVideos/0673.mp4	0673.mp4	149540	2026-05-08T05:07:30+00:00	61746728cf8a065ccac8317490f3d82ad534ffe7c15ffcbaba02a2fc37b0a009	673	1.24	h264	700	424	25.0	31	0	False	True			cae9358b7e7b6af153765894f207daeef9b29ba2e4d047eb084dc6ba22bded1c	31	29751002557631239	True	673	False
stimulus_videos	/pscratch/sd/s/sjmoon/EmoViS/data/raw/CowenEmotionVideos/0674.mp4	0674.mp4	939807	2026-05-08T05:07:29+00:00	aba4f203ddcd743c49db5f4d593232a4e831b7420c8dd52ab4f9400b36ab0f19	674	10.0	h264	270	360	30.0	300	0	False	True			6ee4a7fba12d0bd5f78e044b68084fc0e77fb7c22a7b94dc1c8a1aec8a32ef40	300	72057589170026358	True	674	False
stimulus_videos	/pscratch/sd/s/sjmoon/EmoViS/data/raw/CowenEmotionVideos/0675.mp4	0675.mp4	2027666	2026-05-08T05:07:29+00:00	e4fda8c1c753d2c4c2837a2778495396abb40455642ccf4f90860c5f4e44ba95	675	20.0	h264	320	240	20.0	400	0	False	True			94bb5f14880a9b9ef9829f923ad3f4006fe40d80de54eae4be3f39b833e38e7a	400	27722861085877429	True	675	False
stimulus_videos	/pscratch/sd/s/sjmoon/EmoViS/data/raw/CowenEmotionVideos/0676.mp4	0676.mp4	1727942	2026-05-08T05:07:30+00:00	2e445568e736a28d3c7a3f5002d45468acac8614996e94a77ea3de9f5f7b99f1	676	12.2	h264	640	640	25.0	305	0	False	True			179141d9899d36b83d79dbdff53b6a1c37718a1636b825529edf17b7f63c88e2	305	40694170935638112	True	676	False
stimulus_videos	/pscratch/sd/s/sjmoon/EmoViS/data/raw/CowenEmotionVideos/0677.mp4	0677.mp4	2475280	2026-05-08T05:07:30+00:00	eb4cde7e129c5ab659b726259044ffae9304998c1f3bf10dd6d2e94b17eeb98f	677	15.034	h264	368	640	30.0	451	0	False	True			e2e149a39c079bc4a232cd8d7a89a0ec6ed24863e49040d4dea6ee451bed7225	451	34335497166732379	True	677	False
stimulus_videos	/pscratch/sd/s/sjmoon/EmoViS/data/raw/CowenEmotionVideos/0678.mp4	0678.mp4	131064	2026-05-08T05:07:24+00:00	095c4e8e997e1949f4aa96be21ea53808d5a39630b69f65cdfa8b44100202946	678	3.0	h264	480	270	15.0	45	0	False	True			207ab9af3673109bf79bc63651d039be6e2de82aa14a5ba20970e6b89ef5b9e7	45	58240872804221720	True	678	False
stimulus_videos	/pscratch/sd/s/sjmoon/EmoViS/data/raw/CowenEmotionVideos/0679.mp4	0679.mp4	145713	2026-05-08T05:07:24+00:00	f868f691d0c6f5d26b5e6fea841708bd33e1a5a2ad05154ed49b25ffb892e100	679	8.46	h264	300	224	10.166666666666666	86	0	False	True			da271ea61a2c64df89457d5e069df2fbf94c41c8cfa80240569174f0a46e8123	86	23262495780845164	True	679	False
stimulus_videos	/pscratch/sd/s/sjmoon/EmoViS/data/raw/CowenEmotionVideos/0680.mp4	0680.mp4	2021440	2026-05-08T05:07:23+00:00	396f4789ca4590585047166176a845682fe6a113e5c1a4df80cefcf9c1807b64	680	19.08	h264	640	360	16.666666666666668	318	0	False	True			d32a52fd1b4d4b78c3d1de9489c0872a6797b52512f276f83193eedcb3b28eef	318	18335333617512496	True	680	False
stimulus_videos	/pscratch/sd/s/sjmoon/EmoViS/data/raw/CowenEmotionVideos/0681.mp4	0681.mp4	236280	2026-05-08T05:07:23+00:00	c9c71d2e50a88a39c85ac8ec50e279fe843521e01d935dbd47ff2d64f88be8cb	681	3.5	h264	300	224	10.0	35	0	False	True			42a8641553ea00a44dd93126ab21bbe9f888828fb4fa5bc5ba8742b63c759b4d	35	21436355774410123	True	681	False
stimulus_videos	/pscratch/sd/s/sjmoon/EmoViS/data/raw/CowenEmotionVideos/0682.mp4	0682.mp4	72492	2026-05-08T05:07:22+00:00	18c02c54b2f13bd6faba1454aefd96ee029ab62805f384770d973aea267d6c0f	682	2.04	h264	498	230	8.333333333333334	17	0	False	True			b1b1a5b89630cc6e3793d2ae186983cd88402225b87481aadb61c88f4fa6c828	17	19849595939047505	True	682	False
stimulus_videos	/pscratch/sd/s/sjmoon/EmoViS/data/raw/CowenEmotionVideos/0683.mp4	0683.mp4	146158	2026-05-08T05:07:23+00:00	1182c90cc074e7543e3d899b0f6cf187baceeb1fd461af4066e2132fb98b5089	683	3.36	h264	370	208	7.142857142857143	24	0	False	True			530563e9fbbe9cf73971f1ef7d44e077e3394501a48bd124169cebe903129e15	24	153507153194058	True	683	False
stimulus_videos	/pscratch/sd/s/sjmoon/EmoViS/data/raw/CowenEmotionVideos/0684.mp4	0684.mp4	2510997	2026-05-08T05:07:23+00:00	549dc7e2c9e3c09143c11fe7d9124b190d12c507f6b625ceae7e8a5d4030dff9	684	12.64	h264	540	302	12.5	158	0	False	True			d2650f41092c9c8ad0d84e62ea16e62d915c238b5d0a05f9911013da2f96da1e	158	62996763390762943	True	684	False
stimulus_videos	/pscratch/sd/s/sjmoon/EmoViS/data/raw/CowenEmotionVideos/0685.mp4	0685.mp4	355256	2026-05-08T05:07:24+00:00	40699bf62d5b577a3d8abb02563b53085f756e60708d6c9395e9f2d7ba5ee2f2	685	3.467	h264	480	270	15.0	52	0	False	True			fe94428df6ced64b388154d3c6fabbfb4853233a9add573e9a329ec89a7fc944	52	6294959531826419	True	685	False
stimulus_videos	/pscratch/sd/s/sjmoon/EmoViS/data/raw/CowenEmotionVideos/0686.mp4	0686.mp4	445469	2026-05-08T05:07:24+00:00	db1e32c150be336e3cbccc3690bc9fda5540094e517e399116007bf44b5efb9f	686	6.0	h264	480	360	15.0	90	0	False	True			19667d1c546a89ad730adb676783b67b92c7f7e3a6e3579106017ff735ef366a	90	42659219956123816	True	686	False
stimulus_videos	/pscratch/sd/s/sjmoon/EmoViS/data/raw/CowenEmotionVideos/0687.mp4	0687.mp4	477072	2026-05-08T05:07:24+00:00	00892087fe4b1870da265909b9087938d466bf9165e0a58ac76931f9a3eb5f06	687	5.48	h264	300	224	25.0	137	0	False	True			1764baa628de84dada3522bc1fc2abf62db3b1ff086ecc0dbee3b8134d371440	137	3954050240415373	True	687	False
stimulus_videos	/pscratch/sd/s/sjmoon/EmoViS/data/raw/CowenEmotionVideos/0688.mp4	0688.mp4	841980	2026-05-08T05:07:30+00:00	1153af32e9802de6e7451118e0f065476cfa672ff38913a772f67efd424bbd5a	688	12.4	h264	400	224	10.0	124	0	False	True			062ec162f17d75516458ca0b9e76e7ac117bd360fe17dd5e2f8766083bf7c133	124	67997679921036541	True	688	False
stimulus_videos	/pscratch/sd/s/sjmoon/EmoViS/data/raw/CowenEmotionVideos/0689.mp4	0689.mp4	502259	2026-05-08T05:07:30+00:00	3f324e3709ba5b6467c48325641072261fdd4007b59bd1d3fa92ea93dddc888c	689	6.3	h264	400	224	14.285714285714286	90	0	False	True			78f888cd351d5bb46c2fbfe8dc8f703fab4e10fffb7788e61745ba67a5b052ef	90	50420746253606911	True	689	False
stimulus_videos	/pscratch/sd/s/sjmoon/EmoViS/data/raw/CowenEmotionVideos/0690.mp4	0690.mp4	231572	2026-05-08T05:07:23+00:00	afb9463278cfa0eb2e9e48992682f8d0daa77e282f4bb81919dd42289d858bbc	690	2.4	h264	500	282	10.0	24	0	False	True			dd030a7fc2339c8076a23c5500c426fcd9b19eefac83df41c0efd3bfb52a5a1b	24	9113308653820952	True	690	False
stimulus_videos	/pscratch/sd/s/sjmoon/EmoViS/data/raw/CowenEmotionVideos/0691.mp4	0691.mp4	147905	2026-05-08T05:07:24+00:00	1a4b9ae4560e1c07f21078ce3d069683b32ae599203146779a93c629b514ea09	691	2.7	h264	320	180	10.0	27	0	False	True			7dc7fee5252b12628c65f12fc5861b598d1475f60d5d51a20b2b21cb6641b504	27	44457592888830558	True	691	False
stimulus_videos	/pscratch/sd/s/sjmoon/EmoViS/data/raw/CowenEmotionVideos/0692.mp4	0692.mp4	150032	2026-05-08T05:07:24+00:00	45a92e781638a658bafd0e49a85bf1b194a1afc55afac210a79bb6284093055e	692	2.2	h264	500	250	10.0	22	0	False	True			77ba375acd80347b0f45b6579dc03516127e48927ce5f65abb126f3fd1c21455	22	37518401519904260	True	692	False
stimulus_videos	/pscratch/sd/s/sjmoon/EmoViS/data/raw/CowenEmotionVideos/0693.mp4	0693.mp4	132996	2026-05-08T05:07:24+00:00	5a0d146e8d15e261c97947abedd74fdf6281e80fa553600ea2b2681ff056d35a	693	1.0	h264	960	540	25.0	25	0	False	True			848bccd1d2456e2dce1c7b94afeb52e412215531cb82ebd1f9203117ad29e173	25	2061615522501582	True	693	False
stimulus_videos	/pscratch/sd/s/sjmoon/EmoViS/data/raw/CowenEmotionVideos/0694.mp4	0694.mp4	65946	2026-05-08T05:07:23+00:00	c3ef11ec890a897d0b4b63235384f01735a5c90f095d32aa7841deaf726588fc	694	1.89	h264	422	284	14.285714285714286	27	0	False	True			ec961f24671c48ebed9e7842449e22b227f79cbbc83ddecceca9415e089f496d	27	6786705349768782	True	694	False
stimulus_videos	/pscratch/sd/s/sjmoon/EmoViS/data/raw/CowenEmotionVideos/0695.mp4	0695.mp4	49297	2026-05-08T05:07:23+00:00	7997941df4a8ae7fc62a09c814636ed6980dee804a79a2cb95d7039d9b6f4424	695	0.9	h264	328	200	10.0	9	0	False	True			db30b6aea15e2cc97cb53d7d61b3e7cb15d1896a57d6f672687200218da7b837	9	9787369833912886	True	695	False
stimulus_videos	/pscratch/sd/s/sjmoon/EmoViS/data/raw/CowenEmotionVideos/0696.mp4	0696.mp4	140956	2026-05-08T05:07:22+00:00	5688dcff4e74dfabf0df86970fd263c7e795ddb2547a54a4167bd213a5d9bcd8	696	2.6	h264	500	280	5.0	13	0	False	True			90f16e9c2e0d2e55003011ebfd77753810fd64293385bb4078c2de45e9a42a08	13	18156897406842952	True	696	False
stimulus_videos	/pscratch/sd/s/sjmoon/EmoViS/data/raw/CowenEmotionVideos/0697.mp4	0697.mp4	377480	2026-05-08T05:07:23+00:00	90a214925034a0e3a38f22a5086fe9d7755ac10d900247a5f7d36d2d539d7297	697	2.2	h264	636	358	10.0	22	0	False	True			e7591f9f89b8275e041c05a04a2dfc0633b60a40caab89f78f7cffdb88f8dc5f	22	1702147899105084	True	697	False
stimulus_videos	/pscratch/sd/s/sjmoon/EmoViS/data/raw/CowenEmotionVideos/0698.mp4	0698.mp4	990668	2026-05-08T05:07:30+00:00	c2a8a84576fb4ff3beef1ac62a6eb43918fc0680d55c61daae4f5b5985bbce6b	698	10.56	h264	718	404	25.0	264	0	False	True			f888c22a5f5ea27e57f2d88c3e24d5d4dc27e92c1b0a4f3a1dd3b58d852a2b92	264	7912331349053327	True	698	False
stimulus_videos	/pscratch/sd/s/sjmoon/EmoViS/data/raw/CowenEmotionVideos/0699.mp4	0699.mp4	1967260	2026-05-08T05:07:30+00:00	705412d16a5403301dee345cc3c9fd6ad03d7cd6997aa96b34200db12cd4871e	699	10.68	h264	628	360	25.0	267	0	False	True			a73b2a3542aee0a0e80ecfc89674c77bbdd91dad6ca7c1f57ddecc7890c524eb	267	3497238876709763	True	699	False
stimulus_videos	/pscratch/sd/s/sjmoon/EmoViS/data/raw/CowenEmotionVideos/0700.mp4	0700.mp4	1783350	2026-05-08T05:07:29+00:00	cb31f9614e43671e0a75c9fdbf6347eea8d518d9bb178d244b251635c20f13af	700	10.0	h264	288	512	30.0	300	0	False	True			231e05b4fc91c8c23563cc77a5db6e3b29406a47ec78625f5cfbd8b55f722732	300	19858547152176341	True	700	False
stimulus_videos	/pscratch/sd/s/sjmoon/EmoViS/data/raw/CowenEmotionVideos/0701.mp4	0701.mp4	245208	2026-05-08T05:07:29+00:00	bb3d3da8dd588a2fbcb69377a3d80213238e1d899dd99ce94c6a415a649a444f	701	2.9	h264	500	212	10.0	29	0	False	True			9cf8de9e8d6088677f18d1ab0418a05dc72238752af8b298d47e740190ed01d6	29	28927648919990880	True	701	False
stimulus_videos	/pscratch/sd/s/sjmoon/EmoViS/data/raw/CowenEmotionVideos/0702.mp4	0702.mp4	359018	2026-05-08T05:07:30+00:00	9d7de2aae40607b003140c86291ad5d56821c01261f7095ebef1755fbf3622ea	702	4.44	h264	350	350	16.666666666666668	74	0	False	True			fb56d17dd4cf5e5798f38f800cc06f8ef4fce5a91855f76342fd0eff0510d8b3	74	28929843519343035	True	702	False
stimulus_videos	/pscratch/sd/s/sjmoon/EmoViS/data/raw/CowenEmotionVideos/0703.mp4	0703.mp4	164449	2026-05-08T05:07:30+00:00	b21d4e6f50cd37f7be4eb23b665be20479e35869134e65754e6c0e63cab9d688	703	1.6	h264	350	200	12.5	20	0	False	True			5be474df292f30eb4202eb7a7531acbce276c68cc7685846bfd6c64cbd16cb8d	20	34619171369534855	True	703	False
stimulus_videos	/pscratch/sd/s/sjmoon/EmoViS/data/raw/CowenEmotionVideos/0704.mp4	0704.mp4	94509	2026-05-08T05:07:31+00:00	9bc0dbec37722f33f914321c6f964bb24181779158406665cbe6b525cb749cc4	704	2.36	h264	216	384	25.0	59	0	False	True			0615e885ce50640f6c31e6dd81de804bad1d9c9b8dd60bf3f5639d6623782890	59	60798345871238854	True	704	False
stimulus_videos	/pscratch/sd/s/sjmoon/EmoViS/data/raw/CowenEmotionVideos/0705.mp4	0705.mp4	1246568	2026-05-08T05:07:31+00:00	cd623d9b5295222bb6ca9de551537cb0458ef4cf8442f7dfefd8319bb6db9769	705	13.5	h264	400	224	11.11111111111111	150	0	False	True			6eeff0347b8905c6636f5bfef27c427f8a5f31dea72b8562733a925bc4d8293a	150	8477494259344287	True	705	False
stimulus_videos	/pscratch/sd/s/sjmoon/EmoViS/data/raw/CowenEmotionVideos/0706.mp4	0706.mp4	306837	2026-05-08T05:07:30+00:00	2f792847d3198d6aac1917f6fa55f9ab1843771c575123b76b90e05a091d7742	706	6.0	h264	500	280	10.0	60	0	False	True			1e4c22be35ac73cebb6f1079941c5d1679cec1ba6690a97eae84b50b27b9e3df	60	53617658555781086	True	706	False
stimulus_videos	/pscratch/sd/s/sjmoon/EmoViS/data/raw/CowenEmotionVideos/0707.mp4	0707.mp4	23657	2026-05-08T05:07:30+00:00	0ee55fdcf05cbc4f4cf88b8f04f39df1ea5a2b08873b8f4b2d1a243930800d27	707	0.595	h264	320	278	28.583333333333332	17	0	False	True			5cc353e1a593dd26e71c699bcc0026ace0d2df3c4bca7ef5bc7423e0da725a18	17	53828210701752723	True	707	False
stimulus_videos	/pscratch/sd/s/sjmoon/EmoViS/data/raw/CowenEmotionVideos/0708.mp4	0708.mp4	1592955	2026-05-08T05:07:22+00:00	1bae1408aaa11c54a8b9ce0ba5a22ee9c037a1318a15a6a76660b793acc53137	708	15.08	h264	426	236	25.0	377	0	False	True			5c2cc8e7f6c95dc4a73cab4828444ff7091d0538113bec9e8767319c9b8fe871	377	37165761049103316	True	708	False
stimulus_videos	/pscratch/sd/s/sjmoon/EmoViS/data/raw/CowenEmotionVideos/0709.mp4	0709.mp4	52212	2026-05-08T05:07:22+00:00	f87eef490eb7633bcb2c38ce343a526473f5cd2b41f57d2782a2bbed6338b236	709	0.6	h264	438	236	20.0	12	0	False	True			449ecdf42ec16f57ca9ca22209a59a51a3d021d45de00f612fcab189b2dfb6c6	12	46529254321021763	True	709	False
stimulus_videos	/pscratch/sd/s/sjmoon/EmoViS/data/raw/CowenEmotionVideos/0710.mp4	0710.mp4	50566	2026-05-08T05:07:31+00:00	82eab3c61f8908283377765c4d84dcb38d11c0d982803a26d79be7157b7fa7f2	710	0.6	h264	500	374	10.0	6	0	False	True			2b066b02afe3bad542c8276b5650c2eb14e07754d5cb3a93178e4abc4bdba40c	6	8134161120635106	True	710	False
stimulus_videos	/pscratch/sd/s/sjmoon/EmoViS/data/raw/CowenEmotionVideos/0711.mp4	0711.mp4	346669	2026-05-08T05:07:31+00:00	7c35058938dd17bd3a196386fcd3ffd1ff2a5d8b0d63418211fe2aeffc971fe0	711	1.5	h264	480	272	10.0	15	0	False	True			f7dc67c21376ebde03c25e021d97efe52bb39ef96f976f595eaaf3c6c760d100	15	67448436961157958	True	711	False
stimulus_videos	/pscratch/sd/s/sjmoon/EmoViS/data/raw/CowenEmotionVideos/0712.mp4	0712.mp4	130487	2026-05-08T05:07:30+00:00	5f416a583900fb0226c62932a8803fd0564a5ab4683b8831bf9e6a5e08babc9b	712	1.387	h264	500	210	23.083333333333332	32	0	False	True			01429e162bc86abbbfd7833d4cf3df3b41c825ebaec7ac9526456d6c2ef96769	32	15319331015937951	True	712	False
stimulus_videos	/pscratch/sd/s/sjmoon/EmoViS/data/raw/CowenEmotionVideos/0713.mp4	0713.mp4	307340	2026-05-08T05:07:30+00:00	ad6b79095aa898bfc59ca5263fdb64df5dcffe4c564b7c6c35e479f453ff606b	713	5.85	h264	292	226	11.11111111111111	65	0	False	True			31b9c2ea2da9104bd28e9cdaf2088b90ad87549cd4032b928aa8d95a98c12f10	65	14203370534288984	True	713	False
stimulus_videos	/pscratch/sd/s/sjmoon/EmoViS/data/raw/CowenEmotionVideos/0714.mp4	0714.mp4	1905768	2026-05-08T05:07:29+00:00	d9e3abd12ac533b775de6edd8134a0ad4e1af236761475bf647b0ac258c53837	714	19.2	h264	358	610	16.666666666666668	320	0	False	True			075054cb966628975878dac8189736cc942b866e78ad17f801f0237208413328	320	44965488473620092	True	714	False
stimulus_videos	/pscratch/sd/s/sjmoon/EmoViS/data/raw/CowenEmotionVideos/0715.mp4	0715.mp4	65129	2026-05-08T05:07:29+00:00	a31d45d89b9484ea3b374d2e6e671b82448cc24f8e5f3d3a6f4ab39cfcd0fadb	715	1.44	h264	450	252	16.666666666666668	24	0	False	True			ca2074bd7191c8971fc10df6b483e33005a5b04a04329cd01070848ac20f177a	24	49372996635751302	True	715	False
stimulus_videos	/pscratch/sd/s/sjmoon/EmoViS/data/raw/CowenEmotionVideos/0716.mp4	0716.mp4	497273	2026-05-08T05:07:30+00:00	0ec5ae1791cdea8af1d84660b9379fde78722732b966a1893ea951cc84943394	716	6.08	h264	200	200	25.0	152	0	False	True			58b9de179e0fc7560dc2018060fd5cc1161d97714b5b53c140173728e7b6d420	152	44964727145751010	True	716	False
stimulus_videos	/pscratch/sd/s/sjmoon/EmoViS/data/raw/CowenEmotionVideos/0717.mp4	0717.mp4	177882	2026-05-08T05:07:30+00:00	c61fb11ed9edb639731e5965d449e5be0f4f679f61577d3a28c5cb1693e5783c	717	1.52	h264	470	312	12.5	19	0	False	True			f9fcaf0cc41d0340c95e57888088a417e852f35579b5cc50cf1df86e670e50c5	19	36033458951271270	True	717	False
stimulus_videos	/pscratch/sd/s/sjmoon/EmoViS/data/raw/CowenEmotionVideos/0718.mp4	0718.mp4	112403	2026-05-08T05:07:24+00:00	821fb64d596fc186ea20f2f876b2b4e7cd16ccb57a1d1680603ae1c5a61ed26e	718	4.2	h264	400	224	14.285714285714286	60	0	False	True			966494bc913329f8b36e8c5725c762d82cbce0990d94206547de5f529c4a4bd0	60	67952658349848801	True	718	False
stimulus_videos	/pscratch/sd/s/sjmoon/EmoViS/data/raw/CowenEmotionVideos/0719.mp4	0719.mp4	324218	2026-05-08T05:07:24+00:00	977c96a9b69b79fc87d4fb6a4e385c08e27567030d3400cbfabe66895da03d74	719	7.92	h264	438	248	8.333333333333334	66	0	False	True			a22703df52ffcb450f9426d10ba0e49638a481ad44f325d5ec83dd03221096d4	66	6259357501141541	True	719	False
stimulus_videos	/pscratch/sd/s/sjmoon/EmoViS/data/raw/CowenEmotionVideos/0720.mp4	0720.mp4	554672	2026-05-08T05:07:22+00:00	39d3912168eff949f8208671713c5310d309699846108bc4eaeafe0a6db88b09	720	10.48	h264	400	224	25.0	262	0	False	True			7e63cb0a26d5cd4a0656a88f0451fdb1ebaa103629b61cda82629197d06bc36a	262	8514600713442191	True	720	False
stimulus_videos	/pscratch/sd/s/sjmoon/EmoViS/data/raw/CowenEmotionVideos/0721.mp4	0721.mp4	341995	2026-05-08T05:07:22+00:00	edde379e83587dcd1f712251f8686eb73683296e07c5442b6e87af2ec1a47dc1	721	4.2	h264	320	240	10.0	42	0	False	True			c5358c4944f915ac77cc64f9047fd51e41a869c320f284802c1e4388f9fb628c	42	15603030977916767	True	721	False
stimulus_videos	/pscratch/sd/s/sjmoon/EmoViS/data/raw/CowenEmotionVideos/0722.mp4	0722.mp4	492744	2026-05-08T05:07:23+00:00	94efac87594b066337b2ad812daaa1cb8358bd49e1e93f29db182deba4a7b95c	722	6.3	h264	698	380	10.0	63	0	False	True			310f77f1dc6aeb747e315fad08f52cb0315b7f109fbfabe4671db12ddd4b009a	63	32607047538931308	True	722	False
stimulus_videos	/pscratch/sd/s/sjmoon/EmoViS/data/raw/CowenEmotionVideos/0723.mp4	0723.mp4	221611	2026-05-08T05:07:23+00:00	edcad47c84e1827d6bc4b3affa3f0e1301a4d2723ae2d4bf149d56cc47e9f766	723	3.08	h264	500	374	14.285714285714286	44	0	False	True			b9146dc0e1cbbfe3d3a50f0acdb45f82a36c8d65606c70bcc699d3775a456aab	44	37802902335409820	True	723	False
stimulus_videos	/pscratch/sd/s/sjmoon/EmoViS/data/raw/CowenEmotionVideos/0724.mp4	0724.mp4	1070721	2026-05-08T05:07:24+00:00	680999e99a5185249742dff4b78a5f4000b9d05c736158eedc99dbd53f298126	724	17.5	h264	292	288	10.0	175	0	False	True			587233037471ce73a86d430df00935d2b165d8d387a20864d93eece17c1b531a	175	7943222098582716	True	724	False
stimulus_videos	/pscratch/sd/s/sjmoon/EmoViS/data/raw/CowenEmotionVideos/0725.mp4	0725.mp4	3036159	2026-05-08T05:07:24+00:00	e4fbb02b92bd0488c8ff172baffc9a6657929aa43ad2379d04ff0cd7f41aa2d2	725	15.12	h264	718	404	25.0	378	0	False	True			1def7a895ad73390b228f0b22a36552776cca5ecf0da5fb9fffcb96b5e67043d	378	35742820104879741	True	725	False
stimulus_videos	/pscratch/sd/s/sjmoon/EmoViS/data/raw/CowenEmotionVideos/0726.mp4	0726.mp4	294737	2026-05-08T05:07:23+00:00	041c21e8fde495549c22d34cfe4329ad8d257b779fe4fd214d2e4515ec4b7c09	726	3.2	h264	498	276	10.0	32	0	False	True			a03ca786675be9ac42c361fc4ff90167936c3e98550c0905d9807acd8943863a	32	571989270446224	True	726	False
stimulus_videos	/pscratch/sd/s/sjmoon/EmoViS/data/raw/CowenEmotionVideos/0727.mp4	0727.mp4	779708	2026-05-08T05:07:23+00:00	2920a6fec18d7ee0973207e0feeae83b964367835fbbff6abf33e7dccee9b40c	727	7.0	h264	320	274	10.0	70	0	False	True			837e32ca90a17b8362c0559b8b560dc533bb254f55c4479327144943351f0402	70	13720242489764176	True	727	False
stimulus_videos	/pscratch/sd/s/sjmoon/EmoViS/data/raw/CowenEmotionVideos/0728.mp4	0728.mp4	281178	2026-05-08T05:07:29+00:00	5e627596f1c63fef89e0df75b7f83dd39ec5e8e115ec04d5f2f42a9e990f7e2b	728	5.3	h264	300	266	10.0	53	0	False	True			2ce45eb162dbdc0248f50c3313342491abc50d3b268e843fa272871f9b387feb	53	28516204465028603	True	728	False
stimulus_videos	/pscratch/sd/s/sjmoon/EmoViS/data/raw/CowenEmotionVideos/0729.mp4	0729.mp4	148620	2026-05-08T05:07:29+00:00	0284418640f54dd47eb23d56c258fdac4826c6cb5a4be8cf8cadbc3be51f2ef6	729	2.94	h264	400	224	33.333333333333336	98	0	False	True			2a5420c9f2d7f46ee22b9e3bd88d890c192bc10761eb22e4d30d38159e88f5d9	98	17987749564725298	True	729	False
stimulus_videos	/pscratch/sd/s/sjmoon/EmoViS/data/raw/CowenEmotionVideos/0730.mp4	0730.mp4	184997	2026-05-08T05:07:24+00:00	9ab6e9ee39a951309f42cf2f31e246a6b46bbc16ec97d2662f2415264bea0c0d	730	4.0	h264	420	268	12.5	50	0	False	True			53fa581239de4f57ccfcc400e951b2882efdaf6af20010f431874be2563e96b7	50	12522310873882253	True	730	False
stimulus_videos	/pscratch/sd/s/sjmoon/EmoViS/data/raw/CowenEmotionVideos/0731.mp4	0731.mp4	431773	2026-05-08T05:07:24+00:00	96147475918cdb7c223de2304d13080b4f3424a2f9af3c43779c0970995fcd06	731	6.1	h264	480	480	10.0	61	0	False	True			0a2da07c316f7e4b5f2aa2a0a0527483315278800bedd8d39628aad30200cb4a	61	66843934860837953	True	731	False
stimulus_videos	/pscratch/sd/s/sjmoon/EmoViS/data/raw/CowenEmotionVideos/0732.mp4	0732.mp4	2677407	2026-05-08T05:07:23+00:00	f40fb84afc43d50448ff42f953671b7fa0a457572c00dfccdf929cf491b3d4ca	732	10.0	h264	720	404	30.0	300	0	False	True			674461ac6b16217f49fedb6cded7c274160126ceaf9a9398a3c1337a0e56a78e	300	3510264469457460	True	732	False
stimulus_videos	/pscratch/sd/s/sjmoon/EmoViS/data/raw/CowenEmotionVideos/0733.mp4	0733.mp4	1137651	2026-05-08T05:07:23+00:00	4b5c95f9bf5ff16c18dde1c0003c7741915d7f428956b61968eb8f59aeed5916	733	2.43	h264	800	446	33.333333333333336	81	0	False	True			72e9577bdd8af443713956f0f33acabeba66a4b266489ab775c8d4f313973f93	81	24423559998412089	True	733	False
stimulus_videos	/pscratch/sd/s/sjmoon/EmoViS/data/raw/CowenEmotionVideos/0734.mp4	0734.mp4	300636	2026-05-08T05:07:22+00:00	1dbcb9e509d9cc21b2b462d917eb95f33846c2ed9b1d145d2cf4bf760ba02e42	734	8.0	h264	400	224	10.0	80	0	False	True			334f9cb981b3782f35f905c7d91982782f07ad6654e6f866c9f85ca3a80584a7	80	51482223015895249	True	734	False
stimulus_videos	/pscratch/sd/s/sjmoon/EmoViS/data/raw/CowenEmotionVideos/0735.mp4	0735.mp4	7553330	2026-05-08T05:07:22+00:00	bde25c98fe39cfb559edda5bd86c6c92fe889c7b7f257c0328291742c96f8d50	735	49.3	h264	640	360	30.0	1479	0	False	True			b7511c308694ea5ecb9544af1efbd6412e42a3fd298ef22e656dc499b8363bb4	1479	13067256501331163	True	735	False
stimulus_videos	/pscratch/sd/s/sjmoon/EmoViS/data/raw/CowenEmotionVideos/0736.mp4	0736.mp4	209572	2026-05-08T05:07:23+00:00	51c37822d128f307742c7e45332174ce6ea8f877ff9dae6f732e7a68bb66c139	736	1.54	h264	636	326	14.285714285714286	22	0	False	True			9867cc4e68350c7ee2fdcf21adf9abd39d9992ef9c0d4b93d8dd11a923d5b958	22	50497463142966214	True	736	False
stimulus_videos	/pscratch/sd/s/sjmoon/EmoViS/data/raw/CowenEmotionVideos/0737.mp4	0737.mp4	82418	2026-05-08T05:07:23+00:00	1a67c107248923dc446036ed4c0ccb41360fb4e680055b26813844a760fc507e	737	1.777	h264	474	200	23.083333333333332	41	0	False	True			a4260495877dd395d36ef08fca1ce2a85ebb3caa3af800e35a39679fd0d99527	41	27819652409675417	True	737	False
stimulus_videos	/pscratch/sd/s/sjmoon/EmoViS/data/raw/CowenEmotionVideos/0738.mp4	0738.mp4	1079159	2026-05-08T05:07:31+00:00	afd7e72d643e3401f08dfa8761cdb1703bb84673641317bfb72db57d903e2317	738	10.5	h264	480	270	16.666666666666668	175	0	False	True			387fb5dfd507af746fe58d215d305f19aab0683b41ba79e693a74ad886c7d4cb	175	22109984334969319	True	738	False
stimulus_videos	/pscratch/sd/s/sjmoon/EmoViS/data/raw/CowenEmotionVideos/0739.mp4	0739.mp4	187496	2026-05-08T05:07:31+00:00	026918536b66b65de6ae1912f77e249a5a01484907e9a8dae05be73d3cf22ba9	739	5.38	h264	400	230	100.0	538	0	False	True			d664cd8d3d4f4481343e4495cac5928fa539fed8ba2fe62b794bccb04c0157ff	538	31526028526563956	True	739	False
stimulus_videos	/pscratch/sd/s/sjmoon/EmoViS/data/raw/CowenEmotionVideos/0740.mp4	0740.mp4	180555	2026-05-08T05:07:25+00:00	a926b22d8820219e56b490330375f9eddd22452ed0abe6d9565338cb49dc4f71	740	2.9	h264	500	290	10.0	29	0	False	True			844ed6d7d26140475a723e0e662daab204b74f6ed182b1a4e6237d8eef765d51	29	43688465840813677	True	740	False
stimulus_videos	/pscratch/sd/s/sjmoon/EmoViS/data/raw/CowenEmotionVideos/0741.mp4	0741.mp4	461437	2026-05-08T05:07:25+00:00	00384fbcf035879120f38e4d1c7552fe0d0b989814809e3765fbd75cb1f53151	741	3.84	h264	340	308	12.5	48	0	False	True			46a1ee909b490eb23341df0e2080be39a9942078c9f9c45681c115a025319d5e	48	17548986119304942	True	741	False
stimulus_videos	/pscratch/sd/s/sjmoon/EmoViS/data/raw/CowenEmotionVideos/0742.mp4	0742.mp4	380324	2026-05-08T05:07:24+00:00	b24d631d3df55429dddd19bc635b8b95a3f64b53714f0a3d6e720c6b1d4f036c	742	5.0	h264	400	190	10.0	50	0	False	True			13cdba00e08c39392ff88d143ad10b306cfd41a7eefda2ad3541d8abaca800c2	50	54751326452325991	True	742	False
stimulus_videos	/pscratch/sd/s/sjmoon/EmoViS/data/raw/CowenEmotionVideos/0743.mp4	0743.mp4	295326	2026-05-08T05:07:25+00:00	51853534f4ac3616f6cff2e6b2d45cc2e98897b94ca838670a57ad60cd3635fa	743	2.0	h264	1280	480	25.0	50	0	False	True			1ef364f3c30d48e1844db4d04f276858d5d496c4b645c280959a664343d5d9ae	50	33980765165170139	True	743	False
stimulus_videos	/pscratch/sd/s/sjmoon/EmoViS/data/raw/CowenEmotionVideos/0744.mp4	0744.mp4	396285	2026-05-08T05:07:26+00:00	da4e8f7fcdd3e698fd96b1b0ecc685fd7c96ab57853ba85890b7760c0aea633a	744	6.84	h264	364	312	11.11111111111111	76	0	False	True			ef4e6ea4974eab59d66ad09e47919eb2e4f7f2c5dc3e78854083b84368189eb0	76	71064691952803517	True	744	False
stimulus_videos	/pscratch/sd/s/sjmoon/EmoViS/data/raw/CowenEmotionVideos/0745.mp4	0745.mp4	293655	2026-05-08T05:07:26+00:00	fcabbeba3669806d0581524dc017a103c98973f01500c44c0fad4b128ecdb889	745	5.79	h264	426	236	29.859	194	1	True	True	-12.4	0.0	1584a22672c9e46316f0f49a63948e5755af528d6d4293d8c230226fdd396685	173	15284994413217163	True	745	False
stimulus_videos	/pscratch/sd/s/sjmoon/EmoViS/data/raw/CowenEmotionVideos/0746.mp4	0746.mp4	327272	2026-05-08T05:07:26+00:00	e9af532c7bf518d14f4bb8d3a1107f315aea6021457ce70b810568b2cb2eaab6	746	4.92	h264	366	370	8.333333333333334	41	0	False	True			068db77cb6df668cc8559a8b4ea74911f13cf4b34b5c415d6146b18a92135226	41	65788696026464645	True	746	False
stimulus_videos	/pscratch/sd/s/sjmoon/EmoViS/data/raw/CowenEmotionVideos/0747.mp4	0747.mp4	2555515	2026-05-08T05:07:26+00:00	38665299e06add920ab3dd51cddba0af6899adce369378679c22504f54eb06b7	747	10.08	h264	406	720	25.0	252	0	False	True			bd7d51920bd23c887cb86e1b15a0647ed5ec347c9afdbcb8192b9c425b60bbec	252	52181181987291135	True	747	False
stimulus_videos	/pscratch/sd/s/sjmoon/EmoViS/data/raw/CowenEmotionVideos/0748.mp4	0748.mp4	212455	2026-05-08T05:07:27+00:00	68975fbd5922395974bc8537835428b337c4fbcd0674af3a422b358c8b1b4452	748	4.2	h264	320	240	8.333333333333334	35	0	False	True			9bfa0309e8e7d5f0c4249689994c206842319f69416b183e619f938cc4e0246f	35	43736161148639281	True	748	False
stimulus_videos	/pscratch/sd/s/sjmoon/EmoViS/data/raw/CowenEmotionVideos/0749.mp4	0749.mp4	63507	2026-05-08T05:07:28+00:00	9bbfa2f41fa755d564d57db33f51d3c4f53c9dd5dc7fa81bf928ca88be8be45e	749	2.1	h264	500	254	10.0	21	0	False	True			2697d5d6b09ce401226ebff2e14064eee06ca7326219fe2de73d7402be9e1663	21	31489597401082486	True	749	False
stimulus_videos	/pscratch/sd/s/sjmoon/EmoViS/data/raw/CowenEmotionVideos/0750.mp4	0750.mp4	1114334	2026-05-08T05:07:26+00:00	3d3717752b3fac0f2fb8b18c5f7bb6205f10da9ff6808875c8dfd0410e0e3c78	750	6.874	h264	854	480	29.97002997002997	206	0	False	True			45690ec1bb95296acdb1527417df1c5b7c5353a1bf772b24b1a4658527f99d3e	206	15267698052615599	True	750	False
stimulus_videos	/pscratch/sd/s/sjmoon/EmoViS/data/raw/CowenEmotionVideos/0751.mp4	0751.mp4	1086805	2026-05-08T05:07:26+00:00	9f8ee3002eccb94c3a66a63fbca4fd660cda6e9f0f4fc52ddbe32d4600d37fbd	751	4.8	h264	600	600	25.0	120	0	False	True			5ca30ba66da1669dcceb1402f3f2ddced6957b03304cc0be5e17451f3ed89a6a	120	53891229410284364	True	751	False
stimulus_videos	/pscratch/sd/s/sjmoon/EmoViS/data/raw/CowenEmotionVideos/0752.mp4	0752.mp4	136195	2026-05-08T05:07:26+00:00	4a1ebfaadb3a71062a506d05f98d50669340f645c844afa78211ff4a30cc2b1e	752	1.65	h264	500	230	6.666666666666667	11	0	False	True			0277bbc258b98c042a7c5747d19bb314e5532afc7f4014f109076400fa3400d0	11	50150175252601090	True	752	False
stimulus_videos	/pscratch/sd/s/sjmoon/EmoViS/data/raw/CowenEmotionVideos/0753.mp4	0753.mp4	330063	2026-05-08T05:07:26+00:00	a762ea0a01b9451549a0d1214fb24e0170835c6d0d03785f48d2c32beb39cfce	753	8.16	h264	254	190	12.5	102	0	False	True			277b637cf0509ce4e74986fd26fded2bb3566367c7172ca6a8d0e52389fa7ad9	102	48112031039702790	True	753	False
stimulus_videos	/pscratch/sd/s/sjmoon/EmoViS/data/raw/CowenEmotionVideos/0754.mp4	0754.mp4	81619	2026-05-08T05:07:25+00:00	5b7f346046c6fee931722b2ecd285d0f99db37084232890f956d1aa48f767a94	754	0.854	h264	400	224	22.25	19	0	False	True			f48c156befe650eaac85db44ec4b091cbfc9f34bcae6d8c85250d7cf09a754bc	19	27803930588878995	True	754	False
stimulus_videos	/pscratch/sd/s/sjmoon/EmoViS/data/raw/CowenEmotionVideos/0755.mp4	0755.mp4	617652	2026-05-08T05:07:25+00:00	d11d407894306e2b76f8198ba8ddce6336c4d92f07ebbe4ee390ef9e020db6c0	755	6.93	h264	400	304	14.285714285714286	99	0	False	True			49e02254aa13468386d921add506c96057f32045625edd5404a3e5e6cd3f4c78	99	29406239629144305	True	755	False
stimulus_videos	/pscratch/sd/s/sjmoon/EmoViS/data/raw/CowenEmotionVideos/0756.mp4	0756.mp4	98003	2026-05-08T05:07:24+00:00	e7c4e5e30a5fe5017177432e029a9277537fd2869e5f03b32f9df19c95225482	756	2.4	h264	500	282	10.0	24	0	False	True			89362d1cae6c6697ae92456d55fd6e7fb9498f8114bdbd0a1ce8e1315cd06eca	24	33648544809859845	True	756	False
stimulus_videos	/pscratch/sd/s/sjmoon/EmoViS/data/raw/CowenEmotionVideos/0757.mp4	0757.mp4	194121	2026-05-08T05:07:25+00:00	22d50032ff84e5ac577b2472e90de6cff73ef690c5671ce67dfcf0a1d9419987	757	2.0	h264	500	360	10.0	20	0	False	True			826bad12524b8618b3e3b6da120fa85e869c8a7889c17c6c4a99d6fcb83c0086	20	70355424437040269	True	757	False
stimulus_videos	/pscratch/sd/s/sjmoon/EmoViS/data/raw/CowenEmotionVideos/0758.mp4	0758.mp4	402900	2026-05-08T05:07:28+00:00	22c24ea9c2794ce19f693a8334c177168a8631fde37224613c4832fe030b75a2	758	2.0	h264	430	330	10.0	20	0	False	True			0b79aba2a7685f126ee536919ac95b6d601ea10102d903adb71d657a60c9159a	20	66984394350763886	True	758	False
stimulus_videos	/pscratch/sd/s/sjmoon/EmoViS/data/raw/CowenEmotionVideos/0759.mp4	0759.mp4	1394128	2026-05-08T05:07:28+00:00	900f55d45a554fa28a8e1ca14b71411682a7df420406d62c50e4dfe15a8b3f37	759	8.3	h264	418	228	10.0	83	0	False	True			d83e062b31bb3d9a0233bfa50d1591d8ee6f4e7c670664fee00039a37d4cebac	83	55763074260969685	True	759	False
stimulus_videos	/pscratch/sd/s/sjmoon/EmoViS/data/raw/CowenEmotionVideos/0760.mp4	0760.mp4	164313	2026-05-08T05:07:27+00:00	b00c5ee7e4766413527dca186d75c73c35916404c7abce0c7944b3153b21081f	760	1.7	h264	500	286	10.0	17	0	False	True			eadb07ee04806a575a0916065db80080cc7cd36e30db5e34ee98ca5c4763dbae	17	42730101245404611	True	760	False
stimulus_videos	/pscratch/sd/s/sjmoon/EmoViS/data/raw/CowenEmotionVideos/0761.mp4	0761.mp4	97934	2026-05-08T05:07:28+00:00	4f88078a3361438eb52cfd968a12683fa288e0554922753108963ee392f7e8fc	761	1.76	h264	300	300	25.0	44	0	False	True			954a5e22e802062ce22e7996d2cb2979f79e2b3c36346bbc4c89e58f4ce1b697	44	24836703665963492	True	761	False
stimulus_videos	/pscratch/sd/s/sjmoon/EmoViS/data/raw/CowenEmotionVideos/0762.mp4	0762.mp4	8876004	2026-05-08T05:07:27+00:00	fce7bbda73e0bb3e6e66ff8fa4f82db7ab23ce17dfd743d32c1b0b36929787e5	762	15.049	h264	720	1280	29.97002997002997	451	0	False	True			0d381776e7308deb9eaf09acde7f8aa4159502ed057eb7bd1877e6a924c04034	451	1703002198916153	True	762	False
stimulus_videos	/pscratch/sd/s/sjmoon/EmoViS/data/raw/CowenEmotionVideos/0763.mp4	0763.mp4	7324691	2026-05-08T05:07:27+00:00	32436d30c4bc5bb70b17e6981539d33879c5d7e4d05175316cfb8b43f3b3b36d	763	51.3	h264	468	338	10.0	513	0	False	True			0754b650a3751dba29b53b2f669e20a496289335349b763d9896355802098877	513	39291486595477729	True	763	False
stimulus_videos	/pscratch/sd/s/sjmoon/EmoViS/data/raw/CowenEmotionVideos/0764.mp4	0764.mp4	24573	2026-05-08T05:07:28+00:00	79af96f5766ba0f92ce9a8bd99734c38d98568471acaaae82e21ceb3329fec79	764	1.8	h264	406	228	16.666666666666668	30	0	False	True			77a30a53c2c9049c1ad23eb770f65ab8f8899b343e37db4e53cff8f3c0a7cd48	30	70355446147202672	True	764	False
stimulus_videos	/pscratch/sd/s/sjmoon/EmoViS/data/raw/CowenEmotionVideos/0765.mp4	0765.mp4	1037249	2026-05-08T05:07:28+00:00	5c4a424583c3c71b688f2beb1208a2b23d9f3b4ed35f5c560f169fef9edf2783	765	5.0	h264	718	404	25.0	125	0	False	True			f7789154f666b38937afa4c551adc6707512e8274400a5c465972f16c99c4362	125	41524759002573525	True	765	False
stimulus_videos	/pscratch/sd/s/sjmoon/EmoViS/data/raw/CowenEmotionVideos/0766.mp4	0766.mp4	325615	2026-05-08T05:07:29+00:00	7bf8dd0978c0aabf14d42bad998d9ecdf8216a137dc48efabe79a0bcb4b3982b	766	1.08	h264	980	574	16.666666666666668	18	0	False	True			ee319ab3b48da0cf40bcf0877b70615a7c248a7169978bb547eb44dcde64cde2	18	21832590564081341	True	766	False
stimulus_videos	/pscratch/sd/s/sjmoon/EmoViS/data/raw/CowenEmotionVideos/0767.mp4	0767.mp4	1866128	2026-05-08T05:07:29+00:00	1ba8798ab746ffe61af2823b3e975d12e23bf02f23ef917867dda9878459a6e1	767	42.78	h264	544	266	33.333333333333336	1426	0	False	True			d059c4b1a31697048ecdfc3d07cbbdff772da51f0bd16a40672f2499ab98e87e	1426	35532337217521551	True	767	False
stimulus_videos	/pscratch/sd/s/sjmoon/EmoViS/data/raw/CowenEmotionVideos/0768.mp4	0768.mp4	669462	2026-05-08T05:07:25+00:00	f257a14472820457d614b8a139c5a5802fc01324660e7be358d67bef685e7b3a	768	5.76	h264	448	248	12.5	72	0	False	True			388e1daf0ed1fa90080872ff871f24a5c15e27d04676eb2030939859a22001d7	72	38865848504967816	True	768	False
stimulus_videos	/pscratch/sd/s/sjmoon/EmoViS/data/raw/CowenEmotionVideos/0769.mp4	0769.mp4	293892	2026-05-08T05:07:25+00:00	e923271166f4ff8a47bb654779ef56824fca1eb2aa81ed222cd1ad12fdb6b96b	769	5.1	h264	218	368	10.0	51	0	False	True			116f80af8e0fad2dc17c44db2f523727d69df16700469838f6420b5615301d2c	51	37834562382666268	True	769	False
stimulus_videos	/pscratch/sd/s/sjmoon/EmoViS/data/raw/CowenEmotionVideos/0770.mp4	0770.mp4	258157	2026-05-08T05:07:28+00:00	b2aa41802ca970fc6f16ecb239ad519bb74fbc7977be4269ac91e290581e1059	770	3.63	h264	350	180	33.333333333333336	121	0	False	True			222c1cd0b9512de6309e3149405e4f397836dd58342e7deed3f916a16501b733	121	24946632593593886	True	770	False
stimulus_videos	/pscratch/sd/s/sjmoon/EmoViS/data/raw/CowenEmotionVideos/0771.mp4	0771.mp4	1245302	2026-05-08T05:07:28+00:00	b4bd2fcabf2a47386df7fd80662ca6276e5206e345cc5f2a58f7bf39541fc10c	771	6.72	h264	384	216	33.333333333333336	224	0	False	True			dd47b35a9f8dae3aa46ae5882339219f87516c1ff0742eb21ed5ea9ae11db5de	224	17588864694673295	True	771	False
stimulus_videos	/pscratch/sd/s/sjmoon/EmoViS/data/raw/CowenEmotionVideos/0772.mp4	0772.mp4	164425	2026-05-08T05:07:29+00:00	409bd338ba8abd99f582f962d2d868b936a792d592f37b57e9c11e4f82220a72	772	2.467	h264	480	270	15.0	37	0	False	True			04ccfaf8235921d37c6b553aa1ca7ed3f2872fdccd71cbf5b362d66583e2a2c7	37	59459926575408015	True	772	False
stimulus_videos	/pscratch/sd/s/sjmoon/EmoViS/data/raw/CowenEmotionVideos/0773.mp4	0773.mp4	42549	2026-05-08T05:07:29+00:00	a7aa8b287f3eb6d04acbe436ca31b2fd9e32c0b20443c8257df31e72cc88e573	773	2.4	h264	400	218	10.0	24	0	False	True			2fb675685e11c2d9da9d2f2795b1dbb36f273eb36020b54439ac0c464108c2a9	24	16986018576484372	True	773	False
stimulus_videos	/pscratch/sd/s/sjmoon/EmoViS/data/raw/CowenEmotionVideos/0774.mp4	0774.mp4	714737	2026-05-08T05:07:27+00:00	6047602f5af223c6eea7a5e1155e4a315bf1bd6e1c7e2fe82b728eb01e1a4d6c	774	7.08	h264	716	404	25.0	177	0	False	True			e5ae3c78313d68a14e4cfba3377cd5da55af3425a9a1cd7e0f4bb15edb2cdc47	177	7949373961751961	True	774	False
stimulus_videos	/pscratch/sd/s/sjmoon/EmoViS/data/raw/CowenEmotionVideos/0775.mp4	0775.mp4	455840	2026-05-08T05:07:28+00:00	6c71282ab9dd96786d2a1217d438aa6cfbe7917494c54a8398a00c1af273287d	775	4.62	h264	500	280	33.333333333333336	154	0	False	True			684e8ffb5362d29aea107bd188bad632972ab64bb2f82120062a84ffc652a1cc	154	31746279582222860	True	775	False
stimulus_videos	/pscratch/sd/s/sjmoon/EmoViS/data/raw/CowenEmotionVideos/0776.mp4	0776.mp4	1820887	2026-05-08T05:07:27+00:00	7c759b059e34dcea1c3be72c014e884649cb8eb69b3e2c8158c59623fe942c45	776	15.0	h264	718	404	25.0	375	0	False	True			deb0e149eee42794f87c6af260486a541872de24d4d3e9284fa2d2daed26a227	375	16459394676540295	True	776	False
stimulus_videos	/pscratch/sd/s/sjmoon/EmoViS/data/raw/CowenEmotionVideos/0777.mp4	0777.mp4	6271475	2026-05-08T05:07:27+00:00	f08ccb519bf18f359726826d0e3ae02278dcfc59b006e4b69e1403f5bf3aa68b	777	10.88	h264	720	720	25.0	272	0	False	True			fb2a1b6742dbb23e37a6a7af6a36f65d4d01a052ed8f147f4178c2d2e5929541	272	54944560826158081	True	777	False
stimulus_videos	/pscratch/sd/s/sjmoon/EmoViS/data/raw/CowenEmotionVideos/0778.mp4	0778.mp4	3116128	2026-05-08T05:07:26+00:00	f235d09a8b0097f7a7e1fb62006aad339b8c0a25aef9b8e29c6972f92be0fe6d	778	15.0	h264	406	720	25.0	375	0	False	True			788943d9dcdd31b30c62c101cd5420cd5886a51e36792e73b04a40e201782e60	375	495897667478633	True	778	False
stimulus_videos	/pscratch/sd/s/sjmoon/EmoViS/data/raw/CowenEmotionVideos/0779.mp4	0779.mp4	541425	2026-05-08T05:07:26+00:00	430f27b5b78dada7501fec0834e598e6de8f69ac3f44486bb31dccaa24700685	779	2.5	h264	500	300	10.0	25	0	False	True			d6528f2540801c44b2ca5986ff9a5865d04d43e24820810425245f30711c3a5f	25	7900313270630641	True	779	False
stimulus_videos	/pscratch/sd/s/sjmoon/EmoViS/data/raw/CowenEmotionVideos/0780.mp4	0780.mp4	161587	2026-05-08T05:07:25+00:00	e79ab0886d57d5fa403916c066c978219a40131e59d9589915abab3c58633d33	780	1.52	h264	500	296	12.5	19	0	False	True			acde780d412adb71e77e9e6b278cf2cfa0a34775bf1df4d706f5e44f4cfcbdb0	19	17482477294261356	True	780	False
stimulus_videos	/pscratch/sd/s/sjmoon/EmoViS/data/raw/CowenEmotionVideos/0781.mp4	0781.mp4	133033	2026-05-08T05:07:24+00:00	c2714f6e479801196704f2e25dd282f5982a11637369fbe84cec1d678bdaab89	781	4.0	h264	320	180	10.0	40	0	False	True			d2b87d0ef9b02a74a025e9c09faebeec83c70b7ddcbefb6351e03787c0d3d669	40	41986424885025460	True	781	False
stimulus_videos	/pscratch/sd/s/sjmoon/EmoViS/data/raw/CowenEmotionVideos/0782.mp4	0782.mp4	218812	2026-05-08T05:07:25+00:00	68baf9d7f361ac6ed8840ce2fb3d044d22af9e2a2f5c1a1487bfeb84cb19adb4	782	4.28	h264	350	262	25.0	107	0	False	True			edbd18d87aef5b08ceb8fb7d6892b35515c92acf6be87fddb463803bc05878bf	107	15321527402371251	True	782	False
stimulus_videos	/pscratch/sd/s/sjmoon/EmoViS/data/raw/CowenEmotionVideos/0783.mp4	0783.mp4	741886	2026-05-08T05:07:25+00:00	e606ad38ef52b98776179edc0eb838cb0debda37b1f9314c5bb8edabcd0681fe	783	5.95	h264	360	240	14.285714285714286	85	0	False	True			ab05f2b138f735619aec745686c596206c2805064fc81e6ef9a405acd27fe087	85	34433110342662577	True	783	False
stimulus_videos	/pscratch/sd/s/sjmoon/EmoViS/data/raw/CowenEmotionVideos/0784.mp4	0784.mp4	56055	2026-05-08T05:07:26+00:00	653f1ce8f6274d03e825fb4c6599166cdfd1d728657131e4b9f033b754503406	784	2.64	h264	318	174	16.666666666666668	44	0	False	True			a3074114f4c0e60da78823904a6b92935ddb73d3af4fb24fd0cd7adf041c8cdd	44	52199622273535506	True	784	False
stimulus_videos	/pscratch/sd/s/sjmoon/EmoViS/data/raw/CowenEmotionVideos/0785.mp4	0785.mp4	351425	2026-05-08T05:07:26+00:00	4cfe8f1d58f57bf8dc385a79de20f304124bdb045d869d448ec6112b6f8bf538	785	2.8	h264	358	240	25.0	70	0	False	True			77657422934d68a02a9258cb75b609ec7b7923d6ba334e7f7dbde9ac3ad04e87	70	62399984135629485	True	785	False
stimulus_videos	/pscratch/sd/s/sjmoon/EmoViS/data/raw/CowenEmotionVideos/0786.mp4	0786.mp4	155951	2026-05-08T05:07:26+00:00	49567d26d0623551f21d6fdd64b0504702f5e35d12c5176beb55602576d4ad08	786	7.04	h264	1000	288	25.0	176	0	False	True			dc9edc8596d4cfb94a2b893984767d98a63a10e4a0cfb5a06af26adedcc1df9b	176	1702147349825675	True	786	False
stimulus_videos	/pscratch/sd/s/sjmoon/EmoViS/data/raw/CowenEmotionVideos/0787.mp4	0787.mp4	615746	2026-05-08T05:07:26+00:00	2fce513c859841ec76fda9693e50f3b23ecd5a5549fc7670f95f1206f4b8c08d	787	4.4	h264	340	316	10.0	44	0	False	True			6155c5fa49d02c24d50455cd81af11c7c943abae8b6dcddaae32336a88abc72d	44	64894372024601009	True	787	False
stimulus_videos	/pscratch/sd/s/sjmoon/EmoViS/data/raw/CowenEmotionVideos/0788.mp4	0788.mp4	8772317	2026-05-08T05:07:27+00:00	d14e753e56a0517d22715b4a5abf7b70d7618632197aa3c6677e49fe0f00d296	788	15.127	h264	720	536	9.916666666666666	150	0	False	True			5795f5d37fe5bd41e419aead240fae2c03b76bf1bc723634e14053910e0e89ee	150	5314567370465280	True	788	False
stimulus_videos	/pscratch/sd/s/sjmoon/EmoViS/data/raw/CowenEmotionVideos/0789.mp4	0789.mp4	86696	2026-05-08T05:07:27+00:00	2a88b14b4deac7e08921f1f08215064581e8b4127e43bafcd24476dac2ef198c	789	3.48	h264	852	480	25.0	87	0	False	True			be368ffada585821f0cd82e926c0528b841cfa3c7815506f89fcf7876222f9ad	87	36196629764794343	True	789	False
stimulus_videos	/pscratch/sd/s/sjmoon/EmoViS/data/raw/CowenEmotionVideos/0790.mp4	0790.mp4	299901	2026-05-08T05:07:26+00:00	b01ab9e0e0c34bdb01c88730ab7dfd6ce4018a70e3dc863e443a9fc9d54c5cb7	790	3.65	h264	320	240	20.0	73	0	False	True			8baa1ca4cef01c7bff139c8d89f51755ee48ac07de55d2f2d792213852642f88	73	34434485578488759	True	790	False
stimulus_videos	/pscratch/sd/s/sjmoon/EmoViS/data/raw/CowenEmotionVideos/0791.mp4	0791.mp4	168586	2026-05-08T05:07:26+00:00	3e75ed2b5136ceb0ac21700fb64baffcb7b70c505f08977ae1c037fed67c681a	791	4.1	h264	400	266	10.0	41	0	False	True			d83a955ce7ddab7465620358ef802dbb2fdd7fcb4f848a0e678a222da16e44f0	41	58368942589405651	True	791	False
stimulus_videos	/pscratch/sd/s/sjmoon/EmoViS/data/raw/CowenEmotionVideos/0792.mp4	0792.mp4	35600	2026-05-08T05:07:26+00:00	bcfd01f2aef531d819790adca63161bd4db0a1b8bf2b81a3b6d24773f2603852	792	1.65	h264	400	220	6.666666666666667	11	0	False	True			04cde79a79e11e4e07b2ec9449e762f7d72de40e22a09306ccb00e06a45a9836	11	42680029250542906	True	792	False
stimulus_videos	/pscratch/sd/s/sjmoon/EmoViS/data/raw/CowenEmotionVideos/0793.mp4	0793.mp4	162421	2026-05-08T05:07:26+00:00	6b4efe717d71b82b42969250998806ef95e63420df9adf756839021e6d9a1a6a	793	2.7	h264	244	220	11.11111111111111	30	0	False	True			d76ce98a79de012b24125486c9a8c0d409010835ee9ee3b6f41c5b2d932cc3da	30	58124233039828035	True	793	False
stimulus_videos	/pscratch/sd/s/sjmoon/EmoViS/data/raw/CowenEmotionVideos/0794.mp4	0794.mp4	2410022	2026-05-08T05:07:25+00:00	146963a1839fa40dc487d13ac5449518ea02f319b827f03360031aeac8b4aaa3	794	10.04	h264	720	404	25.0	251	0	False	True			b87e845b5f1b1479d33234ff80d4528771ba0d5ec68bb850ed42d56461c1fa09	251	35097268427870691	True	794	False
stimulus_videos	/pscratch/sd/s/sjmoon/EmoViS/data/raw/CowenEmotionVideos/0795.mp4	0795.mp4	110663	2026-05-08T05:07:24+00:00	4d7db33425b9e899bd7e70b29b5e013807930a67f588428aa8adee70b2e7b1c4	795	1.44	h264	500	240	12.5	18	0	False	True			b15917552b972e7a44b40145e6749514f8a27e3f2809fac7539b79565b4bb149	18	8458102498446231	True	795	False
stimulus_videos	/pscratch/sd/s/sjmoon/EmoViS/data/raw/CowenEmotionVideos/0796.mp4	0796.mp4	170969	2026-05-08T05:07:25+00:00	bf5e22f62f456ab2a8ed0d07575a823635671f184024d11093dc18c73ea3a088	796	3.64	h264	340	246	14.285714285714286	52	0	False	True			3b0510ab67c6fa90170a4ce8167aef554ffd8c6418d8d6df20cacf32d478d935	52	70638517837224371	True	796	False
stimulus_videos	/pscratch/sd/s/sjmoon/EmoViS/data/raw/CowenEmotionVideos/0797.mp4	0797.mp4	1659744	2026-05-08T05:07:25+00:00	dcbc7877f3899a940f877801da28ae434fa31ece040e60cce1dc5ed37df4d6e0	797	11.34	h264	368	272	14.285714285714286	162	0	False	True			57cbeb4542f7720cf49ac631eb3e5fbb1622c816249e85685161ce2402d1b61a	162	31630750507992202	True	797	False
stimulus_videos	/pscratch/sd/s/sjmoon/EmoViS/data/raw/CowenEmotionVideos/0798.mp4	0798.mp4	134977	2026-05-08T05:07:29+00:00	b36d7fdd7cc197e9e7989025312a68672b3181f66588f490bc447d440759282e	798	3.22	h264	214	314	14.285714285714286	46	0	False	True			9954bed9cffc6d0295f21dcb42ce0bcb3c79d24e92ce65e12b4d9f77dba8216d	46	32340632616359339	True	798	False
stimulus_videos	/pscratch/sd/s/sjmoon/EmoViS/data/raw/CowenEmotionVideos/0799.mp4	0799.mp4	645523	2026-05-08T05:07:28+00:00	ba70d0f9479ed590979a35c3d31fad3fa0205377059e08ea5103ed5bd6147afc	799	7.79	h264	506	422	100.0	779	0	False	True			51bd692565e45fd01617225460d261cc2af51cb0d4a42280c15d938f0e5ed219	779	6823230498945073	True	799	False
stimulus_videos	/pscratch/sd/s/sjmoon/EmoViS/data/raw/CowenEmotionVideos/0800.mp4	0800.mp4	946055	2026-05-08T05:07:26+00:00	1c3c716ea15267d3c5e36f56af53d868261ad4b432f0a845e374a5c9a4e6e639	800	15.7	h264	400	266	10.0	157	0	False	True			6b6b1c961c081d9c7639464511ed1a81b58698bb7bcff73773a43022e4e034f3	157	16432832739817593	True	800	False
stimulus_videos	/pscratch/sd/s/sjmoon/EmoViS/data/raw/CowenEmotionVideos/0801.mp4	0801.mp4	211731	2026-05-08T05:07:26+00:00	108f1b177b62ed1cf7f5ffc6a84d8c845d6a9dbd4831ddd42752b6bdf7118363	801	2.08	h264	350	256	25.0	52	0	False	True			b725a04fc1e90f587f6023bf3a93d725c3128a134378c751195378af95ba0a83	52	51120871219348101	True	801	False
stimulus_videos	/pscratch/sd/s/sjmoon/EmoViS/data/raw/CowenEmotionVideos/0802.mp4	0802.mp4	241704	2026-05-08T05:07:26+00:00	b8ab06193cf5dabe47414e7e9f2d81f7d1a295f6ba42c92ca94aa7c4e04297a4	802	1.12	h264	700	512	12.5	14	0	False	True			d74a0ce3addee59bdd513b6de1c23594298f7cc29c7e2d6c18d3477a05de16a4	14	6524562602260580	True	802	False
stimulus_videos	/pscratch/sd/s/sjmoon/EmoViS/data/raw/CowenEmotionVideos/0803.mp4	0803.mp4	92453	2026-05-08T05:07:25+00:00	e36769e276a6aa37a7ac2c80098cfffdc4bc57d44f54115d07fe3880ffc5c882	803	2.1	h264	320	240	14.285714285714286	30	0	False	True			4e24b134dbfded3b452f917cad8604439e0973fe8c964106f1dcea44bd771378	30	53333560030450460	True	803	False
stimulus_videos	/pscratch/sd/s/sjmoon/EmoViS/data/raw/CowenEmotionVideos/0804.mp4	0804.mp4	244054	2026-05-08T05:07:25+00:00	6a56b8a28d4d6e9f89ba8379d414544739e270496dea67276096593e7dcf8d0f	804	7.2	h264	320	214	8.333333333333334	60	0	False	True			f3281f1cad5b0e6eb3215623cc97e1bec38eb53a2ad4bd5b65bd4af5c1db8d43	60	42695679039995871	True	804	False
stimulus_videos	/pscratch/sd/s/sjmoon/EmoViS/data/raw/CowenEmotionVideos/0805.mp4	0805.mp4	5616211	2026-05-08T05:07:24+00:00	20460a0999fbcc0117817f86bf7b12c018f622b30f7888cc8efef4d6c7183568	805	76.8	h264	618	336	10.0	768	0	False	True			a61f40ea9f6fc3c56fda389d037e5ff78aacd66371cfcbbd66c3fa981420f806	768	31240761330812299	True	805	False
stimulus_videos	/pscratch/sd/s/sjmoon/EmoViS/data/raw/CowenEmotionVideos/0806.mp4	0806.mp4	63438	2026-05-08T05:07:25+00:00	f69e2cfe1c1d10ddf1f5d7539a2656f2e59a94b5699283d28a246597091efe43	806	16.64	h264	500	280	3.125	52	0	False	True			7ab903b8428f27071c32774bea861162ad688a84dcf35e366e92463c37daf940	52	47307176101043417	True	806	False
stimulus_videos	/pscratch/sd/s/sjmoon/EmoViS/data/raw/CowenEmotionVideos/0807.mp4	0807.mp4	4276552	2026-05-08T05:07:25+00:00	ddd2152ee320950c39ec824a9b43e8f2d68d0a9774d054fa198046c250e5ab99	807	18.8	h264	600	316	25.0	470	0	False	True			691f488109f187890dbf904ca4fb54c58d3c6fe102dfa443a74324f9ca4f5241	470	69220403240217164	True	807	False
stimulus_videos	/pscratch/sd/s/sjmoon/EmoViS/data/raw/CowenEmotionVideos/0808.mp4	0808.mp4	641345	2026-05-08T05:07:29+00:00	8ce42173897657d237d4252aa5a0cb267e3b945e714b9fbd1e5c865b8c597196	808	6.99	h264	300	168	33.333333333333336	233	0	False	True			0ed573243bc96366f86268c2b026a6878055141fb4cad2ff931d3ef480d8fd34	233	3980612215113240	True	808	False
stimulus_videos	/pscratch/sd/s/sjmoon/EmoViS/data/raw/CowenEmotionVideos/0809.mp4	0809.mp4	499711	2026-05-08T05:07:28+00:00	9dc82dfd899060bd23f4bd21c7800cb3f7c198e6c24fa425eae1d29e8ac9d575	809	1.98	h264	500	312	33.333333333333336	66	0	False	True			09fbdd558af96676543900107ea823b00312652c828bb16182437fd7cef96738	66	68091589861557126	True	809	False
stimulus_videos	/pscratch/sd/s/sjmoon/EmoViS/data/raw/CowenEmotionVideos/0810.mp4	0810.mp4	27977	2026-05-08T05:07:25+00:00	86340f957963616af6e7c98534977c840f3c8370fbd375107d91dd3173a49f02	810	1.12	h264	250	192	12.5	14	0	False	True			222973014783c1eda6bb9e9d1d0072e03c6805e9688857499bc2089f1e06a9d9	14	9876287305351685	True	810	False
stimulus_videos	/pscratch/sd/s/sjmoon/EmoViS/data/raw/CowenEmotionVideos/0811.mp4	0811.mp4	123160	2026-05-08T05:07:24+00:00	daba994d0d49561542a5a07ca6a218f015c840f41207271a871f2de03a9c625e	811	1.9	h264	400	586	10.0	19	0	False	True			31ed5c23c5b3f9f316d3d6cdc58f2fcbaf75909b824a714d5073bd6ff9cf0789	19	64994124426934768	True	811	False
stimulus_videos	/pscratch/sd/s/sjmoon/EmoViS/data/raw/CowenEmotionVideos/0812.mp4	0812.mp4	147930	2026-05-08T05:07:25+00:00	df1c1263479250332d88fc87fee0c5019278973450cfcdfaf487875ab2fb5b4a	812	1.8	h264	494	228	10.0	18	0	False	True			099ca3559383cb0811f739d2f02c1922276614c2fe66808c1795e62e7c2541d3	18	41777784107445329	True	812	False
stimulus_videos	/pscratch/sd/s/sjmoon/EmoViS/data/raw/CowenEmotionVideos/0813.mp4	0813.mp4	53868	2026-05-08T05:07:25+00:00	5764b98cb091dc0b4b3d277baae0e3803efba0c9dffbc16dabdedb111301257c	813	1.304	h264	500	210	22.25	29	0	False	True			b9c011b37d28e661c9203575529c62ee0145096234d23fbe943f22800cb7ae72	29	52696495053967779	True	813	False
stimulus_videos	/pscratch/sd/s/sjmoon/EmoViS/data/raw/CowenEmotionVideos/0814.mp4	0814.mp4	936772	2026-05-08T05:07:26+00:00	b902651a6b23f910e510716136f90c593e24376e7f924a63f40f4bd1fb11570e	814	2.97	h264	636	358	11.11111111111111	33	0	False	True			63649ea7683748ff350e81e2fcaa4b02c47e8d5766796604aa9b5d48833d827d	33	1125900512079480	True	814	False
stimulus_videos	/pscratch/sd/s/sjmoon/EmoViS/data/raw/CowenEmotionVideos/0815.mp4	0815.mp4	121902	2026-05-08T05:07:26+00:00	7c735f24387ab03a70d3f6628075f43a25f655ff62f619f2e676c2158d6d0a4a	815	5.08	h264	960	540	25.0	127	0	False	True			592dd778aeee694e2c96858d5ee93d19ed2132b3262db016f0288507a915dd4b	127	8582631923194551	True	815	False
stimulus_videos	/pscratch/sd/s/sjmoon/EmoViS/data/raw/CowenEmotionVideos/0816.mp4	0816.mp4	58465	2026-05-08T05:07:26+00:00	fa06e046988163215a79bc26c73b38d14a9f3b92acf7a837ffa4d9cb0fa076d7	816	2.4	h264	500	212	12.5	30	0	False	True			17589203fe797e3d5c36d0055e283dcd1c8c68c6dd3f390e54578657c16f31fa	30	36335210321797726	True	816	False
stimulus_videos	/pscratch/sd/s/sjmoon/EmoViS/data/raw/CowenEmotionVideos/0817.mp4	0817.mp4	604419	2026-05-08T05:07:25+00:00	760e12eb1ad9027c846f856f82b270dd34f289134628c5e12233dfd55bc5fb64	817	15.0	h264	300	300	10.0	150	0	False	True			2a38ec3a1f62c248e6a101955a3e81ddddbb0cb54e38bd5d5742ddc518447231	150	56232487666348696	True	817	False
stimulus_videos	/pscratch/sd/s/sjmoon/EmoViS/data/raw/CowenEmotionVideos/0818.mp4	0818.mp4	161905	2026-05-08T05:07:27+00:00	4f2ce3b09e6f2272f56f516523a82dbc4afd481ea76c05c1444db81c55c21617	818	0.8	h264	500	300	10.0	8	0	False	True			5e57787dc7ada0b74ef3dc4e7a3d6031d1e5cf1203dc34ee3f6eb524860cf5a3	8	7382278964957573	True	818	False
stimulus_videos	/pscratch/sd/s/sjmoon/EmoViS/data/raw/CowenEmotionVideos/0819.mp4	0819.mp4	212544	2026-05-08T05:07:27+00:00	3d8af55c81672da41ece9bf9d10e508a810cffd1bcead0653e1a3c0d1bc5a8d8	819	1.92	h264	634	436	12.5	24	0	False	True			c666c73b7e4275a4e5660b31e27094435fdd16221794d76c3c26ed82289e1221	24	47802574364542798	True	819	False
stimulus_videos	/pscratch/sd/s/sjmoon/EmoViS/data/raw/CowenEmotionVideos/0820.mp4	0820.mp4	915898	2026-05-08T05:07:29+00:00	23874dd7e8e1b4c0cbd5cdca67871f27ef93e8c79cb68a7d466a9c0db45d4c7b	820	2.36	h264	718	404	25.0	59	0	False	True			6c2d8297124097a97d816815460f0fc2173b42493965b62c5e4da17864f0fb7c	59	8506339857142574	True	820	False
stimulus_videos	/pscratch/sd/s/sjmoon/EmoViS/data/raw/CowenEmotionVideos/0821.mp4	0821.mp4	80279	2026-05-08T05:07:28+00:00	f42e2303583d74e1a2acceaafc8f6258570ee8ffccda808a84f8bdcd5884bc41	821	1.334	h264	506	308	15.0	20	0	False	True			3d0947a6cb69b8ad3bb3a5d710f3e8fceb663f6a22f5589c99fe1965776763b2	20	4007104773453509	True	821	False
stimulus_videos	/pscratch/sd/s/sjmoon/EmoViS/data/raw/CowenEmotionVideos/0822.mp4	0822.mp4	1306220	2026-05-08T05:07:28+00:00	292c4da23be00861d9930cb7a744c24f217a8e81bcc3ec79091ad2b2730514d1	822	6.25	h264	540	540	20.0	125	0	False	True			6e32ae3df53317c0528fa12414194b2c29774171c8e585c4916ae2af9e154dfa	125	31737965894835256	True	822	False
stimulus_videos	/pscratch/sd/s/sjmoon/EmoViS/data/raw/CowenEmotionVideos/0823.mp4	0823.mp4	250954	2026-05-08T05:07:28+00:00	fa00899c2b8845c31309545d74f854315ef5e4b69b6dbb21d56f1e4674015d85	823	7.2	h264	200	272	10.0	72	0	False	True			3bc0facacf788e08c1ac6019ced2217b175e7df78e91178fbe69d435acc6b485	72	57960992406766620	True	823	False
stimulus_videos	/pscratch/sd/s/sjmoon/EmoViS/data/raw/CowenEmotionVideos/0824.mp4	0824.mp4	672992	2026-05-08T05:07:27+00:00	85a35e4600f46b2c79ad8e5fb1853a06fe3504b1e125961acb8b8aa8ed2ac03d	824	4.734	h264	480	480	15.0	71	0	False	True			9343718fc3222a8ca9c7c064d9e4e15d9abe75d149ccdea172ac52915bd858e9	71	8113872055508844	True	824	False
stimulus_videos	/pscratch/sd/s/sjmoon/EmoViS/data/raw/CowenEmotionVideos/0825.mp4	0825.mp4	1771471	2026-05-08T05:07:27+00:00	f687327354a3bf2f9412fb8c7e6e7e21157bfd944290b8f74970f019010f4a27	825	73.7	h264	308	164	10.0	737	0	False	True			f08808a8201e626c3e38884dcfd6ccf5d35eb5665d8326e9ea999bfc53a2602a	737	6223759663931167	True	825	False
stimulus_videos	/pscratch/sd/s/sjmoon/EmoViS/data/raw/CowenEmotionVideos/0826.mp4	0826.mp4	69069	2026-05-08T05:07:28+00:00	4a0a5d2732a2204ec333a6535fa3f2279a1d5cd7b405bc45386c951ede7487f5	826	1.2	h264	400	266	16.666666666666668	20	0	False	True			23990b6f6b72da1d38a473b2232eac795ce88ae8afab0ca74086693d64d0b9bb	20	55898406862263861	True	826	False
stimulus_videos	/pscratch/sd/s/sjmoon/EmoViS/data/raw/CowenEmotionVideos/0827.mp4	0827.mp4	1340100	2026-05-08T05:07:27+00:00	81ee3b21884a414c13a177c4d972ed4c04fd851c2be219b88d370a5769c1bd36	827	9.12	h264	718	404	25.0	228	0	False	True			137f854bc19e43b845a5ebcb64238e804291073a835336dcf4692a868740fe35	228	43192951201269921	True	827	False
stimulus_videos	/pscratch/sd/s/sjmoon/EmoViS/data/raw/CowenEmotionVideos/0828.mp4	0828.mp4	151973	2026-05-08T05:07:26+00:00	1c3b41a9661e826482eede88d2cc401cdd0b9222a23c324507694cddf8e2764a	828	1.68	h264	500	280	16.666666666666668	28	0	False	True			fed7ba46416a1efbbaa7747c856f177c082c1af156b5b8c6e5f44881e0c54ad6	28	8581517293111183	True	828	False
stimulus_videos	/pscratch/sd/s/sjmoon/EmoViS/data/raw/CowenEmotionVideos/0829.mp4	0829.mp4	128721	2026-05-08T05:07:26+00:00	5fa924b0e07da99b4b12336f1cb4d545f54c7e5811d657d7aa1992ed6c88a5d3	829	2.97	h264	500	270	11.11111111111111	33	0	False	True			fa50a80a0a4b2925453409b85240366bc300b5a7c550b1820767be8b7ab25aa7	33	4432406265987	True	829	False
stimulus_videos	/pscratch/sd/s/sjmoon/EmoViS/data/raw/CowenEmotionVideos/0830.mp4	0830.mp4	404665	2026-05-08T05:07:27+00:00	6cb3a3ca5f9d791d6c82f56079865ddaa5e0962e28be83cb8e0e207e3d8a320a	830	2.58	h264	800	1120	16.666666666666668	43	0	False	True			9bc9a46c6c94e748cb303281f3f32fbead73aa393a0a924e14be699ec6032795	43	42717282948327354	True	830	False
stimulus_videos	/pscratch/sd/s/sjmoon/EmoViS/data/raw/CowenEmotionVideos/0831.mp4	0831.mp4	1770821	2026-05-08T05:07:27+00:00	71e002e0bb55a68f7ef71041f04357434ae0773ec1d63b73a92be8686ca933ca	831	9.0	h264	640	360	30.0	270	0	False	True			6a061e235733848748f2582941c9432241d55f27c853dc41e48c8ddc9eecc299	270	50798502419375700	True	831	False
stimulus_videos	/pscratch/sd/s/sjmoon/EmoViS/data/raw/CowenEmotionVideos/0832.mp4	0832.mp4	324120	2026-05-08T05:07:28+00:00	7ba80f59346de70b406df9fdd45ded5162888d9ea4a2ae983fb6b0c614c70eff	832	2.7	h264	500	200	10.0	27	0	False	True			b083b31a2c8e38881fd03deccd98d76ff0b5d568d33782a0c658e399f62e13dd	27	1702303183741521	True	832	False
stimulus_videos	/pscratch/sd/s/sjmoon/EmoViS/data/raw/CowenEmotionVideos/0833.mp4	0833.mp4	400087	2026-05-08T05:07:27+00:00	e21d0093072384bcfa9e7a796f5606f12d37d64e807d98d4b8a9b401775ceee7	833	3.6	h264	500	500	50.0	180	0	False	True			a3c2399b594a9f9bb93faed6ec3095e2ad9d3cc7cdc6c13fd9fa88d6f8fa27f0	180	47662775410305725	True	833	False
stimulus_videos	/pscratch/sd/s/sjmoon/EmoViS/data/raw/CowenEmotionVideos/0834.mp4	0834.mp4	131120	2026-05-08T05:07:29+00:00	cfc13f9b301b62c3aa40444603c6f5457815e00bb44fc3eb55188eb80e9a7151	834	3.5	h264	500	280	10.0	35	0	False	True			2c86c92b944bc8eee1e6584141d2d54de6ef9489831625a89f59535f3969081f	35	31169197064119270	True	834	False
stimulus_videos	/pscratch/sd/s/sjmoon/EmoViS/data/raw/CowenEmotionVideos/0835.mp4	0835.mp4	364143	2026-05-08T05:07:28+00:00	cfd4b5b31dae6a8ce86fc7cb06f2312b4f5db121cfed5d15b5ab15631d12172b	835	2.03	h264	500	250	14.285714285714286	29	0	False	True			24589c31cb95676a1586bcd2c2440c0be14322676de2c37ea0e272af99a161d2	29	63393894736945603	True	835	False
stimulus_videos	/pscratch/sd/s/sjmoon/EmoViS/data/raw/CowenEmotionVideos/0836.mp4	0836.mp4	186525	2026-05-08T05:07:28+00:00	55dc62022e39d824d537f80b78371b0d26dd366f4dd5ad486d1edd366e77580d	836	3.36	h264	398	224	14.285714285714286	48	0	False	True			27126519bf14444812266c7ba5e9540cc63401e901b81635966f7f771b021d4a	48	30922129450870301	True	836	False
stimulus_videos	/pscratch/sd/s/sjmoon/EmoViS/data/raw/CowenEmotionVideos/0837.mp4	0837.mp4	164520	2026-05-08T05:07:28+00:00	f8eccff2db4dc36fd4fa6382aada1ffe934dfe3ef3df91d765dc00dd0ff73e46	837	2.64	h264	500	238	8.333333333333334	22	0	False	True			d1cdeacf9f6a83cc87b519337ee9b49de99e2428572368b4c973d3de95491993	22	16436365567069208	True	837	False
stimulus_videos	/pscratch/sd/s/sjmoon/EmoViS/data/raw/CowenEmotionVideos/0838.mp4	0838.mp4	74438	2026-05-08T05:07:25+00:00	71ebaa63a50524c0af71974f5aeafb9601b14b8a5df26ac81a40340b88308625	838	1.0	h264	460	280	10.0	10	0	False	True			7bd6842f6a0f21dcd11c75e490ed07b399667265a4da23b2449ea28bdb584803	10	8655355495524041	True	838	False
stimulus_videos	/pscratch/sd/s/sjmoon/EmoViS/data/raw/CowenEmotionVideos/0839.mp4	0839.mp4	431156	2026-05-08T05:07:24+00:00	c54f2795fc5632bc820e1c2ca2902b696032bc486d7df98eac9c4cecfb220d7d	839	6.93	h264	478	268	14.285714285714286	99	0	False	True			13dd161ea6c6b59539ba4ff9b89dce831837f5994ef638108974b9c47f55d61a	99	19878240046418050	True	839	False
stimulus_videos	/pscratch/sd/s/sjmoon/EmoViS/data/raw/CowenEmotionVideos/0840.mp4	0840.mp4	122933	2026-05-08T05:07:30+00:00	a91eb06f514a175406ebffd5570a9598952fc91c2fa5ec58304480d67bb78b07	840	5.94	h264	242	232	16.666666666666668	99	0	False	True			db9fe75630f756913979900f2e1b7a0ba480e4e422bfb11dbdd51bc221a1e789	99	1693291225828374	True	840	False
stimulus_videos	/pscratch/sd/s/sjmoon/EmoViS/data/raw/CowenEmotionVideos/0841.mp4	0841.mp4	41553	2026-05-08T05:07:30+00:00	8b2b361d2c6a430a54ddf513ddfe8c657fd0cfddbaafb52513572ce9205cf798	841	1.32	h264	500	282	8.333333333333334	11	0	False	True			8e009de210641f3369241eb49644b0f9829550039ddb95c0d8383d38e1236ad7	11	7377325048983454	True	841	False
stimulus_videos	/pscratch/sd/s/sjmoon/EmoViS/data/raw/CowenEmotionVideos/0842.mp4	0842.mp4	4747579	2026-05-08T05:07:31+00:00	c6963eebb3ae5cf867008244aedb09a017c3d7e2819dd07eba2bc3700e439a6a	842	12.52	h264	960	544	25.0	313	0	False	True			cbd700fcd8c9b2831d97dbbfae35d380b9ddb956e342f6ebb03e6e40c8f393a1	313	70270952574582001	True	842	False
stimulus_videos	/pscratch/sd/s/sjmoon/EmoViS/data/raw/CowenEmotionVideos/0843.mp4	0843.mp4	258523	2026-05-08T05:07:31+00:00	155c21a57c510d3df2c55438b6ebcc5a4d5635f20015d8db7708994460602b26	843	4.2	h264	242	136	8.333333333333334	35	0	False	True			111aa1ebcbbad64a5bb53ac8b1b63ada2c229728cecdcbbb8db543f29605fcc2	35	35465639004946046	True	843	False
stimulus_videos	/pscratch/sd/s/sjmoon/EmoViS/data/raw/CowenEmotionVideos/0844.mp4	0844.mp4	968437	2026-05-08T05:07:30+00:00	c6d3ffbfffd02332f93bab95e4c5a94ec2753f7ffeaa7c866ec3869eab04f72c	844	4.69	h264	600	334	14.285714285714286	67	0	False	True			84722efe6b82f9fb350bc8494b1037d027e8da2c41b990751580822940bba93e	67	20292796683619091	True	844	False
stimulus_videos	/pscratch/sd/s/sjmoon/EmoViS/data/raw/CowenEmotionVideos/0845.mp4	0845.mp4	1029259	2026-05-08T05:07:30+00:00	cf949b75a74f241764026c96bfbc2b3224518ec0f8cdf9000a47e78ac5c7ce50	845	9.0	h264	380	284	10.0	90	0	False	True			1615f2e10cb7ae577cb5635ea8b9369c03a249d50759d135b8d5ac1daac65dc7	90	567668324141843	True	845	False
stimulus_videos	/pscratch/sd/s/sjmoon/EmoViS/data/raw/CowenEmotionVideos/0846.mp4	0846.mp4	1846112	2026-05-08T05:07:29+00:00	6fe806d313df0b6a21d472bb2ab13dd249440cd7a29a4a470c53f8ab0ce098bf	846	13.08	h264	720	404	25.0	327	0	False	True			7909186944e1184722581466439b3d3289d5098c22d6c93bd0c9ac7e12cf5189	327	4503567809380366	True	846	False
stimulus_videos	/pscratch/sd/s/sjmoon/EmoViS/data/raw/CowenEmotionVideos/0847.mp4	0847.mp4	333611	2026-05-08T05:07:29+00:00	f5bb505ddde6b4354aef4f4365d656694dd7a41d85fd3e214efbcfb9226890f3	847	7.02	h264	350	226	16.666666666666668	117	0	False	True			04471a612404a66f0a4dd6926685029c3ece5749ae5930bb8f319080506c18d9	117	17589831117299647	True	847	False
stimulus_videos	/pscratch/sd/s/sjmoon/EmoViS/data/raw/CowenEmotionVideos/0848.mp4	0848.mp4	173773	2026-05-08T05:07:23+00:00	dc155c25bea19c742cad5335824ff6a974168e4fd45a6a71e174b03b401ca6e8	848	1.0	h264	1280	720	25.0	25	0	False	True			d77cb66bf4edc8a70ab49245f8f81c2827d2f71f892d6eadcacdb689d8014e6e	25	4787586397665	True	848	False
stimulus_videos	/pscratch/sd/s/sjmoon/EmoViS/data/raw/CowenEmotionVideos/0849.mp4	0849.mp4	207171	2026-05-08T05:07:24+00:00	e15403f184d610631ab9e9ef044a2c34c206445c24c926e2ff7b9f72a939d219	849	1.98	h264	358	466	16.666666666666668	33	0	False	True			9a85a2811ace2e0c6f7e395fb851784f41d5aad71ffbd9a54c9acfe400484bc8	33	7934145479950335	True	849	False
stimulus_videos	/pscratch/sd/s/sjmoon/EmoViS/data/raw/CowenEmotionVideos/0850.mp4	0850.mp4	1781463	2026-05-08T05:07:30+00:00	d5fb1b78573ba7a5d4a2874c07322b229c106131d623f890c36d5ceb81876b0e	850	4.669	h264	1920	1080	59.94006309148265	281	0	False	True			20b1ee9496201631b37e539ddcb6b24d545441502e7ef5d2801bc50371eeb5bb	280	61561569125273406	True	850	False
stimulus_videos	/pscratch/sd/s/sjmoon/EmoViS/data/raw/CowenEmotionVideos/0851.mp4	0851.mp4	6364295	2026-05-08T05:07:30+00:00	d4c4b70caa091e348674ada8424a26243fa27b3ae514c7888fab8183e6a45b55	851	15.015	h264	720	720	29.97002997002997	450	0	False	True			36627323eea5d93cd8127aba474051e4b426ba95a57fcae97a03a6c6d71da967	450	43686756173577661	True	851	False
stimulus_videos	/pscratch/sd/s/sjmoon/EmoViS/data/raw/CowenEmotionVideos/0852.mp4	0852.mp4	2423300	2026-05-08T05:07:29+00:00	df1a1cddfde3ede1c68691bcf774a1cab7d3c9e3f5d068f2456f5dc8c2e4b7c6	852	14.08	h264	406	720	25.0	352	0	False	True			7c6d8d2600f89fde012e06eb284b8e6d1b886f8ea0f1265d250305bcbb92f81a	352	1702147890664231	True	852	False
stimulus_videos	/pscratch/sd/s/sjmoon/EmoViS/data/raw/CowenEmotionVideos/0853.mp4	0853.mp4	922974	2026-05-08T05:07:29+00:00	a54e5f434f37afe552e3e8cb8dae66e86057dcb625cda96714e9f748f0541ccc	853	3.5	h264	500	280	10.0	35	0	False	True			c93e63a8547093c990522f40b072620d79adb36c4809b22797963e4f0810bce3	35	57871953660264645	True	853	False
stimulus_videos	/pscratch/sd/s/sjmoon/EmoViS/data/raw/CowenEmotionVideos/0854.mp4	0854.mp4	120125	2026-05-08T05:07:30+00:00	39e69bcf04db72204cf140bc5cbe6f9766f3075e0031b9c33d1fefd17ed734b2	854	2.4	h264	828	474	10.0	24	0	False	True			e708d3943eb98d71f3d6d2794a1d5f32075947b08c2afe20ad4c26f68c0543cd	24	7907895408822030	True	854	False
stimulus_videos	/pscratch/sd/s/sjmoon/EmoViS/data/raw/CowenEmotionVideos/0855.mp4	0855.mp4	197342	2026-05-08T05:07:30+00:00	7b44bdbbb7081c4879b08a244332408d16fd6716995060b9751439ef63564368	855	4.05	h264	500	280	20.0	81	0	False	True			69f9ba1a35a648cd3d7596d4b53124e34abda3a6391b1ad4540b1f2b4e02c1fa	81	41490938367943635	True	855	False
stimulus_videos	/pscratch/sd/s/sjmoon/EmoViS/data/raw/CowenEmotionVideos/0856.mp4	0856.mp4	73866	2026-05-08T05:07:31+00:00	b1356410dee0b27742b901764066470f5bc6811d0a2a974628686c84f3217833	856	5.92	h264	302	184	25.0	148	0	False	True			4668c3a2e57472233db82af35d484d4c4c998d554260b0e59cf26fe9c87dbfd0	148	31737028695772879	True	856	False
stimulus_videos	/pscratch/sd/s/sjmoon/EmoViS/data/raw/CowenEmotionVideos/0857.mp4	0857.mp4	804560	2026-05-08T05:07:31+00:00	b674cd83ca4cbba21584740d339d38937ee5d9ef0df51a44c1aca94978657c2a	857	5.2	h264	320	570	7.6923076923076925	40	0	False	True			c32d94329d1259cec38c815e9aafeb9c3cfff4c74a4956a791a4e30e903f3ef8	40	35735000589093263	True	857	False
stimulus_videos	/pscratch/sd/s/sjmoon/EmoViS/data/raw/CowenEmotionVideos/0858.mp4	0858.mp4	419005	2026-05-08T05:07:23+00:00	015b95f978d85c67bfdefe74040fc8cd42a416ad24a5a6f423122644d76d800b	858	5.0	h264	512	384	10.0	50	0	False	True			38503cb68ecf882b18d3709c325473fa700538298a77ed2cf3c93762a97d1c91	50	15868636887631679	True	858	False
stimulus_videos	/pscratch/sd/s/sjmoon/EmoViS/data/raw/CowenEmotionVideos/0859.mp4	0859.mp4	192724	2026-05-08T05:07:23+00:00	e3dbec19eb3de187a2488971207e0e504827b3fc09761162cedb504ccb228c35	859	4.5	h264	252	190	10.0	45	0	False	True			420b1419e7c669dde1bc7566bd824cabbfd50b1a2e29f494c5b3f1755d53322e	45	52485109616674316	True	472	True
stimulus_videos	/pscratch/sd/s/sjmoon/EmoViS/data/raw/CowenEmotionVideos/0860.mp4	0860.mp4	75365	2026-05-08T05:07:23+00:00	529532266659c636383245e9414bccff56686e7425cbe1c78b7ac726e6e8a986	860	5.9	h264	244	150	10.0	59	0	False	True			da1aea9b8b0a3abc961fa0e077994706c04e607857aa9551f1937bf821de3b34	59	2278638011998078	True	860	False
stimulus_videos	/pscratch/sd/s/sjmoon/EmoViS/data/raw/CowenEmotionVideos/0861.mp4	0861.mp4	149149	2026-05-08T05:07:24+00:00	8c6c498f0ca9a6ce5fb3dd3265697d29e995b04097e1f71bf84982f1582d2af8	861	5.6	h264	250	114	10.0	56	0	False	True			a4e407cca30e6d8f1e2538b53a77028ffd89eebcd300642affb7f301b6019563	56	15879934775439480	True	861	False
stimulus_videos	/pscratch/sd/s/sjmoon/EmoViS/data/raw/CowenEmotionVideos/0862.mp4	0862.mp4	97120	2026-05-08T05:07:24+00:00	dd0f2849ba2ca49edfe9008747646adcaf20ea0ce3f468fe9d832bafa39f123d	862	1.44	h264	426	240	16.666666666666668	24	0	False	True			40d43fa1015360aaca1d22d15f81888c275228510d798f83599f84236aeca893	24	12711288897993199	True	862	False
stimulus_videos	/pscratch/sd/s/sjmoon/EmoViS/data/raw/CowenEmotionVideos/0863.mp4	0863.mp4	115616	2026-05-08T05:07:24+00:00	4846a44e1aeaf81b7281759ce173c2c785c24b1c2e06655342e81418fe1b3546	863	6.2	h264	240	168	10.0	62	0	False	True			fbecbd59dc0ae0c8e41c092b0c87ed2c33bd0a3e838ece0b2e10cd6882022f2f	62	65133318393798204	True	863	False
stimulus_videos	/pscratch/sd/s/sjmoon/EmoViS/data/raw/CowenEmotionVideos/0864.mp4	0864.mp4	463881	2026-05-08T05:07:23+00:00	5361fa6cfc51a895632d59b9e4f35a66e10f5c7adff2640db7cc85acdd05f88f	864	6.8	h264	360	316	10.0	68	0	False	True			94bce4f7b59fb0650c25a2503f7ccdc389acceb868d60d93d0962be19db3e3cf	68	70931658959592380	True	864	False
stimulus_videos	/pscratch/sd/s/sjmoon/EmoViS/data/raw/CowenEmotionVideos/0865.mp4	0865.mp4	561318	2026-05-08T05:07:23+00:00	88fb4cca3a74a94e58f77088fbb41d22e51d4e5dd11ee2716ccb4c070a5b7dd4	865	5.22	h264	480	270	16.666666666666668	87	0	False	True			deaf48a222a68ef2e1fdb91d07e21ad26aa26d6b565acea5ab7b5e0c9b19b6ec	87	22021541657804747	True	865	False
stimulus_videos	/pscratch/sd/s/sjmoon/EmoViS/data/raw/CowenEmotionVideos/0866.mp4	0866.mp4	975325	2026-05-08T05:07:22+00:00	afe7b4abd0d5ecb4a7dfb6a25e01c966551a1f6acd73759414d4699e4ca72ab2	866	10.52	h264	356	260	100.0	1052	0	False	True			9785faeaf1adf627396030d3570cd255ea25aeca0f660b4e31460361da377fa9	1052	63830000371189647	True	259	True
stimulus_videos	/pscratch/sd/s/sjmoon/EmoViS/data/raw/CowenEmotionVideos/0867.mp4	0867.mp4	132906	2026-05-08T05:07:23+00:00	1517b6cd5d6f95e13349764ff268fa3c67e0b1c9008f7164cce528280e7700f6	867	1.98	h264	500	378	11.11111111111111	22	0	False	True			efe0124c81310dd0fcaab4d3243d8ceacd58e5b66176eb7753ef380a8a204387	22	24601495091228524	True	867	False
stimulus_videos	/pscratch/sd/s/sjmoon/EmoViS/data/raw/CowenEmotionVideos/0868.mp4	0868.mp4	241280	2026-05-08T05:07:30+00:00	a711266a75a09ac71353d48d9575e36823339dd908712a2005068d3f20e9dd0f	868	2.45	h264	244	244	20.0	49	0	False	True			02b77544bd7d9b08f1488f509e5bee9d7768513bcd26eef54b624919fcfd95bf	49	64995692672777548	True	868	False
stimulus_videos	/pscratch/sd/s/sjmoon/EmoViS/data/raw/CowenEmotionVideos/0869.mp4	0869.mp4	224086	2026-05-08T05:07:30+00:00	aa3289ba01b101999065779a01d30f4ca8e5c4a683908ee401d097ddae9e810c	869	6.2	h264	414	238	10.0	62	0	False	True			4a188dd35aa7001714e5ec41603372b58f165fae923474a555e734a519b8233a	62	70334702886101104	True	869	False
stimulus_videos	/pscratch/sd/s/sjmoon/EmoViS/data/raw/CowenEmotionVideos/0870.mp4	0870.mp4	64916	2026-05-08T05:07:23+00:00	b56515ffdb1656e6709b374bbebd066f349efbc1ea7646b2ccf6856b049b5a06	870	6.27	h264	700	528	9.090909090909092	57	0	False	True			20fa9ffb733c22430e345cea3e7661668bc210a6661aca104e66de82a9567bf9	57	65702029396965968	True	870	False
stimulus_videos	/pscratch/sd/s/sjmoon/EmoViS/data/raw/CowenEmotionVideos/0871.mp4	0871.mp4	70944	2026-05-08T05:07:23+00:00	607e5cefab3d9b7d1d8d525a1244233b6c97f77deaebfb0c5892a3fe404c018d	871	2.25	h264	300	168	33.333333333333336	75	0	False	True			efc2a0d7fe6efb2a83c233e874f2be1d864af57397ec6bba348bae3b6c5bc52e	75	36452447166669131	True	871	False
stimulus_videos	/pscratch/sd/s/sjmoon/EmoViS/data/raw/CowenEmotionVideos/0872.mp4	0872.mp4	1069897	2026-05-08T05:07:22+00:00	24dbc80082fa69fcd9eead836904e4b4c10ae8d828146f7ee061aff24bd7f13c	872	5.64	h264	424	234	16.666666666666668	94	0	False	True			a5928b53b3d853382de200452aacac8d99d19d286467b5c99601dde04e3142fe	94	15886635457279608	True	872	False
stimulus_videos	/pscratch/sd/s/sjmoon/EmoViS/data/raw/CowenEmotionVideos/0873.mp4	0873.mp4	443957	2026-05-08T05:07:23+00:00	0df35080a9cb24456b24d7b0bb60972c46c5c7d93cb27a8d88f16803468a689e	873	9.0	h264	320	240	8.333333333333334	75	0	False	True			717a4f8736a48650f76cb61b5fc50199b6e6be6aee3e253b81ff53e9e264a8b3	75	1883878719736094	True	873	False
stimulus_videos	/pscratch/sd/s/sjmoon/EmoViS/data/raw/CowenEmotionVideos/0874.mp4	0874.mp4	557671	2026-05-08T05:07:23+00:00	79227b54840eedd5e9ad2a03cd8416c7003cfc1bf2504ecdb2374e54a90567d1	874	8.46	h264	330	248	11.11111111111111	94	0	False	True			aaf3a1c14d47c938e6b82698de7f69e4d6791d2fcc6c4584e7c3eb45fe7e9ab2	94	1152806004244870	True	874	False
stimulus_videos	/pscratch/sd/s/sjmoon/EmoViS/data/raw/CowenEmotionVideos/0875.mp4	0875.mp4	2953450	2026-05-08T05:07:24+00:00	175a5668a6e51cfac8980c6a945d05319a3939493b4db7fdb851ff66d51fa2b6	875	15.034	h264	720	720	30.0	451	0	False	True			ed3154995d55bc972697caa1108090a47293e7cb0f36db21a98feb012fb2a31b	451	18590769951514417	True	875	False
stimulus_videos	/pscratch/sd/s/sjmoon/EmoViS/data/raw/CowenEmotionVideos/0876.mp4	0876.mp4	293692	2026-05-08T05:07:24+00:00	5145707c70d3ffac4c2f9375f770ae44b0ec09057123f55de3d6103bf51409e6	876	3.6	h264	320	240	8.333333333333334	30	0	False	True			739446f33a8744a02d4ae2fba6978f593debaa8d988e34438295dc732d82090a	30	44257507882604	True	876	False
stimulus_videos	/pscratch/sd/s/sjmoon/EmoViS/data/raw/CowenEmotionVideos/0877.mp4	0877.mp4	895243	2026-05-08T05:07:24+00:00	5400017c8fe6813105a1ae0047c7791653e9387dbad744cc1c9450d696bbb2bf	877	7.6	h264	360	270	20.0	152	0	False	True			0f73528d7c166cfd4eaf8b6843d5bdebad104e3d83d97d42a6ce95d981e119b6	152	31240848101544738	True	877	False
stimulus_videos	/pscratch/sd/s/sjmoon/EmoViS/data/raw/CowenEmotionVideos/0878.mp4	0878.mp4	439291	2026-05-08T05:07:30+00:00	b79c7d7c0e015e660213ecf5f9ece7042ea9e240e44f2401d12e2453998f833e	878	1.53	h264	500	236	33.333333333333336	51	0	False	True			d7ca8664908453aecd4df26dd4dc045705969173b7f34fcb1f38facc73521b8f	51	56162015579535591	True	878	False
stimulus_videos	/pscratch/sd/s/sjmoon/EmoViS/data/raw/CowenEmotionVideos/0879.mp4	0879.mp4	7110557	2026-05-08T05:07:30+00:00	4088cfb3a27cef32dc7529ed4f362a2b74de62c13f1f1055a16fd14c79ef69d6	879	90.067	h264	326	180	30.0	2702	0	False	True			c00fea48d4eb61d0a549524373a4601005df6fc1b4e668f4166dbdf64f468580	2702	30009206944221063	True	879	False
stimulus_videos	/pscratch/sd/s/sjmoon/EmoViS/data/raw/CowenEmotionVideos/0880.mp4	0880.mp4	64497	2026-05-08T05:07:31+00:00	1d912a253ee679f4d8adfa757d304599e36f886038d337c2c083c7e062118c0a	880	1.2	h264	500	294	33.333333333333336	40	0	False	True			ccaa79a1b78efaff6a27e629bb4a90b5b263881e5475498cd5a9e9f8d47a01bf	40	39983299904644620	True	880	False
stimulus_videos	/pscratch/sd/s/sjmoon/EmoViS/data/raw/CowenEmotionVideos/0881.mp4	0881.mp4	434129	2026-05-08T05:07:31+00:00	8f708217fc9bcbfe8919ac720e193897b67702d29ab728d67b15eab64a56bb6d	881	4.88	h264	718	404	25.0	122	0	False	True			5215ec0476882a115ed1584dfe610640275fbdbadd58b27bd53636bacfd92dc1	122	40284443645298574	True	881	False
stimulus_videos	/pscratch/sd/s/sjmoon/EmoViS/data/raw/CowenEmotionVideos/0882.mp4	0882.mp4	826824	2026-05-08T05:07:30+00:00	4f313be064bd48bd09b0cc2bbb77641ef85e5fae97290d1e294e11810b9ad49e	882	5.92	h264	400	266	25.0	148	0	False	True			b609ccd423483aca75d99cfc83c547a978c5b1bc3dae461146451ced0f129f00	148	32636491986579247	True	882	False
stimulus_videos	/pscratch/sd/s/sjmoon/EmoViS/data/raw/CowenEmotionVideos/0883.mp4	0883.mp4	602612	2026-05-08T05:07:30+00:00	a86c7727f39d78568bc8053d397e1842d5386b2f44b976dc673af6a0c8ef7a1e	883	2.1	h264	460	644	6.666666666666667	14	0	False	True			2cbc494631e6a7ac84460a0bcfc89ca168cb0f20bc65dacb012c533e54bb7f12	14	35156166835635928	True	883	False
stimulus_videos	/pscratch/sd/s/sjmoon/EmoViS/data/raw/CowenEmotionVideos/0884.mp4	0884.mp4	418684	2026-05-08T05:07:29+00:00	5785de07968e5dbd22f6616087f37166bad358bd1611d72bd6d56ee5ef93f510	884	4.6	h264	636	288	20.0	92	0	False	True			0b8f8e4767d5f5ef0c922b2ae51ef240eecb9625e7024e13500ebf333297c47c	92	71738436995892111	True	884	False
stimulus_videos	/pscratch/sd/s/sjmoon/EmoViS/data/raw/CowenEmotionVideos/0885.mp4	0885.mp4	585712	2026-05-08T05:07:29+00:00	61ae344d5a15c07d7b81159731b9b0beb1de40a1edb5f567dccb2e528fe9598b	885	12.5	h264	308	184	10.0	125	0	False	True			6402f7cd50490becf8083f18e8beb7093d0f3d563ee7760ba47a8173d928f9bd	125	1741383871109177	True	885	False
stimulus_videos	/pscratch/sd/s/sjmoon/EmoViS/data/raw/CowenEmotionVideos/0886.mp4	0886.mp4	9216473	2026-05-08T05:07:30+00:00	52945c61c45d49e0995642f3228b33c50be05353d0457e8c2cf88488613c1484	886	13.034	h264	720	720	30.0	391	0	False	True			220d2009467cbf513d05f720d0925c121b23b97a22a9f456cb747cddaaa94bc4	391	54066328559972576	True	886	False
stimulus_videos	/pscratch/sd/s/sjmoon/EmoViS/data/raw/CowenEmotionVideos/0887.mp4	0887.mp4	19676	2026-05-08T05:07:30+00:00	376f1bf3136a528a75fa81f6a4a2b34b079d0d6a32b69e3146cb07d9c7e24603	887	1.3	h264	250	140	10.0	13	0	False	True			3e3b357ecf66d465df5d4f4ff868e597bf45a4070009d322dae84117807ff23d	13	8511293267369403	True	887	False
stimulus_videos	/pscratch/sd/s/sjmoon/EmoViS/data/raw/CowenEmotionVideos/0888.mp4	0888.mp4	118567	2026-05-08T05:07:24+00:00	1b15d040dbc95bb52f6b441ed9bc238f058e05e9c0f21ee0c671ad620676923e	888	1.1	h264	480	360	10.0	11	0	False	True			820a42b3097bdd4c71c2ef28ad62ade91f286fc7f6e1cbb5eeae9c01c8d446fc	11	31328805362111096	True	888	False
stimulus_videos	/pscratch/sd/s/sjmoon/EmoViS/data/raw/CowenEmotionVideos/0889.mp4	0889.mp4	605719	2026-05-08T05:07:24+00:00	71222ab0221f0b9cc2863c4d54ae5e5ac06ef306ed8d1530d6aa7d931573b775	889	3.78	h264	480	270	16.666666666666668	63	0	False	True			70e04cdca0191d38583c841b92bd4dca6141f8962124f1ada9b8fa194d4015fd	63	2820837909870704	True	889	False
stimulus_videos	/pscratch/sd/s/sjmoon/EmoViS/data/raw/CowenEmotionVideos/0890.mp4	0890.mp4	337883	2026-05-08T05:07:29+00:00	cc8ee7c5bb7f64b6b9f01dc11fb8fa46b9f0aa13f4d260475d7fa62519f11c92	890	5.25	h264	400	224	14.285714285714286	75	0	False	True			9a27ae181fc9f9b76a1606015fc6fe647afba2ec5069a93177964246b15d46e8	75	1693250071776919	True	890	False
stimulus_videos	/pscratch/sd/s/sjmoon/EmoViS/data/raw/CowenEmotionVideos/0891.mp4	0891.mp4	178331	2026-05-08T05:07:29+00:00	449f410cd64738e36fa024e5240e9f8d493dda88535c1ad06a1bd9d85fa23eba	891	3.24	h264	500	280	50.0	162	0	False	True			1ad375bcb2cd203a62d12a460327a65ef07efa1d39a6de353cf67f207fc81ce3	162	14185662595324984	True	891	False
stimulus_videos	/pscratch/sd/s/sjmoon/EmoViS/data/raw/CowenEmotionVideos/0892.mp4	0892.mp4	1072846	2026-05-08T05:07:30+00:00	5488fd95f2db2fb2d394414edcbd41395b4eb79efe27621a5a20f628970b6248	892	11.2	h264	426	426	25.0	280	0	False	True			c7fc04864958f9e65ad2328bcfd720d46e3667d2ab1818ec76a447f156c65f75	280	68103645259841084	True	892	False
stimulus_videos	/pscratch/sd/s/sjmoon/EmoViS/data/raw/CowenEmotionVideos/0893.mp4	0893.mp4	82550	2026-05-08T05:07:30+00:00	e42ce607595585cf6d364a19b552187cf14a0ad267a53234115a7875054c3132	893	0.9	h264	360	270	16.666666666666668	15	0	False	True			705f8bc4721efefca8278a854f2e7486aca2ccb2c3397deef408d6b37f92ccc5	15	10927429550676532	True	893	False
stimulus_videos	/pscratch/sd/s/sjmoon/EmoViS/data/raw/CowenEmotionVideos/0894.mp4	0894.mp4	2631056	2026-05-08T05:07:31+00:00	c3b0771f240ab33c70ee188ce342bbd806d49d93c777f4aff7b105018b47059c	894	15.12	h264	718	404	25.0	378	0	False	True			80ee6924c46fd8c5dae88de18762e1329bef9be7dc7159cf332f5fc70b63fe2e	378	13621615802076316	True	894	False
stimulus_videos	/pscratch/sd/s/sjmoon/EmoViS/data/raw/CowenEmotionVideos/0895.mp4	0895.mp4	452519	2026-05-08T05:07:31+00:00	22d49f9433e8e922b40511b40d10692a1e3f12bd703c32ed1188fe6c452d5963	895	1.0	h264	832	468	25.0	25	0	False	True			2143392901692231fc9e47bd4d35cbc5a881f1fd0d672d0e9571b72bf6a2bd4a	25	13128549798381079	True	895	False
stimulus_videos	/pscratch/sd/s/sjmoon/EmoViS/data/raw/CowenEmotionVideos/0896.mp4	0896.mp4	64771	2026-05-08T05:07:30+00:00	e614bbf9813901964a1011904f45aa96fbe50213f51d7e7fa4012fd0cc2dad26	896	1.96	h264	244	170	14.285714285714286	28	0	False	True			9684aa254b13a06e7d8872dd92e5860d3d4543ccc5fc691df65d53bc3bcbd798	28	15319278751871073	True	896	False
stimulus_videos	/pscratch/sd/s/sjmoon/EmoViS/data/raw/CowenEmotionVideos/0897.mp4	0897.mp4	2637475	2026-05-08T05:07:30+00:00	d59e20543b57c8e8a1a709c761783283d593d97628dd3b558e77aab26be50cc5	897	6.467	h264	720	720	30.0	194	0	False	True			87b66ba2713ba43b8d80f161fb257b36ade117175146c1e631cd89802097963b	194	296920082957199	True	897	False
stimulus_videos	/pscratch/sd/s/sjmoon/EmoViS/data/raw/CowenEmotionVideos/0898.mp4	0898.mp4	48188	2026-05-08T05:07:23+00:00	3a5942d84225167936d2ce1ff028a5865224c7a3b87a323ca3db208ce05a2862	898	2.47	h264	500	280	7.6923076923076925	19	0	False	True			24951e9fab50fd8974d7b67b980a5e083294cf78c56db03991fe9d5fa1b8625f	19	2021857319093497	True	898	False
stimulus_videos	/pscratch/sd/s/sjmoon/EmoViS/data/raw/CowenEmotionVideos/0899.mp4	0899.mp4	764193	2026-05-08T05:07:22+00:00	5d423d763a86e482fa23629e541a06c5bca57a02e336cb28ebf31df96bbd9c67	899	6.08	h264	640	360	25.0	152	0	False	True			05c9c14ad3826607f225fee1e055b499c2dd7715d2d31040a0e16aff2dc6f1a6	152	1697715482296608	True	899	False
stimulus_videos	/pscratch/sd/s/sjmoon/EmoViS/data/raw/CowenEmotionVideos/0900.mp4	0900.mp4	2004973	2026-05-08T05:07:23+00:00	9cdea24ba39d3effb0e162983f898f34f1a31804aa763bc0ff3de422accf2088	900	15.08	h264	640	360	25.0	377	0	False	True			73816ad6586f49ae8969c9e07b0ef48bb93d5c0574bc1a61d7801e4405de8abf	377	32588208696752562	True	900	False
stimulus_videos	/pscratch/sd/s/sjmoon/EmoViS/data/raw/CowenEmotionVideos/0901.mp4	0901.mp4	95003	2026-05-08T05:07:24+00:00	89c48d0a5871457a94dad844e183a91d3768a7f6a5a488e9b4634a3248c65274	901	0.6	h264	640	640	25.0	15	0	False	True			839a9ce447d0d626e821218ae7cc65ee72d21575aaf112dcc00c5fbac899441b	15	734717286667137	True	901	False
stimulus_videos	/pscratch/sd/s/sjmoon/EmoViS/data/raw/CowenEmotionVideos/0902.mp4	0902.mp4	59887	2026-05-08T05:07:24+00:00	073e636ee9f5a71bc5476eea66596c19205186c05cfc0c1c9f973fc77c211f5a	902	1.68	h264	420	236	8.333333333333334	14	0	False	True			e88c777bc6d7b2658f5fa45be6267ca99396119004ca6c26c465fc11f5bebdf4	14	64114237212653026	True	902	False
stimulus_videos	/pscratch/sd/s/sjmoon/EmoViS/data/raw/CowenEmotionVideos/0903.mp4	0903.mp4	589230	2026-05-08T05:07:24+00:00	42386f33e8b19ad712095f08a88a357e7b25d43f2e721f2d9f72946c28a3f923	903	10.84	h264	710	400	25.0	271	0	False	True			dcb71a0af747dcb522c2875d346e1fc4258f10bd76a1499febc5b847a94df44c	271	51081854944823536	True	903	False
stimulus_videos	/pscratch/sd/s/sjmoon/EmoViS/data/raw/CowenEmotionVideos/0904.mp4	0904.mp4	322895	2026-05-08T05:07:23+00:00	d63127912e6205143359e862e6b69d7f9ee1e1dff3ea3c51ba6133ce62794380	904	13.44	h264	236	426	25.0	336	0	False	True			0d7607684a9765bb5e9c9afc0ac74ba3fe202c83c0c0810b72886ff7f1ba1a3f	336	64038751806312371	True	904	False
stimulus_videos	/pscratch/sd/s/sjmoon/EmoViS/data/raw/CowenEmotionVideos/0905.mp4	0905.mp4	469829	2026-05-08T05:07:23+00:00	a386b43ffa3621b8a5bd2fb9ba306f24dcfb25adac49105593938611d018aef2	905	4.04	h264	480	270	25.0	101	0	False	True			5d213e439c36386ada2c665ee0a727e5e0f2a9e18080db0bb4cbbed86a79559d	101	7394252525098669	True	905	False
stimulus_videos	/pscratch/sd/s/sjmoon/EmoViS/data/raw/CowenEmotionVideos/0906.mp4	0906.mp4	165507	2026-05-08T05:07:22+00:00	0c1b01de399246c4dcc7140afe22a93e9d585909bf10618b9784a3ff7799a573	906	2.88	h264	380	274	11.11111111111111	32	0	False	True			b84569d3db7b54e5e64a65e97a471f64c6f39d13e6b0507da951b65d46903194	32	10780235620778947	True	906	False
stimulus_videos	/pscratch/sd/s/sjmoon/EmoViS/data/raw/CowenEmotionVideos/0907.mp4	0907.mp4	436763	2026-05-08T05:07:22+00:00	b6a19bacec0c2c0c9a2934bda7a6f2c16efd42698c24bb3e8c8249e2e4802d2f	907	2.64	h264	600	304	16.666666666666668	44	0	False	True			c94ea5958ade2cc7506ebc1b85c8a8faaa3aa289f8d12b39a493908a32f27694	44	7125613785406520	True	907	False
stimulus_videos	/pscratch/sd/s/sjmoon/EmoViS/data/raw/CowenEmotionVideos/0908.mp4	0908.mp4	4587361	2026-05-08T05:07:30+00:00	a6f2ebdc410dbf1419c81744f8fa0a4af25c1683fc9a81599ee5b905aafbabb0	908	15.1	h264	640	640	10.0	151	0	False	True			a26b2153a813f51b3d85b3675f27be5654b5955402f61f1973d20ec117130c5d	151	32035129448309647	True	908	False
stimulus_videos	/pscratch/sd/s/sjmoon/EmoViS/data/raw/CowenEmotionVideos/0909.mp4	0909.mp4	103324	2026-05-08T05:07:30+00:00	dc0c2071d372b4703e5a9026ffadd7b224fb78d45733a9eaeb22a4cb38e98251	909	2.4	h264	542	302	10.0	24	0	False	True			e4495cf3ad00060f96c82f5ea578d038ee11c0ecc79754a24417105ab3dbb413	24	64564158252563468	True	909	False
stimulus_videos	/pscratch/sd/s/sjmoon/EmoViS/data/raw/CowenEmotionVideos/0910.mp4	0910.mp4	983269	2026-05-08T05:07:23+00:00	8d5436225555aaaf1a6100970a0cafa6fa756fca0e6eb876028c6aa258eb24a6	910	7.74	h264	346	244	11.11111111111111	86	0	False	True			0bb0515c039581288c232c48f030fee07cc25155625c210b27362c1b9851da44	86	7358420999647344	True	910	False
stimulus_videos	/pscratch/sd/s/sjmoon/EmoViS/data/raw/CowenEmotionVideos/0911.mp4	0911.mp4	223428	2026-05-08T05:07:23+00:00	d8b75b14c673aab043aaf13bfee213a8c9244323b287a78f5d4aa9753acd84d2	911	4.32	h264	344	300	12.5	54	0	False	True			f82ea618ace1382d4d9f28d1329c99f55746fd47462d8bfa6ebe01cb8893dd6b	54	65242353866045359	True	911	False
stimulus_videos	/pscratch/sd/s/sjmoon/EmoViS/data/raw/CowenEmotionVideos/0912.mp4	0912.mp4	6369242	2026-05-08T05:07:22+00:00	f7dbb420412b40216d8b34e85e6952b87f919de411730af08de8d3f5c7f9bffe	912	10.967	h264	720	404	30.0	329	0	False	True			0d2773c855340a9c342c687d3b414bedbbfe4bb8b6f0fc20df36db12ef1854d4	329	44893053281582847	True	912	False
stimulus_videos	/pscratch/sd/s/sjmoon/EmoViS/data/raw/CowenEmotionVideos/0913.mp4	0913.mp4	1389934	2026-05-08T05:07:22+00:00	0780432200b722465b76926c785f2910b35d0ddf4863971b3331f3bb38248731	913	15.7	h264	480	360	10.0	157	0	False	True			cfa674dc336b34cb7db92ce735d6ec1bf5f39cc5965d11b0e7f0cb6fd48cb4e5	157	66364933137343286	True	913	False
stimulus_videos	/pscratch/sd/s/sjmoon/EmoViS/data/raw/CowenEmotionVideos/0914.mp4	0914.mp4	75629	2026-05-08T05:07:23+00:00	b602ec871963dc3817e3709f9c7f300015d7b394d76cb1dfa805456227f89c59	914	4.34	h264	370	156	7.142857142857143	31	0	False	True			dcf73bb05aea03e8f5ca979c28472e435d8f7d2d69da6b2cfe758856f49e9ed8	31	34042974180888072	True	914	False
stimulus_videos	/pscratch/sd/s/sjmoon/EmoViS/data/raw/CowenEmotionVideos/0915.mp4	0915.mp4	895453	2026-05-08T05:07:24+00:00	6515e882d56c440b3f0bb324b2e583589dac260f8d2575d66a9b4974088a0208	915	15.12	h264	300	300	25.0	378	0	False	True			08bfb1d5547ebbff33e373c08de8d82aead33c9d2303cd7c27f50a0db37592df	378	2285080589972072	True	915	False
stimulus_videos	/pscratch/sd/s/sjmoon/EmoViS/data/raw/CowenEmotionVideos/0916.mp4	0916.mp4	230709	2026-05-08T05:07:24+00:00	cfa95b23a46ce70fbecfcafcd4366514b51f8e2bc16970d4a4801d1e80e4d248	916	3.364	h264	480	266	22.0	74	0	False	True			c1261b8000cb1b4a94e8f049e5c69d1110be8b87ce9c4fd5e85b9178b9fecc5f	74	3399882702501742	True	916	False
stimulus_videos	/pscratch/sd/s/sjmoon/EmoViS/data/raw/CowenEmotionVideos/0917.mp4	0917.mp4	1195719	2026-05-08T05:07:24+00:00	2f9f3ec1b67874c6ce303e1698e3d3b63b4e73f0ef78139ad7a1daa83456bc90	917	4.2	h264	500	290	14.285714285714286	60	0	False	True			75a865c8f54798f9076d40d199c830eaf0901ea1d77b9a65630254d50a114d0a	60	15248409135304945	True	917	False
stimulus_videos	/pscratch/sd/s/sjmoon/EmoViS/data/raw/CowenEmotionVideos/0918.mp4	0918.mp4	78553	2026-05-08T05:07:30+00:00	a612431268b82a7358d81510a70a736a2c0421e391ace61e13d7d0c1fcf37438	918	3.6	h264	244	244	20.0	72	0	False	True			81a5e0e63a0a026ccb0f0ec5bc657bb2c049db3e3263536ded3b82ca41ffd8e1	72	32566874815902496	True	918	False
stimulus_videos	/pscratch/sd/s/sjmoon/EmoViS/data/raw/CowenEmotionVideos/0919.mp4	0919.mp4	197247	2026-05-08T05:07:30+00:00	65dbfc7d3e39be7e40e496975c1348720fcdfb615e74429ab0f1864d169765cd	919	3.11	h264	300	300	100.0	311	0	False	True			c87ff92f11b8e07249cf70c8bc38754b5565c1197a7a1ceb5233da565539eed4	311	5074367575847986	True	919	False
stimulus_videos	/pscratch/sd/s/sjmoon/EmoViS/data/raw/CowenEmotionVideos/0920.mp4	0920.mp4	188770	2026-05-08T05:07:30+00:00	dd6ec341a241c5f7e04831e0ff01b781bf1bbfdde5a9e0e897f57248d26a9f4b	920	5.34	h264	272	154	33.333333333333336	178	0	False	True			8406dfa25e06b05d6ecf67820999ba18525d8b01d117c9ab9ed5475fabfabaa3	178	57899349397799436	True	920	False
stimulus_videos	/pscratch/sd/s/sjmoon/EmoViS/data/raw/CowenEmotionVideos/0921.mp4	0921.mp4	398445	2026-05-08T05:07:30+00:00	a591f11148c59cf1d54b28f7e5615f41e12a472afd25c31d54db97f1be5714d7	921	4.2	h264	300	300	15.0	63	0	False	True			3373cecb93f765b195e1cf7cf4415b462366cef8b38f967594af36a1e0a156eb	63	649387125506019	True	921	False
stimulus_videos	/pscratch/sd/s/sjmoon/EmoViS/data/raw/CowenEmotionVideos/0922.mp4	0922.mp4	70159	2026-05-08T05:07:31+00:00	74afa8d6de20f46b434b5fd693497157b5be0826adea1493b446a281bf285f25	922	2.4	h264	496	226	10.0	24	0	False	True			b1fedc10459f0b7f011ee247696fcd5e0427e205d43918776a605814c4892770	24	10922115598502331	True	922	False
stimulus_videos	/pscratch/sd/s/sjmoon/EmoViS/data/raw/CowenEmotionVideos/0923.mp4	0923.mp4	1458420	2026-05-08T05:07:31+00:00	637883efa037e7a781aa2dad045d26992b8d2095df09fad5fe43abe56e0c721a	923	30.5	h264	400	224	10.0	305	0	False	True			709c60ed0a8a704d27832bed013417f866d8d25927d394525cafc571a1f14ad7	305	57519539098532722	True	923	False
stimulus_videos	/pscratch/sd/s/sjmoon/EmoViS/data/raw/CowenEmotionVideos/0924.mp4	0924.mp4	93695	2026-05-08T05:07:30+00:00	4d91d8f22576b39a5f427f626b161eae579c54c50d32bf98a35e16007113f36d	924	1.4	h264	374	280	10.0	14	0	False	True			626f8cd3517c2641b226c406f7285e350e7c41004ea760c0668819b2741aa29b	14	71599868483459053	True	924	False
stimulus_videos	/pscratch/sd/s/sjmoon/EmoViS/data/raw/CowenEmotionVideos/0925.mp4	0925.mp4	1417337	2026-05-08T05:07:30+00:00	adaf617f967438c27b4eef53b76a5ba737c8d514198635cd307ccbb58063b0e1	925	15.1	h264	612	352	10.0	151	0	False	True			6a17855e39f34c31167c24b867a5c716099b7812fd5088506f2900698455ef3c	151	22058655467947919	True	925	False
stimulus_videos	/pscratch/sd/s/sjmoon/EmoViS/data/raw/CowenEmotionVideos/0926.mp4	0926.mp4	1931453	2026-05-08T05:07:29+00:00	450bbff4c80023c71e8bf87cb2e643c85dbd6a55eb3c2fc0d44da1379491affc	926	10.8	h264	720	404	30.0	324	0	False	True			f4c0bf73f0dc448fbfd03a3a9a6edba51352d18afada6912160adf83c5bab15b	324	41254922157683623	True	926	False
stimulus_videos	/pscratch/sd/s/sjmoon/EmoViS/data/raw/CowenEmotionVideos/0927.mp4	0927.mp4	91504	2026-05-08T05:07:29+00:00	4accb6f183fcc89eaec5295655c31d178a56e14b096efdc399581687291d4625	927	5.11	h264	372	214	14.285714285714286	73	0	False	True			006ae5cebe62808c292563957430b3b2024e0216a9fca30f12b55dd5fcdd83b2	73	9641075558307630	True	927	False
stimulus_videos	/pscratch/sd/s/sjmoon/EmoViS/data/raw/CowenEmotionVideos/0928.mp4	0928.mp4	172824	2026-05-08T05:07:23+00:00	0e244a343b5e61b6eecf4967a3e608ffd7e4a695027f8d20dd0cc7db6e558ab8	928	5.2	h264	320	240	7.6923076923076925	40	0	False	True			743aec928271c64fae119c6c257e251d65da24ab8de02ca8c1f0828331d1976b	40	13049796337503385	True	928	False
stimulus_videos	/pscratch/sd/s/sjmoon/EmoViS/data/raw/CowenEmotionVideos/0929.mp4	0929.mp4	299757	2026-05-08T05:07:24+00:00	e7d0519c626ad1f16e6c54a7a5c5b16580ac7ff4dc778867afa9a9917d3e078d	929	5.25	h264	200	150	14.285714285714286	75	0	False	True			a56d7476d833d03c1a0257004b0046c37256941ca06875ae6bf4aa191c253bd7	75	63547130612103280	True	929	False
stimulus_videos	/pscratch/sd/s/sjmoon/EmoViS/data/raw/CowenEmotionVideos/0930.mp4	0930.mp4	118520	2026-05-08T05:07:30+00:00	13e010a4aae04f3848dee56d0bf4e1a65cc5e5a1b5b0ecd0c791391365293ca4	930	5.61	h264	334	210	9.090909090909092	51	0	False	True			133055ddc658e4db4844badba9cb31694e402621d0369529a7cc160816f1011f	51	7384562563604889	True	930	False
stimulus_videos	/pscratch/sd/s/sjmoon/EmoViS/data/raw/CowenEmotionVideos/0931.mp4	0931.mp4	136927	2026-05-08T05:07:30+00:00	7b1f0a00836a53211912402deda38d015e7283350f6d9ddc2d91fc9d5ea6be37	931	3.72	h264	200	356	8.333333333333334	31	0	False	True			11475da7a04cd94b5da6a5adfadc504a377690ac5bad667110211a71f4f9c20f	31	31455626276950919	True	931	False
stimulus_videos	/pscratch/sd/s/sjmoon/EmoViS/data/raw/CowenEmotionVideos/0932.mp4	0932.mp4	121506	2026-05-08T05:07:29+00:00	5228e7d443058aaf68e56793f339dc178e70d129a1507293c734cd62d5d23c0f	932	3.0	h264	324	222	10.0	30	0	False	True			79691153e12b9babc8b6a8c35a862d269f810e72fe26f71df5fa9ef0522e75df	30	9646609196444565	True	932	False
stimulus_videos	/pscratch/sd/s/sjmoon/EmoViS/data/raw/CowenEmotionVideos/0933.mp4	0933.mp4	1232970	2026-05-08T05:07:29+00:00	8dc0da01fe1f109e505478ef18028f5c948b9264249d449337cb818ce0cac8ce	933	10.3	h264	400	300	10.0	103	0	False	True			8d53abbd69f893b252d5eaf06fa98fe07276148fafd2f751334ebd06e8c08d00	103	33107911905722204	True	933	False
stimulus_videos	/pscratch/sd/s/sjmoon/EmoViS/data/raw/CowenEmotionVideos/0934.mp4	0934.mp4	753869	2026-05-08T05:07:30+00:00	7f804759813d639cadec635ac103a8051fb8dbe97c6f795ffb856bf03d0d3aed	934	6.8	h264	480	480	10.0	68	0	False	True			3efce15fc87370f1bd860bab836967e9ac17a2640d76ed99e025a83f0c3b35a3	68	38871251018794639	True	934	False
stimulus_videos	/pscratch/sd/s/sjmoon/EmoViS/data/raw/CowenEmotionVideos/0935.mp4	0935.mp4	176355	2026-05-08T05:07:30+00:00	14cfa87e4e65232de8436a9fc791780f17630e7253171613c2ffb8a658b4faa3	935	4.3	h264	414	308	10.0	43	0	False	True			a4681cf506bbeb9958cbee98c227fd11e407d54a73b0ab395a4a6cc0950b59c1	43	1719878597854087	True	935	False
stimulus_videos	/pscratch/sd/s/sjmoon/EmoViS/data/raw/CowenEmotionVideos/0936.mp4	0936.mp4	690555	2026-05-08T05:07:31+00:00	6299d769900aa18a7507371be7c1a7aaf8c74d33ed4075eeef11678a3beafc36	936	3.95	h264	500	280	20.0	79	0	False	True			a9de45a69aa5921cc982ff40bba350de2da4cb98c398fc7a40e4e50e2396b0a0	79	54997744596302450	True	936	False
stimulus_videos	/pscratch/sd/s/sjmoon/EmoViS/data/raw/CowenEmotionVideos/0937.mp4	0937.mp4	753049	2026-05-08T05:07:31+00:00	95f4f06dcf33c49e553b493715952002ea26404548c6cfd723134263a14f2964	937	10.74	h264	310	174	33.333333333333336	358	0	False	True			0edf61329d582f76f472fac90187dc54f5e3a3de8016218f8b4bf857bf128643	358	3399794152210819	True	937	False
stimulus_videos	/pscratch/sd/s/sjmoon/EmoViS/data/raw/CowenEmotionVideos/0938.mp4	0938.mp4	585019	2026-05-08T05:07:23+00:00	71c6886a2aef60584ccb5c1b376026bf3343f9971baf498c7c1f59716f1660da	938	3.85	h264	320	320	14.285714285714286	55	0	False	True			ab7d3ac62d67f57b7ac99faaf0df1fc49cbf072bb153d91d22001526a6a98793	55	43120802861279614	True	938	False
stimulus_videos	/pscratch/sd/s/sjmoon/EmoViS/data/raw/CowenEmotionVideos/0939.mp4	0939.mp4	74679	2026-05-08T05:07:23+00:00	18b09866cd6a27dc35cd2c16ab096c7ea01eb751882bb31880fc6e31e1db7dea	939	2.5	h264	450	284	10.0	25	0	False	True			0a47c0383e0cee4f29f174e6c6e6985b7c8aa7eb8eef2c5a4154f40317ea3bda	25	55759228000259071	True	939	False
stimulus_videos	/pscratch/sd/s/sjmoon/EmoViS/data/raw/CowenEmotionVideos/0940.mp4	0940.mp4	533118	2026-05-08T05:07:29+00:00	5327eba9bf5ddedca6e987fc4dac290dcb8fbc0d551ff5791d11473a8945ffeb	940	4.7	h264	388	220	10.0	47	0	False	True			e10db9e12b6a9b911c412d107d8f12c9d8be0b927152d920f6afc857fbe6a432	47	8510739487115151	True	940	False
stimulus_videos	/pscratch/sd/s/sjmoon/EmoViS/data/raw/CowenEmotionVideos/0941.mp4	0941.mp4	534525	2026-05-08T05:07:28+00:00	062da96ba71f0ba271e6e12a0af47695623bf5396e9cb877ac1962ff58623ad4	941	7.08	h264	718	404	25.0	177	0	False	True			df2af038f4775b40e2abb17d274bb1f1fef78ebd2219c51c6a66391bd34ee211	177	1719895470251935	True	941	False
stimulus_videos	/pscratch/sd/s/sjmoon/EmoViS/data/raw/CowenEmotionVideos/0942.mp4	0942.mp4	357372	2026-05-08T05:07:28+00:00	68dfa4205d697dda591cf22c1c9d74a148b1700d2491b8383a667dff504dfbff	942	2.9	h264	500	200	10.0	29	0	False	True			b9f76df299b1369ddcb7381046353e8e27efe8bbbdebb74daa369d82dafb909f	29	62979401544068831	True	942	False
stimulus_videos	/pscratch/sd/s/sjmoon/EmoViS/data/raw/CowenEmotionVideos/0943.mp4	0943.mp4	74209	2026-05-08T05:07:28+00:00	70d60913f7e1d4240ba9e8986556d7fa7bca6117ff3e37360b9d0a9563d5c951	943	2.4	h264	656	394	10.0	24	0	False	True			236f9b2f97dab5acf4290d30b8fc76fbe40ffa4cb24560270af67730501b043f	24	58740723697164659	True	943	False
stimulus_videos	/pscratch/sd/s/sjmoon/EmoViS/data/raw/CowenEmotionVideos/0944.mp4	0944.mp4	190110	2026-05-08T05:07:27+00:00	973ca90a001e23478840fa0c019464f4b9b205f38361b4584b8242fcfdbcb244	944	2.16	h264	540	302	8.333333333333334	18	0	False	True			c139a6659f2012a9c512d650de421522b131fc4cd97eda2ac70d075b3af69fe6	18	61170944826122042	True	944	False
stimulus_videos	/pscratch/sd/s/sjmoon/EmoViS/data/raw/CowenEmotionVideos/0945.mp4	0945.mp4	113838	2026-05-08T05:07:27+00:00	8d6efd3bc60e283cfbf823a04012c847a547bc27612f2967b74edee87326ae80	945	6.44	h264	600	600	25.0	161	0	False	True			59fd38e97fbf8c59181f31914f960355ad0cb10354bbda699d0a69bf19423870	161	425571877933577	True	945	False
stimulus_videos	/pscratch/sd/s/sjmoon/EmoViS/data/raw/CowenEmotionVideos/0946.mp4	0946.mp4	357034	2026-05-08T05:07:28+00:00	d851c9832b89a3636c32e4a98cbde8801255d04c306e80c20c63ca8512652f5a	946	4.0	h264	450	210	10.0	40	0	False	True			5da5ef2d3da205d11fbc6b6bff70558f9ce510b75078c4e2de0fc4db825bcfbe	40	46259692103961882	True	946	False
stimulus_videos	/pscratch/sd/s/sjmoon/EmoViS/data/raw/CowenEmotionVideos/0947.mp4	0947.mp4	140797	2026-05-08T05:07:27+00:00	8ce33f35ef12555f1f03aa5149d0228594353b53531c6740507c3b3edc3b8151	947	11.25	h264	400	224	4.0	45	0	False	True			3c74aea84adc95a7507e71a75c98db5c7399db29fea67dd120e6431a14286f0b	45	62944291606672496	True	947	False
stimulus_videos	/pscratch/sd/s/sjmoon/EmoViS/data/raw/CowenEmotionVideos/0948.mp4	0948.mp4	799364	2026-05-08T05:07:26+00:00	80d7a64f2e38f617e32a577f00b1900204e52bdf74fa29ab5d41847d3ee6ca7a	948	10.08	h264	578	248	33.333333333333336	336	0	False	True			1f381bccf6c86577dd8808f51548d0c13477cfae0749d2d8b183d2f89c685e1f	336	64859473426488127	True	948	False
stimulus_videos	/pscratch/sd/s/sjmoon/EmoViS/data/raw/CowenEmotionVideos/0949.mp4	0949.mp4	2773096	2026-05-08T05:07:26+00:00	b9bd2ff32be3f3957b547036130a93eb2fddeadbd308ab4377cd5ea08ed12123	949	9.667	h264	720	404	30.0	290	0	False	True			628361ffbfab89ccd4028fc7d570fe51567ae15b5d3763965095ae47925736d9	290	36028242866718607	True	949	False
stimulus_videos	/pscratch/sd/s/sjmoon/EmoViS/data/raw/CowenEmotionVideos/0950.mp4	0950.mp4	161939	2026-05-08T05:07:27+00:00	ef1720f13b1362dd2d1e5a7944732214da32584f99044f570e8ec5952e219673	950	4.0	h264	260	260	12.5	50	0	False	True			19fd95bd44bcd1be92b8d85192e5abe61a44c362ef51c09561ecd2197daaef5c	50	36030996347247737	True	950	False
stimulus_videos	/pscratch/sd/s/sjmoon/EmoViS/data/raw/CowenEmotionVideos/0951.mp4	0951.mp4	144145	2026-05-08T05:07:27+00:00	23bf83bab19d786404d1ab3d4774f851e181f8ee9801c113882250bc88e8ef06	951	1.8	h264	422	360	11.11111111111111	20	0	False	True			05968d6d84acff0fc2953c941e19b25c3a84409d33d561af623e3ad2f082b213	20	55788978890743807	True	951	False
stimulus_videos	/pscratch/sd/s/sjmoon/EmoViS/data/raw/CowenEmotionVideos/0952.mp4	0952.mp4	198515	2026-05-08T05:07:28+00:00	e0bcbc283b44652795627155f30f0d944ac02b485dcd96f334ce208fff30cafc	952	4.06	h264	640	430	14.285714285714286	58	0	False	True			aee9a92ed2430fe76d51cd6e5c61318a06b4ceafb4b254b56be158553a411edc	58	71627554047387551	True	952	False
stimulus_videos	/pscratch/sd/s/sjmoon/EmoViS/data/raw/CowenEmotionVideos/0953.mp4	0953.mp4	375816	2026-05-08T05:07:27+00:00	e2c3b19bfe64d2953a094f30873949ba04c0e38ac2ea4dc738f86ec61380cd84	953	6.24	h264	366	204	8.333333333333334	52	0	False	True			a4183487efa28ca596e64cb2713427ff184b7f4426944846693f22bc242f47ac	52	61135270624469919	True	953	False
stimulus_videos	/pscratch/sd/s/sjmoon/EmoViS/data/raw/CowenEmotionVideos/0954.mp4	0954.mp4	26850	2026-05-08T05:07:29+00:00	c41c39145613ae99e68e347f169d275cb089f1032feed36fd190552ae8832ab0	954	0.65	h264	500	276	20.0	13	0	False	True			89ed4d08ebb59748f633d657d62e11c7bb699d0b2fe64b797510ef6a3e850b30	13	4002668591421288	True	954	False
stimulus_videos	/pscratch/sd/s/sjmoon/EmoViS/data/raw/CowenEmotionVideos/0955.mp4	0955.mp4	313513	2026-05-08T05:07:28+00:00	9fe87878f8b1eecf9daf5232da585358b2186281182ff21f29969bb83e4eab02	955	3.82	h264	318	192	100.0	382	0	False	True			f88b77ccbe2e54142b78f991a4aad47b44f5fca70df467b24b1a8c14373c7d4c	382	53617381707939260	True	955	False
stimulus_videos	/pscratch/sd/s/sjmoon/EmoViS/data/raw/CowenEmotionVideos/0956.mp4	0956.mp4	187852	2026-05-08T05:07:28+00:00	4406e2c0d499c06bda94029709b0f677dba30c7c96fa2000b21cb031add949f4	956	4.1	h264	320	240	10.0	41	0	False	True			e4c730fb9ecc3963ff237617104fb7de836dfa394fcc69cc2b2406186dc10896	41	56028924412531532	True	956	False
stimulus_videos	/pscratch/sd/s/sjmoon/EmoViS/data/raw/CowenEmotionVideos/0957.mp4	0957.mp4	505820	2026-05-08T05:07:28+00:00	ef12834bee7e4940f42cdc4487ae62aa5e57d914deb3580c2ac012d5595fdda7	957	2.52	h264	500	278	8.333333333333334	21	0	False	True			8085a37bb48e39397ffc5b64051647e7f92c650bdb27dda3ae48de158a3b5066	21	38030024533744930	True	957	False
stimulus_videos	/pscratch/sd/s/sjmoon/EmoViS/data/raw/CowenEmotionVideos/0958.mp4	0958.mp4	782240	2026-05-08T05:07:25+00:00	df0361851788c21bfd88e104bcd794d49834cfc9b303feb4179b81c9b26929d9	958	6.64	h264	718	404	25.0	166	0	False	True			bf8d789c3c81376e22166f1f9ef096c06a19708d0345f81cd87e762acb27795c	166	8754010427474847	True	958	False
stimulus_videos	/pscratch/sd/s/sjmoon/EmoViS/data/raw/CowenEmotionVideos/0959.mp4	0959.mp4	190316	2026-05-08T05:07:24+00:00	8d4219607c1ab89193ac8721ee6edd3524cf3136864b104be20a1e601499680e	959	4.5	h264	360	202	10.0	45	0	False	True			5f1950c75216503d9994184a08d868eb1c3e7cba4ab5de59759a5daee126f16c	45	33871046557135163	True	959	False
stimulus_videos	/pscratch/sd/s/sjmoon/EmoViS/data/raw/CowenEmotionVideos/0960.mp4	0960.mp4	1741068	2026-05-08T05:07:26+00:00	707d7a85b5866b8948816dfc64791d9471b823b8b170c0c3c09cace36e04f096	960	40.48	h264	320	240	12.5	506	0	False	True			166de8caf6b6707f5599b801e4bd171a4be3dd746e52a3bb8d9e0e9355411f9f	506	50419344533947533	True	960	False
stimulus_videos	/pscratch/sd/s/sjmoon/EmoViS/data/raw/CowenEmotionVideos/0961.mp4	0961.mp4	192058	2026-05-08T05:07:26+00:00	b66d6abf699ab1ffffa786ec78b8c07bbe65cd6cfbca41f668d85b8183298da0	961	1.015	h264	500	750	28.583333333333332	29	0	False	True			8070cf583c903abd21bb42928bfa2108aad43204e97ccb12b195475828d1ae0d	29	41995393980015367	True	961	False
stimulus_videos	/pscratch/sd/s/sjmoon/EmoViS/data/raw/CowenEmotionVideos/0962.mp4	0962.mp4	1070408	2026-05-08T05:07:26+00:00	09dd49df6d1e6735dcebb215f104f30719ee0cb443b1a82b766fba747d44993b	962	15.0	h264	426	240	25.0	375	0	False	True			c9b445d3a047d66221f8daaa19f95279cf56ea5cce88f8649109ffc706795976	375	68653298780599239	True	962	False
stimulus_videos	/pscratch/sd/s/sjmoon/EmoViS/data/raw/CowenEmotionVideos/0963.mp4	0963.mp4	66244	2026-05-08T05:07:26+00:00	d1d5d8c1584c8a63f9b02dd1e0848b075fccaedb4b0b60042e0371e84d78884b	963	1.64	h264	500	280	25.0	41	0	False	True			562698c432487d57342c0b9e90796e133c10b5dc847bf3b10e66133ee60a8fb3	41	8476032891987982	True	963	False
stimulus_videos	/pscratch/sd/s/sjmoon/EmoViS/data/raw/CowenEmotionVideos/0964.mp4	0964.mp4	294319	2026-05-08T05:07:25+00:00	ab1f9a10f6a74fdf872ca31f2cf95e5295e21b009ec5bcd0e64758183243e373	964	2.7	h264	244	238	10.0	27	0	False	True			3d80521f12c30ec354fd1f56c7c03d7d38871bf23decb6f1c3250d9ee294c769	27	4506959576369168	True	964	False
stimulus_videos	/pscratch/sd/s/sjmoon/EmoViS/data/raw/CowenEmotionVideos/0965.mp4	0965.mp4	671730	2026-05-08T05:07:24+00:00	0a168589caad1f0e570938669bdf7cbf1f128add91fc6b93189ac2b3472259da	965	9.2	h264	408	276	10.0	92	0	False	True			b8f0be047c7739a934f8090a3aa81ef6d9dd44a2cacc2552f47db6e462478798	92	1737446459349383	True	965	False
stimulus_videos	/pscratch/sd/s/sjmoon/EmoViS/data/raw/CowenEmotionVideos/0966.mp4	0966.mp4	707541	2026-05-08T05:07:25+00:00	b4ced8020817842817e550b938766d54217ce849097bbc0184812f0985ab3a77	966	5.5	h264	374	340	10.0	55	0	False	True			0fb2f40a59d30b7dc9f450b7c53d78354dadef982b0d42bd25d2c562cc49de72	55	36669316682948704	True	966	False
stimulus_videos	/pscratch/sd/s/sjmoon/EmoViS/data/raw/CowenEmotionVideos/0967.mp4	0967.mp4	205446	2026-05-08T05:07:25+00:00	5bcf4239fe484cf5080f37b9842112648110e450467812ad596c5fc5e72a997f	967	3.95	h264	500	280	20.0	79	0	False	True			0d1857b8de352e23f35f50d791a5d95ae8060930db541b5b344843f05d586df0	79	30638112243827623	True	967	False
stimulus_videos	/pscratch/sd/s/sjmoon/EmoViS/data/raw/CowenEmotionVideos/0968.mp4	0968.mp4	583822	2026-05-08T05:07:29+00:00	05de64f499cf02fb0be118a82eebb5d090f6c6f505331e3ce0ca74f29657f1ec	968	4.95	h264	900	506	20.0	99	0	False	True			722b66fc8b5d78e2b98a51db6bdaa79aad1f59de1148b19dd83f5ecac0d33a82	99	2304992204752783	True	968	False
stimulus_videos	/pscratch/sd/s/sjmoon/EmoViS/data/raw/CowenEmotionVideos/0969.mp4	0969.mp4	206011	2026-05-08T05:07:28+00:00	78fa39113dbcb6cf88baf59a5713fdcf1e698467eb04685d6ccd88997033e177	969	2.1	h264	1200	792	14.285714285714286	30	0	False	True			b9afd63fec996029fca2958f6ec2ad11df8fc1e3113edad0796fdb3b65b918bb	30	72057594037895047	True	969	False
stimulus_videos	/pscratch/sd/s/sjmoon/EmoViS/data/raw/CowenEmotionVideos/0970.mp4	0970.mp4	5753495	2026-05-08T05:07:25+00:00	13c21f59ce91591e6d49156f3bba726e9bf2e949e7409cffe827254fe31c219a	970	15.034	h264	720	406	30.0	451	0	False	True			27fba3226442f0863388090b121ad6e75b08ec9a12b37f851d19d59c4397e16c	451	34416195493283727	True	970	False
stimulus_videos	/pscratch/sd/s/sjmoon/EmoViS/data/raw/CowenEmotionVideos/0971.mp4	0971.mp4	270787	2026-05-08T05:07:24+00:00	afbc4238668e83ea7040322a7225154d1e4ab5a6567cfc9ddf7ad83c248fc2b0	971	2.34	h264	482	270	16.666666666666668	39	0	False	True			f676f54ef14274587eed5b69dc05b6bce9c9525c16f8c1dd988521f6397eddba	39	19867742235021966	True	971	False
stimulus_videos	/pscratch/sd/s/sjmoon/EmoViS/data/raw/CowenEmotionVideos/0972.mp4	0972.mp4	137841	2026-05-08T05:07:25+00:00	40f4b279987899c0f5cc09ebd822a9c0bd777f025b0f9e96fa539c0daad932b7	972	1.76	h264	640	414	25.0	44	0	False	True			5cfe7672b712d0a3da152fd47c84b67c34378f413afb5b053a7db09b1bc7a19d	44	27757831166585947	True	972	False
stimulus_videos	/pscratch/sd/s/sjmoon/EmoViS/data/raw/CowenEmotionVideos/0973.mp4	0973.mp4	2112584	2026-05-08T05:07:25+00:00	d3214f3952fd0d6c92b004dc4ef789c0baaa40db2461e339e33a426c3e314007	973	17.97	h264	360	480	33.333333333333336	599	0	False	True			f6ed2011a245029de526f51ac25a0d2fa006701e7b8cd1da3d5c7202dc9a20ff	599	138115326798	True	973	False
stimulus_videos	/pscratch/sd/s/sjmoon/EmoViS/data/raw/CowenEmotionVideos/0974.mp4	0974.mp4	660407	2026-05-08T05:07:26+00:00	ab3c59171c9ed3633fb55f3d1362cfb31b85c7446970825919a4d95158ec809a	974	5.08	h264	718	404	25.0	127	0	False	True			37e682a87e9ab7d55f75208352d1419c45f9da04849c5d6d364835205846d59f	127	21878619136829032	True	974	False
stimulus_videos	/pscratch/sd/s/sjmoon/EmoViS/data/raw/CowenEmotionVideos/0975.mp4	0975.mp4	1174365	2026-05-08T05:07:26+00:00	5ff751d810bffb3ee033d62ceb632842e908caf5d291853ee93ad3f3b4b995e6	975	5.22	h264	440	244	33.333333333333336	174	0	False	True			4ce84630c01ff4eb8c0640b709b5afa79c546995ae53a3d837a8524c8cbdfa48	174	31190531231766931	True	975	False
stimulus_videos	/pscratch/sd/s/sjmoon/EmoViS/data/raw/CowenEmotionVideos/0976.mp4	0976.mp4	160110	2026-05-08T05:07:26+00:00	3db0ed5f65fd6f7d42f61495b619c78d8664e8c021e25bf1765571d8e44a4e8e	976	2.0	h264	400	278	10.0	20	0	False	True			e7d49fae823ca3304c463e86185fa3330a5543826d317ac1cdf18c8fe1fd4cf5	20	63850628219367905	True	976	False
stimulus_videos	/pscratch/sd/s/sjmoon/EmoViS/data/raw/CowenEmotionVideos/0977.mp4	0977.mp4	123009	2026-05-08T05:07:26+00:00	2d2f42edf65e4acaf7349dc5257e263afb77d52da3f767d9d8c6aa9077ad21af	977	1.54	h264	848	414	14.285714285714286	22	0	False	True			9adadff1c5aaec38fd7a564168d59ff15eaa7ad9de0979628b4e8d4f9b6e1da7	22	18724449805851793	True	977	False
stimulus_videos	/pscratch/sd/s/sjmoon/EmoViS/data/raw/CowenEmotionVideos/0978.mp4	0978.mp4	71735	2026-05-08T05:07:27+00:00	ddb07e7df27890bcd6b55ed70e7b9ef0cf20f287f7036e8f4d6e868e1a5107d1	978	2.28	h264	332	160	25.0	57	0	False	True			8a4785660e8d7dbc086acaa075106ef327dcdea6e04ff21dde600252d58eb313	57	64965578733787184	True	978	False
stimulus_videos	/pscratch/sd/s/sjmoon/EmoViS/data/raw/CowenEmotionVideos/0979.mp4	0979.mp4	57701	2026-05-08T05:07:27+00:00	a6fde4e237d63354e1dab83b01690c3aa7c270943695e8d8efc8277d3fd4cb2f	979	1.45	h264	390	230	20.0	29	0	False	True			df66b3736087f0b7fd0cc4160f2851baa57a1acc69228d122159806bad06ba2a	29	65816385097053256	True	979	False
stimulus_videos	/pscratch/sd/s/sjmoon/EmoViS/data/raw/CowenEmotionVideos/0980.mp4	0980.mp4	2730854	2026-05-08T05:07:28+00:00	6df137fff1184a1668a3380162a12fd8065ef12f7d65b38c5316008ce0e250fe	980	15.04	h264	718	404	25.0	376	0	False	True			dbc7ab9107e22077cf0e49435574767309362a113d22af56ddfc428ce50793e8	376	53899133126612445	True	980	False
stimulus_videos	/pscratch/sd/s/sjmoon/EmoViS/data/raw/CowenEmotionVideos/0981.mp4	0981.mp4	535168	2026-05-08T05:07:28+00:00	d156d13d3fe63a45a4225837037ff25e46e471d1b60c0a4e12c9ba3f43bf7851	981	13.8	h264	364	204	10.0	138	0	False	True			34b586d523e3da3e48e47a79be232aa9da16ac14c6a92ecfd03d26628a17dc49	138	26596060449005987	True	981	False
stimulus_videos	/pscratch/sd/s/sjmoon/EmoViS/data/raw/CowenEmotionVideos/0982.mp4	0982.mp4	257720	2026-05-08T05:07:28+00:00	652be7e4dc84ff963e0d3638cde150c99c908f9e4b084aca6c865231c6ae9c70	982	2.35	h264	450	252	20.0	47	0	False	True			9e0556ab6e26905913192b93b322182320c5e643d1b72ba588a86c89cbd3242e	47	44029505933263814	True	982	False
stimulus_videos	/pscratch/sd/s/sjmoon/EmoViS/data/raw/CowenEmotionVideos/0983.mp4	0983.mp4	209354	2026-05-08T05:07:29+00:00	9eea351ead4746a615c60c5db2cc259518ba1e2d1491133d7a4805e2adda075d	983	3.12	h264	230	180	25.0	78	0	False	True			60302c4074a168a8adac7a88019faa73a9ab79bf72b1f2d61a21efb4dbd889f0	78	31082961569172282	True	983	False
stimulus_videos	/pscratch/sd/s/sjmoon/EmoViS/data/raw/CowenEmotionVideos/0984.mp4	0984.mp4	2334866	2026-05-08T05:07:27+00:00	aaaf64506551bdad66543d92ab574b2438f51f719515104c82dc802cc7d75878	984	13.556	h264	720	404	23.976023976023978	325	0	False	True			4833b417e9c0bc9712862f4d09775917dbbe176bfcc85d34cf3b03502966fe49	325	31011969090506123	True	984	False
stimulus_videos	/pscratch/sd/s/sjmoon/EmoViS/data/raw/CowenEmotionVideos/0985.mp4	0985.mp4	406988	2026-05-08T05:07:28+00:00	8d0f3d282018981907f8144b4acc302022bc7dc7b4fcd9978965fb3fe08fe336	985	3.0	h264	570	320	10.0	30	0	False	True			ccf3158219b5ecfd695f04eac7cfcecb6afa089990111f99974e24255251720c	30	588048660033503	True	985	False
stimulus_videos	/pscratch/sd/s/sjmoon/EmoViS/data/raw/CowenEmotionVideos/0986.mp4	0986.mp4	408887	2026-05-08T05:07:27+00:00	3d7c4c6545a01cb4d9e5bf7c1c5b2dfdf486797da73df07823aaeaa2fde73c72	986	5.3	h264	448	250	10.0	53	0	False	True			2d1e2aadee3fa41c18d86c647ed9517db6bc1502ee97feae571a98cd6912f113	53	5132971011064709	True	986	False
stimulus_videos	/pscratch/sd/s/sjmoon/EmoViS/data/raw/CowenEmotionVideos/0987.mp4	0987.mp4	124732	2026-05-08T05:07:27+00:00	03e1e5787ca09c6cd4071b5fa338fe79758038cbe482f20b586cbaa7e602b363	987	2.3	h264	320	160	10.0	23	0	False	True			d9ea42c6192d3e04ea49ca4986bb3131197bbcb26ef5fb15f3388f5a6cb9acbf	23	46946666117043047	True	987	False
stimulus_videos	/pscratch/sd/s/sjmoon/EmoViS/data/raw/CowenEmotionVideos/0988.mp4	0988.mp4	184488	2026-05-08T05:07:26+00:00	85a9089ead27f11615a39948370c1ac64d73ce7de4b23f6eb69118c47ffb90a8	988	3.21	h264	700	394	33.333333333333336	107	0	False	True			9ad004901dcf544aab77922c3e41ec55b063e59115e85f2eddb350b824038822	107	1983744073397088	True	988	False
stimulus_videos	/pscratch/sd/s/sjmoon/EmoViS/data/raw/CowenEmotionVideos/0989.mp4	0989.mp4	46438	2026-05-08T05:07:26+00:00	14c95cf4896471e37e23ba92429bd74deeb57ca663af7a7f77500fdb3e24ec0a	989	1.647	h264	500	280	23.083333333333332	38	0	False	True			acb70a970397f38d061c6fa4902cf39c383d4df679c3900b7ae4647b362d26b0	38	19291563525412912	True	989	False
stimulus_videos	/pscratch/sd/s/sjmoon/EmoViS/data/raw/CowenEmotionVideos/0990.mp4	0990.mp4	364498	2026-05-08T05:07:27+00:00	dad1bdcf4ea96f5bede4c9ddc5ad870039f775f0f126dc144f6f651ff41c5e88	990	10.1	h264	300	164	10.0	101	0	False	True			61dae7f5093904016442b31cc02288ad079a69b88300f542510c5155ab85a0d9	101	61923940792006639	True	990	False
stimulus_videos	/pscratch/sd/s/sjmoon/EmoViS/data/raw/CowenEmotionVideos/0991.mp4	0991.mp4	2128432	2026-05-08T05:07:28+00:00	76bafe83b2abf7c0fe18b171db99f8a35c77ab8c46291fe862a0cddbaca02104	991	16.56	h264	320	238	8.333333333333334	138	0	False	True			d645b9ebce793ec8f5ec70a1210cd2e64fbf6e7465961c0228f89950bb73eb34	138	58436531233631323	True	991	False
stimulus_videos	/pscratch/sd/s/sjmoon/EmoViS/data/raw/CowenEmotionVideos/0992.mp4	0992.mp4	1540270	2026-05-08T05:07:27+00:00	4ce430b6115e9a21272c6ca7427ceefbbf1008e6d668749ef63f3ae1c14af4c0	992	15.12	h264	718	404	25.0	378	0	False	True			e0aa94e46847e7f3cd865dd0f88a6cc065c1d21bfb5985bf59fdadb94ceed964	378	64113960204250200	True	992	False
stimulus_videos	/pscratch/sd/s/sjmoon/EmoViS/data/raw/CowenEmotionVideos/0993.mp4	0993.mp4	109565	2026-05-08T05:07:27+00:00	5ed66ae2761627ded1b03cf7d8c32d5dd93ef137dc30cef7457653d6b84806f4	993	4.2	h264	274	288	33.333333333333336	140	0	False	True			765d892aa58d9a87e88ba68ca6d751b24799ffa9701fdf45d3f988662808080e	140	32198202394528131	True	993	False
stimulus_videos	/pscratch/sd/s/sjmoon/EmoViS/data/raw/CowenEmotionVideos/0994.mp4	0994.mp4	2322120	2026-05-08T05:07:28+00:00	db95a94be9f9281ecbbc25f6a2bd61e33e9ccbdc182f8a0532ededf8640fe6d7	994	35.0	h264	320	180	14.285714285714286	500	0	False	True			1a830ed0b77d78089276c228bd44f91e26be97d51877b2d20d2f424684aa9711	500	40285828830936889	True	994	False
stimulus_videos	/pscratch/sd/s/sjmoon/EmoViS/data/raw/CowenEmotionVideos/0995.mp4	0995.mp4	193097	2026-05-08T05:07:28+00:00	4c7170b73f02228ff80bbf4eb8d971d40fab6979885d958220c3f28046083f2e	995	1.8	h264	550	310	10.0	18	0	False	True			941ca61446001cd41554ae789b1b11a907f80b7a4bbdf66d3581f8d7fb6c5745	18	8510670177927942	True	995	False
stimulus_videos	/pscratch/sd/s/sjmoon/EmoViS/data/raw/CowenEmotionVideos/0996.mp4	0996.mp4	390041	2026-05-08T05:07:29+00:00	176ed6266360a0cd296988a4b20ac3467b9bacdfe8bb23d713710d2330c226a2	996	2.25	h264	400	224	33.333333333333336	75	0	False	True			a74e341ecba0bc7671b6c77fe6febb18c94e942464a1f572f2c206f7ee05039d	75	8510462427907983	True	996	False
stimulus_videos	/pscratch/sd/s/sjmoon/EmoViS/data/raw/CowenEmotionVideos/0997.mp4	0997.mp4	75964	2026-05-08T05:07:29+00:00	0781b2f472bce6e0056a45ae37bdf3d37c1c9fb507a43b2e0394b57d482c4752	997	3.04	h264	500	200	25.0	76	0	False	True			aeecf47c477aaab99cc531893e23fcf27ba80a340647fa23e396f024a64eb70c	76	11063411395572614	True	997	False
stimulus_videos	/pscratch/sd/s/sjmoon/EmoViS/data/raw/CowenEmotionVideos/0998.mp4	0998.mp4	741014	2026-05-08T05:07:25+00:00	19eb4dc4e424fc5b79925cb323cd41c2b49754285b1edc84fde4f6f17fd1d328	998	10.92	h264	290	274	16.666666666666668	182	0	False	True			31dba8fc404a032a7ad988a8a57c4ad73f09751e0a5a5d980331b734ded75249	182	32876610812756870	True	998	False
stimulus_videos	/pscratch/sd/s/sjmoon/EmoViS/data/raw/CowenEmotionVideos/0999.mp4	0999.mp4	242136	2026-05-08T05:07:25+00:00	d2f4e61071c54f48265a70881b409ba73253cb5998869dcc9b13b322ff444a2b	999	3.01	h264	400	222	14.285714285714286	43	0	False	True			dc23d9cee90cf246bcd01742fb9076d07cdbf01881ec09f3301c168b2c3afaa6	43	17024734145164231	True	999	False
stimulus_videos	/pscratch/sd/s/sjmoon/EmoViS/data/raw/CowenEmotionVideos/1000.mp4	1000.mp4	1505053	2026-05-08T05:07:24+00:00	947e6b34b7bdeb37b8fdd5564c093e25936a269d437a821d02b6dae9d5634c8e	1000	7.2	h264	630	424	16.666666666666668	120	0	False	True			f09539ae30ff14f8986a9fc222a98b5986bf1b6b7f5b217168a250fefac1d5f3	120	49343432605497340	True	1000	False
stimulus_videos	/pscratch/sd/s/sjmoon/EmoViS/data/raw/CowenEmotionVideos/1001.mp4	1001.mp4	4525046	2026-05-08T05:07:23+00:00	c9d39487360bcf06bf6785bf5a21db10966ae57c44d7f92ff0f811cd5fb79d2d	1001	20.8	h264	720	404	7.6923076923076925	160	0	False	True			8cdcdcdf48027c847933014e85ae68369ae6cfa43dbf9c855b536bd61258b756	160	27306397267851703	True	1001	False
stimulus_videos	/pscratch/sd/s/sjmoon/EmoViS/data/raw/CowenEmotionVideos/1002.mp4	1002.mp4	435503	2026-05-08T05:07:24+00:00	515849f95faf20ba504e04b6605e6e01805648587ab8fef2640f332f90a63dae	1002	7.28	h264	400	300	12.5	91	0	False	True			aa1145d156cb495267ef5cda05923686eafde8f39c4eb374a6932be86733700a	91	2845572891860379	True	1002	False
stimulus_videos	/pscratch/sd/s/sjmoon/EmoViS/data/raw/CowenEmotionVideos/1003.mp4	1003.mp4	472482	2026-05-08T05:07:24+00:00	e7ec3f2629c68354cd35a246b9e415ff3d6fbbc79e8a430c9bff259264784cbc	1003	2.03	h264	698	398	14.285714285714286	29	0	False	True			25554472db55c064f1fbbb9d783bc86a24ca510028fa1c8cfdeb0ab8071a2fbc	29	60142466290161708	True	1003	False
stimulus_videos	/pscratch/sd/s/sjmoon/EmoViS/data/raw/CowenEmotionVideos/1004.mp4	1004.mp4	170663	2026-05-08T05:07:23+00:00	e0786a334e1635a0610d9ef62033f608888febfc98dffc499dfaff50e14bcb06	1004	5.2	h264	320	240	7.6923076923076925	40	0	False	True			297a5c90552f2f97b0be689e9a6d7309073a3842828b8eec573a4a3c56ad027e	40	68085085445816579	True	1004	False
stimulus_videos	/pscratch/sd/s/sjmoon/EmoViS/data/raw/CowenEmotionVideos/1005.mp4	1005.mp4	1198832	2026-05-08T05:07:23+00:00	88807226331722a33fdac18c2df6e1470f25b3eab33bbe1b3c9609b0748b5990	1005	9.967	h264	720	404	30.0	299	0	False	True			69868f7c525c09cb90d6a15addfd3b59c50ce5eaa5ed3746f38b189c5a8d0db9	299	65248098808993316	True	1005	False
stimulus_videos	/pscratch/sd/s/sjmoon/EmoViS/data/raw/CowenEmotionVideos/1006.mp4	1006.mp4	541591	2026-05-08T05:07:23+00:00	88b88718e25059a09b918e0053642a8f6b6dc11249845f7c88ab2a760c0fdb11	1006	5.17	h264	800	450	9.090909090909092	47	0	False	True			0114fa608f9e5649d544a9eff9948d307f98879de7f3ba3ac6efd0db2107a980	47	17588724229454630	True	1006	False
stimulus_videos	/pscratch/sd/s/sjmoon/EmoViS/data/raw/CowenEmotionVideos/1007.mp4	1007.mp4	2191395	2026-05-08T05:07:22+00:00	87a3515af852baf3d9fd74427711b8242463e9457302eb7d157ba5315bc1430c	1007	15.0	h264	718	404	25.0	375	0	False	True			c0dd44bf81e4ed0f44e074e8f6d348c40444e04fea1148631e2a51fc83746480	375	4150493081988763	True	1007	False
stimulus_videos	/pscratch/sd/s/sjmoon/EmoViS/data/raw/CowenEmotionVideos/1008.mp4	1008.mp4	109830	2026-05-08T05:07:30+00:00	c37fd6b6d1e1a332811563c21b8a2fb71f45bf2e1572cb92c14092f8c8cf782b	1008	3.0	h264	244	244	10.0	30	0	False	True			6efbb73cb2ed8b6f0a3bfa84e626976cc085ba9481bb4c92078d989f8463fca6	30	27242694293136910	True	1008	False
stimulus_videos	/pscratch/sd/s/sjmoon/EmoViS/data/raw/CowenEmotionVideos/1009.mp4	1009.mp4	417592	2026-05-08T05:07:30+00:00	1e22586f5b4e6f96cbbbcd680ca747c40b436fd8239f4cd82b005564d66a4d61	1009	3.7	h264	380	212	10.0	37	0	False	True			87bda208bf7425b970f6f7ad07b5c6e0f61c4ecf0409121e5f6e1b14b8dea63d	37	57060533811102661	True	1009	False
stimulus_videos	/pscratch/sd/s/sjmoon/EmoViS/data/raw/CowenEmotionVideos/1010.mp4	1010.mp4	2437527	2026-05-08T05:07:23+00:00	6fd6eba1554c25542b05c2ca05417a1d713735226b15da98f1f24c84fa8bae96	1010	15.12	h264	718	404	25.0	378	0	False	True			92107146eb2fcc8da5227d42260592eb1b7b7d6aa88764487cef48474feb3d12	378	64681616801388931	True	1010	False
stimulus_videos	/pscratch/sd/s/sjmoon/EmoViS/data/raw/CowenEmotionVideos/1011.mp4	1011.mp4	271631	2026-05-08T05:07:23+00:00	53f155e37399e7e91c2a8fd2e6e4ebe11ba6a4b069a1cb04da28136700cda0fe	1011	6.4	h264	400	268	10.0	64	0	False	True			51c23f2a2977c04dbd339952d493c4becf0a898dd23c671bcb3c6a6d8448e906	64	32340548267707793	True	1011	False
stimulus_videos	/pscratch/sd/s/sjmoon/EmoViS/data/raw/CowenEmotionVideos/1012.mp4	1012.mp4	366505	2026-05-08T05:07:23+00:00	4735845e85f8f38e867d336b77ec944fafdd47fe054273890092f6dba9e11315	1012	3.54	h264	426	256	16.666666666666668	59	0	False	True			60bc101d08377964a96761dc7c0fc8c734863d99e9f6a69d2f1e630ec80c6e07	59	42847769982827768	True	1012	False
stimulus_videos	/pscratch/sd/s/sjmoon/EmoViS/data/raw/CowenEmotionVideos/1013.mp4	1013.mp4	1107517	2026-05-08T05:07:22+00:00	2b22eb2ff0134ca315d907cc1bcfcdb97f9a0e2de5bc5a9efa47628d45e40d7a	1013	1.96	h264	640	360	25.0	49	0	False	True			ddadbf6908ee0f53c6d162a49a91b05545fb8c876b6fb1b43bef72b83db1a89a	49	26624842847254769	True	1013	False
stimulus_videos	/pscratch/sd/s/sjmoon/EmoViS/data/raw/CowenEmotionVideos/1014.mp4	1014.mp4	96058	2026-05-08T05:07:24+00:00	0e44899b87d00568aabd42507b06712fe56b43d7aa7fa5c3f6e2da7c79abb97e	1014	8.72	h264	400	212	50.0	436	0	False	True			514cdc4821960f00b77db4d363a9e3a86c7e8427b4630c72dece967c99af3d2b	436	8475827289555758	True	1014	False
stimulus_videos	/pscratch/sd/s/sjmoon/EmoViS/data/raw/CowenEmotionVideos/1015.mp4	1015.mp4	742122	2026-05-08T05:07:23+00:00	5950ba3fccadbfee19067ef7f7c41eaf0663aa806a04be82ef3dfe267972bbb6	1015	10.48	h264	400	224	12.5	131	0	False	True			e6edc9c46f2a68f1341851a3e101b590c93ace4a00e2e9117497c0fcf1e6ed04	131	45393070254431869	True	1015	False
stimulus_videos	/pscratch/sd/s/sjmoon/EmoViS/data/raw/CowenEmotionVideos/1016.mp4	1016.mp4	29315	2026-05-08T05:07:24+00:00	26b273d40f89aa6ee3d202f064583e83213310950099b09f170c0c2c6d0977f4	1016	2.4	h264	450	236	5.0	12	0	False	True			dee5191042d9dfdd0343758c79fe5fda7c1fc8a084848ef559811f1edadd3170	12	40577285071139525	True	1016	False
stimulus_videos	/pscratch/sd/s/sjmoon/EmoViS/data/raw/CowenEmotionVideos/1017.mp4	1017.mp4	2837853	2026-05-08T05:07:24+00:00	b2579e1dc26d9bf630815240fb846a43b6a9f86cfc2e9af4ecb54d79ed55dc5c	1017	15.3	h264	640	640	10.0	153	0	False	True			965bcb73e403d8af9c1fe38868c1a53377cc791e8e41f3a21e842846c326b680	153	28215648987314353	True	1017	False
stimulus_videos	/pscratch/sd/s/sjmoon/EmoViS/data/raw/CowenEmotionVideos/1018.mp4	1018.mp4	18305	2026-05-08T05:07:30+00:00	9cfcc17ed4354082d8abec80642251344dfb9cf0b33b2a2a3de52b39eac0fce7	1018	2.0	h264	600	350	2.0	4	0	False	True			bf90305f8b311b1f76bff5ed263b3a9a54d39f24b9fd97f216ca87f6f0c8f0e9	4	478726929987072	True	1018	False
stimulus_videos	/pscratch/sd/s/sjmoon/EmoViS/data/raw/CowenEmotionVideos/1019.mp4	1019.mp4	464256	2026-05-08T05:07:29+00:00	d8717841d8f2ccf66909dc4c67642206a46ef1b883fec742743a80636a97386d	1019	8.06	h264	302	194	7.6923076923076925	62	0	False	True			7abd500cf50d310e51e85bd8e7392bfe8aa0bfeb28565301c173279b19c2ce34	62	37784033403380239	True	1019	False
stimulus_videos	/pscratch/sd/s/sjmoon/EmoViS/data/raw/CowenEmotionVideos/1020.mp4	1020.mp4	488841	2026-05-08T05:07:30+00:00	4fbdcd05a0c01ed8bcdf4604d08d336d2acb1a0eb3148c0d6573260806ca10b2	1020	3.44	h264	500	288	12.5	43	0	False	True			1e9fc41f1a48d88b8e497dfa737913ee42532361b682e706a23919e87a5907d7	43	17482367717310462	True	1020	False
stimulus_videos	/pscratch/sd/s/sjmoon/EmoViS/data/raw/CowenEmotionVideos/1021.mp4	1021.mp4	1607885	2026-05-08T05:07:31+00:00	e003fcfd28564dc1b4f791ca10bcc20fb98e1f272c183164eb8b30e0309e00f5	1021	5.4	h264	800	468	16.666666666666668	90	0	False	True			13e55326fbb7339ce01b4f041402ee6f2bdeabcd02a7185561282beef8545b65	90	50009463429143860	True	1021	False
stimulus_videos	/pscratch/sd/s/sjmoon/EmoViS/data/raw/CowenEmotionVideos/1022.mp4	1022.mp4	27217	2026-05-08T05:07:31+00:00	7ffe7a7ca5689e138e06d79de5f2bc6f74b7d9e66072fb88f5f920cae23d6a04	1022	2.16	h264	570	208	16.666666666666668	36	0	False	True			8c2b972aa62cf3b6536e2f921c13867908690d67ff43fef0cb395bfd72cc0654	36	17729598751486987	True	1022	False
stimulus_videos	/pscratch/sd/s/sjmoon/EmoViS/data/raw/CowenEmotionVideos/1023.mp4	1023.mp4	106778	2026-05-08T05:07:31+00:00	987b4b95ea541021303ba5479ded2ea27fa5b41fd2c9e569c80eb1a2f9e97f21	1023	4.32	h264	408	230	11.11111111111111	48	0	False	True			1a3e94f61e66cbae53749c3abf39bb0ba167ee5030aadaa7d34d56e7bd948631	48	71133003041980	True	1023	False
stimulus_videos	/pscratch/sd/s/sjmoon/EmoViS/data/raw/CowenEmotionVideos/1024.mp4	1024.mp4	139404	2026-05-08T05:07:30+00:00	c727c980391c90fd9c3b3781eb3d1e17aa3493d19527dc6d46e3ff4b5adbee4c	1024	1.5	h264	498	290	10.0	15	0	False	True			0b36783956c84845ddba38e850a96bfb555d60d1ee5bb6d83ce825945b6a1115	15	21285679487651249	True	1024	False
stimulus_videos	/pscratch/sd/s/sjmoon/EmoViS/data/raw/CowenEmotionVideos/1025.mp4	1025.mp4	63190	2026-05-08T05:07:30+00:00	25254dbb373c8ee09cce0bd015f60e805fff2f7c83ef1e3ee515b9b09826baaf	1025	1.44	h264	640	346	25.0	36	0	False	True			f41e705c98703ec69934cf75daa45ff26e319211d79d6709cad094f65df1e9fe	36	35745071479179199	True	1025	False
stimulus_videos	/pscratch/sd/s/sjmoon/EmoViS/data/raw/CowenEmotionVideos/1026.mp4	1026.mp4	45904	2026-05-08T05:07:29+00:00	f5c1bacf74a1d830fd1d8ef8dfba541538c2d49a0487c5aaa9f13edc0937f4be	1026	5.2	h264	320	180	7.6923076923076925	40	0	False	True			3eb5cb91b87e06c0d3d6db949a8ccc192c40dd92c7d8765e216e3ddf1fceebba	40	3954980120384683	True	1026	False
stimulus_videos	/pscratch/sd/s/sjmoon/EmoViS/data/raw/CowenEmotionVideos/1027.mp4	1027.mp4	991304	2026-05-08T05:07:29+00:00	1f4f25b6bdfcba77e70f44a6a753059541a6c46e899b335d36237d4f9f52951e	1027	6.56	h264	362	200	12.5	82	0	False	True			83c762271a7080bbe52e7f2b0a983a160186586a035b78a927f9c1892ebfa4f7	82	4113246992974600	True	1027	False
stimulus_videos	/pscratch/sd/s/sjmoon/EmoViS/data/raw/CowenEmotionVideos/1028.mp4	1028.mp4	382488	2026-05-08T05:07:24+00:00	aa913549d0eac7dfa12447a715bdd60d03f6b1d95e78db62fe0852a380eb9997	1028	2.1	h264	500	280	14.285714285714286	30	0	False	True			864e227d529bc3dbea38ed731f0f43522c704b9509ca8420f0fb7e9e907adb22	30	24502808139945387	True	1028	False
stimulus_videos	/pscratch/sd/s/sjmoon/EmoViS/data/raw/CowenEmotionVideos/1029.mp4	1029.mp4	105817	2026-05-08T05:07:23+00:00	fb33733dd7d40ba69dd229da10082e497335c49b1020f7a5654bb0da78ec0efd	1029	3.6	h264	390	218	10.0	36	0	False	True			e013bf5609798f45b1f4afc1074c4de4dda4d77dbc324cc4219f148880bef763	36	35727357946789112	True	1029	False
stimulus_videos	/pscratch/sd/s/sjmoon/EmoViS/data/raw/CowenEmotionVideos/1030.mp4	1030.mp4	277697	2026-05-08T05:07:30+00:00	ec35c689be8f34345738350bb0bbabe2da245a3729b1280d16743444e03beefb	1030	2.44	h264	552	552	25.0	61	0	False	True			dce8e69247b584177f6dfc7961a1dc16c832eef278f110eb0809a953ea07627a	61	7930690744473535	True	1030	False
stimulus_videos	/pscratch/sd/s/sjmoon/EmoViS/data/raw/CowenEmotionVideos/1031.mp4	1031.mp4	70470	2026-05-08T05:07:30+00:00	3c89d78ceddab07563144d485f4bf4e27c00827c05a914d6f72aa0a5905864c7	1031	1.7	h264	500	374	10.0	17	0	False	True			3a7fbacd60fe0f00aff31ae592da1ebafa9a7f25a3061e5cb8a621bd6f685aa8	17	36028795897740447	True	1031	False
stimulus_videos	/pscratch/sd/s/sjmoon/EmoViS/data/raw/CowenEmotionVideos/1032.mp4	1032.mp4	190044	2026-05-08T05:07:29+00:00	360f4673be3ec6b5ed768dc7bc8179e2ac299acb0b07faf4391c65d492d8b630	1032	1.6	h264	450	242	10.0	16	0	False	True			daa1097ee75e1eb633f112fc34c73d0fccad4d6d7bbf6713c789b54b9c75f6d4	16	15869546615378565	True	1032	False
stimulus_videos	/pscratch/sd/s/sjmoon/EmoViS/data/raw/CowenEmotionVideos/1033.mp4	1033.mp4	182130	2026-05-08T05:07:29+00:00	fca52111c5483f1baa819c737fea718b40ce50cbe10b3b6c8fc5b06d3a6b57d9	1033	5.0	h264	314	200	10.0	50	0	False	True			15ced5eb8adb2e0d9d551c78421f65fc3836ff66dc0ad1ae56d966f3d748ceb5	50	34407545473405809	True	1033	False
stimulus_videos	/pscratch/sd/s/sjmoon/EmoViS/data/raw/CowenEmotionVideos/1034.mp4	1034.mp4	303795	2026-05-08T05:07:30+00:00	c6a55675c1bc355f6f2a470f16234ed3384867a4e32fa0c446f444a1ed96b105	1034	5.0	h264	450	254	10.0	50	0	False	True			e12b35973a1654aed378b1c93966f1d759fe6b686e9435994fbaf84b0530afd3	50	28369293926070414	True	1034	False
stimulus_videos	/pscratch/sd/s/sjmoon/EmoViS/data/raw/CowenEmotionVideos/1035.mp4	1035.mp4	136972	2026-05-08T05:07:30+00:00	1d35570e1e5845d95ae118293da128b56d4037d478227a059486a5de9ae3aa28	1035	5.0	h264	400	300	10.0	50	0	False	True			49975687b525ed0c9963a723abde0945468c0e3603e5d791986e404ebdfd1f66	50	3968394419691407	True	1035	False
stimulus_videos	/pscratch/sd/s/sjmoon/EmoViS/data/raw/CowenEmotionVideos/1036.mp4	1036.mp4	4206071	2026-05-08T05:07:31+00:00	7f3ae26a7585c28aa75d4b44d2ac32fa5185d012b7c8abb0151503bd3e38bc61	1036	12.6	h264	720	404	25.0	315	0	False	True			686b42735f5bbd16fea2b055d7c7dbbda383aab4766af9ea32e5eb8e6a79e334	315	69786955346855587	True	1036	False
stimulus_videos	/pscratch/sd/s/sjmoon/EmoViS/data/raw/CowenEmotionVideos/1037.mp4	1037.mp4	588266	2026-05-08T05:07:31+00:00	31371bb27701efaddc04f8b555a216ef27c8bebe11ebb04ab7c1f44ce5d13eed	1037	4.16	h264	636	288	7.6923076923076925	32	0	False	True			eabfba140710088edc3c6d5658c54104dbf5e5e2308949b6050667e2e55c68ed	32	40281890271330820	True	1037	False
stimulus_videos	/pscratch/sd/s/sjmoon/EmoViS/data/raw/CowenEmotionVideos/1038.mp4	1038.mp4	56585	2026-05-08T05:07:23+00:00	3ad50740d3d8a8bb99e74e5af59fc90949cbfd575ea9a0c277130ca778e63b40	1038	1.08	h264	340	202	16.666666666666668	18	0	False	True			1f7e9285c1da287bf9bd4956e27f220bc5b2e8a01aa1825cdd107fb56f0fb8ea	18	34607569986091515	True	1038	False
stimulus_videos	/pscratch/sd/s/sjmoon/EmoViS/data/raw/CowenEmotionVideos/1039.mp4	1039.mp4	662686	2026-05-08T05:07:23+00:00	ace0a93017272197ab32d78b0ded28c77c8439e1fbb18576df61acc40c511b76	1039	8.16	h264	250	216	12.5	102	0	False	True			2a41add6160fa3ac4650a1319c9dea991fd5ba03b13970921a320776084d104f	102	67411913103972976	True	1039	False
stimulus_videos	/pscratch/sd/s/sjmoon/EmoViS/data/raw/CowenEmotionVideos/1040.mp4	1040.mp4	1747999	2026-05-08T05:07:28+00:00	6ce600c92386db085f180ed23d7a873b4702fb41fbf4aff14f734854f6021167	1040	10.92	h264	400	224	16.666666666666668	182	0	False	True			0bd7eafff50131aa9ec4f06fd581ee56d7625967d0c31f47d703dcda12d2d878	182	9029622458816692	True	1040	False
stimulus_videos	/pscratch/sd/s/sjmoon/EmoViS/data/raw/CowenEmotionVideos/1041.mp4	1041.mp4	80917	2026-05-08T05:07:29+00:00	552087a82fba54f1c6a53a6905042da0debd28c08224ad2109d1c5a318af2e94	1041	2.76	h264	330	186	33.333333333333336	92	0	False	True			f9c58ca9a3fa9b66a70df806356e4c23d64b0a38ca6c853297a9dc0429714b0c	92	8970932618656558	True	1041	False
stimulus_videos	/pscratch/sd/s/sjmoon/EmoViS/data/raw/CowenEmotionVideos/1042.mp4	1042.mp4	362106	2026-05-08T05:07:28+00:00	b30c0424b77994a545a3e6bfc295682528a1fc898d8f683525cbb949daa0c134	1042	7.1	h264	320	144	10.0	71	0	False	True			4fc40f57a8938567445998b3401b0aeb0c082018a6909f2e08ed199c37dbd572	71	22022913891648391	True	1042	False
stimulus_videos	/pscratch/sd/s/sjmoon/EmoViS/data/raw/CowenEmotionVideos/1043.mp4	1043.mp4	79570	2026-05-08T05:07:28+00:00	998be7850b4675916fd2628aec4697fd3b725e15969f7124a1872cacfdeac4dd	1043	3.3	h264	250	140	16.666666666666668	55	0	False	True			311300ad49f860f63e4a7248506b489bc1a274ab3e98ee5daf0913d665babec7	55	59036319169500071	True	1043	False
stimulus_videos	/pscratch/sd/s/sjmoon/EmoViS/data/raw/CowenEmotionVideos/1044.mp4	1044.mp4	62309	2026-05-08T05:07:27+00:00	6ee28f81e9768fbc706fbb213d437d230cf11d81026e8aabc17ae8e89a342b74	1044	2.1	h264	320	180	14.285714285714286	30	0	False	True			ce68199e10e36a85c75e2d3f28962ff9777d47bc7ac46300628085885d97f3ee	30	3941759094439017	True	1044	False
stimulus_videos	/pscratch/sd/s/sjmoon/EmoViS/data/raw/CowenEmotionVideos/1045.mp4	1045.mp4	149859	2026-05-08T05:07:27+00:00	15c5c47d6b1619570eedb042f2336f98657748f0f8f14d0b7ef73e75e498f748	1045	1.0	h264	500	374	10.0	10	0	False	True			edc0d7f87587dda887829c82f015d26af3b45832d88272b432361d5f9d312134	10	16632344824150376	True	1045	False
stimulus_videos	/pscratch/sd/s/sjmoon/EmoViS/data/raw/CowenEmotionVideos/1046.mp4	1046.mp4	219512	2026-05-08T05:07:27+00:00	98bbe232d996a2fa1b2587a1db5521e98f671f8353194d954e6fb8cb207328c0	1046	6.72	h264	300	194	12.5	84	0	False	True			957f4d6586ea2f9cf2e6f697440bdeb5ed92f89f3f3c6bee5e741c82f52535b0	84	7095422735580893	True	1046	False
stimulus_videos	/pscratch/sd/s/sjmoon/EmoViS/data/raw/CowenEmotionVideos/1047.mp4	1047.mp4	108125	2026-05-08T05:07:28+00:00	9f22c2df58588c2a9aa8abca96cf04f62c23ff660b30264d8c1bbfa1a725818d	1047	2.2	h264	294	340	9.090909090909092	20	0	False	True			2674e3e2f328235dc48e0d6c4bac1e6a4e37600b1145e39d5f10568b6491f1db	20	41705427797436061	True	1047	False
stimulus_videos	/pscratch/sd/s/sjmoon/EmoViS/data/raw/CowenEmotionVideos/1048.mp4	1048.mp4	471163	2026-05-08T05:07:26+00:00	ce20b3658922b9401a1604a7a787299e1473177a6bdbc634f17d171f4b86b8a3	1048	3.6	h264	960	540	33.333333333333336	120	0	False	True			5b5cc6d94413370fdf3ec5e40849c867ef77a6faf04f603d4f0b83d4a65ab915	120	43688462779927706	True	1048	False
stimulus_videos	/pscratch/sd/s/sjmoon/EmoViS/data/raw/CowenEmotionVideos/1049.mp4	1049.mp4	127805	2026-05-08T05:07:26+00:00	7add866199765053f84e6a31fd12775127d84a9fa090b500cdaaa0cd7f49c52d	1049	4.4	h264	272	224	10.0	44	0	False	True			6ebee41ccac77e72929aaf502e84fd5f92b39754c966e6cdaa26820ca17212c8	44	38431766557725476	True	1049	False
stimulus_videos	/pscratch/sd/s/sjmoon/EmoViS/data/raw/CowenEmotionVideos/1050.mp4	1050.mp4	127870	2026-05-08T05:07:27+00:00	6765ceb66891353db94712553863a6cb4334291aa19a56be6f7906259d3b5b57	1050	5.16	h264	370	208	16.666666666666668	86	0	False	True			afbd875d7f45db9ec16836b00c2d1785d13328f3f336956cc558554b8a3f5088	86	23839212789173265	True	1050	False
stimulus_videos	/pscratch/sd/s/sjmoon/EmoViS/data/raw/CowenEmotionVideos/1051.mp4	1051.mp4	54304	2026-05-08T05:07:27+00:00	6d8bf60217fdb7ae66b8c6610e0734210af4dd23c6b77123e5cb01a3fd23519f	1051	0.6	h264	500	280	20.0	12	0	False	True			db6a98586bafcd622d924cda11da79f11ea8b250c209b6e78b4481a08a208be6	12	71738732941355842	True	1051	False
stimulus_videos	/pscratch/sd/s/sjmoon/EmoViS/data/raw/CowenEmotionVideos/1052.mp4	1052.mp4	203483	2026-05-08T05:07:27+00:00	bbc32c377fd2a111b8be5ece8f1f1d7769cba75c89b84bb2387330547de8b81a	1052	0.96	h264	500	500	25.0	24	0	False	True			b937cf759c806a0ad0452b8c79bdf4ef414fc169a9fac1ebeda9667d969ecb9a	24	8511841712921340	True	1052	False
stimulus_videos	/pscratch/sd/s/sjmoon/EmoViS/data/raw/CowenEmotionVideos/1053.mp4	1053.mp4	138504	2026-05-08T05:07:28+00:00	aadaf99be8659cac0b4d0019b4aa7a8336c52b7c0bdf94936302b1b83a97cf3c	1053	0.6	h264	1200	674	10.0	6	0	False	True			7ec71298728f7bdd623fa286e06e6f1fcbdd62cc05d249e2aba4b4c33a25eb14	6	31188365355007032	True	1053	False
stimulus_videos	/pscratch/sd/s/sjmoon/EmoViS/data/raw/CowenEmotionVideos/1054.mp4	1054.mp4	218969	2026-05-08T05:07:28+00:00	97b596610b1f0ef153b873d69edd0295e15e2f48538a031f17ee52042399514e	1054	3.4	h264	500	278	10.0	34	0	False	True			777a8a3cec07d3b808e687b9dc28c0fcb82f50b0aaf660fd23dd52d2ce194813	34	24963753600731023	True	1054	False
stimulus_videos	/pscratch/sd/s/sjmoon/EmoViS/data/raw/CowenEmotionVideos/1055.mp4	1055.mp4	73374	2026-05-08T05:07:29+00:00	a9b2e86caabedf97c272564797a7a293ccb5f2e78e58a2587ac56084f82e02d7	1055	1.5	h264	496	330	6.666666666666667	10	0	False	True			5a2344b6e136175819cb4e8e3ab83f361dbf364dbfafc43016d95d5089bc7bbc	10	58761347237436723	True	1055	False
stimulus_videos	/pscratch/sd/s/sjmoon/EmoViS/data/raw/CowenEmotionVideos/1056.mp4	1056.mp4	87124	2026-05-08T05:07:28+00:00	327cb4454f1e92fc0b61c7e73b97a6f79d56484bfd306fee435faed20ee9ad96	1056	1.5	h264	500	246	10.0	15	0	False	True			66d07fcd5b14a6306bcef7b0b7d3ad1c6caec1e72e4b5cbedf3d5f2e8f6549fc	15	50209005854447890	True	1056	False
stimulus_videos	/pscratch/sd/s/sjmoon/EmoViS/data/raw/CowenEmotionVideos/1057.mp4	1057.mp4	114034	2026-05-08T05:07:28+00:00	65e9b367a18883839ce547a92eff696775c89aeda285b7d550a44f9954cfcd92	1057	2.0	h264	494	210	10.0	20	0	False	True			f27c3de0feb85dd54e53b9cbf0b5e0a7330e3b92b3aebabd767d8c9b531494cf	20	22411579263398766	True	1057	False
stimulus_videos	/pscratch/sd/s/sjmoon/EmoViS/data/raw/CowenEmotionVideos/1058.mp4	1058.mp4	99618	2026-05-08T05:07:24+00:00	fd86f935f6778c843071cdf792021ac44d815ca3772d2cf5b762333a1e854b75	1058	2.5	h264	396	212	50.0	125	0	False	True			ec6a0ccfbc4e218be96f0f7befc790ab3e05a2742f2714ea1841dc7b63fab156	125	17553469121170974	True	1058	False
stimulus_videos	/pscratch/sd/s/sjmoon/EmoViS/data/raw/CowenEmotionVideos/1059.mp4	1059.mp4	683177	2026-05-08T05:07:25+00:00	64d3a5f25e06464c93dc14c8a7ce6f6ee8711754376c9054abe3b3a55a078b64	1059	3.78	h264	388	276	16.666666666666668	63	0	False	True			08bff1a81e11a6826388e2d859a0192c18cddb769e38c0c00ed41103caf50687	63	38032230513758143	True	1059	False
stimulus_videos	/pscratch/sd/s/sjmoon/EmoViS/data/raw/CowenEmotionVideos/1060.mp4	1060.mp4	129016	2026-05-08T05:07:26+00:00	ca4fbdbab5f84cdfc92d53164f2d0883da85fb11fb5afb5be30a75bafafef953	1060	2.59	h264	244	190	14.285714285714286	37	0	False	True			86c535cf69ab88e586c49d7fdc884ea7f5abb71dc5b627c2d3f4fac8229706d7	37	50494837481677171	True	1060	False
stimulus_videos	/pscratch/sd/s/sjmoon/EmoViS/data/raw/CowenEmotionVideos/1061.mp4	1061.mp4	1306192	2026-05-08T05:07:26+00:00	0420a0fcf081f2b150b9d37cd42eb572a06806e043e819a9a3b5163b4e40acd6	1061	10.28	h264	724	408	25.0	257	0	False	True			30fa72e8dcb10f8bc96ef84dd5d3c53a2f9bd3b48bee4eb3a16ed43138f7bf17	257	8510739445409458	True	1061	False
stimulus_videos	/pscratch/sd/s/sjmoon/EmoViS/data/raw/CowenEmotionVideos/1062.mp4	1062.mp4	214902	2026-05-08T05:07:25+00:00	1709b26634d32d26cf39a60161a342d8a852a457d73dc7f2c11087b43ef5c416	1062	2.067	h264	480	270	15.0	31	0	False	True			734a98c06e2825e38628388557990bf91fbbbb2d0d50d6921ba69a4efed846dc	31	57357244239737315	True	1062	False
stimulus_videos	/pscratch/sd/s/sjmoon/EmoViS/data/raw/CowenEmotionVideos/1063.mp4	1063.mp4	920724	2026-05-08T05:07:26+00:00	5c2d40beecce410d714d2491f9dbc743adb582f6cfe0821768b8e4442380cd96	1063	5.9	h264	692	382	10.0	59	0	False	True			9d94e9911832ab51b1dd6a38e80533096c847e5f2b9f10465fa9c3d5af91f444	59	6241346904280201	True	1063	False
stimulus_videos	/pscratch/sd/s/sjmoon/EmoViS/data/raw/CowenEmotionVideos/1064.mp4	1064.mp4	363797	2026-05-08T05:07:24+00:00	e29fb7bc5c22abf4b4a5d9c8e0dbeabca3bf6eb9c8d4240f764b71bbf6e9179f	1064	7.98	h264	300	256	33.333333333333336	266	0	False	True			038372cc3f00e8bae5e3cd86d831bd0c9bad2ec888ef3d038bd4dd1446b80458	266	27272076441223684	True	1064	False
stimulus_videos	/pscratch/sd/s/sjmoon/EmoViS/data/raw/CowenEmotionVideos/1065.mp4	1065.mp4	79874	2026-05-08T05:07:25+00:00	78a9e7039f4f14782e2ea57f87d3ea79ce7756de997efb72384c0f4833ce4d1c	1065	6.72	h264	400	294	14.285714285714286	96	0	False	True			f1e3380c99af1398e82bddb1140a3421e3f8c24edc007ee9df1ca6a609d8c383	96	1914827792762822	True	1065	False
stimulus_videos	/pscratch/sd/s/sjmoon/EmoViS/data/raw/CowenEmotionVideos/1066.mp4	1066.mp4	4138864	2026-05-08T05:07:25+00:00	a0fc45cbb2b06105e6f8ee5f34622368bd33b8eb4e0b296b414d6e5036ead57d	1066	15.0	h264	720	404	30.0	450	0	False	True			dc7a56edb48d18beeff589946a0fb9f37220cccc45ae35d991d23e41f43b2977	450	594257864247425	True	1066	False
stimulus_videos	/pscratch/sd/s/sjmoon/EmoViS/data/raw/CowenEmotionVideos/1067.mp4	1067.mp4	205767	2026-05-08T05:07:25+00:00	4a7c056b7e40d13b0df07d2da8ec4f41459eaaa55c91e43e9b71fcb7619c7c93	1067	4.6	h264	640	360	10.0	46	0	False	True			5c67be640e3390f3d909d54dea8c01b46c37ef908cacf82be4515d2fa857e6a9	46	39579371151411603	True	1067	False
stimulus_videos	/pscratch/sd/s/sjmoon/EmoViS/data/raw/CowenEmotionVideos/1068.mp4	1068.mp4	1144040	2026-05-08T05:07:28+00:00	2d459721c2065423bb7ecb097787fd28f3c224a664f91ee4b0c1c9f11f65cae6	1068	22.68	h264	460	258	16.666666666666668	378	0	False	True			5f3905ec86ddabcc77c1c0ff0c7409fa304b2c20de6a165ff7b9faf9e857ad59	378	11923277243029028	True	1068	False
stimulus_videos	/pscratch/sd/s/sjmoon/EmoViS/data/raw/CowenEmotionVideos/1069.mp4	1069.mp4	11604	2026-05-08T05:07:29+00:00	cf3b26ea697df98133f09c8d4c57b7735d7c50997de03f26a6430e03a71e03f2	1069	0.48	h264	250	138	16.666666666666668	8	0	False	True			049b3b359bb5d9ef713019ea250b686a2804f246302c78cff3f43364bda70c5e	8	8791097064271450	True	1069	False
stimulus_videos	/pscratch/sd/s/sjmoon/EmoViS/data/raw/CowenEmotionVideos/1070.mp4	1070.mp4	272304	2026-05-08T05:07:24+00:00	5573664796a994a6341343ab90480726a19a2f31d302ed49bd82434a880aaef9	1070	2.5	h264	486	260	10.0	25	0	False	True			95e238e909fa260473191b2a574fb740ccaac42b31207e2d8ced5012b925207d	25	36454472531733004	True	1070	False
stimulus_videos	/pscratch/sd/s/sjmoon/EmoViS/data/raw/CowenEmotionVideos/1071.mp4	1071.mp4	1454471	2026-05-08T05:07:25+00:00	a4fc2a766cb0e9dd1140df96472c73983ac4f3a422c0af1ee5ebab584e5fcd82	1071	2.04	h264	1024	778	25.0	51	0	False	True			3f3cdcbbe7e3c5c15532c55b518a53158aee1ed6168967ac4541829cc1302bc9	51	17588857216593099	True	1071	False
stimulus_videos	/pscratch/sd/s/sjmoon/EmoViS/data/raw/CowenEmotionVideos/1072.mp4	1072.mp4	2518017	2026-05-08T05:07:25+00:00	083e21d5282259aba84de38d7f991afdd9b4d1546c7b2fc2d28a09ccf6266b7c	1072	14.48	h264	718	404	25.0	362	0	False	True			83f24ecc649d341381cd0b126a7898712a279577fef8bdb4ff7695369c69516f	362	65025447333947279	True	1072	False
stimulus_videos	/pscratch/sd/s/sjmoon/EmoViS/data/raw/CowenEmotionVideos/1073.mp4	1073.mp4	180266	2026-05-08T05:07:25+00:00	174e376522ebc5f267903953b63ec53e076fb71d16364a6aa73989aee718135a	1073	3.15	h264	400	224	14.285714285714286	45	0	False	True			d0ea985eae820cfa61a02dc75a998195bf55aa7612cb10b123ec7a362afee3fc	45	8510466841372591	True	1073	False
stimulus_videos	/pscratch/sd/s/sjmoon/EmoViS/data/raw/CowenEmotionVideos/1074.mp4	1074.mp4	52846	2026-05-08T05:07:26+00:00	5a39533ca61f505c973cf9178b0f59fbe6184bd8e42e47ba12d47198b2f1828f	1074	2.25	h264	500	282	6.666666666666667	15	0	False	True			bd1051d1450e407a1c24160ed25e379f7f1e86c72d066e646842fa4ab15a327e	15	56313281351396472	True	1074	False
stimulus_videos	/pscratch/sd/s/sjmoon/EmoViS/data/raw/CowenEmotionVideos/1075.mp4	1075.mp4	119533	2026-05-08T05:07:26+00:00	9d8babd18d00f737ca5fdf11830aec69ed6bee63ee3e7310afa600386bfd7d00	1075	3.84	h264	238	300	8.333333333333334	32	0	False	True			2f7baf588425cb94d7d9c846792ec668ac62bca6356b84bc99c9ef7692ef4857	32	6821889037489051	True	1075	False
stimulus_videos	/pscratch/sd/s/sjmoon/EmoViS/data/raw/CowenEmotionVideos/1076.mp4	1076.mp4	1570893	2026-05-08T05:07:25+00:00	3f0ce43dbcc4b45897a28816ba49f4927f539f55a4946d25e9ac7f6ea61abffb	1076	15.12	h264	320	240	25.0	378	0	False	True			312685fe381b88a7bf8686d8c85855fe3988862ffc127a449f0c7ed2eb084d56	378	8545670578101671	True	1076	False
stimulus_videos	/pscratch/sd/s/sjmoon/EmoViS/data/raw/CowenEmotionVideos/1077.mp4	1077.mp4	1365795	2026-05-08T05:07:26+00:00	5420029edefec25eb8410f13b3faecbe42d3d48e42ae4cdf81c760d9202d18b8	1077	15.36	h264	640	360	33.333333333333336	512	0	False	True			90dd8af551c3fc310413212635a1c5c20c529e4552caf19b144fedc2f4e67205	512	71632062473066663	True	1077	False
stimulus_videos	/pscratch/sd/s/sjmoon/EmoViS/data/raw/CowenEmotionVideos/1078.mp4	1078.mp4	54253	2026-05-08T05:07:27+00:00	64a8a78672f286f5663e9dcf2a75d2b153971157c919475d85bed6c75456260d	1078	1.3	h264	500	280	20.0	26	0	False	True			e9fa29304b9d287f6d2eb9576aca008c248555d7966f12368651efbdb39bec44	26	10844805341273720	True	1078	False
stimulus_videos	/pscratch/sd/s/sjmoon/EmoViS/data/raw/CowenEmotionVideos/1079.mp4	1079.mp4	148209	2026-05-08T05:07:27+00:00	df72a178c4fcd76067004f1f64e9cefe1e1689a66c6e4143ec5644bac00edb16	1079	4.41	h264	390	238	14.285714285714286	63	0	False	True			68b8a96aa643c9eebe3cfbe9f7b0324eee9c5b57bc55d4cb01747fe6e9f1136b	63	5142677612941441	True	1079	False
stimulus_videos	/pscratch/sd/s/sjmoon/EmoViS/data/raw/CowenEmotionVideos/1080.mp4	1080.mp4	235764	2026-05-08T05:07:28+00:00	f03df557fd73f3f395c9177ef0775e931df6a30517a1a5a388a04328f12cefc0	1080	8.5	h264	350	196	20.0	170	0	False	True			01589bc98f3538ac75ab28cc641a645b1871684db73d36ed675c3593aa2a9316	170	53618751574234022	True	1080	False
stimulus_videos	/pscratch/sd/s/sjmoon/EmoViS/data/raw/CowenEmotionVideos/1081.mp4	1081.mp4	172568	2026-05-08T05:07:28+00:00	66b2b8801e02772b51d26ea90480c8ad3503795708840e5ab1a966359729dc67	1081	5.4	h264	346	244	16.666666666666668	90	0	False	True			61a7086478dbbee11aeac0ed9a8106609082e3b5fde5b933061e25688e246220	90	38012558542750470	True	1081	False
stimulus_videos	/pscratch/sd/s/sjmoon/EmoViS/data/raw/CowenEmotionVideos/1082.mp4	1082.mp4	392564	2026-05-08T05:07:29+00:00	79a44349c01734ac4f38c228bdd5f3860a6e27a467e5a41de05b2feb776a31ad	1082	7.9	h264	210	212	10.0	79	0	False	True			16a4076ae4e06a23deabaf4667e91777c334a351dd26d87b5b048a50b0fae119	79	10964224986591787	True	1082	False
stimulus_videos	/pscratch/sd/s/sjmoon/EmoViS/data/raw/CowenEmotionVideos/1083.mp4	1083.mp4	193755	2026-05-08T05:07:28+00:00	06858969ca73bf44851f6b3790563dc786061f014918a8e53131e42eef8ceaad	1083	2.067	h264	320	238	15.0	31	0	False	True			e2179877bec38bb51aa097577520bf9197ed8b91a10dee946e03b997ba454db6	31	7729201771971590	True	1083	False
stimulus_videos	/pscratch/sd/s/sjmoon/EmoViS/data/raw/CowenEmotionVideos/1084.mp4	1084.mp4	1011597	2026-05-08T05:07:28+00:00	d9f468add3f759db1cb90c9ee8e5d879d177b33c38ac069d5841a01e746c277c	1084	8.82	h264	480	270	16.666666666666668	147	0	False	True			0d229a7c273d2699b812337a1d470bf0bd42516b801bd280abacbb2ebac56085	147	603921911778332	True	1084	False
stimulus_videos	/pscratch/sd/s/sjmoon/EmoViS/data/raw/CowenEmotionVideos/1085.mp4	1085.mp4	213474	2026-05-08T05:07:27+00:00	31cc8c0a50c7c52015ef2359852bd35d7f8fbe15b693ad949e734452454e4e5a	1085	11.13	h264	614	380	14.285714285714286	159	0	False	True			f91285b4e2ff49b0b3c82e1dab10911fa9a8aba668452f6a8edbded571af0aef	159	17500038379260810	True	1085	False
stimulus_videos	/pscratch/sd/s/sjmoon/EmoViS/data/raw/CowenEmotionVideos/1086.mp4	1086.mp4	384796	2026-05-08T05:07:27+00:00	37d0f2df55a0c1e96a94b5028bc2d36d332ec3efd5ffdbda6cb3d9c2121cdd0c	1086	3.8	h264	500	282	10.0	38	0	False	True			4eed4c6f55b5538455c4cc5cc2beab142f1f12412a64df4dd5dbdae0fd5ab290	38	64398085322637716	True	1086	False
stimulus_videos	/pscratch/sd/s/sjmoon/EmoViS/data/raw/CowenEmotionVideos/1087.mp4	1087.mp4	232213	2026-05-08T05:07:27+00:00	08a2669c6b41f4c9bc3af1be5bd2902971155b891d2b8971c0f7124a9da43ddc	1087	1.6	h264	400	300	10.0	16	0	False	True			7c998a5f33d7902f2dee0aff06361cbe86dcb6cca291ccfec053aa760440fee1	16	66019181785014683	True	1087	False
stimulus_videos	/pscratch/sd/s/sjmoon/EmoViS/data/raw/CowenEmotionVideos/1088.mp4	1088.mp4	540615	2026-05-08T05:07:26+00:00	42e52efcc9c0b764897f0565a8c583903e9a1079e235053fd754bc79fa24c840	1088	12.22	h264	310	174	7.6923076923076925	94	0	False	True			b63d37e8ad2d910988bef38bc094be6a724d202a9f20a2fecea4f93b56067313	94	64041068536943019	True	1088	False
stimulus_videos	/pscratch/sd/s/sjmoon/EmoViS/data/raw/CowenEmotionVideos/1089.mp4	1089.mp4	283460	2026-05-08T05:07:25+00:00	6ecb4709338ea2d90ac46a20c96befeed06f75cd164dfb00ce7bf34c0a5ba0e4	1089	9.48	h264	200	198	8.333333333333334	79	0	False	True			0d098e2ff78c811ef07d2a6b5c8e2c4dbda4ead935c5a33eb5db22601f90a260	79	58438196806479347	True	1089	False
stimulus_videos	/pscratch/sd/s/sjmoon/EmoViS/data/raw/CowenEmotionVideos/1090.mp4	1090.mp4	2276716	2026-05-08T05:07:28+00:00	2ea867fa5fe9a54e3ce6f6bcbed35063040a739e529c470bb2b95668106708a0	1090	6.6	h264	480	480	15.0	99	0	False	True			32379db8d590f75d83962604fa5afce9b8c1764e6336ea881b16c41dc5431f94	99	41162213391943426	True	1090	False
stimulus_videos	/pscratch/sd/s/sjmoon/EmoViS/data/raw/CowenEmotionVideos/1091.mp4	1091.mp4	402095	2026-05-08T05:07:27+00:00	4ec73676c378ebb8d20de1ff7162f9fbd6f4f95d0a77708ee632130a9d036eb1	1091	10.08	h264	224	400	25.0	252	0	False	True			2f1cf97e827ec88e8b8964fc04f7eb36d6ddfd64dd0f8273ae9e580814611330	252	31495365590794083	True	1091	False
stimulus_videos	/pscratch/sd/s/sjmoon/EmoViS/data/raw/CowenEmotionVideos/1092.mp4	1092.mp4	218684	2026-05-08T05:07:27+00:00	29339486e5e724316aab5f4df864de23dc9f31d5c5bef42779fbcc37ec54e9e5	1092	1.8	h264	520	284	10.0	18	0	False	True			6eb83c253a8c2b101ce73792bd4ad0dd22415ddc1f34eb749929a739fca6b0f7	18	39182988713266229	True	1092	False
stimulus_videos	/pscratch/sd/s/sjmoon/EmoViS/data/raw/CowenEmotionVideos/1093.mp4	1093.mp4	209450	2026-05-08T05:07:27+00:00	77f575b6c17b9041375e1bf077b84d7371b515c6ce1280ab35e448b3ab296c72	1093	5.78	h264	400	480	5.882352941176471	34	0	False	True			20c3c57f0054713b1b6d51d1375912b63be2e911b8557bc89a2ec913f12da878	34	39392705228291835	True	1093	False
stimulus_videos	/pscratch/sd/s/sjmoon/EmoViS/data/raw/CowenEmotionVideos/1094.mp4	1094.mp4	53278	2026-05-08T05:07:28+00:00	92a3dd4a6c0fc14a1e2f7d000eebdae7154e72b4516f2d5776d48e107d714656	1094	1.2	h264	400	418	8.333333333333334	10	0	False	True			74f48993ba6f3c02b8eefb4986a78c210ae50860c1d9f4f291b4de3fbd05b3b9	10	13581736895986800	True	1094	False
stimulus_videos	/pscratch/sd/s/sjmoon/EmoViS/data/raw/CowenEmotionVideos/1095.mp4	1095.mp4	543730	2026-05-08T05:07:28+00:00	371ab41f6b8323e5355fc37a8d07df814e1818c399e4a2a68ee9af39bc6293fb	1095	10.77	h264	320	180	33.333333333333336	359	0	False	True			1d64c55276062626aa5c480bc85f2159c851f66e54256c44fee00661091b8b2f	359	4545172991579315	True	1095	False
stimulus_videos	/pscratch/sd/s/sjmoon/EmoViS/data/raw/CowenEmotionVideos/1096.mp4	1096.mp4	515287	2026-05-08T05:07:29+00:00	8e9251ad07feb5b7823d7951803a6e688ffe34eb9bd7ddea036770f222d280a9	1096	3.48	h264	324	322	8.333333333333334	29	0	False	True			093839dc0149d33c3320a79b1e6ec456b35ba6fe46887bcbbd28f7b4bab23d74	29	12978877700884367	True	1096	False
stimulus_videos	/pscratch/sd/s/sjmoon/EmoViS/data/raw/CowenEmotionVideos/1097.mp4	1097.mp4	2201276	2026-05-08T05:07:28+00:00	4cd8b788e83a35d19be4de37f4e0592287a1dc7b9aad8cdd98eb823bcc438ea0	1097	15.12	h264	718	404	25.0	378	0	False	True			663f2b13ec3f702a47e1ca28cdcd4123d0d657d4ba81692c1a9f29c4bf444fcd	378	7455355465267441	True	1097	False
stimulus_videos	/pscratch/sd/s/sjmoon/EmoViS/data/raw/CowenEmotionVideos/1098.mp4	1098.mp4	553905	2026-05-08T05:07:25+00:00	895bc90847049a5aa11f37302d53dfd18c4140ad2f752494ec259e53e0a0f410	1098	13.8	h264	400	334	10.0	138	0	False	True			a7aace7bbfe2d5861993f7c832e5bb600dc5a18618c0cc4359478243f937c4bc	138	68088170989426312	True	1098	False
stimulus_videos	/pscratch/sd/s/sjmoon/EmoViS/data/raw/CowenEmotionVideos/1099.mp4	1099.mp4	455905	2026-05-08T05:07:25+00:00	ccfdeea1a1312cb469ef37ed2cc8001a75195c3525d41e695d2fe07fed1218cf	1099	9.2	h264	372	208	10.0	92	0	False	True			3e2488fcc1b651859dcef602f167d3bcff2abaa1a9349e053402088c1c81e137	92	57875237354072063	True	1099	False
stimulus_videos	/pscratch/sd/s/sjmoon/EmoViS/data/raw/CowenEmotionVideos/1100.mp4	1100.mp4	317496	2026-05-08T05:07:26+00:00	ee8ce9295d47e00876c3aa771168e977614b34dfb114b1bab1827d6056df5d6e	1100	7.36	h264	240	428	12.5	92	0	False	True			76622d8f3794549f03b2e3cb91b559aabe05af50a09c119b98cde0e4a838542e	92	40317824476657188	True	1100	False
stimulus_videos	/pscratch/sd/s/sjmoon/EmoViS/data/raw/CowenEmotionVideos/1101.mp4	1101.mp4	835760	2026-05-08T05:07:26+00:00	1e3991af06fa1b01204f996209f920b05e7bdd30d8b47114e6ac9aeeb3306977	1101	5.25	h264	580	434	14.285714285714286	75	0	False	True			b3a3d424111e2ee04c984ff05b2eab58e6a89bcdf74ab7a81e978c55fccb29fb	75	39799267149775691	True	1101	False
stimulus_videos	/pscratch/sd/s/sjmoon/EmoViS/data/raw/CowenEmotionVideos/1102.mp4	1102.mp4	228350	2026-05-08T05:07:26+00:00	0a18780c73bf401d4d80910f617692498774c8d6113dbb344d9ba0582c5db296	1102	4.08	h264	400	300	8.333333333333334	34	0	False	True			3c40ceb954ec8f6b9049d8c639fba335ee869bd175b71b732f80dd95c5ebc797	34	17233840214653040	True	1102	False
stimulus_videos	/pscratch/sd/s/sjmoon/EmoViS/data/raw/CowenEmotionVideos/1103.mp4	1103.mp4	793693	2026-05-08T05:07:26+00:00	99b5d0fa97301c0f379ba64eac5972fac27226aa385966d2b570116c2aee2b40	1103	10.92	h264	346	194	16.666666666666668	182	0	False	True			fa75249bb3976a575b4efd449436d7ac2046c42a98e314bff81c8dc74cf5284f	182	7455624936251035	True	1103	False
stimulus_videos	/pscratch/sd/s/sjmoon/EmoViS/data/raw/CowenEmotionVideos/1104.mp4	1104.mp4	1257592	2026-05-08T05:07:24+00:00	932ccdeb6dbc24134e04d345d0ec039e65dee6d18c1d4284b105088a8bd55063	1104	5.0	h264	1280	720	10.0	50	0	False	True			8817d6f6a4853808656cce7b90db0639ea73d5ab7281612451029216085e361e	50	17013721633430584	True	1104	False
stimulus_videos	/pscratch/sd/s/sjmoon/EmoViS/data/raw/CowenEmotionVideos/1105.mp4	1105.mp4	89735	2026-05-08T05:07:24+00:00	4c49a8522ad9cba276af36dc122453001c3fa8f398c80319b1f17781f65dc933	1105	4.0	h264	320	320	10.0	40	0	False	True			078b415bb3017b0d0aef898e257a759e4d0369e1f45806728e4a2973b0a46636	40	22297720314484449	True	1105	False
stimulus_videos	/pscratch/sd/s/sjmoon/EmoViS/data/raw/CowenEmotionVideos/1106.mp4	1106.mp4	76474	2026-05-08T05:07:25+00:00	58ee8ecac6daa9618b23b15fe9e25c95ac0cc97e38b0ca0fbba5966b654ea6b1	1106	1.24	h264	400	224	100.0	124	0	False	True			edfbc12f663a655f16a86be9551d923a93740b7c43a3a7c8a46cce52c3bd6363	124	57829783710927629	True	1106	False
stimulus_videos	/pscratch/sd/s/sjmoon/EmoViS/data/raw/CowenEmotionVideos/1107.mp4	1107.mp4	125794	2026-05-08T05:07:25+00:00	c3d38df6dde010fe52322280f8c68e88cb69cb55f7546a50ce2ba52f8beda3e5	1107	1.76	h264	480	272	100.0	176	0	False	True			2bbb7bd86f41703582f31d0d0900892f0fdfab0f0541ea6a27b98a3d1e924aa8	176	2411409663115651	True	1107	False
stimulus_videos	/pscratch/sd/s/sjmoon/EmoViS/data/raw/CowenEmotionVideos/1108.mp4	1108.mp4	109563	2026-05-08T05:07:29+00:00	cdf09e2353cfe5a97e5de36cc550d297741f41b2f315e01ffa689d5472fb0c7f	1108	2.4	h264	442	240	10.0	24	0	False	True			e49d9f1693dade3356652f43ccc6a15b12881e19ecad495fb200a0a4f46d0712	24	8493086816172167	True	1108	False
stimulus_videos	/pscratch/sd/s/sjmoon/EmoViS/data/raw/CowenEmotionVideos/1109.mp4	1109.mp4	416744	2026-05-08T05:07:29+00:00	c374d10bd3bde3faa1d45f0ceb5e7331218718c992a2ca94fbfcfe427966fc3b	1109	6.08	h264	372	208	12.5	76	0	False	True			3b7dd6aa018129233df50c8cdefcc14c7928b8141d893c3cf504e0fab4192e23	76	59078714207254640	True	1109	False
stimulus_videos	/pscratch/sd/s/sjmoon/EmoViS/data/raw/CowenEmotionVideos/1110.mp4	1110.mp4	241288	2026-05-08T05:07:24+00:00	a2267433196cad40f5004a15b2964769d32c1f0f66d4e30f4a73897c93b5d675	1110	1.36	h264	640	360	25.0	34	0	False	True			4bfcbed2486bac2a9ec0787df57189cff0c23b71a8a04ba0734f3c52694a1250	34	17571963563038899	True	1110	False
stimulus_videos	/pscratch/sd/s/sjmoon/EmoViS/data/raw/CowenEmotionVideos/1111.mp4	1111.mp4	59945	2026-05-08T05:07:24+00:00	a842955dfea538b8dcb62c078a467bbef259ed8f838f6c96d04fa9b1d003ad09	1111	1.7	h264	600	434	10.0	17	0	False	True			c414be2a82c387a2b9fc5bff90eed3c9770763d3305e15a18226605a12223082	17	42839604923105583	True	1111	False
stimulus_videos	/pscratch/sd/s/sjmoon/EmoViS/data/raw/CowenEmotionVideos/1112.mp4	1112.mp4	2332945	2026-05-08T05:07:25+00:00	17f7c812049283253932a0babec54e201f281864af3c6aef31c5287c3e319f4f	1112	11.6	h264	680	382	20.0	232	0	False	True			b089d759b4a10cf7b9831cf5bb65c16a1a16ae297053737e1da65868fa52bc4a	232	21562576649339267	True	1112	False
stimulus_videos	/pscratch/sd/s/sjmoon/EmoViS/data/raw/CowenEmotionVideos/1113.mp4	1113.mp4	4447524	2026-05-08T05:07:25+00:00	58cd0f698eacef1e415f3d7990449b2f5b7c9f45564d2aa7cd61868b30f8c0ba	1113	29.8	h264	388	690	10.0	298	0	False	True			e923afabd240195e8f1d56c8a5fa501531dc932d673087f202dd3ec82345db87	298	68371891980616615	True	1113	False
stimulus_videos	/pscratch/sd/s/sjmoon/EmoViS/data/raw/CowenEmotionVideos/1114.mp4	1114.mp4	257853	2026-05-08T05:07:26+00:00	be1e569b4f5e26280d1225bd0c9d2f363f49e741c63ca08c746d74a7a8577cd6	1114	4.76	h264	500	264	100.0	476	0	False	True			564263ea9dab2590b765b1e0911ff7e1e7f66d76bc1442b8ae83b4f72f11d0ab	476	54432203360409407	True	1114	False
stimulus_videos	/pscratch/sd/s/sjmoon/EmoViS/data/raw/CowenEmotionVideos/1115.mp4	1115.mp4	386854	2026-05-08T05:07:26+00:00	4da7651321588fccf57a8cacc1c35ccf96264e622bd2a8c0e689001f208cfe6c	1115	2.82	h264	500	200	16.666666666666668	47	0	False	True			bbb1f69689dbe4dbf8bdaa41e2b4d8839cf8339f0f0a4a263aa17fb009a26e5c	47	62408797823615891	True	1115	False
stimulus_videos	/pscratch/sd/s/sjmoon/EmoViS/data/raw/CowenEmotionVideos/1116.mp4	1116.mp4	198994	2026-05-08T05:07:26+00:00	d88c3b06ea1b16f62744b1571b0401a3fa9b98483447c22b468094cfca9b9ced	1116	2.6	h264	500	384	5.0	13	0	False	True			5551ba9d5cc964709eb810465534e6cfdf71d866dbc5363e292add531f0dfbe4	13	5277759699959937	True	1116	False
stimulus_videos	/pscratch/sd/s/sjmoon/EmoViS/data/raw/CowenEmotionVideos/1117.mp4	1117.mp4	26580	2026-05-08T05:07:26+00:00	75dbf882475355afeef979cdb055e56debab1e47130faa6d495a41661243f391	1117	0.4	h264	500	280	25.0	10	0	False	True			f35ca15c8d933d6b036fe7f57744438016ad1b906da9a9c2af66c8541e232540	10	13621338749731332	True	1117	False
stimulus_videos	/pscratch/sd/s/sjmoon/EmoViS/data/raw/CowenEmotionVideos/1118.mp4	1118.mp4	109933	2026-05-08T05:07:27+00:00	93dfb17d21f04741273d4c4ac7df1019065bc3f4b0d1eabc778b4d5fbf809e6c	1118	1.5	h264	450	450	10.0	15	0	False	True			b8ae09e624016e69e7f3466cd4de786fd770a1533977952796c1149f1b9154d1	15	58934455670029857	True	1118	False
stimulus_videos	/pscratch/sd/s/sjmoon/EmoViS/data/raw/CowenEmotionVideos/1119.mp4	1119.mp4	184002	2026-05-08T05:07:27+00:00	09fbf0a51cba5ce8f0c843c6b018449d57fb42e608386f8e5717f365d6360329	1119	4.8	h264	250	144	10.0	48	0	False	True			7738b4a150b0a211b99e2144c37a7c12561e7bef84aac6578abbd9587fb2013c	48	8475735812225394	True	1119	False
stimulus_videos	/pscratch/sd/s/sjmoon/EmoViS/data/raw/CowenEmotionVideos/1120.mp4	1120.mp4	357030	2026-05-08T05:07:29+00:00	81871097ae37d31a8db5f321a4501a0ed0edee7fd130011d974991d6397916e9	1120	1.8	h264	640	640	33.333333333333336	60	0	False	True			7463d567d6355c6e0b687a3bf9ad34d8b42b6a1b03417780508f7c63a8442355	60	248720135393792	True	1120	False
stimulus_videos	/pscratch/sd/s/sjmoon/EmoViS/data/raw/CowenEmotionVideos/1121.mp4	1121.mp4	2965652	2026-05-08T05:07:29+00:00	5ef0904bfddf2986d4f868fab177e658603a134c1937b63518d1f2f0f7c4b960	1121	15.12	h264	720	404	25.0	378	0	False	True			78c97988f4bb0c111d66771ee5e3bfc47676c3331f1b1004aee6db33b0482218	378	12695229637443975	True	1121	False
stimulus_videos	/pscratch/sd/s/sjmoon/EmoViS/data/raw/CowenEmotionVideos/1122.mp4	1122.mp4	256580	2026-05-08T05:07:28+00:00	b39df12fc20ca8e660aba108472beefab5c3031c3dc956b2074796e5026a0d56	1122	3.2	h264	500	374	10.0	32	0	False	True			039aefd6e2724b84278db52096091a9ae207f689230b74c25bb7cd2ac76d88e5	32	58458144325301357	True	1122	False
stimulus_videos	/pscratch/sd/s/sjmoon/EmoViS/data/raw/CowenEmotionVideos/1123.mp4	1123.mp4	325771	2026-05-08T05:07:28+00:00	d10fe1051f4299d94361de852647bc53255a01534bacd8d395f1c1e19b1706ad	1123	2.53	h264	800	406	9.090909090909092	23	0	False	True			685a0230e960c82afeb03fed7f4895e5bb28877af8add928de5c8873fc0d734c	23	44752296326251397	True	1123	False
stimulus_videos	/pscratch/sd/s/sjmoon/EmoViS/data/raw/CowenEmotionVideos/1124.mp4	1124.mp4	2567822	2026-05-08T05:07:27+00:00	1356282641d34347a737960d9d077c87c6aaeb789fe205aa9c4cfcf680cef361	1124	15.08	h264	404	720	25.0	377	0	False	True			c164152aa6577e26be8fc6ccb460be49f80fb2cc77d9971a17aa69e9c1d60146	377	58470129109431108	True	1124	False
stimulus_videos	/pscratch/sd/s/sjmoon/EmoViS/data/raw/CowenEmotionVideos/1125.mp4	1125.mp4	539807	2026-05-08T05:07:27+00:00	b2a374ca892b5670ffcf9bc172854bdc20adcc41177475b28c6bfecafd484571	1125	1.7	h264	500	380	10.0	17	0	False	True			a332f1e62f797209c8bae968127616a866e164b9543b254d720f8739a1d07eea	17	52255143886990533	True	1125	False
stimulus_videos	/pscratch/sd/s/sjmoon/EmoViS/data/raw/CowenEmotionVideos/1126.mp4	1126.mp4	264644	2026-05-08T05:07:27+00:00	1a5311c81187594ffc0b88330270d599a82204c977ad4f1e0c46ce79d3fee7c0	1126	1.68	h264	500	210	33.333333333333336	56	0	False	True			ddae6bcb45f724893002e83a4df2516713245df344f08a2debfb4e5bb5548510	56	63546988100637607	True	1126	False
stimulus_videos	/pscratch/sd/s/sjmoon/EmoViS/data/raw/CowenEmotionVideos/1127.mp4	1127.mp4	215920	2026-05-08T05:07:28+00:00	a861499117092683f373498b2954bc537f188a021cce835e9a3027db9a006ec8	1127	1.6	h264	500	280	10.0	16	0	False	True			ee465ab0205619c7a2dbc8e7ba463ca05225c13a73a3f2e02ad4d7e4c4a31959	16	13040967878791985	True	1127	False
stimulus_videos	/pscratch/sd/s/sjmoon/EmoViS/data/raw/CowenEmotionVideos/1128.mp4	1128.mp4	2007014	2026-05-08T05:07:26+00:00	cd4665ec03f4ad5cdc693b16c566f4fd24cabd01edc86fdeb512fae1c2aacfbf	1128	13.6	h264	600	450	20.0	272	0	False	True			d625026a85ee8febba3cfaed386131381672e91501f670db931fec4118001c8a	272	44539536270263183	True	1128	False
stimulus_videos	/pscratch/sd/s/sjmoon/EmoViS/data/raw/CowenEmotionVideos/1129.mp4	1129.mp4	53426	2026-05-08T05:07:26+00:00	a56aeb20f463413fd44ec6f5b02d9243a45e91c04f27203ea672da43931c3969	1129	1.33	h264	244	200	14.285714285714286	19	0	False	True			70cd6268d4ab98b077067d87929a7fa9b6eff4971071e64970afd42b7e990221	19	9113581350526780	True	1129	False
stimulus_videos	/pscratch/sd/s/sjmoon/EmoViS/data/raw/CowenEmotionVideos/1130.mp4	1130.mp4	1445067	2026-05-08T05:07:27+00:00	afd4123e835243e7ae0543f07fa9137b5bbada6fe45688a36e6afb23167c3075	1130	7.0	h264	500	278	14.285714285714286	100	0	False	True			c33b82fc7977eeed36932211fb6222e26bbe1d7b1142312a26314d3342ed081d	100	65466478844973153	True	1130	False
stimulus_videos	/pscratch/sd/s/sjmoon/EmoViS/data/raw/CowenEmotionVideos/1131.mp4	1131.mp4	305071	2026-05-08T05:07:27+00:00	ab5271a4c17c2feb23276a5a493ea4f3159426a12241083cede94465d610aca0	1131	4.48	h264	600	344	14.285714285714286	64	0	False	True			f25ae526764d841e4003255a87c17ab8bff8ea980c90ccbe6a3e2d2798fa622d	64	17481947186679952	True	1131	False
stimulus_videos	/pscratch/sd/s/sjmoon/EmoViS/data/raw/CowenEmotionVideos/1132.mp4	1132.mp4	787969	2026-05-08T05:07:27+00:00	e515a1f295d04a954c014f86a9dd96699bc98379c89173989f6d218c8acff450	1132	5.13	h264	800	432	11.11111111111111	57	0	False	True			3f6ee7b251d008eda3e31ce9ff8a6d28a78b88fba5bad52878c1135c715fbb44	57	13182711521135027	True	1132	False
stimulus_videos	/pscratch/sd/s/sjmoon/EmoViS/data/raw/CowenEmotionVideos/1133.mp4	1133.mp4	117454	2026-05-08T05:07:28+00:00	313970f42ec9953bd6e5fbebf6860b2e5393d75e7de033b55db319bab5cee232	1133	1.74	h264	242	338	16.666666666666668	29	0	False	True			53443db0f98a46d94c7ca1373e109e94698705302091e35ba5bd126a8859178e	29	15886606491730307	True	1133	False
stimulus_videos	/pscratch/sd/s/sjmoon/EmoViS/data/raw/CowenEmotionVideos/1134.mp4	1134.mp4	16932192	2026-05-08T05:07:29+00:00	9340c392ccf66a743b90b4127a46a38bbff038fa777df1f2da73d318ceb9daba	1134	15.0	h264	720	1270	10.0	150	0	False	True			759678132d761bbe4ccfc4727f933a2643d06dab84174e515ede92c965196b8f	150	16921724475441689	True	1134	False
stimulus_videos	/pscratch/sd/s/sjmoon/EmoViS/data/raw/CowenEmotionVideos/1135.mp4	1135.mp4	140272	2026-05-08T05:07:29+00:00	2ebeabf3619bc0795fe6b2217bcc49ba91ff2d5e8771c99adce84aae188eef09	1135	5.76	h264	400	222	11.11111111111111	64	0	False	True			349917cc660ae98cc0c9796474812be11585e6147ab6ab6b0da505b915ede6c6	64	34539419914435963	True	1135	False
stimulus_videos	/pscratch/sd/s/sjmoon/EmoViS/data/raw/CowenEmotionVideos/1136.mp4	1136.mp4	144580	2026-05-08T05:07:28+00:00	f6729ef235d111ebba9006d58cb410bfd8026ebaf6ce3851f54422454feba96e	1136	2.88	h264	196	196	25.0	72	0	False	True			7fa20c4a4ce1cafea222495cdfef79854d1daffa6e6393d156c7642bb0e4ad60	72	19570649996991280	True	1136	False
stimulus_videos	/pscratch/sd/s/sjmoon/EmoViS/data/raw/CowenEmotionVideos/1137.mp4	1137.mp4	112138	2026-05-08T05:07:28+00:00	65edf7f2a262b317cc9ca1536395f458d63d7ee6503365ec492b69f06c2a8a53	1137	2.4	h264	506	266	10.0	24	0	False	True			1b7250431cf77d86296914953937c2c4f1651810b0cd284b76a938a91fd46304	24	31205976069438326	True	1137	False
stimulus_videos	/pscratch/sd/s/sjmoon/EmoViS/data/raw/CowenEmotionVideos/1138.mp4	1138.mp4	4681063	2026-05-08T05:07:24+00:00	0b99cfd9e9060a093f3f032754f52fe0b26abbd5501e9dda4b8d81b46512c2c8	1138	14.1	h264	640	640	10.0	141	0	False	True			3d710c36c5a652aa8940337afb12bad4fde310596c262c19035c158d9648fb88	141	40213451677737734	True	1138	False
stimulus_videos	/pscratch/sd/s/sjmoon/EmoViS/data/raw/CowenEmotionVideos/1139.mp4	1139.mp4	149033	2026-05-08T05:07:25+00:00	f636fe241b5db6ba1218c944113a6cc829f7f634c615cc6acb5ecd51214b695c	1139	4.5	h264	260	208	11.11111111111111	50	0	False	True			80aa4b19a80ae65f500bb34c6a775f5977f49c2a83c8e25ae4fdc1154791a7ca	50	58489101097041401	True	1139	False
stimulus_videos	/pscratch/sd/s/sjmoon/EmoViS/data/raw/CowenEmotionVideos/1140.mp4	1140.mp4	265007	2026-05-08T05:07:30+00:00	3ff0022d4fe96b7d99f5c783474d0eec98ad4a03bd6de48eb09229b8dd9779a7	1140	1.08	h264	500	282	25.0	27	0	False	True			cc24292f8981da15edd8b711ad3cf6b9e5c727aae678f09e5a8686130bf193ed	27	48368815699620773	True	1140	False
stimulus_videos	/pscratch/sd/s/sjmoon/EmoViS/data/raw/CowenEmotionVideos/1141.mp4	1141.mp4	739587	2026-05-08T05:07:30+00:00	767946be81cfbfc672c6b9ef1ad893273527aa3adc9a8e100a6e81571706ad8f	1141	13.32	h264	300	242	8.333333333333334	111	0	False	True			cb8a490fa6ca6468d07d518858c15bc37c121bcfc32dc326244cda4122c3a160	111	37030564922660961	True	1141	False
stimulus_videos	/pscratch/sd/s/sjmoon/EmoViS/data/raw/CowenEmotionVideos/1142.mp4	1142.mp4	264192	2026-05-08T05:07:31+00:00	74bde13d8a1cc64f2a7f3db27e6a2f0415cfde34b5ccbf1362897adcaa815baf	1142	7.3	h264	208	280	10.0	73	0	False	True			acc14b6b09956b1412640446c5d332871656dfedb5c3b395ee18e5c5c4365d0f	73	59025628695764217	True	1142	False
stimulus_videos	/pscratch/sd/s/sjmoon/EmoViS/data/raw/CowenEmotionVideos/1143.mp4	1143.mp4	517734	2026-05-08T05:07:31+00:00	2f503391739eb7674b174c940e77a0b82456ef5092b1c9166d9d74d62b49e867	1143	3.6	h264	818	460	10.0	36	0	False	True			91b885b37fe2865aafd90ffd2102b8a6c8c31b98359c50d431cc94c2233fccbb	36	15825184147586777	True	1143	False
stimulus_videos	/pscratch/sd/s/sjmoon/EmoViS/data/raw/CowenEmotionVideos/1144.mp4	1144.mp4	958382	2026-05-08T05:07:30+00:00	9946c5c64b58760b650f961fd07eb79cf980fdf56edf458901efaae66545de58	1144	25.0	h264	512	512	20.0	500	0	False	True			fffe0c098c6ee3651903b63ff62c7d6841050e573e70b6c4ba5af7ed3da5a271	500	4140526029460133	True	1144	False
stimulus_videos	/pscratch/sd/s/sjmoon/EmoViS/data/raw/CowenEmotionVideos/1145.mp4	1145.mp4	627194	2026-05-08T05:07:30+00:00	48478d178666c40fac5606731df6d916c9bbc18650fc1b06514037a46f892a6c	1145	6.18	h264	500	180	16.666666666666668	103	0	False	True			a784665981804ba85708715ad7fcd8e89dc07743606f6bf1cd045c2fb9d19636	103	28382656815912494	True	1145	False
stimulus_videos	/pscratch/sd/s/sjmoon/EmoViS/data/raw/CowenEmotionVideos/1146.mp4	1146.mp4	3538211	2026-05-08T05:07:29+00:00	ce6809405a70cc10d93ce21952ac9f71402769faaf98d5f13545704b9f528a61	1146	14.96	h264	400	300	25.0	374	0	False	True			b71a4d65c93bcc933b9dc8cc4e3ac5178dd21b03690c93164c19a5d5f5198ee9	374	60857120100402831	True	1146	False
stimulus_videos	/pscratch/sd/s/sjmoon/EmoViS/data/raw/CowenEmotionVideos/1147.mp4	1147.mp4	817580	2026-05-08T05:07:29+00:00	f68ff9ef197a90fbc046d71d68cbbfb5b72aba696bc5268b33503831ac8f6ebf	1147	7.0	h264	384	288	17.0	119	0	False	True			cd4fca3be895561c56b3265bd8337d45651a2eade95a3e88223b1203bc2864fb	119	3163070619557557	True	1147	False
stimulus_videos	/pscratch/sd/s/sjmoon/EmoViS/data/raw/CowenEmotionVideos/1148.mp4	1148.mp4	3180578	2026-05-08T05:07:23+00:00	0a9ea5c5881d026b99d224a942e2d4da888f0345127d7961b4eeb0798ab4a155	1148	15.0	h264	720	404	25.0	375	0	False	True			5d3ea1c4a84e49891966b608300f7fc0035de632b937792b624de83a02ed13a7	375	1719878597856921	True	1148	False
stimulus_videos	/pscratch/sd/s/sjmoon/EmoViS/data/raw/CowenEmotionVideos/1149.mp4	1149.mp4	386733	2026-05-08T05:07:23+00:00	7172a105503999509ebfaff1e6b1cb525c54be8c974a61e6a869c56e0b55515e	1149	1.96	h264	824	460	14.285714285714286	28	0	False	True			2ac1f200b9e512b818d4f23b36238a083bfe1aa999b871d98b3c779ae39d766c	28	1737541109728166	True	1149	False
stimulus_videos	/pscratch/sd/s/sjmoon/EmoViS/data/raw/CowenEmotionVideos/1150.mp4	1150.mp4	273443	2026-05-08T05:07:30+00:00	404be5e993faa49811cb9c499adb4307058cf8624319fab772a6f8e15bc9a914	1150	9.52	h264	200	308	12.5	119	0	False	True			755f35b31556f54e028cc2c5fc7f322f36b62fdb5b1bd339d0ab4b2a1914c679	119	2144319322386803	True	1150	False
stimulus_videos	/pscratch/sd/s/sjmoon/EmoViS/data/raw/CowenEmotionVideos/1151.mp4	1151.mp4	298818	2026-05-08T05:07:30+00:00	94d556c33582cac45f9c0e14495524c364c95968a4f41ef578621f5a80fb26f0	1151	3.06	h264	600	354	16.666666666666668	51	0	False	True			c7c8c89a2a355e887d006df5d168b9a9a21a0d795c0d82e08fc28c439dbecdab	51	72057588494729741	True	1151	False
stimulus_videos	/pscratch/sd/s/sjmoon/EmoViS/data/raw/CowenEmotionVideos/1152.mp4	1152.mp4	559147	2026-05-08T05:07:29+00:00	4b9b2506f861ace8207cbd51732df1bfc737985a455a682d28d06eb6fede7fc3	1152	7.0	h264	400	276	10.0	70	0	False	True			1e87338e6537344527be7a79a20300a8ffbb52fd5be6ca3aa0a764495d72291c	70	64295561383497631	True	1152	False
stimulus_videos	/pscratch/sd/s/sjmoon/EmoViS/data/raw/CowenEmotionVideos/1153.mp4	1153.mp4	190690	2026-05-08T05:07:29+00:00	1480af9a77d60cbad9e52c784b38126d8d4ac221c7d3aa27eba40987ae6ff75a	1153	5.84	h264	400	300	12.5	73	0	False	True			bfae192df2f77522bab7cb5416d7708809c9271dba911ed3c4eb88fce11a3822	73	17730707195361435	True	1153	False
stimulus_videos	/pscratch/sd/s/sjmoon/EmoViS/data/raw/CowenEmotionVideos/1154.mp4	1154.mp4	948166	2026-05-08T05:07:30+00:00	f3ca9cfa7d64d8e5ab6a0160e8f5ca90b13e6795cd91d4518d893671df03ba32	1154	16.56	h264	470	232	25.0	414	0	False	True			91593fb0b9a73816289070c32f571d1a22d03558ebdac84a7de08d3a0a655565	414	56889530466987129	True	1154	False
stimulus_videos	/pscratch/sd/s/sjmoon/EmoViS/data/raw/CowenEmotionVideos/1155.mp4	1155.mp4	1731725	2026-05-08T05:07:30+00:00	50ba9c809dace0bafe189f2fcf8fda592fdc29fe52df7aa67aed4aba79979473	1155	36.5	h264	380	300	30.0	1095	0	False	True			62bc78136e296a6863c36beb0036d59f8ee340ad68b4c4031f4149883929b7bc	1095	69916619537637183	True	1155	False
stimulus_videos	/pscratch/sd/s/sjmoon/EmoViS/data/raw/CowenEmotionVideos/1156.mp4	1156.mp4	2163654	2026-05-08T05:07:31+00:00	636256f85490fdb74110dd1d7a0d951d013dd88445f1069fc0a0ea7349b19ff5	1156	15.08	h264	718	404	25.0	377	0	False	True			1206fde720577d659aa66d7e682c41f56e8667b6f23ffbd130416c8a2be3fb6a	377	38032633143816691	True	1156	False
stimulus_videos	/pscratch/sd/s/sjmoon/EmoViS/data/raw/CowenEmotionVideos/1157.mp4	1157.mp4	543429	2026-05-08T05:07:31+00:00	ef1d57dbc6f6d72f7606af9087ab046e54b4fb86c56081de5c93ccb4259bc5b2	1157	7.92	h264	420	240	8.333333333333334	66	0	False	True			9dc86b160cbca45b3243ca6e23c94d27bfcf7660834285222265af2cd4f633ce	66	23235272486074073	True	1157	False
stimulus_videos	/pscratch/sd/s/sjmoon/EmoViS/data/raw/CowenEmotionVideos/1158.mp4	1158.mp4	2569188	2026-05-08T05:07:23+00:00	27ec5017d1ef730469f301c78a4f779bc71a221f81c2ee7d7ea45711f026fad5	1158	5.7	h264	720	720	30.0	171	0	False	True			d641514dae2970a259a0621ff5f499b875c62de7ac402cbe402cc51a21f190b3	171	53405027339837247	True	1158	False
stimulus_videos	/pscratch/sd/s/sjmoon/EmoViS/data/raw/CowenEmotionVideos/1159.mp4	1159.mp4	485615	2026-05-08T05:07:23+00:00	5ff278ce6c979dfca537a0a89c1629027c1d373a72138dc17ee9850d1bb99629	1159	4.6	h264	400	300	10.0	46	0	False	True			e1200d28684cbba5c8487cfc883d56b01eaaa38f3b85cc3c959c80ffcefde05b	46	37609577664524739	True	1159	False
stimulus_videos	/pscratch/sd/s/sjmoon/EmoViS/data/raw/CowenEmotionVideos/1160.mp4	1160.mp4	418530	2026-05-08T05:07:23+00:00	565a1c1f2453a0b1f2b144c147df61f073916247627108c41e629515a38a100b	1160	5.7	h264	254	300	10.0	57	0	False	True			e4af6b60744e099caf64f6d32b6e38688eb7da9694b401d00c9b638faadc2baf	57	15319328920239321	True	1160	False
stimulus_videos	/pscratch/sd/s/sjmoon/EmoViS/data/raw/CowenEmotionVideos/1161.mp4	1161.mp4	888749	2026-05-08T05:07:23+00:00	05ec171f39ffab760e0facb6192e2bfd93f5de08f4fb447e87032f0fda6bfca1	1161	22.1	h264	320	240	10.0	221	0	False	True			128a3a09ab05e8bb584f4121482b664840ee9e102836a2d5853592511e95fbb1	221	37730949255319439	True	1161	False
stimulus_videos	/pscratch/sd/s/sjmoon/EmoViS/data/raw/CowenEmotionVideos/1162.mp4	1162.mp4	27937	2026-05-08T05:07:24+00:00	0f57bd87fe94fb66d31e46262cf34fa6bede706ea9e62a406144b24c8b850ff9	1162	1.28	h264	340	234	25.0	32	0	False	True			f9f3ccd4e5ee92d360b3b9e8864d4c9ff97a88b57b13a0f5cdf2b42ee9f9ac9b	32	61703952007778993	True	1162	False
stimulus_videos	/pscratch/sd/s/sjmoon/EmoViS/data/raw/CowenEmotionVideos/1163.mp4	1163.mp4	381436	2026-05-08T05:07:24+00:00	53ade6bff31d35034adb60097457c5a4ca6b2e36516630d5dc2d2a37dac91173	1163	9.17	h264	380	230	14.285714285714286	131	0	False	True			a2468ebcbf7a8525e46c9a963e6f7d42ef81d503c4c255c81a84a43320ee750d	131	59607938082036939	True	1163	False
stimulus_videos	/pscratch/sd/s/sjmoon/EmoViS/data/raw/CowenEmotionVideos/1164.mp4	1164.mp4	46407	2026-05-08T05:07:23+00:00	b1d43ea1f0ea5a26c746d293308e3319d0404b34330c258c0b32981191f9e209	1164	2.12	h264	500	234	50.0	106	0	False	True			ec8d0b45ef33c9e59f22562c2c4b6924957e2082f4419dc4b93a20b65d64283e	106	20744927417382168	True	1164	False
stimulus_videos	/pscratch/sd/s/sjmoon/EmoViS/data/raw/CowenEmotionVideos/1165.mp4	1165.mp4	287459	2026-05-08T05:07:23+00:00	d71e061aec0bd7cb60387d008e485e2b5cedd062777f8734c2a2d47eb7854763	1165	10.4	h264	200	150	10.0	104	0	False	True			767e979712289ee8ddad29501f11019280bba995d57d4503c01d7dd6c4d39195	104	37748883973261703	True	1165	False
stimulus_videos	/pscratch/sd/s/sjmoon/EmoViS/data/raw/CowenEmotionVideos/1166.mp4	1166.mp4	117133	2026-05-08T05:07:22+00:00	862b1c9f10c10253c98591e878b01d68ec3effde0bf27d63cc74d2f40a67971f	1166	2.1	h264	500	280	10.0	21	0	False	True			f2be7e143947c2a096ba71935f701bf42500be806600acdcc105ee698626a57b	21	35603260046298007	True	1166	False
stimulus_videos	/pscratch/sd/s/sjmoon/EmoViS/data/raw/CowenEmotionVideos/1167.mp4	1167.mp4	286467	2026-05-08T05:07:22+00:00	498ba347cf4e9c33fc136cc09d6bf8d3dba491d60a41dab85cca89d51af0bf2c	1167	4.51	h264	800	360	9.090909090909092	41	0	False	True			272272c0a9cf9050b7d91fa8b4c38cf5ab86ea779dbe83c39eace7d5a720b95d	41	15425732312153015	True	1167	False
stimulus_videos	/pscratch/sd/s/sjmoon/EmoViS/data/raw/CowenEmotionVideos/1168.mp4	1168.mp4	573013	2026-05-08T05:07:30+00:00	a56e3340a16e7c169c0969a771d1cac442b0f7ff57098f1c941b4418259b5c52	1168	8.1	h264	500	280	10.0	81	0	False	True			beb0117ab378332ce021bcdd57f14a0ad357052fcf16c144bd7bbd3ff20192de	81	13033236396105113	True	1168	False
stimulus_videos	/pscratch/sd/s/sjmoon/EmoViS/data/raw/CowenEmotionVideos/1169.mp4	1169.mp4	346032	2026-05-08T05:07:30+00:00	e0343000a927905c3b76e5ff5cf8f133acf65e69e8e729318ff70fa6179f7157	1169	2.46	h264	480	270	16.666666666666668	41	0	False	True			c4cc5154a4cc4969cf26c13d45638c480b60de8dd4d8862f1db6f4cf0ddf6ad5	41	25231367786478196	True	1169	False
stimulus_videos	/pscratch/sd/s/sjmoon/EmoViS/data/raw/CowenEmotionVideos/1170.mp4	1170.mp4	160377	2026-05-08T05:07:23+00:00	832c51079f2ba0892bf678f2961507b9e14ed07a3f6f0ae0d1e46bc2eaa1220b	1170	1.72	h264	272	194	100.0	172	0	False	True			a1dd903a55c3ffb2c4232b2dc5121bb3d94077cce18a7e3769476fb5445074a9	172	33479749183168612	True	1170	False
stimulus_videos	/pscratch/sd/s/sjmoon/EmoViS/data/raw/CowenEmotionVideos/1171.mp4	1171.mp4	621938	2026-05-08T05:07:23+00:00	2cb2db89fb8f0c7d64fc281749714ed6f31c0fe0610dead7da0b65c908503f87	1171	5.2	h264	340	320	10.0	52	0	False	True			c3c48f38e9f1937e5714b1f67bc83ef57d52091392a68e2b485f480efe7368a3	52	12491278991113336	True	1171	False
stimulus_videos	/pscratch/sd/s/sjmoon/EmoViS/data/raw/CowenEmotionVideos/1172.mp4	1172.mp4	932558	2026-05-08T05:07:22+00:00	f93f6836cfad9debbb5ea59697ec273ccb97286a5cc8e18ee169b7d05d0639c7	1172	15.0	h264	250	250	10.0	150	0	False	True			26ddf19d409d652e1b64ccc23afba00a32f2ae37cb764ccfbc8a1d1b1455bb8c	150	17781689424266119	True	1172	False
stimulus_videos	/pscratch/sd/s/sjmoon/EmoViS/data/raw/CowenEmotionVideos/1173.mp4	1173.mp4	806226	2026-05-08T05:07:22+00:00	49f6b3b25c616a0b4a16312664fbff1b34f809e6260e5f19eec8e9197c318b99	1173	16.02	h264	224	400	16.666666666666668	267	0	False	True			d9ebcd5022faee78641488767c4b58f50f747e3fc84111244fae0d771f91117a	267	54489779457378368	True	1173	False
stimulus_videos	/pscratch/sd/s/sjmoon/EmoViS/data/raw/CowenEmotionVideos/1174.mp4	1174.mp4	191599	2026-05-08T05:07:23+00:00	fb19229e34e4f5b7b32d4aa899f2a454f5658a55a72a458241284b4dd32ac044	1174	2.5	h264	500	360	2.0	5	0	False	True			417b5f21b634b1eb6187cb0a1da19532da84d481661657dca00bb9203bfe4f20	5	15310489460092476	True	1174	False
stimulus_videos	/pscratch/sd/s/sjmoon/EmoViS/data/raw/CowenEmotionVideos/1175.mp4	1175.mp4	10767540	2026-05-08T05:07:23+00:00	73872112115572868d437d11156aaaedc5d3664139b6386ace63eb281b02bab9	1175	39.06	h264	532	300	16.666666666666668	651	0	False	True			f57e14cb201ecb1bd4c077e49d1206f2ad39a551b707717ebaa60c32dd90e4cb	651	6920098923704480	True	1175	False
stimulus_videos	/pscratch/sd/s/sjmoon/EmoViS/data/raw/CowenEmotionVideos/1176.mp4	1176.mp4	29854	2026-05-08T05:07:24+00:00	acc550f3349a00711121fbc221fa020e851d56b3f098e20b4f310ae20eba70d0	1176	0.76	h264	500	280	25.0	19	0	False	True			fc631260511f346b886a0ffcfdd31e91e0ca02c12e69626dcf119bcc3df078fb	19	65816662051339390	True	1176	False
stimulus_videos	/pscratch/sd/s/sjmoon/EmoViS/data/raw/CowenEmotionVideos/1177.mp4	1177.mp4	156322	2026-05-08T05:07:24+00:00	7784d13f1e6fc759a2efd3bda6cccd857477752dbb1e2e7b1c22757ebb325a24	1177	3.5	h264	244	224	14.285714285714286	50	0	False	True			46e41652aade402eb5bff41248cd3b1d48be22eabd79e82845dc2345fdd0f104	50	7008057660001297	True	1177	False
stimulus_videos	/pscratch/sd/s/sjmoon/EmoViS/data/raw/CowenEmotionVideos/1178.mp4	1178.mp4	580169	2026-05-08T05:07:30+00:00	c05a65095423ae0a270fa80314ef2530a8b990bba112786e4394baf70092b45a	1178	6.6	h264	270	480	15.0	99	0	False	True			bb497a84abdf1b830b0f4a7517598e1af64c93057e361c07adab292a5a43df3d	99	70105106519820227	True	1178	False
stimulus_videos	/pscratch/sd/s/sjmoon/EmoViS/data/raw/CowenEmotionVideos/1179.mp4	1179.mp4	135439	2026-05-08T05:07:30+00:00	52dbc0b9d99f8750dbdad85509dbfb07298273ca39d6f259d436189b53f90e52	1179	1.8	h264	500	280	8.333333333333334	15	0	False	True			f9eae54215ff70d0ec0deab6e94afaff291460ca3b6d630b6f2a07f5c938ade4	15	2117529683870878	True	1179	False
stimulus_videos	/pscratch/sd/s/sjmoon/EmoViS/data/raw/CowenEmotionVideos/1180.mp4	1180.mp4	63219	2026-05-08T05:07:31+00:00	a2629903ed37d6a40ee4ecaab80043e7dec3bbbd476d1e14f9c7d5dca45e1c0c	1180	10.269	h264	620	540	16.75	172	0	False	True			8cfddf3f5d0614ddc6eb03de0e350d760ab5b46a82d37ca660e7ddc8538680ec	172	27748988284901523	True	1180	False
stimulus_videos	/pscratch/sd/s/sjmoon/EmoViS/data/raw/CowenEmotionVideos/1181.mp4	1181.mp4	437637	2026-05-08T05:07:31+00:00	d6b64ddce79746ecdfa4b17cc929e3a64d429b9531cfcc69daae43bcabeed460	1181	5.04	h264	378	288	12.5	63	0	False	True			b728cf1996d7ec5824fc69e997bc6dd6dc9d7c4d55b043965e793320ac9e8be3	63	35639264442734769	True	1181	False
stimulus_videos	/pscratch/sd/s/sjmoon/EmoViS/data/raw/CowenEmotionVideos/1182.mp4	1182.mp4	186274	2026-05-08T05:07:30+00:00	2ce05734c6e4646f6bd2b1ac3f9fa0526c1182077ed8510fe1c2b77aee46d8db	1182	5.2	h264	444	248	10.0	52	0	False	True			4800e2ceeb168f2c3ad59b0f9576dccb121da9cd773dd6fa9187316940a75776	52	10532928149822479	True	1182	False
stimulus_videos	/pscratch/sd/s/sjmoon/EmoViS/data/raw/CowenEmotionVideos/1183.mp4	1183.mp4	98208	2026-05-08T05:07:30+00:00	31b8915dc6d967f2cc919ba65f244cd23449d80f21d8b7a3cd3d7f15395bdf11	1183	3.08	h264	202	360	25.0	77	0	False	True			89faa7dbe7447b592af2d3137919ceb6a274d04c8959ed2dcc77695b875461f4	77	27584664859199920	True	1183	False
stimulus_videos	/pscratch/sd/s/sjmoon/EmoViS/data/raw/CowenEmotionVideos/1184.mp4	1184.mp4	654143	2026-05-08T05:07:29+00:00	421546c703942bcfd9606a431b394358eb304248b76776107886b8d3085828a9	1184	39.27	h264	398	252	14.285714285714286	561	0	False	True			84b6c171f0b3183256d25b48531f7c34b12245b410a53627114583c28f6a4fe6	561	61836395433425137	True	1184	False
stimulus_videos	/pscratch/sd/s/sjmoon/EmoViS/data/raw/CowenEmotionVideos/1185.mp4	1185.mp4	450939	2026-05-08T05:07:29+00:00	4c57dcab0e6970af3ef54dba4eb756b727d1af1926e91d0ab0abcdeba97942fd	1185	5.8	h264	560	314	10.0	58	0	False	True			6253329cb00e6b5ce982fd1e98a8187016dc06ecd9501a29fc3d8c5205d21c66	58	576386249374867	True	1185	False
stimulus_videos	/pscratch/sd/s/sjmoon/EmoViS/data/raw/CowenEmotionVideos/1186.mp4	1186.mp4	736375	2026-05-08T05:07:30+00:00	c7809d9d72d76e4f4ac2341742f817c10bba0d6b87dc6733cfe443ec4337db12	1186	5.08	h264	450	252	25.0	127	0	False	True			5ee1061cec4d947c82e0098a9adcc251c04169fb9eb1ae758e5bf7f80c43ecd0	127	26045855020729092	True	1186	False
stimulus_videos	/pscratch/sd/s/sjmoon/EmoViS/data/raw/CowenEmotionVideos/1187.mp4	1187.mp4	239764	2026-05-08T05:07:30+00:00	279e30abeec65dbb1986d2e96c1060ada06d327a0276821ba6290f13be83a94d	1187	8.0	h264	400	170	10.0	80	0	False	True			17f9cd61fb544fa7d8cac21ace6bb954780b15d9d24ca98a5797c3fa96cec557	80	13683306627840	True	1187	False
stimulus_videos	/pscratch/sd/s/sjmoon/EmoViS/data/raw/CowenEmotionVideos/1188.mp4	1188.mp4	95042	2026-05-08T05:07:24+00:00	e438427b79408c767e0cc7d04879205db283e9f5c412dec2e9b4bf0454a6410b	1188	2.4	h264	500	282	10.0	24	0	False	True			b0586f5c91226edb5575bcf83347920b1ec5c5e95a4d376f76c3ab5da88a4d46	24	14180142742444083	True	1188	False
stimulus_videos	/pscratch/sd/s/sjmoon/EmoViS/data/raw/CowenEmotionVideos/1189.mp4	1189.mp4	185389	2026-05-08T05:07:24+00:00	a1de1c4e85e180fee87d8005cb1e7515159cd7f9f258372c44d4dffc05962cc6	1189	10.2	h264	356	200	6.666666666666667	68	0	False	True			9f459ce39e8bca1fd1a8acd099788d5c3b6a685bffba179a91ccecdda492305d	68	2828609998178328	True	1189	False
stimulus_videos	/pscratch/sd/s/sjmoon/EmoViS/data/raw/CowenEmotionVideos/1190.mp4	1190.mp4	195955	2026-05-08T05:07:29+00:00	f26630bd87b6b9a030c1cea05d48020a577470710b7f5da6b6887475f0cd9ebd	1190	5.2	h264	320	180	7.6923076923076925	40	0	False	True			6f61295f74a9b639038b72c34ee890969f2fbc66e3137ea18d2d742628f5a48e	40	60491662931166732	True	1190	False
stimulus_videos	/pscratch/sd/s/sjmoon/EmoViS/data/raw/CowenEmotionVideos/1191.mp4	1191.mp4	200832	2026-05-08T05:07:29+00:00	86fa3290c245818b90b2872940cf1b4c5543d07acbbaba23fa4075660fa70704	1191	5.04	h264	270	480	25.0	126	0	False	True			d74af2d423424376de2aa0c27e88c734ec177ce99dd248cc3cc746862f6323ff	126	11205668354620231	True	1191	False
stimulus_videos	/pscratch/sd/s/sjmoon/EmoViS/data/raw/CowenEmotionVideos/1192.mp4	1192.mp4	428522	2026-05-08T05:07:30+00:00	a89fbf138bcb1692c8d598793d880a99da0dd24e45c77c7e4a386d5173a2b248	1192	3.3	h264	630	354	10.0	33	0	False	True			888de360f6ad96e0610dc5a9cdb9da73de3869410861505800bd355fabdde606	33	31187925446525714	True	1192	False
stimulus_videos	/pscratch/sd/s/sjmoon/EmoViS/data/raw/CowenEmotionVideos/1193.mp4	1193.mp4	26076	2026-05-08T05:07:30+00:00	669b4b98b6cbd1fd132150de2eae3e37476e6e9f40a4f42379ecff462da80bf8	1193	0.87	h264	400	300	33.333333333333336	29	0	False	True			69f3c66e5df87e0080c1d31a77d06df1dad62a5f0d07ba5580e20c6093c6a15b	29	57854756622839548	True	1193	False
stimulus_videos	/pscratch/sd/s/sjmoon/EmoViS/data/raw/CowenEmotionVideos/1194.mp4	1194.mp4	72827	2026-05-08T05:07:31+00:00	039dc7adad99bbf0c87c2bc02dfa27ccdfd673ceb0d840f4a3aab3d20c7fa120	1194	1.7	h264	500	222	10.0	17	0	False	True			4a03c792ba1f61cefa452cb87db6ff02bbb9cbfc8dfb2d5361eedb39ff8c70cb	17	11281030543200692	True	1194	False
stimulus_videos	/pscratch/sd/s/sjmoon/EmoViS/data/raw/CowenEmotionVideos/1195.mp4	1195.mp4	685494	2026-05-08T05:07:31+00:00	0f53785662bdb1cf054af83e44569ef3c47e06bd3aa4d183f840702958215210	1195	5.39	h264	800	362	9.090909090909092	49	0	False	True			33c947433fb1148d82ec3f96af0bc1fd907fd83d47d24d7198949075a480b835	49	3972516705873496	True	1195	False
stimulus_videos	/pscratch/sd/s/sjmoon/EmoViS/data/raw/CowenEmotionVideos/1196.mp4	1196.mp4	344286	2026-05-08T05:07:30+00:00	3e8729b9ceac0e10f74327667fa993b8de32511cf06108dc43f9068e32ebd9e3	1196	0.72	h264	602	338	16.666666666666668	12	0	False	True			99621c0c0ce40c01c94dc099d2675219793335be1f5632102d7cbe9ee6a38c4f	12	54826655933680794	True	1196	False
stimulus_videos	/pscratch/sd/s/sjmoon/EmoViS/data/raw/CowenEmotionVideos/1197.mp4	1197.mp4	87892	2026-05-08T05:07:30+00:00	7df373968efd3949973a25a3c4db699c062c8ef497577025e7f8b4fbece322eb	1197	2.0	h264	448	346	10.0	20	0	False	True			96fae260deabb420f5e3f7e99b8d83249d38ea6a549a7f822b8681f1dadce286	20	48728381416901583	True	1197	False
stimulus_videos	/pscratch/sd/s/sjmoon/EmoViS/data/raw/CowenEmotionVideos/1198.mp4	1198.mp4	265475	2026-05-08T05:07:22+00:00	e84cd0904d79ea6cc4122ad10de5fb3b3bfc17af92228600df372c2e37c3e6fc	1198	7.24	h264	400	224	25.0	181	0	False	True			5d3efb9ddd5699a658e4031756a95c2d17423ba5274a9fffcac450645a3afc52	181	42678994043067835	True	1198	False
stimulus_videos	/pscratch/sd/s/sjmoon/EmoViS/data/raw/CowenEmotionVideos/1199.mp4	1199.mp4	645306	2026-05-08T05:07:22+00:00	9487c426358d569aa0d23f3d95612a2c2edfa8d65d51f8d1c375fbde322ae067	1199	17.0	h264	288	384	15.0	255	0	False	True			d7e750bd2c9216b824a2d349d05c6f288eaf33b4b4544806cbc3633658962cbd	255	8510687831902111	True	1199	False
stimulus_videos	/pscratch/sd/s/sjmoon/EmoViS/data/raw/CowenEmotionVideos/1200.mp4	1200.mp4	628969	2026-05-08T05:07:24+00:00	10e4474cff313aab9583e6127cfd741e49f5e60035001ea12eeadcb7cb23687a	1200	6.27	h264	356	188	9.090909090909092	57	0	False	True			fcdad28b7a790c0bab99774ffa4851a2651c63354ee7a06f2af2fea1ac05f535	57	11567071866551545	True	1200	False
stimulus_videos	/pscratch/sd/s/sjmoon/EmoViS/data/raw/CowenEmotionVideos/1201.mp4	1201.mp4	208594	2026-05-08T05:07:24+00:00	471e518a326c568e0ce8babf3208314e9ec9b4725e6f74c300c32a7fa92db9bf	1201	3.52	h264	500	250	9.090909090909092	32	0	False	True			2f6f6d36827ab1991d4054a33c7d91612aa9e41d5d6c58f742227f15e5ecb8e1	32	5250232751508890	True	1201	False
stimulus_videos	/pscratch/sd/s/sjmoon/EmoViS/data/raw/CowenEmotionVideos/1202.mp4	1202.mp4	1260622	2026-05-08T05:07:24+00:00	cbd67a84d4ccc754ac613608137753f3875821aeb6122b9221fbf806588d1d6f	1202	7.08	h264	718	404	25.0	177	0	False	True			0542f4c6b2039036f16d93cee60d7d44e35548e75515846e1a79ebd8a8180185	177	13032208376316291	True	1202	False
stimulus_videos	/pscratch/sd/s/sjmoon/EmoViS/data/raw/CowenEmotionVideos/1203.mp4	1203.mp4	95498	2026-05-08T05:07:23+00:00	76f0a1c7b6f89926465a621c72bcf8dd72c06e5099d021b8b9dab54a7f02da90	1203	1.86	h264	228	360	33.333333333333336	62	0	False	True			2dbc3ff8c5ea4792b0ca65375aad0398f3c007bc7189679dd2da73ef3d7d305e	62	69841411322913558	True	1203	False
stimulus_videos	/pscratch/sd/s/sjmoon/EmoViS/data/raw/CowenEmotionVideos/1204.mp4	1204.mp4	379773	2026-05-08T05:07:22+00:00	7918434e9ad49fae8f2a4818950d4980d1c88d467a0d3578b788c3c76a4b642c	1204	2.34	h264	480	292	50.0	117	0	False	True			fc388893c2ca022735a591b00227288661de4b7cef01c6e41ac192b17e69ec01	117	35672001092890454	True	1204	False
stimulus_videos	/pscratch/sd/s/sjmoon/EmoViS/data/raw/CowenEmotionVideos/1205.mp4	1205.mp4	78747	2026-05-08T05:07:22+00:00	9bdbcdaa6852fdef462dbf6be5338f1061c51027a07e3bb71d0e78549e1f9622	1205	1.7	h264	500	280	10.0	17	0	False	True			31b8757425cb1fd56ef249f335f6b5280b6ad5d631a780f8b9066ce18f78ebfc	17	25022460250103302	True	1205	False
stimulus_videos	/pscratch/sd/s/sjmoon/EmoViS/data/raw/CowenEmotionVideos/1206.mp4	1206.mp4	1293503	2026-05-08T05:07:23+00:00	97566977021cd5607a2fd7aee27afcfe7b1f1b75e33ad08d7b72ac347919089e	1206	9.1	h264	400	262	100.0	910	0	False	True			a4eea22e33c8f930af54eb98d16804b1ab4b37ea4d3ab323ced7953916818b90	910	7455070340039821	True	1206	False
stimulus_videos	/pscratch/sd/s/sjmoon/EmoViS/data/raw/CowenEmotionVideos/1207.mp4	1207.mp4	57011	2026-05-08T05:07:23+00:00	22f25988db21289185a735f2e2d68ec4b3e56b6b3f6395e1c93ab85126798d24	1207	2.52	h264	500	300	7.142857142857143	18	0	False	True			1abda155881cb97d4b06e3ea2e127e4cbdbac3c83b95f3780756566555224a96	18	5177372993936049	True	1207	False
stimulus_videos	/pscratch/sd/s/sjmoon/EmoViS/data/raw/CowenEmotionVideos/1208.mp4	1208.mp4	171214	2026-05-08T05:07:31+00:00	6bc4176b6ddc3aa3eea3e911f010dae482fe675bbec3c359cc81682e55d5352d	1208	4.75	h264	500	280	20.0	95	0	False	True			81c177efd1ce8a8ea1685845f4bc092f50be7d98f2dd17e28faeadb7adc004d6	95	8609954834831301	True	1208	False
stimulus_videos	/pscratch/sd/s/sjmoon/EmoViS/data/raw/CowenEmotionVideos/1209.mp4	1209.mp4	588715	2026-05-08T05:07:31+00:00	9024de3dfb21b78de6afcf2210065830053de6866012969b9cc9ebd86995baea	1209	6.08	h264	480	480	25.0	152	0	False	True			3adcde92917bbc109567e02e949846083a9d710d275ac61cebf94a363547e901	152	65190459976237966	True	1209	False
stimulus_videos	/pscratch/sd/s/sjmoon/EmoViS/data/raw/CowenEmotionVideos/1210.mp4	1210.mp4	369333	2026-05-08T05:07:22+00:00	e3c6a0979638fbd44abe0ee161ce947287594683a061533c9be7fbfec3930022	1210	2.45	h264	500	216	14.285714285714286	35	0	False	True			1cc084ed50958f723ab1a10427ece580905238ea3c875b8055375a23808e86ec	35	57442028382954183	True	1210	False
stimulus_videos	/pscratch/sd/s/sjmoon/EmoViS/data/raw/CowenEmotionVideos/1211.mp4	1211.mp4	498917	2026-05-08T05:07:22+00:00	e6b9b81edbf3c0e1eddd2226254766f64d73c42272c665f88176cb0e64062088	1211	4.3	h264	344	266	10.0	43	0	False	True			1a9939620a97ef5af17198ff866898cb4672d49947c351aa345288c1e33222b2	43	37747593272626361	True	1211	False
stimulus_videos	/pscratch/sd/s/sjmoon/EmoViS/data/raw/CowenEmotionVideos/1212.mp4	1212.mp4	659029	2026-05-08T05:07:23+00:00	3b6b986d327007d1adc7254a3e440aa1925d371485ce6398ac5bef32d5411451	1212	9.0	h264	488	298	10.0	90	0	False	True			a6bde47d18db088c59c54e5d732b48c1fac62233c3231301c825cfe5099cd928	90	9046829240346872	True	1212	False
stimulus_videos	/pscratch/sd/s/sjmoon/EmoViS/data/raw/CowenEmotionVideos/1213.mp4	1213.mp4	2305323	2026-05-08T05:07:23+00:00	cdc7eb033949272a37811eff79eb7dc013e8874bc6674a4eeabb0f8f5761d4cf	1213	9.334	h264	720	404	30.0	280	0	False	True			8dfe1e7f9c4ea581d582e51fb65c250a07fa7ba5d0d88fdae0bd1b62df9733b5	280	52200164036095546	True	1213	False
stimulus_videos	/pscratch/sd/s/sjmoon/EmoViS/data/raw/CowenEmotionVideos/1214.mp4	1214.mp4	53831	2026-05-08T05:07:24+00:00	98dba3ef62aa4af3fc95b512056a5e7f98169ed715cd797e4f18894d36eae826	1214	0.88	h264	500	280	25.0	22	0	False	True			880063c3b69cb15fa9756bd9d4192b1735d31f73b8d6f6415272f8021427d146	22	25421676920425871	True	1214	False
stimulus_videos	/pscratch/sd/s/sjmoon/EmoViS/data/raw/CowenEmotionVideos/1215.mp4	1215.mp4	2496308	2026-05-08T05:07:24+00:00	efb10ce0b1b51682381cf9e88b4d8a3312ab97f78a6c92aaffefaec1a595e393	1215	15.034	h264	720	404	30.0	451	0	False	True			41164d0a83f7710f1ea986104d320884b57ebba3e3c5b9063af4e99a34db113c	451	8510880138907551	True	1215	False
stimulus_videos	/pscratch/sd/s/sjmoon/EmoViS/data/raw/CowenEmotionVideos/1216.mp4	1216.mp4	899043	2026-05-08T05:07:24+00:00	3ddf4a57db2e91a081412b68d0cb9b8600d2840f153cb9e8f57924b204410328	1216	2.97	h264	800	450	33.333333333333336	99	0	False	True			dc66ebd803132899cf4d4123e9e75d1dae490ab00d85fdb88f76af948acef20b	99	21561684912979515	True	1216	False
stimulus_videos	/pscratch/sd/s/sjmoon/EmoViS/data/raw/CowenEmotionVideos/1217.mp4	1217.mp4	135467	2026-05-08T05:07:23+00:00	dd13d7ad4c6a0eb6483b9ef79b6b44192844f82ddf9b171870e1b999ea3b4b63	1217	2.52	h264	400	224	33.333333333333336	84	0	False	True			1218de20582e111940ea223d1ab90f179fefd156de4f4a09c21011f8076eae73	84	270549008	True	1217	False
stimulus_videos	/pscratch/sd/s/sjmoon/EmoViS/data/raw/CowenEmotionVideos/1218.mp4	1218.mp4	365492	2026-05-08T05:07:29+00:00	71b542af1bf0bba1a739f2d22f1605816e822237e74006864d5cdca19afb6936	1218	9.6	h264	320	178	8.333333333333334	80	0	False	True			18ac6e47921a801a3dcdd65d731ef7d0e4320d4ebae91bb18afa83c7cbc6bd1b	80	1721261780231055	True	1218	False
stimulus_videos	/pscratch/sd/s/sjmoon/EmoViS/data/raw/CowenEmotionVideos/1219.mp4	1219.mp4	490211	2026-05-08T05:07:29+00:00	d5591883c7f29c019754d23b5ebe06852896120f9ae010f1de2bb5b28fdd6882	1219	5.7	h264	352	200	10.0	57	0	False	True			ff6ddaac11e90f0e794dfaa4c6e17cd46c766e75cecd71e94ed6d3ca0459fdd1	57	6439572422862420	True	1219	False
stimulus_videos	/pscratch/sd/s/sjmoon/EmoViS/data/raw/CowenEmotionVideos/1220.mp4	1220.mp4	238488	2026-05-08T05:07:31+00:00	77f05c0031c8df20521a436cbb927b421ced61376e87e2771821cc2d9db3ef6b	1220	2.5	h264	1024	512	10.0	25	0	False	True			316e50309aa7e09c158e2947648e09d8cec514c7645d034a9ad0050da443cd9f	25	7384841726408420	True	1220	False
stimulus_videos	/pscratch/sd/s/sjmoon/EmoViS/data/raw/CowenEmotionVideos/1221.mp4	1221.mp4	435744	2026-05-08T05:07:31+00:00	26bc723aa860c74a19e104b781e492b93efd50bf2264de5639a7ddbfd83ef91f	1221	4.6	h264	480	270	15.0	69	0	False	True			8d1326efc3c882c3b14f222c79708ac5c03446ebfdc8421a6eae8921e1698e5a	69	17591073412206543	True	1221	False
stimulus_videos	/pscratch/sd/s/sjmoon/EmoViS/data/raw/CowenEmotionVideos/1222.mp4	1222.mp4	73571	2026-05-08T05:07:30+00:00	e1ad818d25ead952504865c0a3ff25f945f3da8511644d9edaefe4dd43c2c03c	1222	1.517	h264	500	372	23.083333333333332	35	0	False	True			eea1d7db574682ab6adb4b8ef6598b402345838c72915e19bc43934f1c278513	35	49142531399339741	True	1222	False
stimulus_videos	/pscratch/sd/s/sjmoon/EmoViS/data/raw/CowenEmotionVideos/1223.mp4	1223.mp4	336667	2026-05-08T05:07:30+00:00	7c5551527b85f68305dc993723e60f6e93caa4f470698817a0d5c9428f0289b2	1223	11.97	h264	600	372	14.285714285714286	171	0	False	True			dc9b4af11f07a30d3f291136dcaa98e166ea86dd2510284ef6afff3849c5e1fa	171	34308061321428411	True	1223	False
stimulus_videos	/pscratch/sd/s/sjmoon/EmoViS/data/raw/CowenEmotionVideos/1224.mp4	1224.mp4	134613	2026-05-08T05:07:29+00:00	6339b90c59c5d23bdf703d2cf68fd03166c00fa28ed1db4f73c3e56de1b8e169	1224	3.067	h264	480	270	15.0	46	0	False	True			7fc662ccb93e2d75ccf4510d723fe7cd32f3ac62c334379d5cbd78ef1aba760d	46	70353783886242288	True	1224	False
stimulus_videos	/pscratch/sd/s/sjmoon/EmoViS/data/raw/CowenEmotionVideos/1225.mp4	1225.mp4	1513813	2026-05-08T05:07:29+00:00	52497d07346bd1e8258ab41b233838fd6c44508a5634b325f819605284263466	1225	6.4	h264	480	480	15.0	96	0	False	True			f83a635aaa8ef31d7ced61e8496b770464f7229ef19bf0cfc5063b5b5479e014	96	34306427463359961	True	1225	False
stimulus_videos	/pscratch/sd/s/sjmoon/EmoViS/data/raw/CowenEmotionVideos/1226.mp4	1226.mp4	88830	2026-05-08T05:07:30+00:00	afd7a85c0517ff357dd32f94a04b97b2c23a2535289cc1fa5525f44f7f222565	1226	8.3	h264	500	272	10.0	83	0	False	True			f699fdc10db4294a5079a1fb7fa5f22316cc7cdb29b476bac3a9db518a02f5e2	83	4893676136366612	True	1226	False
stimulus_videos	/pscratch/sd/s/sjmoon/EmoViS/data/raw/CowenEmotionVideos/1227.mp4	1227.mp4	170044	2026-05-08T05:07:30+00:00	2504ec366812264266ea138a8179fdcdf6f0e792997e74efd0c12192fe00835f	1227	4.2	h264	500	312	10.0	42	0	False	True			e8e36ddba892252b98ccf75699d6b7be5422bca3909c278bbe27696f6ba6570c	42	150660416275008	True	1227	False
stimulus_videos	/pscratch/sd/s/sjmoon/EmoViS/data/raw/CowenEmotionVideos/1228.mp4	1228.mp4	174205	2026-05-08T05:07:24+00:00	2ac561bfbb4f23ac7d110b0f4944fc454456edc7b2925f3cf3316797845f243f	1228	1.6	h264	500	280	20.0	32	0	False	True			d6bd3c35ae49d8ddb6dc29c99aa9b29d0af3e3fb1fa1a5780019ded0387152f9	32	71735873251961779	True	1228	False
stimulus_videos	/pscratch/sd/s/sjmoon/EmoViS/data/raw/CowenEmotionVideos/1229.mp4	1229.mp4	2962055	2026-05-08T05:07:24+00:00	d69f4512c1268a1b16d2b2dd4db6a23f0d66ccd594f7febb5b0a65d703554517	1229	11.7	h264	586	330	20.0	234	0	False	True			78ad814d830c87b558723a71fbd65b08196c45e2a5ca15042130947fb31072e2	234	26579332198316081	True	1229	False
stimulus_videos	/pscratch/sd/s/sjmoon/EmoViS/data/raw/CowenEmotionVideos/1230.mp4	1230.mp4	107208	2026-05-08T05:07:29+00:00	ea387d851c2bb3264a99900a52bfd376fc5505bd4534be0a3dd76aa3fb2cf0f1	1230	1.2	h264	500	332	12.5	15	0	False	True			b9c90324894f4ea1818734de92adea6ba232751ccb4cf239859bbf3ad44c6b21	15	31631445277940784	True	1230	False
stimulus_videos	/pscratch/sd/s/sjmoon/EmoViS/data/raw/CowenEmotionVideos/1231.mp4	1231.mp4	1184304	2026-05-08T05:07:29+00:00	2066dccc8dfd0910c556ea7b39c1ed45f9d3c0bd5575a1b08bcb59d948e233cb	1231	2.76	h264	718	404	25.0	69	0	False	True			85db597fd7a840a77f80e4d56857956abe5df6c86094cb42697d8e532f7f995b	69	4822760865990166	True	1231	False
stimulus_videos	/pscratch/sd/s/sjmoon/EmoViS/data/raw/CowenEmotionVideos/1232.mp4	1232.mp4	207568	2026-05-08T05:07:30+00:00	54209f8921b0a710a32a948cc732d5a4eed4eb9322d78c6034a9cec8168d1a21	1232	1.5	h264	750	396	20.0	30	0	False	True			ae73458cbc4c9b1b5601ca26d23b279e5224d613a59bd4de8e40a1ba3827fdf0	30	1695569249936261	True	1232	False
stimulus_videos	/pscratch/sd/s/sjmoon/EmoViS/data/raw/CowenEmotionVideos/1233.mp4	1233.mp4	188687	2026-05-08T05:07:30+00:00	f608d0e3f08ce1bb0d48bc345b174ddfd39f3afef5c793a45f64104c4443f772	1233	2.1	h264	426	278	10.0	21	0	False	True			6b7a8f2f66abaceed85fd9fa34e574a9b1c8b9442761b4a1b23480f4d619704c	21	48795896981555288	True	1233	False
stimulus_videos	/pscratch/sd/s/sjmoon/EmoViS/data/raw/CowenEmotionVideos/1234.mp4	1234.mp4	870241	2026-05-08T05:07:31+00:00	17971e889232f6e9584b66400abff7adfa3fcec0d9c30e92553be812f01da21b	1234	10.71	h264	392	270	33.333333333333336	357	0	False	True			42afaa7df2bcf8ceb5ebc2df2249c2978e0e32bd41880538ce4364b64e7456dd	357	43115080195037331	True	1234	False
stimulus_videos	/pscratch/sd/s/sjmoon/EmoViS/data/raw/CowenEmotionVideos/1235.mp4	1235.mp4	705950	2026-05-08T05:07:31+00:00	94599b18cfe2304f3289f81edcbcc3599f1c0bcd4db453849a346344fb678053	1235	11.2	h264	264	148	10.0	112	0	False	True			68fa156551f95b7ac550c8884771a6551361ea390cf7b514fae1ef0439309269	112	7483324706173764	True	1235	False
stimulus_videos	/pscratch/sd/s/sjmoon/EmoViS/data/raw/CowenEmotionVideos/1236.mp4	1236.mp4	192489	2026-05-08T05:07:30+00:00	a579f9f984c5d7a98fa70ad5f6ae7ffb67cc2e7b419676a902e2191c1c6e2e48	1236	2.66	h264	354	260	50.0	133	0	False	True			27a64dbb39978e8b5bcad8a59c59fc0e76bc1e2518a61069abb43cf39d1bf5a7	133	10828483315529177	True	1236	False
stimulus_videos	/pscratch/sd/s/sjmoon/EmoViS/data/raw/CowenEmotionVideos/1237.mp4	1237.mp4	1221270	2026-05-08T05:07:30+00:00	b130965444688a599f1ef308c2073739cbaa5fc4c727be78b54ca0c1f36859e2	1237	15.12	h264	640	360	25.0	378	0	False	True			a63c8bb949e573b295c7cee3816e1ac1030129dbe104959332e1bbfdb9cbe1d3	378	1693559579362441	True	1237	False
stimulus_videos	/pscratch/sd/s/sjmoon/EmoViS/data/raw/CowenEmotionVideos/1238.mp4	1238.mp4	259069	2026-05-08T05:07:22+00:00	cb77180c5589a3b25f44fc9e8a62397940e598a88a4e14772be9b1752fe3fcc2	1238	9.734	h264	480	270	15.0	146	0	False	True			9b038d2d1a020bb17274a90a791438819013a5f765a8f20035da0cd280b61ea7	146	16451910476226471	True	1238	False
stimulus_videos	/pscratch/sd/s/sjmoon/EmoViS/data/raw/CowenEmotionVideos/1239.mp4	1239.mp4	1835509	2026-05-08T05:07:22+00:00	83695ecd3bb20fb0b19653f1f7d6eab090fa097b5f1c819df68bd9e82e7b4c6c	1239	13.4	h264	640	360	25.0	335	0	False	True			5fba1eb6603bcb8af778b557d5aea9d2379f1bac73dd77f478e89f37d68cd688	335	29506377057509215	True	1239	False
stimulus_videos	/pscratch/sd/s/sjmoon/EmoViS/data/raw/CowenEmotionVideos/1240.mp4	1240.mp4	124097	2026-05-08T05:07:28+00:00	ccb248afabc760dd74d287eba85960b044352f7be414a5e41f732602ef31b7f4	1240	1.52	h264	320	180	12.5	19	0	False	True			0189b1c1acbb802d476d68842b70e15f9a988eb480bb69033c5d9f354c80aa74	19	2229336378392	True	1240	False
stimulus_videos	/pscratch/sd/s/sjmoon/EmoViS/data/raw/CowenEmotionVideos/1241.mp4	1241.mp4	3613352	2026-05-08T05:07:28+00:00	b30eed23efdcdbb6bc227027ede888816f68c297979e41dce227e7e8bffdc537	1241	12.179	h264	720	1280	29.97002997002997	365	0	False	True			c64e48af4887de694ee01970422585327d6719007676357234c08441ba592fa9	365	1986149170299111	True	1241	False
stimulus_videos	/pscratch/sd/s/sjmoon/EmoViS/data/raw/CowenEmotionVideos/1242.mp4	1242.mp4	234256	2026-05-08T05:07:28+00:00	ff92e86175319628e8a5f120b6b63d8f69292d913f108ac2487a981badb7c49b	1242	3.36	h264	280	350	12.5	42	0	False	True			e1517679ba00ba2abfdfd8bc71198dc917c046f268e2836b0d354f7c8a2f223c	42	18171668722241971	True	1242	False
stimulus_videos	/pscratch/sd/s/sjmoon/EmoViS/data/raw/CowenEmotionVideos/1243.mp4	1243.mp4	538453	2026-05-08T05:07:29+00:00	b6be91163840bdeec4464218e594d19a1f9156f43cb99e27a9e50a2e2bda0487	1243	7.29	h264	500	280	11.11111111111111	81	0	False	True			576b022b0bbcf9b57d701fab55cbcad0b0490385f8842b08c55fad5737b61289	81	1712112756677309	True	1243	False
stimulus_videos	/pscratch/sd/s/sjmoon/EmoViS/data/raw/CowenEmotionVideos/1244.mp4	1244.mp4	509932	2026-05-08T05:07:27+00:00	14451c520f7d70cee56eae6d537778e0208d636a740384acdeb6e6b28535926b	1244	3.15	h264	800	362	11.11111111111111	35	0	False	True			564c09c877e6a5ad8539a5b555e81f6a22f2e8cbdcae00e394260ef882d2639d	35	40000475447281543	True	1244	False
stimulus_videos	/pscratch/sd/s/sjmoon/EmoViS/data/raw/CowenEmotionVideos/1245.mp4	1245.mp4	162836	2026-05-08T05:07:28+00:00	72d86c12f64abb8edac5af1975bf98fada11c957a253f83f3efe2b6c0c7ad2bd	1245	4.9	h264	250	250	10.0	49	0	False	True			9e1445d73d0758a481acd9223dd48bcba5445de07c9e7193b5cee58c8e710bbc	49	52340281138770275	True	1245	False
stimulus_videos	/pscratch/sd/s/sjmoon/EmoViS/data/raw/CowenEmotionVideos/1246.mp4	1246.mp4	2761521	2026-05-08T05:07:27+00:00	e6d1d4cd0e85aeed11a5df098e3f2941b5ccf196fd88fae1d5025694044f5f2f	1246	10.08	h264	718	404	25.0	252	0	False	True			69deaeb6540ead0d3ef9d2a8d4387147084e99d1f6f25a5c40fbaac36439a929	252	27802094630398919	True	1246	False
stimulus_videos	/pscratch/sd/s/sjmoon/EmoViS/data/raw/CowenEmotionVideos/1247.mp4	1247.mp4	252059	2026-05-08T05:07:27+00:00	8d07f7d0db0e3fd0b8bbbcb923ea9ddf6312e8e07db2f943d6cc7d18555dcd1f	1247	3.1	h264	500	280	10.0	31	0	False	True			40c9e2e9febbb9efe54ea46ca1a38af690dd0f7c4f20adc3ffcf371fa5d25a9b	31	52394310098809158	True	1247	False
stimulus_videos	/pscratch/sd/s/sjmoon/EmoViS/data/raw/CowenEmotionVideos/1248.mp4	1248.mp4	23039	2026-05-08T05:07:26+00:00	a015dfed3ac75e09b03df9c0ea7926150255d9da62e7325c5feeaba59e5be25f	1248	0.6	h264	488	218	20.0	12	0	False	True			196cf942b7eb60a5dc97ef9344ad88628c74625cf7eaa428c809e9914de61d7c	12	567399949918660	True	1248	False
stimulus_videos	/pscratch/sd/s/sjmoon/EmoViS/data/raw/CowenEmotionVideos/1249.mp4	1249.mp4	201457	2026-05-08T05:07:26+00:00	0064521f5fa4b33852a38df6a3c2751a539f19d1583b9bc260362f7b949b61c5	1249	3.85	h264	250	188	14.285714285714286	55	0	False	True			e3c4ff89751a44525887a9cfe48ae392dd118c2caeb4a3062f6b2f121f33de2c	55	8510721738145790	True	1249	False
stimulus_videos	/pscratch/sd/s/sjmoon/EmoViS/data/raw/CowenEmotionVideos/1250.mp4	1250.mp4	2376098	2026-05-08T05:07:27+00:00	827d26fe6431db2035799881db68a199872597d28d8e956e2270ed736803a866	1250	9.54	h264	580	358	16.666666666666668	159	0	False	True			0af152c30424e18ab26b8089f0bd3b250dee685ac38d1c8e70cd1314c7f7def8	159	13237900928899	True	1250	False
stimulus_videos	/pscratch/sd/s/sjmoon/EmoViS/data/raw/CowenEmotionVideos/1251.mp4	1251.mp4	115506	2026-05-08T05:07:28+00:00	09b320744dd70ab5f31ffe390bc9b3b179d1bddad852385102624ad170a5320e	1251	2.3	h264	384	288	10.0	23	0	False	True			ace460b5339ceeeba3ba2359b71e40ca613cbc43c705da0285202c72493a7c4e	23	8490637687228172	True	1251	False
stimulus_videos	/pscratch/sd/s/sjmoon/EmoViS/data/raw/CowenEmotionVideos/1252.mp4	1252.mp4	441837	2026-05-08T05:07:27+00:00	97a6ad8e10e322c037843e69b2acc397cb4c5b4143a9a8d191487276c7cb240c	1252	8.04	h264	500	272	16.666666666666668	134	0	False	True			13eddb6ddbdd73239bc2ffb2f8246116231421cc96863b89ac98729484773291	134	4787558376591505	True	1252	False
stimulus_videos	/pscratch/sd/s/sjmoon/EmoViS/data/raw/CowenEmotionVideos/1253.mp4	1253.mp4	548165	2026-05-08T05:07:27+00:00	6b3394970cceff7a2864234657a8a1a120b0770b2c277b61c9ab555e805136c1	1253	9.6	h264	320	240	8.333333333333334	80	0	False	True			830c9e62adee57e3e582b7a5c8f87574ffce71874826e3a21ab22d5db7e6264c	80	18687347541293007	True	1253	False
stimulus_videos	/pscratch/sd/s/sjmoon/EmoViS/data/raw/CowenEmotionVideos/1254.mp4	1254.mp4	1769074	2026-05-08T05:07:28+00:00	54d4dabfd1851aa0b921d8c1a43b2201a78fc75ca43eced292f5a9bfcf8b8dd3	1254	10.22	h264	640	360	7.142857142857143	73	0	False	True			ad1c7a3b43f9bd6eff256d6239c8e0ae33650b23bd7b4f9edec9adb81f80d9b0	73	23577453412266983	True	1254	False
stimulus_videos	/pscratch/sd/s/sjmoon/EmoViS/data/raw/CowenEmotionVideos/1255.mp4	1255.mp4	314862	2026-05-08T05:07:28+00:00	dbf8b4c3e27caa2532be1abcf9e28e866ace3484cc7c8234124b3a64c8163f53	1255	6.15	h264	478	268	20.0	123	0	False	True			0bfa9ef5eb6d5d4ea3541ff6de1e45d1d174442c86af2b39952ca74c17473e4f	123	6240957862298003	True	1255	False
stimulus_videos	/pscratch/sd/s/sjmoon/EmoViS/data/raw/CowenEmotionVideos/1256.mp4	1256.mp4	174357	2026-05-08T05:07:28+00:00	d0dc3e1c22b8a20c7aa011e840da358de88774064943acae86c4838188df7411	1256	3.15	h264	286	196	33.333333333333336	105	0	False	True			94bccdb0821344fa7635e03ef3de25cf868ed41e29ca54cf685946386f98dacd	105	9662687271372179	True	1256	False
stimulus_videos	/pscratch/sd/s/sjmoon/EmoViS/data/raw/CowenEmotionVideos/1257.mp4	1257.mp4	2074015	2026-05-08T05:07:29+00:00	86007ee7d5a5cc0e8025db29ce4e082d8ebb3b493481f3a21eba0a208c0f5ba4	1257	19.19	h264	570	320	100.0	1919	0	False	True			de046b298191d34385ea1e8fac7d95dfca1b10401facbd02843e6921144dc478	1919	17667196388783267	True	1257	False
stimulus_videos	/pscratch/sd/s/sjmoon/EmoViS/data/raw/CowenEmotionVideos/1258.mp4	1258.mp4	150078	2026-05-08T05:07:25+00:00	0c4f339e12c871be1b53a5d2df738b7e7b6c4b66060000e94e5de026dc399d1e	1258	2.87	h264	802	468	14.285714285714286	41	0	False	True			9a08b3dc4ca77e029609aa643a0e3e5260b9c8d2d98831dd231661f6cef7c3d0	41	17589969689108415	True	1258	False
stimulus_videos	/pscratch/sd/s/sjmoon/EmoViS/data/raw/CowenEmotionVideos/1259.mp4	1259.mp4	364569	2026-05-08T05:07:25+00:00	aface8202f670b7b50677cc0532c2aedf4fad0ccfa0cf548a27b9af29a97645b	1259	2.4	h264	650	346	10.0	24	0	False	True			5167bc3209ccacf6f87ac6ae9e659061fafbd8c373425a7307ab5112ac837c93	24	35081375221225988	True	1259	False
stimulus_videos	/pscratch/sd/s/sjmoon/EmoViS/data/raw/CowenEmotionVideos/1260.mp4	1260.mp4	614565	2026-05-08T05:07:25+00:00	44377a1362c78ff70eea3de0e2b65636a2a522e666b42991c8175d2d07b403dd	1260	7.6	h264	324	234	20.0	152	0	False	True			46609a3d4356bfd2648c4e31005e82ed7aac96f8f94923ebbf5dd7201f6695b6	152	38231968258592671	True	1260	False
stimulus_videos	/pscratch/sd/s/sjmoon/EmoViS/data/raw/CowenEmotionVideos/1261.mp4	1261.mp4	4718142	2026-05-08T05:07:26+00:00	495489719e07aca291853d1476a12229d6dd8f0dbe5d07f6daf5c2a7668ede90	1261	8.76	h264	800	398	16.666666666666668	146	0	False	True			1145f78529124561b35a2016422bb478bfe807f07c4ad773b051f2bc9d47cd82	146	578476412124348	True	1261	False
stimulus_videos	/pscratch/sd/s/sjmoon/EmoViS/data/raw/CowenEmotionVideos/1262.mp4	1262.mp4	720877	2026-05-08T05:07:26+00:00	a2ebb74dd38ccde7601221a0c63fcad6243e3415e01e96faa9e8abc40b100aac	1262	3.15	h264	500	304	33.333333333333336	105	0	False	True			5ff5e13ddf5cb7ce9dd785b39fcbbdd41dce55da9268e919250452371aff3852	105	23191765010748512	True	1262	False
stimulus_videos	/pscratch/sd/s/sjmoon/EmoViS/data/raw/CowenEmotionVideos/1263.mp4	1263.mp4	2191314	2026-05-08T05:07:26+00:00	5736ffcd9481a757cef317158966d07b891eeba5e42b93b44c93cec457693d46	1263	18.0	h264	400	222	10.0	180	0	False	True			520b3b7f1b968de93a4edcbfca715f539e5f701e0671e4c8c924d8190d79e30a	180	4255378246775223	True	1263	False
stimulus_videos	/pscratch/sd/s/sjmoon/EmoViS/data/raw/CowenEmotionVideos/1264.mp4	1264.mp4	378646	2026-05-08T05:07:25+00:00	d64deda324246a01eeec13ddad3531346db06ee1e395e46b60292fab1edbb739	1264	8.28	h264	286	238	11.11111111111111	92	0	False	True			b5ebd2510e3c2ea89dff44b9803b86ffcc439aad8d5f85169afb6c1748a5f39f	92	31066138350293812	True	1264	False
stimulus_videos	/pscratch/sd/s/sjmoon/EmoViS/data/raw/CowenEmotionVideos/1265.mp4	1265.mp4	273772	2026-05-08T05:07:25+00:00	501b9573d6c463c96e557d94a546e0da3823a893c187513a5ca57d97c45dfd5a	1265	16.0	h264	450	330	10.0	160	0	False	True			cdeb9448d3ef3edb489b2b82be633c6a28f3c453daef9b1eb9c49c0c49b1ea3b	160	3971678411539871	True	1265	False
stimulus_videos	/pscratch/sd/s/sjmoon/EmoViS/data/raw/CowenEmotionVideos/1266.mp4	1266.mp4	1509225	2026-05-08T05:07:24+00:00	014754ace4b6033b8a6435d15c924e55ddb395835e7a5170f7a27e143a71d7c3	1266	5.0	h264	720	404	30.0	150	0	False	True			b04468974f7ed6a56c4fc97d87098609925198048f2936175bc6bede118d1937	150	29229209200024761	True	1266	False
stimulus_videos	/pscratch/sd/s/sjmoon/EmoViS/data/raw/CowenEmotionVideos/1267.mp4	1267.mp4	1244048	2026-05-08T05:07:25+00:00	b71240838216685630bfdac38d2dc3735acec77e377825427bc9ea10eeacd5e4	1267	5.08	h264	718	404	25.0	127	0	False	True			1dd3e29808a7d2becae06c8e572efeb32270b9d09cc61cef09c2b2a0aec67e3a	127	15321512257984046	True	1267	False
stimulus_videos	/pscratch/sd/s/sjmoon/EmoViS/data/raw/CowenEmotionVideos/1268.mp4	1268.mp4	832974	2026-05-08T05:07:28+00:00	cbee051a7121e1a6ca88c7a3a7e76d0602eb0d7ef103b3c49c59c4a4f261f869	1268	5.91	h264	374	280	33.333333333333336	197	0	False	True			8744ab2928e97aa49abb36a544be06590040e19ed580f9aa17e6c337baca8d4a	197	19295376884838033	True	1268	False
stimulus_videos	/pscratch/sd/s/sjmoon/EmoViS/data/raw/CowenEmotionVideos/1269.mp4	1269.mp4	2884406	2026-05-08T05:07:28+00:00	2a59c89e9afa9c74b2cf86fa4ec96a5333f26ce4a7af625904a106400f8b81b9	1269	15.08	h264	718	404	25.0	377	0	False	True			993f3240539d3b984a27446f4aa0485679cf2936d92588b1ea684bfa51e59b8d	377	49756806144247695	True	1269	False
stimulus_videos	/pscratch/sd/s/sjmoon/EmoViS/data/raw/CowenEmotionVideos/1270.mp4	1270.mp4	2656698	2026-05-08T05:07:25+00:00	6d33be062336a268266f23371aff6b0cde8b5354bd469995899179badbc79599	1270	15.12	h264	640	640	25.0	378	0	False	True			6f295b238d78e31edf7ce98b9c7a29db5c8b372ac0eeac800d48c19a9c6b1a90	378	33352695566765068	True	1270	False
stimulus_videos	/pscratch/sd/s/sjmoon/EmoViS/data/raw/CowenEmotionVideos/1271.mp4	1271.mp4	1258682	2026-05-08T05:07:25+00:00	4475bdf6035366fcf0aaa6dd049782900c2bae5fe21ae91231ea9a8e3f7582c7	1271	10.0	h264	512	288	30.0	300	0	False	True			7a0a2a01c0a56b6de2114a2fc3df78de895b037b890fcb627858f00eef4cc549	300	72057525318451199	True	1271	False
stimulus_videos	/pscratch/sd/s/sjmoon/EmoViS/data/raw/CowenEmotionVideos/1272.mp4	1272.mp4	246021	2026-05-08T05:07:24+00:00	ef533937ebf7e7b0abeeac47c6a5e971d23d632aa236b2c9fbbf3b9edcb2809a	1272	1.28	h264	500	258	50.0	64	0	False	True			efa9e66c501d61e51ec55ac3f7050aa84fdf28f6e3c47c718d0a00db8719ec58	64	8502289663149193	True	1272	False
stimulus_videos	/pscratch/sd/s/sjmoon/EmoViS/data/raw/CowenEmotionVideos/1273.mp4	1273.mp4	777792	2026-05-08T05:07:25+00:00	336fec50c9c5c499bf5738b760d3864c0ce06ef4e18ecf91185901f43608c4f9	1273	3.24	h264	718	404	25.0	81	0	False	True			55f019b22a52c3961c071d4d2d7ebf1bbe873cb3725983a209065d99fb14f0c7	81	14300438254482668	True	1273	False
stimulus_videos	/pscratch/sd/s/sjmoon/EmoViS/data/raw/CowenEmotionVideos/1274.mp4	1274.mp4	2076784	2026-05-08T05:07:25+00:00	4e9fadb779e58ce202d89ef56cbed24292287a2df3046a607531796e71daf19f	1274	15.12	h264	640	360	25.0	378	0	False	True			5c86163783e852e042ae7f825c6001732ae1877e7fead1ba5df1e642615e50bc	378	71347257580949275	True	1274	False
stimulus_videos	/pscratch/sd/s/sjmoon/EmoViS/data/raw/CowenEmotionVideos/1275.mp4	1275.mp4	157170	2026-05-08T05:07:26+00:00	3ee0e25bffcd79e6b712d614c18584e691bd48b89df773ab315068c314e03c74	1275	7.35	h264	200	150	6.666666666666667	49	0	False	True			8e313baeb06fe731aac66195661a3dc96707681f075674c24767e7e93ce5fbbc	49	35153343351117884	True	1275	False
stimulus_videos	/pscratch/sd/s/sjmoon/EmoViS/data/raw/CowenEmotionVideos/1276.mp4	1276.mp4	1462457	2026-05-08T05:07:26+00:00	a913817d8b47088215edadea2ee76ae94f01450d140d366985c028ff5c21055e	1276	11.2	h264	640	352	30.0	336	0	False	True			b289221c3ed9d70eb197bae80bfb8d24fc91723a092d5b56486f1591b17cf09e	336	1719809878377351	True	1276	False
stimulus_videos	/pscratch/sd/s/sjmoon/EmoViS/data/raw/CowenEmotionVideos/1277.mp4	1277.mp4	1333468	2026-05-08T05:07:26+00:00	9b282b7dc68eb8e730a9ca82852340585662149e6047fba6c1297445242a16ef	1277	7.2	h264	898	560	10.0	72	0	False	True			1db4291f4e7eec334febbbf9e2e18dd3c38ac5ad881fdab08b0f7c3c60cfa21f	72	25249640025736333	True	1277	False
stimulus_videos	/pscratch/sd/s/sjmoon/EmoViS/data/raw/CowenEmotionVideos/1278.mp4	1278.mp4	162208	2026-05-08T05:07:27+00:00	dc7272e2bf0b036983cf39d9325aa5b174552cfca7e2311678999d7e2ec9572c	1278	2.6	h264	500	308	10.0	26	0	False	True			fe10741d383b4da4dcef42136c794adb0012d673f0e953ffcb23a4f1e8bb28bc	26	3971545823481624	True	1278	False
stimulus_videos	/pscratch/sd/s/sjmoon/EmoViS/data/raw/CowenEmotionVideos/1279.mp4	1279.mp4	283011	2026-05-08T05:07:28+00:00	c4ef317215e8edbd793f6e6382666f5e235ba638f0330ff76bbba917bed505f3	1279	4.2	h264	668	332	10.0	42	0	False	True			7edafcf7ad817e1967ae24e6c3c81bb39ceefc9d155a942e468caec1da2e95ac	42	16047380867819397	True	1279	False
stimulus_videos	/pscratch/sd/s/sjmoon/EmoViS/data/raw/CowenEmotionVideos/1280.mp4	1280.mp4	491347	2026-05-08T05:07:29+00:00	4d9e3686c2f27bcfa0eb523e34550553d2bd89a367781cf69319662d453ce582	1280	1.12	h264	584	352	12.5	14	0	False	True			74e9ae9fcb61d88777adc77cec70d11eea1f09aa0579099d5296bd05f56e7730	14	8759457690757240	True	1280	False
stimulus_videos	/pscratch/sd/s/sjmoon/EmoViS/data/raw/CowenEmotionVideos/1281.mp4	1281.mp4	256386	2026-05-08T05:07:28+00:00	86e2a0e15312c66d01d620714ebc867cecc1e84cbbdda4743c974cba4b8fc419	1281	5.5	h264	636	326	9.090909090909092	50	0	False	True			f7c3db3e949e8bd4f53b4db709e72240097dbfe690dfcf481410518a67dbcaf2	50	29220118898302108	True	1281	False
stimulus_videos	/pscratch/sd/s/sjmoon/EmoViS/data/raw/CowenEmotionVideos/1282.mp4	1282.mp4	247166	2026-05-08T05:07:28+00:00	097dbccb6c45ab89ec01a62b0f993a33b6df7fe4bfd5df80bf0db3faf35821dd	1282	3.9	h264	500	252	33.333333333333336	130	0	False	True			5bea20e7e5a1b8b6f1e7b7385cb16f482f91bc72f1f9513dcc7e6b43d74499f3	130	53969779318909433	True	1282	False
stimulus_videos	/pscratch/sd/s/sjmoon/EmoViS/data/raw/CowenEmotionVideos/1283.mp4	1283.mp4	686459	2026-05-08T05:07:28+00:00	b57f81f1bed5b3cca94cff6bd661a4a41e240e25f3fa26ed47e02eab6d0010d0	1283	7.23	h264	396	280	100.0	723	0	False	True			0bbe176de5444b4251dc63c394140d864553c2dd0206bb88e88454a1ba27eddf	723	16954434670012238	True	1283	False
stimulus_videos	/pscratch/sd/s/sjmoon/EmoViS/data/raw/CowenEmotionVideos/1284.mp4	1284.mp4	255471	2026-05-08T05:07:27+00:00	b0a316527d5c225be6bde277b786f80e4a60eb19cb9bc541519f47add7f93925	1284	4.69	h264	224	358	14.285714285714286	67	0	False	True			c9a66f1945b497489cde5d4a77519c95264a8a5144834007cf8e79f91e84c6f9	67	33491037733199549	True	1284	False
stimulus_videos	/pscratch/sd/s/sjmoon/EmoViS/data/raw/CowenEmotionVideos/1285.mp4	1285.mp4	256038	2026-05-08T05:07:27+00:00	c660277bfbc5f7e897f8fd78572cfdd56157f05ab93ccd36de912306f8d01290	1285	5.32	h264	360	194	7.142857142857143	38	0	False	True			b43cfe998df6210382718cd635d7b65ae8f51496c2b39409e01b4a7bb611a004	38	53245330138283120	True	1285	False
stimulus_videos	/pscratch/sd/s/sjmoon/EmoViS/data/raw/CowenEmotionVideos/1286.mp4	1286.mp4	88738	2026-05-08T05:07:28+00:00	023c65cb8dc8b7f562c57d1bc8e86795a16963d7360f651eac49393555b4ec98	1286	10.7	h264	218	142	10.0	107	0	False	True			7cffd8464dfc4739313d54f19ef39a9c4ac0fdc3646bd1515af9b1f249ac6dc1	107	34042956736814521	True	1286	False
stimulus_videos	/pscratch/sd/s/sjmoon/EmoViS/data/raw/CowenEmotionVideos/1287.mp4	1287.mp4	88537	2026-05-08T05:07:27+00:00	f324adfd4ebef4849fecad9ece8cb85203220b04f170dded3c3e372da6fb26e4	1287	4.9	h264	344	298	10.0	49	0	False	True			113159d9fc23bd154db85da5e692abbe244298a0f1a71dc95db27b271e282646	49	14860512170506480	True	1287	False
stimulus_videos	/pscratch/sd/s/sjmoon/EmoViS/data/raw/CowenEmotionVideos/1288.mp4	1288.mp4	224639	2026-05-08T05:07:26+00:00	cdefedc560ae167291f24812d2396a4b9b982c43d796b027cb54ab3b1ec9238a	1288	1.8	h264	498	298	10.0	18	0	False	True			d99da82a4b8fe77e24dd87bd4cdcdea36819b7f79bd2753bac25c1a6fe05d0a5	18	61733930356467569	True	1288	False
stimulus_videos	/pscratch/sd/s/sjmoon/EmoViS/data/raw/CowenEmotionVideos/1289.mp4	1289.mp4	688988	2026-05-08T05:07:26+00:00	c95739e130753963899ac8765e1a5595b68198fe2393bbdb306b5cf078235020	1289	8.334	h264	480	268	15.0	125	0	False	True			5b231618dae58d6d9c3169e943e1833650fa0158d2727e67b7d8a6f796782187	125	55042383424599112	True	1289	False
stimulus_videos	/pscratch/sd/s/sjmoon/EmoViS/data/raw/CowenEmotionVideos/1290.mp4	1290.mp4	459283	2026-05-08T05:07:27+00:00	8d3d87b671b7bb5c0990b945ccf5c276e9733a5f59d061f4d4d1a6e4f65e80cb	1290	9.9	h264	280	268	11.11111111111111	110	0	False	True			50088f4470aac8127766932673e83481b73abeaafd4449c56db23c3859df5dfe	110	56911346585042556	True	1290	False
stimulus_videos	/pscratch/sd/s/sjmoon/EmoViS/data/raw/CowenEmotionVideos/1291.mp4	1291.mp4	1259476	2026-05-08T05:07:27+00:00	d47c25bee57a4e139a9142776e478d837e0ef58717313c0938a4b50cf1c147a9	1291	13.4	h264	466	446	10.0	134	0	False	True			f2e94f64d467dc20ba93de0c96e4bbac32f6b4ae1e582118c1c1935acaae2115	134	72057594037729785	True	1291	False
stimulus_videos	/pscratch/sd/s/sjmoon/EmoViS/data/raw/CowenEmotionVideos/1292.mp4	1292.mp4	102647	2026-05-08T05:07:28+00:00	07d056474aabc5c7e1f73b4e81b52a5228b436f0478e2a3e8b5d407c931d29f6	1292	8.28	h264	200	180	16.666666666666668	138	0	False	True			271e16ef84df69d9ff43ba1241182ffb77b6a6befc927ccd38a23ccb5bfb6483	138	51351591063584218	True	1292	False
stimulus_videos	/pscratch/sd/s/sjmoon/EmoViS/data/raw/CowenEmotionVideos/1293.mp4	1293.mp4	41495	2026-05-08T05:07:27+00:00	9c1e05d20f0e6dbb0e24199f644f16c04fcadda7e94da066f607dc57e6fb4a6e	1293	1.0	h264	500	280	10.0	10	0	False	True			706e2188b890aae48d64cb64798fad4cd6d923ff8f65008ed980ad03f6c9fec2	10	49645980214240715	True	1293	False
stimulus_videos	/pscratch/sd/s/sjmoon/EmoViS/data/raw/CowenEmotionVideos/1294.mp4	1294.mp4	954567	2026-05-08T05:07:29+00:00	2b23bde1b1bb6a95970ba0ccd9fa43e21387c30465cc929e2cd53708642be9ee	1294	6.3	h264	494	320	10.0	63	0	False	True			6cff42d5889ef4bf586d83119ccfb6eeb77363c568f58f3679ae90a1990f44d6	63	55106198312021108	True	1294	False
stimulus_videos	/pscratch/sd/s/sjmoon/EmoViS/data/raw/CowenEmotionVideos/1295.mp4	1295.mp4	250415	2026-05-08T05:07:28+00:00	68b872e506182d65f7ffffdae772fbae6c3ebf0416cc11df71f3e6abf79ce559	1295	3.4	h264	500	268	10.0	34	0	False	True			11954b94171b2f1b3a345a14a2371fd7a928f472a64082555453666d0656267f	34	8493013586397135	True	1295	False
stimulus_videos	/pscratch/sd/s/sjmoon/EmoViS/data/raw/CowenEmotionVideos/1296.mp4	1296.mp4	741262	2026-05-08T05:07:28+00:00	69cb656b1a228c3bb827b49518e68df446bc3735a36464426c271e2fec7c51c3	1296	6.94	h264	400	248	100.0	694	0	False	True			db17e17b7e725dd3ba15bcbbdd191e9265be7f2fb194acb91ba0fe803bc6594a	694	34850983368961096	True	1296	False
stimulus_videos	/pscratch/sd/s/sjmoon/EmoViS/data/raw/CowenEmotionVideos/1297.mp4	1297.mp4	363236	2026-05-08T05:07:28+00:00	5299ef36a9fbf36be063d7deb3763932f6fb596a1332bbd810a76fcb8eb4fb8d	1297	5.067	h264	480	270	15.0	76	0	False	True			0ca4864a91744abbe07cbc99b2a0af933dc29f561b137ea4a45fdd34374769e4	76	21968290211545987	True	1297	False
stimulus_videos	/pscratch/sd/s/sjmoon/EmoViS/data/raw/CowenEmotionVideos/1298.mp4	1298.mp4	4212412	2026-05-08T05:07:25+00:00	70189aab08bd837ede6cbffca9f96eb8ccecb99716a70e0a1aa27b8a83023a57	1298	39.66	h264	480	360	16.666666666666668	661	0	False	True			a81e372f050c5a1e258307f0899757c727084c668430d62e1a01658a6267b33b	661	43086782841062277	True	1298	False
stimulus_videos	/pscratch/sd/s/sjmoon/EmoViS/data/raw/CowenEmotionVideos/1299.mp4	1299.mp4	66236	2026-05-08T05:07:24+00:00	c2db38b8bb1c807019146bc571462fa19d60326f5f43e3c8a92e160d4d2a13e7	1299	1.1	h264	500	280	10.0	11	0	False	True			ea49d09d78525996456997ee134dba89540a2c92f1ad5fa31bd4370329206a84	11	8511300028386231	True	1299	False
stimulus_videos	/pscratch/sd/s/sjmoon/EmoViS/data/raw/CowenEmotionVideos/1300.mp4	1300.mp4	513925	2026-05-08T05:07:26+00:00	4a4721786cbb84441524677e9271ca1e628a4ee7b85a980846c994596fb6cb29	1300	5.08	h264	480	360	25.0	127	0	False	True			f77d5b7d1b5d990acb9c92e9ae0dd68dfa05cbddb881e1efa83693b7d41b83cb	127	38992137648436145	True	1300	False
stimulus_videos	/pscratch/sd/s/sjmoon/EmoViS/data/raw/CowenEmotionVideos/1301.mp4	1301.mp4	548463	2026-05-08T05:07:26+00:00	573cd8a12e49b0c93e03756b20180555c1f08ad006eeea37a734d071a7eaf8fc	1301	16.8	h264	320	178	8.333333333333334	140	0	False	True			c8f09ba923b10e2c83fc20c1693809ea91194cebdd18b0e0faf3edd76d747f1f	140	3971678411539871	True	1301	False
stimulus_videos	/pscratch/sd/s/sjmoon/EmoViS/data/raw/CowenEmotionVideos/1302.mp4	1302.mp4	66612	2026-05-08T05:07:26+00:00	1fffa12f51d9603273e20e0d6e1d2ef6c7c31b6007ffe0495972a074435c978f	1302	4.0	h264	500	280	20.0	80	0	False	True			3d9e416efa76b02c9bd387f807c09327916c9bb9dec5a6cf841097b6a95c0f95	80	69785293568570608	True	1302	False
stimulus_videos	/pscratch/sd/s/sjmoon/EmoViS/data/raw/CowenEmotionVideos/1303.mp4	1303.mp4	126470	2026-05-08T05:07:26+00:00	32fadfedda27cd1d530c530bd9df4ca03fae629bc2a6039ae8f0635b0a250d42	1303	1.98	h264	480	360	16.666666666666668	33	0	False	True			a301d26e93ddddd59e5d9cb449620dfbeb385092a311dc153422d609e53ce32c	33	4043775406426509	True	1303	False
stimulus_videos	/pscratch/sd/s/sjmoon/EmoViS/data/raw/CowenEmotionVideos/1304.mp4	1304.mp4	647712	2026-05-08T05:07:25+00:00	a2ca6a491f8d92fccf7f9437899c6563861f96c0d0461b540138b679897942d8	1304	5.6	h264	330	244	10.0	56	0	False	True			653cb8340b5b68527f6f2153d8890a20e138df72b72f1c3d49a454e8311c4825	56	4038239743627151	True	1304	False
stimulus_videos	/pscratch/sd/s/sjmoon/EmoViS/data/raw/CowenEmotionVideos/1305.mp4	1305.mp4	191037	2026-05-08T05:07:25+00:00	612743b7e9fb056bc61dbe6c64d5deb7bdadb27615e4fada72d17689abd92862	1305	1.4	h264	498	374	10.0	14	0	False	True			861d342c76dbddbc79c35c8d5293f974aac9b20a71cd5fd180daa02b54101d22	14	3408602566148225	True	1305	False
stimulus_videos	/pscratch/sd/s/sjmoon/EmoViS/data/raw/CowenEmotionVideos/1306.mp4	1306.mp4	861801	2026-05-08T05:07:24+00:00	f95b7d160f0e664efc0fb4eaf1f02b49f6e747a03a0537262e73c0934192dcb7	1306	15.1	h264	260	386	10.0	151	0	False	True			515a233dc23bfa2e8cef3dd579b0622955ef7a6b9c3c849f944479ebadead804	151	70640834104054183	True	1306	False
stimulus_videos	/pscratch/sd/s/sjmoon/EmoViS/data/raw/CowenEmotionVideos/1307.mp4	1307.mp4	66682	2026-05-08T05:07:25+00:00	80721b5ca5550143b388c622c217977c8eafca8b26cc46910d47d65048bff24c	1307	0.96	h264	400	600	16.666666666666668	16	0	False	True			cc6faf58456dadc967bbcce117156eb15a477ac5a676736c8a750a2a8e188aa0	16	63511722315369630	True	1307	False
stimulus_videos	/pscratch/sd/s/sjmoon/EmoViS/data/raw/CowenEmotionVideos/1308.mp4	1308.mp4	116814	2026-05-08T05:07:28+00:00	f6279cae880df112f4be189abc5ade8e69882a9a614f6cac9891e6916f659895	1308	1.0	h264	460	258	10.0	10	0	False	True			e76750f366ff7ded9ddc29273a96ab9e03e14b9e8f88d96e730adc290e369766	10	35372794125888076	True	1308	False
stimulus_videos	/pscratch/sd/s/sjmoon/EmoViS/data/raw/CowenEmotionVideos/1309.mp4	1309.mp4	236500	2026-05-08T05:07:28+00:00	90fc8c103875e452ebe1ef05b99e200538ac40bbb7c430e0ec85e0cb1b32e371	1309	3.36	h264	410	278	8.333333333333334	28	0	False	True			f7c887df427f6993c6207435a4a37b8fa76608cb2b79bb5c78a080089434b4cb	28	11007724948995180	True	1309	False
stimulus_videos	/pscratch/sd/s/sjmoon/EmoViS/data/raw/CowenEmotionVideos/1310.mp4	1310.mp4	55078	2026-05-08T05:07:25+00:00	718e18c83c4447559a6661f7f7d6c63facfdb2d501dba19ed47c0595bfdf7e33	1310	3.5	h264	250	188	14.285714285714286	50	0	False	True			aac2f796db65eb6edd35b1fd24c95cc427b62a92b9627cb43349dc9b24c2b92d	50	22053125453318668	True	1310	False
stimulus_videos	/pscratch/sd/s/sjmoon/EmoViS/data/raw/CowenEmotionVideos/1311.mp4	1311.mp4	417101	2026-05-08T05:07:25+00:00	c377d8910057ec5bf6d0a45703edb26ef8a20a115a94acd8c6f75efcdd2a8d27	1311	1.6	h264	960	540	12.5	20	0	False	True			533695cfbc87d615137c6122b0b06f78ad7e4b68fdd241f201f6a55844374528	20	41175143427044457	True	1311	False
stimulus_videos	/pscratch/sd/s/sjmoon/EmoViS/data/raw/CowenEmotionVideos/1312.mp4	1312.mp4	178158	2026-05-08T05:07:24+00:00	8622bdb34bc4be3f8ad8ef5f6250d1e356bb2e06ce1f805ec84a3f392fb9969c	1312	1.5	h264	480	352	10.0	15	0	False	True			835194f68d66e8e48dc35f6a653b1432aca901f89eef13c50f19a95ab40a6de6	15	32251535272344625	True	1312	False
stimulus_videos	/pscratch/sd/s/sjmoon/EmoViS/data/raw/CowenEmotionVideos/1313.mp4	1313.mp4	663984	2026-05-08T05:07:25+00:00	675360e1c88ec060f297d2fd97c38ae8c4d85d8ef08d59a466c213d2d1ef2822	1313	3.24	h264	480	270	16.666666666666668	54	0	False	True			f53c01440675ea9dccd5b3bcd1c4644179bbed42145d1f638b7b41e2c113f9b1	54	27098063256626700	True	1313	False
stimulus_videos	/pscratch/sd/s/sjmoon/EmoViS/data/raw/CowenEmotionVideos/1314.mp4	1314.mp4	119369	2026-05-08T05:07:26+00:00	1f7d54d750ad0cf872bf0b66e282516c80c25762463dd1c54a1f36eaf099d384	1314	2.8	h264	400	224	25.0	70	0	False	True			2c39ea8f9184424a9319fbc7899801fec70ab46eff86002ce4d0ead2a087817e	70	24238158175674077	True	1314	False
stimulus_videos	/pscratch/sd/s/sjmoon/EmoViS/data/raw/CowenEmotionVideos/1315.mp4	1315.mp4	202263	2026-05-08T05:07:26+00:00	7d0af47433f99ac22e83999fe472830f69e6461ab8e70017dd2d1d64bd693593	1315	2.6	h264	400	314	10.0	26	0	False	True			155de421bf7582c055c4ad287c89490f9f0c9a06efdcd3afa12ec157038aa39e	26	27394323294523230	True	1315	False
stimulus_videos	/pscratch/sd/s/sjmoon/EmoViS/data/raw/CowenEmotionVideos/1316.mp4	1316.mp4	229305	2026-05-08T05:07:26+00:00	8e344f17c51f6950686d047a4bd0cf4755c9b48df4b87350fd9a44dfc88ceea3	1316	5.2	h264	320	172	7.6923076923076925	40	0	False	True			1502a2f0d020806ee16c7e05432a2f84b5d17de4b97c9987f43511c53a72e163	40	48365559917841415	True	1316	False
stimulus_videos	/pscratch/sd/s/sjmoon/EmoViS/data/raw/CowenEmotionVideos/1317.mp4	1317.mp4	437220	2026-05-08T05:07:26+00:00	38128cc895448810a14aa0a781f995212d455fe01f0fce986f4b3783e626f07b	1317	7.5	h264	244	170	10.0	75	0	False	True			198806a86e7bffe3f0333941f751e2fa6a4660fb5cd2d241f3338e7f536b0aa0	75	63546988776993888	True	1317	False
stimulus_videos	/pscratch/sd/s/sjmoon/EmoViS/data/raw/CowenEmotionVideos/1318.mp4	1318.mp4	1694103	2026-05-08T05:07:27+00:00	bd03baae85b895c5c909fd2f12a71f1fbb1ab22950be45285a5a653a6cfc96f5	1318	14.0	h264	600	338	10.0	140	0	False	True			f85508d8c378b83d7461c9e09ce710ac579e1356848f309e83c9c6e5a6ac3eba	140	62837634933442463	True	1318	False
stimulus_videos	/pscratch/sd/s/sjmoon/EmoViS/data/raw/CowenEmotionVideos/1319.mp4	1319.mp4	114937	2026-05-08T05:07:28+00:00	a2009eaa83f96af7d5e130f2e537210c421618e0e1f46c0e75d9a81b2fa871cd	1319	1.75	h264	244	284	14.285714285714286	25	0	False	True			3b6455923db9ec9862ea69956bfedba8bbd01a48764b1008a55dc70289574dfc	25	65247011214733803	True	1319	False
stimulus_videos	/pscratch/sd/s/sjmoon/EmoViS/data/raw/CowenEmotionVideos/1320.mp4	1320.mp4	479192	2026-05-08T05:07:28+00:00	7eb6c03dda60506fcc6b27af889cfb03a7ff32d3cf47af5c574df48a57829e3b	1320	8.2	h264	246	204	10.0	82	0	False	True			bf4c101992f9de7c295100458f89258542d605edea210bab3ff8f9a00696e5a7	82	10709842104201336	True	1320	False
stimulus_videos	/pscratch/sd/s/sjmoon/EmoViS/data/raw/CowenEmotionVideos/1321.mp4	1321.mp4	64009	2026-05-08T05:07:28+00:00	32b13e1a7055d3f04d8ac06ea0b1d82dbafb40d99aaabca543c4e8de0f7293bb	1321	3.84	h264	500	400	16.666666666666668	64	0	False	True			04a461313c5ff3c11c84d7357d7c16b3fc93ee8f318ab719c83f355c7e3b792a	64	56255033055519772	True	1321	False
stimulus_videos	/pscratch/sd/s/sjmoon/EmoViS/data/raw/CowenEmotionVideos/1322.mp4	1322.mp4	358666	2026-05-08T05:07:28+00:00	9ec1745b7c0d6db5806ef41a3ec67e093962b74b5fa92357157c61309b17c7de	1322	10.4	h264	400	224	7.6923076923076925	80	0	False	True			87c187590c59863065e8d08140a85e1b9ee0682b8b1d9987bd9c0de33489cff1	80	35725851289075879	True	1322	False
stimulus_videos	/pscratch/sd/s/sjmoon/EmoViS/data/raw/CowenEmotionVideos/1323.mp4	1323.mp4	574442	2026-05-08T05:07:29+00:00	31813905925a1582f1177e0d24665b4c1a4aad468898744f73287cdb491ca4bb	1323	7.29	h264	318	240	11.11111111111111	81	0	False	True			6ccec5386ae15cd201e090654231fe3b3800819a9609270728448bfee85157d5	81	576522857500848	True	1323	False
stimulus_videos	/pscratch/sd/s/sjmoon/EmoViS/data/raw/CowenEmotionVideos/1324.mp4	1324.mp4	341033	2026-05-08T05:07:27+00:00	2a0fe7cefd8407c67d11c4b0e6d320b1b4d0cc79a828f667fdec9a90d3b891fa	1324	3.2	h264	650	366	10.0	32	0	False	True			e2926429cf8eb071f8aa6ba44500769a7657d387503d9ea5b4f2d3afa92ebba6	32	24963796001080199	True	1324	False
stimulus_videos	/pscratch/sd/s/sjmoon/EmoViS/data/raw/CowenEmotionVideos/1325.mp4	1325.mp4	900100	2026-05-08T05:07:28+00:00	c8206bdb9fff5a9ed6642356a2091b6a8407a671e84871d87bf1ecea6b7f71ac	1325	43.26	h264	640	360	16.666666666666668	721	0	False	True			3e545bcdbf67405fe6d272b2006f6668e1edfac69acecbf885e8c70e00200bda	721	27066235097287040	True	1325	False
stimulus_videos	/pscratch/sd/s/sjmoon/EmoViS/data/raw/CowenEmotionVideos/1326.mp4	1326.mp4	589948	2026-05-08T05:07:27+00:00	7e5dbe7e4655567be5152d321fc534d8e7b38f45393792f49606deeaeec43bb3	1326	13.7	h264	320	166	10.0	137	0	False	True			db5af396fb8b119cb0ac5ccd6012a8c7b5a3ff514801640c6b419daf0dc66fea	137	16462959499333775	True	1326	False
stimulus_videos	/pscratch/sd/s/sjmoon/EmoViS/data/raw/CowenEmotionVideos/1327.mp4	1327.mp4	178991	2026-05-08T05:07:27+00:00	a0f89dc43112be07bfde0d4127cc8ade4722c9ec93ef8de78643f362edeebb9b	1327	1.2	h264	500	298	10.0	12	0	False	True			dd5ca693f7bc0347028d8c4c550fd7582598b421c0d389d15f8b8d0bff9b26a6	12	30620635364550345	True	1327	False
stimulus_videos	/pscratch/sd/s/sjmoon/EmoViS/data/raw/CowenEmotionVideos/1328.mp4	1328.mp4	3128824	2026-05-08T05:07:26+00:00	6e4ab635a644e24af7b1a38a49cda737fe6f5681d65a6248378628ee6f1457a4	1328	12.08	h264	716	406	25.0	302	0	False	True			64e89584e411cee5a528da1879b0718c207adc12e0b11cd45d40d6e2e9167f74	302	59328610689764505	True	1328	False
stimulus_videos	/pscratch/sd/s/sjmoon/EmoViS/data/raw/CowenEmotionVideos/1329.mp4	1329.mp4	237645	2026-05-08T05:07:26+00:00	8ca089b5b0a04b1e7dfc0a222eb56e009f8ada7eacf8c2ab040c586e96e3f2d0	1329	3.2	h264	320	320	12.5	40	0	False	True			f7ffb91855bd90f8fc1c8211dac2fee60ab7e12f54ec30aa1aaf70d566b278d9	40	33147824250227867	True	1329	False
stimulus_videos	/pscratch/sd/s/sjmoon/EmoViS/data/raw/CowenEmotionVideos/1330.mp4	1330.mp4	333073	2026-05-08T05:07:27+00:00	f3c645e1a3b64fcd883d0a4517111b74b9711df48581bf7fd622c605c4d722a3	1330	3.78	h264	450	214	11.11111111111111	42	0	False	True			f7ebefe2848f976793ca479c9613cc017d39847c3babb36d02e6aa842e44af3c	42	37465534328566479	True	1330	False
stimulus_videos	/pscratch/sd/s/sjmoon/EmoViS/data/raw/CowenEmotionVideos/1331.mp4	1331.mp4	2028494	2026-05-08T05:07:28+00:00	0b4a93953e8587004b0a99c38928c674ed4bb6d2a9a1bbe52eebedd81b63e565	1331	20.1	h264	500	280	20.0	402	0	False	True			a08daa0053e8d3afb107c5564b09b595563ccc485d0d658cc8d006be46f116fa	402	594255716405135	True	1331	False
stimulus_videos	/pscratch/sd/s/sjmoon/EmoViS/data/raw/CowenEmotionVideos/1332.mp4	1332.mp4	1388585	2026-05-08T05:07:27+00:00	a5b79a6e79966eb7d4fbf6ea8490e5e0c8c4331ebe33111a0271cbb91d3bdd57	1332	12.16	h264	404	720	25.0	304	0	False	True			cd2e5a1247e590d31afb5ca03970a5682aefa5be47a36e66b375fc411ae3cc53	304	26516894865823342	True	1332	False
stimulus_videos	/pscratch/sd/s/sjmoon/EmoViS/data/raw/CowenEmotionVideos/1333.mp4	1333.mp4	539749	2026-05-08T05:07:27+00:00	3b7f9febf3f78adb04f173f8db0005bf26d982a4b8961925e8c59b922a0c1a9b	1333	2.4	h264	640	360	16.666666666666668	40	0	False	True			f0c314f577c47a0d93896babec31b20a90b3a11dd1e95adee24bed5d890cfe33	40	2986790871489215	True	1333	False
stimulus_videos	/pscratch/sd/s/sjmoon/EmoViS/data/raw/CowenEmotionVideos/1334.mp4	1334.mp4	1136289	2026-05-08T05:07:28+00:00	77d477923613ec5eff9a20ed6ed9cf948c22436f3cf7a3c5c24bee1b9b5ddb61	1334	5.05	h264	500	666	20.0	101	0	False	True			10a5fcb46ab999f7c6fb2f9520c1917debb0c2d541ae20572a34ec88001821bb	101	72043225720947206	True	1334	False
stimulus_videos	/pscratch/sd/s/sjmoon/EmoViS/data/raw/CowenEmotionVideos/1335.mp4	1335.mp4	8837516	2026-05-08T05:07:28+00:00	05eb301fea6fc4136539acc5b5bdc8bc6d6f50cdec5c3193761ebdb5735a35c7	1335	15.034	h264	720	900	30.0	451	0	False	True			090dcd2373d5564dc0ef2970ce908fb4cfab377da0e93df3b999599f7f84c836	451	72039585747336824	True	1335	False
stimulus_videos	/pscratch/sd/s/sjmoon/EmoViS/data/raw/CowenEmotionVideos/1336.mp4	1336.mp4	1040758	2026-05-08T05:07:28+00:00	1d92cf4d427ab7ada560ea8b7417a4cf54c3c6eef9185b11b0c1d57ff3c692f5	1336	4.35	h264	430	230	6.666666666666667	29	0	False	True			9080b4218e92ed590a3d64ddb52b329799927c5fcbee9631cc289de608285c77	29	29014367356053446	True	1336	False
stimulus_videos	/pscratch/sd/s/sjmoon/EmoViS/data/raw/CowenEmotionVideos/1337.mp4	1337.mp4	181261	2026-05-08T05:07:29+00:00	270598f528f85af68f9401388ebf1c4a626ddb657ad435137db6b91ec9ad11b4	1337	3.48	h264	270	400	25.0	87	0	False	True			9f203e8884f2035ed0d1389f92ea14f836fde0fbfde91750651e6f19bbc01891	87	1693282537046072	True	1337	False
stimulus_videos	/pscratch/sd/s/sjmoon/EmoViS/data/raw/CowenEmotionVideos/1338.mp4	1338.mp4	78830	2026-05-08T05:07:25+00:00	06d59e085955250f9b577087c207cef6cdf8b8b6c783718a4232e57afd0a8ae8	1338	1.3	h264	500	280	10.0	13	0	False	True			440708890d0cba0aa6b32d733d21f80e7aba981f50e55e68452a5fd4bfb2335f	13	30904636413505164	True	1338	False
stimulus_videos	/pscratch/sd/s/sjmoon/EmoViS/data/raw/CowenEmotionVideos/1339.mp4	1339.mp4	1846322	2026-05-08T05:07:25+00:00	25db545529fc655f85c266f72fca529e61d99e34b9fe89b77e75f8a33bd44072	1339	15.0	h264	412	720	25.0	375	0	False	True			f2af86aa9a06d49d78246d6ccda7f54e29ab96b10b34068f24c229a1a9751e9a	375	27238766444054902	True	1339	False
stimulus_videos	/pscratch/sd/s/sjmoon/EmoViS/data/raw/CowenEmotionVideos/1340.mp4	1340.mp4	144999	2026-05-08T05:07:31+00:00	b03c6bddf48f6e678d4332fdf31faccc0a34b0648e41ae22a65c1d35e57b7bff	1340	2.55	h264	500	274	33.333333333333336	85	0	False	True			4b5b8147db20c0984bf061e147d11c7d59d947161a2bd88aeaae8796e3860c1a	85	40285261894640519	True	1340	False
stimulus_videos	/pscratch/sd/s/sjmoon/EmoViS/data/raw/CowenEmotionVideos/1341.mp4	1341.mp4	107155	2026-05-08T05:07:31+00:00	f487b6163498b2ce63f91728cf67917621ac2bb0f1e36136a36a5f468efe6c5c	1341	1.777	h264	500	234	23.083333333333332	41	0	False	True			9836234c9134d9f61c760cbd49ed1234ef946d10141602ab764b56a6865f6bc0	41	54895446903773361	True	1341	False
stimulus_videos	/pscratch/sd/s/sjmoon/EmoViS/data/raw/CowenEmotionVideos/1342.mp4	1342.mp4	287272	2026-05-08T05:07:30+00:00	6cac42e43854c86c03bd713ab0de9993c6a35288bf7c25ab72b9c9856f166fa1	1342	10.57	h264	290	188	14.285714285714286	151	0	False	True			0bcf458441c98bea41469765387fb515c0527bcf1b118902cd06d1103d56c92b	151	13515978431208988	True	1342	False
stimulus_videos	/pscratch/sd/s/sjmoon/EmoViS/data/raw/CowenEmotionVideos/1343.mp4	1343.mp4	740092	2026-05-08T05:07:30+00:00	a5dea4dfe93aef83c5a49de6c13d2cdc6ec18aa74445bde7c6a36541ac687c46	1343	9.2	h264	480	270	10.0	92	0	False	True			6188d0ca0779d7983adfb938a45721e51e0f9b2b118ef6368f60d5235906e520	92	22127784057426347	True	1343	False
stimulus_videos	/pscratch/sd/s/sjmoon/EmoViS/data/raw/CowenEmotionVideos/1344.mp4	1344.mp4	557454	2026-05-08T05:07:29+00:00	786580b189e7c6e222c76f38ea2874f44d43226bd762637e192584a2b590c597	1344	9.2	h264	440	306	10.0	92	0	False	True			0a1e2d059126a43ff478343491061debc6a19c226fd8e87fdac0f1ee7f05f7cf	92	72057587570311159	True	1344	False
stimulus_videos	/pscratch/sd/s/sjmoon/EmoViS/data/raw/CowenEmotionVideos/1345.mp4	1345.mp4	507920	2026-05-08T05:07:29+00:00	0b1af7bc49cac10a9e7b3738073da815eaca4716dde4c526a25162f89c9fc2df	1345	6.72	h264	718	380	25.0	168	0	False	True			597678e5ae8b305f245b7e51c3e86472741de9ed54ae6f7b2f916b8d9e07d72e	168	4476968919374855	True	1345	False
stimulus_videos	/pscratch/sd/s/sjmoon/EmoViS/data/raw/CowenEmotionVideos/1346.mp4	1346.mp4	570426	2026-05-08T05:07:30+00:00	1e1c0d510c6f2fc12db636dde4cb3f0002ee186b4d1cef1d1a756d668f7c6bff	1346	16.66	h264	300	168	5.882352941176471	98	0	False	True			e1403e6fab6d0b786824dd1837c0afc0a666f8555d8fe0320968263ca0e5a079	98	7933383233040456	True	1346	False
stimulus_videos	/pscratch/sd/s/sjmoon/EmoViS/data/raw/CowenEmotionVideos/1347.mp4	1347.mp4	283960	2026-05-08T05:07:30+00:00	12d47b22198003b75102b4f81c8d55ea44e48a5afb5d64fe8a251c715622968d	1347	1.7	h264	500	270	10.0	17	0	False	True			7130ed7f36435ea5336cde1d70800bc5b90e0f9e1503201b07d98213c3322f7b	17	44542299315680352	True	1347	False
stimulus_videos	/pscratch/sd/s/sjmoon/EmoViS/data/raw/CowenEmotionVideos/1348.mp4	1348.mp4	254765	2026-05-08T05:07:24+00:00	f0b785f4189d7c26a5665f466a83e74c904450d73cc3b73b3e9199d24cc1a4a0	1348	1.4	h264	500	336	10.0	14	0	False	True			15859d1075044ae60b99abc2b2b254a81e84e3ed611cb961bb49c2495bd36fb3	14	8510739517740588	True	1348	False
stimulus_videos	/pscratch/sd/s/sjmoon/EmoViS/data/raw/CowenEmotionVideos/1349.mp4	1349.mp4	310383	2026-05-08T05:07:24+00:00	5bcf6e309898cf51724efc7e72b1f784217dbca7c20bd62f4edf421f3678a3fd	1349	2.0	h264	332	240	10.0	20	0	False	True			8e83c92a9019be09841a4c93b76b66a23cdf35b187545cb52100a8f0a8dac677	20	55030628644602244	True	1349	False
stimulus_videos	/pscratch/sd/s/sjmoon/EmoViS/data/raw/CowenEmotionVideos/1350.mp4	1350.mp4	177502	2026-05-08T05:07:29+00:00	860897d03ec8d66ed6c40ca897ee11580641f91f3736eb06492a781751d37bd2	1350	3.1	h264	450	244	10.0	31	0	False	True			a8aeda5d31b6cffa5d0fec7a1da10f1447777dfee5a3f530063504d1b8a140cc	31	24379597800213268	True	1350	False
stimulus_videos	/pscratch/sd/s/sjmoon/EmoViS/data/raw/CowenEmotionVideos/1351.mp4	1351.mp4	106790	2026-05-08T05:07:29+00:00	92ebaa9ba319fa412654ff92978c568053e735ead3d88f79303c5e79da0370e9	1351	2.88	h264	512	384	12.5	36	0	False	True			0cafd31d986461b1a361f760f9f9c738513cb0935d5088a2251b7c6c85e5bbcb	36	20860176777448053	True	1351	False
stimulus_videos	/pscratch/sd/s/sjmoon/EmoViS/data/raw/CowenEmotionVideos/1352.mp4	1352.mp4	247451	2026-05-08T05:07:30+00:00	d0d34129d4f2d6c9eb8cc7b2188994337002562dd73a160527452f7a52a768b3	1352	3.04	h264	400	372	12.5	38	0	False	True			72e570f5fef5dc7200549e6d697a888dc0c5eb0294fbba77cbca642aaca952fc	38	6923636556446961	True	1352	False
stimulus_videos	/pscratch/sd/s/sjmoon/EmoViS/data/raw/CowenEmotionVideos/1353.mp4	1353.mp4	792663	2026-05-08T05:07:30+00:00	42b6aa8390841e8909ba9650518db2969f143b87fb870853d847787c6da81ca1	1353	2.46	h264	620	348	33.333333333333336	82	0	False	True			697fb1bf95793bb5e95af41b62f450fdeb795145bfd3248a0e33d0e93840573c	82	54486467494819941	True	1353	False
stimulus_videos	/pscratch/sd/s/sjmoon/EmoViS/data/raw/CowenEmotionVideos/1354.mp4	1354.mp4	69871	2026-05-08T05:07:31+00:00	2801425f793644c6b5cd432ddbcfcd784c414c81e955011c9c803ffca4846daa	1354	1.0	h264	498	266	10.0	10	0	False	True			641d036865f8c73bda9ae31f445a087c49cd1ee7cf2c14e86eba2e87ee452b75	10	1852858901283461	True	1354	False
stimulus_videos	/pscratch/sd/s/sjmoon/EmoViS/data/raw/CowenEmotionVideos/1355.mp4	1355.mp4	210301	2026-05-08T05:07:31+00:00	5bb2ae953d3c738655bb39b88562a648b7a93500430daa171679f845f58e326d	1355	1.68	h264	500	268	16.666666666666668	28	0	False	True			56f1069d5943cf5a75ba3c24cbd8f53b6f5afd1dd133117dbdaea1f8636e6722	28	69460063290252215	True	1355	False
stimulus_videos	/pscratch/sd/s/sjmoon/EmoViS/data/raw/CowenEmotionVideos/1356.mp4	1356.mp4	2354405	2026-05-08T05:07:30+00:00	d6066ea8c11b4689f8845ccb5e8653bbd5ec77c47cb677d1d5cf7cd04107ba01	1356	15.12	h264	480	480	25.0	378	0	False	True			0292b3be53a82b8565b29ccecaf7244f0b52e5843536268d810361ebc090196a	378	21542837631978648	True	1356	False
stimulus_videos	/pscratch/sd/s/sjmoon/EmoViS/data/raw/CowenEmotionVideos/1357.mp4	1357.mp4	113124	2026-05-08T05:07:30+00:00	273ba394cb4bec8f455c1be17e127f67c93fca9d0a56904a75bb36cb9f210931	1357	1.08	h264	500	600	8.333333333333334	9	0	False	True			ead1c57f081944e6238bebd49b4999fa83c57dbe5575fe145f9d392fcb0be6c3	9	13086230509374285	True	1357	False
stimulus_videos	/pscratch/sd/s/sjmoon/EmoViS/data/raw/CowenEmotionVideos/1358.mp4	1358.mp4	2007355	2026-05-08T05:07:22+00:00	d2132a6d91c284ed95ef72307972c392fd576087f1366b8d11eefbff37197730	1358	29.5	h264	450	252	20.0	590	0	False	True			05ea86a410e117d930830b7f05d6da464f644d0ac33bd3e23cd3fe2567574832	590	36649244088517998	True	1358	False
stimulus_videos	/pscratch/sd/s/sjmoon/EmoViS/data/raw/CowenEmotionVideos/1359.mp4	1359.mp4	41755	2026-05-08T05:07:22+00:00	e628c9ea236e2357196931a91998a4f012727ae4653cac2a7310932f0674e08b	1359	2.0	h264	250	180	25.0	50	0	False	True			3b420ea2b48d1ec4d8fcb5d6ac76533ad5b813a8bf4308652f9aee910e627aa7	50	13292532563388236	True	1359	False
stimulus_videos	/pscratch/sd/s/sjmoon/EmoViS/data/raw/CowenEmotionVideos/1360.mp4	1360.mp4	49790	2026-05-08T05:07:24+00:00	e028048daa23e81af1c55a14d57a7d6bd8a60f1ca49aa297110785a1a5ea31fb	1360	2.7	h264	500	280	33.333333333333336	90	0	False	True			4be57f5d243f8df147a7e5ec3542ec4cf2cef6ad503891441bf095427cc251dc	90	72055333062887333	True	1360	False
stimulus_videos	/pscratch/sd/s/sjmoon/EmoViS/data/raw/CowenEmotionVideos/1361.mp4	1361.mp4	318116	2026-05-08T05:07:24+00:00	2383e2970776573a7ffb730d6fe73554af732f844c42982607ff3404b76fa3fc	1361	3.734	h264	480	286	15.0	56	0	False	True			9745e036e1d4c6b384d1242241a16f9150864309bf21e0101ab256408d984292	56	42725116263680149	True	1361	False
stimulus_videos	/pscratch/sd/s/sjmoon/EmoViS/data/raw/CowenEmotionVideos/1362.mp4	1362.mp4	1492510	2026-05-08T05:07:23+00:00	83a4bad0bd5ea5ea080993b590ac7473d1c6a5abae2782f213850c726e24a685	1362	12.56	h264	266	448	50.0	628	0	False	True			ce86677bfff74f1608bc0b4d38c984b7cce4afccdc2509895290391309daeef4	628	49084460032598155	True	1362	False
stimulus_videos	/pscratch/sd/s/sjmoon/EmoViS/data/raw/CowenEmotionVideos/1363.mp4	1363.mp4	158887	2026-05-08T05:07:23+00:00	d9a2080d024466ea24e656eefbe312cf0bbbfddee1def7c9967682c1d36cdfa3	1363	2.0	h264	276	200	10.0	20	0	False	True			0a9db9c19c2a25a11f4a558ed1e6e2ba847d5e1dc824f4199531c0aadf225a94	20	55030628644602244	True	1349	True
stimulus_videos	/pscratch/sd/s/sjmoon/EmoViS/data/raw/CowenEmotionVideos/1364.mp4	1364.mp4	2813334	2026-05-08T05:07:22+00:00	1c704341b7b0cd2621b96959605f2d1941d8273cf783db7ef1ec54c8be7bb421	1364	48.51	h264	230	234	33.333333333333336	1617	0	False	True			da1cc977cd04ff3149d08927430801f048bf58ea4e88c0019376fda251025834	1617	8475152436488635	True	1364	False
stimulus_videos	/pscratch/sd/s/sjmoon/EmoViS/data/raw/CowenEmotionVideos/1365.mp4	1365.mp4	211398	2026-05-08T05:07:22+00:00	9b9ea0015d4307c5af52081c5893020fdb39c4dd9f5820adf27a30a4ff4b4bb8	1365	3.0	h264	500	268	16.666666666666668	50	0	False	True			37b5fd14c65b28829550487ec6ad3786cfd3a1ca10a58c60ddfc56beeadcf549	50	56233007634847960	True	1365	False
stimulus_videos	/pscratch/sd/s/sjmoon/EmoViS/data/raw/CowenEmotionVideos/1366.mp4	1366.mp4	27965	2026-05-08T05:07:23+00:00	131a62197d35fe2ebc12fc85a40b8723f1131da6b1f8962f35d382f18ecd0027	1366	2.25	h264	640	360	33.333333333333336	75	0	False	True			22df2659dbd0046ac1477a090b47977fc4287939a6399138a2c3ba106589067b	75	1808540248194104	True	1366	False
stimulus_videos	/pscratch/sd/s/sjmoon/EmoViS/data/raw/CowenEmotionVideos/1367.mp4	1367.mp4	88409	2026-05-08T05:07:23+00:00	4a63fab60b4c34a8e82b6fb07abf3f6f3b57880c4f8b9149690758a00a12df72	1367	5.6	h264	192	186	10.0	56	0	False	True			ab60f854e77b2b9d97f5ff5be9d15abe636334b519181385b92492ab0268db86	56	59357974994156021	True	1367	False
stimulus_videos	/pscratch/sd/s/sjmoon/EmoViS/data/raw/CowenEmotionVideos/1368.mp4	1368.mp4	387145	2026-05-08T05:07:31+00:00	8189845382e00e41e65aa316081a50d0be22d0e8ec8fbce6ff1112c2fd996bab	1368	13.08	h264	320	240	25.0	327	0	False	True			153e6a587f6ce93466b654b495bb4203c34191a9c3923ec09ed1a8154b22c4fd	327	52820322974666559	True	1368	False
stimulus_videos	/pscratch/sd/s/sjmoon/EmoViS/data/raw/CowenEmotionVideos/1369.mp4	1369.mp4	1133522	2026-05-08T05:07:31+00:00	a0f286903626d83c73bc349390fbd52c790041dc4d337808c414526422a213ba	1369	7.308	h264	498	324	13.0	95	0	False	True			4c1c966f1a68ca355f032f4e8a45f5faefcd887a028d78482fd0d382c50518c1	95	41954177188648968	True	1369	False
stimulus_videos	/pscratch/sd/s/sjmoon/EmoViS/data/raw/CowenEmotionVideos/1370.mp4	1370.mp4	171351	2026-05-08T05:07:22+00:00	c3bef5003e73f7a6a1e3cffd4c8197854e3420d376637f59d9e08aa2d4c15728	1370	1.9	h264	620	348	10.0	19	0	False	True			e594a0067dd0bb157fd048d386f9f155fa0a39e93d37533b9438b3b3da04ce35	19	40266574424566252	True	1370	False
stimulus_videos	/pscratch/sd/s/sjmoon/EmoViS/data/raw/CowenEmotionVideos/1371.mp4	1371.mp4	101984	2026-05-08T05:07:22+00:00	5e5b020ec3beaf65a02f996264638ab5519a1044a2ee71f0bce8740a2f093826	1371	2.28	h264	500	272	8.333333333333334	19	0	False	True			cc69ac6d9a1dcb23052b976a743e6a79b3c1977d639c2620218bf670f9a3f54f	19	28936496792232355	True	1371	False
stimulus_videos	/pscratch/sd/s/sjmoon/EmoViS/data/raw/CowenEmotionVideos/1372.mp4	1372.mp4	62260	2026-05-08T05:07:23+00:00	57c86dfff9585994860a693e8a83f1e80e778a65a01d67d466c69e7e38de6487	1372	4.13	h264	614	346	14.285714285714286	59	0	False	True			59bd0d1073a5ec93a623be3af0c4fddafd55af11ff42af7c9f856f6aa7cbba0d	59	30572171879896047	True	1372	False
stimulus_videos	/pscratch/sd/s/sjmoon/EmoViS/data/raw/CowenEmotionVideos/1373.mp4	1373.mp4	142178	2026-05-08T05:07:23+00:00	4009795be301083b83767477e9886e9bd22e38c7b809afe19855217bed9744d8	1373	2.4	h264	350	262	6.666666666666667	16	0	False	True			55be16a25267d52c2ce93fd16d9d9531565d2ee5adf5fe67c4c41a9b968c804a	16	3552790403327822	True	1373	False
stimulus_videos	/pscratch/sd/s/sjmoon/EmoViS/data/raw/CowenEmotionVideos/1374.mp4	1374.mp4	1763074	2026-05-08T05:07:24+00:00	dc2a5072da824f2ce8e8e9f8c6083b1d2eb912e10b5962062b66b3bdcc2fcba1	1374	4.92	h264	640	360	8.333333333333334	41	0	False	True			749328c83ccd8034bf3e1e027b606d10f9de9264560dc4203eccb191469eb81c	41	51641005021550001	True	1374	False
stimulus_videos	/pscratch/sd/s/sjmoon/EmoViS/data/raw/CowenEmotionVideos/1375.mp4	1375.mp4	362003	2026-05-08T05:07:24+00:00	0a110cb8d855e70cfecf5d96148bffa0b093dc77b995640c106f976910f91294	1375	2.0	h264	800	450	10.0	20	0	False	True			df1c1b5a4fa36249f8c2250d82721149adb61182507dab98836e72ee9f4940a7	20	5732422266175899	True	1375	False
stimulus_videos	/pscratch/sd/s/sjmoon/EmoViS/data/raw/CowenEmotionVideos/1376.mp4	1376.mp4	261988	2026-05-08T05:07:24+00:00	9d747c6ecb46220b0bae22eaeb5e4a75603954ae02eb7c39bb8c4cb5dc0beb55	1376	4.72	h264	238	426	12.5	59	0	False	True			2383cf4ad95e25583c9ac2ce9e61c73b8b732ac02afe7c1bf503b4b8e8b9fd32	59	58016943769141780	True	1376	False
stimulus_videos	/pscratch/sd/s/sjmoon/EmoViS/data/raw/CowenEmotionVideos/1377.mp4	1377.mp4	49815	2026-05-08T05:07:23+00:00	9709852e79da4187087078ca97188946d801c6afc64f4d4f7934ad66546e6fac	1377	2.4	h264	464	200	8.333333333333334	20	0	False	True			96269e639da5c338d70d9dac4e68a7064c118296b3fa0dbe9826a67525eb603e	20	35179664432530247	True	1377	False
stimulus_videos	/pscratch/sd/s/sjmoon/EmoViS/data/raw/CowenEmotionVideos/1378.mp4	1378.mp4	117671	2026-05-08T05:07:29+00:00	3b6a4c9651bfac8dbc17fa1c7e81b5cc8ebfae38bacdb7025c6b5e429fa11890	1378	2.45	h264	614	400	20.0	49	0	False	True			c9891562572cbf7bf00efe95305e394ff8ab66ad902e99accfbe08dadcbacfff	49	8511289204872800	True	1378	False
stimulus_videos	/pscratch/sd/s/sjmoon/EmoViS/data/raw/CowenEmotionVideos/1379.mp4	1379.mp4	193550	2026-05-08T05:07:29+00:00	0c276c25a3195ebbcce919c1f3af7099ae0ec8396e2ef28f834ffec48888332c	1379	2.4	h264	320	180	10.0	24	0	False	True			e9ed1ed37b7a2f1ccae6c05e0617edccb1c5e84d652ec9f8c1dbcadca559a76d	24	65266179028677103	True	1379	False
stimulus_videos	/pscratch/sd/s/sjmoon/EmoViS/data/raw/CowenEmotionVideos/1380.mp4	1380.mp4	303676	2026-05-08T05:07:30+00:00	a91ddd8dbf1515009ee1bcf18115fe4c16749937ef6e21713a35b9cd6bc88284	1380	2.346	h264	500	340	29.416666666666668	69	0	False	True			ee410e1427d02ebd2238a2e7eda8b05620dd5267305ac2c8704f16e8c270dd1d	69	41322521284628887	True	1380	False
stimulus_videos	/pscratch/sd/s/sjmoon/EmoViS/data/raw/CowenEmotionVideos/1381.mp4	1381.mp4	48901	2026-05-08T05:07:30+00:00	645d1cc13db57413a2a4065fde552006c28dd7ab15d1cdc89d34c58ce1c129a6	1381	1.7	h264	400	224	10.0	17	0	False	True			c9cfcb7b30337f8e18d7c49bdb07b3a3050e1aa24f87c343c1256cd4131d3eb1	17	30655180738066156	True	1381	False
stimulus_videos	/pscratch/sd/s/sjmoon/EmoViS/data/raw/CowenEmotionVideos/1382.mp4	1382.mp4	94695	2026-05-08T05:07:31+00:00	b52d56686ed2d9d858ee57cce975f9c503cafba3bdc6f9075201eda51f3ef4b8	1382	1.3	h264	486	360	10.0	13	0	False	True			a75ecb7bdb2a6bbcebbb07d04e612869ecf807bd971125762c032f4baba131bc	13	13625909951454969	True	1382	False
stimulus_videos	/pscratch/sd/s/sjmoon/EmoViS/data/raw/CowenEmotionVideos/1383.mp4	1383.mp4	155050	2026-05-08T05:07:31+00:00	ea787c6fc3fee195e53aecac902e6766e1b410a947fc85247ef2850bb7231863	1383	2.5	h264	500	244	10.0	25	0	False	True			dd44fba057df619f3cd35f9490ed2b4c66401817a3e842488441bbae06e2f7f0	25	39149366854836416	True	1383	False
stimulus_videos	/pscratch/sd/s/sjmoon/EmoViS/data/raw/CowenEmotionVideos/1384.mp4	1384.mp4	1182983	2026-05-08T05:07:30+00:00	674d26f355ff7539e1ed79c63a05e380facefc74fa6b10f2cdb887a5660e0e14	1384	10.867	h264	480	270	15.0	163	0	False	True			1044c609c74e1a2b4a9f08b7f7f7da1244bb82d4d85467fd425367981591bb92	163	6223718557141778	True	1384	False
stimulus_videos	/pscratch/sd/s/sjmoon/EmoViS/data/raw/CowenEmotionVideos/1385.mp4	1385.mp4	72187	2026-05-08T05:07:30+00:00	75c14e5bb30e718cc655f5d541758ca27232f8c379a9dc235d045fbe1b5bc1e3	1385	1.8	h264	500	260	11.11111111111111	20	0	False	True			91b856de2a9120184b76f9093c552792f4c579f5521cac493bf932e2a5d119cd	20	63447711833906100	True	1385	False
stimulus_videos	/pscratch/sd/s/sjmoon/EmoViS/data/raw/CowenEmotionVideos/1386.mp4	1386.mp4	2572558	2026-05-08T05:07:29+00:00	e41da7e693fbd11aa32ea7bd634a1b70fcc12a217b7ae1a4b6ad6aba4f19d0c2	1386	15.0	h264	718	404	25.0	375	0	False	True			8119e8437c84545ea42ca6b99b096735eaec4e3bfa56f50c7cf563d70b9f50c1	375	17588035888378998	True	1386	False
stimulus_videos	/pscratch/sd/s/sjmoon/EmoViS/data/raw/CowenEmotionVideos/1387.mp4	1387.mp4	2206224	2026-05-08T05:07:29+00:00	78404d13b1fdec8a01b7d5240a4d34e7eb3a2990c9394d54aaa8ae0a1c1cdd41	1387	15.08	h264	718	404	25.0	377	0	False	True			427ef58975b8d6cdd20f3b512743f9b42dbf16fa753daabd3af7d8c0467713ab	377	14321995916119049	True	1387	False
stimulus_videos	/pscratch/sd/s/sjmoon/EmoViS/data/raw/CowenEmotionVideos/1388.mp4	1388.mp4	333918	2026-05-08T05:07:23+00:00	7b8434e1ba672de99882cc68d0e7fb895f25f6a0609de4ca0b641bcc1856e6ff	1388	4.05	h264	424	290	11.11111111111111	45	0	False	True			b85909906336fbf5da3e87719efe7da9f00e48227537d47756b489c75557e53b	45	14326935153915859	True	1388	False
stimulus_videos	/pscratch/sd/s/sjmoon/EmoViS/data/raw/CowenEmotionVideos/1389.mp4	1389.mp4	159692	2026-05-08T05:07:24+00:00	20cc206a9398f42cc2ebe39608083dafe3d7bfa63a5517e3c60df79ca412c410	1389	5.734	h264	480	360	15.0	86	0	False	True			a173374541608997ddf1fd0f92702b11ec34114b27d1b00639c505a4a2cb0441	86	20572565091370872	True	1389	False
stimulus_videos	/pscratch/sd/s/sjmoon/EmoViS/data/raw/CowenEmotionVideos/1390.mp4	1390.mp4	34449	2026-05-08T05:07:30+00:00	8a94f698175d7b391d0802b3a0c94ba57fc951c462d8a87e2520a7487d9450b1	1390	1.2	h264	350	232	10.0	12	0	False	True			179cb796e245e31c9ed345e1e56af7cbde1a62f0036a9a1a26f83d7173357aff	12	24406344420401813	True	1390	False
stimulus_videos	/pscratch/sd/s/sjmoon/EmoViS/data/raw/CowenEmotionVideos/1391.mp4	1391.mp4	774424	2026-05-08T05:07:30+00:00	f364a32b9a479c3becc6391a0607a2db006606bcd0d490ca887285aafbc4b5a5	1391	17.03	h264	330	210	7.6923076923076925	131	0	False	True			01a1513de00bbee0b7499064303ebb15a74e5af6dfa3661a2b5f7fe7da170f2a	131	36667171700473856	True	1391	False
stimulus_videos	/pscratch/sd/s/sjmoon/EmoViS/data/raw/CowenEmotionVideos/1392.mp4	1392.mp4	625070	2026-05-08T05:07:29+00:00	271eee3c0ae4b883664974918cc893bb2f24b364a97f95299c1ad3c5108bfd07	1392	7.6	h264	654	338	10.0	76	0	False	True			ff53133e86b5c6ad5165606bf252264887092ef1eac1200eb0479ce83c383916	76	55601869871648944	True	1392	False
stimulus_videos	/pscratch/sd/s/sjmoon/EmoViS/data/raw/CowenEmotionVideos/1393.mp4	1393.mp4	330244	2026-05-08T05:07:29+00:00	354c547ae536be9eadfcd8170dc5e7fedbaa105584157883446f9b9858d27447	1393	10.1	h264	300	184	10.0	101	0	False	True			fbe9398c355bb84008c55e4650a832484cbdaadca79264906246ca642a4cf2b8	101	4007693876709279	True	1393	False
stimulus_videos	/pscratch/sd/s/sjmoon/EmoViS/data/raw/CowenEmotionVideos/1394.mp4	1394.mp4	147636	2026-05-08T05:07:30+00:00	9b734fe16adf4e1a30c5d36d2d33eb71377b8d15eccd5df50031f3eb718c4dab	1394	0.9	h264	436	334	20.0	18	0	False	True			c89ae1ad232d26bb4da3778c4f01df190c288807a95bffe411868798404c5946	18	57858631427925395	True	1394	False
stimulus_videos	/pscratch/sd/s/sjmoon/EmoViS/data/raw/CowenEmotionVideos/1395.mp4	1395.mp4	603322	2026-05-08T05:07:30+00:00	2103f60b6cf2cbc957b59fbbf901bf16a3acccd23d683daebfbe41ab89864d30	1395	9.6	h264	440	248	25.0	240	0	False	True			b037c664edd236ba2c2d4b03b9fa06a6081cfdaaf59ed44f60feb9db2d75c59c	240	6312131223995271	True	1395	False
stimulus_videos	/pscratch/sd/s/sjmoon/EmoViS/data/raw/CowenEmotionVideos/1396.mp4	1396.mp4	949000	2026-05-08T05:07:31+00:00	e2cd447074de6274e5ac89e75fb05a6f87d60fef9a054947c30505c6d35da554	1396	3.21	h264	400	224	33.333333333333336	107	0	False	True			93a0a9a7671ab284f49665f02d5620c245010fdb7ed628960c9300d0f7878718	107	851039316099136	True	1396	False
stimulus_videos	/pscratch/sd/s/sjmoon/EmoViS/data/raw/CowenEmotionVideos/1397.mp4	1397.mp4	571461	2026-05-08T05:07:31+00:00	1987af5d38602d8c8db1f6534d9fe0fa4c70e45b8b2ac51ff370689840a5f77f	1397	3.44	h264	418	236	25.0	86	0	False	True			032a5b3a543c873d72c25e3e811ea73a6b3c8ca6d1d86e247708e60d4a374ddb	86	16460688738376860	True	1397	False
stimulus_videos	/pscratch/sd/s/sjmoon/EmoViS/data/raw/CowenEmotionVideos/1398.mp4	1398.mp4	4262065	2026-05-08T05:07:23+00:00	ddad398c6b28f65d56d7f15f625b1667261327d5143ebb787cb51a1836e953fd	1398	10.77	h264	958	536	33.333333333333336	359	0	False	True			4dc5036bb07a5929c0ac2267aa9728f8a718e6ee3c92468e39a6c0ca03754353	359	30707370680304519	True	1398	False
stimulus_videos	/pscratch/sd/s/sjmoon/EmoViS/data/raw/CowenEmotionVideos/1399.mp4	1399.mp4	3365069	2026-05-08T05:07:23+00:00	c2ecf3b1c496d00782fcbf994c1812fd03b5ff707c238d775ccf0b5a682cc1e7	1399	6.0	h264	720	720	30.0	180	0	False	True			1f7c5830c6c4923f3fec0068ff5f43a177ccf33056b972efc58b6c448bbbb260	180	578550914721051	True	1399	False
stimulus_videos	/pscratch/sd/s/sjmoon/EmoViS/data/raw/CowenEmotionVideos/1400.mp4	1400.mp4	112977	2026-05-08T05:07:23+00:00	b96e7f2f9633dca8d98b449f4df711af5cb2da7f5d8612013249e2106d59853b	1400	1.542	h264	800	418	9.083333333333334	14	0	False	True			f8b2fcb760d365b48a65cadc102743c4c3f90bffad45dc2adac70270e1dc64b2	14	51461438334519236	True	1400	False
stimulus_videos	/pscratch/sd/s/sjmoon/EmoViS/data/raw/CowenEmotionVideos/1401.mp4	1401.mp4	1151702	2026-05-08T05:07:23+00:00	599dd3317082ce3869f6e9c2409377c8da984007a818af5373a1424520804f97	1401	4.76	h264	652	366	25.0	119	0	False	True			2526ef0374288b8c206e6a3380038bf81a788a937889ec68a2cd338c489f2929	119	56241798891758550	True	1401	False
stimulus_videos	/pscratch/sd/s/sjmoon/EmoViS/data/raw/CowenEmotionVideos/1402.mp4	1402.mp4	304783	2026-05-08T05:07:22+00:00	0c78be5559e3046e429765ffefae392d544fa672f9ccf98c292753ba68055c75	1402	4.5	h264	300	386	11.11111111111111	50	0	False	True			2c3270b0f32b314c6a592daea6d1b55f1d96a4965d04b5429caac50f72d7da43	50	58306842975760940	True	1402	False
stimulus_videos	/pscratch/sd/s/sjmoon/EmoViS/data/raw/CowenEmotionVideos/1403.mp4	1403.mp4	397252	2026-05-08T05:07:22+00:00	1e0ff447b86c674d5ffbccc8a65abefcb30f3e27a06dd19f69b104333f125b30	1403	4.55	h264	352	218	14.285714285714286	65	0	False	True			428fbdba2197b12a033687fe691dca40cb6c4e82a8bbc19a1db40e46b18c4883	65	46810635903391728	True	1403	False
stimulus_videos	/pscratch/sd/s/sjmoon/EmoViS/data/raw/CowenEmotionVideos/1404.mp4	1404.mp4	774730	2026-05-08T05:07:23+00:00	5fcf5de6289c26b8948394c83a9dfcee8d5789a612c56002d71719e2af555444	1404	3.87	h264	320	350	11.11111111111111	43	0	False	True			7015120a8ca659683cd4614ddbab7c40fa879bfa8adae4834ac85318ecf48bb9	43	31772060353309301	True	1404	False
stimulus_videos	/pscratch/sd/s/sjmoon/EmoViS/data/raw/CowenEmotionVideos/1405.mp4	1405.mp4	120278	2026-05-08T05:07:23+00:00	0529cb4742ac8371b8a186e2023a82b84962b2f553c7fc512048e10048fa47a6	1405	4.06	h264	250	160	7.142857142857143	29	0	False	True			76ad44c6d09d6c29c87c2fa894838960f9d0214a2ee0e55e7b057cdde87b032a	29	71479129715199629	True	1405	False
stimulus_videos	/pscratch/sd/s/sjmoon/EmoViS/data/raw/CowenEmotionVideos/1406.mp4	1406.mp4	2376688	2026-05-08T05:07:24+00:00	dcdea4d6ce4728eef6fa563ec125df2ad7d4031a19256bd79aad860679ae0cfd	1406	10.05	h264	720	404	20.0	201	0	False	True			30479dcb73ad3c6a159e4897f30588cc1da2592f5f2367b89e2118cd7c5f2fde	201	44788874541593571	True	1406	False
stimulus_videos	/pscratch/sd/s/sjmoon/EmoViS/data/raw/CowenEmotionVideos/1407.mp4	1407.mp4	48285	2026-05-08T05:07:24+00:00	79b5bb66a121f85233826619c788ac3f2ab6ca85b9ff57e66af8cdfddc51fca5	1407	1.304	h264	250	140	22.25	29	0	False	True			aca644b1c636ec4852e2a4e9771439d4933ecdda9841bdd44332254970ccbfbb	29	6303273713258393	True	1407	False
stimulus_videos	/pscratch/sd/s/sjmoon/EmoViS/data/raw/CowenEmotionVideos/1408.mp4	1408.mp4	126712	2026-05-08T05:07:30+00:00	9ae672c6171c48509b107575b308ef9540832017261b99d0efb254eab7142ad8	1408	4.9	h264	500	280	10.0	49	0	False	True			b5065ff4aed8538723868f415568f956caaebf0352d7fa3131da574d41b697e1	49	2836843890722702	True	1408	False
stimulus_videos	/pscratch/sd/s/sjmoon/EmoViS/data/raw/CowenEmotionVideos/1409.mp4	1409.mp4	263913	2026-05-08T05:07:30+00:00	a46720652a396e839096a545e057f7b487c834ddbb7526985acea29234c0dd53	1409	3.6	h264	500	160	10.0	36	0	False	True			351fce63dab5f91f690b823c3b76922afaab682011716ec09170af17a7c0a177	36	1407428066010268	True	1409	False
stimulus_videos	/pscratch/sd/s/sjmoon/EmoViS/data/raw/CowenEmotionVideos/1410.mp4	1410.mp4	463188	2026-05-08T05:07:24+00:00	88848bc2dfa242e01d1645d6a142b14f97b031eb86d173b28344218ea13f791c	1410	3.3	h264	400	224	10.0	33	0	False	True			4e8f90bee2cb5c2cf759bb8dc2ccaedbbdee8ad4761c56e3bd437b9321293b62	33	15286698192607766	True	1410	False
stimulus_videos	/pscratch/sd/s/sjmoon/EmoViS/data/raw/CowenEmotionVideos/1411.mp4	1411.mp4	620403	2026-05-08T05:07:23+00:00	a6bc03be51f0828aa772355fc8085189cb21b912a94bf039f59b97472073b10a	1411	3.52	h264	480	368	12.5	44	0	False	True			0b193f3517aed0744760b8b113d3b419275d03dc4311c991e232b40f775de956	44	3998786063561187	True	1411	False
stimulus_videos	/pscratch/sd/s/sjmoon/EmoViS/data/raw/CowenEmotionVideos/1412.mp4	1412.mp4	2234605	2026-05-08T05:07:24+00:00	a9b9454d682fb19447671b3be50fd92e1c9adbef8ff50c2462f7f64b1301691a	1412	11.08	h264	640	360	25.0	277	0	False	True			02f7c19f84567283649fa0a4a5fcc4ff5ce28ec53d8ef897da378aedd2fe1474	277	64049432055956326	True	1412	False
stimulus_videos	/pscratch/sd/s/sjmoon/EmoViS/data/raw/CowenEmotionVideos/1413.mp4	1413.mp4	300389	2026-05-08T05:07:24+00:00	a5bbf7707941abd7e50d4bc48016bd0c90b77dc3ed355a5fe52c3e90c9aa7d6b	1413	1.5	h264	814	598	10.0	15	0	False	True			3be7d63385027ba96de60e2c4315258371a0394a428a1b5b266bd7608ef8bb61	15	20999098644418461	True	1413	False
stimulus_videos	/pscratch/sd/s/sjmoon/EmoViS/data/raw/CowenEmotionVideos/1414.mp4	1414.mp4	115816	2026-05-08T05:07:23+00:00	a906bffefac000a854d2e552ee64899baecb2b396de6fdd60ba3f42c6b7a57e6	1414	3.0	h264	326	274	10.0	30	0	False	True			c52b0eee23b474c5da26a22ad1b54ecf07a6366982547c57743004a7fa2834df	30	35465703007709496	True	1414	False
stimulus_videos	/pscratch/sd/s/sjmoon/EmoViS/data/raw/CowenEmotionVideos/1415.mp4	1415.mp4	222168	2026-05-08T05:07:23+00:00	229a242f0a8dffb931d34b703fde0cb302c24f9d1f048e5c0ce27cfbc1c2cf93	1415	3.0	h264	480	270	15.0	45	0	False	True			c9cd45746e396bfba7d3bbe70bb2dd86866118b906d3ad7f60f00b78f7794a10	45	44256260672123350	True	1415	False
stimulus_videos	/pscratch/sd/s/sjmoon/EmoViS/data/raw/CowenEmotionVideos/1416.mp4	1416.mp4	75090	2026-05-08T05:07:22+00:00	fdee65ebf4b305bac4077893c3dca1cebbc1e017af4231480c406c6acd3cc51f	1416	0.805	h264	350	264	28.583333333333332	23	0	False	True			c5d15c6b45de9e3cd9265e0788926533333ae3579cb5d8fbd5c9d6ff8fcec012	23	39928997657128036	True	1416	False
stimulus_videos	/pscratch/sd/s/sjmoon/EmoViS/data/raw/CowenEmotionVideos/1417.mp4	1417.mp4	326246	2026-05-08T05:07:22+00:00	4d726b52fef223af340bcdbdc48392ced6f3fbc609d6e5c9344e387d8ac42301	1417	7.2	h264	300	220	25.0	180	0	False	True			72f06014b8f1d3cb5b6f5ba96957642ae1784cb3cb9b7d3ed43dc922c246cfaa	180	59575833015892037	True	1417	False
stimulus_videos	/pscratch/sd/s/sjmoon/EmoViS/data/raw/CowenEmotionVideos/1418.mp4	1418.mp4	96884	2026-05-08T05:07:30+00:00	26a96c5fa3e0062e625d7c395fc334ce2862af6ce266b9b9afbeaa48d7193efd	1418	1.4	h264	500	280	10.0	14	0	False	True			a2738991f6da5a2004dc3de7aa37cd647658d48973eb38737eceef7a2735cb74	14	23597060512161840	True	1418	False
stimulus_videos	/pscratch/sd/s/sjmoon/EmoViS/data/raw/CowenEmotionVideos/1419.mp4	1419.mp4	456773	2026-05-08T05:07:30+00:00	77cd2da5e668e8018e4d759ea29e1b26455e619d7271d615af1f200246219648	1419	6.9	h264	400	246	10.0	69	0	False	True			fec0fa985c94bdcf724d886b67e6e26549ddbb6581d5d2a90eae75d2ea48739e	69	50478488946580990	True	1419	False
stimulus_videos	/pscratch/sd/s/sjmoon/EmoViS/data/raw/CowenEmotionVideos/1420.mp4	1420.mp4	1608924	2026-05-08T05:07:30+00:00	926c1b4e8a6bb4e804f0a7c0e4425a2297326ea12790f974e6dea0a020031a6b	1420	7.903956	h264	1280	720	29.97002997002997	272	1	True	True	-21.5	-5.9	b72f9377d32e27edfa8da9ed65eb1d146f7bed7a136ae0c66dc53a08eeaae99c	237	53608757539903540	True	1420	False
stimulus_videos	/pscratch/sd/s/sjmoon/EmoViS/data/raw/CowenEmotionVideos/1421.mp4	1421.mp4	569937	2026-05-08T05:07:30+00:00	6300aa5779ffedaa74765d7692674335f7aee468a23b0c01fe69e37ce686dd90	1421	3.3	h264	636	288	9.090909090909092	30	0	False	True			01cb0aa1a60b7a7ca4c1074fc03200a2fa00f2d0aff8781aeaff82b5f90a6aff	30	8580969444715800	True	1421	False
stimulus_videos	/pscratch/sd/s/sjmoon/EmoViS/data/raw/CowenEmotionVideos/1422.mp4	1422.mp4	337779	2026-05-08T05:07:29+00:00	350d73757ca0e442a5d812315112ca401ba405af1348d1f215e703ab254b69ec	1422	15.12	h264	340	190	25.0	378	0	False	True			57b90dcc9e7115c0eaa0c37651c4cfd28d0901d01be75471d208d573e3e50f75	378	567356692115705	True	1422	False
stimulus_videos	/pscratch/sd/s/sjmoon/EmoViS/data/raw/CowenEmotionVideos/1423.mp4	1423.mp4	194695	2026-05-08T05:07:29+00:00	0dc833693b3f233b9ff37baa1084b61e185f3f947c26bb7bb17a4ff0df344dde	1423	5.2	h264	320	180	7.6923076923076925	40	0	False	True			f13cf87b73f91fa08faeaa806ca17c64d8c8c8bd02773e83191666592597fdb7	40	7945211707688218	True	1423	False
stimulus_videos	/pscratch/sd/s/sjmoon/EmoViS/data/raw/CowenEmotionVideos/1424.mp4	1424.mp4	186617	2026-05-08T05:07:30+00:00	696201a8de9633ce2db7ace867ba476a19d27157bff82b54101caf7077494c8f	1424	4.2	h264	300	224	7.142857142857143	30	0	False	True			760de72170755333f953f6e3f66990f26137f587bc114970b627bb8d83f4cad8	30	61880426753384431	True	1424	False
stimulus_videos	/pscratch/sd/s/sjmoon/EmoViS/data/raw/CowenEmotionVideos/1425.mp4	1425.mp4	23233	2026-05-08T05:07:30+00:00	3d3d19b140bf76f400adf6eef2f7c0f28e0415a68ca172a403a1854ae6013f9b	1425	1.33	h264	300	172	14.285714285714286	19	0	False	True			c92efb904bbe8740cd5df7ec8a71032d1b5e6792545695ae04d5299a50911ee2	19	43121079895458050	True	1425	False
stimulus_videos	/pscratch/sd/s/sjmoon/EmoViS/data/raw/CowenEmotionVideos/1426.mp4	1426.mp4	135865	2026-05-08T05:07:31+00:00	8c9cb7d7e1b2125508a43efa933125dd4d96826c77ec90e7fcc9ee3567cc595b	1426	0.7	h264	500	280	20.0	14	0	False	True			238de2502c874e988fbef2d10ae9473f8cd7ff743d66d51eb9c11ef95d6bdbfb	14	1693282541459983	True	1426	False
stimulus_videos	/pscratch/sd/s/sjmoon/EmoViS/data/raw/CowenEmotionVideos/1427.mp4	1427.mp4	183628	2026-05-08T05:07:31+00:00	9492160fba8ff3a8fdb4aa297da039ce8719fc04a2775a58af48bfd51b8d421d	1427	1.86	h264	800	450	16.666666666666668	31	0	False	True			36aca60b6994fc47c97cb659d098e7feef0caa7c7e3f75c7e1cc981aaa1f5def	31	60753667550034478	True	1427	False
stimulus_videos	/pscratch/sd/s/sjmoon/EmoViS/data/raw/CowenEmotionVideos/1428.mp4	1428.mp4	710251	2026-05-08T05:07:23+00:00	cc850e2714530952c1c6efc861eebf6e7cf11a802c514e03f157b4ffa29dd82c	1428	5.52	h264	476	346	12.5	69	0	False	True			733e9fd7b9e14739cb0b87c73aa7b085b0f02ff4b0f209e95686b6f3aa642e33	69	25634226194150573	True	1428	False
stimulus_videos	/pscratch/sd/s/sjmoon/EmoViS/data/raw/CowenEmotionVideos/1429.mp4	1429.mp4	176153	2026-05-08T05:07:23+00:00	c91ff432d181e964895f1f0e20bada2cf986ea08400ab5d5163adc4e4d29cefc	1429	0.75	h264	500	282	33.333333333333336	25	0	False	True			3bd0464dca84091ed8d54bf05f2910e02e56a52b61635c33757c9fb54d7fa656	25	10993601209557989	True	1429	False
stimulus_videos	/pscratch/sd/s/sjmoon/EmoViS/data/raw/CowenEmotionVideos/1430.mp4	1430.mp4	1110467	2026-05-08T05:07:30+00:00	f94e5d7c0864845647bee9395455fc241fb40a5deb777a7b85a9b3a8f70ef48e	1430	15.12	h264	426	236	25.0	378	0	False	True			ff19c341fd42713b3825bd0068e61143a996693daa551dff81fd29b7e0c66940	378	19171750831485410	True	1430	False
stimulus_videos	/pscratch/sd/s/sjmoon/EmoViS/data/raw/CowenEmotionVideos/1431.mp4	1431.mp4	161827	2026-05-08T05:07:30+00:00	fc42466bbaad2ac1c9d6986ad7ced15e1476602bff75836dbf71d6459b31746c	1431	1.92	h264	700	394	12.5	24	0	False	True			247c77646b135631bf930e757041dd5531cf14dee2f9b8e20a187fc7c345f76b	24	26489676539945952	True	1431	False
stimulus_videos	/pscratch/sd/s/sjmoon/EmoViS/data/raw/CowenEmotionVideos/1432.mp4	1432.mp4	521461	2026-05-08T05:07:31+00:00	e33280c1b7a966e2a7861fb5cf62aa32aba9676e874e8603bfccf2844167fb00	1432	15.08	h264	358	202	25.0	377	0	False	True			75915de17445cb7e823c26e061310557056425d46cf851d5e7dd8add8ca40800	377	62687434875289208	True	1432	False
stimulus_videos	/pscratch/sd/s/sjmoon/EmoViS/data/raw/CowenEmotionVideos/1433.mp4	1433.mp4	1927705	2026-05-08T05:07:31+00:00	0a674f90b4d34adc805b9c516fb7a79dabdc95f027a9e05e83c1c4d4d55afb62	1433	10.68	h264	852	480	33.333333333333336	356	0	False	True			35911c2c326868b27c682a3ffb57cebe58d5633ac97f04d8776821b78efd5d07	356	58052257347980692	True	1433	False
stimulus_videos	/pscratch/sd/s/sjmoon/EmoViS/data/raw/CowenEmotionVideos/1434.mp4	1434.mp4	142521	2026-05-08T05:07:30+00:00	ca8bbe1bb14a8d67d723f9c4da791314ea53078388318d0cc2e82d211f5caa9b	1434	2.2	h264	600	328	10.0	22	0	False	True			606fe73ae88bab218584b20c70cc28a6fb190b3a5874113e2e5a0e6ad17cfcbb	22	24362545769278701	True	1434	False
stimulus_videos	/pscratch/sd/s/sjmoon/EmoViS/data/raw/CowenEmotionVideos/1435.mp4	1435.mp4	41331	2026-05-08T05:07:30+00:00	e4774f95c6c3e33c32ad964db814aafb3338cc7309e68f083fa27afcaa93c99b	1435	2.1	h264	400	220	14.285714285714286	30	0	False	True			f727a96704e3ca53b85a4f88cc7292c629bc74bed0c8fce861e3f0690a9e2a24	30	42557853511804651	True	1435	False
stimulus_videos	/pscratch/sd/s/sjmoon/EmoViS/data/raw/CowenEmotionVideos/1436.mp4	1436.mp4	198065	2026-05-08T05:07:29+00:00	fa08a9f2e067bb825b150d68e4d7cb35538f7dc0282b949ca64d7076ae657aae	1436	4.5	h264	298	224	10.0	45	0	False	True			f2e5d331c13cf607f38ad11048cf47d9bd80aa9fe9b996fc7fe774d6f441ca36	45	28716050290034462	True	1436	False
stimulus_videos	/pscratch/sd/s/sjmoon/EmoViS/data/raw/CowenEmotionVideos/1437.mp4	1437.mp4	663090	2026-05-08T05:07:29+00:00	b053c3273a38e335d6a49e37979cd96f87139b21e711705e493ef677a0748aa3	1437	4.72	h264	540	304	12.5	59	0	False	True			a148ec1022324cb80a57d60abc3c2a17c3541a27f316d472e0f7b22a9a233a40	59	25597382760467478	True	1437	False
stimulus_videos	/pscratch/sd/s/sjmoon/EmoViS/data/raw/CowenEmotionVideos/1438.mp4	1438.mp4	43483	2026-05-08T05:07:23+00:00	447ef97ab9c46ae6bf363d83be12654b4e1f0ca3ee3cc6c27aed5d8d6915fb8f	1438	4.0	h264	244	132	10.0	40	0	False	True			87c13310b174e871597863b3891683c70abed9fb0ea48b2e86ea845f07a86115	40	70284523859077095	True	1438	False
stimulus_videos	/pscratch/sd/s/sjmoon/EmoViS/data/raw/CowenEmotionVideos/1439.mp4	1439.mp4	534148	2026-05-08T05:07:23+00:00	ebbfc43b4aaebc47b441e70cb32135962798a5bba3de47443e211a87200f9915	1439	1.6	h264	1076	606	25.0	40	0	False	True			fcc7584d5731dd728af589e53a7501ead5c5e8352164aef8b1a9c0483bdd59d0	40	3971678413254325	True	1439	False
stimulus_videos	/pscratch/sd/s/sjmoon/EmoViS/data/raw/CowenEmotionVideos/1440.mp4	1440.mp4	168984	2026-05-08T05:07:27+00:00	67ca098a48257786bde9fe1f26a6ac33af78fdfed18d4ea5a637b4e376bf5f2a	1440	7.08	h264	500	436	25.0	177	0	False	True			b2dea9c44f71c51e6c3edc1c15ed0c0e73adae83df242753eeceb90ce472d77a	177	53752721026847	True	1440	False
stimulus_videos	/pscratch/sd/s/sjmoon/EmoViS/data/raw/CowenEmotionVideos/1441.mp4	1441.mp4	310681	2026-05-08T05:07:27+00:00	bc41d0ff75a43ed2571d9c3d75c8deaa8b5ef7e4af0f24025cdab7601733f0fd	1441	2.773	h264	400	236	22.0	61	0	False	True			7bd693d3944169dd778469348cf0bd72591bd3a874fa276b962db7df7ffb5ad1	61	54920726540021985	True	1441	False
stimulus_videos	/pscratch/sd/s/sjmoon/EmoViS/data/raw/CowenEmotionVideos/1442.mp4	1442.mp4	731163	2026-05-08T05:07:27+00:00	300d634c70f3dc981f3dc947834c626b7228d61bcc289dbd25d8f6f92e6a94e1	1442	7.08	h264	400	400	25.0	177	0	False	True			64a84ca8b35dcca86430bf73678ec1183b17bfff6bcbeebc3f93ca0d7d086367	177	17511366799209313	True	1442	False
stimulus_videos	/pscratch/sd/s/sjmoon/EmoViS/data/raw/CowenEmotionVideos/1443.mp4	1443.mp4	129310	2026-05-08T05:07:28+00:00	669ff71f5b71e78d06c0a27685767f70dd046b81d64c1c0cf55ddbde9cb9ad84	1443	1.86	h264	256	224	16.666666666666668	31	0	False	True			46c76793bcbb180c82914ef0d559018723d8a22354414169a6e1a656fc7a334d	31	29506736530578793	True	1443	False
stimulus_videos	/pscratch/sd/s/sjmoon/EmoViS/data/raw/CowenEmotionVideos/1444.mp4	1444.mp4	52386	2026-05-08T05:07:28+00:00	6ae45931c52122164dd4d5fa7c59d5521a3321d4e674c6527f969e08ede5e5e5	1444	2.7	h264	434	244	6.666666666666667	18	0	False	True			d5099e53d133c00ec3785acdbd3cc8e74f19d1fd9fabc2fdae1f2de32b7310ff	18	8501469856973219	True	1444	False
stimulus_videos	/pscratch/sd/s/sjmoon/EmoViS/data/raw/CowenEmotionVideos/1445.mp4	1445.mp4	80735	2026-05-08T05:07:29+00:00	d2fee7bea8678febf3f383a7c4e296319f72ff332a32ce29b883312ba82d8c6d	1445	3.6	h264	244	214	8.333333333333334	30	0	False	True			2616114fa3afe0fcef3d4e392153e370ef979cccf5cf63f18dab7adf6e05d482	30	66244031205111122	True	1445	False
stimulus_videos	/pscratch/sd/s/sjmoon/EmoViS/data/raw/CowenEmotionVideos/1446.mp4	1446.mp4	213071	2026-05-08T05:07:28+00:00	8538ed37567f7d2d97e1c6f69546ef42e7be9c4b5e9777db6f7f997a251fc134	1446	3.15	h264	940	550	14.285714285714286	45	0	False	True			20e1685388fe32696c20038f7a75d28d3b253f4d24d632904d36f3281da6ec6d	45	27092794376376743	True	1446	False
stimulus_videos	/pscratch/sd/s/sjmoon/EmoViS/data/raw/CowenEmotionVideos/1447.mp4	1447.mp4	1137473	2026-05-08T05:07:28+00:00	613ba197140fff5163cd7ba2b3e964e26caa434f1b40516d65393b8a5a4b334b	1447	4.9	h264	720	404	30.0	147	0	False	True			cc4548d76d70d44a7d39db0b06848fe5549236bd58ab5c9ddc24a2079d12c20d	147	59428902033436865	True	1447	False
stimulus_videos	/pscratch/sd/s/sjmoon/EmoViS/data/raw/CowenEmotionVideos/1448.mp4	1448.mp4	234570	2026-05-08T05:07:24+00:00	a26b5082036630000afd316cfd37dacd72fba1e480a6e552f371b3c1c7cc932d	1448	7.02	h264	244	170	11.11111111111111	78	0	False	True			ffb0da44233544ac78f7821148d62c9ba2c0c6cf84d3d1bbb0f5afb330057bac	78	34042464332147959	True	1448	False
stimulus_videos	/pscratch/sd/s/sjmoon/EmoViS/data/raw/CowenEmotionVideos/1449.mp4	1449.mp4	776137	2026-05-08T05:07:25+00:00	7efb69d06e7bff3639685ea6a18556f12a3858a0f1d5a365bd82c86430bd359c	1449	7.8	h264	900	506	10.0	78	0	False	True			636daca2d4d79c61864546780038125e334a550c7ed31a4c76d3aa988c406124	78	2881239919878143	True	1449	False
stimulus_videos	/pscratch/sd/s/sjmoon/EmoViS/data/raw/CowenEmotionVideos/1450.mp4	1450.mp4	133338	2026-05-08T05:07:29+00:00	6299711f4a1238f9eeb854589c523b91131304058081b54eb0631a835f9ae06c	1450	3.04	h264	290	158	6.25	19	0	False	True			bba289f11d00d7aba689dbabf720edf6f90638a57ee41832bf006ba023969f1a	19	15869117135424846	True	1450	False
stimulus_videos	/pscratch/sd/s/sjmoon/EmoViS/data/raw/CowenEmotionVideos/1451.mp4	1451.mp4	229703	2026-05-08T05:07:29+00:00	c3bc8c83ce9927deb24e9b7f5e6f34eaf3f851c4251aa991512d68e481fa54c3	1451	3.7	h264	636	288	10.0	37	0	False	True			d9d2b4c2fcd3bab6a3144b28e0d95f6de383e67c4249ebddc764e3e7786cf220	37	17518353723427524	True	1451	False
stimulus_videos	/pscratch/sd/s/sjmoon/EmoViS/data/raw/CowenEmotionVideos/1452.mp4	1452.mp4	47614	2026-05-08T05:07:28+00:00	bd9ef0b5c244c53d28192f4591fdded8543f99d6ed176806325694a3ef906e8d	1452	0.84	h264	500	200	16.666666666666668	14	0	False	True			a71ff7c17e4e4e8a663ca2de0d3d00f1d90ddf6fee9d80da0d5e768cf1e114b1	14	42810973232976354	True	1452	False
stimulus_videos	/pscratch/sd/s/sjmoon/EmoViS/data/raw/CowenEmotionVideos/1453.mp4	1453.mp4	560759	2026-05-08T05:07:28+00:00	6901fdc8d9c0dab67ad31fbf1e99dd9ec7a89af85908863abab1fbcf7f513307	1453	15.2	h264	500	238	10.0	152	0	False	True			d2c68dad1561da55a63c55d5c6701124f604e8bcb9525077ce8605e6c00c4531	152	26666861780229305	True	1453	False
stimulus_videos	/pscratch/sd/s/sjmoon/EmoViS/data/raw/CowenEmotionVideos/1454.mp4	1454.mp4	133594	2026-05-08T05:07:27+00:00	ef929a20a501777c14f88014c875d0de36f42c06d0b124a8e1cffefd6dd0289a	1454	3.0	h264	214	300	10.0	30	0	False	True			5090ed25c3ace9fb481a89a48114351a48f6cd5e6116aab65d0e952329ef1714	30	8670230291095164	True	1454	False
stimulus_videos	/pscratch/sd/s/sjmoon/EmoViS/data/raw/CowenEmotionVideos/1455.mp4	1455.mp4	60945	2026-05-08T05:07:27+00:00	f4a28b4061b3a56db935ecc2417fb3f6c12e5ac8628121660079ba91ec50e670	1455	4.9	h264	250	268	10.0	49	0	False	True			2e25715f44bd33e379ac38b52fa2c6a962508a21a65041fcb13a31fb9d9ee435	49	425676029702758	True	1455	False
stimulus_videos	/pscratch/sd/s/sjmoon/EmoViS/data/raw/CowenEmotionVideos/1456.mp4	1456.mp4	329489	2026-05-08T05:07:27+00:00	7fda85db3ae663d008d4354e07899cdf27a025470a590e28c54c3a8a75f5eb64	1456	10.0	h264	202	360	10.0	100	0	False	True			eb85d442008c91bfd3f993fa452f369dca6a30a43615f0509f35323d703c2c52	100	33759265944370175	True	1456	False
stimulus_videos	/pscratch/sd/s/sjmoon/EmoViS/data/raw/CowenEmotionVideos/1457.mp4	1457.mp4	351157	2026-05-08T05:07:28+00:00	57ec96bddb04805e6fe720a5a68567db55be41fc0015c9b958888857377581d8	1457	7.6	h264	314	218	25.0	190	0	False	True			9abef6cda6b9f97b29a45faf5e47f496f1a8c512b63a292d1a026c075c995e92	190	8506586251594849	True	1457	False
stimulus_videos	/pscratch/sd/s/sjmoon/EmoViS/data/raw/CowenEmotionVideos/1458.mp4	1458.mp4	194843	2026-05-08T05:07:26+00:00	a7ffe356a7226a00cc3137e0304b8a6832c8d9b0ef5b36495ced2c841eee83d0	1458	2.48	h264	400	240	12.5	31	0	False	True			5b7d6d05438d064a954ae0aadb234fbbfce08693fca2f2f359a2f7cd6cdecabc	31	43757465259332583	True	1458	False
stimulus_videos	/pscratch/sd/s/sjmoon/EmoViS/data/raw/CowenEmotionVideos/1459.mp4	1459.mp4	313228	2026-05-08T05:07:26+00:00	29878bf7645a30e64898dbc9ec7ecebb0495925305bbfd421e0fcae364f85ab5	1459	10.92	h264	326	326	25.0	273	0	False	True			a4f437e5bdb39543c12287a5b582d8f889814a87d59f87e8ac4f15e754ae9d65	273	66503174862958664	True	1459	False
stimulus_videos	/pscratch/sd/s/sjmoon/EmoViS/data/raw/CowenEmotionVideos/1460.mp4	1460.mp4	348134	2026-05-08T05:07:24+00:00	fabb38fb987110b985507f53e3bd714ec03b8e08e3176aca007f85a40e2d6c9e	1460	1.8	h264	500	282	10.0	18	0	False	True			44e4f1f4c1f0e22c3167f3c65ad2ee6685605c7883978f19d32ef8dd15b5d152	18	837625362798	True	1460	False
stimulus_videos	/pscratch/sd/s/sjmoon/EmoViS/data/raw/CowenEmotionVideos/1461.mp4	1461.mp4	272599	2026-05-08T05:07:25+00:00	c09bc7808b09ddbbc5642ad8a2f838d288770f66508c2ed40455b0d64fdfc641	1461	1.86	h264	450	252	16.666666666666668	31	0	False	True			9bc6abf730d01b623a95d5f6b40dc67f0508c0f6a669a7ff6616767ba7dbe044	31	56581668106738739	True	1461	False
stimulus_videos	/pscratch/sd/s/sjmoon/EmoViS/data/raw/CowenEmotionVideos/1462.mp4	1462.mp4	885087	2026-05-08T05:07:25+00:00	87bf5862b9a4640bf56ff4b3a8b868066a93d42bd6df092e4e769770a6a2b85e	1462	15.858	h264	394	296	7.0	111	0	False	True			2aa93516648f3022ecf08d962a9100bcf88e662997a48ca28fa840d98653f62e	111	27878731692802307	True	1462	False
stimulus_videos	/pscratch/sd/s/sjmoon/EmoViS/data/raw/CowenEmotionVideos/1463.mp4	1463.mp4	513125	2026-05-08T05:07:25+00:00	480f420d8b99e559908c17c9f9f74c5dba917212de0141ae708fbb9fbe59efca	1463	6.3	h264	400	260	50.0	315	0	False	True			e0a8867c7385c94f7901bae4a0f878785d4df06ae898e1185134fc01442e6ac0	315	28826762270889016	True	1463	False
stimulus_videos	/pscratch/sd/s/sjmoon/EmoViS/data/raw/CowenEmotionVideos/1464.mp4	1464.mp4	363839	2026-05-08T05:07:26+00:00	31c902d053b10c40edcabe89cc55ef11fc87be8423500cadf6dfab98069014b4	1464	8.3	h264	290	200	10.0	83	0	False	True			92a721b69cded259bff39e2556e85dcd7f4131635020603cbb28d4e592c91bc0	83	60842999985639311	True	1464	False
stimulus_videos	/pscratch/sd/s/sjmoon/EmoViS/data/raw/CowenEmotionVideos/1465.mp4	1465.mp4	552242	2026-05-08T05:07:26+00:00	98a6f90eb1e626a83240d26318d40dbfeb768636bc9491d16ac5b60fd457c41d	1465	7.83	h264	250	250	33.333333333333336	261	0	False	True			d1a1ebc2d57a4fc1d9b6b93dde67aa1272ad95f9575263c93d77db590189cdae	261	7544692416698267	True	1465	False
stimulus_videos	/pscratch/sd/s/sjmoon/EmoViS/data/raw/CowenEmotionVideos/1466.mp4	1466.mp4	166419	2026-05-08T05:07:26+00:00	90f7d425a490e25b3cb71808e9a5061808ce1f2b77a0a917d7128eeddfe991a0	1466	9.467	h264	426	240	15.0	142	0	False	True			0c12d46b32dbdaf815dc655f48ee3d3c109234429a75a79f1f086342e234995e	142	68515063278119244	True	1466	False
stimulus_videos	/pscratch/sd/s/sjmoon/EmoViS/data/raw/CowenEmotionVideos/1467.mp4	1467.mp4	191808	2026-05-08T05:07:26+00:00	af2f843204aea05e63c097d3f1a28cf2a7095382ff67d70802da3f515ac5e836	1467	7.2	h264	480	270	15.0	108	0	False	True			a09b50cd7635d3de751d6b27f1a3cbafa0868374947b479c22b2790f65b079bf	108	29938297474173871	True	1467	False
stimulus_videos	/pscratch/sd/s/sjmoon/EmoViS/data/raw/CowenEmotionVideos/1468.mp4	1468.mp4	332914	2026-05-08T05:07:27+00:00	ce2b8649c7ff80f628c58f4106b199c0acc09cbbc228cab45c709c550749a04d	1468	2.9	h264	500	224	10.0	29	0	False	True			a4e293172ac9dfeb27a664aad428d19ad123c57f39b08df8730b3c45938e7ae9	29	6959302869751597	True	1468	False
stimulus_videos	/pscratch/sd/s/sjmoon/EmoViS/data/raw/CowenEmotionVideos/1469.mp4	1469.mp4	414072	2026-05-08T05:07:27+00:00	a719562ab1aa44ccae4285a7dd4f81056a63a66b4ec54d1bb45641d201ab411b	1469	6.36	h264	312	232	16.666666666666668	106	0	False	True			53422ba51b386916dad5a29a4107c890102bbffb4d32beeb49ef01d82152f608	106	24406318453063225	True	1469	False
stimulus_videos	/pscratch/sd/s/sjmoon/EmoViS/data/raw/CowenEmotionVideos/1470.mp4	1470.mp4	321289	2026-05-08T05:07:26+00:00	223bba05e3ab2e4bbe0eefe90a8b11eacf7bea4fa8a740cc60ec4b3b2d075c79	1470	10.2	h264	980	550	25.0	255	0	False	True			5979e39707a926937ed5c12cbb04732ceea983c32987087c04536d9359cac166	255	3989414377419815	True	1470	False
stimulus_videos	/pscratch/sd/s/sjmoon/EmoViS/data/raw/CowenEmotionVideos/1471.mp4	1471.mp4	633389	2026-05-08T05:07:26+00:00	785c3a6063af59b587879ae46db9fa88608512b1b6c757c8d02bc5cb444fc65d	1471	3.24	h264	450	370	11.11111111111111	36	0	False	True			320e09c65975cad76e9e7e012c3d16cf22768fe6a80af642e443fb5d04525e86	36	52340749441893896	True	1471	False
stimulus_videos	/pscratch/sd/s/sjmoon/EmoViS/data/raw/CowenEmotionVideos/1472.mp4	1472.mp4	145285	2026-05-08T05:07:26+00:00	db28861e05e9831c97749a8168291734e5f346df61752d3e71a31e9922788915	1472	3.96	h264	200	274	11.11111111111111	44	0	False	True			39923b1b728d39312bf77f2c37396a52b784f5f2695cb8d933b81b6942ad22ec	44	15872602417265527	True	1472	False
stimulus_videos	/pscratch/sd/s/sjmoon/EmoViS/data/raw/CowenEmotionVideos/1473.mp4	1473.mp4	277755	2026-05-08T05:07:26+00:00	0d89b31181a565d0f20514abed2ccd3ff2a65ae38dcba9fc7a03a3852306fafb	1473	15.0	h264	272	150	25.0	375	0	False	True			73a793b3a30dcf7f8fb24b7fb64a70d331273569719305ed6b7394d2db6e6442	375	13547802409576583	True	1473	False
stimulus_videos	/pscratch/sd/s/sjmoon/EmoViS/data/raw/CowenEmotionVideos/1474.mp4	1474.mp4	2007681	2026-05-08T05:07:24+00:00	5520b108c3dbe276b8c3e3dfb3e6cf9c8323ea05691cf10f2eef9d921005cd6d	1474	14.12	h264	640	360	25.0	353	0	False	True			bf6b7de0673f4ae8d6c7f32d6f85289343dfe1a5a46a6a03cb22a0426260fe51	353	36198346001863591	True	1474	False
stimulus_videos	/pscratch/sd/s/sjmoon/EmoViS/data/raw/CowenEmotionVideos/1475.mp4	1475.mp4	4768621	2026-05-08T05:07:25+00:00	6c170eed16f030d3c3a2d00b29728406546d9528fc19de2fc8362980b7572eec	1475	15.015	h264	720	540	14.985014985014985	225	0	False	True			be7fe53415795430791aa3f188d8be5744670047a4ec59a0f9a34a2470cd1b01	225	2898835339038615	True	1475	False
stimulus_videos	/pscratch/sd/s/sjmoon/EmoViS/data/raw/CowenEmotionVideos/1476.mp4	1476.mp4	1107309	2026-05-08T05:07:25+00:00	be1f69f3ed9519fca6fcfe3f9ba6ea06ed9dd4b763c9d4b12ebd85f0187f1a3f	1476	4.8	h264	636	300	12.5	60	0	False	True			15fc8182122b6e80f49872294ee79d8b73c1767efdb250241545fa119c76e20f	60	30921730453635996	True	1476	False
stimulus_videos	/pscratch/sd/s/sjmoon/EmoViS/data/raw/CowenEmotionVideos/1477.mp4	1477.mp4	439520	2026-05-08T05:07:25+00:00	f6ae93db3c2bd8c567411dcbf12c51272723f0350c8564bb55ea8eaf332e6dc0	1477	20.8	h264	320	180	10.0	208	0	False	True			c349f4c242d252da61651fbac91d0d160e678926c04e917826d923ec3a3b44c7	208	8493562273258549	True	1477	False
stimulus_videos	/pscratch/sd/s/sjmoon/EmoViS/data/raw/CowenEmotionVideos/1478.mp4	1478.mp4	220072	2026-05-08T05:07:29+00:00	6cc4fa2d5f9821d24ded1aef584a3739ecdeb4a08a076b0709c441796ba20f20	1478	9.6	h264	320	214	8.333333333333334	80	0	False	True			9a582365b1e09a272e2d0b94c028f286e9e2aac36e61f06d6c7147cbb9700127	80	22119201089478333	True	1478	False
stimulus_videos	/pscratch/sd/s/sjmoon/EmoViS/data/raw/CowenEmotionVideos/1479.mp4	1479.mp4	175758	2026-05-08T05:07:29+00:00	1379fea26d24f4f5d0a7cc6fe70fa79673cd372e3a3a93b358a88568f342006f	1479	1.8	h264	500	270	11.11111111111111	20	0	False	True			976fd5c51159be320bd72bbd5a533571d65bbed842c554ae9b6d6e8553e30a3a	20	65743334677264238	True	1479	False
stimulus_videos	/pscratch/sd/s/sjmoon/EmoViS/data/raw/CowenEmotionVideos/1480.mp4	1480.mp4	2774653	2026-05-08T05:07:28+00:00	0a74117baee152bb04a42b9fbaa1f31757d704d709808f6e75d0557cddb2b264	1480	15.0	h264	720	404	30.0	450	0	False	True			2504f26f0de31393d3a78567262f7366fa24776430e748c0b5d1623296c161e4	450	12624333848255036	True	1480	False
stimulus_videos	/pscratch/sd/s/sjmoon/EmoViS/data/raw/CowenEmotionVideos/1481.mp4	1481.mp4	31748	2026-05-08T05:07:27+00:00	fa9974d62f6fa544ef4a53df506f1bd40e31a5c3ae922d5a521a9423465cf9bb	1481	1.02	h264	360	246	100.0	102	0	False	True			7cf66bd82c89519b4a77e50280bfdb1496e5430adc47fe1e63a49c0cf71c01ad	102	56027658651372721	True	1481	False
stimulus_videos	/pscratch/sd/s/sjmoon/EmoViS/data/raw/CowenEmotionVideos/1482.mp4	1482.mp4	817866	2026-05-08T05:07:27+00:00	1eeef09e1c45f8f3815e708846e1d3eb097fabb709ef170db8497f166c76badf	1482	3.934	h264	480	360	15.0	59	0	False	True			9deed6ae622b56c2c3afcd80a503b4a53f582651cd572d142968c9adb7a77d2f	59	52015302151384954	True	1482	False
stimulus_videos	/pscratch/sd/s/sjmoon/EmoViS/data/raw/CowenEmotionVideos/1483.mp4	1483.mp4	284441	2026-05-08T05:07:27+00:00	a8d52a6ad65eec37ca1b8564ee5e2938470da2c47c55a2de0eba473a4f541c16	1483	6.3	h264	350	168	16.666666666666668	105	0	False	True			9c63375ab70ed3e02a8e750cf9225eae759cac095d90097501566671330d8f83	105	4253434239635941	True	1483	False
stimulus_videos	/pscratch/sd/s/sjmoon/EmoViS/data/raw/CowenEmotionVideos/1484.mp4	1484.mp4	4046129	2026-05-08T05:07:28+00:00	34b6e43e9a1320c8182ad107a96cd956ac660c626477407e4b8f857b7b4deccb	1484	15.034	h264	720	404	30.0	451	0	False	True			3d8f26c8d4229d5800b7d48417f5fd22f092e1cece4e5e3b0cc47678d19b8676	451	46001939224557035	True	1484	False
stimulus_videos	/pscratch/sd/s/sjmoon/EmoViS/data/raw/CowenEmotionVideos/1485.mp4	1485.mp4	607115	2026-05-08T05:07:28+00:00	f8aecedb628a6fd3c7efd03b5234183a532ba7865b91c1d6e092523038e4dfae	1485	4.41	h264	800	354	100.0	441	0	False	True			82d42411ecf58c547f4cfb01e917e99a1c49e0688fc990803ec90329dcb3c902	441	63023404732860040	True	1485	False
stimulus_videos	/pscratch/sd/s/sjmoon/EmoViS/data/raw/CowenEmotionVideos/1486.mp4	1486.mp4	1420911	2026-05-08T05:07:29+00:00	5dc4bd1ae1cff34c31aec588b5e32c3ae74373c50e13367c121e894626735351	1486	3.0	h264	720	404	30.0	90	0	False	True			f4914f393f7f3d546aa912d2f829cfa013034cec73ffb88577fdccf4a30e089e	90	3972941731544700	True	1486	False
stimulus_videos	/pscratch/sd/s/sjmoon/EmoViS/data/raw/CowenEmotionVideos/1487.mp4	1487.mp4	224177	2026-05-08T05:07:28+00:00	cec165628255baf4607a2c72677a7eb4308f22a1197e716cd3e802fe8ba56c05	1487	2.8	h264	400	296	10.0	28	0	False	True			8b1783f5936443175aafd4e9749a99ea4ac95ee6cab26d7f989456cfc26ee184	28	8006522366274674	True	1487	False
stimulus_videos	/pscratch/sd/s/sjmoon/EmoViS/data/raw/CowenEmotionVideos/1488.mp4	1488.mp4	313823	2026-05-08T05:07:25+00:00	b20ab5dbeb21c27a06f26e3426b98fca42a980d9f8ccffbb044679fa8cab9d7a	1488	2.04	h264	500	258	16.666666666666668	34	0	False	True			da9542a98f6e2f0a6b7b6da30c4ca949301fe134374888bb6043c6054e064374	34	16392599928265909	True	1488	False
stimulus_videos	/pscratch/sd/s/sjmoon/EmoViS/data/raw/CowenEmotionVideos/1489.mp4	1489.mp4	407964	2026-05-08T05:07:25+00:00	a6e04cca04e19f2b9811577db73519a5f4f592e3480a5770f850a794c1be6af1	1489	10.4	h264	400	224	25.0	260	0	False	True			a4a5a877d99b1b77578f153d3bc60e21b684c87414bdd2700ee071df43ab04b5	260	39967193691012472	True	1489	False
stimulus_videos	/pscratch/sd/s/sjmoon/EmoViS/data/raw/CowenEmotionVideos/1490.mp4	1490.mp4	26522	2026-05-08T05:07:28+00:00	aa0be607240c4f73aa4aa1415cc59cf6179d86d12e4c3015c5a5b47e2d5c20ac	1490	0.6	h264	500	284	10.0	6	0	False	True			f9742082be62f55a67c7c76f88e104f5a4a6285f53ff272df42558919dec9ff0	6	29499466323941609	True	1490	False
stimulus_videos	/pscratch/sd/s/sjmoon/EmoViS/data/raw/CowenEmotionVideos/1491.mp4	1491.mp4	172444	2026-05-08T05:07:28+00:00	a09e19fb153b109c5b9ae4144a01765e381bb7d598498b58c190fdc5d1e55d46	1491	3.2	h264	320	218	10.0	32	0	False	True			1588c60b8c2e8ce428c087d6b1d4364c123c5930c5d1ca7839dd4aa8ba8a05de	32	32482656494185672	True	1491	False
stimulus_videos	/pscratch/sd/s/sjmoon/EmoViS/data/raw/CowenEmotionVideos/1492.mp4	1492.mp4	1877686	2026-05-08T05:07:29+00:00	2fc21b46174496347a8f8711280037f9928332b145fc46b44f23fea2912872d4	1492	6.52	h264	720	404	25.0	163	0	False	True			bc371cee365f7837d869a1d3338753eb2e82c035284896da521bacd20fcf0dd0	163	22218515406420217	True	1492	False
stimulus_videos	/pscratch/sd/s/sjmoon/EmoViS/data/raw/CowenEmotionVideos/1493.mp4	1493.mp4	62738	2026-05-08T05:07:28+00:00	f29360d47fe3010c10f6d4d870e8b9622c44eac1cdf493ee0f096dd0f580208b	1493	1.5	h264	380	240	10.0	15	0	False	True			deb70b236392ce4cf5f763620855ffa8bfd87153edbf6d2a8e4f47db34532535	15	3743395032222865	True	1493	False
stimulus_videos	/pscratch/sd/s/sjmoon/EmoViS/data/raw/CowenEmotionVideos/1494.mp4	1494.mp4	198816	2026-05-08T05:07:28+00:00	cae89373b5dc7722d543e3619e3f6722f715f3ce92bde45e701ca8d1133e7bad	1494	3.12	h264	320	240	8.333333333333334	26	0	False	True			f3d6c522e33003859fcbd2d052fd27a94a2984c8b463bd5095241869bbd19abb	26	29934316593496193	True	1494	False
stimulus_videos	/pscratch/sd/s/sjmoon/EmoViS/data/raw/CowenEmotionVideos/1495.mp4	1495.mp4	755816	2026-05-08T05:07:27+00:00	0ce979019b754ccfda9d7e897ecab54ca68e6983ba30f91661683ecc6440ca9b	1495	15.0	h264	384	384	6.666666666666667	100	0	False	True			177810a336ee57395336484b8cd450ea69cb08267d9e64ff4f65cdeab07416a8	100	30995276375069121	True	1495	False
stimulus_videos	/pscratch/sd/s/sjmoon/EmoViS/data/raw/CowenEmotionVideos/1496.mp4	1496.mp4	2048862	2026-05-08T05:07:27+00:00	8ec12a067d645e52ffaa66f3b47e8a33644981460af6d1c3c0f2a55ee6c1779c	1496	2.2	h264	500	500	20.0	44	0	False	True			f01af5a4da21bbd75ba1022b8c823002b51386e56562ffbbc80f68297aa91952	44	39572692883018438	True	1496	False
stimulus_videos	/pscratch/sd/s/sjmoon/EmoViS/data/raw/CowenEmotionVideos/1497.mp4	1497.mp4	1891401	2026-05-08T05:07:27+00:00	d43947cffd3e8cddd8bc6a871cee03833bab22ce38ca677b1c5bbc3d228c3e17	1497	11.48	h264	718	404	25.0	287	0	False	True			be438170faba01622b78540b5eb576fca0ed318a4886c35efa7608867066a732	287	68049623362518652	True	1497	False
stimulus_videos	/pscratch/sd/s/sjmoon/EmoViS/data/raw/CowenEmotionVideos/1498.mp4	1498.mp4	71807	2026-05-08T05:07:26+00:00	fd7c37247795d8322c9668f6e27919693dfc14ead6bd81b26fa4ef06e073a3ff	1498	2.24	h264	244	190	14.285714285714286	32	0	False	True			b531fc37380eb8fd331f16ee061fbc2696eb8052a35422619661532766aa35a9	32	54769632140883462	True	1498	False
stimulus_videos	/pscratch/sd/s/sjmoon/EmoViS/data/raw/CowenEmotionVideos/1499.mp4	1499.mp4	915881	2026-05-08T05:07:26+00:00	03455b8d42b7058ea464bf21216b26dd30075c42983ffa3993845dab19643d45	1499	12.6	h264	248	290	11.11111111111111	140	0	False	True			d24587618b2f312a38384b528d771b5d2491ec6979e2547286474eca9aa26b06	140	34038453716662453	True	1499	False
stimulus_videos	/pscratch/sd/s/sjmoon/EmoViS/data/raw/CowenEmotionVideos/1500.mp4	1500.mp4	382574	2026-05-08T05:07:24+00:00	07e4cec242ffa963602ac15ceb8f92c99bb1ef63e4b7db33525cce0947bbf0d2	1500	13.64	h264	500	248	25.0	341	0	False	True			35c0e65c1d32102b67b3f6717b523196fe46e7659b9e4e520f69640cced6742a	341	20774856438350731	True	1500	False
stimulus_videos	/pscratch/sd/s/sjmoon/EmoViS/data/raw/CowenEmotionVideos/1501.mp4	1501.mp4	336630	2026-05-08T05:07:25+00:00	1c2dc93bb4a258c4068374c32e4cf74b172a256546e3748c9b110211a0c35c14	1501	3.222	h264	398	228	12.416666666666666	40	0	False	True			ab4f22bb906572dd7b64851d90f6d5fbfc67b722ac401ad741ce7185d010fbec	40	57728906899885062	True	1501	False
stimulus_videos	/pscratch/sd/s/sjmoon/EmoViS/data/raw/CowenEmotionVideos/1502.mp4	1502.mp4	2031615	2026-05-08T05:07:25+00:00	965f4a521101fb5f82aab9ccc302700dea4a60ddc998034075d80aa948cbce04	1502	5.0	h264	720	404	30.0	150	0	False	True			3293059333acbc1828cc621c82ac629e79bb1391e94cae68ee84590b7667ec8b	150	33343453062644752	True	1502	False
stimulus_videos	/pscratch/sd/s/sjmoon/EmoViS/data/raw/CowenEmotionVideos/1503.mp4	1503.mp4	913319	2026-05-08T05:07:25+00:00	d13d3f8127fec547c2efc39034f59426174ff715154b31d75ab46d3a901db649	1503	5.55	h264	500	284	6.666666666666667	37	0	False	True			c6ed7637ea2cb615cc6fd879603ae6d1e4f84d9ca88c25040533abfb59773398	37	38085282006257174	True	1503	False
stimulus_videos	/pscratch/sd/s/sjmoon/EmoViS/data/raw/CowenEmotionVideos/1504.mp4	1504.mp4	2308523	2026-05-08T05:07:26+00:00	6d0d46d95407b6d12bb82620aa001ca1fcac77283cc022f65f4140c142aa6250	1504	7.0	h264	800	592	10.0	70	0	False	True			c7d61a6e5e5030b397ffd3a0970b9af70b3f1a752f7b5f47ac2a8f526fd677bd	70	25445876669816373	True	1504	False
stimulus_videos	/pscratch/sd/s/sjmoon/EmoViS/data/raw/CowenEmotionVideos/1505.mp4	1505.mp4	135929	2026-05-08T05:07:26+00:00	77da8014f678d98cd76b82e0af874cf0a5aab4ea515fa795e7afe09b19efc851	1505	2.52	h264	538	316	14.285714285714286	36	0	False	True			ba602b37b300b2bde989f03e122cfce187a173c598bafe3a4f337faa8ec2c145	36	68648294348177020	True	1505	False
stimulus_videos	/pscratch/sd/s/sjmoon/EmoViS/data/raw/CowenEmotionVideos/1506.mp4	1506.mp4	166140	2026-05-08T05:07:25+00:00	06065a47e6c7fe4461ad6c5968527c9028972e1570e222a7cd7458c9f1972286	1506	5.52	h264	504	336	25.0	138	0	False	True			71e6c1538efbeff1584ea75c3b6ef67e4e76b8f01f6b6c3a5622b2992c09d6bf	138	67445930564893543	True	1506	False
stimulus_videos	/pscratch/sd/s/sjmoon/EmoViS/data/raw/CowenEmotionVideos/1507.mp4	1507.mp4	2774065	2026-05-08T05:07:26+00:00	eb1afe65797d3cdb5f9c97304e665591c52dcf59cc2e917f5394f6054f2addf6	1507	15.034	h264	288	288	30.0	451	0	False	True			d31af2d2bf1cc87c7d8836c40909e7d7c278b9ae394c1dde5a534390bfba128e	451	28079982696437308	True	1507	False
stimulus_videos	/pscratch/sd/s/sjmoon/EmoViS/data/raw/CowenEmotionVideos/1508.mp4	1508.mp4	772763	2026-05-08T05:07:27+00:00	a6fcf3e6e55548c25920cd2d3e6f02a09631f61196b822bd27b7a480e4ce4f7c	1508	4.08	h264	350	236	12.5	51	0	False	True			cf01ea10330d1f2a733e1b7c159944d58d163342573975f2606d7bb3b011b9e5	51	62367762420635911	True	1508	False
stimulus_videos	/pscratch/sd/s/sjmoon/EmoViS/data/raw/CowenEmotionVideos/1509.mp4	1509.mp4	740189	2026-05-08T05:07:27+00:00	15c4b274e746e25e8854c0652705bbcb1bb03656fa0e5427388be86cd418014a	1509	8.36	h264	350	278	25.0	209	0	False	True			d486bbb3797fa6c4bf80d260b34b1492cadc13e13770e35cb5cacb5106de4aba	209	25010298087423081	True	1509	False
stimulus_videos	/pscratch/sd/s/sjmoon/EmoViS/data/raw/CowenEmotionVideos/1510.mp4	1510.mp4	337479	2026-05-08T05:07:26+00:00	198c18a0d4c31a0d5177b9847a2e923901bba8bfbf6ba4a2793a11acc946c878	1510	1.12	h264	790	874	12.5	14	0	False	True			a1fc7b9a5be6dbbc3c341ab5c1661e3e723daccc83652afb7f0e5b9928ce80c9	14	39526039392864139	True	1510	False
stimulus_videos	/pscratch/sd/s/sjmoon/EmoViS/data/raw/CowenEmotionVideos/1511.mp4	1511.mp4	212305	2026-05-08T05:07:26+00:00	1af2dca853355c0e5ee9d9110c1128b4f5c4ae15a74b0b64d3cf327c2701f02c	1511	3.0	h264	320	264	25.0	75	0	False	True			128c1d333e583f5ecf12723e1e0e133f946fcacaa9f2e22cb838371cf80d4bf9	75	31766658796200814	True	1511	False
stimulus_videos	/pscratch/sd/s/sjmoon/EmoViS/data/raw/CowenEmotionVideos/1512.mp4	1512.mp4	532231	2026-05-08T05:07:25+00:00	a4ed97e5f9bd3b63c1118f33535215c84d842750aaf480b3b59e7f80b333b9d4	1512	4.5	h264	250	250	10.0	45	0	False	True			39418e2b1fdbcef315ca78b48330adb637c2477a7670e8f5ff28b1e5da0ceb28	45	67643159414937293	True	1512	False
stimulus_videos	/pscratch/sd/s/sjmoon/EmoViS/data/raw/CowenEmotionVideos/1513.mp4	1513.mp4	4132151	2026-05-08T05:07:26+00:00	c9a4860f41472b70448f5a5878a899d297056690370d9e4c135a01168b4deee7	1513	15.0	h264	720	404	25.0	375	0	False	True			b1f1514bd7430ce18233f2eb96fdb2bda01857fc368805e0d55a5b43463a6b7b	375	34989184966480996	True	1513	False
stimulus_videos	/pscratch/sd/s/sjmoon/EmoViS/data/raw/CowenEmotionVideos/1514.mp4	1514.mp4	76814	2026-05-08T05:07:24+00:00	62a5289624653628ad0c48a9bf3208c110f2ddec3a190242415a5d3b88500365	1514	1.4	h264	500	280	10.0	14	0	False	True			134cbfb65237a050d52e8efddeef22f6208be3936baa6da88687ba36e7b918f6	14	58866121307320061	True	1514	False
stimulus_videos	/pscratch/sd/s/sjmoon/EmoViS/data/raw/CowenEmotionVideos/1515.mp4	1515.mp4	98846	2026-05-08T05:07:25+00:00	9c6a1d809c88ecb79ada6e39a2666b28e7d28f545276504f3b50b515efc9996f	1515	1.2	h264	500	250	10.0	12	0	False	True			a821cc565ef51503e49cfd70fdf017c65045c159bc6349378784ac50e9a3c60f	12	62410063689103988	True	1515	False
stimulus_videos	/pscratch/sd/s/sjmoon/EmoViS/data/raw/CowenEmotionVideos/1516.mp4	1516.mp4	1909860	2026-05-08T05:07:25+00:00	41e1bb14b345557fb347d9f3a092c0d8710c45344545702c1278c6c7c0989032	1516	12.12	h264	718	404	25.0	303	0	False	True			5ff09fa31686efcce0b9f8b715ba6df4a16dd1b99e7d971d5f66a853db25dd0c	303	1707647473989872	True	1516	False
stimulus_videos	/pscratch/sd/s/sjmoon/EmoViS/data/raw/CowenEmotionVideos/1517.mp4	1517.mp4	45454	2026-05-08T05:07:25+00:00	91e1e2e0388c38a56a44dce1907898035d655bedd7907f30b16a8291e11ffbd0	1517	0.72	h264	430	230	16.666666666666668	12	0	False	True			61f601686e6fe917bc9019e17f8183e04ee2c2136e1261b94d3c4ae130d73062	12	7375974192891823	True	1517	False
stimulus_videos	/pscratch/sd/s/sjmoon/EmoViS/data/raw/CowenEmotionVideos/1518.mp4	1518.mp4	503090	2026-05-08T05:07:28+00:00	fbc14a1cecd9addae449f893504dbd09835cdb197e2e4e9ed737854183238e93	1518	13.48	h264	314	176	25.0	337	0	False	True			3b807c3ca4e89a958da6c9b5d5f5e17c14be587e8c792d07da10c10fa0b5be71	337	8510736232023820	True	1518	False
stimulus_videos	/pscratch/sd/s/sjmoon/EmoViS/data/raw/CowenEmotionVideos/1519.mp4	1519.mp4	108821	2026-05-08T05:07:29+00:00	a63c4b7e61aeecb07b6a67536a60a04fb4bc9ecca84d82554e266015cac084ee	1519	2.25	h264	400	226	33.333333333333336	75	0	False	True			4cceaa0d679e9e2c9d6b4ef4e0ac12b5f28a3c12179c236a76847f06de5e5681	75	29211340119505351	True	1519	False
stimulus_videos	/pscratch/sd/s/sjmoon/EmoViS/data/raw/CowenEmotionVideos/1520.mp4	1520.mp4	1155479	2026-05-08T05:07:27+00:00	080ba81f68b2553bb4bd9d028f3f8f7c7adbe149164c53c870d76b557a2bb923	1520	3.78	h264	480	270	16.666666666666668	63	0	False	True			c4bc99b82129e7664a8037f4552292e990744e25e641c870b7529444a86f9f3f	63	779282095869952	True	1520	False
stimulus_videos	/pscratch/sd/s/sjmoon/EmoViS/data/raw/CowenEmotionVideos/1521.mp4	1521.mp4	172517	2026-05-08T05:07:27+00:00	6c890e0ecdfb05423e1e34a4e9c650549068a58318312217847f629f6afecb4b	1521	4.4	h264	370	236	10.0	44	0	False	True			e31d20e277f314d3230f74d38b30ec06f7b082b107f0c6eab2932bc4238a17a4	44	39300379861219037	True	1521	False
stimulus_videos	/pscratch/sd/s/sjmoon/EmoViS/data/raw/CowenEmotionVideos/1522.mp4	1522.mp4	163474	2026-05-08T05:07:27+00:00	30fa93b8f315f4980b2db52bb81da03eeca0d6b158520c745d2c126733a10bfe	1522	3.4	h264	280	174	20.0	68	0	False	True			e43b14d7411d348bb16212a6731930e7493a4622f98d3334eb1087373896f035	68	692011082810246	True	1522	False
stimulus_videos	/pscratch/sd/s/sjmoon/EmoViS/data/raw/CowenEmotionVideos/1523.mp4	1523.mp4	3318338	2026-05-08T05:07:28+00:00	c1fd5d7fc3238146b4b76a2b2353c9cb01b2261148d115c070724b0191a72b8d	1523	9.276	h264	720	1280	29.97002997002997	278	0	False	True			9999d54a3092f5ceaff796d32f6eb1b31432e0839521e3d490893d411b249a89	278	62374967783275388	True	1523	False
stimulus_videos	/pscratch/sd/s/sjmoon/EmoViS/data/raw/CowenEmotionVideos/1524.mp4	1524.mp4	458302	2026-05-08T05:07:28+00:00	43dfacf83ea03071ccc3bc94ac03a8d297116ac10db5838326ff581844cda069	1524	8.84	h264	354	300	100.0	884	0	False	True			765db45acdd9aa17500ec181e70e0a2c56cdea4bc82701dc538d0695088f550f	884	17438141704622567	True	1524	False
stimulus_videos	/pscratch/sd/s/sjmoon/EmoViS/data/raw/CowenEmotionVideos/1525.mp4	1525.mp4	551364	2026-05-08T05:07:29+00:00	2d179043deb004fd3d46acc0c4e58c728c4c8d2403c2d10a733d5b9f95014549	1525	5.134	h264	480	264	15.0	77	0	False	True			089c2e21aa531cd71bde752ac5768d4b7e05476bbc32ad9aac794bb731ef501d	77	40002154889535943	True	1525	False
stimulus_videos	/pscratch/sd/s/sjmoon/EmoViS/data/raw/CowenEmotionVideos/1526.mp4	1526.mp4	291829	2026-05-08T05:07:28+00:00	7f0dadfea84d4efcf0ac44eaef6b69ea2e26e8b3508155d9f049b4314521a574	1526	3.71	h264	608	340	14.285714285714286	53	0	False	True			9c0cb20e104e1211156a12f2eee801830b50e7013a204dc531fdb5c2eafb9413	53	16953602466323992	True	1526	False
stimulus_videos	/pscratch/sd/s/sjmoon/EmoViS/data/raw/CowenEmotionVideos/1527.mp4	1527.mp4	286470	2026-05-08T05:07:28+00:00	1127db62fc37545f27181a2c3d00618112742668eed37174b2e8aebde32d8b01	1527	2.4	h264	500	294	10.0	24	0	False	True			179b39e01a52a33a952fc883008f4790e4c196eea4677e3af247c627d58baaa7	24	58484821644219401	True	1527	False
stimulus_videos	/pscratch/sd/s/sjmoon/EmoViS/data/raw/CowenEmotionVideos/1528.mp4	1528.mp4	371010	2026-05-08T05:07:24+00:00	426fe62bd4e6bc109b6eb964fdee3c3d091f68c8dd0ee0906582d58095162419	1528	15.08	h264	202	360	25.0	377	0	False	True			392ee62af540b465c44eac91147fde8b6da383bb42d2fb08a5994fdad01b3d21	377	36889947269433219	True	1528	False
stimulus_videos	/pscratch/sd/s/sjmoon/EmoViS/data/raw/CowenEmotionVideos/1529.mp4	1529.mp4	1372615	2026-05-08T05:07:25+00:00	a39384f532ce164238f5c596ab028bdfa71297ef59d36f6369bcac0be45ec6c1	1529	9.06	h264	770	430	100.0	906	0	False	True			450c49794519af6b0351f054b4a2e04a9fe4cee8daab6c04458a03c7451faf87	906	42979124413022728	True	1529	False
stimulus_videos	/pscratch/sd/s/sjmoon/EmoViS/data/raw/CowenEmotionVideos/1530.mp4	1530.mp4	161230	2026-05-08T05:07:28+00:00	70e4c08332b8577266f601670a84fc8a6be18899c26c2a5369f092844cf87e5b	1530	1.68	h264	500	270	8.333333333333334	14	0	False	True			dd5e91d818870079b9fc484b336c7f9d69ab8b42a24af6562769a25e1e8d84bb	14	34740969155417799	True	1530	False
stimulus_videos	/pscratch/sd/s/sjmoon/EmoViS/data/raw/CowenEmotionVideos/1531.mp4	1531.mp4	605351	2026-05-08T05:07:29+00:00	81153c78ab804c0848913b087130e0294ad7ff0ad9570323e03552fe5d0f7dc2	1531	6.16	h264	360	190	14.285714285714286	88	0	False	True			3b3430429166574a16f50470a25a55281a9254d2501589b622a2c04ac0fceab3	88	3404297929116700	True	1531	False
stimulus_videos	/pscratch/sd/s/sjmoon/EmoViS/data/raw/CowenEmotionVideos/1532.mp4	1532.mp4	204465	2026-05-08T05:07:28+00:00	d96c716452ec6dea3aa991403af882646f05d8bef9a022e9f89252c845bf670a	1532	1.38	h264	512	512	16.666666666666668	23	0	False	True			0d5e837a76f9c5cc1c1c3aff175ad6891ec2e488a31a6ad9aca02ac6e3f02f9f	23	4060470464431558	True	1532	False
stimulus_videos	/pscratch/sd/s/sjmoon/EmoViS/data/raw/CowenEmotionVideos/1533.mp4	1533.mp4	147949	2026-05-08T05:07:28+00:00	193463e83488fc03538819ddeb1b0a2286ea53d343cab75e29cef48a0e002edb	1533	1.9	h264	500	250	10.0	19	0	False	True			e6490ee6015b7f3f8e7a5a6454dafcb97b0993c83f10101f36c33b6a03520434	19	28657253879544304	True	1533	False
stimulus_videos	/pscratch/sd/s/sjmoon/EmoViS/data/raw/CowenEmotionVideos/1534.mp4	1534.mp4	725015	2026-05-08T05:07:27+00:00	78bad3d36ae3e97d4c467494428c35f1f5a2a4625de36cdc5883b60fe58be66f	1534	4.0	h264	500	338	10.0	40	0	False	True			358f32949bd450091fc700e4ea3c6f9dbe00255c9724634fb33a82edd8df8f5f	40	60320974061098475	True	1534	False
stimulus_videos	/pscratch/sd/s/sjmoon/EmoViS/data/raw/CowenEmotionVideos/1535.mp4	1535.mp4	269802	2026-05-08T05:07:27+00:00	0d9587dc7245b5a6aa39f679a089fcfdab6124a84249049841849b7788155165	1535	3.0	h264	400	224	16.666666666666668	50	0	False	True			672d73133cd039519dec95b4a22b33dcf2db6af09381a6d8e538cffcc2516bc4	50	1846759675268121	True	1535	False
stimulus_videos	/pscratch/sd/s/sjmoon/EmoViS/data/raw/CowenEmotionVideos/1536.mp4	1536.mp4	873077	2026-05-08T05:07:27+00:00	07168736b2fafaed5690a51de49af1caa483d5f7bd9a2f2b0d7808d3a44c6ab1	1536	4.32	h264	640	440	11.11111111111111	48	0	False	True			408653931b7c4b35b5d22c42ac3eca57b8995a5edfec5929408b9c410143647d	48	9078122087714233	True	1536	False
stimulus_videos	/pscratch/sd/s/sjmoon/EmoViS/data/raw/CowenEmotionVideos/1537.mp4	1537.mp4	1560024	2026-05-08T05:07:28+00:00	56aedaa11d8e9148c6b43b2eb62301729e7ef2bde4e9b19806d12514564a6807	1537	4.02	h264	636	320	16.666666666666668	67	0	False	True			3d13bbf35447c092a3fbe7cb9881c80a1557b98d38b3401e36368ad744621e2a	67	1799083189394488	True	1537	False
stimulus_videos	/pscratch/sd/s/sjmoon/EmoViS/data/raw/CowenEmotionVideos/1538.mp4	1538.mp4	408459	2026-05-08T05:07:26+00:00	322bc5b9bfe00edee97f2f746e7fa2a40343df0ec67867242fb1fb57545e202d	1538	2.96	h264	426	426	25.0	74	0	False	True			cb0d98c7e5443a22cd6ba233ed24145a7fa01c4acb42deb0c7ef8d0e4868b876	74	16995714448239696	True	1538	False
stimulus_videos	/pscratch/sd/s/sjmoon/EmoViS/data/raw/CowenEmotionVideos/1539.mp4	1539.mp4	93737	2026-05-08T05:07:26+00:00	be5736ebbb5af32c8dd7afa37a685957cc48249166ace2bb2f0fa6e98cdeeeab	1539	2.3	h264	480	256	10.0	23	0	False	True			9894c3c7f53de19070c06fce1ab59cec010a07b407ccc3f11362ffb0ab7ca37a	23	4461939425080503	True	1539	False
stimulus_videos	/pscratch/sd/s/sjmoon/EmoViS/data/raw/CowenEmotionVideos/1540.mp4	1540.mp4	229033	2026-05-08T05:07:30+00:00	da8c02bd617889580e73deb6a5a6958ec4c415b43ba8b8be2c030554b16fba5a	1540	2.4	h264	490	276	10.0	24	0	False	True			48c626cd43b963fd99d8be09998bc94873b90e424d9802a872f086aba27879da	24	49344124211938183	True	1540	False
stimulus_videos	/pscratch/sd/s/sjmoon/EmoViS/data/raw/CowenEmotionVideos/1541.mp4	1541.mp4	526513	2026-05-08T05:07:30+00:00	ae2e182cc8fcdae0a395ff4e76c7aa232df39e82179ff6337518e4f1af3c9b9e	1541	1.33	h264	602	338	14.285714285714286	19	0	False	True			775f660f746f06322dc0e137e06907d0c45f1d1b9af6720d75727b372f249fe2	19	41578471576122087	True	1541	False
stimulus_videos	/pscratch/sd/s/sjmoon/EmoViS/data/raw/CowenEmotionVideos/1542.mp4	1542.mp4	76923	2026-05-08T05:07:29+00:00	cb07ed65ea32eddae97e4b95ade0eeb216fbc1f9a941b11845ed5384f03375c4	1542	2.75	h264	400	206	9.090909090909092	25	0	False	True			e84ed1a75a3f68e456fd8637cc1893f73551a1dca5df7ca116a86eb16d2e704f	25	50444918183566388	True	1542	False
stimulus_videos	/pscratch/sd/s/sjmoon/EmoViS/data/raw/CowenEmotionVideos/1543.mp4	1543.mp4	157157	2026-05-08T05:07:29+00:00	6089ac4a8bfca8105ffdd9b519d07c8240e401b0804ccce0287d3eb72235e8c2	1543	1.44	h264	460	258	12.5	18	0	False	True			3276275a8bb2247ac46be5f295216f20f2cdabcf72066efe809367b5e458db55	18	50069060005642084	True	1543	False
stimulus_videos	/pscratch/sd/s/sjmoon/EmoViS/data/raw/CowenEmotionVideos/1544.mp4	1544.mp4	72665	2026-05-08T05:07:30+00:00	ec63d13d581dd016a0e25babd78e66623b0a1e1219af352cc42089e7cfe3f98f	1544	2.12	h264	500	266	50.0	106	0	False	True			d717f47afabcd6d68fb8a54757aec33d44ed56008ac89f86888babaefa4b115d	106	66268446997226568	True	1544	False
stimulus_videos	/pscratch/sd/s/sjmoon/EmoViS/data/raw/CowenEmotionVideos/1545.mp4	1545.mp4	321416	2026-05-08T05:07:30+00:00	84e0a60d028be2cdc3d9a814af6e43d67a3a9e64f6c545cf978fa8c75c4b78c4	1545	15.067	h264	342	200	15.0	226	0	False	True			ead3840ef499c35bb1410ee9d133d23876b61f0fc4d50ca13dc1266f77afd241	226	63302911298358392	True	1545	False
stimulus_videos	/pscratch/sd/s/sjmoon/EmoViS/data/raw/CowenEmotionVideos/1546.mp4	1546.mp4	367003	2026-05-08T05:07:31+00:00	cb006f6da9cf8de44346e7f5f6ea1c59d3baae04f2fc827c3cf8c6692239c679	1546	4.1	h264	460	258	10.0	41	0	False	True			0d27851cfdd05002ab0fa580cad9747fc5b269b52512254fa82c337ed2a0cf95	41	11090349350492639	True	1546	False
stimulus_videos	/pscratch/sd/s/sjmoon/EmoViS/data/raw/CowenEmotionVideos/1547.mp4	1547.mp4	72795	2026-05-08T05:07:31+00:00	852f8292cceb146bfb6f10e891b64ccc53ea11e179d4aaa336904acf05129531	1547	2.2	h264	350	194	10.0	22	0	False	True			c1ed4e3d5f776b0ab9dedea2a1dc5389d257460be528fa8f8b06642d44afc47a	22	54495245376499828	True	1547	False
stimulus_videos	/pscratch/sd/s/sjmoon/EmoViS/data/raw/CowenEmotionVideos/1548.mp4	1548.mp4	27088	2026-05-08T05:07:23+00:00	2dbf3e94ce8822dbcb46421bd7c62a6c7b9642988a3b45db848f4ac9e2094953	1548	1.35	h264	500	250	6.666666666666667	9	0	False	True			4a8bbdabba6b347ba1d8233279e75cdbe4a84b08457a43e89c2485d1d669dc31	9	12128632683523422	True	1548	False
stimulus_videos	/pscratch/sd/s/sjmoon/EmoViS/data/raw/CowenEmotionVideos/1549.mp4	1549.mp4	1807548	2026-05-08T05:07:23+00:00	36a5cb7ac13e17261c831c70b213cd585ea732bf2936bdca079175f151e552e7	1549	3.36	h264	640	360	25.0	84	0	False	True			cd06f92bcaebc86d1da6f3de18d4a1542114b00daccee25a77a33e0d117c49e8	84	44805501459461059	True	1549	False
stimulus_videos	/pscratch/sd/s/sjmoon/EmoViS/data/raw/CowenEmotionVideos/1550.mp4	1550.mp4	7998628	2026-05-08T05:07:30+00:00	feacf68d60fd7fb94caee04523c2503ea86fed873cb0aae7e99a4c2ddf6fcc0c	1550	12.034	h264	720	720	30.0	361	0	False	True			edba345709a3f043462ab1fbda26b2c3daaccbebe1c3147ab39551129a6ff102	361	53795102407450446	True	1550	False
stimulus_videos	/pscratch/sd/s/sjmoon/EmoViS/data/raw/CowenEmotionVideos/1551.mp4	1551.mp4	103220	2026-05-08T05:07:30+00:00	13377d1c8d539693b8e7c8a25c59597eac71557e31f9e23a0128108672e04601	1551	2.88	h264	244	200	8.333333333333334	24	0	False	True			7f09c198c909fabd272da44d1e4ae6638034da512b8d4cb34428e32e53b73f1f	24	53999145522772568	True	1551	False
stimulus_videos	/pscratch/sd/s/sjmoon/EmoViS/data/raw/CowenEmotionVideos/1552.mp4	1552.mp4	282903	2026-05-08T05:07:31+00:00	f0797070e96183454e8baa283738b64708957f18fdd126cc603956f6aa248500	1552	6.08	h264	250	206	12.5	76	0	False	True			4ecb57b5545f51cee4659b6dd277cb64abbb81fa63bd88f6b10c3df05d511253	76	23674789359241195	True	1552	False
stimulus_videos	/pscratch/sd/s/sjmoon/EmoViS/data/raw/CowenEmotionVideos/1553.mp4	1553.mp4	1628304	2026-05-08T05:07:31+00:00	37128090d2f8508fcc25266430921df7a66ad32605dff021bc1b80b60f4a8fd4	1553	13.08	h264	640	360	25.0	327	0	False	True			60adc7410338e161e5ed541cc9314b3ff98c0522b97f7512cf230a9974e983d3	327	68057622413107664	True	1553	False
stimulus_videos	/pscratch/sd/s/sjmoon/EmoViS/data/raw/CowenEmotionVideos/1554.mp4	1554.mp4	721021	2026-05-08T05:07:30+00:00	3e4dca49296b932b1fd0229aedacb2b32a0c7210bcee0a653ba6420e746c082a	1554	2.45	h264	700	394	14.285714285714286	35	0	False	True			4a4e59e0247f56c684a4e984c7671e12191134f78d859c5a6aa4ee551f77ef0c	35	50696528882747799	True	1554	False
stimulus_videos	/pscratch/sd/s/sjmoon/EmoViS/data/raw/CowenEmotionVideos/1555.mp4	1555.mp4	1550098	2026-05-08T05:07:30+00:00	cada3ef590f3221ab72e5f53adc2e617493b5b6bf794822d01baef19a2d18b38	1555	14.12	h264	202	360	25.0	353	0	False	True			49bb0f0ebc18f0556258a0e6cc29ee9af43c762ceb6a48bd963e51e2a8a0bd03	353	23838867662656350	True	1555	False
stimulus_videos	/pscratch/sd/s/sjmoon/EmoViS/data/raw/CowenEmotionVideos/1556.mp4	1556.mp4	266840	2026-05-08T05:07:29+00:00	531763ffd54ec15309c3ea167b0af5b2de4d0b029cadf2bdbf2731077db2ee8a	1556	7.7	h264	352	288	10.0	77	0	False	True			9983bb660fc0a6adde09c384e5c4e457ddc4f0cd20b227fe74a60caf545dca88	77	25113640967455492	True	1556	False
stimulus_videos	/pscratch/sd/s/sjmoon/EmoViS/data/raw/CowenEmotionVideos/1557.mp4	1557.mp4	29801	2026-05-08T05:07:29+00:00	ff4f27d43918a88b4aaad91d2162729f23edb358e75c1117925161a05d0f3123	1557	1.7	h264	500	302	10.0	17	0	False	True			1b0d3057cd51cb0f1f95a7431e17ae1538e4b661cf20c54176f17e14d487614d	17	11347964266417180	True	1557	False
stimulus_videos	/pscratch/sd/s/sjmoon/EmoViS/data/raw/CowenEmotionVideos/1558.mp4	1558.mp4	1969002	2026-05-08T05:07:24+00:00	b23b81c28c4f69dae1355629db5909ce34ab9a15c643d2f7739c4390e99fbedf	1558	10.9	h264	720	540	30.0	327	0	False	True			fa6cf5edf9038fd2ed37a2b4cc8b3dc2953c9d6c31f5448a23ebb9e8074a7df7	327	34042966538337400	True	1558	False
stimulus_videos	/pscratch/sd/s/sjmoon/EmoViS/data/raw/CowenEmotionVideos/1559.mp4	1559.mp4	248994	2026-05-08T05:07:23+00:00	9b1aa9528f7748638c63076015e53d4449251d17d29edbc6e42ac33e88110ca6	1559	2.34	h264	480	270	16.666666666666668	39	0	False	True			d07947ae74d8191e8f0198738b6d08210a78c9d9c952cd4da6cc9e921e781463	39	28962835307221106	True	1559	False
stimulus_videos	/pscratch/sd/s/sjmoon/EmoViS/data/raw/CowenEmotionVideos/1560.mp4	1560.mp4	646438	2026-05-08T05:07:23+00:00	cd69ca0c17c6782079d5ecc8231403711faf290b63a0f4cfdcc9510a3fa30301	1560	8.16	h264	498	268	12.5	102	0	False	True			1f4c54a598faef8db13cefa0fb03c132bd2193ab010b0c083b796e3367989827	102	19857284226905298	True	1560	False
stimulus_videos	/pscratch/sd/s/sjmoon/EmoViS/data/raw/CowenEmotionVideos/1561.mp4	1561.mp4	38184	2026-05-08T05:07:23+00:00	593393f0b4034a3a49e99f12a189a223fc299f93fd7015ca7a8deda586042819	1561	0.7	h264	540	304	10.0	7	0	False	True			ea5b324b9906711db8a66beffd1abddc018b51a1e5958c9cabe0827ef06daba2	7	67513127492199530	True	1561	False
stimulus_videos	/pscratch/sd/s/sjmoon/EmoViS/data/raw/CowenEmotionVideos/1562.mp4	1562.mp4	10201819	2026-05-08T05:07:22+00:00	99fe8d93efaf728c6c6e929abf39d52e3ca166875116a0cc83be78c11cdac20c	1562	19.2	h264	854	480	30.0	576	0	False	True			a6cd3b2022fe0d410ddaa3c9f7feb63c9d1b0086de9644b161d41fae837b4def	576	18582337117890039	True	1562	False
stimulus_videos	/pscratch/sd/s/sjmoon/EmoViS/data/raw/CowenEmotionVideos/1563.mp4	1563.mp4	721241	2026-05-08T05:07:22+00:00	fcec85a2351dbd9785e590df800588f1f0229bfb889dc624eaccdf338c41267f	1563	4.64	h264	340	322	12.5	58	0	False	True			83fffe73811e49a233de52d88cff1b6ad2899c8ce56da62481caba04dc4bcce3	58	41436869209038751	True	1563	False
stimulus_videos	/pscratch/sd/s/sjmoon/EmoViS/data/raw/CowenEmotionVideos/1564.mp4	1564.mp4	486965	2026-05-08T05:07:24+00:00	fd1835c61243673a9295d807fe9c3f9e7c63ea1cd0a5a9053e3d8ce594541cb8	1564	7.134	h264	480	246	15.0	107	0	False	True			99b1a90539af0a9760e8ed372dcfee6d4a3d55bf4653655cf6c09c45f4695f53	107	2815996458514020	True	1564	False
stimulus_videos	/pscratch/sd/s/sjmoon/EmoViS/data/raw/CowenEmotionVideos/1565.mp4	1565.mp4	102877	2026-05-08T05:07:23+00:00	1d3abbef371f5158a30c399535ae93bfe23708d8fc93a660d1ba91294031419c	1565	4.59	h264	360	202	33.333333333333336	153	0	False	True			8e476a513b5e3cb439e754d95e26a5d6785c3f71d8efec6a0986e0276810f344	153	67500248202245708	True	1565	False
stimulus_videos	/pscratch/sd/s/sjmoon/EmoViS/data/raw/CowenEmotionVideos/1566.mp4	1566.mp4	115896	2026-05-08T05:07:24+00:00	6ae7932c3cae1534418135a15eeb093c5cca31e50a40f1ccfb0343005d1248f2	1566	2.72	h264	500	222	12.5	34	0	False	True			327041e92ff64a2d3d7e5be1fb64728c34dbd456ef4df7ad3130a3439a0d951b	34	59442710995170989	True	1566	False
stimulus_videos	/pscratch/sd/s/sjmoon/EmoViS/data/raw/CowenEmotionVideos/1567.mp4	1567.mp4	192836	2026-05-08T05:07:24+00:00	aedb61230c94b0fb8358a74a08eee5c4590ac32cdab100b40b81de0ea1c535b0	1567	2.76	h264	360	202	25.0	69	0	False	True			8c6bd620e0f80dd06edcc432ae6282db1fbc178dfc59d05a6e0efbbdf64a43b7	69	1852070018488884	True	1567	False
stimulus_videos	/pscratch/sd/s/sjmoon/EmoViS/data/raw/CowenEmotionVideos/1568.mp4	1568.mp4	148190	2026-05-08T05:07:30+00:00	edcc48e5df8722d5d9688bfab83cfacbc46a5dd7e614c1bcd2a529583538d7e0	1568	6.8	h264	320	240	5.0	34	0	False	True			d23771b6b90d0096a9fb1b069bf55ad719754e94c1a71de121945624b855d7ee	34	24306289133874073	True	1568	False
stimulus_videos	/pscratch/sd/s/sjmoon/EmoViS/data/raw/CowenEmotionVideos/1569.mp4	1569.mp4	525249	2026-05-08T05:07:30+00:00	f0239a2da3daacfbca91dbe41d06427a2300eceee465cc881a4e19b559a15f64	1569	2.6	h264	580	364	10.0	26	0	False	True			5d6b2547fab5b7b0cd60e9161de2ce9ce1a431c5ba947473e9bb153ab0a56859	26	38440519026037399	True	1569	False
stimulus_videos	/pscratch/sd/s/sjmoon/EmoViS/data/raw/CowenEmotionVideos/1570.mp4	1570.mp4	243616	2026-05-08T05:07:24+00:00	9637bbe9a76384f67dd06b5a9444334fb581b692af75ffde938b87dd1fae7b67	1570	2.52	h264	500	282	14.285714285714286	36	0	False	True			16614d106be9dc0787f212a012d96e7c324a1748916952ca05d3f6a2d8ec2be1	36	66472498579834522	True	1570	False
stimulus_videos	/pscratch/sd/s/sjmoon/EmoViS/data/raw/CowenEmotionVideos/1571.mp4	1571.mp4	154170	2026-05-08T05:07:23+00:00	3cf6861842902ea3b0f5702a09b98b55f41e3f457dc2da8603b906451d878a92	1571	4.83	h264	600	336	14.285714285714286	69	0	False	True			0c8a62551fd293d1e4b47422e57dfb9e23d61584e2e46e3fba4a96f53be66bdf	69	46099007637629782	True	1571	False
stimulus_videos	/pscratch/sd/s/sjmoon/EmoViS/data/raw/CowenEmotionVideos/1572.mp4	1572.mp4	3310024	2026-05-08T05:07:24+00:00	9e58782fe920806525317405d62b9dba1278a76d8cab6af9c64d2e9f1456649a	1572	7.0	h264	720	720	30.0	210	0	False	True			a9eab919de2eb27a9b341a6f7eb41ada4693be1a7a9c079d58d26398ea937a85	210	56792090557094067	True	1572	False
stimulus_videos	/pscratch/sd/s/sjmoon/EmoViS/data/raw/CowenEmotionVideos/1573.mp4	1573.mp4	249887	2026-05-08T05:07:24+00:00	31e3f42c5206f184fd357204ecc164e3916d4d01390a5cff2d577835b68b0337	1573	1.96	h264	496	314	14.285714285714286	28	0	False	True			e12b3c31bdca03af9f4e89a2fe3b8f65e9c1ba6d2814f5e5b1cd211713f30924	28	1843926468968899	True	1573	False
stimulus_videos	/pscratch/sd/s/sjmoon/EmoViS/data/raw/CowenEmotionVideos/1574.mp4	1574.mp4	107266	2026-05-08T05:07:23+00:00	1dc0c0bd358cbd2a9e76d5fd411e6359a782d258ec05405a70bd3f1ef443080c	1574	2.4	h264	244	164	8.333333333333334	20	0	False	True			876f0b3bb63f9960982bd74a039692bde6e0a61f14875ebfda4cd4273c2ac97b	20	44387768216416941	True	1574	False
stimulus_videos	/pscratch/sd/s/sjmoon/EmoViS/data/raw/CowenEmotionVideos/1575.mp4	1575.mp4	135596	2026-05-08T05:07:23+00:00	a1f255b1538b51cacfe39ec30f2e5354721e5eeb0d883bed9bc371b1cee468f9	1575	1.25	h264	500	280	20.0	25	0	False	True			c8b22850bad571c11ec20c5fe3eb43d9ca406589a5a4684dec8e1e52e78f3283	25	35035807891031832	True	1575	False
stimulus_videos	/pscratch/sd/s/sjmoon/EmoViS/data/raw/CowenEmotionVideos/1576.mp4	1576.mp4	216869	2026-05-08T05:07:22+00:00	23f1eaa2dafab134f3a21e1a43ef5b594ec9c65c19eac55a6beaa4f25994bb1a	1576	2.8	h264	400	254	10.0	28	0	False	True			0ad59d0254f2828936a1b1ee48102424a375e78c0f70bd9cd26eb96b78296c33	28	34010526542916801	True	1576	False
stimulus_videos	/pscratch/sd/s/sjmoon/EmoViS/data/raw/CowenEmotionVideos/1577.mp4	1577.mp4	251959	2026-05-08T05:07:22+00:00	2c6580acd2fc9392f2dde21cd015ce0f709c00234805b6a0850633d217dc91dd	1577	1.6	h264	350	200	10.0	16	0	False	True			6c912b885f5a6eb732b233afafce428e4f8c2af05cc62c43caf6a9345742724e	16	56233002427585112	True	1577	False
stimulus_videos	/pscratch/sd/s/sjmoon/EmoViS/data/raw/CowenEmotionVideos/1578.mp4	1578.mp4	153063	2026-05-08T05:07:30+00:00	172fad488a58f5c861e0274b278d8441d879df865c5770faeb0aea80ee586699	1578	3.45	h264	274	188	20.0	69	0	False	True			d70e9d9517ba3da463322bfba41d77babf46665f90c17574d87ff12b570c54c3	69	57191402514087161	True	1578	False
stimulus_videos	/pscratch/sd/s/sjmoon/EmoViS/data/raw/CowenEmotionVideos/1579.mp4	1579.mp4	135575	2026-05-08T05:07:30+00:00	3be2f986978dfa2265fccc0f09a25a4494b9c2493d55b6606fede0cd5fd308bb	1579	4.08	h264	370	226	8.333333333333334	34	0	False	True			a3bc6c0578ccaedcc15495b402b578014d1c318b0104a4843743915d34224ef6	34	4849279157089896	True	1579	False
stimulus_videos	/pscratch/sd/s/sjmoon/EmoViS/data/raw/CowenEmotionVideos/1580.mp4	1580.mp4	696136	2026-05-08T05:07:29+00:00	0972b39d76c8d26d0d844a442fdeb5400ffa4aa2e5e64e46fea1e46ce924a93b	1580	8.25	h264	370	258	9.090909090909092	75	0	False	True			58b7d26a51a95b052502f93abfd5b865826748c07be133ff6e495a7ab3c21ff3	75	56515561962979715	True	1580	False
stimulus_videos	/pscratch/sd/s/sjmoon/EmoViS/data/raw/CowenEmotionVideos/1581.mp4	1581.mp4	303359	2026-05-08T05:07:29+00:00	5b88c602e4e0b79e9b616683194ac51adbc3b69c0cd5921f05b7977dc93338da	1581	7.56	h264	402	286	8.333333333333334	63	0	False	True			f8194f1f8482949baa52249563a71592eb92894c4a007d433e6c5eba8a35c0f8	63	5177366238396958	True	1581	False
stimulus_videos	/pscratch/sd/s/sjmoon/EmoViS/data/raw/CowenEmotionVideos/1582.mp4	1582.mp4	306147	2026-05-08T05:07:30+00:00	8e4ee4c18d09b9bf97b0c7742d247866a1adae0d772c9b34b34f4fcbcdb09de3	1582	2.88	h264	700	394	12.5	36	0	False	True			25eca593399512c0ead10387f712050f554df3722a143d70ee082d861671cacd	36	25694868707993393	True	1582	False
stimulus_videos	/pscratch/sd/s/sjmoon/EmoViS/data/raw/CowenEmotionVideos/1583.mp4	1583.mp4	1321697	2026-05-08T05:07:30+00:00	eb248dbf81e564ec8bce080f329a2c6ee065b1ceaf79848baaba25eec908fd21	1583	13.68	h264	320	240	12.5	171	0	False	True			e52ae3634f7f972f189a8c5add1519768f686cbe755d545be866b129522b4f80	171	44526251649118442	True	1583	False
stimulus_videos	/pscratch/sd/s/sjmoon/EmoViS/data/raw/CowenEmotionVideos/1584.mp4	1584.mp4	192276	2026-05-08T05:07:31+00:00	79f6b0039fbb1d9a12a5bf2da61e89c5eab7a98f324ec4f4cf42ebad44c2ace9	1584	2.38	h264	250	252	14.285714285714286	34	0	False	True			099dd21b655b95481511fc539550bb74e4125f7e037d8b1ddbcddcbad7406f47	34	5557437551228152	True	1584	False
stimulus_videos	/pscratch/sd/s/sjmoon/EmoViS/data/raw/CowenEmotionVideos/1585.mp4	1585.mp4	1636554	2026-05-08T05:07:31+00:00	9beeec84903d0500a8e5e0428c057a67802134db21fbf60dee719547eee30a77	1585	4.93	h264	498	326	100.0	493	0	False	True			9ddedd6a975c6fbbcf72905cc8664dff8ec962c6391d14f9d4d2b475921d765c	493	26348617123395952	True	1585	False
stimulus_videos	/pscratch/sd/s/sjmoon/EmoViS/data/raw/CowenEmotionVideos/1586.mp4	1586.mp4	490657	2026-05-08T05:07:30+00:00	3e0967c8d152cc1b14a2d392fec0385c1411894a2d49d1d1c90ad48c5ff75186	1586	3.9	h264	570	320	16.666666666666668	65	0	False	True			a8215c9262a9ce4e304c852e1304a9db0fd615c0c2adeb097d19a3a5c9902f70	65	51122323800549894	True	1586	False
stimulus_videos	/pscratch/sd/s/sjmoon/EmoViS/data/raw/CowenEmotionVideos/1587.mp4	1587.mp4	178375	2026-05-08T05:07:30+00:00	ff49147d68a208df517931df8d4403f412453b02d351d31c8683d6e7bcedd423	1587	10.8	h264	232	160	10.0	108	0	False	True			23b04f96132aa73d5e07fbcf63d8f88888cc6001d3aa4f8e1eb365ad385fe739	108	7358772133923979	True	1587	False
stimulus_videos	/pscratch/sd/s/sjmoon/EmoViS/data/raw/CowenEmotionVideos/1588.mp4	1588.mp4	146095	2026-05-08T05:07:22+00:00	da6edd4dc517b6e2d3836b941f3aaadceeffe7e87b5281c3bbd970aacd916547	1588	3.78	h264	762	428	14.285714285714286	54	0	False	True			73b7bdb1316ec8a069729beda8e0c4209049033cf4e602b1b49368a27a78d1d5	54	12978877674783500	True	1588	False
stimulus_videos	/pscratch/sd/s/sjmoon/EmoViS/data/raw/CowenEmotionVideos/1589.mp4	1589.mp4	464147	2026-05-08T05:07:23+00:00	387b4b6fe853b18d46db403d3779e77394b67f427fa601a4fa3c295b15a334ad	1589	10.08	h264	320	400	25.0	252	0	False	True			fb09ccd86f30cc9b9485672d38c24ecdbdc2324571b69d741187c3b6ec16b578	252	27597984285943888	True	1589	False
stimulus_videos	/pscratch/sd/s/sjmoon/EmoViS/data/raw/CowenEmotionVideos/1590.mp4	1590.mp4	7009348	2026-05-08T05:07:31+00:00	a4f6d4aff7c30f5396af93f51325903dcd474064991fa880ea24fc4a7255add1	1590	14.8	h264	720	404	30.0	444	0	False	True			d20faf505d03fb8661a336046880be9c4c4dcfe3ad7b86350fc5e32b8958d72f	444	11975920267554079	True	1590	False
stimulus_videos	/pscratch/sd/s/sjmoon/EmoViS/data/raw/CowenEmotionVideos/1591.mp4	1591.mp4	40975	2026-05-08T05:07:31+00:00	0661da1982f502690f4b7d38523580e2d6192372a783227e40c93e9e1a0a23dc	1591	1.2	h264	500	280	5.0	6	0	False	True			82c12aed10928cbefbc42c8f7cf0bed383195d2948bc8f9a44b103cc2683e18b	6	61844568618208563	True	1591	False
stimulus_videos	/pscratch/sd/s/sjmoon/EmoViS/data/raw/CowenEmotionVideos/1592.mp4	1592.mp4	252245	2026-05-08T05:07:30+00:00	b5095168fe033efd36cd665f5e09648a3c06f3c1396478f8b146f0dd86fb298d	1592	0.665	h264	500	750	28.583333333333332	19	0	False	True			852470fa63471bace6e6ae9d2d6facc3c611476145fcc3a3e6cba3238d113915	19	21476182322322330	True	1592	False
stimulus_videos	/pscratch/sd/s/sjmoon/EmoViS/data/raw/CowenEmotionVideos/1593.mp4	1593.mp4	664537	2026-05-08T05:07:30+00:00	01327a321b989d9f4abbd00070a0da688ff5f7749a41d8ad9749658847a1d64c	1593	5.1	h264	548	310	10.0	51	0	False	True			a9fa25e5688ba17e92f3eb66733682bcffdc41f080e513f20a40ea3730b4aade	51	37731186509990960	True	1593	False
stimulus_videos	/pscratch/sd/s/sjmoon/EmoViS/data/raw/CowenEmotionVideos/1594.mp4	1594.mp4	157633	2026-05-08T05:07:29+00:00	20b7457a935f3f208ad78ff18229c8db99bfa446e6c0f659894b719a796cc6bc	1594	2.46	h264	500	220	16.666666666666668	41	0	False	True			7fc157f29df9fc0438d3c8951987695521c201193997c3cd760e0eac15c40c22	41	37605169797995068	True	1594	False
stimulus_videos	/pscratch/sd/s/sjmoon/EmoViS/data/raw/CowenEmotionVideos/1595.mp4	1595.mp4	414836	2026-05-08T05:07:29+00:00	dfc8a8fdbe58bcf3d56b043d0f55f2b6c17595a245bfe6799b70bd89dbe4c7f1	1595	5.5	h264	218	370	10.0	55	0	False	True			b29fece9109e87b70280970c6d73c7ea2b73d210ae5f8f726a5ebf6370489cdd	55	8581454505156125	True	1595	False
stimulus_videos	/pscratch/sd/s/sjmoon/EmoViS/data/raw/CowenEmotionVideos/1596.mp4	1596.mp4	34208	2026-05-08T05:07:30+00:00	1a80e046369e9ca7f8b6f00cf7629a3d6ef0432204875097f25b87445115b5f9	1596	0.75	h264	500	356	20.0	15	0	False	True			8db6dcbd31e52572b2fbe409783af0f5febb8cde9615a63224e1b1274977ac4f	15	63555720349333831	True	1596	False
stimulus_videos	/pscratch/sd/s/sjmoon/EmoViS/data/raw/CowenEmotionVideos/1597.mp4	1597.mp4	421266	2026-05-08T05:07:30+00:00	86cd562cc2dd564454ac263f65775def09b5cc4357845f6e349611166b08d70a	1597	7.6	h264	430	224	10.0	76	0	False	True			748395f65c6aee81cc437298b837728ccd4b6e4b5907fd9fa5a031f5e4e9f4d9	76	54201750223691530	True	1597	False
stimulus_videos	/pscratch/sd/s/sjmoon/EmoViS/data/raw/CowenEmotionVideos/1598.mp4	1598.mp4	135110	2026-05-08T05:07:24+00:00	b7872cc0909d6e26c05c5a87fa07fb7d9553a7f7b25f24871abd207e24dc5ea8	1598	5.2	h264	320	180	7.6923076923076925	40	0	False	True			89d6e0ee9d298550f0fc25197d83c328ec82522ab037c82f34464f1fcddf895a	40	32907846527563340	True	1598	False
stimulus_videos	/pscratch/sd/s/sjmoon/EmoViS/data/raw/CowenEmotionVideos/1599.mp4	1599.mp4	401497	2026-05-08T05:07:24+00:00	b04c7b5a10a705083a3e28addeb602930ec0c6e77f2fbd83869034443958e839	1599	3.3	h264	800	448	9.090909090909092	30	0	False	True			10bfcf42410bb018318402cc3bfd6a76138d1cb490f52529b550f42fa7bec8e7	30	65246786150329959	True	1599	False
stimulus_videos	/pscratch/sd/s/sjmoon/EmoViS/data/raw/CowenEmotionVideos/1600.mp4	1600.mp4	6450733	2026-05-08T05:07:22+00:00	5cffdaa9cf083beac730b0b66de305da18f47fd1e1ec965e9e4728d1a6ee6c28	1600	14.012	h264	720	720	29.833333333333332	418	0	False	True			a16cd39d337f50d9abd3a3d69a6f5ba239f3b6951be41dd7e763708744d69f40	418	6880705076776719	True	1600	False
stimulus_videos	/pscratch/sd/s/sjmoon/EmoViS/data/raw/CowenEmotionVideos/1601.mp4	1601.mp4	172213	2026-05-08T05:07:22+00:00	fec2bff69897ae909077300af7581c05f8a08f3f2912c9b26eda1eb86da3f7fa	1601	3.36	h264	500	288	12.5	42	0	False	True			100af93da7bb27d864251217f625870633bac6e8219679956a3f15d463018cfe	42	27704225658457288	True	1601	False
stimulus_videos	/pscratch/sd/s/sjmoon/EmoViS/data/raw/CowenEmotionVideos/1602.mp4	1602.mp4	53575	2026-05-08T05:07:23+00:00	96ce776b42ca53f5edef321dd59f8df1c0bca8e6c476ecccfb06d97af044fc88	1602	4.9	h264	250	268	10.0	49	0	False	True			fc5b598e5336f87f189260518b59d6fd9b8a41d383d0dd3a90ebf7d2263022c4	49	68058452726873853	True	1602	False
stimulus_videos	/pscratch/sd/s/sjmoon/EmoViS/data/raw/CowenEmotionVideos/1603.mp4	1603.mp4	189317	2026-05-08T05:07:23+00:00	70bf04c5a2b894f1626f12d0e8ee59f0c9f0ccffb356b8e52aac8f26c10ad297	1603	3.64	h264	250	188	7.6923076923076925	28	0	False	True			a16324bf2e9d57e99f6c2672039015a5796062861894dd44777f9c3b3bf6ba29	28	10938365653080615	True	1603	False
stimulus_videos	/pscratch/sd/s/sjmoon/EmoViS/data/raw/CowenEmotionVideos/1604.mp4	1604.mp4	171206	2026-05-08T05:07:24+00:00	92f72d25a23ca5705f34df92dd8c0f97f2add15f4aef9c6488fbefc84a64a7cb	1604	1.647	h264	444	304	23.083333333333332	38	0	False	True			1a69af5713a20bca78f92c803bc37099e9f06251f542a8756eb67b076be33f4f	38	4113532456130088	True	1604	False
stimulus_videos	/pscratch/sd/s/sjmoon/EmoViS/data/raw/CowenEmotionVideos/1605.mp4	1605.mp4	117784	2026-05-08T05:07:24+00:00	5d6ea039fd99502001e833c6801d1b857b2f42e323cbbda0f07a6f458a8cda8a	1605	4.78	h264	298	162	100.0	478	0	False	True			984b70f7bfb7a39549ab3d530efcdce08c68c096eaa0cd33f36757787a1a3407	478	1702079192717360	True	1605	False
stimulus_videos	/pscratch/sd/s/sjmoon/EmoViS/data/raw/CowenEmotionVideos/1606.mp4	1606.mp4	204263	2026-05-08T05:07:23+00:00	4b89d2f5bdf86306dbd56f17baf2c162a86947ad677fb716a08f9772ad7d8af5	1606	5.04	h264	240	176	33.333333333333336	168	0	False	True			c947c9fa8038ef1fde4d07f0651b411484cb4f51c2dbd34faf441e11af5cfae2	168	18156308012345353	True	1606	False
stimulus_videos	/pscratch/sd/s/sjmoon/EmoViS/data/raw/CowenEmotionVideos/1607.mp4	1607.mp4	48898	2026-05-08T05:07:23+00:00	997526edd586d184d3f0276369effcd26b57e217528db9a9a73922eb0f1eed49	1607	4.9	h264	250	268	10.0	49	0	False	True			56eb0bb6db0e0f7dcfbddb65b06c12a8ee7e334170d6571be46275e9f5eb9349	49	33750356741134968	True	1607	False
stimulus_videos	/pscratch/sd/s/sjmoon/EmoViS/data/raw/CowenEmotionVideos/1608.mp4	1608.mp4	80333	2026-05-08T05:07:29+00:00	74b0da3a04473b38ef12743d137182b422433b96860524c81fccc040144b620a	1608	1.2	h264	500	280	10.0	12	0	False	True			3b6e5904497a56b2f1d45982676e9fef7cda75f45e9dfd1489399233eaf76434	12	35603120937812889	True	1608	False
stimulus_videos	/pscratch/sd/s/sjmoon/EmoViS/data/raw/CowenEmotionVideos/1609.mp4	1609.mp4	29953	2026-05-08T05:07:29+00:00	e0ceb51567d9387219001635066f7b290b1bfa3a2eded528b9e674e6829f545d	1609	0.78	h264	400	230	16.666666666666668	13	0	False	True			0724ed10161e15e08d57c2a56fbf7b5c2485676f75bd123a2ee1da7b0f31827e	13	8510599313147295	True	1609	False
stimulus_videos	/pscratch/sd/s/sjmoon/EmoViS/data/raw/CowenEmotionVideos/1610.mp4	1610.mp4	93829	2026-05-08T05:07:24+00:00	72d1c081a81d50b30cea420b43bc0fef8282a6a6295adc87afb5a543503961f8	1610	1.8	h264	500	378	10.0	18	0	False	True			40832b8240e9aaa15e1a6e37a5048af019ba90a60b27adb78d2d6dcc17d5de5d	18	3989962717322638	True	1610	False
stimulus_videos	/pscratch/sd/s/sjmoon/EmoViS/data/raw/CowenEmotionVideos/1611.mp4	1611.mp4	510531	2026-05-08T05:07:24+00:00	3c0afdf5e2070de058aee2e55d741ead80ac9590f1577ee395a7b8517d3ed900	1611	6.48	h264	510	300	8.333333333333334	54	0	False	True			86a638680df0d79c2ef4fdedc0705a6871ab3a184d8e989a06cdd336d1222aaf	54	30419247231608395	True	1611	False
stimulus_videos	/pscratch/sd/s/sjmoon/EmoViS/data/raw/CowenEmotionVideos/1612.mp4	1612.mp4	1661979	2026-05-08T05:07:23+00:00	e4f44b9bb08cf08b983f1a87f8d0a09fbafd2708a5e459bffb8e4ae9e3acad26	1612	15.08	h264	718	404	25.0	377	0	False	True			924d0936e784c8f67c36c822964a9a690dd8e4cb507219c0a84be39c9c7bc2a0	377	28111482170241873	True	1612	False
stimulus_videos	/pscratch/sd/s/sjmoon/EmoViS/data/raw/CowenEmotionVideos/1613.mp4	1613.mp4	331618	2026-05-08T05:07:23+00:00	e995fc19da150358b77909f4954e5e7ecfda48eaf750f787ae307125298587fb	1613	5.36	h264	344	232	12.5	67	0	False	True			eeadce3806e692531c2f30354071b39c3b5ed7153a36e7238b564df52aba0879	67	478729094197252	True	1613	False
stimulus_videos	/pscratch/sd/s/sjmoon/EmoViS/data/raw/CowenEmotionVideos/1614.mp4	1614.mp4	627820	2026-05-08T05:07:22+00:00	80f9645b3faf570a654a748084cf8757f03d6174f968c7d3a89be55fd241b6de	1614	2.32	h264	500	274	50.0	116	0	False	True			93938812542519cecbb0f88e8bb84be36af1169c0f7501bc563b8e71ff1ed4f0	116	19796616485951921	True	1614	False
stimulus_videos	/pscratch/sd/s/sjmoon/EmoViS/data/raw/CowenEmotionVideos/1615.mp4	1615.mp4	3340629	2026-05-08T05:07:22+00:00	6502d149a0424174ab8a87a920c3bdc99852b59a560aa22f8c8218e5dcc48ae6	1615	12.72	h264	718	404	25.0	318	0	False	True			cdb30ec52f28724fd57d06b34a95838c21d8ba5a474d3f1fac6f9f797a53ba0e	318	63581623393395396	True	1615	False
stimulus_videos	/pscratch/sd/s/sjmoon/EmoViS/data/raw/CowenEmotionVideos/1616.mp4	1616.mp4	164968	2026-05-08T05:07:23+00:00	d78900e26a4e0f21233b7d82215c576a7ada8a5b7f2baa8db22f59ee95a30040	1616	1.0	h264	500	280	10.0	10	0	False	True			56acbac1dffec01f9bb5df19f2314125e2b4d1cbad3b7e02e2edae4575b44914	10	7340581092185079	True	1616	False
stimulus_videos	/pscratch/sd/s/sjmoon/EmoViS/data/raw/CowenEmotionVideos/1617.mp4	1617.mp4	25329	2026-05-08T05:07:23+00:00	62da01f57d0e7f739e95a2814828a4af244b1ffdaf82d87bd0a994018b065005	1617	1.25	h264	180	146	20.0	25	0	False	True			9787b9d166764fefadfadb205728b9c31696230c74e7440303459e7d443d6d97	25	22196835770497507	True	1617	False
stimulus_videos	/pscratch/sd/s/sjmoon/EmoViS/data/raw/CowenEmotionVideos/1618.mp4	1618.mp4	22425347	2026-05-08T05:07:31+00:00	ab54cb9b6dc5984b19594e1d4a69532471439766b72fe7c47475073a93e5a375	1618	30.6	h264	636	352	16.666666666666668	510	0	False	True			e1640a0dea17d297dbedae3e2f09049892a47a8706edf06f8bea94f0700d2806	510	8475555081208711	True	1618	False
stimulus_videos	/pscratch/sd/s/sjmoon/EmoViS/data/raw/CowenEmotionVideos/1619.mp4	1619.mp4	293795	2026-05-08T05:07:31+00:00	b752599197b09b3ee042bffd50f79e88b1b1c7a7b8c04d5d44709a8c0e47fcb7	1619	15.0	h264	398	224	25.0	375	0	False	True			a21f4c3e96d238a31e43a280f71c1ce1287e0776dc2f4177f8f31f5f37816d18	375	3972371025677720	True	1619	False
stimulus_videos	/pscratch/sd/s/sjmoon/EmoViS/data/raw/CowenEmotionVideos/1620.mp4	1620.mp4	255411	2026-05-08T05:07:29+00:00	164ecf535e585114cd596a45ee55cb100abdd3c87a38a5cb76e9c5c0318d9ec9	1620	4.68	h264	650	344	16.666666666666668	78	0	False	True			2d1f645e87a102a07d4e2bba5a63a9161d3a81b118ea37b24783642d11738e63	78	35745105631989685	True	1620	False
stimulus_videos	/pscratch/sd/s/sjmoon/EmoViS/data/raw/CowenEmotionVideos/1621.mp4	1621.mp4	127160	2026-05-08T05:07:29+00:00	98227cdc5aa7994f839e02867009f0b96252b938f0726b65f78c7208726805a0	1621	3.6	h264	640	360	10.0	36	0	False	True			1c45ba356a98d151f07c1f2ef3b000de0245c41a39d26eaa51c2fa3260fc6c05	36	1750870024520953	True	1621	False
stimulus_videos	/pscratch/sd/s/sjmoon/EmoViS/data/raw/CowenEmotionVideos/1622.mp4	1622.mp4	182114	2026-05-08T05:07:30+00:00	8a20a2ece9e107d356d977e76b529d5f6576af23eba5efa21e72001d26964ae2	1622	2.82	h264	270	360	16.666666666666668	47	0	False	True			643af21f95fec958fc5f2a181cf3f88dc28fbaf8fb579f6cf39858584acc2f3b	47	40380577262931980	True	1622	False
stimulus_videos	/pscratch/sd/s/sjmoon/EmoViS/data/raw/CowenEmotionVideos/1623.mp4	1623.mp4	95952	2026-05-08T05:07:30+00:00	2b5cfffa391dc7a71729e1546a030538624dab74348c95d33441b2fd19c30981	1623	2.4	h264	594	334	10.0	24	0	False	True			cc07972790b282b2706690e599c8b5b4e7d6fcfda736d362ea25737421866d63	24	31418258987744753	True	1623	False
stimulus_videos	/pscratch/sd/s/sjmoon/EmoViS/data/raw/CowenEmotionVideos/1624.mp4	1624.mp4	1354840	2026-05-08T05:07:31+00:00	c834e16d4f4b9a0fed71f5cc6baa13c887f837abac1033f6fef103d48f29edbb	1624	13.96	h264	576	720	25.0	349	0	False	True			f66931c88b7cdc7049cf1c05c899d7a803020570e6b73704e7b99f84401573db	349	35743443451837168	True	1624	False
stimulus_videos	/pscratch/sd/s/sjmoon/EmoViS/data/raw/CowenEmotionVideos/1625.mp4	1625.mp4	1933135	2026-05-08T05:07:31+00:00	b3df7a9da63398e9c1bb67515799b95ac92f8ad0c3f5cc67c0a46d926092b434	1625	8.3	h264	358	398	10.0	83	0	False	True			0275f55d5cba33fb0d0c0e148a82049a8aafc43d147540c52d7b6f3e5f394231	83	323589396372536	True	1625	False
stimulus_videos	/pscratch/sd/s/sjmoon/EmoViS/data/raw/CowenEmotionVideos/1626.mp4	1626.mp4	225468	2026-05-08T05:07:30+00:00	41472d24f4b99c90dae1a9cb632f6ae00c6755d749655b30a82b7db8599ec934	1626	3.1	h264	500	280	20.0	62	0	False	True			f49034ea5442c37b13933a1ba1c77c994d9ddaaec418c7bd1489f796788edf7e	62	58416337308224600	True	1626	False
stimulus_videos	/pscratch/sd/s/sjmoon/EmoViS/data/raw/CowenEmotionVideos/1627.mp4	1627.mp4	3570207	2026-05-08T05:07:30+00:00	b1a738441b87f32fd29ea1553d7fb97848a91e109b465756221df5fa95564614	1627	14.08	h264	538	302	25.0	352	0	False	True			706502471df948b26da9f0db938a2fcd3fe97159d40209d1f37509795ffff697	352	70354890238761393	True	1627	False
stimulus_videos	/pscratch/sd/s/sjmoon/EmoViS/data/raw/CowenEmotionVideos/1628.mp4	1628.mp4	192526	2026-05-08T05:07:22+00:00	c9faa1c0e440ba6834d48a79048495fdb2a260c1c6f65fd4b9f694dcb05198fb	1628	2.97	h264	394	274	11.11111111111111	33	0	False	True			554e8d5fd5f46bd2462c70880b367dbe26972a5401ce1d04f0642ee8a417de57	33	19851699754672537	True	1628	False
stimulus_videos	/pscratch/sd/s/sjmoon/EmoViS/data/raw/CowenEmotionVideos/1629.mp4	1629.mp4	79249	2026-05-08T05:07:22+00:00	677eb2a2f57a8ab476eb1132306184730a13d2c0f4029f221b3ea87535e46687	1629	1.6	h264	448	250	10.0	16	0	False	True			c4060d9c4f37c371dd97f6d342cc3ef672f78e35f41c8b3025b6200e5ac2654c	16	59103129578425539	True	1629	False
stimulus_videos	/pscratch/sd/s/sjmoon/EmoViS/data/raw/CowenEmotionVideos/1630.mp4	1630.mp4	236360	2026-05-08T05:07:31+00:00	77c17161eeb6e7d4ed132bb748f91d30bab552fe839d7d536fb5a9d03d3a3c3a	1630	8.1	h264	278	192	16.666666666666668	135	0	False	True			8a6623f3df79c500d8a90ea1df134458d4d887a14332a9f8dbfb54aed82e331f	135	19901281782883459	True	1630	False
stimulus_videos	/pscratch/sd/s/sjmoon/EmoViS/data/raw/CowenEmotionVideos/1631.mp4	1631.mp4	2645782	2026-05-08T05:07:31+00:00	20ee6b80f4b37a445e8b4661fc0257cecc180b970665db2d5aa52f2b55eb6367	1631	15.12	h264	720	404	25.0	378	0	False	True			3040b126a034f201425ad7ee93e19e14483bbfc7a226a21dc8973fe1f1025cc5	378	72056692568289763	True	1631	False
stimulus_videos	/pscratch/sd/s/sjmoon/EmoViS/data/raw/CowenEmotionVideos/1632.mp4	1632.mp4	921207	2026-05-08T05:07:30+00:00	8af232e16de533f4530e2128fed86b5da6c824fd6a4d42e377b63b45211d5178	1632	4.34	h264	366	388	14.285714285714286	62	0	False	True			87b670081da6e15f90bd724b43e61e77ea9849f6127d354d2bbd61719afe3db4	62	12606670469745036	True	1632	False
stimulus_videos	/pscratch/sd/s/sjmoon/EmoViS/data/raw/CowenEmotionVideos/1633.mp4	1633.mp4	121658	2026-05-08T05:07:30+00:00	721b9705600acfe56bfef0a1707b8c4ccfdb1725748f6ce5b85e700ebc4e8ffb	1633	3.3	h264	352	262	16.666666666666668	55	0	False	True			63b159e81e76029da3587ac0dfa81ad370de0b91f03792097aac94bc43139340	55	30770123067178613	True	1633	False
stimulus_videos	/pscratch/sd/s/sjmoon/EmoViS/data/raw/CowenEmotionVideos/1634.mp4	1634.mp4	168272	2026-05-08T05:07:29+00:00	f4a34fde296ab0ceaf0295ade0c3ce28bd14fafa64708f322cfe1b183e03b4e2	1634	3.0	h264	400	224	10.0	30	0	False	True			13ae08088197c9773c2c1552f28419f24d76d68fb7419e44b7cd6e84ade4111c	30	71196085552797	True	1634	False
stimulus_videos	/pscratch/sd/s/sjmoon/EmoViS/data/raw/CowenEmotionVideos/1635.mp4	1635.mp4	1771335	2026-05-08T05:07:29+00:00	71f36e1fe06403757f10d22a453194b67cf4d517ada6f90068503c3d8053c4f1	1635	15.0	h264	718	404	25.0	375	0	False	True			2a3cad446b8981e41b7cb239fe40a8611f35e5a62ddf3c88c3850fab8c90b956	375	5629673037832127	True	1635	False
stimulus_videos	/pscratch/sd/s/sjmoon/EmoViS/data/raw/CowenEmotionVideos/1636.mp4	1636.mp4	309603	2026-05-08T05:07:30+00:00	3df9909dae1e2c6e2afad4f5cfb8f6f951c76a0fde00e01d7f53d85813e4318b	1636	5.32	h264	400	224	25.0	133	0	False	True			44673e0b8c2ed592c9fea5802ef5f43ed281342856c0c74a1415e1415a6a2fcc	133	8581627112539791	True	1636	False
stimulus_videos	/pscratch/sd/s/sjmoon/EmoViS/data/raw/CowenEmotionVideos/1637.mp4	1637.mp4	50254	2026-05-08T05:07:30+00:00	4e87c606f328e6868d77394e826a4e37c1ca736272e3c7739d52a73e1712acab	1637	1.05	h264	500	280	33.333333333333336	35	0	False	True			5a2c9f88074b023a1d1d052a1f0753b54ccc468c46c411debeeaf282abd84783	35	2219052187809	True	1637	False
stimulus_videos	/pscratch/sd/s/sjmoon/EmoViS/data/raw/CowenEmotionVideos/1638.mp4	1638.mp4	145506	2026-05-08T05:07:24+00:00	9c605b36954d7bde96ecd438790d37cd456dd5bf909de2d901aa179fed54e9ee	1638	6.4	h264	310	174	10.0	64	0	False	True			0cde0111c6e41ce8dbfdf9d4f42469cb79df399027c13913f82a39adf737c69e	64	64745847121022508	True	1638	False
stimulus_videos	/pscratch/sd/s/sjmoon/EmoViS/data/raw/CowenEmotionVideos/1639.mp4	1639.mp4	282102	2026-05-08T05:07:24+00:00	f236a2694683a0247ce1fd15ffdbf7ac1abe9f4c53f27bd12a6052031990dc94	1639	6.3	h264	272	278	10.0	63	0	False	True			f99417993e42e64bf6b3130e8126b227f9bb61b4d6abf220a8b6fd7c18ff0bc2	63	595847616781965	True	1639	False
stimulus_videos	/pscratch/sd/s/sjmoon/EmoViS/data/raw/CowenEmotionVideos/1640.mp4	1640.mp4	47465	2026-05-08T05:07:28+00:00	9581edb236f4fff1186fab091d4bde8aa42c69cf3d7192bfcd5ea001afbb04d5	1640	2.7	h264	400	224	10.0	27	0	False	True			7cb31d7953660358525ce2887d5def4265dc45dc8dd5917156ff8a1b62643307	27	16451631168048031	True	1640	False
stimulus_videos	/pscratch/sd/s/sjmoon/EmoViS/data/raw/CowenEmotionVideos/1641.mp4	1641.mp4	12651455	2026-05-08T05:07:28+00:00	c2ccd80fb8894b7ef60c1cf55a10fc5c67357e6a9a8c7795edb801a1db1cb55a	1641	15.034	h264	720	720	30.0	451	0	False	True			c543a54790527b61f6680de591fc8b7b3b1ac5298e1b9e31e512611e89fb7e63	451	22750852189926957	True	1641	False
stimulus_videos	/pscratch/sd/s/sjmoon/EmoViS/data/raw/CowenEmotionVideos/1642.mp4	1642.mp4	306394	2026-05-08T05:07:27+00:00	651bb59cd754ea77f7bcffd74a2d70fb143c27d0e62e1ee95c3088b4e76bb800	1642	2.56	h264	720	404	25.0	64	0	False	True			2481781c6518e7a767db0ec0222820d0ad6c5f513d078db0e738723f0d80d73c	64	2836982411674503	True	1642	False
stimulus_videos	/pscratch/sd/s/sjmoon/EmoViS/data/raw/CowenEmotionVideos/1643.mp4	1643.mp4	17113340	2026-05-08T05:07:27+00:00	7b9fbe9691577270d6709e70b8534e15bcbe1241d4cf5d0aab5635e5dcb41c1a	1643	14.01	h264	720	720	100.0	421	0	False	True			d71984f93643dc90720f592b84809e20e3b2424a9bc39b08737965cf2bf9e120	1402	71771824429989916	True	1643	False
stimulus_videos	/pscratch/sd/s/sjmoon/EmoViS/data/raw/CowenEmotionVideos/1644.mp4	1644.mp4	437226	2026-05-08T05:07:28+00:00	3beb44593e316277e4736b59c9112324fa2036c810583d6d1c886d4072e441a1	1644	10.067	h264	480	270	15.0	151	0	False	True			477091e9556036155aa688dfb5035fd792e6ff1bfab474b244cfa6402422e3bd	151	58052551557500907	True	1644	False
stimulus_videos	/pscratch/sd/s/sjmoon/EmoViS/data/raw/CowenEmotionVideos/1645.mp4	1645.mp4	71348	2026-05-08T05:07:28+00:00	d509a50651770e398c536218f245dba6c51fd116994f1d1f6686078236d0673c	1645	0.735	h264	500	282	28.583333333333332	21	0	False	True			ecf8c0d229244eaa125c15f7d4e41aa51af8491f0b40071534e2d469e6427004	21	44077948789063809	True	1645	False
stimulus_videos	/pscratch/sd/s/sjmoon/EmoViS/data/raw/CowenEmotionVideos/1646.mp4	1646.mp4	44476	2026-05-08T05:07:29+00:00	59e2317a6d3a5e72458e3e43e99fbb4d2cf85e61a62b7f300a325c119200f13c	1646	2.84	h264	200	150	25.0	71	0	False	True			cc3af8c0266b5cc088b060c8fd49aad211b9a8b42265cf24716a630fbe67b68b	71	11952676160228892	True	1646	False
stimulus_videos	/pscratch/sd/s/sjmoon/EmoViS/data/raw/CowenEmotionVideos/1647.mp4	1647.mp4	176512	2026-05-08T05:07:29+00:00	5bef2d36569c47cdbe9f95098772850249e574a6fc0d8bdc9a84de3c7218eee1	1647	4.07	h264	270	282	9.090909090909092	37	0	False	True			ffe1337849c03fc181b73580276d9bc707ba9a656b1211a4bda41ee1ce524bfc	37	28723762846112952	True	1647	False
stimulus_videos	/pscratch/sd/s/sjmoon/EmoViS/data/raw/CowenEmotionVideos/1648.mp4	1648.mp4	162333	2026-05-08T05:07:25+00:00	c0a1da8fc7f0ac664c796adfd1955673275e5a5228cad72beb866635ad0bc141	1648	5.2	h264	320	240	7.6923076923076925	40	0	False	True			5487c34d0ff7b9ff501c766e251b0d5cabf94ec75bb9cd4d59f1b2212efd034b	40	923373303323195	True	1648	False
stimulus_videos	/pscratch/sd/s/sjmoon/EmoViS/data/raw/CowenEmotionVideos/1649.mp4	1649.mp4	355971	2026-05-08T05:07:25+00:00	2aefc512d13fb4d2d980d481858a9f818b0a07a5609841c0ac9cdda22e4197e8	1649	17.9	h264	190	100	10.0	179	0	False	True			5c2b5f4dbe35c609c3d2832389e8764bd463868034ad38f1289c38ce7395dfa4	179	4255352411505543	True	1649	False
stimulus_videos	/pscratch/sd/s/sjmoon/EmoViS/data/raw/CowenEmotionVideos/1650.mp4	1650.mp4	91067	2026-05-08T05:07:28+00:00	f6b3ea1a88a2e7d91f1242b8592464687f2e5cc96e1ed3ae1c91fcecb86eab63	1650	1.1	h264	500	296	10.0	11	0	False	True			340254eaa9c9f98d37d67b37751304a761f2a6894e92928800ce563dc08bf188	11	12464444779841924	True	1650	False
stimulus_videos	/pscratch/sd/s/sjmoon/EmoViS/data/raw/CowenEmotionVideos/1651.mp4	1651.mp4	156930	2026-05-08T05:07:28+00:00	1476a8a4b1b29fe0b185a65cdc84b4cf9c608445fb72c903a80d9a819a55ca9d	1651	5.88	h264	500	260	8.333333333333334	49	0	False	True			afd8d4fb0a922c31eb795e823f2ec433b95499a1ff355ce717b90930cc32d414	49	11484623981627279	True	1651	False
stimulus_videos	/pscratch/sd/s/sjmoon/EmoViS/data/raw/CowenEmotionVideos/1652.mp4	1652.mp4	100255	2026-05-08T05:07:29+00:00	0278b8a2eb74b53e6991e865cbdf5634d7cb4bd1c01ac7c9128775a5bdecdec8	1652	2.4	h264	290	204	10.0	24	0	False	True			1a158d0bc76f5c9177a3bb03137c826c0610e31752271b390f26bf5250fa66c1	24	3996044073840387	True	1652	False
stimulus_videos	/pscratch/sd/s/sjmoon/EmoViS/data/raw/CowenEmotionVideos/1653.mp4	1653.mp4	4706162	2026-05-08T05:07:29+00:00	7ee9e5dce217c64aeaad1f8cf34eb912c1f63fb4a1607aab24d7d72c2fcc90f0	1653	14.12	h264	640	640	25.0	353	0	False	True			8e50e5d430615198cbac650cf979859f46c6c2f64c3f53c86af7606ee047cc60	353	1433973111128047	True	1653	False
stimulus_videos	/pscratch/sd/s/sjmoon/EmoViS/data/raw/CowenEmotionVideos/1654.mp4	1654.mp4	646245	2026-05-08T05:07:27+00:00	7ae2fe1c9bd2959a669b33b8efa54bf1124dc0cec215572ebf315c15a1cf0a73	1654	14.2	h264	414	276	10.0	142	0	False	True			875ed78d0011a7094b6bc904e60a6dbcb0b62d0b29d3a7744b06949e4246568f	142	9290890670263175	True	1654	False
stimulus_videos	/pscratch/sd/s/sjmoon/EmoViS/data/raw/CowenEmotionVideos/1655.mp4	1655.mp4	46883	2026-05-08T05:07:28+00:00	c6c4135e421f0ebeb0053e1a391ea725fbb600b5758808df29eaa0a928d7316e	1655	3.99	h264	376	156	14.285714285714286	57	0	False	True			8ebc59e2bbe803d235904dcb833977bcb1eed436196c2ef776d3618ec89a7a0d	57	26383313950211571	True	1655	False
stimulus_videos	/pscratch/sd/s/sjmoon/EmoViS/data/raw/CowenEmotionVideos/1656.mp4	1656.mp4	4067070	2026-05-08T05:07:27+00:00	d63f4294f90cd44e6da4ecd8d5f02678cbbe199b2f6328008c193613a870f07d	1656	15.12	h264	720	404	25.0	378	0	False	True			9ffb846a76627514fb8da29b63a10ef377912046256d077d16a1b36a702e3f50	378	16030671488100215	True	1656	False
stimulus_videos	/pscratch/sd/s/sjmoon/EmoViS/data/raw/CowenEmotionVideos/1657.mp4	1657.mp4	468906	2026-05-08T05:07:27+00:00	8210dfba6f32e8f458b11e0960f2942032dc011b70853655fba36df366d8527f	1657	9.12	h264	540	360	25.0	228	0	False	True			3a981eae7db83895001696d5022397a1b4129030d045aaac390dddac9d90d6e3	228	8477475988562849	True	1657	False
stimulus_videos	/pscratch/sd/s/sjmoon/EmoViS/data/raw/CowenEmotionVideos/1658.mp4	1658.mp4	104590	2026-05-08T05:07:26+00:00	b653c354630cc373292c736c078680b344f1b6425178d45ccafa62190ee4b44f	1658	4.42	h264	614	366	100.0	442	0	False	True			bced90eeb6185bc47e028c709a12fc7a2a7a09205ae92006546a3eddf8f96344	442	3954371925367734	True	1658	False
stimulus_videos	/pscratch/sd/s/sjmoon/EmoViS/data/raw/CowenEmotionVideos/1659.mp4	1659.mp4	471259	2026-05-08T05:07:26+00:00	620c717fe1a0a21c296966ed5e8576fb1226eef13f8d17094bb46691a7295e2e	1659	6.0	h264	514	282	10.0	60	0	False	True			281b34904b5c719e311808f07daa75789e2eee8e8c6410876c965af9784b0690	60	54539024305785045	True	1659	False
stimulus_videos	/pscratch/sd/s/sjmoon/EmoViS/data/raw/CowenEmotionVideos/1660.mp4	1660.mp4	214392	2026-05-08T05:07:25+00:00	b85c3d28beca8fdac0e75268a96567e48e35f101e2db5a865db4d6c6e6f1c9aa	1660	4.14	h264	320	356	11.11111111111111	46	0	False	True			adc7ed1525b3e013b5f93bf57c375651fc7456cd01b37ebf5c9a03559d44ac16	46	10216419633281394	True	1660	False
stimulus_videos	/pscratch/sd/s/sjmoon/EmoViS/data/raw/CowenEmotionVideos/1661.mp4	1661.mp4	275907	2026-05-08T05:07:25+00:00	4e9f74f1bb8db6e7defc16cd4e4cc0ba5797103923dd1d4f22a13ad629b47df9	1661	3.51	h264	334	320	11.11111111111111	39	0	False	True			f59577d58afcfba2998d6c193133086e447b0d6f1a9bd5114499a42dce8c0413	39	8548418221700495	True	1661	False
stimulus_videos	/pscratch/sd/s/sjmoon/EmoViS/data/raw/CowenEmotionVideos/1662.mp4	1662.mp4	71501	2026-05-08T05:07:24+00:00	41f729fff7d6ec6c103ccc211ba4ed5cd05d2ef089bc63cda125229551cc0c89	1662	1.8	h264	342	240	10.0	18	0	False	True			04ac6faac2fbae26c9ff8e5ee8f30e6284d273fb266d507f2725b02c2fd1eaaa	18	40281927352734794	True	1662	False
stimulus_videos	/pscratch/sd/s/sjmoon/EmoViS/data/raw/CowenEmotionVideos/1663.mp4	1663.mp4	118512	2026-05-08T05:07:24+00:00	60c772f39c719f28483d056b5ef219aa96338ee30f21b02ef957d7aa3b9331bd	1663	0.944	h264	450	268	22.25	21	0	False	True			13f80c5934ecb08765052f0cea86c7cc6b2bb792249847ef04a857cc5a682db3	21	20018243299308450	True	1663	False
stimulus_videos	/pscratch/sd/s/sjmoon/EmoViS/data/raw/CowenEmotionVideos/1664.mp4	1664.mp4	133761	2026-05-08T05:07:26+00:00	483816896e5d9e6556d97fa916406c6072400c5e047009945ced2a139eaa84ce	1664	3.01	h264	400	300	14.285714285714286	43	0	False	True			e1f2977cb47e638a2a39cc2b98bbb447c684132b7f1a471df562c4e8bac564cc	43	35745104064623851	True	1664	False
stimulus_videos	/pscratch/sd/s/sjmoon/EmoViS/data/raw/CowenEmotionVideos/1665.mp4	1665.mp4	315090	2026-05-08T05:07:26+00:00	7c4dabf053bccce6c63b5e137ea4354a8254e9e016d64ac9499d8cfba250aa5d	1665	3.1	h264	320	240	10.0	31	0	False	True			235608b3cbf185d44efe5b4097887ce3c1f702a1707386184ed20802c997e868	31	55036669165006493	True	1665	False
stimulus_videos	/pscratch/sd/s/sjmoon/EmoViS/data/raw/CowenEmotionVideos/1666.mp4	1666.mp4	5250485	2026-05-08T05:07:26+00:00	d63e5c10b0a8ca5aadf89811442d3deeb85f121fd9ca75cc996e611c2d5552a8	1666	15.034	h264	720	404	30.0	451	0	False	True			c75fe753c9ec7b33f8e60ad40cda872243dc9aabedc8a30f72f37561d6592ca9	451	17517731505405137	True	1666	False
stimulus_videos	/pscratch/sd/s/sjmoon/EmoViS/data/raw/CowenEmotionVideos/1667.mp4	1667.mp4	710625	2026-05-08T05:07:26+00:00	dae69284cf501f0c011dbd40de3d8146243d75fa472b98cf3e9ae28c371ddba3	1667	11.5	h264	356	210	10.0	115	0	False	True			0f333a261fd0eb09f91cc5c552df4eb4a95f2b3b98ca8b71eff34241f130573f	115	59025251501939254	True	1667	False
stimulus_videos	/pscratch/sd/s/sjmoon/EmoViS/data/raw/CowenEmotionVideos/1668.mp4	1668.mp4	1044849	2026-05-08T05:07:27+00:00	60024191bde44537f6ca271e9b25a34a7f350cd3100a4b3d3c65462b76d54a9d	1668	2.04	h264	400	300	50.0	102	0	False	True			4e74cc48d806f4c549dd8a89ccab2453d593f0d5a4acbcc5cf61058e7896eb73	102	60714365993854797	True	1668	False
stimulus_videos	/pscratch/sd/s/sjmoon/EmoViS/data/raw/CowenEmotionVideos/1669.mp4	1669.mp4	1314075	2026-05-08T05:07:28+00:00	ead9cbcfdb0310a7edcf5a3959ef292dea469b367d3d0bc0bcc5575164ffb574	1669	6.84	h264	720	540	25.0	171	0	False	True			4f01fcc0f23088f23cc0c962727a1b4e27ea5749a3a28aea1279f43aaf31adf1	171	8618546818775280	True	1669	False
stimulus_videos	/pscratch/sd/s/sjmoon/EmoViS/data/raw/CowenEmotionVideos/1670.mp4	1670.mp4	878505	2026-05-08T05:07:26+00:00	8b7b5763c00ab03be2a44a6004e185b559178e85c485d3df662e408ee71af0d7	1670	3.367	h264	500	300	30.0	101	0	False	True			4f14e5fb4cc2420e28d1aab2ac31eecb41f8be1b6cfdfd0abfbfe6ebb1abef39	101	13600002233740376	True	1670	False
stimulus_videos	/pscratch/sd/s/sjmoon/EmoViS/data/raw/CowenEmotionVideos/1671.mp4	1671.mp4	581328	2026-05-08T05:07:26+00:00	5fd57e6f8755ba4fd82745758e17ae0a2c10fe882d9c521b0dd69f179859069e	1671	10.0	h264	480	276	15.0	150	0	False	True			eb91ea3191a38097faa6882bad55e7d8497d9eedae406635d5efd40d5ab1a6e0	150	32305482729701819	True	1671	False
stimulus_videos	/pscratch/sd/s/sjmoon/EmoViS/data/raw/CowenEmotionVideos/1672.mp4	1672.mp4	3004317	2026-05-08T05:07:26+00:00	6365c7816695b9845e746444529aa28721428fb10b1fb5aed99cbaa958b0a655	1672	15.08	h264	404	720	25.0	377	0	False	True			9b699738bfb984f85190e6c38d71230e85ad61958a484d177f91a937042f9356	377	286747015265201	True	1672	False
stimulus_videos	/pscratch/sd/s/sjmoon/EmoViS/data/raw/CowenEmotionVideos/1673.mp4	1673.mp4	1846112	2026-05-08T05:07:26+00:00	6fe806d313df0b6a21d472bb2ab13dd249440cd7a29a4a470c53f8ab0ce098bf	1673	13.08	h264	720	404	25.0	327	0	False	True			7909186944e1184722581466439b3d3289d5098c22d6c93bd0c9ac7e12cf5189	327	4503567809380366	True	846	True
stimulus_videos	/pscratch/sd/s/sjmoon/EmoViS/data/raw/CowenEmotionVideos/1674.mp4	1674.mp4	1548634	2026-05-08T05:07:25+00:00	dec4399916b860692df4f42f06b92f8431e2d4abaa52e24921b541e2e841b290	1674	8.0	h264	518	692	6.25	50	0	False	True			3faecbfe6fc11993117c894851538414db10778f3e88484f1e1297c1bd01696e	50	7944223317686775	True	1674	False
stimulus_videos	/pscratch/sd/s/sjmoon/EmoViS/data/raw/CowenEmotionVideos/1675.mp4	1675.mp4	145426	2026-05-08T05:07:25+00:00	a260ec04d77ff9a612feb966c0668dce15cf36ae67963977f7108d1e972f53e8	1675	1.28	h264	500	220	25.0	32	0	False	True			1190fe2bc6c276ede6ce4516aa4de612dafd74fa237cf2bd4cde114c33abe6a7	32	567451921045358	True	1675	False
stimulus_videos	/pscratch/sd/s/sjmoon/EmoViS/data/raw/CowenEmotionVideos/1676.mp4	1676.mp4	2672856	2026-05-08T05:07:24+00:00	e4f04834da1949d67abd6df9e5143a48e5ff5273bf1f96a474c14db8e938387d	1676	11.64	h264	716	402	25.0	291	0	False	True			6ff8e996f704af95f1fd518bd4ba66163f21149935a1c315e7ddfe82b4334872	291	23833533518985772	True	1676	False
stimulus_videos	/pscratch/sd/s/sjmoon/EmoViS/data/raw/CowenEmotionVideos/1677.mp4	1677.mp4	18462	2026-05-08T05:07:24+00:00	aaab8440e69d2c063f79cef05dd104e622889a223c08726cbd672ba052a3cfa9	1677	0.72	h264	262	210	16.666666666666668	12	0	False	True			937ae20e83175ceb186b8d05cfc06a2c8839f6b863e657fa18d47928834b145d	12	22336319062948972	True	1677	False
stimulus_videos	/pscratch/sd/s/sjmoon/EmoViS/data/raw/CowenEmotionVideos/1678.mp4	1678.mp4	430264	2026-05-08T05:07:28+00:00	fa6ef44ae6dbd3899ac012db511748c9379c4bd661be89ec4c3c255a162521b9	1678	3.3	h264	500	212	16.666666666666668	55	0	False	True			8d322575ceb0418ecafea3c9036cf77a2c3e03e5f8091dc407813e33351697ba	55	64078948985714543	True	1678	False
stimulus_videos	/pscratch/sd/s/sjmoon/EmoViS/data/raw/CowenEmotionVideos/1679.mp4	1679.mp4	459297	2026-05-08T05:07:28+00:00	2a6b968a53572d63070c9c2fde0270616a3bd43a31abbb2971934ada17dc4355	1679	4.64	h264	500	280	25.0	116	0	False	True			4f098b6378961a8dbb3de20348251227b058ebeae1053ab8d9c91224c0495aa6	116	7943919489026457	True	1679	False
stimulus_videos	/pscratch/sd/s/sjmoon/EmoViS/data/raw/CowenEmotionVideos/1680.mp4	1680.mp4	148578	2026-05-08T05:07:27+00:00	26f9956e04681105c7a0bcd7f395c9e736016e36dd693218aa3856b99def887d	1680	3.18	h264	506	252	16.666666666666668	53	0	False	True			d292b0d78d08baf02cc4d5a1e4fd86f8fd1c626f82b8736ee80aea91a6f00923	53	3409144139143099	True	1680	False
stimulus_videos	/pscratch/sd/s/sjmoon/EmoViS/data/raw/CowenEmotionVideos/1681.mp4	1681.mp4	1557220	2026-05-08T05:07:27+00:00	a525c1963480fcbdc152596df9e6fad6cb902e146c5c22279902e8a72591a3b5	1681	9.1	h264	540	468	10.0	91	0	False	True			9038944e6646de8a4a51a1517ea3bff61a94648663edd22edb7f03cf99ff7e63	91	72029125219798687	True	1681	False
stimulus_videos	/pscratch/sd/s/sjmoon/EmoViS/data/raw/CowenEmotionVideos/1682.mp4	1682.mp4	985655	2026-05-08T05:07:28+00:00	a326fabc2633746ddb81ea7c080a6d989021dba2ca6ffa204e818a0d797a0b4e	1682	5.04	h264	640	640	25.0	126	0	False	True			eff8c57dd6d32209f81cd4c102e8368e0efb1c899cd32a4fd1c07679c3a7b9a1	126	34601508570270776	True	1682	False
stimulus_videos	/pscratch/sd/s/sjmoon/EmoViS/data/raw/CowenEmotionVideos/1683.mp4	1683.mp4	177330	2026-05-08T05:07:27+00:00	343e75a94a98966c86f20cf6261f2264310dcff669abc168057b80f1336437e5	1683	2.0	h264	624	352	10.0	20	0	False	True			9bf158aba9b62918cfc778ae4d481d9619c8cb3fac8810ae746b40229f66a484	20	20445712943834829	True	1683	False
stimulus_videos	/pscratch/sd/s/sjmoon/EmoViS/data/raw/CowenEmotionVideos/1684.mp4	1684.mp4	123645	2026-05-08T05:07:29+00:00	1e3edd55735d3fcb6a62f4321d25467fcf8a80275b39f01199c10abf6557af97	1684	2.16	h264	500	310	12.5	27	0	False	True			8f4d6a15d6a214ac652efe5267c04730e3bdb446d59c8a406d37156b21794b5e	27	10085311639936669	True	1684	False
stimulus_videos	/pscratch/sd/s/sjmoon/EmoViS/data/raw/CowenEmotionVideos/1685.mp4	1685.mp4	136471	2026-05-08T05:07:29+00:00	c106e7c53df0901c4d9d555611af0c2adb137b6be32504b24e60813115f87b8a	1685	2.38	h264	320	240	14.285714285714286	34	0	False	True			9db12870d31feb788a0186ea2228ec45bd6cd446ae07f123e7130d32747f9eac	34	4076437115793569	True	1685	False
stimulus_videos	/pscratch/sd/s/sjmoon/EmoViS/data/raw/CowenEmotionVideos/1686.mp4	1686.mp4	1945885	2026-05-08T05:07:28+00:00	66cfac304b923a9700c5420c9c1804484ef254760a0cdaa376c2bb3c341055d0	1686	2.84	h264	960	592	25.0	71	0	False	True			74d61d6d54054202bac203dff65a4477041ee0795c78b58dbd6297084f2b8084	71	35743991145656287	True	1686	False
stimulus_videos	/pscratch/sd/s/sjmoon/EmoViS/data/raw/CowenEmotionVideos/1687.mp4	1687.mp4	1994621	2026-05-08T05:07:28+00:00	1710e5436ccc136643de86646ed64245d5276c3d93c081ee08777d3d8d784b2a	1687	14.6	h264	800	360	25.0	365	0	False	True			70df7b4076642293cddd04760ab33f03931ebbe2d901c69742337181ab73d07a	365	1696606973853696	True	1687	False
stimulus_videos	/pscratch/sd/s/sjmoon/EmoViS/data/raw/CowenEmotionVideos/1688.mp4	1688.mp4	37259	2026-05-08T05:07:25+00:00	205d0b456c72eb82b80563ca84b75a5c8548bcc4434302670a183d4c5aeb18e3	1688	1.4	h264	500	328	14.285714285714286	20	0	False	True			ee8b3c7376c8ddd42cf709c40081e090085f7d118f458e9f26cb3a2d74d3c7c9	20	56210777738001465	True	1688	False
stimulus_videos	/pscratch/sd/s/sjmoon/EmoViS/data/raw/CowenEmotionVideos/1689.mp4	1689.mp4	297923	2026-05-08T05:07:24+00:00	8e724df30ccd077ca7a727f0f632c60968aedfc3feb456d3f62f91bc8933a971	1689	4.9	h264	360	200	10.0	49	0	False	True			67b3fe5fa5339d1846d4c701113d76d9031c0c05e7938ad8623a402925205bdf	49	24392968341992683	True	1689	False
stimulus_videos	/pscratch/sd/s/sjmoon/EmoViS/data/raw/CowenEmotionVideos/1690.mp4	1690.mp4	114021	2026-05-08T05:07:29+00:00	f6393d9b850f29c2312aafaf015a8452be7d5c72d8123ca8b0f9dc08ec0d20c6	1690	4.5	h264	276	170	10.0	45	0	False	True			d6800e16e1efae52eacb0d8ca39408678609e224a2ee635b8e65cd17ae624fe5	45	15611363558447772	True	1690	False
stimulus_videos	/pscratch/sd/s/sjmoon/EmoViS/data/raw/CowenEmotionVideos/1691.mp4	1691.mp4	1953756	2026-05-08T05:07:29+00:00	153e834fa42e7816b61039c5eb15e20caabd3d920b800d030aa539c091a0ebdb	1691	5.005	h264	720	404	23.976023976023978	120	0	False	True			b36ae47e53336251b2a719b0168eef2d6c99e3200f548016295705ef3dd1e13d	120	709990145150139	True	1691	False
stimulus_videos	/pscratch/sd/s/sjmoon/EmoViS/data/raw/CowenEmotionVideos/1692.mp4	1692.mp4	79587	2026-05-08T05:07:28+00:00	b7453c54689fa64afddfe977ed2c30e259597701f1856cc21384f0c46f8699ba	1692	2.4	h264	300	532	10.0	24	0	False	True			c230c2ec687377b1662822dd0dcf302db76506682754502ed7a5df4117c603e8	24	8789996510591084	True	1692	False
stimulus_videos	/pscratch/sd/s/sjmoon/EmoViS/data/raw/CowenEmotionVideos/1693.mp4	1693.mp4	246630	2026-05-08T05:07:28+00:00	ff13f9f5966fba912bf5c49d04c41303ca092cd66fd82990ebeeb1139b1ecc9f	1693	4.8	h264	400	266	16.666666666666668	80	0	False	True			15ea35b84ce14728f434cb24ff1c6885a80f7aa3155e2823de56d9fbeb8f02ac	80	7384836346894563	True	1693	False
stimulus_videos	/pscratch/sd/s/sjmoon/EmoViS/data/raw/CowenEmotionVideos/1694.mp4	1694.mp4	119779	2026-05-08T05:07:27+00:00	df2633d2d82688bd1c4265c37ff529cda2e8f3f279b5013e349fc60da50f686e	1694	0.6	h264	500	676	10.0	6	0	False	True			c0a52317d56938ac7b1b932c410c494fc408b4d2dc46d5bf819a8d57c95b406f	6	32210180212198166	True	1694	False
stimulus_videos	/pscratch/sd/s/sjmoon/EmoViS/data/raw/CowenEmotionVideos/1695.mp4	1695.mp4	431824	2026-05-08T05:07:27+00:00	a1ff7849b006d7ce0da8a6aa1eb1658fa4eeffa35983efd4debd4f9bcce8e3e6	1695	4.8	h264	450	450	25.0	120	0	False	True			cbfbb379b3efe2e85da16ff8db07b12b196d392c1a802155da82d4a187bdfbd0	120	65789645647055251	True	1695	False
stimulus_videos	/pscratch/sd/s/sjmoon/EmoViS/data/raw/CowenEmotionVideos/1696.mp4	1696.mp4	1000608	2026-05-08T05:07:28+00:00	7df79fb0da42b07dcf520e55f3de5d49a09a05f9cbdf6d4ffd03e6c05f06f854	1696	11.52	h264	334	190	8.333333333333334	96	0	False	True			2b1ea61147f5df82ff3b5ec4a9cb2957d09083a5e0def16a9cf38abe15a00f54	96	16099548748898759	True	1696	False
stimulus_videos	/pscratch/sd/s/sjmoon/EmoViS/data/raw/CowenEmotionVideos/1697.mp4	1697.mp4	264089	2026-05-08T05:07:27+00:00	be5ef5b89207c26946c17ece2482696a9254f5e63eebba487529127cdc509eab	1697	3.06	h264	316	174	16.666666666666668	51	0	False	True			6c94c8e673de9d811cd8dc18060d3773ab9dee4367dd280788502c63b003cedd	51	24901100983535575	True	1697	False
stimulus_videos	/pscratch/sd/s/sjmoon/EmoViS/data/raw/CowenEmotionVideos/1698.mp4	1698.mp4	252725	2026-05-08T05:07:26+00:00	93dcc2649881facd772508b4fe1f936687cbcbe067d5bbe6e0ed1e2eaa302bef	1698	2.1	h264	370	330	33.333333333333336	70	0	False	True			469f86803e9b29b6f9326219b2153f27172b5b70b94e815144f6de42cc894548	70	16925070301726588	True	1698	False
stimulus_videos	/pscratch/sd/s/sjmoon/EmoViS/data/raw/CowenEmotionVideos/1699.mp4	1699.mp4	357621	2026-05-08T05:07:26+00:00	98c7ebd5f0a2d3e09e79ea6845924e0c29389d404012ff58b735a2eb97096e4b	1699	2.13	h264	600	338	33.333333333333336	71	0	False	True			62e1237ed2b613df46f283c80c62c78272ff9a9569f4536a3b92443bd6d79f86	71	16027355326443423	True	1699	False
stimulus_videos	/pscratch/sd/s/sjmoon/EmoViS/data/raw/CowenEmotionVideos/1700.mp4	1700.mp4	72462	2026-05-08T05:07:25+00:00	2787fae01e580c90d942ba8e8289615d84717c664d6e94d102062fed254edf10	1700	3.4	h264	504	286	10.0	34	0	False	True			4abab7330f22dc7a730799b36d7767a16c0f422f9e4856732f137af20eafaaf1	34	31414414561887143	True	1700	False
stimulus_videos	/pscratch/sd/s/sjmoon/EmoViS/data/raw/CowenEmotionVideos/1701.mp4	1701.mp4	286347	2026-05-08T05:07:25+00:00	ba4b22a9e258f5429b8973102c237a2c6ecddb786763ae398acebc4f5b5c8c8d	1701	3.57	h264	414	230	14.285714285714286	51	0	False	True			b506331098f6742525392adbef44762bc2ecc922c4931bb8fcd6218a7fb34adf	51	8209022813767857	True	1701	False
stimulus_videos	/pscratch/sd/s/sjmoon/EmoViS/data/raw/CowenEmotionVideos/1702.mp4	1702.mp4	398827	2026-05-08T05:07:24+00:00	f2ead0cb826ecd2dc424c243f73be8a46a4610c88dd60c6388b7fd5f53977b70	1702	9.27	h264	240	136	33.333333333333336	309	0	False	True			2052e8e45fd188c14083981ec8fb512d0b0d0a1bd4cc73cff65003e002a0cfc2	309	26806612939491215	True	1702	False
stimulus_videos	/pscratch/sd/s/sjmoon/EmoViS/data/raw/CowenEmotionVideos/1703.mp4	1703.mp4	238758	2026-05-08T05:07:25+00:00	5fde6e84a7a06ba21c871b1eae49a9c217596d7b439fff3ff7bb7ebe8b76e231	1703	6.0	h264	504	274	10.0	60	0	False	True			82629ac1baab06e0b44e0bc38b3390307d1c560d8d5ac18059130e4b2b505b26	60	56042888975989551	True	1703	False
stimulus_videos	/pscratch/sd/s/sjmoon/EmoViS/data/raw/CowenEmotionVideos/1704.mp4	1704.mp4	221140	2026-05-08T05:07:25+00:00	6142dc5abb6d913d203a8a6be1bf3d9967fb9271af282a8269098741d568f198	1704	2.4	h264	400	392	10.0	24	0	False	True			9c9881f17b77e1ac67315cd86e21d81524f7e7852b0bede2d593d3d5106559e4	24	57385399170478950	True	1704	False
stimulus_videos	/pscratch/sd/s/sjmoon/EmoViS/data/raw/CowenEmotionVideos/1705.mp4	1705.mp4	187069	2026-05-08T05:07:26+00:00	de933fe3def82cd7073b263f7dc4d4a2c90b0da9cf2944b782a6b112e7994dbf	1705	6.0	h264	456	244	25.0	150	0	False	True			31323bec4f40efa80172818950585ba4a206646f1e2e133f52b8fbbe7339dc8e	150	45532728788661868	True	1705	False
stimulus_videos	/pscratch/sd/s/sjmoon/EmoViS/data/raw/CowenEmotionVideos/1706.mp4	1706.mp4	53115	2026-05-08T05:07:26+00:00	a416b795296acd5d51b5ba622098cc444b2aad27136bc68ad72df2828dc1667e	1706	1.2	h264	500	300	10.0	12	0	False	True			20ecee2c87bda40469993613434fa9ef989d7465c1445f3b31cbec84fc5b9de0	12	65297692661618607	True	1706	False
stimulus_videos	/pscratch/sd/s/sjmoon/EmoViS/data/raw/CowenEmotionVideos/1707.mp4	1707.mp4	367788	2026-05-08T05:07:26+00:00	57227c9f0c054ed46e137fe36e38fe270a724625237c951b25a9a265c3480db8	1707	4.8	h264	360	240	8.333333333333334	40	0	False	True			48dd0db77b08345d51a1ca5688aa39c5eace21c5190b2d06ec035bd815d0a6f7	40	14161637026088411	True	1707	False
stimulus_videos	/pscratch/sd/s/sjmoon/EmoViS/data/raw/CowenEmotionVideos/1708.mp4	1708.mp4	81381	2026-05-08T05:07:27+00:00	3b91d991ceb20129e0aa02009a069adb86c6ccc230f50d77de99c28ce7ab808c	1708	2.85	h264	500	280	20.0	57	0	False	True			0a4a8dcda47dc60135f711b3656f35773f9c5a78789b6dbaa00bde7483b1c8df	57	281994549385616	True	1708	False
stimulus_videos	/pscratch/sd/s/sjmoon/EmoViS/data/raw/CowenEmotionVideos/1709.mp4	1709.mp4	800730	2026-05-08T05:07:28+00:00	3e86f37a2494bdbdfc9652fb39c261a111dbaa823c348db16dee62405d37740d	1709	7.92	h264	392	244	12.5	99	0	False	True			97fff96ccbc9365b7158c7bafa1037b2bb58918dcc8a1d5a1b8b4bcf8fb95768	99	50729159230962745	True	1709	False
stimulus_videos	/pscratch/sd/s/sjmoon/EmoViS/data/raw/CowenEmotionVideos/1710.mp4	1710.mp4	3131627	2026-05-08T05:07:25+00:00	9fd33feaae64e441e9c3a7d4c9c744bdf2ed3ce3c31903b5e579626eff2fdb8d	1710	11.4	h264	624	350	10.0	114	0	False	True			d0a60cc700a860ea8a4cf9ad8716c5d2094b9171b317fba21f8b3e132ec47835	114	9085866365578765	True	1710	False
stimulus_videos	/pscratch/sd/s/sjmoon/EmoViS/data/raw/CowenEmotionVideos/1711.mp4	1711.mp4	114275	2026-05-08T05:07:26+00:00	d37d7bce8411bb2b8aad28d0f8e25160728e87a30f7467b2cd2a2ae8210c4191	1711	2.4	h264	500	280	10.0	24	0	False	True			6f931d461af363d4f4ce44a5d5b5a5b256a315f9f070b1767b751c61225698a9	24	20860177014178691	True	1711	False
stimulus_videos	/pscratch/sd/s/sjmoon/EmoViS/data/raw/CowenEmotionVideos/1712.mp4	1712.mp4	1381383	2026-05-08T05:07:26+00:00	0890b6640f160e209ff8238ab60f2f7be84de061d731aa495dbae76178476d18	1712	4.0	h264	800	532	5.0	20	0	False	True			aeb86d203ba8989de120be9b9bbaa0f0fbf46ac74d18bd6b20d1470ee77f372d	20	61268766062400307	True	1712	False
stimulus_videos	/pscratch/sd/s/sjmoon/EmoViS/data/raw/CowenEmotionVideos/1713.mp4	1713.mp4	174119	2026-05-08T05:07:26+00:00	2c35199a3c0d148c80a79b6efc279bd2710d1c949f7bf790d0e0ef3d23ac7da4	1713	2.4	h264	600	334	10.0	24	0	False	True			976b9269238f7d41c08be68b129a709f17bb084e12c7c875ab47aa411dd1657e	24	24113747109005070	True	1713	False
stimulus_videos	/pscratch/sd/s/sjmoon/EmoViS/data/raw/CowenEmotionVideos/1714.mp4	1714.mp4	714835	2026-05-08T05:07:25+00:00	6cd67a7fd8f3098658dbd275da310924b418ce50f352660bdf140092cdf3bac0	1714	3.6	h264	600	336	10.0	36	0	False	True			5a2e6134fcde9f4aec47713253bb79476f127473bb65cec596dd75605fd91583	36	7387055749588973	True	1714	False
stimulus_videos	/pscratch/sd/s/sjmoon/EmoViS/data/raw/CowenEmotionVideos/1715.mp4	1715.mp4	129365	2026-05-08T05:07:25+00:00	b76fe75faedc69d03d77e84100515e20a2650b96477e9547631c73012d84c00a	1715	3.15	h264	360	202	14.285714285714286	45	0	False	True			8dc2ba4ec6f62aaa1bf8a54bf90f3eddd97dbf82bb4471dad2ae064b5a19cf1a	45	17730707194353377	True	1715	False
stimulus_videos	/pscratch/sd/s/sjmoon/EmoViS/data/raw/CowenEmotionVideos/1716.mp4	1716.mp4	279683	2026-05-08T05:07:24+00:00	4e70266aec25edcdbd03f708990f4cb4e519fbe80b46f2252e090e0a59037a2f	1716	2.24	h264	500	258	14.285714285714286	32	0	False	True			c589e1f4cd52b382f4ccdb6ecba5e4e1b3234a4dd345f7f2cec414875308a07a	32	35745105416395049	True	1716	False
stimulus_videos	/pscratch/sd/s/sjmoon/EmoViS/data/raw/CowenEmotionVideos/1717.mp4	1717.mp4	1141196	2026-05-08T05:07:25+00:00	9df25298f32990fc1f8f8b228b9e9155f86fd7525947ba4ff06e703a8da474bf	1717	12.65	h264	400	234	9.090909090909092	115	0	False	True			1e36e7d27662a8def536eeaaefd6d9bb99ec793aa8dfee974b3af0a1335e93c7	115	16065267341466626	True	1717	False
stimulus_videos	/pscratch/sd/s/sjmoon/EmoViS/data/raw/CowenEmotionVideos/1718.mp4	1718.mp4	1048533	2026-05-08T05:07:28+00:00	165260a76c466bd3808c4edb89b2bc8787877ddfba14d504f49129fd8884ab72	1718	14.7	h264	360	240	10.0	147	0	False	True			dbde1c5d86083f8edb600cedb9edf28b2b233d67d7f843086b35fff9bdf13894	147	51244121506716208	True	1718	False
stimulus_videos	/pscratch/sd/s/sjmoon/EmoViS/data/raw/CowenEmotionVideos/1719.mp4	1719.mp4	20883	2026-05-08T05:07:28+00:00	4723489f8717a7711689020841ad1892abd948225e418808258f49e24cd3e40d	1719	1.0	h264	250	188	10.0	10	0	False	True			4dc0145f412121111af5ce0a0da311a8f9c5e4c10a63d831f232484b62af4cfb	10	19856729744029546	True	1719	False
stimulus_videos	/pscratch/sd/s/sjmoon/EmoViS/data/raw/CowenEmotionVideos/1720.mp4	1720.mp4	384830	2026-05-08T05:07:27+00:00	831cf47d615b526d21bd66ae67e50daf7558d2aa73fa402750d4199676498689	1720	6.7	h264	346	346	10.0	67	0	False	True			56f8aaba4f76f67114ac6c3cd068c1d17b846e59511800d1bc062404c0aa4d7a	67	2942091522571807	True	1720	False
stimulus_videos	/pscratch/sd/s/sjmoon/EmoViS/data/raw/CowenEmotionVideos/1721.mp4	1721.mp4	3912074	2026-05-08T05:07:28+00:00	45caff603ff64403294bbb16ca1ad59ae5cb0213ec42ab486ac3e6b7abac3952	1721	10.3	h264	768	432	10.0	103	0	False	True			1ff20fa37af1259b9a0652e7328f6939489175de8f0df16f2cfb40369dba82a5	103	12997030545848108	True	1721	False
stimulus_videos	/pscratch/sd/s/sjmoon/EmoViS/data/raw/CowenEmotionVideos/1722.mp4	1722.mp4	195603	2026-05-08T05:07:27+00:00	a9c56475c072524f19f81125449569edaa6ee9e9369a7df0b3889b3e5978d07c	1722	1.2	h264	500	280	10.0	12	0	False	True			5fe830aa19ea5a7330a8cd5dbc98364c60b5405c12da229770aa75e98f25ee37	12	60005964970548098	True	1722	False
stimulus_videos	/pscratch/sd/s/sjmoon/EmoViS/data/raw/CowenEmotionVideos/1723.mp4	1723.mp4	842891	2026-05-08T05:07:27+00:00	40cddb3692b1db2aa5e84bde40596e3420b8c9ee9c258fdfcd40197e7254d896	1723	15.12	h264	200	360	25.0	378	0	False	True			97f661317fbf34296f159a55dde587782aa3551daab62fd0162122a571120612	378	72057026967746064	True	1723	False
stimulus_videos	/pscratch/sd/s/sjmoon/EmoViS/data/raw/CowenEmotionVideos/1724.mp4	1724.mp4	61368	2026-05-08T05:07:28+00:00	180e2ef28a0ca4e93b54c56853b3f67c198a44fd4d7465eb1df6e97401d29ab6	1724	1.6	h264	350	258	10.0	16	0	False	True			3430677f2d3c281cd306a96d466003a4feeebfaf4c7fc7f3ef1013f7b86ea1fb	16	33089101715480961	True	1724	False
stimulus_videos	/pscratch/sd/s/sjmoon/EmoViS/data/raw/CowenEmotionVideos/1725.mp4	1725.mp4	938060	2026-05-08T05:07:28+00:00	84d8cdbed8e00b586c16b93bc1173418dcaaa240169847172939e8dfcc645fb1	1725	3.734	h264	460	258	30.0	112	0	False	True			8e1d50246167c9f891959ae6eca1766f4ba108454bf24b71f884f3dfc7972ddc	112	64113683162017847	True	1725	False
stimulus_videos	/pscratch/sd/s/sjmoon/EmoViS/data/raw/CowenEmotionVideos/1726.mp4	1726.mp4	598368	2026-05-08T05:07:28+00:00	efd6fd9c2d0397b24e35fc6b187d9d4cdf823c8aee76895c634fd5a00353931f	1726	3.18	h264	450	308	16.666666666666668	53	0	False	True			8adff3d9a91986a1fbb3f1f73038b35dbf9639a6cda30efb2e0d0e3cf21fc3e2	53	44887531615025633	True	1726	False
stimulus_videos	/pscratch/sd/s/sjmoon/EmoViS/data/raw/CowenEmotionVideos/1727.mp4	1727.mp4	240709	2026-05-08T05:07:29+00:00	c0d40f6acb11052f3b07ef885c4fb91dc40f6bdffefe699225428d13cb7a39e5	1727	9.0	h264	320	212	10.0	90	0	False	True			a2b5cf56294287e4f08cb6c12209178369d7c2337045dae691934434de589d26	90	28100922031593679	True	1727	False
stimulus_videos	/pscratch/sd/s/sjmoon/EmoViS/data/raw/CowenEmotionVideos/1728.mp4	1728.mp4	106113	2026-05-08T05:07:25+00:00	caaf89c5186c84c0d1c0106daa405c2503b18c16d625f71c1c0a93409469b39c	1728	6.351	h264	320	240	29.97002997002997	191	0	False	True			4977c9380edd81245a7add7e6be95677e77c2e35fa717c88085ff29fd0e1ce48	191	72053159737702512	True	1728	False
stimulus_videos	/pscratch/sd/s/sjmoon/EmoViS/data/raw/CowenEmotionVideos/1729.mp4	1729.mp4	1497718	2026-05-08T05:07:25+00:00	4a22cbb53a18b3cb398d7daf57f72f435466758d4023b74342fedde8d3014dd5	1729	5.88	h264	720	720	33.333333333333336	196	0	False	True			f605c3bc126c3ad827a024ca87b1c8143eb352453e2f3c4c3faa2ffd38c0048d	196	63546854584759408	True	1729	False
stimulus_videos	/pscratch/sd/s/sjmoon/EmoViS/data/raw/CowenEmotionVideos/1730.mp4	1730.mp4	239769	2026-05-08T05:07:28+00:00	e260ed53a302ab18c8230d9ee303fd3e45c6a26f3cd64d37c605735bc14d2788	1730	4.27	h264	526	300	14.285714285714286	61	0	False	True			6ffa2583f41ff17bc050fed8605ef1f5c23fa9c25ba6ce9b1181257c766be86a	61	14698756264670179	True	1730	False
stimulus_videos	/pscratch/sd/s/sjmoon/EmoViS/data/raw/CowenEmotionVideos/1731.mp4	1731.mp4	433260	2026-05-08T05:07:28+00:00	debad64a6533a3e54d9a1677b787995a44b0ee392f18a550777737b19867b48a	1731	1.6	h264	720	480	10.0	16	0	False	True			431246eb6088586af0d879651949e9eed034dfd5c97b53fe13a149079aa5779a	16	13639277254987183	True	1731	False
stimulus_videos	/pscratch/sd/s/sjmoon/EmoViS/data/raw/CowenEmotionVideos/1732.mp4	1732.mp4	291296	2026-05-08T05:07:28+00:00	213a959c61368c553b68e36c0071b026e808b3d1f22c5199ced0a70613def214	1732	15.12	h264	320	240	25.0	378	0	False	True			e2f2eba59d9a7983a9e0c790880ab381647254bac7ffa6db7a0b61aa2260048c	378	28829437309670279	True	1732	False
stimulus_videos	/pscratch/sd/s/sjmoon/EmoViS/data/raw/CowenEmotionVideos/1733.mp4	1733.mp4	55438	2026-05-08T05:07:29+00:00	076ab664d9472c4abced8d53b55262b7ecef1181cba1315169b2b749f3e60a4c	1733	1.496	h264	450	252	29.416666666666668	44	0	False	True			27b429e13c402416b57e6886cc4e92bd77a02df11284baab6028c1eae63e85ff	44	4081108902632697	True	1733	False
stimulus_videos	/pscratch/sd/s/sjmoon/EmoViS/data/raw/CowenEmotionVideos/1734.mp4	1734.mp4	109729	2026-05-08T05:07:27+00:00	e86fc05366e625290efc001e77068cb3892dd7be1c3696c9c0c446a9b1866179	1734	1.04	h264	500	280	25.0	26	0	False	True			cf036425898951f6187f7b9d169da07a8210cca278ebb16ae495bd5e825d1741	26	72056446910463999	True	1734	False
stimulus_videos	/pscratch/sd/s/sjmoon/EmoViS/data/raw/CowenEmotionVideos/1735.mp4	1735.mp4	244270	2026-05-08T05:07:28+00:00	c23bdc3fb2e7f25d09d03a6c8c762f94d258e9cfd8d785e429f6b2ac8aa2f73e	1735	2.5	h264	500	332	10.0	25	0	False	True			0b45b01a92fcef2073dcb0dfa2a3c1506f665bc10dffce0f2e47c46e60a98b98	25	64073382065934950	True	1735	False
stimulus_videos	/pscratch/sd/s/sjmoon/EmoViS/data/raw/CowenEmotionVideos/1736.mp4	1736.mp4	769316	2026-05-08T05:07:27+00:00	61530c751d48a5cd030d04c0732f2086181f6c61f0390b59e1e870c5cb20c240	1736	8.7	h264	370	278	10.0	87	0	False	True			7a358a2c0fdd0801d637e7f04ae124fe544b0fe8ad0c42f9d3e1f7615396c497	87	2392552740241408	True	1736	False
stimulus_videos	/pscratch/sd/s/sjmoon/EmoViS/data/raw/CowenEmotionVideos/1737.mp4	1737.mp4	1975421	2026-05-08T05:07:27+00:00	f9ca8affb3b6bce52c121e730b1e7bcc9c345ead1d1c4c390b66d76f1186a3d3	1737	5.4	h264	640	360	8.333333333333334	45	0	False	True			5c3aa460cb43de510653d6051c7cd8bc03ad35b2bd16e42e0861af1f2d78a382	45	4025416123961577	True	1737	False
stimulus_videos	/pscratch/sd/s/sjmoon/EmoViS/data/raw/CowenEmotionVideos/1738.mp4	1738.mp4	2184284	2026-05-08T05:07:25+00:00	92c3ed310c9a6e745a3bdf9a4b385081ee6e2f9f5684d15c80da7fe6bf7e4002	1738	30.0	h264	264	326	33.333333333333336	1000	0	False	True			ee8ab0ab98926da7586bb5f6c1cca7ae32e43c8b6191e50ae4ad2c1a6afd3879	1000	44925716249814982	True	1738	False
stimulus_videos	/pscratch/sd/s/sjmoon/EmoViS/data/raw/CowenEmotionVideos/1739.mp4	1739.mp4	230274	2026-05-08T05:07:26+00:00	22d8e0d6a7d399cbf713ab7c331331857245bad36508448bb331027a731f872f	1739	5.64	h264	400	224	25.0	141	0	False	True			a78e2ecff27e8a6622525c5b70edfb4279ae4aba60015702987d708028c5f5e2	141	44544114407894491	True	1739	False
stimulus_videos	/pscratch/sd/s/sjmoon/EmoViS/data/raw/CowenEmotionVideos/1740.mp4	1740.mp4	192651	2026-05-08T05:07:29+00:00	ba9ca641b659ea2aa5914fcaaabb4eb364855873bd26c02945ea0ce6eabd20c4	1740	1.4	h264	480	206	10.0	14	0	False	True			c0e336010cc03385d3d0e4c418bc842e65bea46f266be62dde987a133e65397b	14	23165878819165362	True	1740	False
stimulus_videos	/pscratch/sd/s/sjmoon/EmoViS/data/raw/CowenEmotionVideos/1741.mp4	1741.mp4	355793	2026-05-08T05:07:29+00:00	896e19a07ba810d81e4cab7e26890372322329fb292124a4f2bd71781fe47ad2	1741	15.04	h264	426	236	25.0	376	0	False	True			df46c6fcf1c2b1452963d2eca24fd9357cf7a938c69af5c68807e9f774f412e7	376	8566347037003527	True	1741	False
stimulus_videos	/pscratch/sd/s/sjmoon/EmoViS/data/raw/CowenEmotionVideos/1742.mp4	1742.mp4	1186179	2026-05-08T05:07:30+00:00	f0de577067692de9b3146b477d672a59fb1870932fe37cfa0256387730586ac4	1742	7.04	h264	500	334	25.0	176	0	False	True			c0f547f72eb1798059bbba3c8d7843a1c8f59eee511274d949ef51a82af6cb4d	176	17553201778238223	True	1742	False
stimulus_videos	/pscratch/sd/s/sjmoon/EmoViS/data/raw/CowenEmotionVideos/1743.mp4	1743.mp4	622831	2026-05-08T05:07:30+00:00	8d77b8b042180d82ed0b5aaf4592540cfb8834ccbea351bf65cce928a29facbe	1743	10.0	h264	320	320	25.0	250	0	False	True			ead2d33833efce933edb3060de8c6b68655f2016b051deeaf4eb2a672cb8b7f5	250	67667547122177544	True	1743	False
stimulus_videos	/pscratch/sd/s/sjmoon/EmoViS/data/raw/CowenEmotionVideos/1744.mp4	1744.mp4	946119	2026-05-08T05:07:31+00:00	3463e0435f053e9078b4cb3c81f48ecd70ce040da57d4554026c6099437492e4	1744	15.75	h264	300	400	20.0	315	0	False	True			b778a27acd0599abce44a19bdc8412b64c15fc492e743e39ddbb1d1fba57f8ed	315	27731258954898975	True	1744	False
stimulus_videos	/pscratch/sd/s/sjmoon/EmoViS/data/raw/CowenEmotionVideos/1745.mp4	1745.mp4	108160	2026-05-08T05:07:31+00:00	92efd12939d3a1c1026692b83f5a1b551139a8a9f0af0cd2c1dc0a1672dcbeb8	1745	2.1	h264	408	306	14.285714285714286	30	0	False	True			b13c776d82239cb7b680f3f58d91a2acdb471ea351727190a15f11e30e28fc42	30	33312982162102406	True	1745	False
stimulus_videos	/pscratch/sd/s/sjmoon/EmoViS/data/raw/CowenEmotionVideos/1746.mp4	1746.mp4	244704	2026-05-08T05:07:30+00:00	100822588d1ca3ceed931971d4dccf96eba4bad9301c70ff5d808c66f2bf313d	1746	5.28	h264	480	270	12.5	66	0	False	True			11b16fb20185ac77eed22accb17ee9618dda9fbe184d2fb203e282dfab4112e8	66	35602707106758946	True	1746	False
stimulus_videos	/pscratch/sd/s/sjmoon/EmoViS/data/raw/CowenEmotionVideos/1747.mp4	1747.mp4	736848	2026-05-08T05:07:31+00:00	ad79aced7db725ebb5d74f08a1901a4d7e77b38535781f56899fc913cd6e8758	1747	16.2	h264	300	200	10.0	162	0	False	True			cbe280ec0c4991b70032832c488672202f873071dd18dbc1ace13126c0a444ec	162	8510739453298563	True	1747	False
stimulus_videos	/pscratch/sd/s/sjmoon/EmoViS/data/raw/CowenEmotionVideos/1748.mp4	1748.mp4	161707	2026-05-08T05:07:23+00:00	05b17468a3c0d4912c8e92f1ef9d15400770fb23877cdbabd39ed001533d05ee	1748	1.9	h264	500	280	10.0	19	0	False	True			5babe07e0c9b1911753cf2ba325c93a9841611641d15fa72f7ca89ce46ce0fcf	19	22110574968932627	True	1748	False
stimulus_videos	/pscratch/sd/s/sjmoon/EmoViS/data/raw/CowenEmotionVideos/1749.mp4	1749.mp4	227598	2026-05-08T05:07:22+00:00	bb7af79f4c426616a506fd5b476f1eadc33aaf59422a1238e8179aa8b6190e53	1749	3.62	h264	254	190	50.0	181	0	False	True			dfae4cc233d815e9665a5115b12dd44fb6c7fe6b6bf1e470a7b7ea46a39952f0	181	71196627480678583	True	1749	False
stimulus_videos	/pscratch/sd/s/sjmoon/EmoViS/data/raw/CowenEmotionVideos/1750.mp4	1750.mp4	866817	2026-05-08T05:07:31+00:00	54de3e8e59e2cf6c09580085bf23030ef4e8dba1c4cfb1591386a50a813f6d60	1750	7.4	h264	350	202	10.0	74	0	False	True			74a84ee895fad5d7bfff2151b772b9814aa4c01425ecb376a05b0e2848b30c8a	74	45532252038440462	True	1750	False
stimulus_videos	/pscratch/sd/s/sjmoon/EmoViS/data/raw/CowenEmotionVideos/1751.mp4	1751.mp4	90035	2026-05-08T05:07:31+00:00	21a464a27f4d43dea2014478c1b6bd2714cc317d5284ee1dffbb1533fa03190c	1751	1.2	h264	500	268	16.666666666666668	20	0	False	True			c38d23fab0991df7af9cab1af890983dad4247f7b920d37935051317662fb3bf	20	38012424198079362	True	1751	False
stimulus_videos	/pscratch/sd/s/sjmoon/EmoViS/data/raw/CowenEmotionVideos/1752.mp4	1752.mp4	1361700	2026-05-08T05:07:30+00:00	f9a4c006790515709c4219b01d2cbcdbde9f198f6ba4f5abfe1aa0a97f6a82ad	1752	10.98	h264	480	270	16.666666666666668	183	0	False	True			41429f5c1478b72fb2339bf51d657c766a18bd58d7375909732e6095d45b26b3	183	8883083761156963	True	1752	False
stimulus_videos	/pscratch/sd/s/sjmoon/EmoViS/data/raw/CowenEmotionVideos/1753.mp4	1753.mp4	241662	2026-05-08T05:07:30+00:00	b97044e98ada5a026e61037be5b2b4049a74680afc0da0ad9e6f3423da265f12	1753	5.4	h264	400	300	10.0	54	0	False	True			b68d3d26a8893bdcae208520375faf03b3d95c814ab56f7bf267d8cc621192af	54	68085504391724668	True	1753	False
stimulus_videos	/pscratch/sd/s/sjmoon/EmoViS/data/raw/CowenEmotionVideos/1754.mp4	1754.mp4	95531	2026-05-08T05:07:29+00:00	84f2adbd71cab35dd06813d1fec604106f3de32c534c146f53441705a6a9eac0	1754	1.3	h264	400	226	10.0	13	0	False	True			1836dd08ea4884d2a33833f41af5cf31e54102d9e20bbd0042ee4820f9f38179	13	10505525790365614	True	1754	False
stimulus_videos	/pscratch/sd/s/sjmoon/EmoViS/data/raw/CowenEmotionVideos/1755.mp4	1755.mp4	141615	2026-05-08T05:07:29+00:00	03d3eed6ea466c439c1875717b408fca26501dcc4ce7768c5385f01e504aa431	1755	6.5	h264	288	178	10.0	65	0	False	True			82702eacf17f5493711e25a0ae7993f5788f38a68c542b37c9ff75af98f03009	65	72055364696262062	True	1755	False
stimulus_videos	/pscratch/sd/s/sjmoon/EmoViS/data/raw/CowenEmotionVideos/1756.mp4	1756.mp4	522934	2026-05-08T05:07:30+00:00	44e527b70067f2739cb06d88d2ba19b615a4f265e3ef58c06bd21aa813d4c7f9	1756	4.0	h264	500	280	20.0	80	0	False	True			daf45d1b01ec01b3f4fcf81876eaed484efeba325dbe3fd97355de88b884ab04	80	60673480035788493	True	1756	False
stimulus_videos	/pscratch/sd/s/sjmoon/EmoViS/data/raw/CowenEmotionVideos/1757.mp4	1757.mp4	93002	2026-05-08T05:07:30+00:00	aa48b14d4c70ee99e45167f6ffd58a5789a421c45e482f29ff41b24bf0b80afc	1757	4.3	h264	450	450	10.0	43	0	False	True			51fae76bc7708092e2e2803d9bba9d5043fb56d37cfa0ffa78214c993057a50a	43	44540111654682168	True	1757	False
stimulus_videos	/pscratch/sd/s/sjmoon/EmoViS/data/raw/CowenEmotionVideos/1758.mp4	1758.mp4	1819220	2026-05-08T05:07:24+00:00	4704632da31565fb2260351e8d75fe77436c354107ebb5888d767a12291bc3e3	1758	10.98	h264	480	270	16.666666666666668	183	0	False	True			c3a7ec21138550f10b5ebf792a82ccb6add07a4626e133c20b195d34d74fb773	183	68050457450134745	True	1758	False
stimulus_videos	/pscratch/sd/s/sjmoon/EmoViS/data/raw/CowenEmotionVideos/1759.mp4	1759.mp4	251412	2026-05-08T05:07:24+00:00	ff97dbcd4de1b671aef2e35422fba03241f93f145d7f837657e9e8b528123e4f	1759	3.21	h264	446	296	33.333333333333336	107	0	False	True			eee9cb97a6d67b20b4b208cb1776a74a5494d731f92f9f5a20113a3c263ea75a	107	24256430993558418	True	1759	False
stimulus_videos	/pscratch/sd/s/sjmoon/EmoViS/data/raw/CowenEmotionVideos/1760.mp4	1760.mp4	174755	2026-05-08T05:07:23+00:00	09f4473f482bdf8830d337b9a5af55b6622ab1de4f31787e29f74495d8b0e1a7	1760	7.84	h264	500	276	100.0	784	0	False	True			0bffd9cfe8d90facf60a456b99ea47ac8772b073760e4fd10e6430ff40bff9bc	784	34331030400253693	True	1760	False
stimulus_videos	/pscratch/sd/s/sjmoon/EmoViS/data/raw/CowenEmotionVideos/1761.mp4	1761.mp4	2399292	2026-05-08T05:07:22+00:00	7813a11c76e15f86c36e0eabc8e651cfaacb9a654e5dd30612b8a067077bde4d	1761	15.08	h264	718	404	25.0	377	0	False	True			6f58d26b8b87fcddcd5bdcf7b6dffb450529e9d004f5948a4df247430c899a01	377	7978437473397979	True	1761	False
stimulus_videos	/pscratch/sd/s/sjmoon/EmoViS/data/raw/CowenEmotionVideos/1762.mp4	1762.mp4	90983	2026-05-08T05:07:23+00:00	4ea4a67074b611fac8b3dc597e727f2be1faeb05915ab83e58fcf7728e50c306	1762	2.4	h264	376	302	10.0	24	0	False	True			cbf3dcf019c3b8c9cbec4ba7ff7c1579748efb038f7355180e90a56224190d76	24	64166935854835337	True	1762	False
stimulus_videos	/pscratch/sd/s/sjmoon/EmoViS/data/raw/CowenEmotionVideos/1763.mp4	1763.mp4	337491	2026-05-08T05:07:23+00:00	1deed7d5d83c968383e8a5df7c058b1ddd0766d61918965b86d56cbcfd9b0e72	1763	2.04	h264	500	274	8.333333333333334	17	0	False	True			986a52b9cfa5b5475cecc278ed84190f077d66a660370aea05ce293f05b678a0	17	43554399362622150	True	1763	False
stimulus_videos	/pscratch/sd/s/sjmoon/EmoViS/data/raw/CowenEmotionVideos/1764.mp4	1764.mp4	1012406	2026-05-08T05:07:24+00:00	1f52941a8f550747c6fbe827392c68364293cf9e680a500e562b591481b749f9	1764	5.16	h264	610	330	16.666666666666668	86	0	False	True			210e01257aed674f4d919246622d6fa8d5d34e367ee37bac0b1d0e6b93f8ed64	86	1720985667915420	True	1764	False
stimulus_videos	/pscratch/sd/s/sjmoon/EmoViS/data/raw/CowenEmotionVideos/1765.mp4	1765.mp4	1846804	2026-05-08T05:07:24+00:00	260af3f3ee7f7e3b11d6a25e8d85b6f08aa3880dd16d766c253db833fd0dd1ce	1765	6.96	h264	720	540	25.0	174	0	False	True			4b58f66c75bf52f5c3ade57e7c03b1fdba1b68735f8bf53497572ef7cd085adb	174	29385443838731783	True	1765	False
stimulus_videos	/pscratch/sd/s/sjmoon/EmoViS/data/raw/CowenEmotionVideos/1766.mp4	1766.mp4	111119	2026-05-08T05:07:24+00:00	95055d89a64cf684b3b1911d76e1eeaf61a836d129c4d9ba7c083b9a1bd154f6	1766	3.65	h264	500	280	20.0	73	0	False	True			e80e9cc6addd8393e3b74b8a9ad90951e45302222b48cee93e4cf4b9863837d6	73	17518217426872143	True	1766	False
stimulus_videos	/pscratch/sd/s/sjmoon/EmoViS/data/raw/CowenEmotionVideos/1767.mp4	1767.mp4	1431064	2026-05-08T05:07:23+00:00	b391957cab2d392bae94f9145ef6da885eed55481dc3ac5883cee957720fcf34	1767	6.09	h264	590	592	33.333333333333336	203	0	False	True			af879f8fbed50af5b8985e4fa1e6431373d5bad0a21f69922056f625f4fb5e79	203	25390764644510840	True	1767	False
stimulus_videos	/pscratch/sd/s/sjmoon/EmoViS/data/raw/CowenEmotionVideos/1768.mp4	1768.mp4	1021857	2026-05-08T05:07:29+00:00	60b2e0ce3a08a8b6896147f2df21438e825c873d0274d637488775946ee6283e	1768	5.0	h264	720	720	30.0	150	0	False	True			62cada3417addf67c8a7a71cbc80070e692568499ef25d18b1d3b389b662d7a3	150	61077939096113047	True	1768	False
stimulus_videos	/pscratch/sd/s/sjmoon/EmoViS/data/raw/CowenEmotionVideos/1769.mp4	1769.mp4	184931	2026-05-08T05:07:29+00:00	b362b2e90da014c12563342ad025343033ed1cd7475b078644795b9eaffed0cb	1769	3.33	h264	500	246	11.11111111111111	37	0	False	True			15e83cf3d4bb33223d275125d22ec0c86f3402416a51fe86e94b031e1dbae926	37	56028973795189312	True	1769	False
stimulus_videos	/pscratch/sd/s/sjmoon/EmoViS/data/raw/CowenEmotionVideos/1770.mp4	1770.mp4	7010213	2026-05-08T05:07:24+00:00	ba20a0c227251ecd599dcfd6d6b95138396723fd1a3df7858de5c6cbb21f41e8	1770	15.0	h264	720	404	24.0	360	0	False	True			ecc532004a85a0711da089051567b6b0c47b9620a863e35ee2d11e0ec7dd2ca8	360	17694708934491998	True	1770	False
stimulus_videos	/pscratch/sd/s/sjmoon/EmoViS/data/raw/CowenEmotionVideos/1771.mp4	1771.mp4	2415742	2026-05-08T05:07:24+00:00	9e0455ee031902901cddd8e925bc4deed496f332f99b775c0c0ee72c030901e3	1771	14.04	h264	720	404	25.0	351	0	False	True			61d7e461c767a3476b8cf2b9cb4daa83667488edb01aa4707a638751e2168235	351	14149173736927344	True	1771	False
stimulus_videos	/pscratch/sd/s/sjmoon/EmoViS/data/raw/CowenEmotionVideos/1772.mp4	1772.mp4	163834	2026-05-08T05:07:24+00:00	578bfac80125e8762db06a840de1fd6975859ff2020bfbaf927c80e936d9a383	1772	2.2	h264	360	360	25.0	55	0	False	True			5934542f52904d60c4d35bf5e80260a1269a2e60ecee80aeab954157e62aea9c	55	18191151834913211	True	1772	False
stimulus_videos	/pscratch/sd/s/sjmoon/EmoViS/data/raw/CowenEmotionVideos/1773.mp4	1773.mp4	92274	2026-05-08T05:07:23+00:00	cbc1e8a7e8e5cba5b6cfd035d48c876973d1f212ade591083cc1d726297bf737	1773	2.4	h264	450	254	10.0	24	0	False	True			8b13a1234c71da1c52b08677e78864109db06526c49c8fcaabf831d0b2d18747	24	38032339751791515	True	1773	False
stimulus_videos	/pscratch/sd/s/sjmoon/EmoViS/data/raw/CowenEmotionVideos/1774.mp4	1774.mp4	499082	2026-05-08T05:07:23+00:00	d6a036a5595bf4e18f7173828d960278564817bfa73720a6d5026394a222f37f	1774	16.2	h264	320	214	10.0	162	0	False	True			68b009656409e6dec798778b1ef7239908731e851568714394288c95a20e0457	162	1704441845746317	True	1774	False
stimulus_videos	/pscratch/sd/s/sjmoon/EmoViS/data/raw/CowenEmotionVideos/1775.mp4	1775.mp4	4869087	2026-05-08T05:07:22+00:00	9da9497cd8917c8c284adcfe75910bddbfe2d30e13c8a762a5ae25c42d4c6e31	1775	46.62	h264	358	558	16.666666666666668	777	0	False	True			71ca3c72615663b570a7224978e5cdac7a8d7d51e48761b5aab92beb5bda8eaf	777	70764351723551768	True	1775	False
stimulus_videos	/pscratch/sd/s/sjmoon/EmoViS/data/raw/CowenEmotionVideos/1776.mp4	1776.mp4	141256	2026-05-08T05:07:23+00:00	fdcf6fa204d691906e6bf7a7a747ba965fac7e204895dce095e61dfb33957cf7	1776	3.0	h264	300	168	10.0	30	0	False	True			fa15b90537296ed4aa890713072c3422019663b49f8e54cec9c4fe2266e5da75	30	14186777786517000	True	1776	False
stimulus_videos	/pscratch/sd/s/sjmoon/EmoViS/data/raw/CowenEmotionVideos/1777.mp4	1777.mp4	145574	2026-05-08T05:07:23+00:00	3c7b7858dade1015847360d8024e504990ca3178c3f289d35961878612cd311a	1777	3.0	h264	432	326	6.666666666666667	20	0	False	True			f4667c8d8b44d3e4f3e48a273131ebe60e8aaadf70d182f3b82714dd87dc9a48	20	17767069533131236	True	1777	False
stimulus_videos	/pscratch/sd/s/sjmoon/EmoViS/data/raw/CowenEmotionVideos/1778.mp4	1778.mp4	945859	2026-05-08T05:07:31+00:00	b458b88e5ba41d34b12354312b970ae7b9cd0a60c7062a393b181cf3b95dca9b	1778	14.5	h264	448	448	10.0	145	0	False	True			42876e7144daef31216182faf045dd101e8fcbbf2a1231422d10e98a75ca4ee0	145	72057594027887535	True	1778	False
stimulus_videos	/pscratch/sd/s/sjmoon/EmoViS/data/raw/CowenEmotionVideos/1779.mp4	1779.mp4	1302900	2026-05-08T05:07:31+00:00	4d1ca0f9d3c653e2e73876b9a3e9833798e452a353475aff32350c8c5dfdef45	1779	5.267	h264	720	540	30.0	158	0	False	True			3b0991d50f9f89e18068c01b2e198fc30c63669e704a09e3745b04adee8582cb	158	8531725054657933	True	1779	False
stimulus_videos	/pscratch/sd/s/sjmoon/EmoViS/data/raw/CowenEmotionVideos/1780.mp4	1780.mp4	5281445	2026-05-08T05:07:29+00:00	68f5dad2737a33fe6285e0f091a911e6140efabd629c176756bb54e0d2003d5a	1780	9.3	h264	1280	720	10.0	93	0	False	True			0771c6d15d3f7c71ec81d90f177246f6a50ca839b00e3139a419ccf504f23abb	93	64114477732782862	True	1780	False
stimulus_videos	/pscratch/sd/s/sjmoon/EmoViS/data/raw/CowenEmotionVideos/1781.mp4	1781.mp4	30719	2026-05-08T05:07:30+00:00	cdf5bc9b3691b84021aa949b7cc8611f1912bb022fb01791da73bf9373e4ab7a	1781	1.5	h264	250	168	16.666666666666668	25	0	False	True			9f7674a991467c3bddb876b1083266f16d713681277fdcab71130e62cedd47a3	25	8578718708165849	True	1781	False
stimulus_videos	/pscratch/sd/s/sjmoon/EmoViS/data/raw/CowenEmotionVideos/1782.mp4	1782.mp4	80997	2026-05-08T05:07:29+00:00	0296e875251f834e8ca6f1352b73008771c24aa37ccf3573ee3cbc6e103a45a3	1782	3.2	h264	500	200	10.0	32	0	False	True			231237f7bbdda6f7b2a56e615eb113d55e0406dfe1ffeeea85fd6a3749148436	32	1225635131508365	True	1782	False
stimulus_videos	/pscratch/sd/s/sjmoon/EmoViS/data/raw/CowenEmotionVideos/1783.mp4	1783.mp4	371913	2026-05-08T05:07:29+00:00	4532e184751ee8acebe7e76b8e557cdeef1256982a8c829e44402d50ac745446	1783	4.4	h264	480	270	10.0	44	0	False	True			825471e194d65685afdbe99eff331085e217f658700df4d1fa129e1394a50dcf	44	6300487468512231	True	1783	False
stimulus_videos	/pscratch/sd/s/sjmoon/EmoViS/data/raw/CowenEmotionVideos/1784.mp4	1784.mp4	128537	2026-05-08T05:07:31+00:00	e76364804701d91bcbe922f34314eaf9f7565199233b69fb98e8dcff157fe511	1784	4.94	h264	244	180	50.0	247	0	False	True			da7e37f3beafe664c4fce6b164e387212171c71db3831aeea3218d6a2e8c525c	247	28953673717632918	True	1784	False
stimulus_videos	/pscratch/sd/s/sjmoon/EmoViS/data/raw/CowenEmotionVideos/1785.mp4	1785.mp4	347512	2026-05-08T05:07:30+00:00	56f56cdd0304482af68d4942c7863eeb93e3ea98616a414430081470f6d3e0e1	1785	5.2	h264	500	374	12.5	65	0	False	True			c4b835015d0d061bc9e714048e296d6574a0be3e1b85c7ae598b1f4f3c6b8f16	65	673761525931578	True	1785	False
stimulus_videos	/pscratch/sd/s/sjmoon/EmoViS/data/raw/CowenEmotionVideos/1786.mp4	1786.mp4	3594714	2026-05-08T05:07:31+00:00	671cab88df5f92b6e2d04136033e6c5e0f12204bdf469ccbee5ff8688a14033a	1786	7.883	h264	720	404	23.976023976023978	189	0	False	True			784d9306f55055ccc1ff7513a999563cd03a35215d5e81934bafbda3f59ef41e	189	42537609430158750	True	1786	False
stimulus_videos	/pscratch/sd/s/sjmoon/EmoViS/data/raw/CowenEmotionVideos/1787.mp4	1787.mp4	370907	2026-05-08T05:07:31+00:00	68d451203ca6028e96be1b235efa2fc355884d63f446b272b9d79d69d3b84db3	1787	7.67	h264	300	254	100.0	767	0	False	True			4f8ae806f1ed0ecf6d4a151d48a02895bd44b7738e8e0e4c7c344ca32e642534	767	40781272544988307	True	1787	False
stimulus_videos	/pscratch/sd/s/sjmoon/EmoViS/data/raw/CowenEmotionVideos/1788.mp4	1788.mp4	192287	2026-05-08T05:07:23+00:00	5954cce237f0a5f8921697a8cd9b4e99f509ad73b3a0a45bbff9b81aaa643761	1788	4.05	h264	308	216	11.11111111111111	45	0	False	True			36c462b2fd206b8eb32f09a9c4ab330ffb4129d82b2b008066d031a68356c12b	45	6808451399702541	True	1788	False
stimulus_videos	/pscratch/sd/s/sjmoon/EmoViS/data/raw/CowenEmotionVideos/1789.mp4	1789.mp4	992651	2026-05-08T05:07:23+00:00	f006d435dd8da91a94e0c8bba85e77c8f88fa56a7b0e8819edc84d3d691ef299	1789	25.84	h264	388	314	12.5	323	0	False	True			6019d762b6856afd788f730aab3f8d27e0e384e79a4702148194f140cbd478eb	323	2056762051456479	True	1789	False
stimulus_videos	/pscratch/sd/s/sjmoon/EmoViS/data/raw/CowenEmotionVideos/1790.mp4	1790.mp4	261816	2026-05-08T05:07:31+00:00	20789c6d202bf0a158668c2d78d8ac7cff4c0da53a5a1d516cf84d38d2d65c20	1790	5.5	h264	314	190	10.0	55	0	False	True			a807bd2d1db5d75b281bf764d63dff25f2d9bc7457684fed3868417a669d751d	55	10780265653846919	True	1790	False
stimulus_videos	/pscratch/sd/s/sjmoon/EmoViS/data/raw/CowenEmotionVideos/1791.mp4	1791.mp4	36897	2026-05-08T05:07:30+00:00	7e317b9386a83f86fa6845aee7a625723f6d70c91207241408d1f1cd44da45b4	1791	0.68	h264	400	400	25.0	17	0	False	True			d80a663240606e3ff19f7050ad32317fc8c6d46d14395ddf15d21afdc5df4fbe	17	49910850160171552	True	1791	False
stimulus_videos	/pscratch/sd/s/sjmoon/EmoViS/data/raw/CowenEmotionVideos/1792.mp4	1792.mp4	230675	2026-05-08T05:07:31+00:00	ad3ed5a06ebd537b61f57d18fdfccdf2e111fd5a8519bdf55413a15a2de37e40	1792	2.8	h264	352	308	20.0	56	0	False	True			e40fcf868caa41097caa3af8a895aef3f6ee5833e748a7bcd77b040563e12d53	56	23887558906703515	True	1792	False
stimulus_videos	/pscratch/sd/s/sjmoon/EmoViS/data/raw/CowenEmotionVideos/1793.mp4	1793.mp4	619546	2026-05-08T05:07:31+00:00	6382d32086e76c620aaddcca63849da56157194980b7f7f7e84fac4787ec786d	1793	9.4	h264	400	230	25.0	235	0	False	True			7a34ac98593bfe1f0d873f7714f2f1b4458a5cda9f0ca8a02e3f913027821a70	235	31640585579263999	True	1793	False
stimulus_videos	/pscratch/sd/s/sjmoon/EmoViS/data/raw/CowenEmotionVideos/1794.mp4	1794.mp4	425744	2026-05-08T05:07:29+00:00	286a1a1687cb82995d101b6a6264d435c0e7ca8ec0ba3de002167451af8f823c	1794	0.152	h264	500	638	33.0	5	0	False	True			4c7926b6017bdd6e8be796a5f941848b8d8c9c5066d2e978167338319dec25de	5	32037794907493100	True	1794	False
stimulus_videos	/pscratch/sd/s/sjmoon/EmoViS/data/raw/CowenEmotionVideos/1795.mp4	1795.mp4	302977	2026-05-08T05:07:30+00:00	d9035eda28e968c41de5a17eb2c444a05b9164afef8ec1e988fd5bcd5eebdd7a	1795	4.34	h264	500	284	14.285714285714286	62	0	False	True			f5105e769f68962cbe2b5df23436661d2a51ee9209157cfccebdd12f27d5f617	62	36596231725926561	True	1795	False
stimulus_videos	/pscratch/sd/s/sjmoon/EmoViS/data/raw/CowenEmotionVideos/1796.mp4	1796.mp4	198163	2026-05-08T05:07:29+00:00	1646ed9d4d9cda8a18bb5da202755a0fafb7336200152fb5ffa255d465640aaf	1796	0.84	h264	640	480	16.666666666666668	14	0	False	True			c2e6d7b439262772c4a4faaee61ebcde6e59de145cc9d9249740ff964b3d65c5	14	14395192564434788	True	1796	False
stimulus_videos	/pscratch/sd/s/sjmoon/EmoViS/data/raw/CowenEmotionVideos/1797.mp4	1797.mp4	139546	2026-05-08T05:07:29+00:00	9834f274ffd50ac14ccdc284e90fafe8ea9ade88e1ce57db42a8ca0e3f276d5a	1797	1.98	h264	500	374	16.666666666666668	33	0	False	True			78fa98320709fa02625ff64637e5700f88f2f1410e27e7b4b1a00342a61c5154	33	7583479503217729	True	1797	False
stimulus_videos	/pscratch/sd/s/sjmoon/EmoViS/data/raw/CowenEmotionVideos/1798.mp4	1798.mp4	982906	2026-05-08T05:07:23+00:00	3b266e7e10790a924cac7490ca1674117d25817ade4b144ce0ca49c00617692e	1798	9.36	h264	512	908	16.666666666666668	156	0	False	True			dac37e0bb7883880c8bfd962bb5905d603c18e17f3d60267dab4e4e60582fd42	156	67485625227410430	True	1798	False
stimulus_videos	/pscratch/sd/s/sjmoon/EmoViS/data/raw/CowenEmotionVideos/1799.mp4	1799.mp4	424725	2026-05-08T05:07:24+00:00	629c06d8aeac89dce6283f80dd92fb66a5a803b7d83cae125ab62776754b7eb1	1799	2.4	h264	500	282	10.0	24	0	False	True			8743d0fe5b8aa3426b31aa88d8d5f81b127147beecc36dff335e77238abe3a0a	24	3971677606234898	True	1799	False
stimulus_videos	/pscratch/sd/s/sjmoon/EmoViS/data/raw/CowenEmotionVideos/1800.mp4	1800.mp4	3775259	2026-05-08T05:07:30+00:00	aa0c05261a6a1ad21474eb26da5c403b16c664b1abce483d52b85e53b066dc68	1800	15.12	h264	640	640	25.0	378	0	False	True			d04774aed184278af119744789e5008892d0f7dbbb332274dae287c08df22b9f	378	47478092482086670	True	1800	False
stimulus_videos	/pscratch/sd/s/sjmoon/EmoViS/data/raw/CowenEmotionVideos/1801.mp4	1801.mp4	137574	2026-05-08T05:07:30+00:00	33e179b98a7281bc6194c3b89b0f0d62b65a08d7d46af1f0d71ce919d50e9121	1801	3.2	h264	306	156	10.0	32	0	False	True			1cf738bac137d2f9df94faf53bd4a5a7c23d2dd99db8ad6e7aa2712b05161e48	32	35957302483955437	True	1801	False
stimulus_videos	/pscratch/sd/s/sjmoon/EmoViS/data/raw/CowenEmotionVideos/1802.mp4	1802.mp4	1184131	2026-05-08T05:07:31+00:00	bb3c2ac9ab1e4f7553c79a999527da329936cfe9e2b143382eb335f12aeac704	1802	8.69	h264	380	230	9.090909090909092	79	0	False	True			2963a909fc7e1e3c4211027fbf85b5f82ff4f8e5e51b9e7a6f97ca1df39c33ea	79	67205527161720906	True	1802	False
stimulus_videos	/pscratch/sd/s/sjmoon/EmoViS/data/raw/CowenEmotionVideos/1803.mp4	1803.mp4	88478	2026-05-08T05:07:31+00:00	263b1248f27c684ab3e0afbb99284b8d89a6b8412b02e41bfe6c9598efcac751	1803	2.8	h264	352	236	10.0	28	0	False	True			b46f248e8ff59b3d73230f9a0a4e5a39d4c99bfbb7a429efe87480274c7c1cfb	28	39086098410031007	True	1803	False
stimulus_videos	/pscratch/sd/s/sjmoon/EmoViS/data/raw/CowenEmotionVideos/1804.mp4	1804.mp4	325624	2026-05-08T05:07:30+00:00	a9cecaa6bdf4d48d983d48479b15f5472217b5203351a5f58b991cda53124610	1804	9.1	h264	298	216	10.0	91	0	False	True			9bcd89830c48c3b73153349b0c0a194c8c764bc9dc5149f89bd8d2ac88541e39	91	2845779670679692	True	1804	False
stimulus_videos	/pscratch/sd/s/sjmoon/EmoViS/data/raw/CowenEmotionVideos/1805.mp4	1805.mp4	98655	2026-05-08T05:07:30+00:00	bc69ebdbe1c8f72ac928db1a2b4f3441dea6ddfd896f96b3963016c7f2621650	1805	0.385	h264	580	414	28.583333333333332	11	0	False	True			890fa7d8da5e254d2a4f00cfca1f56cf895f4ef80be6aa73f11eb5facec5922e	11	67536120734748507	True	1805	False
stimulus_videos	/pscratch/sd/s/sjmoon/EmoViS/data/raw/CowenEmotionVideos/1806.mp4	1806.mp4	5284960	2026-05-08T05:07:29+00:00	1e2d1569305f24ea452c83d2761ab5a16f6512566b53ecd354894790bb588428	1806	15.0	h264	720	402	25.0	375	0	False	True			21970fe5230a3522b78a851f595f7adacd5a4c3d04a608aed5e85eef44ea8aa5	375	38724004140688394	True	1806	False
stimulus_videos	/pscratch/sd/s/sjmoon/EmoViS/data/raw/CowenEmotionVideos/1807.mp4	1807.mp4	183266	2026-05-08T05:07:29+00:00	aa14db8dbabe4d11001326e1a8c995fc5742bfd8f45f70e7a95e86124b19e8fb	1807	2.7	h264	500	288	6.666666666666667	18	0	False	True			5a093de8c5fa1508362fb86d310e958167e76184632ba23a858f020a43d80053	18	47234846360966127	True	1807	False
stimulus_videos	/pscratch/sd/s/sjmoon/EmoViS/data/raw/CowenEmotionVideos/1808.mp4	1808.mp4	297567	2026-05-08T05:07:23+00:00	04bd1ed50c199bd6b0f615df4977505a62454c879ace054d193f5cca17238c6e	1808	2.31	h264	500	250	9.090909090909092	21	0	False	True			a5be40235ba166509e92c565a05fcdff12e043a2d18b8bf70c84e324b16cafd8	21	30632011876358806	True	1808	False
stimulus_videos	/pscratch/sd/s/sjmoon/EmoViS/data/raw/CowenEmotionVideos/1809.mp4	1809.mp4	930670	2026-05-08T05:07:23+00:00	16f3571108a88738659e6d5b6746e064c411028f03f3582b27eaaa6065f34545	1809	12.32	h264	360	202	12.5	154	0	False	True			e17549072ac756076feb758af1e9497675aed564691c0d4727736b7517d86334	154	13182296118983929	True	1809	False
stimulus_videos	/pscratch/sd/s/sjmoon/EmoViS/data/raw/CowenEmotionVideos/1810.mp4	1810.mp4	450388	2026-05-08T05:07:30+00:00	998d6618bb493d37d9281e41b8a0799ea5d89fa76cf2e0ee3f45017f10891546	1810	6.6	h264	300	240	10.0	66	0	False	True			1fb9cb9f381655c437dca62a0128cca07ba5d26c4c17d8cc683a106bbfae901b	66	27829853151460824	True	1810	False
stimulus_videos	/pscratch/sd/s/sjmoon/EmoViS/data/raw/CowenEmotionVideos/1811.mp4	1811.mp4	1305872	2026-05-08T05:07:30+00:00	c55a95dc65f81913cf9bbe7054550135a054ee15ce599e1fbc16cfa3f921bb8d	1811	9.1	h264	360	640	10.0	91	0	False	True			4eaccd268d6ecab54f216a8d79e88d81da24b7633af32dd7271738da0f45b7d4	91	70913618921881279	True	1811	False
stimulus_videos	/pscratch/sd/s/sjmoon/EmoViS/data/raw/CowenEmotionVideos/1812.mp4	1812.mp4	296226	2026-05-08T05:07:29+00:00	3e718e1b8fe7dcf5e8f7e4a0174b9ad4f230fd1c09e4e349600b9e5e32774b76	1812	6.52	h264	306	200	25.0	163	0	False	True			bd4f1a04b6062d53cc02019f0fafa92d1badf19e976a19a08c010bc9e48408b7	163	64132026867940593	True	1812	False
stimulus_videos	/pscratch/sd/s/sjmoon/EmoViS/data/raw/CowenEmotionVideos/1813.mp4	1813.mp4	221217	2026-05-08T05:07:29+00:00	6c078845826861a9bb50b5b5703ca215b1c9eb44acb2696fbad0fa5e01dcd2ed	1813	3.8	h264	352	196	10.0	38	0	False	True			1473dd7b8881a1c8918926dabe3103d1af47b11728e7b4fbc08b20271ca7322f	38	5117505901416349	True	1813	False
stimulus_videos	/pscratch/sd/s/sjmoon/EmoViS/data/raw/CowenEmotionVideos/1814.mp4	1814.mp4	228613	2026-05-08T05:07:30+00:00	82329c98a3b12e12702663f96c77b79e0fa537d3152f43d8fe5eabeb543934f2	1814	2.4	h264	624	354	10.0	24	0	False	True			257e904d387441915de74692947a999ed0bd6696bdf52ed387288bf0978f7df8	24	48116431973450848	True	1814	False
stimulus_videos	/pscratch/sd/s/sjmoon/EmoViS/data/raw/CowenEmotionVideos/1815.mp4	1815.mp4	294305	2026-05-08T05:07:30+00:00	4c5f060fb8907828c385b508e42e2b0f1c4e20b9012765bcfac8260729339026	1815	2.2	h264	500	262	10.0	22	0	False	True			b8b0ee0bb9e7a663becb91d6f56f4d7134509da3c02e7aaa6f93370d244a2a10	22	13457586778465783	True	1815	False
stimulus_videos	/pscratch/sd/s/sjmoon/EmoViS/data/raw/CowenEmotionVideos/1816.mp4	1816.mp4	248651	2026-05-08T05:07:31+00:00	09a91029be1ee5fc900dccf975f26995fac2aeb1b092c68716b0797cb31f007d	1816	4.95	h264	320	130	20.0	99	0	False	True			8c125519dd37358623d81a07088bee4bfa8b28af0ba527c9dd80047075999800	99	10709697164112327	True	1816	False
stimulus_videos	/pscratch/sd/s/sjmoon/EmoViS/data/raw/CowenEmotionVideos/1817.mp4	1817.mp4	92600	2026-05-08T05:07:31+00:00	9b62b2eaf73f460b118d0f4d503fa356ad8042dbae3ecabc9931f9e8ea634f69	1817	0.82	h264	500	274	50.0	41	0	False	True			02bcc4cd32b9b15e5bc40258dd55be59a288f713a8afb8439346ae3cde26a62d	41	11637144352103738	True	1817	False
stimulus_videos	/pscratch/sd/s/sjmoon/EmoViS/data/raw/CowenEmotionVideos/1818.mp4	1818.mp4	825199	2026-05-08T05:07:23+00:00	b14eb669fb7906b71435ee5dba5bd3a7d4c2bf8d119eade657b0ed11b6211505	1818	12.08	h264	170	302	12.5	151	0	False	True			16ddc3784b73a8e1d90f2b794ce6961a217484643ed4909cd4c5ffffb217d289	151	51596353573146511	True	1818	False
stimulus_videos	/pscratch/sd/s/sjmoon/EmoViS/data/raw/CowenEmotionVideos/1819.mp4	1819.mp4	637091	2026-05-08T05:07:23+00:00	ceda1cf69711f38fc0eabb4ff46bd5bf706973102169548b77a341e450c54ec5	1819	7.7	h264	320	240	10.0	77	0	False	True			5d98bfd34fd252555552df8ec70c7cbb0c5c0f9022847efbdb3d8a864a18081d	77	40264458527020814	True	1819	False
stimulus_videos	/pscratch/sd/s/sjmoon/EmoViS/data/raw/CowenEmotionVideos/1820.mp4	1820.mp4	82715	2026-05-08T05:07:23+00:00	b235fcac05bdd8dd7e99dee67366ce26328b85ad058312bd1ae7d29b6372f60f	1820	2.1	h264	500	280	14.285714285714286	30	0	False	True			762399e440ca2bc94562330657e9135e685f711a76a1da81744b1463db39028e	30	9646923997517838	True	1820	False
stimulus_videos	/pscratch/sd/s/sjmoon/EmoViS/data/raw/CowenEmotionVideos/1821.mp4	1821.mp4	1290536	2026-05-08T05:07:23+00:00	45c957c168701194c7c14de015a554a259319f8880dafbc164591ec586a797b3	1821	10.0	h264	718	404	25.0	250	0	False	True			9a5199421e45dab33ddc2dfac3dd88168050f60826a92bc71529b2a7cdcb1991	250	28083600613841022	True	1821	False
stimulus_videos	/pscratch/sd/s/sjmoon/EmoViS/data/raw/CowenEmotionVideos/1822.mp4	1822.mp4	15870	2026-05-08T05:07:24+00:00	8fdc72b527afb39f56fab0b4fbe3009e86f3e1c9c823d4dec8f8279fe4925f59	1822	0.72	h264	490	274	8.333333333333334	6	0	False	True			c1896a1b942e141ecb693350ab2c4a89b79a5ac77806e7a9061e50185e759832	6	67517433475483591	True	1822	False
stimulus_videos	/pscratch/sd/s/sjmoon/EmoViS/data/raw/CowenEmotionVideos/1823.mp4	1823.mp4	52840	2026-05-08T05:07:24+00:00	f5152c58c6c1f2bf99ce7074c9bdc85bbb527bb3dbff6f81260f958d17e1b38e	1823	0.36	h264	350	200	16.666666666666668	6	0	False	True			47c25d8cdda40b2b6a974855e50b8e5455a4004dad9f7b1c6e2d647045c31671	6	56090512692617799	True	1823	False
stimulus_videos	/pscratch/sd/s/sjmoon/EmoViS/data/raw/CowenEmotionVideos/1824.mp4	1824.mp4	356673	2026-05-08T05:07:23+00:00	a8276efd557a2630088224a96e58814fd97a823cd2358d1fab02cd9c83c5f99b	1824	3.54	h264	450	254	16.666666666666668	59	0	False	True			b35cc5d0f762c9fd1ebabac85023cf5024138265dce04c4c28043af60332069e	59	31048540940883631	True	1824	False
stimulus_videos	/pscratch/sd/s/sjmoon/EmoViS/data/raw/CowenEmotionVideos/1825.mp4	1825.mp4	65615	2026-05-08T05:07:23+00:00	bdb0e98c67ad7ec246c48b03eb007b2b88d873c607313dab9ab4418abcfb9499	1825	2.2	h264	500	274	10.0	22	0	False	True			0cd67804bb97acae782bdacf1b79f4b347fdbc92d6347f5934605838bfaa3be3	22	19818142293590438	True	1825	False
stimulus_videos	/pscratch/sd/s/sjmoon/EmoViS/data/raw/CowenEmotionVideos/1826.mp4	1826.mp4	393747	2026-05-08T05:07:22+00:00	758e37f67324177dd7afb15112bcc720bebe603ab28c008cb576bbd5d50d0a6f	1826	7.7	h264	800	362	9.090909090909092	70	0	False	True			77038db3fe417aae7eed1ad55d0b06b5d58dd1d5bce56803acdaf3746a6004cf	70	17289320373042233	True	1826	False
stimulus_videos	/pscratch/sd/s/sjmoon/EmoViS/data/raw/CowenEmotionVideos/1827.mp4	1827.mp4	46995	2026-05-08T05:07:22+00:00	03149415f4587dd9026faef5fa38f351c9eb4400a6c9dcaf1fb35cc49cb8fb56	1827	1.6	h264	500	210	12.5	20	0	False	True			68274c6078f68544b982802462858d14a59cf0988fd004a6777f2ba2ec7a1665	20	8510602014344972	True	1827	False
stimulus_videos	/pscratch/sd/s/sjmoon/EmoViS/data/raw/CowenEmotionVideos/1828.mp4	1828.mp4	248638	2026-05-08T05:07:30+00:00	02dd0e0f50353168a0d78fa22bbba09a213f22c92db4b3053cfaf9a3cdfe0e21	1828	11.1	h264	310	174	10.0	111	0	False	True			200cd364e25ebf163d62c93dc51ea4774a8747618e49995bc0131cc04d67df97	111	16520624288322729	True	1828	False
stimulus_videos	/pscratch/sd/s/sjmoon/EmoViS/data/raw/CowenEmotionVideos/1829.mp4	1829.mp4	130195	2026-05-08T05:07:30+00:00	59c4eb453d2bc5af1211cb4ca2d0d95fed0da73d44c92044d76135102f44c368	1829	2.16	h264	500	264	16.666666666666668	36	0	False	True			8758ca5e02477e2cd673da14c2823b7c557fc8523231ba62891ba2691f43eaba	36	58990478940223861	True	1829	False
stimulus_videos	/pscratch/sd/s/sjmoon/EmoViS/data/raw/CowenEmotionVideos/1830.mp4	1830.mp4	261969	2026-05-08T05:07:23+00:00	fc9feb032b3caf1e4b5b275c0542f2d073994637bfd9f6ca287046e49310a55b	1830	12.8	h264	222	236	12.5	160	0	False	True			2f85a57cace5128ea9351f032337d6fbe74e953620adce5797d9d1eceed84ccf	160	9237588880117661	True	1830	False
stimulus_videos	/pscratch/sd/s/sjmoon/EmoViS/data/raw/CowenEmotionVideos/1831.mp4	1831.mp4	27831	2026-05-08T05:07:23+00:00	668d144ad0b7fd1bed10148dc2503ee561ecf5726f77a9e8c823a9bc7ec5a2ed	1831	1.2	h264	250	184	10.0	12	0	False	True			487e4578553124a734574f65f9585eceb4b7a0d18a168b755f1b586553c7d8a4	12	8054173667606933	True	1831	False
stimulus_videos	/pscratch/sd/s/sjmoon/EmoViS/data/raw/CowenEmotionVideos/1832.mp4	1832.mp4	3035110	2026-05-08T05:07:22+00:00	d2ce30232738a65c9c9ba65e1e5e0642088b7b96c6ac925c09ed7ce28d853363	1832	53.2	h264	350	166	5.0	266	0	False	True			57b3298e0908a1484c380fc367d7630af718d996ee26d5a2a5cacb09e414163f	266	26614085850944953	True	1832	False
stimulus_videos	/pscratch/sd/s/sjmoon/EmoViS/data/raw/CowenEmotionVideos/1833.mp4	1833.mp4	149835	2026-05-08T05:07:22+00:00	8293d680cf40a6db63b3f9f859018d287d12166558780df145dbe320182ba75b	1833	0.9	h264	500	500	33.333333333333336	30	0	False	True			2810fb1f6571a0c526c26feb1c561400e5f7183960abe091c5cc0d2fa3b5c166	30	195921202401920	True	1833	False
stimulus_videos	/pscratch/sd/s/sjmoon/EmoViS/data/raw/CowenEmotionVideos/1834.mp4	1834.mp4	1060503	2026-05-08T05:07:23+00:00	8490d605a43b4c2425094f4ec25901a8cc3f7ed7054d7cc00c28db078ae90c20	1834	9.8	h264	420	236	10.0	98	0	False	True			50cf1e2f5f97330a29a7e370a18a9ea1544611b591eeb2eb0a986d25b6a44f10	98	32200797596695930	True	1834	False
stimulus_videos	/pscratch/sd/s/sjmoon/EmoViS/data/raw/CowenEmotionVideos/1835.mp4	1835.mp4	188943	2026-05-08T05:07:23+00:00	8023b949256c9dc3923941b8b973efaa12efd2aded4d9fea00714abe812ab9ca	1835	9.12	h264	540	304	12.5	114	0	False	True			1d25182ef4e4f003eadc68a8f4cacafdf3995fcce9b161a3ba862dc0fe0f97e0	114	8510737288907155	True	1835	False
stimulus_videos	/pscratch/sd/s/sjmoon/EmoViS/data/raw/CowenEmotionVideos/1836.mp4	1836.mp4	371987	2026-05-08T05:07:24+00:00	f2ca2e95dda6b2f3a82511e19b7fe28cc1f4a8a42dde6eb790671571a8f47892	1836	13.5	h264	400	224	11.11111111111111	150	0	False	True			a22de42c2d1635bad20cd22833d2b75efa2650ff6d878a73573e7de7e30ce11d	150	17588655378192787	True	1836	False
stimulus_videos	/pscratch/sd/s/sjmoon/EmoViS/data/raw/CowenEmotionVideos/1837.mp4	1837.mp4	1129753	2026-05-08T05:07:24+00:00	fd1bab7e82b18c9dc86d57df16e8e0a16cd3f73ad955f09f005ba1cd82729618	1837	23.7	h264	584	414	100.0	2370	0	False	True			1ed868b659e65258ddb1a5bf6f41c279d449a883f57edf1d3590f9ddbc0d7f13	2370	17517913550145301	True	1837	False
stimulus_videos	/pscratch/sd/s/sjmoon/EmoViS/data/raw/CowenEmotionVideos/1838.mp4	1838.mp4	1957025	2026-05-08T05:07:30+00:00	8e8661f6efdd13a4503cb9a920384618f779ed0c361f0acf094f2985b172e4dc	1838	5.58	h264	800	402	11.11111111111111	62	0	False	True			5a16f1ec6e7aa76db7df3cdb889f2a88af92016fdf6e8c3728fb53abc8b081a2	62	56737293391879047	True	1838	False
stimulus_videos	/pscratch/sd/s/sjmoon/EmoViS/data/raw/CowenEmotionVideos/1839.mp4	1839.mp4	1089831	2026-05-08T05:07:30+00:00	aeac04bbffccab47082d4baf5e3714ad901fbceec96fae07e526178960b0b7f5	1839	2.4	h264	600	450	10.0	24	0	False	True			d94fe4116d3d664c5e237c67de8237d3bb42472910b52de24512e3dc340fcb37	24	15319283430999302	True	1839	False
stimulus_videos	/pscratch/sd/s/sjmoon/EmoViS/data/raw/CowenEmotionVideos/1840.mp4	1840.mp4	28597	2026-05-08T05:07:26+00:00	69b2d61e3bba7e86b930044c8a61e9b12ad7f301a172e4fad9e9a118752ca0f0	1840	0.4	h264	400	296	25.0	10	0	False	True			fbc2f567f564c5c171a85c716710e2238583920cff2cf36275e929b1c023801d	10	34605727172172479	True	1840	False
stimulus_videos	/pscratch/sd/s/sjmoon/EmoViS/data/raw/CowenEmotionVideos/1841.mp4	1841.mp4	70223	2026-05-08T05:07:26+00:00	c46dd45a258ee0b002bf96e3c198e3ac78820155902b92b29d57b0024b093c84	1841	1.9	h264	500	376	10.0	19	0	False	True			bd161f9fe8642658df6f22982dac4eb83009ccfab452853d737a1fb63ec76156	19	33156023415891594	True	1841	False
stimulus_videos	/pscratch/sd/s/sjmoon/EmoViS/data/raw/CowenEmotionVideos/1842.mp4	1842.mp4	1671267	2026-05-08T05:07:26+00:00	1f2cbc42508995869b08487f0acf32b27b6f42673d9a84fa1c37087aabfe6162	1842	15.08	h264	426	426	25.0	377	0	False	True			73c757cc1ebddb8d863bd2c62e1fb1ce6a6b514b6935ac89afdcfabfb1ff9cd5	377	42301114763066617	True	1842	False
stimulus_videos	/pscratch/sd/s/sjmoon/EmoViS/data/raw/CowenEmotionVideos/1843.mp4	1843.mp4	402032	2026-05-08T05:07:26+00:00	4e850b2eab2bb51ee2a38b034c9804e752933ca121361a0fbe54504d0e49063d	1843	11.0	h264	310	222	10.0	110	0	False	True			a00e694cb4e774feeec8916bd7756868aa327c1a80bbcb2dcf212dcbbfd48fc8	110	576397432469600	True	1843	False
stimulus_videos	/pscratch/sd/s/sjmoon/EmoViS/data/raw/CowenEmotionVideos/1844.mp4	1844.mp4	187619	2026-05-08T05:07:25+00:00	0a6b2dae08893c5d1a22f7929aed1dad72151f821fce818540564e2d6864f1c5	1844	2.73	h264	414	232	14.285714285714286	39	0	False	True			1ec9e09738b248611fb81719089c10963e4f1b7a966d4284d23cd36993ddf5ee	39	45029275834728254	True	1844	False
stimulus_videos	/pscratch/sd/s/sjmoon/EmoViS/data/raw/CowenEmotionVideos/1845.mp4	1845.mp4	331094	2026-05-08T05:07:24+00:00	5190b87b1b2da2f7754ee8466c1448080c1d967e8ee26a4d906942464ac327f8	1845	7.3	h264	340	264	10.0	73	0	False	True			ebbc3a3635aec360cda665018ee6e20f81d0f4f513b6cd950dad73b6c52945f7	73	15283549611706015	True	1845	False
stimulus_videos	/pscratch/sd/s/sjmoon/EmoViS/data/raw/CowenEmotionVideos/1846.mp4	1846.mp4	197617	2026-05-08T05:07:25+00:00	389cafedea21fa702c6b104908ac6e5b9515e3c1a6b53195543c9be3a1cb893b	1846	1.53	h264	800	450	11.11111111111111	17	0	False	True			a03573e02352479cf1bc89b4a8ee91bdd703cd9661d605cb478036e83626f16a	17	53325077410568392	True	1846	False
stimulus_videos	/pscratch/sd/s/sjmoon/EmoViS/data/raw/CowenEmotionVideos/1847.mp4	1847.mp4	1975329	2026-05-08T05:07:25+00:00	14f7ff4d1921296eee8aab0c92d1621f2c94f29f0858e5b735919f5a3c2f3243	1847	7.08	h264	800	450	8.333333333333334	59	0	False	True			bf49bf72abdf3669e031dfefb2b029ece8fd9cf6ed3e001b2272b94d455c5a39	59	69229546139778652	True	1847	False
stimulus_videos	/pscratch/sd/s/sjmoon/EmoViS/data/raw/CowenEmotionVideos/1848.mp4	1848.mp4	127963	2026-05-08T05:07:29+00:00	bc0991a1522f689aaef190b0f0d67bb82f2d656cbece8f633a1cf24841ff1c5d	1848	2.48	h264	500	374	12.5	31	0	False	True			cf614f118e55e54c8497a102bb7e0297c5d8f502095dfc49c9989a2ee0a64061	31	15310465667071102	True	1848	False
stimulus_videos	/pscratch/sd/s/sjmoon/EmoViS/data/raw/CowenEmotionVideos/1849.mp4	1849.mp4	106232	2026-05-08T05:07:29+00:00	fb4845dd68b5980e0c7a47661c2839399709f2c7a3fd2d5fbccd4b741f3befa6	1849	2.8	h264	500	310	12.5	35	0	False	True			ff0965a665602dc4023ffec7beaff307985f7b524fe3fea9d62b329737d54b9f	35	4033599496144010	True	1849	False
stimulus_videos	/pscratch/sd/s/sjmoon/EmoViS/data/raw/CowenEmotionVideos/1850.mp4	1850.mp4	171006	2026-05-08T05:07:25+00:00	35a2842d3e06fdffe348d1ace09b2b00899cb9337f2095395abaa48aca9d44fc	1850	2.8	h264	500	292	10.0	28	0	False	True			d916ffb814df2d1067489b65c5fc23e699dae15fb3c9877f76eaeaaf1bd40215	28	31208256403264294	True	1850	False
stimulus_videos	/pscratch/sd/s/sjmoon/EmoViS/data/raw/CowenEmotionVideos/1851.mp4	1851.mp4	96272	2026-05-08T05:07:24+00:00	23e937040d34cb8a3b2fb7a2a0e9959e0ab1e05af96e940d89c18a79f2a33616	1851	1.38	h264	500	280	16.666666666666668	23	0	False	True			2d1c62da36a0aad226cc254ae13785b4dd12ce361ef3162de2ca44e53dad88af	23	28241388940663678	True	1851	False
stimulus_videos	/pscratch/sd/s/sjmoon/EmoViS/data/raw/CowenEmotionVideos/1852.mp4	1852.mp4	176443	2026-05-08T05:07:25+00:00	bac357163336c43da4c7f09706a7c591f75eb29dd4a91de2137d7a440844a257	1852	3.24	h264	300	300	11.11111111111111	36	0	False	True			9c7fb7d821efd795f63048e3f3ddc628529de6f7bb9a90e2b5eb68ddac600f81	36	14396771644663363	True	1852	False
stimulus_videos	/pscratch/sd/s/sjmoon/EmoViS/data/raw/CowenEmotionVideos/1853.mp4	1853.mp4	77971	2026-05-08T05:07:25+00:00	40185a1befd446e8ac1745b7cdb239f595218c803f6ec56903efc6914f44fce3	1853	2.46	h264	450	252	16.666666666666668	41	0	False	True			658e68944f5636a0fcd69a62cd254d8da6f209c525b5361fc54dae77ad3c563c	41	54892685744180452	True	1853	False
stimulus_videos	/pscratch/sd/s/sjmoon/EmoViS/data/raw/CowenEmotionVideos/1854.mp4	1854.mp4	956560	2026-05-08T05:07:26+00:00	c5360093c53139e14bc4c904b1ab5bdbad87c72bff79c2155b9ba6c4d71b5d3d	1854	10.0	h264	636	358	25.0	250	0	False	True			bcffffc78d3f92d5f18b59142cc140f690021ecdefb965f6421c22f08d36bfae	250	13550538884085821	True	1854	False
stimulus_videos	/pscratch/sd/s/sjmoon/EmoViS/data/raw/CowenEmotionVideos/1855.mp4	1855.mp4	20397	2026-05-08T05:07:26+00:00	927c63195c8ad08d27e43eef6dc996831bd1fe840512d2a752bfeaae7b07dca4	1855	2.1	h264	200	118	10.0	21	0	False	True			936a32b7d3507663b3ea55a81c6b8f5aef3bdc54b1c847595d541a0a8c543761	21	63029748706367927	True	1855	False
stimulus_videos	/pscratch/sd/s/sjmoon/EmoViS/data/raw/CowenEmotionVideos/1856.mp4	1856.mp4	466472	2026-05-08T05:07:26+00:00	ec276040c1e24a5182ba7668f33b694a20dbf4bf19abc903cfa63af85ae2e79f	1856	9.3	h264	250	250	10.0	93	0	False	True			0f89231b5b34c6931a29cd4d26782e7c21bf6c41dfc169a9c4eef8d37e0534a5	93	20000652091337784	True	1856	False
stimulus_videos	/pscratch/sd/s/sjmoon/EmoViS/data/raw/CowenEmotionVideos/1857.mp4	1857.mp4	302159	2026-05-08T05:07:26+00:00	2017ffda28c69a29db830e8604c24e5a506a3cf5105ca354d70e33f156218386	1857	1.52	h264	640	360	25.0	38	0	False	True			b5dbb2e0abc85cce274f4d1ca719ccb9c9db12a2f9a010f66f15fe77c5e72400	38	21986872877013171	True	1857	False
stimulus_videos	/pscratch/sd/s/sjmoon/EmoViS/data/raw/CowenEmotionVideos/1858.mp4	1858.mp4	1233097	2026-05-08T05:07:27+00:00	74ac7414a51a9ebdefd32153bb558245f233989267b869c11607e538155e1dec	1858	9.0	h264	358	252	10.0	90	0	False	True			8c6b84cbc50719ac43ca87db906df7636965021c10783210b858747281e57055	90	22130000425399836	True	1858	False
stimulus_videos	/pscratch/sd/s/sjmoon/EmoViS/data/raw/CowenEmotionVideos/1859.mp4	1859.mp4	339953	2026-05-08T05:07:27+00:00	9db78d4708a8a151ee4ba93eadd797598b6f9ac963f4d8b432c9c7e12be7b7d0	1859	5.4	h264	380	200	16.666666666666668	90	0	False	True			816e18d6a544d5001226e1474a372a576be1fb48c43ee700371512a8b744aa23	90	68580365771784329	True	1859	False
stimulus_videos	/pscratch/sd/s/sjmoon/EmoViS/data/raw/CowenEmotionVideos/1860.mp4	1860.mp4	98685	2026-05-08T05:07:29+00:00	cc75c83adc7e1cbc83e6929677cede6153ad4c130ed21e66fe98245b3d1c5caf	1860	0.9	h264	630	354	20.0	18	0	False	True			1b0fa857c1592d7c1a91fd609354341e808ea7c9afa7ca7ad101f5203262503a	18	9399283359041923	True	1860	False
stimulus_videos	/pscratch/sd/s/sjmoon/EmoViS/data/raw/CowenEmotionVideos/1861.mp4	1861.mp4	4812884	2026-05-08T05:07:29+00:00	f0a68dbab2ba7786e25dcf254742c6def46ee9975bae3af7a472d695e983de89	1861	15.034	h264	720	404	30.0	451	0	False	True			50019f7925eadf248883983f502c11eba0d90a0caf20b2ff97308d5c02138157	451	16171354070768824	True	1861	False
stimulus_videos	/pscratch/sd/s/sjmoon/EmoViS/data/raw/CowenEmotionVideos/1862.mp4	1862.mp4	509570	2026-05-08T05:07:28+00:00	4df3d7c528cf80643a1481ce1b51092bbfd03ee0cbd1eda1df922a1787b86266	1862	6.84	h264	450	210	11.11111111111111	76	0	False	True			51d03f7f229e9c930f2ab9fd0fd537ffc7bcbefa48f618a3ff7b94fdd3a19aa7	76	4607760619181	True	1862	False
stimulus_videos	/pscratch/sd/s/sjmoon/EmoViS/data/raw/CowenEmotionVideos/1863.mp4	1863.mp4	771848	2026-05-08T05:07:28+00:00	700fade9f690c6561631dc5c8dd9c633e41a4bd93a00bff83d7a2607055bb636	1863	34.32	h264	228	342	16.666666666666668	572	0	False	True			99cd996fa893fc9eba88411f937aef0d500f8851bca351495dc1a25a3fd0c403	572	35725438235979264	True	1863	False
stimulus_videos	/pscratch/sd/s/sjmoon/EmoViS/data/raw/CowenEmotionVideos/1864.mp4	1864.mp4	1001276	2026-05-08T05:07:27+00:00	a016f7ca65e033acef7cee4c6341c4c5e95fd1b5b9ee91514f2a2073d081d157	1864	14.25	h264	288	288	6.666666666666667	95	0	False	True			1f7d5f2f50c779c81e811e9054c9515b68c54bf84ce6c85d4cdb4d5fc0d274df	95	3439486730207780	True	1864	False
stimulus_videos	/pscratch/sd/s/sjmoon/EmoViS/data/raw/CowenEmotionVideos/1865.mp4	1865.mp4	288212	2026-05-08T05:07:27+00:00	e586434e250213636deb3193917364a782fa9487ec28ae3b695424fd33b4add5	1865	1.26	h264	480	270	16.666666666666668	21	0	False	True			a3cb159d60a0bc43e98ef5be41d01e1aa23ba948b7a02e3791a12602428b8b87	21	43403138583135235	True	1865	False
stimulus_videos	/pscratch/sd/s/sjmoon/EmoViS/data/raw/CowenEmotionVideos/1866.mp4	1866.mp4	4139459	2026-05-08T05:07:28+00:00	a32281533dc6b3f5b11d66d1b1cc6eaff3af974600a9af7407e5a62ac61859e2	1866	44.76	h264	290	388	16.666666666666668	746	0	False	True			94a7fc9ca7d55c156eb96d9b022959801eb3cd9b139fc262c1522bb1e7730c78	746	36950239757432812	True	1866	False
stimulus_videos	/pscratch/sd/s/sjmoon/EmoViS/data/raw/CowenEmotionVideos/1867.mp4	1867.mp4	95866	2026-05-08T05:07:27+00:00	57c4e9d1db4045c96da97e61cc511f376745dc672a110a6141159b252d1da122	1867	0.96	h264	500	500	25.0	24	0	False	True			fad23df70e0db09febb28034c10b07c7d2574fcf22feb7c7e3cbb739f9b95cf7	24	194003178313216	True	1867	False
stimulus_videos	/pscratch/sd/s/sjmoon/EmoViS/data/raw/CowenEmotionVideos/1868.mp4	1868.mp4	96695	2026-05-08T05:07:26+00:00	8ae4220b4306e6d3d19efafd03b406f2f4d29c8810b92f557a7e25ec189182b2	1868	1.8	h264	600	332	10.0	18	0	False	True			9ea86deb07b3b591fef4fe64678cf98c810258f2c44e87f03e3b21c2a1b3e56e	18	65055055584818155	True	1868	False
stimulus_videos	/pscratch/sd/s/sjmoon/EmoViS/data/raw/CowenEmotionVideos/1869.mp4	1869.mp4	367298	2026-05-08T05:07:26+00:00	b8b68c5f8865550633faf85c32540f808f7c3991944f9451c89591f3c0c2a6d5	1869	6.4	h264	290	280	10.0	64	0	False	True			6bce4eb5a0c4341bcedffcfcfa1c2a659e4161d2c09e2e1a2e65c6fa117e1ce1	64	55516991844764905	True	1869	False
stimulus_videos	/pscratch/sd/s/sjmoon/EmoViS/data/raw/CowenEmotionVideos/1870.mp4	1870.mp4	1232826	2026-05-08T05:07:27+00:00	45ce1466ef9e29eff10ff72ac4e2d1d4b6d995df78e6e8805dd2747a2c21685c	1870	14.1	h264	576	300	10.0	141	0	False	True			f227a02c9f88b7e5a681c71cf8807a7f13960835b44c8538c14b7b7d6e1f952c	141	4042872330502537	True	1870	False
stimulus_videos	/pscratch/sd/s/sjmoon/EmoViS/data/raw/CowenEmotionVideos/1871.mp4	1871.mp4	2137634	2026-05-08T05:07:27+00:00	8ce373ef4bf24caba87dbdff1e628acf4a23139a7a2034a563daefd06ad88c12	1871	15.12	h264	718	404	25.0	378	0	False	True			088df109c3a87cd0171cbbaca4b29266f9120aae3a733f5d195947bcaecad7f0	378	8506064358278813	True	1871	False
stimulus_videos	/pscratch/sd/s/sjmoon/EmoViS/data/raw/CowenEmotionVideos/1872.mp4	1872.mp4	3497809	2026-05-08T05:07:28+00:00	fb603378731208f6184f1347f2624f211bda047cb8439a400a9662bf669951ba	1872	15.08	h264	718	404	25.0	377	0	False	True			a01bd51e1dbb649b1369bfdcba5ca136280adccb9229a0405e9fb29d02bef464	377	66380577526144149	True	1872	False
stimulus_videos	/pscratch/sd/s/sjmoon/EmoViS/data/raw/CowenEmotionVideos/1873.mp4	1873.mp4	548861	2026-05-08T05:07:27+00:00	87a79ba1d0161b621072a473ecf99a86349efd7919b5748ecb4f0d5f0e5dc965	1873	4.88	h264	424	244	12.5	61	0	False	True			0812a75dd48566d81a8606fb504c48a0449a7c2f036bb7615791011605ae696c	61	6330818098067870	True	1873	False
stimulus_videos	/pscratch/sd/s/sjmoon/EmoViS/data/raw/CowenEmotionVideos/1874.mp4	1874.mp4	889766	2026-05-08T05:07:29+00:00	63256f852fcf880b0adc688b4a9bd7966709aa1b4e2a896885ca23c0e3657908	1874	15.08	h264	426	240	25.0	377	0	False	True			6cd59b96d5a7a3210df3107d4b614cd1f18ceb40682493a5fa61de8f53da5f78	377	1703913223938376	True	1874	False
stimulus_videos	/pscratch/sd/s/sjmoon/EmoViS/data/raw/CowenEmotionVideos/1875.mp4	1875.mp4	911337	2026-05-08T05:07:29+00:00	2b9b83dc58ce815c0c43a6007fd6648db25169c7b5b097522f512b2b8404d612	1875	7.667	h264	640	480	25.0	293	1	True	True	-19.2	-3.6	829c08e905189bc476979cdc091527fe5e432460f1db656e373c914354f1f099	192	69790383746310079	True	1875	False
stimulus_videos	/pscratch/sd/s/sjmoon/EmoViS/data/raw/CowenEmotionVideos/1876.mp4	1876.mp4	1944829	2026-05-08T05:07:28+00:00	354f096b1ea56c37a5e6e7ddc41b579747a886233f7f0297c97ae21f14f90621	1876	13.44	h264	360	360	33.333333333333336	448	0	False	True			db3eab6d968353748405d3f63d5f11d2870423b18bdd5d3cd51fc553f85edd45	448	72055394989244415	True	1876	False
stimulus_videos	/pscratch/sd/s/sjmoon/EmoViS/data/raw/CowenEmotionVideos/1877.mp4	1877.mp4	66248	2026-05-08T05:07:28+00:00	35421047b6a8db01e0250f752554a41dc5eddc344a5c18019eb615575d00f5b7	1877	0.96	h264	500	500	25.0	24	0	False	True			067162c6806c381d1b23ffc229e05a4b82440859bf8a51429bcf273a6fdff327	24	8663356195806393	True	1877	False
stimulus_videos	/pscratch/sd/s/sjmoon/EmoViS/data/raw/CowenEmotionVideos/1878.mp4	1878.mp4	63913	2026-05-08T05:07:25+00:00	3ecf51913c2095943584fc67f57d5ce38a59308834afcdf131e85a0df2b9741a	1878	3.36	h264	204	184	14.285714285714286	48	0	False	True			05d123a42cf03df07c8d0042992dc5b29e9b3dbaf03feb3835fbec99bb5619df	48	3973876420363661	True	1878	False
stimulus_videos	/pscratch/sd/s/sjmoon/EmoViS/data/raw/CowenEmotionVideos/1879.mp4	1879.mp4	992199	2026-05-08T05:07:24+00:00	49c6162673df810d889246c5af569fee79cadd12723402dd46dbf7a67647e925	1879	14.0	h264	270	270	8.0	112	0	False	True			80c4ece93627ee85722903b8731336180801833eeb8ff526d34d97ba10bc7364	112	55763221000276363	True	1879	False
stimulus_videos	/pscratch/sd/s/sjmoon/EmoViS/data/raw/CowenEmotionVideos/1880.mp4	1880.mp4	99051	2026-05-08T05:07:26+00:00	830d9726992c0ac9e5cc0bc08a28cbb38e50aefed8e0f49ce012f5e49515daec	1880	1.2	h264	434	200	10.0	12	0	False	True			01f432cc0180637b3a8004a83847d2eeebde5f7f7eb7556184ecc175bb6ca06c	12	5181763152775377	True	1880	False
stimulus_videos	/pscratch/sd/s/sjmoon/EmoViS/data/raw/CowenEmotionVideos/1881.mp4	1881.mp4	379351	2026-05-08T05:07:26+00:00	34258fbd2ec341b9e3db668c51701dd6f5dd06911bdff22e0c636858cf0081db	1881	2.4	h264	1280	720	10.0	24	0	False	True			ad7d7587f2944408019b38228db0ac9d6b840d93fc51e07736b8a8bef7c4b5b3	24	8510739449108363	True	1881	False
stimulus_videos	/pscratch/sd/s/sjmoon/EmoViS/data/raw/CowenEmotionVideos/1882.mp4	1882.mp4	476301	2026-05-08T05:07:26+00:00	4e7f2cf173088177f6976b08e1b5c9e78e42e137297c01cc4079f0e9119204f0	1882	11.76	h264	250	260	7.142857142857143	84	0	False	True			b29bb3002cea810e6119ee2bdc20f6875a2efa8219ed048fe822233cab807326	84	4077780222582296	True	1882	False
stimulus_videos	/pscratch/sd/s/sjmoon/EmoViS/data/raw/CowenEmotionVideos/1883.mp4	1883.mp4	1971978	2026-05-08T05:07:26+00:00	21688f7d54ecb621c607ca880080bac18ec37f3ac77a4b3aa53d71028e204de6	1883	9.51	h264	768	432	33.333333333333336	317	0	False	True			8564236603662c58dcb3a192a0378f685dd6a7c2168d5a64633b9018134a35b3	317	35036740802061832	True	1883	False
stimulus_videos	/pscratch/sd/s/sjmoon/EmoViS/data/raw/CowenEmotionVideos/1884.mp4	1884.mp4	275054	2026-05-08T05:07:25+00:00	eac2cf172fce35a8fa0121fae3e6737eb0f8d2418061f4fdbf3a487f92128f51	1884	2.52	h264	500	178	14.285714285714286	36	0	False	True			185f375f85342d033891214614cb7bd87f92d7fe22dc8616cdfd8f559a3ce41b	36	10147258358289101	True	1884	False
stimulus_videos	/pscratch/sd/s/sjmoon/EmoViS/data/raw/CowenEmotionVideos/1885.mp4	1885.mp4	71112	2026-05-08T05:07:25+00:00	14c0e52c16c075e21bf816b0cf99e23344c2e650a7a2a26fe9f66936ca6c8490	1885	1.5	h264	536	300	10.0	15	0	False	True			c12637dd12935f78b71f5ad4608639d01e854aaefa60c8fb79b82a8f6b6a6c80	15	50087856120479260	True	1885	False
stimulus_videos	/pscratch/sd/s/sjmoon/EmoViS/data/raw/CowenEmotionVideos/1886.mp4	1886.mp4	603761	2026-05-08T05:07:24+00:00	52e951ce4d0e72fd8bd0389c4f09dc73997e9789807b6b06f775e9c3f303192f	1886	12.18	h264	400	268	14.285714285714286	174	0	False	True			1afbf0261144809346b89361215cb69fbddfa29dc875b675698cbd3aa08f9731	174	70363999845731981	True	1886	False
stimulus_videos	/pscratch/sd/s/sjmoon/EmoViS/data/raw/CowenEmotionVideos/1887.mp4	1887.mp4	228422	2026-05-08T05:07:25+00:00	4917fafd1fe89e64c7fc7fc3af4e198548af29359801e4425354bcdfc369a730	1887	3.92	h264	400	232	12.5	49	0	False	True			2917e9b86abed97ada8e3dcb1f119513baeb72365d904edfccacaf43a02d5b30	49	17517938139546547	True	1887	False
stimulus_videos	/pscratch/sd/s/sjmoon/EmoViS/data/raw/CowenEmotionVideos/1888.mp4	1888.mp4	216122	2026-05-08T05:07:28+00:00	2a4cc2b545f9ea767dc9165a6a13333503088e928643b55d80371f46f56e4285	1888	7.08	h264	302	218	33.333333333333336	236	0	False	True			93d0e1d75ee82c9af51d67ab756cd4d12fdfa0462806645281a6a4c9b7847f83	236	65247329388824345	True	1888	False
stimulus_videos	/pscratch/sd/s/sjmoon/EmoViS/data/raw/CowenEmotionVideos/1889.mp4	1889.mp4	81821	2026-05-08T05:07:28+00:00	6bd3d3d31092c2dc940c559f68fcbe1717b8b0bdb29c1a4dc14d687056a7ce6d	1889	3.57	h264	278	376	14.285714285714286	51	0	False	True			910201f05c66a4891be606a40343621226f544bb36bc230e5e8dc9b9ccfe6214	51	64113683172456690	True	1889	False
stimulus_videos	/pscratch/sd/s/sjmoon/EmoViS/data/raw/CowenEmotionVideos/1890.mp4	1890.mp4	98512	2026-05-08T05:07:25+00:00	af51b1433f7abaafc478a247def0a9710d5ca03038fe9a46bc824ee7b88b445c	1890	2.4	h264	336	328	10.0	24	0	False	True			199ef2062d6851ecad85748a47bc3902d5167eb7d7bd7576ed5209e62d62c76f	24	3422060392588163	True	1890	False
stimulus_videos	/pscratch/sd/s/sjmoon/EmoViS/data/raw/CowenEmotionVideos/1891.mp4	1891.mp4	480416	2026-05-08T05:07:25+00:00	645d1b507b06c57a44fee1d6a38aecffcfaebff1f8a018f0f38ee8f6227ad501	1891	5.423	h264	240	370	28.583333333333332	155	0	False	True			778ccc6852d8b763fc25587d6acda084c7309b7b823a2c1f7a6d43512cfd3a68	155	42806444365347057	True	1891	False
stimulus_videos	/pscratch/sd/s/sjmoon/EmoViS/data/raw/CowenEmotionVideos/1892.mp4	1892.mp4	750567	2026-05-08T05:07:24+00:00	c193f05ec9acfcaff933f8443e3e34fd315b75d3f3130914867c5ee3f40c0573	1892	0.945	h264	874	874	28.583333333333332	27	0	False	True			8f327603ec9d1d89cd5c90e5594d8339616522cbeef460180fe48977be6f28f1	27	17513538497267607	True	1892	False
stimulus_videos	/pscratch/sd/s/sjmoon/EmoViS/data/raw/CowenEmotionVideos/1893.mp4	1893.mp4	197378	2026-05-08T05:07:24+00:00	bfc4a8fd1ad9547263b77f22321041fee03b9de778ed8c093153ca8150d1f3ff	1893	2.59	h264	538	316	14.285714285714286	37	0	False	True			708d067d9478ba6734948a4e02e5ff8387a5ef01c9c392e0e64cebde726f954b	37	6276947025559390	True	1893	False
stimulus_videos	/pscratch/sd/s/sjmoon/EmoViS/data/raw/CowenEmotionVideos/1894.mp4	1894.mp4	158881	2026-05-08T05:07:26+00:00	4bbee2e2ef9149c8d122975750fb9a56e187271d6eec94fa44b0e96df27f6f6e	1894	1.2	h264	500	264	20.0	24	0	False	True			ee90d4437079471eaf2fc9506df2f2db2f5b0b472a948b722bb984dfd9391b43	24	51195201597331894	True	1894	False
stimulus_videos	/pscratch/sd/s/sjmoon/EmoViS/data/raw/CowenEmotionVideos/1895.mp4	1895.mp4	77196	2026-05-08T05:07:26+00:00	3cb6370e6651488db9e2170e08fabfa03454544dd793c313077ff3ec3b6bbeb6	1895	1.4	h264	388	540	14.285714285714286	20	0	False	True			965d4983d089f8d1568e08e39af92d349dc02156455ffb9cfa56e41b8b752017	20	9503659060370488	True	1895	False
stimulus_videos	/pscratch/sd/s/sjmoon/EmoViS/data/raw/CowenEmotionVideos/1896.mp4	1896.mp4	156493	2026-05-08T05:07:26+00:00	95b21bfbbed4462c790f14f6949b53cb29c91aae8fd960c993cd3b2fe3c5aed4	1896	2.03	h264	500	216	14.285714285714286	29	0	False	True			b2820064722d77ca942268a4e437cec44e6e74b35f511d3ceb61e4b78372660d	29	35727373576254189	True	1896	False
stimulus_videos	/pscratch/sd/s/sjmoon/EmoViS/data/raw/CowenEmotionVideos/1897.mp4	1897.mp4	87359	2026-05-08T05:07:26+00:00	b43da353af15715b2cabcf615070d7e5152074c1ff375206f71caa81c05f6f89	1897	5.28	h264	500	282	25.0	132	0	False	True			b49bb9ce4262f851ee654b48264f3ca0faefde832b7f6523934daa48920ff6e2	132	8477477062173963	True	1897	False
stimulus_videos	/pscratch/sd/s/sjmoon/EmoViS/data/raw/CowenEmotionVideos/1898.mp4	1898.mp4	609093	2026-05-08T05:07:28+00:00	0b2e4be0833a08363de4c56418a2b66be27b091c21392040b83509b80c13d155	1898	6.0	h264	334	356	25.0	150	0	False	True			6b6396cacba0b2a5c279b469b50e5bf714bd74538da2c7ac50afec52b4d5f579	150	35105695552975545	True	1898	False
stimulus_videos	/pscratch/sd/s/sjmoon/EmoViS/data/raw/CowenEmotionVideos/1899.mp4	1899.mp4	438446	2026-05-08T05:07:28+00:00	1e0143f2e3bca87e81087f9137f0054f947bb6d8c6a5ec948adf5113a6c9b08e	1899	6.84	h264	318	296	8.333333333333334	57	0	False	True			ca95ee0b6a71b83017633c6dba486f0c77e5957a22fbb7fd0cc9eb4e13a136da	57	1702078663639169	True	1899	False
stimulus_videos	/pscratch/sd/s/sjmoon/EmoViS/data/raw/CowenEmotionVideos/1900.mp4	1900.mp4	598461	2026-05-08T05:07:29+00:00	6fd46a2079041298eb1996912397cade38195c065ffb7281815436d26746d410	1900	3.36	h264	360	414	16.666666666666668	56	0	False	True			38ea79276905c651ef557992241237b610afc4d35ec7dec2bd17d2e7e2eb9153	56	61330283492219041	True	1900	False
stimulus_videos	/pscratch/sd/s/sjmoon/EmoViS/data/raw/CowenEmotionVideos/1901.mp4	1901.mp4	199591	2026-05-08T05:07:28+00:00	eca1e7cbdcc920741c00be1e89174762435a3c9a97d165cce2be48109f2fd7d0	1901	3.2	h264	360	182	12.5	40	0	False	True			c1eeccf27090258740bc601d0ed13455049b30849d0f285a472ef2a0c231f36d	40	50734083848509068	True	1901	False
stimulus_videos	/pscratch/sd/s/sjmoon/EmoViS/data/raw/CowenEmotionVideos/1902.mp4	1902.mp4	119107	2026-05-08T05:07:28+00:00	5b558502c768d1af9e2d701c5197f34daef85c3f5fc40bfa7e6c7642ae74573f	1902	2.5	h264	400	300	10.0	25	0	False	True			fc0a561f1c83e7ee95b3f33af5415c5b0c1057c5208d85374bd2691774384142	25	14139723845009801	True	1902	False
stimulus_videos	/pscratch/sd/s/sjmoon/EmoViS/data/raw/CowenEmotionVideos/1903.mp4	1903.mp4	46385	2026-05-08T05:07:28+00:00	1a75d66b0b7b837850ae0ffe6b2fbb9a6bbd3b99f4630209c11442d338d1a174	1903	1.05	h264	500	310	6.666666666666667	7	0	False	True			9d619493bb8494298d7edede215e875cebd5f74e3d25031d21a197151f8260f7	7	56029021914436752	True	1903	False
stimulus_videos	/pscratch/sd/s/sjmoon/EmoViS/data/raw/CowenEmotionVideos/1904.mp4	1904.mp4	3996331	2026-05-08T05:07:27+00:00	3b2ed031e31187d8e50da98cd10bec2024ebe1a531deb3e6fc15f9cc6d840a93	1904	9.0	h264	720	632	10.0	90	0	False	True			96acbc5bb15f5cf6f81e0831c9b04efed44a4036de27e49dc2f5e53b54c3acfb	90	27934693870162403	True	1904	False
stimulus_videos	/pscratch/sd/s/sjmoon/EmoViS/data/raw/CowenEmotionVideos/1905.mp4	1905.mp4	297706	2026-05-08T05:07:27+00:00	f24a2deac44cd9078805e127bad044337d9a51c9125ddcc10d09ea17efc58f89	1905	4.56	h264	352	204	12.5	57	0	False	True			3e687f4e1a76f8f48451c5c447da8b3ba530600c7965cdd28dbd3a90c21b508a	57	30637518826564531	True	1905	False
stimulus_videos	/pscratch/sd/s/sjmoon/EmoViS/data/raw/CowenEmotionVideos/1906.mp4	1906.mp4	363504	2026-05-08T05:07:28+00:00	36ef440f77c0eb1f646f4b4b7286ba918cbc7e4222975116e95f023f342ab66b	1906	12.0	h264	310	174	10.0	120	0	False	True			4584ca1f78b68e14955ef40329f6ac32895809f560f9230bb599a1b201af3fb2	120	20975420116177928	True	1906	False
stimulus_videos	/pscratch/sd/s/sjmoon/EmoViS/data/raw/CowenEmotionVideos/1907.mp4	1907.mp4	185868	2026-05-08T05:07:27+00:00	b0c2f54eef0cd71134a0bfb388d2a655cc3b1fa0a7a2a5d290c7b2ca3200d7fe	1907	5.067	h264	480	270	15.0	76	0	False	True			4cea0601a785c4f82561bbe2dc299a0203a8cb6691a58b5f9f69956c51e45ebd	76	50354061440519837	True	1907	False
stimulus_videos	/pscratch/sd/s/sjmoon/EmoViS/data/raw/CowenEmotionVideos/1908.mp4	1908.mp4	4404387	2026-05-08T05:07:26+00:00	918e6dc9d67d6c9906e21801238f3ce7e65a2880378265c989db2e5850a963fb	1908	70.1	h264	426	318	10.0	701	0	False	True			8b3a682e1269fb6edd9a07a2618ef807a12a698db55525caf79c79ad51449a41	701	34050644607878031	True	1908	False
stimulus_videos	/pscratch/sd/s/sjmoon/EmoViS/data/raw/CowenEmotionVideos/1909.mp4	1909.mp4	297750	2026-05-08T05:07:26+00:00	e725416a78f9f7f3df5e49f0b9086eff015a964d330c1bc880124b2bd44d3d81	1909	2.4	h264	500	370	10.0	24	0	False	True			b67fe2d7aa3d36276c727977d47208dc902031087d4c035cc78b8fccaa3ec37c	24	20419057489553944	True	1909	False
stimulus_videos	/pscratch/sd/s/sjmoon/EmoViS/data/raw/CowenEmotionVideos/1910.mp4	1910.mp4	438925	2026-05-08T05:07:26+00:00	786feebb6b28d9cd6700c2b6ac348562a71a29d4a4862db3f720d42eadf0b1df	1910	0.84	h264	1400	692	16.666666666666668	14	0	False	True			6e5db93a2bb3a0fff921e059231f36becaf2812fbccfe713713f5e73168992ed	14	56455288670383442	True	1910	False
stimulus_videos	/pscratch/sd/s/sjmoon/EmoViS/data/raw/CowenEmotionVideos/1911.mp4	1911.mp4	22866	2026-05-08T05:07:27+00:00	5cba2fd1f5a7547527dc84318a4aa7c14ed68bc0aad8a0699a6fdcaca2816948	1911	1.38	h264	352	198	50.0	69	0	False	True			5d19b92023b689bebd4480f4f6493be4918feb11ca3c90c922fd0dd8670cb107	69	8581588690863757	True	1911	False
stimulus_videos	/pscratch/sd/s/sjmoon/EmoViS/data/raw/CowenEmotionVideos/1912.mp4	1912.mp4	4101355	2026-05-08T05:07:28+00:00	22ced919c8db363fdac35a57baad56d25814d41702ebdfec308569a57714f1fe	1912	37.28	h264	540	360	12.5	466	0	False	True			3fa49feb5401938cc9ea4353936d835d6ab03ce42266cde43c5991e4df3c75df	466	4736297298821120	True	1912	False
stimulus_videos	/pscratch/sd/s/sjmoon/EmoViS/data/raw/CowenEmotionVideos/1913.mp4	1913.mp4	74013	2026-05-08T05:07:27+00:00	133c9f83359cbba545bcb3fddf5e64f5804a6cb75e6cc99035fade58a3bafab4	1913	1.5	h264	390	214	20.0	30	0	False	True			2e1d44cb2cbea06f7fe686c338d9d8a4aea10d4ea518de3865fc65fe443e3515	30	46488438188841136	True	1913	False
stimulus_videos	/pscratch/sd/s/sjmoon/EmoViS/data/raw/CowenEmotionVideos/1914.mp4	1914.mp4	3194311	2026-05-08T05:07:29+00:00	b1b51ef04d3c41a3d31800f3196f2d2f5ee5142578878d33c4e447e4078b5430	1914	15.7	h264	426	310	10.0	157	0	False	True			f0679f534a84ec113d956f5493fbded83b87a1ff75e96c25f5efcf420fa4e68b	157	66564953540007475	True	1914	False
stimulus_videos	/pscratch/sd/s/sjmoon/EmoViS/data/raw/CowenEmotionVideos/1915.mp4	1915.mp4	4167623	2026-05-08T05:07:28+00:00	3f8947a7b4f067392b3ed1067abed5db0a80df737a386c3c3f5de842677bb654	1915	14.867	h264	720	404	30.0	446	0	False	True			c1d726b0c541a966e5a5805ae113b7c408abbef09692e353e112c3a5af57fe35	446	71951456803977718	True	1915	False
stimulus_videos	/pscratch/sd/s/sjmoon/EmoViS/data/raw/CowenEmotionVideos/1916.mp4	1916.mp4	129218	2026-05-08T05:07:28+00:00	e1c4cd52d37670cfdeced125d7f62b8faf75612b07550e22a8e252970f569a3e	1916	3.2	h264	700	394	10.0	32	0	False	True			424248e4a1a82b26287b31fd30e628e301d829d6b4be68bbd12ddf62951030f8	32	72055394811496335	True	1916	False
stimulus_videos	/pscratch/sd/s/sjmoon/EmoViS/data/raw/CowenEmotionVideos/1917.mp4	1917.mp4	35186	2026-05-08T05:07:28+00:00	f6ce5a2f71d24cf227d38a7f7e1c5fef7404f0aa1e2ea05a1acaae06b1df92f7	1917	1.3	h264	500	278	20.0	26	0	False	True			760984111b46a10657417da0768fef3cc1a014e422516a4689b43e5dd414144b	26	1846880861151030	True	1917	False
stimulus_videos	/pscratch/sd/s/sjmoon/EmoViS/data/raw/CowenEmotionVideos/1918.mp4	1918.mp4	124426	2026-05-08T05:07:25+00:00	265368b0c14c5269a51d7466b29e4e75b6ccad65f415d8c96fea064ef1a8a600	1918	2.64	h264	250	160	16.666666666666668	44	0	False	True			68044c11046bcf9a6170e0f6e76e874acc0fa07bd74aa2933184d31cbbf34eec	44	65532160072953638	True	1918	False
stimulus_videos	/pscratch/sd/s/sjmoon/EmoViS/data/raw/CowenEmotionVideos/1919.mp4	1919.mp4	7605199	2026-05-08T05:07:24+00:00	0b7bcd1e2d95852aa5a059514a4a01aec7ad5e1a767d5d03ea740d6fc42326e9	1919	15.0	h264	720	476	30.0	450	0	False	True			5178c90926a1e4d2a62586e6b42bb2fde03b2d8fe4e6e06be152f788589c7098	450	17588309837521242	True	1919	False
stimulus_videos	/pscratch/sd/s/sjmoon/EmoViS/data/raw/CowenEmotionVideos/1920.mp4	1920.mp4	90865	2026-05-08T05:07:26+00:00	ac4153cfb7c2fc43e441b39239cc05f45d194e6f3db0994c49b53e1a149161cb	1920	2.3	h264	500	244	10.0	23	0	False	True			f6299563dc6a87faa9b60e4aafecae4b7232ec8e5ba7d362666fa75ab2eb0d8a	23	8510743833770104	True	1920	False
stimulus_videos	/pscratch/sd/s/sjmoon/EmoViS/data/raw/CowenEmotionVideos/1921.mp4	1921.mp4	105752	2026-05-08T05:07:26+00:00	33f6ed735ab0aece25f7c1c5b347a8bc8be0bfa089a724bdf3151566ef05c61e	1921	2.4	h264	610	176	10.0	24	0	False	True			fc9e89d3b0408773132442d6e33963c699ec0fb8c346f6e5ec63d17c1f894092	24	71489107820398535	True	1921	False
stimulus_videos	/pscratch/sd/s/sjmoon/EmoViS/data/raw/CowenEmotionVideos/1922.mp4	1922.mp4	2512357	2026-05-08T05:07:26+00:00	d909fc0525648187c52fff5a5c9beed1be29531ad1b29b95942519e2217ceeb1	1922	17.1	h264	352	640	10.0	171	0	False	True			6a8aaf3b056e1e00357a5f1770ebd45649e9c1574b09f45ae2d0edfede833bf2	171	72056767231491569	True	1922	False
stimulus_videos	/pscratch/sd/s/sjmoon/EmoViS/data/raw/CowenEmotionVideos/1923.mp4	1923.mp4	267267	2026-05-08T05:07:25+00:00	ee0ebdfdf014a0cef2bfd7cd40b7d87a5052bb2b03e933e217e4bfac64a03061	1923	1.98	h264	512	512	16.666666666666668	33	0	False	True			8501398859188c33f4128c65e069176bc4dfc5bea36d0c9a0771624be2a84d25	33	8002082248478162	True	1923	False
stimulus_videos	/pscratch/sd/s/sjmoon/EmoViS/data/raw/CowenEmotionVideos/1924.mp4	1924.mp4	37236	2026-05-08T05:07:25+00:00	d51bd08bd72f3c698bfc00422e2cb06dfa87daeff4f2a3df7503e0b0bfe0d3ba	1924	1.2	h264	250	162	33.333333333333336	40	0	False	True			50d34de5d688391e53708043b24e47888a3152f76b6d9f6b0eb5b2e77cfd1a19	40	25949450556480705	True	1924	False
stimulus_videos	/pscratch/sd/s/sjmoon/EmoViS/data/raw/CowenEmotionVideos/1925.mp4	1925.mp4	28193	2026-05-08T05:07:24+00:00	e52c09c61093626b4f7a5e4e19141984801fc19622fe2fe13725bcc1222767cc	1925	0.9	h264	400	226	10.0	9	0	False	True			2f7c31b8f1f0aef5243d026f9ffe721e7d95c4d8ec1354dc697a992b5e8db441	9	28373564136777453	True	1925	False
stimulus_videos	/pscratch/sd/s/sjmoon/EmoViS/data/raw/CowenEmotionVideos/1926.mp4	1926.mp4	162439	2026-05-08T05:07:25+00:00	d896353abdb972c19e1668cea1368d4c4e5572baf72ce254855ac37d6dd1ee71	1926	4.25	h264	374	198	20.0	85	0	False	True			6d551fae75a18420a7158630e9d47b84edc7fb3380b4200eb3883ff368db7e59	85	68085827427375216	True	1926	False
stimulus_videos	/pscratch/sd/s/sjmoon/EmoViS/data/raw/CowenEmotionVideos/1927.mp4	1927.mp4	217962	2026-05-08T05:07:25+00:00	936219c2c159f8a5a2eb0d582c345b91905ffe68d941f39994af73aea9120bcc	1927	0.9	h264	400	300	10.0	9	0	False	True			0b20d9470d2cab40033338e9a16fd39a24dc6f7d580196709e178fa4dfbca50e	9	57729321221774162	True	1927	False
stimulus_videos	/pscratch/sd/s/sjmoon/EmoViS/data/raw/CowenEmotionVideos/1928.mp4	1928.mp4	424102	2026-05-08T05:07:29+00:00	e713dd5a6ed22c9036e7b6fe3641bb6cbaed1419b9350b266cbf8a62ff27855f	1928	5.6	h264	500	252	5.0	28	0	False	True			6c54ecbffbc59edffe22d2c1c2912180e0e69865a97b96f0135fc0381ba0c404	28	13049801629071464	True	1928	False
stimulus_videos	/pscratch/sd/s/sjmoon/EmoViS/data/raw/CowenEmotionVideos/1929.mp4	1929.mp4	148778	2026-05-08T05:07:28+00:00	560838c41754de13e0d3097d64d9d538ee93b71fcc6d28e8177011b1e2235be3	1929	2.36	h264	346	310	50.0	118	0	False	True			2a6f4c2290e066ccafca9212543ba19e0ffb42fed69bff6f842de729493b8a19	118	30625350769823968	True	1929	False
stimulus_videos	/pscratch/sd/s/sjmoon/EmoViS/data/raw/CowenEmotionVideos/1930.mp4	1930.mp4	665796	2026-05-08T05:07:25+00:00	94e1eb75e494e936585444d9626fae2135f06d805b59513610846d9f7984c3a2	1930	15.12	h264	360	240	25.0	378	0	False	True			01824fec023fe6dd3962ba1224be6d3f61d2158dcdf3de11b4faa3647a5ea005	378	50084815404574589	True	1930	False
stimulus_videos	/pscratch/sd/s/sjmoon/EmoViS/data/raw/CowenEmotionVideos/1931.mp4	1931.mp4	486319	2026-05-08T05:07:24+00:00	6f786bbcff10844201f0ae24b57455d08fc01cca62e4a41ad7d78dcd9b1a0ec3	1931	6.4	h264	400	300	12.5	80	0	False	True			77e507e5e600797b08fad03fb9515649c7d8c1d55dfcc4ef90915fca483045dc	80	64964774398621377	True	1931	False
stimulus_videos	/pscratch/sd/s/sjmoon/EmoViS/data/raw/CowenEmotionVideos/1932.mp4	1932.mp4	2953104	2026-05-08T05:07:25+00:00	5a0a758536d74199fbfbc756c27a4ee7f8343a2d6e587c1ba100a1e05f30e754	1932	10.0	h264	720	540	30.0	300	0	False	True			6ca14f88d802f03346044da8ff698655b374c2a057d31e51ee184022627a7267	300	42247860152025859	True	1932	False
stimulus_videos	/pscratch/sd/s/sjmoon/EmoViS/data/raw/CowenEmotionVideos/1933.mp4	1933.mp4	2354407	2026-05-08T05:07:25+00:00	03ec4684aa3c9a7970835e8d3728a9176b65b393c67cd396802816598f07d44d	1933	3.88	h264	640	360	25.0	97	0	False	True			9914dd50f2ab50270ca5a06bca101f849c6f598a13547fc57a7ff6ddb96a6f8e	97	54917369751456133	True	1933	False
stimulus_videos	/pscratch/sd/s/sjmoon/EmoViS/data/raw/CowenEmotionVideos/1934.mp4	1934.mp4	771542	2026-05-08T05:07:26+00:00	8b3feae7c496a6dc14c302a78c534922f1806c20a30ef71481aaf32d35523dd8	1934	23.6	h264	278	218	10.0	236	0	False	True			ad3337e207da735e79b71244bb3f8c3b09b5911c480915ad8b63250d96a84bdb	236	36634679681236024	True	1934	False
stimulus_videos	/pscratch/sd/s/sjmoon/EmoViS/data/raw/CowenEmotionVideos/1935.mp4	1935.mp4	75418	2026-05-08T05:07:26+00:00	54dd5d9d6693592111563420c48b070cab785ff02c2b373858ee1649795f4baa	1935	1.4	h264	400	224	10.0	14	0	False	True			ca6f95035022a22b57b8c778fc0344a86cac5dd14f64410c4f6b252f314d3a7c	14	30656163279891705	True	1935	False
stimulus_videos	/pscratch/sd/s/sjmoon/EmoViS/data/raw/CowenEmotionVideos/1936.mp4	1936.mp4	145304	2026-05-08T05:07:26+00:00	3671817ef912c5ae00be71ff659a445f436db26a5bda46526926ec03a05dc102	1936	1.6	h264	500	276	10.0	16	0	False	True			99ea64ff6216af12d65f69792ab8bd6c318f3bcff81f8fc96e570af1449ffd0a	16	72057312260514693	True	1936	False
stimulus_videos	/pscratch/sd/s/sjmoon/EmoViS/data/raw/CowenEmotionVideos/1937.mp4	1937.mp4	2896111	2026-05-08T05:07:25+00:00	e130e0462bd6319d3812830592cc72707933a25658d5f81c62be9367f9712c43	1937	9.08	h264	448	448	25.0	227	0	False	True			1083ac0b83ae0a61ff13c2ea66b4a528439732ec18bee41ccc2479dc93dcca96	227	13560937174033868	True	1937	False
stimulus_videos	/pscratch/sd/s/sjmoon/EmoViS/data/raw/CowenEmotionVideos/1938.mp4	1938.mp4	202656	2026-05-08T05:07:27+00:00	9995c168b0da2f099dbeb4572f2dbd01b4c24732afa71dc078943fb25f5424cd	1938	3.06	h264	500	184	11.11111111111111	34	0	False	True			b8aa1bb536964503aa3f75eb7afe522bb7a9e342e3b7ac960705becda41526d7	34	13688097431762153	True	1938	False
stimulus_videos	/pscratch/sd/s/sjmoon/EmoViS/data/raw/CowenEmotionVideos/1939.mp4	1939.mp4	140873	2026-05-08T05:07:27+00:00	292f1927f755f69ee01ecf72e56f2a681a367aa5d2cb32b84aa28926c1e591c9	1939	1.4	h264	500	266	10.0	14	0	False	True			24e16e54152fc2da1289100b6b9846e21485c584a0afdcaf15d3250d76f92ce2	14	40284166745084837	True	1939	False
stimulus_videos	/pscratch/sd/s/sjmoon/EmoViS/data/raw/CowenEmotionVideos/1940.mp4	1940.mp4	394752	2026-05-08T05:07:23+00:00	d477b7a2c1b37176ae8388ffeea99f58b7d17f90128040e044a85f2ad21eb1b3	1940	11.6	h264	224	400	10.0	116	0	False	True			7b80b95fcd3ed83cab3c339ac20b51dc751f872bb41c4ec5d3a741f41d4ca548	116	49442490686875468	True	1940	False
stimulus_videos	/pscratch/sd/s/sjmoon/EmoViS/data/raw/CowenEmotionVideos/1941.mp4	1941.mp4	314513	2026-05-08T05:07:24+00:00	b709826f4bc5c866eefb0b19bec35c15ef89bf93ce6560adac0275f9f5cf154e	1941	5.0	h264	320	240	15.0	75	0	False	True			0fcb0f90a612bb9cc3071076368834db45bbfc1a43f2ffc91e3f047bd3e65d31	75	36028800938060194	True	1941	False
stimulus_videos	/pscratch/sd/s/sjmoon/EmoViS/data/raw/CowenEmotionVideos/1942.mp4	1942.mp4	80934	2026-05-08T05:07:24+00:00	5d06dcdacb76fc472a20e2ff9c71f82e251f0e878bc4ffbc2badd7bed710fdcd	1942	0.96	h264	500	290	12.5	12	0	False	True			d6a725fa5d8adde549d92a44a35bdfd6e1dc531a19d9c370d29d42c9e7f513e0	12	49235611237754	True	1942	False
stimulus_videos	/pscratch/sd/s/sjmoon/EmoViS/data/raw/CowenEmotionVideos/1943.mp4	1943.mp4	48943	2026-05-08T05:07:24+00:00	2d0c2d7ba8e9e655a7f3eed4c93c0874ff8e208ee546cb087403423e1e7a99f3	1943	2.15	h264	500	280	20.0	43	0	False	True			ee8a0a580dba6b9d9ee84d2323e8c13c920b7c6b15e308e27ae4526f940667f5	43	6261121618670567	True	1943	False
stimulus_videos	/pscratch/sd/s/sjmoon/EmoViS/data/raw/CowenEmotionVideos/1944.mp4	1944.mp4	2033627	2026-05-08T05:07:23+00:00	a121f9b4e68bdb212dbc2b6e910bf45ed0e6990a8888b4e8c4a6158c2b19d6cf	1944	5.0	h264	720	404	30.0	150	0	False	True			78b1d6f33ff7c12b3bf8bdadd5ab19ecd56dc6a96895d7152e5d2e4e0f3f8f6a	150	70357487119159039	True	1944	False
stimulus_videos	/pscratch/sd/s/sjmoon/EmoViS/data/raw/CowenEmotionVideos/1945.mp4	1945.mp4	312317	2026-05-08T05:07:23+00:00	ef25127f54c2a23e192c4716ff8a468cf6530227d12c97e78a1f60a10f0583b8	1945	5.52	h264	348	248	16.666666666666668	92	0	False	True			abf4a3344932e52e39639e8867673e2063b757013ef73d79cd9baee6e1c384c0	92	27728610795819814	True	1945	False
stimulus_videos	/pscratch/sd/s/sjmoon/EmoViS/data/raw/CowenEmotionVideos/1946.mp4	1946.mp4	174642	2026-05-08T05:07:22+00:00	14fe76f628d8d85e25133da640f7ff5eb3f863018c041d7efd97ca7447afcc2f	1946	3.85	h264	520	292	9.090909090909092	35	0	False	True			5b91a1827f3ab9f8c1649a56c10e6b1bef0d58d84b8b23df38589aaaf1e83129	35	7381944480301184	True	1946	False
stimulus_videos	/pscratch/sd/s/sjmoon/EmoViS/data/raw/CowenEmotionVideos/1947.mp4	1947.mp4	259406	2026-05-08T05:07:23+00:00	e6d05d7f83a5c29ad8b6362e0057471da306fd6fec6c2329ab5de93dd38ced74	1947	1.19	h264	690	402	14.285714285714286	17	0	False	True			ca49abeeacb54073eea93bc383eec18fa8c49c541c32bf0d1362660a2c4a9f30	17	39149706673845727	True	1947	False
stimulus_videos	/pscratch/sd/s/sjmoon/EmoViS/data/raw/CowenEmotionVideos/1948.mp4	1948.mp4	6226049	2026-05-08T05:07:31+00:00	313ec23f5fa044159e649f08ce947bde54f0f7b9070440a779b880cacb5b4e42	1948	15.12	h264	718	404	25.0	378	0	False	True			bffdab44c8ba2c4936c27358ffe12b60396fd43b83f0c7c54d62de725af12631	378	42048913538518719	True	1948	False
stimulus_videos	/pscratch/sd/s/sjmoon/EmoViS/data/raw/CowenEmotionVideos/1949.mp4	1949.mp4	134277	2026-05-08T05:07:30+00:00	b36adebebc94ef672c66ebeaf1b3103d70d680702cbd5bd00912e927fd766db2	1949	3.0	h264	332	332	10.0	30	0	False	True			18d02be63f3fab4bbc1eb4c20e28a1c524e0be788364560ba15ee6d1a68dc6af	30	1721748502298236	True	1949	False
stimulus_videos	/pscratch/sd/s/sjmoon/EmoViS/data/raw/CowenEmotionVideos/1950.mp4	1950.mp4	300131	2026-05-08T05:07:23+00:00	f1c2c4694d29d01b70d153c775e9ea5ddf515718d1c9d2a7ca3cd6e4a338a8ef	1950	4.05	h264	514	290	6.666666666666667	27	0	False	True			cd767cc226d2619b8eeec58615965ccdbd59c9dd5de0471773932fce516b2f81	27	11312671719000979	True	1950	False
stimulus_videos	/pscratch/sd/s/sjmoon/EmoViS/data/raw/CowenEmotionVideos/1951.mp4	1951.mp4	256803	2026-05-08T05:07:23+00:00	7bfddee8fe1be02b90402a52e9b3222b3fbd78d689f010b38882b1f5bf1eabf4	1951	4.961667	h264	426	240	29.97002997002997	155	1	True	True	-12.8	0.0	914d68580237e82c87c9524fc481600b3fad1311702ebe554a5c7746534d7c7a	149	17996664280262236	True	1951	False
stimulus_videos	/pscratch/sd/s/sjmoon/EmoViS/data/raw/CowenEmotionVideos/1952.mp4	1952.mp4	48590	2026-05-08T05:07:22+00:00	1aeff566b234ecd885900826c5b750982a07b0f329b30f73a0459d70f79c2fc8	1952	4.71	h264	640	360	33.333333333333336	157	0	False	True			78cf197c4fb5ada0e1edc25df71acd04118aee892587be81fc61482a6ae4e94e	157	44522366342814099	True	1952	False
stimulus_videos	/pscratch/sd/s/sjmoon/EmoViS/data/raw/CowenEmotionVideos/1953.mp4	1953.mp4	67585	2026-05-08T05:07:23+00:00	f32fd5e8c295c1501eb2e989d0f6d3328dbc5ad576ab93c4b22de19bc8ea048a	1953	5.0	h264	82	146	10.0	50	0	False	True			4f82beb862301f8a69302a2141dcfae115821d3bbb73987a498a152d775b5956	50	37873830084505827	True	1953	False
stimulus_videos	/pscratch/sd/s/sjmoon/EmoViS/data/raw/CowenEmotionVideos/1954.mp4	1954.mp4	1025795	2026-05-08T05:07:23+00:00	fb7b955dfdbdb33813966424bbbb24fdf84a4c2b9895057e5aa57502276b27f9	1954	4.88	h264	350	448	100.0	488	0	False	True			f3e449b0fde4b04679bd3cbb30204fc0e3a2625f670469ec6b1c88b3ae767d6e	488	2201170746402	True	1954	False
stimulus_videos	/pscratch/sd/s/sjmoon/EmoViS/data/raw/CowenEmotionVideos/1955.mp4	1955.mp4	2953375	2026-05-08T05:07:24+00:00	fb7745f602ebd592ac055fadf83aeb771661e7b22885fdfcba0607fffa01afc6	1955	6.0	h264	720	1276	30.0	180	0	False	True			89e96fa704b1dec41dbcac01afd50ad297212c4e529ce81e8ebced1422eb6f88	180	2216259598576	True	1955	False
stimulus_videos	/pscratch/sd/s/sjmoon/EmoViS/data/raw/CowenEmotionVideos/1956.mp4	1956.mp4	66127	2026-05-08T05:07:24+00:00	a0b2e8b15a680fe339f88fc74e722d3dc4c7514fae07a1da1cfe09cbcc21d2af	1956	1.6	h264	430	232	5.0	8	0	False	True			03eaae25382f79c4dba159054a42a0d3a3a188d02c46c28258e678bb62798eb8	8	8582004235031979	True	1956	False
stimulus_videos	/pscratch/sd/s/sjmoon/EmoViS/data/raw/CowenEmotionVideos/1957.mp4	1957.mp4	336524	2026-05-08T05:07:24+00:00	9c6d7792c576eb6ecad3076ba03c3cf960704a1b8e82decaf8f4b4d7172d22ec	1957	2.2	h264	468	264	10.0	22	0	False	True			d861a57911b31dbc0e56ee74218323f501d2ea40f0fee3e7bc6618e9250604d3	22	3953957372249606	True	1957	False
stimulus_videos	/pscratch/sd/s/sjmoon/EmoViS/data/raw/CowenEmotionVideos/1958.mp4	1958.mp4	189554	2026-05-08T05:07:29+00:00	a275b07d93121951e06d3ef5dcc88b2e98d6e50c5644eb7e22a0f16ab835eb0d	1958	4.06	h264	740	330	14.285714285714286	58	0	False	True			890f68dd9d1d43b2d43e53105d1bc47036a6a4de252feeeb5308e1ef8568d139	58	6243942668534661	True	1958	False
stimulus_videos	/pscratch/sd/s/sjmoon/EmoViS/data/raw/CowenEmotionVideos/1959.mp4	1959.mp4	253444	2026-05-08T05:07:30+00:00	7390128b483c115059029af6459b8fa9f8957d976deaad45541ae320422f3dcb	1959	6.16	h264	550	338	14.285714285714286	88	0	False	True			4e524ad26d2646c03d34ece87137c8e9810f0873b2a1830883b0060586e9a512	88	13647558283828796	True	1959	False
stimulus_videos	/pscratch/sd/s/sjmoon/EmoViS/data/raw/CowenEmotionVideos/1960.mp4	1960.mp4	1037452	2026-05-08T05:07:31+00:00	2ed5da4a04329d3a5160ae2cc0782b59a998b087c42c31bb3fd136dda76b2857	1960	6.72	h264	360	270	16.666666666666668	112	0	False	True			861538d2a41e1d0d9c08cc34d5490d64b6e9b35b0adffaa99ed384ce865b65b0	112	6348287307404261	True	1960	False
stimulus_videos	/pscratch/sd/s/sjmoon/EmoViS/data/raw/CowenEmotionVideos/1961.mp4	1961.mp4	496195	2026-05-08T05:07:30+00:00	d9916a52dd6018587bd3bfdff43a894d4d68f6ab170c1d63b040860190c1a821	1961	6.08	h264	480	480	25.0	152	0	False	True			cf9c452d06c49532d27523f5101982b3e41e3bac13469711448477ed6c6eeeac	152	6808457488696884	True	1961	False
stimulus_videos	/pscratch/sd/s/sjmoon/EmoViS/data/raw/CowenEmotionVideos/1962.mp4	1962.mp4	279005	2026-05-08T05:07:31+00:00	fa3d5c036ad417e232b31eab949f0e821c47cac7ab218666d912583425f2f621	1962	2.3	h264	348	254	10.0	23	0	False	True			71111d9daf72ac06cc4c341e80cadcbf7e423c73f55ba5d6fc542d0ad7565297	23	16951395471264825	True	1962	False
stimulus_videos	/pscratch/sd/s/sjmoon/EmoViS/data/raw/CowenEmotionVideos/1963.mp4	1963.mp4	1874238	2026-05-08T05:07:31+00:00	820301780abc3636a5e572d65bdc1218a747e26862b09ef60eaae2b4b792b64e	1963	4.0	h264	720	720	30.0	120	0	False	True			96900260c4d26c26c67cb6b82e3d1d47bbe3903edfd2dbc718ac7878f7a90067	120	66870513272323096	True	1963	False
stimulus_videos	/pscratch/sd/s/sjmoon/EmoViS/data/raw/CowenEmotionVideos/1964.mp4	1964.mp4	708141	2026-05-08T05:07:29+00:00	3b4fece7f8795c98bf22464ba126f4709a8d40b504e87da2e7c60ab5edb84dd8	1964	15.2	h264	386	206	12.5	190	0	False	True			5ee400a5b75c4df24f66f655fbf832110d974ee31e0db2d209295dcad50459ea	190	10134198945874176	True	1964	False
stimulus_videos	/pscratch/sd/s/sjmoon/EmoViS/data/raw/CowenEmotionVideos/1965.mp4	1965.mp4	356384	2026-05-08T05:07:30+00:00	975b01664c2d4600de679c03774a169003e2353eca6089a167a27633ba7d7311	1965	5.1	h264	400	224	10.0	51	0	False	True			9dfd826bb2432027e5676004cf800152baf7a5da974057bf0c409321b1829dd3	51	70082575872798687	True	1965	False
stimulus_videos	/pscratch/sd/s/sjmoon/EmoViS/data/raw/CowenEmotionVideos/1966.mp4	1966.mp4	469399	2026-05-08T05:07:29+00:00	9445bbce8ae55322a28ba1c6367f1eaaf6d191c15b70b66264346f3d6b412494	1966	2.1	h264	500	266	10.0	21	0	False	True			2359689e26ab604bb7d19a2c2d97ff0a4619240e6200fedf9db6cf7db5a001f5	21	35106808903489471	True	1966	False
stimulus_videos	/pscratch/sd/s/sjmoon/EmoViS/data/raw/CowenEmotionVideos/1967.mp4	1967.mp4	351291	2026-05-08T05:07:29+00:00	644c21de7c0e7eca68117295d536ccc234911b47b5d85a054e131a3c978df908	1967	10.98	h264	480	270	16.666666666666668	183	0	False	True			679a5117e3dcf2e9309ca974c43be52ea38568a1303d2a08781d1d47c5c297b2	183	9903348795246213	True	1967	False
stimulus_videos	/pscratch/sd/s/sjmoon/EmoViS/data/raw/CowenEmotionVideos/1968.mp4	1968.mp4	331256	2026-05-08T05:07:23+00:00	8d7da4aa9cffa6ca2ff2e890df10824d389c78901efb5a094e90cf7dc97892c6	1968	3.6	h264	550	376	6.666666666666667	24	0	False	True			ebd7c424a48d1476f02ab3ebf349a9652a898187f0d46b3ee02531a9f5081078	24	36409651722341529	True	1968	False
stimulus_videos	/pscratch/sd/s/sjmoon/EmoViS/data/raw/CowenEmotionVideos/1969.mp4	1969.mp4	5543495	2026-05-08T05:07:24+00:00	0e9e06a5fa9b343ef3901fc4c8258506d6a4aab8e522100f5724cdc002f257f4	1969	15.0	h264	720	396	25.0	375	0	False	True			d2125f3ebc131a35afe48ccad6ceca2bd8ae4a00925d7176819ba69a0333407f	375	7526479537059495	True	1969	False
stimulus_videos	/pscratch/sd/s/sjmoon/EmoViS/data/raw/CowenEmotionVideos/1970.mp4	1970.mp4	327872	2026-05-08T05:07:29+00:00	d188cd65e4a9d5dc76c3b453001191fe8551178b4a3b196a91522516bcac8022	1970	6.534	h264	384	384	15.0	98	0	False	True			62aab3e9d7a1b56f4950d274dba5e03311319aef9d326a29d135fec6c784dddf	98	53546740056055735	True	1970	False
stimulus_videos	/pscratch/sd/s/sjmoon/EmoViS/data/raw/CowenEmotionVideos/1971.mp4	1971.mp4	2116669	2026-05-08T05:07:30+00:00	5099b8f0b72ea744a3270632dad02224f0dc0c713fce8bf21dc6eb8b32ce996e	1971	11.44	h264	718	404	25.0	286	0	False	True			9e60c0e81184b37849bf6bf486b678df07810735a632cdecdb7ffea28520a20f	286	35568915458659075	True	1971	False
stimulus_videos	/pscratch/sd/s/sjmoon/EmoViS/data/raw/CowenEmotionVideos/1972.mp4	1972.mp4	258572	2026-05-08T05:07:29+00:00	71866bdb7f0837b6f8560d48ec076a521315746eb70dd4806e8ad62faa274737	1972	2.4	h264	400	222	10.0	24	0	False	True			3b191196d0172c6fe4d95bfe27c9a3e017fb9658288af16ec686659dd9f1cf1e	24	12628696326011379	True	1972	False
stimulus_videos	/pscratch/sd/s/sjmoon/EmoViS/data/raw/CowenEmotionVideos/1973.mp4	1973.mp4	31068	2026-05-08T05:07:29+00:00	004045a6811f759203c10262c21138bd3b30ee6fee8a1f3db1c677878d31ef47	1973	0.9	h264	244	244	33.333333333333336	30	0	False	True			217d15555372a4981c31cad4a51b6fcc8332164ed70211cb17ab1da22a0c55bc	30	38582001592114753	True	1973	False
stimulus_videos	/pscratch/sd/s/sjmoon/EmoViS/data/raw/CowenEmotionVideos/1974.mp4	1974.mp4	166612	2026-05-08T05:07:31+00:00	54b08b493e12018ce5a838a36675a406d4092ab629e3a05de346ff8fb737630c	1974	2.8	h264	500	250	10.0	28	0	False	True			403cdcf9ec7bfd654c4cc01e8fe0733e51c2a85704f6851c4a0e160376f72616	28	68085915625662286	True	1974	False
stimulus_videos	/pscratch/sd/s/sjmoon/EmoViS/data/raw/CowenEmotionVideos/1975.mp4	1975.mp4	315392	2026-05-08T05:07:30+00:00	778cf847e844f1765a572cd305dac12417008cce7f41e85b12f2717f4820a891	1975	2.97	h264	500	262	11.11111111111111	33	0	False	True			578f7eb2f19eee9c9d3c2f386da23c8edcefa7a675962e8c43c9b140e4542b8a	33	49282709238952552	True	1975	False
stimulus_videos	/pscratch/sd/s/sjmoon/EmoViS/data/raw/CowenEmotionVideos/1976.mp4	1976.mp4	71086	2026-05-08T05:07:31+00:00	fbd5b077ecd05117c1894b2695235c73e3bce7896b4edb20659a52ff8f93ffe4	1976	5.85	h264	320	150	20.0	117	0	False	True			9adc9b67d923c89c6688bc90d59962b0e71463cc1c27206fdfe6b24efed67b2a	117	27803741851247288	True	1976	False
stimulus_videos	/pscratch/sd/s/sjmoon/EmoViS/data/raw/CowenEmotionVideos/1977.mp4	1977.mp4	94070	2026-05-08T05:07:31+00:00	6d43fd008b9428c34d72841114034f7fb141e7c42290f386451486bf92038a6a	1977	1.5	h264	500	280	10.0	15	0	False	True			b84c460108610c62832b03ff2eaa36e8b50f034be5816d73bc777b6a655cc72c	15	5123965515514544	True	1977	False
stimulus_videos	/pscratch/sd/s/sjmoon/EmoViS/data/raw/CowenEmotionVideos/1978.mp4	1978.mp4	111340	2026-05-08T05:07:23+00:00	e758cefafb03528d7f61655f0f158ba57fd69e6833cc210cd968ab8a345cce56	1978	1.6	h264	500	280	10.0	16	0	False	True			33372c0b22cd0e3ef31544552f7cf468fa0c929ecfb2c325e93c957754129da6	16	3972233578245080	True	1978	False
stimulus_videos	/pscratch/sd/s/sjmoon/EmoViS/data/raw/CowenEmotionVideos/1979.mp4	1979.mp4	708371	2026-05-08T05:07:23+00:00	f23d6edf1d65942d15ee62fe9cf85ee705fa4a01a54836db5b48ccdf36b9c94a	1979	15.12	h264	400	320	25.0	378	0	False	True			bb29e9d5d580fdd8b37df35b9c814a53300c16496498f9d14160f32aab86e90f	378	32338593790184697	True	1979	False
stimulus_videos	/pscratch/sd/s/sjmoon/EmoViS/data/raw/CowenEmotionVideos/1980.mp4	1980.mp4	466791	2026-05-08T05:07:24+00:00	e4ea6f741f50b9e86366d638fa5c9d0c62f5a033a0ab58bcd0c858a829acf4db	1980	5.39	h264	480	270	14.285714285714286	77	0	False	True			ed5446973a6459b71d43b5d79d5739f40a05c8fc4afe6887331b69524ab21769	77	570758980710465	True	1980	False
stimulus_videos	/pscratch/sd/s/sjmoon/EmoViS/data/raw/CowenEmotionVideos/1981.mp4	1981.mp4	524896	2026-05-08T05:07:24+00:00	f29ef5f0f8f13eeea030990fd2bef40b0c95fe97c964c4af745b5aa065b9978b	1981	4.92	h264	402	272	16.666666666666668	82	0	False	True			a8df1a012779b7fb5102267425c05dfd7b5222826f3eefe4c3b812f5a1ff6401	82	18719186023006810	True	1981	False
stimulus_videos	/pscratch/sd/s/sjmoon/EmoViS/data/raw/CowenEmotionVideos/1982.mp4	1982.mp4	98448	2026-05-08T05:07:24+00:00	5d9f2054d83281c7d3392928760add385af69175fe333adf538dbd3beb0a3fb6	1982	4.4	h264	500	216	10.0	44	0	False	True			f6deb1da0795f75757c71f287a994d189f39c4a2f0c3e82c24833bc3b1d74bef	44	31347818759407388	True	1982	False
stimulus_videos	/pscratch/sd/s/sjmoon/EmoViS/data/raw/CowenEmotionVideos/1983.mp4	1983.mp4	48281	2026-05-08T05:07:23+00:00	4982c6c322b962ab0775b4fe1bab080dae8fc485185c12dc6b079e7ae9e8812f	1983	1.08	h264	500	400	16.666666666666668	18	0	False	True			4778cdf67ae300e189ae9b9a456cd657d2e5f5cb2d708ca54ee219a260ddb5cf	18	27515919160522527	True	1983	False
stimulus_videos	/pscratch/sd/s/sjmoon/EmoViS/data/raw/CowenEmotionVideos/1984.mp4	1984.mp4	60090	2026-05-08T05:07:23+00:00	169edb818eeb48ba18d7ed73ce7d7609e5eaa1a079ce269d317a091ea7dcaa8f	1984	1.74	h264	500	280	16.666666666666668	29	0	False	True			fb40ed262751daee6d0fe441f814fbc3f0792f90051fc8ba492b0337d88950b3	29	48490159804266722	True	1984	False
stimulus_videos	/pscratch/sd/s/sjmoon/EmoViS/data/raw/CowenEmotionVideos/1985.mp4	1985.mp4	150364	2026-05-08T05:07:22+00:00	0e4f04b9db5dae68f1e22373b9462592e3259db420340b51970515d51a194124	1985	1.5	h264	400	214	20.0	30	0	False	True			10c07466b9b403cf9d46095d31c7f3eba1ddf27b7ee82fc379df721e3898ba3e	30	54220295695308333	True	1985	False
stimulus_videos	/pscratch/sd/s/sjmoon/EmoViS/data/raw/CowenEmotionVideos/1986.mp4	1986.mp4	118340	2026-05-08T05:07:23+00:00	8039137d0fa8680e09407403830f3f6754c42730ab84a896c0ca649035679e00	1986	2.45	h264	500	280	14.285714285714286	35	0	False	True			2c6d1dab77377c0f3a62d4badc3c201b735d9e89a5bcf8924f277435819d856a	35	26526241645782281	True	1986	False
stimulus_videos	/pscratch/sd/s/sjmoon/EmoViS/data/raw/CowenEmotionVideos/1987.mp4	1987.mp4	395794	2026-05-08T05:07:23+00:00	a04fefc46b8dbef3bd0931954983b8c2eba9db51c4e021d3d96ad4cbd64538d9	1987	1.7	h264	640	360	10.0	17	0	False	True			1b3f5f2976b8edb0df2c7a19d2fee1c8964453199a7f6027ee4cbf5534b46a58	17	47602464345813834	True	1987	False
stimulus_videos	/pscratch/sd/s/sjmoon/EmoViS/data/raw/CowenEmotionVideos/1988.mp4	1988.mp4	75714	2026-05-08T05:07:31+00:00	397d0b526dbef1c83b73ce986242afa6267c62e043ac4e00562dcbf0d28aaa97	1988	2.46	h264	500	284	16.666666666666668	41	0	False	True			db7ad2c966035074ae577ff7a4d4a3fad6280d05dfba94352da972d9c9741651	41	17694311272545271	True	1988	False
stimulus_videos	/pscratch/sd/s/sjmoon/EmoViS/data/raw/CowenEmotionVideos/1989.mp4	1989.mp4	205848	2026-05-08T05:07:31+00:00	db372c1e7f0511c245960a686723d1d75c4844e80f3547156937f97c9706623d	1989	2.66	h264	500	308	14.285714285714286	38	0	False	True			6249e309c096cef8d164f5a84334921dd244dafa10d3f7e9d14a3b07fb0d413e	38	50493174372807139	True	1989	False
stimulus_videos	/pscratch/sd/s/sjmoon/EmoViS/data/raw/CowenEmotionVideos/1990.mp4	1990.mp4	1986016	2026-05-08T05:07:23+00:00	ad1e99be69fcbe9dc984655ccae27a8a1e3319b848a9fc91a95347450a07b3a6	1990	15.42	h264	512	350	16.666666666666668	257	0	False	True			92ac18391450bc897e66f31e1db8ec9b29ff47ae0f0869a5165e3c773566b05b	257	17570542969308173	True	1990	False
stimulus_videos	/pscratch/sd/s/sjmoon/EmoViS/data/raw/CowenEmotionVideos/1991.mp4	1991.mp4	138509	2026-05-08T05:07:22+00:00	f73500255ee8a0bf876d49cc715038c6acae139b71edbaefe1b6341586bf9b48	1991	2.0	h264	354	246	10.0	20	0	False	True			1cb76de63deaafb9b577cb28374b5e3c1101e883a46827dc155976b88826e3ab	20	50603090880620851	True	1991	False
stimulus_videos	/pscratch/sd/s/sjmoon/EmoViS/data/raw/CowenEmotionVideos/1992.mp4	1992.mp4	2780403	2026-05-08T05:07:23+00:00	f075e2b8eb55c6d454539dd4a16f4096ee1eb4b5286794a074617cfbe728f7d1	1992	10.0	h264	768	432	25.0	250	0	False	True			8d050221c004c59d9a23c3daaa160e9f89c13cf502179bd82658c3a8711f1345	250	6258934871125145	True	1992	False
stimulus_videos	/pscratch/sd/s/sjmoon/EmoViS/data/raw/CowenEmotionVideos/1993.mp4	1993.mp4	274407	2026-05-08T05:07:23+00:00	7de78c13dd1c1851f55ea477d2861939c8d9fff0a2eeef16fa152f1f1a05af8d	1993	1.64	h264	500	216	25.0	41	0	False	True			68e9b84cdfe49874a064c25288ae6155d7ef4ad09926f635a3e8582f3a77903a	41	31205905940464591	True	1993	False
stimulus_videos	/pscratch/sd/s/sjmoon/EmoViS/data/raw/CowenEmotionVideos/1994.mp4	1994.mp4	2478295	2026-05-08T05:07:24+00:00	888e3c961502e1eae9e5fb574d354af214675b39c880395aff32717065439e88	1994	24.584	h264	432	430	12.0	295	0	False	True			df6538ce20931889333fe1c62355058ed62864760ad16cf665af866685fe2c2d	295	15336923185070475	True	1994	False
stimulus_videos	/pscratch/sd/s/sjmoon/EmoViS/data/raw/CowenEmotionVideos/1995.mp4	1995.mp4	410967	2026-05-08T05:07:24+00:00	2e1ed3d7f068a5327cfc26e46ffbbd90b784980b9705fd06b413d25fd0c53693	1995	5.11	h264	272	186	14.285714285714286	73	0	False	True			af51b3c7f7d137fc55721c9323dbf3a3a9cd5ddb0ac2fa580df5d294aa201130	73	27480509743978641	True	1995	False
stimulus_videos	/pscratch/sd/s/sjmoon/EmoViS/data/raw/CowenEmotionVideos/1996.mp4	1996.mp4	285194	2026-05-08T05:07:24+00:00	db0c03c84ee5ec597fda84e30e0e3166654727463ced1c830adcafb0ab941ecb	1996	6.12	h264	214	176	16.666666666666668	102	0	False	True			0d8ba8ba6e949b754604807df7c9c8a5dda31b9c111af2006ad21921ee75d46f	102	39720316404981308	True	1996	False
stimulus_videos	/pscratch/sd/s/sjmoon/EmoViS/data/raw/CowenEmotionVideos/1997.mp4	1997.mp4	283550	2026-05-08T05:07:23+00:00	8c920cea0be7787a115276a78a1b55502f06a60e3f7a1df948f756084841b259	1997	5.4	h264	636	356	8.333333333333334	45	0	False	True			c0d1de1e670fa738380e99a3ff280dd7d0054336414ef3c32184e97b3f7670ed	45	5444735244	True	1997	False
stimulus_videos	/pscratch/sd/s/sjmoon/EmoViS/data/raw/CowenEmotionVideos/1998.mp4	1998.mp4	32044	2026-05-08T05:07:29+00:00	9627c4b60c27804af69b62cec60ca9a0793823998344e03097ff4a53fedf48d1	1998	1.3	h264	400	192	20.0	26	0	False	True			d84d7f3091b7ed913f94bbde752dc750984afbb01360265d3fbef5a775aee06b	26	65247344400874580	True	1998	False
stimulus_videos	/pscratch/sd/s/sjmoon/EmoViS/data/raw/CowenEmotionVideos/1999.mp4	1999.mp4	55337	2026-05-08T05:07:29+00:00	4baf80522dcc7caa2003cf19c17b6c963950e7e8cbebe40e7c5780fe48c6166b	1999	4.2	h264	302	226	8.333333333333334	35	0	False	True			71d76a2334233c94f43ca822d30d76b493beb64b8ca9c68773d85fa0a259b094	35	3971952215873667	True	1999	False
stimulus_videos	/pscratch/sd/s/sjmoon/EmoViS/data/raw/CowenEmotionVideos/2000.mp4	2000.mp4	151983	2026-05-08T05:07:27+00:00	f0242adf4c43e05c9fc8f4e8fae49f8605965bd4dc70b00e57209461e291bcf6	2000	9.067	h264	480	360	15.0	136	0	False	True			34448b19544b8463f4b37fb76021d03a3d2f437d77f082cfd819d7da1d2db0cc	136	5115860979073935	True	2000	False
stimulus_videos	/pscratch/sd/s/sjmoon/EmoViS/data/raw/CowenEmotionVideos/2001.mp4	2001.mp4	4410320	2026-05-08T05:07:27+00:00	e46ee33d487e0f228cf823b321dc107a6dc85c9719b056d1b1af6dc23acf8f37	2001	9.034	h264	720	404	30.0	271	0	False	True			39d391bb8f0b1e473c848dd54cd04447c7811401f7f1debc178dee2966bf2fe8	271	45325219792292885	True	2001	False
stimulus_videos	/pscratch/sd/s/sjmoon/EmoViS/data/raw/CowenEmotionVideos/2002.mp4	2002.mp4	177195	2026-05-08T05:07:28+00:00	e9dab9e60c1e5b5cb04bc62fea31609f5d8596b36c5664123ed8132b832d7c07	2002	2.89	h264	480	360	5.882352941176471	17	0	False	True			418bf03552f2d6ec728c4444ee12a52f4b6bc087b5bd8c70de55992c8f6926c0	17	22615110137576122	True	2002	False
stimulus_videos	/pscratch/sd/s/sjmoon/EmoViS/data/raw/CowenEmotionVideos/2003.mp4	2003.mp4	1438059	2026-05-08T05:07:27+00:00	14c3f68dabfdff45e234926b0b55fd8332bf952857b824a60941859e34d823f7	2003	15.0	h264	718	404	25.0	375	0	False	True			fa84313af80ab10046822a426ee15793d0510ef00856ab83ab37e8248019baf7	375	9078157763409903	True	2003	False
stimulus_videos	/pscratch/sd/s/sjmoon/EmoViS/data/raw/CowenEmotionVideos/2004.mp4	2004.mp4	105183	2026-05-08T05:07:29+00:00	bbd52cda6307ddad58a846c240d0895d2eee2510f31282d9744923d9e1afb28c	2004	5.2	h264	320	180	7.6923076923076925	40	0	False	True			a8ba1c7bf2e3a24fbae3de6262ca815e71cc367ecd952bb6136730617507062b	40	10266079432244860	True	2004	False
stimulus_videos	/pscratch/sd/s/sjmoon/EmoViS/data/raw/CowenEmotionVideos/2005.mp4	2005.mp4	2594068	2026-05-08T05:07:28+00:00	73d534a7873bf283b88811dc1b51c7df2f9f77f5d6d9318a8cfc704f48002ca4	2005	31.6	h264	680	382	20.0	632	0	False	True			d4c3b575a2e487ea0338ddbf1c6ccf0dc54d6c75ae932f659d98055f29016ff4	632	11852911880363499	True	2005	False
stimulus_videos	/pscratch/sd/s/sjmoon/EmoViS/data/raw/CowenEmotionVideos/2006.mp4	2006.mp4	959043	2026-05-08T05:07:28+00:00	164fc9ac3a32d300c6ae2be8b5a4daae916dfcf538bda0ebd20397ef6c3431a4	2006	6.76	h264	502	384	50.0	338	0	False	True			cfaafd43644e2f2004cfdae4d863348d2ff3319480d544900197003dbec8ef1a	338	17482421103433526	True	2006	False
stimulus_videos	/pscratch/sd/s/sjmoon/EmoViS/data/raw/CowenEmotionVideos/2007.mp4	2007.mp4	69718	2026-05-08T05:07:28+00:00	1641b2e6e7e7f5873d54b0d8cff96e40c5496546fa9aee238104b070e8399596	2007	4.97	h264	500	274	14.285714285714286	71	0	False	True			5336e71da0e6394d7793c26f7fa165a8ce4c120d331423fa871d6b95d8835f10	71	8740244243564175	True	2007	False
stimulus_videos	/pscratch/sd/s/sjmoon/EmoViS/data/raw/CowenEmotionVideos/2008.mp4	2008.mp4	398346	2026-05-08T05:07:25+00:00	cb84bddd2d8113e5da95c9940a4064d345eb2928c5cf90f6aa75f25e73925eb2	2008	4.72	h264	480	220	12.5	59	0	False	True			bcd123fe7216cf7e61bf30965b4b7e353033881f5bf9b11c998cb51e1e8d977f	59	23527250371568361	True	2008	False
stimulus_videos	/pscratch/sd/s/sjmoon/EmoViS/data/raw/CowenEmotionVideos/2009.mp4	2009.mp4	1184942	2026-05-08T05:07:24+00:00	5c1aca43ce0f91f02bc4e9aaf8f8ae9d52852494bd8e307c604bff77b46b8b0d	2009	1.35	h264	640	360	20.0	27	0	False	True			b0d48b9a8c377ebdfad3a9db96139c3c2468114602b70f1267fb06db7dcaec3b	27	32624323757636031	True	2009	False
stimulus_videos	/pscratch/sd/s/sjmoon/EmoViS/data/raw/CowenEmotionVideos/2010.mp4	2010.mp4	223517	2026-05-08T05:07:29+00:00	e4d51e7e628650f199b24e5a0240b58ce9b68d46308bbcf391ef5b00398800e1	2010	3.2	h264	196	196	25.0	80	0	False	True			6a0e60c756c57862e2413793d5d1a865985f04a45495ff27390dd0832159bbc0	80	4124379191023883	True	2010	False
stimulus_videos	/pscratch/sd/s/sjmoon/EmoViS/data/raw/CowenEmotionVideos/2011.mp4	2011.mp4	2228970	2026-05-08T05:07:28+00:00	fe38966e1108cedde0c6c667477b5e7a5f15f0d3dd24d7b9fd6bed0dc50e6eb7	2011	7.26	h264	744	418	33.333333333333336	242	0	False	True			821e24c269f96a73faa009d98cbf3501ef94071ba60f32b7b04b9af80abbed46	242	35747183368882725	True	2011	False
stimulus_videos	/pscratch/sd/s/sjmoon/EmoViS/data/raw/CowenEmotionVideos/2012.mp4	2012.mp4	1370933	2026-05-08T05:07:28+00:00	58dadd0153b1404adcabbe9a3850e0231bae45fdae9c39799c50d9da11667549	2012	12.12	h264	264	360	33.333333333333336	404	0	False	True			de27580253dd597d5e06b9ed32446b0b64fd9913c1ed5dc3da5bce4b6f4ec480	404	35302724410617627	True	2012	False
stimulus_videos	/pscratch/sd/s/sjmoon/EmoViS/data/raw/CowenEmotionVideos/2013.mp4	2013.mp4	1074996	2026-05-08T05:07:28+00:00	3dc13070244298938b3103eeb64d0e6bf1d20154832eed3c8ca24a1ffbc8160c	2013	4.97	h264	480	270	14.285714285714286	71	0	False	True			bcdff224c84aea28bb08c3221e639d943abe46629a5f6e5bd280466ff39d8d89	71	8501887017135942	True	2013	False
stimulus_videos	/pscratch/sd/s/sjmoon/EmoViS/data/raw/CowenEmotionVideos/2014.mp4	2014.mp4	107755	2026-05-08T05:07:27+00:00	7f256a23de8f53690e0c09339c7d0a7c71ce427b6a182791fec4a7143d7c27f0	2014	1.74	h264	414	232	16.666666666666668	29	0	False	True			53703f44012315bd649017c2b0dee245da04014a74bb5a4e467e01adc3c3b628	29	31383333946356449	True	2014	False
stimulus_videos	/pscratch/sd/s/sjmoon/EmoViS/data/raw/CowenEmotionVideos/2015.mp4	2015.mp4	70943	2026-05-08T05:07:27+00:00	62015cad24657ae018dfecc81777cd1bdf6145508e0adad9ac1dc912ef40e1d6	2015	1.05	h264	330	542	20.0	21	0	False	True			fca204282a3eba0776197bd8e1091cdd7deb97496aae66bfaec9e3a764e1bc4a	21	27182019780697273	True	2015	False
stimulus_videos	/pscratch/sd/s/sjmoon/EmoViS/data/raw/CowenEmotionVideos/2016.mp4	2016.mp4	110596	2026-05-08T05:07:28+00:00	62ec689920c8d8cc5bc4cc6006d8eed24b04075d1cae0e751ee9c21d0a22ea51	2016	2.8	h264	244	220	20.0	56	0	False	True			be78118d6e760b9b0b1ab0130f0ebcf6d794165dfa64c2175020363d4b3ea36b	56	9257360650156401	True	2016	False
stimulus_videos	/pscratch/sd/s/sjmoon/EmoViS/data/raw/CowenEmotionVideos/2017.mp4	2017.mp4	117788	2026-05-08T05:07:27+00:00	93ec8e4f695deb320c58b1b8246211ddf2886f1d4d340bf602f5b77ea6b2533f	2017	1.88	h264	500	374	25.0	47	0	False	True			339cfa38c4dc7a9d76703ee790ccfa68bc3bb19296f69ded98e194f734529bbe	47	15399074091526424	True	2017	False
stimulus_videos	/pscratch/sd/s/sjmoon/EmoViS/data/raw/CowenEmotionVideos/2018.mp4	2018.mp4	395937	2026-05-08T05:07:26+00:00	eec269b48cc8af43a033de0e59ea945487011ba7534545e823049273b64dca44	2018	5.2	h264	320	426	7.6923076923076925	40	0	False	True			c061a87757149f5f3e2aa2ad4aa689f527d1027b684bf9bf7f5d65851e4b4f7e	40	63307095451623294	True	2018	False
stimulus_videos	/pscratch/sd/s/sjmoon/EmoViS/data/raw/CowenEmotionVideos/2019.mp4	2019.mp4	284201	2026-05-08T05:07:26+00:00	9e96da02a13eb71b23fc514074c9434bb593fb955a575d516200efa593df0106	2019	4.32	h264	624	352	12.5	54	0	False	True			36796fdb1a8ec4056199465648fd5def09dec523a511174bb0b5b5eec7e0172c	54	61031465974214808	True	2019	False
stimulus_videos	/pscratch/sd/s/sjmoon/EmoViS/data/raw/CowenEmotionVideos/2020.mp4	2020.mp4	731361	2026-05-08T05:07:25+00:00	7976a625edc6a443d4a802c6947697860aa5e9e228574befe5e77fdd1fb6f10d	2020	10.5	h264	360	202	10.0	105	0	False	True			6bd7f87c0cebbab69b22faf5a9e78bb2a256e16f77377eedbf9ae28927b09d65	105	33414643460447609	True	2020	False
stimulus_videos	/pscratch/sd/s/sjmoon/EmoViS/data/raw/CowenEmotionVideos/2021.mp4	2021.mp4	1238404	2026-05-08T05:07:24+00:00	bba22f42c8196de1f9368ad2d8a52bd4c6e3ca4287475d85b15e55913c469dd8	2021	4.86	h264	640	360	16.666666666666668	81	0	False	True			b9832f49eb21948c1a6d2428ef142c077efe5c580072866e971a10816c35d18d	81	3971680609684889	True	2021	False
stimulus_videos	/pscratch/sd/s/sjmoon/EmoViS/data/raw/CowenEmotionVideos/2022.mp4	2022.mp4	290269	2026-05-08T05:07:25+00:00	77ad762baf8c5e7dd85db16afb5f44954b6fb60dbf4fb8782d2047f39a48885c	2022	6.9	h264	300	240	10.0	69	0	False	True			bd7d78f4fa49ce1d5dc5d995a36b83a0807e7167795d048407b5f69014b1a371	69	4010485639159025	True	2022	False
stimulus_videos	/pscratch/sd/s/sjmoon/EmoViS/data/raw/CowenEmotionVideos/2023.mp4	2023.mp4	3137350	2026-05-08T05:07:25+00:00	d1238bafacf87efb96022f20a91858b8fd3011f9f22d8b7b8de0c122899fe2da	2023	11.65	h264	640	640	20.0	233	0	False	True			d0c961dffc50186b614011ae6489bdbcaf5c7cc177bc7fcc5bb644a4de18c8c1	233	37487147398300811	True	2023	False
stimulus_videos	/pscratch/sd/s/sjmoon/EmoViS/data/raw/CowenEmotionVideos/2024.mp4	2024.mp4	113125	2026-05-08T05:07:26+00:00	76ae8c34a7b7ae7a3076534fd7d73fbef8bd5ec7390f30ff08fe9090cdea6cfc	2024	4.8	h264	320	180	5.0	24	0	False	True			8cb5d69002659ec76188e5dd3ec9d608d9b94f9da5d742dbcd46fe65294d5f37	24	35098488975732494	True	2024	False
stimulus_videos	/pscratch/sd/s/sjmoon/EmoViS/data/raw/CowenEmotionVideos/2025.mp4	2025.mp4	362073	2026-05-08T05:07:26+00:00	580b0fde95f3f07621b293e6bf493a2a8068ac0ecac7b179e144da76c2f6031d	2025	9.8	h264	600	336	14.285714285714286	140	0	False	True			07550a5509b5b604b2eb320b63d61b7a627c679f6f8930b1c1edd26d186214b3	140	23389052675834497	True	2025	False
stimulus_videos	/pscratch/sd/s/sjmoon/EmoViS/data/raw/CowenEmotionVideos/2026.mp4	2026.mp4	1711592	2026-05-08T05:07:26+00:00	53d26603ecdbd7063e725878dd51332c347291bb50003d6a0894e1ce67856679	2026	15.08	h264	480	360	25.0	377	0	False	True			62f0e1f4479838f59c7de74bb092cca8099a90de9510669a389f1335dde06308	377	27003585150128694	True	2026	False
stimulus_videos	/pscratch/sd/s/sjmoon/EmoViS/data/raw/CowenEmotionVideos/2027.mp4	2027.mp4	64499	2026-05-08T05:07:26+00:00	08a7b10c3b8aea2b09320cdb95a891940ff1c9a8e1f0e2f19e134ec5f1c682d5	2027	1.56	h264	500	280	16.666666666666668	26	0	False	True			661a6a1bf9a54c011d64a0f435095ceaee48c9d692f43929b26bce80ed9294df	26	39785490565620693	True	2027	False
stimulus_videos	/pscratch/sd/s/sjmoon/EmoViS/data/raw/CowenEmotionVideos/2028.mp4	2028.mp4	717734	2026-05-08T05:07:27+00:00	e4a91ace3d6109101b84795e344ed0f1d8e141138b6168719c90415e9b0213c5	2028	14.7	h264	800	800	10.0	147	0	False	True			cf50956a05532d46c165accd1011525235ac7a2e17459ecc1baf022aaed9d1e6	147	8484697477272257	True	2028	False
stimulus_videos	/pscratch/sd/s/sjmoon/EmoViS/data/raw/CowenEmotionVideos/2029.mp4	2029.mp4	533370	2026-05-08T05:07:27+00:00	6cd1b39c96e100f9a11648e3f9b499cf5453ad3aed5331b7679e92a601d3c200	2029	16.8	h264	310	172	10.0	168	0	False	True			f2caed43dcf580cbe67d3cc66961f41e06927928950a8344ea0a55e3b79b223f	168	31241490917278083	True	2029	False
stimulus_videos	/pscratch/sd/s/sjmoon/EmoViS/data/raw/CowenEmotionVideos/2030.mp4	2030.mp4	68993	2026-05-08T05:07:26+00:00	478bc0b598958c0953305b74762cbc8088ebd65cb53d57873a3a89f9970e8996	2030	3.25	h264	500	210	7.6923076923076925	25	0	False	True			3b6ae21352705f0183a8ce2c36bebc7589d0cc21c54668dc1df653cc45282fd5	25	63989637296736451	True	2030	False
stimulus_videos	/pscratch/sd/s/sjmoon/EmoViS/data/raw/CowenEmotionVideos/2031.mp4	2031.mp4	1687858	2026-05-08T05:07:26+00:00	eee57385a52fc6e1c51692de8a77e38f246d62e08c78e987d3fb28cf8cd564ef	2031	10.0	h264	640	360	25.0	250	0	False	True			e64132cef328bd250783aed39979446a0a9f4aa6859e285b27552745954b561d	250	36024922218168319	True	2031	False
stimulus_videos	/pscratch/sd/s/sjmoon/EmoViS/data/raw/CowenEmotionVideos/2032.mp4	2032.mp4	86191	2026-05-08T05:07:26+00:00	09c8fe2269cb913cf8ad14af853091cdc2ad90c9341446e877bacb476ce502ef	2032	1.4	h264	450	252	14.285714285714286	20	0	False	True			34c309ecbc2ef87ef945df3d695707e2ca256099b5897c64d03fbd796cce87f9	20	42910328003168143	True	2032	False
stimulus_videos	/pscratch/sd/s/sjmoon/EmoViS/data/raw/CowenEmotionVideos/2033.mp4	2033.mp4	214762	2026-05-08T05:07:25+00:00	3fc9a01c045b4ca8911794bc9a165e6a4cf659511ac1da6cea711e37c5b7484f	2033	3.2	h264	306	386	25.0	80	0	False	True			7812eac615405097ed52973f2e7414c228b4a048e22a76f4564957dec69e2e02	80	17574179368734106	True	2033	False
stimulus_videos	/pscratch/sd/s/sjmoon/EmoViS/data/raw/CowenEmotionVideos/2034.mp4	2034.mp4	82220	2026-05-08T05:07:25+00:00	47bd7d09e6e8158f696f509a882b65a767457e382a8bcb61b92eee72ef939f73	2034	2.4	h264	450	254	10.0	24	0	False	True			cab49f94e4b83300a8908deb56443874116677c7a9abb197c330b4007188f4df	24	43298386968657520	True	2034	False
stimulus_videos	/pscratch/sd/s/sjmoon/EmoViS/data/raw/CowenEmotionVideos/2035.mp4	2035.mp4	484892	2026-05-08T05:07:24+00:00	0ac8fe14163dd956deff03e09bc2754d2523077b9560665c6b1c92c9e9ef7dbb	2035	2.17	h264	580	320	14.285714285714286	31	0	False	True			b762f262b6c6aa7512866af6987313c8f0a4cccd069405d43a0e3fd4a84013a9	31	18174113550208272	True	2035	False
stimulus_videos	/pscratch/sd/s/sjmoon/EmoViS/data/raw/CowenEmotionVideos/2036.mp4	2036.mp4	165832	2026-05-08T05:07:25+00:00	b86e321e9f2343076bcd25cfde9f628d066b278e9744dd67980c370702be5863	2036	4.0	h264	606	358	10.0	40	0	False	True			bc77a5a49ecea8a526e6137cb5de0f92edf70306d9b21ed0803afd0d55fb2cd5	40	3687986961088899	True	2036	False
stimulus_videos	/pscratch/sd/s/sjmoon/EmoViS/data/raw/CowenEmotionVideos/2037.mp4	2037.mp4	33855	2026-05-08T05:07:25+00:00	0f2c59f5739e09ec7491b3171ad3cb68d6ba65b56e03a6a0a4afc55d6ce6187b	2037	1.085	h264	500	218	28.583333333333332	31	0	False	True			4431706140baa540a9ec9c2e225edadc2d4f9b335e2332cab365c07d4f64a3d9	31	68670873135963828	True	2037	False
stimulus_videos	/pscratch/sd/s/sjmoon/EmoViS/data/raw/CowenEmotionVideos/2038.mp4	2038.mp4	228225	2026-05-08T05:07:29+00:00	287af236b51c668a74457932394e2d44d7dba41cfa9413fd3c701f69e6f7d7d0	2038	3.5	h264	498	308	10.0	35	0	False	True			ea715453605a08e49ba60615446cf426b4b698e634d4694fa1e3a31b6a659c06	35	13031662881988280	True	2038	False
stimulus_videos	/pscratch/sd/s/sjmoon/EmoViS/data/raw/CowenEmotionVideos/2039.mp4	2039.mp4	602924	2026-05-08T05:07:28+00:00	c2a546d15a2569430d96480a4c06bbe60b3d98d8de55989b0b775878dc99d15d	2039	4.9	h264	320	316	14.285714285714286	70	0	False	True			aa80132bbf972752dd86dbdf51dd763d84cb7fe43e81b6bfda19500b44d89f54	70	35177714702992270	True	2039	False
stimulus_videos	/pscratch/sd/s/sjmoon/EmoViS/data/raw/CowenEmotionVideos/2040.mp4	2040.mp4	285653	2026-05-08T05:07:23+00:00	ab8bc5c200a4b1881b936ebf4fb42cf524b12cd6584038f866b4d45a6d4be4bb	2040	11.08	h264	460	258	25.0	277	0	False	True			741b1e43d6ca466809822fe90b4621da27a45fd4c91ea6801634f94269d564c1	277	11282366201939105	True	2040	False
stimulus_videos	/pscratch/sd/s/sjmoon/EmoViS/data/raw/CowenEmotionVideos/2041.mp4	2041.mp4	94179	2026-05-08T05:07:23+00:00	ec385cf192f97254d1b5b31fb3c6c960c5aef5d63446b6d80ea57c785cd44b2f	2041	2.73	h264	500	500	33.333333333333336	91	0	False	True			d0aecb597944bc06a76491ff1525fc3d2e93982ae63ae7625c6eeb7eba783354	91	4025992787768952	True	2041	False
stimulus_videos	/pscratch/sd/s/sjmoon/EmoViS/data/raw/CowenEmotionVideos/2042.mp4	2042.mp4	651691	2026-05-08T05:07:22+00:00	bcf1c506de11ef4be7cf183414cd8f86e80455e64aa20d272467a94574f115eb	2042	6.12	h264	286	400	16.666666666666668	102	0	False	True			0629915da27c7f46e9beda4f55cb73aca75ec9db0aed943eae8ca0a3ec024844	102	9223984719266971	True	2042	False
stimulus_videos	/pscratch/sd/s/sjmoon/EmoViS/data/raw/CowenEmotionVideos/2043.mp4	2043.mp4	390210	2026-05-08T05:07:23+00:00	8157c09c2662ec6f387531869acbce80d61f877c848a53afe60b3f94d60a1590	2043	6.28	h264	400	280	25.0	157	0	False	True			1cf3dd65969241a490220ee09496a1efa25778ff7f0d57d56ebf8d4762d6b541	157	9369170584175672	True	2043	False
stimulus_videos	/pscratch/sd/s/sjmoon/EmoViS/data/raw/CowenEmotionVideos/2044.mp4	2044.mp4	216906	2026-05-08T05:07:23+00:00	9d1009dde6bcf0a2ff49391523c3dc71ef740ed5ba206965f5f085affef50e9a	2044	3.9	h264	424	318	10.0	39	0	False	True			0f195c13f7398d643da6c7f14c8d314ab93b9e9681ec5102ce7bcc5c468111b4	39	33442400432847089	True	2044	False
stimulus_videos	/pscratch/sd/s/sjmoon/EmoViS/data/raw/CowenEmotionVideos/2045.mp4	2045.mp4	2207113	2026-05-08T05:07:24+00:00	abab79f1a843433e218a86c7674797c0df4fbb11aeaf02cf6488aaf8260b4d82	2045	11.88	h264	406	720	25.0	297	0	False	True			6e7da35cef4e9a7c6f00d24556132f71c0beff463632b9aacba9875ec6044f68	297	14179457458537711	True	2045	False
stimulus_videos	/pscratch/sd/s/sjmoon/EmoViS/data/raw/CowenEmotionVideos/2046.mp4	2046.mp4	64864	2026-05-08T05:07:24+00:00	608741e37b17bddd0620cefeab11af3cb42fe8ac3cc3c97d1c2a5d140221118d	2046	3.0	h264	480	270	15.0	45	0	False	True			0050b7c0e765c6b94a13644c8ff9eb26876630069dd59de2ea2f43fcff4f9abc	45	4025488511962021	True	2046	False
stimulus_videos	/pscratch/sd/s/sjmoon/EmoViS/data/raw/CowenEmotionVideos/2047.mp4	2047.mp4	204859	2026-05-08T05:07:24+00:00	89c849358b86a5499283daba453d7113e41ba26de9b2bccc854a54e3a2133b1c	2047	6.05	h264	232	184	20.0	121	0	False	True			e06ea7a72e3a0d343c764596321f67743eaeaa4ee02dff55b8ad01005f96e698	121	53594489811254521	True	2047	False
stimulus_videos	/pscratch/sd/s/sjmoon/EmoViS/data/raw/CowenEmotionVideos/2048.mp4	2048.mp4	615822	2026-05-08T05:07:30+00:00	ee5d2f264fff05de2f4126dfdbbb5dfd3b20f49da5b52849ded4f9c131720ff6	2048	7.83	h264	296	196	11.11111111111111	87	0	False	True			dd1bd049d8a63f74dc88401ace7820661c39b9d03ca97a77bffe3cc50d3fda48	87	62979199207207823	True	2048	False
stimulus_videos	/pscratch/sd/s/sjmoon/EmoViS/data/raw/CowenEmotionVideos/2049.mp4	2049.mp4	192398	2026-05-08T05:07:30+00:00	cf7b96eab62b7147ad27b690fbdb17528025dafef2c821b04bbbc9b23b0c304b	2049	3.36	h264	300	250	12.5	42	0	False	True			77309f2d7d9feb9fa9d759beb773f8fbecbda9225c78e586798a9095263bcf63	42	53830957412448739	True	2049	False
stimulus_videos	/pscratch/sd/s/sjmoon/EmoViS/data/raw/CowenEmotionVideos/2050.mp4	2050.mp4	433042	2026-05-08T05:07:23+00:00	6e8e06fd1aaae3badeae9a881ab1561e052c213df67b8bcec3e318766ba6a70e	2050	5.5	h264	224	248	10.0	55	0	False	True			b05679064a75c102ab9d67f108c4ad91326867f67294bfe2a1f02555d1a6ca08	55	43502974726462664	True	2050	False
stimulus_videos	/pscratch/sd/s/sjmoon/EmoViS/data/raw/CowenEmotionVideos/2051.mp4	2051.mp4	122838	2026-05-08T05:07:24+00:00	989ffd0a95e8a277fdf4ed73d14d45752a6241da7233cfbd515df90f531937ab	2051	2.48	h264	250	168	25.0	62	0	False	True			bc4f04ebcd0a7b264332810c8fba7aac4c88588cfd3a4b23627cd8ea9e3f4a06	62	63187559186370624	True	2051	False
stimulus_videos	/pscratch/sd/s/sjmoon/EmoViS/data/raw/CowenEmotionVideos/2052.mp4	2052.mp4	202218	2026-05-08T05:07:24+00:00	ea1b2e16e65de34d082986f5f98a367845a7a71677635ac1ec5b3f9eedffad96	2052	2.16	h264	500	248	25.0	54	0	False	True			df7c196e21b3574443ea7c7eabe512629288756f7106a0e2e6cab1f1e776f72f	54	3113955450980688	True	2052	False
stimulus_videos	/pscratch/sd/s/sjmoon/EmoViS/data/raw/CowenEmotionVideos/2053.mp4	2053.mp4	44192	2026-05-08T05:07:24+00:00	f9f490da179f77841d674a2b560b3b8913a7c08427050e1d5791b0409db34244	2053	1.04	h264	496	290	12.5	13	0	False	True			4259537c10d12b826f7c39dfaff50a66532fd3bf2fb8f7f6d289b43e1e182aca	13	42463677428587966	True	2053	False
stimulus_videos	/pscratch/sd/s/sjmoon/EmoViS/data/raw/CowenEmotionVideos/2054.mp4	2054.mp4	3703709	2026-05-08T05:07:23+00:00	6218f289962e84d27f82b4e79beb8968107cdd9a41617b42f088a4cb4f7037d1	2054	14.0	h264	720	540	30.0	420	0	False	True			1df6d808c813cf04b1e561f13f92068075d3657e4d73738d831d41e89a01a318	420	54754631393544385	True	2054	False
stimulus_videos	/pscratch/sd/s/sjmoon/EmoViS/data/raw/CowenEmotionVideos/2055.mp4	2055.mp4	377743	2026-05-08T05:07:23+00:00	3ae12431c1a49e6277a50dd6058672642e676736f06225a2ef87f8f12e0d586a	2055	4.3	h264	480	446	20.0	86	0	False	True			dacced1bbfcbdf75313a04e9827a36cd2760d9bad4f2c9079091ab886d859def	86	39832137609362420	True	2055	False
stimulus_videos	/pscratch/sd/s/sjmoon/EmoViS/data/raw/CowenEmotionVideos/2056.mp4	2056.mp4	109146	2026-05-08T05:07:22+00:00	7f4c6567524969605e68e7a9ffac8f2b8b3c775deb7d095a3dac2151a1cf683b	2056	3.2	h264	320	240	10.0	32	0	False	True			cedf0bb92f692986e72f91f923924b06425ebe4eb47a10be607abb393d3b2b3d	32	33271686672573664	True	2056	False
stimulus_videos	/pscratch/sd/s/sjmoon/EmoViS/data/raw/CowenEmotionVideos/2057.mp4	2057.mp4	327173	2026-05-08T05:07:22+00:00	d159068b77b0ef0f0934bdb2f08d6b1af5e36f4ae1e3f03887f010b299570584	2057	3.5	h264	450	252	10.0	35	0	False	True			cee2b5ffaeb79f1782f446abad84e786cf93c2a4cea42f514a4db956e0dd0433	35	32353844473750441	True	2057	False
stimulus_videos	/pscratch/sd/s/sjmoon/EmoViS/data/raw/CowenEmotionVideos/2058.mp4	2058.mp4	282938	2026-05-08T05:07:30+00:00	64ffeab114b329d4c96613b7b0c2f4404d0fa6e160c646250a7eea7adbd0a0c1	2058	3.0	h264	640	276	10.0	30	0	False	True			2f11704bf1b2901438378be0a5d40e790a41f649f8a0982377bedaf1b82a9757	30	3971678419992979	True	2058	False
stimulus_videos	/pscratch/sd/s/sjmoon/EmoViS/data/raw/CowenEmotionVideos/2059.mp4	2059.mp4	321301	2026-05-08T05:07:30+00:00	151cdc6fbee357775f288b35ec599cf2544bbc21dff3efcdde9a45278fb8404b	2059	9.24	h264	400	298	8.333333333333334	77	0	False	True			579b8906ccf5e82efd8d0702be552a7b09fc1cd9b21cc59fb6ff5759d7b88dd7	77	13899541173597805	True	2059	False
stimulus_videos	/pscratch/sd/s/sjmoon/EmoViS/data/raw/CowenEmotionVideos/2060.mp4	2060.mp4	216728	2026-05-08T05:07:30+00:00	73bc5d567a034b83cf7681046ce721c815dd7c4136635518abe0836a745479e9	2060	3.137	h264	640	318	22.0	69	0	False	True			9f99e07eae0a64eb69e6df39e4629e5f3523da6f429412ac4d454da6a5b6ffb3	69	6311577680823981	True	2060	False
stimulus_videos	/pscratch/sd/s/sjmoon/EmoViS/data/raw/CowenEmotionVideos/2061.mp4	2061.mp4	174311	2026-05-08T05:07:30+00:00	18860282468b39e2dae2002f0b87c03ef1edb13d08f4021c02a00fd365d5631e	2061	2.5	h264	492	338	10.0	25	0	False	True			15a017b9f0886a408dec43278856e42fd50cfb42413bf583fe9e34127083f4da	25	44183148524517734	True	2061	False
stimulus_videos	/pscratch/sd/s/sjmoon/EmoViS/data/raw/CowenEmotionVideos/2062.mp4	2062.mp4	147106	2026-05-08T05:07:29+00:00	2f294d18d421d6582467ae1af663a6bb5c97fd8aaf5f2abdf32194874a0a2abc	2062	2.21	h264	500	316	7.6923076923076925	17	0	False	True			70a4be26ed5fc6f35aea55f5db1e8b753ed871040f682cb5e4a0d66d7310da7c	17	57573805537906917	True	2062	False
stimulus_videos	/pscratch/sd/s/sjmoon/EmoViS/data/raw/CowenEmotionVideos/2063.mp4	2063.mp4	153691	2026-05-08T05:07:29+00:00	e77848b764f5e54a2ded414fb0785d7f20e9742131954e7a9bc18576a9384597	2063	3.77	h264	500	252	7.6923076923076925	29	0	False	True			494da6a39be178adae5bbb7798cf81ffba96249b36cdb7707e395e1699139d98	29	15895595231626457	True	2063	False
stimulus_videos	/pscratch/sd/s/sjmoon/EmoViS/data/raw/CowenEmotionVideos/2064.mp4	2064.mp4	269377	2026-05-08T05:07:30+00:00	53ee85d834f768ba553cc3086ff47d40009873ac5a2cdb20f088d2266483a601	2064	16.94	h264	320	238	9.090909090909092	154	0	False	True			ecf4196313c4b3b40ea58be12443275b2d508124bde62e05fbc2de2c8f08fb60	154	8781139231484758	True	2064	False
stimulus_videos	/pscratch/sd/s/sjmoon/EmoViS/data/raw/CowenEmotionVideos/2065.mp4	2065.mp4	264148	2026-05-08T05:07:30+00:00	181a038537acf01907ff16f519c30b9aad60474f2d07c0b7e34845516be36475	2065	1.24	h264	450	450	25.0	31	0	False	True			f6a4e8ce7e98a1530dd9e096f68955285af92734ae9e453cecf29e5c22f90c84	31	3971643808995811	True	2065	False
stimulus_videos	/pscratch/sd/s/sjmoon/EmoViS/data/raw/CowenEmotionVideos/2066.mp4	2066.mp4	1754705	2026-05-08T05:07:31+00:00	6f511b8b8611ca7fc0306591a855ca21eae58ab825e5df7b72d0690c878393ab	2066	15.08	h264	718	404	25.0	377	0	False	True			f7e82b89afa5db8ea5a28f64443e2dcd0eab602d683f5b0c60b7aed276e54c42	377	67234830842185119	True	2066	False
stimulus_videos	/pscratch/sd/s/sjmoon/EmoViS/data/raw/CowenEmotionVideos/2067.mp4	2067.mp4	2019548	2026-05-08T05:07:31+00:00	aba5d3b563f0972b0c89479a7b1f7f0a725bbd2468710977f41123c77ffff5ef	2067	8.0	h264	720	404	30.0	240	0	False	True			3c27561099d8c3964976bbdd986b77f5257e22fc362feabc6750dac0bfe8ccd2	240	3400419852567558	True	2067	False
stimulus_videos	/pscratch/sd/s/sjmoon/EmoViS/data/raw/CowenEmotionVideos/2068.mp4	2068.mp4	1833773	2026-05-08T05:07:23+00:00	b109ff7fbd081ea4eb39bd5be5e8938acfbce9c634ff7ba9e1bf14ec75c87f99	2068	14.48	h264	480	360	25.0	362	0	False	True			d64e73cbac8d1341e146bdb263f8a19b9df10fd63d7a1c031e6c37ed8019bdf7	362	34605786560073058	True	2068	False
stimulus_videos	/pscratch/sd/s/sjmoon/EmoViS/data/raw/CowenEmotionVideos/2069.mp4	2069.mp4	240766	2026-05-08T05:07:23+00:00	3d06b14f414634fba7cbd49bbd4a225a0aa7f84cea580e0bc856b6abe09a7f49	2069	9.4	h264	424	222	25.0	235	0	False	True			3a070afc127d2f20e5f8722ea27d7185de907a1d7ecf13e28fcb3bd279c47f41	235	4079860242266217	True	2069	False
stimulus_videos	/pscratch/sd/s/sjmoon/EmoViS/data/raw/CowenEmotionVideos/2070.mp4	2070.mp4	128132	2026-05-08T05:07:30+00:00	cc929951a547d25fa42a08f84e2ebdf8b3a971293101bc8d80e102aa37ff6e36	2070	3.5	h264	292	218	14.285714285714286	50	0	False	True			d2b78d1e602cf053f9d53875010d380e0f00d1c2f7896377062fc1c7dec14957	50	36471007925506977	True	2070	False
stimulus_videos	/pscratch/sd/s/sjmoon/EmoViS/data/raw/CowenEmotionVideos/2071.mp4	2071.mp4	2130439	2026-05-08T05:07:30+00:00	2da32de4afa3f69f49c7bd719215162ac193cb7f20acbc9427dfd4fd8d3fb741	2071	15.08	h264	640	640	25.0	377	0	False	True			38d44e967b44215bec2fffd12e9599c87c9ce88c8d28493288f3e8a986167371	377	36878210344388495	True	2071	False
stimulus_videos	/pscratch/sd/s/sjmoon/EmoViS/data/raw/CowenEmotionVideos/2072.mp4	2072.mp4	470000	2026-05-08T05:07:31+00:00	f86046a6393dd4015b157410b96f0950ac2cee7e1f9d7b1a0c9b06e36ae72e03	2072	4.2	h264	390	258	10.0	42	0	False	True			6ccaf82fd29e4338dd13e679a604af9d13419a29d5050e9d0240c3e2e8ce5309	42	13620294922219132	True	2072	False
stimulus_videos	/pscratch/sd/s/sjmoon/EmoViS/data/raw/CowenEmotionVideos/2073.mp4	2073.mp4	413266	2026-05-08T05:07:31+00:00	a16abfdbc09c1ae8758cde7bb440f1baf70aee00bebb3f6902de90b3d8daa7d5	2073	5.44	h264	242	370	12.5	68	0	False	True			cdbd713546c35a806141650a3697022c5c2d3f80f85d5d5e210c92865475448d	68	47783840667269628	True	2073	False
stimulus_videos	/pscratch/sd/s/sjmoon/EmoViS/data/raw/CowenEmotionVideos/2074.mp4	2074.mp4	194315	2026-05-08T05:07:30+00:00	fae440200e3bef517d8862442e98408a7cd79d808ffcc54ffb550493cfa256ec	2074	9.6	h264	250	190	12.5	120	0	False	True			7adb3d7ccf033551c43131f11b03d641064785ca32a7579b1fc8532aed37084f	120	42542620714927628	True	2074	False
stimulus_videos	/pscratch/sd/s/sjmoon/EmoViS/data/raw/CowenEmotionVideos/2075.mp4	2075.mp4	109096	2026-05-08T05:07:30+00:00	f5770e6c5ecce8fc7b399f81a1cf4959c53e59a1280d63f399b36ca671ca1fc6	2075	4.8	h264	500	494	10.0	48	0	False	True			81bf25469e774a2f3f756f5db5f98a43ef0b2546cdfa0747d5117c1a18040292	48	3962813597390912	True	2075	False
stimulus_videos	/pscratch/sd/s/sjmoon/EmoViS/data/raw/CowenEmotionVideos/2076.mp4	2076.mp4	988960	2026-05-08T05:07:29+00:00	968ab2531a05605e78f77613f6ce55ca3a99d0f918b118cbb087d1cb58353ed0	2076	3.4	h264	534	336	25.0	85	0	False	True			92dd358255cba2765204b1b4a137782e69869767d65115f2c2164f4319f336dd	85	17588817972056524	True	2076	False
stimulus_videos	/pscratch/sd/s/sjmoon/EmoViS/data/raw/CowenEmotionVideos/2077.mp4	2077.mp4	408470	2026-05-08T05:07:29+00:00	014b00bb886cbf26650946d5a2f908ad8aa72668b69953fafc941d653549b17b	2077	7.74	h264	250	310	11.11111111111111	86	0	False	True			4dc66cbdf16d73f4e7c3db9288af08fb73696353a6e1af7312428c75ab8ecf3f	86	62394396984244405	True	2077	False
stimulus_videos	/pscratch/sd/s/sjmoon/EmoViS/data/raw/CowenEmotionVideos/2078.mp4	2078.mp4	3938400	2026-05-08T05:07:23+00:00	7913663ac8366d4826cf1b56f91e040ec2635e41330ae88c869153e1ddae23d4	2078	15.0	h264	720	406	30.0	450	0	False	True			1ba8c22ce004ecb72552a36316a9416b9a6628cc42c54067435f7fd919c28c24	450	3971681726513281	True	2078	False
stimulus_videos	/pscratch/sd/s/sjmoon/EmoViS/data/raw/CowenEmotionVideos/2079.mp4	2079.mp4	1349173	2026-05-08T05:07:24+00:00	2f4d339c219ddb0ca0bc5ad97c2843505bd07440b538319971122868374e995c	2079	4.4	h264	1280	720	10.0	44	0	False	True			ef87117be7025c61939049d533d3aec9e5820996bfdb5491f716d4b41906ce94	44	1720020904854923	True	2079	False
stimulus_videos	/pscratch/sd/s/sjmoon/EmoViS/data/raw/CowenEmotionVideos/2080.mp4	2080.mp4	905416	2026-05-08T05:07:23+00:00	dc5566b55d096ea22e1a8f406028be5735f7bb36e07cb95f5ba03f8af9b4d09f	2080	3.4	h264	718	404	25.0	85	0	False	True			8b680357c2ce420cbd84f07bf2b1cc638877e044d59acefdf3aa49a1b6aabf49	85	3236033974207	True	2080	False
stimulus_videos	/pscratch/sd/s/sjmoon/EmoViS/data/raw/CowenEmotionVideos/2081.mp4	2081.mp4	51892	2026-05-08T05:07:22+00:00	cabe8e92817541280e91a47ea2d2d57a731ad1dc9ee4a600c4f59371be5c1af0	2081	2.1	h264	244	184	14.285714285714286	30	0	False	True			2e4be6b6ad803e852ce0437edbd7078302dc67bee42af5ef0ccc730a2b8a2df7	30	42676706207851324	True	2081	False
stimulus_videos	/pscratch/sd/s/sjmoon/EmoViS/data/raw/CowenEmotionVideos/2082.mp4	2082.mp4	254379	2026-05-08T05:07:23+00:00	e331108226cf02ae5b00ec94fa8597cc4a80d333242d9b1da81c69168ba4f35a	2082	3.8	h264	380	214	10.0	38	0	False	True			0089e2224c982a2b17bb23d767090c83597dcdbc66055110f33340b575fa82eb	38	22161862433427100	True	2082	False
stimulus_videos	/pscratch/sd/s/sjmoon/EmoViS/data/raw/CowenEmotionVideos/2083.mp4	2083.mp4	340220	2026-05-08T05:07:23+00:00	18b6b55a2b06e495a2eac04fe72c5e9f267dcf40b14a509973d627bcf2d33126	2083	4.5	h264	400	224	33.333333333333336	150	0	False	True			752190714d3da604ed9b79a080ec66091e4ca87c5e693c6db7efb3fe188f0c06	150	42043375779341897	True	2083	False
stimulus_videos	/pscratch/sd/s/sjmoon/EmoViS/data/raw/CowenEmotionVideos/2084.mp4	2084.mp4	586497	2026-05-08T05:07:24+00:00	75ea1b7566c07715cfe6ab4b9e83d80e4e97fb61dffb2748f8aa0875a21b14a0	2084	4.0	h264	378	268	12.5	50	0	False	True			fbdf9f8a10f8ffa05f008a5d4aeec54d26d4d44d708164944acb657a7f046fe0	50	64690470588469150	True	2084	False
stimulus_videos	/pscratch/sd/s/sjmoon/EmoViS/data/raw/CowenEmotionVideos/2085.mp4	2085.mp4	188175	2026-05-08T05:07:24+00:00	4d7fe8c49e1cc807918f7e9b55cdf2c527f2f6997898ef82a00f386ab258e6ef	2085	3.92	h264	480	360	25.0	98	0	False	True			a262d72108db1fc8f8d5275ad8440a4900f38d201df46efe594025085f601e05	98	36028210671246009	True	2085	False
stimulus_videos	/pscratch/sd/s/sjmoon/EmoViS/data/raw/CowenEmotionVideos/2086.mp4	2086.mp4	475904	2026-05-08T05:07:24+00:00	c565a413038f712a59f31d3a9d90c91c7a35ad556c63c120a0660e3f00cd2733	2086	6.0	h264	480	352	15.0	90	0	False	True			11566a4c8089ff6b16efba7684af4cdcc87ae839652141a1fbd2a63882ee95b5	90	32128186957686741	True	2086	False
stimulus_videos	/pscratch/sd/s/sjmoon/EmoViS/data/raw/CowenEmotionVideos/2087.mp4	2087.mp4	202144	2026-05-08T05:07:23+00:00	41dbce66ba8ed2ab52099fab6636eaa9d177c178bd3d6942e54d6fda86cab0f3	2087	2.4	h264	300	208	16.666666666666668	40	0	False	True			c53b1d7c965016dd29e6a15309af5dcc8bdd88f31e0fa102faceff9a6722035a	40	43462430640491929	True	2087	False
stimulus_videos	/pscratch/sd/s/sjmoon/EmoViS/data/raw/CowenEmotionVideos/2088.mp4	2088.mp4	55087	2026-05-08T05:07:29+00:00	11cc488878859e7a5cae6f43ae51cd3c7451117b8621740e49885fdc36afc700	2088	2.4	h264	500	188	10.0	24	0	False	True			a1e1828c5e7cbea866cd6c014c4e9034d4006ef893bc462c0779c9219f8adbe7	24	23314837813777837	True	2088	False
stimulus_videos	/pscratch/sd/s/sjmoon/EmoViS/data/raw/CowenEmotionVideos/2089.mp4	2089.mp4	144290	2026-05-08T05:07:29+00:00	fca191457a6f85ee83a0d3ea73903a86c04a82ae7324e2750b7b1fea4f191845	2089	4.76	h264	400	220	14.285714285714286	68	0	False	True			a7098215efcf52d8c4d6ad10e4cb954b7d29a62b0a33aa104238e1eca006f734	68	57860006689889595	True	2089	False
stimulus_videos	/pscratch/sd/s/sjmoon/EmoViS/data/raw/CowenEmotionVideos/2090.mp4	2090.mp4	2450456	2026-05-08T05:07:24+00:00	f540307f08230cdce510a323daeacc43e16a92bbc986341292a423ff3db8d819	2090	11.68	h264	718	404	25.0	292	0	False	True			15ecd1507cd7b852d7472e9d769b9c743bc483ed34978a9d168c3518c5c3c1de	292	16383564101467228	True	2090	False
stimulus_videos	/pscratch/sd/s/sjmoon/EmoViS/data/raw/CowenEmotionVideos/2091.mp4	2091.mp4	1417187	2026-05-08T05:07:24+00:00	1605a6015391b94930c317a5923b1e82bdefa03ebc2b8fd1497ac7eaa81e186d	2091	12.84	h264	458	258	33.333333333333336	428	0	False	True			1db3bb8673910c1a8c0d2d4e5f4a5828d638bc86588d8ccc342db812fb02702c	428	3972509538832803	True	2091	False
stimulus_videos	/pscratch/sd/s/sjmoon/EmoViS/data/raw/CowenEmotionVideos/2092.mp4	2092.mp4	4253514	2026-05-08T05:07:24+00:00	a069a186bf95a2cd0b4feb9de67b72b264b7cc398d1d2a423cf19e2fcc51aa68	2092	15.034	h264	720	404	30.0	451	0	False	True			b6ee7bf12e39795fbbe0da91763d5e6b2ee71f155c38130f7ccb61a120856e70	451	43103935195695007	True	2092	False
stimulus_videos	/pscratch/sd/s/sjmoon/EmoViS/data/raw/CowenEmotionVideos/2093.mp4	2093.mp4	108469	2026-05-08T05:07:23+00:00	8a555ee3abb8ad740b15ba8c8adf984beef0aa1615f3229668495b3a78d21d78	2093	4.35	h264	244	184	6.666666666666667	29	0	False	True			9e3af3e29ae7f3460de587d1e07e26cd9a8c8df3a076601dc571044952e5ddfd	29	17163374308465575	True	2093	False
stimulus_videos	/pscratch/sd/s/sjmoon/EmoViS/data/raw/CowenEmotionVideos/2094.mp4	2094.mp4	1916258	2026-05-08T05:07:23+00:00	d070c590514b444b8bb513d6b90d4f291436a34866c5a682fcc944f39be65624	2094	15.0	h264	720	404	25.0	375	0	False	True			6a248838fe4850313315f25bceeef2173abe498fa7f83e2a0f2b4a15966e18b5	375	15828746298835347	True	2094	False
stimulus_videos	/pscratch/sd/s/sjmoon/EmoViS/data/raw/CowenEmotionVideos/2095.mp4	2095.mp4	260756	2026-05-08T05:07:22+00:00	0643af3b3b9959b51d2317959b891568b0d0da03dc4d86515365695cfff00869	2095	5.46	h264	636	288	7.6923076923076925	42	0	False	True			6ff261ceec7fb876e8ffbbfbeafbbd898d6c30849cd43f51a3787ca9f4e7f371	42	15417126947410571	True	2095	False
stimulus_videos	/pscratch/sd/s/sjmoon/EmoViS/data/raw/CowenEmotionVideos/2096.mp4	2096.mp4	99991	2026-05-08T05:07:23+00:00	c3be18c75447e4b5b67c640b283d04aef89e6b1786f68d4dfd473745617279f6	2096	2.03	h264	536	302	14.285714285714286	29	0	False	True			d5baffec2232d54fe2e51c03486a87b5f267b221b155a5df2387765698426b02	29	59570873443320582	True	2096	False
stimulus_videos	/pscratch/sd/s/sjmoon/EmoViS/data/raw/CowenEmotionVideos/2097.mp4	2097.mp4	1455597	2026-05-08T05:07:23+00:00	c037672438eabfd708025a4d34227b6d84c07e32ad68d09833fc9e0e9c526904	2097	2.7	h264	854	480	10.0	27	0	False	True			b0533f30fe8b2f3d93dac9a94abc7b2b423996c62519dc01d855d1517d499a60	27	312209590448	True	2097	False
stimulus_videos	/pscratch/sd/s/sjmoon/EmoViS/data/raw/CowenEmotionVideos/2098.mp4	2098.mp4	117685	2026-05-08T05:07:31+00:00	94945f8deeee518fc009455a4564d0d9bb6170f3bfa361aa115998bc4952edd8	2098	3.04	h264	404	228	12.5	38	0	False	True			1330b866ea132ef18617ba0fddbb5afccb7b0ceb4bafa3f0f22ff4c5d86d9f92	38	69304676703289408	True	2098	False
stimulus_videos	/pscratch/sd/s/sjmoon/EmoViS/data/raw/CowenEmotionVideos/2099.mp4	2099.mp4	466370	2026-05-08T05:07:31+00:00	f1b5bce281a644b1ce6ee7e368522ef7e2158e126ebdbc4d9c2a2ab86ad2f8b4	2099	3.15	h264	666	444	14.285714285714286	45	0	False	True			2ff4cde97d6aeafb46ee29d50ffa352d0ededfab46fcff836e78673e412918dd	45	7907904066264639	True	2099	False
stimulus_videos	/pscratch/sd/s/sjmoon/EmoViS/data/raw/CowenEmotionVideos/2100.mp4	2100.mp4	195739	2026-05-08T05:07:30+00:00	85ee31e1ecca5f844a8fd92055fd83a6283204f4e2bf31b95e40ec6d1d5ae3ef	2100	8.2	h264	300	168	10.0	82	0	False	True			8d62e349351e3535dfdd8e10b8665d755f995ff749d14e9787e64f24d466b4f7	82	71481342295945314	True	2100	False
stimulus_videos	/pscratch/sd/s/sjmoon/EmoViS/data/raw/CowenEmotionVideos/2101.mp4	2101.mp4	272096	2026-05-08T05:07:30+00:00	f94d210994c7b12e578a41772011a4a2da167c47aa98beef3c958a12376f33b7	2101	2.2	h264	500	282	10.0	22	0	False	True			7214db11496b607992014396773ecfc0b68bd98282d07e6fa945cb892b1fb0fd	22	58152330208602055	True	2101	False
stimulus_videos	/pscratch/sd/s/sjmoon/EmoViS/data/raw/CowenEmotionVideos/2102.mp4	2102.mp4	210254	2026-05-08T05:07:29+00:00	4a2ebe097ba0beb7d9c28937f948d433f8e524dfec44f3c45baf2d49db7f7cb2	2102	3.6	h264	298	254	12.5	45	0	False	True			ea261f39a643ed2ce0097da22fc6ca83aa7990b4905eb1f2535e059fdee8f00d	45	22627550780341416	True	2102	False
stimulus_videos	/pscratch/sd/s/sjmoon/EmoViS/data/raw/CowenEmotionVideos/2103.mp4	2103.mp4	1512041	2026-05-08T05:07:29+00:00	43aa728de5f5daa778d747d6b8b00bf23e85e15b206e4a8340de3609d4d34a6e	2103	14.25	h264	524	294	6.666666666666667	95	0	False	True			d20051141e9f36fec4c7425739debe98785fe88c17a678f8e1d8eb2044a2ce55	95	138521083968	True	2103	False
stimulus_videos	/pscratch/sd/s/sjmoon/EmoViS/data/raw/CowenEmotionVideos/2104.mp4	2104.mp4	396423	2026-05-08T05:07:30+00:00	9216d9e66cde395dbc8b523dd9f5ee9eb9f338ce087285f0f554d513d6ddf870	2104	6.2	h264	404	208	10.0	62	0	False	True			31ef0b8373d5dca9cd070a609a4bbda288430b2a7ccb9821273e6ecec5f7f4ca	62	12407545018895771	True	2104	False
stimulus_videos	/pscratch/sd/s/sjmoon/EmoViS/data/raw/CowenEmotionVideos/2105.mp4	2105.mp4	132180	2026-05-08T05:07:30+00:00	8513cce9c96a4e2dc839f7bb6a0f856cb4fd7646deca99eb860917dd4061fd94	2105	0.9	h264	500	500	20.0	18	0	False	True			037f0898e140ec7652abda8c01ea26505e90abdb8e8883f77bb77a1638f33465	18	9315997528286992	True	2105	False
stimulus_videos	/pscratch/sd/s/sjmoon/EmoViS/data/raw/CowenEmotionVideos/2106.mp4	2106.mp4	413428	2026-05-08T05:07:31+00:00	5dbaa02b5fdc923b1c70b362b38f6bada6c4570295a656320d860ee685d3b815	2106	7.0	h264	360	270	10.0	70	0	False	True			1e64f39bb0cbdaccf4579f94e2e4f62dd06dea6df4ad518494859baff3f869ae	70	37722106602074578	True	2106	False
stimulus_videos	/pscratch/sd/s/sjmoon/EmoViS/data/raw/CowenEmotionVideos/2107.mp4	2107.mp4	101686	2026-05-08T05:07:31+00:00	6d4e8acd46c080ae2f893f19df5b1f55aab825428966d5aadaa09a15ee694d9b	2107	1.3	h264	500	280	10.0	13	0	False	True			6dd430ddbde26d563c1ec37c3e6b5fdd23cef6e0ea5ea40a7c82bb190d4e9c62	13	17627054372872591	True	2107	False
stimulus_videos	/pscratch/sd/s/sjmoon/EmoViS/data/raw/CowenEmotionVideos/2108.mp4	2108.mp4	108147	2026-05-08T05:07:23+00:00	fcc60ae5bea32bf7c95ff798090aa7bdb0afacbd901761ba734fd351aeeaed7f	2108	2.0	h264	350	200	10.0	20	0	False	True			9d249943305e6dc03f6fec533ec0066b3af982a80abb98cc362a13c228192959	20	56254287438923663	True	2108	False
stimulus_videos	/pscratch/sd/s/sjmoon/EmoViS/data/raw/CowenEmotionVideos/2109.mp4	2109.mp4	640427	2026-05-08T05:07:23+00:00	88e913f59b061f016afa2b2f877f2f3c55a81b8c8bb66004eb645f18e8586b9d	2109	8.9	h264	280	252	10.0	89	0	False	True			5e1fcc4430f5ee37c6880a66a7283be48d0f75c422e80f0ac557d9cb09f549e8	89	12892987265545312	True	2109	False
stimulus_videos	/pscratch/sd/s/sjmoon/EmoViS/data/raw/CowenEmotionVideos/2110.mp4	2110.mp4	426707	2026-05-08T05:07:30+00:00	aa2f1c330a359572dc14d6c5b45f47ffc31ab33572d579046ff901c356471582	2110	4.2	h264	400	296	10.0	42	0	False	True			7a36cce75a85c2930088553ab3baad5ea78aff32b884dd23a4c5a275dbf8cfc3	42	26808820653972193	True	2110	False
stimulus_videos	/pscratch/sd/s/sjmoon/EmoViS/data/raw/CowenEmotionVideos/2111.mp4	2111.mp4	224894	2026-05-08T05:07:30+00:00	86c8121e2416b7ba274a271e788121e0e067eebe2229e414d201890392d3cff9	2111	5.4	h264	350	256	10.0	54	0	False	True			f7c0e4f40ff1a2b5a3fb529f28acdc29ba0defd14d9f2ee52684182b43532dff	54	567471352436744	True	2111	False
stimulus_videos	/pscratch/sd/s/sjmoon/EmoViS/data/raw/CowenEmotionVideos/2112.mp4	2112.mp4	247442	2026-05-08T05:07:31+00:00	d967990fd41117ed877ac7e90f3e59a6a6af97d94871881a02a3cc546e62108d	2112	5.25	h264	400	224	14.285714285714286	75	0	False	True			32e90f9f59eed60cc6cd5cde3714d5358a7e3ef4c27a510c92cf9d3ec7a126f5	75	40873469959984941	True	2112	False
stimulus_videos	/pscratch/sd/s/sjmoon/EmoViS/data/raw/CowenEmotionVideos/2113.mp4	2113.mp4	2015424	2026-05-08T05:07:31+00:00	060314e43bf75bee34a6246c8e4cf91b7774ecb6747dbd43c945a0cc0416d392	2113	15.12	h264	718	404	25.0	378	0	False	True			18635b465d9012a907435fb4fd563d8c8062c5a5a2fce22081f5ddec0fd78b5c	378	10922115090635187	True	2113	False
stimulus_videos	/pscratch/sd/s/sjmoon/EmoViS/data/raw/CowenEmotionVideos/2114.mp4	2114.mp4	1027376	2026-05-08T05:07:30+00:00	e7f7b0825b77cad8c0ed87ee64eaee814cd47ed6b817765fee7da9b88ecf0048	2114	20.3	h264	482	270	10.0	203	0	False	True			d87d92222e928a9c7837d1a5e02a4c167aefe7e0b4f33aba91943ed474b5cb66	203	40215043607392704	True	2114	False
stimulus_videos	/pscratch/sd/s/sjmoon/EmoViS/data/raw/CowenEmotionVideos/2115.mp4	2115.mp4	2608807	2026-05-08T05:07:30+00:00	a1c5cf86f39d17945032a2930a702967fed89a723154da0bfd03c2d90187894c	2115	12.6	h264	702	398	14.285714285714286	180	0	False	True			b77756d6ecd7a40b5e474814c725f20ffa3f4a2b834f76aa460c71ed17346ce8	180	26380792702160313	True	2115	False
stimulus_videos	/pscratch/sd/s/sjmoon/EmoViS/data/raw/CowenEmotionVideos/2116.mp4	2116.mp4	246033	2026-05-08T05:07:29+00:00	33aa0585fce4c808a30154d4be599059103df264a6f46fea7238cd15156d810e	2116	1.44	h264	450	316	12.5	18	0	False	True			7feafdf39396fb3e926440c643c466eb43faf1e4e0a0f09804147fd488297478	18	7358174258695966	True	2116	False
stimulus_videos	/pscratch/sd/s/sjmoon/EmoViS/data/raw/CowenEmotionVideos/2117.mp4	2117.mp4	472228	2026-05-08T05:07:29+00:00	746631949a750cd66a58a56245e400a40a68eaa9ec48e693ebd023c8dabba342	2117	2.9	h264	500	274	10.0	29	0	False	True			309867ca49273ca2ab2192c849db4605f27cc6e598ffc5b693aae6cc8dc2adfd	29	21154950156790906	True	2117	False
stimulus_videos	/pscratch/sd/s/sjmoon/EmoViS/data/raw/CowenEmotionVideos/2118.mp4	2118.mp4	56774	2026-05-08T05:07:23+00:00	c5d728592cc3aebf30ed7ad7e11c401b7c7f0327960653b055292c8334e31fb6	2118	1.44	h264	500	206	12.5	18	0	False	True			37be167f716b02b2812e4345a0e3b8ccc9df6d3e83f08613b214465f510a5815	18	61347034837752892	True	2118	False
stimulus_videos	/pscratch/sd/s/sjmoon/EmoViS/data/raw/CowenEmotionVideos/2119.mp4	2119.mp4	214047	2026-05-08T05:07:24+00:00	308624911f398f0433a1fac400757dd63172cb41cceeb877bbcd0e10d43d16d0	2119	2.38	h264	636	304	14.285714285714286	34	0	False	True			e14cd6902e0dd47019085f050ca97d58471f0eaf90940452a082759ea04a83f8	34	17589964975864692	True	2119	False
stimulus_videos	/pscratch/sd/s/sjmoon/EmoViS/data/raw/CowenEmotionVideos/2120.mp4	2120.mp4	139146	2026-05-08T05:07:23+00:00	7fd2400e1a50d6599d0efdebc44cb942cb6d7494a72566b6017f9fc019d2ae36	2120	5.68	h264	300	188	12.5	71	0	False	True			9dfb3e5587b68c7d61001a996a5c81ea7ba645515353e44f26e376040011937c	71	9680143634552977	True	2120	False
stimulus_videos	/pscratch/sd/s/sjmoon/EmoViS/data/raw/CowenEmotionVideos/2121.mp4	2121.mp4	925752	2026-05-08T05:07:23+00:00	a138175197c67bff4429bf3f03942f3d95e89f008b4af27cb8e454a547ed9b1a	2121	4.95	h264	800	360	9.090909090909092	45	0	False	True			ca8b04198b25a88672eb6d2d438ea788da4958dabaca060a0f513352cd26c86d	45	27236582605863472	True	2121	False
stimulus_videos	/pscratch/sd/s/sjmoon/EmoViS/data/raw/CowenEmotionVideos/2122.mp4	2122.mp4	192363	2026-05-08T05:07:22+00:00	208dc8827dd01b166d7a99f9add42da25e86a6801e0ea7014754d908e2dd55fb	2122	4.59	h264	212	286	11.11111111111111	51	0	False	True			5b4c28b1b3fd45d089e4e523c4ec1185cdaa67a81b13db9a15d1551fcfce339c	51	25707331278138779	True	2122	False
stimulus_videos	/pscratch/sd/s/sjmoon/EmoViS/data/raw/CowenEmotionVideos/2123.mp4	2123.mp4	368387	2026-05-08T05:07:22+00:00	d8952fe2462539b83e210389d951561bc124a328730e717f0f7da607fbec24b9	2123	4.05	h264	330	156	20.0	81	0	False	True			b48d394b82a1e5b01c7c9741d6ddd7c59dd75a69251ec8bb8a86aedafaa42eb1	81	3971678411539335	True	2123	False
stimulus_videos	/pscratch/sd/s/sjmoon/EmoViS/data/raw/CowenEmotionVideos/2124.mp4	2124.mp4	985381	2026-05-08T05:07:23+00:00	6f89625dcea512f9ff36ebb1359c3b80947b0d5ae40bceea48135851bb6ebfe7	2124	13.36	h264	404	244	12.5	167	0	False	True			e8fc0164fd17360a643e53fe4be543ae1b3a03de46f0609abb2047160ac48f57	167	16418637533859267	True	2124	False
stimulus_videos	/pscratch/sd/s/sjmoon/EmoViS/data/raw/CowenEmotionVideos/2125.mp4	2125.mp4	425783	2026-05-08T05:07:23+00:00	ec2ff212e54a5d2a945826d2840e99a7add8110f0ce00c27510f163c7d4b51d0	2125	3.96	h264	350	196	11.11111111111111	44	0	False	True			1645e72caf0ef78c6d22eb4a81ef95f4ea4b749edfdfb363cd7901edadb488d9	44	17269678242689495	True	2125	False
stimulus_videos	/pscratch/sd/s/sjmoon/EmoViS/data/raw/CowenEmotionVideos/2126.mp4	2126.mp4	32888	2026-05-08T05:07:24+00:00	878d97a82438bb6c00c336d3bc985c91d845494c302fc7dd731b7a8e1ab689ff	2126	0.84	h264	500	330	16.666666666666668	14	0	False	True			654f5311db83c62a7e772ee8d0e7b381215df5d5711f25fc2cfd316b70fc98cb	14	35743455353757284	True	2126	False
stimulus_videos	/pscratch/sd/s/sjmoon/EmoViS/data/raw/CowenEmotionVideos/2127.mp4	2127.mp4	150108	2026-05-08T05:07:24+00:00	82579b75defc3d3b63d140d5fccc850a7b9f00e6c4327281f1432deb85395470	2127	2.46	h264	500	334	33.333333333333336	82	0	False	True			661608869fc85cfa0575a9b9c2199efa095f36bc513c9dded0ab2777eee632d4	82	71188253564438045	True	2127	False
stimulus_videos	/pscratch/sd/s/sjmoon/EmoViS/data/raw/CowenEmotionVideos/2128.mp4	2128.mp4	135080	2026-05-08T05:07:30+00:00	80cba96cd545480ce39f25c9702e2584ee0dcbaf0f0f80ad20803426c905285f	2128	5.88	h264	304	224	33.333333333333336	196	0	False	True			1323e21678749cf98f04191f8dfd9f643f62c814c036633b10c7f906cade703d	196	1719878640651667	True	2128	False
stimulus_videos	/pscratch/sd/s/sjmoon/EmoViS/data/raw/CowenEmotionVideos/2129.mp4	2129.mp4	107956	2026-05-08T05:07:30+00:00	70a3f417541fed61b2ea09ec609015054769aa8999dd3ed70453e5043458b382	2129	0.88	h264	500	250	12.5	11	0	False	True			8c3225185e6ba37c9da836741c302aafe9c9c1a1a8df7dff0c8bf1ef7eede8b1	11	7899177692611847	True	2129	False
stimulus_videos	/pscratch/sd/s/sjmoon/EmoViS/data/raw/CowenEmotionVideos/2130.mp4	2130.mp4	150401	2026-05-08T05:07:23+00:00	1485597c673ca946727e4bbfd1fbc3dfcc4d3d0f8be6e0dd222eb2759b3544ec	2130	6.2	h264	458	260	10.0	62	0	False	True			0694426d3c31c4cc10af743ba5f48f1e95000ad42f66c49ad4e34575977ad3e2	62	5392401225337751	True	2130	False
stimulus_videos	/pscratch/sd/s/sjmoon/EmoViS/data/raw/CowenEmotionVideos/2131.mp4	2131.mp4	4130712	2026-05-08T05:07:23+00:00	aee697842ce1168385af9bda092d9bba7948121e54f2a35b1f5f0c1d950b9d38	2131	15.04	h264	640	640	25.0	376	0	False	True			01f488a01f88ae5a2b135518eaf1884e4b0a751c0fc9427c3bb48921e0bb7a1c	376	64703540817049712	True	2131	False
stimulus_videos	/pscratch/sd/s/sjmoon/EmoViS/data/raw/CowenEmotionVideos/2132.mp4	2132.mp4	284908	2026-05-08T05:07:24+00:00	959698234aa8ac96579bf980bab742634ea318d77363acaf4d7b01b8b932ed40	2132	17.55	h264	250	218	6.666666666666667	117	0	False	True			e80f0170cb55f94441624c053defb4f32290908e3c122496c53eda702114a19b	117	29503759341002360	True	2132	False
stimulus_videos	/pscratch/sd/s/sjmoon/EmoViS/data/raw/CowenEmotionVideos/2133.mp4	2133.mp4	43191	2026-05-08T05:07:24+00:00	4152d660aa4736c783f324f9c8176951e692d57d33542bbff957c9a123db3b0c	2133	2.4	h264	350	218	10.0	24	0	False	True			08d6ddf89bc4b7f66a072eda9053dfb1f1a9d76e2e8d9437eefdd352cf6a2809	24	63039165635797869	True	2133	False
stimulus_videos	/pscratch/sd/s/sjmoon/EmoViS/data/raw/CowenEmotionVideos/2134.mp4	2134.mp4	631883	2026-05-08T05:07:23+00:00	acaaa42aa6c634d0dab8ad9fc978f33cd068c914065e40b414923712adb6f60d	2134	5.3	h264	312	184	10.0	53	0	False	True			87875e7d4cfc54b3f0a4d2372faedbc8ee303820ccb7f5c40afd44a2e4277d57	53	25522178823188673	True	2134	False
stimulus_videos	/pscratch/sd/s/sjmoon/EmoViS/data/raw/CowenEmotionVideos/2135.mp4	2135.mp4	1005931	2026-05-08T05:07:23+00:00	ab171ba334d62f0f79d5ef4e9abb8c66ebc7ffbdd1df1342ae2337ed647631e6	2135	8.4	h264	482	286	10.0	84	0	False	True			795ad46e67a2fca51221a8f9672dc4b8639234cbc7e62334ae8380d8b804befd	84	31201645270896527	True	2135	False
stimulus_videos	/pscratch/sd/s/sjmoon/EmoViS/data/raw/CowenEmotionVideos/2136.mp4	2136.mp4	230967	2026-05-08T05:07:22+00:00	1c34efeb745688946716a29b71498f279fb1309de67c6435777affc8ec035e4d	2136	3.067	h264	480	270	15.0	46	0	False	True			318ebda33ee5b98bedd3b156066316f2c7ddff177afedb6a7e69fe25fdf23180	46	43688540158685667	True	2136	False
stimulus_videos	/pscratch/sd/s/sjmoon/EmoViS/data/raw/CowenEmotionVideos/2137.mp4	2137.mp4	107068	2026-05-08T05:07:22+00:00	beca8f60db99e0be2d1a946bea3708136e4452690f382d9cc20654dc9ac22eba	2137	3.7	h264	260	146	10.0	37	0	False	True			1b7b35597591eeff3bd4c2f4ec7eadfa483a7306da7b9bf6c74ab6ac6a1b21ce	37	13014892421101938	True	2137	False
stimulus_videos	/pscratch/sd/s/sjmoon/EmoViS/data/raw/CowenEmotionVideos/2138.mp4	2138.mp4	404163	2026-05-08T05:07:30+00:00	7a2100f3207a7106b5f3ac25a2655c7cc9920ae7404d58fb6f6098e994909662	2138	6.1	h264	560	314	10.0	61	0	False	True			c47ae375ee8ea23c760a208eb450f06b033a26ea6a482ad80c2ba64963da3b3c	61	17118991345392149	True	2138	False
stimulus_videos	/pscratch/sd/s/sjmoon/EmoViS/data/raw/CowenEmotionVideos/2139.mp4	2139.mp4	118677	2026-05-08T05:07:30+00:00	b5749c5dda305715e731c141c1e870c3f7e1fc91440c0642fdf368a2c47672cf	2139	3.067	h264	480	270	15.0	46	0	False	True			fa150fcbfdb2d2d587a70b125ce8f3fece7e8cd0b38f9d6e068bbc1d04efff59	46	15819106996103664	True	2139	False
stimulus_videos	/pscratch/sd/s/sjmoon/EmoViS/data/raw/CowenEmotionVideos/2140.mp4	2140.mp4	408679	2026-05-08T05:07:25+00:00	d6867f6dcbddc16cf0c560923fee98348fae04e6e6348f2e03ec53d866ac2997	2140	9.0	h264	516	290	11.11111111111111	100	0	False	True			072a741a852ebbbf35efe2f9ae995cd01fab57e13b10c8971a80cd72e43db4d7	100	69586939655682551	True	2140	False
stimulus_videos	/pscratch/sd/s/sjmoon/EmoViS/data/raw/CowenEmotionVideos/2141.mp4	2141.mp4	1676658	2026-05-08T05:07:24+00:00	ec78b0f8062183c9b800ec04dd4339c7bc7de0ed23485466018832654d4aeecf	2141	9.0	h264	720	720	30.0	270	0	False	True			c389b4aedf100fb31be7b6b3eb6c20f6fad316f991d6d21f62c6dd976ec8e803	270	56157621335249718	True	2141	False
stimulus_videos	/pscratch/sd/s/sjmoon/EmoViS/data/raw/CowenEmotionVideos/2142.mp4	2142.mp4	363078	2026-05-08T05:07:25+00:00	8b78dfff392187ea8041d52531cbfc0112f2f69fb63d61c8779b914f00d47f55	2142	12.32	h264	244	160	7.142857142857143	88	0	False	True			d5e3e67da175e86028f358cb7b35cdc64919d5d4bf347c608ca6ff8235420c34	88	20142082835936229	True	2142	False
stimulus_videos	/pscratch/sd/s/sjmoon/EmoViS/data/raw/CowenEmotionVideos/2143.mp4	2143.mp4	352617	2026-05-08T05:07:25+00:00	a6a548388becca7f9fe024b939cd591d759ea95002b8e9b0ed19aa9b46c2dbad	2143	4.8	h264	384	384	15.0	72	0	False	True			7f3f3f962b797f1d447f8fcafa34b82467e9903bc13345f89fc442446f69d4d0	72	52268324318076739	True	2143	False
stimulus_videos	/pscratch/sd/s/sjmoon/EmoViS/data/raw/CowenEmotionVideos/2144.mp4	2144.mp4	4895571	2026-05-08T05:07:26+00:00	0fa4a00c8e080d4ed6dd0d2c60567e8b709490f9fdcae81cd8d63ef35f480eda	2144	10.04	h264	720	404	25.0	251	0	False	True			90f79115042449df5bbb2b4b8390af91cf827369a2d10331244b0ceed6f10923	251	54328273137315916	True	2144	False
stimulus_videos	/pscratch/sd/s/sjmoon/EmoViS/data/raw/CowenEmotionVideos/2145.mp4	2145.mp4	299240	2026-05-08T05:07:26+00:00	a34e9db91b38c8ff9f62468621cc16a91546a4c3fb89ca56ed4f6f4b3285ddcb	2145	5.0	h264	720	404	30.0	150	0	False	True			f03d4696433089e7e4129c66af34a1ff0479668a4cc9fb6d4148680ba89dca1a	150	13067119925313947	True	2145	False
stimulus_videos	/pscratch/sd/s/sjmoon/EmoViS/data/raw/CowenEmotionVideos/2146.mp4	2146.mp4	389382	2026-05-08T05:07:26+00:00	64588a8b3e1bb983181912438bd8af4f1dfee2fc38283890521063ecf22b25ca	2146	6.08	h264	426	426	25.0	152	0	False	True			6394bdeecf8b560035536c05dedcceca6aa7d52eea892f81456e2effff5a8954	152	41188309158960735	True	2146	False
stimulus_videos	/pscratch/sd/s/sjmoon/EmoViS/data/raw/CowenEmotionVideos/2147.mp4	2147.mp4	123979	2026-05-08T05:07:26+00:00	be2416aebb25f395fab4037f0b463bd993db9f5f45aa50b151e01a7a33e4a8ac	2147	0.92	h264	350	200	25.0	23	0	False	True			cf4509a5de123292d561125b8baec59cda90cd1498d2ad1499d7d484836903bf	23	4743908070170140	True	2147	False
stimulus_videos	/pscratch/sd/s/sjmoon/EmoViS/data/raw/CowenEmotionVideos/2148.mp4	2148.mp4	573029	2026-05-08T05:07:27+00:00	64ee83542ae2ba3c162a4e78b1bce811abe16e140478bed8160dc911afa55de5	2148	9.18	h264	350	264	5.882352941176471	54	0	False	True			86fdc578f173fd8d0e6ee6ca410c970d7e08c399ccbced71c7ac3592da7d294e	54	578256264526335	True	2148	False
stimulus_videos	/pscratch/sd/s/sjmoon/EmoViS/data/raw/CowenEmotionVideos/2149.mp4	2149.mp4	114312	2026-05-08T05:07:27+00:00	144d41a3adb533af7479bc330518aaa50e9f390ca16f24a765ac61c3686d6ec0	2149	2.87	h264	300	200	14.285714285714286	41	0	False	True			bb5a7091529067f88e857d3ad9e6f755146f69651b074d9d0e81baca714d00a1	41	49655660087752824	True	2149	False
stimulus_videos	/pscratch/sd/s/sjmoon/EmoViS/data/raw/CowenEmotionVideos/2150.mp4	2150.mp4	96247	2026-05-08T05:07:26+00:00	8a2c3823a92f9961486a7be059198ce873dca2e5fa7ef9915a5705978b90e990	2150	1.89	h264	816	460	14.285714285714286	27	0	False	True			594f0c7f905884b462da9ee03a4ad8d0fef5419ba889f2e3312d8dc7dbe36e4f	27	16816467537522325	True	2150	False
stimulus_videos	/pscratch/sd/s/sjmoon/EmoViS/data/raw/CowenEmotionVideos/2151.mp4	2151.mp4	302786	2026-05-08T05:07:26+00:00	3df4202fc5fda3cebff18f7f27d5cf7092b8953c909b6e5bdcd0ea2f3d28412e	2151	9.3	h264	272	152	33.333333333333336	310	0	False	True			0f5e9c5e1006435cfd910f66bf177989b412b7e6cd7466ecfb8a9c1cd3998717	310	7098876987363755	True	2151	False
stimulus_videos	/pscratch/sd/s/sjmoon/EmoViS/data/raw/CowenEmotionVideos/2152.mp4	2152.mp4	400376	2026-05-08T05:07:26+00:00	1b7eb2457fddccfbfa5a272ffb8acfb7d3ed9aa5c7eef4dad09103a708ae2e56	2152	7.0	h264	334	232	10.0	70	0	False	True			5eda2ce2110a96ed3ea23accdf46850cc104076deba3350655bffd3a7a087a84	70	22411613892827635	True	2152	False
stimulus_videos	/pscratch/sd/s/sjmoon/EmoViS/data/raw/CowenEmotionVideos/2153.mp4	2153.mp4	959207	2026-05-08T05:07:26+00:00	f1eb1c4451429e6030f5babcb58394ce82c93a4c4ccd5bc5aa3f86c3bf48cc55	2153	15.1	h264	640	360	10.0	151	0	False	True			f759d829ee155e1cd489a836bddbce4564ee73dc034434dfddf3c6328ba183e6	151	43433150859748281	True	2153	False
stimulus_videos	/pscratch/sd/s/sjmoon/EmoViS/data/raw/CowenEmotionVideos/2154.mp4	2154.mp4	258925	2026-05-08T05:07:25+00:00	ef5384a1702fac9da4af3c44f19ac6d4b8eba5a3fbe89fb405a8d46f80a3d8da	2154	3.92	h264	400	224	14.285714285714286	56	0	False	True			17140b3a3b93b8db305af65e063b0c53c8cfb87c6a483f8f6241e00af2075e87	56	12275889323439075	True	2154	False
stimulus_videos	/pscratch/sd/s/sjmoon/EmoViS/data/raw/CowenEmotionVideos/2155.mp4	2155.mp4	674457	2026-05-08T05:07:24+00:00	e2bb454987c486333052e49a020aeae6fa0c8a8d79a591ccc1528e657ab93213	2155	5.0	h264	500	280	20.0	100	0	False	True			9f6c4d27bfbab81e2d82ee5dbd0740327a8e4f223d1b66560855a31f3c54d821	100	5699276452843809	True	2155	False
stimulus_videos	/pscratch/sd/s/sjmoon/EmoViS/data/raw/CowenEmotionVideos/2156.mp4	2156.mp4	499350	2026-05-08T05:07:25+00:00	d09a295279b5727a2b80cb4d1575f4201ffa6fbd0dc6fb8310a6c1c2a2981ffe	2156	13.5	h264	330	184	11.11111111111111	150	0	False	True			c5fcbea0b17ff40313b900a93e90f72f349266992bd76a462a818a3909406abc	150	2754887457720352	True	2156	False
stimulus_videos	/pscratch/sd/s/sjmoon/EmoViS/data/raw/CowenEmotionVideos/2157.mp4	2157.mp4	1010805	2026-05-08T05:07:25+00:00	c7d426dc2bde45486568c02e38833388cd1487e1ffa8e5b18e565765442c6be7	2157	15.0	h264	480	360	25.0	375	0	False	True			8807380bc72dba3ab6fc65a61514520af58bab067b6e01153b05ad4f8eef4d20	375	27839426371336437	True	2157	False
stimulus_videos	/pscratch/sd/s/sjmoon/EmoViS/data/raw/CowenEmotionVideos/2158.mp4	2158.mp4	1907851	2026-05-08T05:07:29+00:00	453320b215f2b17aabc370a2d5aec5ec3b849dda60003ce26619f751995317df	2158	12.18	h264	448	384	16.666666666666668	203	0	False	True			0a0ca67afd38a2c30cde4586e7decb4430f8a897d2195a6677b3edcfda7bc6fc	203	36879855796716432	True	2158	False
stimulus_videos	/pscratch/sd/s/sjmoon/EmoViS/data/raw/CowenEmotionVideos/2159.mp4	2159.mp4	6955384	2026-05-08T05:07:29+00:00	6a64bf185cbd45344be03d45516eab1f8bff16d6b30d5a9848ef86737c454f73	2159	15.034	h264	720	720	30.0	451	0	False	True			91dcaa5cf1bf47ebf90f748f19ac597ddbaad3d5f41b9a4300926c69f0dcfdb0	451	1702884523145268	True	2159	False
stimulus_videos	/pscratch/sd/s/sjmoon/EmoViS/data/raw/CowenEmotionVideos/2160.mp4	2160.mp4	51143	2026-05-08T05:07:27+00:00	96d6e71d7b728fc9e743a485ce16d0f33745c5263b8ab6df3fd5d60b6354bde9	2160	6.08	h264	342	294	12.5	76	0	False	True			0e593bdd4196b902e23d5cc6c6030d0efc813bf68c55e104a9ffd5448dc97f26	76	71729554982521660	True	2160	False
stimulus_videos	/pscratch/sd/s/sjmoon/EmoViS/data/raw/CowenEmotionVideos/2161.mp4	2161.mp4	583945	2026-05-08T05:07:27+00:00	fe708ee75ee114346b22b8eeafaf025ea621e8c3ddce5a9f2bee4712109fba53	2161	14.1	h264	320	240	10.0	141	0	False	True			46f9cd72b9755f5700821b275d441b67673ddc2bb36f9cc8e77bf05c899a3572	141	1705678019287425	True	2161	False
stimulus_videos	/pscratch/sd/s/sjmoon/EmoViS/data/raw/CowenEmotionVideos/2162.mp4	2162.mp4	2207373	2026-05-08T05:07:28+00:00	d24189e80c8e44e6ce924c027f9f9ba402c92875ca5db492384546102b4637a1	2162	15.0	h264	720	576	25.0	375	0	False	True			11f80efa60ef8f3b6414792fbc5ef2b094b464a42a6cc591d175014d7e5e43b0	375	35744894948138215	True	2162	False
stimulus_videos	/pscratch/sd/s/sjmoon/EmoViS/data/raw/CowenEmotionVideos/2163.mp4	2163.mp4	76278	2026-05-08T05:07:27+00:00	9b31135c3d6af8dbe2f6c7f1cabc424fd4c2d561c63ce42ade98856672de4854	2163	2.46	h264	500	718	16.666666666666668	41	0	False	True			59b270a0a465d047f7141d02dbaa52b011579a23dc061e0113cd2542fd905682	41	35602263574647120	True	2163	False
stimulus_videos	/pscratch/sd/s/sjmoon/EmoViS/data/raw/CowenEmotionVideos/2164.mp4	2164.mp4	389454	2026-05-08T05:07:29+00:00	8ecae4e39ce7e21f88909ae149450b5173576b249e65cd0a9614999587f1fadc	2164	1.38	h264	462	240	16.666666666666668	23	0	False	True			469927e875f094110a895db13be38a9500ba084572f884e4b64b116cc0a07445	23	54904797059753566	True	2164	False
stimulus_videos	/pscratch/sd/s/sjmoon/EmoViS/data/raw/CowenEmotionVideos/2165.mp4	2165.mp4	194353	2026-05-08T05:07:29+00:00	a7ab371f38d31148320aa311ccb88f118f8b700a787b61cb20a5f8a883d99929	2165	6.5	h264	316	176	10.0	65	0	False	True			57711db4d990bb11be0516f5be6a8263ba0a149d148da0cbc265f3dd2171904c	65	31990974624032407	True	2165	False
stimulus_videos	/pscratch/sd/s/sjmoon/EmoViS/data/raw/CowenEmotionVideos/2166.mp4	2166.mp4	433815	2026-05-08T05:07:28+00:00	e702e0d238f06998cb46677c3761a7c4f5eb31997713d270eb751920fb872abc	2166	10.08	h264	236	426	25.0	252	0	False	True			f66bc326db0f865655cbcf461714bfbe78760329225a30cd88e0282270683b4e	252	72057591886650480	True	2166	False
stimulus_videos	/pscratch/sd/s/sjmoon/EmoViS/data/raw/CowenEmotionVideos/2167.mp4	2167.mp4	85720	2026-05-08T05:07:28+00:00	e4562958c7ecda5942d8deb22af6485eb270ae7900316ab4b9a99134e884dc66	2167	0.54	h264	500	260	16.666666666666668	9	0	False	True			24366626d7a6d8be26dcc44027827b829d82a7485843007cef56e394532817f2	9	52316544544994811	True	2167	False
stimulus_videos	/pscratch/sd/s/sjmoon/EmoViS/data/raw/CowenEmotionVideos/2168.mp4	2168.mp4	2900907	2026-05-08T05:07:25+00:00	0f18579f43dd0fa9e2ef68337b702209ab9e943854c2c06f06f93dd5cf5a784b	2168	15.3	h264	434	404	10.0	153	0	False	True			9d64059caa3f498afeee67fa1ba20fcfb0bf850bd148659f4cf4275dd7219792	153	18156244167039024	True	2168	False
stimulus_videos	/pscratch/sd/s/sjmoon/EmoViS/data/raw/CowenEmotionVideos/2169.mp4	2169.mp4	239716	2026-05-08T05:07:24+00:00	894bbab5fbb512dfb29c926c1481f519906c9a79be6b8c6d4d87737decdbafe9	2169	9.52	h264	300	180	25.0	238	0	False	True			546206f0c29bdcb7f8349e8ccf30c69b930f9132d5810497051ed903893a9889	238	50044906156890403	True	2169	False
stimulus_videos	/pscratch/sd/s/sjmoon/EmoViS/data/raw/CowenEmotionVideos/2170.mp4	2170.mp4	60493	2026-05-08T05:07:29+00:00	15a02883c42b068a5b55f3604e037c817211a3882f51da6919ad3aaf0db81792	2170	1.64	h264	500	274	25.0	41	0	False	True			695ad39d5dd405018eac460223a3977db19d21c6a2bfc5cb0c1c6beceb4311b4	41	8510739454743438	True	2170	False
stimulus_videos	/pscratch/sd/s/sjmoon/EmoViS/data/raw/CowenEmotionVideos/2171.mp4	2171.mp4	196594	2026-05-08T05:07:29+00:00	d9656a33f8c402c3cb709efa6350029c2172c16f6919fccbbcfcb7be0d756595	2171	2.2	h264	500	280	10.0	22	0	False	True			c2c3019bd9c27d78285151a946b8e50065b01a8b9f28af3bb584f067079dc69c	22	35088935341070908	True	2171	False
stimulus_videos	/pscratch/sd/s/sjmoon/EmoViS/data/raw/CowenEmotionVideos/2172.mp4	2172.mp4	578582	2026-05-08T05:07:28+00:00	bb43fa424fd2d67b5815d1925f2b3ad5fad9e64ea36dd4ca983f1da71d3ac7db	2172	5.0	h264	500	280	20.0	100	0	False	True			6478605a3565d5425c32c941763bf3900245492dc388568d271aaecc930499ce	100	48511110993071515	True	2172	False
stimulus_videos	/pscratch/sd/s/sjmoon/EmoViS/data/raw/CowenEmotionVideos/2173.mp4	2173.mp4	198717	2026-05-08T05:07:28+00:00	8051994598fabd73c75b489eff632a358871df2a5cbc01688fb1d17a4e01139e	2173	3.2	h264	320	180	12.5	40	0	False	True			7e0ce4e2f214ae4260eb2856fd3bd54916d04b2b0663b63a741dd067669bf984	40	65684443646765910	True	2173	False
stimulus_videos	/pscratch/sd/s/sjmoon/EmoViS/data/raw/CowenEmotionVideos/2174.mp4	2174.mp4	236258	2026-05-08T05:07:27+00:00	7184fbeefa46e11ce8f8f8d5ac4b3863289b8144260d56d38343853fab799d0d	2174	0.84	h264	670	670	16.666666666666668	14	0	False	True			45f06865e70b52aebd5548fff916770c3e106964c64e05595e0512cef6afd7e2	14	3971540997686215	True	2174	False
stimulus_videos	/pscratch/sd/s/sjmoon/EmoViS/data/raw/CowenEmotionVideos/2175.mp4	2175.mp4	360603	2026-05-08T05:07:27+00:00	eb4904c6da91fba82941607bc538bb4713dce42a16315ba7db5b5f4512f1070c	2175	11.84	h264	320	210	25.0	296	0	False	True			81b93f40bea69e68dbf96dffedb23c188e5e378764342b66c623f2e44a7056e2	296	52194155410568143	True	2175	False
stimulus_videos	/pscratch/sd/s/sjmoon/EmoViS/data/raw/CowenEmotionVideos/2176.mp4	2176.mp4	625677	2026-05-08T05:07:28+00:00	5883b56cafa3f02248f0702015c0bae878507703eb389130f5008ae92a17fcb0	2176	5.0	h264	500	280	20.0	100	0	False	True			f4b0ea5263001825376d69a7dda503bc4331bb001544386b437a3c49b6def59a	100	62398609501709932	True	2176	False
stimulus_videos	/pscratch/sd/s/sjmoon/EmoViS/data/raw/CowenEmotionVideos/2177.mp4	2177.mp4	538028	2026-05-08T05:07:27+00:00	24d1bdc1aeb9505c3b2f2994681b07c7d5c071f97811e45b6610a578adf346c8	2177	3.08	h264	484	272	25.0	77	0	False	True			59d95d1f312925f07ecb615c491c62bfc4ece8a8919800efe6c9551af29275d5	77	17060273249476543	True	2177	False
stimulus_videos	/pscratch/sd/s/sjmoon/EmoViS/data/raw/CowenEmotionVideos/2178.mp4	2178.mp4	1181325	2026-05-08T05:07:26+00:00	a147b91bfc1d69ed7c7f68e0916d6e06fa22d3f223122a810ea34e8bd581ac34	2178	9.9	h264	256	280	11.11111111111111	110	0	False	True			f2c10b5a13cf1e9d958f7f49215d5b6f2426774a3541766bd325ae77f284b95f	110	18637255475266304	True	2178	False
stimulus_videos	/pscratch/sd/s/sjmoon/EmoViS/data/raw/CowenEmotionVideos/2179.mp4	2179.mp4	1693504	2026-05-08T05:07:26+00:00	fb2dc14e380d88ce5ad0d72e0fe820d1eeeebbac8c252128d1a7f62a81a3310e	2179	13.8	h264	640	360	25.0	345	0	False	True			7a7bf0501bebe26193d58c40b77a5f39321541aa9f79c6ee9ad06d2252f3fcfd	345	7947791359925072	True	2179	False
stimulus_videos	/pscratch/sd/s/sjmoon/EmoViS/data/raw/CowenEmotionVideos/2180.mp4	2180.mp4	164518	2026-05-08T05:07:25+00:00	ae06ade1b8fb36a8ae5ead41ef7c0e69b55d50235dec1ac104eba5158004b0d1	2180	4.0	h264	500	280	20.0	80	0	False	True			d96bf5dba7b7161d9a4ea6bd64c41f1c0cbc3e5ddd9d03caa052d92b62aa8e5a	80	61621680282687907	True	2180	False
stimulus_videos	/pscratch/sd/s/sjmoon/EmoViS/data/raw/CowenEmotionVideos/2181.mp4	2181.mp4	51154	2026-05-08T05:07:25+00:00	f4325f2206dbab720c01e387529386ec920fecdd73a95664fe5d0ebdb0bf1e3f	2181	1.2	h264	470	264	33.333333333333336	40	0	False	True			26e13e4da649dfaf732de6128c21132600743ac1e7563c1022aad85e9775a08c	40	3953947729682888	True	2181	False
stimulus_videos	/pscratch/sd/s/sjmoon/EmoViS/data/raw/CowenEmotionVideos/2182.mp4	2182.mp4	262618	2026-05-08T05:07:24+00:00	1c7508dc49ccd5d95d5ec241be2f395a7fe59418bb8662717b98deb6ef28d78e	2182	3.43	h264	418	308	14.285714285714286	49	0	False	True			db57a1879d5191661cf0345b31f922751c0cd47beec9e91313d67d7e8e61d15b	49	19415121131320092	True	2182	False
stimulus_videos	/pscratch/sd/s/sjmoon/EmoViS/data/raw/CowenEmotionVideos/2183.mp4	2183.mp4	360235	2026-05-08T05:07:25+00:00	bbe41a5d28d6a4c80d38ee07d07e1a05367f169d9fa1e80e7dbf108aabe20f67	2183	4.6	h264	500	258	10.0	46	0	False	True			6ad4e87d6002d4de266e34ad51d81486ae16aa49f8edc8b2fd2af003463484c4	46	66254266634088807	True	2183	False
stimulus_videos	/pscratch/sd/s/sjmoon/EmoViS/data/raw/CowenEmotionVideos/2184.mp4	2184.mp4	1010805	2026-05-08T05:07:26+00:00	c7d426dc2bde45486568c02e38833388cd1487e1ffa8e5b18e565765442c6be7	2184	15.0	h264	480	360	25.0	375	0	False	True			8807380bc72dba3ab6fc65a61514520af58bab067b6e01153b05ad4f8eef4d20	375	27839426371336437	True	2157	True
stimulus_videos	/pscratch/sd/s/sjmoon/EmoViS/data/raw/CowenEmotionVideos/2185.mp4	2185.mp4	228074	2026-05-08T05:07:26+00:00	c4c619b8006437b45706377fefe223e350b1f4bccd5bc7d70223f9dbd63a28f2	2185	3.5	h264	400	246	7.142857142857143	25	0	False	True			2fe0b1d162cfdf6fc37f7c1f3be940e35f8ec26b9e388d84dec447acded6a3f6	25	16462961423883344	True	2185	False
stimulus_videos	/pscratch/sd/s/sjmoon/EmoViS/data/raw/CowenEmotionVideos/2186.mp4	2186.mp4	1012552	2026-05-08T05:07:26+00:00	2862399262df9e88c2e00d34500ff68c0296eebc5e90c45008ece28882f8abef	2186	3.76	h264	800	332	12.5	47	0	False	True			9b4e8783bffc2e5c311e34ac07e7e479d78cb5766ca37a8ca53d596ab38e793c	47	8510670252880454	True	1	True
stimulus_videos	/pscratch/sd/s/sjmoon/EmoViS/data/raw/CowenEmotionVideos/2187.mp4	2187.mp4	128502	2026-05-08T05:07:26+00:00	a52f6c1a866fff0a9397e7341bc20ebbb40ef9aef94a695f77ff26dd209effcb	2187	2.56	h264	250	188	25.0	64	0	False	True			d867512031ece1f3e91e91990ab226839b1ab39c114127f0e70ac96fd40c085a	64	13165050092878065	True	2	True
stimulus_videos	/pscratch/sd/s/sjmoon/EmoViS/data/raw/CowenEmotionVideos/2188.mp4	2188.mp4	769365	2026-05-08T05:07:27+00:00	7acb1cb0f47cb18bf90ac2513dcfe38c548bc5cd94e7d2171b9e9558fdc37111	2188	12.0	h264	350	188	10.0	120	0	False	True			423a4e408750e5e5ffa87a2fb7a65e1a6d8f4e4701f52d2ea044bf3ff5f83cad	120	2313857288865292	True	3	True
stimulus_videos	/pscratch/sd/s/sjmoon/EmoViS/data/raw/CowenEmotionVideos/2189.mp4	2189.mp4	119304	2026-05-08T05:07:28+00:00	103e5c17ffe818e5e934b81c4357b45f042f3eaa96cbf55faa2215702c1a739b	2189	1.5	h264	500	448	16.666666666666668	25	0	False	True			61394627652d2386bd0b29c3dcb46af5bc6ecd4ef7b91c2dacb6a876328e9234	25	36897670390981447	True	4	True
stimulus_videos	/pscratch/sd/s/sjmoon/EmoViS/data/raw/CowenEmotionVideos/2190.mp4	2190.mp4	1586061	2026-05-08T05:07:26+00:00	4dbc019e04cd63ad87b26930df6311d483a1d0d0912cf37a66b2d6ae57fa1ac0	2190	15.1	h264	576	360	10.0	151	0	False	True			cef4ecc5aaf12347c6caa86f1cc675a8a6ef5a320a4a164cddb3f7ae13436e17	151	851073945385060	True	5	True
stimulus_videos	/pscratch/sd/s/sjmoon/EmoViS/data/raw/CowenEmotionVideos/2191.mp4	2191.mp4	327780	2026-05-08T05:07:26+00:00	6923cf0d9afcec599f503dfe7805c594cbbef6c5f21a74b5522c7f897ddf61a3	2191	4.62	h264	496	280	16.666666666666668	77	0	False	True			3e9cfb34432a81324c62cb1dd75def9f92bbe1e6bc183021a0b06759f6224dbc	77	10779720235273619	True	6	True
stimulus_videos	/pscratch/sd/s/sjmoon/EmoViS/data/raw/CowenEmotionVideos/2192.mp4	2192.mp4	699676	2026-05-08T05:07:26+00:00	b5204629eb42af6a0619c461232deb90a107abb780d6140fc4cabd486e07eee5	2192	13.7	h264	426	240	10.0	137	0	False	True			97ee44f249cf59b39a23a2efa988e27c87c7e328f5e4d2729ab966ff870f30f4	137	40000475430967731	True	7	True
stimulus_videos	/pscratch/sd/s/sjmoon/EmoViS/data/raw/CowenEmotionVideos/2193.mp4	2193.mp4	156836	2026-05-08T05:07:26+00:00	c7492dcc47b00823a8653fcadd3bef6b31a34bae915b877695a74bba4cd79169	2193	1.05	h264	1000	562	33.333333333333336	35	0	False	True			6c0a6996f2fb2b6156aaf8f717731a28aec4520ae9e2c1016c7061f77d90465a	35	43970343885197516	True	8	True
stimulus_videos	/pscratch/sd/s/sjmoon/EmoViS/data/raw/CowenEmotionVideos/2194.mp4	2194.mp4	382422	2026-05-08T05:07:25+00:00	6c7f9892dbe1dfde8574359af2063bf7b8b0009bd4256c92586a23b28415a353	2194	3.6	h264	640	360	10.0	36	0	False	True			e913b24337f754dadbd00c159c00c275778f972fb684fbd4aa7a9c0232ae4a82	36	7375985573342005	True	9	True
stimulus_videos	/pscratch/sd/s/sjmoon/EmoViS/data/raw/CowenEmotionVideos/2195.mp4	2195.mp4	99257	2026-05-08T05:07:25+00:00	fd9f7dcfb3ace1f8a98ccc7bb11bcaec87eb41df6bec0afdefc8242899e0a292	2195	1.4	h264	500	280	10.0	14	0	False	True			852bbf00253363c981033445338731ae69fab06e91c3c9b440b2a5595e185edd	14	36880116082855343	True	10	True
stimulus_videos	/pscratch/sd/s/sjmoon/EmoViS/data/raw/CowenEmotionVideos/2196.mp4	2196.mp4	107785	2026-05-08T05:07:24+00:00	57c71b41d7b115bff49eec1bd339ee011ff2b9cb1cf3434cb2974654656855e4	2196	2.1	h264	400	224	14.285714285714286	30	0	False	True			3d3a48d64d267f5d6d0ac8b082a286243656f039a93ad09d8ba0c0871208bf9b	30	28901122108010351	True	11	True
