# generated_by	prereg_v2/code/p1_stimulus_crosswalk.py
# generated_at_utc	2026-09-23T08:03:22Z
# git_commit	0bc3a79becf56c7a532980dcef09f5a8a0b36427
# python	/pscratch/sd/s/sjmoon/brain-jepa-env/bin/python
# asset_registry	/pscratch/sd/s/sjmoon/EmoBrain/prereg_v2/code/_assets.py
# asset_registry_sha256	9dc8264b6c79df478c33c4232818edd478489d852a05d90810918fbb2714bb5e
# decode_side	32
# ffmpeg_decode	/pscratch/sd/s/sjmoon/swift_PTL2/bin/ffmpeg
# ffprobe	/usr/bin/ffprobe
video_number	video_filename	canonical_stimulus_id	raw_sha256	decoded_sha256	is_exact_duplicate_file	in_labels	in_brain_roi_timeseries	in_fmri_raw_presentations	in_captions	usable_for_modeling
1	0001.mp4	1	2862399262df9e88c2e00d34500ff68c0296eebc5e90c45008ece28882f8abef	9b4e8783bffc2e5c311e34ac07e7e479d78cb5766ca37a8ca53d596ab38e793c	False	True	True	True	True	True
2	0002.mp4	2	a52f6c1a866fff0a9397e7341bc20ebbb40ef9aef94a695f77ff26dd209effcb	d867512031ece1f3e91e91990ab226839b1ab39c114127f0e70ac96fd40c085a	False	True	True	True	True	True
3	0003.mp4	3	7acb1cb0f47cb18bf90ac2513dcfe38c548bc5cd94e7d2171b9e9558fdc37111	423a4e408750e5e5ffa87a2fb7a65e1a6d8f4e4701f52d2ea044bf3ff5f83cad	False	True	True	True	True	True
4	0004.mp4	4	103e5c17ffe818e5e934b81c4357b45f042f3eaa96cbf55faa2215702c1a739b	61394627652d2386bd0b29c3dcb46af5bc6ecd4ef7b91c2dacb6a876328e9234	False	True	True	True	True	True
5	0005.mp4	5	4dbc019e04cd63ad87b26930df6311d483a1d0d0912cf37a66b2d6ae57fa1ac0	cef4ecc5aaf12347c6caa86f1cc675a8a6ef5a320a4a164cddb3f7ae13436e17	False	True	True	True	True	True
6	0006.mp4	6	6923cf0d9afcec599f503dfe7805c594cbbef6c5f21a74b5522c7f897ddf61a3	3e9cfb34432a81324c62cb1dd75def9f92bbe1e6bc183021a0b06759f6224dbc	False	True	True	True	True	True
7	0007.mp4	7	b5204629eb42af6a0619c461232deb90a107abb780d6140fc4cabd486e07eee5	97ee44f249cf59b39a23a2efa988e27c87c7e328f5e4d2729ab966ff870f30f4	False	True	True	True	True	True
8	0008.mp4	8	c7492dcc47b00823a8653fcadd3bef6b31a34bae915b877695a74bba4cd79169	6c0a6996f2fb2b6156aaf8f717731a28aec4520ae9e2c1016c7061f77d90465a	False	True	True	True	True	True
9	0009.mp4	9	6c7f9892dbe1dfde8574359af2063bf7b8b0009bd4256c92586a23b28415a353	e913b24337f754dadbd00c159c00c275778f972fb684fbd4aa7a9c0232ae4a82	False	True	True	True	True	True
10	0010.mp4	10	fd9f7dcfb3ace1f8a98ccc7bb11bcaec87eb41df6bec0afdefc8242899e0a292	852bbf00253363c981033445338731ae69fab06e91c3c9b440b2a5595e185edd	False	True	True	True	True	True
11	0011.mp4	11	57c71b41d7b115bff49eec1bd339ee011ff2b9cb1cf3434cb2974654656855e4	3d3a48d64d267f5d6d0ac8b082a286243656f039a93ad09d8ba0c0871208bf9b	False	True	True	True	True	True
12	0012.mp4	12	179da5baa24d5f0fa65aa584983f82dc405ac15379f50a6ba3547de923d75602	a01eed192e8866ce7322cab90711795ba093ac86a683fa054b8b9c283d0ea0a9	False	True	True	True	True	True
13	0013.mp4	13	371d9775cc84ea1838d4088e9d90518705dcb5e9756559e6bbd4021966bc3792	127ad2a504072a33708db2ab0b2ccc45d6d999191bf7053f834bdb7d8773f34b	False	True	True	True	True	True
14	0014.mp4	14	2c8a35af1e021bd23b8ab5a75bf95e7a6a4717120efae7b64443e316550c00a2	a7dfb09ea7dcd4d11a318bfdce0a4384d481fd6d6f3ffab9eb24f237552483f4	False	True	True	True	True	True
15	0015.mp4	15	128f01a2f66cd5a442e34bffe050949cf49330abfd07e194689a215696c026eb	347f52fd632deacbad8d37b0f65292b4b000843816b2baf496885f69dfe7e8fa	False	True	True	True	True	True
16	0016.mp4	16	3b0525a443d96a6666e872be365f2b816eca1a1c8d48948bf52880de43a80755	8615129ab1466fba6b872a34f2bcc19d5f61ce141c0bccf0242be2687d9abea5	False	True	True	True	True	True
17	0017.mp4	17	71027b792d38d4ffa150475daee531897dfb134930b890d6855f0b29b862b59d	88c177f081e632c45760abe1e7b26a87d8b5f8fc7ff176fb2411f66df7011156	False	True	True	True	True	True
18	0018.mp4	18	1528de091343a81fdf0d0bc0170b22d6563aab40fa64907ec9c014dac2fbcdff	27259ac274d97965b38d578be7cec4df946c5fe5a0c49ea0fe76ea948232b780	False	True	True	True	True	True
19	0019.mp4	19	feb7681b1ea4f0356aeab15f1194ea76646e36cc61d03d9d722e1b1866b944cd	35561ab657a127bc70c8db1e51738ec2a7625beb14b3a2cc7687d0d6eb2443e9	False	True	True	True	True	True
20	0020.mp4	20	f32ff5c8e7df5a1a0a4620a07f943a82af510509a429d12e5effc437689751b8	2b0e5b2b793b7f321e2eed79d8cfb473fbde51810efcc90f11ec601fda00b51b	False	True	True	True	True	True
21	0021.mp4	21	d0d590aa6cf2f8e970b7496f34f49aa805ff3823b4e61ce63f33b90ee3de5a8e	03652a9ded15461cef023f4e2e73e534dcb52f0d81bd0737cddd0a4d7a8fdd9f	False	True	True	True	True	True
22	0022.mp4	22	673a1d29087e31edb1f130b2afdd853cf933e7ffcb01ffa10b0a464a2b838f89	9aaee7bfeb3cfe5f1c4c5b58d730b0be753c013460c63eb4dd6af91091943a0b	False	True	True	True	True	True
23	0023.mp4	23	8d9018f25f6b63fe99d5d7fc6271ac883dbefb430bab46d070615b5d8483d881	b0ffe29ccec018513f7bfed26fff7c21de0b0d0aa2572f57110ad4fb31c58f90	False	True	True	True	True	True
24	0024.mp4	24	65b2eb00d9789f878f098b93cbef09fd5e3f41b7639538f00a97fa8b599eb92e	23ba989143d41cc737b2f193d121013f9269f4984ba40014a92212ffa2654df4	False	True	True	True	True	True
25	0025.mp4	25	400181c291d70bf9a4a68d5aabd1ca052ec72af69bfaad854f3ac2e67af88c88	0f60b31ec9c588f40c5f86195a621c842cf5683fd8262e07f43b8482b5e30c7f	False	True	True	True	True	True
26	0026.mp4	26	8a4ad1a42305c489fec4a0ebd2f32c49a0d9744af8b3124832fd13a4230da90d	3f4c06fa39fb0268fe2a29cf5c9315a36eb56afefb18f192af0efb0d540ae7cb	False	True	True	True	True	True
27	0027.mp4	27	20960a0d74e09657c8392ac172a6f81f1fd0e3d9abdf8f21fb4cf316d646964d	02b9d25e7a9dff25fa9aa0829977b0d1a92875025c9d6a486b1932c274802bd9	False	True	True	True	True	True
28	0028.mp4	28	7d61dbe4972de3032d72c8b08cd83fb8096bf4503b5fe1de25f12dfa99f08e0f	faac8f24a6f23856d04b7ebb58d5e42621dd716152e8412c66d25ff89ddebec6	False	True	True	True	True	True
29	0029.mp4	29	19b9b5970d27910bd3ee3abb9cbfbb04774030ff334bc1df4509e182db223715	4e867bfb7ea5ab2916f7775fe7290d6b77af889f6427e803451ab7cb027a594f	False	True	True	True	True	True
30	0030.mp4	30	cec3ecd43bf30e2df36f257d2c83d4711b529c1ea53cbb2bd58180a1c41ada6d	acdedbf65602aeb1233d0ab60fad873ad87fb4edfb96a78198a084c216849c4d	False	True	True	True	True	True
31	0031.mp4	31	9d5ac5ac773dbda8dad91386ac5606641e54b1dd54bc8f2ea597022efe9ff67b	8ef9b5d077345ca75d094223eb8a0f04ebb7b7d54bde9b9e4082d1161e4fd86e	False	True	True	True	True	True
32	0032.mp4	32	751af474e8c6f64efcfac3d12e9d42df38ecba42e50b2d3b954a2b3a4aea9daf	a0766a5301e8f38262a07e7ebd02e0857dfc697ec5751b433571d4ebae5cac45	False	True	True	True	True	True
33	0033.mp4	33	08acac6b53249c8346a638a475f72c136ad7f7ee2462edaa8d47abfc139429f5	c370789e81556724b6a0f4aba874807c90164e7289cc91bba3cb34dcd7c41a6b	False	True	True	True	True	True
34	0034.mp4	34	df85a94f32b533839f9f05dee79e8f0fd109f3bb833e74bc5bdf372506182a51	f85260a7ddcfff2fee1bcd47359d4c846d60713b5c03d2b8839ae37109c25cc9	False	True	True	True	True	True
35	0035.mp4	35	00c184792e0d99b3c37835a5377d93ec04c46fbf7b8c8523ce87af213e2e1f15	057b3d732589a262d077a6700405ea45c9986d804ff605efb2ddcaaa9e72b989	False	True	True	True	True	True
36	0036.mp4	36	fab7f736fef61489188cc670df4590baab8b48f8297e92828e72e02ecf656ca8	e91df802cca9cc5ad5aeb5af5ae255a2f2a0629779b73fbfc442cfa7182b05dc	False	True	True	True	True	True
37	0037.mp4	37	70b5123ebba4355c458fda069d739aa508098b2621a5355523bf5ee02eb95338	5887b235bd263cf5448b60c055def5f0c341b6daaf45575299e8c5ca1a955fb8	False	True	True	True	True	True
38	0038.mp4	38	cf170f5b0850c5b32ee86e8bc91c23654126007d8508961959dfdcb8c2de4578	207fbc15066a36851ce8f9b353978f07467bac83f62a2ed69f6d8c3818d7361c	False	True	True	True	True	True
39	0039.mp4	39	2f5022ed24a74273db019b04a6b8269eb284de53dec0aabbc464e56a842f0287	04dc79ea16a2358e835d27de55d6cb8205e647e0e73ad81896be7299ac11365f	False	True	True	True	True	True
40	0040.mp4	40	ce22fb8dd49dea16b54a7e54c9266b5f20bc7067082b5a2ac707b0593ccc267d	e69124ad6e3c7b441126f2349b6c8c3279f8653c2ce780cf713afb2b7a187313	False	True	True	True	True	True
41	0041.mp4	41	5a5cdb4ee0af0e9cc78a2c419e7483e1f96f8b79b8b5583ed7ba2157e29ec899	ab28ec41218fc14a73c9cb1e2012c7cab1c699591815adfaac7f76d040441e00	False	True	True	True	True	True
42	0042.mp4	42	b276b211a34eb8ebb7c9f33cb18f65d8c850c1f2873343d18946d66f429ad112	779e208debc4c8a604f712eaac398efa6d8552d04b0e545115b75138a12baf86	False	True	True	True	True	True
43	0043.mp4	43	65f73e9111f9750c63b7d1ffd9930dca4fb86dbf799ea3aaf700baf72a337456	f19c3ec678e3c318a82f4fb70d90556ad4ae832b1cd9fce99eac7bc4917c8e31	False	True	True	True	True	True
44	0044.mp4	44	bfe54b36467a692c1af612ee844c785b6a2666e9ea307a60e8be32248f6e8684	b42519ea289d629dda0072cf6f38a18cb7cd4c3a5fc62a507f81c21e56be4186	False	True	True	True	True	True
45	0045.mp4	45	85d191dee26cf7c5fd8516f716d34ec42afb62b277e20c1d502f08e9a72a886b	c1162f04f3ca55bb22a60ff1bc41582d8ef6258c64c0863b762282653220d094	False	True	True	True	True	True
46	0046.mp4	46	1eb3261aea609dfda450c0dee5c7e16abd067093c36ff903ab5014866947c53a	d8c8defcf6772b068ed9f7a9a2e08ed0d84fecbb0d2c5f3dd7ca38e4ade429b4	False	True	True	True	True	True
47	0047.mp4	47	3fe631a9f35a33b0e767783c2a875364336559664ddfad61ce211cbb00481908	30e243234bfb9842b08e5c5b61224adde9b41edafe2e59251c77925daf16906d	False	True	True	True	True	True
48	0048.mp4	48	621a64ecbab6dd9bdf2bb36611856b574548d127d309b53d79bdb39b9e8dd5f7	1922eac3392d89896b8e3993ff9eeae97c51638ab0419b96dae5e9c79eef5b9e	False	True	True	True	True	True
49	0049.mp4	49	38148c248c64b67a2d1b28f2cb55056a2112f718fadab52218a424a4affc3043	5762759eff3070b5ed0726435b6650b4a455489c33a24b482208b56bc2023acb	False	True	True	True	True	True
50	0050.mp4	50	2abd10fc7bd54d6e07cc5b3cb398a338e0bb946ebf526a85fe5dc00168154fc4	a46e27e13ce417ca2a00fd79398e712a3fb8ab9f434c1db8e05c45640a05a842	False	True	True	True	True	True
51	0051.mp4	51	6580daad6c442175c39c233fd3e92cc70bcb596d621a4569c0e6044d7284514e	36fc74ce3548334d345273eb21be04ccf0d15234676cdb09324c1da0bbb540ac	False	True	True	True	True	True
52	0052.mp4	52	701e3944923e4a5d8c561e2fda37e764bb411ba65667a25d97b08fbfa86734af	8a068cffb02a580631e2f28064ef4f009efc113c16e165e405d37a63d01709b0	False	True	True	True	True	True
53	0053.mp4	53	2e75c109cc17c3f490c6baa75756b1a19068180f9acc6e8ce251bcfd42ad4a0c	3ece9164879e30b166514bcffcfc5b5bee95215b55bde6b05b758bfaf36e5a8b	False	True	True	True	True	True
54	0054.mp4	54	5d7e3aa4a944e37d4a0a5a50d4688d4118a8311a6e1211ed1d84e368125ac9b9	42e2bbf9e9621ad2131ac70da316e77afcf9dfc33f04706cae0012b1e3790358	False	True	True	True	True	True
55	0055.mp4	55	905612a5b9f3374607d62a67f71b52837fd2183e866674b7316365c1ce360cee	0ad545ce684b0bd5c6660b4fd432420edf152df0e146adc28142a6578d6652ab	False	True	True	True	True	True
56	0056.mp4	56	a79fd2235fc4fb10342686327470e42752655ee085d27e53635d1ad09235e0f2	99cdbf7698d035ac27e84d3bd9d04b4f1db3abffa1585ff0b0345bb725746006	False	True	True	True	True	True
57	0057.mp4	57	5bb7b6e8b607429b5f7e00adc1b53fa5364b2fbe1aa761de937b9e1bac52424a	b5cc299efe40cda5d7e4f52a588100c008ce954b4253a7b5ea4b63e8216be79e	False	True	True	True	True	True
58	0058.mp4	58	05f3a182c5e79b9bea2738f74e86bb7414bdb7e8bb2aa0ef3a48fde74203c4f8	01db1bf5c832af37bd964781341076dd74703ffe8886b0d5860f665229a2de25	False	True	True	True	True	True
59	0059.mp4	59	71150cb9775e8b0fd22d29bf7eb2790ef6c298cc2c363cc2f24b2753d9d9ccc3	5fc69dee38b9018317de3f4e00c9b725e450916f1ceaa7b907063e9801203f22	False	True	True	True	True	True
60	0060.mp4	60	b9b97a2c7d8594d7116aa35ad15704a45b1e8c6487cc6b6ae52cac3b13546d97	bbf0cc75b0f58711764a48100cfdd48a46277b3b737b24f4ae645e1a4b1fa421	False	True	True	True	True	True
61	0061.mp4	61	0e9485e5970058e039eadd20bc954f96440843d65dcd3e9a2a930e190c5b461d	4fb3ae601c90bb2fd0ee432f2892364c820ceee186c1cbc210d99155d992059e	False	True	True	True	True	True
62	0062.mp4	62	0ac550bd018b0f16f4caf3e8092ce7abba81d71917922d7bba58cba5c514eee2	b0f1f7d86a8b6287c0e7b7bd7e4ac5a7ab049abebb978c93e8616f733c1e6e5e	False	True	True	True	True	True
63	0063.mp4	63	379296dbe99b71a7fc122be9f9981e06a8d14ea5a2e5a9475ad553f873993d5e	ec96d470990734c65b1cc2d3090ddffb7fcb658b4ffbe3bae4196bb416726627	False	True	True	True	True	True
64	0064.mp4	64	ab4357783bf291dd962c28cfa6755214b7ee6625a6993e0ea92f29f735554183	429964ddc03a9066f0280881688e9b7c189263f8a5d4f7b464789a2bd16173a1	False	True	True	True	True	True
65	0065.mp4	65	f899a9c9d7e9775bf3ead0ae45f923593b5371557b34ffa5aae2aee574c6ff14	a4306557d83fed6a6e284e82423a1353df9053b273e03557ce1a37c48ccc13ee	False	True	True	True	True	True
66	0066.mp4	66	a2ad569d2efb08db7d6e249a152259b7ccc6939ddca357bc4b1f0e6184a5a4e5	bd0a70495199ddc37943b16ac6c255d5dbf547ce75e96b2d871111c0cc415a46	False	True	True	True	True	True
67	0067.mp4	67	16bdb0e320f38f1f3f29e2269eec2c61d2e74c1fdc759a5476e7c9d7687378ce	af9605fe8f80c6b9a826d1db7ecbdbf80fb7a4bd8994dd173b21793965e8fc66	False	True	True	True	True	True
68	0068.mp4	68	25c16af80c784c154eae44954384062a5f474c205734f0673898bab3016db3a0	8fd690badc74f2111edc9eec186e10dfa3f645eeb28ad64d7ea3492638c8d212	False	True	True	True	True	True
69	0069.mp4	69	d6b2cca384a7b7c7c931e4baa8a3878261b75592c20389e4695627d294b49cce	ac2de79ed95b90d9dc488f692e57658f92926de22374b6e1ba2b47d178acdfba	False	True	True	True	True	True
70	0070.mp4	70	7a83755f4af3fa9be7f72930d20f3f628239c9d374e4586fe3d1e85787bc55a2	0c15399fa1ea6ef1362c4f8c4f9571b49b0cf7a1d1bfd15c89a9815b177cffe8	False	True	True	True	True	True
71	0071.mp4	71	9a640516a77b095740829db956d6ecea8cc9b030a4cee562b40c1ea5a45d41c0	f886f3a57428f4d7d8ab6df8150a2af4ffc0c1c67429277f9396795dd0fb7f6b	False	True	True	True	True	True
72	0072.mp4	72	29cba4e2e723457fd85fb8d76dcd50552ef842ee138766aebafa527328d18cf7	8ea97342f1805166b9bb1951d23c888eadd44907b9cb9ffceb2d2c380420368f	False	True	True	True	True	True
73	0073.mp4	73	e76cd487097de4b2d3fb7092f2eeb797995ee77bb798f4d522ab663c48bc8ec0	81162898d0280d7f949878e5354403acbeabe7cd4d7d078312c1ff6130fccc59	False	True	True	True	True	True
74	0074.mp4	74	9360437327d23f8a22d43e9a5095b45d97326bbb7b3625ddc73108ea6dfc0139	56f0795e46e053f118451604b79e407bfbf2cb7f7919192d13589f0f3bec77f0	False	True	True	True	True	True
75	0075.mp4	75	5fa24670e62b82a164715f0f7f44491ce4cc6ff2089dbf0531e85e845cdc9aa3	aa3a8270866f17837aea83f8c956a0b93f3e154a900e92758b6c60c8f7c0c9d8	False	True	True	True	True	True
76	0076.mp4	76	dc4d0e0cf108799fecd874d3a9694c13bdcaf3b564787dc0e7fbb8a6b120084b	9be7d45414f65dc43f3175991c4a21aa3956bed7c004656ef8d95bfeef8441d9	False	True	True	True	True	True
77	0077.mp4	77	5c5373eb04e431b34c6179bea9e4284403373c870b3334badef31d7e4792c622	07fb39587e1ede35285cda5662f2194e2114edfc47c34fa4be413bb84f44b2ab	False	True	True	True	True	True
78	0078.mp4	78	e0160572c1877ffc9e1c50f4ef8dea02e8f5a9e6c9946df4d9e0deb49e27d60b	85a8fcfb65dbaee103f26865d3d14eadd2cfe4f4f5a40d7ef2e14c0a4c6864ee	False	True	True	True	True	True
79	0079.mp4	79	3019885bd266cfd000fc308f33f5150291437993a5db87aa73ac7881b9bb9208	c2ea30c8ca086ec3267c6f77f26208a8c207cfff4b134b2dabb531e3efa9bbec	False	True	True	True	True	True
80	0080.mp4	80	812516a5c2348b129b55e1375992bb35ba7d283b6f2c1e480543574f68133e5a	f3cb032c2bbb29aecd6be81b2bcdff96acb8eeaa2f108e374fc1e77a759886eb	False	True	True	True	True	True
81	0081.mp4	81	ac83fe425eca1825ee72a6e0bbac76a90426a6fc0b5c5ec6bfc655d09c13756e	443b8b6d2966baafbe56dccedc3c541d14066ff690f006b13ee2a9d6ac671441	False	True	True	True	True	True
82	0082.mp4	82	96b791ed82a8917a90cc1f31ab7bfb37f57d98ed9a51adc9a91b94af9edec51f	9445c0e186391f21262e23a105fed171ef6fa57a48bfa61a9aa9f0ecc2027c0a	False	True	True	True	True	True
83	0083.mp4	83	ea7f2165e07f78fb1c83d0c729be091ebba1c95b2ec04b8b0552933234a04e66	9b4cc58e97795387ef1210edf08f12dd0c15ed688a788825aa3ac6cd3f9f57e3	False	True	True	True	True	True
84	0084.mp4	84	eeca0b60b254f5a1c8a7cf82d103c004e321f882b5f9433b299cfd1097207bbe	4f10a00227f00ed21c21ad6e901c422510c44a470be4fbbcd31377e81eb97c6d	False	True	True	True	True	True
85	0085.mp4	85	6f9c6aef8197428ea3ae3935cdf58a786ab93621a61cc94dea60e466cc12ad1d	ec9d89df6331397600f2239a00e5a155e110b3e3e49603d34494a1499173e5eb	False	True	True	True	True	True
86	0086.mp4	86	0a7299f6f3ba1b3a0f17693365a8c08fd147a2f478a3e9771b124197d8ed6a38	e648763dd5ae8ecc03e8bb6e752b1c8a84e222264b2eb3dd6bb02fc9bd27eff0	False	True	True	True	True	True
87	0087.mp4	87	8dd89b295a272d7c9f55867858ec067b35410a0d11b6f1bf7c92d2163369fdad	6eb22096b9cb7bf76417423d783a987dd9c03263dda4017045b2000c466e0d31	False	True	True	True	True	True
88	0088.mp4	88	da50f618a105ae6e40b90b191b1eaef421a5a51fb93f67511ad997d906efda5e	dd1744ba31d4c7fb8931da555778dd6870654ee2aabe73349b13860e18b676e8	False	True	True	True	True	True
89	0089.mp4	89	7b7ec591b2419b63b4d8138a4a1a060aa7d373396cd0b4289fa952e27ab98a32	b3e22ee6c09c2c4152b07ad349872a0a8ec767b80b34dcad89b1e0715bc3aec8	False	True	True	True	True	True
90	0090.mp4	90	55d7c33f823843f68233831a1a2c3f5887044b551d0f1d7a18d38917a4abf816	fd187451990d0b27ea69694e7ff1b0a91e7499ccf811295736c321b305d22801	False	True	True	True	True	True
91	0091.mp4	91	7be9bc462567a1f2f234c494e0608fb89d747963f320925674b7aaf6105f38d6	8d6ad369b823873dd82f91a24afcae7365aa2ad51aef40850f1023e46343f746	False	True	True	True	True	True
92	0092.mp4	92	e0b71f27624214e0c5752d588c5b0ed4bef785faf9084251c99c1c0161bd4d34	5366a61d2b2ff753ba7ae4d4b5c96df7a859b2f33e4882062f253672ee2b1af6	False	True	True	True	True	True
93	0093.mp4	93	3c4c71122820c24d7655ad46b98aeee7f4b2d8c38692135f6e5b46cb503279ef	90a131445814d570f231297d45df969b9374ed2615413567eda8d95eba682f6f	False	True	True	True	True	True
94	0094.mp4	94	72d9a2db9b7a74293f6a2ff67a94dba975125621583a77b2313110a2139945ba	6988b70183afdfa2eeb115a9e693c15494d364f5625b70e09962a04513fb0612	False	True	True	True	True	True
95	0095.mp4	95	1878bb6cdd88661392561ca98ff68c83b5df306ace74c7e9c062edfc0050123e	6e8534ea6aa4309e243ad0bf39a916c352b1ce76ca4728647ad06e2c90c084bb	False	True	True	True	True	True
96	0096.mp4	96	775a8060774a1f8e0d17a04fbd7947b0cf2f1a99900d921bbe44af8a84f01c1c	fb6296985720c85382d464289b859322f8b7241af0789aebd07be9b1471de107	False	True	True	True	True	True
97	0097.mp4	97	6dfee09bbc4ae7a431a1553e153c9d3cc1d790fe189a148bd835824d9aa293ea	a559285969500467b3be0b1cd1a460b4d2d881b6d51d8e717e8f14afb840ca74	False	True	True	True	True	True
98	0098.mp4	98	9d994c9db261f6353129393949fea3bd95d6bed1e669ece54a7fe718a7abe4cc	22404b5972b5af34d54a3026911cc8079aad884d912ab62374d4ec0c299cd11b	False	True	True	True	True	True
99	0099.mp4	99	47017019a72ff35e8c6cec4be5c63f1c5a3f47512d127e26f169d417132adc92	87b3883fbff05303a88d835097d4ef91aa2ce623bfe8401dd98e02310f84d99e	False	True	True	True	True	True
100	0100.mp4	100	2b8919c4bd0c64ccaf00280fab39cd764482b6bb9eea47b8b274be52a5afff5d	8dbaa2e9f03bc6b50b0640df8ce6f4c6d3e36a042b767e4639eae0791a60ad57	False	True	True	True	True	True
101	0101.mp4	101	3ec1c1f70ba0a0b1b6dfaa4b03d0b530009f540bde0412f6fd4e43bb33dae1e2	68c04dc0d31c3338b95de8207690d865af39068e16699735347c071c50fe185a	False	True	True	True	True	True
102	0102.mp4	102	8bdea63cea4a951633fdd61355ac43f603aefcd7fb87d547006d2a7458f2b99f	5e15dad5d0dfea0ff4a9136daea1818ed46dd8ac9f79eb59d434eb5561e13d1e	False	True	True	True	True	True
103	0103.mp4	103	a4b9d3519b151cc9d7d3c21c94e19fad43887b07dd35f9f903cd7bba61172221	5b20437b8306f56bbc11f98e75a09378d31692a1980aa12434695bffcfe16d95	False	True	True	True	True	True
104	0104.mp4	104	92e097b27741b12a54e470a785f6abad425281c3be613d9e4784dc5b7affd169	d405cb73fab1b6f23438b80f548410c26ea38e4078862cec9f80e6c456670afc	False	True	True	True	True	True
105	0105.mp4	105	24ef612b107b859cbd8348df9e83663dcff3313dda2f3c191c8efcc81563d9c8	c38c7c034a2e0b347add4834ee8a1bb399c4ee64780236c282bdc276a29845ff	False	True	True	True	True	True
106	0106.mp4	106	40382af26ceb920c158d37a24ca07e8717b9e49519c6899eb0cca1ef54472fa3	54d708a2b314192cb6d8d8767c4ef26f28f8b803df10cb1f4365f825240c5bec	False	True	True	True	True	True
107	0107.mp4	107	981330e1db91f0f12a6b85e543c7ab47191663d28ab18596599f18891a935b70	3b2ec591a7fe61d0e01bf3df289d53ff0d969d1e65c32af19ea5de5734d3ff79	False	True	True	True	True	True
108	0108.mp4	108	cdb7f6c5b8c333249740cc6fc9247855c4e8c1387f67a7a70f6e72f38df5150b	968a6421a5582ed4b2f23f966ab1bc8e6322ab75160d5725023e1253be7f5fdf	False	True	True	True	True	True
109	0109.mp4	109	d640a3942ccb4544cf6e49c70182106332a8522c1deade60a130ebd2d20ae5cd	ab56e7508db73c0c10fbc24b9f644b1495faed89e7cd26fbbfef4a0b6f76258b	False	True	True	True	True	True
110	0110.mp4	110	19cc182fc88e1cbaaf0895036ddf864e3923f0598adebfb43b7d97630d67c8b1	ff851e314bf6f23491beb49b79899f43da143fe67182f4ddc8484b1850ff1612	False	True	True	True	True	True
111	0111.mp4	111	9dcea7d6dd1f56d8f253a2972e627e82fc7dc5a42c478440060dc3e474c924da	a214e1bfc93fbe27b4184842924d27d84e7af7cb92ffee350fba1429c533231b	False	True	True	True	True	True
112	0112.mp4	112	b4dbdcdd30690d8450e1fbc749512a983fe04cb7e96f5cd9c4cdf24e61cd35ff	e1716fa95d7eea34433ad56a5b6bc3afb0ef1d8316c22acb21e597e6da0869a9	False	True	True	True	True	True
113	0113.mp4	113	5f2e2f7757e67b77c9399476ee9a0b37512360cafe607fdd8cf64759d0343b6e	0848011bafb3ef75e1783c57018d132f025d6b3874d20b7c1e0cb6a46f2edae0	False	True	True	True	True	True
114	0114.mp4	114	f3b62936b496f67a2397d060d39889e2fbcaccc55496ccff80b2f4d5f7615c06	17cfde3d0691f6a0f169eceee753237225267551b338e6595155fa045dbec9ec	False	True	True	True	True	True
115	0115.mp4	115	0c697ed48299564bf81d7bbc1fcd7e32f66d552e0451f9abd301cfc75b02bd81	77e6bf6bc14677e3126d16cadeca316737b7f90429dbfbbf3cb2d3d076259e3a	False	True	True	True	True	True
116	0116.mp4	116	351befe73ffeea4cec0abdb30b650072b36c79379a8f6c81d74be5f8a2fdf2b8	8c1203435cddc86ee341660aad4c75f7875a07e6f1466068cff3900bcc3731e1	False	True	True	True	True	True
117	0117.mp4	117	692304b1f461053a36653a6ec5f814eccd86598a571810f50a2119b3002d3780	feab255b3967063c8c92cb28293b3bbdee371b09659c0334e26abf247c44646b	False	True	True	True	True	True
118	0118.mp4	118	0318ade8be7e735c71bc7c1cde548a5c29049edeb84d8fc16a29f8eea7b7d0b0	979ae8b368c43112191b7b917674465444c02723041d5a750257cdf3b7e4d422	False	True	True	True	True	True
119	0119.mp4	119	3ec54177eabf80391a0731d730ba63c0d7582fa6334b37854d80e0f063417128	f80b25dc2754f8d336f363e188f461a272ccbc049a13d2c7ff1912b0a3a9060b	False	True	True	True	True	True
120	0120.mp4	120	ea96e48db14b8f4fd52543c79159becd7154de6a22da422ea4de160e42795b42	cc89d96dc04d1539a3f55c958c6b3ea54842cabeeed3f90a799a35f6b68b39cb	False	True	True	True	True	True
121	0121.mp4	121	920e83d10992c40a33b6de6a62409e9e07192a035d09d68981c05d82801e594a	7d7b3b156cc384a28810fb39e594d577cf2298837b844dc021f9873179ae36f0	False	True	True	True	True	True
122	0122.mp4	122	5d67ba5a6931ed48686c762589d4958790b4f37ee9aa190a61ae5c84e3550c17	d60556b06a05e0d238b1edb8d3a11f7f49e259abeb1211da6ae1b3c282ab3f4e	False	True	True	True	True	True
123	0123.mp4	123	41b084e25913b4e493a183fce5e1dbe5bd64fe910671c49d03cc50fcbbb33a51	cdd33fa251ade055ab60e8a605018235ecaee56ff0ed69cd657dd8874fe50a9b	False	True	True	True	True	True
124	0124.mp4	124	ef33504d0ef85e34172ddf414b391422cfa7224b09cf0678c9bb2ecc5c0ffc7c	70ef18e71fe23f49af35c9e0a9364a138e0960ce1626f71e6777276963980758	False	True	True	True	True	True
125	0125.mp4	125	66086483d033d11b91021fc40b70b178029a41257ab88860c6771536998ee3f4	40487e9047cb95307685a5dc6d1194a0f51f1912e3aa5b7fae45e8a7adeefd28	False	True	True	True	True	True
126	0126.mp4	126	c0f60a687c29a7af9e42d71e5a840e169379b3fcfe2c9968c930c4ee0612e05e	b0bc6acd5d17459d0668164295567f2e7760285a35c3a1f8f7f7b3c51333c677	False	True	True	True	True	True
127	0127.mp4	127	6f8105c96dd3a7863824e6bff8944229fef6b7d66b75aa57843dece5466c0cf9	e65cd332124f7bfb57718541b5a1d048fb2518653af9967a2437d9c1e7054877	False	True	True	True	True	True
128	0128.mp4	128	35f16e66e9136e6e4c8b0bbd72be247e59fbe425d75529b74a05e18041514ff3	fdbc2e2aed81569eec8b59a5b94d78a9af399df81aa6f4e67badd6ad39c3bd7f	False	True	True	True	True	True
129	0129.mp4	129	39726c40b063ae8a74e76eeea0c3877a097d13c36743e31358742b3c31650dec	bed37f96ce08d1cc59c2da14916852a0390e776d5f07e074d3b9b7f4bc730c4f	False	True	True	True	True	True
130	0130.mp4	130	7f2638f1ba4e7b836532253d303ba3306d0fca2135028a2296c526607941b7ec	d79227f765e72767b7d0e90854529b36550804b7da90b40f400bbf32bfa5fc36	False	True	True	True	True	True
131	0131.mp4	131	67e8896bde64b3cda4476e017755a3f19f72d2a5cdb2118cbdddbca3a7b5a95a	6cfa22971e90c68026759356158b7557f3af8ab57268079ca86b3714584f8172	False	True	True	True	True	True
132	0132.mp4	132	1ae43d56841991b1814129fae5048398419678312a11531a96e2a03fd9e189d2	731e66bdc2ba8f1365bdc49d96e697e17f7162e2d2b3481a82bc8dbd7d532926	False	True	True	True	True	True
133	0133.mp4	133	fdfe95200b3d0b023ce193acfdfae691fc2e4585de2e6a156abfc8ca5ff42501	300ea3e8fe97855ba25902416c64a83d90e7755e288c3c1779be2c8e5c3024f4	False	True	True	True	True	True
134	0134.mp4	134	74107efc9d0424e1c137a7a0594406dffd002bafc1e6c1d279b25bb963e6bf48	00ac8fb18e3e81d296f395b1f2db5024570ccf7b1a6c5c076501328fa00dbcf3	False	True	True	True	True	True
135	0135.mp4	135	9d8ae9a07d51793858521418353b7023f46d35305db9bd2a357d1ada1c1d0bee	5a85f39c4a04ba22c9df616769b9864f4fd5db22eea0375811fb20b58979291e	False	True	True	True	True	True
136	0136.mp4	136	6a85066893d443d05912f498b2f0f88a27db2dfc3e72d78917d983fa109753f2	82d8e727f46c5a6fdf3b667ec9ae243cb5e77ec5ab38015c2f28beb886ca8d8e	False	True	True	True	True	True
137	0137.mp4	137	b7371f1c2dfd3638b12e793778437dfa4ab23d0b3b57276b8e56e88bc3322194	59611c6ceb7ad4d195659e7b95aa076c82cf186e2b376d635847afeac3604f85	False	True	True	True	True	True
138	0138.mp4	138	6818601e955f0240fc7715ec541dc53df4874f37c63c43a26f5298ebc19f1467	1face29d5e858e3677db57b3c1e66f70f03c75fc919c7f20a23cedd93ff9c2fa	False	True	True	True	True	True
139	0139.mp4	139	89871b10b4394cbad8963a44e6eb84504df7ad713f966e60911fe0de3e9b53ac	5a8274151f182f13e80dd80d7e1fd09b523bb0b1f9358f6e266be0931ecb4b6f	False	True	True	True	True	True
140	0140.mp4	140	723b70376f2705caba15fec8a58077b1a5f55ca3bce88d8ee00f3db0de8e63ba	306aead1c711a99262a42f01d2e01276061f72da32ad85b32072d8ed50855bd3	False	True	True	True	True	True
141	0141.mp4	141	139dfabe689a80aedcb77fc1f0d417ef73e9c2c83504298a48322d30778d3954	84f1350c27530104a13d631ea21cc056904539984765568f0b9389ea203d68c2	False	True	True	True	True	True
142	0142.mp4	142	bf661d38ab208d5498331c5d86fb167e83566c38073109bb09021a0d38c3c357	11173f6059166787eeb469b1c1e07198666c0bdf06048fad93e34fe45ae8236c	False	True	True	True	True	True
143	0143.mp4	143	9c6506919d009448ba9efd6acfe032d8b1a875d0984cb1d8cd70e623ea6a1399	c0f83295cbee20be055bc37712ddfeae1c6aade6c9142f9f8b5116a755274481	False	True	True	True	True	True
144	0144.mp4	144	fc32d072ba5b06c02dc6f41b310c061127376c71ebec6e978f434a252243c23d	bfff8a455c7619d555edd626ae21577cb13bbc7b23bf4c0aff9263ded03f7097	False	True	True	True	True	True
145	0145.mp4	145	885a0a44eb310ba9eb0435063f8d9b43f62ee74743a2d0fe3f4f57385ee9845f	f39b0ead871736202de683504b0fd1e66ddfeb7aac578bf1ca906c1407856fe1	False	True	True	True	True	True
146	0146.mp4	146	4d3f1abce3ce334a3aa67757743ad6b768bfb6e6ba3bea5952e2bebc915d790b	1c3676657e0fbfff8e651a8e92dbdcd3601981aa53aef51dae0e3d08eb849971	False	True	True	True	True	True
147	0147.mp4	147	1d3383d9cbbc9ddbbfa06df40112977ccb76851b6cafb5d4584fd04d3ec17e2b	5d6b7c8eb523b2dcb52af34121cdf0a5350a28da9384d370624dbd3de287f98d	False	True	True	True	True	True
148	0148.mp4	148	111328720754fb48a7ce641684372fb1b09d6789ab9a219d66d1aac2013eba7e	76f4bcb0148c0421c06b25eb3bb7e879af1fbab15e66c668cacb24a8f7719b18	False	True	True	True	True	True
149	0149.mp4	149	55b83c15c8eeed06c36e2a4f73adc9437fd1d9f05a2182ff009ae7c32da7f133	29c7f224553ff72a36cc8d3dc4b80bc36a97a5731cf9357b8dd0c062432fbca3	False	True	True	True	True	True
150	0150.mp4	150	75b338a5e06e968768cd3ab5bb8bdbd0188c92053efc9025f4442185c079f94b	b1ad040192e9366b3e0f75689d83779de331560166471e73b55fd3e58f43e2c9	False	True	True	True	True	True
151	0151.mp4	151	5aa78de12276a322d2d62c3ea85e8ae168ff19aa1d174ea6316f2d6299be0ac8	6a404761ffa1fded938b2ea789c552950d6116ceebbb8f68f2f93d7e7f4c1b77	False	True	True	True	True	True
152	0152.mp4	152	1dd0afa6f09fb7d93fa418e639022475a631cf59bbdfbf30bab1d9fed1d7e720	bce2890694467e459797038fbbcfb5c6142de609b59dd3ed154e090d18f9cc1a	False	True	True	True	True	True
153	0153.mp4	153	eb7fba015894c8a14277370e4af784b80b6bfeb78ca2066f890eb7ca406f94d6	6c3bfa501bd0d21a88022e5d4085e0cef50120e55d28a14772c3cfed4909f4d0	False	True	True	True	True	True
154	0154.mp4	154	cdc18aedc4e74cbb3e9f28cc40aa2ed118bd633d78d0ea18beddec8fb13a659a	172b871c7065b2cac673c0920138bcad3b402a57547109fe2d9f304da6c699a6	False	True	True	True	True	True
155	0155.mp4	155	5ed38b4881b4a1f8e7d211d0553a795a7f5af15a8824639db6e2ca9d9a8f9cb7	ebbad107a84d822f0e4d1d3571845af373b418db7b78a6202c966d4b1c3ec51b	False	True	True	True	True	True
156	0156.mp4	156	f948f74c4fae3b16cafdaf5aaf467580e103b01753568c3f2f91a825f6090cbd	68a05842983a302073797a84f0c9d327cbcbc7d80561e794a56593b9e2faadcd	False	True	True	True	True	True
157	0157.mp4	157	bdadf436ed54c94d897015b06ab48a9d42bdeff820fe1f5377935ca06f0025e1	5dafa77fb1dc34d62b097423aa268b997ce13034b720a38ed03c2de2094671e9	False	True	True	True	True	True
158	0158.mp4	158	fbbc027a788fbfb7712df0fad9f7851406390937707bf6baa3a57ca661cd22a5	87b4a8056136ed604cffdb5f47ab82ad0e09b953895721bbd4bb78a1e92532a8	False	True	True	True	True	True
159	0159.mp4	159	1375b20438865b51529e2624794f366f67ffdaa98963db487e3ee63964fe5582	6679ad1f5792c177c7aab20e2f5e497a33bee59d0174645142a24dd60321cbff	False	True	True	True	True	True
160	0160.mp4	160	6071080b6bc22060c179d4ea4bdccf7ba4752ccef71c4bb32f28545c152f893d	e5a997a157ee6ef5e5a985b3b43d1470505a52caee8b1dfe245210f7e50ccd47	False	True	True	True	True	True
161	0161.mp4	161	0777299f3305f5baea3a364798e2998931aca46305eb998686423352fbf98e1e	c15ecb098b6f1b43284a4ab21a508fa33fcb4b09c3093ffac7490ef987dbb471	False	True	True	True	True	True
162	0162.mp4	162	48f9a277d231b88d8b57549c377f6f95143fb201573ddf5b8483dfc7106cec6c	e3b2f977b6b125e173f9f4f5803b198054a181a582ea64d0ca8b5e8ea5b868a6	False	True	True	True	True	True
163	0163.mp4	163	e652f63bb2d596519f1fea0c3551a70b2f44fe4b95f7cdea1a4c61607d5deec6	c52bc321a63c66fc87f195654fb6d01aef7bdfe2b3628f8290b9c9cba28557a9	False	True	True	True	True	True
164	0164.mp4	164	6a666cb7ec9d858be8cd124cb4d74ed83b27e0ef4a08d706fe8b4b5c44e657bc	8ddb1d7c4201e443d4d0d25aa520d79f36cd85bebce45234f8a72e8b5cd9efbc	False	True	True	True	True	True
165	0165.mp4	165	024ea5f11d90a090091d0aa5820d61fdc86be4134338f72e3646f63d82aa1699	6a926a3a92fdf3c8f7c311b98f40e4e9c8f18fb40181479799847aaf0fa09f76	False	True	True	True	True	True
166	0166.mp4	166	c23477ab61575a85eab5ae048f65b5a42012b3738c727e78fcb8981158d47049	00497aad59067d69b25437af4c97aa7012ef728d8c906dfc70564028f4f72912	False	True	True	True	True	True
167	0167.mp4	167	bb2dfc2abacc08196eca8b0354ae7e89bd28edc88bc55a1b040d203937209262	c1d4b029b938bd6d6c21fee5efbdb8fb03f1d0d0598028352aad792867947b90	False	True	True	True	True	True
168	0168.mp4	168	c97f6b1a51e0794ea2f38f634e5469d8947cc2f05315739cf41772db055cb447	c6f00ed0f9fcc9b4592a14919a8a4c294eef6997426847d721e85e79bd3e4b2b	False	True	True	True	True	True
169	0169.mp4	169	d78d1dd44f69443539290807b7d29837969f5a22068e21cc78beedbd9dba04b3	64d04011a1cd4e704d479c3d21145e54638e28507f4b997f31a9eb094079023e	False	True	True	True	True	True
170	0170.mp4	170	534b95bad238ce10e932b5ce4c1ea4da3c414fa0e831b3dba2a62d3561273ca4	271e80f9d4aef825bd91c868786cd19d8981bf5c30408df7e7f756da5b66ac79	False	True	True	True	True	True
171	0171.mp4	171	e86b69a62dd97578bc8e807032c81a5dfdb974df4b0393a8cb824fb6b7c0ae61	83fe11a0ff8cd4afa16a0c08435ddbcab14c683435ad364ce22c0065f3005b06	False	True	True	True	True	True
172	0172.mp4	172	1bdb19a7db31e3b2d99fb0aaed4d8b3be205a7535d816d41a5faa969be790eae	408bdfd6c5902b4f8af1e44a7ad8276230f952ad5d20859fed73075b60dc8fdf	False	True	True	True	True	True
173	0173.mp4	173	68482bef70d7b1b94a6aa9079729f4b4760e6e09369de033c7f7dae9f4028c2f	bb6bc1e565bc02c1ed5783a0c9606b94c3f946a47277e182064cb69928816f08	False	True	True	True	True	True
174	0174.mp4	174	55de63e6e7f260a57298e87fe6580c0b9f1f04243b00ee29ee7fab7062c61379	f140aecdbabc16f2c660404059ffcb71e0c4fac49c7aa9a1fdee463d076a3a89	False	True	True	True	True	True
175	0175.mp4	175	b525d56a966216c4999d40f6bc9e6d3b3bf51013e547ac8b49c85d3c13ef7116	7c6167823b1e90109e0d5c6479b507a9f5382bc2743982848423d930035a9169	False	True	True	True	True	True
176	0176.mp4	176	7265a3dd82db4744adbe0ab83276fcece43e1deed6144c8acb33079c75568f46	45455a4cebb860632949c906344fbc3e34c8303cf51697f64dfb9ea88e4c4f2f	False	True	True	True	True	True
177	0177.mp4	177	d1b32df8158553b14b3060748275c3c89513f6eb8f8771078af4a1e1ceb6d3aa	244a06719326135a769df0ab47f87fb20f4abea779108c63ecd0c2f28b711dfe	False	True	True	True	True	True
178	0178.mp4	178	0d69b8c9abd96f6b3c3834abbc8868d7c44f77e8ddd380e01c11b4d5791148da	f5a3da7e0d1e2026a60ae321a92e88b4c2416519fb8e9b143b84c2d8735aeb27	False	True	True	True	True	True
179	0179.mp4	179	11a3dab37b1abdf0d3125a561788ed7b445ddea33520426225037cfca7dfc850	41bb40143f4fabef281f2854761aec8c77d4093b607bd5533036f32c23c6b5e6	False	True	True	True	True	True
180	0180.mp4	180	6987e8d0c43fec2cae0ea3b9e3c72873fa19a0c87a850d257f81ee08dca08c74	9936a314deed0b60d3d97bc64945e1868f5da72bba24694abc1f6ed4484ee526	False	True	True	True	True	True
181	0181.mp4	181	6a49c009c4037454a0547497211859549b0f72ee555a931615c1828506f73025	dd2457340f2b7a4787f74e18a04454e25d003b8632ea7c7a6c9df90a621e2ff1	False	True	True	True	True	True
182	0182.mp4	182	5dae5bd27973868a533018dda5d1ef51bb3d3604ca33d68278ab193272415a7d	3378c4b686717236775422168d04941383fbefacf16a6821ab03895b52814c83	False	True	True	True	True	True
183	0183.mp4	183	542aebeea928cded58d812708069096b628204057da0c370005cd71d90b0c44f	b2f6981064c78a2b2a12a710d672b8a2466ca925fba607890c5705bbc259770e	False	True	True	True	True	True
184	0184.mp4	184	edc2679207b0e3946a2db42ea37f74daa3ca6a8633d520a555afbe890997601f	4df231f6ae08889dc7761116f34e07e8a234cc87dd2acb8f7649f2efdd70b548	False	True	True	True	True	True
185	0185.mp4	185	3e2e0b8b17eab0384402625f2bc2699b335bb3f566cfce50c4df4114407b8011	2ddaba983ada82b191169503a9a3e9a5bd609cf3cee663a92ac4f0344c4482fe	False	True	True	True	True	True
186	0186.mp4	186	fb7d9c466d90c5be63c0f4bed4371f6a5553ab8fc10586afbbd8e6b08321e3c5	99ecf41c6444c9fd418c30e326a9ee87acb8198caf13ca088fe7c02b08af5d24	False	True	True	True	True	True
187	0187.mp4	187	39397d0951e5cfd3d0942d32f0340c5e3a29905b89e50caba163bd6972e5658d	201d438e5cf252115df33fec56de7ae1642b114e03a37e8323270405a57a3741	False	True	True	True	True	True
188	0188.mp4	188	93a164cf05090b6aa0be7bf6bddcbf9cbe60732f31af4236e3079b73d8ec4e41	7e5602ae45d14d843a13244ce2efd03f05719facc2a2310642e7512401a1d9d3	False	True	True	True	True	True
189	0189.mp4	189	f36d64e6d2683a49687105a7e3809b3019c2fcef605f756d91472744c30e4f53	4bfdbf14c80ba99771861aaaad9c9cb24637405f66ef7abab29e1f8c904072d2	False	True	True	True	True	True
190	0190.mp4	190	d142b6ef6f83c450c73aad7364e46e8cfcada7c687700ff6d5f30477b4bd5205	3c9362e1798d2abfba7ea29af86705d339bfe2cf05ebde423011784ff61714d0	False	True	True	True	True	True
191	0191.mp4	191	4c0b2dedc344b153b5c52b853042f7c54e0ab1370334bdc546fe8dd89c81bab6	69a01def1d9b90db5d3183f30e243bb36f1c53bda0c7bd39db33d2154ef0daaa	False	True	True	True	True	True
192	0192.mp4	192	e2c28dab05d5df3b964a58d293bbb77b4db0d3a2b48bbab66eb0a94eba0dc521	4f26cf1224a8636f295f8bb458c3c3220d21c8c92e3acc1a8326a198d68d5949	False	True	True	True	True	True
193	0193.mp4	193	74a3d4a61f68f8e61e29ffe49f171cbe00e63a0b110cc623880036df3de6cb2e	e8d9691cb61e441bc8e0964d4dc64da9e641aa3ded52cd7b47bf0988b1a4a81d	False	True	True	True	True	True
194	0194.mp4	194	64c268b0d7fd4499946d435c6561736f1dc657f87695681d4ad82aee9f709f24	1159d32d0db941c56e7a031fbe7568f0cac8e566e90a3621d95871be79bdadec	False	True	True	True	True	True
195	0195.mp4	195	0ee0f6d7a0faa02dd7cdb5f5e81041e4be9f0775f314a5c90961ccf6fa3b174f	e723941bd5d8604386b18142a749949ace19b41d3b37512db0009fe6ba1f86a2	False	True	True	True	True	True
196	0196.mp4	196	59c81fec9d4d7b60fd623a1fde70b7a30b2779512d0d4b0e2e2455b7bd41f2f8	5594f68962198c4c3c770ca94e1f2f44a6a55e90d24beb48cf28c06f4c0edfcd	False	True	True	True	True	True
197	0197.mp4	197	e38016dc312b9095ec6ac2f1c3b2eee71f2c4c24cb0a79cf2c812ad98e0fd717	ed9b2b36a85dfa6490f8fadefa17b876502e8dc1c0d58483bbd118bac16d7e56	False	True	True	True	True	True
198	0198.mp4	198	cef6e069b5177e1cb7cc7ccfc6b91c1ab76de2192e7cbd3c068342f73cbcda8d	5e066b75de923e0f5b81fe341a73a14e26022e6c590ff70ea17eff00eff173fd	False	True	True	True	True	True
199	0199.mp4	199	86ec3bc2fce06575ca308bfa92b12aae5d4e297dcc0033b0a139c4978d4173ae	2616232e16c18a7a4ae4ca65d91df69e1446ec21b6bc652e1cdd79ab4f83e67a	False	True	True	True	True	True
200	0200.mp4	200	df29ffca9e65df1f05f65b2880a94927e34336fa99833476abb6bd7923679832	1c44df939875f94d014f59a5b5103ea40dd84bd6673aff4bbab880ecc8c0c93a	False	True	True	True	True	True
201	0201.mp4	201	94ef107561bfb59e795cbcba8f133110d250349daff9127f0696fb02e497bf26	fe8a4168bccf91747dd44e5a89a69c9f6cb51f792fe1413ec3199a8fe2594d39	False	True	True	True	True	True
202	0202.mp4	202	0baa3a0e426e51795a149578ad4b32892ab9595010e3cf8bfe52bc7ce2e0291a	4421217938a1d78eb5fca809101d6cf6fab55519a2e34dfbe8832bc9ed029939	False	True	True	True	True	True
203	0203.mp4	203	5d8e2e8cb0a5c2308bc7ec34239fe1c962bf3283b5767c3b8f05b2edfd268ead	7760eb983ed5c6c8ae8cacad7138a5a2a0cf245c68a9c70304a93a0b105ca0ff	False	True	True	True	True	True
204	0204.mp4	204	cac1624f68d7aeb2aa86a4f39196777733ebbbc437438765f2b84adf5b8a02b4	09748b859172cae6c95ba4002369aadb26e2ff6b8b481b854329b6f913b63bb2	False	True	True	True	True	True
205	0205.mp4	205	b797194642bc037c9627ccbbd1d10cf6587f426b79a8267bf97d6b2180d9e4f3	f035a9142ab7e454d435063fc0407c01751add3a225731a5f5fa707ecacf907a	False	True	True	True	True	True
206	0206.mp4	206	1b911b076a6abdc3501a922e635af56111884b30ad54a1d7f792e790dd8153f5	deaa58c19bc28c581e46b8be0a7e380e29ed6681f4d4e7dd63806b1286bb660c	False	True	True	True	True	True
207	0207.mp4	207	cb32f057ae7676656284d27339139a2d6ec2b425621e2fab24ebd4bd6894320e	74cf9e5568c11c9eb2b6c47214f3154b0b1c658da2af815dd2441f7809f3deb5	False	True	True	True	True	True
208	0208.mp4	208	2d3973ead9588039045aeabebe20330e869353ad28f428119dd5bed1dae9fda5	ba1e2187a859a227cdcacdbc0ee6ea1fd32847704a3edf89e43932a12203308f	False	True	True	True	True	True
209	0209.mp4	209	85b119de14668358be66a1862051ce10e2502fb225d0d1dda8dcfe98f6f7466d	1f48d2223c6798dae0281f0db1c5fc764f30fc30b27d7b3ac3f8220792ab35f3	False	True	True	True	True	True
210	0210.mp4	210	5a005c1b3d9016ebce63d440def8433bfffaffa1aabb224babe6fb9865dbdf97	249f1647e8052fec37a6f6778f582226012a7f2d3898658ab982deabc1da1990	False	True	True	True	True	True
211	0211.mp4	211	3caa554d620e71c5ae395994bbc57d4d2b9194a9bd0aa98fb1063d516a14004b	df89e9152cd1a51072ce89e9fb466547e60d557ee73a536b6d859ed8cbf2d9d4	False	True	True	True	True	True
212	0212.mp4	212	d25c075376f0cb16619b9abfd77d48aa54977add31402f04b929a7822f1aa08d	20d2a083dca18ebab4a11635cb9ebe9f26c7c3b99c2ee05e474d49daa8626b31	False	True	True	True	True	True
213	0213.mp4	213	e051ba455b4cce8c6b34d3d91b0230180eff09b36eea9a05a145d802aca3b292	7ceea753edf3b42262a27d842cae1aebd143b753341dfd0a3d1520585b446578	False	True	True	True	True	True
214	0214.mp4	214	2d35f921ffc6ff59858560524c875374edcac39d5f785b8808827fb85770096b	79194911591fc12053428ba7d53ddbda5de247eeb4f6b707c955b69c9a82774e	False	True	True	True	True	True
215	0215.mp4	215	de26d4ed1bbeb78aa5ce63a5dcc47839c4f5bebc48363cb6a446bd63de93ac62	fdd9db289d8802389391c1519eb51f3b8dc5a7e12ce479b4b360c263ffc68995	False	True	True	True	True	True
216	0216.mp4	216	ec2ac85d5d7d1229b1ef3bbfe14f9145b984b88b74772185c45fe7c16ed04244	47d227309866e2ed5cfc83ed22bc6e1216a7b5fe2c0048030cc27a3ed850f4c9	False	True	True	True	True	True
217	0217.mp4	217	f281d84b458fbee745032cb6bacec50b39f6eafbe246d6b06a57ffffb32f4283	546606724684892b1cde98f59cb270f7d98e677cbd87b7e9dff90496fdb12a36	False	True	True	True	True	True
218	0218.mp4	218	661cc23c5e2df594965c6fee4e8cda1ab8c0edf1dc96af225bb0c24995e92807	81ca179982394cc8e2d59a8cac589da9ca8bafb4d648e076a3a13c9310c4ec4e	False	True	True	True	True	True
219	0219.mp4	219	5851dc7d73c7c32bafb7e9c16a5274409a2e3e5bb0c949bd6843f09086c7d435	5039e00f5115fa34b38f17930981182de43028fe040329c4c62286a400684fc6	False	True	True	True	True	True
220	0220.mp4	220	d2e39a7dfd23e773924b327534539c0248c6f83960218e57867aae331a7efee7	86768a03e94ea66190c5a1c5a09dd151fb0fedffc61c30ca4a93a146de7dfada	False	True	True	True	True	True
221	0221.mp4	221	37c73f2d1ccdca2804536430c6aa4dff70c52ada5169341fbc52978fc7781d2b	a1e1eb45d61119597545a37d07d854872b7d292a69cd69321e7aeb22754cdcd5	False	True	True	True	True	True
222	0222.mp4	222	c98d3f57b635fa73aafad699b496261a694f47122f8c55102970e63ff128c9b2	c257992bff98c6552a4fd59f469b8ff3f3a750cbd15e433c5efab1a31d1bc402	False	True	True	True	True	True
223	0223.mp4	223	26556d2b75ce867f3794d643731c7b23929e0b8bc58571a298a71af4cffc05e6	897d75ab5b290b7f52760bc0d64c6d36653e787813cad6c8673680b6b0952e89	False	True	True	True	True	True
224	0224.mp4	224	7550fd43d08fcc19c1f7af7718a96ba4a3b72638a28f555c0ce719baf4229de9	2548c010b1a3936dd21ccf3a3d89542f80bd59606a9201f4a2d6590df2f7c69d	False	True	True	True	True	True
225	0225.mp4	225	564f7a4fd9d35e0872e4fc7f4c0584d8138000a88146a6e4c2a4c754ad02046a	13c5a7ec3d6a021d9d47933764259aa2218334392b8d1b59607075b7a3823f4d	False	True	True	True	True	True
226	0226.mp4	226	b2b0878563be7c9ac2aa9e9ecc7c8c4c99d1876d9b08fb5824bbb790e551fc36	aae8a27a4cf182b6ff8029b020681042eff74c23f23e3b7e7054773312d47663	False	True	True	True	True	True
227	0227.mp4	227	2108e278f687d9f031ee557cde4dbecc677cb440ae04bb0ca9d8a6f87e45aa65	8b78c58f25357aba8d3d0d9dd0acc2040c5dc744729452b6713aa31ed1196cd0	False	True	True	True	True	True
228	0228.mp4	228	f42569ffb8f65eebe87bc578a9252102bf8386a0796f928e22bd2ec7ff1c6dba	e44c63d6e780758dfc8f71c633c3a5c3f7cdcd723fbc1661dd65ee05bd9035d3	False	True	True	True	True	True
229	0229.mp4	229	484f80999c15055c43e35df99a920550de70ca2df80d08dc2ca6353f6fea962e	25a4944e63ad8c61673e1d0eba97dad2156d6e041e9e8d34b9aecc3341807ce5	False	True	True	True	True	True
230	0230.mp4	230	549cbc7b84ca6189bc5b7facb34e7eba825d3189acd678b2ed00ae9928ea294f	012210a2529127b784218deb54d7c3f59c32004687e854f1222e1fd95ebdbdbc	False	True	True	True	True	True
231	0231.mp4	231	aeae0d30d90a46d8acea86205cb720e7dc4ea7eee39d8401f4bce6735f75dae6	7caafd8b1fb2358d47364435a4f6c35ff4eeee59ccebcc4f623adf726d3bc539	False	True	True	True	True	True
232	0232.mp4	232	aa5ccb60b0d7fd5e0b56c4823d92e8ffd02c27dd4c9ae5e57c7fe5955ff6187f	831065e8007cd00e2e31a3297a73b9271e62d3d86d4598fce7e855d7004f8d1b	False	True	True	True	True	True
233	0233.mp4	233	a44af01fe1a9f388b908d91b46dcc07c0a8833d8170345aeeb4f10d08946e1a0	2d408d21457f5a325b5f9ab5906004cc153e1a40534fb3d320f426cdd828e747	False	True	True	True	True	True
234	0234.mp4	234	c129ab492907bd63bc83299f0736b6cc4c10b6fcd755a91a072aa1556d68afb5	688cb4b4671b67d3116e08a011ef3ec33567ba6b7cecc5070df07f0c692ef83d	False	True	True	True	True	True
235	0235.mp4	235	29858c69249fa536d5233a2851defb13488673974f7eb5092db948307fcabe6d	31e5a1d487a80261967c35e28010dbb977877f39ac3954fb2a1b4be73c850ad9	False	True	True	True	True	True
236	0236.mp4	236	235129e030e7f75e351f762e69b3e571c7cad874b2defbd16c15ef8e28b92395	171ec96a45f7d756f5850fc61476751ceede7476d67b64c647ee4fbe5c69b5f3	False	True	True	True	True	True
237	0237.mp4	237	8a5d9635a06075e74769e49776e93d05b153f28a40cc7cd81d0580b95f65304f	b6d0af21898ab44e01e3dcf35c936c86ac6a592c9ea9f68403c3f3db50130fb2	False	True	True	True	True	True
238	0238.mp4	238	d4b5c284a0d8e8221fba3f9565d1d3140688ae0b6583d6eda6732b7db7128693	b677472005f8c86d09b0442085dfd66687023be946b588c3cc90d16f7a248a3f	False	True	True	True	True	True
239	0239.mp4	239	330f0f2264aacc0a596384220c6037a25e43e3bbe471d31f8562f46313dbf03c	ea32721a0f2575d990f99449417b71f76374b85a914e53c5abd327ae05ea48b2	False	True	True	True	True	True
240	0240.mp4	240	201c0da9af3a46b941c1f96ffc010c16afce090385a8568358208fe2945f53af	8108cb038d46d8b069fcc3b4d3d81dce9e1ea0e3576e6bf9761eea616dcd6be8	False	True	True	True	True	True
241	0241.mp4	241	0838f2ab2d30fa6e69001cb690e989d662f66d670ec47d8de376b75a89aed43a	720f31141490f2e928f5bf95bf9db745c567020b93443f235d55fd6a976c0962	False	True	True	True	True	True
242	0242.mp4	242	e80cbcf9c728aa95305fc6e1d9d12f135ff55be85efc7af8d2838b83dc63a902	91b6b84d6be6a76060e17d6985167ecc5ccaa7ccb4363936aa017144c8650a5c	False	True	True	True	True	True
243	0243.mp4	243	71ed158e960eb92c51ca8a1833c7f755b9079ceb2b268289cf06ebd533585445	ac84cb12d1bcfc5eaf042dc9e39518295254be7ea374f228258a9ab340d3f3b3	False	True	True	True	True	True
244	0244.mp4	244	09ebff9e5093540ecbc5640cf6f2c2f9e4412508fa2713f6854364c05bba2a31	c76dbdcb0cb118eaca62c2d2295c8a6fcad92c913f3498abd38ca41f8d3c64f4	False	True	True	True	True	True
245	0245.mp4	245	3a96bd8e9d9c428aa5304777dfd4c78edf7e497951ce0396b0a5041c2fe0dbdc	59d78eb18a1bc0eb2e752328b839ec5dec680f182583bda5d635345aca0e1f73	False	True	True	True	True	True
246	0246.mp4	246	c8427dddef32e03b6bf4562959a10c4823d82b57aa015b76ecfeb997fb9e5205	45b034976aec7d02952b8f8e903ea90555810e09bd158cdd35beb10dba373e3c	False	True	True	True	True	True
247	0247.mp4	247	ac500bb5537eb10d1e3948fcddd7ddea7fe67ba3e3ffc7697df81b21a446bf26	6ee62494d843c162ae7e17009cce040f589a008282e801934f973638959a01b1	False	True	True	True	True	True
248	0248.mp4	248	5f5c98f7a4fa8d20380a678945e037fcb01dcf631cf84b8d66c61b2d2e4b5f45	771f31d9646c76de9a5197e09d3f3b7dd93b8b6ec265de65a9fda461b52b4106	False	True	True	True	True	True
249	0249.mp4	249	b0ea1bc46806d55301ff24962f0a6bb52b9a3c6131872e50fd9b4c4b9a48a881	5336f7a3e860efe526c2007235658652bff4c48293f115565b06fda50540d16f	False	True	True	True	True	True
250	0250.mp4	250	d1fee7e4c3e549fe37fd808558d85e9c7ff11da6342b6616dbeea9ba6ba8bf53	33f9f7fdc34ce54fa8ad4d4d591fdfb4c969d9a142a074597f56b245e5e9b1f1	False	True	True	True	True	True
251	0251.mp4	251	cac8be9622a2fd5688da65fce19962efe4c6aba7b43aded3efdaf878271d0057	76b6508e9ec6f0c2d66122c2f2bd04a62f3e9a3addda52a32bd38f97598f3234	False	True	True	True	True	True
252	0252.mp4	252	7afac9bb856b1db5d94b921733a93e9319487a3a0ab6c889d324405e7be63f8f	fdf4c6944fd10a8afa3c34b0ff948b36189c9bf539bbdd636fce2cb77445facb	False	True	True	True	True	True
253	0253.mp4	253	2f33852d79f102edc86aca8a0fb601182e553c6c68242d55b99bad4c88cca94d	1ecc4494e812bc5eac759358209a7e55797a2cde8c4f46821d0db4433d60de04	False	True	True	True	True	True
254	0254.mp4	254	1bf90bbfafcfe0106d55ad0cc3c146303d777227888c4eea517f691b611be16b	0b5680a7e5225b96998df191a47334ebf07c93ca29009f32583eded4b1501b96	False	True	True	True	True	True
255	0255.mp4	255	6699421aff5c80545798617d6cfe23729e47438e4a99ee0fb4ebe09a05d312f7	31c7af0255c37e973880af376c9fcd5c70d2e0a65bd42588d05ebe2889a2c723	False	True	True	True	True	True
256	0256.mp4	256	27dadfc8aff22dba817b2ad19b99eba744d2c32580553ed792a784ec5322299f	da600d2bccabac4db626d43071b263888d390630f00c525dc76ec4d5540330de	False	True	True	True	True	True
257	0257.mp4	257	bcb17d7b09f5fb1e50d083a5e2601a3ed1ad999d2a76835337dc1df8241e58d8	c620ddb053c4b3dd09961a76cfb0b640b3aac6d03e5082df68c4200e14547416	False	True	True	True	True	True
258	0258.mp4	258	987cf57079c2079fb9085882e4208cd30342177b55c9fbdcb84836345944cf55	f7c2913d4903daff536d4313fbe1c6c04e76697c3e42b2cface829ad3dde6134	False	True	True	True	True	True
259	0259.mp4	259	afe7b4abd0d5ecb4a7dfb6a25e01c966551a1f6acd73759414d4699e4ca72ab2	9785faeaf1adf627396030d3570cd255ea25aeca0f660b4e31460361da377fa9	False	True	True	True	True	True
260	0260.mp4	260	b232c2f687de5934da1469657b978a3a01dc536fe9b6ecc80fa8e4a56632a452	f42fa96d061dd0bbe645923a3795676e8178912a9d79b7a39573596049efd1fd	False	True	True	True	True	True
261	0261.mp4	261	4a22050c30b09d9a987c570e8e01c294092fe5e3cf9ef0e36ffe641752001ad1	86d88693540f06687c55e22b8be65b61b9c183c338ba4bd5975393d1f0eccffa	False	True	True	True	True	True
262	0262.mp4	262	7299423b12557995af87185f35d93d56b3093c16f2c49acfb29fca8249231b85	c30f50eb11f64f8f0871564a33040e0ae3f5ddd257cc9881bdb10e5710c6ecd1	False	True	True	True	True	True
263	0263.mp4	263	40346318a189f9966424e0276c3695b6c77b7bfa9526531176fb4db354780168	4e44b435dfc85de0a968f73f09fdb66c5d1db2a97f5c2bc41b9aa1c071e87f76	False	True	True	True	True	True
264	0264.mp4	264	f8b7833d2563d50bf414b06076db315b2494083e2497bc976808c04a02fba7e4	1093462f0c54d537b36c47ed5ab99dc4f0b0807202b87181fadf528013dbec97	False	True	True	True	True	True
265	0265.mp4	265	6d54b1c10a769ee23f8f6501355d7b6db55d084215eeaa6e16350ad390b07cc6	df0fa1cf490bccd609a3c8170c380693d0344fdba60f28528bbb8bfe07038f2e	False	True	True	True	True	True
266	0266.mp4	266	261f66980fe5f370c5cd115e89f5f4653b3a953c2499aeed23d18d148a308d61	76755c9eba665fe8341884ba1f65d6b11a59c4e120ae53eab0ee2db03eeae363	False	True	True	True	True	True
267	0267.mp4	267	d912a11d4f632a1d6ac2914303886f94a1e4998118b17f96682b01185babfb80	5b286f92c2c40fb3428c7db693a49d588697735acb5c80324d67da1ba9008600	False	True	True	True	True	True
268	0268.mp4	268	faaa8fb64bef1bcfe018a9cf747cd4c9058c8f5a0521c1ffa06f8e5c98328497	bd10d8d9c1793b300d05e056cb727b3090fbe7b7bc5846cfd974e4b42f234266	False	True	True	True	True	True
269	0269.mp4	269	14f39421aad539380c24aff0f7c68d20e777bb51974b7e97eb067e7c52f023e6	798084c15464023ec7ead2b9b460264a6499e58c14294f728533eebb86ce6ab2	False	True	True	True	True	True
270	0270.mp4	270	8d73c18a8144a484135566e5d973036db569b7c962d50d9fadd887314ac525dd	9c1f63e8f6f19dce0901d6fdb84cf0faa617fa2b11dc98bdbfe64f0396697ed2	False	True	True	True	True	True
271	0271.mp4	271	2221232835c1ea4c19d48f6521a6294ca8f01e1ac5f4f6b11986c3a09ab6cda2	11ead72c60db617aebe8c9e56d3d134909187f8b991611246d9dd428d877ab3a	False	True	True	True	True	True
272	0272.mp4	272	b7c865e2775fc2550f8ba2ee338f2123a7cf371c5fb17cb382c57407ee720972	f449dab86bb0cef24a59fd8c5f6693e6b6956d61b6b625c77e381d82f73f3425	False	True	True	True	True	True
273	0273.mp4	273	1c6b88bf76b5f5e504047550f19ee26841744a47462b1711d12da214e2272547	7c3d1478b8cedb38ef6ddc09a369cac4cb34e0f38021065834ed371a4f39671b	False	True	True	True	True	True
274	0274.mp4	274	bc70441cbb1fcd0d6b2f3a66457b2fafff450456f330f8d21af455ad232f3741	74b3d0990137c15449223b19e5f39fe38f6b951f12dfbf338c5348f282dc5b83	False	True	True	True	True	True
275	0275.mp4	275	bb7d10a62c347b9c7939601d5105f469aebef701973750397e534688c91d51a1	e5fd8b6ec4a97546b60fe47924e90faa218f90e9de6fc5df13c03e5dc72d18eb	False	True	True	True	True	True
276	0276.mp4	276	00445d3589a6e589acc459d6563e0020ff84fe3922356ab9c0cf008cd300fb2c	7c33d806c9c4d56f698ed9d439acf8321720a3cb9f672b4eaa57e63813c5f376	False	True	True	True	True	True
277	0277.mp4	277	e50b398638884e7168222c6c272fa36de762e1449a4bd7097902a573b394bb66	36254f83ed4fb2299b67237ae5dba217530e0170139564b2a3f143c9b5d4ee27	False	True	True	True	True	True
278	0278.mp4	278	c275704f1d88907ce99593999fe04858c917d74f4af26ad7dc2187e5ea935fe2	9495e51d88c8731403e78a01c36ea5e05d36dbd44b59c87e04bb5953302c309b	False	True	True	True	True	True
279	0279.mp4	279	50171823280c6ef73969fe1baf48262693492a72bc83cad52bc9452a0e884cca	e354a622b48da30886e5f3e6232f3e0dd31884249de0e1bd662af1c45a1be2fa	False	True	True	True	True	True
280	0280.mp4	280	a0a690183065192393e83ebf8b9b5691940fb496c7d23a747dc89bf3550c97db	aeb56b40d0090e7b1068235b1627b5bb88df94f40419e244af106ff959e73ab6	False	True	True	True	True	True
281	0281.mp4	281	0152a3e17ddc892a98b341a70954acdc11aa2c22644e4cab57028f21751126b7	8fcb4abf611b194fbb40ef61ab608783377e69b83b45758627b4ce43700ba142	False	True	True	True	True	True
282	0282.mp4	282	3af1072ae64a6eff56c981e62e1927ed3ddd0acd1584a77f25f6bfe5ee145a49	ffe973e501993826fd716dc4503918002826e98d0129454c16a50cd20c6fb433	False	True	True	True	True	True
283	0283.mp4	283	2a53d47810fbd171e8ee5490590a8b09c232e6a01932666e6c1e8bb5bf08b9f9	f1d15a0b47213f7a1d939622ecf74f69f5c16fc22a12ff195c495144b3f2f839	False	True	True	True	True	True
284	0284.mp4	284	bf69a7506377b6f7ada4ef0961e7a1d3e44834bef84da6ecc284d8d80602747e	e58eae256a9d4cce986dd3ec9aa690acc4310c7d1e6ffdf7423e8e138891b35a	False	True	True	True	True	True
285	0285.mp4	285	baf89ef743dbbfa4874103be643799881e96f484ecf3ca5aecec47d627bcd165	63584826212f1e359e34bdd89e57949baed0bbaa18daf5941c0ef96ddd766281	False	True	True	True	True	True
286	0286.mp4	286	a9909b9413d885726aaa133054e843623c9fb17ffde17bccb5e7c65d10b180c4	c0f8d37a89c10a5dde73ab00ac4ec9b63829d81e28d598d3dad2de19b7aa2d8e	False	True	True	True	True	True
287	0287.mp4	287	bab75fbf2e725fa570fe0eba6a8d740e46f8154c95fbcd63525bb4b228d8280d	2e53243ea0f15566054e546ece5bd2e3f30fdfd9f793fb8057bfa167ef77c280	False	True	True	True	True	True
288	0288.mp4	288	3e3e0cfe284cd3302b5b3b1f5c7c681a4ccd24db7f87b3956942983e2ef0634e	535df515007efbfb217e0ff669787bb4fe1c697c3e6a435b5bed7e2e0ad02712	False	True	True	True	True	True
289	0289.mp4	289	be70aeeac7be6bf3215708dcd2d6abddd8712617d198f891267aa58d84168040	b6348a6e40460a56176d2ed85f0bf94f88ab91c451607aa690c08946d2f2e8b5	False	True	True	True	True	True
290	0290.mp4	290	90fded60a765e015727acfd3b49a6671a5c77d25b17d26b42eb60879c5cb31a8	41f2c95766bcf6f7888b610cf3d2d01dfd6fcc596f8685bc114020a2b0499723	False	True	True	True	True	True
291	0291.mp4	291	d6b01aeb98c47b578bd2ed05e98c5f078cc20c466875916c429f3d6ef3a21b50	29c0fef03fdaef97457674b39764a7f323dcb9e5145ee3c5c8fd69103461b47c	False	True	True	True	True	True
292	0292.mp4	292	3953019db310aa79bde56846f81b9ed2071ffb68df534dad8755f5454581c916	9795013419a04bd4e4bd05dbb76c79a162dd5b93d19b676e6a29c3978a833a11	False	True	True	True	True	True
293	0293.mp4	293	33481be5e2f1762ad2a17a05f2bcc215487ed44a3426f7114a20dcccb2f8cb7d	afd96ba3d0e32aebfae812a372031f29b857858414675dcbd20147e10b92360a	False	True	True	True	True	True
294	0294.mp4	294	9725e95ed761a0255afa660b0b73fba04fe77a55b418cb982f47a7e1c81ae4ba	5d38b9648065fa5c711b14f69e64b3ac1b16c58e9d0217b12c1359261fd9815c	False	True	True	True	True	True
295	0295.mp4	295	c6c088ea98ae7dae68da7a2776507e5bf0261f6270fdda466a690dcdcb2456cd	680c57c2670bae17a4424dcc621c95dcf6b42dcd7cd04120fb42e56f853e2e59	False	True	True	True	True	True
296	0296.mp4	296	a15e2b1b10efb81b41ac0d7a93d9a03355f72e2316140442137d7422762b43ac	c543b116516e5fb88f04579213d8bf2cddf5bdb03e367ad59f83495cbadf4439	False	True	True	True	True	True
297	0297.mp4	297	5a0fd799c26770ddca10712978a13098e2c351a7cbc2ca3a2a7c8945f7af3664	f9401640c4c5cc1b7280f715cdc57223630decf1ecd65397e3ab0fdb0ecce8b6	False	True	True	True	True	True
298	0298.mp4	298	c69448e9e454578a8fcfcc60ab097465ed6e901c2a5a6a91850341b030050daa	ad7499df214f4494270c3476e497b9ecc0e5e56592130666e3169c5b25c00f12	False	True	True	True	True	True
299	0299.mp4	299	44d2905d392d96d07b93bbcea76366d7f32fae3f12156008fc6f0f743b275fb3	c03d2ceb8345018d9c726ca09099d043165a7dc58c72eb90dfd2d978639b81ef	False	True	True	True	True	True
300	0300.mp4	300	a461c2b36db102b4e2b2dbcf0836e8ebddda89850cf5e2d2aac3e231e62b7f33	669fb84d233b72dc5abe9015860a871e0b44f240c800693b34f7c72ed213393c	False	True	True	True	True	True
301	0301.mp4	301	dbd53804f4c2255e47bfa10ebce54fe0bbd49551d64aa5496bdb59ebfd5b393b	c3eec4ca251b1fd2134d5b23a8dfcde0877b9ccd442d1a71807887867eea5a54	False	True	True	True	True	True
302	0302.mp4	302	307916cad4ec959f3a5af727d815ac843eaeeb7549c96f306bb73c654388026c	62a84f0b35a1b70bc0e9ecc9d7eda2f774fc7735ce75dcf3078c2eb0d21061cc	False	True	True	True	True	True
303	0303.mp4	303	e9e216b35ed39d80a8df91b42108071a9f92a1f6f632523d59729029d2e36760	0fe07430b3fe148f11b4f4974a5d5e4d01732b056f4cd1e721db1201344b4ff9	False	True	True	True	True	True
304	0304.mp4	304	fde1a52308125c69f8a5f26917402d6fdbf208f5a86bebcd42a009c2a9c4ffc4	be183fb6c67a3309234bc64f43fe8b863c1adc42a2821e7abd1c222ba7bc2edf	False	True	True	True	True	True
305	0305.mp4	305	c08e020108240eec6df1d6ec156cbff699d4bc4facf3217c9691d37c4475942b	f4e99d5b2c7e9a6bff1ca33eeb3c3a3f7e11f9012eb6a0d92ed5c5c768862a4b	False	True	True	True	True	True
306	0306.mp4	306	307e19d9068df24507e1de28773da53c19b29406776a4232f1e72003f8426c09	b7e1301e45a4e82ab2b4f122575cf5307a5db78c838cc7e958f714687f61fd06	False	True	True	True	True	True
307	0307.mp4	307	6b175cce60f7f047cac042449638e7da32868decc607ac0b81dcff4e8b19eac4	87f926d9a1ec6a8178a060a9a27eef2de5bbac11b106490af4d3275745ff0098	False	True	True	True	True	True
308	0308.mp4	308	964e25037b8498fad01531e634289cde4eda2c27ec3b1db764042fa8ccf071e2	075d7b02ff7f46dc91aea8bb3e2d13a320ccba81f3e8f0420e758fce0c27ed6e	False	True	True	True	True	True
309	0309.mp4	309	d575e744e6e6e22c797f415f278e2e3674cb9bbf84d729474132faf51df645ec	3c97d6d7a77d9fe4569180528fb41883c87ef940290769ef27dfd7231030d4ef	False	True	True	True	True	True
310	0310.mp4	310	91f6584e64f904458c31453c904eb72bed4cfd567d245f57195e84cdd7b73537	24e49aafe51ae244ccb74668c5a345e3f58dc25358fe53ad7403fb279db855d7	False	True	True	True	True	True
311	0311.mp4	311	a547df7b014a5f80c762a6a5ff627fabd5c54e2e8a68838a44abb8faa4d63834	dbd5c689e9503c897b961a8a6761bea2dcf3c90352bfbfa6056a197f6ffea484	False	True	True	True	True	True
312	0312.mp4	312	e92b5bbdb48f620287d8acbaf7108edbedcde1c1a941eb8cf18237c96c6aedf8	4923487fdb0e1a8cb912d94307ada3344824e4709cfa2ed58bb3f16e06dcb264	False	True	True	True	True	True
313	0313.mp4	313	2a47e1a7b18974f779fc962a21c625656a5c83a5b1136a6c5f83de93c762cf25	75fc545d9deb1094dcd5754db8ed0b00354881f6eccf3f63f94f37fec11a06f6	False	True	True	True	True	True
314	0314.mp4	314	23584fba7740678c9069a20cb1e84557c0e708bcec6e75fbef7731689ac79d4a	01f812ce2a32bb2170888d0703baaa9624207d31a2fccf5d055f400a854fafab	False	True	True	True	True	True
315	0315.mp4	315	1473d00b0ea3d5869c7cd14243df6584b8158697c025e0f8b266e5183a90fd73	b0db44f66034642f08a3d85014a713f9abe3715b120b95110a688267ffcd9339	False	True	True	True	True	True
316	0316.mp4	316	eed3d39bc54a7aa183376b947dbb705d90573c78174e058e955212da2b5f6bec	a43c78e4c702b023c529731f9461e804bfacf87d1b502bcb93cd88c4224ec61d	False	True	True	True	True	True
317	0317.mp4	317	8c7505930a64e99100038cddc6206cbdc77e020280bd48ce4ec7925bf4c11270	02c6b40674d128ff51f5ba1cb886f5655995651e015b5b1f3ef048f5397161f3	False	True	True	True	True	True
318	0318.mp4	318	e25dc383ccdf0a893b0bcbabf2c03f2df1483c3682e517417efb20404f3b7138	f5e8f51760570f5e3939d86aa02ff032eb26ec07c9a3201cbf3fdd59b3a9dac0	False	True	True	True	True	True
319	0319.mp4	319	88808ab655372650736b3b151a3bf2765cd1435816b741a5dcf270f462aa7ce7	2793fd756ad158888d9490de1a702f36d7d7c90758a1b6ce35d9c1c8629a2af6	False	True	True	True	True	True
320	0320.mp4	320	e058225718f5c9295169a4f49458c0db06ecbeb0de288aed2db7d36ac794a693	415b5c8c7557901170d60466b9ff0b0d5646a072e71db777eb77d7ad890c4ef3	False	True	True	True	True	True
321	0321.mp4	321	967e073fb3f9228539240aa4bb1bd4932a7d9e10b2c33c93cdc5d634c207ba4c	2df76dec3b8c38b9b814f5493873cea90b4b5aa04bb084160d3d3a4174a652be	False	True	True	True	True	True
322	0322.mp4	322	ceb8555de85c7af4220d5f132836e238ff8df98b633e5b80a62459e41aa300ce	b8620331adbb797e8003c057d7d333e69d20f7a6b00265da3796862f9eeda92e	False	True	True	True	True	True
323	0323.mp4	323	a0dc856d593c716bd3f59110787edde535c948a0e9ed25a90a0afbbfd607a465	1868b15208c97b8eb7a99e4ef251617262de8cd3a6dbf436b01ce49f7a4ac321	False	True	True	True	True	True
324	0324.mp4	324	998ffc44a8f19c4d4b34ce3be5643788b141f38709b243e04a84c12cd38a96c9	2b771b9ba1fb491f7294fc386161f1b371ff1258927b4a0f797c7190f3e4d8a0	False	True	True	True	True	True
325	0325.mp4	325	743fd6725cc1d4ee30c4837730c120f38c321b66343c18eed3cf42390c99f11f	befd9cb5061ace11f8cd1ca183747bea17a828f6b9d2485afd041c5869c30606	False	True	True	True	True	True
326	0326.mp4	326	fdcf9243e52394710dea44a6e946dc25c5b1eccc4dd8fd93a4cec3c9ea866263	150edbc8d5d52b01327c859941664083aeb2e640b27e2a3e3fe4f2dc2fa3f94d	False	True	True	True	True	True
327	0327.mp4	327	36176dd198dd87aa40f770ce4bf95b0c234d02924b811e394466796e1c83a3cf	167cf0d764fffe0101f810d897fe740534bec88966024b52b62c2f3a46a68125	False	True	True	True	True	True
328	0328.mp4	328	70376ffec97527bbfdc559f6009034fb34f94a638f3032cd41c8c97dae1ba7be	92efe5c4a91ece5d53613a5ca473c272b5679e1de3628dca40bee3d7e6975cc5	False	True	True	True	True	True
329	0329.mp4	329	6909e8665a37510189e94a1e53df0349c643282e5c3988506b9f3c59d18c59de	5a43cf845b64f62d66b990545baffead509d4417d4b9120332b7d4df44bc3dc6	False	True	True	True	True	True
330	0330.mp4	330	16de3a3e04f4cfbbb70e30c7849d0a1cd73095c9c91355f7431158d8599020e3	e471bf656902c5f73875d7bae579b824c4c18f3bd50edb110bed7b2d2b6e2634	False	True	True	True	True	True
331	0331.mp4	331	792c4879198136fda468b1bb08cc7edee47adac197a8e39db178be99db677213	84e883f19ddc492f63ee7e7dc3e29d9003ea4f2620949ed0428eb6e7108ff8ca	False	True	True	True	True	True
332	0332.mp4	332	be23245359f6dd1993b3d30cc59aba356292ee05b66d65d49e9e8e9033440216	0ae924a912272f4166002a2bcc06d87f33001ae568645d8c5b8fdd120c7674b4	False	True	True	True	True	True
333	0333.mp4	333	2d525a11d4d20618ab788035002074a5c7a97f8198dca0df0860c24537e17e61	166ea13f6289ac184c2442a7aafd4e25fc34035fe62423090f5384d14ebbdfdb	False	True	True	True	True	True
334	0334.mp4	334	8b25190f39334d0526f2657dd6e5008b4395d194ee6a160ed886bc07afd1d041	93fd38b3e85b9b798402cb4bacf6313556358750bf4af3d746ef768ac4a048a1	False	True	True	True	True	True
335	0335.mp4	335	a5a39aab031b14df5decad0cd4b23f769265c9063f86b0b25d45114f11a9b207	a07629d9f697ffe07004832897be46edc09d6138de2037991d8ab57a6cc4d1f5	False	True	True	True	True	True
336	0336.mp4	336	252797ae210753e223a5ebf36064b13001f233098dc61343a9c9174f40c11059	0a92efc34c018655f7dceb8c655d07902fa7fb5cb2680a965f6171f4ed1942b5	False	True	True	True	True	True
337	0337.mp4	337	3f15bedd843b91d574f0be690cb872e7843fa53b7b1eed2c471745f6609e412d	23a78b1e13de59ee479106f1379b1499fb41cd2c91624441cd8fc3cef8af8961	False	True	True	True	True	True
338	0338.mp4	338	b61b8ab9f541efc95826eecc05c960a672ecf8375a764bc11b0ea31b610a08fd	18457ba53162d5b446bac0fe8bec50336bbdde77983b3b26ebb3e5fca0c4ce62	False	True	True	True	True	True
339	0339.mp4	339	8f56e6370fea367b99ab4413dcb660a9659a77ece718c3c8d10785c34b61aa20	9861d649a4e3548b7abb802e5ece65ca86ca2b0814bf77add6b70840366fe6ed	False	True	True	True	True	True
340	0340.mp4	340	ab54484c792874d6cf0ceb2fb1ec47294cf015a6b469728553146afaee77861c	f3cfff28428cbfaf01710f83eb86baad0a456d5ba2a678ae286be1dea0dffd78	False	True	True	True	True	True
341	0341.mp4	341	ee877b6d3f7b8ffcd4a30908bfba36f91f7e9ccaf41fd6366433fc26757c8f2b	eb91acebeb07e996b45c49587258c3549b6dc84e07fc68baa4f2a7e98ad34981	False	True	True	True	True	True
342	0342.mp4	342	44386017107bea94b71cfe2f3399ba1185d1c6320eb2571cc951d9959819f07a	0b1589eaec97170724138f7eb977d65317ade11265aa96d95e5094177219b7ff	False	True	True	True	True	True
343	0343.mp4	343	17193d9b77cdf592971adf133778603b38cd7458102ca9cc3088bd92bbdfc7ae	9f057c3e04ab659a86f07f4fbced3aad55b3ccb6190e284fcb59817837c0bab2	False	True	True	True	True	True
344	0344.mp4	344	861fecaf9391fbaf96cebbd4ef76ab40bbe837ff0f73f991cc6542eb7af69494	f863c93a357e0378f67a662104ff6a4a8447f0770bb438885c2abd4067dec7ca	False	True	True	True	True	True
345	0345.mp4	345	61baef1afe0ab66fc4f986b214ad28da8ea0222fd18d63fb2c765539879ccb7b	2f9e5b837827f8d64ddfc3490cafebed77dda82ffe32f134119cdadd6f4a4d76	False	True	True	True	True	True
346	0346.mp4	346	f1060ec1344e7680ebb60b655e9d1e85088c1b639abc8f8a8dee1fe474d7baa2	0a0d5e2a563e724ed2b0bcb29cbfe46678924a31c384755b86edb3c6e4d109c4	False	True	True	True	True	True
347	0347.mp4	347	48f76404f3695cc1f9ffb05f87900d85bae901d92a4b59379b4a66438e459efd	8be02c3813b99f253de7ca048386ab26629ae192c3018091952026820def7ed1	False	True	True	True	True	True
348	0348.mp4	348	1b1d018ccb6264bac0cbb668fef3ce36c3c2451c3a199c91bdaacdb369b793a1	d708b614b2101237c9fdfe6d75bd8691d214d64ed56afb7a937d786c9bf1c757	False	True	True	True	True	True
349	0349.mp4	349	51a5cd1b64c0adbf46c6a4e842775dfd39cebc4c2325e00a21e565715a0044d9	ad54acc54a51777dade734d4deddba406e9f1becfb346889dbdeeaa6e7f84dc7	False	True	True	True	True	True
350	0350.mp4	350	e9c5e2f6020a41cd0775d24bfc8d324cd844d3d5d76cb3caf2d75ff383c929c8	d9c10f64d3ac78acd973f06f4ae07b0290224c8d5ff5a51439c9454d63ffd739	False	True	True	True	True	True
351	0351.mp4	351	25ab5c3685f74a1ef2160ec50b987135f2c73beef9577b8d7a66e7d2efb12b6d	7eca19d69e5c89b9a774ed7f7451b4934c913dfb3377fecd39d2c81ce15d1868	False	True	True	True	True	True
352	0352.mp4	352	1719c580a79e7abd1260a315bbb4db4d99381e2b4b35a95a43ab2e21c2e8e7e2	737feab59730fb89c18a5af45b9a3c8deaccf39799bb7c7870cb0c73ce1b57c1	False	True	True	True	True	True
353	0353.mp4	353	3e49973f3a8330ee2e764c953b2b01dae530694cc0ddb4a249b23bddb795ab99	65c58d97ebc36d522eba5f3d4073dae574fa9c8d074d174b32bc556cd622d0a3	False	True	True	True	True	True
354	0354.mp4	354	2d2f6518f6074aa3ff71d352767001933ae00855cfa3a37a10a1b4009efa95e6	db666abc31c03aa86eb0585f46164267e898ae9b3151ee998bd69370065d898e	False	True	True	True	True	True
355	0355.mp4	355	f8bc4d546635a2a317502530c0241f668442a917e3af725aef03ff5049fb844d	79a30c38445f8724f199208db84176f9e470065c610e36d20c0daad65b62b7e3	False	True	True	True	True	True
356	0356.mp4	356	9cff374ee675db7825160925e0b1e29ec929fce81556547a2351f88a93b5aef6	d2ef7cb914a8e90a8ff0716f3aca0588123b38192b972d418cf9500a73e9d8b7	False	True	True	True	True	True
357	0357.mp4	357	3e6277129ad0381a14b8f12712642decb358ea4c815cb8319ee9e6be255b9fbc	d25b23b9ed9973cc72cfacd9bad7317c7e3d8b2c63b279c2860644a1a1f3a805	False	True	True	True	True	True
358	0358.mp4	358	4b2ebbac6be691fd5df53ea6853e294d1a44e434038a11615cbccd643a456dfe	fb4d864988c53fc979d537c36d5f87117d4ca687f783115c7ac4fbd4647b9732	False	True	True	True	True	True
359	0359.mp4	359	1712529e399e6e3dd6221c62877ceff2bf31ed81085990d2778b15d61e070a30	e75379c334835d1808652ee239f13dfdb6674a20ffe3bc1f0790b8c427f75410	False	True	True	True	True	True
360	0360.mp4	360	f6bb63453d19b496af0f27a4b1fe41fee3ba6589b63e2e56c608fd7e330b45b7	f4ed98aed0f17f4c8099c2b9f2270c47ea83ca96cc24f02084857f7381435485	False	True	True	True	True	True
361	0361.mp4	361	6d4516ece93d1964b948871beb841b57f5419dcbd16eeeba75ce05211ba85a14	38de61f611b5dbf4611b0dd7b47a0746e0c34825ffce43b5655108bc35b4058b	False	True	True	True	True	True
362	0362.mp4	362	f080d3c2095a945029014c2c34c91abeefe89e5c409ce345122b9b1372b13214	3e5ffc24b7572f01f4bbd56cd9fcbf58811a93fca2142c60d80102ecce58d7b6	False	True	True	True	True	True
363	0363.mp4	363	f9d33c598fdf907bab184cbdd940588454c1aae8e39e1a3df310f2cca45b8854	cf050f05f6435b7677373a48017197c59da6bcf1fdf0b42e1cd7a33e3a85a881	False	True	True	True	True	True
364	0364.mp4	364	c596d9634a99f7eba3e265eb84f2d2382637867eef01d74572db43dfab9d399e	e248a95e38f061fc8be09d51b3950808e50cbcea59f080cd4f4cc72baa716888	False	True	True	True	True	True
365	0365.mp4	365	4e86ff5b0a67c9e6f25b43eb8a1e942e5049d32f952a20c02d2ce0452e333b5e	93e525af96b1344b20102eb7d9c424ca9f8feb364dcd8a24dacc474057045aba	False	True	True	True	True	True
366	0366.mp4	366	6e764c82b80258466b29a46ae36469beb385e3d9067b8001943c72116ca7b292	3c60078aefc66f67bb690525d6f3cc622564bedce2c8737de01dc49db631385a	False	True	True	True	True	True
367	0367.mp4	367	f9d29ab80c500f21afe4c8e5ff1453738ad476a7d7939673d49689002c3bd99a	54bdbe65ccc20ec685115eb6f30cf454278fe837e535b53fe02b79d07aac5960	False	True	True	True	True	True
368	0368.mp4	368	de6ac505fcce95eb208818554e79556298a7d9d5421c91a20f661c0d64918698	d6bb31d5fd927ce54e8dfd755701737d13a4cbd07822b0641e396e1bf6d32376	False	True	True	True	True	True
369	0369.mp4	369	e5e648aa567c45d579f46bc42d53e31522f6d1ae8485169f01d0375e347268e0	84ad17d8c768b74a64871775dd0860c71efdcade392e4999e6c6aeb9adc2a1aa	False	True	True	True	True	True
370	0370.mp4	370	6e29ee476e29fa177e3cb8243c3f668a702e85fec29cb0eff496380fb60154eb	db7034bb290e01576c78db65a827e5f555701b3236abc3faab4a993dcdd999cf	False	True	True	True	True	True
371	0371.mp4	371	367c322d78f0a551c81a290f2b2c794b753c5160ca8281bd3c6aeb1360626810	5ba96f3f5ab311fcbea6a1c09c0cb9c43d3f56097534fadaa06ff4b4dd247478	False	True	True	True	True	True
372	0372.mp4	372	8f820e9f9ec8859132e9b4eda0cc3ab835158ca03509966f7589a6d76a9858ea	1952036da4f53fc8e527e7102865671eea98528fcb98d109eb1c14f7a49ec31c	False	True	True	True	True	True
373	0373.mp4	373	2d1d66721707baecb00808d0854278c4ce002117584853e165bb7c5e0b80f592	a4428dfe2c43462bc5a0f3d4961801d443c30bdebffa91b79ad745a89b3241c1	False	True	True	True	True	True
374	0374.mp4	374	9d201b7dde7ea3953fbeaabb99843451443256daa2b1dd522210c58cbc22ebe3	25abf7bbcb7c3f03b9eec1a93c6ce327387eac127fd93294a0ba7fdc1af005ce	False	True	True	True	True	True
375	0375.mp4	375	6257a908cc02a85642b14f0af43322896c1c210c06720665c23c65b832332779	62c8d8c3fb21ed491e6e314d42402433cc592d0e318df5754aae7217c6848deb	False	True	True	True	True	True
376	0376.mp4	376	792d427fa6e779c00f21a9123f1f9ddfe0378deac454da51e8323670793b42fd	8fcf8ed0f50f53120d5d3a1804a5cedfe2508e2f60bde25801d767cd9bd07f4b	False	True	True	True	True	True
377	0377.mp4	377	cd3580ce03e8d84e4cb64b4e8c611f466bd58e6aef1880e85d504ca609f95736	9c9e4bf3db16bcb6e4ea13f3462001c1b85e29bcee98af9833c9b3dd83a2a28b	False	True	True	True	True	True
378	0378.mp4	378	2db609bb3948c29d96e45ac2ead255028cb2ed90a2040ac2e6bd6529946daae7	ede101137f9848a0faaa112ed3adaaa6f74784fa3e8df5150d5d3920f51ae1bd	False	True	True	True	True	True
379	0379.mp4	379	5d79f4712cf9bae0224f9f9ddc2abb4708556b6a71a379953734fd6596e228a1	ddeef68a7e763adb9c467d945d5b91f21152560be53a2c610be9ba6721cf7934	False	True	True	True	True	True
380	0380.mp4	380	47c4922d84c83dc4db9ec326d03999b64c536143811b877c974a7b12c8f0951d	a7e8053ba78886fd36e062337e096cd09b98ce89fca32e1056c7ad66b561237d	False	True	True	True	True	True
381	0381.mp4	381	9c6aaba873b436352a9539622ac074095491f028cf78c302d283eac77c6c0e86	fd11be0a2b36c31adc50344fc1aa947c53045d745033c79724848f0a744b4657	False	True	True	True	True	True
382	0382.mp4	382	e66f84f77079620d4f2b233be4689377ca12f5e22d217eb3ae6783b2ad83f109	46a7b39ccca584503a03d2cdcbc3ac2e6c35f44d5c4b99f193dfa76139306f49	False	True	True	True	True	True
383	0383.mp4	383	7732d88e6d83bf8b8a9675202e67fe562c994466d436c432d52e7cd9b56b2e78	6ac1643aad910b05f275988acf9089a55c3a94dbf384cd8d1767d882ccc5eb37	False	True	True	True	True	True
384	0384.mp4	384	d50172aff37250fe2d4d65218b60772ed9bd81578f0bd400fd4f468bdeee4188	4a38087f66b0d5046a21147f439f94bc6fc8e76f8fe1701627ff8bf5bd21845f	False	True	True	True	True	True
385	0385.mp4	385	4144b72daa16ace435ebb0f61d8fe09b2f6b5d69ce6f848c7edd3b9d187bb833	13fc6358a3bf68a3c177b3c94427d72713eb601814cbcc70b1c2c8a25e81bda2	False	True	True	True	True	True
386	0386.mp4	386	3ac13d075ab2a4b9347683637a0adb33119351d51ab533844d2632c5dbde8300	2d69210ba168d1be47cd0eb8ac450ac8a40d78dfd9137e0748ccd6c1b4de8322	False	True	True	True	True	True
387	0387.mp4	387	719b4a2ad684cfcfde4b0d391addba1cd7280cfa0f7fcc594e71dbb2008ae424	b975b49c500e3a3b9e66b556abe5e0f41df34a65ae22f2b77647522dd84093ec	False	True	True	True	True	True
388	0388.mp4	388	e485f367c139b5c7cd63fabc0b481e2f0ade8e540f49418d813c2e21bf76dfbb	562d212358c4f217a9a99739ce9cfdda55ad145543c1db4bbe9734e7446dbabd	False	True	True	True	True	True
389	0389.mp4	389	79d20d8d6f23f2d1b26daf791ba24fa4e5dc5b458176feef9015386691fe9f24	5e8f3b5bc5a6927606ec0093b64e3e26409ba8f4ab11eb2080c7cac5890252e5	False	True	True	True	True	True
390	0390.mp4	390	3c479958a6fc83250ed210aa255c40a1e0c5bdb9a8c0078d08e6a1a4bb99ff63	1193ac74df8b4efd01d1c0f721fd095ded1c342e10634912b1cea8d360c4fdcd	False	True	True	True	True	True
391	0391.mp4	391	c940a586c075e601080366c43fd836089243cdd893ea3fd1ff54ab9b9512d057	7abf2c9e65b717daa703c743c8b395b4e086acaeb502b19e43eb68b7b05a3fbc	False	True	True	True	True	True
392	0392.mp4	392	f08b5b6fdc1a02fca5e51506996d4a8f8b9450cb56c4e1e78654aca5efa99554	76b89cfcb66150e1cc19f1ad359e519b96038d4d534fbdb6a375b82673ec33e3	False	True	True	True	True	True
393	0393.mp4	393	781735a2d9a1f96e5685d0f43f091140ddcd97c3fd0beb8f75cc7773a92f0fa6	8835d7975d86e73795f6974cdcff56729e6dc8806aa0f4d045bb521b116e6b34	False	True	True	True	True	True
394	0394.mp4	394	b094a77ed35268c6d83d82bd1197811022990e14d1b702cb24fe7902d6525526	4fdd91cd4526d55427e1f7e5a06bfe7694ccb84db2a3fae5a98048fe40abbf7e	False	True	True	True	True	True
395	0395.mp4	395	bd34a6330629112d3c8babf4083472dbf89d69482b4f7f6e0319d924786dbd7e	691b1b79aa58032e2898b0ea28cbdaf4ddfaf0c64d0cb7ce2fcf7f05a3c67ea1	False	True	True	True	True	True
396	0396.mp4	396	fb6abfc515f014912527d2d7bfa074e6f2be9be15986a9c772f98500bac337e6	cfab599a1088398c5205584873c17ccade6a90c1075a4d6a28a22e9908517205	False	True	True	True	True	True
397	0397.mp4	397	7f7d5b97928825fc2a7e3e0c58580d4876fed3279efb27bb528e39b04ce9a566	e10c7d6011abab45fb0d09765f63a934e2f394cf23fc360366dc666be2eb44a7	False	True	True	True	True	True
398	0398.mp4	398	ecb72caac17ad85fca9d5e786ead80a4889485c862c3a0c8b37cf7ade0f07fcb	1b27e39fec0ef3746dfe893fabe55a10d4b81b11da1dc63ade2168d336ef4cf4	False	True	True	True	True	True
399	0399.mp4	399	e5c09f81ae2bc7dce6a3bb2f1d12c2c1ae69eacacf748d996dabb4d54f160853	2dea7caf5a297070b8cc67379670390a9996dfff9380381fcaf99c0a5b163633	False	True	True	True	True	True
400	0400.mp4	400	1ccbd0fb467dde84214a8b6d67a06066523df7f91d11e3ae9a2fadfa8a837667	7775d986645f6d208c3d790495a1e27be6ff9c97b56fc8731f519828727e268e	False	True	True	True	True	True
401	0401.mp4	401	2e35dd6bde986b0b1ff8830a0e6b9e09bbd8f35d8772bbc62dc6709b65f7b768	eec0c90cdeb147f688f168d31f0bb0340a90050ab6cbc3c7789471d250405757	False	True	True	True	True	True
402	0402.mp4	402	5d03ee4ed0dce19fd62900fb8eaadfe2e1118fe6b236f128d74bd17210880140	dc20e884a87d1529990dc3d3a7ab370b335e8b8bf4c37a757192568da7f186a1	False	True	True	True	True	True
403	0403.mp4	403	c81b97f55193b0f301e64d8a06b2cf1d1afee1b968d5871c05d457d5d00f5840	2fcec525b618320b8686ca1b984a073e36ec232982eb20acd38edb1b67b1a5e5	False	True	True	True	True	True
404	0404.mp4	404	fdfcb2dcd2a790f3fe67c810eb3a895d559c465978079cef5eae9daef3f89e7c	6439180d6e9d989de3241020381831fd5ed54d2ad9d4278a320da7cd59b264d8	False	True	True	True	True	True
405	0405.mp4	405	c6375c4f8168c1fe7e3221b3727f6c3506f51242277480da096a9a05ae3d8558	d5abacd6d8dea9cc160a281e8f33b84e52b39f2301d4ac813289ec64acdb83ae	False	True	True	True	True	True
406	0406.mp4	406	2b93ade148e6907d66b1ab3797167f340ba87f3663565f03a1e90b5eeb05e41d	bc76dcc409c25507e893a825797c85bdf7ae503d2633d13a91edd2850a508873	False	True	True	True	True	True
407	0407.mp4	407	87903d5246b785b1df9a9a4e44afcc339b831d18059d3a4b770e4801fd517aac	a3de56198e8f3539a61212f652dad9e95d3e9c7513eabbc8a162df070a6cbb00	False	True	True	True	True	True
408	0408.mp4	408	eb43d17ccaade74177b6de5ef9bcfffe168b8a8c7d8c0ee9654fab8f09b94418	ec8eb2a932931d7b65bc1a6688e3458dd6a6213fb13db7f0cf7073b2fdff3492	False	True	True	True	True	True
409	0409.mp4	409	cc321d91c8d83c16dd070e017666a2e2f50e6fce16903f42ced7ae72d4f33592	e42e0cc21b3eef25c774a9029c8ed3d04e2342a166acc15c56fb0818f84809ef	False	True	True	True	True	True
410	0410.mp4	410	792aa119a300fbacf400c170fddb84619b542bc54e076c60e2e57f71f4418f71	ab658768d0cea8d9708141ed6ea4e19be2c4b32ad0c39adf7503a45227c7797e	False	True	True	True	True	True
411	0411.mp4	411	fe5bff0d47f31ac03766161cd67d09440a4e4b25cefaeac2d1e2936bb1724a97	c0a94c72a3f00e2e9882ac29633497d9c51579b04bfa8b15e8e0d0a616b4289b	False	True	True	True	True	True
412	0412.mp4	412	dee2c342297fc8bc4adeda47b5b127fd8efebcbc03c191a1b549d6c9fa912ff0	c61e3521c569526eb5ffcee6103e27f746158216dbe91a2ac1d64511d3b17c92	False	True	True	True	True	True
413	0413.mp4	413	b99154683cb480903390548a9a62adab70c11c128e05e6875439d4e2a5db7b16	0b4eb556b10623d04b914e39cf4a94eff700d60f0d920a3b0977b4b95bd1aa12	False	True	True	True	True	True
414	0414.mp4	414	19c7db6cc5db02eba262af678c8cae4625ec588496cf7335fd812c2c2c8c7c41	232c7700539e06f7da158cff6fe63fcaa19beb4b71b65ee20aa057d84ad93850	False	True	True	True	True	True
415	0415.mp4	415	6f16f4c60f5040c5758e6ea4dc0fc5af37a4578f00e9f07fd92a21bf271c55aa	4fd4c9b5db1e15f9710375308a45e0ebec99a25b9e76c7513a64b2e033547410	False	True	True	True	True	True
416	0416.mp4	416	cfd6803e0bba51952aea55f2c8215f859d9e729f788a709bbf8f73d5cdbceed1	3c74286892e58ad80be3a81a7fa40dec4cb5a2917574ce5c76820d66e7500a44	False	True	True	True	True	True
417	0417.mp4	417	abbe5f589d3002afd4168507053b0994da1d2bbadfe78c1902a2723572fc7197	36d9a4d78f821bd46c48f79fbc2cbc42a775253a41641a6407d36744953d8ca1	False	True	True	True	True	True
418	0418.mp4	418	24537380e1aa6a1536cf8507ca805143ef973e74259837fbf2d4cc919d0d791e	4c5a22d79a928158af26643bd4a56fc4720bb02ec3d1a1d5c34b277440e5d380	False	True	True	True	True	True
419	0419.mp4	419	3269e9c837cd88fdafa624a19ec2cc3c630ac54c3db4e76e50fa2f0422e241b6	807874b752ba09ecdded15a9fbd93b73590df0a6e81e865748942f8283c5e76e	False	True	True	True	True	True
420	0420.mp4	420	4b6e91c72bca7cbaab942260ffe94405de9bc2be2fe9abb36a3563462b73bab5	e3291f5ab4d35a309fb46633bedad759ea8ab24c78fdf2b794577027a402a801	False	True	True	True	True	True
421	0421.mp4	421	3bd6c65a9add2356fc5a607e4a7a6a32a3cc54b95d94b802699d337667909ba2	5fca2d91f94312ee43725d081fc08c1e01a9a4b20a64881ca1b9f14f83d39565	False	True	True	True	True	True
422	0422.mp4	422	762755bf0eaf5d0d2752b30202fea3deed4421a88e218e5c78e7f140c22985f1	e7fdf806909da87e08f2bfafafff3d87bcd6034b3028108fa4571aab35af1523	False	True	True	True	True	True
423	0423.mp4	423	90ad8a0bb6577fd7c66e49382694709db64a89c01fc65a55d4ef6a8b5dfc3e20	361c056aac5bdbf1f3216d1ad2bb2974c0074dcaa7c60c775215fc2aba5a786c	False	True	True	True	True	True
424	0424.mp4	424	1fa88a4a687deea9d71ae190c1c3ee67cb8d6d371c621eb66261c934d2f7efea	a6ad906618877665c80435b231bd91f99eeadaf9083254fa53c0b1bbc04b060f	False	True	True	True	True	True
425	0425.mp4	425	eaddb559b216f492b7196a87d0c5d56ee9f66d5b3b463cea4280ea0aa16320df	cc10df6b3788e5759444873c427f59f9ceb670e1f96e5f42652548693cd8465c	False	True	True	True	True	True
426	0426.mp4	426	4196435cfaf95e2adcf915944cdebc503b96b3c0007110b37e0adf319fb7088f	937bef48523e9fe979b902dd0683c810eaf15aeedbbfeab62ee73f3b2ea739ba	False	True	True	True	True	True
427	0427.mp4	427	cbb5b838d02f76f1d9fc2e2e687f3774c2514aa2d41f9b3b74d5685f5062ba91	21f1ea1f9d009f2c9952955a1bcaa22fc279794c86eed0ca2051561a2239b7ce	False	True	True	True	True	True
428	0428.mp4	428	50b3a8f183565271d87cf3a4edc80e7bc4194bb2c7669d035d008eb688f5dc4c	2935298b1d8fc7e6831d648350eda1471eeec240cb46c2a5fbad961e9ee20f56	False	True	True	True	True	True
429	0429.mp4	429	d227db529b4df45b8408b40bee7b5164d3932f1a98de4254513a5c171cfd491c	4695a16f7135e8d3dde9fcd56f29bf3479fbbc6558cb21fdccde06c3e763e369	False	True	True	True	True	True
430	0430.mp4	430	5f5fec294d4fc0a08a31b66d6fa87c5b6391af0fab8bc5ab50f580cdca91cba9	98409b03f8140aab6bc3b4bc53e252ca1e608c86dff47d96f2fb637d4e4e0fcd	False	True	True	True	True	True
431	0431.mp4	431	6d9798984ef1f592fe3662b59d10f856626991a0cb0ea454f94eba8483ccaa90	dbf5f983b2f965147c981eee418d359ce61c122f8b20128d5db10999c16a290f	False	True	True	True	True	True
432	0432.mp4	432	94cfa63f34ca9500bf59f2a2f8ff1c91bcb77edda20259285cfdfc86a5575720	ec5f0ede02c0913140fe2a627f4a19c6604f9cfa0d58d5d66bfeb87bd3ebe69d	False	True	True	True	True	True
433	0433.mp4	433	e3e7d380b81860a5154797a55b52e149ecf1a42379c3f67e13fd4d641f57b514	692ca153c8c8f2697c8be517aded6e9c2ae910aeee6f33f576ba56f90718dc12	False	True	True	True	True	True
434	0434.mp4	434	a4770bfbf3980e8d82869a0d4e95d189ac0273dda9c2fb8ed53ad023a3289324	9225f02d70d46371531c4bbca7b680873815a030d9b175ae025fe3e0ea32c13d	False	True	True	True	True	True
435	0435.mp4	435	b3c62221b94d3246e1ffad31901620f2bac70c3c63d25a7f7c34caf51951b11b	1ec4a1e771104f964b5276fc5967db7648bfed1f204e4d2bf5e8af8bc3161b78	False	True	True	True	True	True
436	0436.mp4	436	389c456f1e2d2c22c46aafad604f4c156af49536b224eaaee61797d360f50471	093d452b9fb3acc66eaafce082b89c603c58ba528a1e3fff1bd945b636f264e7	False	True	True	True	True	True
437	0437.mp4	437	050605a1941aa72c543ca863e9b53cb350f5929877ca701d2ef9cccf4d4babad	f427e5bbbffaa5659ab7f691cf82e2d6b442d0b61d047292a829b6183a2f8f23	False	True	True	True	True	True
438	0438.mp4	438	6b42f46af907ae44711547525758e0f1cf6de04f8ad8f78532ba4cb69463ae5d	595e914f9ba8ce7c4727b986c99cbbd9c67537d9d61f6f85a941e68a12ec08b9	False	True	True	True	True	True
439	0439.mp4	439	9de8213cd6649b8cc0d193cf33c8e4b19adbbe3d4429db8a8f7e8d0a41ea1fd0	45cc505e4536574852f7ddb50e7dea93a3029cf9cb7a7c2e36f341a84cb23c8d	False	True	True	True	True	True
440	0440.mp4	440	302f7135ce683386866b32f8a39f0964acb3c08c9773bfa3af9fe8bd5b7ab977	a00db51fe5ed8621751ae8fa6854b9146ab62281636b5bfb5aba668ba2b90932	False	True	True	True	True	True
441	0441.mp4	441	a61802742618b56d69562a10739e9486041b43d818f2c245c2dc6c7860481899	7e060311694c70e91649f472ed57da4352a2124dc19633b7c119e0ad9ad1eba4	False	True	True	True	True	True
442	0442.mp4	442	e8da98fd289f7dce30928beb97d98ec42bcbdf334afe1ec31fc4d85f4f798f47	83e7a48a85b313b3b416c4562eaadb320964b0dee835bfab4fd8dc7cb3eafdf3	False	True	True	True	True	True
443	0443.mp4	443	0506e80b292e0d242dc3a423c7d710c814ffdac2b66e99f30f2623e50bb12d5d	a6fc90037ba3f56e2e7e4527ed2dcedcb476062996ad96b8b2cd92826713f17d	False	True	True	True	True	True
444	0444.mp4	444	af7fc11bd753e8b8fb8dadc3fdd43de2e6776527f74600f50ecfaad591452bd6	d40fa727a6db1cbe1c577cb0fc61830b7f7c25d3103bc76cfdb0b8acf43ee68a	False	True	True	True	True	True
445	0445.mp4	445	5d829c422f80e89aeb00a88ade99eadecf57a81a1490e6049b86e65d249185e1	43c217e7849a21f87483b502c339006a299dabcd747bda060f0dbdbb98d86631	False	True	True	True	True	True
446	0446.mp4	446	6ef862e8f105e7f84049eec749cd8bb6e66189a5f4835f37b6170f7ee74d41de	1697d05be6124fe3da7f3cf121421b6303b27e76aaeed60cab084dc565cce220	False	True	True	True	True	True
447	0447.mp4	447	b13cdd8df792d2bcd2e30277197394d1eb648d0a88bbd0c063e171ade211f585	41a56614a7e39c6fb3d45af469ad4f3f63ef14a246bffe3c9cd32dcf5d31c90d	False	True	True	True	True	True
448	0448.mp4	448	0431019194102e573733156895c64b484d060d47283fe7cc849de5917b0a9522	ce4d37ff19a637f54a3b97f61546013c609981f41f5b7daad96d845169fc6ba7	False	True	True	True	True	True
449	0449.mp4	449	b6158aa9c5147fb22e6cd49c979bcd7d2148a32ac0b04fcde2fd3074a87d6aa9	96e91666b6430903463f8816d444079a23bcf11c1c80f8e6342a25fa8d058b91	False	True	True	True	True	True
450	0450.mp4	450	eef764e99e98fd620717f9accea533689b3782b22bc88451fa2e49afd65dfd04	f7e152801628f446467e0dfacbf42430ea4c2c2b7a9c775b98a3956501ab2a91	False	True	True	True	True	True
451	0451.mp4	451	6d6f4beac0066ffcc8d237eb22d4b7d3b0ea738482fb9eb1afd9b9ed621e77f7	925e0e6bada98e7f42fedc28fda8a0fd10b039c6e3c421df163b33401d30e3a1	False	True	True	True	True	True
452	0452.mp4	452	27bcb93e796ed8b23765e70e267df5d8736d46d278f597eb77997693192a8a22	e1eac951b6ddb5d26215455061fbe972566fe30aac0d85514092f432ad81c6d0	False	True	True	True	True	True
453	0453.mp4	453	dd556e9e55e7806b8db13ac1bfc7efc65a71be941128de5a4c27ef40d9a4937b	b1f6f08602ba762d8132b8d6ea3809d456e6f86136384b0d5be12df8a380f122	False	True	True	True	True	True
454	0454.mp4	454	4e7943abf6e7baecf475c2ed753b8e014b0c9225d01d11b4075addfa06a6b402	07efe265ae700361a00d65f12d3214808ef915aaa9e9828f4fbb22c159580281	False	True	True	True	True	True
455	0455.mp4	455	a721e8ea05b721e3c798bfa641aced892004cff66d216d574084ac02aae5565f	657af4d2608970ea56ac301292576f4a1d1d05710ea8d0a483e1ed27f5d72061	False	True	True	True	True	True
456	0456.mp4	456	8f652169d4c34971735735dbdc1c685fd21662c3fe6831f5d1c54bafe8eccd1a	b66dc8225e87a0fb1e8a7fde417e5040ce4a0a1379d4550832944df97649a40f	False	True	True	True	True	True
457	0457.mp4	457	4ce407f29448c9f85623b2d7612f3a2b7b1a780bf98a90c16c67b14dec38fa5e	0cd8c68f18391b71f44d2adb3d60a5f6d461dad9c6ef98a8a056d693e9f37010	False	True	True	True	True	True
458	0458.mp4	458	e587ba8e9ee2ddd0786e8b3c9cc75f7e700ead4ae40a90e031303883c888a9c7	dc7403fd21fc56c77fbbe82f0243b1fa8250018dfe4d8f76ecfcea5c3e1fb495	False	True	True	True	True	True
459	0459.mp4	459	bc26e4f9b5ba29ea751c61737e3d6b848e86e3fb80ae06193d73b716ccec505d	8e5d06b1ce4708934c871ce1ca8147cf55f197929c917eef5d1409d79ea51ffb	False	True	True	True	True	True
460	0460.mp4	460	686c51639478130ce2034ce23f2c72e6640f0e155c4bf614feff10f4e5a46cca	6c298b7c23780d87c6cd7fcd922cda161b7fd602214b107523d084a4d148cdfb	False	True	True	True	True	True
461	0461.mp4	461	603751cf30b37ecc99cfb84a9ddc54b7e5ab937adabd8e9ae9d071b8b8057bc3	532441713c994a03c87b9bee293d1f130f4a79e85311bbbca1e2cab4229e69b6	False	True	True	True	True	True
462	0462.mp4	462	2721626ebaab82076f8e264e83625db61ec964eae1dd21f3c693af2511f8b472	142757eac028e2e1d871f8dd25718577ae1104252ab86e821b324e88c1ebc005	False	True	True	True	True	True
463	0463.mp4	463	0afa3ecc89dca4108880a2afd4935b8e6501f8fcab25a318c0aed5947898413f	fc7b1645ac450c23cbefb06607ae79415852a5003bc9a8db09742756a4b72ef1	False	True	True	True	True	True
464	0464.mp4	464	bd45c13550f61b2bbb2f9b28d1df416b3843118948dea7ee142f6f27384d87de	23f4ddd1e585e929e290c81318b82d5c88c3b4e848e876500efe84a0526b4b3e	False	True	True	True	True	True
465	0465.mp4	465	064755d0df3616c014a80bf7c625badb1b7d42d4c1d401d82d96e14f7f961a1d	60356593ef0feecbc5f5d31bdf6cf728cd616e3ec4e0d27e60c9aeac19d0cdb9	False	True	True	True	True	True
466	0466.mp4	466	0a03477e7622791c2c9aad7384ac3df8b737e406dfed21c3f4e29087980f9dda	f1049aac25d557e05911a4e57c7b2f2a315720fe870b8497dc1b3b82d070248d	False	True	True	True	True	True
467	0467.mp4	467	182698a78fcfd13f105779ca47bc7940a1f3e9774edc4ec28488ffa0660e88f9	649627c8c82d0e30ead73ab64debc01891dda8a0a38664f7f02062c1c58afd53	False	True	True	True	True	True
468	0468.mp4	468	5af54fe9ee52f17d73b2833bfb11adc5f25f5702a9de00da7295af0808b41b9b	b66c4488f2c9d0aa1ebc4d64be48d1fd883d82ba9f7d3f61b28d9113c74f0ef9	False	True	True	True	True	True
469	0469.mp4	469	c912c0d0c308a7d05bbf6170f4c16604803f6354ded4053dc6d07c86719fe315	5d915eb315595ea94ba2b838f1612193e61def16a37020bbf616be945496693b	False	True	True	True	True	True
470	0470.mp4	470	4708df759e574f6883580ee8b44bf09aa12a51f415780ddb5c97531ef60b8964	68a633a41bf3856e18f7ce058bb899f1ead89daa24429acfe22c4acc8d1588f6	False	True	True	True	True	True
471	0471.mp4	471	05c21c4ee8f5d03b6052a2a5bf2eea16331f0a2697531d953a435fe5d3497e2c	f269910c0261f5593c04353ae69ff3033cb0df02033ee464be7d45d859e38e95	False	True	True	True	True	True
472	0472.mp4	472	e3dbec19eb3de187a2488971207e0e504827b3fc09761162cedb504ccb228c35	420b1419e7c669dde1bc7566bd824cabbfd50b1a2e29f494c5b3f1755d53322e	False	True	True	True	True	True
473	0473.mp4	473	ff6b44245632e273cac34b68c581a1c8f100433adc6d6318977e9a2176cfb562	cd970706d85ed4c97f8e35e07bc220a26a50e43d72a8638a5b0a4f98d10d6c96	False	True	True	True	True	True
474	0474.mp4	474	91ef5e3036ab8b01c823011f9d09c4da9fe2d53ff1528bc4f3db1260eef16ef7	ded56f9a2688f15b92c110aa58d9080d858ace90e959d79e9616ed1a8fc59657	False	True	True	True	True	True
475	0475.mp4	475	2d961385cf0d42fa0e56dfe6a560dae307b443bae4e713ded264bbba14760e30	13655e3e64d9930210166c1cd39b6b44a877d370aea743e7a23e84aaabe86609	False	True	True	True	True	True
476	0476.mp4	476	4d3e3422cc676cfdda6c8900ed3e87baef65e61dd1eb7db8b9367bc43eacb663	fb19da002bdf56b279158bc650d4d79e4a20a582ea572105c476d927ae39acad	False	True	True	True	True	True
477	0477.mp4	477	473e3cb1ab6ae72c6cf4a22da7a760eb3c916f9cca34f541520b4ac39e16133c	302a9aacee70d36a67a3acf122d99cff838affd5a6205d346a7142bde9440199	False	True	True	True	True	True
478	0478.mp4	478	413fdd5ad7cb333a56fdaaf19a91461c4b6832bbf28f0b50678f7705dedf74c5	1fd6cc6f15aa222583c8657db8ebde57d7bb7e50d2c09dc2a7b6dcd566e7bf61	False	True	True	True	True	True
479	0479.mp4	479	4160f3ffc59be6d5d291dd79dc0330666024809de0fb4584986ccc61353c681b	dbddf6975494faca072b886d2bc0210a7b24eb32c97dec1a922cc16a501d10a2	False	True	True	True	True	True
480	0480.mp4	480	3ff8dae7141028504f7e66bd6adee71403758a7614c1da907f77e271c071138d	b0f19422219961f54ffe5f9c77beca41261bc71e36d995958a69be94e12b06ac	False	True	True	True	True	True
481	0481.mp4	481	5d1b87ad9bce39446d4b40511d69147bf81d00479b91fb27b78b5c892951bda9	1670949173928c16dc262f22e2c4c9db9f22293aa0618b67b66c0bb1fb3dec35	False	True	True	True	True	True
482	0482.mp4	482	f9a00af61700eb62f03850d3dfd2d577d740b688e1828e1407b2b4ba69faf454	659bc9c5b74ae3b80ad9565b4bb5d39807d13d25640938948e196e038d8c6387	False	True	True	True	True	True
483	0483.mp4	483	1b1e88993eeea0df8d3bfcfa6405c22cb35761123408b7633a0ce1d91341d3a0	c666984f52dbe948c80c0cdf4712b1aeaa8bb0924b84953745c34e6b6e694a7f	False	True	True	True	True	True
484	0484.mp4	484	263fa44b98740d9c6d29166f8e817c0c23e0bcb0c921524db898b2f044cfce79	18f21e644d74286f0fb8c972f184007729795bf4479d18238f930385db9931ae	False	True	True	True	True	True
485	0485.mp4	485	e00597f629190ebf11a039dc5272d6a9d0edbbedc874ae5951f80f97138f9e0c	ceadc9fd877ae1b377a94c6787eda0de2e338cb3dbcd1c77ccff9b031656e5ad	False	True	True	True	True	True
486	0486.mp4	486	f7e37e65a449221713b19000d5bc0bc817a4dca63f3052c7e527b62be689b24f	1306416f38a2f80882f43169ffdfb0075c6c93c66f6e4b8a6fba3d56f16ca219	False	True	True	True	True	True
487	0487.mp4	487	449a1a4221bc4c1be0a5709cd5813d647aed5346fdd66e3cbe3ed1068cbc2987	2a11f6dcd1db5e6264f1198c42e52592f2c10de875d4e0c5008c71d88d527bc4	False	True	True	True	True	True
488	0488.mp4	488	2090227d2bf0767183eeaba78baa4fee4de90f7959dfaf4c2bbf1b9d77fde2b2	99def5bc5b12a85cce7640c777563105106b0f006758bc0f7a706a11f2fc3d51	False	True	True	True	True	True
489	0489.mp4	489	2ba8b265d1aef0e8333f8f7fe0d9a5ac6e6eedba5aae9b9944c9543f78b0d5b4	c0dcfdec03d47f9fcf20e43ae1adb0621e55f56a50d5e2885bdd70882749fd0c	False	True	True	True	True	True
490	0490.mp4	490	999d3c3d694f3fda4ca3f26883394ace07811a23387802f40239b80f0ad59e99	76620c80df8ac56f3d0ad8ac912327d47e22bb23ab6c85714dd13171599ae863	False	True	True	True	True	True
491	0491.mp4	491	d72d104026e8ff219f98d6e6fc2300b77cf573baa1a67f3aed3f82ecc7831149	18bcc6ddce32f1665b6b670b23a7e038e08e85b8d86eed7e7120da95bb74331c	False	True	True	True	True	True
492	0492.mp4	492	dec3c381c76bfe7bc6b03ed2c941493e52e09de7dcfac645d89d3f27ff5b05c2	a0fae4fd00784c0d8c20509e420864c60d8a7bf99361f1574a31ce24d2c2c8df	False	True	True	True	True	True
493	0493.mp4	493	68e40d49d30c12ec2c85900ab63d5c8a00dfb81b94a19161b88dec3e79791003	74cd77b59bffcb132efa4ba76741c09980569a6e8656b4673ccb1aff2b5ba846	False	True	True	True	True	True
494	0494.mp4	494	f9aa0b8cce927f896e0fb24124aebff83ed17fe9ea3ef737f397b9b45015c0fe	fabc496ddd3a694ea5efe18d76a730f5fa27753307cea51c42e5e8a8b7ee7c03	False	True	True	True	True	True
495	0495.mp4	495	10ac5f44e804dd3522556f8bca17807bf995f10b58992c6cda5139aad57e7cde	5a3890ba1489c2c03cdcefb7bef070710acb427b4079203db8148497690de62d	False	True	True	True	True	True
496	0496.mp4	496	fa413cb50b125f9ccddc1f091e8df3f03e5bc622d073f602da7e92ad416e63ce	eb512d84d08e325d65abf802ff0bbd0d7c6a4b102703b3f1918c648aa5c85a2f	False	True	True	True	True	True
497	0497.mp4	497	a154b4852f7035c5bd9fc90700c33fdada25a7ab13dd9bf700f94307cb7a5dc9	2f1c9ae7725871c9cf88cb89c1ce5fb5d1b5bc3724f75c50910c588434f506f5	False	True	True	True	True	True
498	0498.mp4	498	53c7a5c7b96db5a623c1611abec04d7a1ba67d8c11bb039fe72e1f4f28938956	b47178d10da0ad8b058ba15eac8fcde1a58ba58a39f8ea34616be580e56b5d06	False	True	True	True	True	True
499	0499.mp4	499	0cab834c9fee1c5811cebd4193031b3ab99883d60e5aefae6d6df61bfc4930fd	ce2735e8e2435db10296eab18f4fdaa18d8655526d7ca9729bb32614352a2d9f	False	True	True	True	True	True
500	0500.mp4	500	0df6ab7d26a4e2cc9089463cb1ec2fa13f2c548732c67f697003d10ccbf942d5	615d832dfc6ac12b20287cca5546a7bc2a5699aecf85c0c364907d05170641ab	False	True	True	True	True	True
501	0501.mp4	501	c2c2eeeb60e41ca4dcb2e98975e6983804ff6cf2e24aee3167e25ea309a7cb90	7eb9483cd0a2d00426b273adb2b3f4aa03b52157cf3c9a327bf53434b1d15acd	False	True	True	True	True	True
502	0502.mp4	502	35713e767edf90c2cb331615af6901fc7c3f9b94daf4c2f64e1daa0d32c208ef	187306aeeabadbb809989d29a93ef469a37083661cb6efde8a5e4905711a8fa4	False	True	True	True	True	True
503	0503.mp4	503	13c6cd026b28199525ccce5ac3f3b0cf34417e0657359b844bcb04ae367ab661	173d19f8f2a674e65d0291e3ab5ca3ed796f4542121fdfdfbdd7e49402a79374	False	True	True	True	True	True
504	0504.mp4	504	9c1a3f5d7ae5f6b8e1895c9a4894bfc2b96fa931cd247c3f16e152ef612dffb8	ba386fee681b70c160b972d1e33e6b294099330471dbd6366b793f23fc50d2f0	False	True	True	True	True	True
505	0505.mp4	505	da19391e65fbf5fcfff046723eec8da44606225b1f2cb7e3d800219af1502fc9	f9014143c644b2c4c9ed31930e2b0dfa2f73d45ec5dfebb69144fd614d837f01	False	True	True	True	True	True
506	0506.mp4	506	49b858977e5c6ae0436ec1b0f2ed787ec5beca19ea3a30f7393f2eb12575bd67	0142d62ebcc9b04c082cf044b46d1432ceb4f65e69b5b30c0f36c499d01e66d8	False	True	True	True	True	True
507	0507.mp4	507	69e0c913817835d3b2aaed0ef196961662ce8ec69b7a0ac73d95095fb1ac223a	9ef7c7cd43c75129ac847d32d607c09b793fa231ba059b45ad2805235cb9968e	False	True	True	True	True	True
508	0508.mp4	508	b1a50ecd0b9c71ab9523d9494e253717167af66effb495a658169ea2ec5dfc1c	f6caacb4569ae4e0053aa8fbff9b3596d2f016d42d17fbcf8258fecc2ff3b580	False	True	True	True	True	True
509	0509.mp4	509	c2f8d2e5d70ce1863f63cdfbc05d7ea7d5c496ef8d0e152e871f32e9bff8b001	9dfae05c5da8c0411ed987e254e4dc47cb4c1dbcd37827b1a3246d47116fbc03	False	True	True	True	True	True
510	0510.mp4	510	3436b392fd50c2c94394e6b46daa2e73dae8f8c717c2d3d9d2302314c6582004	1f5a2c83dff56a1ef82ec64d91dbb4d4c6c287df3d62278b09d14c81973b2e79	False	True	True	True	True	True
511	0511.mp4	511	e853bd0140bd8e457d459458b96805e504cb191a8714585655d1e1c22e273851	9304fb19636a3321668e56ced1ff6a730f2689941419a21983112074304a2651	False	True	True	True	True	True
512	0512.mp4	512	d506b3c9008e5e840b9cc955fa1d99bceeffaa9b79f73eae0f4169828a5ce105	b4f29712e01b20279b2db781f94a872eefc8084b4ba4f83db27bf11aaeeb4a84	False	True	True	True	True	True
513	0513.mp4	513	f08570057d77a57c23d44f96d1ea2f8165bebbb2893c2be5d1bf0cadb422780d	70672fcb33e508c9055f79b7b576f6c90e50951aac236646a5eb2fae254b521f	False	True	True	True	True	True
514	0514.mp4	514	40abb2708f34fd649320c02a25a9468b2cf1370f57dd40b5dbf7d6ba4a8fad0b	c524e1b92c511c09817ea2a607306d1f4ab5349df6c128fcd8a3c2dcd48f4cec	False	True	True	True	True	True
515	0515.mp4	515	b72389a21771c2ecb8f42e27e1a8089878e7e86fa7cb29452540048457e524e5	4bbe614d5e1b507dfd462d1d0a0b3a47d13d2eefde2881f46d839fd55f8b4826	False	True	True	True	True	True
516	0516.mp4	516	82684f32dea3a5978c011573501f3565d4c9d824d4bab6f8d4de9f0f9a6839fa	8017ef55df34a1c69f21a1851b40ccf18ee0fa749fe2b8bb9dc077cf384a6996	False	True	True	True	True	True
517	0517.mp4	517	38245599fb1bdc6f442a88066bc1f860d23b6d67cc6a20c5b2590751a4df2d6a	f29f34c554321c7dd23864d40b547323085f57a0b942fda6bf1250c60a08040a	False	True	True	True	True	True
518	0518.mp4	518	fc33303041f93cc2bb3026bf181f2afcfc132b112daac9b42ce54741b6746574	73f81a1207620680b31ec6ac1eb23dceece00a1aeec615164000dac220786482	False	True	True	True	True	True
519	0519.mp4	519	c3a43af332a55af8aff6dbe45d5ff6f2c033af7736489d92efd03cd4fcf7a10b	85f2072266148410007506074dd0c7d0e55ec321bcdbde5492ca231795bd692f	False	True	True	True	True	True
520	0520.mp4	520	5ad39bb1f2bfb8a871af114eab221fc5dbd65bef9ddf56dde963389659210bac	eba5ef6112dbde5489531c1493c4ee5f882f63503ce44ebbedfb0dcc5f595b46	False	True	True	True	True	True
521	0521.mp4	521	d4aa01ca77bee4b0011f8b81d24bc8ec3aaa8f0f3964d52d51bbe04669280ff0	f883656798657e9f41ec7175f57a6d9c6e051392ea49b4e70c4ac024e386ff7d	False	True	True	True	True	True
522	0522.mp4	522	8f8b9cffbcdc99f850cba5aa75e68e42886bb07cccf82038c0282daf5af29313	fcd0896049a71b1e3b2d541b3a58cf7962ed9c4079a702e809aea1a3c8a54127	False	True	True	True	True	True
523	0523.mp4	523	921256027d0ad70ebf3fe8327a7b97d4255dd037597b0a23229b23f93c8da63b	327fc4161b762bebc901f31019763c407b7cda6a208a37f0b36b32b0486a2f51	False	True	True	True	True	True
524	0524.mp4	524	eaebe8aa687504cc26140e1a1088e7d1d65c1e492ff1c83e1679c7d047fbb0f1	cb175e0232d4c3dd6916ab731fba3c2c204c71f90d79382932634eaab791948c	False	True	True	True	True	True
525	0525.mp4	525	971ea04fb19d915df832080df8598be1f8535fa8ff41a5797d8dc628c2fc3339	74c650a773d06188eae9b4be596501439262e9f16f2cced8e930f33ccae8726c	False	True	True	True	True	True
526	0526.mp4	526	98860fd0393d7ab71feac27d0a27889599a3f07733da4819dd62619ccc32699f	f1ebae3c42e519da00d19d3b9a61591f87b3d59a29ee1109aa6b590b22a1562d	False	True	True	True	True	True
527	0527.mp4	527	a8803163dcac3c68828a7ed4f39333cd9bcc2b73f6d6312d6a8138a1020c4dde	77414b13c549b57be3cc031cc1baf81ddd859e6e11ce2a715cfcadbb6c3ff170	False	True	True	True	True	True
528	0528.mp4	528	dd1d389990b63448bf15011d52094751606662f31173f71a15b6daaa7c13c902	21a57e64cac2058de96dffe142a904f7c48d8d1040b36b2fabb34ff788d2aeb9	False	True	True	True	True	True
529	0529.mp4	529	6af01efa7aa79002c5a9fe2ad209c8b99caabb1eed091a323775db3837b8f316	a2c918fd1d2e949251f8bcdc7b3b59f37a6267bcda64f7a97fa4ea1f20b24365	False	True	True	True	True	True
530	0530.mp4	530	4612c54881e72feeb44c0e2f3c20dc80e7badc638ad5fe887e398d3c7ed4d3af	bded06ce670bad11417aea21531992b8b59d34189adf0f664d824bf0d203258c	False	True	True	True	True	True
531	0531.mp4	531	82c42c13e618107a2d3ba6f46c8af035c1e69e07bb1cff096df82fb933f9e669	178b9b056037a3ea7637cc167487d962f7187b9f9917d8acf1b6cd83379e7cf9	False	True	True	True	True	True
532	0532.mp4	532	16fd563551d6218918265eb57f1c06779d6b0fc6dd727320b51db3c862968bf6	679ca6a91c8c09ff15d965f53166e73f48bb66403e97d97744a5e930f5c27efd	False	True	True	True	True	True
533	0533.mp4	533	cb252bc29b6b034eeade0cb16d370b7643e2ace3cd0223263cf6e62cb5668c7f	1e2c9d608fb743d0bc667472cad98c860d47d3c33f26059d69fc32534a0b92e7	False	True	True	True	True	True
534	0534.mp4	534	9c2581925b447b7bd9e3a0765f97b01502d8850c128750fca3347ebdeec05f4b	9b1f0ef2ddce797bdabce4791c8701322b0ed5433e8bb0d3f3ebb08f51c64326	False	True	True	True	True	True
535	0535.mp4	535	50485d68b6989337bf7f43e0b7ea4b97675fa44acc724a2cebdc99a9162e2a58	e6bf9c82c2eac7a89956fa902706953c6320c54990c6724b78b78952e50f6c80	False	True	True	True	True	True
536	0536.mp4	536	a5b1d9ccb98816bd7409123605693622ccf2a5813471d7b4a8fec1e29ced5061	3ae88b39e4fe915187128df40042f48d8f1d7adf2ea5dcdf6a5f2e30434b14b3	False	True	True	True	True	True
537	0537.mp4	537	448b8334c3737d28805b373ab6f937bcf0063abdb961f80a2d0bd4ddb9c3e4d4	5777b20100838700c9d5eb7f59dfa024e368de29180b37e3648bb1e044f23d26	False	True	True	True	True	True
538	0538.mp4	538	9933c79bfe8ea5039676da9bcd858ca6fd4b6d72d3812a486bce7735b0a820db	b2c5b9267e7d58e728a406b1ea78b68322999a717c79329d3e0eef92ac1a7ef2	False	True	True	True	True	True
539	0539.mp4	539	0fcf796336afa7aef18aa60c79b2a2411d946cc3c224abef4bd2b33e67dccdd6	2408b4685ff05a92deefc56bc8225b15b224e433c09f3fdb415d45a254ab9c75	False	True	True	True	True	True
540	0540.mp4	540	f5b21bfdfb9a48109f8f527d36de1f6166c5161c27bcead349a1364b9b57e321	4539e4248e57a47e001173be6df1558632b7a4beaa5b95c563f6703eef23157a	False	True	True	True	True	True
541	0541.mp4	541	077da4d609db2373be9875e6aa89c0192fe34fb383181e65e8167ee0f4c9869b	06d3a82b408dd50064444371c125a641e13d564bc7bc3e5ac13e8fc9f91baa07	False	True	True	True	True	True
542	0542.mp4	542	3b71a6649d161fe662d1d1ad616d3b9387cc2208c0d31adeef05c4809d105448	a064b19a35b11342ac96d0174e0c308f417006d3a0fb499eeecab991dea5cf0e	False	True	True	True	True	True
543	0543.mp4	543	bc0c11b3f7380727d1ec32ab9998d2da03cd51e31bb7b9b9a65341757a76e89c	c22138272c9f6e3957353c3b4b941c913e97bf5d41ce3a58f06886b2508d8dc1	False	True	True	True	True	True
544	0544.mp4	544	eca877d541700da5acedbcfad9875e32e483a29132e8ba09aed670bea56bc454	8a59a978fe9bf82f9a40a4759ac0a9cf4da1d5f7f800e8ef7147c34490d8cbd1	False	True	True	True	True	True
545	0545.mp4	545	1129f6ebc3599311f2de083184b174fec5fcc1c99e7958062426e085baaf60fd	e27b877e85238c3906ca0199e7bf1ffe64aba886958991e2428ac3b679871582	False	True	True	True	True	True
546	0546.mp4	546	c656556ea121e5faaca1eeb7551929baa48ef7a3600244bdaf920c3aea179b1c	995cbc0ad7d82656d7874b931c2867ba2232fbb870bfb023510f72646832f048	False	True	True	True	True	True
547	0547.mp4	547	cea46593af718172d1a37898052b3e159d99bce2ac5d8924e2d11bb9aa3cdfac	2da10ecf684528443573028011963b89fea9f8f8721e41b4597c269daa2c75f8	False	True	True	True	True	True
548	0548.mp4	548	536f7dda8b3d58f885ea08b06474838821407889e6e9c3440aa7a0544b983770	4365a48ad85e6bc5a353b6a9ab2c1bb9a12d22acd8e79bae79e62371fea95a8e	False	True	True	True	True	True
549	0549.mp4	549	2dac9d1503466059142221bc966be8e2739f5eaff2bdaa0f208f06c67084f17e	9a34798500e526b41830f40c15890b6850c0a4e398c455da7749a0d06b2ac396	False	True	True	True	True	True
550	0550.mp4	550	0902efd49a0bc67b420e9af86e3f5748b052966f02cf34ec1c6e5b39d26df1d0	bac0f8fb752c2f90aa86126281179cd4cbe6b12d839ad122afd7ba753d8bdce5	False	True	True	True	True	True
551	0551.mp4	551	d9c251e3f9b4fc774590d52a26d5b57546b1cc7155a207c83098fcd956896dda	2a6e3ba8260dc1442401006b1d114ec0a93a0869828e5d881ae01203033ad5ec	False	True	True	True	True	True
552	0552.mp4	552	65e30ce06e7f2547bd590e1d2d3869376d909960ac16d873f8fa0add6d8c651b	cabe337d25f0c5a6257e3ac252c4414bf83a468acc2675e21acaeff6c5a64b59	False	True	True	True	True	True
553	0553.mp4	553	94d2dabd295a2ad11f4e3e4b96c739d39fcf7fc85665956858db3882d8e460a1	a2f5a1c99e53459d6f7ba5d09a2b5731c8728864e48242a75141620c2d4e06a7	False	True	True	True	True	True
554	0554.mp4	554	0662222c4df30309080f41a0789204d2bc333def298d55531530cfba6114a1bd	1c4dcabf3c873faf624faf2b4d29547eefec35a7262d754ce7500f82717ab40e	False	True	True	True	True	True
555	0555.mp4	555	4bdf44e2a2e881168c54062f85a1a122502369442861b91cf56c3ee2b55430d0	3b729f09f0f62cd25620a6c1921458fc5750c21c88986868678d1de0fac490ad	False	True	True	True	True	True
556	0556.mp4	556	6e0d4f1025d56796ad587ffa20d33ff000680e158c127c80d3ea7aa315c800fd	d7810fa59e70e4f26c144c4f8ed3a2ad614b03fd3992af2ceaa0631cff413989	False	True	True	True	True	True
557	0557.mp4	557	0bc16b476e38b96f244c4755ed75a4050827aa22309839df91e6a4b4df510791	cc590d72b2f9b10619d65fd76ea46e117cbbbb4a173b63db83bfb7c7d1244cf6	False	True	True	True	True	True
558	0558.mp4	558	68b609cda4bd1bc8bd8b43d432bac3a73105296b3d6944d293424a462cde7a2b	4a3f19a2d82ca98f569b2b070706eeba7edb4681cc3e3f7ad9dc6f255ed5fb45	False	True	True	True	True	True
559	0559.mp4	559	a50a88d303b731c16a3b43c60a97332862fcad3c838a9abb30ef96e5e61fa332	b55442f41909ee8bd08cfe51e8222fb84ea0447c375da03fe794c1abdd84466f	False	True	True	True	True	True
560	0560.mp4	560	525e8d4500f917a595840ccaea35c6fc0eaa00d3161e67805a82c9b3d99dd741	107b1123ed1ac156759890ae3be62cdbc9da7476256bd2be9b59957456665fbf	False	True	True	True	True	True
561	0561.mp4	561	ebffdf8e5759c4c821946db8c4be50717c2f84087f1698d1496c2dff04be4051	69d59ee87df1f0f79fa363591f6c4bcab5304bf63fdc063e7a51f3a1ebf345b7	False	True	True	True	True	True
562	0562.mp4	562	a9e4e1b9c54c13b4560f8d5974151da9b05b76edda2a8a8d734e7d7c57e7c877	b43d34ac4096277c1a7ca87f1c8710d17059d68455a0cf31289866f5c95ec1ac	False	True	True	True	True	True
563	0563.mp4	563	5061dadde4e04ebb3ac7660580d82bdb8a939ccb0227d117d96414e3e1e887b1	8cdb5ace670d6e6bfd77420c00b3000066f2c900dfa15c2508f8786875d2c456	False	True	True	True	True	True
564	0564.mp4	564	12a1e5cf1967d26b2832d59a0dabc2211d765c628fdd1e6401399b3fddbc65b1	2b3b6d811b362cca756f10c2977207b58155eec6041e07114d80671242a5b8dd	False	True	True	True	True	True
565	0565.mp4	565	7c9bc8639dd0f767353846216e6c208ca3be338a7a11f4561a791847a8566d92	6275e4333b964935e9007883ed9b43e0e3dae92d3f207fb64342168420c91e7b	False	True	True	True	True	True
566	0566.mp4	566	7c62aea2704f8280a424e7ab59c94632ce6ba0d31c189793e16fdcebf3e606ad	7ecce5d9637647253295edd617fae3a79a36819225e685c2ad93facec7035f89	False	True	True	True	True	True
567	0567.mp4	567	7d809713e378218fb4cea7dd4befe93cff6da9a895365ee2861ce48bdc9e5235	ba9f09af3d738d1132e540aa48286bc3a1846884f8b9cedbccddaedf750f1470	False	True	True	True	True	True
568	0568.mp4	568	6ddcf68d1df5f7d520af3848092829c1a6b545281b62c1abe6d129f6d2961248	87c09a8d0d72374bfc584a73b1aade27287dcd9fa1998465e436d456b9a2fff9	False	True	True	True	True	True
569	0569.mp4	569	2abcebc99a4195f024530fb3c831562c213e3b189e3f8b0952040984ffa3f557	8b2a95fd68e796981b66ca245c0098ad21284a866f5bc488862a8325e7376773	False	True	True	True	True	True
570	0570.mp4	570	ce5cc7bcf65e683d5e053640b27867a11894b12d28f16ea1b0bbd5d8919fb5d3	ddb2030a73853145117ef4636c12b372b15db5e4aca3e91651a1de87886297e7	False	True	True	True	True	True
571	0571.mp4	571	39747cc0a9ed11cc6a3b5a6069ba82da761e82f15a995ec0086e84bf6df5d8d4	8521a9a6ff497bbfe4823f91be6d6e0b9929c49a95cdeec45c12f64037e7567b	False	True	True	True	True	True
572	0572.mp4	572	21d2a4325ea836d150c0412f35e7e420545d9d8d63bb98496205b93ebb5e15f4	88c1a443d435234401918b53ea2105970d92c94b3ca4b51456b70e2de5bc5413	False	True	True	True	True	True
573	0573.mp4	573	21a228ec2a7a4b5924aec459c10cef22e9163dbc50c86881ef06fd4d5017033f	ef69d45454ec1a3a739c16683e39b9fed126d0b65eed771a9a21b34b64936dd1	False	True	True	True	True	True
574	0574.mp4	574	71a9de2f15a91febf5c09bbc070aec5aaa2d1fe3c25277917ab486f7cb144f28	c8ac92250e8e7f64a11845189646e960af89ed6cff13a75f158c3d2046f682ee	False	True	True	True	True	True
575	0575.mp4	575	c4c5b48947a597dba175bd5e94800f6a91f8f2504e65e5cf91283f20e162d9e9	e0211becf4921709f51cc63c062bcd9ace641781131021ebb2b01fea1d3523f5	False	True	True	True	True	True
576	0576.mp4	576	1a9d90389c8381c782e8d41c5440f4dfb15e21b00f58f614cf00945333b9264b	b66330e2eebb2a0afa770cc9caf5807a6b16d07faf1fa39e0973d676c436f2c9	False	True	True	True	True	True
577	0577.mp4	577	8740a0ac6d7465b8a00bed34eea6eef7d6349ac8cb9e43ed59ff93b128527f09	f6bcf119d26e38195630168801ce08033bdb249494a609eac08009bf79ff44d1	False	True	True	True	True	True
578	0578.mp4	578	7cac809dd27daf872563e396cce52d6046aa75287e29fe6e9aab1810bd4a8e7b	49576d862f4860f4fdfb80e8e0d5d8eee73a0057010c3adbce1a45d52e9358c7	False	True	True	True	True	True
579	0579.mp4	579	88e6de4a8213e09b747337ced717186439ffabf9f6fdd69b69a6dd81698e470e	19cda2f3e453212ac2ecb7cb30ad9cb430f14af8f5b212261cff51d9ba45d4ca	False	True	True	True	True	True
580	0580.mp4	580	6c8f7e050ba78667d6665dc8968d5c00decc792baa8e0d4f9833026cc529daa7	92ca864784bf0c49d607fa96b45d586c257f5362085a721d2d546878e7db92c7	False	True	True	True	True	True
581	0581.mp4	581	dab0a929d640beb6f6cbea36395f7ea5a629f901790eb0a1f3ad4d7f9ab7698f	57ef57d2b0074b052d1fbeb7846133649af524f1db6a11b33df544e7e4ba885c	False	True	True	True	True	True
582	0582.mp4	582	2937c0f3267c40a4ff843cef4e8bcceb4b51476367c6e42e5abd78f2f204c0e2	6c35ce73d46a642ea018397cc7f558e028b40c96b0d86d825b331e520fa79cb3	False	True	True	True	True	True
583	0583.mp4	583	6c7d294bd818f42535bab7b9c18a3d0899c1e3c80cd8cd2b65e5e5d141a6f622	0fd2a3ec7f07a2b344dc99ab59c4d5336f9ba20821c4a2e771a8bc399552941b	False	True	True	True	True	True
584	0584.mp4	584	509d1a98f712c3ce9bad0387fbf4f4dd2794962cd78c4c54061347c58dde0913	c9c3989d3de4e901e952e737d17885e207122a601c1c344432f2053f6809cc75	False	True	True	True	True	True
585	0585.mp4	585	b0a3cc6270ff0ae6f3a8c425c5f3602549846d4f8f87d2eb0b5bf57d95113262	b6b6357b49cdefda7219aca9991c83e02907f03058f0e18376bf4302d0f813de	False	True	True	True	True	True
586	0586.mp4	586	710c0f19f311cb5a691ea45471c5b382e6068969b80441c86caa73afcf6c6fec	4e72c350c6f3bae83e83d9631da23a20c1f7d65b26065b621607e08de7532ca4	False	True	True	True	True	True
587	0587.mp4	587	965f56e2f10fab07ecc30cf3abf492a05bdf600dcc5cc6479d24beb105ecf4ca	05fa369d5f8a74af415ce355752590bf464c6b15d8497215451a573d2143ee33	False	True	True	True	True	True
588	0588.mp4	588	679d2c2e78b77794141a954422262a33a7ef7e5db5b7722d4632ebe6a063ff5f	d5c955ba66050c556e4c97bb5730fe207e92a5b9df7970acc46d33280762ffb6	False	True	True	True	True	True
589	0589.mp4	589	afe50d00f7d809e2db91e53aa559da9c7a4cd03bcd6a10af14557ae9e45e45f7	e464441728ed1c3b8bcf7362bace5c2f20b8e2a666b4c255b0f3ceba76e307b6	False	True	True	True	True	True
590	0590.mp4	590	817a6479cc04a860a93ae004c7debf11190d5954e6193b2735add185844f0e2c	6db9457b86f48a851fd8b67131f4e24317f8f78969d9626bdbe25f55a1972634	False	True	True	True	True	True
591	0591.mp4	591	8b88405afff64606a705a1b9185eb4c9be1be3fb2f8eeb94b03c118eb7e4b6dd	1d40e30d2e12b9fbc449de26649a12e0f3e4fd0392d5796d5dbec8ad2480bce7	False	True	True	True	True	True
592	0592.mp4	592	10b0b37f6dd38a89615f3e23a7cadb2110a9b6db644e86ec33d0da622bbd3c98	d0808fa573d250c0c9e08807c191c5552dbd4576c2a2ec1ea2b1e3092ab9c559	False	True	True	True	True	True
593	0593.mp4	593	0ae3a599322ffbc8fabe9420f2b58d3249d54c101596d3b05aa52d7203bc2335	5d042bec87022f61e84b5ea21820635b2de4d0b01fa400efdd1beec9268282c1	False	True	True	True	True	True
594	0594.mp4	594	84c1bf5e0333cf52cf4b6ce008e1b0b672cdb39a70317038bb16c23639a1aacf	57a91164c285ae2f57ab0afc67c53f3decc3920df00b7632a64f70c371320af4	False	True	True	True	True	True
595	0595.mp4	595	90c3b32b4560a8bfb69273b84d876744640858f39335fee5e3bb5a674f269e3e	f3fcc2d56df9ed881283b177b47d3663d61fb801cdacf1f981d5995a2309bba3	False	True	True	True	True	True
596	0596.mp4	596	42764abc89c785da1f3e1306e026eea2339746bd3f2b7527f1c59c77441ec27f	6831e7afad417a9b7fa6ab287ff1ba273f79a9e11b0e0db66d837f785525acc6	False	True	True	True	True	True
597	0597.mp4	597	b3c8168fb4ac00a6a2bcaec7b8ab0dca351f580dedb2784bac2bef8b4a553141	ddc9c3402112ec80d91d72af822ba14fac74a5fbaec6e826f273320a9480fd14	False	True	True	True	True	True
598	0598.mp4	598	db682eabd4a0d566b614e1155b4b616e249e6e5d2586dfe820cdcfc0b7ffa66f	5ac9dd5ffc4b1c4d976a10c4484d7e7994644d05837ab5ac5e48e76d55544356	False	True	True	True	True	True
599	0599.mp4	599	285988f968b2e5fba72d0a51b3f982a2a55ec2125beec2a1a1ec7585221f35c9	1cfafcbf002e667212aef5dc8dd840e466a2f646cedf7f6b0f6d840e288e4a22	False	True	True	True	True	True
600	0600.mp4	600	464430d7ac048ec2c54039217953e670e3eff525bdcccb5b227a55b5664b3a1a	67b50196d53f7f6a0198cd658fa08a1c2cd916f2a7ccbbf62c84231eacd0d42b	False	True	True	True	True	True
601	0601.mp4	601	dd2ae81e20b2f24c9dc4a97e08d38872a5ada9e0711c821a989d1a418201dab2	2ca98b7a3648bc28cbec8d677c198ef59f13e4891a4b354eac6e15bd23b67042	False	True	True	True	True	True
602	0602.mp4	602	5e4a191fe614c96538dd6c8a2da7c0b9789c827c1c566ce20d821fa94bb7d638	ff491c211370f9bee87a357a257e86cd1568ce685477094ce19353e57bc3419c	False	True	True	True	True	True
603	0603.mp4	603	1c6e9942d0f30658cbcd2055204d3bc7ad1616feaffd3eb50d5b03cfc17a4bdc	8c3d80fd00a660181b39b700b19a63f05a3dcc90f927496bb4fbffac011ac3bf	False	True	True	True	True	True
604	0604.mp4	604	58e2838df01384bbf92efc394acaffed9a54b733df0d8af3dd7e594284f8d0a0	77d392045e78a62ed27b256dd0063b25551f1a1f91f3ccc55ee99cdfb99c6c5f	False	True	True	True	True	True
605	0605.mp4	605	80cefac26172f6d2e8db57fa519c3d9f99d98bb480a2fcbb408807c0c741dac4	9bf48bc21ec5d5d3fb504d1c9d3c89c17e2438092111346e1631325f12276d41	False	True	True	True	True	True
606	0606.mp4	606	e7528aa19ac656a4940f7d712df3a526b34b091721f155cda2894f8032852dc7	9d4d49c42c1c69cb5801ab4fbeb67468d8d5ef98e514c7123452537b491ab46a	False	True	True	True	True	True
607	0607.mp4	607	78da678bbc3490f0492ca540de754865bf4b268c7ce1a2664f9917d1b4db2c76	94925f4ad16d5df1e71d4f5c26f977c4ffe40129e9cc8cb8cd49d4a157216170	False	True	True	True	True	True
608	0608.mp4	608	3072ae794cfd3d7a4c171f52b7c230e4315b30527ab5e8570bc2ec08d04b2821	75af4fa6415c889819c67961df5862abc6a4fcb49057a75e1a4e28eca43b91bf	False	True	True	True	True	True
609	0609.mp4	609	2b592b206f9a9830e89edecd3e14fa5d0d3329b62bd3936c9ee44790a2628d9b	583ffac0addc9a11c40273adf8686c44a636c55ff386873222e873286b0b102d	False	True	True	True	True	True
610	0610.mp4	610	9f968f30b10dc7cefe35e87ee188e581ecc6980dc808ee3813cb821ae6f69bbe	258d11446478009d749d98a51e4014aa05f5bfe779161614e6fb3cd25c7a2ffc	False	True	True	True	True	True
611	0611.mp4	611	8aef17a5d87e0d17be9060706f02464f1903705e9920883f54989de3a6f7cf26	688aa0fcf21d07e1e764e5c6a85359076ee16cc22a1c307d37d34eaa6c561a3f	False	True	True	True	True	True
612	0612.mp4	612	3fc599b2bf18b5c63d36b4f4942d84b4bbf0f4b489b235a016b13bb18611acfa	2d771bd75d63002f18d6879e8917167b01f6588cab9c0f5c7627cf4685a0cdc3	False	True	True	True	True	True
613	0613.mp4	613	99c53cdf6a8e2f5927837a3cd4908ef690390ac1f7ade29084b7e2d949c79a5c	878b1a92ff6c3caf68be3827378e16e2d379b38804827e776a74f0eba966fe40	False	True	True	True	True	True
614	0614.mp4	614	57e56df880c7b14138861a70b1fd164ef338b98672c9e3d4aa2e31534ba9f80f	419acf82200b3a4933060b2e2b555577e8450ff3bdd2b5d60c0514d50f920b35	False	True	True	True	True	True
615	0615.mp4	615	7be81603b091b73428daebb1b39b9b16a9f0c45d8b563dd9c7599862f886d520	22733f767a562b9c4b515e102f62fa54d7dddec02deeaca77457f82ce1aec911	False	True	True	True	True	True
616	0616.mp4	616	daa9a0c24ab07397ba2bb98df1738ec57165c75e80fd7ba2387f8b5fc19b3ec9	123b922f84686d0a5b869e84f578c52c32ffff3f47cdf84a2a0cdd7d4f39fd73	False	True	True	True	True	True
617	0617.mp4	617	eb84d945ac74d7abd3cd37ab7038e384b09d5c8402dfee46187f5a3b406fa473	1a5ae58a0b3f2a94591dbb17af04ace55c2d5a15b37d237d53a304e95cbbc02a	False	True	True	True	True	True
618	0618.mp4	618	822f5a17033964f638b3ab646d0596bbafb716bd24ae15b0445159f9983f4940	9cd14c18fbfbd4797111e82838b2592ef4d4f8e23c3197a1928685f9f2b7a99f	False	True	True	True	True	True
619	0619.mp4	619	7ceab468553b2219f81a618af212b8ffe7f34fbe4ed4b527e881ab7d640b0360	586016fd26c1362904cdc703c92d036a11cff34c50058abd38435289b02ab0f4	False	True	True	True	True	True
620	0620.mp4	620	488ea4413691700caa63db5e3a60d2cbdbdaea54f55b05cfb244636eb0eae5bf	e68cfef963ccf81ec6f7b1b729d819909bffd271bcba32424ca3998eeca03d3d	False	True	True	True	True	True
621	0621.mp4	621	f33eac2257e3db4bad9905f43804562c2282ca376808ef8c58448e90eeedac9a	0e0e95c9d9248b48d216e2c19098b06dbc0ffa97f14a19cde1f07d1bc35f5e95	False	True	True	True	True	True
622	0622.mp4	622	6c55c53950d454ae83f915906ded332d35f216c1a7405f88eb1f5fe6213b1d2f	57d3ff054fedde399529c10f898a09a7c4886d826e6f93d88f3e8385f8ca2368	False	True	True	True	True	True
623	0623.mp4	623	8a5e84a9d97a2eccc5872ba3ab5d525670886dcc9077bdfb89dcc47d19dba05a	afa13321fc0287e4bf0f43849df0e2e7733182da7961b5bf7e9347111491dd2b	False	True	True	True	True	True
624	0624.mp4	624	a80632a5f49aa77d674322af020bc66bc6aa7ec678a3aca8a9fbdb4c23ab3566	bf4031a3ed1dd078f6a20762d5517ca13be6618767603f01fd127269dcbe725e	False	True	True	True	True	True
625	0625.mp4	625	859055a862d7fed66794ad0d77c91f594d0120269b9681d969828258d66fb370	71a94dac74be58fc5b9acafd2293278bdcce01bb750667bc9a442807e0f51f80	False	True	True	True	True	True
626	0626.mp4	626	b86e3cfdbc8429449fa6096b19c3de79f3554ce218526ad01f630c5deeb311c4	97a54cf01ea60f8e0e73bb7b0adc3e2b8744d6a40b162d842475852630a42651	False	True	True	True	True	True
627	0627.mp4	627	aa22c673e8d05431601e7031b463be5134993cdd2dd39a1a3f2fbb7cc54d1d96	308eb3dc9ab264fd6c9a0eca8175de5e719dbe2ac0815686b24ca5d32f1688cf	False	True	True	True	True	True
628	0628.mp4	628	362e2434f48096b4504333309805beec31d0cdcdbfae3d20a8e1c606841b2e32	822adfcd08ca9d75f3fbc31d59728d18059a63aa714232341bde54ae983c48fb	False	True	True	True	True	True
629	0629.mp4	629	2a144115356378f2c980b8a62f2168c62a584d023be932b02fc85b7537301166	a1bdc5e58f0165be90a8d6b71047a004d03f83ee3c88ec7e60dc7decc2d32a2e	False	True	True	True	True	True
630	0630.mp4	630	a215d4dc58c4587e97cc98c0b5aad16a4b35baf4d719757f0dec8764987b4fb0	fdfea608aa90f63572425cd74427ea301a11b6d5ae30e534fd724d526f346b65	False	True	True	True	True	True
631	0631.mp4	631	6cad9434f63c7d07614d3012655813f3859951b2a16881f6401392486808cbdc	3c51baf0392b660e7935b454c234adfebbec473a047204ea36f304dd516dc6cf	False	True	True	True	True	True
632	0632.mp4	632	185608f34215b6cf06ccbd5a544e88ee018c261000997b58203ad8a9c9cf8a03	cd106de58abd4b01f6c9f8e1d9b710b559ad60f20a2af1645ee8d8ad36a99e34	False	True	True	True	True	True
633	0633.mp4	633	97e6abe7de839d696cd3ce5db0edd4d076ac8a436cfbd94c57e6e43e4e991604	730808005b7a0209755e82362a1d39c3488a5fb703d037f0a6d58739a391253e	False	True	True	True	True	True
634	0634.mp4	634	9719345193136b52e334d28317ca25fad475fa306d4a5abfb8f13db7904e3906	8aa968266f98437338a5f4fdd58fc8933069736cd5b2dde54b075e969da69778	False	True	True	True	True	True
635	0635.mp4	635	e414c5c663c1e1107c11445ab68f5a59c09ae4f7cb4abd3453f831ed9c79fccc	a547e127e8633021aa042fcad8229bb5c28f998e8f2a7cba16f2b204fe22b895	False	True	True	True	True	True
636	0636.mp4	636	e81cd453b0456af55b148d4ac88e7d47cbf8c4286246964e32c29161e8b9d193	25d7ba87d1c48ca6de04d8c2d60b67aa2a7066b1d901f6553385a6de708c0935	False	True	True	True	True	True
637	0637.mp4	637	b2a4691a2595fe8ce162a827e1308cc5b8b20080c9e1f9e3541cb8b0ed534cb6	96ed43b379b141e4f6e3a862aad5a5ca92f63823b7beca7b5e35e7a710ba3060	False	True	True	True	True	True
638	0638.mp4	638	ebdbe9e08fffda35c1aefeda45709bb4fb5c66fd6adf588ba2e251e8dcf9c399	69bbd96362399e686b293b1ebc780ece9b1f7d36f820447d59434ccf08fa76dc	False	True	True	True	True	True
639	0639.mp4	639	4ce322889c21e40357283a9d341ac178a894999d435e92136675902b527e94ce	21a54b78addac5304508d10423f3fb3f3386e9c962f8de41ecc0e3ef7504461a	False	True	True	True	True	True
640	0640.mp4	640	e4fdf6c3fe7567eff04034acb830f9dca92d8d337071c8e7a71abeb6c3409f7e	026a411bddaeb2dcb602df6152fb6d8b68c809a79624bb8a3a5eb23a3cbedd50	False	True	True	True	True	True
641	0641.mp4	641	f478100d6be5d2410b80732a1eae72511945482b3bda82dbdef4c909feca92c4	62e93760ee4ba818c7a9264302316fb42aa1a5f6e4198bc3232aed2edb46e395	False	True	True	True	True	True
642	0642.mp4	642	75f7f42fd9fb02282c30e02fb0ffad58d4532286f29197f6d244c4d655f4f440	4d9b0952652b1ad2392d75ed3d2ba28183677eed9b7184c2212fa7e05558ef59	False	True	True	True	True	True
643	0643.mp4	643	6359491d9185f7332106a49d1cfec04bf65c7dc5a8b4931af705f4e20c44138a	6931ac5e8dddbfe35a502ace181bc0342376c7076dddfc43d12472e92fdba9a5	False	True	True	True	True	True
644	0644.mp4	644	b8f3eb7cf6ad5901d531108d9daf3258d147bdb47254dc6a09bf8ae0d6cb801c	63b1db04a85c40f64ca0750ccb93fc6b1d892820559a71c8bc26d035ed104370	False	True	True	True	True	True
645	0645.mp4	645	092ee460e40f4bb8ee9d01391e51819b8b721e7e1aafcf8d2e0bea2bfda5eace	d7fb670674c4c5a8d3b1e5e06848af4aa8ceb46b30821e9c936953243e7801fd	False	True	True	True	True	True
646	0646.mp4	646	ae2f23c8316cdda45dfedbd634ec49e1bb4a0067d5bad2dbb0984aa43b8161aa	eddad4c8ec5b72237ace69570aab0f39b9c1528e7010be4d4d6e7219ff708d9c	False	True	True	True	True	True
647	0647.mp4	647	c4ec480018950302e8e743b40fbe1101507dcad6dc169720ea2fa658e3b09a91	8ef491c8813c84b7808c1b6c8a854b6737121fb3ec63ff5e31f64d4aff44fc6b	False	True	True	True	True	True
648	0648.mp4	648	0491956310ed390f1a453262b1270751a21781a526ede16ea93de22c8937eb49	dba2e213f4bb70f718a77d8782f3d3751ea77b756255f484f46fc00d125705f2	False	True	True	True	True	True
649	0649.mp4	649	182f9142607e6635557a8f8bdc2d6e74468cfdf289e0d6aa4bc05a57679a77e0	6155c50c3ba2a5f17a186c2a142e112f09df9d2d38b130d328d766f97cf32632	False	True	True	True	True	True
650	0650.mp4	650	04f4e3179f8d53e6b9a30eafde028012b8069128adb5857179e7a44c3878b254	c5c56a12b6f1c37e0ba434c3ff31a70604183d6678eaa9992246e7f07fa0dc53	False	True	True	True	True	True
651	0651.mp4	651	eb216660d063b726cb046353d683acd7280bf898787d506adbba39d3608edba4	4f44c8df931118630f687e3efad41dab4348401eb37cf818ada4254cd3482f47	False	True	True	True	True	True
652	0652.mp4	652	7330d6807792752ab3692df2d2b6dcf35622a59de1a4fad65634f27e6b07d865	2c747dc68a05a6f58eb16dfbb31bb6f3caac636a3087d2443f7e8d9f18717f75	False	True	True	True	True	True
653	0653.mp4	653	d942581106c66ff51ce5b6139590009a3f84f2996b168914f37888751ed17168	ec0e858086f23221c1b4791781ca3ee45d1e17deff8efcbd40f7e4b4486209bd	False	True	True	True	True	True
654	0654.mp4	654	0f9037126544fa2d1f7ebb807f7fc0d99fe2a81cee7e40a5d56d7e6fa0ecb84a	5770f3f879166d81063f7e93575381991cef2e9bcca9c90741507ac95a7bbc43	False	True	True	True	True	True
655	0655.mp4	655	7a18fd138d1292540741660360d498a973ddfcd89dccfbfa817ef6ba62ef0530	6cb63f763bb7a908004a50afe6ce1b18994e1b4f6ea0761af0160f2deb7af09f	False	True	True	True	True	True
656	0656.mp4	656	331cbb2311a6d810916a3ca7c9cb2813c7884c74824713c46cef182750dc7b48	2a15a29ffae07bf0359b9ba92d563c8ab651e80c743318747533d10c7a5b35a4	False	True	True	True	True	True
657	0657.mp4	657	9acb5df21d21fc592cd71b56bb2cfe38eac59969046426d0c05296dcf85fa008	829bd80a0d3606f13fd772b486bdccc02942ec6dc7f40526fa8d5da97a685492	False	True	True	True	True	True
658	0658.mp4	658	8686ef324b354c44370ed869f5d1be6ecf6c27d14bbee36f76f2fcd82374e90e	d15c743729c5a898a3789f94a4046a1f6deb9f8b24d8821b38accd2f231b107d	False	True	True	True	True	True
659	0659.mp4	659	c7e5c6b0041e2348076b86a83388ef1aad128718715b2036bfc9788dbebd7aa4	fb611a3b6306b82f573899fd58d7be1b1604c05fd139c69f243cbc66f4be137b	False	True	True	True	True	True
660	0660.mp4	660	5a56f07c77cd7bd9111b893e500f7f60757fa94553cdb1269f10410374599783	cd49403482af6498077ba949a779693c76f0f1fa7c66b111fb65134ac34f5a68	False	True	True	True	True	True
661	0661.mp4	661	371f214729ae894abfbc2e4ad8cb305ef4ec7ce79b78b183d6a4e91c44bb5774	ad33b988e2e4f9af9b8c0a3eb42a37a2d61d0bd965e787342b30d0ba6f2aac79	False	True	True	True	True	True
662	0662.mp4	662	e52b3e2076d2edc9e05d4c3479956712f5ca6b2f22402189fb74e2187389a0d0	297ea94c696651e460d3f31c0b7bd5ca3bbfdb9ba201c1030985dac85e2f97f9	False	True	True	True	True	True
663	0663.mp4	663	6f001d3d7f2350e23d5d21854616502b789e57a99da95580cdda77c36b0bffec	c8ad1d0ee050e9a3bf3328f0a18fdead96182bcd843a082172c79e87ad02b8a1	False	True	True	True	True	True
664	0664.mp4	664	3688addca42ae24ef56be366d90bcde07a4e81d6bf12593bc0562deb635c7b34	faee599f33a6d1b867309ba7a0a92e8d762ecac35cf083978f7da9ac5a426fbc	False	True	True	True	True	True
665	0665.mp4	665	8090e3d939094acfedf52e005e0e7b92ddebdb381be360e9fef7b914cd4433a1	6a315fc26add6925e23b8a16a1428e96f875996380436d4c85a73c4a88eb8609	False	True	True	True	True	True
666	0666.mp4	666	14107d4087f49cacaf0b9ab3ee82483ad4996b3483e0cf4ae067c28555056350	e4a4e0aa35db68f3184fc8c4cac490801ae13c3614ace15f4f8f29ead941796f	False	True	True	True	True	True
667	0667.mp4	667	76a0a82e148339ec1115c4c307fb507eadf91f2c5303be7f55b179399a545b9f	48c6a4b12cb168b15e4d2f2d1461c0edd2c425a5e4f3f57414af2883262b2b06	False	True	True	True	True	True
668	0668.mp4	668	70eb9c2da8e7af1f6b8e2fd01e4d908795e1e9cfafc6c9b0e6074b581aad3107	0142c26f636ab02453e0e5120bcc2a25f946d7ebabfe3ccc5e0d1882ed37caf5	False	True	True	True	True	True
669	0669.mp4	669	25e3cd9bcaa2b5a3354af5a3c00db9fe183608dc94d72a3373120b8bc6690fb5	122ac9f775fb39cebc9abe9a276e5569c3756eb37d1fbf972f0141dc412fb64b	False	True	True	True	True	True
670	0670.mp4	670	e5d6b02cc1860695b68c07513c0e5ea3d3e7672eda428cc998f04c158a017230	e8b26031fd7315fb8fbbbace099d240f7befc117ac6d4aae3ecd8ef1990a80bf	False	True	True	True	True	True
671	0671.mp4	671	d581240cc55f3748ad48d3b1135ebdfd57cc3f6c320b34e8df213826b6fa33ce	3d151db8652e2e9ec8101b57058531b00fd2bda1630409ae551999659d423d0d	False	True	True	True	True	True
672	0672.mp4	672	5cf207114a13a9b0b5de089d41baea880a980c35490e29fa0fc856399c704133	cf4e1f6d35206d22d8d8bacfd5cb80f79bf90ee0d7bd6d57ba35316e7e7657d9	False	True	True	True	True	True
673	0673.mp4	673	61746728cf8a065ccac8317490f3d82ad534ffe7c15ffcbaba02a2fc37b0a009	cae9358b7e7b6af153765894f207daeef9b29ba2e4d047eb084dc6ba22bded1c	False	True	True	True	True	True
674	0674.mp4	674	aba4f203ddcd743c49db5f4d593232a4e831b7420c8dd52ab4f9400b36ab0f19	6ee4a7fba12d0bd5f78e044b68084fc0e77fb7c22a7b94dc1c8a1aec8a32ef40	False	True	True	True	True	True
675	0675.mp4	675	e4fda8c1c753d2c4c2837a2778495396abb40455642ccf4f90860c5f4e44ba95	94bb5f14880a9b9ef9829f923ad3f4006fe40d80de54eae4be3f39b833e38e7a	False	True	True	True	True	True
676	0676.mp4	676	2e445568e736a28d3c7a3f5002d45468acac8614996e94a77ea3de9f5f7b99f1	179141d9899d36b83d79dbdff53b6a1c37718a1636b825529edf17b7f63c88e2	False	True	True	True	True	True
677	0677.mp4	677	eb4cde7e129c5ab659b726259044ffae9304998c1f3bf10dd6d2e94b17eeb98f	e2e149a39c079bc4a232cd8d7a89a0ec6ed24863e49040d4dea6ee451bed7225	False	True	True	True	True	True
678	0678.mp4	678	095c4e8e997e1949f4aa96be21ea53808d5a39630b69f65cdfa8b44100202946	207ab9af3673109bf79bc63651d039be6e2de82aa14a5ba20970e6b89ef5b9e7	False	True	True	True	True	True
679	0679.mp4	679	f868f691d0c6f5d26b5e6fea841708bd33e1a5a2ad05154ed49b25ffb892e100	da271ea61a2c64df89457d5e069df2fbf94c41c8cfa80240569174f0a46e8123	False	True	True	True	True	True
680	0680.mp4	680	396f4789ca4590585047166176a845682fe6a113e5c1a4df80cefcf9c1807b64	d32a52fd1b4d4b78c3d1de9489c0872a6797b52512f276f83193eedcb3b28eef	False	True	True	True	True	True
681	0681.mp4	681	c9c71d2e50a88a39c85ac8ec50e279fe843521e01d935dbd47ff2d64f88be8cb	42a8641553ea00a44dd93126ab21bbe9f888828fb4fa5bc5ba8742b63c759b4d	False	True	True	True	True	True
682	0682.mp4	682	18c02c54b2f13bd6faba1454aefd96ee029ab62805f384770d973aea267d6c0f	b1b1a5b89630cc6e3793d2ae186983cd88402225b87481aadb61c88f4fa6c828	False	True	True	True	True	True
683	0683.mp4	683	1182c90cc074e7543e3d899b0f6cf187baceeb1fd461af4066e2132fb98b5089	530563e9fbbe9cf73971f1ef7d44e077e3394501a48bd124169cebe903129e15	False	True	True	True	True	True
684	0684.mp4	684	549dc7e2c9e3c09143c11fe7d9124b190d12c507f6b625ceae7e8a5d4030dff9	d2650f41092c9c8ad0d84e62ea16e62d915c238b5d0a05f9911013da2f96da1e	False	True	True	True	True	True
685	0685.mp4	685	40699bf62d5b577a3d8abb02563b53085f756e60708d6c9395e9f2d7ba5ee2f2	fe94428df6ced64b388154d3c6fabbfb4853233a9add573e9a329ec89a7fc944	False	True	True	True	True	True
686	0686.mp4	686	db1e32c150be336e3cbccc3690bc9fda5540094e517e399116007bf44b5efb9f	19667d1c546a89ad730adb676783b67b92c7f7e3a6e3579106017ff735ef366a	False	True	True	True	True	True
687	0687.mp4	687	00892087fe4b1870da265909b9087938d466bf9165e0a58ac76931f9a3eb5f06	1764baa628de84dada3522bc1fc2abf62db3b1ff086ecc0dbee3b8134d371440	False	True	True	True	True	True
688	0688.mp4	688	1153af32e9802de6e7451118e0f065476cfa672ff38913a772f67efd424bbd5a	062ec162f17d75516458ca0b9e76e7ac117bd360fe17dd5e2f8766083bf7c133	False	True	True	True	True	True
689	0689.mp4	689	3f324e3709ba5b6467c48325641072261fdd4007b59bd1d3fa92ea93dddc888c	78f888cd351d5bb46c2fbfe8dc8f703fab4e10fffb7788e61745ba67a5b052ef	False	True	True	True	True	True
690	0690.mp4	690	afb9463278cfa0eb2e9e48992682f8d0daa77e282f4bb81919dd42289d858bbc	dd030a7fc2339c8076a23c5500c426fcd9b19eefac83df41c0efd3bfb52a5a1b	False	True	True	True	True	True
691	0691.mp4	691	1a4b9ae4560e1c07f21078ce3d069683b32ae599203146779a93c629b514ea09	7dc7fee5252b12628c65f12fc5861b598d1475f60d5d51a20b2b21cb6641b504	False	True	True	True	True	True
692	0692.mp4	692	45a92e781638a658bafd0e49a85bf1b194a1afc55afac210a79bb6284093055e	77ba375acd80347b0f45b6579dc03516127e48927ce5f65abb126f3fd1c21455	False	True	True	True	True	True
693	0693.mp4	693	5a0d146e8d15e261c97947abedd74fdf6281e80fa553600ea2b2681ff056d35a	848bccd1d2456e2dce1c7b94afeb52e412215531cb82ebd1f9203117ad29e173	False	True	True	True	True	True
694	0694.mp4	694	c3ef11ec890a897d0b4b63235384f01735a5c90f095d32aa7841deaf726588fc	ec961f24671c48ebed9e7842449e22b227f79cbbc83ddecceca9415e089f496d	False	True	True	True	True	True
695	0695.mp4	695	7997941df4a8ae7fc62a09c814636ed6980dee804a79a2cb95d7039d9b6f4424	db30b6aea15e2cc97cb53d7d61b3e7cb15d1896a57d6f672687200218da7b837	False	True	True	True	True	True
696	0696.mp4	696	5688dcff4e74dfabf0df86970fd263c7e795ddb2547a54a4167bd213a5d9bcd8	90f16e9c2e0d2e55003011ebfd77753810fd64293385bb4078c2de45e9a42a08	False	True	True	True	True	True
697	0697.mp4	697	90a214925034a0e3a38f22a5086fe9d7755ac10d900247a5f7d36d2d539d7297	e7591f9f89b8275e041c05a04a2dfc0633b60a40caab89f78f7cffdb88f8dc5f	False	True	True	True	True	True
698	0698.mp4	698	c2a8a84576fb4ff3beef1ac62a6eb43918fc0680d55c61daae4f5b5985bbce6b	f888c22a5f5ea27e57f2d88c3e24d5d4dc27e92c1b0a4f3a1dd3b58d852a2b92	False	True	True	True	True	True
699	0699.mp4	699	705412d16a5403301dee345cc3c9fd6ad03d7cd6997aa96b34200db12cd4871e	a73b2a3542aee0a0e80ecfc89674c77bbdd91dad6ca7c1f57ddecc7890c524eb	False	True	True	True	True	True
700	0700.mp4	700	cb31f9614e43671e0a75c9fdbf6347eea8d518d9bb178d244b251635c20f13af	231e05b4fc91c8c23563cc77a5db6e3b29406a47ec78625f5cfbd8b55f722732	False	True	True	True	True	True
701	0701.mp4	701	bb3d3da8dd588a2fbcb69377a3d80213238e1d899dd99ce94c6a415a649a444f	9cf8de9e8d6088677f18d1ab0418a05dc72238752af8b298d47e740190ed01d6	False	True	True	True	True	True
702	0702.mp4	702	9d7de2aae40607b003140c86291ad5d56821c01261f7095ebef1755fbf3622ea	fb56d17dd4cf5e5798f38f800cc06f8ef4fce5a91855f76342fd0eff0510d8b3	False	True	True	True	True	True
703	0703.mp4	703	b21d4e6f50cd37f7be4eb23b665be20479e35869134e65754e6c0e63cab9d688	5be474df292f30eb4202eb7a7531acbce276c68cc7685846bfd6c64cbd16cb8d	False	True	True	True	True	True
704	0704.mp4	704	9bc0dbec37722f33f914321c6f964bb24181779158406665cbe6b525cb749cc4	0615e885ce50640f6c31e6dd81de804bad1d9c9b8dd60bf3f5639d6623782890	False	True	True	True	True	True
705	0705.mp4	705	cd623d9b5295222bb6ca9de551537cb0458ef4cf8442f7dfefd8319bb6db9769	6eeff0347b8905c6636f5bfef27c427f8a5f31dea72b8562733a925bc4d8293a	False	True	True	True	True	True
706	0706.mp4	706	2f792847d3198d6aac1917f6fa55f9ab1843771c575123b76b90e05a091d7742	1e4c22be35ac73cebb6f1079941c5d1679cec1ba6690a97eae84b50b27b9e3df	False	True	True	True	True	True
707	0707.mp4	707	0ee55fdcf05cbc4f4cf88b8f04f39df1ea5a2b08873b8f4b2d1a243930800d27	5cc353e1a593dd26e71c699bcc0026ace0d2df3c4bca7ef5bc7423e0da725a18	False	True	True	True	True	True
708	0708.mp4	708	1bae1408aaa11c54a8b9ce0ba5a22ee9c037a1318a15a6a76660b793acc53137	5c2cc8e7f6c95dc4a73cab4828444ff7091d0538113bec9e8767319c9b8fe871	False	True	True	True	True	True
709	0709.mp4	709	f87eef490eb7633bcb2c38ce343a526473f5cd2b41f57d2782a2bbed6338b236	449ecdf42ec16f57ca9ca22209a59a51a3d021d45de00f612fcab189b2dfb6c6	False	True	True	True	True	True
710	0710.mp4	710	82eab3c61f8908283377765c4d84dcb38d11c0d982803a26d79be7157b7fa7f2	2b066b02afe3bad542c8276b5650c2eb14e07754d5cb3a93178e4abc4bdba40c	False	True	True	True	True	True
711	0711.mp4	711	7c35058938dd17bd3a196386fcd3ffd1ff2a5d8b0d63418211fe2aeffc971fe0	f7dc67c21376ebde03c25e021d97efe52bb39ef96f976f595eaaf3c6c760d100	False	True	True	True	True	True
712	0712.mp4	712	5f416a583900fb0226c62932a8803fd0564a5ab4683b8831bf9e6a5e08babc9b	01429e162bc86abbbfd7833d4cf3df3b41c825ebaec7ac9526456d6c2ef96769	False	True	True	True	True	True
713	0713.mp4	713	ad6b79095aa898bfc59ca5263fdb64df5dcffe4c564b7c6c35e479f453ff606b	31b9c2ea2da9104bd28e9cdaf2088b90ad87549cd4032b928aa8d95a98c12f10	False	True	True	True	True	True
714	0714.mp4	714	d9e3abd12ac533b775de6edd8134a0ad4e1af236761475bf647b0ac258c53837	075054cb966628975878dac8189736cc942b866e78ad17f801f0237208413328	False	True	True	True	True	True
715	0715.mp4	715	a31d45d89b9484ea3b374d2e6e671b82448cc24f8e5f3d3a6f4ab39cfcd0fadb	ca2074bd7191c8971fc10df6b483e33005a5b04a04329cd01070848ac20f177a	False	True	True	True	True	True
716	0716.mp4	716	0ec5ae1791cdea8af1d84660b9379fde78722732b966a1893ea951cc84943394	58b9de179e0fc7560dc2018060fd5cc1161d97714b5b53c140173728e7b6d420	False	True	True	True	True	True
717	0717.mp4	717	c61fb11ed9edb639731e5965d449e5be0f4f679f61577d3a28c5cb1693e5783c	f9fcaf0cc41d0340c95e57888088a417e852f35579b5cc50cf1df86e670e50c5	False	True	True	True	True	True
718	0718.mp4	718	821fb64d596fc186ea20f2f876b2b4e7cd16ccb57a1d1680603ae1c5a61ed26e	966494bc913329f8b36e8c5725c762d82cbce0990d94206547de5f529c4a4bd0	False	True	True	True	True	True
719	0719.mp4	719	977c96a9b69b79fc87d4fb6a4e385c08e27567030d3400cbfabe66895da03d74	a22703df52ffcb450f9426d10ba0e49638a481ad44f325d5ec83dd03221096d4	False	True	True	True	True	True
720	0720.mp4	720	39d3912168eff949f8208671713c5310d309699846108bc4eaeafe0a6db88b09	7e63cb0a26d5cd4a0656a88f0451fdb1ebaa103629b61cda82629197d06bc36a	False	True	True	True	True	True
721	0721.mp4	721	edde379e83587dcd1f712251f8686eb73683296e07c5442b6e87af2ec1a47dc1	c5358c4944f915ac77cc64f9047fd51e41a869c320f284802c1e4388f9fb628c	False	True	True	True	True	True
722	0722.mp4	722	94efac87594b066337b2ad812daaa1cb8358bd49e1e93f29db182deba4a7b95c	310f77f1dc6aeb747e315fad08f52cb0315b7f109fbfabe4671db12ddd4b009a	False	True	True	True	True	True
723	0723.mp4	723	edcad47c84e1827d6bc4b3affa3f0e1301a4d2723ae2d4bf149d56cc47e9f766	b9146dc0e1cbbfe3d3a50f0acdb45f82a36c8d65606c70bcc699d3775a456aab	False	True	True	True	True	True
724	0724.mp4	724	680999e99a5185249742dff4b78a5f4000b9d05c736158eedc99dbd53f298126	587233037471ce73a86d430df00935d2b165d8d387a20864d93eece17c1b531a	False	True	True	True	True	True
725	0725.mp4	725	e4fbb02b92bd0488c8ff172baffc9a6657929aa43ad2379d04ff0cd7f41aa2d2	1def7a895ad73390b228f0b22a36552776cca5ecf0da5fb9fffcb96b5e67043d	False	True	True	True	True	True
726	0726.mp4	726	041c21e8fde495549c22d34cfe4329ad8d257b779fe4fd214d2e4515ec4b7c09	a03ca786675be9ac42c361fc4ff90167936c3e98550c0905d9807acd8943863a	False	True	True	True	True	True
727	0727.mp4	727	2920a6fec18d7ee0973207e0feeae83b964367835fbbff6abf33e7dccee9b40c	837e32ca90a17b8362c0559b8b560dc533bb254f55c4479327144943351f0402	False	True	True	True	True	True
728	0728.mp4	728	5e627596f1c63fef89e0df75b7f83dd39ec5e8e115ec04d5f2f42a9e990f7e2b	2ce45eb162dbdc0248f50c3313342491abc50d3b268e843fa272871f9b387feb	False	True	True	True	True	True
729	0729.mp4	729	0284418640f54dd47eb23d56c258fdac4826c6cb5a4be8cf8cadbc3be51f2ef6	2a5420c9f2d7f46ee22b9e3bd88d890c192bc10761eb22e4d30d38159e88f5d9	False	True	True	True	True	True
730	0730.mp4	730	9ab6e9ee39a951309f42cf2f31e246a6b46bbc16ec97d2662f2415264bea0c0d	53fa581239de4f57ccfcc400e951b2882efdaf6af20010f431874be2563e96b7	False	True	True	True	True	True
731	0731.mp4	731	96147475918cdb7c223de2304d13080b4f3424a2f9af3c43779c0970995fcd06	0a2da07c316f7e4b5f2aa2a0a0527483315278800bedd8d39628aad30200cb4a	False	True	True	True	True	True
732	0732.mp4	732	f40fb84afc43d50448ff42f953671b7fa0a457572c00dfccdf929cf491b3d4ca	674461ac6b16217f49fedb6cded7c274160126ceaf9a9398a3c1337a0e56a78e	False	True	True	True	True	True
733	0733.mp4	733	4b5c95f9bf5ff16c18dde1c0003c7741915d7f428956b61968eb8f59aeed5916	72e9577bdd8af443713956f0f33acabeba66a4b266489ab775c8d4f313973f93	False	True	True	True	True	True
734	0734.mp4	734	1dbcb9e509d9cc21b2b462d917eb95f33846c2ed9b1d145d2cf4bf760ba02e42	334f9cb981b3782f35f905c7d91982782f07ad6654e6f866c9f85ca3a80584a7	False	True	True	True	True	True
735	0735.mp4	735	bde25c98fe39cfb559edda5bd86c6c92fe889c7b7f257c0328291742c96f8d50	b7511c308694ea5ecb9544af1efbd6412e42a3fd298ef22e656dc499b8363bb4	False	True	True	True	True	True
736	0736.mp4	736	51c37822d128f307742c7e45332174ce6ea8f877ff9dae6f732e7a68bb66c139	9867cc4e68350c7ee2fdcf21adf9abd39d9992ef9c0d4b93d8dd11a923d5b958	False	True	True	True	True	True
737	0737.mp4	737	1a67c107248923dc446036ed4c0ccb41360fb4e680055b26813844a760fc507e	a4260495877dd395d36ef08fca1ce2a85ebb3caa3af800e35a39679fd0d99527	False	True	True	True	True	True
738	0738.mp4	738	afd7e72d643e3401f08dfa8761cdb1703bb84673641317bfb72db57d903e2317	387fb5dfd507af746fe58d215d305f19aab0683b41ba79e693a74ad886c7d4cb	False	True	True	True	True	True
739	0739.mp4	739	026918536b66b65de6ae1912f77e249a5a01484907e9a8dae05be73d3cf22ba9	d664cd8d3d4f4481343e4495cac5928fa539fed8ba2fe62b794bccb04c0157ff	False	True	True	True	True	True
740	0740.mp4	740	a926b22d8820219e56b490330375f9eddd22452ed0abe6d9565338cb49dc4f71	844ed6d7d26140475a723e0e662daab204b74f6ed182b1a4e6237d8eef765d51	False	True	True	True	True	True
741	0741.mp4	741	00384fbcf035879120f38e4d1c7552fe0d0b989814809e3765fbd75cb1f53151	46a1ee909b490eb23341df0e2080be39a9942078c9f9c45681c115a025319d5e	False	True	True	True	True	True
742	0742.mp4	742	b24d631d3df55429dddd19bc635b8b95a3f64b53714f0a3d6e720c6b1d4f036c	13cdba00e08c39392ff88d143ad10b306cfd41a7eefda2ad3541d8abaca800c2	False	True	True	True	True	True
743	0743.mp4	743	51853534f4ac3616f6cff2e6b2d45cc2e98897b94ca838670a57ad60cd3635fa	1ef364f3c30d48e1844db4d04f276858d5d496c4b645c280959a664343d5d9ae	False	True	True	True	True	True
744	0744.mp4	744	da4e8f7fcdd3e698fd96b1b0ecc685fd7c96ab57853ba85890b7760c0aea633a	ef4e6ea4974eab59d66ad09e47919eb2e4f7f2c5dc3e78854083b84368189eb0	False	True	True	True	True	True
745	0745.mp4	745	fcabbeba3669806d0581524dc017a103c98973f01500c44c0fad4b128ecdb889	1584a22672c9e46316f0f49a63948e5755af528d6d4293d8c230226fdd396685	False	True	True	True	True	True
746	0746.mp4	746	e9af532c7bf518d14f4bb8d3a1107f315aea6021457ce70b810568b2cb2eaab6	068db77cb6df668cc8559a8b4ea74911f13cf4b34b5c415d6146b18a92135226	False	True	True	True	True	True
747	0747.mp4	747	38665299e06add920ab3dd51cddba0af6899adce369378679c22504f54eb06b7	bd7d51920bd23c887cb86e1b15a0647ed5ec347c9afdbcb8192b9c425b60bbec	False	True	True	True	True	True
748	0748.mp4	748	68975fbd5922395974bc8537835428b337c4fbcd0674af3a422b358c8b1b4452	9bfa0309e8e7d5f0c4249689994c206842319f69416b183e619f938cc4e0246f	False	True	True	True	True	True
749	0749.mp4	749	9bbfa2f41fa755d564d57db33f51d3c4f53c9dd5dc7fa81bf928ca88be8be45e	2697d5d6b09ce401226ebff2e14064eee06ca7326219fe2de73d7402be9e1663	False	True	True	True	True	True
750	0750.mp4	750	3d3717752b3fac0f2fb8b18c5f7bb6205f10da9ff6808875c8dfd0410e0e3c78	45690ec1bb95296acdb1527417df1c5b7c5353a1bf772b24b1a4658527f99d3e	False	True	True	True	True	True
751	0751.mp4	751	9f8ee3002eccb94c3a66a63fbca4fd660cda6e9f0f4fc52ddbe32d4600d37fbd	5ca30ba66da1669dcceb1402f3f2ddced6957b03304cc0be5e17451f3ed89a6a	False	True	True	True	True	True
752	0752.mp4	752	4a1ebfaadb3a71062a506d05f98d50669340f645c844afa78211ff4a30cc2b1e	0277bbc258b98c042a7c5747d19bb314e5532afc7f4014f109076400fa3400d0	False	True	True	True	True	True
753	0753.mp4	753	a762ea0a01b9451549a0d1214fb24e0170835c6d0d03785f48d2c32beb39cfce	277b637cf0509ce4e74986fd26fded2bb3566367c7172ca6a8d0e52389fa7ad9	False	True	True	True	True	True
754	0754.mp4	754	5b7f346046c6fee931722b2ecd285d0f99db37084232890f956d1aa48f767a94	f48c156befe650eaac85db44ec4b091cbfc9f34bcae6d8c85250d7cf09a754bc	False	True	True	True	True	True
755	0755.mp4	755	d11d407894306e2b76f8198ba8ddce6336c4d92f07ebbe4ee390ef9e020db6c0	49e02254aa13468386d921add506c96057f32045625edd5404a3e5e6cd3f4c78	False	True	True	True	True	True
756	0756.mp4	756	e7c4e5e30a5fe5017177432e029a9277537fd2869e5f03b32f9df19c95225482	89362d1cae6c6697ae92456d55fd6e7fb9498f8114bdbd0a1ce8e1315cd06eca	False	True	True	True	True	True
757	0757.mp4	757	22d50032ff84e5ac577b2472e90de6cff73ef690c5671ce67dfcf0a1d9419987	826bad12524b8618b3e3b6da120fa85e869c8a7889c17c6c4a99d6fcb83c0086	False	True	True	True	True	True
758	0758.mp4	758	22c24ea9c2794ce19f693a8334c177168a8631fde37224613c4832fe030b75a2	0b79aba2a7685f126ee536919ac95b6d601ea10102d903adb71d657a60c9159a	False	True	True	True	True	True
759	0759.mp4	759	900f55d45a554fa28a8e1ca14b71411682a7df420406d62c50e4dfe15a8b3f37	d83e062b31bb3d9a0233bfa50d1591d8ee6f4e7c670664fee00039a37d4cebac	False	True	True	True	True	True
760	0760.mp4	760	b00c5ee7e4766413527dca186d75c73c35916404c7abce0c7944b3153b21081f	eadb07ee04806a575a0916065db80080cc7cd36e30db5e34ee98ca5c4763dbae	False	True	True	True	True	True
761	0761.mp4	761	4f88078a3361438eb52cfd968a12683fa288e0554922753108963ee392f7e8fc	954a5e22e802062ce22e7996d2cb2979f79e2b3c36346bbc4c89e58f4ce1b697	False	True	True	True	True	True
762	0762.mp4	762	fce7bbda73e0bb3e6e66ff8fa4f82db7ab23ce17dfd743d32c1b0b36929787e5	0d381776e7308deb9eaf09acde7f8aa4159502ed057eb7bd1877e6a924c04034	False	True	True	True	True	True
763	0763.mp4	763	32436d30c4bc5bb70b17e6981539d33879c5d7e4d05175316cfb8b43f3b3b36d	0754b650a3751dba29b53b2f669e20a496289335349b763d9896355802098877	False	True	True	True	True	True
764	0764.mp4	764	79af96f5766ba0f92ce9a8bd99734c38d98568471acaaae82e21ceb3329fec79	77a30a53c2c9049c1ad23eb770f65ab8f8899b343e37db4e53cff8f3c0a7cd48	False	True	True	True	True	True
765	0765.mp4	765	5c4a424583c3c71b688f2beb1208a2b23d9f3b4ed35f5c560f169fef9edf2783	f7789154f666b38937afa4c551adc6707512e8274400a5c465972f16c99c4362	False	True	True	True	True	True
766	0766.mp4	766	7bf8dd0978c0aabf14d42bad998d9ecdf8216a137dc48efabe79a0bcb4b3982b	ee319ab3b48da0cf40bcf0877b70615a7c248a7169978bb547eb44dcde64cde2	False	True	True	True	True	True
767	0767.mp4	767	1ba8798ab746ffe61af2823b3e975d12e23bf02f23ef917867dda9878459a6e1	d059c4b1a31697048ecdfc3d07cbbdff772da51f0bd16a40672f2499ab98e87e	False	True	True	True	True	True
768	0768.mp4	768	f257a14472820457d614b8a139c5a5802fc01324660e7be358d67bef685e7b3a	388e1daf0ed1fa90080872ff871f24a5c15e27d04676eb2030939859a22001d7	False	True	True	True	True	True
769	0769.mp4	769	e923271166f4ff8a47bb654779ef56824fca1eb2aa81ed222cd1ad12fdb6b96b	116f80af8e0fad2dc17c44db2f523727d69df16700469838f6420b5615301d2c	False	True	True	True	True	True
770	0770.mp4	770	b2aa41802ca970fc6f16ecb239ad519bb74fbc7977be4269ac91e290581e1059	222c1cd0b9512de6309e3149405e4f397836dd58342e7deed3f916a16501b733	False	True	True	True	True	True
771	0771.mp4	771	b4bd2fcabf2a47386df7fd80662ca6276e5206e345cc5f2a58f7bf39541fc10c	dd47b35a9f8dae3aa46ae5882339219f87516c1ff0742eb21ed5ea9ae11db5de	False	True	True	True	True	True
772	0772.mp4	772	409bd338ba8abd99f582f962d2d868b936a792d592f37b57e9c11e4f82220a72	04ccfaf8235921d37c6b553aa1ca7ed3f2872fdccd71cbf5b362d66583e2a2c7	False	True	True	True	True	True
773	0773.mp4	773	a7aa8b287f3eb6d04acbe436ca31b2fd9e32c0b20443c8257df31e72cc88e573	2fb675685e11c2d9da9d2f2795b1dbb36f273eb36020b54439ac0c464108c2a9	False	True	True	True	True	True
774	0774.mp4	774	6047602f5af223c6eea7a5e1155e4a315bf1bd6e1c7e2fe82b728eb01e1a4d6c	e5ae3c78313d68a14e4cfba3377cd5da55af3425a9a1cd7e0f4bb15edb2cdc47	False	True	True	True	True	True
775	0775.mp4	775	6c71282ab9dd96786d2a1217d438aa6cfbe7917494c54a8398a00c1af273287d	684e8ffb5362d29aea107bd188bad632972ab64bb2f82120062a84ffc652a1cc	False	True	True	True	True	True
776	0776.mp4	776	7c759b059e34dcea1c3be72c014e884649cb8eb69b3e2c8158c59623fe942c45	deb0e149eee42794f87c6af260486a541872de24d4d3e9284fa2d2daed26a227	False	True	True	True	True	True
777	0777.mp4	777	f08ccb519bf18f359726826d0e3ae02278dcfc59b006e4b69e1403f5bf3aa68b	fb2a1b6742dbb23e37a6a7af6a36f65d4d01a052ed8f147f4178c2d2e5929541	False	True	True	True	True	True
778	0778.mp4	778	f235d09a8b0097f7a7e1fb62006aad339b8c0a25aef9b8e29c6972f92be0fe6d	788943d9dcdd31b30c62c101cd5420cd5886a51e36792e73b04a40e201782e60	False	True	True	True	True	True
779	0779.mp4	779	430f27b5b78dada7501fec0834e598e6de8f69ac3f44486bb31dccaa24700685	d6528f2540801c44b2ca5986ff9a5865d04d43e24820810425245f30711c3a5f	False	True	True	True	True	True
780	0780.mp4	780	e79ab0886d57d5fa403916c066c978219a40131e59d9589915abab3c58633d33	acde780d412adb71e77e9e6b278cf2cfa0a34775bf1df4d706f5e44f4cfcbdb0	False	True	True	True	True	True
781	0781.mp4	781	c2714f6e479801196704f2e25dd282f5982a11637369fbe84cec1d678bdaab89	d2b87d0ef9b02a74a025e9c09faebeec83c70b7ddcbefb6351e03787c0d3d669	False	True	True	True	True	True
782	0782.mp4	782	68baf9d7f361ac6ed8840ce2fb3d044d22af9e2a2f5c1a1487bfeb84cb19adb4	edbd18d87aef5b08ceb8fb7d6892b35515c92acf6be87fddb463803bc05878bf	False	True	True	True	True	True
783	0783.mp4	783	e606ad38ef52b98776179edc0eb838cb0debda37b1f9314c5bb8edabcd0681fe	ab05f2b138f735619aec745686c596206c2805064fc81e6ef9a405acd27fe087	False	True	True	True	True	True
784	0784.mp4	784	653f1ce8f6274d03e825fb4c6599166cdfd1d728657131e4b9f033b754503406	a3074114f4c0e60da78823904a6b92935ddb73d3af4fb24fd0cd7adf041c8cdd	False	True	True	True	True	True
785	0785.mp4	785	4cfe8f1d58f57bf8dc385a79de20f304124bdb045d869d448ec6112b6f8bf538	77657422934d68a02a9258cb75b609ec7b7923d6ba334e7f7dbde9ac3ad04e87	False	True	True	True	True	True
786	0786.mp4	786	49567d26d0623551f21d6fdd64b0504702f5e35d12c5176beb55602576d4ad08	dc9edc8596d4cfb94a2b893984767d98a63a10e4a0cfb5a06af26adedcc1df9b	False	True	True	True	True	True
787	0787.mp4	787	2fce513c859841ec76fda9693e50f3b23ecd5a5549fc7670f95f1206f4b8c08d	6155c5fa49d02c24d50455cd81af11c7c943abae8b6dcddaae32336a88abc72d	False	True	True	True	True	True
788	0788.mp4	788	d14e753e56a0517d22715b4a5abf7b70d7618632197aa3c6677e49fe0f00d296	5795f5d37fe5bd41e419aead240fae2c03b76bf1bc723634e14053910e0e89ee	False	True	True	True	True	True
789	0789.mp4	789	2a88b14b4deac7e08921f1f08215064581e8b4127e43bafcd24476dac2ef198c	be368ffada585821f0cd82e926c0528b841cfa3c7815506f89fcf7876222f9ad	False	True	True	True	True	True
790	0790.mp4	790	b01ab9e0e0c34bdb01c88730ab7dfd6ce4018a70e3dc863e443a9fc9d54c5cb7	8baa1ca4cef01c7bff139c8d89f51755ee48ac07de55d2f2d792213852642f88	False	True	True	True	True	True
791	0791.mp4	791	3e75ed2b5136ceb0ac21700fb64baffcb7b70c505f08977ae1c037fed67c681a	d83a955ce7ddab7465620358ef802dbb2fdd7fcb4f848a0e678a222da16e44f0	False	True	True	True	True	True
792	0792.mp4	792	bcfd01f2aef531d819790adca63161bd4db0a1b8bf2b81a3b6d24773f2603852	04cde79a79e11e4e07b2ec9449e762f7d72de40e22a09306ccb00e06a45a9836	False	True	True	True	True	True
793	0793.mp4	793	6b4efe717d71b82b42969250998806ef95e63420df9adf756839021e6d9a1a6a	d76ce98a79de012b24125486c9a8c0d409010835ee9ee3b6f41c5b2d932cc3da	False	True	True	True	True	True
794	0794.mp4	794	146963a1839fa40dc487d13ac5449518ea02f319b827f03360031aeac8b4aaa3	b87e845b5f1b1479d33234ff80d4528771ba0d5ec68bb850ed42d56461c1fa09	False	True	True	True	True	True
795	0795.mp4	795	4d7db33425b9e899bd7e70b29b5e013807930a67f588428aa8adee70b2e7b1c4	b15917552b972e7a44b40145e6749514f8a27e3f2809fac7539b79565b4bb149	False	True	True	True	True	True
796	0796.mp4	796	bf5e22f62f456ab2a8ed0d07575a823635671f184024d11093dc18c73ea3a088	3b0510ab67c6fa90170a4ce8167aef554ffd8c6418d8d6df20cacf32d478d935	False	True	True	True	True	True
797	0797.mp4	797	dcbc7877f3899a940f877801da28ae434fa31ece040e60cce1dc5ed37df4d6e0	57cbeb4542f7720cf49ac631eb3e5fbb1622c816249e85685161ce2402d1b61a	False	True	True	True	True	True
798	0798.mp4	798	b36d7fdd7cc197e9e7989025312a68672b3181f66588f490bc447d440759282e	9954bed9cffc6d0295f21dcb42ce0bcb3c79d24e92ce65e12b4d9f77dba8216d	False	True	True	True	True	True
799	0799.mp4	799	ba70d0f9479ed590979a35c3d31fad3fa0205377059e08ea5103ed5bd6147afc	51bd692565e45fd01617225460d261cc2af51cb0d4a42280c15d938f0e5ed219	False	True	True	True	True	True
800	0800.mp4	800	1c3c716ea15267d3c5e36f56af53d868261ad4b432f0a845e374a5c9a4e6e639	6b6b1c961c081d9c7639464511ed1a81b58698bb7bcff73773a43022e4e034f3	False	True	True	True	True	True
801	0801.mp4	801	108f1b177b62ed1cf7f5ffc6a84d8c845d6a9dbd4831ddd42752b6bdf7118363	b725a04fc1e90f587f6023bf3a93d725c3128a134378c751195378af95ba0a83	False	True	True	True	True	True
802	0802.mp4	802	b8ab06193cf5dabe47414e7e9f2d81f7d1a295f6ba42c92ca94aa7c4e04297a4	d74a0ce3addee59bdd513b6de1c23594298f7cc29c7e2d6c18d3477a05de16a4	False	True	True	True	True	True
803	0803.mp4	803	e36769e276a6aa37a7ac2c80098cfffdc4bc57d44f54115d07fe3880ffc5c882	4e24b134dbfded3b452f917cad8604439e0973fe8c964106f1dcea44bd771378	False	True	True	True	True	True
804	0804.mp4	804	6a56b8a28d4d6e9f89ba8379d414544739e270496dea67276096593e7dcf8d0f	f3281f1cad5b0e6eb3215623cc97e1bec38eb53a2ad4bd5b65bd4af5c1db8d43	False	True	True	True	True	True
805	0805.mp4	805	20460a0999fbcc0117817f86bf7b12c018f622b30f7888cc8efef4d6c7183568	a61f40ea9f6fc3c56fda389d037e5ff78aacd66371cfcbbd66c3fa981420f806	False	True	True	True	True	True
806	0806.mp4	806	f69e2cfe1c1d10ddf1f5d7539a2656f2e59a94b5699283d28a246597091efe43	7ab903b8428f27071c32774bea861162ad688a84dcf35e366e92463c37daf940	False	True	True	True	True	True
807	0807.mp4	807	ddd2152ee320950c39ec824a9b43e8f2d68d0a9774d054fa198046c250e5ab99	691f488109f187890dbf904ca4fb54c58d3c6fe102dfa443a74324f9ca4f5241	False	True	True	True	True	True
808	0808.mp4	808	8ce42173897657d237d4252aa5a0cb267e3b945e714b9fbd1e5c865b8c597196	0ed573243bc96366f86268c2b026a6878055141fb4cad2ff931d3ef480d8fd34	False	True	True	True	True	True
809	0809.mp4	809	9dc82dfd899060bd23f4bd21c7800cb3f7c198e6c24fa425eae1d29e8ac9d575	09fbdd558af96676543900107ea823b00312652c828bb16182437fd7cef96738	False	True	True	True	True	True
810	0810.mp4	810	86340f957963616af6e7c98534977c840f3c8370fbd375107d91dd3173a49f02	222973014783c1eda6bb9e9d1d0072e03c6805e9688857499bc2089f1e06a9d9	False	True	True	True	True	True
811	0811.mp4	811	daba994d0d49561542a5a07ca6a218f015c840f41207271a871f2de03a9c625e	31ed5c23c5b3f9f316d3d6cdc58f2fcbaf75909b824a714d5073bd6ff9cf0789	False	True	True	True	True	True
812	0812.mp4	812	df1c1263479250332d88fc87fee0c5019278973450cfcdfaf487875ab2fb5b4a	099ca3559383cb0811f739d2f02c1922276614c2fe66808c1795e62e7c2541d3	False	True	True	True	True	True
813	0813.mp4	813	5764b98cb091dc0b4b3d277baae0e3803efba0c9dffbc16dabdedb111301257c	b9c011b37d28e661c9203575529c62ee0145096234d23fbe943f22800cb7ae72	False	True	True	True	True	True
814	0814.mp4	814	b902651a6b23f910e510716136f90c593e24376e7f924a63f40f4bd1fb11570e	63649ea7683748ff350e81e2fcaa4b02c47e8d5766796604aa9b5d48833d827d	False	True	True	True	True	True
815	0815.mp4	815	7c735f24387ab03a70d3f6628075f43a25f655ff62f619f2e676c2158d6d0a4a	592dd778aeee694e2c96858d5ee93d19ed2132b3262db016f0288507a915dd4b	False	True	True	True	True	True
816	0816.mp4	816	fa06e046988163215a79bc26c73b38d14a9f3b92acf7a837ffa4d9cb0fa076d7	17589203fe797e3d5c36d0055e283dcd1c8c68c6dd3f390e54578657c16f31fa	False	True	True	True	True	True
817	0817.mp4	817	760e12eb1ad9027c846f856f82b270dd34f289134628c5e12233dfd55bc5fb64	2a38ec3a1f62c248e6a101955a3e81ddddbb0cb54e38bd5d5742ddc518447231	False	True	True	True	True	True
818	0818.mp4	818	4f2ce3b09e6f2272f56f516523a82dbc4afd481ea76c05c1444db81c55c21617	5e57787dc7ada0b74ef3dc4e7a3d6031d1e5cf1203dc34ee3f6eb524860cf5a3	False	True	True	True	True	True
819	0819.mp4	819	3d8af55c81672da41ece9bf9d10e508a810cffd1bcead0653e1a3c0d1bc5a8d8	c666c73b7e4275a4e5660b31e27094435fdd16221794d76c3c26ed82289e1221	False	True	True	True	True	True
820	0820.mp4	820	23874dd7e8e1b4c0cbd5cdca67871f27ef93e8c79cb68a7d466a9c0db45d4c7b	6c2d8297124097a97d816815460f0fc2173b42493965b62c5e4da17864f0fb7c	False	True	True	True	True	True
821	0821.mp4	821	f42e2303583d74e1a2acceaafc8f6258570ee8ffccda808a84f8bdcd5884bc41	3d0947a6cb69b8ad3bb3a5d710f3e8fceb663f6a22f5589c99fe1965776763b2	False	True	True	True	True	True
822	0822.mp4	822	292c4da23be00861d9930cb7a744c24f217a8e81bcc3ec79091ad2b2730514d1	6e32ae3df53317c0528fa12414194b2c29774171c8e585c4916ae2af9e154dfa	False	True	True	True	True	True
823	0823.mp4	823	fa00899c2b8845c31309545d74f854315ef5e4b69b6dbb21d56f1e4674015d85	3bc0facacf788e08c1ac6019ced2217b175e7df78e91178fbe69d435acc6b485	False	True	True	True	True	True
824	0824.mp4	824	85a35e4600f46b2c79ad8e5fb1853a06fe3504b1e125961acb8b8aa8ed2ac03d	9343718fc3222a8ca9c7c064d9e4e15d9abe75d149ccdea172ac52915bd858e9	False	True	True	True	True	True
825	0825.mp4	825	f687327354a3bf2f9412fb8c7e6e7e21157bfd944290b8f74970f019010f4a27	f08808a8201e626c3e38884dcfd6ccf5d35eb5665d8326e9ea999bfc53a2602a	False	True	True	True	True	True
826	0826.mp4	826	4a0a5d2732a2204ec333a6535fa3f2279a1d5cd7b405bc45386c951ede7487f5	23990b6f6b72da1d38a473b2232eac795ce88ae8afab0ca74086693d64d0b9bb	False	True	True	True	True	True
827	0827.mp4	827	81ee3b21884a414c13a177c4d972ed4c04fd851c2be219b88d370a5769c1bd36	137f854bc19e43b845a5ebcb64238e804291073a835336dcf4692a868740fe35	False	True	True	True	True	True
828	0828.mp4	828	1c3b41a9661e826482eede88d2cc401cdd0b9222a23c324507694cddf8e2764a	fed7ba46416a1efbbaa7747c856f177c082c1af156b5b8c6e5f44881e0c54ad6	False	True	True	True	True	True
829	0829.mp4	829	5fa924b0e07da99b4b12336f1cb4d545f54c7e5811d657d7aa1992ed6c88a5d3	fa50a80a0a4b2925453409b85240366bc300b5a7c550b1820767be8b7ab25aa7	False	True	True	True	True	True
830	0830.mp4	830	6cb3a3ca5f9d791d6c82f56079865ddaa5e0962e28be83cb8e0e207e3d8a320a	9bc9a46c6c94e748cb303281f3f32fbead73aa393a0a924e14be699ec6032795	False	True	True	True	True	True
831	0831.mp4	831	71e002e0bb55a68f7ef71041f04357434ae0773ec1d63b73a92be8686ca933ca	6a061e235733848748f2582941c9432241d55f27c853dc41e48c8ddc9eecc299	False	True	True	True	True	True
832	0832.mp4	832	7ba80f59346de70b406df9fdd45ded5162888d9ea4a2ae983fb6b0c614c70eff	b083b31a2c8e38881fd03deccd98d76ff0b5d568d33782a0c658e399f62e13dd	False	True	True	True	True	True
833	0833.mp4	833	e21d0093072384bcfa9e7a796f5606f12d37d64e807d98d4b8a9b401775ceee7	a3c2399b594a9f9bb93faed6ec3095e2ad9d3cc7cdc6c13fd9fa88d6f8fa27f0	False	True	True	True	True	True
834	0834.mp4	834	cfc13f9b301b62c3aa40444603c6f5457815e00bb44fc3eb55188eb80e9a7151	2c86c92b944bc8eee1e6584141d2d54de6ef9489831625a89f59535f3969081f	False	True	True	True	True	True
835	0835.mp4	835	cfd4b5b31dae6a8ce86fc7cb06f2312b4f5db121cfed5d15b5ab15631d12172b	24589c31cb95676a1586bcd2c2440c0be14322676de2c37ea0e272af99a161d2	False	True	True	True	True	True
836	0836.mp4	836	55dc62022e39d824d537f80b78371b0d26dd366f4dd5ad486d1edd366e77580d	27126519bf14444812266c7ba5e9540cc63401e901b81635966f7f771b021d4a	False	True	True	True	True	True
837	0837.mp4	837	f8eccff2db4dc36fd4fa6382aada1ffe934dfe3ef3df91d765dc00dd0ff73e46	d1cdeacf9f6a83cc87b519337ee9b49de99e2428572368b4c973d3de95491993	False	True	True	True	True	True
838	0838.mp4	838	71ebaa63a50524c0af71974f5aeafb9601b14b8a5df26ac81a40340b88308625	7bd6842f6a0f21dcd11c75e490ed07b399667265a4da23b2449ea28bdb584803	False	True	True	True	True	True
839	0839.mp4	839	c54f2795fc5632bc820e1c2ca2902b696032bc486d7df98eac9c4cecfb220d7d	13dd161ea6c6b59539ba4ff9b89dce831837f5994ef638108974b9c47f55d61a	False	True	True	True	True	True
840	0840.mp4	840	a91eb06f514a175406ebffd5570a9598952fc91c2fa5ec58304480d67bb78b07	db9fe75630f756913979900f2e1b7a0ba480e4e422bfb11dbdd51bc221a1e789	False	True	True	True	True	True
841	0841.mp4	841	8b2b361d2c6a430a54ddf513ddfe8c657fd0cfddbaafb52513572ce9205cf798	8e009de210641f3369241eb49644b0f9829550039ddb95c0d8383d38e1236ad7	False	True	True	True	True	True
842	0842.mp4	842	c6963eebb3ae5cf867008244aedb09a017c3d7e2819dd07eba2bc3700e439a6a	cbd700fcd8c9b2831d97dbbfae35d380b9ddb956e342f6ebb03e6e40c8f393a1	False	True	True	True	True	True
843	0843.mp4	843	155c21a57c510d3df2c55438b6ebcc5a4d5635f20015d8db7708994460602b26	111aa1ebcbbad64a5bb53ac8b1b63ada2c229728cecdcbbb8db543f29605fcc2	False	True	True	True	True	True
844	0844.mp4	844	c6d3ffbfffd02332f93bab95e4c5a94ec2753f7ffeaa7c866ec3869eab04f72c	84722efe6b82f9fb350bc8494b1037d027e8da2c41b990751580822940bba93e	False	True	True	True	True	True
845	0845.mp4	845	cf949b75a74f241764026c96bfbc2b3224518ec0f8cdf9000a47e78ac5c7ce50	1615f2e10cb7ae577cb5635ea8b9369c03a249d50759d135b8d5ac1daac65dc7	False	True	True	True	True	True
846	0846.mp4	846	6fe806d313df0b6a21d472bb2ab13dd249440cd7a29a4a470c53f8ab0ce098bf	7909186944e1184722581466439b3d3289d5098c22d6c93bd0c9ac7e12cf5189	False	True	True	True	True	True
847	0847.mp4	847	f5bb505ddde6b4354aef4f4365d656694dd7a41d85fd3e214efbcfb9226890f3	04471a612404a66f0a4dd6926685029c3ece5749ae5930bb8f319080506c18d9	False	True	True	True	True	True
848	0848.mp4	848	dc155c25bea19c742cad5335824ff6a974168e4fd45a6a71e174b03b401ca6e8	d77cb66bf4edc8a70ab49245f8f81c2827d2f71f892d6eadcacdb689d8014e6e	False	True	True	True	True	True
849	0849.mp4	849	e15403f184d610631ab9e9ef044a2c34c206445c24c926e2ff7b9f72a939d219	9a85a2811ace2e0c6f7e395fb851784f41d5aad71ffbd9a54c9acfe400484bc8	False	True	True	True	True	True
850	0850.mp4	850	d5fb1b78573ba7a5d4a2874c07322b229c106131d623f890c36d5ceb81876b0e	20b1ee9496201631b37e539ddcb6b24d545441502e7ef5d2801bc50371eeb5bb	False	True	True	True	True	True
851	0851.mp4	851	d4c4b70caa091e348674ada8424a26243fa27b3ae514c7888fab8183e6a45b55	36627323eea5d93cd8127aba474051e4b426ba95a57fcae97a03a6c6d71da967	False	True	True	True	True	True
852	0852.mp4	852	df1a1cddfde3ede1c68691bcf774a1cab7d3c9e3f5d068f2456f5dc8c2e4b7c6	7c6d8d2600f89fde012e06eb284b8e6d1b886f8ea0f1265d250305bcbb92f81a	False	True	True	True	True	True
853	0853.mp4	853	a54e5f434f37afe552e3e8cb8dae66e86057dcb625cda96714e9f748f0541ccc	c93e63a8547093c990522f40b072620d79adb36c4809b22797963e4f0810bce3	False	True	True	True	True	True
854	0854.mp4	854	39e69bcf04db72204cf140bc5cbe6f9766f3075e0031b9c33d1fefd17ed734b2	e708d3943eb98d71f3d6d2794a1d5f32075947b08c2afe20ad4c26f68c0543cd	False	True	True	True	True	True
855	0855.mp4	855	7b44bdbbb7081c4879b08a244332408d16fd6716995060b9751439ef63564368	69f9ba1a35a648cd3d7596d4b53124e34abda3a6391b1ad4540b1f2b4e02c1fa	False	True	True	True	True	True
856	0856.mp4	856	b1356410dee0b27742b901764066470f5bc6811d0a2a974628686c84f3217833	4668c3a2e57472233db82af35d484d4c4c998d554260b0e59cf26fe9c87dbfd0	False	True	True	True	True	True
857	0857.mp4	857	b674cd83ca4cbba21584740d339d38937ee5d9ef0df51a44c1aca94978657c2a	c32d94329d1259cec38c815e9aafeb9c3cfff4c74a4956a791a4e30e903f3ef8	False	True	True	True	True	True
858	0858.mp4	858	015b95f978d85c67bfdefe74040fc8cd42a416ad24a5a6f423122644d76d800b	38503cb68ecf882b18d3709c325473fa700538298a77ed2cf3c93762a97d1c91	False	True	True	True	True	True
859	0859.mp4	472	e3dbec19eb3de187a2488971207e0e504827b3fc09761162cedb504ccb228c35	420b1419e7c669dde1bc7566bd824cabbfd50b1a2e29f494c5b3f1755d53322e	True	True	True	True	True	True
860	0860.mp4	860	529532266659c636383245e9414bccff56686e7425cbe1c78b7ac726e6e8a986	da1aea9b8b0a3abc961fa0e077994706c04e607857aa9551f1937bf821de3b34	False	True	True	True	True	True
861	0861.mp4	861	8c6c498f0ca9a6ce5fb3dd3265697d29e995b04097e1f71bf84982f1582d2af8	a4e407cca30e6d8f1e2538b53a77028ffd89eebcd300642affb7f301b6019563	False	True	True	True	True	True
862	0862.mp4	862	dd0f2849ba2ca49edfe9008747646adcaf20ea0ce3f468fe9d832bafa39f123d	40d43fa1015360aaca1d22d15f81888c275228510d798f83599f84236aeca893	False	True	True	True	True	True
863	0863.mp4	863	4846a44e1aeaf81b7281759ce173c2c785c24b1c2e06655342e81418fe1b3546	fbecbd59dc0ae0c8e41c092b0c87ed2c33bd0a3e838ece0b2e10cd6882022f2f	False	True	True	True	True	True
864	0864.mp4	864	5361fa6cfc51a895632d59b9e4f35a66e10f5c7adff2640db7cc85acdd05f88f	94bce4f7b59fb0650c25a2503f7ccdc389acceb868d60d93d0962be19db3e3cf	False	True	True	True	True	True
865	0865.mp4	865	88fb4cca3a74a94e58f77088fbb41d22e51d4e5dd11ee2716ccb4c070a5b7dd4	deaf48a222a68ef2e1fdb91d07e21ad26aa26d6b565acea5ab7b5e0c9b19b6ec	False	True	True	True	True	True
866	0866.mp4	259	afe7b4abd0d5ecb4a7dfb6a25e01c966551a1f6acd73759414d4699e4ca72ab2	9785faeaf1adf627396030d3570cd255ea25aeca0f660b4e31460361da377fa9	True	True	True	True	True	True
867	0867.mp4	867	1517b6cd5d6f95e13349764ff268fa3c67e0b1c9008f7164cce528280e7700f6	efe0124c81310dd0fcaab4d3243d8ceacd58e5b66176eb7753ef380a8a204387	False	True	True	True	True	True
868	0868.mp4	868	a711266a75a09ac71353d48d9575e36823339dd908712a2005068d3f20e9dd0f	02b77544bd7d9b08f1488f509e5bee9d7768513bcd26eef54b624919fcfd95bf	False	True	True	True	True	True
869	0869.mp4	869	aa3289ba01b101999065779a01d30f4ca8e5c4a683908ee401d097ddae9e810c	4a188dd35aa7001714e5ec41603372b58f165fae923474a555e734a519b8233a	False	True	True	True	True	True
870	0870.mp4	870	b56515ffdb1656e6709b374bbebd066f349efbc1ea7646b2ccf6856b049b5a06	20fa9ffb733c22430e345cea3e7661668bc210a6661aca104e66de82a9567bf9	False	True	True	True	True	True
871	0871.mp4	871	607e5cefab3d9b7d1d8d525a1244233b6c97f77deaebfb0c5892a3fe404c018d	efc2a0d7fe6efb2a83c233e874f2be1d864af57397ec6bba348bae3b6c5bc52e	False	True	True	True	True	True
872	0872.mp4	872	24dbc80082fa69fcd9eead836904e4b4c10ae8d828146f7ee061aff24bd7f13c	a5928b53b3d853382de200452aacac8d99d19d286467b5c99601dde04e3142fe	False	True	True	True	True	True
873	0873.mp4	873	0df35080a9cb24456b24d7b0bb60972c46c5c7d93cb27a8d88f16803468a689e	717a4f8736a48650f76cb61b5fc50199b6e6be6aee3e253b81ff53e9e264a8b3	False	True	True	True	True	True
874	0874.mp4	874	79227b54840eedd5e9ad2a03cd8416c7003cfc1bf2504ecdb2374e54a90567d1	aaf3a1c14d47c938e6b82698de7f69e4d6791d2fcc6c4584e7c3eb45fe7e9ab2	False	True	True	True	True	True
875	0875.mp4	875	175a5668a6e51cfac8980c6a945d05319a3939493b4db7fdb851ff66d51fa2b6	ed3154995d55bc972697caa1108090a47293e7cb0f36db21a98feb012fb2a31b	False	True	True	True	True	True
876	0876.mp4	876	5145707c70d3ffac4c2f9375f770ae44b0ec09057123f55de3d6103bf51409e6	739446f33a8744a02d4ae2fba6978f593debaa8d988e34438295dc732d82090a	False	True	True	True	True	True
877	0877.mp4	877	5400017c8fe6813105a1ae0047c7791653e9387dbad744cc1c9450d696bbb2bf	0f73528d7c166cfd4eaf8b6843d5bdebad104e3d83d97d42a6ce95d981e119b6	False	True	True	True	True	True
878	0878.mp4	878	b79c7d7c0e015e660213ecf5f9ece7042ea9e240e44f2401d12e2453998f833e	d7ca8664908453aecd4df26dd4dc045705969173b7f34fcb1f38facc73521b8f	False	True	True	True	True	True
879	0879.mp4	879	4088cfb3a27cef32dc7529ed4f362a2b74de62c13f1f1055a16fd14c79ef69d6	c00fea48d4eb61d0a549524373a4601005df6fc1b4e668f4166dbdf64f468580	False	True	True	True	True	True
880	0880.mp4	880	1d912a253ee679f4d8adfa757d304599e36f886038d337c2c083c7e062118c0a	ccaa79a1b78efaff6a27e629bb4a90b5b263881e5475498cd5a9e9f8d47a01bf	False	True	True	True	True	True
881	0881.mp4	881	8f708217fc9bcbfe8919ac720e193897b67702d29ab728d67b15eab64a56bb6d	5215ec0476882a115ed1584dfe610640275fbdbadd58b27bd53636bacfd92dc1	False	True	True	True	True	True
882	0882.mp4	882	4f313be064bd48bd09b0cc2bbb77641ef85e5fae97290d1e294e11810b9ad49e	b609ccd423483aca75d99cfc83c547a978c5b1bc3dae461146451ced0f129f00	False	True	True	True	True	True
883	0883.mp4	883	a86c7727f39d78568bc8053d397e1842d5386b2f44b976dc673af6a0c8ef7a1e	2cbc494631e6a7ac84460a0bcfc89ca168cb0f20bc65dacb012c533e54bb7f12	False	True	True	True	True	True
884	0884.mp4	884	5785de07968e5dbd22f6616087f37166bad358bd1611d72bd6d56ee5ef93f510	0b8f8e4767d5f5ef0c922b2ae51ef240eecb9625e7024e13500ebf333297c47c	False	True	True	True	True	True
885	0885.mp4	885	61ae344d5a15c07d7b81159731b9b0beb1de40a1edb5f567dccb2e528fe9598b	6402f7cd50490becf8083f18e8beb7093d0f3d563ee7760ba47a8173d928f9bd	False	True	True	True	True	True
886	0886.mp4	886	52945c61c45d49e0995642f3228b33c50be05353d0457e8c2cf88488613c1484	220d2009467cbf513d05f720d0925c121b23b97a22a9f456cb747cddaaa94bc4	False	True	True	True	True	True
887	0887.mp4	887	376f1bf3136a528a75fa81f6a4a2b34b079d0d6a32b69e3146cb07d9c7e24603	3e3b357ecf66d465df5d4f4ff868e597bf45a4070009d322dae84117807ff23d	False	True	True	True	True	True
888	0888.mp4	888	1b15d040dbc95bb52f6b441ed9bc238f058e05e9c0f21ee0c671ad620676923e	820a42b3097bdd4c71c2ef28ad62ade91f286fc7f6e1cbb5eeae9c01c8d446fc	False	True	True	True	True	True
889	0889.mp4	889	71222ab0221f0b9cc2863c4d54ae5e5ac06ef306ed8d1530d6aa7d931573b775	70e04cdca0191d38583c841b92bd4dca6141f8962124f1ada9b8fa194d4015fd	False	True	True	True	True	True
890	0890.mp4	890	cc8ee7c5bb7f64b6b9f01dc11fb8fa46b9f0aa13f4d260475d7fa62519f11c92	9a27ae181fc9f9b76a1606015fc6fe647afba2ec5069a93177964246b15d46e8	False	True	True	True	True	True
891	0891.mp4	891	449f410cd64738e36fa024e5240e9f8d493dda88535c1ad06a1bd9d85fa23eba	1ad375bcb2cd203a62d12a460327a65ef07efa1d39a6de353cf67f207fc81ce3	False	True	True	True	True	True
892	0892.mp4	892	5488fd95f2db2fb2d394414edcbd41395b4eb79efe27621a5a20f628970b6248	c7fc04864958f9e65ad2328bcfd720d46e3667d2ab1818ec76a447f156c65f75	False	True	True	True	True	True
893	0893.mp4	893	e42ce607595585cf6d364a19b552187cf14a0ad267a53234115a7875054c3132	705f8bc4721efefca8278a854f2e7486aca2ccb2c3397deef408d6b37f92ccc5	False	True	True	True	True	True
894	0894.mp4	894	c3b0771f240ab33c70ee188ce342bbd806d49d93c777f4aff7b105018b47059c	80ee6924c46fd8c5dae88de18762e1329bef9be7dc7159cf332f5fc70b63fe2e	False	True	True	True	True	True
895	0895.mp4	895	22d49f9433e8e922b40511b40d10692a1e3f12bd703c32ed1188fe6c452d5963	2143392901692231fc9e47bd4d35cbc5a881f1fd0d672d0e9571b72bf6a2bd4a	False	True	True	True	True	True
896	0896.mp4	896	e614bbf9813901964a1011904f45aa96fbe50213f51d7e7fa4012fd0cc2dad26	9684aa254b13a06e7d8872dd92e5860d3d4543ccc5fc691df65d53bc3bcbd798	False	True	True	True	True	True
897	0897.mp4	897	d59e20543b57c8e8a1a709c761783283d593d97628dd3b558e77aab26be50cc5	87b66ba2713ba43b8d80f161fb257b36ade117175146c1e631cd89802097963b	False	True	True	True	True	True
898	0898.mp4	898	3a5942d84225167936d2ce1ff028a5865224c7a3b87a323ca3db208ce05a2862	24951e9fab50fd8974d7b67b980a5e083294cf78c56db03991fe9d5fa1b8625f	False	True	True	True	True	True
899	0899.mp4	899	5d423d763a86e482fa23629e541a06c5bca57a02e336cb28ebf31df96bbd9c67	05c9c14ad3826607f225fee1e055b499c2dd7715d2d31040a0e16aff2dc6f1a6	False	True	True	True	True	True
900	0900.mp4	900	9cdea24ba39d3effb0e162983f898f34f1a31804aa763bc0ff3de422accf2088	73816ad6586f49ae8969c9e07b0ef48bb93d5c0574bc1a61d7801e4405de8abf	False	True	True	True	True	True
901	0901.mp4	901	89c48d0a5871457a94dad844e183a91d3768a7f6a5a488e9b4634a3248c65274	839a9ce447d0d626e821218ae7cc65ee72d21575aaf112dcc00c5fbac899441b	False	True	True	True	True	True
902	0902.mp4	902	073e636ee9f5a71bc5476eea66596c19205186c05cfc0c1c9f973fc77c211f5a	e88c777bc6d7b2658f5fa45be6267ca99396119004ca6c26c465fc11f5bebdf4	False	True	True	True	True	True
903	0903.mp4	903	42386f33e8b19ad712095f08a88a357e7b25d43f2e721f2d9f72946c28a3f923	dcb71a0af747dcb522c2875d346e1fc4258f10bd76a1499febc5b847a94df44c	False	True	True	True	True	True
904	0904.mp4	904	d63127912e6205143359e862e6b69d7f9ee1e1dff3ea3c51ba6133ce62794380	0d7607684a9765bb5e9c9afc0ac74ba3fe202c83c0c0810b72886ff7f1ba1a3f	False	True	True	True	True	True
905	0905.mp4	905	a386b43ffa3621b8a5bd2fb9ba306f24dcfb25adac49105593938611d018aef2	5d213e439c36386ada2c665ee0a727e5e0f2a9e18080db0bb4cbbed86a79559d	False	True	True	True	True	True
906	0906.mp4	906	0c1b01de399246c4dcc7140afe22a93e9d585909bf10618b9784a3ff7799a573	b84569d3db7b54e5e64a65e97a471f64c6f39d13e6b0507da951b65d46903194	False	True	True	True	True	True
907	0907.mp4	907	b6a19bacec0c2c0c9a2934bda7a6f2c16efd42698c24bb3e8c8249e2e4802d2f	c94ea5958ade2cc7506ebc1b85c8a8faaa3aa289f8d12b39a493908a32f27694	False	True	True	True	True	True
908	0908.mp4	908	a6f2ebdc410dbf1419c81744f8fa0a4af25c1683fc9a81599ee5b905aafbabb0	a26b2153a813f51b3d85b3675f27be5654b5955402f61f1973d20ec117130c5d	False	True	True	True	True	True
909	0909.mp4	909	dc0c2071d372b4703e5a9026ffadd7b224fb78d45733a9eaeb22a4cb38e98251	e4495cf3ad00060f96c82f5ea578d038ee11c0ecc79754a24417105ab3dbb413	False	True	True	True	True	True
910	0910.mp4	910	8d5436225555aaaf1a6100970a0cafa6fa756fca0e6eb876028c6aa258eb24a6	0bb0515c039581288c232c48f030fee07cc25155625c210b27362c1b9851da44	False	True	True	True	True	True
911	0911.mp4	911	d8b75b14c673aab043aaf13bfee213a8c9244323b287a78f5d4aa9753acd84d2	f82ea618ace1382d4d9f28d1329c99f55746fd47462d8bfa6ebe01cb8893dd6b	False	True	True	True	True	True
912	0912.mp4	912	f7dbb420412b40216d8b34e85e6952b87f919de411730af08de8d3f5c7f9bffe	0d2773c855340a9c342c687d3b414bedbbfe4bb8b6f0fc20df36db12ef1854d4	False	True	True	True	True	True
913	0913.mp4	913	0780432200b722465b76926c785f2910b35d0ddf4863971b3331f3bb38248731	cfa674dc336b34cb7db92ce735d6ec1bf5f39cc5965d11b0e7f0cb6fd48cb4e5	False	True	True	True	True	True
914	0914.mp4	914	b602ec871963dc3817e3709f9c7f300015d7b394d76cb1dfa805456227f89c59	dcf73bb05aea03e8f5ca979c28472e435d8f7d2d69da6b2cfe758856f49e9ed8	False	True	True	True	True	True
915	0915.mp4	915	6515e882d56c440b3f0bb324b2e583589dac260f8d2575d66a9b4974088a0208	08bfb1d5547ebbff33e373c08de8d82aead33c9d2303cd7c27f50a0db37592df	False	True	True	True	True	True
916	0916.mp4	916	cfa95b23a46ce70fbecfcafcd4366514b51f8e2bc16970d4a4801d1e80e4d248	c1261b8000cb1b4a94e8f049e5c69d1110be8b87ce9c4fd5e85b9178b9fecc5f	False	True	True	True	True	True
917	0917.mp4	917	2f9f3ec1b67874c6ce303e1698e3d3b63b4e73f0ef78139ad7a1daa83456bc90	75a865c8f54798f9076d40d199c830eaf0901ea1d77b9a65630254d50a114d0a	False	True	True	True	True	True
918	0918.mp4	918	a612431268b82a7358d81510a70a736a2c0421e391ace61e13d7d0c1fcf37438	81a5e0e63a0a026ccb0f0ec5bc657bb2c049db3e3263536ded3b82ca41ffd8e1	False	True	True	True	True	True
919	0919.mp4	919	65dbfc7d3e39be7e40e496975c1348720fcdfb615e74429ab0f1864d169765cd	c87ff92f11b8e07249cf70c8bc38754b5565c1197a7a1ceb5233da565539eed4	False	True	True	True	True	True
920	0920.mp4	920	dd6ec341a241c5f7e04831e0ff01b781bf1bbfdde5a9e0e897f57248d26a9f4b	8406dfa25e06b05d6ecf67820999ba18525d8b01d117c9ab9ed5475fabfabaa3	False	True	True	True	True	True
921	0921.mp4	921	a591f11148c59cf1d54b28f7e5615f41e12a472afd25c31d54db97f1be5714d7	3373cecb93f765b195e1cf7cf4415b462366cef8b38f967594af36a1e0a156eb	False	True	True	True	True	True
922	0922.mp4	922	74afa8d6de20f46b434b5fd693497157b5be0826adea1493b446a281bf285f25	b1fedc10459f0b7f011ee247696fcd5e0427e205d43918776a605814c4892770	False	True	True	True	True	True
923	0923.mp4	923	637883efa037e7a781aa2dad045d26992b8d2095df09fad5fe43abe56e0c721a	709c60ed0a8a704d27832bed013417f866d8d25927d394525cafc571a1f14ad7	False	True	True	True	True	True
924	0924.mp4	924	4d91d8f22576b39a5f427f626b161eae579c54c50d32bf98a35e16007113f36d	626f8cd3517c2641b226c406f7285e350e7c41004ea760c0668819b2741aa29b	False	True	True	True	True	True
925	0925.mp4	925	adaf617f967438c27b4eef53b76a5ba737c8d514198635cd307ccbb58063b0e1	6a17855e39f34c31167c24b867a5c716099b7812fd5088506f2900698455ef3c	False	True	True	True	True	True
926	0926.mp4	926	450bbff4c80023c71e8bf87cb2e643c85dbd6a55eb3c2fc0d44da1379491affc	f4c0bf73f0dc448fbfd03a3a9a6edba51352d18afada6912160adf83c5bab15b	False	True	True	True	True	True
927	0927.mp4	927	4accb6f183fcc89eaec5295655c31d178a56e14b096efdc399581687291d4625	006ae5cebe62808c292563957430b3b2024e0216a9fca30f12b55dd5fcdd83b2	False	True	True	True	True	True
928	0928.mp4	928	0e244a343b5e61b6eecf4967a3e608ffd7e4a695027f8d20dd0cc7db6e558ab8	743aec928271c64fae119c6c257e251d65da24ab8de02ca8c1f0828331d1976b	False	True	True	True	True	True
929	0929.mp4	929	e7d0519c626ad1f16e6c54a7a5c5b16580ac7ff4dc778867afa9a9917d3e078d	a56d7476d833d03c1a0257004b0046c37256941ca06875ae6bf4aa191c253bd7	False	True	True	True	True	True
930	0930.mp4	930	13e010a4aae04f3848dee56d0bf4e1a65cc5e5a1b5b0ecd0c791391365293ca4	133055ddc658e4db4844badba9cb31694e402621d0369529a7cc160816f1011f	False	True	True	True	True	True
931	0931.mp4	931	7b1f0a00836a53211912402deda38d015e7283350f6d9ddc2d91fc9d5ea6be37	11475da7a04cd94b5da6a5adfadc504a377690ac5bad667110211a71f4f9c20f	False	True	True	True	True	True
932	0932.mp4	932	5228e7d443058aaf68e56793f339dc178e70d129a1507293c734cd62d5d23c0f	79691153e12b9babc8b6a8c35a862d269f810e72fe26f71df5fa9ef0522e75df	False	True	True	True	True	True
933	0933.mp4	933	8dc0da01fe1f109e505478ef18028f5c948b9264249d449337cb818ce0cac8ce	8d53abbd69f893b252d5eaf06fa98fe07276148fafd2f751334ebd06e8c08d00	False	True	True	True	True	True
934	0934.mp4	934	7f804759813d639cadec635ac103a8051fb8dbe97c6f795ffb856bf03d0d3aed	3efce15fc87370f1bd860bab836967e9ac17a2640d76ed99e025a83f0c3b35a3	False	True	True	True	True	True
935	0935.mp4	935	14cfa87e4e65232de8436a9fc791780f17630e7253171613c2ffb8a658b4faa3	a4681cf506bbeb9958cbee98c227fd11e407d54a73b0ab395a4a6cc0950b59c1	False	True	True	True	True	True
936	0936.mp4	936	6299d769900aa18a7507371be7c1a7aaf8c74d33ed4075eeef11678a3beafc36	a9de45a69aa5921cc982ff40bba350de2da4cb98c398fc7a40e4e50e2396b0a0	False	True	True	True	True	True
937	0937.mp4	937	95f4f06dcf33c49e553b493715952002ea26404548c6cfd723134263a14f2964	0edf61329d582f76f472fac90187dc54f5e3a3de8016218f8b4bf857bf128643	False	True	True	True	True	True
938	0938.mp4	938	71c6886a2aef60584ccb5c1b376026bf3343f9971baf498c7c1f59716f1660da	ab7d3ac62d67f57b7ac99faaf0df1fc49cbf072bb153d91d22001526a6a98793	False	True	True	True	True	True
939	0939.mp4	939	18b09866cd6a27dc35cd2c16ab096c7ea01eb751882bb31880fc6e31e1db7dea	0a47c0383e0cee4f29f174e6c6e6985b7c8aa7eb8eef2c5a4154f40317ea3bda	False	True	True	True	True	True
940	0940.mp4	940	5327eba9bf5ddedca6e987fc4dac290dcb8fbc0d551ff5791d11473a8945ffeb	e10db9e12b6a9b911c412d107d8f12c9d8be0b927152d920f6afc857fbe6a432	False	True	True	True	True	True
941	0941.mp4	941	062da96ba71f0ba271e6e12a0af47695623bf5396e9cb877ac1962ff58623ad4	df2af038f4775b40e2abb17d274bb1f1fef78ebd2219c51c6a66391bd34ee211	False	True	True	True	True	True
942	0942.mp4	942	68dfa4205d697dda591cf22c1c9d74a148b1700d2491b8383a667dff504dfbff	b9f76df299b1369ddcb7381046353e8e27efe8bbbdebb74daa369d82dafb909f	False	True	True	True	True	True
943	0943.mp4	943	70d60913f7e1d4240ba9e8986556d7fa7bca6117ff3e37360b9d0a9563d5c951	236f9b2f97dab5acf4290d30b8fc76fbe40ffa4cb24560270af67730501b043f	False	True	True	True	True	True
944	0944.mp4	944	973ca90a001e23478840fa0c019464f4b9b205f38361b4584b8242fcfdbcb244	c139a6659f2012a9c512d650de421522b131fc4cd97eda2ac70d075b3af69fe6	False	True	True	True	True	True
945	0945.mp4	945	8d6efd3bc60e283cfbf823a04012c847a547bc27612f2967b74edee87326ae80	59fd38e97fbf8c59181f31914f960355ad0cb10354bbda699d0a69bf19423870	False	True	True	True	True	True
946	0946.mp4	946	d851c9832b89a3636c32e4a98cbde8801255d04c306e80c20c63ca8512652f5a	5da5ef2d3da205d11fbc6b6bff70558f9ce510b75078c4e2de0fc4db825bcfbe	False	True	True	True	True	True
947	0947.mp4	947	8ce33f35ef12555f1f03aa5149d0228594353b53531c6740507c3b3edc3b8151	3c74aea84adc95a7507e71a75c98db5c7399db29fea67dd120e6431a14286f0b	False	True	True	True	True	True
948	0948.mp4	948	80d7a64f2e38f617e32a577f00b1900204e52bdf74fa29ab5d41847d3ee6ca7a	1f381bccf6c86577dd8808f51548d0c13477cfae0749d2d8b183d2f89c685e1f	False	True	True	True	True	True
949	0949.mp4	949	b9bd2ff32be3f3957b547036130a93eb2fddeadbd308ab4377cd5ea08ed12123	628361ffbfab89ccd4028fc7d570fe51567ae15b5d3763965095ae47925736d9	False	True	True	True	True	True
950	0950.mp4	950	ef1720f13b1362dd2d1e5a7944732214da32584f99044f570e8ec5952e219673	19fd95bd44bcd1be92b8d85192e5abe61a44c362ef51c09561ecd2197daaef5c	False	True	True	True	True	True
951	0951.mp4	951	23bf83bab19d786404d1ab3d4774f851e181f8ee9801c113882250bc88e8ef06	05968d6d84acff0fc2953c941e19b25c3a84409d33d561af623e3ad2f082b213	False	True	True	True	True	True
952	0952.mp4	952	e0bcbc283b44652795627155f30f0d944ac02b485dcd96f334ce208fff30cafc	aee9a92ed2430fe76d51cd6e5c61318a06b4ceafb4b254b56be158553a411edc	False	True	True	True	True	True
953	0953.mp4	953	e2c3b19bfe64d2953a094f30873949ba04c0e38ac2ea4dc738f86ec61380cd84	a4183487efa28ca596e64cb2713427ff184b7f4426944846693f22bc242f47ac	False	True	True	True	True	True
954	0954.mp4	954	c41c39145613ae99e68e347f169d275cb089f1032feed36fd190552ae8832ab0	89ed4d08ebb59748f633d657d62e11c7bb699d0b2fe64b797510ef6a3e850b30	False	True	True	True	True	True
955	0955.mp4	955	9fe87878f8b1eecf9daf5232da585358b2186281182ff21f29969bb83e4eab02	f88b77ccbe2e54142b78f991a4aad47b44f5fca70df467b24b1a8c14373c7d4c	False	True	True	True	True	True
956	0956.mp4	956	4406e2c0d499c06bda94029709b0f677dba30c7c96fa2000b21cb031add949f4	e4c730fb9ecc3963ff237617104fb7de836dfa394fcc69cc2b2406186dc10896	False	True	True	True	True	True
957	0957.mp4	957	ef12834bee7e4940f42cdc4487ae62aa5e57d914deb3580c2ac012d5595fdda7	8085a37bb48e39397ffc5b64051647e7f92c650bdb27dda3ae48de158a3b5066	False	True	True	True	True	True
958	0958.mp4	958	df0361851788c21bfd88e104bcd794d49834cfc9b303feb4179b81c9b26929d9	bf8d789c3c81376e22166f1f9ef096c06a19708d0345f81cd87e762acb27795c	False	True	True	True	True	True
959	0959.mp4	959	8d4219607c1ab89193ac8721ee6edd3524cf3136864b104be20a1e601499680e	5f1950c75216503d9994184a08d868eb1c3e7cba4ab5de59759a5daee126f16c	False	True	True	True	True	True
960	0960.mp4	960	707d7a85b5866b8948816dfc64791d9471b823b8b170c0c3c09cace36e04f096	166de8caf6b6707f5599b801e4bd171a4be3dd746e52a3bb8d9e0e9355411f9f	False	True	True	True	True	True
961	0961.mp4	961	b66d6abf699ab1ffffa786ec78b8c07bbe65cd6cfbca41f668d85b8183298da0	8070cf583c903abd21bb42928bfa2108aad43204e97ccb12b195475828d1ae0d	False	True	True	True	True	True
962	0962.mp4	962	09dd49df6d1e6735dcebb215f104f30719ee0cb443b1a82b766fba747d44993b	c9b445d3a047d66221f8daaa19f95279cf56ea5cce88f8649109ffc706795976	False	True	True	True	True	True
963	0963.mp4	963	d1d5d8c1584c8a63f9b02dd1e0848b075fccaedb4b0b60042e0371e84d78884b	562698c432487d57342c0b9e90796e133c10b5dc847bf3b10e66133ee60a8fb3	False	True	True	True	True	True
964	0964.mp4	964	ab1f9a10f6a74fdf872ca31f2cf95e5295e21b009ec5bcd0e64758183243e373	3d80521f12c30ec354fd1f56c7c03d7d38871bf23decb6f1c3250d9ee294c769	False	True	True	True	True	True
965	0965.mp4	965	0a168589caad1f0e570938669bdf7cbf1f128add91fc6b93189ac2b3472259da	b8f0be047c7739a934f8090a3aa81ef6d9dd44a2cacc2552f47db6e462478798	False	True	True	True	True	True
966	0966.mp4	966	b4ced8020817842817e550b938766d54217ce849097bbc0184812f0985ab3a77	0fb2f40a59d30b7dc9f450b7c53d78354dadef982b0d42bd25d2c562cc49de72	False	True	True	True	True	True
967	0967.mp4	967	5bcf4239fe484cf5080f37b9842112648110e450467812ad596c5fc5e72a997f	0d1857b8de352e23f35f50d791a5d95ae8060930db541b5b344843f05d586df0	False	True	True	True	True	True
968	0968.mp4	968	05de64f499cf02fb0be118a82eebb5d090f6c6f505331e3ce0ca74f29657f1ec	722b66fc8b5d78e2b98a51db6bdaa79aad1f59de1148b19dd83f5ecac0d33a82	False	True	True	True	True	True
969	0969.mp4	969	78fa39113dbcb6cf88baf59a5713fdcf1e698467eb04685d6ccd88997033e177	b9afd63fec996029fca2958f6ec2ad11df8fc1e3113edad0796fdb3b65b918bb	False	True	True	True	True	True
970	0970.mp4	970	13c21f59ce91591e6d49156f3bba726e9bf2e949e7409cffe827254fe31c219a	27fba3226442f0863388090b121ad6e75b08ec9a12b37f851d19d59c4397e16c	False	True	True	True	True	True
971	0971.mp4	971	afbc4238668e83ea7040322a7225154d1e4ab5a6567cfc9ddf7ad83c248fc2b0	f676f54ef14274587eed5b69dc05b6bce9c9525c16f8c1dd988521f6397eddba	False	True	True	True	True	True
972	0972.mp4	972	40f4b279987899c0f5cc09ebd822a9c0bd777f025b0f9e96fa539c0daad932b7	5cfe7672b712d0a3da152fd47c84b67c34378f413afb5b053a7db09b1bc7a19d	False	True	True	True	True	True
973	0973.mp4	973	d3214f3952fd0d6c92b004dc4ef789c0baaa40db2461e339e33a426c3e314007	f6ed2011a245029de526f51ac25a0d2fa006701e7b8cd1da3d5c7202dc9a20ff	False	True	True	True	True	True
974	0974.mp4	974	ab3c59171c9ed3633fb55f3d1362cfb31b85c7446970825919a4d95158ec809a	37e682a87e9ab7d55f75208352d1419c45f9da04849c5d6d364835205846d59f	False	True	True	True	True	True
975	0975.mp4	975	5ff751d810bffb3ee033d62ceb632842e908caf5d291853ee93ad3f3b4b995e6	4ce84630c01ff4eb8c0640b709b5afa79c546995ae53a3d837a8524c8cbdfa48	False	True	True	True	True	True
976	0976.mp4	976	3db0ed5f65fd6f7d42f61495b619c78d8664e8c021e25bf1765571d8e44a4e8e	e7d49fae823ca3304c463e86185fa3330a5543826d317ac1cdf18c8fe1fd4cf5	False	True	True	True	True	True
977	0977.mp4	977	2d2f42edf65e4acaf7349dc5257e263afb77d52da3f767d9d8c6aa9077ad21af	9adadff1c5aaec38fd7a564168d59ff15eaa7ad9de0979628b4e8d4f9b6e1da7	False	True	True	True	True	True
978	0978.mp4	978	ddb07e7df27890bcd6b55ed70e7b9ef0cf20f287f7036e8f4d6e868e1a5107d1	8a4785660e8d7dbc086acaa075106ef327dcdea6e04ff21dde600252d58eb313	False	True	True	True	True	True
979	0979.mp4	979	a6fde4e237d63354e1dab83b01690c3aa7c270943695e8d8efc8277d3fd4cb2f	df66b3736087f0b7fd0cc4160f2851baa57a1acc69228d122159806bad06ba2a	False	True	True	True	True	True
980	0980.mp4	980	6df137fff1184a1668a3380162a12fd8065ef12f7d65b38c5316008ce0e250fe	dbc7ab9107e22077cf0e49435574767309362a113d22af56ddfc428ce50793e8	False	True	True	True	True	True
981	0981.mp4	981	d156d13d3fe63a45a4225837037ff25e46e471d1b60c0a4e12c9ba3f43bf7851	34b586d523e3da3e48e47a79be232aa9da16ac14c6a92ecfd03d26628a17dc49	False	True	True	True	True	True
982	0982.mp4	982	652be7e4dc84ff963e0d3638cde150c99c908f9e4b084aca6c865231c6ae9c70	9e0556ab6e26905913192b93b322182320c5e643d1b72ba588a86c89cbd3242e	False	True	True	True	True	True
983	0983.mp4	983	9eea351ead4746a615c60c5db2cc259518ba1e2d1491133d7a4805e2adda075d	60302c4074a168a8adac7a88019faa73a9ab79bf72b1f2d61a21efb4dbd889f0	False	True	True	True	True	True
984	0984.mp4	984	aaaf64506551bdad66543d92ab574b2438f51f719515104c82dc802cc7d75878	4833b417e9c0bc9712862f4d09775917dbbe176bfcc85d34cf3b03502966fe49	False	True	True	True	True	True
985	0985.mp4	985	8d0f3d282018981907f8144b4acc302022bc7dc7b4fcd9978965fb3fe08fe336	ccf3158219b5ecfd695f04eac7cfcecb6afa089990111f99974e24255251720c	False	True	True	True	True	True
986	0986.mp4	986	3d7c4c6545a01cb4d9e5bf7c1c5b2dfdf486797da73df07823aaeaa2fde73c72	2d1e2aadee3fa41c18d86c647ed9517db6bc1502ee97feae571a98cd6912f113	False	True	True	True	True	True
987	0987.mp4	987	03e1e5787ca09c6cd4071b5fa338fe79758038cbe482f20b586cbaa7e602b363	d9ea42c6192d3e04ea49ca4986bb3131197bbcb26ef5fb15f3388f5a6cb9acbf	False	True	True	True	True	True
988	0988.mp4	988	85a9089ead27f11615a39948370c1ac64d73ce7de4b23f6eb69118c47ffb90a8	9ad004901dcf544aab77922c3e41ec55b063e59115e85f2eddb350b824038822	False	True	True	True	True	True
989	0989.mp4	989	14c95cf4896471e37e23ba92429bd74deeb57ca663af7a7f77500fdb3e24ec0a	acb70a970397f38d061c6fa4902cf39c383d4df679c3900b7ae4647b362d26b0	False	True	True	True	True	True
990	0990.mp4	990	dad1bdcf4ea96f5bede4c9ddc5ad870039f775f0f126dc144f6f651ff41c5e88	61dae7f5093904016442b31cc02288ad079a69b88300f542510c5155ab85a0d9	False	True	True	True	True	True
991	0991.mp4	991	76bafe83b2abf7c0fe18b171db99f8a35c77ab8c46291fe862a0cddbaca02104	d645b9ebce793ec8f5ec70a1210cd2e64fbf6e7465961c0228f89950bb73eb34	False	True	True	True	True	True
992	0992.mp4	992	4ce430b6115e9a21272c6ca7427ceefbbf1008e6d668749ef63f3ae1c14af4c0	e0aa94e46847e7f3cd865dd0f88a6cc065c1d21bfb5985bf59fdadb94ceed964	False	True	True	True	True	True
993	0993.mp4	993	5ed66ae2761627ded1b03cf7d8c32d5dd93ef137dc30cef7457653d6b84806f4	765d892aa58d9a87e88ba68ca6d751b24799ffa9701fdf45d3f988662808080e	False	True	True	True	True	True
994	0994.mp4	994	db95a94be9f9281ecbbc25f6a2bd61e33e9ccbdc182f8a0532ededf8640fe6d7	1a830ed0b77d78089276c228bd44f91e26be97d51877b2d20d2f424684aa9711	False	True	True	True	True	True
995	0995.mp4	995	4c7170b73f02228ff80bbf4eb8d971d40fab6979885d958220c3f28046083f2e	941ca61446001cd41554ae789b1b11a907f80b7a4bbdf66d3581f8d7fb6c5745	False	True	True	True	True	True
996	0996.mp4	996	176ed6266360a0cd296988a4b20ac3467b9bacdfe8bb23d713710d2330c226a2	a74e341ecba0bc7671b6c77fe6febb18c94e942464a1f572f2c206f7ee05039d	False	True	True	True	True	True
997	0997.mp4	997	0781b2f472bce6e0056a45ae37bdf3d37c1c9fb507a43b2e0394b57d482c4752	aeecf47c477aaab99cc531893e23fcf27ba80a340647fa23e396f024a64eb70c	False	True	True	True	True	True
998	0998.mp4	998	19eb4dc4e424fc5b79925cb323cd41c2b49754285b1edc84fde4f6f17fd1d328	31dba8fc404a032a7ad988a8a57c4ad73f09751e0a5a5d980331b734ded75249	False	True	True	True	True	True
999	0999.mp4	999	d2f4e61071c54f48265a70881b409ba73253cb5998869dcc9b13b322ff444a2b	dc23d9cee90cf246bcd01742fb9076d07cdbf01881ec09f3301c168b2c3afaa6	False	True	True	True	True	True
1000	1000.mp4	1000	947e6b34b7bdeb37b8fdd5564c093e25936a269d437a821d02b6dae9d5634c8e	f09539ae30ff14f8986a9fc222a98b5986bf1b6b7f5b217168a250fefac1d5f3	False	True	True	True	True	True
1001	1001.mp4	1001	c9d39487360bcf06bf6785bf5a21db10966ae57c44d7f92ff0f811cd5fb79d2d	8cdcdcdf48027c847933014e85ae68369ae6cfa43dbf9c855b536bd61258b756	False	True	True	True	True	True
1002	1002.mp4	1002	515849f95faf20ba504e04b6605e6e01805648587ab8fef2640f332f90a63dae	aa1145d156cb495267ef5cda05923686eafde8f39c4eb374a6932be86733700a	False	True	True	True	True	True
1003	1003.mp4	1003	e7ec3f2629c68354cd35a246b9e415ff3d6fbbc79e8a430c9bff259264784cbc	25554472db55c064f1fbbb9d783bc86a24ca510028fa1c8cfdeb0ab8071a2fbc	False	True	True	True	True	True
1004	1004.mp4	1004	e0786a334e1635a0610d9ef62033f608888febfc98dffc499dfaff50e14bcb06	297a5c90552f2f97b0be689e9a6d7309073a3842828b8eec573a4a3c56ad027e	False	True	True	True	True	True
1005	1005.mp4	1005	88807226331722a33fdac18c2df6e1470f25b3eab33bbe1b3c9609b0748b5990	69868f7c525c09cb90d6a15addfd3b59c50ce5eaa5ed3746f38b189c5a8d0db9	False	True	True	True	True	True
1006	1006.mp4	1006	88b88718e25059a09b918e0053642a8f6b6dc11249845f7c88ab2a760c0fdb11	0114fa608f9e5649d544a9eff9948d307f98879de7f3ba3ac6efd0db2107a980	False	True	True	True	True	True
1007	1007.mp4	1007	87a3515af852baf3d9fd74427711b8242463e9457302eb7d157ba5315bc1430c	c0dd44bf81e4ed0f44e074e8f6d348c40444e04fea1148631e2a51fc83746480	False	True	True	True	True	True
1008	1008.mp4	1008	c37fd6b6d1e1a332811563c21b8a2fb71f45bf2e1572cb92c14092f8c8cf782b	6efbb73cb2ed8b6f0a3bfa84e626976cc085ba9481bb4c92078d989f8463fca6	False	True	True	True	True	True
1009	1009.mp4	1009	1e22586f5b4e6f96cbbbcd680ca747c40b436fd8239f4cd82b005564d66a4d61	87bda208bf7425b970f6f7ad07b5c6e0f61c4ecf0409121e5f6e1b14b8dea63d	False	True	True	True	True	True
1010	1010.mp4	1010	6fd6eba1554c25542b05c2ca05417a1d713735226b15da98f1f24c84fa8bae96	92107146eb2fcc8da5227d42260592eb1b7b7d6aa88764487cef48474feb3d12	False	True	True	True	True	True
1011	1011.mp4	1011	53f155e37399e7e91c2a8fd2e6e4ebe11ba6a4b069a1cb04da28136700cda0fe	51c23f2a2977c04dbd339952d493c4becf0a898dd23c671bcb3c6a6d8448e906	False	True	True	True	True	True
1012	1012.mp4	1012	4735845e85f8f38e867d336b77ec944fafdd47fe054273890092f6dba9e11315	60bc101d08377964a96761dc7c0fc8c734863d99e9f6a69d2f1e630ec80c6e07	False	True	True	True	True	True
1013	1013.mp4	1013	2b22eb2ff0134ca315d907cc1bcfcdb97f9a0e2de5bc5a9efa47628d45e40d7a	ddadbf6908ee0f53c6d162a49a91b05545fb8c876b6fb1b43bef72b83db1a89a	False	True	True	True	True	True
1014	1014.mp4	1014	0e44899b87d00568aabd42507b06712fe56b43d7aa7fa5c3f6e2da7c79abb97e	514cdc4821960f00b77db4d363a9e3a86c7e8427b4630c72dece967c99af3d2b	False	True	True	True	True	True
1015	1015.mp4	1015	5950ba3fccadbfee19067ef7f7c41eaf0663aa806a04be82ef3dfe267972bbb6	e6edc9c46f2a68f1341851a3e101b590c93ace4a00e2e9117497c0fcf1e6ed04	False	True	True	True	True	True
1016	1016.mp4	1016	26b273d40f89aa6ee3d202f064583e83213310950099b09f170c0c2c6d0977f4	dee5191042d9dfdd0343758c79fe5fda7c1fc8a084848ef559811f1edadd3170	False	True	True	True	True	True
1017	1017.mp4	1017	b2579e1dc26d9bf630815240fb846a43b6a9f86cfc2e9af4ecb54d79ed55dc5c	965bcb73e403d8af9c1fe38868c1a53377cc791e8e41f3a21e842846c326b680	False	True	True	True	True	True
1018	1018.mp4	1018	9cfcc17ed4354082d8abec80642251344dfb9cf0b33b2a2a3de52b39eac0fce7	bf90305f8b311b1f76bff5ed263b3a9a54d39f24b9fd97f216ca87f6f0c8f0e9	False	True	True	True	True	True
1019	1019.mp4	1019	d8717841d8f2ccf66909dc4c67642206a46ef1b883fec742743a80636a97386d	7abd500cf50d310e51e85bd8e7392bfe8aa0bfeb28565301c173279b19c2ce34	False	True	True	True	True	True
1020	1020.mp4	1020	4fbdcd05a0c01ed8bcdf4604d08d336d2acb1a0eb3148c0d6573260806ca10b2	1e9fc41f1a48d88b8e497dfa737913ee42532361b682e706a23919e87a5907d7	False	True	True	True	True	True
1021	1021.mp4	1021	e003fcfd28564dc1b4f791ca10bcc20fb98e1f272c183164eb8b30e0309e00f5	13e55326fbb7339ce01b4f041402ee6f2bdeabcd02a7185561282beef8545b65	False	True	True	True	True	True
1022	1022.mp4	1022	7ffe7a7ca5689e138e06d79de5f2bc6f74b7d9e66072fb88f5f920cae23d6a04	8c2b972aa62cf3b6536e2f921c13867908690d67ff43fef0cb395bfd72cc0654	False	True	True	True	True	True
1023	1023.mp4	1023	987b4b95ea541021303ba5479ded2ea27fa5b41fd2c9e569c80eb1a2f9e97f21	1a3e94f61e66cbae53749c3abf39bb0ba167ee5030aadaa7d34d56e7bd948631	False	True	True	True	True	True
1024	1024.mp4	1024	c727c980391c90fd9c3b3781eb3d1e17aa3493d19527dc6d46e3ff4b5adbee4c	0b36783956c84845ddba38e850a96bfb555d60d1ee5bb6d83ce825945b6a1115	False	True	True	True	True	True
1025	1025.mp4	1025	25254dbb373c8ee09cce0bd015f60e805fff2f7c83ef1e3ee515b9b09826baaf	f41e705c98703ec69934cf75daa45ff26e319211d79d6709cad094f65df1e9fe	False	True	True	True	True	True
1026	1026.mp4	1026	f5c1bacf74a1d830fd1d8ef8dfba541538c2d49a0487c5aaa9f13edc0937f4be	3eb5cb91b87e06c0d3d6db949a8ccc192c40dd92c7d8765e216e3ddf1fceebba	False	True	True	True	True	True
1027	1027.mp4	1027	1f4f25b6bdfcba77e70f44a6a753059541a6c46e899b335d36237d4f9f52951e	83c762271a7080bbe52e7f2b0a983a160186586a035b78a927f9c1892ebfa4f7	False	True	True	True	True	True
1028	1028.mp4	1028	aa913549d0eac7dfa12447a715bdd60d03f6b1d95e78db62fe0852a380eb9997	864e227d529bc3dbea38ed731f0f43522c704b9509ca8420f0fb7e9e907adb22	False	True	True	True	True	True
1029	1029.mp4	1029	fb33733dd7d40ba69dd229da10082e497335c49b1020f7a5654bb0da78ec0efd	e013bf5609798f45b1f4afc1074c4de4dda4d77dbc324cc4219f148880bef763	False	True	True	True	True	True
1030	1030.mp4	1030	ec35c689be8f34345738350bb0bbabe2da245a3729b1280d16743444e03beefb	dce8e69247b584177f6dfc7961a1dc16c832eef278f110eb0809a953ea07627a	False	True	True	True	True	True
1031	1031.mp4	1031	3c89d78ceddab07563144d485f4bf4e27c00827c05a914d6f72aa0a5905864c7	3a7fbacd60fe0f00aff31ae592da1ebafa9a7f25a3061e5cb8a621bd6f685aa8	False	True	True	True	True	True
1032	1032.mp4	1032	360f4673be3ec6b5ed768dc7bc8179e2ac299acb0b07faf4391c65d492d8b630	daa1097ee75e1eb633f112fc34c73d0fccad4d6d7bbf6713c789b54b9c75f6d4	False	True	True	True	True	True
1033	1033.mp4	1033	fca52111c5483f1baa819c737fea718b40ce50cbe10b3b6c8fc5b06d3a6b57d9	15ced5eb8adb2e0d9d551c78421f65fc3836ff66dc0ad1ae56d966f3d748ceb5	False	True	True	True	True	True
1034	1034.mp4	1034	c6a55675c1bc355f6f2a470f16234ed3384867a4e32fa0c446f444a1ed96b105	e12b35973a1654aed378b1c93966f1d759fe6b686e9435994fbaf84b0530afd3	False	True	True	True	True	True
1035	1035.mp4	1035	1d35570e1e5845d95ae118293da128b56d4037d478227a059486a5de9ae3aa28	49975687b525ed0c9963a723abde0945468c0e3603e5d791986e404ebdfd1f66	False	True	True	True	True	True
1036	1036.mp4	1036	7f3ae26a7585c28aa75d4b44d2ac32fa5185d012b7c8abb0151503bd3e38bc61	686b42735f5bbd16fea2b055d7c7dbbda383aab4766af9ea32e5eb8e6a79e334	False	True	True	True	True	True
1037	1037.mp4	1037	31371bb27701efaddc04f8b555a216ef27c8bebe11ebb04ab7c1f44ce5d13eed	eabfba140710088edc3c6d5658c54104dbf5e5e2308949b6050667e2e55c68ed	False	True	True	True	True	True
1038	1038.mp4	1038	3ad50740d3d8a8bb99e74e5af59fc90949cbfd575ea9a0c277130ca778e63b40	1f7e9285c1da287bf9bd4956e27f220bc5b2e8a01aa1825cdd107fb56f0fb8ea	False	True	True	True	True	True
1039	1039.mp4	1039	ace0a93017272197ab32d78b0ded28c77c8439e1fbb18576df61acc40c511b76	2a41add6160fa3ac4650a1319c9dea991fd5ba03b13970921a320776084d104f	False	True	True	True	True	True
1040	1040.mp4	1040	6ce600c92386db085f180ed23d7a873b4702fb41fbf4aff14f734854f6021167	0bd7eafff50131aa9ec4f06fd581ee56d7625967d0c31f47d703dcda12d2d878	False	True	True	True	True	True
1041	1041.mp4	1041	552087a82fba54f1c6a53a6905042da0debd28c08224ad2109d1c5a318af2e94	f9c58ca9a3fa9b66a70df806356e4c23d64b0a38ca6c853297a9dc0429714b0c	False	True	True	True	True	True
1042	1042.mp4	1042	b30c0424b77994a545a3e6bfc295682528a1fc898d8f683525cbb949daa0c134	4fc40f57a8938567445998b3401b0aeb0c082018a6909f2e08ed199c37dbd572	False	True	True	True	True	True
1043	1043.mp4	1043	998be7850b4675916fd2628aec4697fd3b725e15969f7124a1872cacfdeac4dd	311300ad49f860f63e4a7248506b489bc1a274ab3e98ee5daf0913d665babec7	False	True	True	True	True	True
1044	1044.mp4	1044	6ee28f81e9768fbc706fbb213d437d230cf11d81026e8aabc17ae8e89a342b74	ce68199e10e36a85c75e2d3f28962ff9777d47bc7ac46300628085885d97f3ee	False	True	True	True	True	True
1045	1045.mp4	1045	15c5c47d6b1619570eedb042f2336f98657748f0f8f14d0b7ef73e75e498f748	edc0d7f87587dda887829c82f015d26af3b45832d88272b432361d5f9d312134	False	True	True	True	True	True
1046	1046.mp4	1046	98bbe232d996a2fa1b2587a1db5521e98f671f8353194d954e6fb8cb207328c0	957f4d6586ea2f9cf2e6f697440bdeb5ed92f89f3f3c6bee5e741c82f52535b0	False	True	True	True	True	True
1047	1047.mp4	1047	9f22c2df58588c2a9aa8abca96cf04f62c23ff660b30264d8c1bbfa1a725818d	2674e3e2f328235dc48e0d6c4bac1e6a4e37600b1145e39d5f10568b6491f1db	False	True	True	True	True	True
1048	1048.mp4	1048	ce20b3658922b9401a1604a7a787299e1473177a6bdbc634f17d171f4b86b8a3	5b5cc6d94413370fdf3ec5e40849c867ef77a6faf04f603d4f0b83d4a65ab915	False	True	True	True	True	True
1049	1049.mp4	1049	7add866199765053f84e6a31fd12775127d84a9fa090b500cdaaa0cd7f49c52d	6ebee41ccac77e72929aaf502e84fd5f92b39754c966e6cdaa26820ca17212c8	False	True	True	True	True	True
1050	1050.mp4	1050	6765ceb66891353db94712553863a6cb4334291aa19a56be6f7906259d3b5b57	afbd875d7f45db9ec16836b00c2d1785d13328f3f336956cc558554b8a3f5088	False	True	True	True	True	True
1051	1051.mp4	1051	6d8bf60217fdb7ae66b8c6610e0734210af4dd23c6b77123e5cb01a3fd23519f	db6a98586bafcd622d924cda11da79f11ea8b250c209b6e78b4481a08a208be6	False	True	True	True	True	True
1052	1052.mp4	1052	bbc32c377fd2a111b8be5ece8f1f1d7769cba75c89b84bb2387330547de8b81a	b937cf759c806a0ad0452b8c79bdf4ef414fc169a9fac1ebeda9667d969ecb9a	False	True	True	True	True	True
1053	1053.mp4	1053	aadaf99be8659cac0b4d0019b4aa7a8336c52b7c0bdf94936302b1b83a97cf3c	7ec71298728f7bdd623fa286e06e6f1fcbdd62cc05d249e2aba4b4c33a25eb14	False	True	True	True	True	True
1054	1054.mp4	1054	97b596610b1f0ef153b873d69edd0295e15e2f48538a031f17ee52042399514e	777a8a3cec07d3b808e687b9dc28c0fcb82f50b0aaf660fd23dd52d2ce194813	False	True	True	True	True	True
1055	1055.mp4	1055	a9b2e86caabedf97c272564797a7a293ccb5f2e78e58a2587ac56084f82e02d7	5a2344b6e136175819cb4e8e3ab83f361dbf364dbfafc43016d95d5089bc7bbc	False	True	True	True	True	True
1056	1056.mp4	1056	327cb4454f1e92fc0b61c7e73b97a6f79d56484bfd306fee435faed20ee9ad96	66d07fcd5b14a6306bcef7b0b7d3ad1c6caec1e72e4b5cbedf3d5f2e8f6549fc	False	True	True	True	True	True
1057	1057.mp4	1057	65e9b367a18883839ce547a92eff696775c89aeda285b7d550a44f9954cfcd92	f27c3de0feb85dd54e53b9cbf0b5e0a7330e3b92b3aebabd767d8c9b531494cf	False	True	True	True	True	True
1058	1058.mp4	1058	fd86f935f6778c843071cdf792021ac44d815ca3772d2cf5b762333a1e854b75	ec6a0ccfbc4e218be96f0f7befc790ab3e05a2742f2714ea1841dc7b63fab156	False	True	True	True	True	True
1059	1059.mp4	1059	64d3a5f25e06464c93dc14c8a7ce6f6ee8711754376c9054abe3b3a55a078b64	08bff1a81e11a6826388e2d859a0192c18cddb769e38c0c00ed41103caf50687	False	True	True	True	True	True
1060	1060.mp4	1060	ca4fbdbab5f84cdfc92d53164f2d0883da85fb11fb5afb5be30a75bafafef953	86c535cf69ab88e586c49d7fdc884ea7f5abb71dc5b627c2d3f4fac8229706d7	False	True	True	True	True	True
1061	1061.mp4	1061	0420a0fcf081f2b150b9d37cd42eb572a06806e043e819a9a3b5163b4e40acd6	30fa72e8dcb10f8bc96ef84dd5d3c53a2f9bd3b48bee4eb3a16ed43138f7bf17	False	True	True	True	True	True
1062	1062.mp4	1062	1709b26634d32d26cf39a60161a342d8a852a457d73dc7f2c11087b43ef5c416	734a98c06e2825e38628388557990bf91fbbbb2d0d50d6921ba69a4efed846dc	False	True	True	True	True	True
1063	1063.mp4	1063	5c2d40beecce410d714d2491f9dbc743adb582f6cfe0821768b8e4442380cd96	9d94e9911832ab51b1dd6a38e80533096c847e5f2b9f10465fa9c3d5af91f444	False	True	True	True	True	True
1064	1064.mp4	1064	e29fb7bc5c22abf4b4a5d9c8e0dbeabca3bf6eb9c8d4240f764b71bbf6e9179f	038372cc3f00e8bae5e3cd86d831bd0c9bad2ec888ef3d038bd4dd1446b80458	False	True	True	True	True	True
1065	1065.mp4	1065	78a9e7039f4f14782e2ea57f87d3ea79ce7756de997efb72384c0f4833ce4d1c	f1e3380c99af1398e82bddb1140a3421e3f8c24edc007ee9df1ca6a609d8c383	False	True	True	True	True	True
1066	1066.mp4	1066	a0fc45cbb2b06105e6f8ee5f34622368bd33b8eb4e0b296b414d6e5036ead57d	dc7a56edb48d18beeff589946a0fb9f37220cccc45ae35d991d23e41f43b2977	False	True	True	True	True	True
1067	1067.mp4	1067	4a7c056b7e40d13b0df07d2da8ec4f41459eaaa55c91e43e9b71fcb7619c7c93	5c67be640e3390f3d909d54dea8c01b46c37ef908cacf82be4515d2fa857e6a9	False	True	True	True	True	True
1068	1068.mp4	1068	2d459721c2065423bb7ecb097787fd28f3c224a664f91ee4b0c1c9f11f65cae6	5f3905ec86ddabcc77c1c0ff0c7409fa304b2c20de6a165ff7b9faf9e857ad59	False	True	True	True	True	True
1069	1069.mp4	1069	cf3b26ea697df98133f09c8d4c57b7735d7c50997de03f26a6430e03a71e03f2	049b3b359bb5d9ef713019ea250b686a2804f246302c78cff3f43364bda70c5e	False	True	True	True	True	True
1070	1070.mp4	1070	5573664796a994a6341343ab90480726a19a2f31d302ed49bd82434a880aaef9	95e238e909fa260473191b2a574fb740ccaac42b31207e2d8ced5012b925207d	False	True	True	True	True	True
1071	1071.mp4	1071	a4fc2a766cb0e9dd1140df96472c73983ac4f3a422c0af1ee5ebab584e5fcd82	3f3cdcbbe7e3c5c15532c55b518a53158aee1ed6168967ac4541829cc1302bc9	False	True	True	True	True	True
1072	1072.mp4	1072	083e21d5282259aba84de38d7f991afdd9b4d1546c7b2fc2d28a09ccf6266b7c	83f24ecc649d341381cd0b126a7898712a279577fef8bdb4ff7695369c69516f	False	True	True	True	True	True
1073	1073.mp4	1073	174e376522ebc5f267903953b63ec53e076fb71d16364a6aa73989aee718135a	d0ea985eae820cfa61a02dc75a998195bf55aa7612cb10b123ec7a362afee3fc	False	True	True	True	True	True
1074	1074.mp4	1074	5a39533ca61f505c973cf9178b0f59fbe6184bd8e42e47ba12d47198b2f1828f	bd1051d1450e407a1c24160ed25e379f7f1e86c72d066e646842fa4ab15a327e	False	True	True	True	True	True
1075	1075.mp4	1075	9d8babd18d00f737ca5fdf11830aec69ed6bee63ee3e7310afa600386bfd7d00	2f7baf588425cb94d7d9c846792ec668ac62bca6356b84bc99c9ef7692ef4857	False	True	True	True	True	True
1076	1076.mp4	1076	3f0ce43dbcc4b45897a28816ba49f4927f539f55a4946d25e9ac7f6ea61abffb	312685fe381b88a7bf8686d8c85855fe3988862ffc127a449f0c7ed2eb084d56	False	True	True	True	True	True
1077	1077.mp4	1077	5420029edefec25eb8410f13b3faecbe42d3d48e42ae4cdf81c760d9202d18b8	90dd8af551c3fc310413212635a1c5c20c529e4552caf19b144fedc2f4e67205	False	True	True	True	True	True
1078	1078.mp4	1078	64a8a78672f286f5663e9dcf2a75d2b153971157c919475d85bed6c75456260d	e9fa29304b9d287f6d2eb9576aca008c248555d7966f12368651efbdb39bec44	False	True	True	True	True	True
1079	1079.mp4	1079	df72a178c4fcd76067004f1f64e9cefe1e1689a66c6e4143ec5644bac00edb16	68b8a96aa643c9eebe3cfbe9f7b0324eee9c5b57bc55d4cb01747fe6e9f1136b	False	True	True	True	True	True
1080	1080.mp4	1080	f03df557fd73f3f395c9177ef0775e931df6a30517a1a5a388a04328f12cefc0	01589bc98f3538ac75ab28cc641a645b1871684db73d36ed675c3593aa2a9316	False	True	True	True	True	True
1081	1081.mp4	1081	66b2b8801e02772b51d26ea90480c8ad3503795708840e5ab1a966359729dc67	61a7086478dbbee11aeac0ed9a8106609082e3b5fde5b933061e25688e246220	False	True	True	True	True	True
1082	1082.mp4	1082	79a44349c01734ac4f38c228bdd5f3860a6e27a467e5a41de05b2feb776a31ad	16a4076ae4e06a23deabaf4667e91777c334a351dd26d87b5b048a50b0fae119	False	True	True	True	True	True
1083	1083.mp4	1083	06858969ca73bf44851f6b3790563dc786061f014918a8e53131e42eef8ceaad	e2179877bec38bb51aa097577520bf9197ed8b91a10dee946e03b997ba454db6	False	True	True	True	True	True
1084	1084.mp4	1084	d9f468add3f759db1cb90c9ee8e5d879d177b33c38ac069d5841a01e746c277c	0d229a7c273d2699b812337a1d470bf0bd42516b801bd280abacbb2ebac56085	False	True	True	True	True	True
1085	1085.mp4	1085	31cc8c0a50c7c52015ef2359852bd35d7f8fbe15b693ad949e734452454e4e5a	f91285b4e2ff49b0b3c82e1dab10911fa9a8aba668452f6a8edbded571af0aef	False	True	True	True	True	True
1086	1086.mp4	1086	37d0f2df55a0c1e96a94b5028bc2d36d332ec3efd5ffdbda6cb3d9c2121cdd0c	4eed4c6f55b5538455c4cc5cc2beab142f1f12412a64df4dd5dbdae0fd5ab290	False	True	True	True	True	True
1087	1087.mp4	1087	08a2669c6b41f4c9bc3af1be5bd2902971155b891d2b8971c0f7124a9da43ddc	7c998a5f33d7902f2dee0aff06361cbe86dcb6cca291ccfec053aa760440fee1	False	True	True	True	True	True
1088	1088.mp4	1088	42e52efcc9c0b764897f0565a8c583903e9a1079e235053fd754bc79fa24c840	b63d37e8ad2d910988bef38bc094be6a724d202a9f20a2fecea4f93b56067313	False	True	True	True	True	True
1089	1089.mp4	1089	6ecb4709338ea2d90ac46a20c96befeed06f75cd164dfb00ce7bf34c0a5ba0e4	0d098e2ff78c811ef07d2a6b5c8e2c4dbda4ead935c5a33eb5db22601f90a260	False	True	True	True	True	True
1090	1090.mp4	1090	2ea867fa5fe9a54e3ce6f6bcbed35063040a739e529c470bb2b95668106708a0	32379db8d590f75d83962604fa5afce9b8c1764e6336ea881b16c41dc5431f94	False	True	True	True	True	True
1091	1091.mp4	1091	4ec73676c378ebb8d20de1ff7162f9fbd6f4f95d0a77708ee632130a9d036eb1	2f1cf97e827ec88e8b8964fc04f7eb36d6ddfd64dd0f8273ae9e580814611330	False	True	True	True	True	True
1092	1092.mp4	1092	29339486e5e724316aab5f4df864de23dc9f31d5c5bef42779fbcc37ec54e9e5	6eb83c253a8c2b101ce73792bd4ad0dd22415ddc1f34eb749929a739fca6b0f7	False	True	True	True	True	True
1093	1093.mp4	1093	77f575b6c17b9041375e1bf077b84d7371b515c6ce1280ab35e448b3ab296c72	20c3c57f0054713b1b6d51d1375912b63be2e911b8557bc89a2ec913f12da878	False	True	True	True	True	True
1094	1094.mp4	1094	92a3dd4a6c0fc14a1e2f7d000eebdae7154e72b4516f2d5776d48e107d714656	74f48993ba6f3c02b8eefb4986a78c210ae50860c1d9f4f291b4de3fbd05b3b9	False	True	True	True	True	True
1095	1095.mp4	1095	371ab41f6b8323e5355fc37a8d07df814e1818c399e4a2a68ee9af39bc6293fb	1d64c55276062626aa5c480bc85f2159c851f66e54256c44fee00661091b8b2f	False	True	True	True	True	True
1096	1096.mp4	1096	8e9251ad07feb5b7823d7951803a6e688ffe34eb9bd7ddea036770f222d280a9	093839dc0149d33c3320a79b1e6ec456b35ba6fe46887bcbbd28f7b4bab23d74	False	True	True	True	True	True
1097	1097.mp4	1097	4cd8b788e83a35d19be4de37f4e0592287a1dc7b9aad8cdd98eb823bcc438ea0	663f2b13ec3f702a47e1ca28cdcd4123d0d657d4ba81692c1a9f29c4bf444fcd	False	True	True	True	True	True
1098	1098.mp4	1098	895bc90847049a5aa11f37302d53dfd18c4140ad2f752494ec259e53e0a0f410	a7aace7bbfe2d5861993f7c832e5bb600dc5a18618c0cc4359478243f937c4bc	False	True	True	True	True	True
1099	1099.mp4	1099	ccfdeea1a1312cb469ef37ed2cc8001a75195c3525d41e695d2fe07fed1218cf	3e2488fcc1b651859dcef602f167d3bcff2abaa1a9349e053402088c1c81e137	False	True	True	True	True	True
1100	1100.mp4	1100	ee8ce9295d47e00876c3aa771168e977614b34dfb114b1bab1827d6056df5d6e	76622d8f3794549f03b2e3cb91b559aabe05af50a09c119b98cde0e4a838542e	False	True	True	True	True	True
1101	1101.mp4	1101	1e3991af06fa1b01204f996209f920b05e7bdd30d8b47114e6ac9aeeb3306977	b3a3d424111e2ee04c984ff05b2eab58e6a89bcdf74ab7a81e978c55fccb29fb	False	True	True	True	True	True
1102	1102.mp4	1102	0a18780c73bf401d4d80910f617692498774c8d6113dbb344d9ba0582c5db296	3c40ceb954ec8f6b9049d8c639fba335ee869bd175b71b732f80dd95c5ebc797	False	True	True	True	True	True
1103	1103.mp4	1103	99b5d0fa97301c0f379ba64eac5972fac27226aa385966d2b570116c2aee2b40	fa75249bb3976a575b4efd449436d7ac2046c42a98e314bff81c8dc74cf5284f	False	True	True	True	True	True
1104	1104.mp4	1104	932ccdeb6dbc24134e04d345d0ec039e65dee6d18c1d4284b105088a8bd55063	8817d6f6a4853808656cce7b90db0639ea73d5ab7281612451029216085e361e	False	True	True	True	True	True
1105	1105.mp4	1105	4c49a8522ad9cba276af36dc122453001c3fa8f398c80319b1f17781f65dc933	078b415bb3017b0d0aef898e257a759e4d0369e1f45806728e4a2973b0a46636	False	True	True	True	True	True
1106	1106.mp4	1106	58ee8ecac6daa9618b23b15fe9e25c95ac0cc97e38b0ca0fbba5966b654ea6b1	edfbc12f663a655f16a86be9551d923a93740b7c43a3a7c8a46cce52c3bd6363	False	True	True	True	True	True
1107	1107.mp4	1107	c3d38df6dde010fe52322280f8c68e88cb69cb55f7546a50ce2ba52f8beda3e5	2bbb7bd86f41703582f31d0d0900892f0fdfab0f0541ea6a27b98a3d1e924aa8	False	True	True	True	True	True
1108	1108.mp4	1108	cdf09e2353cfe5a97e5de36cc550d297741f41b2f315e01ffa689d5472fb0c7f	e49d9f1693dade3356652f43ccc6a15b12881e19ecad495fb200a0a4f46d0712	False	True	True	True	True	True
1109	1109.mp4	1109	c374d10bd3bde3faa1d45f0ceb5e7331218718c992a2ca94fbfcfe427966fc3b	3b7dd6aa018129233df50c8cdefcc14c7928b8141d893c3cf504e0fab4192e23	False	True	True	True	True	True
1110	1110.mp4	1110	a2267433196cad40f5004a15b2964769d32c1f0f66d4e30f4a73897c93b5d675	4bfcbed2486bac2a9ec0787df57189cff0c23b71a8a04ba0734f3c52694a1250	False	True	True	True	True	True
1111	1111.mp4	1111	a842955dfea538b8dcb62c078a467bbef259ed8f838f6c96d04fa9b1d003ad09	c414be2a82c387a2b9fc5bff90eed3c9770763d3305e15a18226605a12223082	False	True	True	True	True	True
1112	1112.mp4	1112	17f7c812049283253932a0babec54e201f281864af3c6aef31c5287c3e319f4f	b089d759b4a10cf7b9831cf5bb65c16a1a16ae297053737e1da65868fa52bc4a	False	True	True	True	True	True
1113	1113.mp4	1113	58cd0f698eacef1e415f3d7990449b2f5b7c9f45564d2aa7cd61868b30f8c0ba	e923afabd240195e8f1d56c8a5fa501531dc932d673087f202dd3ec82345db87	False	True	True	True	True	True
1114	1114.mp4	1114	be1e569b4f5e26280d1225bd0c9d2f363f49e741c63ca08c746d74a7a8577cd6	564263ea9dab2590b765b1e0911ff7e1e7f66d76bc1442b8ae83b4f72f11d0ab	False	True	True	True	True	True
1115	1115.mp4	1115	4da7651321588fccf57a8cacc1c35ccf96264e622bd2a8c0e689001f208cfe6c	bbb1f69689dbe4dbf8bdaa41e2b4d8839cf8339f0f0a4a263aa17fb009a26e5c	False	True	True	True	True	True
1116	1116.mp4	1116	d88c3b06ea1b16f62744b1571b0401a3fa9b98483447c22b468094cfca9b9ced	5551ba9d5cc964709eb810465534e6cfdf71d866dbc5363e292add531f0dfbe4	False	True	True	True	True	True
1117	1117.mp4	1117	75dbf882475355afeef979cdb055e56debab1e47130faa6d495a41661243f391	f35ca15c8d933d6b036fe7f57744438016ad1b906da9a9c2af66c8541e232540	False	True	True	True	True	True
1118	1118.mp4	1118	93dfb17d21f04741273d4c4ac7df1019065bc3f4b0d1eabc778b4d5fbf809e6c	b8ae09e624016e69e7f3466cd4de786fd770a1533977952796c1149f1b9154d1	False	True	True	True	True	True
1119	1119.mp4	1119	09fbf0a51cba5ce8f0c843c6b018449d57fb42e608386f8e5717f365d6360329	7738b4a150b0a211b99e2144c37a7c12561e7bef84aac6578abbd9587fb2013c	False	True	True	True	True	True
1120	1120.mp4	1120	81871097ae37d31a8db5f321a4501a0ed0edee7fd130011d974991d6397916e9	7463d567d6355c6e0b687a3bf9ad34d8b42b6a1b03417780508f7c63a8442355	False	True	True	True	True	True
1121	1121.mp4	1121	5ef0904bfddf2986d4f868fab177e658603a134c1937b63518d1f2f0f7c4b960	78c97988f4bb0c111d66771ee5e3bfc47676c3331f1b1004aee6db33b0482218	False	True	True	True	True	True
1122	1122.mp4	1122	b39df12fc20ca8e660aba108472beefab5c3031c3dc956b2074796e5026a0d56	039aefd6e2724b84278db52096091a9ae207f689230b74c25bb7cd2ac76d88e5	False	True	True	True	True	True
1123	1123.mp4	1123	d10fe1051f4299d94361de852647bc53255a01534bacd8d395f1c1e19b1706ad	685a0230e960c82afeb03fed7f4895e5bb28877af8add928de5c8873fc0d734c	False	True	True	True	True	True
1124	1124.mp4	1124	1356282641d34347a737960d9d077c87c6aaeb789fe205aa9c4cfcf680cef361	c164152aa6577e26be8fc6ccb460be49f80fb2cc77d9971a17aa69e9c1d60146	False	True	True	True	True	True
1125	1125.mp4	1125	b2a374ca892b5670ffcf9bc172854bdc20adcc41177475b28c6bfecafd484571	a332f1e62f797209c8bae968127616a866e164b9543b254d720f8739a1d07eea	False	True	True	True	True	True
1126	1126.mp4	1126	1a5311c81187594ffc0b88330270d599a82204c977ad4f1e0c46ce79d3fee7c0	ddae6bcb45f724893002e83a4df2516713245df344f08a2debfb4e5bb5548510	False	True	True	True	True	True
1127	1127.mp4	1127	a861499117092683f373498b2954bc537f188a021cce835e9a3027db9a006ec8	ee465ab0205619c7a2dbc8e7ba463ca05225c13a73a3f2e02ad4d7e4c4a31959	False	True	True	True	True	True
1128	1128.mp4	1128	cd4665ec03f4ad5cdc693b16c566f4fd24cabd01edc86fdeb512fae1c2aacfbf	d625026a85ee8febba3cfaed386131381672e91501f670db931fec4118001c8a	False	True	True	True	True	True
1129	1129.mp4	1129	a56aeb20f463413fd44ec6f5b02d9243a45e91c04f27203ea672da43931c3969	70cd6268d4ab98b077067d87929a7fa9b6eff4971071e64970afd42b7e990221	False	True	True	True	True	True
1130	1130.mp4	1130	afd4123e835243e7ae0543f07fa9137b5bbada6fe45688a36e6afb23167c3075	c33b82fc7977eeed36932211fb6222e26bbe1d7b1142312a26314d3342ed081d	False	True	True	True	True	True
1131	1131.mp4	1131	ab5271a4c17c2feb23276a5a493ea4f3159426a12241083cede94465d610aca0	f25ae526764d841e4003255a87c17ab8bff8ea980c90ccbe6a3e2d2798fa622d	False	True	True	True	True	True
1132	1132.mp4	1132	e515a1f295d04a954c014f86a9dd96699bc98379c89173989f6d218c8acff450	3f6ee7b251d008eda3e31ce9ff8a6d28a78b88fba5bad52878c1135c715fbb44	False	True	True	True	True	True
1133	1133.mp4	1133	313970f42ec9953bd6e5fbebf6860b2e5393d75e7de033b55db319bab5cee232	53443db0f98a46d94c7ca1373e109e94698705302091e35ba5bd126a8859178e	False	True	True	True	True	True
1134	1134.mp4	1134	9340c392ccf66a743b90b4127a46a38bbff038fa777df1f2da73d318ceb9daba	759678132d761bbe4ccfc4727f933a2643d06dab84174e515ede92c965196b8f	False	True	True	True	True	True
1135	1135.mp4	1135	2ebeabf3619bc0795fe6b2217bcc49ba91ff2d5e8771c99adce84aae188eef09	349917cc660ae98cc0c9796474812be11585e6147ab6ab6b0da505b915ede6c6	False	True	True	True	True	True
1136	1136.mp4	1136	f6729ef235d111ebba9006d58cb410bfd8026ebaf6ce3851f54422454feba96e	7fa20c4a4ce1cafea222495cdfef79854d1daffa6e6393d156c7642bb0e4ad60	False	True	True	True	True	True
1137	1137.mp4	1137	65edf7f2a262b317cc9ca1536395f458d63d7ee6503365ec492b69f06c2a8a53	1b7250431cf77d86296914953937c2c4f1651810b0cd284b76a938a91fd46304	False	True	True	True	True	True
1138	1138.mp4	1138	0b99cfd9e9060a093f3f032754f52fe0b26abbd5501e9dda4b8d81b46512c2c8	3d710c36c5a652aa8940337afb12bad4fde310596c262c19035c158d9648fb88	False	True	True	True	True	True
1139	1139.mp4	1139	f636fe241b5db6ba1218c944113a6cc829f7f634c615cc6acb5ecd51214b695c	80aa4b19a80ae65f500bb34c6a775f5977f49c2a83c8e25ae4fdc1154791a7ca	False	True	True	True	True	True
1140	1140.mp4	1140	3ff0022d4fe96b7d99f5c783474d0eec98ad4a03bd6de48eb09229b8dd9779a7	cc24292f8981da15edd8b711ad3cf6b9e5c727aae678f09e5a8686130bf193ed	False	True	True	True	True	True
1141	1141.mp4	1141	767946be81cfbfc672c6b9ef1ad893273527aa3adc9a8e100a6e81571706ad8f	cb8a490fa6ca6468d07d518858c15bc37c121bcfc32dc326244cda4122c3a160	False	True	True	True	True	True
1142	1142.mp4	1142	74bde13d8a1cc64f2a7f3db27e6a2f0415cfde34b5ccbf1362897adcaa815baf	acc14b6b09956b1412640446c5d332871656dfedb5c3b395ee18e5c5c4365d0f	False	True	True	True	True	True
1143	1143.mp4	1143	2f503391739eb7674b174c940e77a0b82456ef5092b1c9166d9d74d62b49e867	91b885b37fe2865aafd90ffd2102b8a6c8c31b98359c50d431cc94c2233fccbb	False	True	True	True	True	True
1144	1144.mp4	1144	9946c5c64b58760b650f961fd07eb79cf980fdf56edf458901efaae66545de58	fffe0c098c6ee3651903b63ff62c7d6841050e573e70b6c4ba5af7ed3da5a271	False	True	True	True	True	True
1145	1145.mp4	1145	48478d178666c40fac5606731df6d916c9bbc18650fc1b06514037a46f892a6c	a784665981804ba85708715ad7fcd8e89dc07743606f6bf1cd045c2fb9d19636	False	True	True	True	True	True
1146	1146.mp4	1146	ce6809405a70cc10d93ce21952ac9f71402769faaf98d5f13545704b9f528a61	b71a4d65c93bcc933b9dc8cc4e3ac5178dd21b03690c93164c19a5d5f5198ee9	False	True	True	True	True	True
1147	1147.mp4	1147	f68ff9ef197a90fbc046d71d68cbbfb5b72aba696bc5268b33503831ac8f6ebf	cd4fca3be895561c56b3265bd8337d45651a2eade95a3e88223b1203bc2864fb	False	True	True	True	True	True
1148	1148.mp4	1148	0a9ea5c5881d026b99d224a942e2d4da888f0345127d7961b4eeb0798ab4a155	5d3ea1c4a84e49891966b608300f7fc0035de632b937792b624de83a02ed13a7	False	True	True	True	True	True
1149	1149.mp4	1149	7172a105503999509ebfaff1e6b1cb525c54be8c974a61e6a869c56e0b55515e	2ac1f200b9e512b818d4f23b36238a083bfe1aa999b871d98b3c779ae39d766c	False	True	True	True	True	True
1150	1150.mp4	1150	404be5e993faa49811cb9c499adb4307058cf8624319fab772a6f8e15bc9a914	755f35b31556f54e028cc2c5fc7f322f36b62fdb5b1bd339d0ab4b2a1914c679	False	True	True	True	True	True
1151	1151.mp4	1151	94d556c33582cac45f9c0e14495524c364c95968a4f41ef578621f5a80fb26f0	c7c8c89a2a355e887d006df5d168b9a9a21a0d795c0d82e08fc28c439dbecdab	False	True	True	True	True	True
1152	1152.mp4	1152	4b9b2506f861ace8207cbd51732df1bfc737985a455a682d28d06eb6fede7fc3	1e87338e6537344527be7a79a20300a8ffbb52fd5be6ca3aa0a764495d72291c	False	True	True	True	True	True
1153	1153.mp4	1153	1480af9a77d60cbad9e52c784b38126d8d4ac221c7d3aa27eba40987ae6ff75a	bfae192df2f77522bab7cb5416d7708809c9271dba911ed3c4eb88fce11a3822	False	True	True	True	True	True
1154	1154.mp4	1154	f3ca9cfa7d64d8e5ab6a0160e8f5ca90b13e6795cd91d4518d893671df03ba32	91593fb0b9a73816289070c32f571d1a22d03558ebdac84a7de08d3a0a655565	False	True	True	True	True	True
1155	1155.mp4	1155	50ba9c809dace0bafe189f2fcf8fda592fdc29fe52df7aa67aed4aba79979473	62bc78136e296a6863c36beb0036d59f8ee340ad68b4c4031f4149883929b7bc	False	True	True	True	True	True
1156	1156.mp4	1156	636256f85490fdb74110dd1d7a0d951d013dd88445f1069fc0a0ea7349b19ff5	1206fde720577d659aa66d7e682c41f56e8667b6f23ffbd130416c8a2be3fb6a	False	True	True	True	True	True
1157	1157.mp4	1157	ef1d57dbc6f6d72f7606af9087ab046e54b4fb86c56081de5c93ccb4259bc5b2	9dc86b160cbca45b3243ca6e23c94d27bfcf7660834285222265af2cd4f633ce	False	True	True	True	True	True
1158	1158.mp4	1158	27ec5017d1ef730469f301c78a4f779bc71a221f81c2ee7d7ea45711f026fad5	d641514dae2970a259a0621ff5f499b875c62de7ac402cbe402cc51a21f190b3	False	True	True	True	True	True
1159	1159.mp4	1159	5ff278ce6c979dfca537a0a89c1629027c1d373a72138dc17ee9850d1bb99629	e1200d28684cbba5c8487cfc883d56b01eaaa38f3b85cc3c959c80ffcefde05b	False	True	True	True	True	True
1160	1160.mp4	1160	565a1c1f2453a0b1f2b144c147df61f073916247627108c41e629515a38a100b	e4af6b60744e099caf64f6d32b6e38688eb7da9694b401d00c9b638faadc2baf	False	True	True	True	True	True
1161	1161.mp4	1161	05ec171f39ffab760e0facb6192e2bfd93f5de08f4fb447e87032f0fda6bfca1	128a3a09ab05e8bb584f4121482b664840ee9e102836a2d5853592511e95fbb1	False	True	True	True	True	True
1162	1162.mp4	1162	0f57bd87fe94fb66d31e46262cf34fa6bede706ea9e62a406144b24c8b850ff9	f9f3ccd4e5ee92d360b3b9e8864d4c9ff97a88b57b13a0f5cdf2b42ee9f9ac9b	False	True	True	True	True	True
1163	1163.mp4	1163	53ade6bff31d35034adb60097457c5a4ca6b2e36516630d5dc2d2a37dac91173	a2468ebcbf7a8525e46c9a963e6f7d42ef81d503c4c255c81a84a43320ee750d	False	True	True	True	True	True
1164	1164.mp4	1164	b1d43ea1f0ea5a26c746d293308e3319d0404b34330c258c0b32981191f9e209	ec8d0b45ef33c9e59f22562c2c4b6924957e2082f4419dc4b93a20b65d64283e	False	True	True	True	True	True
1165	1165.mp4	1165	d71e061aec0bd7cb60387d008e485e2b5cedd062777f8734c2a2d47eb7854763	767e979712289ee8ddad29501f11019280bba995d57d4503c01d7dd6c4d39195	False	True	True	True	True	True
1166	1166.mp4	1166	862b1c9f10c10253c98591e878b01d68ec3effde0bf27d63cc74d2f40a67971f	f2be7e143947c2a096ba71935f701bf42500be806600acdcc105ee698626a57b	False	True	True	True	True	True
1167	1167.mp4	1167	498ba347cf4e9c33fc136cc09d6bf8d3dba491d60a41dab85cca89d51af0bf2c	272272c0a9cf9050b7d91fa8b4c38cf5ab86ea779dbe83c39eace7d5a720b95d	False	True	True	True	True	True
1168	1168.mp4	1168	a56e3340a16e7c169c0969a771d1cac442b0f7ff57098f1c941b4418259b5c52	beb0117ab378332ce021bcdd57f14a0ad357052fcf16c144bd7bbd3ff20192de	False	True	True	True	True	True
1169	1169.mp4	1169	e0343000a927905c3b76e5ff5cf8f133acf65e69e8e729318ff70fa6179f7157	c4cc5154a4cc4969cf26c13d45638c480b60de8dd4d8862f1db6f4cf0ddf6ad5	False	True	True	True	True	True
1170	1170.mp4	1170	832c51079f2ba0892bf678f2961507b9e14ed07a3f6f0ae0d1e46bc2eaa1220b	a1dd903a55c3ffb2c4232b2dc5121bb3d94077cce18a7e3769476fb5445074a9	False	True	True	True	True	True
1171	1171.mp4	1171	2cb2db89fb8f0c7d64fc281749714ed6f31c0fe0610dead7da0b65c908503f87	c3c48f38e9f1937e5714b1f67bc83ef57d52091392a68e2b485f480efe7368a3	False	True	True	True	True	True
1172	1172.mp4	1172	f93f6836cfad9debbb5ea59697ec273ccb97286a5cc8e18ee169b7d05d0639c7	26ddf19d409d652e1b64ccc23afba00a32f2ae37cb764ccfbc8a1d1b1455bb8c	False	True	True	True	True	True
1173	1173.mp4	1173	49f6b3b25c616a0b4a16312664fbff1b34f809e6260e5f19eec8e9197c318b99	d9ebcd5022faee78641488767c4b58f50f747e3fc84111244fae0d771f91117a	False	True	True	True	True	True
1174	1174.mp4	1174	fb19229e34e4f5b7b32d4aa899f2a454f5658a55a72a458241284b4dd32ac044	417b5f21b634b1eb6187cb0a1da19532da84d481661657dca00bb9203bfe4f20	False	True	True	True	True	True
1175	1175.mp4	1175	73872112115572868d437d11156aaaedc5d3664139b6386ace63eb281b02bab9	f57e14cb201ecb1bd4c077e49d1206f2ad39a551b707717ebaa60c32dd90e4cb	False	True	True	True	True	True
1176	1176.mp4	1176	acc550f3349a00711121fbc221fa020e851d56b3f098e20b4f310ae20eba70d0	fc631260511f346b886a0ffcfdd31e91e0ca02c12e69626dcf119bcc3df078fb	False	True	True	True	True	True
1177	1177.mp4	1177	7784d13f1e6fc759a2efd3bda6cccd857477752dbb1e2e7b1c22757ebb325a24	46e41652aade402eb5bff41248cd3b1d48be22eabd79e82845dc2345fdd0f104	False	True	True	True	True	True
1178	1178.mp4	1178	c05a65095423ae0a270fa80314ef2530a8b990bba112786e4394baf70092b45a	bb497a84abdf1b830b0f4a7517598e1af64c93057e361c07adab292a5a43df3d	False	True	True	True	True	True
1179	1179.mp4	1179	52dbc0b9d99f8750dbdad85509dbfb07298273ca39d6f259d436189b53f90e52	f9eae54215ff70d0ec0deab6e94afaff291460ca3b6d630b6f2a07f5c938ade4	False	True	True	True	True	True
1180	1180.mp4	1180	a2629903ed37d6a40ee4ecaab80043e7dec3bbbd476d1e14f9c7d5dca45e1c0c	8cfddf3f5d0614ddc6eb03de0e350d760ab5b46a82d37ca660e7ddc8538680ec	False	True	True	True	True	True
1181	1181.mp4	1181	d6b64ddce79746ecdfa4b17cc929e3a64d429b9531cfcc69daae43bcabeed460	b728cf1996d7ec5824fc69e997bc6dd6dc9d7c4d55b043965e793320ac9e8be3	False	True	True	True	True	True
1182	1182.mp4	1182	2ce05734c6e4646f6bd2b1ac3f9fa0526c1182077ed8510fe1c2b77aee46d8db	4800e2ceeb168f2c3ad59b0f9576dccb121da9cd773dd6fa9187316940a75776	False	True	True	True	True	True
1183	1183.mp4	1183	31b8915dc6d967f2cc919ba65f244cd23449d80f21d8b7a3cd3d7f15395bdf11	89faa7dbe7447b592af2d3137919ceb6a274d04c8959ed2dcc77695b875461f4	False	True	True	True	True	True
1184	1184.mp4	1184	421546c703942bcfd9606a431b394358eb304248b76776107886b8d3085828a9	84b6c171f0b3183256d25b48531f7c34b12245b410a53627114583c28f6a4fe6	False	True	True	True	True	True
1185	1185.mp4	1185	4c57dcab0e6970af3ef54dba4eb756b727d1af1926e91d0ab0abcdeba97942fd	6253329cb00e6b5ce982fd1e98a8187016dc06ecd9501a29fc3d8c5205d21c66	False	True	True	True	True	True
1186	1186.mp4	1186	c7809d9d72d76e4f4ac2341742f817c10bba0d6b87dc6733cfe443ec4337db12	5ee1061cec4d947c82e0098a9adcc251c04169fb9eb1ae758e5bf7f80c43ecd0	False	True	True	True	True	True
1187	1187.mp4	1187	279e30abeec65dbb1986d2e96c1060ada06d327a0276821ba6290f13be83a94d	17f9cd61fb544fa7d8cac21ace6bb954780b15d9d24ca98a5797c3fa96cec557	False	True	True	True	True	True
1188	1188.mp4	1188	e438427b79408c767e0cc7d04879205db283e9f5c412dec2e9b4bf0454a6410b	b0586f5c91226edb5575bcf83347920b1ec5c5e95a4d376f76c3ab5da88a4d46	False	True	True	True	True	True
1189	1189.mp4	1189	a1de1c4e85e180fee87d8005cb1e7515159cd7f9f258372c44d4dffc05962cc6	9f459ce39e8bca1fd1a8acd099788d5c3b6a685bffba179a91ccecdda492305d	False	True	True	True	True	True
1190	1190.mp4	1190	f26630bd87b6b9a030c1cea05d48020a577470710b7f5da6b6887475f0cd9ebd	6f61295f74a9b639038b72c34ee890969f2fbc66e3137ea18d2d742628f5a48e	False	True	True	True	True	True
1191	1191.mp4	1191	86fa3290c245818b90b2872940cf1b4c5543d07acbbaba23fa4075660fa70704	d74af2d423424376de2aa0c27e88c734ec177ce99dd248cc3cc746862f6323ff	False	True	True	True	True	True
1192	1192.mp4	1192	a89fbf138bcb1692c8d598793d880a99da0dd24e45c77c7e4a386d5173a2b248	888de360f6ad96e0610dc5a9cdb9da73de3869410861505800bd355fabdde606	False	True	True	True	True	True
1193	1193.mp4	1193	669b4b98b6cbd1fd132150de2eae3e37476e6e9f40a4f42379ecff462da80bf8	69f3c66e5df87e0080c1d31a77d06df1dad62a5f0d07ba5580e20c6093c6a15b	False	True	True	True	True	True
1194	1194.mp4	1194	039dc7adad99bbf0c87c2bc02dfa27ccdfd673ceb0d840f4a3aab3d20c7fa120	4a03c792ba1f61cefa452cb87db6ff02bbb9cbfc8dfb2d5361eedb39ff8c70cb	False	True	True	True	True	True
1195	1195.mp4	1195	0f53785662bdb1cf054af83e44569ef3c47e06bd3aa4d183f840702958215210	33c947433fb1148d82ec3f96af0bc1fd907fd83d47d24d7198949075a480b835	False	True	True	True	True	True
1196	1196.mp4	1196	3e8729b9ceac0e10f74327667fa993b8de32511cf06108dc43f9068e32ebd9e3	99621c0c0ce40c01c94dc099d2675219793335be1f5632102d7cbe9ee6a38c4f	False	True	True	True	True	True
1197	1197.mp4	1197	7df373968efd3949973a25a3c4db699c062c8ef497577025e7f8b4fbece322eb	96fae260deabb420f5e3f7e99b8d83249d38ea6a549a7f822b8681f1dadce286	False	True	True	True	True	True
1198	1198.mp4	1198	e84cd0904d79ea6cc4122ad10de5fb3b3bfc17af92228600df372c2e37c3e6fc	5d3efb9ddd5699a658e4031756a95c2d17423ba5274a9fffcac450645a3afc52	False	True	True	True	True	True
1199	1199.mp4	1199	9487c426358d569aa0d23f3d95612a2c2edfa8d65d51f8d1c375fbde322ae067	d7e750bd2c9216b824a2d349d05c6f288eaf33b4b4544806cbc3633658962cbd	False	True	True	True	True	True
1200	1200.mp4	1200	10e4474cff313aab9583e6127cfd741e49f5e60035001ea12eeadcb7cb23687a	fcdad28b7a790c0bab99774ffa4851a2651c63354ee7a06f2af2fea1ac05f535	False	True	True	True	True	True
1201	1201.mp4	1201	471e518a326c568e0ce8babf3208314e9ec9b4725e6f74c300c32a7fa92db9bf	2f6f6d36827ab1991d4054a33c7d91612aa9e41d5d6c58f742227f15e5ecb8e1	False	True	True	True	True	True
1202	1202.mp4	1202	cbd67a84d4ccc754ac613608137753f3875821aeb6122b9221fbf806588d1d6f	0542f4c6b2039036f16d93cee60d7d44e35548e75515846e1a79ebd8a8180185	False	True	True	True	True	True
1203	1203.mp4	1203	76f0a1c7b6f89926465a621c72bcf8dd72c06e5099d021b8b9dab54a7f02da90	2dbc3ff8c5ea4792b0ca65375aad0398f3c007bc7189679dd2da73ef3d7d305e	False	True	True	True	True	True
1204	1204.mp4	1204	7918434e9ad49fae8f2a4818950d4980d1c88d467a0d3578b788c3c76a4b642c	fc388893c2ca022735a591b00227288661de4b7cef01c6e41ac192b17e69ec01	False	True	True	True	True	True
1205	1205.mp4	1205	9bdbcdaa6852fdef462dbf6be5338f1061c51027a07e3bb71d0e78549e1f9622	31b8757425cb1fd56ef249f335f6b5280b6ad5d631a780f8b9066ce18f78ebfc	False	True	True	True	True	True
1206	1206.mp4	1206	97566977021cd5607a2fd7aee27afcfe7b1f1b75e33ad08d7b72ac347919089e	a4eea22e33c8f930af54eb98d16804b1ab4b37ea4d3ab323ced7953916818b90	False	True	True	True	True	True
1207	1207.mp4	1207	22f25988db21289185a735f2e2d68ec4b3e56b6b3f6395e1c93ab85126798d24	1abda155881cb97d4b06e3ea2e127e4cbdbac3c83b95f3780756566555224a96	False	True	True	True	True	True
1208	1208.mp4	1208	6bc4176b6ddc3aa3eea3e911f010dae482fe675bbec3c359cc81682e55d5352d	81c177efd1ce8a8ea1685845f4bc092f50be7d98f2dd17e28faeadb7adc004d6	False	True	True	True	True	True
1209	1209.mp4	1209	9024de3dfb21b78de6afcf2210065830053de6866012969b9cc9ebd86995baea	3adcde92917bbc109567e02e949846083a9d710d275ac61cebf94a363547e901	False	True	True	True	True	True
1210	1210.mp4	1210	e3c6a0979638fbd44abe0ee161ce947287594683a061533c9be7fbfec3930022	1cc084ed50958f723ab1a10427ece580905238ea3c875b8055375a23808e86ec	False	True	True	True	True	True
1211	1211.mp4	1211	e6b9b81edbf3c0e1eddd2226254766f64d73c42272c665f88176cb0e64062088	1a9939620a97ef5af17198ff866898cb4672d49947c351aa345288c1e33222b2	False	True	True	True	True	True
1212	1212.mp4	1212	3b6b986d327007d1adc7254a3e440aa1925d371485ce6398ac5bef32d5411451	a6bde47d18db088c59c54e5d732b48c1fac62233c3231301c825cfe5099cd928	False	True	True	True	True	True
1213	1213.mp4	1213	cdc7eb033949272a37811eff79eb7dc013e8874bc6674a4eeabb0f8f5761d4cf	8dfe1e7f9c4ea581d582e51fb65c250a07fa7ba5d0d88fdae0bd1b62df9733b5	False	True	True	True	True	True
1214	1214.mp4	1214	98dba3ef62aa4af3fc95b512056a5e7f98169ed715cd797e4f18894d36eae826	880063c3b69cb15fa9756bd9d4192b1735d31f73b8d6f6415272f8021427d146	False	True	True	True	True	True
1215	1215.mp4	1215	efb10ce0b1b51682381cf9e88b4d8a3312ab97f78a6c92aaffefaec1a595e393	41164d0a83f7710f1ea986104d320884b57ebba3e3c5b9063af4e99a34db113c	False	True	True	True	True	True
1216	1216.mp4	1216	3ddf4a57db2e91a081412b68d0cb9b8600d2840f153cb9e8f57924b204410328	dc66ebd803132899cf4d4123e9e75d1dae490ab00d85fdb88f76af948acef20b	False	True	True	True	True	True
1217	1217.mp4	1217	dd13d7ad4c6a0eb6483b9ef79b6b44192844f82ddf9b171870e1b999ea3b4b63	1218de20582e111940ea223d1ab90f179fefd156de4f4a09c21011f8076eae73	False	True	True	True	True	True
1218	1218.mp4	1218	71b542af1bf0bba1a739f2d22f1605816e822237e74006864d5cdca19afb6936	18ac6e47921a801a3dcdd65d731ef7d0e4320d4ebae91bb18afa83c7cbc6bd1b	False	True	True	True	True	True
1219	1219.mp4	1219	d5591883c7f29c019754d23b5ebe06852896120f9ae010f1de2bb5b28fdd6882	ff6ddaac11e90f0e794dfaa4c6e17cd46c766e75cecd71e94ed6d3ca0459fdd1	False	True	True	True	True	True
1220	1220.mp4	1220	77f05c0031c8df20521a436cbb927b421ced61376e87e2771821cc2d9db3ef6b	316e50309aa7e09c158e2947648e09d8cec514c7645d034a9ad0050da443cd9f	False	True	True	True	True	True
1221	1221.mp4	1221	26bc723aa860c74a19e104b781e492b93efd50bf2264de5639a7ddbfd83ef91f	8d1326efc3c882c3b14f222c79708ac5c03446ebfdc8421a6eae8921e1698e5a	False	True	True	True	True	True
1222	1222.mp4	1222	e1ad818d25ead952504865c0a3ff25f945f3da8511644d9edaefe4dd43c2c03c	eea1d7db574682ab6adb4b8ef6598b402345838c72915e19bc43934f1c278513	False	True	True	True	True	True
1223	1223.mp4	1223	7c5551527b85f68305dc993723e60f6e93caa4f470698817a0d5c9428f0289b2	dc9b4af11f07a30d3f291136dcaa98e166ea86dd2510284ef6afff3849c5e1fa	False	True	True	True	True	True
1224	1224.mp4	1224	6339b90c59c5d23bdf703d2cf68fd03166c00fa28ed1db4f73c3e56de1b8e169	7fc662ccb93e2d75ccf4510d723fe7cd32f3ac62c334379d5cbd78ef1aba760d	False	True	True	True	True	True
1225	1225.mp4	1225	52497d07346bd1e8258ab41b233838fd6c44508a5634b325f819605284263466	f83a635aaa8ef31d7ced61e8496b770464f7229ef19bf0cfc5063b5b5479e014	False	True	True	True	True	True
1226	1226.mp4	1226	afd7a85c0517ff357dd32f94a04b97b2c23a2535289cc1fa5525f44f7f222565	f699fdc10db4294a5079a1fb7fa5f22316cc7cdb29b476bac3a9db518a02f5e2	False	True	True	True	True	True
1227	1227.mp4	1227	2504ec366812264266ea138a8179fdcdf6f0e792997e74efd0c12192fe00835f	e8e36ddba892252b98ccf75699d6b7be5422bca3909c278bbe27696f6ba6570c	False	True	True	True	True	True
1228	1228.mp4	1228	2ac561bfbb4f23ac7d110b0f4944fc454456edc7b2925f3cf3316797845f243f	d6bd3c35ae49d8ddb6dc29c99aa9b29d0af3e3fb1fa1a5780019ded0387152f9	False	True	True	True	True	True
1229	1229.mp4	1229	d69f4512c1268a1b16d2b2dd4db6a23f0d66ccd594f7febb5b0a65d703554517	78ad814d830c87b558723a71fbd65b08196c45e2a5ca15042130947fb31072e2	False	True	True	True	True	True
1230	1230.mp4	1230	ea387d851c2bb3264a99900a52bfd376fc5505bd4534be0a3dd76aa3fb2cf0f1	b9c90324894f4ea1818734de92adea6ba232751ccb4cf239859bbf3ad44c6b21	False	True	True	True	True	True
1231	1231.mp4	1231	2066dccc8dfd0910c556ea7b39c1ed45f9d3c0bd5575a1b08bcb59d948e233cb	85db597fd7a840a77f80e4d56857956abe5df6c86094cb42697d8e532f7f995b	False	True	True	True	True	True
1232	1232.mp4	1232	54209f8921b0a710a32a948cc732d5a4eed4eb9322d78c6034a9cec8168d1a21	ae73458cbc4c9b1b5601ca26d23b279e5224d613a59bd4de8e40a1ba3827fdf0	False	True	True	True	True	True
1233	1233.mp4	1233	f608d0e3f08ce1bb0d48bc345b174ddfd39f3afef5c793a45f64104c4443f772	6b7a8f2f66abaceed85fd9fa34e574a9b1c8b9442761b4a1b23480f4d619704c	False	True	True	True	True	True
1234	1234.mp4	1234	17971e889232f6e9584b66400abff7adfa3fcec0d9c30e92553be812f01da21b	42afaa7df2bcf8ceb5ebc2df2249c2978e0e32bd41880538ce4364b64e7456dd	False	True	True	True	True	True
1235	1235.mp4	1235	94599b18cfe2304f3289f81edcbcc3599f1c0bcd4db453849a346344fb678053	68fa156551f95b7ac550c8884771a6551361ea390cf7b514fae1ef0439309269	False	True	True	True	True	True
1236	1236.mp4	1236	a579f9f984c5d7a98fa70ad5f6ae7ffb67cc2e7b419676a902e2191c1c6e2e48	27a64dbb39978e8b5bcad8a59c59fc0e76bc1e2518a61069abb43cf39d1bf5a7	False	True	True	True	True	True
1237	1237.mp4	1237	b130965444688a599f1ef308c2073739cbaa5fc4c727be78b54ca0c1f36859e2	a63c8bb949e573b295c7cee3816e1ac1030129dbe104959332e1bbfdb9cbe1d3	False	True	True	True	True	True
1238	1238.mp4	1238	cb77180c5589a3b25f44fc9e8a62397940e598a88a4e14772be9b1752fe3fcc2	9b038d2d1a020bb17274a90a791438819013a5f765a8f20035da0cd280b61ea7	False	True	True	True	True	True
1239	1239.mp4	1239	83695ecd3bb20fb0b19653f1f7d6eab090fa097b5f1c819df68bd9e82e7b4c6c	5fba1eb6603bcb8af778b557d5aea9d2379f1bac73dd77f478e89f37d68cd688	False	True	True	True	True	True
1240	1240.mp4	1240	ccb248afabc760dd74d287eba85960b044352f7be414a5e41f732602ef31b7f4	0189b1c1acbb802d476d68842b70e15f9a988eb480bb69033c5d9f354c80aa74	False	True	True	True	True	True
1241	1241.mp4	1241	b30eed23efdcdbb6bc227027ede888816f68c297979e41dce227e7e8bffdc537	c64e48af4887de694ee01970422585327d6719007676357234c08441ba592fa9	False	True	True	True	True	True
1242	1242.mp4	1242	ff92e86175319628e8a5f120b6b63d8f69292d913f108ac2487a981badb7c49b	e1517679ba00ba2abfdfd8bc71198dc917c046f268e2836b0d354f7c8a2f223c	False	True	True	True	True	True
1243	1243.mp4	1243	b6be91163840bdeec4464218e594d19a1f9156f43cb99e27a9e50a2e2bda0487	576b022b0bbcf9b57d701fab55cbcad0b0490385f8842b08c55fad5737b61289	False	True	True	True	True	True
1244	1244.mp4	1244	14451c520f7d70cee56eae6d537778e0208d636a740384acdeb6e6b28535926b	564c09c877e6a5ad8539a5b555e81f6a22f2e8cbdcae00e394260ef882d2639d	False	True	True	True	True	True
1245	1245.mp4	1245	72d86c12f64abb8edac5af1975bf98fada11c957a253f83f3efe2b6c0c7ad2bd	9e1445d73d0758a481acd9223dd48bcba5445de07c9e7193b5cee58c8e710bbc	False	True	True	True	True	True
1246	1246.mp4	1246	e6d1d4cd0e85aeed11a5df098e3f2941b5ccf196fd88fae1d5025694044f5f2f	69deaeb6540ead0d3ef9d2a8d4387147084e99d1f6f25a5c40fbaac36439a929	False	True	True	True	True	True
1247	1247.mp4	1247	8d07f7d0db0e3fd0b8bbbcb923ea9ddf6312e8e07db2f943d6cc7d18555dcd1f	40c9e2e9febbb9efe54ea46ca1a38af690dd0f7c4f20adc3ffcf371fa5d25a9b	False	True	True	True	True	True
1248	1248.mp4	1248	a015dfed3ac75e09b03df9c0ea7926150255d9da62e7325c5feeaba59e5be25f	196cf942b7eb60a5dc97ef9344ad88628c74625cf7eaa428c809e9914de61d7c	False	True	True	True	True	True
1249	1249.mp4	1249	0064521f5fa4b33852a38df6a3c2751a539f19d1583b9bc260362f7b949b61c5	e3c4ff89751a44525887a9cfe48ae392dd118c2caeb4a3062f6b2f121f33de2c	False	True	True	True	True	True
1250	1250.mp4	1250	827d26fe6431db2035799881db68a199872597d28d8e956e2270ed736803a866	0af152c30424e18ab26b8089f0bd3b250dee685ac38d1c8e70cd1314c7f7def8	False	True	True	True	True	True
1251	1251.mp4	1251	09b320744dd70ab5f31ffe390bc9b3b179d1bddad852385102624ad170a5320e	ace460b5339ceeeba3ba2359b71e40ca613cbc43c705da0285202c72493a7c4e	False	True	True	True	True	True
1252	1252.mp4	1252	97a6ad8e10e322c037843e69b2acc397cb4c5b4143a9a8d191487276c7cb240c	13eddb6ddbdd73239bc2ffb2f8246116231421cc96863b89ac98729484773291	False	True	True	True	True	True
1253	1253.mp4	1253	6b3394970cceff7a2864234657a8a1a120b0770b2c277b61c9ab555e805136c1	830c9e62adee57e3e582b7a5c8f87574ffce71874826e3a21ab22d5db7e6264c	False	True	True	True	True	True
1254	1254.mp4	1254	54d4dabfd1851aa0b921d8c1a43b2201a78fc75ca43eced292f5a9bfcf8b8dd3	ad1c7a3b43f9bd6eff256d6239c8e0ae33650b23bd7b4f9edec9adb81f80d9b0	False	True	True	True	True	True
1255	1255.mp4	1255	dbf8b4c3e27caa2532be1abcf9e28e866ace3484cc7c8234124b3a64c8163f53	0bfa9ef5eb6d5d4ea3541ff6de1e45d1d174442c86af2b39952ca74c17473e4f	False	True	True	True	True	True
1256	1256.mp4	1256	d0dc3e1c22b8a20c7aa011e840da358de88774064943acae86c4838188df7411	94bccdb0821344fa7635e03ef3de25cf868ed41e29ca54cf685946386f98dacd	False	True	True	True	True	True
1257	1257.mp4	1257	86007ee7d5a5cc0e8025db29ce4e082d8ebb3b493481f3a21eba0a208c0f5ba4	de046b298191d34385ea1e8fac7d95dfca1b10401facbd02843e6921144dc478	False	True	True	True	True	True
1258	1258.mp4	1258	0c4f339e12c871be1b53a5d2df738b7e7b6c4b66060000e94e5de026dc399d1e	9a08b3dc4ca77e029609aa643a0e3e5260b9c8d2d98831dd231661f6cef7c3d0	False	True	True	True	True	True
1259	1259.mp4	1259	aface8202f670b7b50677cc0532c2aedf4fad0ccfa0cf548a27b9af29a97645b	5167bc3209ccacf6f87ac6ae9e659061fafbd8c373425a7307ab5112ac837c93	False	True	True	True	True	True
1260	1260.mp4	1260	44377a1362c78ff70eea3de0e2b65636a2a522e666b42991c8175d2d07b403dd	46609a3d4356bfd2648c4e31005e82ed7aac96f8f94923ebbf5dd7201f6695b6	False	True	True	True	True	True
1261	1261.mp4	1261	495489719e07aca291853d1476a12229d6dd8f0dbe5d07f6daf5c2a7668ede90	1145f78529124561b35a2016422bb478bfe807f07c4ad773b051f2bc9d47cd82	False	True	True	True	True	True
1262	1262.mp4	1262	a2ebb74dd38ccde7601221a0c63fcad6243e3415e01e96faa9e8abc40b100aac	5ff5e13ddf5cb7ce9dd785b39fcbbdd41dce55da9268e919250452371aff3852	False	True	True	True	True	True
1263	1263.mp4	1263	5736ffcd9481a757cef317158966d07b891eeba5e42b93b44c93cec457693d46	520b3b7f1b968de93a4edcbfca715f539e5f701e0671e4c8c924d8190d79e30a	False	True	True	True	True	True
1264	1264.mp4	1264	d64deda324246a01eeec13ddad3531346db06ee1e395e46b60292fab1edbb739	b5ebd2510e3c2ea89dff44b9803b86ffcc439aad8d5f85169afb6c1748a5f39f	False	True	True	True	True	True
1265	1265.mp4	1265	501b9573d6c463c96e557d94a546e0da3823a893c187513a5ca57d97c45dfd5a	cdeb9448d3ef3edb489b2b82be633c6a28f3c453daef9b1eb9c49c0c49b1ea3b	False	True	True	True	True	True
1266	1266.mp4	1266	014754ace4b6033b8a6435d15c924e55ddb395835e7a5170f7a27e143a71d7c3	b04468974f7ed6a56c4fc97d87098609925198048f2936175bc6bede118d1937	False	True	True	True	True	True
1267	1267.mp4	1267	b71240838216685630bfdac38d2dc3735acec77e377825427bc9ea10eeacd5e4	1dd3e29808a7d2becae06c8e572efeb32270b9d09cc61cef09c2b2a0aec67e3a	False	True	True	True	True	True
1268	1268.mp4	1268	cbee051a7121e1a6ca88c7a3a7e76d0602eb0d7ef103b3c49c59c4a4f261f869	8744ab2928e97aa49abb36a544be06590040e19ed580f9aa17e6c337baca8d4a	False	True	True	True	True	True
1269	1269.mp4	1269	2a59c89e9afa9c74b2cf86fa4ec96a5333f26ce4a7af625904a106400f8b81b9	993f3240539d3b984a27446f4aa0485679cf2936d92588b1ea684bfa51e59b8d	False	True	True	True	True	True
1270	1270.mp4	1270	6d33be062336a268266f23371aff6b0cde8b5354bd469995899179badbc79599	6f295b238d78e31edf7ce98b9c7a29db5c8b372ac0eeac800d48c19a9c6b1a90	False	True	True	True	True	True
1271	1271.mp4	1271	4475bdf6035366fcf0aaa6dd049782900c2bae5fe21ae91231ea9a8e3f7582c7	7a0a2a01c0a56b6de2114a2fc3df78de895b037b890fcb627858f00eef4cc549	False	True	True	True	True	True
1272	1272.mp4	1272	ef533937ebf7e7b0abeeac47c6a5e971d23d632aa236b2c9fbbf3b9edcb2809a	efa9e66c501d61e51ec55ac3f7050aa84fdf28f6e3c47c718d0a00db8719ec58	False	True	True	True	True	True
1273	1273.mp4	1273	336fec50c9c5c499bf5738b760d3864c0ce06ef4e18ecf91185901f43608c4f9	55f019b22a52c3961c071d4d2d7ebf1bbe873cb3725983a209065d99fb14f0c7	False	True	True	True	True	True
1274	1274.mp4	1274	4e9fadb779e58ce202d89ef56cbed24292287a2df3046a607531796e71daf19f	5c86163783e852e042ae7f825c6001732ae1877e7fead1ba5df1e642615e50bc	False	True	True	True	True	True
1275	1275.mp4	1275	3ee0e25bffcd79e6b712d614c18584e691bd48b89df773ab315068c314e03c74	8e313baeb06fe731aac66195661a3dc96707681f075674c24767e7e93ce5fbbc	False	True	True	True	True	True
1276	1276.mp4	1276	a913817d8b47088215edadea2ee76ae94f01450d140d366985c028ff5c21055e	b289221c3ed9d70eb197bae80bfb8d24fc91723a092d5b56486f1591b17cf09e	False	True	True	True	True	True
1277	1277.mp4	1277	9b282b7dc68eb8e730a9ca82852340585662149e6047fba6c1297445242a16ef	1db4291f4e7eec334febbbf9e2e18dd3c38ac5ad881fdab08b0f7c3c60cfa21f	False	True	True	True	True	True
1278	1278.mp4	1278	dc7272e2bf0b036983cf39d9325aa5b174552cfca7e2311678999d7e2ec9572c	fe10741d383b4da4dcef42136c794adb0012d673f0e953ffcb23a4f1e8bb28bc	False	True	True	True	True	True
1279	1279.mp4	1279	c4ef317215e8edbd793f6e6382666f5e235ba638f0330ff76bbba917bed505f3	7edafcf7ad817e1967ae24e6c3c81bb39ceefc9d155a942e468caec1da2e95ac	False	True	True	True	True	True
1280	1280.mp4	1280	4d9e3686c2f27bcfa0eb523e34550553d2bd89a367781cf69319662d453ce582	74e9ae9fcb61d88777adc77cec70d11eea1f09aa0579099d5296bd05f56e7730	False	True	True	True	True	True
1281	1281.mp4	1281	86e2a0e15312c66d01d620714ebc867cecc1e84cbbdda4743c974cba4b8fc419	f7c3db3e949e8bd4f53b4db709e72240097dbfe690dfcf481410518a67dbcaf2	False	True	True	True	True	True
1282	1282.mp4	1282	097dbccb6c45ab89ec01a62b0f993a33b6df7fe4bfd5df80bf0db3faf35821dd	5bea20e7e5a1b8b6f1e7b7385cb16f482f91bc72f1f9513dcc7e6b43d74499f3	False	True	True	True	True	True
1283	1283.mp4	1283	b57f81f1bed5b3cca94cff6bd661a4a41e240e25f3fa26ed47e02eab6d0010d0	0bbe176de5444b4251dc63c394140d864553c2dd0206bb88e88454a1ba27eddf	False	True	True	True	True	True
1284	1284.mp4	1284	b0a316527d5c225be6bde277b786f80e4a60eb19cb9bc541519f47add7f93925	c9a66f1945b497489cde5d4a77519c95264a8a5144834007cf8e79f91e84c6f9	False	True	True	True	True	True
1285	1285.mp4	1285	c660277bfbc5f7e897f8fd78572cfdd56157f05ab93ccd36de912306f8d01290	b43cfe998df6210382718cd635d7b65ae8f51496c2b39409e01b4a7bb611a004	False	True	True	True	True	True
1286	1286.mp4	1286	023c65cb8dc8b7f562c57d1bc8e86795a16963d7360f651eac49393555b4ec98	7cffd8464dfc4739313d54f19ef39a9c4ac0fdc3646bd1515af9b1f249ac6dc1	False	True	True	True	True	True
1287	1287.mp4	1287	f324adfd4ebef4849fecad9ece8cb85203220b04f170dded3c3e372da6fb26e4	113159d9fc23bd154db85da5e692abbe244298a0f1a71dc95db27b271e282646	False	True	True	True	True	True
1288	1288.mp4	1288	cdefedc560ae167291f24812d2396a4b9b982c43d796b027cb54ab3b1ec9238a	d99da82a4b8fe77e24dd87bd4cdcdea36819b7f79bd2753bac25c1a6fe05d0a5	False	True	True	True	True	True
1289	1289.mp4	1289	c95739e130753963899ac8765e1a5595b68198fe2393bbdb306b5cf078235020	5b231618dae58d6d9c3169e943e1833650fa0158d2727e67b7d8a6f796782187	False	True	True	True	True	True
1290	1290.mp4	1290	8d3d87b671b7bb5c0990b945ccf5c276e9733a5f59d061f4d4d1a6e4f65e80cb	50088f4470aac8127766932673e83481b73abeaafd4449c56db23c3859df5dfe	False	True	True	True	True	True
1291	1291.mp4	1291	d47c25bee57a4e139a9142776e478d837e0ef58717313c0938a4b50cf1c147a9	f2e94f64d467dc20ba93de0c96e4bbac32f6b4ae1e582118c1c1935acaae2115	False	True	True	True	True	True
1292	1292.mp4	1292	07d056474aabc5c7e1f73b4e81b52a5228b436f0478e2a3e8b5d407c931d29f6	271e16ef84df69d9ff43ba1241182ffb77b6a6befc927ccd38a23ccb5bfb6483	False	True	True	True	True	True
1293	1293.mp4	1293	9c1e05d20f0e6dbb0e24199f644f16c04fcadda7e94da066f607dc57e6fb4a6e	706e2188b890aae48d64cb64798fad4cd6d923ff8f65008ed980ad03f6c9fec2	False	True	True	True	True	True
1294	1294.mp4	1294	2b23bde1b1bb6a95970ba0ccd9fa43e21387c30465cc929e2cd53708642be9ee	6cff42d5889ef4bf586d83119ccfb6eeb77363c568f58f3679ae90a1990f44d6	False	True	True	True	True	True
1295	1295.mp4	1295	68b872e506182d65f7ffffdae772fbae6c3ebf0416cc11df71f3e6abf79ce559	11954b94171b2f1b3a345a14a2371fd7a928f472a64082555453666d0656267f	False	True	True	True	True	True
1296	1296.mp4	1296	69cb656b1a228c3bb827b49518e68df446bc3735a36464426c271e2fec7c51c3	db17e17b7e725dd3ba15bcbbdd191e9265be7f2fb194acb91ba0fe803bc6594a	False	True	True	True	True	True
1297	1297.mp4	1297	5299ef36a9fbf36be063d7deb3763932f6fb596a1332bbd810a76fcb8eb4fb8d	0ca4864a91744abbe07cbc99b2a0af933dc29f561b137ea4a45fdd34374769e4	False	True	True	True	True	True
1298	1298.mp4	1298	70189aab08bd837ede6cbffca9f96eb8ccecb99716a70e0a1aa27b8a83023a57	a81e372f050c5a1e258307f0899757c727084c668430d62e1a01658a6267b33b	False	True	True	True	True	True
1299	1299.mp4	1299	c2db38b8bb1c807019146bc571462fa19d60326f5f43e3c8a92e160d4d2a13e7	ea49d09d78525996456997ee134dba89540a2c92f1ad5fa31bd4370329206a84	False	True	True	True	True	True
1300	1300.mp4	1300	4a4721786cbb84441524677e9271ca1e628a4ee7b85a980846c994596fb6cb29	f77d5b7d1b5d990acb9c92e9ae0dd68dfa05cbddb881e1efa83693b7d41b83cb	False	True	True	True	True	True
1301	1301.mp4	1301	573cd8a12e49b0c93e03756b20180555c1f08ad006eeea37a734d071a7eaf8fc	c8f09ba923b10e2c83fc20c1693809ea91194cebdd18b0e0faf3edd76d747f1f	False	True	True	True	True	True
1302	1302.mp4	1302	1fffa12f51d9603273e20e0d6e1d2ef6c7c31b6007ffe0495972a074435c978f	3d9e416efa76b02c9bd387f807c09327916c9bb9dec5a6cf841097b6a95c0f95	False	True	True	True	True	True
1303	1303.mp4	1303	32fadfedda27cd1d530c530bd9df4ca03fae629bc2a6039ae8f0635b0a250d42	a301d26e93ddddd59e5d9cb449620dfbeb385092a311dc153422d609e53ce32c	False	True	True	True	True	True
1304	1304.mp4	1304	a2ca6a491f8d92fccf7f9437899c6563861f96c0d0461b540138b679897942d8	653cb8340b5b68527f6f2153d8890a20e138df72b72f1c3d49a454e8311c4825	False	True	True	True	True	True
1305	1305.mp4	1305	612743b7e9fb056bc61dbe6c64d5deb7bdadb27615e4fada72d17689abd92862	861d342c76dbddbc79c35c8d5293f974aac9b20a71cd5fd180daa02b54101d22	False	True	True	True	True	True
1306	1306.mp4	1306	f95b7d160f0e664efc0fb4eaf1f02b49f6e747a03a0537262e73c0934192dcb7	515a233dc23bfa2e8cef3dd579b0622955ef7a6b9c3c849f944479ebadead804	False	True	True	True	True	True
1307	1307.mp4	1307	80721b5ca5550143b388c622c217977c8eafca8b26cc46910d47d65048bff24c	cc6faf58456dadc967bbcce117156eb15a477ac5a676736c8a750a2a8e188aa0	False	True	True	True	True	True
1308	1308.mp4	1308	f6279cae880df112f4be189abc5ade8e69882a9a614f6cac9891e6916f659895	e76750f366ff7ded9ddc29273a96ab9e03e14b9e8f88d96e730adc290e369766	False	True	True	True	True	True
1309	1309.mp4	1309	90fc8c103875e452ebe1ef05b99e200538ac40bbb7c430e0ec85e0cb1b32e371	f7c887df427f6993c6207435a4a37b8fa76608cb2b79bb5c78a080089434b4cb	False	True	True	True	True	True
1310	1310.mp4	1310	718e18c83c4447559a6661f7f7d6c63facfdb2d501dba19ed47c0595bfdf7e33	aac2f796db65eb6edd35b1fd24c95cc427b62a92b9627cb43349dc9b24c2b92d	False	True	True	True	True	True
1311	1311.mp4	1311	c377d8910057ec5bf6d0a45703edb26ef8a20a115a94acd8c6f75efcdd2a8d27	533695cfbc87d615137c6122b0b06f78ad7e4b68fdd241f201f6a55844374528	False	True	True	True	True	True
1312	1312.mp4	1312	8622bdb34bc4be3f8ad8ef5f6250d1e356bb2e06ce1f805ec84a3f392fb9969c	835194f68d66e8e48dc35f6a653b1432aca901f89eef13c50f19a95ab40a6de6	False	True	True	True	True	True
1313	1313.mp4	1313	675360e1c88ec060f297d2fd97c38ae8c4d85d8ef08d59a466c213d2d1ef2822	f53c01440675ea9dccd5b3bcd1c4644179bbed42145d1f638b7b41e2c113f9b1	False	True	True	True	True	True
1314	1314.mp4	1314	1f7d54d750ad0cf872bf0b66e282516c80c25762463dd1c54a1f36eaf099d384	2c39ea8f9184424a9319fbc7899801fec70ab46eff86002ce4d0ead2a087817e	False	True	True	True	True	True
1315	1315.mp4	1315	7d0af47433f99ac22e83999fe472830f69e6461ab8e70017dd2d1d64bd693593	155de421bf7582c055c4ad287c89490f9f0c9a06efdcd3afa12ec157038aa39e	False	True	True	True	True	True
1316	1316.mp4	1316	8e344f17c51f6950686d047a4bd0cf4755c9b48df4b87350fd9a44dfc88ceea3	1502a2f0d020806ee16c7e05432a2f84b5d17de4b97c9987f43511c53a72e163	False	True	True	True	True	True
1317	1317.mp4	1317	38128cc895448810a14aa0a781f995212d455fe01f0fce986f4b3783e626f07b	198806a86e7bffe3f0333941f751e2fa6a4660fb5cd2d241f3338e7f536b0aa0	False	True	True	True	True	True
1318	1318.mp4	1318	bd03baae85b895c5c909fd2f12a71f1fbb1ab22950be45285a5a653a6cfc96f5	f85508d8c378b83d7461c9e09ce710ac579e1356848f309e83c9c6e5a6ac3eba	False	True	True	True	True	True
1319	1319.mp4	1319	a2009eaa83f96af7d5e130f2e537210c421618e0e1f46c0e75d9a81b2fa871cd	3b6455923db9ec9862ea69956bfedba8bbd01a48764b1008a55dc70289574dfc	False	True	True	True	True	True
1320	1320.mp4	1320	7eb6c03dda60506fcc6b27af889cfb03a7ff32d3cf47af5c574df48a57829e3b	bf4c101992f9de7c295100458f89258542d605edea210bab3ff8f9a00696e5a7	False	True	True	True	True	True
1321	1321.mp4	1321	32b13e1a7055d3f04d8ac06ea0b1d82dbafb40d99aaabca543c4e8de0f7293bb	04a461313c5ff3c11c84d7357d7c16b3fc93ee8f318ab719c83f355c7e3b792a	False	True	True	True	True	True
1322	1322.mp4	1322	9ec1745b7c0d6db5806ef41a3ec67e093962b74b5fa92357157c61309b17c7de	87c187590c59863065e8d08140a85e1b9ee0682b8b1d9987bd9c0de33489cff1	False	True	True	True	True	True
1323	1323.mp4	1323	31813905925a1582f1177e0d24665b4c1a4aad468898744f73287cdb491ca4bb	6ccec5386ae15cd201e090654231fe3b3800819a9609270728448bfee85157d5	False	True	True	True	True	True
1324	1324.mp4	1324	2a0fe7cefd8407c67d11c4b0e6d320b1b4d0cc79a828f667fdec9a90d3b891fa	e2926429cf8eb071f8aa6ba44500769a7657d387503d9ea5b4f2d3afa92ebba6	False	True	True	True	True	True
1325	1325.mp4	1325	c8206bdb9fff5a9ed6642356a2091b6a8407a671e84871d87bf1ecea6b7f71ac	3e545bcdbf67405fe6d272b2006f6668e1edfac69acecbf885e8c70e00200bda	False	True	True	True	True	True
1326	1326.mp4	1326	7e5dbe7e4655567be5152d321fc534d8e7b38f45393792f49606deeaeec43bb3	db5af396fb8b119cb0ac5ccd6012a8c7b5a3ff514801640c6b419daf0dc66fea	False	True	True	True	True	True
1327	1327.mp4	1327	a0f89dc43112be07bfde0d4127cc8ade4722c9ec93ef8de78643f362edeebb9b	dd5ca693f7bc0347028d8c4c550fd7582598b421c0d389d15f8b8d0bff9b26a6	False	True	True	True	True	True
1328	1328.mp4	1328	6e4ab635a644e24af7b1a38a49cda737fe6f5681d65a6248378628ee6f1457a4	64e89584e411cee5a528da1879b0718c207adc12e0b11cd45d40d6e2e9167f74	False	True	True	True	True	True
1329	1329.mp4	1329	8ca089b5b0a04b1e7dfc0a222eb56e009f8ada7eacf8c2ab040c586e96e3f2d0	f7ffb91855bd90f8fc1c8211dac2fee60ab7e12f54ec30aa1aaf70d566b278d9	False	True	True	True	True	True
1330	1330.mp4	1330	f3c645e1a3b64fcd883d0a4517111b74b9711df48581bf7fd622c605c4d722a3	f7ebefe2848f976793ca479c9613cc017d39847c3babb36d02e6aa842e44af3c	False	True	True	True	True	True
1331	1331.mp4	1331	0b4a93953e8587004b0a99c38928c674ed4bb6d2a9a1bbe52eebedd81b63e565	a08daa0053e8d3afb107c5564b09b595563ccc485d0d658cc8d006be46f116fa	False	True	True	True	True	True
1332	1332.mp4	1332	a5b79a6e79966eb7d4fbf6ea8490e5e0c8c4331ebe33111a0271cbb91d3bdd57	cd2e5a1247e590d31afb5ca03970a5682aefa5be47a36e66b375fc411ae3cc53	False	True	True	True	True	True
1333	1333.mp4	1333	3b7f9febf3f78adb04f173f8db0005bf26d982a4b8961925e8c59b922a0c1a9b	f0c314f577c47a0d93896babec31b20a90b3a11dd1e95adee24bed5d890cfe33	False	True	True	True	True	True
1334	1334.mp4	1334	77d477923613ec5eff9a20ed6ed9cf948c22436f3cf7a3c5c24bee1b9b5ddb61	10a5fcb46ab999f7c6fb2f9520c1917debb0c2d541ae20572a34ec88001821bb	False	True	True	True	True	True
1335	1335.mp4	1335	05eb301fea6fc4136539acc5b5bdc8bc6d6f50cdec5c3193761ebdb5735a35c7	090dcd2373d5564dc0ef2970ce908fb4cfab377da0e93df3b999599f7f84c836	False	True	True	True	True	True
1336	1336.mp4	1336	1d92cf4d427ab7ada560ea8b7417a4cf54c3c6eef9185b11b0c1d57ff3c692f5	9080b4218e92ed590a3d64ddb52b329799927c5fcbee9631cc289de608285c77	False	True	True	True	True	True
1337	1337.mp4	1337	270598f528f85af68f9401388ebf1c4a626ddb657ad435137db6b91ec9ad11b4	9f203e8884f2035ed0d1389f92ea14f836fde0fbfde91750651e6f19bbc01891	False	True	True	True	True	True
1338	1338.mp4	1338	06d59e085955250f9b577087c207cef6cdf8b8b6c783718a4232e57afd0a8ae8	440708890d0cba0aa6b32d733d21f80e7aba981f50e55e68452a5fd4bfb2335f	False	True	True	True	True	True
1339	1339.mp4	1339	25db545529fc655f85c266f72fca529e61d99e34b9fe89b77e75f8a33bd44072	f2af86aa9a06d49d78246d6ccda7f54e29ab96b10b34068f24c229a1a9751e9a	False	True	True	True	True	True
1340	1340.mp4	1340	b03c6bddf48f6e678d4332fdf31faccc0a34b0648e41ae22a65c1d35e57b7bff	4b5b8147db20c0984bf061e147d11c7d59d947161a2bd88aeaae8796e3860c1a	False	True	True	True	True	True
1341	1341.mp4	1341	f487b6163498b2ce63f91728cf67917621ac2bb0f1e36136a36a5f468efe6c5c	9836234c9134d9f61c760cbd49ed1234ef946d10141602ab764b56a6865f6bc0	False	True	True	True	True	True
1342	1342.mp4	1342	6cac42e43854c86c03bd713ab0de9993c6a35288bf7c25ab72b9c9856f166fa1	0bcf458441c98bea41469765387fb515c0527bcf1b118902cd06d1103d56c92b	False	True	True	True	True	True
1343	1343.mp4	1343	a5dea4dfe93aef83c5a49de6c13d2cdc6ec18aa74445bde7c6a36541ac687c46	6188d0ca0779d7983adfb938a45721e51e0f9b2b118ef6368f60d5235906e520	False	True	True	True	True	True
1344	1344.mp4	1344	786580b189e7c6e222c76f38ea2874f44d43226bd762637e192584a2b590c597	0a1e2d059126a43ff478343491061debc6a19c226fd8e87fdac0f1ee7f05f7cf	False	True	True	True	True	True
1345	1345.mp4	1345	0b1af7bc49cac10a9e7b3738073da815eaca4716dde4c526a25162f89c9fc2df	597678e5ae8b305f245b7e51c3e86472741de9ed54ae6f7b2f916b8d9e07d72e	False	True	True	True	True	True
1346	1346.mp4	1346	1e1c0d510c6f2fc12db636dde4cb3f0002ee186b4d1cef1d1a756d668f7c6bff	e1403e6fab6d0b786824dd1837c0afc0a666f8555d8fe0320968263ca0e5a079	False	True	True	True	True	True
1347	1347.mp4	1347	12d47b22198003b75102b4f81c8d55ea44e48a5afb5d64fe8a251c715622968d	7130ed7f36435ea5336cde1d70800bc5b90e0f9e1503201b07d98213c3322f7b	False	True	True	True	True	True
1348	1348.mp4	1348	f0b785f4189d7c26a5665f466a83e74c904450d73cc3b73b3e9199d24cc1a4a0	15859d1075044ae60b99abc2b2b254a81e84e3ed611cb961bb49c2495bd36fb3	False	True	True	True	True	True
1349	1349.mp4	1349	5bcf6e309898cf51724efc7e72b1f784217dbca7c20bd62f4edf421f3678a3fd	8e83c92a9019be09841a4c93b76b66a23cdf35b187545cb52100a8f0a8dac677	False	True	True	True	True	True
1350	1350.mp4	1350	860897d03ec8d66ed6c40ca897ee11580641f91f3736eb06492a781751d37bd2	a8aeda5d31b6cffa5d0fec7a1da10f1447777dfee5a3f530063504d1b8a140cc	False	True	True	True	True	True
1351	1351.mp4	1351	92ebaa9ba319fa412654ff92978c568053e735ead3d88f79303c5e79da0370e9	0cafd31d986461b1a361f760f9f9c738513cb0935d5088a2251b7c6c85e5bbcb	False	True	True	True	True	True
1352	1352.mp4	1352	d0d34129d4f2d6c9eb8cc7b2188994337002562dd73a160527452f7a52a768b3	72e570f5fef5dc7200549e6d697a888dc0c5eb0294fbba77cbca642aaca952fc	False	True	True	True	True	True
1353	1353.mp4	1353	42b6aa8390841e8909ba9650518db2969f143b87fb870853d847787c6da81ca1	697fb1bf95793bb5e95af41b62f450fdeb795145bfd3248a0e33d0e93840573c	False	True	True	True	True	True
1354	1354.mp4	1354	2801425f793644c6b5cd432ddbcfcd784c414c81e955011c9c803ffca4846daa	641d036865f8c73bda9ae31f445a087c49cd1ee7cf2c14e86eba2e87ee452b75	False	True	True	True	True	True
1355	1355.mp4	1355	5bb2ae953d3c738655bb39b88562a648b7a93500430daa171679f845f58e326d	56f1069d5943cf5a75ba3c24cbd8f53b6f5afd1dd133117dbdaea1f8636e6722	False	True	True	True	True	True
1356	1356.mp4	1356	d6066ea8c11b4689f8845ccb5e8653bbd5ec77c47cb677d1d5cf7cd04107ba01	0292b3be53a82b8565b29ccecaf7244f0b52e5843536268d810361ebc090196a	False	True	True	True	True	True
1357	1357.mp4	1357	273ba394cb4bec8f455c1be17e127f67c93fca9d0a56904a75bb36cb9f210931	ead1c57f081944e6238bebd49b4999fa83c57dbe5575fe145f9d392fcb0be6c3	False	True	True	True	True	True
1358	1358.mp4	1358	d2132a6d91c284ed95ef72307972c392fd576087f1366b8d11eefbff37197730	05ea86a410e117d930830b7f05d6da464f644d0ac33bd3e23cd3fe2567574832	False	True	True	True	True	True
1359	1359.mp4	1359	e628c9ea236e2357196931a91998a4f012727ae4653cac2a7310932f0674e08b	3b420ea2b48d1ec4d8fcb5d6ac76533ad5b813a8bf4308652f9aee910e627aa7	False	True	True	True	True	True
1360	1360.mp4	1360	e028048daa23e81af1c55a14d57a7d6bd8a60f1ca49aa297110785a1a5ea31fb	4be57f5d243f8df147a7e5ec3542ec4cf2cef6ad503891441bf095427cc251dc	False	True	True	True	True	True
1361	1361.mp4	1361	2383e2970776573a7ffb730d6fe73554af732f844c42982607ff3404b76fa3fc	9745e036e1d4c6b384d1242241a16f9150864309bf21e0101ab256408d984292	False	True	True	True	True	True
1362	1362.mp4	1362	83a4bad0bd5ea5ea080993b590ac7473d1c6a5abae2782f213850c726e24a685	ce86677bfff74f1608bc0b4d38c984b7cce4afccdc2509895290391309daeef4	False	True	True	True	True	True
1363	1363.mp4	1349	d9a2080d024466ea24e656eefbe312cf0bbbfddee1def7c9967682c1d36cdfa3	0a9db9c19c2a25a11f4a558ed1e6e2ba847d5e1dc824f4199531c0aadf225a94	True	True	True	True	True	True
1364	1364.mp4	1364	1c704341b7b0cd2621b96959605f2d1941d8273cf783db7ef1ec54c8be7bb421	da1cc977cd04ff3149d08927430801f048bf58ea4e88c0019376fda251025834	False	True	True	True	True	True
1365	1365.mp4	1365	9b9ea0015d4307c5af52081c5893020fdb39c4dd9f5820adf27a30a4ff4b4bb8	37b5fd14c65b28829550487ec6ad3786cfd3a1ca10a58c60ddfc56beeadcf549	False	True	True	True	True	True
1366	1366.mp4	1366	131a62197d35fe2ebc12fc85a40b8723f1131da6b1f8962f35d382f18ecd0027	22df2659dbd0046ac1477a090b47977fc4287939a6399138a2c3ba106589067b	False	True	True	True	True	True
1367	1367.mp4	1367	4a63fab60b4c34a8e82b6fb07abf3f6f3b57880c4f8b9149690758a00a12df72	ab60f854e77b2b9d97f5ff5be9d15abe636334b519181385b92492ab0268db86	False	True	True	True	True	True
1368	1368.mp4	1368	8189845382e00e41e65aa316081a50d0be22d0e8ec8fbce6ff1112c2fd996bab	153e6a587f6ce93466b654b495bb4203c34191a9c3923ec09ed1a8154b22c4fd	False	True	True	True	True	True
1369	1369.mp4	1369	a0f286903626d83c73bc349390fbd52c790041dc4d337808c414526422a213ba	4c1c966f1a68ca355f032f4e8a45f5faefcd887a028d78482fd0d382c50518c1	False	True	True	True	True	True
1370	1370.mp4	1370	c3bef5003e73f7a6a1e3cffd4c8197854e3420d376637f59d9e08aa2d4c15728	e594a0067dd0bb157fd048d386f9f155fa0a39e93d37533b9438b3b3da04ce35	False	True	True	True	True	True
1371	1371.mp4	1371	5e5b020ec3beaf65a02f996264638ab5519a1044a2ee71f0bce8740a2f093826	cc69ac6d9a1dcb23052b976a743e6a79b3c1977d639c2620218bf670f9a3f54f	False	True	True	True	True	True
1372	1372.mp4	1372	57c86dfff9585994860a693e8a83f1e80e778a65a01d67d466c69e7e38de6487	59bd0d1073a5ec93a623be3af0c4fddafd55af11ff42af7c9f856f6aa7cbba0d	False	True	True	True	True	True
1373	1373.mp4	1373	4009795be301083b83767477e9886e9bd22e38c7b809afe19855217bed9744d8	55be16a25267d52c2ce93fd16d9d9531565d2ee5adf5fe67c4c41a9b968c804a	False	True	True	True	True	True
1374	1374.mp4	1374	dc2a5072da824f2ce8e8e9f8c6083b1d2eb912e10b5962062b66b3bdcc2fcba1	749328c83ccd8034bf3e1e027b606d10f9de9264560dc4203eccb191469eb81c	False	True	True	True	True	True
1375	1375.mp4	1375	0a110cb8d855e70cfecf5d96148bffa0b093dc77b995640c106f976910f91294	df1c1b5a4fa36249f8c2250d82721149adb61182507dab98836e72ee9f4940a7	False	True	True	True	True	True
1376	1376.mp4	1376	9d747c6ecb46220b0bae22eaeb5e4a75603954ae02eb7c39bb8c4cb5dc0beb55	2383cf4ad95e25583c9ac2ce9e61c73b8b732ac02afe7c1bf503b4b8e8b9fd32	False	True	True	True	True	True
1377	1377.mp4	1377	9709852e79da4187087078ca97188946d801c6afc64f4d4f7934ad66546e6fac	96269e639da5c338d70d9dac4e68a7064c118296b3fa0dbe9826a67525eb603e	False	True	True	True	True	True
1378	1378.mp4	1378	3b6a4c9651bfac8dbc17fa1c7e81b5cc8ebfae38bacdb7025c6b5e429fa11890	c9891562572cbf7bf00efe95305e394ff8ab66ad902e99accfbe08dadcbacfff	False	True	True	True	True	True
1379	1379.mp4	1379	0c276c25a3195ebbcce919c1f3af7099ae0ec8396e2ef28f834ffec48888332c	e9ed1ed37b7a2f1ccae6c05e0617edccb1c5e84d652ec9f8c1dbcadca559a76d	False	True	True	True	True	True
1380	1380.mp4	1380	a91ddd8dbf1515009ee1bcf18115fe4c16749937ef6e21713a35b9cd6bc88284	ee410e1427d02ebd2238a2e7eda8b05620dd5267305ac2c8704f16e8c270dd1d	False	True	True	True	True	True
1381	1381.mp4	1381	645d1cc13db57413a2a4065fde552006c28dd7ab15d1cdc89d34c58ce1c129a6	c9cfcb7b30337f8e18d7c49bdb07b3a3050e1aa24f87c343c1256cd4131d3eb1	False	True	True	True	True	True
1382	1382.mp4	1382	b52d56686ed2d9d858ee57cce975f9c503cafba3bdc6f9075201eda51f3ef4b8	a75ecb7bdb2a6bbcebbb07d04e612869ecf807bd971125762c032f4baba131bc	False	True	True	True	True	True
1383	1383.mp4	1383	ea787c6fc3fee195e53aecac902e6766e1b410a947fc85247ef2850bb7231863	dd44fba057df619f3cd35f9490ed2b4c66401817a3e842488441bbae06e2f7f0	False	True	True	True	True	True
1384	1384.mp4	1384	674d26f355ff7539e1ed79c63a05e380facefc74fa6b10f2cdb887a5660e0e14	1044c609c74e1a2b4a9f08b7f7f7da1244bb82d4d85467fd425367981591bb92	False	True	True	True	True	True
1385	1385.mp4	1385	75c14e5bb30e718cc655f5d541758ca27232f8c379a9dc235d045fbe1b5bc1e3	91b856de2a9120184b76f9093c552792f4c579f5521cac493bf932e2a5d119cd	False	True	True	True	True	True
1386	1386.mp4	1386	e41da7e693fbd11aa32ea7bd634a1b70fcc12a217b7ae1a4b6ad6aba4f19d0c2	8119e8437c84545ea42ca6b99b096735eaec4e3bfa56f50c7cf563d70b9f50c1	False	True	True	True	True	True
1387	1387.mp4	1387	78404d13b1fdec8a01b7d5240a4d34e7eb3a2990c9394d54aaa8ae0a1c1cdd41	427ef58975b8d6cdd20f3b512743f9b42dbf16fa753daabd3af7d8c0467713ab	False	True	True	True	True	True
1388	1388.mp4	1388	7b8434e1ba672de99882cc68d0e7fb895f25f6a0609de4ca0b641bcc1856e6ff	b85909906336fbf5da3e87719efe7da9f00e48227537d47756b489c75557e53b	False	True	True	True	True	True
1389	1389.mp4	1389	20cc206a9398f42cc2ebe39608083dafe3d7bfa63a5517e3c60df79ca412c410	a173374541608997ddf1fd0f92702b11ec34114b27d1b00639c505a4a2cb0441	False	True	True	True	True	True
1390	1390.mp4	1390	8a94f698175d7b391d0802b3a0c94ba57fc951c462d8a87e2520a7487d9450b1	179cb796e245e31c9ed345e1e56af7cbde1a62f0036a9a1a26f83d7173357aff	False	True	True	True	True	True
1391	1391.mp4	1391	f364a32b9a479c3becc6391a0607a2db006606bcd0d490ca887285aafbc4b5a5	01a1513de00bbee0b7499064303ebb15a74e5af6dfa3661a2b5f7fe7da170f2a	False	True	True	True	True	True
1392	1392.mp4	1392	271eee3c0ae4b883664974918cc893bb2f24b364a97f95299c1ad3c5108bfd07	ff53133e86b5c6ad5165606bf252264887092ef1eac1200eb0479ce83c383916	False	True	True	True	True	True
1393	1393.mp4	1393	354c547ae536be9eadfcd8170dc5e7fedbaa105584157883446f9b9858d27447	fbe9398c355bb84008c55e4650a832484cbdaadca79264906246ca642a4cf2b8	False	True	True	True	True	True
1394	1394.mp4	1394	9b734fe16adf4e1a30c5d36d2d33eb71377b8d15eccd5df50031f3eb718c4dab	c89ae1ad232d26bb4da3778c4f01df190c288807a95bffe411868798404c5946	False	True	True	True	True	True
1395	1395.mp4	1395	2103f60b6cf2cbc957b59fbbf901bf16a3acccd23d683daebfbe41ab89864d30	b037c664edd236ba2c2d4b03b9fa06a6081cfdaaf59ed44f60feb9db2d75c59c	False	True	True	True	True	True
1396	1396.mp4	1396	e2cd447074de6274e5ac89e75fb05a6f87d60fef9a054947c30505c6d35da554	93a0a9a7671ab284f49665f02d5620c245010fdb7ed628960c9300d0f7878718	False	True	True	True	True	True
1397	1397.mp4	1397	1987af5d38602d8c8db1f6534d9fe0fa4c70e45b8b2ac51ff370689840a5f77f	032a5b3a543c873d72c25e3e811ea73a6b3c8ca6d1d86e247708e60d4a374ddb	False	True	True	True	True	True
1398	1398.mp4	1398	ddad398c6b28f65d56d7f15f625b1667261327d5143ebb787cb51a1836e953fd	4dc5036bb07a5929c0ac2267aa9728f8a718e6ee3c92468e39a6c0ca03754353	False	True	True	True	True	True
1399	1399.mp4	1399	c2ecf3b1c496d00782fcbf994c1812fd03b5ff707c238d775ccf0b5a682cc1e7	1f7c5830c6c4923f3fec0068ff5f43a177ccf33056b972efc58b6c448bbbb260	False	True	True	True	True	True
1400	1400.mp4	1400	b96e7f2f9633dca8d98b449f4df711af5cb2da7f5d8612013249e2106d59853b	f8b2fcb760d365b48a65cadc102743c4c3f90bffad45dc2adac70270e1dc64b2	False	True	True	True	True	True
1401	1401.mp4	1401	599dd3317082ce3869f6e9c2409377c8da984007a818af5373a1424520804f97	2526ef0374288b8c206e6a3380038bf81a788a937889ec68a2cd338c489f2929	False	True	True	True	True	True
1402	1402.mp4	1402	0c78be5559e3046e429765ffefae392d544fa672f9ccf98c292753ba68055c75	2c3270b0f32b314c6a592daea6d1b55f1d96a4965d04b5429caac50f72d7da43	False	True	True	True	True	True
1403	1403.mp4	1403	1e0ff447b86c674d5ffbccc8a65abefcb30f3e27a06dd19f69b104333f125b30	428fbdba2197b12a033687fe691dca40cb6c4e82a8bbc19a1db40e46b18c4883	False	True	True	True	True	True
1404	1404.mp4	1404	5fcf5de6289c26b8948394c83a9dfcee8d5789a612c56002d71719e2af555444	7015120a8ca659683cd4614ddbab7c40fa879bfa8adae4834ac85318ecf48bb9	False	True	True	True	True	True
1405	1405.mp4	1405	0529cb4742ac8371b8a186e2023a82b84962b2f553c7fc512048e10048fa47a6	76ad44c6d09d6c29c87c2fa894838960f9d0214a2ee0e55e7b057cdde87b032a	False	True	True	True	True	True
1406	1406.mp4	1406	dcdea4d6ce4728eef6fa563ec125df2ad7d4031a19256bd79aad860679ae0cfd	30479dcb73ad3c6a159e4897f30588cc1da2592f5f2367b89e2118cd7c5f2fde	False	True	True	True	True	True
1407	1407.mp4	1407	79b5bb66a121f85233826619c788ac3f2ab6ca85b9ff57e66af8cdfddc51fca5	aca644b1c636ec4852e2a4e9771439d4933ecdda9841bdd44332254970ccbfbb	False	True	True	True	True	True
1408	1408.mp4	1408	9ae672c6171c48509b107575b308ef9540832017261b99d0efb254eab7142ad8	b5065ff4aed8538723868f415568f956caaebf0352d7fa3131da574d41b697e1	False	True	True	True	True	True
1409	1409.mp4	1409	a46720652a396e839096a545e057f7b487c834ddbb7526985acea29234c0dd53	351fce63dab5f91f690b823c3b76922afaab682011716ec09170af17a7c0a177	False	True	True	True	True	True
1410	1410.mp4	1410	88848bc2dfa242e01d1645d6a142b14f97b031eb86d173b28344218ea13f791c	4e8f90bee2cb5c2cf759bb8dc2ccaedbbdee8ad4761c56e3bd437b9321293b62	False	True	True	True	True	True
1411	1411.mp4	1411	a6bc03be51f0828aa772355fc8085189cb21b912a94bf039f59b97472073b10a	0b193f3517aed0744760b8b113d3b419275d03dc4311c991e232b40f775de956	False	True	True	True	True	True
1412	1412.mp4	1412	a9b9454d682fb19447671b3be50fd92e1c9adbef8ff50c2462f7f64b1301691a	02f7c19f84567283649fa0a4a5fcc4ff5ce28ec53d8ef897da378aedd2fe1474	False	True	True	True	True	True
1413	1413.mp4	1413	a5bbf7707941abd7e50d4bc48016bd0c90b77dc3ed355a5fe52c3e90c9aa7d6b	3be7d63385027ba96de60e2c4315258371a0394a428a1b5b266bd7608ef8bb61	False	True	True	True	True	True
1414	1414.mp4	1414	a906bffefac000a854d2e552ee64899baecb2b396de6fdd60ba3f42c6b7a57e6	c52b0eee23b474c5da26a22ad1b54ecf07a6366982547c57743004a7fa2834df	False	True	True	True	True	True
1415	1415.mp4	1415	229a242f0a8dffb931d34b703fde0cb302c24f9d1f048e5c0ce27cfbc1c2cf93	c9cd45746e396bfba7d3bbe70bb2dd86866118b906d3ad7f60f00b78f7794a10	False	True	True	True	True	True
1416	1416.mp4	1416	fdee65ebf4b305bac4077893c3dca1cebbc1e017af4231480c406c6acd3cc51f	c5d15c6b45de9e3cd9265e0788926533333ae3579cb5d8fbd5c9d6ff8fcec012	False	True	True	True	True	True
1417	1417.mp4	1417	4d726b52fef223af340bcdbdc48392ced6f3fbc609d6e5c9344e387d8ac42301	72f06014b8f1d3cb5b6f5ba96957642ae1784cb3cb9b7d3ed43dc922c246cfaa	False	True	True	True	True	True
1418	1418.mp4	1418	26a96c5fa3e0062e625d7c395fc334ce2862af6ce266b9b9afbeaa48d7193efd	a2738991f6da5a2004dc3de7aa37cd647658d48973eb38737eceef7a2735cb74	False	True	True	True	True	True
1419	1419.mp4	1419	77cd2da5e668e8018e4d759ea29e1b26455e619d7271d615af1f200246219648	fec0fa985c94bdcf724d886b67e6e26549ddbb6581d5d2a90eae75d2ea48739e	False	True	True	True	True	True
1420	1420.mp4	1420	926c1b4e8a6bb4e804f0a7c0e4425a2297326ea12790f974e6dea0a020031a6b	b72f9377d32e27edfa8da9ed65eb1d146f7bed7a136ae0c66dc53a08eeaae99c	False	True	True	True	True	True
1421	1421.mp4	1421	6300aa5779ffedaa74765d7692674335f7aee468a23b0c01fe69e37ce686dd90	01cb0aa1a60b7a7ca4c1074fc03200a2fa00f2d0aff8781aeaff82b5f90a6aff	False	True	True	True	True	True
1422	1422.mp4	1422	350d73757ca0e442a5d812315112ca401ba405af1348d1f215e703ab254b69ec	57b90dcc9e7115c0eaa0c37651c4cfd28d0901d01be75471d208d573e3e50f75	False	True	True	True	True	True
1423	1423.mp4	1423	0dc833693b3f233b9ff37baa1084b61e185f3f947c26bb7bb17a4ff0df344dde	f13cf87b73f91fa08faeaa806ca17c64d8c8c8bd02773e83191666592597fdb7	False	True	True	True	True	True
1424	1424.mp4	1424	696201a8de9633ce2db7ace867ba476a19d27157bff82b54101caf7077494c8f	760de72170755333f953f6e3f66990f26137f587bc114970b627bb8d83f4cad8	False	True	True	True	True	True
1425	1425.mp4	1425	3d3d19b140bf76f400adf6eef2f7c0f28e0415a68ca172a403a1854ae6013f9b	c92efb904bbe8740cd5df7ec8a71032d1b5e6792545695ae04d5299a50911ee2	False	True	True	True	True	True
1426	1426.mp4	1426	8c9cb7d7e1b2125508a43efa933125dd4d96826c77ec90e7fcc9ee3567cc595b	238de2502c874e988fbef2d10ae9473f8cd7ff743d66d51eb9c11ef95d6bdbfb	False	True	True	True	True	True
1427	1427.mp4	1427	9492160fba8ff3a8fdb4aa297da039ce8719fc04a2775a58af48bfd51b8d421d	36aca60b6994fc47c97cb659d098e7feef0caa7c7e3f75c7e1cc981aaa1f5def	False	True	True	True	True	True
1428	1428.mp4	1428	cc850e2714530952c1c6efc861eebf6e7cf11a802c514e03f157b4ffa29dd82c	733e9fd7b9e14739cb0b87c73aa7b085b0f02ff4b0f209e95686b6f3aa642e33	False	True	True	True	True	True
1429	1429.mp4	1429	c91ff432d181e964895f1f0e20bada2cf986ea08400ab5d5163adc4e4d29cefc	3bd0464dca84091ed8d54bf05f2910e02e56a52b61635c33757c9fb54d7fa656	False	True	True	True	True	True
1430	1430.mp4	1430	f94e5d7c0864845647bee9395455fc241fb40a5deb777a7b85a9b3a8f70ef48e	ff19c341fd42713b3825bd0068e61143a996693daa551dff81fd29b7e0c66940	False	True	True	True	True	True
1431	1431.mp4	1431	fc42466bbaad2ac1c9d6986ad7ced15e1476602bff75836dbf71d6459b31746c	247c77646b135631bf930e757041dd5531cf14dee2f9b8e20a187fc7c345f76b	False	True	True	True	True	True
1432	1432.mp4	1432	e33280c1b7a966e2a7861fb5cf62aa32aba9676e874e8603bfccf2844167fb00	75915de17445cb7e823c26e061310557056425d46cf851d5e7dd8add8ca40800	False	True	True	True	True	True
1433	1433.mp4	1433	0a674f90b4d34adc805b9c516fb7a79dabdc95f027a9e05e83c1c4d4d55afb62	35911c2c326868b27c682a3ffb57cebe58d5633ac97f04d8776821b78efd5d07	False	True	True	True	True	True
1434	1434.mp4	1434	ca8bbe1bb14a8d67d723f9c4da791314ea53078388318d0cc2e82d211f5caa9b	606fe73ae88bab218584b20c70cc28a6fb190b3a5874113e2e5a0e6ad17cfcbb	False	True	True	True	True	True
1435	1435.mp4	1435	e4774f95c6c3e33c32ad964db814aafb3338cc7309e68f083fa27afcaa93c99b	f727a96704e3ca53b85a4f88cc7292c629bc74bed0c8fce861e3f0690a9e2a24	False	True	True	True	True	True
1436	1436.mp4	1436	fa08a9f2e067bb825b150d68e4d7cb35538f7dc0282b949ca64d7076ae657aae	f2e5d331c13cf607f38ad11048cf47d9bd80aa9fe9b996fc7fe774d6f441ca36	False	True	True	True	True	True
1437	1437.mp4	1437	b053c3273a38e335d6a49e37979cd96f87139b21e711705e493ef677a0748aa3	a148ec1022324cb80a57d60abc3c2a17c3541a27f316d472e0f7b22a9a233a40	False	True	True	True	True	True
1438	1438.mp4	1438	447ef97ab9c46ae6bf363d83be12654b4e1f0ca3ee3cc6c27aed5d8d6915fb8f	87c13310b174e871597863b3891683c70abed9fb0ea48b2e86ea845f07a86115	False	True	True	True	True	True
1439	1439.mp4	1439	ebbfc43b4aaebc47b441e70cb32135962798a5bba3de47443e211a87200f9915	fcc7584d5731dd728af589e53a7501ead5c5e8352164aef8b1a9c0483bdd59d0	False	True	True	True	True	True
1440	1440.mp4	1440	67ca098a48257786bde9fe1f26a6ac33af78fdfed18d4ea5a637b4e376bf5f2a	b2dea9c44f71c51e6c3edc1c15ed0c0e73adae83df242753eeceb90ce472d77a	False	True	True	True	True	True
1441	1441.mp4	1441	bc41d0ff75a43ed2571d9c3d75c8deaa8b5ef7e4af0f24025cdab7601733f0fd	7bd693d3944169dd778469348cf0bd72591bd3a874fa276b962db7df7ffb5ad1	False	True	True	True	True	True
1442	1442.mp4	1442	300d634c70f3dc981f3dc947834c626b7228d61bcc289dbd25d8f6f92e6a94e1	64a84ca8b35dcca86430bf73678ec1183b17bfff6bcbeebc3f93ca0d7d086367	False	True	True	True	True	True
1443	1443.mp4	1443	669ff71f5b71e78d06c0a27685767f70dd046b81d64c1c0cf55ddbde9cb9ad84	46c76793bcbb180c82914ef0d559018723d8a22354414169a6e1a656fc7a334d	False	True	True	True	True	True
1444	1444.mp4	1444	6ae45931c52122164dd4d5fa7c59d5521a3321d4e674c6527f969e08ede5e5e5	d5099e53d133c00ec3785acdbd3cc8e74f19d1fd9fabc2fdae1f2de32b7310ff	False	True	True	True	True	True
1445	1445.mp4	1445	d2fee7bea8678febf3f383a7c4e296319f72ff332a32ce29b883312ba82d8c6d	2616114fa3afe0fcef3d4e392153e370ef979cccf5cf63f18dab7adf6e05d482	False	True	True	True	True	True
1446	1446.mp4	1446	8538ed37567f7d2d97e1c6f69546ef42e7be9c4b5e9777db6f7f997a251fc134	20e1685388fe32696c20038f7a75d28d3b253f4d24d632904d36f3281da6ec6d	False	True	True	True	True	True
1447	1447.mp4	1447	613ba197140fff5163cd7ba2b3e964e26caa434f1b40516d65393b8a5a4b334b	cc4548d76d70d44a7d39db0b06848fe5549236bd58ab5c9ddc24a2079d12c20d	False	True	True	True	True	True
1448	1448.mp4	1448	a26b5082036630000afd316cfd37dacd72fba1e480a6e552f371b3c1c7cc932d	ffb0da44233544ac78f7821148d62c9ba2c0c6cf84d3d1bbb0f5afb330057bac	False	True	True	True	True	True
1449	1449.mp4	1449	7efb69d06e7bff3639685ea6a18556f12a3858a0f1d5a365bd82c86430bd359c	636daca2d4d79c61864546780038125e334a550c7ed31a4c76d3aa988c406124	False	True	True	True	True	True
1450	1450.mp4	1450	6299711f4a1238f9eeb854589c523b91131304058081b54eb0631a835f9ae06c	bba289f11d00d7aba689dbabf720edf6f90638a57ee41832bf006ba023969f1a	False	True	True	True	True	True
1451	1451.mp4	1451	c3bc8c83ce9927deb24e9b7f5e6f34eaf3f851c4251aa991512d68e481fa54c3	d9d2b4c2fcd3bab6a3144b28e0d95f6de383e67c4249ebddc764e3e7786cf220	False	True	True	True	True	True
1452	1452.mp4	1452	bd9ef0b5c244c53d28192f4591fdded8543f99d6ed176806325694a3ef906e8d	a71ff7c17e4e4e8a663ca2de0d3d00f1d90ddf6fee9d80da0d5e768cf1e114b1	False	True	True	True	True	True
1453	1453.mp4	1453	6901fdc8d9c0dab67ad31fbf1e99dd9ec7a89af85908863abab1fbcf7f513307	d2c68dad1561da55a63c55d5c6701124f604e8bcb9525077ce8605e6c00c4531	False	True	True	True	True	True
1454	1454.mp4	1454	ef929a20a501777c14f88014c875d0de36f42c06d0b124a8e1cffefd6dd0289a	5090ed25c3ace9fb481a89a48114351a48f6cd5e6116aab65d0e952329ef1714	False	True	True	True	True	True
1455	1455.mp4	1455	f4a28b4061b3a56db935ecc2417fb3f6c12e5ac8628121660079ba91ec50e670	2e25715f44bd33e379ac38b52fa2c6a962508a21a65041fcb13a31fb9d9ee435	False	True	True	True	True	True
1456	1456.mp4	1456	7fda85db3ae663d008d4354e07899cdf27a025470a590e28c54c3a8a75f5eb64	eb85d442008c91bfd3f993fa452f369dca6a30a43615f0509f35323d703c2c52	False	True	True	True	True	True
1457	1457.mp4	1457	57ec96bddb04805e6fe720a5a68567db55be41fc0015c9b958888857377581d8	9abef6cda6b9f97b29a45faf5e47f496f1a8c512b63a292d1a026c075c995e92	False	True	True	True	True	True
1458	1458.mp4	1458	a7ffe356a7226a00cc3137e0304b8a6832c8d9b0ef5b36495ced2c841eee83d0	5b7d6d05438d064a954ae0aadb234fbbfce08693fca2f2f359a2f7cd6cdecabc	False	True	True	True	True	True
1459	1459.mp4	1459	29878bf7645a30e64898dbc9ec7ecebb0495925305bbfd421e0fcae364f85ab5	a4f437e5bdb39543c12287a5b582d8f889814a87d59f87e8ac4f15e754ae9d65	False	True	True	True	True	True
1460	1460.mp4	1460	fabb38fb987110b985507f53e3bd714ec03b8e08e3176aca007f85a40e2d6c9e	44e4f1f4c1f0e22c3167f3c65ad2ee6685605c7883978f19d32ef8dd15b5d152	False	True	True	True	True	True
1461	1461.mp4	1461	c09bc7808b09ddbbc5642ad8a2f838d288770f66508c2ed40455b0d64fdfc641	9bc6abf730d01b623a95d5f6b40dc67f0508c0f6a669a7ff6616767ba7dbe044	False	True	True	True	True	True
1462	1462.mp4	1462	87bf5862b9a4640bf56ff4b3a8b868066a93d42bd6df092e4e769770a6a2b85e	2aa93516648f3022ecf08d962a9100bcf88e662997a48ca28fa840d98653f62e	False	True	True	True	True	True
1463	1463.mp4	1463	480f420d8b99e559908c17c9f9f74c5dba917212de0141ae708fbb9fbe59efca	e0a8867c7385c94f7901bae4a0f878785d4df06ae898e1185134fc01442e6ac0	False	True	True	True	True	True
1464	1464.mp4	1464	31c902d053b10c40edcabe89cc55ef11fc87be8423500cadf6dfab98069014b4	92a721b69cded259bff39e2556e85dcd7f4131635020603cbb28d4e592c91bc0	False	True	True	True	True	True
1465	1465.mp4	1465	98a6f90eb1e626a83240d26318d40dbfeb768636bc9491d16ac5b60fd457c41d	d1a1ebc2d57a4fc1d9b6b93dde67aa1272ad95f9575263c93d77db590189cdae	False	True	True	True	True	True
1466	1466.mp4	1466	90f7d425a490e25b3cb71808e9a5061808ce1f2b77a0a917d7128eeddfe991a0	0c12d46b32dbdaf815dc655f48ee3d3c109234429a75a79f1f086342e234995e	False	True	True	True	True	True
1467	1467.mp4	1467	af2f843204aea05e63c097d3f1a28cf2a7095382ff67d70802da3f515ac5e836	a09b50cd7635d3de751d6b27f1a3cbafa0868374947b479c22b2790f65b079bf	False	True	True	True	True	True
1468	1468.mp4	1468	ce2b8649c7ff80f628c58f4106b199c0acc09cbbc228cab45c709c550749a04d	a4e293172ac9dfeb27a664aad428d19ad123c57f39b08df8730b3c45938e7ae9	False	True	True	True	True	True
1469	1469.mp4	1469	a719562ab1aa44ccae4285a7dd4f81056a63a66b4ec54d1bb45641d201ab411b	53422ba51b386916dad5a29a4107c890102bbffb4d32beeb49ef01d82152f608	False	True	True	True	True	True
1470	1470.mp4	1470	223bba05e3ab2e4bbe0eefe90a8b11eacf7bea4fa8a740cc60ec4b3b2d075c79	5979e39707a926937ed5c12cbb04732ceea983c32987087c04536d9359cac166	False	True	True	True	True	True
1471	1471.mp4	1471	785c3a6063af59b587879ae46db9fa88608512b1b6c757c8d02bc5cb444fc65d	320e09c65975cad76e9e7e012c3d16cf22768fe6a80af642e443fb5d04525e86	False	True	True	True	True	True
1472	1472.mp4	1472	db28861e05e9831c97749a8168291734e5f346df61752d3e71a31e9922788915	39923b1b728d39312bf77f2c37396a52b784f5f2695cb8d933b81b6942ad22ec	False	True	True	True	True	True
1473	1473.mp4	1473	0d89b31181a565d0f20514abed2ccd3ff2a65ae38dcba9fc7a03a3852306fafb	73a793b3a30dcf7f8fb24b7fb64a70d331273569719305ed6b7394d2db6e6442	False	True	True	True	True	True
1474	1474.mp4	1474	5520b108c3dbe276b8c3e3dfb3e6cf9c8323ea05691cf10f2eef9d921005cd6d	bf6b7de0673f4ae8d6c7f32d6f85289343dfe1a5a46a6a03cb22a0426260fe51	False	True	True	True	True	True
1475	1475.mp4	1475	6c170eed16f030d3c3a2d00b29728406546d9528fc19de2fc8362980b7572eec	be7fe53415795430791aa3f188d8be5744670047a4ec59a0f9a34a2470cd1b01	False	True	True	True	True	True
1476	1476.mp4	1476	be1f69f3ed9519fca6fcfe3f9ba6ea06ed9dd4b763c9d4b12ebd85f0187f1a3f	15fc8182122b6e80f49872294ee79d8b73c1767efdb250241545fa119c76e20f	False	True	True	True	True	True
1477	1477.mp4	1477	f6ae93db3c2bd8c567411dcbf12c51272723f0350c8564bb55ea8eaf332e6dc0	c349f4c242d252da61651fbac91d0d160e678926c04e917826d923ec3a3b44c7	False	True	True	True	True	True
1478	1478.mp4	1478	6cc4fa2d5f9821d24ded1aef584a3739ecdeb4a08a076b0709c441796ba20f20	9a582365b1e09a272e2d0b94c028f286e9e2aac36e61f06d6c7147cbb9700127	False	True	True	True	True	True
1479	1479.mp4	1479	1379fea26d24f4f5d0a7cc6fe70fa79673cd372e3a3a93b358a88568f342006f	976fd5c51159be320bd72bbd5a533571d65bbed842c554ae9b6d6e8553e30a3a	False	True	True	True	True	True
1480	1480.mp4	1480	0a74117baee152bb04a42b9fbaa1f31757d704d709808f6e75d0557cddb2b264	2504f26f0de31393d3a78567262f7366fa24776430e748c0b5d1623296c161e4	False	True	True	True	True	True
1481	1481.mp4	1481	fa9974d62f6fa544ef4a53df506f1bd40e31a5c3ae922d5a521a9423465cf9bb	7cf66bd82c89519b4a77e50280bfdb1496e5430adc47fe1e63a49c0cf71c01ad	False	True	True	True	True	True
1482	1482.mp4	1482	1eeef09e1c45f8f3815e708846e1d3eb097fabb709ef170db8497f166c76badf	9deed6ae622b56c2c3afcd80a503b4a53f582651cd572d142968c9adb7a77d2f	False	True	True	True	True	True
1483	1483.mp4	1483	a8d52a6ad65eec37ca1b8564ee5e2938470da2c47c55a2de0eba473a4f541c16	9c63375ab70ed3e02a8e750cf9225eae759cac095d90097501566671330d8f83	False	True	True	True	True	True
1484	1484.mp4	1484	34b6e43e9a1320c8182ad107a96cd956ac660c626477407e4b8f857b7b4deccb	3d8f26c8d4229d5800b7d48417f5fd22f092e1cece4e5e3b0cc47678d19b8676	False	True	True	True	True	True
1485	1485.mp4	1485	f8aecedb628a6fd3c7efd03b5234183a532ba7865b91c1d6e092523038e4dfae	82d42411ecf58c547f4cfb01e917e99a1c49e0688fc990803ec90329dcb3c902	False	True	True	True	True	True
1486	1486.mp4	1486	5dc4bd1ae1cff34c31aec588b5e32c3ae74373c50e13367c121e894626735351	f4914f393f7f3d546aa912d2f829cfa013034cec73ffb88577fdccf4a30e089e	False	True	True	True	True	True
1487	1487.mp4	1487	cec165628255baf4607a2c72677a7eb4308f22a1197e716cd3e802fe8ba56c05	8b1783f5936443175aafd4e9749a99ea4ac95ee6cab26d7f989456cfc26ee184	False	True	True	True	True	True
1488	1488.mp4	1488	b20ab5dbeb21c27a06f26e3426b98fca42a980d9f8ccffbb044679fa8cab9d7a	da9542a98f6e2f0a6b7b6da30c4ca949301fe134374888bb6043c6054e064374	False	True	True	True	True	True
1489	1489.mp4	1489	a6e04cca04e19f2b9811577db73519a5f4f592e3480a5770f850a794c1be6af1	a4a5a877d99b1b77578f153d3bc60e21b684c87414bdd2700ee071df43ab04b5	False	True	True	True	True	True
1490	1490.mp4	1490	aa0be607240c4f73aa4aa1415cc59cf6179d86d12e4c3015c5a5b47e2d5c20ac	f9742082be62f55a67c7c76f88e104f5a4a6285f53ff272df42558919dec9ff0	False	True	True	True	True	True
1491	1491.mp4	1491	a09e19fb153b109c5b9ae4144a01765e381bb7d598498b58c190fdc5d1e55d46	1588c60b8c2e8ce428c087d6b1d4364c123c5930c5d1ca7839dd4aa8ba8a05de	False	True	True	True	True	True
1492	1492.mp4	1492	2fc21b46174496347a8f8711280037f9928332b145fc46b44f23fea2912872d4	bc371cee365f7837d869a1d3338753eb2e82c035284896da521bacd20fcf0dd0	False	True	True	True	True	True
1493	1493.mp4	1493	f29360d47fe3010c10f6d4d870e8b9622c44eac1cdf493ee0f096dd0f580208b	deb70b236392ce4cf5f763620855ffa8bfd87153edbf6d2a8e4f47db34532535	False	True	True	True	True	True
1494	1494.mp4	1494	cae89373b5dc7722d543e3619e3f6722f715f3ce92bde45e701ca8d1133e7bad	f3d6c522e33003859fcbd2d052fd27a94a2984c8b463bd5095241869bbd19abb	False	True	True	True	True	True
1495	1495.mp4	1495	0ce979019b754ccfda9d7e897ecab54ca68e6983ba30f91661683ecc6440ca9b	177810a336ee57395336484b8cd450ea69cb08267d9e64ff4f65cdeab07416a8	False	True	True	True	True	True
1496	1496.mp4	1496	8ec12a067d645e52ffaa66f3b47e8a33644981460af6d1c3c0f2a55ee6c1779c	f01af5a4da21bbd75ba1022b8c823002b51386e56562ffbbc80f68297aa91952	False	True	True	True	True	True
1497	1497.mp4	1497	d43947cffd3e8cddd8bc6a871cee03833bab22ce38ca677b1c5bbc3d228c3e17	be438170faba01622b78540b5eb576fca0ed318a4886c35efa7608867066a732	False	True	True	True	True	True
1498	1498.mp4	1498	fd7c37247795d8322c9668f6e27919693dfc14ead6bd81b26fa4ef06e073a3ff	b531fc37380eb8fd331f16ee061fbc2696eb8052a35422619661532766aa35a9	False	True	True	True	True	True
1499	1499.mp4	1499	03455b8d42b7058ea464bf21216b26dd30075c42983ffa3993845dab19643d45	d24587618b2f312a38384b528d771b5d2491ec6979e2547286474eca9aa26b06	False	True	True	True	True	True
1500	1500.mp4	1500	07e4cec242ffa963602ac15ceb8f92c99bb1ef63e4b7db33525cce0947bbf0d2	35c0e65c1d32102b67b3f6717b523196fe46e7659b9e4e520f69640cced6742a	False	True	True	True	True	True
1501	1501.mp4	1501	1c2dc93bb4a258c4068374c32e4cf74b172a256546e3748c9b110211a0c35c14	ab4f22bb906572dd7b64851d90f6d5fbfc67b722ac401ad741ce7185d010fbec	False	True	True	True	True	True
1502	1502.mp4	1502	965f4a521101fb5f82aab9ccc302700dea4a60ddc998034075d80aa948cbce04	3293059333acbc1828cc621c82ac629e79bb1391e94cae68ee84590b7667ec8b	False	True	True	True	True	True
1503	1503.mp4	1503	d13d3f8127fec547c2efc39034f59426174ff715154b31d75ab46d3a901db649	c6ed7637ea2cb615cc6fd879603ae6d1e4f84d9ca88c25040533abfb59773398	False	True	True	True	True	True
1504	1504.mp4	1504	6d0d46d95407b6d12bb82620aa001ca1fcac77283cc022f65f4140c142aa6250	c7d61a6e5e5030b397ffd3a0970b9af70b3f1a752f7b5f47ac2a8f526fd677bd	False	True	True	True	True	True
1505	1505.mp4	1505	77da8014f678d98cd76b82e0af874cf0a5aab4ea515fa795e7afe09b19efc851	ba602b37b300b2bde989f03e122cfce187a173c598bafe3a4f337faa8ec2c145	False	True	True	True	True	True
1506	1506.mp4	1506	06065a47e6c7fe4461ad6c5968527c9028972e1570e222a7cd7458c9f1972286	71e6c1538efbeff1584ea75c3b6ef67e4e76b8f01f6b6c3a5622b2992c09d6bf	False	True	True	True	True	True
1507	1507.mp4	1507	eb1afe65797d3cdb5f9c97304e665591c52dcf59cc2e917f5394f6054f2addf6	d31af2d2bf1cc87c7d8836c40909e7d7c278b9ae394c1dde5a534390bfba128e	False	True	True	True	True	True
1508	1508.mp4	1508	a6fcf3e6e55548c25920cd2d3e6f02a09631f61196b822bd27b7a480e4ce4f7c	cf01ea10330d1f2a733e1b7c159944d58d163342573975f2606d7bb3b011b9e5	False	True	True	True	True	True
1509	1509.mp4	1509	15c4b274e746e25e8854c0652705bbcb1bb03656fa0e5427388be86cd418014a	d486bbb3797fa6c4bf80d260b34b1492cadc13e13770e35cb5cacb5106de4aba	False	True	True	True	True	True
1510	1510.mp4	1510	198c18a0d4c31a0d5177b9847a2e923901bba8bfbf6ba4a2793a11acc946c878	a1fc7b9a5be6dbbc3c341ab5c1661e3e723daccc83652afb7f0e5b9928ce80c9	False	True	True	True	True	True
1511	1511.mp4	1511	1af2dca853355c0e5ee9d9110c1128b4f5c4ae15a74b0b64d3cf327c2701f02c	128c1d333e583f5ecf12723e1e0e133f946fcacaa9f2e22cb838371cf80d4bf9	False	True	True	True	True	True
1512	1512.mp4	1512	a4ed97e5f9bd3b63c1118f33535215c84d842750aaf480b3b59e7f80b333b9d4	39418e2b1fdbcef315ca78b48330adb637c2477a7670e8f5ff28b1e5da0ceb28	False	True	True	True	True	True
1513	1513.mp4	1513	c9a4860f41472b70448f5a5878a899d297056690370d9e4c135a01168b4deee7	b1f1514bd7430ce18233f2eb96fdb2bda01857fc368805e0d55a5b43463a6b7b	False	True	True	True	True	True
1514	1514.mp4	1514	62a5289624653628ad0c48a9bf3208c110f2ddec3a190242415a5d3b88500365	134cbfb65237a050d52e8efddeef22f6208be3936baa6da88687ba36e7b918f6	False	True	True	True	True	True
1515	1515.mp4	1515	9c6a1d809c88ecb79ada6e39a2666b28e7d28f545276504f3b50b515efc9996f	a821cc565ef51503e49cfd70fdf017c65045c159bc6349378784ac50e9a3c60f	False	True	True	True	True	True
1516	1516.mp4	1516	41e1bb14b345557fb347d9f3a092c0d8710c45344545702c1278c6c7c0989032	5ff09fa31686efcce0b9f8b715ba6df4a16dd1b99e7d971d5f66a853db25dd0c	False	True	True	True	True	True
1517	1517.mp4	1517	91e1e2e0388c38a56a44dce1907898035d655bedd7907f30b16a8291e11ffbd0	61f601686e6fe917bc9019e17f8183e04ee2c2136e1261b94d3c4ae130d73062	False	True	True	True	True	True
1518	1518.mp4	1518	fbc14a1cecd9addae449f893504dbd09835cdb197e2e4e9ed737854183238e93	3b807c3ca4e89a958da6c9b5d5f5e17c14be587e8c792d07da10c10fa0b5be71	False	True	True	True	True	True
1519	1519.mp4	1519	a63c4b7e61aeecb07b6a67536a60a04fb4bc9ecca84d82554e266015cac084ee	4cceaa0d679e9e2c9d6b4ef4e0ac12b5f28a3c12179c236a76847f06de5e5681	False	True	True	True	True	True
1520	1520.mp4	1520	080ba81f68b2553bb4bd9d028f3f8f7c7adbe149164c53c870d76b557a2bb923	c4bc99b82129e7664a8037f4552292e990744e25e641c870b7529444a86f9f3f	False	True	True	True	True	True
1521	1521.mp4	1521	6c890e0ecdfb05423e1e34a4e9c650549068a58318312217847f629f6afecb4b	e31d20e277f314d3230f74d38b30ec06f7b082b107f0c6eab2932bc4238a17a4	False	True	True	True	True	True
1522	1522.mp4	1522	30fa93b8f315f4980b2db52bb81da03eeca0d6b158520c745d2c126733a10bfe	e43b14d7411d348bb16212a6731930e7493a4622f98d3334eb1087373896f035	False	True	True	True	True	True
1523	1523.mp4	1523	c1fd5d7fc3238146b4b76a2b2353c9cb01b2261148d115c070724b0191a72b8d	9999d54a3092f5ceaff796d32f6eb1b31432e0839521e3d490893d411b249a89	False	True	True	True	True	True
1524	1524.mp4	1524	43dfacf83ea03071ccc3bc94ac03a8d297116ac10db5838326ff581844cda069	765db45acdd9aa17500ec181e70e0a2c56cdea4bc82701dc538d0695088f550f	False	True	True	True	True	True
1525	1525.mp4	1525	2d179043deb004fd3d46acc0c4e58c728c4c8d2403c2d10a733d5b9f95014549	089c2e21aa531cd71bde752ac5768d4b7e05476bbc32ad9aac794bb731ef501d	False	True	True	True	True	True
1526	1526.mp4	1526	7f0dadfea84d4efcf0ac44eaef6b69ea2e26e8b3508155d9f049b4314521a574	9c0cb20e104e1211156a12f2eee801830b50e7013a204dc531fdb5c2eafb9413	False	True	True	True	True	True
1527	1527.mp4	1527	1127db62fc37545f27181a2c3d00618112742668eed37174b2e8aebde32d8b01	179b39e01a52a33a952fc883008f4790e4c196eea4677e3af247c627d58baaa7	False	True	True	True	True	True
1528	1528.mp4	1528	426fe62bd4e6bc109b6eb964fdee3c3d091f68c8dd0ee0906582d58095162419	392ee62af540b465c44eac91147fde8b6da383bb42d2fb08a5994fdad01b3d21	False	True	True	True	True	True
1529	1529.mp4	1529	a39384f532ce164238f5c596ab028bdfa71297ef59d36f6369bcac0be45ec6c1	450c49794519af6b0351f054b4a2e04a9fe4cee8daab6c04458a03c7451faf87	False	True	True	True	True	True
1530	1530.mp4	1530	70e4c08332b8577266f601670a84fc8a6be18899c26c2a5369f092844cf87e5b	dd5e91d818870079b9fc484b336c7f9d69ab8b42a24af6562769a25e1e8d84bb	False	True	True	True	True	True
1531	1531.mp4	1531	81153c78ab804c0848913b087130e0294ad7ff0ad9570323e03552fe5d0f7dc2	3b3430429166574a16f50470a25a55281a9254d2501589b622a2c04ac0fceab3	False	True	True	True	True	True
1532	1532.mp4	1532	d96c716452ec6dea3aa991403af882646f05d8bef9a022e9f89252c845bf670a	0d5e837a76f9c5cc1c1c3aff175ad6891ec2e488a31a6ad9aca02ac6e3f02f9f	False	True	True	True	True	True
1533	1533.mp4	1533	193463e83488fc03538819ddeb1b0a2286ea53d343cab75e29cef48a0e002edb	e6490ee6015b7f3f8e7a5a6454dafcb97b0993c83f10101f36c33b6a03520434	False	True	True	True	True	True
1534	1534.mp4	1534	78bad3d36ae3e97d4c467494428c35f1f5a2a4625de36cdc5883b60fe58be66f	358f32949bd450091fc700e4ea3c6f9dbe00255c9724634fb33a82edd8df8f5f	False	True	True	True	True	True
1535	1535.mp4	1535	0d9587dc7245b5a6aa39f679a089fcfdab6124a84249049841849b7788155165	672d73133cd039519dec95b4a22b33dcf2db6af09381a6d8e538cffcc2516bc4	False	True	True	True	True	True
1536	1536.mp4	1536	07168736b2fafaed5690a51de49af1caa483d5f7bd9a2f2b0d7808d3a44c6ab1	408653931b7c4b35b5d22c42ac3eca57b8995a5edfec5929408b9c410143647d	False	True	True	True	True	True
1537	1537.mp4	1537	56aedaa11d8e9148c6b43b2eb62301729e7ef2bde4e9b19806d12514564a6807	3d13bbf35447c092a3fbe7cb9881c80a1557b98d38b3401e36368ad744621e2a	False	True	True	True	True	True
1538	1538.mp4	1538	322bc5b9bfe00edee97f2f746e7fa2a40343df0ec67867242fb1fb57545e202d	cb0d98c7e5443a22cd6ba233ed24145a7fa01c4acb42deb0c7ef8d0e4868b876	False	True	True	True	True	True
1539	1539.mp4	1539	be5736ebbb5af32c8dd7afa37a685957cc48249166ace2bb2f0fa6e98cdeeeab	9894c3c7f53de19070c06fce1ab59cec010a07b407ccc3f11362ffb0ab7ca37a	False	True	True	True	True	True
1540	1540.mp4	1540	da8c02bd617889580e73deb6a5a6958ec4c415b43ba8b8be2c030554b16fba5a	48c626cd43b963fd99d8be09998bc94873b90e424d9802a872f086aba27879da	False	True	True	True	True	True
1541	1541.mp4	1541	ae2e182cc8fcdae0a395ff4e76c7aa232df39e82179ff6337518e4f1af3c9b9e	775f660f746f06322dc0e137e06907d0c45f1d1b9af6720d75727b372f249fe2	False	True	True	True	True	True
1542	1542.mp4	1542	cb07ed65ea32eddae97e4b95ade0eeb216fbc1f9a941b11845ed5384f03375c4	e84ed1a75a3f68e456fd8637cc1893f73551a1dca5df7ca116a86eb16d2e704f	False	True	True	True	True	True
1543	1543.mp4	1543	6089ac4a8bfca8105ffdd9b519d07c8240e401b0804ccce0287d3eb72235e8c2	3276275a8bb2247ac46be5f295216f20f2cdabcf72066efe809367b5e458db55	False	True	True	True	True	True
1544	1544.mp4	1544	ec63d13d581dd016a0e25babd78e66623b0a1e1219af352cc42089e7cfe3f98f	d717f47afabcd6d68fb8a54757aec33d44ed56008ac89f86888babaefa4b115d	False	True	True	True	True	True
1545	1545.mp4	1545	84e0a60d028be2cdc3d9a814af6e43d67a3a9e64f6c545cf978fa8c75c4b78c4	ead3840ef499c35bb1410ee9d133d23876b61f0fc4d50ca13dc1266f77afd241	False	True	True	True	True	True
1546	1546.mp4	1546	cb006f6da9cf8de44346e7f5f6ea1c59d3baae04f2fc827c3cf8c6692239c679	0d27851cfdd05002ab0fa580cad9747fc5b269b52512254fa82c337ed2a0cf95	False	True	True	True	True	True
1547	1547.mp4	1547	852f8292cceb146bfb6f10e891b64ccc53ea11e179d4aaa336904acf05129531	c1ed4e3d5f776b0ab9dedea2a1dc5389d257460be528fa8f8b06642d44afc47a	False	True	True	True	True	True
1548	1548.mp4	1548	2dbf3e94ce8822dbcb46421bd7c62a6c7b9642988a3b45db848f4ac9e2094953	4a8bbdabba6b347ba1d8233279e75cdbe4a84b08457a43e89c2485d1d669dc31	False	True	True	True	True	True
1549	1549.mp4	1549	36a5cb7ac13e17261c831c70b213cd585ea732bf2936bdca079175f151e552e7	cd06f92bcaebc86d1da6f3de18d4a1542114b00daccee25a77a33e0d117c49e8	False	True	True	True	True	True
1550	1550.mp4	1550	feacf68d60fd7fb94caee04523c2503ea86fed873cb0aae7e99a4c2ddf6fcc0c	edba345709a3f043462ab1fbda26b2c3daaccbebe1c3147ab39551129a6ff102	False	True	True	True	True	True
1551	1551.mp4	1551	13377d1c8d539693b8e7c8a25c59597eac71557e31f9e23a0128108672e04601	7f09c198c909fabd272da44d1e4ae6638034da512b8d4cb34428e32e53b73f1f	False	True	True	True	True	True
1552	1552.mp4	1552	f0797070e96183454e8baa283738b64708957f18fdd126cc603956f6aa248500	4ecb57b5545f51cee4659b6dd277cb64abbb81fa63bd88f6b10c3df05d511253	False	True	True	True	True	True
1553	1553.mp4	1553	37128090d2f8508fcc25266430921df7a66ad32605dff021bc1b80b60f4a8fd4	60adc7410338e161e5ed541cc9314b3ff98c0522b97f7512cf230a9974e983d3	False	True	True	True	True	True
1554	1554.mp4	1554	3e4dca49296b932b1fd0229aedacb2b32a0c7210bcee0a653ba6420e746c082a	4a4e59e0247f56c684a4e984c7671e12191134f78d859c5a6aa4ee551f77ef0c	False	True	True	True	True	True
1555	1555.mp4	1555	cada3ef590f3221ab72e5f53adc2e617493b5b6bf794822d01baef19a2d18b38	49bb0f0ebc18f0556258a0e6cc29ee9af43c762ceb6a48bd963e51e2a8a0bd03	False	True	True	True	True	True
1556	1556.mp4	1556	531763ffd54ec15309c3ea167b0af5b2de4d0b029cadf2bdbf2731077db2ee8a	9983bb660fc0a6adde09c384e5c4e457ddc4f0cd20b227fe74a60caf545dca88	False	True	True	True	True	True
1557	1557.mp4	1557	ff4f27d43918a88b4aaad91d2162729f23edb358e75c1117925161a05d0f3123	1b0d3057cd51cb0f1f95a7431e17ae1538e4b661cf20c54176f17e14d487614d	False	True	True	True	True	True
1558	1558.mp4	1558	b23b81c28c4f69dae1355629db5909ce34ab9a15c643d2f7739c4390e99fbedf	fa6cf5edf9038fd2ed37a2b4cc8b3dc2953c9d6c31f5448a23ebb9e8074a7df7	False	True	True	True	True	True
1559	1559.mp4	1559	9b1aa9528f7748638c63076015e53d4449251d17d29edbc6e42ac33e88110ca6	d07947ae74d8191e8f0198738b6d08210a78c9d9c952cd4da6cc9e921e781463	False	True	True	True	True	True
1560	1560.mp4	1560	cd69ca0c17c6782079d5ecc8231403711faf290b63a0f4cfdcc9510a3fa30301	1f4c54a598faef8db13cefa0fb03c132bd2193ab010b0c083b796e3367989827	False	True	True	True	True	True
1561	1561.mp4	1561	593393f0b4034a3a49e99f12a189a223fc299f93fd7015ca7a8deda586042819	ea5b324b9906711db8a66beffd1abddc018b51a1e5958c9cabe0827ef06daba2	False	True	True	True	True	True
1562	1562.mp4	1562	99fe8d93efaf728c6c6e929abf39d52e3ca166875116a0cc83be78c11cdac20c	a6cd3b2022fe0d410ddaa3c9f7feb63c9d1b0086de9644b161d41fae837b4def	False	True	True	True	True	True
1563	1563.mp4	1563	fcec85a2351dbd9785e590df800588f1f0229bfb889dc624eaccdf338c41267f	83fffe73811e49a233de52d88cff1b6ad2899c8ce56da62481caba04dc4bcce3	False	True	True	True	True	True
1564	1564.mp4	1564	fd1835c61243673a9295d807fe9c3f9e7c63ea1cd0a5a9053e3d8ce594541cb8	99b1a90539af0a9760e8ed372dcfee6d4a3d55bf4653655cf6c09c45f4695f53	False	True	True	True	True	True
1565	1565.mp4	1565	1d3abbef371f5158a30c399535ae93bfe23708d8fc93a660d1ba91294031419c	8e476a513b5e3cb439e754d95e26a5d6785c3f71d8efec6a0986e0276810f344	False	True	True	True	True	True
1566	1566.mp4	1566	6ae7932c3cae1534418135a15eeb093c5cca31e50a40f1ccfb0343005d1248f2	327041e92ff64a2d3d7e5be1fb64728c34dbd456ef4df7ad3130a3439a0d951b	False	True	True	True	True	True
1567	1567.mp4	1567	aedb61230c94b0fb8358a74a08eee5c4590ac32cdab100b40b81de0ea1c535b0	8c6bd620e0f80dd06edcc432ae6282db1fbc178dfc59d05a6e0efbbdf64a43b7	False	True	True	True	True	True
1568	1568.mp4	1568	edcc48e5df8722d5d9688bfab83cfacbc46a5dd7e614c1bcd2a529583538d7e0	d23771b6b90d0096a9fb1b069bf55ad719754e94c1a71de121945624b855d7ee	False	True	True	True	True	True
1569	1569.mp4	1569	f0239a2da3daacfbca91dbe41d06427a2300eceee465cc881a4e19b559a15f64	5d6b2547fab5b7b0cd60e9161de2ce9ce1a431c5ba947473e9bb153ab0a56859	False	True	True	True	True	True
1570	1570.mp4	1570	9637bbe9a76384f67dd06b5a9444334fb581b692af75ffde938b87dd1fae7b67	16614d106be9dc0787f212a012d96e7c324a1748916952ca05d3f6a2d8ec2be1	False	True	True	True	True	True
1571	1571.mp4	1571	3cf6861842902ea3b0f5702a09b98b55f41e3f457dc2da8603b906451d878a92	0c8a62551fd293d1e4b47422e57dfb9e23d61584e2e46e3fba4a96f53be66bdf	False	True	True	True	True	True
1572	1572.mp4	1572	9e58782fe920806525317405d62b9dba1278a76d8cab6af9c64d2e9f1456649a	a9eab919de2eb27a9b341a6f7eb41ada4693be1a7a9c079d58d26398ea937a85	False	True	True	True	True	True
1573	1573.mp4	1573	31e3f42c5206f184fd357204ecc164e3916d4d01390a5cff2d577835b68b0337	e12b3c31bdca03af9f4e89a2fe3b8f65e9c1ba6d2814f5e5b1cd211713f30924	False	True	True	True	True	True
1574	1574.mp4	1574	1dc0c0bd358cbd2a9e76d5fd411e6359a782d258ec05405a70bd3f1ef443080c	876f0b3bb63f9960982bd74a039692bde6e0a61f14875ebfda4cd4273c2ac97b	False	True	True	True	True	True
1575	1575.mp4	1575	a1f255b1538b51cacfe39ec30f2e5354721e5eeb0d883bed9bc371b1cee468f9	c8b22850bad571c11ec20c5fe3eb43d9ca406589a5a4684dec8e1e52e78f3283	False	True	True	True	True	True
1576	1576.mp4	1576	23f1eaa2dafab134f3a21e1a43ef5b594ec9c65c19eac55a6beaa4f25994bb1a	0ad59d0254f2828936a1b1ee48102424a375e78c0f70bd9cd26eb96b78296c33	False	True	True	True	True	True
1577	1577.mp4	1577	2c6580acd2fc9392f2dde21cd015ce0f709c00234805b6a0850633d217dc91dd	6c912b885f5a6eb732b233afafce428e4f8c2af05cc62c43caf6a9345742724e	False	True	True	True	True	True
1578	1578.mp4	1578	172fad488a58f5c861e0274b278d8441d879df865c5770faeb0aea80ee586699	d70e9d9517ba3da463322bfba41d77babf46665f90c17574d87ff12b570c54c3	False	True	True	True	True	True
1579	1579.mp4	1579	3be2f986978dfa2265fccc0f09a25a4494b9c2493d55b6606fede0cd5fd308bb	a3bc6c0578ccaedcc15495b402b578014d1c318b0104a4843743915d34224ef6	False	True	True	True	True	True
1580	1580.mp4	1580	0972b39d76c8d26d0d844a442fdeb5400ffa4aa2e5e64e46fea1e46ce924a93b	58b7d26a51a95b052502f93abfd5b865826748c07be133ff6e495a7ab3c21ff3	False	True	True	True	True	True
1581	1581.mp4	1581	5b88c602e4e0b79e9b616683194ac51adbc3b69c0cd5921f05b7977dc93338da	f8194f1f8482949baa52249563a71592eb92894c4a007d433e6c5eba8a35c0f8	False	True	True	True	True	True
1582	1582.mp4	1582	8e4ee4c18d09b9bf97b0c7742d247866a1adae0d772c9b34b34f4fcbcdb09de3	25eca593399512c0ead10387f712050f554df3722a143d70ee082d861671cacd	False	True	True	True	True	True
1583	1583.mp4	1583	eb248dbf81e564ec8bce080f329a2c6ee065b1ceaf79848baaba25eec908fd21	e52ae3634f7f972f189a8c5add1519768f686cbe755d545be866b129522b4f80	False	True	True	True	True	True
1584	1584.mp4	1584	79f6b0039fbb1d9a12a5bf2da61e89c5eab7a98f324ec4f4cf42ebad44c2ace9	099dd21b655b95481511fc539550bb74e4125f7e037d8b1ddbcddcbad7406f47	False	True	True	True	True	True
1585	1585.mp4	1585	9beeec84903d0500a8e5e0428c057a67802134db21fbf60dee719547eee30a77	9ddedd6a975c6fbbcf72905cc8664dff8ec962c6391d14f9d4d2b475921d765c	False	True	True	True	True	True
1586	1586.mp4	1586	3e0967c8d152cc1b14a2d392fec0385c1411894a2d49d1d1c90ad48c5ff75186	a8215c9262a9ce4e304c852e1304a9db0fd615c0c2adeb097d19a3a5c9902f70	False	True	True	True	True	True
1587	1587.mp4	1587	ff49147d68a208df517931df8d4403f412453b02d351d31c8683d6e7bcedd423	23b04f96132aa73d5e07fbcf63d8f88888cc6001d3aa4f8e1eb365ad385fe739	False	True	True	True	True	True
1588	1588.mp4	1588	da6edd4dc517b6e2d3836b941f3aaadceeffe7e87b5281c3bbd970aacd916547	73b7bdb1316ec8a069729beda8e0c4209049033cf4e602b1b49368a27a78d1d5	False	True	True	True	True	True
1589	1589.mp4	1589	387b4b6fe853b18d46db403d3779e77394b67f427fa601a4fa3c295b15a334ad	fb09ccd86f30cc9b9485672d38c24ecdbdc2324571b69d741187c3b6ec16b578	False	True	True	True	True	True
1590	1590.mp4	1590	a4f6d4aff7c30f5396af93f51325903dcd474064991fa880ea24fc4a7255add1	d20faf505d03fb8661a336046880be9c4c4dcfe3ad7b86350fc5e32b8958d72f	False	True	True	True	True	True
1591	1591.mp4	1591	0661da1982f502690f4b7d38523580e2d6192372a783227e40c93e9e1a0a23dc	82c12aed10928cbefbc42c8f7cf0bed383195d2948bc8f9a44b103cc2683e18b	False	True	True	True	True	True
1592	1592.mp4	1592	b5095168fe033efd36cd665f5e09648a3c06f3c1396478f8b146f0dd86fb298d	852470fa63471bace6e6ae9d2d6facc3c611476145fcc3a3e6cba3238d113915	False	True	True	True	True	True
1593	1593.mp4	1593	01327a321b989d9f4abbd00070a0da688ff5f7749a41d8ad9749658847a1d64c	a9fa25e5688ba17e92f3eb66733682bcffdc41f080e513f20a40ea3730b4aade	False	True	True	True	True	True
1594	1594.mp4	1594	20b7457a935f3f208ad78ff18229c8db99bfa446e6c0f659894b719a796cc6bc	7fc157f29df9fc0438d3c8951987695521c201193997c3cd760e0eac15c40c22	False	True	True	True	True	True
1595	1595.mp4	1595	dfc8a8fdbe58bcf3d56b043d0f55f2b6c17595a245bfe6799b70bd89dbe4c7f1	b29fece9109e87b70280970c6d73c7ea2b73d210ae5f8f726a5ebf6370489cdd	False	True	True	True	True	True
1596	1596.mp4	1596	1a80e046369e9ca7f8b6f00cf7629a3d6ef0432204875097f25b87445115b5f9	8db6dcbd31e52572b2fbe409783af0f5febb8cde9615a63224e1b1274977ac4f	False	True	True	True	True	True
1597	1597.mp4	1597	86cd562cc2dd564454ac263f65775def09b5cc4357845f6e349611166b08d70a	748395f65c6aee81cc437298b837728ccd4b6e4b5907fd9fa5a031f5e4e9f4d9	False	True	True	True	True	True
1598	1598.mp4	1598	b7872cc0909d6e26c05c5a87fa07fb7d9553a7f7b25f24871abd207e24dc5ea8	89d6e0ee9d298550f0fc25197d83c328ec82522ab037c82f34464f1fcddf895a	False	True	True	True	True	True
1599	1599.mp4	1599	b04c7b5a10a705083a3e28addeb602930ec0c6e77f2fbd83869034443958e839	10bfcf42410bb018318402cc3bfd6a76138d1cb490f52529b550f42fa7bec8e7	False	True	True	True	True	True
1600	1600.mp4	1600	5cffdaa9cf083beac730b0b66de305da18f47fd1e1ec965e9e4728d1a6ee6c28	a16cd39d337f50d9abd3a3d69a6f5ba239f3b6951be41dd7e763708744d69f40	False	True	True	True	True	True
1601	1601.mp4	1601	fec2bff69897ae909077300af7581c05f8a08f3f2912c9b26eda1eb86da3f7fa	100af93da7bb27d864251217f625870633bac6e8219679956a3f15d463018cfe	False	True	True	True	True	True
1602	1602.mp4	1602	96ce776b42ca53f5edef321dd59f8df1c0bca8e6c476ecccfb06d97af044fc88	fc5b598e5336f87f189260518b59d6fd9b8a41d383d0dd3a90ebf7d2263022c4	False	True	True	True	True	True
1603	1603.mp4	1603	70bf04c5a2b894f1626f12d0e8ee59f0c9f0ccffb356b8e52aac8f26c10ad297	a16324bf2e9d57e99f6c2672039015a5796062861894dd44777f9c3b3bf6ba29	False	True	True	True	True	True
1604	1604.mp4	1604	92f72d25a23ca5705f34df92dd8c0f97f2add15f4aef9c6488fbefc84a64a7cb	1a69af5713a20bca78f92c803bc37099e9f06251f542a8756eb67b076be33f4f	False	True	True	True	True	True
1605	1605.mp4	1605	5d6ea039fd99502001e833c6801d1b857b2f42e323cbbda0f07a6f458a8cda8a	984b70f7bfb7a39549ab3d530efcdce08c68c096eaa0cd33f36757787a1a3407	False	True	True	True	True	True
1606	1606.mp4	1606	4b89d2f5bdf86306dbd56f17baf2c162a86947ad677fb716a08f9772ad7d8af5	c947c9fa8038ef1fde4d07f0651b411484cb4f51c2dbd34faf441e11af5cfae2	False	True	True	True	True	True
1607	1607.mp4	1607	997526edd586d184d3f0276369effcd26b57e217528db9a9a73922eb0f1eed49	56eb0bb6db0e0f7dcfbddb65b06c12a8ee7e334170d6571be46275e9f5eb9349	False	True	True	True	True	True
1608	1608.mp4	1608	74b0da3a04473b38ef12743d137182b422433b96860524c81fccc040144b620a	3b6e5904497a56b2f1d45982676e9fef7cda75f45e9dfd1489399233eaf76434	False	True	True	True	True	True
1609	1609.mp4	1609	e0ceb51567d9387219001635066f7b290b1bfa3a2eded528b9e674e6829f545d	0724ed10161e15e08d57c2a56fbf7b5c2485676f75bd123a2ee1da7b0f31827e	False	True	True	True	True	True
1610	1610.mp4	1610	72d1c081a81d50b30cea420b43bc0fef8282a6a6295adc87afb5a543503961f8	40832b8240e9aaa15e1a6e37a5048af019ba90a60b27adb78d2d6dcc17d5de5d	False	True	True	True	True	True
1611	1611.mp4	1611	3c0afdf5e2070de058aee2e55d741ead80ac9590f1577ee395a7b8517d3ed900	86a638680df0d79c2ef4fdedc0705a6871ab3a184d8e989a06cdd336d1222aaf	False	True	True	True	True	True
1612	1612.mp4	1612	e4f44b9bb08cf08b983f1a87f8d0a09fbafd2708a5e459bffb8e4ae9e3acad26	924d0936e784c8f67c36c822964a9a690dd8e4cb507219c0a84be39c9c7bc2a0	False	True	True	True	True	True
1613	1613.mp4	1613	e995fc19da150358b77909f4954e5e7ecfda48eaf750f787ae307125298587fb	eeadce3806e692531c2f30354071b39c3b5ed7153a36e7238b564df52aba0879	False	True	True	True	True	True
1614	1614.mp4	1614	80f9645b3faf570a654a748084cf8757f03d6174f968c7d3a89be55fd241b6de	93938812542519cecbb0f88e8bb84be36af1169c0f7501bc563b8e71ff1ed4f0	False	True	True	True	True	True
1615	1615.mp4	1615	6502d149a0424174ab8a87a920c3bdc99852b59a560aa22f8c8218e5dcc48ae6	cdb30ec52f28724fd57d06b34a95838c21d8ba5a474d3f1fac6f9f797a53ba0e	False	True	True	True	True	True
1616	1616.mp4	1616	d78900e26a4e0f21233b7d82215c576a7ada8a5b7f2baa8db22f59ee95a30040	56acbac1dffec01f9bb5df19f2314125e2b4d1cbad3b7e02e2edae4575b44914	False	True	True	True	True	True
1617	1617.mp4	1617	62da01f57d0e7f739e95a2814828a4af244b1ffdaf82d87bd0a994018b065005	9787b9d166764fefadfadb205728b9c31696230c74e7440303459e7d443d6d97	False	True	True	True	True	True
1618	1618.mp4	1618	ab54cb9b6dc5984b19594e1d4a69532471439766b72fe7c47475073a93e5a375	e1640a0dea17d297dbedae3e2f09049892a47a8706edf06f8bea94f0700d2806	False	True	True	True	True	True
1619	1619.mp4	1619	b752599197b09b3ee042bffd50f79e88b1b1c7a7b8c04d5d44709a8c0e47fcb7	a21f4c3e96d238a31e43a280f71c1ce1287e0776dc2f4177f8f31f5f37816d18	False	True	True	True	True	True
1620	1620.mp4	1620	164ecf535e585114cd596a45ee55cb100abdd3c87a38a5cb76e9c5c0318d9ec9	2d1f645e87a102a07d4e2bba5a63a9161d3a81b118ea37b24783642d11738e63	False	True	True	True	True	True
1621	1621.mp4	1621	98227cdc5aa7994f839e02867009f0b96252b938f0726b65f78c7208726805a0	1c45ba356a98d151f07c1f2ef3b000de0245c41a39d26eaa51c2fa3260fc6c05	False	True	True	True	True	True
1622	1622.mp4	1622	8a20a2ece9e107d356d977e76b529d5f6576af23eba5efa21e72001d26964ae2	643af21f95fec958fc5f2a181cf3f88dc28fbaf8fb579f6cf39858584acc2f3b	False	True	True	True	True	True
1623	1623.mp4	1623	2b5cfffa391dc7a71729e1546a030538624dab74348c95d33441b2fd19c30981	cc07972790b282b2706690e599c8b5b4e7d6fcfda736d362ea25737421866d63	False	True	True	True	True	True
1624	1624.mp4	1624	c834e16d4f4b9a0fed71f5cc6baa13c887f837abac1033f6fef103d48f29edbb	f66931c88b7cdc7049cf1c05c899d7a803020570e6b73704e7b99f84401573db	False	True	True	True	True	True
1625	1625.mp4	1625	b3df7a9da63398e9c1bb67515799b95ac92f8ad0c3f5cc67c0a46d926092b434	0275f55d5cba33fb0d0c0e148a82049a8aafc43d147540c52d7b6f3e5f394231	False	True	True	True	True	True
1626	1626.mp4	1626	41472d24f4b99c90dae1a9cb632f6ae00c6755d749655b30a82b7db8599ec934	f49034ea5442c37b13933a1ba1c77c994d9ddaaec418c7bd1489f796788edf7e	False	True	True	True	True	True
1627	1627.mp4	1627	b1a738441b87f32fd29ea1553d7fb97848a91e109b465756221df5fa95564614	706502471df948b26da9f0db938a2fcd3fe97159d40209d1f37509795ffff697	False	True	True	True	True	True
1628	1628.mp4	1628	c9faa1c0e440ba6834d48a79048495fdb2a260c1c6f65fd4b9f694dcb05198fb	554e8d5fd5f46bd2462c70880b367dbe26972a5401ce1d04f0642ee8a417de57	False	True	True	True	True	True
1629	1629.mp4	1629	677eb2a2f57a8ab476eb1132306184730a13d2c0f4029f221b3ea87535e46687	c4060d9c4f37c371dd97f6d342cc3ef672f78e35f41c8b3025b6200e5ac2654c	False	True	True	True	True	True
1630	1630.mp4	1630	77c17161eeb6e7d4ed132bb748f91d30bab552fe839d7d536fb5a9d03d3a3c3a	8a6623f3df79c500d8a90ea1df134458d4d887a14332a9f8dbfb54aed82e331f	False	True	True	True	True	True
1631	1631.mp4	1631	20ee6b80f4b37a445e8b4661fc0257cecc180b970665db2d5aa52f2b55eb6367	3040b126a034f201425ad7ee93e19e14483bbfc7a226a21dc8973fe1f1025cc5	False	True	True	True	True	True
1632	1632.mp4	1632	8af232e16de533f4530e2128fed86b5da6c824fd6a4d42e377b63b45211d5178	87b670081da6e15f90bd724b43e61e77ea9849f6127d354d2bbd61719afe3db4	False	True	True	True	True	True
1633	1633.mp4	1633	721b9705600acfe56bfef0a1707b8c4ccfdb1725748f6ce5b85e700ebc4e8ffb	63b159e81e76029da3587ac0dfa81ad370de0b91f03792097aac94bc43139340	False	True	True	True	True	True
1634	1634.mp4	1634	f4a34fde296ab0ceaf0295ade0c3ce28bd14fafa64708f322cfe1b183e03b4e2	13ae08088197c9773c2c1552f28419f24d76d68fb7419e44b7cd6e84ade4111c	False	True	True	True	True	True
1635	1635.mp4	1635	71f36e1fe06403757f10d22a453194b67cf4d517ada6f90068503c3d8053c4f1	2a3cad446b8981e41b7cb239fe40a8611f35e5a62ddf3c88c3850fab8c90b956	False	True	True	True	True	True
1636	1636.mp4	1636	3df9909dae1e2c6e2afad4f5cfb8f6f951c76a0fde00e01d7f53d85813e4318b	44673e0b8c2ed592c9fea5802ef5f43ed281342856c0c74a1415e1415a6a2fcc	False	True	True	True	True	True
1637	1637.mp4	1637	4e87c606f328e6868d77394e826a4e37c1ca736272e3c7739d52a73e1712acab	5a2c9f88074b023a1d1d052a1f0753b54ccc468c46c411debeeaf282abd84783	False	True	True	True	True	True
1638	1638.mp4	1638	9c605b36954d7bde96ecd438790d37cd456dd5bf909de2d901aa179fed54e9ee	0cde0111c6e41ce8dbfdf9d4f42469cb79df399027c13913f82a39adf737c69e	False	True	True	True	True	True
1639	1639.mp4	1639	f236a2694683a0247ce1fd15ffdbf7ac1abe9f4c53f27bd12a6052031990dc94	f99417993e42e64bf6b3130e8126b227f9bb61b4d6abf220a8b6fd7c18ff0bc2	False	True	True	True	True	True
1640	1640.mp4	1640	9581edb236f4fff1186fab091d4bde8aa42c69cf3d7192bfcd5ea001afbb04d5	7cb31d7953660358525ce2887d5def4265dc45dc8dd5917156ff8a1b62643307	False	True	True	True	True	True
1641	1641.mp4	1641	c2ccd80fb8894b7ef60c1cf55a10fc5c67357e6a9a8c7795edb801a1db1cb55a	c543a54790527b61f6680de591fc8b7b3b1ac5298e1b9e31e512611e89fb7e63	False	True	True	True	True	True
1642	1642.mp4	1642	651bb59cd754ea77f7bcffd74a2d70fb143c27d0e62e1ee95c3088b4e76bb800	2481781c6518e7a767db0ec0222820d0ad6c5f513d078db0e738723f0d80d73c	False	True	True	True	True	True
1643	1643.mp4	1643	7b9fbe9691577270d6709e70b8534e15bcbe1241d4cf5d0aab5635e5dcb41c1a	d71984f93643dc90720f592b84809e20e3b2424a9bc39b08737965cf2bf9e120	False	True	True	True	True	True
1644	1644.mp4	1644	3beb44593e316277e4736b59c9112324fa2036c810583d6d1c886d4072e441a1	477091e9556036155aa688dfb5035fd792e6ff1bfab474b244cfa6402422e3bd	False	True	True	True	True	True
1645	1645.mp4	1645	d509a50651770e398c536218f245dba6c51fd116994f1d1f6686078236d0673c	ecf8c0d229244eaa125c15f7d4e41aa51af8491f0b40071534e2d469e6427004	False	True	True	True	True	True
1646	1646.mp4	1646	59e2317a6d3a5e72458e3e43e99fbb4d2cf85e61a62b7f300a325c119200f13c	cc3af8c0266b5cc088b060c8fd49aad211b9a8b42265cf24716a630fbe67b68b	False	True	True	True	True	True
1647	1647.mp4	1647	5bef2d36569c47cdbe9f95098772850249e574a6fc0d8bdc9a84de3c7218eee1	ffe1337849c03fc181b73580276d9bc707ba9a656b1211a4bda41ee1ce524bfc	False	True	True	True	True	True
1648	1648.mp4	1648	c0a1da8fc7f0ac664c796adfd1955673275e5a5228cad72beb866635ad0bc141	5487c34d0ff7b9ff501c766e251b0d5cabf94ec75bb9cd4d59f1b2212efd034b	False	True	True	True	True	True
1649	1649.mp4	1649	2aefc512d13fb4d2d980d481858a9f818b0a07a5609841c0ac9cdda22e4197e8	5c2b5f4dbe35c609c3d2832389e8764bd463868034ad38f1289c38ce7395dfa4	False	True	True	True	True	True
1650	1650.mp4	1650	f6b3ea1a88a2e7d91f1242b8592464687f2e5cc96e1ed3ae1c91fcecb86eab63	340254eaa9c9f98d37d67b37751304a761f2a6894e92928800ce563dc08bf188	False	True	True	True	True	True
1651	1651.mp4	1651	1476a8a4b1b29fe0b185a65cdc84b4cf9c608445fb72c903a80d9a819a55ca9d	afd8d4fb0a922c31eb795e823f2ec433b95499a1ff355ce717b90930cc32d414	False	True	True	True	True	True
1652	1652.mp4	1652	0278b8a2eb74b53e6991e865cbdf5634d7cb4bd1c01ac7c9128775a5bdecdec8	1a158d0bc76f5c9177a3bb03137c826c0610e31752271b390f26bf5250fa66c1	False	True	True	True	True	True
1653	1653.mp4	1653	7ee9e5dce217c64aeaad1f8cf34eb912c1f63fb4a1607aab24d7d72c2fcc90f0	8e50e5d430615198cbac650cf979859f46c6c2f64c3f53c86af7606ee047cc60	False	True	True	True	True	True
1654	1654.mp4	1654	7ae2fe1c9bd2959a669b33b8efa54bf1124dc0cec215572ebf315c15a1cf0a73	875ed78d0011a7094b6bc904e60a6dbcb0b62d0b29d3a7744b06949e4246568f	False	True	True	True	True	True
1655	1655.mp4	1655	c6c4135e421f0ebeb0053e1a391ea725fbb600b5758808df29eaa0a928d7316e	8ebc59e2bbe803d235904dcb833977bcb1eed436196c2ef776d3618ec89a7a0d	False	True	True	True	True	True
1656	1656.mp4	1656	d63f4294f90cd44e6da4ecd8d5f02678cbbe199b2f6328008c193613a870f07d	9ffb846a76627514fb8da29b63a10ef377912046256d077d16a1b36a702e3f50	False	True	True	True	True	True
1657	1657.mp4	1657	8210dfba6f32e8f458b11e0960f2942032dc011b70853655fba36df366d8527f	3a981eae7db83895001696d5022397a1b4129030d045aaac390dddac9d90d6e3	False	True	True	True	True	True
1658	1658.mp4	1658	b653c354630cc373292c736c078680b344f1b6425178d45ccafa62190ee4b44f	bced90eeb6185bc47e028c709a12fc7a2a7a09205ae92006546a3eddf8f96344	False	True	True	True	True	True
1659	1659.mp4	1659	620c717fe1a0a21c296966ed5e8576fb1226eef13f8d17094bb46691a7295e2e	281b34904b5c719e311808f07daa75789e2eee8e8c6410876c965af9784b0690	False	True	True	True	True	True
1660	1660.mp4	1660	b85c3d28beca8fdac0e75268a96567e48e35f101e2db5a865db4d6c6e6f1c9aa	adc7ed1525b3e013b5f93bf57c375651fc7456cd01b37ebf5c9a03559d44ac16	False	True	True	True	True	True
1661	1661.mp4	1661	4e9f74f1bb8db6e7defc16cd4e4cc0ba5797103923dd1d4f22a13ad629b47df9	f59577d58afcfba2998d6c193133086e447b0d6f1a9bd5114499a42dce8c0413	False	True	True	True	True	True
1662	1662.mp4	1662	41f729fff7d6ec6c103ccc211ba4ed5cd05d2ef089bc63cda125229551cc0c89	04ac6faac2fbae26c9ff8e5ee8f30e6284d273fb266d507f2725b02c2fd1eaaa	False	True	True	True	True	True
1663	1663.mp4	1663	60c772f39c719f28483d056b5ef219aa96338ee30f21b02ef957d7aa3b9331bd	13f80c5934ecb08765052f0cea86c7cc6b2bb792249847ef04a857cc5a682db3	False	True	True	True	True	True
1664	1664.mp4	1664	483816896e5d9e6556d97fa916406c6072400c5e047009945ced2a139eaa84ce	e1f2977cb47e638a2a39cc2b98bbb447c684132b7f1a471df562c4e8bac564cc	False	True	True	True	True	True
1665	1665.mp4	1665	7c4dabf053bccce6c63b5e137ea4354a8254e9e016d64ac9499d8cfba250aa5d	235608b3cbf185d44efe5b4097887ce3c1f702a1707386184ed20802c997e868	False	True	True	True	True	True
1666	1666.mp4	1666	d63e5c10b0a8ca5aadf89811442d3deeb85f121fd9ca75cc996e611c2d5552a8	c75fe753c9ec7b33f8e60ad40cda872243dc9aabedc8a30f72f37561d6592ca9	False	True	True	True	True	True
1667	1667.mp4	1667	dae69284cf501f0c011dbd40de3d8146243d75fa472b98cf3e9ae28c371ddba3	0f333a261fd0eb09f91cc5c552df4eb4a95f2b3b98ca8b71eff34241f130573f	False	True	True	True	True	True
1668	1668.mp4	1668	60024191bde44537f6ca271e9b25a34a7f350cd3100a4b3d3c65462b76d54a9d	4e74cc48d806f4c549dd8a89ccab2453d593f0d5a4acbcc5cf61058e7896eb73	False	True	True	True	True	True
1669	1669.mp4	1669	ead9cbcfdb0310a7edcf5a3959ef292dea469b367d3d0bc0bcc5575164ffb574	4f01fcc0f23088f23cc0c962727a1b4e27ea5749a3a28aea1279f43aaf31adf1	False	True	True	True	True	True
1670	1670.mp4	1670	8b7b5763c00ab03be2a44a6004e185b559178e85c485d3df662e408ee71af0d7	4f14e5fb4cc2420e28d1aab2ac31eecb41f8be1b6cfdfd0abfbfe6ebb1abef39	False	True	True	True	True	True
1671	1671.mp4	1671	5fd57e6f8755ba4fd82745758e17ae0a2c10fe882d9c521b0dd69f179859069e	eb91ea3191a38097faa6882bad55e7d8497d9eedae406635d5efd40d5ab1a6e0	False	True	True	True	True	True
1672	1672.mp4	1672	6365c7816695b9845e746444529aa28721428fb10b1fb5aed99cbaa958b0a655	9b699738bfb984f85190e6c38d71230e85ad61958a484d177f91a937042f9356	False	True	True	True	True	True
1673	1673.mp4	846	6fe806d313df0b6a21d472bb2ab13dd249440cd7a29a4a470c53f8ab0ce098bf	7909186944e1184722581466439b3d3289d5098c22d6c93bd0c9ac7e12cf5189	True	True	True	True	True	True
1674	1674.mp4	1674	dec4399916b860692df4f42f06b92f8431e2d4abaa52e24921b541e2e841b290	3faecbfe6fc11993117c894851538414db10778f3e88484f1e1297c1bd01696e	False	True	True	True	True	True
1675	1675.mp4	1675	a260ec04d77ff9a612feb966c0668dce15cf36ae67963977f7108d1e972f53e8	1190fe2bc6c276ede6ce4516aa4de612dafd74fa237cf2bd4cde114c33abe6a7	False	True	True	True	True	True
1676	1676.mp4	1676	e4f04834da1949d67abd6df9e5143a48e5ff5273bf1f96a474c14db8e938387d	6ff8e996f704af95f1fd518bd4ba66163f21149935a1c315e7ddfe82b4334872	False	True	True	True	True	True
1677	1677.mp4	1677	aaab8440e69d2c063f79cef05dd104e622889a223c08726cbd672ba052a3cfa9	937ae20e83175ceb186b8d05cfc06a2c8839f6b863e657fa18d47928834b145d	False	True	True	True	True	True
1678	1678.mp4	1678	fa6ef44ae6dbd3899ac012db511748c9379c4bd661be89ec4c3c255a162521b9	8d322575ceb0418ecafea3c9036cf77a2c3e03e5f8091dc407813e33351697ba	False	True	True	True	True	True
1679	1679.mp4	1679	2a6b968a53572d63070c9c2fde0270616a3bd43a31abbb2971934ada17dc4355	4f098b6378961a8dbb3de20348251227b058ebeae1053ab8d9c91224c0495aa6	False	True	True	True	True	True
1680	1680.mp4	1680	26f9956e04681105c7a0bcd7f395c9e736016e36dd693218aa3856b99def887d	d292b0d78d08baf02cc4d5a1e4fd86f8fd1c626f82b8736ee80aea91a6f00923	False	True	True	True	True	True
1681	1681.mp4	1681	a525c1963480fcbdc152596df9e6fad6cb902e146c5c22279902e8a72591a3b5	9038944e6646de8a4a51a1517ea3bff61a94648663edd22edb7f03cf99ff7e63	False	True	True	True	True	True
1682	1682.mp4	1682	a326fabc2633746ddb81ea7c080a6d989021dba2ca6ffa204e818a0d797a0b4e	eff8c57dd6d32209f81cd4c102e8368e0efb1c899cd32a4fd1c07679c3a7b9a1	False	True	True	True	True	True
1683	1683.mp4	1683	343e75a94a98966c86f20cf6261f2264310dcff669abc168057b80f1336437e5	9bf158aba9b62918cfc778ae4d481d9619c8cb3fac8810ae746b40229f66a484	False	True	True	True	True	True
1684	1684.mp4	1684	1e3edd55735d3fcb6a62f4321d25467fcf8a80275b39f01199c10abf6557af97	8f4d6a15d6a214ac652efe5267c04730e3bdb446d59c8a406d37156b21794b5e	False	True	True	True	True	True
1685	1685.mp4	1685	c106e7c53df0901c4d9d555611af0c2adb137b6be32504b24e60813115f87b8a	9db12870d31feb788a0186ea2228ec45bd6cd446ae07f123e7130d32747f9eac	False	True	True	True	True	True
1686	1686.mp4	1686	66cfac304b923a9700c5420c9c1804484ef254760a0cdaa376c2bb3c341055d0	74d61d6d54054202bac203dff65a4477041ee0795c78b58dbd6297084f2b8084	False	True	True	True	True	True
1687	1687.mp4	1687	1710e5436ccc136643de86646ed64245d5276c3d93c081ee08777d3d8d784b2a	70df7b4076642293cddd04760ab33f03931ebbe2d901c69742337181ab73d07a	False	True	True	True	True	True
1688	1688.mp4	1688	205d0b456c72eb82b80563ca84b75a5c8548bcc4434302670a183d4c5aeb18e3	ee8b3c7376c8ddd42cf709c40081e090085f7d118f458e9f26cb3a2d74d3c7c9	False	True	True	True	True	True
1689	1689.mp4	1689	8e724df30ccd077ca7a727f0f632c60968aedfc3feb456d3f62f91bc8933a971	67b3fe5fa5339d1846d4c701113d76d9031c0c05e7938ad8623a402925205bdf	False	True	True	True	True	True
1690	1690.mp4	1690	f6393d9b850f29c2312aafaf015a8452be7d5c72d8123ca8b0f9dc08ec0d20c6	d6800e16e1efae52eacb0d8ca39408678609e224a2ee635b8e65cd17ae624fe5	False	True	True	True	True	True
1691	1691.mp4	1691	153e834fa42e7816b61039c5eb15e20caabd3d920b800d030aa539c091a0ebdb	b36ae47e53336251b2a719b0168eef2d6c99e3200f548016295705ef3dd1e13d	False	True	True	True	True	True
1692	1692.mp4	1692	b7453c54689fa64afddfe977ed2c30e259597701f1856cc21384f0c46f8699ba	c230c2ec687377b1662822dd0dcf302db76506682754502ed7a5df4117c603e8	False	True	True	True	True	True
1693	1693.mp4	1693	ff13f9f5966fba912bf5c49d04c41303ca092cd66fd82990ebeeb1139b1ecc9f	15ea35b84ce14728f434cb24ff1c6885a80f7aa3155e2823de56d9fbeb8f02ac	False	True	True	True	True	True
1694	1694.mp4	1694	df2633d2d82688bd1c4265c37ff529cda2e8f3f279b5013e349fc60da50f686e	c0a52317d56938ac7b1b932c410c494fc408b4d2dc46d5bf819a8d57c95b406f	False	True	True	True	True	True
1695	1695.mp4	1695	a1ff7849b006d7ce0da8a6aa1eb1658fa4eeffa35983efd4debd4f9bcce8e3e6	cbfbb379b3efe2e85da16ff8db07b12b196d392c1a802155da82d4a187bdfbd0	False	True	True	True	True	True
1696	1696.mp4	1696	7df79fb0da42b07dcf520e55f3de5d49a09a05f9cbdf6d4ffd03e6c05f06f854	2b1ea61147f5df82ff3b5ec4a9cb2957d09083a5e0def16a9cf38abe15a00f54	False	True	True	True	True	True
1697	1697.mp4	1697	be5ef5b89207c26946c17ece2482696a9254f5e63eebba487529127cdc509eab	6c94c8e673de9d811cd8dc18060d3773ab9dee4367dd280788502c63b003cedd	False	True	True	True	True	True
1698	1698.mp4	1698	93dcc2649881facd772508b4fe1f936687cbcbe067d5bbe6e0ed1e2eaa302bef	469f86803e9b29b6f9326219b2153f27172b5b70b94e815144f6de42cc894548	False	True	True	True	True	True
1699	1699.mp4	1699	98c7ebd5f0a2d3e09e79ea6845924e0c29389d404012ff58b735a2eb97096e4b	62e1237ed2b613df46f283c80c62c78272ff9a9569f4536a3b92443bd6d79f86	False	True	True	True	True	True
1700	1700.mp4	1700	2787fae01e580c90d942ba8e8289615d84717c664d6e94d102062fed254edf10	4abab7330f22dc7a730799b36d7767a16c0f422f9e4856732f137af20eafaaf1	False	True	True	True	True	True
1701	1701.mp4	1701	ba4b22a9e258f5429b8973102c237a2c6ecddb786763ae398acebc4f5b5c8c8d	b506331098f6742525392adbef44762bc2ecc922c4931bb8fcd6218a7fb34adf	False	True	True	True	True	True
1702	1702.mp4	1702	f2ead0cb826ecd2dc424c243f73be8a46a4610c88dd60c6388b7fd5f53977b70	2052e8e45fd188c14083981ec8fb512d0b0d0a1bd4cc73cff65003e002a0cfc2	False	True	True	True	True	True
1703	1703.mp4	1703	5fde6e84a7a06ba21c871b1eae49a9c217596d7b439fff3ff7bb7ebe8b76e231	82629ac1baab06e0b44e0bc38b3390307d1c560d8d5ac18059130e4b2b505b26	False	True	True	True	True	True
1704	1704.mp4	1704	6142dc5abb6d913d203a8a6be1bf3d9967fb9271af282a8269098741d568f198	9c9881f17b77e1ac67315cd86e21d81524f7e7852b0bede2d593d3d5106559e4	False	True	True	True	True	True
1705	1705.mp4	1705	de933fe3def82cd7073b263f7dc4d4a2c90b0da9cf2944b782a6b112e7994dbf	31323bec4f40efa80172818950585ba4a206646f1e2e133f52b8fbbe7339dc8e	False	True	True	True	True	True
1706	1706.mp4	1706	a416b795296acd5d51b5ba622098cc444b2aad27136bc68ad72df2828dc1667e	20ecee2c87bda40469993613434fa9ef989d7465c1445f3b31cbec84fc5b9de0	False	True	True	True	True	True
1707	1707.mp4	1707	57227c9f0c054ed46e137fe36e38fe270a724625237c951b25a9a265c3480db8	48dd0db77b08345d51a1ca5688aa39c5eace21c5190b2d06ec035bd815d0a6f7	False	True	True	True	True	True
1708	1708.mp4	1708	3b91d991ceb20129e0aa02009a069adb86c6ccc230f50d77de99c28ce7ab808c	0a4a8dcda47dc60135f711b3656f35773f9c5a78789b6dbaa00bde7483b1c8df	False	True	True	True	True	True
1709	1709.mp4	1709	3e86f37a2494bdbdfc9652fb39c261a111dbaa823c348db16dee62405d37740d	97fff96ccbc9365b7158c7bafa1037b2bb58918dcc8a1d5a1b8b4bcf8fb95768	False	True	True	True	True	True
1710	1710.mp4	1710	9fd33feaae64e441e9c3a7d4c9c744bdf2ed3ce3c31903b5e579626eff2fdb8d	d0a60cc700a860ea8a4cf9ad8716c5d2094b9171b317fba21f8b3e132ec47835	False	True	True	True	True	True
1711	1711.mp4	1711	d37d7bce8411bb2b8aad28d0f8e25160728e87a30f7467b2cd2a2ae8210c4191	6f931d461af363d4f4ce44a5d5b5a5b256a315f9f070b1767b751c61225698a9	False	True	True	True	True	True
1712	1712.mp4	1712	0890b6640f160e209ff8238ab60f2f7be84de061d731aa495dbae76178476d18	aeb86d203ba8989de120be9b9bbaa0f0fbf46ac74d18bd6b20d1470ee77f372d	False	True	True	True	True	True
1713	1713.mp4	1713	2c35199a3c0d148c80a79b6efc279bd2710d1c949f7bf790d0e0ef3d23ac7da4	976b9269238f7d41c08be68b129a709f17bb084e12c7c875ab47aa411dd1657e	False	True	True	True	True	True
1714	1714.mp4	1714	6cd67a7fd8f3098658dbd275da310924b418ce50f352660bdf140092cdf3bac0	5a2e6134fcde9f4aec47713253bb79476f127473bb65cec596dd75605fd91583	False	True	True	True	True	True
1715	1715.mp4	1715	b76fe75faedc69d03d77e84100515e20a2650b96477e9547631c73012d84c00a	8dc2ba4ec6f62aaa1bf8a54bf90f3eddd97dbf82bb4471dad2ae064b5a19cf1a	False	True	True	True	True	True
1716	1716.mp4	1716	4e70266aec25edcdbd03f708990f4cb4e519fbe80b46f2252e090e0a59037a2f	c589e1f4cd52b382f4ccdb6ecba5e4e1b3234a4dd345f7f2cec414875308a07a	False	True	True	True	True	True
1717	1717.mp4	1717	9df25298f32990fc1f8f8b228b9e9155f86fd7525947ba4ff06e703a8da474bf	1e36e7d27662a8def536eeaaefd6d9bb99ec793aa8dfee974b3af0a1335e93c7	False	True	True	True	True	True
1718	1718.mp4	1718	165260a76c466bd3808c4edb89b2bc8787877ddfba14d504f49129fd8884ab72	dbde1c5d86083f8edb600cedb9edf28b2b233d67d7f843086b35fff9bdf13894	False	True	True	True	True	True
1719	1719.mp4	1719	4723489f8717a7711689020841ad1892abd948225e418808258f49e24cd3e40d	4dc0145f412121111af5ce0a0da311a8f9c5e4c10a63d831f232484b62af4cfb	False	True	True	True	True	True
1720	1720.mp4	1720	831cf47d615b526d21bd66ae67e50daf7558d2aa73fa402750d4199676498689	56f8aaba4f76f67114ac6c3cd068c1d17b846e59511800d1bc062404c0aa4d7a	False	True	True	True	True	True
1721	1721.mp4	1721	45caff603ff64403294bbb16ca1ad59ae5cb0213ec42ab486ac3e6b7abac3952	1ff20fa37af1259b9a0652e7328f6939489175de8f0df16f2cfb40369dba82a5	False	True	True	True	True	True
1722	1722.mp4	1722	a9c56475c072524f19f81125449569edaa6ee9e9369a7df0b3889b3e5978d07c	5fe830aa19ea5a7330a8cd5dbc98364c60b5405c12da229770aa75e98f25ee37	False	True	True	True	True	True
1723	1723.mp4	1723	40cddb3692b1db2aa5e84bde40596e3420b8c9ee9c258fdfcd40197e7254d896	97f661317fbf34296f159a55dde587782aa3551daab62fd0162122a571120612	False	True	True	True	True	True
1724	1724.mp4	1724	180e2ef28a0ca4e93b54c56853b3f67c198a44fd4d7465eb1df6e97401d29ab6	3430677f2d3c281cd306a96d466003a4feeebfaf4c7fc7f3ef1013f7b86ea1fb	False	True	True	True	True	True
1725	1725.mp4	1725	84d8cdbed8e00b586c16b93bc1173418dcaaa240169847172939e8dfcc645fb1	8e1d50246167c9f891959ae6eca1766f4ba108454bf24b71f884f3dfc7972ddc	False	True	True	True	True	True
1726	1726.mp4	1726	efd6fd9c2d0397b24e35fc6b187d9d4cdf823c8aee76895c634fd5a00353931f	8adff3d9a91986a1fbb3f1f73038b35dbf9639a6cda30efb2e0d0e3cf21fc3e2	False	True	True	True	True	True
1727	1727.mp4	1727	c0d40f6acb11052f3b07ef885c4fb91dc40f6bdffefe699225428d13cb7a39e5	a2b5cf56294287e4f08cb6c12209178369d7c2337045dae691934434de589d26	False	True	True	True	True	True
1728	1728.mp4	1728	caaf89c5186c84c0d1c0106daa405c2503b18c16d625f71c1c0a93409469b39c	4977c9380edd81245a7add7e6be95677e77c2e35fa717c88085ff29fd0e1ce48	False	True	True	True	True	True
1729	1729.mp4	1729	4a22cbb53a18b3cb398d7daf57f72f435466758d4023b74342fedde8d3014dd5	f605c3bc126c3ad827a024ca87b1c8143eb352453e2f3c4c3faa2ffd38c0048d	False	True	True	True	True	True
1730	1730.mp4	1730	e260ed53a302ab18c8230d9ee303fd3e45c6a26f3cd64d37c605735bc14d2788	6ffa2583f41ff17bc050fed8605ef1f5c23fa9c25ba6ce9b1181257c766be86a	False	True	True	True	True	True
1731	1731.mp4	1731	debad64a6533a3e54d9a1677b787995a44b0ee392f18a550777737b19867b48a	431246eb6088586af0d879651949e9eed034dfd5c97b53fe13a149079aa5779a	False	True	True	True	True	True
1732	1732.mp4	1732	213a959c61368c553b68e36c0071b026e808b3d1f22c5199ced0a70613def214	e2f2eba59d9a7983a9e0c790880ab381647254bac7ffa6db7a0b61aa2260048c	False	True	True	True	True	True
1733	1733.mp4	1733	076ab664d9472c4abced8d53b55262b7ecef1181cba1315169b2b749f3e60a4c	27b429e13c402416b57e6886cc4e92bd77a02df11284baab6028c1eae63e85ff	False	True	True	True	True	True
1734	1734.mp4	1734	e86fc05366e625290efc001e77068cb3892dd7be1c3696c9c0c446a9b1866179	cf036425898951f6187f7b9d169da07a8210cca278ebb16ae495bd5e825d1741	False	True	True	True	True	True
1735	1735.mp4	1735	c23bdc3fb2e7f25d09d03a6c8c762f94d258e9cfd8d785e429f6b2ac8aa2f73e	0b45b01a92fcef2073dcb0dfa2a3c1506f665bc10dffce0f2e47c46e60a98b98	False	True	True	True	True	True
1736	1736.mp4	1736	61530c751d48a5cd030d04c0732f2086181f6c61f0390b59e1e870c5cb20c240	7a358a2c0fdd0801d637e7f04ae124fe544b0fe8ad0c42f9d3e1f7615396c497	False	True	True	True	True	True
1737	1737.mp4	1737	f9ca8affb3b6bce52c121e730b1e7bcc9c345ead1d1c4c390b66d76f1186a3d3	5c3aa460cb43de510653d6051c7cd8bc03ad35b2bd16e42e0861af1f2d78a382	False	True	True	True	True	True
1738	1738.mp4	1738	92c3ed310c9a6e745a3bdf9a4b385081ee6e2f9f5684d15c80da7fe6bf7e4002	ee8ab0ab98926da7586bb5f6c1cca7ae32e43c8b6191e50ae4ad2c1a6afd3879	False	True	True	True	True	True
1739	1739.mp4	1739	22d8e0d6a7d399cbf713ab7c331331857245bad36508448bb331027a731f872f	a78e2ecff27e8a6622525c5b70edfb4279ae4aba60015702987d708028c5f5e2	False	True	True	True	True	True
1740	1740.mp4	1740	ba9ca641b659ea2aa5914fcaaabb4eb364855873bd26c02945ea0ce6eabd20c4	c0e336010cc03385d3d0e4c418bc842e65bea46f266be62dde987a133e65397b	False	True	True	True	True	True
1741	1741.mp4	1741	896e19a07ba810d81e4cab7e26890372322329fb292124a4f2bd71781fe47ad2	df46c6fcf1c2b1452963d2eca24fd9357cf7a938c69af5c68807e9f774f412e7	False	True	True	True	True	True
1742	1742.mp4	1742	f0de577067692de9b3146b477d672a59fb1870932fe37cfa0256387730586ac4	c0f547f72eb1798059bbba3c8d7843a1c8f59eee511274d949ef51a82af6cb4d	False	True	True	True	True	True
1743	1743.mp4	1743	8d77b8b042180d82ed0b5aaf4592540cfb8834ccbea351bf65cce928a29facbe	ead2d33833efce933edb3060de8c6b68655f2016b051deeaf4eb2a672cb8b7f5	False	True	True	True	True	True
1744	1744.mp4	1744	3463e0435f053e9078b4cb3c81f48ecd70ce040da57d4554026c6099437492e4	b778a27acd0599abce44a19bdc8412b64c15fc492e743e39ddbb1d1fba57f8ed	False	True	True	True	True	True
1745	1745.mp4	1745	92efd12939d3a1c1026692b83f5a1b551139a8a9f0af0cd2c1dc0a1672dcbeb8	b13c776d82239cb7b680f3f58d91a2acdb471ea351727190a15f11e30e28fc42	False	True	True	True	True	True
1746	1746.mp4	1746	100822588d1ca3ceed931971d4dccf96eba4bad9301c70ff5d808c66f2bf313d	11b16fb20185ac77eed22accb17ee9618dda9fbe184d2fb203e282dfab4112e8	False	True	True	True	True	True
1747	1747.mp4	1747	ad79aced7db725ebb5d74f08a1901a4d7e77b38535781f56899fc913cd6e8758	cbe280ec0c4991b70032832c488672202f873071dd18dbc1ace13126c0a444ec	False	True	True	True	True	True
1748	1748.mp4	1748	05b17468a3c0d4912c8e92f1ef9d15400770fb23877cdbabd39ed001533d05ee	5babe07e0c9b1911753cf2ba325c93a9841611641d15fa72f7ca89ce46ce0fcf	False	True	True	True	True	True
1749	1749.mp4	1749	bb7af79f4c426616a506fd5b476f1eadc33aaf59422a1238e8179aa8b6190e53	dfae4cc233d815e9665a5115b12dd44fb6c7fe6b6bf1e470a7b7ea46a39952f0	False	True	True	True	True	True
1750	1750.mp4	1750	54de3e8e59e2cf6c09580085bf23030ef4e8dba1c4cfb1591386a50a813f6d60	74a84ee895fad5d7bfff2151b772b9814aa4c01425ecb376a05b0e2848b30c8a	False	True	True	True	True	True
1751	1751.mp4	1751	21a464a27f4d43dea2014478c1b6bd2714cc317d5284ee1dffbb1533fa03190c	c38d23fab0991df7af9cab1af890983dad4247f7b920d37935051317662fb3bf	False	True	True	True	True	True
1752	1752.mp4	1752	f9a4c006790515709c4219b01d2cbcdbde9f198f6ba4f5abfe1aa0a97f6a82ad	41429f5c1478b72fb2339bf51d657c766a18bd58d7375909732e6095d45b26b3	False	True	True	True	True	True
1753	1753.mp4	1753	b97044e98ada5a026e61037be5b2b4049a74680afc0da0ad9e6f3423da265f12	b68d3d26a8893bdcae208520375faf03b3d95c814ab56f7bf267d8cc621192af	False	True	True	True	True	True
1754	1754.mp4	1754	84f2adbd71cab35dd06813d1fec604106f3de32c534c146f53441705a6a9eac0	1836dd08ea4884d2a33833f41af5cf31e54102d9e20bbd0042ee4820f9f38179	False	True	True	True	True	True
1755	1755.mp4	1755	03d3eed6ea466c439c1875717b408fca26501dcc4ce7768c5385f01e504aa431	82702eacf17f5493711e25a0ae7993f5788f38a68c542b37c9ff75af98f03009	False	True	True	True	True	True
1756	1756.mp4	1756	44e527b70067f2739cb06d88d2ba19b615a4f265e3ef58c06bd21aa813d4c7f9	daf45d1b01ec01b3f4fcf81876eaed484efeba325dbe3fd97355de88b884ab04	False	True	True	True	True	True
1757	1757.mp4	1757	aa48b14d4c70ee99e45167f6ffd58a5789a421c45e482f29ff41b24bf0b80afc	51fae76bc7708092e2e2803d9bba9d5043fb56d37cfa0ffa78214c993057a50a	False	True	True	True	True	True
1758	1758.mp4	1758	4704632da31565fb2260351e8d75fe77436c354107ebb5888d767a12291bc3e3	c3a7ec21138550f10b5ebf792a82ccb6add07a4626e133c20b195d34d74fb773	False	True	True	True	True	True
1759	1759.mp4	1759	ff97dbcd4de1b671aef2e35422fba03241f93f145d7f837657e9e8b528123e4f	eee9cb97a6d67b20b4b208cb1776a74a5494d731f92f9f5a20113a3c263ea75a	False	True	True	True	True	True
1760	1760.mp4	1760	09f4473f482bdf8830d337b9a5af55b6622ab1de4f31787e29f74495d8b0e1a7	0bffd9cfe8d90facf60a456b99ea47ac8772b073760e4fd10e6430ff40bff9bc	False	True	True	True	True	True
1761	1761.mp4	1761	7813a11c76e15f86c36e0eabc8e651cfaacb9a654e5dd30612b8a067077bde4d	6f58d26b8b87fcddcd5bdcf7b6dffb450529e9d004f5948a4df247430c899a01	False	True	True	True	True	True
1762	1762.mp4	1762	4ea4a67074b611fac8b3dc597e727f2be1faeb05915ab83e58fcf7728e50c306	cbf3dcf019c3b8c9cbec4ba7ff7c1579748efb038f7355180e90a56224190d76	False	True	True	True	True	True
1763	1763.mp4	1763	1deed7d5d83c968383e8a5df7c058b1ddd0766d61918965b86d56cbcfd9b0e72	986a52b9cfa5b5475cecc278ed84190f077d66a660370aea05ce293f05b678a0	False	True	True	True	True	True
1764	1764.mp4	1764	1f52941a8f550747c6fbe827392c68364293cf9e680a500e562b591481b749f9	210e01257aed674f4d919246622d6fa8d5d34e367ee37bac0b1d0e6b93f8ed64	False	True	True	True	True	True
1765	1765.mp4	1765	260af3f3ee7f7e3b11d6a25e8d85b6f08aa3880dd16d766c253db833fd0dd1ce	4b58f66c75bf52f5c3ade57e7c03b1fdba1b68735f8bf53497572ef7cd085adb	False	True	True	True	True	True
1766	1766.mp4	1766	95055d89a64cf684b3b1911d76e1eeaf61a836d129c4d9ba7c083b9a1bd154f6	e80e9cc6addd8393e3b74b8a9ad90951e45302222b48cee93e4cf4b9863837d6	False	True	True	True	True	True
1767	1767.mp4	1767	b391957cab2d392bae94f9145ef6da885eed55481dc3ac5883cee957720fcf34	af879f8fbed50af5b8985e4fa1e6431373d5bad0a21f69922056f625f4fb5e79	False	True	True	True	True	True
1768	1768.mp4	1768	60b2e0ce3a08a8b6896147f2df21438e825c873d0274d637488775946ee6283e	62cada3417addf67c8a7a71cbc80070e692568499ef25d18b1d3b389b662d7a3	False	True	True	True	True	True
1769	1769.mp4	1769	b362b2e90da014c12563342ad025343033ed1cd7475b078644795b9eaffed0cb	15e83cf3d4bb33223d275125d22ec0c86f3402416a51fe86e94b031e1dbae926	False	True	True	True	True	True
1770	1770.mp4	1770	ba20a0c227251ecd599dcfd6d6b95138396723fd1a3df7858de5c6cbb21f41e8	ecc532004a85a0711da089051567b6b0c47b9620a863e35ee2d11e0ec7dd2ca8	False	True	True	True	True	True
1771	1771.mp4	1771	9e0455ee031902901cddd8e925bc4deed496f332f99b775c0c0ee72c030901e3	61d7e461c767a3476b8cf2b9cb4daa83667488edb01aa4707a638751e2168235	False	True	True	True	True	True
1772	1772.mp4	1772	578bfac80125e8762db06a840de1fd6975859ff2020bfbaf927c80e936d9a383	5934542f52904d60c4d35bf5e80260a1269a2e60ecee80aeab954157e62aea9c	False	True	True	True	True	True
1773	1773.mp4	1773	cbc1e8a7e8e5cba5b6cfd035d48c876973d1f212ade591083cc1d726297bf737	8b13a1234c71da1c52b08677e78864109db06526c49c8fcaabf831d0b2d18747	False	True	True	True	True	True
1774	1774.mp4	1774	d6a036a5595bf4e18f7173828d960278564817bfa73720a6d5026394a222f37f	68b009656409e6dec798778b1ef7239908731e851568714394288c95a20e0457	False	True	True	True	True	True
1775	1775.mp4	1775	9da9497cd8917c8c284adcfe75910bddbfe2d30e13c8a762a5ae25c42d4c6e31	71ca3c72615663b570a7224978e5cdac7a8d7d51e48761b5aab92beb5bda8eaf	False	True	True	True	True	True
1776	1776.mp4	1776	fdcf6fa204d691906e6bf7a7a747ba965fac7e204895dce095e61dfb33957cf7	fa15b90537296ed4aa890713072c3422019663b49f8e54cec9c4fe2266e5da75	False	True	True	True	True	True
1777	1777.mp4	1777	3c7b7858dade1015847360d8024e504990ca3178c3f289d35961878612cd311a	f4667c8d8b44d3e4f3e48a273131ebe60e8aaadf70d182f3b82714dd87dc9a48	False	True	True	True	True	True
1778	1778.mp4	1778	b458b88e5ba41d34b12354312b970ae7b9cd0a60c7062a393b181cf3b95dca9b	42876e7144daef31216182faf045dd101e8fcbbf2a1231422d10e98a75ca4ee0	False	True	True	True	True	True
1779	1779.mp4	1779	4d1ca0f9d3c653e2e73876b9a3e9833798e452a353475aff32350c8c5dfdef45	3b0991d50f9f89e18068c01b2e198fc30c63669e704a09e3745b04adee8582cb	False	True	True	True	True	True
1780	1780.mp4	1780	68f5dad2737a33fe6285e0f091a911e6140efabd629c176756bb54e0d2003d5a	0771c6d15d3f7c71ec81d90f177246f6a50ca839b00e3139a419ccf504f23abb	False	True	True	True	True	True
1781	1781.mp4	1781	cdf5bc9b3691b84021aa949b7cc8611f1912bb022fb01791da73bf9373e4ab7a	9f7674a991467c3bddb876b1083266f16d713681277fdcab71130e62cedd47a3	False	True	True	True	True	True
1782	1782.mp4	1782	0296e875251f834e8ca6f1352b73008771c24aa37ccf3573ee3cbc6e103a45a3	231237f7bbdda6f7b2a56e615eb113d55e0406dfe1ffeeea85fd6a3749148436	False	True	True	True	True	True
1783	1783.mp4	1783	4532e184751ee8acebe7e76b8e557cdeef1256982a8c829e44402d50ac745446	825471e194d65685afdbe99eff331085e217f658700df4d1fa129e1394a50dcf	False	True	True	True	True	True
1784	1784.mp4	1784	e76364804701d91bcbe922f34314eaf9f7565199233b69fb98e8dcff157fe511	da7e37f3beafe664c4fce6b164e387212171c71db3831aeea3218d6a2e8c525c	False	True	True	True	True	True
1785	1785.mp4	1785	56f56cdd0304482af68d4942c7863eeb93e3ea98616a414430081470f6d3e0e1	c4b835015d0d061bc9e714048e296d6574a0be3e1b85c7ae598b1f4f3c6b8f16	False	True	True	True	True	True
1786	1786.mp4	1786	671cab88df5f92b6e2d04136033e6c5e0f12204bdf469ccbee5ff8688a14033a	784d9306f55055ccc1ff7513a999563cd03a35215d5e81934bafbda3f59ef41e	False	True	True	True	True	True
1787	1787.mp4	1787	68d451203ca6028e96be1b235efa2fc355884d63f446b272b9d79d69d3b84db3	4f8ae806f1ed0ecf6d4a151d48a02895bd44b7738e8e0e4c7c344ca32e642534	False	True	True	True	True	True
1788	1788.mp4	1788	5954cce237f0a5f8921697a8cd9b4e99f509ad73b3a0a45bbff9b81aaa643761	36c462b2fd206b8eb32f09a9c4ab330ffb4129d82b2b008066d031a68356c12b	False	True	True	True	True	True
1789	1789.mp4	1789	f006d435dd8da91a94e0c8bba85e77c8f88fa56a7b0e8819edc84d3d691ef299	6019d762b6856afd788f730aab3f8d27e0e384e79a4702148194f140cbd478eb	False	True	True	True	True	True
1790	1790.mp4	1790	20789c6d202bf0a158668c2d78d8ac7cff4c0da53a5a1d516cf84d38d2d65c20	a807bd2d1db5d75b281bf764d63dff25f2d9bc7457684fed3868417a669d751d	False	True	True	True	True	True
1791	1791.mp4	1791	7e317b9386a83f86fa6845aee7a625723f6d70c91207241408d1f1cd44da45b4	d80a663240606e3ff19f7050ad32317fc8c6d46d14395ddf15d21afdc5df4fbe	False	True	True	True	True	True
1792	1792.mp4	1792	ad3ed5a06ebd537b61f57d18fdfccdf2e111fd5a8519bdf55413a15a2de37e40	e40fcf868caa41097caa3af8a895aef3f6ee5833e748a7bcd77b040563e12d53	False	True	True	True	True	True
1793	1793.mp4	1793	6382d32086e76c620aaddcca63849da56157194980b7f7f7e84fac4787ec786d	7a34ac98593bfe1f0d873f7714f2f1b4458a5cda9f0ca8a02e3f913027821a70	False	True	True	True	True	True
1794	1794.mp4	1794	286a1a1687cb82995d101b6a6264d435c0e7ca8ec0ba3de002167451af8f823c	4c7926b6017bdd6e8be796a5f941848b8d8c9c5066d2e978167338319dec25de	False	True	True	True	True	True
1795	1795.mp4	1795	d9035eda28e968c41de5a17eb2c444a05b9164afef8ec1e988fd5bcd5eebdd7a	f5105e769f68962cbe2b5df23436661d2a51ee9209157cfccebdd12f27d5f617	False	True	True	True	True	True
1796	1796.mp4	1796	1646ed9d4d9cda8a18bb5da202755a0fafb7336200152fb5ffa255d465640aaf	c2e6d7b439262772c4a4faaee61ebcde6e59de145cc9d9249740ff964b3d65c5	False	True	True	True	True	True
1797	1797.mp4	1797	9834f274ffd50ac14ccdc284e90fafe8ea9ade88e1ce57db42a8ca0e3f276d5a	78fa98320709fa02625ff64637e5700f88f2f1410e27e7b4b1a00342a61c5154	False	True	True	True	True	True
1798	1798.mp4	1798	3b266e7e10790a924cac7490ca1674117d25817ade4b144ce0ca49c00617692e	dac37e0bb7883880c8bfd962bb5905d603c18e17f3d60267dab4e4e60582fd42	False	True	True	True	True	True
1799	1799.mp4	1799	629c06d8aeac89dce6283f80dd92fb66a5a803b7d83cae125ab62776754b7eb1	8743d0fe5b8aa3426b31aa88d8d5f81b127147beecc36dff335e77238abe3a0a	False	True	True	True	True	True
1800	1800.mp4	1800	aa0c05261a6a1ad21474eb26da5c403b16c664b1abce483d52b85e53b066dc68	d04774aed184278af119744789e5008892d0f7dbbb332274dae287c08df22b9f	False	True	True	True	True	True
1801	1801.mp4	1801	33e179b98a7281bc6194c3b89b0f0d62b65a08d7d46af1f0d71ce919d50e9121	1cf738bac137d2f9df94faf53bd4a5a7c23d2dd99db8ad6e7aa2712b05161e48	False	True	True	True	True	True
1802	1802.mp4	1802	bb3c2ac9ab1e4f7553c79a999527da329936cfe9e2b143382eb335f12aeac704	2963a909fc7e1e3c4211027fbf85b5f82ff4f8e5e51b9e7a6f97ca1df39c33ea	False	True	True	True	True	True
1803	1803.mp4	1803	263b1248f27c684ab3e0afbb99284b8d89a6b8412b02e41bfe6c9598efcac751	b46f248e8ff59b3d73230f9a0a4e5a39d4c99bfbb7a429efe87480274c7c1cfb	False	True	True	True	True	True
1804	1804.mp4	1804	a9cecaa6bdf4d48d983d48479b15f5472217b5203351a5f58b991cda53124610	9bcd89830c48c3b73153349b0c0a194c8c764bc9dc5149f89bd8d2ac88541e39	False	True	True	True	True	True
1805	1805.mp4	1805	bc69ebdbe1c8f72ac928db1a2b4f3441dea6ddfd896f96b3963016c7f2621650	890fa7d8da5e254d2a4f00cfca1f56cf895f4ef80be6aa73f11eb5facec5922e	False	True	True	True	True	True
1806	1806.mp4	1806	1e2d1569305f24ea452c83d2761ab5a16f6512566b53ecd354894790bb588428	21970fe5230a3522b78a851f595f7adacd5a4c3d04a608aed5e85eef44ea8aa5	False	True	True	True	True	True
1807	1807.mp4	1807	aa14db8dbabe4d11001326e1a8c995fc5742bfd8f45f70e7a95e86124b19e8fb	5a093de8c5fa1508362fb86d310e958167e76184632ba23a858f020a43d80053	False	True	True	True	True	True
1808	1808.mp4	1808	04bd1ed50c199bd6b0f615df4977505a62454c879ace054d193f5cca17238c6e	a5be40235ba166509e92c565a05fcdff12e043a2d18b8bf70c84e324b16cafd8	False	True	True	True	True	True
1809	1809.mp4	1809	16f3571108a88738659e6d5b6746e064c411028f03f3582b27eaaa6065f34545	e17549072ac756076feb758af1e9497675aed564691c0d4727736b7517d86334	False	True	True	True	True	True
1810	1810.mp4	1810	998d6618bb493d37d9281e41b8a0799ea5d89fa76cf2e0ee3f45017f10891546	1fb9cb9f381655c437dca62a0128cca07ba5d26c4c17d8cc683a106bbfae901b	False	True	True	True	True	True
1811	1811.mp4	1811	c55a95dc65f81913cf9bbe7054550135a054ee15ce599e1fbc16cfa3f921bb8d	4eaccd268d6ecab54f216a8d79e88d81da24b7633af32dd7271738da0f45b7d4	False	True	True	True	True	True
1812	1812.mp4	1812	3e718e1b8fe7dcf5e8f7e4a0174b9ad4f230fd1c09e4e349600b9e5e32774b76	bd4f1a04b6062d53cc02019f0fafa92d1badf19e976a19a08c010bc9e48408b7	False	True	True	True	True	True
1813	1813.mp4	1813	6c078845826861a9bb50b5b5703ca215b1c9eb44acb2696fbad0fa5e01dcd2ed	1473dd7b8881a1c8918926dabe3103d1af47b11728e7b4fbc08b20271ca7322f	False	True	True	True	True	True
1814	1814.mp4	1814	82329c98a3b12e12702663f96c77b79e0fa537d3152f43d8fe5eabeb543934f2	257e904d387441915de74692947a999ed0bd6696bdf52ed387288bf0978f7df8	False	True	True	True	True	True
1815	1815.mp4	1815	4c5f060fb8907828c385b508e42e2b0f1c4e20b9012765bcfac8260729339026	b8b0ee0bb9e7a663becb91d6f56f4d7134509da3c02e7aaa6f93370d244a2a10	False	True	True	True	True	True
1816	1816.mp4	1816	09a91029be1ee5fc900dccf975f26995fac2aeb1b092c68716b0797cb31f007d	8c125519dd37358623d81a07088bee4bfa8b28af0ba527c9dd80047075999800	False	True	True	True	True	True
1817	1817.mp4	1817	9b62b2eaf73f460b118d0f4d503fa356ad8042dbae3ecabc9931f9e8ea634f69	02bcc4cd32b9b15e5bc40258dd55be59a288f713a8afb8439346ae3cde26a62d	False	True	True	True	True	True
1818	1818.mp4	1818	b14eb669fb7906b71435ee5dba5bd3a7d4c2bf8d119eade657b0ed11b6211505	16ddc3784b73a8e1d90f2b794ce6961a217484643ed4909cd4c5ffffb217d289	False	True	True	True	True	True
1819	1819.mp4	1819	ceda1cf69711f38fc0eabb4ff46bd5bf706973102169548b77a341e450c54ec5	5d98bfd34fd252555552df8ec70c7cbb0c5c0f9022847efbdb3d8a864a18081d	False	True	True	True	True	True
1820	1820.mp4	1820	b235fcac05bdd8dd7e99dee67366ce26328b85ad058312bd1ae7d29b6372f60f	762399e440ca2bc94562330657e9135e685f711a76a1da81744b1463db39028e	False	True	True	True	True	True
1821	1821.mp4	1821	45c957c168701194c7c14de015a554a259319f8880dafbc164591ec586a797b3	9a5199421e45dab33ddc2dfac3dd88168050f60826a92bc71529b2a7cdcb1991	False	True	True	True	True	True
1822	1822.mp4	1822	8fdc72b527afb39f56fab0b4fbe3009e86f3e1c9c823d4dec8f8279fe4925f59	c1896a1b942e141ecb693350ab2c4a89b79a5ac77806e7a9061e50185e759832	False	True	True	True	True	True
1823	1823.mp4	1823	f5152c58c6c1f2bf99ce7074c9bdc85bbb527bb3dbff6f81260f958d17e1b38e	47c25d8cdda40b2b6a974855e50b8e5455a4004dad9f7b1c6e2d647045c31671	False	True	True	True	True	True
1824	1824.mp4	1824	a8276efd557a2630088224a96e58814fd97a823cd2358d1fab02cd9c83c5f99b	b35cc5d0f762c9fd1ebabac85023cf5024138265dce04c4c28043af60332069e	False	True	True	True	True	True
1825	1825.mp4	1825	bdb0e98c67ad7ec246c48b03eb007b2b88d873c607313dab9ab4418abcfb9499	0cd67804bb97acae782bdacf1b79f4b347fdbc92d6347f5934605838bfaa3be3	False	True	True	True	True	True
1826	1826.mp4	1826	758e37f67324177dd7afb15112bcc720bebe603ab28c008cb576bbd5d50d0a6f	77038db3fe417aae7eed1ad55d0b06b5d58dd1d5bce56803acdaf3746a6004cf	False	True	True	True	True	True
1827	1827.mp4	1827	03149415f4587dd9026faef5fa38f351c9eb4400a6c9dcaf1fb35cc49cb8fb56	68274c6078f68544b982802462858d14a59cf0988fd004a6777f2ba2ec7a1665	False	True	True	True	True	True
1828	1828.mp4	1828	02dd0e0f50353168a0d78fa22bbba09a213f22c92db4b3053cfaf9a3cdfe0e21	200cd364e25ebf163d62c93dc51ea4774a8747618e49995bc0131cc04d67df97	False	True	True	True	True	True
1829	1829.mp4	1829	59c4eb453d2bc5af1211cb4ca2d0d95fed0da73d44c92044d76135102f44c368	8758ca5e02477e2cd673da14c2823b7c557fc8523231ba62891ba2691f43eaba	False	True	True	True	True	True
1830	1830.mp4	1830	fc9feb032b3caf1e4b5b275c0542f2d073994637bfd9f6ca287046e49310a55b	2f85a57cace5128ea9351f032337d6fbe74e953620adce5797d9d1eceed84ccf	False	True	True	True	True	True
1831	1831.mp4	1831	668d144ad0b7fd1bed10148dc2503ee561ecf5726f77a9e8c823a9bc7ec5a2ed	487e4578553124a734574f65f9585eceb4b7a0d18a168b755f1b586553c7d8a4	False	True	True	True	True	True
1832	1832.mp4	1832	d2ce30232738a65c9c9ba65e1e5e0642088b7b96c6ac925c09ed7ce28d853363	57b3298e0908a1484c380fc367d7630af718d996ee26d5a2a5cacb09e414163f	False	True	True	True	True	True
1833	1833.mp4	1833	8293d680cf40a6db63b3f9f859018d287d12166558780df145dbe320182ba75b	2810fb1f6571a0c526c26feb1c561400e5f7183960abe091c5cc0d2fa3b5c166	False	True	True	True	True	True
1834	1834.mp4	1834	8490d605a43b4c2425094f4ec25901a8cc3f7ed7054d7cc00c28db078ae90c20	50cf1e2f5f97330a29a7e370a18a9ea1544611b591eeb2eb0a986d25b6a44f10	False	True	True	True	True	True
1835	1835.mp4	1835	8023b949256c9dc3923941b8b973efaa12efd2aded4d9fea00714abe812ab9ca	1d25182ef4e4f003eadc68a8f4cacafdf3995fcce9b161a3ba862dc0fe0f97e0	False	True	True	True	True	True
1836	1836.mp4	1836	f2ca2e95dda6b2f3a82511e19b7fe28cc1f4a8a42dde6eb790671571a8f47892	a22de42c2d1635bad20cd22833d2b75efa2650ff6d878a73573e7de7e30ce11d	False	True	True	True	True	True
1837	1837.mp4	1837	fd1bab7e82b18c9dc86d57df16e8e0a16cd3f73ad955f09f005ba1cd82729618	1ed868b659e65258ddb1a5bf6f41c279d449a883f57edf1d3590f9ddbc0d7f13	False	True	True	True	True	True
1838	1838.mp4	1838	8e8661f6efdd13a4503cb9a920384618f779ed0c361f0acf094f2985b172e4dc	5a16f1ec6e7aa76db7df3cdb889f2a88af92016fdf6e8c3728fb53abc8b081a2	False	True	True	True	True	True
1839	1839.mp4	1839	aeac04bbffccab47082d4baf5e3714ad901fbceec96fae07e526178960b0b7f5	d94fe4116d3d664c5e237c67de8237d3bb42472910b52de24512e3dc340fcb37	False	True	True	True	True	True
1840	1840.mp4	1840	69b2d61e3bba7e86b930044c8a61e9b12ad7f301a172e4fad9e9a118752ca0f0	fbc2f567f564c5c171a85c716710e2238583920cff2cf36275e929b1c023801d	False	True	True	True	True	True
1841	1841.mp4	1841	c46dd45a258ee0b002bf96e3c198e3ac78820155902b92b29d57b0024b093c84	bd161f9fe8642658df6f22982dac4eb83009ccfab452853d737a1fb63ec76156	False	True	True	True	True	True
1842	1842.mp4	1842	1f2cbc42508995869b08487f0acf32b27b6f42673d9a84fa1c37087aabfe6162	73c757cc1ebddb8d863bd2c62e1fb1ce6a6b514b6935ac89afdcfabfb1ff9cd5	False	True	True	True	True	True
1843	1843.mp4	1843	4e850b2eab2bb51ee2a38b034c9804e752933ca121361a0fbe54504d0e49063d	a00e694cb4e774feeec8916bd7756868aa327c1a80bbcb2dcf212dcbbfd48fc8	False	True	True	True	True	True
1844	1844.mp4	1844	0a6b2dae08893c5d1a22f7929aed1dad72151f821fce818540564e2d6864f1c5	1ec9e09738b248611fb81719089c10963e4f1b7a966d4284d23cd36993ddf5ee	False	True	True	True	True	True
1845	1845.mp4	1845	5190b87b1b2da2f7754ee8466c1448080c1d967e8ee26a4d906942464ac327f8	ebbc3a3635aec360cda665018ee6e20f81d0f4f513b6cd950dad73b6c52945f7	False	True	True	True	True	True
1846	1846.mp4	1846	389cafedea21fa702c6b104908ac6e5b9515e3c1a6b53195543c9be3a1cb893b	a03573e02352479cf1bc89b4a8ee91bdd703cd9661d605cb478036e83626f16a	False	True	True	True	True	True
1847	1847.mp4	1847	14f7ff4d1921296eee8aab0c92d1621f2c94f29f0858e5b735919f5a3c2f3243	bf49bf72abdf3669e031dfefb2b029ece8fd9cf6ed3e001b2272b94d455c5a39	False	True	True	True	True	True
1848	1848.mp4	1848	bc0991a1522f689aaef190b0f0d67bb82f2d656cbece8f633a1cf24841ff1c5d	cf614f118e55e54c8497a102bb7e0297c5d8f502095dfc49c9989a2ee0a64061	False	True	True	True	True	True
1849	1849.mp4	1849	fb4845dd68b5980e0c7a47661c2839399709f2c7a3fd2d5fbccd4b741f3befa6	ff0965a665602dc4023ffec7beaff307985f7b524fe3fea9d62b329737d54b9f	False	True	True	True	True	True
1850	1850.mp4	1850	35a2842d3e06fdffe348d1ace09b2b00899cb9337f2095395abaa48aca9d44fc	d916ffb814df2d1067489b65c5fc23e699dae15fb3c9877f76eaeaaf1bd40215	False	True	True	True	True	True
1851	1851.mp4	1851	23e937040d34cb8a3b2fb7a2a0e9959e0ab1e05af96e940d89c18a79f2a33616	2d1c62da36a0aad226cc254ae13785b4dd12ce361ef3162de2ca44e53dad88af	False	True	True	True	True	True
1852	1852.mp4	1852	bac357163336c43da4c7f09706a7c591f75eb29dd4a91de2137d7a440844a257	9c7fb7d821efd795f63048e3f3ddc628529de6f7bb9a90e2b5eb68ddac600f81	False	True	True	True	True	True
1853	1853.mp4	1853	40185a1befd446e8ac1745b7cdb239f595218c803f6ec56903efc6914f44fce3	658e68944f5636a0fcd69a62cd254d8da6f209c525b5361fc54dae77ad3c563c	False	True	True	True	True	True
1854	1854.mp4	1854	c5360093c53139e14bc4c904b1ab5bdbad87c72bff79c2155b9ba6c4d71b5d3d	bcffffc78d3f92d5f18b59142cc140f690021ecdefb965f6421c22f08d36bfae	False	True	True	True	True	True
1855	1855.mp4	1855	927c63195c8ad08d27e43eef6dc996831bd1fe840512d2a752bfeaae7b07dca4	936a32b7d3507663b3ea55a81c6b8f5aef3bdc54b1c847595d541a0a8c543761	False	True	True	True	True	True
1856	1856.mp4	1856	ec276040c1e24a5182ba7668f33b694a20dbf4bf19abc903cfa63af85ae2e79f	0f89231b5b34c6931a29cd4d26782e7c21bf6c41dfc169a9c4eef8d37e0534a5	False	True	True	True	True	True
1857	1857.mp4	1857	2017ffda28c69a29db830e8604c24e5a506a3cf5105ca354d70e33f156218386	b5dbb2e0abc85cce274f4d1ca719ccb9c9db12a2f9a010f66f15fe77c5e72400	False	True	True	True	True	True
1858	1858.mp4	1858	74ac7414a51a9ebdefd32153bb558245f233989267b869c11607e538155e1dec	8c6b84cbc50719ac43ca87db906df7636965021c10783210b858747281e57055	False	True	True	True	True	True
1859	1859.mp4	1859	9db78d4708a8a151ee4ba93eadd797598b6f9ac963f4d8b432c9c7e12be7b7d0	816e18d6a544d5001226e1474a372a576be1fb48c43ee700371512a8b744aa23	False	True	True	True	True	True
1860	1860.mp4	1860	cc75c83adc7e1cbc83e6929677cede6153ad4c130ed21e66fe98245b3d1c5caf	1b0fa857c1592d7c1a91fd609354341e808ea7c9afa7ca7ad101f5203262503a	False	True	True	True	True	True
1861	1861.mp4	1861	f0a68dbab2ba7786e25dcf254742c6def46ee9975bae3af7a472d695e983de89	50019f7925eadf248883983f502c11eba0d90a0caf20b2ff97308d5c02138157	False	True	True	True	True	True
1862	1862.mp4	1862	4df3d7c528cf80643a1481ce1b51092bbfd03ee0cbd1eda1df922a1787b86266	51d03f7f229e9c930f2ab9fd0fd537ffc7bcbefa48f618a3ff7b94fdd3a19aa7	False	True	True	True	True	True
1863	1863.mp4	1863	700fade9f690c6561631dc5c8dd9c633e41a4bd93a00bff83d7a2607055bb636	99cd996fa893fc9eba88411f937aef0d500f8851bca351495dc1a25a3fd0c403	False	True	True	True	True	True
1864	1864.mp4	1864	a016f7ca65e033acef7cee4c6341c4c5e95fd1b5b9ee91514f2a2073d081d157	1f7d5f2f50c779c81e811e9054c9515b68c54bf84ce6c85d4cdb4d5fc0d274df	False	True	True	True	True	True
1865	1865.mp4	1865	e586434e250213636deb3193917364a782fa9487ec28ae3b695424fd33b4add5	a3cb159d60a0bc43e98ef5be41d01e1aa23ba948b7a02e3791a12602428b8b87	False	True	True	True	True	True
1866	1866.mp4	1866	a32281533dc6b3f5b11d66d1b1cc6eaff3af974600a9af7407e5a62ac61859e2	94a7fc9ca7d55c156eb96d9b022959801eb3cd9b139fc262c1522bb1e7730c78	False	True	True	True	True	True
1867	1867.mp4	1867	57c4e9d1db4045c96da97e61cc511f376745dc672a110a6141159b252d1da122	fad23df70e0db09febb28034c10b07c7d2574fcf22feb7c7e3cbb739f9b95cf7	False	True	True	True	True	True
1868	1868.mp4	1868	8ae4220b4306e6d3d19efafd03b406f2f4d29c8810b92f557a7e25ec189182b2	9ea86deb07b3b591fef4fe64678cf98c810258f2c44e87f03e3b21c2a1b3e56e	False	True	True	True	True	True
1869	1869.mp4	1869	b8b68c5f8865550633faf85c32540f808f7c3991944f9451c89591f3c0c2a6d5	6bce4eb5a0c4341bcedffcfcfa1c2a659e4161d2c09e2e1a2e65c6fa117e1ce1	False	True	True	True	True	True
1870	1870.mp4	1870	45ce1466ef9e29eff10ff72ac4e2d1d4b6d995df78e6e8805dd2747a2c21685c	f227a02c9f88b7e5a681c71cf8807a7f13960835b44c8538c14b7b7d6e1f952c	False	True	True	True	True	True
1871	1871.mp4	1871	8ce373ef4bf24caba87dbdff1e628acf4a23139a7a2034a563daefd06ad88c12	088df109c3a87cd0171cbbaca4b29266f9120aae3a733f5d195947bcaecad7f0	False	True	True	True	True	True
1872	1872.mp4	1872	fb603378731208f6184f1347f2624f211bda047cb8439a400a9662bf669951ba	a01bd51e1dbb649b1369bfdcba5ca136280adccb9229a0405e9fb29d02bef464	False	True	True	True	True	True
1873	1873.mp4	1873	87a79ba1d0161b621072a473ecf99a86349efd7919b5748ecb4f0d5f0e5dc965	0812a75dd48566d81a8606fb504c48a0449a7c2f036bb7615791011605ae696c	False	True	True	True	True	True
1874	1874.mp4	1874	63256f852fcf880b0adc688b4a9bd7966709aa1b4e2a896885ca23c0e3657908	6cd59b96d5a7a3210df3107d4b614cd1f18ceb40682493a5fa61de8f53da5f78	False	True	True	True	True	True
1875	1875.mp4	1875	2b9b83dc58ce815c0c43a6007fd6648db25169c7b5b097522f512b2b8404d612	829c08e905189bc476979cdc091527fe5e432460f1db656e373c914354f1f099	False	True	True	True	True	True
1876	1876.mp4	1876	354f096b1ea56c37a5e6e7ddc41b579747a886233f7f0297c97ae21f14f90621	db3eab6d968353748405d3f63d5f11d2870423b18bdd5d3cd51fc553f85edd45	False	True	True	True	True	True
1877	1877.mp4	1877	35421047b6a8db01e0250f752554a41dc5eddc344a5c18019eb615575d00f5b7	067162c6806c381d1b23ffc229e05a4b82440859bf8a51429bcf273a6fdff327	False	True	True	True	True	True
1878	1878.mp4	1878	3ecf51913c2095943584fc67f57d5ce38a59308834afcdf131e85a0df2b9741a	05d123a42cf03df07c8d0042992dc5b29e9b3dbaf03feb3835fbec99bb5619df	False	True	True	True	True	True
1879	1879.mp4	1879	49c6162673df810d889246c5af569fee79cadd12723402dd46dbf7a67647e925	80c4ece93627ee85722903b8731336180801833eeb8ff526d34d97ba10bc7364	False	True	True	True	True	True
1880	1880.mp4	1880	830d9726992c0ac9e5cc0bc08a28cbb38e50aefed8e0f49ce012f5e49515daec	01f432cc0180637b3a8004a83847d2eeebde5f7f7eb7556184ecc175bb6ca06c	False	True	True	True	True	True
1881	1881.mp4	1881	34258fbd2ec341b9e3db668c51701dd6f5dd06911bdff22e0c636858cf0081db	ad7d7587f2944408019b38228db0ac9d6b840d93fc51e07736b8a8bef7c4b5b3	False	True	True	True	True	True
1882	1882.mp4	1882	4e7f2cf173088177f6976b08e1b5c9e78e42e137297c01cc4079f0e9119204f0	b29bb3002cea810e6119ee2bdc20f6875a2efa8219ed048fe822233cab807326	False	True	True	True	True	True
1883	1883.mp4	1883	21688f7d54ecb621c607ca880080bac18ec37f3ac77a4b3aa53d71028e204de6	8564236603662c58dcb3a192a0378f685dd6a7c2168d5a64633b9018134a35b3	False	True	True	True	True	True
1884	1884.mp4	1884	eac2cf172fce35a8fa0121fae3e6737eb0f8d2418061f4fdbf3a487f92128f51	185f375f85342d033891214614cb7bd87f92d7fe22dc8616cdfd8f559a3ce41b	False	True	True	True	True	True
1885	1885.mp4	1885	14c0e52c16c075e21bf816b0cf99e23344c2e650a7a2a26fe9f66936ca6c8490	c12637dd12935f78b71f5ad4608639d01e854aaefa60c8fb79b82a8f6b6a6c80	False	True	True	True	True	True
1886	1886.mp4	1886	52e951ce4d0e72fd8bd0389c4f09dc73997e9789807b6b06f775e9c3f303192f	1afbf0261144809346b89361215cb69fbddfa29dc875b675698cbd3aa08f9731	False	True	True	True	True	True
1887	1887.mp4	1887	4917fafd1fe89e64c7fc7fc3af4e198548af29359801e4425354bcdfc369a730	2917e9b86abed97ada8e3dcb1f119513baeb72365d904edfccacaf43a02d5b30	False	True	True	True	True	True
1888	1888.mp4	1888	2a4cc2b545f9ea767dc9165a6a13333503088e928643b55d80371f46f56e4285	93d0e1d75ee82c9af51d67ab756cd4d12fdfa0462806645281a6a4c9b7847f83	False	True	True	True	True	True
1889	1889.mp4	1889	6bd3d3d31092c2dc940c559f68fcbe1717b8b0bdb29c1a4dc14d687056a7ce6d	910201f05c66a4891be606a40343621226f544bb36bc230e5e8dc9b9ccfe6214	False	True	True	True	True	True
1890	1890.mp4	1890	af51b1433f7abaafc478a247def0a9710d5ca03038fe9a46bc824ee7b88b445c	199ef2062d6851ecad85748a47bc3902d5167eb7d7bd7576ed5209e62d62c76f	False	True	True	True	True	True
1891	1891.mp4	1891	645d1b507b06c57a44fee1d6a38aecffcfaebff1f8a018f0f38ee8f6227ad501	778ccc6852d8b763fc25587d6acda084c7309b7b823a2c1f7a6d43512cfd3a68	False	True	True	True	True	True
1892	1892.mp4	1892	c193f05ec9acfcaff933f8443e3e34fd315b75d3f3130914867c5ee3f40c0573	8f327603ec9d1d89cd5c90e5594d8339616522cbeef460180fe48977be6f28f1	False	True	True	True	True	True
1893	1893.mp4	1893	bfc4a8fd1ad9547263b77f22321041fee03b9de778ed8c093153ca8150d1f3ff	708d067d9478ba6734948a4e02e5ff8387a5ef01c9c392e0e64cebde726f954b	False	True	True	True	True	True
1894	1894.mp4	1894	4bbee2e2ef9149c8d122975750fb9a56e187271d6eec94fa44b0e96df27f6f6e	ee90d4437079471eaf2fc9506df2f2db2f5b0b472a948b722bb984dfd9391b43	False	True	True	True	True	True
1895	1895.mp4	1895	3cb6370e6651488db9e2170e08fabfa03454544dd793c313077ff3ec3b6bbeb6	965d4983d089f8d1568e08e39af92d349dc02156455ffb9cfa56e41b8b752017	False	True	True	True	True	True
1896	1896.mp4	1896	95b21bfbbed4462c790f14f6949b53cb29c91aae8fd960c993cd3b2fe3c5aed4	b2820064722d77ca942268a4e437cec44e6e74b35f511d3ceb61e4b78372660d	False	True	True	True	True	True
1897	1897.mp4	1897	b43da353af15715b2cabcf615070d7e5152074c1ff375206f71caa81c05f6f89	b49bb9ce4262f851ee654b48264f3ca0faefde832b7f6523934daa48920ff6e2	False	True	True	True	True	True
1898	1898.mp4	1898	0b2e4be0833a08363de4c56418a2b66be27b091c21392040b83509b80c13d155	6b6396cacba0b2a5c279b469b50e5bf714bd74538da2c7ac50afec52b4d5f579	False	True	True	True	True	True
1899	1899.mp4	1899	1e0143f2e3bca87e81087f9137f0054f947bb6d8c6a5ec948adf5113a6c9b08e	ca95ee0b6a71b83017633c6dba486f0c77e5957a22fbb7fd0cc9eb4e13a136da	False	True	True	True	True	True
1900	1900.mp4	1900	6fd46a2079041298eb1996912397cade38195c065ffb7281815436d26746d410	38ea79276905c651ef557992241237b610afc4d35ec7dec2bd17d2e7e2eb9153	False	True	True	True	True	True
1901	1901.mp4	1901	eca1e7cbdcc920741c00be1e89174762435a3c9a97d165cce2be48109f2fd7d0	c1eeccf27090258740bc601d0ed13455049b30849d0f285a472ef2a0c231f36d	False	True	True	True	True	True
1902	1902.mp4	1902	5b558502c768d1af9e2d701c5197f34daef85c3f5fc40bfa7e6c7642ae74573f	fc0a561f1c83e7ee95b3f33af5415c5b0c1057c5208d85374bd2691774384142	False	True	True	True	True	True
1903	1903.mp4	1903	1a75d66b0b7b837850ae0ffe6b2fbb9a6bbd3b99f4630209c11442d338d1a174	9d619493bb8494298d7edede215e875cebd5f74e3d25031d21a197151f8260f7	False	True	True	True	True	True
1904	1904.mp4	1904	3b2ed031e31187d8e50da98cd10bec2024ebe1a531deb3e6fc15f9cc6d840a93	96acbc5bb15f5cf6f81e0831c9b04efed44a4036de27e49dc2f5e53b54c3acfb	False	True	True	True	True	True
1905	1905.mp4	1905	f24a2deac44cd9078805e127bad044337d9a51c9125ddcc10d09ea17efc58f89	3e687f4e1a76f8f48451c5c447da8b3ba530600c7965cdd28dbd3a90c21b508a	False	True	True	True	True	True
1906	1906.mp4	1906	36ef440f77c0eb1f646f4b4b7286ba918cbc7e4222975116e95f023f342ab66b	4584ca1f78b68e14955ef40329f6ac32895809f560f9230bb599a1b201af3fb2	False	True	True	True	True	True
1907	1907.mp4	1907	b0c2f54eef0cd71134a0bfb388d2a655cc3b1fa0a7a2a5d290c7b2ca3200d7fe	4cea0601a785c4f82561bbe2dc299a0203a8cb6691a58b5f9f69956c51e45ebd	False	True	True	True	True	True
1908	1908.mp4	1908	918e6dc9d67d6c9906e21801238f3ce7e65a2880378265c989db2e5850a963fb	8b3a682e1269fb6edd9a07a2618ef807a12a698db55525caf79c79ad51449a41	False	True	True	True	True	True
1909	1909.mp4	1909	e725416a78f9f7f3df5e49f0b9086eff015a964d330c1bc880124b2bd44d3d81	b67fe2d7aa3d36276c727977d47208dc902031087d4c035cc78b8fccaa3ec37c	False	True	True	True	True	True
1910	1910.mp4	1910	786feebb6b28d9cd6700c2b6ac348562a71a29d4a4862db3f720d42eadf0b1df	6e5db93a2bb3a0fff921e059231f36becaf2812fbccfe713713f5e73168992ed	False	True	True	True	True	True
1911	1911.mp4	1911	5cba2fd1f5a7547527dc84318a4aa7c14ed68bc0aad8a0699a6fdcaca2816948	5d19b92023b689bebd4480f4f6493be4918feb11ca3c90c922fd0dd8670cb107	False	True	True	True	True	True
1912	1912.mp4	1912	22ced919c8db363fdac35a57baad56d25814d41702ebdfec308569a57714f1fe	3fa49feb5401938cc9ea4353936d835d6ab03ce42266cde43c5991e4df3c75df	False	True	True	True	True	True
1913	1913.mp4	1913	133c9f83359cbba545bcb3fddf5e64f5804a6cb75e6cc99035fade58a3bafab4	2e1d44cb2cbea06f7fe686c338d9d8a4aea10d4ea518de3865fc65fe443e3515	False	True	True	True	True	True
1914	1914.mp4	1914	b1b51ef04d3c41a3d31800f3196f2d2f5ee5142578878d33c4e447e4078b5430	f0679f534a84ec113d956f5493fbded83b87a1ff75e96c25f5efcf420fa4e68b	False	True	True	True	True	True
1915	1915.mp4	1915	3f8947a7b4f067392b3ed1067abed5db0a80df737a386c3c3f5de842677bb654	c1d726b0c541a966e5a5805ae113b7c408abbef09692e353e112c3a5af57fe35	False	True	True	True	True	True
1916	1916.mp4	1916	e1c4cd52d37670cfdeced125d7f62b8faf75612b07550e22a8e252970f569a3e	424248e4a1a82b26287b31fd30e628e301d829d6b4be68bbd12ddf62951030f8	False	True	True	True	True	True
1917	1917.mp4	1917	f6ce5a2f71d24cf227d38a7f7e1c5fef7404f0aa1e2ea05a1acaae06b1df92f7	760984111b46a10657417da0768fef3cc1a014e422516a4689b43e5dd414144b	False	True	True	True	True	True
1918	1918.mp4	1918	265368b0c14c5269a51d7466b29e4e75b6ccad65f415d8c96fea064ef1a8a600	68044c11046bcf9a6170e0f6e76e874acc0fa07bd74aa2933184d31cbbf34eec	False	True	True	True	True	True
1919	1919.mp4	1919	0b7bcd1e2d95852aa5a059514a4a01aec7ad5e1a767d5d03ea740d6fc42326e9	5178c90926a1e4d2a62586e6b42bb2fde03b2d8fe4e6e06be152f788589c7098	False	True	True	True	True	True
1920	1920.mp4	1920	ac4153cfb7c2fc43e441b39239cc05f45d194e6f3db0994c49b53e1a149161cb	f6299563dc6a87faa9b60e4aafecae4b7232ec8e5ba7d362666fa75ab2eb0d8a	False	True	True	True	True	True
1921	1921.mp4	1921	33f6ed735ab0aece25f7c1c5b347a8bc8be0bfa089a724bdf3151566ef05c61e	fc9e89d3b0408773132442d6e33963c699ec0fb8c346f6e5ec63d17c1f894092	False	True	True	True	True	True
1922	1922.mp4	1922	d909fc0525648187c52fff5a5c9beed1be29531ad1b29b95942519e2217ceeb1	6a8aaf3b056e1e00357a5f1770ebd45649e9c1574b09f45ae2d0edfede833bf2	False	True	True	True	True	True
1923	1923.mp4	1923	ee0ebdfdf014a0cef2bfd7cd40b7d87a5052bb2b03e933e217e4bfac64a03061	8501398859188c33f4128c65e069176bc4dfc5bea36d0c9a0771624be2a84d25	False	True	True	True	True	True
1924	1924.mp4	1924	d51bd08bd72f3c698bfc00422e2cb06dfa87daeff4f2a3df7503e0b0bfe0d3ba	50d34de5d688391e53708043b24e47888a3152f76b6d9f6b0eb5b2e77cfd1a19	False	True	True	True	True	True
1925	1925.mp4	1925	e52c09c61093626b4f7a5e4e19141984801fc19622fe2fe13725bcc1222767cc	2f7c31b8f1f0aef5243d026f9ffe721e7d95c4d8ec1354dc697a992b5e8db441	False	True	True	True	True	True
1926	1926.mp4	1926	d896353abdb972c19e1668cea1368d4c4e5572baf72ce254855ac37d6dd1ee71	6d551fae75a18420a7158630e9d47b84edc7fb3380b4200eb3883ff368db7e59	False	True	True	True	True	True
1927	1927.mp4	1927	936219c2c159f8a5a2eb0d582c345b91905ffe68d941f39994af73aea9120bcc	0b20d9470d2cab40033338e9a16fd39a24dc6f7d580196709e178fa4dfbca50e	False	True	True	True	True	True
1928	1928.mp4	1928	e713dd5a6ed22c9036e7b6fe3641bb6cbaed1419b9350b266cbf8a62ff27855f	6c54ecbffbc59edffe22d2c1c2912180e0e69865a97b96f0135fc0381ba0c404	False	True	True	True	True	True
1929	1929.mp4	1929	560838c41754de13e0d3097d64d9d538ee93b71fcc6d28e8177011b1e2235be3	2a6f4c2290e066ccafca9212543ba19e0ffb42fed69bff6f842de729493b8a19	False	True	True	True	True	True
1930	1930.mp4	1930	94e1eb75e494e936585444d9626fae2135f06d805b59513610846d9f7984c3a2	01824fec023fe6dd3962ba1224be6d3f61d2158dcdf3de11b4faa3647a5ea005	False	True	True	True	True	True
1931	1931.mp4	1931	6f786bbcff10844201f0ae24b57455d08fc01cca62e4a41ad7d78dcd9b1a0ec3	77e507e5e600797b08fad03fb9515649c7d8c1d55dfcc4ef90915fca483045dc	False	True	True	True	True	True
1932	1932.mp4	1932	5a0a758536d74199fbfbc756c27a4ee7f8343a2d6e587c1ba100a1e05f30e754	6ca14f88d802f03346044da8ff698655b374c2a057d31e51ee184022627a7267	False	True	True	True	True	True
1933	1933.mp4	1933	03ec4684aa3c9a7970835e8d3728a9176b65b393c67cd396802816598f07d44d	9914dd50f2ab50270ca5a06bca101f849c6f598a13547fc57a7ff6ddb96a6f8e	False	True	True	True	True	True
1934	1934.mp4	1934	8b3feae7c496a6dc14c302a78c534922f1806c20a30ef71481aaf32d35523dd8	ad3337e207da735e79b71244bb3f8c3b09b5911c480915ad8b63250d96a84bdb	False	True	True	True	True	True
1935	1935.mp4	1935	54dd5d9d6693592111563420c48b070cab785ff02c2b373858ee1649795f4baa	ca6f95035022a22b57b8c778fc0344a86cac5dd14f64410c4f6b252f314d3a7c	False	True	True	True	True	True
1936	1936.mp4	1936	3671817ef912c5ae00be71ff659a445f436db26a5bda46526926ec03a05dc102	99ea64ff6216af12d65f69792ab8bd6c318f3bcff81f8fc96e570af1449ffd0a	False	True	True	True	True	True
1937	1937.mp4	1937	e130e0462bd6319d3812830592cc72707933a25658d5f81c62be9367f9712c43	1083ac0b83ae0a61ff13c2ea66b4a528439732ec18bee41ccc2479dc93dcca96	False	True	True	True	True	True
1938	1938.mp4	1938	9995c168b0da2f099dbeb4572f2dbd01b4c24732afa71dc078943fb25f5424cd	b8aa1bb536964503aa3f75eb7afe522bb7a9e342e3b7ac960705becda41526d7	False	True	True	True	True	True
1939	1939.mp4	1939	292f1927f755f69ee01ecf72e56f2a681a367aa5d2cb32b84aa28926c1e591c9	24e16e54152fc2da1289100b6b9846e21485c584a0afdcaf15d3250d76f92ce2	False	True	True	True	True	True
1940	1940.mp4	1940	d477b7a2c1b37176ae8388ffeea99f58b7d17f90128040e044a85f2ad21eb1b3	7b80b95fcd3ed83cab3c339ac20b51dc751f872bb41c4ec5d3a741f41d4ca548	False	True	True	True	True	True
1941	1941.mp4	1941	b709826f4bc5c866eefb0b19bec35c15ef89bf93ce6560adac0275f9f5cf154e	0fcb0f90a612bb9cc3071076368834db45bbfc1a43f2ffc91e3f047bd3e65d31	False	True	True	True	True	True
1942	1942.mp4	1942	5d06dcdacb76fc472a20e2ff9c71f82e251f0e878bc4ffbc2badd7bed710fdcd	d6a725fa5d8adde549d92a44a35bdfd6e1dc531a19d9c370d29d42c9e7f513e0	False	True	True	True	True	True
1943	1943.mp4	1943	2d0c2d7ba8e9e655a7f3eed4c93c0874ff8e208ee546cb087403423e1e7a99f3	ee8a0a580dba6b9d9ee84d2323e8c13c920b7c6b15e308e27ae4526f940667f5	False	True	True	True	True	True
1944	1944.mp4	1944	a121f9b4e68bdb212dbc2b6e910bf45ed0e6990a8888b4e8c4a6158c2b19d6cf	78b1d6f33ff7c12b3bf8bdadd5ab19ecd56dc6a96895d7152e5d2e4e0f3f8f6a	False	True	True	True	True	True
1945	1945.mp4	1945	ef25127f54c2a23e192c4716ff8a468cf6530227d12c97e78a1f60a10f0583b8	abf4a3344932e52e39639e8867673e2063b757013ef73d79cd9baee6e1c384c0	False	True	True	True	True	True
1946	1946.mp4	1946	14fe76f628d8d85e25133da640f7ff5eb3f863018c041d7efd97ca7447afcc2f	5b91a1827f3ab9f8c1649a56c10e6b1bef0d58d84b8b23df38589aaaf1e83129	False	True	True	True	True	True
1947	1947.mp4	1947	e6d05d7f83a5c29ad8b6362e0057471da306fd6fec6c2329ab5de93dd38ced74	ca49abeeacb54073eea93bc383eec18fa8c49c541c32bf0d1362660a2c4a9f30	False	True	True	True	True	True
1948	1948.mp4	1948	313ec23f5fa044159e649f08ce947bde54f0f7b9070440a779b880cacb5b4e42	bffdab44c8ba2c4936c27358ffe12b60396fd43b83f0c7c54d62de725af12631	False	True	True	True	True	True
1949	1949.mp4	1949	b36adebebc94ef672c66ebeaf1b3103d70d680702cbd5bd00912e927fd766db2	18d02be63f3fab4bbc1eb4c20e28a1c524e0be788364560ba15ee6d1a68dc6af	False	True	True	True	True	True
1950	1950.mp4	1950	f1c2c4694d29d01b70d153c775e9ea5ddf515718d1c9d2a7ca3cd6e4a338a8ef	cd767cc226d2619b8eeec58615965ccdbd59c9dd5de0471773932fce516b2f81	False	True	True	True	True	True
1951	1951.mp4	1951	7bfddee8fe1be02b90402a52e9b3222b3fbd78d689f010b38882b1f5bf1eabf4	914d68580237e82c87c9524fc481600b3fad1311702ebe554a5c7746534d7c7a	False	True	True	True	True	True
1952	1952.mp4	1952	1aeff566b234ecd885900826c5b750982a07b0f329b30f73a0459d70f79c2fc8	78cf197c4fb5ada0e1edc25df71acd04118aee892587be81fc61482a6ae4e94e	False	True	True	True	True	True
1953	1953.mp4	1953	f32fd5e8c295c1501eb2e989d0f6d3328dbc5ad576ab93c4b22de19bc8ea048a	4f82beb862301f8a69302a2141dcfae115821d3bbb73987a498a152d775b5956	False	True	True	True	True	True
1954	1954.mp4	1954	fb7b955dfdbdb33813966424bbbb24fdf84a4c2b9895057e5aa57502276b27f9	f3e449b0fde4b04679bd3cbb30204fc0e3a2625f670469ec6b1c88b3ae767d6e	False	True	True	True	True	True
1955	1955.mp4	1955	fb7745f602ebd592ac055fadf83aeb771661e7b22885fdfcba0607fffa01afc6	89e96fa704b1dec41dbcac01afd50ad297212c4e529ce81e8ebced1422eb6f88	False	True	True	True	True	True
1956	1956.mp4	1956	a0b2e8b15a680fe339f88fc74e722d3dc4c7514fae07a1da1cfe09cbcc21d2af	03eaae25382f79c4dba159054a42a0d3a3a188d02c46c28258e678bb62798eb8	False	True	True	True	True	True
1957	1957.mp4	1957	9c6d7792c576eb6ecad3076ba03c3cf960704a1b8e82decaf8f4b4d7172d22ec	d861a57911b31dbc0e56ee74218323f501d2ea40f0fee3e7bc6618e9250604d3	False	True	True	True	True	True
1958	1958.mp4	1958	a275b07d93121951e06d3ef5dcc88b2e98d6e50c5644eb7e22a0f16ab835eb0d	890f68dd9d1d43b2d43e53105d1bc47036a6a4de252feeeb5308e1ef8568d139	False	True	True	True	True	True
1959	1959.mp4	1959	7390128b483c115059029af6459b8fa9f8957d976deaad45541ae320422f3dcb	4e524ad26d2646c03d34ece87137c8e9810f0873b2a1830883b0060586e9a512	False	True	True	True	True	True
1960	1960.mp4	1960	2ed5da4a04329d3a5160ae2cc0782b59a998b087c42c31bb3fd136dda76b2857	861538d2a41e1d0d9c08cc34d5490d64b6e9b35b0adffaa99ed384ce865b65b0	False	True	True	True	True	True
1961	1961.mp4	1961	d9916a52dd6018587bd3bfdff43a894d4d68f6ab170c1d63b040860190c1a821	cf9c452d06c49532d27523f5101982b3e41e3bac13469711448477ed6c6eeeac	False	True	True	True	True	True
1962	1962.mp4	1962	fa3d5c036ad417e232b31eab949f0e821c47cac7ab218666d912583425f2f621	71111d9daf72ac06cc4c341e80cadcbf7e423c73f55ba5d6fc542d0ad7565297	False	True	True	True	True	True
1963	1963.mp4	1963	820301780abc3636a5e572d65bdc1218a747e26862b09ef60eaae2b4b792b64e	96900260c4d26c26c67cb6b82e3d1d47bbe3903edfd2dbc718ac7878f7a90067	False	True	True	True	True	True
1964	1964.mp4	1964	3b4fece7f8795c98bf22464ba126f4709a8d40b504e87da2e7c60ab5edb84dd8	5ee400a5b75c4df24f66f655fbf832110d974ee31e0db2d209295dcad50459ea	False	True	True	True	True	True
1965	1965.mp4	1965	975b01664c2d4600de679c03774a169003e2353eca6089a167a27633ba7d7311	9dfd826bb2432027e5676004cf800152baf7a5da974057bf0c409321b1829dd3	False	True	True	True	True	True
1966	1966.mp4	1966	9445bbce8ae55322a28ba1c6367f1eaaf6d191c15b70b66264346f3d6b412494	2359689e26ab604bb7d19a2c2d97ff0a4619240e6200fedf9db6cf7db5a001f5	False	True	True	True	True	True
1967	1967.mp4	1967	644c21de7c0e7eca68117295d536ccc234911b47b5d85a054e131a3c978df908	679a5117e3dcf2e9309ca974c43be52ea38568a1303d2a08781d1d47c5c297b2	False	True	True	True	True	True
1968	1968.mp4	1968	8d7da4aa9cffa6ca2ff2e890df10824d389c78901efb5a094e90cf7dc97892c6	ebd7c424a48d1476f02ab3ebf349a9652a898187f0d46b3ee02531a9f5081078	False	True	True	True	True	True
1969	1969.mp4	1969	0e9e06a5fa9b343ef3901fc4c8258506d6a4aab8e522100f5724cdc002f257f4	d2125f3ebc131a35afe48ccad6ceca2bd8ae4a00925d7176819ba69a0333407f	False	True	True	True	True	True
1970	1970.mp4	1970	d188cd65e4a9d5dc76c3b453001191fe8551178b4a3b196a91522516bcac8022	62aab3e9d7a1b56f4950d274dba5e03311319aef9d326a29d135fec6c784dddf	False	True	True	True	True	True
1971	1971.mp4	1971	5099b8f0b72ea744a3270632dad02224f0dc0c713fce8bf21dc6eb8b32ce996e	9e60c0e81184b37849bf6bf486b678df07810735a632cdecdb7ffea28520a20f	False	True	True	True	True	True
1972	1972.mp4	1972	71866bdb7f0837b6f8560d48ec076a521315746eb70dd4806e8ad62faa274737	3b191196d0172c6fe4d95bfe27c9a3e017fb9658288af16ec686659dd9f1cf1e	False	True	True	True	True	True
1973	1973.mp4	1973	004045a6811f759203c10262c21138bd3b30ee6fee8a1f3db1c677878d31ef47	217d15555372a4981c31cad4a51b6fcc8332164ed70211cb17ab1da22a0c55bc	False	True	True	True	True	True
1974	1974.mp4	1974	54b08b493e12018ce5a838a36675a406d4092ab629e3a05de346ff8fb737630c	403cdcf9ec7bfd654c4cc01e8fe0733e51c2a85704f6851c4a0e160376f72616	False	True	True	True	True	True
1975	1975.mp4	1975	778cf847e844f1765a572cd305dac12417008cce7f41e85b12f2717f4820a891	578f7eb2f19eee9c9d3c2f386da23c8edcefa7a675962e8c43c9b140e4542b8a	False	True	True	True	True	True
1976	1976.mp4	1976	fbd5b077ecd05117c1894b2695235c73e3bce7896b4edb20659a52ff8f93ffe4	9adc9b67d923c89c6688bc90d59962b0e71463cc1c27206fdfe6b24efed67b2a	False	True	True	True	True	True
1977	1977.mp4	1977	6d43fd008b9428c34d72841114034f7fb141e7c42290f386451486bf92038a6a	b84c460108610c62832b03ff2eaa36e8b50f034be5816d73bc777b6a655cc72c	False	True	True	True	True	True
1978	1978.mp4	1978	e758cefafb03528d7f61655f0f158ba57fd69e6833cc210cd968ab8a345cce56	33372c0b22cd0e3ef31544552f7cf468fa0c929ecfb2c325e93c957754129da6	False	True	True	True	True	True
1979	1979.mp4	1979	f23d6edf1d65942d15ee62fe9cf85ee705fa4a01a54836db5b48ccdf36b9c94a	bb29e9d5d580fdd8b37df35b9c814a53300c16496498f9d14160f32aab86e90f	False	True	True	True	True	True
1980	1980.mp4	1980	e4ea6f741f50b9e86366d638fa5c9d0c62f5a033a0ab58bcd0c858a829acf4db	ed5446973a6459b71d43b5d79d5739f40a05c8fc4afe6887331b69524ab21769	False	True	True	True	True	True
1981	1981.mp4	1981	f29ef5f0f8f13eeea030990fd2bef40b0c95fe97c964c4af745b5aa065b9978b	a8df1a012779b7fb5102267425c05dfd7b5222826f3eefe4c3b812f5a1ff6401	False	True	True	True	True	True
1982	1982.mp4	1982	5d9f2054d83281c7d3392928760add385af69175fe333adf538dbd3beb0a3fb6	f6deb1da0795f75757c71f287a994d189f39c4a2f0c3e82c24833bc3b1d74bef	False	True	True	True	True	True
1983	1983.mp4	1983	4982c6c322b962ab0775b4fe1bab080dae8fc485185c12dc6b079e7ae9e8812f	4778cdf67ae300e189ae9b9a456cd657d2e5f5cb2d708ca54ee219a260ddb5cf	False	True	True	True	True	True
1984	1984.mp4	1984	169edb818eeb48ba18d7ed73ce7d7609e5eaa1a079ce269d317a091ea7dcaa8f	fb40ed262751daee6d0fe441f814fbc3f0792f90051fc8ba492b0337d88950b3	False	True	True	True	True	True
1985	1985.mp4	1985	0e4f04b9db5dae68f1e22373b9462592e3259db420340b51970515d51a194124	10c07466b9b403cf9d46095d31c7f3eba1ddf27b7ee82fc379df721e3898ba3e	False	True	True	True	True	True
1986	1986.mp4	1986	8039137d0fa8680e09407403830f3f6754c42730ab84a896c0ca649035679e00	2c6d1dab77377c0f3a62d4badc3c201b735d9e89a5bcf8924f277435819d856a	False	True	True	True	True	True
1987	1987.mp4	1987	a04fefc46b8dbef3bd0931954983b8c2eba9db51c4e021d3d96ad4cbd64538d9	1b3f5f2976b8edb0df2c7a19d2fee1c8964453199a7f6027ee4cbf5534b46a58	False	True	True	True	True	True
1988	1988.mp4	1988	397d0b526dbef1c83b73ce986242afa6267c62e043ac4e00562dcbf0d28aaa97	db7ad2c966035074ae577ff7a4d4a3fad6280d05dfba94352da972d9c9741651	False	True	True	True	True	True
1989	1989.mp4	1989	db372c1e7f0511c245960a686723d1d75c4844e80f3547156937f97c9706623d	6249e309c096cef8d164f5a84334921dd244dafa10d3f7e9d14a3b07fb0d413e	False	True	True	True	True	True
1990	1990.mp4	1990	ad1e99be69fcbe9dc984655ccae27a8a1e3319b848a9fc91a95347450a07b3a6	92ac18391450bc897e66f31e1db8ec9b29ff47ae0f0869a5165e3c773566b05b	False	True	True	True	True	True
1991	1991.mp4	1991	f73500255ee8a0bf876d49cc715038c6acae139b71edbaefe1b6341586bf9b48	1cb76de63deaafb9b577cb28374b5e3c1101e883a46827dc155976b88826e3ab	False	True	True	True	True	True
1992	1992.mp4	1992	f075e2b8eb55c6d454539dd4a16f4096ee1eb4b5286794a074617cfbe728f7d1	8d050221c004c59d9a23c3daaa160e9f89c13cf502179bd82658c3a8711f1345	False	True	True	True	True	True
1993	1993.mp4	1993	7de78c13dd1c1851f55ea477d2861939c8d9fff0a2eeef16fa152f1f1a05af8d	68e9b84cdfe49874a064c25288ae6155d7ef4ad09926f635a3e8582f3a77903a	False	True	True	True	True	True
1994	1994.mp4	1994	888e3c961502e1eae9e5fb574d354af214675b39c880395aff32717065439e88	df6538ce20931889333fe1c62355058ed62864760ad16cf665af866685fe2c2d	False	True	True	True	True	True
1995	1995.mp4	1995	2e1ed3d7f068a5327cfc26e46ffbbd90b784980b9705fd06b413d25fd0c53693	af51b3c7f7d137fc55721c9323dbf3a3a9cd5ddb0ac2fa580df5d294aa201130	False	True	True	True	True	True
1996	1996.mp4	1996	db0c03c84ee5ec597fda84e30e0e3166654727463ced1c830adcafb0ab941ecb	0d8ba8ba6e949b754604807df7c9c8a5dda31b9c111af2006ad21921ee75d46f	False	True	True	True	True	True
1997	1997.mp4	1997	8c920cea0be7787a115276a78a1b55502f06a60e3f7a1df948f756084841b259	c0d1de1e670fa738380e99a3ff280dd7d0054336414ef3c32184e97b3f7670ed	False	True	True	True	True	True
1998	1998.mp4	1998	9627c4b60c27804af69b62cec60ca9a0793823998344e03097ff4a53fedf48d1	d84d7f3091b7ed913f94bbde752dc750984afbb01360265d3fbef5a775aee06b	False	True	True	True	True	True
1999	1999.mp4	1999	4baf80522dcc7caa2003cf19c17b6c963950e7e8cbebe40e7c5780fe48c6166b	71d76a2334233c94f43ca822d30d76b493beb64b8ca9c68773d85fa0a259b094	False	True	True	True	True	True
2000	2000.mp4	2000	f0242adf4c43e05c9fc8f4e8fae49f8605965bd4dc70b00e57209461e291bcf6	34448b19544b8463f4b37fb76021d03a3d2f437d77f082cfd819d7da1d2db0cc	False	True	True	True	True	True
2001	2001.mp4	2001	e46ee33d487e0f228cf823b321dc107a6dc85c9719b056d1b1af6dc23acf8f37	39d391bb8f0b1e473c848dd54cd04447c7811401f7f1debc178dee2966bf2fe8	False	True	True	True	True	True
2002	2002.mp4	2002	e9dab9e60c1e5b5cb04bc62fea31609f5d8596b36c5664123ed8132b832d7c07	418bf03552f2d6ec728c4444ee12a52f4b6bc087b5bd8c70de55992c8f6926c0	False	True	True	True	True	True
2003	2003.mp4	2003	14c3f68dabfdff45e234926b0b55fd8332bf952857b824a60941859e34d823f7	fa84313af80ab10046822a426ee15793d0510ef00856ab83ab37e8248019baf7	False	True	True	True	True	True
2004	2004.mp4	2004	bbd52cda6307ddad58a846c240d0895d2eee2510f31282d9744923d9e1afb28c	a8ba1c7bf2e3a24fbae3de6262ca815e71cc367ecd952bb6136730617507062b	False	True	True	True	True	True
2005	2005.mp4	2005	73d534a7873bf283b88811dc1b51c7df2f9f77f5d6d9318a8cfc704f48002ca4	d4c3b575a2e487ea0338ddbf1c6ccf0dc54d6c75ae932f659d98055f29016ff4	False	True	True	True	True	True
2006	2006.mp4	2006	164fc9ac3a32d300c6ae2be8b5a4daae916dfcf538bda0ebd20397ef6c3431a4	cfaafd43644e2f2004cfdae4d863348d2ff3319480d544900197003dbec8ef1a	False	True	True	True	True	True
2007	2007.mp4	2007	1641b2e6e7e7f5873d54b0d8cff96e40c5496546fa9aee238104b070e8399596	5336e71da0e6394d7793c26f7fa165a8ce4c120d331423fa871d6b95d8835f10	False	True	True	True	True	True
2008	2008.mp4	2008	cb84bddd2d8113e5da95c9940a4064d345eb2928c5cf90f6aa75f25e73925eb2	bcd123fe7216cf7e61bf30965b4b7e353033881f5bf9b11c998cb51e1e8d977f	False	True	True	True	True	True
2009	2009.mp4	2009	5c1aca43ce0f91f02bc4e9aaf8f8ae9d52852494bd8e307c604bff77b46b8b0d	b0d48b9a8c377ebdfad3a9db96139c3c2468114602b70f1267fb06db7dcaec3b	False	True	True	True	True	True
2010	2010.mp4	2010	e4d51e7e628650f199b24e5a0240b58ce9b68d46308bbcf391ef5b00398800e1	6a0e60c756c57862e2413793d5d1a865985f04a45495ff27390dd0832159bbc0	False	True	True	True	True	True
2011	2011.mp4	2011	fe38966e1108cedde0c6c667477b5e7a5f15f0d3dd24d7b9fd6bed0dc50e6eb7	821e24c269f96a73faa009d98cbf3501ef94071ba60f32b7b04b9af80abbed46	False	True	True	True	True	True
2012	2012.mp4	2012	58dadd0153b1404adcabbe9a3850e0231bae45fdae9c39799c50d9da11667549	de27580253dd597d5e06b9ed32446b0b64fd9913c1ed5dc3da5bce4b6f4ec480	False	True	True	True	True	True
2013	2013.mp4	2013	3dc13070244298938b3103eeb64d0e6bf1d20154832eed3c8ca24a1ffbc8160c	bcdff224c84aea28bb08c3221e639d943abe46629a5f6e5bd280466ff39d8d89	False	True	True	True	True	True
2014	2014.mp4	2014	7f256a23de8f53690e0c09339c7d0a7c71ce427b6a182791fec4a7143d7c27f0	53703f44012315bd649017c2b0dee245da04014a74bb5a4e467e01adc3c3b628	False	True	True	True	True	True
2015	2015.mp4	2015	62015cad24657ae018dfecc81777cd1bdf6145508e0adad9ac1dc912ef40e1d6	fca204282a3eba0776197bd8e1091cdd7deb97496aae66bfaec9e3a764e1bc4a	False	True	True	True	True	True
2016	2016.mp4	2016	62ec689920c8d8cc5bc4cc6006d8eed24b04075d1cae0e751ee9c21d0a22ea51	be78118d6e760b9b0b1ab0130f0ebcf6d794165dfa64c2175020363d4b3ea36b	False	True	True	True	True	True
2017	2017.mp4	2017	93ec8e4f695deb320c58b1b8246211ddf2886f1d4d340bf602f5b77ea6b2533f	339cfa38c4dc7a9d76703ee790ccfa68bc3bb19296f69ded98e194f734529bbe	False	True	True	True	True	True
2018	2018.mp4	2018	eec269b48cc8af43a033de0e59ea945487011ba7534545e823049273b64dca44	c061a87757149f5f3e2aa2ad4aa689f527d1027b684bf9bf7f5d65851e4b4f7e	False	True	True	True	True	True
2019	2019.mp4	2019	9e96da02a13eb71b23fc514074c9434bb593fb955a575d516200efa593df0106	36796fdb1a8ec4056199465648fd5def09dec523a511174bb0b5b5eec7e0172c	False	True	True	True	True	True
2020	2020.mp4	2020	7976a625edc6a443d4a802c6947697860aa5e9e228574befe5e77fdd1fb6f10d	6bd7f87c0cebbab69b22faf5a9e78bb2a256e16f77377eedbf9ae28927b09d65	False	True	True	True	True	True
2021	2021.mp4	2021	bba22f42c8196de1f9368ad2d8a52bd4c6e3ca4287475d85b15e55913c469dd8	b9832f49eb21948c1a6d2428ef142c077efe5c580072866e971a10816c35d18d	False	True	True	True	True	True
2022	2022.mp4	2022	77ad762baf8c5e7dd85db16afb5f44954b6fb60dbf4fb8782d2047f39a48885c	bd7d78f4fa49ce1d5dc5d995a36b83a0807e7167795d048407b5f69014b1a371	False	True	True	True	True	True
2023	2023.mp4	2023	d1238bafacf87efb96022f20a91858b8fd3011f9f22d8b7b8de0c122899fe2da	d0c961dffc50186b614011ae6489bdbcaf5c7cc177bc7fcc5bb644a4de18c8c1	False	True	True	True	True	True
2024	2024.mp4	2024	76ae8c34a7b7ae7a3076534fd7d73fbef8bd5ec7390f30ff08fe9090cdea6cfc	8cb5d69002659ec76188e5dd3ec9d608d9b94f9da5d742dbcd46fe65294d5f37	False	True	True	True	True	True
2025	2025.mp4	2025	580b0fde95f3f07621b293e6bf493a2a8068ac0ecac7b179e144da76c2f6031d	07550a5509b5b604b2eb320b63d61b7a627c679f6f8930b1c1edd26d186214b3	False	True	True	True	True	True
2026	2026.mp4	2026	53d26603ecdbd7063e725878dd51332c347291bb50003d6a0894e1ce67856679	62f0e1f4479838f59c7de74bb092cca8099a90de9510669a389f1335dde06308	False	True	True	True	True	True
2027	2027.mp4	2027	08a7b10c3b8aea2b09320cdb95a891940ff1c9a8e1f0e2f19e134ec5f1c682d5	661a6a1bf9a54c011d64a0f435095ceaee48c9d692f43929b26bce80ed9294df	False	True	True	True	True	True
2028	2028.mp4	2028	e4a91ace3d6109101b84795e344ed0f1d8e141138b6168719c90415e9b0213c5	cf50956a05532d46c165accd1011525235ac7a2e17459ecc1baf022aaed9d1e6	False	True	True	True	True	True
2029	2029.mp4	2029	6cd1b39c96e100f9a11648e3f9b499cf5453ad3aed5331b7679e92a601d3c200	f2caed43dcf580cbe67d3cc66961f41e06927928950a8344ea0a55e3b79b223f	False	True	True	True	True	True
2030	2030.mp4	2030	478bc0b598958c0953305b74762cbc8088ebd65cb53d57873a3a89f9970e8996	3b6ae21352705f0183a8ce2c36bebc7589d0cc21c54668dc1df653cc45282fd5	False	True	True	True	True	True
2031	2031.mp4	2031	eee57385a52fc6e1c51692de8a77e38f246d62e08c78e987d3fb28cf8cd564ef	e64132cef328bd250783aed39979446a0a9f4aa6859e285b27552745954b561d	False	True	True	True	True	True
2032	2032.mp4	2032	09c8fe2269cb913cf8ad14af853091cdc2ad90c9341446e877bacb476ce502ef	34c309ecbc2ef87ef945df3d695707e2ca256099b5897c64d03fbd796cce87f9	False	True	True	True	True	True
2033	2033.mp4	2033	3fc9a01c045b4ca8911794bc9a165e6a4cf659511ac1da6cea711e37c5b7484f	7812eac615405097ed52973f2e7414c228b4a048e22a76f4564957dec69e2e02	False	True	True	True	True	True
2034	2034.mp4	2034	47bd7d09e6e8158f696f509a882b65a767457e382a8bcb61b92eee72ef939f73	cab49f94e4b83300a8908deb56443874116677c7a9abb197c330b4007188f4df	False	True	True	True	True	True
2035	2035.mp4	2035	0ac8fe14163dd956deff03e09bc2754d2523077b9560665c6b1c92c9e9ef7dbb	b762f262b6c6aa7512866af6987313c8f0a4cccd069405d43a0e3fd4a84013a9	False	True	True	True	True	True
2036	2036.mp4	2036	b86e321e9f2343076bcd25cfde9f628d066b278e9744dd67980c370702be5863	bc77a5a49ecea8a526e6137cb5de0f92edf70306d9b21ed0803afd0d55fb2cd5	False	True	True	True	True	True
2037	2037.mp4	2037	0f2c59f5739e09ec7491b3171ad3cb68d6ba65b56e03a6a0a4afc55d6ce6187b	4431706140baa540a9ec9c2e225edadc2d4f9b335e2332cab365c07d4f64a3d9	False	True	True	True	True	True
2038	2038.mp4	2038	287af236b51c668a74457932394e2d44d7dba41cfa9413fd3c701f69e6f7d7d0	ea715453605a08e49ba60615446cf426b4b698e634d4694fa1e3a31b6a659c06	False	True	True	True	True	True
2039	2039.mp4	2039	c2a546d15a2569430d96480a4c06bbe60b3d98d8de55989b0b775878dc99d15d	aa80132bbf972752dd86dbdf51dd763d84cb7fe43e81b6bfda19500b44d89f54	False	True	True	True	True	True
2040	2040.mp4	2040	ab8bc5c200a4b1881b936ebf4fb42cf524b12cd6584038f866b4d45a6d4be4bb	741b1e43d6ca466809822fe90b4621da27a45fd4c91ea6801634f94269d564c1	False	True	True	True	True	True
2041	2041.mp4	2041	ec385cf192f97254d1b5b31fb3c6c960c5aef5d63446b6d80ea57c785cd44b2f	d0aecb597944bc06a76491ff1525fc3d2e93982ae63ae7625c6eeb7eba783354	False	True	True	True	True	True
2042	2042.mp4	2042	bcf1c506de11ef4be7cf183414cd8f86e80455e64aa20d272467a94574f115eb	0629915da27c7f46e9beda4f55cb73aca75ec9db0aed943eae8ca0a3ec024844	False	True	True	True	True	True
2043	2043.mp4	2043	8157c09c2662ec6f387531869acbce80d61f877c848a53afe60b3f94d60a1590	1cf3dd65969241a490220ee09496a1efa25778ff7f0d57d56ebf8d4762d6b541	False	True	True	True	True	True
2044	2044.mp4	2044	9d1009dde6bcf0a2ff49391523c3dc71ef740ed5ba206965f5f085affef50e9a	0f195c13f7398d643da6c7f14c8d314ab93b9e9681ec5102ce7bcc5c468111b4	False	True	True	True	True	True
2045	2045.mp4	2045	abab79f1a843433e218a86c7674797c0df4fbb11aeaf02cf6488aaf8260b4d82	6e7da35cef4e9a7c6f00d24556132f71c0beff463632b9aacba9875ec6044f68	False	True	True	True	True	True
2046	2046.mp4	2046	608741e37b17bddd0620cefeab11af3cb42fe8ac3cc3c97d1c2a5d140221118d	0050b7c0e765c6b94a13644c8ff9eb26876630069dd59de2ea2f43fcff4f9abc	False	True	True	True	True	True
2047	2047.mp4	2047	89c849358b86a5499283daba453d7113e41ba26de9b2bccc854a54e3a2133b1c	e06ea7a72e3a0d343c764596321f67743eaeaa4ee02dff55b8ad01005f96e698	False	True	True	True	True	True
2048	2048.mp4	2048	ee5d2f264fff05de2f4126dfdbbb5dfd3b20f49da5b52849ded4f9c131720ff6	dd1bd049d8a63f74dc88401ace7820661c39b9d03ca97a77bffe3cc50d3fda48	False	True	True	True	True	True
2049	2049.mp4	2049	cf7b96eab62b7147ad27b690fbdb17528025dafef2c821b04bbbc9b23b0c304b	77309f2d7d9feb9fa9d759beb773f8fbecbda9225c78e586798a9095263bcf63	False	True	True	True	True	True
2050	2050.mp4	2050	6e8e06fd1aaae3badeae9a881ab1561e052c213df67b8bcec3e318766ba6a70e	b05679064a75c102ab9d67f108c4ad91326867f67294bfe2a1f02555d1a6ca08	False	True	True	True	True	True
2051	2051.mp4	2051	989ffd0a95e8a277fdf4ed73d14d45752a6241da7233cfbd515df90f531937ab	bc4f04ebcd0a7b264332810c8fba7aac4c88588cfd3a4b23627cd8ea9e3f4a06	False	True	True	True	True	True
2052	2052.mp4	2052	ea1b2e16e65de34d082986f5f98a367845a7a71677635ac1ec5b3f9eedffad96	df7c196e21b3574443ea7c7eabe512629288756f7106a0e2e6cab1f1e776f72f	False	True	True	True	True	True
2053	2053.mp4	2053	f9f490da179f77841d674a2b560b3b8913a7c08427050e1d5791b0409db34244	4259537c10d12b826f7c39dfaff50a66532fd3bf2fb8f7f6d289b43e1e182aca	False	True	True	True	True	True
2054	2054.mp4	2054	6218f289962e84d27f82b4e79beb8968107cdd9a41617b42f088a4cb4f7037d1	1df6d808c813cf04b1e561f13f92068075d3657e4d73738d831d41e89a01a318	False	True	True	True	True	True
2055	2055.mp4	2055	3ae12431c1a49e6277a50dd6058672642e676736f06225a2ef87f8f12e0d586a	dacced1bbfcbdf75313a04e9827a36cd2760d9bad4f2c9079091ab886d859def	False	True	True	True	True	True
2056	2056.mp4	2056	7f4c6567524969605e68e7a9ffac8f2b8b3c775deb7d095a3dac2151a1cf683b	cedf0bb92f692986e72f91f923924b06425ebe4eb47a10be607abb393d3b2b3d	False	True	True	True	True	True
2057	2057.mp4	2057	d159068b77b0ef0f0934bdb2f08d6b1af5e36f4ae1e3f03887f010b299570584	cee2b5ffaeb79f1782f446abad84e786cf93c2a4cea42f514a4db956e0dd0433	False	True	True	True	True	True
2058	2058.mp4	2058	64ffeab114b329d4c96613b7b0c2f4404d0fa6e160c646250a7eea7adbd0a0c1	2f11704bf1b2901438378be0a5d40e790a41f649f8a0982377bedaf1b82a9757	False	True	True	True	True	True
2059	2059.mp4	2059	151cdc6fbee357775f288b35ec599cf2544bbc21dff3efcdde9a45278fb8404b	579b8906ccf5e82efd8d0702be552a7b09fc1cd9b21cc59fb6ff5759d7b88dd7	False	True	True	True	True	True
2060	2060.mp4	2060	73bc5d567a034b83cf7681046ce721c815dd7c4136635518abe0836a745479e9	9f99e07eae0a64eb69e6df39e4629e5f3523da6f429412ac4d454da6a5b6ffb3	False	True	True	True	True	True
2061	2061.mp4	2061	18860282468b39e2dae2002f0b87c03ef1edb13d08f4021c02a00fd365d5631e	15a017b9f0886a408dec43278856e42fd50cfb42413bf583fe9e34127083f4da	False	True	True	True	True	True
2062	2062.mp4	2062	2f294d18d421d6582467ae1af663a6bb5c97fd8aaf5f2abdf32194874a0a2abc	70a4be26ed5fc6f35aea55f5db1e8b753ed871040f682cb5e4a0d66d7310da7c	False	True	True	True	True	True
2063	2063.mp4	2063	e77848b764f5e54a2ded414fb0785d7f20e9742131954e7a9bc18576a9384597	494da6a39be178adae5bbb7798cf81ffba96249b36cdb7707e395e1699139d98	False	True	True	True	True	True
2064	2064.mp4	2064	53ee85d834f768ba553cc3086ff47d40009873ac5a2cdb20f088d2266483a601	ecf4196313c4b3b40ea58be12443275b2d508124bde62e05fbc2de2c8f08fb60	False	True	True	True	True	True
2065	2065.mp4	2065	181a038537acf01907ff16f519c30b9aad60474f2d07c0b7e34845516be36475	f6a4e8ce7e98a1530dd9e096f68955285af92734ae9e453cecf29e5c22f90c84	False	True	True	True	True	True
2066	2066.mp4	2066	6f511b8b8611ca7fc0306591a855ca21eae58ab825e5df7b72d0690c878393ab	f7e82b89afa5db8ea5a28f64443e2dcd0eab602d683f5b0c60b7aed276e54c42	False	True	True	True	True	True
2067	2067.mp4	2067	aba5d3b563f0972b0c89479a7b1f7f0a725bbd2468710977f41123c77ffff5ef	3c27561099d8c3964976bbdd986b77f5257e22fc362feabc6750dac0bfe8ccd2	False	True	True	True	True	True
2068	2068.mp4	2068	b109ff7fbd081ea4eb39bd5be5e8938acfbce9c634ff7ba9e1bf14ec75c87f99	d64e73cbac8d1341e146bdb263f8a19b9df10fd63d7a1c031e6c37ed8019bdf7	False	True	True	True	True	True
2069	2069.mp4	2069	3d06b14f414634fba7cbd49bbd4a225a0aa7f84cea580e0bc856b6abe09a7f49	3a070afc127d2f20e5f8722ea27d7185de907a1d7ecf13e28fcb3bd279c47f41	False	True	True	True	True	True
2070	2070.mp4	2070	cc929951a547d25fa42a08f84e2ebdf8b3a971293101bc8d80e102aa37ff6e36	d2b78d1e602cf053f9d53875010d380e0f00d1c2f7896377062fc1c7dec14957	False	True	True	True	True	True
2071	2071.mp4	2071	2da32de4afa3f69f49c7bd719215162ac193cb7f20acbc9427dfd4fd8d3fb741	38d44e967b44215bec2fffd12e9599c87c9ce88c8d28493288f3e8a986167371	False	True	True	True	True	True
2072	2072.mp4	2072	f86046a6393dd4015b157410b96f0950ac2cee7e1f9d7b1a0c9b06e36ae72e03	6ccaf82fd29e4338dd13e679a604af9d13419a29d5050e9d0240c3e2e8ce5309	False	True	True	True	True	True
2073	2073.mp4	2073	a16abfdbc09c1ae8758cde7bb440f1baf70aee00bebb3f6902de90b3d8daa7d5	cdbd713546c35a806141650a3697022c5c2d3f80f85d5d5e210c92865475448d	False	True	True	True	True	True
2074	2074.mp4	2074	fae440200e3bef517d8862442e98408a7cd79d808ffcc54ffb550493cfa256ec	7adb3d7ccf033551c43131f11b03d641064785ca32a7579b1fc8532aed37084f	False	True	True	True	True	True
2075	2075.mp4	2075	f5770e6c5ecce8fc7b399f81a1cf4959c53e59a1280d63f399b36ca671ca1fc6	81bf25469e774a2f3f756f5db5f98a43ef0b2546cdfa0747d5117c1a18040292	False	True	True	True	True	True
2076	2076.mp4	2076	968ab2531a05605e78f77613f6ce55ca3a99d0f918b118cbb087d1cb58353ed0	92dd358255cba2765204b1b4a137782e69869767d65115f2c2164f4319f336dd	False	True	True	True	True	True
2077	2077.mp4	2077	014b00bb886cbf26650946d5a2f908ad8aa72668b69953fafc941d653549b17b	4dc66cbdf16d73f4e7c3db9288af08fb73696353a6e1af7312428c75ab8ecf3f	False	True	True	True	True	True
2078	2078.mp4	2078	7913663ac8366d4826cf1b56f91e040ec2635e41330ae88c869153e1ddae23d4	1ba8c22ce004ecb72552a36316a9416b9a6628cc42c54067435f7fd919c28c24	False	True	True	True	True	True
2079	2079.mp4	2079	2f4d339c219ddb0ca0bc5ad97c2843505bd07440b538319971122868374e995c	ef87117be7025c61939049d533d3aec9e5820996bfdb5491f716d4b41906ce94	False	True	True	True	True	True
2080	2080.mp4	2080	dc5566b55d096ea22e1a8f406028be5735f7bb36e07cb95f5ba03f8af9b4d09f	8b680357c2ce420cbd84f07bf2b1cc638877e044d59acefdf3aa49a1b6aabf49	False	True	True	True	True	True
2081	2081.mp4	2081	cabe8e92817541280e91a47ea2d2d57a731ad1dc9ee4a600c4f59371be5c1af0	2e4be6b6ad803e852ce0437edbd7078302dc67bee42af5ef0ccc730a2b8a2df7	False	True	True	True	True	True
2082	2082.mp4	2082	e331108226cf02ae5b00ec94fa8597cc4a80d333242d9b1da81c69168ba4f35a	0089e2224c982a2b17bb23d767090c83597dcdbc66055110f33340b575fa82eb	False	True	True	True	True	True
2083	2083.mp4	2083	18b6b55a2b06e495a2eac04fe72c5e9f267dcf40b14a509973d627bcf2d33126	752190714d3da604ed9b79a080ec66091e4ca87c5e693c6db7efb3fe188f0c06	False	True	True	True	True	True
2084	2084.mp4	2084	75ea1b7566c07715cfe6ab4b9e83d80e4e97fb61dffb2748f8aa0875a21b14a0	fbdf9f8a10f8ffa05f008a5d4aeec54d26d4d44d708164944acb657a7f046fe0	False	True	True	True	True	True
2085	2085.mp4	2085	4d7fe8c49e1cc807918f7e9b55cdf2c527f2f6997898ef82a00f386ab258e6ef	a262d72108db1fc8f8d5275ad8440a4900f38d201df46efe594025085f601e05	False	True	True	True	True	True
2086	2086.mp4	2086	c565a413038f712a59f31d3a9d90c91c7a35ad556c63c120a0660e3f00cd2733	11566a4c8089ff6b16efba7684af4cdcc87ae839652141a1fbd2a63882ee95b5	False	True	True	True	True	True
2087	2087.mp4	2087	41dbce66ba8ed2ab52099fab6636eaa9d177c178bd3d6942e54d6fda86cab0f3	c53b1d7c965016dd29e6a15309af5dcc8bdd88f31e0fa102faceff9a6722035a	False	True	True	True	True	True
2088	2088.mp4	2088	11cc488878859e7a5cae6f43ae51cd3c7451117b8621740e49885fdc36afc700	a1e1828c5e7cbea866cd6c014c4e9034d4006ef893bc462c0779c9219f8adbe7	False	True	True	True	True	True
2089	2089.mp4	2089	fca191457a6f85ee83a0d3ea73903a86c04a82ae7324e2750b7b1fea4f191845	a7098215efcf52d8c4d6ad10e4cb954b7d29a62b0a33aa104238e1eca006f734	False	True	True	True	True	True
2090	2090.mp4	2090	f540307f08230cdce510a323daeacc43e16a92bbc986341292a423ff3db8d819	15ecd1507cd7b852d7472e9d769b9c743bc483ed34978a9d168c3518c5c3c1de	False	True	True	True	True	True
2091	2091.mp4	2091	1605a6015391b94930c317a5923b1e82bdefa03ebc2b8fd1497ac7eaa81e186d	1db3bb8673910c1a8c0d2d4e5f4a5828d638bc86588d8ccc342db812fb02702c	False	True	True	True	True	True
2092	2092.mp4	2092	a069a186bf95a2cd0b4feb9de67b72b264b7cc398d1d2a423cf19e2fcc51aa68	b6ee7bf12e39795fbbe0da91763d5e6b2ee71f155c38130f7ccb61a120856e70	False	True	True	True	True	True
2093	2093.mp4	2093	8a555ee3abb8ad740b15ba8c8adf984beef0aa1615f3229668495b3a78d21d78	9e3af3e29ae7f3460de587d1e07e26cd9a8c8df3a076601dc571044952e5ddfd	False	True	True	True	True	True
2094	2094.mp4	2094	d070c590514b444b8bb513d6b90d4f291436a34866c5a682fcc944f39be65624	6a248838fe4850313315f25bceeef2173abe498fa7f83e2a0f2b4a15966e18b5	False	True	True	True	True	True
2095	2095.mp4	2095	0643af3b3b9959b51d2317959b891568b0d0da03dc4d86515365695cfff00869	6ff261ceec7fb876e8ffbbfbeafbbd898d6c30849cd43f51a3787ca9f4e7f371	False	True	True	True	True	True
2096	2096.mp4	2096	c3be18c75447e4b5b67c640b283d04aef89e6b1786f68d4dfd473745617279f6	d5baffec2232d54fe2e51c03486a87b5f267b221b155a5df2387765698426b02	False	True	True	True	True	True
2097	2097.mp4	2097	c037672438eabfd708025a4d34227b6d84c07e32ad68d09833fc9e0e9c526904	b0533f30fe8b2f3d93dac9a94abc7b2b423996c62519dc01d855d1517d499a60	False	True	True	True	True	True
2098	2098.mp4	2098	94945f8deeee518fc009455a4564d0d9bb6170f3bfa361aa115998bc4952edd8	1330b866ea132ef18617ba0fddbb5afccb7b0ceb4bafa3f0f22ff4c5d86d9f92	False	True	True	True	True	True
2099	2099.mp4	2099	f1b5bce281a644b1ce6ee7e368522ef7e2158e126ebdbc4d9c2a2ab86ad2f8b4	2ff4cde97d6aeafb46ee29d50ffa352d0ededfab46fcff836e78673e412918dd	False	True	True	True	True	True
2100	2100.mp4	2100	85ee31e1ecca5f844a8fd92055fd83a6283204f4e2bf31b95e40ec6d1d5ae3ef	8d62e349351e3535dfdd8e10b8665d755f995ff749d14e9787e64f24d466b4f7	False	True	True	True	True	True
2101	2101.mp4	2101	f94d210994c7b12e578a41772011a4a2da167c47aa98beef3c958a12376f33b7	7214db11496b607992014396773ecfc0b68bd98282d07e6fa945cb892b1fb0fd	False	True	True	True	True	True
2102	2102.mp4	2102	4a2ebe097ba0beb7d9c28937f948d433f8e524dfec44f3c45baf2d49db7f7cb2	ea261f39a643ed2ce0097da22fc6ca83aa7990b4905eb1f2535e059fdee8f00d	False	True	True	True	True	True
2103	2103.mp4	2103	43aa728de5f5daa778d747d6b8b00bf23e85e15b206e4a8340de3609d4d34a6e	d20051141e9f36fec4c7425739debe98785fe88c17a678f8e1d8eb2044a2ce55	False	True	True	True	True	True
2104	2104.mp4	2104	9216d9e66cde395dbc8b523dd9f5ee9eb9f338ce087285f0f554d513d6ddf870	31ef0b8373d5dca9cd070a609a4bbda288430b2a7ccb9821273e6ecec5f7f4ca	False	True	True	True	True	True
2105	2105.mp4	2105	8513cce9c96a4e2dc839f7bb6a0f856cb4fd7646deca99eb860917dd4061fd94	037f0898e140ec7652abda8c01ea26505e90abdb8e8883f77bb77a1638f33465	False	True	True	True	True	True
2106	2106.mp4	2106	5dbaa02b5fdc923b1c70b362b38f6bada6c4570295a656320d860ee685d3b815	1e64f39bb0cbdaccf4579f94e2e4f62dd06dea6df4ad518494859baff3f869ae	False	True	True	True	True	True
2107	2107.mp4	2107	6d4e8acd46c080ae2f893f19df5b1f55aab825428966d5aadaa09a15ee694d9b	6dd430ddbde26d563c1ec37c3e6b5fdd23cef6e0ea5ea40a7c82bb190d4e9c62	False	True	True	True	True	True
2108	2108.mp4	2108	fcc60ae5bea32bf7c95ff798090aa7bdb0afacbd901761ba734fd351aeeaed7f	9d249943305e6dc03f6fec533ec0066b3af982a80abb98cc362a13c228192959	False	True	True	True	True	True
2109	2109.mp4	2109	88e913f59b061f016afa2b2f877f2f3c55a81b8c8bb66004eb645f18e8586b9d	5e1fcc4430f5ee37c6880a66a7283be48d0f75c422e80f0ac557d9cb09f549e8	False	True	True	True	True	True
2110	2110.mp4	2110	aa2f1c330a359572dc14d6c5b45f47ffc31ab33572d579046ff901c356471582	7a36cce75a85c2930088553ab3baad5ea78aff32b884dd23a4c5a275dbf8cfc3	False	True	True	True	True	True
2111	2111.mp4	2111	86c8121e2416b7ba274a271e788121e0e067eebe2229e414d201890392d3cff9	f7c0e4f40ff1a2b5a3fb529f28acdc29ba0defd14d9f2ee52684182b43532dff	False	True	True	True	True	True
2112	2112.mp4	2112	d967990fd41117ed877ac7e90f3e59a6a6af97d94871881a02a3cc546e62108d	32e90f9f59eed60cc6cd5cde3714d5358a7e3ef4c27a510c92cf9d3ec7a126f5	False	True	True	True	True	True
2113	2113.mp4	2113	060314e43bf75bee34a6246c8e4cf91b7774ecb6747dbd43c945a0cc0416d392	18635b465d9012a907435fb4fd563d8c8062c5a5a2fce22081f5ddec0fd78b5c	False	True	True	True	True	True
2114	2114.mp4	2114	e7f7b0825b77cad8c0ed87ee64eaee814cd47ed6b817765fee7da9b88ecf0048	d87d92222e928a9c7837d1a5e02a4c167aefe7e0b4f33aba91943ed474b5cb66	False	True	True	True	True	True
2115	2115.mp4	2115	a1c5cf86f39d17945032a2930a702967fed89a723154da0bfd03c2d90187894c	b77756d6ecd7a40b5e474814c725f20ffa3f4a2b834f76aa460c71ed17346ce8	False	True	True	True	True	True
2116	2116.mp4	2116	33aa0585fce4c808a30154d4be599059103df264a6f46fea7238cd15156d810e	7feafdf39396fb3e926440c643c466eb43faf1e4e0a0f09804147fd488297478	False	True	True	True	True	True
2117	2117.mp4	2117	746631949a750cd66a58a56245e400a40a68eaa9ec48e693ebd023c8dabba342	309867ca49273ca2ab2192c849db4605f27cc6e598ffc5b693aae6cc8dc2adfd	False	True	True	True	True	True
2118	2118.mp4	2118	c5d728592cc3aebf30ed7ad7e11c401b7c7f0327960653b055292c8334e31fb6	37be167f716b02b2812e4345a0e3b8ccc9df6d3e83f08613b214465f510a5815	False	True	True	True	True	True
2119	2119.mp4	2119	308624911f398f0433a1fac400757dd63172cb41cceeb877bbcd0e10d43d16d0	e14cd6902e0dd47019085f050ca97d58471f0eaf90940452a082759ea04a83f8	False	True	True	True	True	True
2120	2120.mp4	2120	7fd2400e1a50d6599d0efdebc44cb942cb6d7494a72566b6017f9fc019d2ae36	9dfb3e5587b68c7d61001a996a5c81ea7ba645515353e44f26e376040011937c	False	True	True	True	True	True
2121	2121.mp4	2121	a138175197c67bff4429bf3f03942f3d95e89f008b4af27cb8e454a547ed9b1a	ca8b04198b25a88672eb6d2d438ea788da4958dabaca060a0f513352cd26c86d	False	True	True	True	True	True
2122	2122.mp4	2122	208dc8827dd01b166d7a99f9add42da25e86a6801e0ea7014754d908e2dd55fb	5b4c28b1b3fd45d089e4e523c4ec1185cdaa67a81b13db9a15d1551fcfce339c	False	True	True	True	True	True
2123	2123.mp4	2123	d8952fe2462539b83e210389d951561bc124a328730e717f0f7da607fbec24b9	b48d394b82a1e5b01c7c9741d6ddd7c59dd75a69251ec8bb8a86aedafaa42eb1	False	True	True	True	True	True
2124	2124.mp4	2124	6f89625dcea512f9ff36ebb1359c3b80947b0d5ae40bceea48135851bb6ebfe7	e8fc0164fd17360a643e53fe4be543ae1b3a03de46f0609abb2047160ac48f57	False	True	True	True	True	True
2125	2125.mp4	2125	ec2ff212e54a5d2a945826d2840e99a7add8110f0ce00c27510f163c7d4b51d0	1645e72caf0ef78c6d22eb4a81ef95f4ea4b749edfdfb363cd7901edadb488d9	False	True	True	True	True	True
2126	2126.mp4	2126	878d97a82438bb6c00c336d3bc985c91d845494c302fc7dd731b7a8e1ab689ff	654f5311db83c62a7e772ee8d0e7b381215df5d5711f25fc2cfd316b70fc98cb	False	True	True	True	True	True
2127	2127.mp4	2127	82579b75defc3d3b63d140d5fccc850a7b9f00e6c4327281f1432deb85395470	661608869fc85cfa0575a9b9c2199efa095f36bc513c9dded0ab2777eee632d4	False	True	True	True	True	True
2128	2128.mp4	2128	80cba96cd545480ce39f25c9702e2584ee0dcbaf0f0f80ad20803426c905285f	1323e21678749cf98f04191f8dfd9f643f62c814c036633b10c7f906cade703d	False	True	True	True	True	True
2129	2129.mp4	2129	70a3f417541fed61b2ea09ec609015054769aa8999dd3ed70453e5043458b382	8c3225185e6ba37c9da836741c302aafe9c9c1a1a8df7dff0c8bf1ef7eede8b1	False	True	True	True	True	True
2130	2130.mp4	2130	1485597c673ca946727e4bbfd1fbc3dfcc4d3d0f8be6e0dd222eb2759b3544ec	0694426d3c31c4cc10af743ba5f48f1e95000ad42f66c49ad4e34575977ad3e2	False	True	True	True	True	True
2131	2131.mp4	2131	aee697842ce1168385af9bda092d9bba7948121e54f2a35b1f5f0c1d950b9d38	01f488a01f88ae5a2b135518eaf1884e4b0a751c0fc9427c3bb48921e0bb7a1c	False	True	True	True	True	True
2132	2132.mp4	2132	959698234aa8ac96579bf980bab742634ea318d77363acaf4d7b01b8b932ed40	e80f0170cb55f94441624c053defb4f32290908e3c122496c53eda702114a19b	False	True	True	True	True	True
2133	2133.mp4	2133	4152d660aa4736c783f324f9c8176951e692d57d33542bbff957c9a123db3b0c	08d6ddf89bc4b7f66a072eda9053dfb1f1a9d76e2e8d9437eefdd352cf6a2809	False	True	True	True	True	True
2134	2134.mp4	2134	acaaa42aa6c634d0dab8ad9fc978f33cd068c914065e40b414923712adb6f60d	87875e7d4cfc54b3f0a4d2372faedbc8ee303820ccb7f5c40afd44a2e4277d57	False	True	True	True	True	True
2135	2135.mp4	2135	ab171ba334d62f0f79d5ef4e9abb8c66ebc7ffbdd1df1342ae2337ed647631e6	795ad46e67a2fca51221a8f9672dc4b8639234cbc7e62334ae8380d8b804befd	False	True	True	True	True	True
2136	2136.mp4	2136	1c34efeb745688946716a29b71498f279fb1309de67c6435777affc8ec035e4d	318ebda33ee5b98bedd3b156066316f2c7ddff177afedb6a7e69fe25fdf23180	False	True	True	True	True	True
2137	2137.mp4	2137	beca8f60db99e0be2d1a946bea3708136e4452690f382d9cc20654dc9ac22eba	1b7b35597591eeff3bd4c2f4ec7eadfa483a7306da7b9bf6c74ab6ac6a1b21ce	False	True	True	True	True	True
2138	2138.mp4	2138	7a2100f3207a7106b5f3ac25a2655c7cc9920ae7404d58fb6f6098e994909662	c47ae375ee8ea23c760a208eb450f06b033a26ea6a482ad80c2ba64963da3b3c	False	True	True	True	True	True
2139	2139.mp4	2139	b5749c5dda305715e731c141c1e870c3f7e1fc91440c0642fdf368a2c47672cf	fa150fcbfdb2d2d587a70b125ce8f3fece7e8cd0b38f9d6e068bbc1d04efff59	False	True	True	True	True	True
2140	2140.mp4	2140	d6867f6dcbddc16cf0c560923fee98348fae04e6e6348f2e03ec53d866ac2997	072a741a852ebbbf35efe2f9ae995cd01fab57e13b10c8971a80cd72e43db4d7	False	True	True	True	True	True
2141	2141.mp4	2141	ec78b0f8062183c9b800ec04dd4339c7bc7de0ed23485466018832654d4aeecf	c389b4aedf100fb31be7b6b3eb6c20f6fad316f991d6d21f62c6dd976ec8e803	False	True	True	True	True	True
2142	2142.mp4	2142	8b78dfff392187ea8041d52531cbfc0112f2f69fb63d61c8779b914f00d47f55	d5e3e67da175e86028f358cb7b35cdc64919d5d4bf347c608ca6ff8235420c34	False	True	True	True	True	True
2143	2143.mp4	2143	a6a548388becca7f9fe024b939cd591d759ea95002b8e9b0ed19aa9b46c2dbad	7f3f3f962b797f1d447f8fcafa34b82467e9903bc13345f89fc442446f69d4d0	False	True	True	True	True	True
2144	2144.mp4	2144	0fa4a00c8e080d4ed6dd0d2c60567e8b709490f9fdcae81cd8d63ef35f480eda	90f79115042449df5bbb2b4b8390af91cf827369a2d10331244b0ceed6f10923	False	True	True	True	True	True
2145	2145.mp4	2145	a34e9db91b38c8ff9f62468621cc16a91546a4c3fb89ca56ed4f6f4b3285ddcb	f03d4696433089e7e4129c66af34a1ff0479668a4cc9fb6d4148680ba89dca1a	False	True	True	True	True	True
2146	2146.mp4	2146	64588a8b3e1bb983181912438bd8af4f1dfee2fc38283890521063ecf22b25ca	6394bdeecf8b560035536c05dedcceca6aa7d52eea892f81456e2effff5a8954	False	True	True	True	True	True
2147	2147.mp4	2147	be2416aebb25f395fab4037f0b463bd993db9f5f45aa50b151e01a7a33e4a8ac	cf4509a5de123292d561125b8baec59cda90cd1498d2ad1499d7d484836903bf	False	True	True	True	True	True
2148	2148.mp4	2148	64ee83542ae2ba3c162a4e78b1bce811abe16e140478bed8160dc911afa55de5	86fdc578f173fd8d0e6ee6ca410c970d7e08c399ccbced71c7ac3592da7d294e	False	True	True	True	True	True
2149	2149.mp4	2149	144d41a3adb533af7479bc330518aaa50e9f390ca16f24a765ac61c3686d6ec0	bb5a7091529067f88e857d3ad9e6f755146f69651b074d9d0e81baca714d00a1	False	True	True	True	True	True
2150	2150.mp4	2150	8a2c3823a92f9961486a7be059198ce873dca2e5fa7ef9915a5705978b90e990	594f0c7f905884b462da9ee03a4ad8d0fef5419ba889f2e3312d8dc7dbe36e4f	False	True	True	True	True	True
2151	2151.mp4	2151	3df4202fc5fda3cebff18f7f27d5cf7092b8953c909b6e5bdcd0ea2f3d28412e	0f5e9c5e1006435cfd910f66bf177989b412b7e6cd7466ecfb8a9c1cd3998717	False	True	True	True	True	True
2152	2152.mp4	2152	1b7eb2457fddccfbfa5a272ffb8acfb7d3ed9aa5c7eef4dad09103a708ae2e56	5eda2ce2110a96ed3ea23accdf46850cc104076deba3350655bffd3a7a087a84	False	True	True	True	True	True
2153	2153.mp4	2153	f1eb1c4451429e6030f5babcb58394ce82c93a4c4ccd5bc5aa3f86c3bf48cc55	f759d829ee155e1cd489a836bddbce4564ee73dc034434dfddf3c6328ba183e6	False	True	True	True	True	True
2154	2154.mp4	2154	ef5384a1702fac9da4af3c44f19ac6d4b8eba5a3fbe89fb405a8d46f80a3d8da	17140b3a3b93b8db305af65e063b0c53c8cfb87c6a483f8f6241e00af2075e87	False	True	True	True	True	True
2155	2155.mp4	2155	e2bb454987c486333052e49a020aeae6fa0c8a8d79a591ccc1528e657ab93213	9f6c4d27bfbab81e2d82ee5dbd0740327a8e4f223d1b66560855a31f3c54d821	False	True	True	True	True	True
2156	2156.mp4	2156	d09a295279b5727a2b80cb4d1575f4201ffa6fbd0dc6fb8310a6c1c2a2981ffe	c5fcbea0b17ff40313b900a93e90f72f349266992bd76a462a818a3909406abc	False	True	True	True	True	True
2157	2157.mp4	2157	c7d426dc2bde45486568c02e38833388cd1487e1ffa8e5b18e565765442c6be7	8807380bc72dba3ab6fc65a61514520af58bab067b6e01153b05ad4f8eef4d20	False	True	True	True	True	True
2158	2158.mp4	2158	453320b215f2b17aabc370a2d5aec5ec3b849dda60003ce26619f751995317df	0a0ca67afd38a2c30cde4586e7decb4430f8a897d2195a6677b3edcfda7bc6fc	False	True	True	True	True	True
2159	2159.mp4	2159	6a64bf185cbd45344be03d45516eab1f8bff16d6b30d5a9848ef86737c454f73	91dcaa5cf1bf47ebf90f748f19ac597ddbaad3d5f41b9a4300926c69f0dcfdb0	False	True	True	True	True	True
2160	2160.mp4	2160	96d6e71d7b728fc9e743a485ce16d0f33745c5263b8ab6df3fd5d60b6354bde9	0e593bdd4196b902e23d5cc6c6030d0efc813bf68c55e104a9ffd5448dc97f26	False	True	True	True	True	True
2161	2161.mp4	2161	fe708ee75ee114346b22b8eeafaf025ea621e8c3ddce5a9f2bee4712109fba53	46f9cd72b9755f5700821b275d441b67673ddc2bb36f9cc8e77bf05c899a3572	False	True	True	True	True	True
2162	2162.mp4	2162	d24189e80c8e44e6ce924c027f9f9ba402c92875ca5db492384546102b4637a1	11f80efa60ef8f3b6414792fbc5ef2b094b464a42a6cc591d175014d7e5e43b0	False	True	True	True	True	True
2163	2163.mp4	2163	9b31135c3d6af8dbe2f6c7f1cabc424fd4c2d561c63ce42ade98856672de4854	59b270a0a465d047f7141d02dbaa52b011579a23dc061e0113cd2542fd905682	False	True	True	True	True	True
2164	2164.mp4	2164	8ecae4e39ce7e21f88909ae149450b5173576b249e65cd0a9614999587f1fadc	469927e875f094110a895db13be38a9500ba084572f884e4b64b116cc0a07445	False	True	True	True	True	True
2165	2165.mp4	2165	a7ab371f38d31148320aa311ccb88f118f8b700a787b61cb20a5f8a883d99929	57711db4d990bb11be0516f5be6a8263ba0a149d148da0cbc265f3dd2171904c	False	True	True	True	True	True
2166	2166.mp4	2166	e702e0d238f06998cb46677c3761a7c4f5eb31997713d270eb751920fb872abc	f66bc326db0f865655cbcf461714bfbe78760329225a30cd88e0282270683b4e	False	True	True	True	True	True
2167	2167.mp4	2167	e4562958c7ecda5942d8deb22af6485eb270ae7900316ab4b9a99134e884dc66	24366626d7a6d8be26dcc44027827b829d82a7485843007cef56e394532817f2	False	True	True	True	True	True
2168	2168.mp4	2168	0f18579f43dd0fa9e2ef68337b702209ab9e943854c2c06f06f93dd5cf5a784b	9d64059caa3f498afeee67fa1ba20fcfb0bf850bd148659f4cf4275dd7219792	False	True	True	True	True	True
2169	2169.mp4	2169	894bbab5fbb512dfb29c926c1481f519906c9a79be6b8c6d4d87737decdbafe9	546206f0c29bdcb7f8349e8ccf30c69b930f9132d5810497051ed903893a9889	False	True	True	True	True	True
2170	2170.mp4	2170	15a02883c42b068a5b55f3604e037c817211a3882f51da6919ad3aaf0db81792	695ad39d5dd405018eac460223a3977db19d21c6a2bfc5cb0c1c6beceb4311b4	False	True	True	True	True	True
2171	2171.mp4	2171	d9656a33f8c402c3cb709efa6350029c2172c16f6919fccbbcfcb7be0d756595	c2c3019bd9c27d78285151a946b8e50065b01a8b9f28af3bb584f067079dc69c	False	True	True	True	True	True
2172	2172.mp4	2172	bb43fa424fd2d67b5815d1925f2b3ad5fad9e64ea36dd4ca983f1da71d3ac7db	6478605a3565d5425c32c941763bf3900245492dc388568d271aaecc930499ce	False	True	True	True	True	True
2173	2173.mp4	2173	8051994598fabd73c75b489eff632a358871df2a5cbc01688fb1d17a4e01139e	7e0ce4e2f214ae4260eb2856fd3bd54916d04b2b0663b63a741dd067669bf984	False	True	True	True	True	True
2174	2174.mp4	2174	7184fbeefa46e11ce8f8f8d5ac4b3863289b8144260d56d38343853fab799d0d	45f06865e70b52aebd5548fff916770c3e106964c64e05595e0512cef6afd7e2	False	True	True	True	True	True
2175	2175.mp4	2175	eb4904c6da91fba82941607bc538bb4713dce42a16315ba7db5b5f4512f1070c	81b93f40bea69e68dbf96dffedb23c188e5e378764342b66c623f2e44a7056e2	False	True	True	True	True	True
2176	2176.mp4	2176	5883b56cafa3f02248f0702015c0bae878507703eb389130f5008ae92a17fcb0	f4b0ea5263001825376d69a7dda503bc4331bb001544386b437a3c49b6def59a	False	True	True	True	True	True
2177	2177.mp4	2177	24d1bdc1aeb9505c3b2f2994681b07c7d5c071f97811e45b6610a578adf346c8	59d95d1f312925f07ecb615c491c62bfc4ece8a8919800efe6c9551af29275d5	False	True	True	True	True	True
2178	2178.mp4	2178	a147b91bfc1d69ed7c7f68e0916d6e06fa22d3f223122a810ea34e8bd581ac34	f2c10b5a13cf1e9d958f7f49215d5b6f2426774a3541766bd325ae77f284b95f	False	True	True	True	True	True
2179	2179.mp4	2179	fb2dc14e380d88ce5ad0d72e0fe820d1eeeebbac8c252128d1a7f62a81a3310e	7a7bf0501bebe26193d58c40b77a5f39321541aa9f79c6ee9ad06d2252f3fcfd	False	True	True	True	True	True
2180	2180.mp4	2180	ae06ade1b8fb36a8ae5ead41ef7c0e69b55d50235dec1ac104eba5158004b0d1	d96bf5dba7b7161d9a4ea6bd64c41f1c0cbc3e5ddd9d03caa052d92b62aa8e5a	False	True	True	True	True	True
2181	2181.mp4	2181	f4325f2206dbab720c01e387529386ec920fecdd73a95664fe5d0ebdb0bf1e3f	26e13e4da649dfaf732de6128c21132600743ac1e7563c1022aad85e9775a08c	False	True	True	True	True	True
2182	2182.mp4	2182	1c7508dc49ccd5d95d5ec241be2f395a7fe59418bb8662717b98deb6ef28d78e	db57a1879d5191661cf0345b31f922751c0cd47beec9e91313d67d7e8e61d15b	False	True	True	True	True	True
2183	2183.mp4	2183	bbe41a5d28d6a4c80d38ee07d07e1a05367f169d9fa1e80e7dbf108aabe20f67	6ad4e87d6002d4de266e34ad51d81486ae16aa49f8edc8b2fd2af003463484c4	False	True	True	True	True	True
2184	2184.mp4	2157	c7d426dc2bde45486568c02e38833388cd1487e1ffa8e5b18e565765442c6be7	8807380bc72dba3ab6fc65a61514520af58bab067b6e01153b05ad4f8eef4d20	True	True	True	True	True	True
2185	2185.mp4	2185	c4c619b8006437b45706377fefe223e350b1f4bccd5bc7d70223f9dbd63a28f2	2fe0b1d162cfdf6fc37f7c1f3be940e35f8ec26b9e388d84dec447acded6a3f6	False	True	True	True	True	True
2186	2186.mp4	1	2862399262df9e88c2e00d34500ff68c0296eebc5e90c45008ece28882f8abef	9b4e8783bffc2e5c311e34ac07e7e479d78cb5766ca37a8ca53d596ab38e793c	True	False	False	True	True	False
2187	2187.mp4	2	a52f6c1a866fff0a9397e7341bc20ebbb40ef9aef94a695f77ff26dd209effcb	d867512031ece1f3e91e91990ab226839b1ab39c114127f0e70ac96fd40c085a	True	False	False	True	True	False
2188	2188.mp4	3	7acb1cb0f47cb18bf90ac2513dcfe38c548bc5cd94e7d2171b9e9558fdc37111	423a4e408750e5e5ffa87a2fb7a65e1a6d8f4e4701f52d2ea044bf3ff5f83cad	True	False	False	True	True	False
2189	2189.mp4	4	103e5c17ffe818e5e934b81c4357b45f042f3eaa96cbf55faa2215702c1a739b	61394627652d2386bd0b29c3dcb46af5bc6ecd4ef7b91c2dacb6a876328e9234	True	False	False	True	True	False
2190	2190.mp4	5	4dbc019e04cd63ad87b26930df6311d483a1d0d0912cf37a66b2d6ae57fa1ac0	cef4ecc5aaf12347c6caa86f1cc675a8a6ef5a320a4a164cddb3f7ae13436e17	True	False	False	True	True	False
2191	2191.mp4	6	6923cf0d9afcec599f503dfe7805c594cbbef6c5f21a74b5522c7f897ddf61a3	3e9cfb34432a81324c62cb1dd75def9f92bbe1e6bc183021a0b06759f6224dbc	True	False	False	True	True	False
2192	2192.mp4	7	b5204629eb42af6a0619c461232deb90a107abb780d6140fc4cabd486e07eee5	97ee44f249cf59b39a23a2efa988e27c87c7e328f5e4d2729ab966ff870f30f4	True	False	False	True	True	False
2193	2193.mp4	8	c7492dcc47b00823a8653fcadd3bef6b31a34bae915b877695a74bba4cd79169	6c0a6996f2fb2b6156aaf8f717731a28aec4520ae9e2c1016c7061f77d90465a	True	False	False	True	True	False
2194	2194.mp4	9	6c7f9892dbe1dfde8574359af2063bf7b8b0009bd4256c92586a23b28415a353	e913b24337f754dadbd00c159c00c275778f972fb684fbd4aa7a9c0232ae4a82	True	False	False	True	True	False
2195	2195.mp4	10	fd9f7dcfb3ace1f8a98ccc7bb11bcaec87eb41df6bec0afdefc8242899e0a292	852bbf00253363c981033445338731ae69fab06e91c3c9b440b2a5595e185edd	True	False	False	True	True	False
2196	2196.mp4	11	57c71b41d7b115bff49eec1bd339ee011ff2b9cb1cf3434cb2974654656855e4	3d3a48d64d267f5d6d0ac8b082a286243656f039a93ad09d8ba0c0871208bf9b	True	False	False	True	True	False
